,instrument,avg_score,pos_ratio,real_label,error,abs_error,code,name,datetime,KMID,KLEN,KMID2,KUP,KUP2,KLOW,KLOW2,KSFT,KSFT2,OPEN0,HIGH0,LOW0,VWAP0,ROC5,ROC10,ROC20,ROC30,ROC60,MA5,MA10,MA20,MA30,MA60,STD5,STD10,STD20,STD30,STD60,BETA5,BETA10,BETA20,BETA30,BETA60,RSQR5,RSQR10,RSQR20,RSQR30,RSQR60,RESI5,RESI10,RESI20,RESI30,RESI60,MAX5,MAX10,MAX20,MAX30,MAX60,MIN5,MIN10,MIN20,MIN30,MIN60,QTLU5,QTLU10,QTLU20,QTLU30,QTLU60,QTLD5,QTLD10,QTLD20,QTLD30,QTLD60,RANK5,RANK10,RANK20,RANK30,RANK60,RSV5,RSV10,RSV20,RSV30,RSV60,IMAX5,IMAX10,IMAX20,IMAX30,IMAX60,IMIN5,IMIN10,IMIN20,IMIN30,IMIN60,IMXD5,IMXD10,IMXD20,IMXD30,IMXD60,CORR5,CORR10,CORR20,CORR30,CORR60,CORD5,CORD10,CORD20,CORD30,CORD60,CNTP5,CNTP10,CNTP20,CNTP30,CNTP60,CNTN5,CNTN10,CNTN20,CNTN30,CNTN60,CNTD5,CNTD10,CNTD20,CNTD30,CNTD60,SUMP5,SUMP10,SUMP20,SUMP30,SUMP60,SUMN5,SUMN10,SUMN20,SUMN30,SUMN60,SUMD5,SUMD10,SUMD20,SUMD30,SUMD60,VMA5,VMA10,VMA20,VMA30,VMA60,VSTD5,VSTD10,VSTD20,VSTD30,VSTD60,WVMA5,WVMA10,WVMA20,WVMA30,WVMA60,VSUMP5,VSUMP10,VSUMP20,VSUMP30,VSUMP60,VSUMN5,VSUMN10,VSUMN20,VSUMN30,VSUMN60,VSUMD5,VSUMD10,VSUMD20,VSUMD30,VSUMD60
0,SH600926,0.04496400856232652,0.875,,,,SH600926,杭州银行,2026-08-28,-0.0101432,0.014319786,-0.7083346,0.0017900284,0.12500386,0.0023865574,0.16666153,-0.009546671,-0.66667694,1.0102471,1.0120555,0.997589,1.0039737,1.0024836,0.9812599,0.99142027,0.9379093,0.9293294,1.0081735,1.0046287,0.9887221,0.9796493,0.9572741,0.0066834,0.010804823,0.018835802,0.02307767,0.035394344,-0.0016707997,0.0016133318,0.0024854974,0.0021730575,0.0011750587,0.1562406,0.20437302,0.6094337,0.6871636,0.33616403,-0.0048318184,-0.0118886,-0.0123343095,-0.0111586405,0.008061715,1.0174783,1.0193624,1.0193624,1.0193624,1.0193624,0.9939583,0.9782481,0.9552747,0.9240396,0.864446,1.0128697,1.0127795,1.0121021,1.0019417,0.98961395,1.001445,0.99963874,0.9724092,0.95926845,0.927478,0.2,0.3,0.65,0.76666665,0.8833333,0.2568739,0.5290577,0.6978755,0.79687464,0.8750133,0.4,0.5,0.75,0.8333333,0.9166667,0.8,0.1,0.45,0.1,0.28333333,-0.4,0.4,0.3,0.73333335,0.6333333,0.001311341,0.30553415,0.55442137,0.061445013,-0.17535138,0.23572434,0.50185794,0.56241614,0.36243024,0.13026741,0.4,0.5,0.5,0.56666666,0.53333336,0.4,0.4,0.45,0.4,0.41666666,0.0,0.1,0.05,0.16666667,0.11666667,0.47343013,0.60048395,0.52646214,0.6174206,0.55984694,0.5265699,0.39951605,0.4735379,0.38257936,0.44015303,-0.053139772,0.20096791,0.052924242,0.23484129,0.119693935,0.86375016,0.92019105,0.852358,0.9084067,0.9712244,0.19152276,0.19895133,0.18625513,0.19666955,0.22449628,0.6139478,0.8088725,0.86143196,0.74806845,0.81115675,0.63350224,0.56132346,0.47686112,0.5030629,0.48188537,0.36649778,0.4386765,0.5231389,0.49693707,0.5181146,0.26700443,0.12264697,-0.04627778,0.006125858,-0.036229253
1,SH601988,0.04372517212481873,0.75,,,,SH601988,中国银行,2026-08-28,0.011437985,0.022875858,0.50000244,0.006535943,0.28571358,0.0049019293,0.21428397,0.009803971,0.42857283,0.9886914,1.006462,0.9838449,0.99855435,0.9773423,0.9497856,0.97917944,0.96264535,0.933864,0.9952235,0.9840784,0.9645744,0.96719736,0.953072,0.005292654,0.014378737,0.024410285,0.021318136,0.030037565,0.001959581,0.004230917,0.0035024816,0.00077230803,0.0006111452,0.34270418,0.79366815,0.7205665,0.10171485,0.1262581,0.0008573249,-0.003117515,0.0021520362,0.021604156,0.028899178,1.0066847,1.0066847,1.0066847,1.0066847,1.0066847,0.9740486,0.9469958,0.92105556,0.92105556,0.87165743,1.0003674,0.99363136,0.99056953,0.98628294,0.97954684,0.99167174,0.97673,0.9399877,0.94819343,0.93080217,0.8,0.9,0.95,0.96666664,0.98333335,0.79517466,0.88800776,0.9219343,0.9219343,0.95049375,0.6,0.8,0.9,0.93333334,0.96666664,0.2,0.1,0.15,0.43333334,0.35,0.4,0.7,0.75,0.5,0.6166667,-0.4858335,0.42692745,-0.07110928,0.06336268,0.0254015,0.49492425,0.79652613,0.37161484,0.19875644,0.2600547,0.8,0.7,0.55,0.56666666,0.51666665,0.2,0.2,0.4,0.4,0.46666667,0.6,0.5,0.15,0.16666667,0.05,0.768116,0.8153849,0.55120474,0.55456173,0.54084724,0.23188399,0.18461506,0.44879526,0.44543827,0.4591528,0.53623205,0.63076985,0.10240947,0.10912347,0.08169445,1.1100438,1.1079655,1.1679195,1.2771726,1.3420241,0.068422385,0.26484045,0.28003833,0.37562692,0.34130898,0.5218519,0.9194232,1.0060625,0.9416168,0.8191998,0.62756044,0.52815306,0.37613034,0.4340426,0.50411457,0.37243953,0.4718469,0.62386966,0.56595737,0.49588543,0.2551209,0.056306183,-0.24773932,-0.1319148,0.008229115
2,SH601607,0.039702021978960764,0.8125,,,,SH601607,上海医药,2026-08-28,0.0067484374,0.01533744,0.43999764,0.004294501,0.28000116,0.004294501,0.28000116,0.0067484374,0.43999764,0.9932968,1.0042657,0.9890311,0.9988272,0.9866165,1.0109648,1.0274658,1.012201,0.9609782,0.9952701,0.9980704,1.0059607,1.0086733,0.98630387,0.0060341223,0.008518834,0.011338838,0.011709019,0.029002918,0.002069338,-0.0008407607,-0.0012741325,-0.00074974814,0.0011476312,0.2940185,0.08928859,0.4419368,0.31775436,0.4775525,0.0005912426,0.005713026,0.0061435145,0.002198064,-0.02015897,1.0110049,1.0207492,1.0341547,1.0390135,1.0390135,0.9768661,0.9768661,0.9768661,0.9768661,0.8959339,1.000129,1.00172,1.0172104,1.0192851,1.0135555,0.9905295,0.9905295,0.9975813,0.9996345,0.96204245,0.8,0.6,0.3,0.23333333,0.56666666,0.6776422,0.5271701,0.40381345,0.37224203,0.7273299,0.6,0.4,0.3,0.06666667,0.53333336,0.2,0.6,0.8,0.8666667,0.26666668,0.4,-0.2,-0.5,-0.8,0.26666668,0.77244234,0.113511726,0.33582565,0.51264113,0.25174016,0.57720846,0.045528535,0.326337,0.32976472,0.27004313,0.6,0.4,0.35,0.43333334,0.48333332,0.2,0.5,0.6,0.53333336,0.48333332,0.4,-0.1,-0.25,-0.1,0.0,0.71137655,0.4399999,0.41927308,0.4770569,0.5319318,0.28862348,0.5600001,0.5807269,0.52294314,0.4680682,0.42275307,-0.1200002,-0.16145381,-0.04588623,0.06386359,1.0097641,1.1582342,1.1961515,1.2471759,1.2709291,0.12821442,0.31989378,0.26643345,0.3523319,0.42810047,0.6959356,1.2732167,1.1038631,1.0134015,0.9802589,0.23710833,0.5156136,0.46184233,0.42030337,0.5093512,0.76289165,0.48438635,0.53815764,0.5796966,0.4906488,-0.5257833,0.031227289,-0.07631532,-0.15939325,0.018702403
3,SH600958,0.03886310092459245,0.75,,,,SH600958,东方证券,2026-08-28,0.001089266,0.008714642,0.124992624,0.0032680186,0.37500316,0.004357358,0.50000423,0.0021786056,0.24999368,0.9989119,1.0032644,0.9945593,0.9984051,0.9693095,0.9872123,1.0,0.9718671,0.9548167,0.9880648,0.981671,0.98930097,0.98931515,0.9905513,0.013573449,0.01308577,0.0127426945,0.012261939,0.02340783,0.008098876,0.0022992035,-0.0010108396,-0.00023593464,-1.3572852e-05,0.890039,0.28298774,0.220247,0.028692394,0.00010254625,-0.0042625708,0.007982621,0.020302005,0.014105878,0.009849079,1.0032644,1.0032644,1.0100315,1.0100315,1.0566647,0.9664254,0.96278214,0.96278214,0.9620179,0.93203044,1.0,0.9945439,1.0,1.0,1.0054561,0.97459507,0.9706735,0.97459507,0.9773232,0.97169656,0.9,0.95,0.8,0.78333336,0.675,0.9113858,0.9193608,0.7876905,0.7910697,0.54535204,1.0,1.0,0.45,0.6333333,0.2,0.2,0.5,0.75,0.16666667,0.06666667,0.8,0.5,-0.3,0.46666667,0.13333334,0.707595,0.58146423,0.57604253,0.41745389,0.64708185,0.8969469,0.3292149,0.24640214,0.077048145,0.5053615,0.8,0.6,0.5,0.5,0.5,0.0,0.3,0.4,0.43333334,0.46666667,0.8,0.3,0.1,0.06666667,0.033333335,1.0,0.5974025,0.5,0.556701,0.5319662,0.0,0.40259752,0.5,0.44329903,0.4680338,1.0,0.194805,0.0,0.11340195,0.06393244,1.157554,1.0060451,1.1215262,1.3267068,1.5441017,0.4820729,0.37941328,0.31647745,0.4428933,0.6700386,1.4552283,1.2529513,1.115448,1.1010532,1.5992136,0.57106906,0.46700683,0.42696723,0.4770439,0.49122968,0.42893097,0.5329932,0.57303274,0.52295613,0.5087703,0.14213806,-0.06598634,-0.1460655,-0.045912232,-0.017540626
4,SH601009,0.035430815375492614,0.875,,,,SH601009,南京银行,2026-08-28,-0.000862079,0.011206919,-0.07692382,0.0060344455,0.5384571,0.004310395,0.3846191,-0.0025861294,-0.23076184,1.0008628,1.0069025,0.9956859,1.0000845,1.0163484,0.9645584,1.0033412,0.9645584,0.93221956,1.0061814,1.0052148,0.9893854,0.9861774,0.9606404,0.0072288495,0.015945077,0.021187607,0.020485379,0.039661,-0.0031026164,0.0014544011,0.0022140967,0.0012733594,0.0012610902,0.4605299,0.07626523,0.38220584,0.29944408,0.30836478,2.388228e-05,-0.01175957,-0.010419333,-0.004641084,0.0021574565,1.0292901,1.0344666,1.0344666,1.0344666,1.0344666,0.992153,0.95678556,0.95678556,0.94129086,0.8497711,1.0122434,1.0163484,1.0118854,1.0056802,0.9916945,1.0006683,0.9979236,0.9688544,0.9688544,0.921957,0.2,0.3,0.6,0.6666667,0.81666666,0.2112981,0.5563055,0.5563055,0.6300898,0.81338656,0.2,0.5,0.75,0.8333333,0.9166667,0.8,0.1,0.55,0.1,0.28333333,-0.6,0.4,0.2,0.73333335,0.6333333,0.78097725,0.7385326,0.8298019,0.67030424,0.117140345,0.58884054,0.5698843,0.405905,0.3233711,0.15817419,0.2,0.5,0.4,0.5,0.55,0.6,0.4,0.55,0.43333334,0.4,-0.4,0.1,-0.15,0.06666667,0.15,0.27974248,0.6568114,0.49012703,0.5672861,0.5543645,0.7202575,0.3431886,0.509873,0.43271393,0.44563553,-0.44051504,0.31362277,-0.019745938,0.13457213,0.108728945,1.1568682,1.2377205,1.0105115,1.0219493,1.0256083,0.2168159,0.2986571,0.33924094,0.304866,0.25328732,0.87961036,0.8397015,1.0999118,1.0269487,0.945129,0.23133035,0.5691452,0.45287773,0.4847652,0.51103204,0.76866966,0.43085477,0.54712224,0.5152348,0.48896793,-0.5373393,0.13829044,-0.09424454,-0.030469624,0.022064144
5,SH600050,0.034433319751343935,0.8125,,,,SH600050,中国联通,2026-08-28,0.0,0.009345776,0.0,0.0023365084,0.25000688,0.0070092683,0.74999315,0.00467276,0.49998626,1.0,1.0023365,0.99299073,0.9972392,0.9862328,1.0137672,1.0413016,0.99499375,0.9924907,1.0025032,0.99774724,1.0083855,1.0164373,0.9975595,0.007024378,0.011573496,0.018114604,0.019138856,0.029241608,0.00062576943,0.00083437323,-0.002083431,-0.0016238313,0.0005946929,0.019840516,0.04764343,0.4629868,0.5578939,0.1261487,-0.0037547022,-0.0015019011,0.011407078,0.0071083093,-0.015102926,1.0135996,1.0181013,1.0601507,1.0601507,1.0601507,0.9831495,0.95737183,0.95737183,0.95737183,0.91765827,1.0072591,1.0067585,1.0155195,1.0325407,1.0230289,0.99849814,0.99123913,0.99849814,1.0035044,0.97196496,0.4,0.5,0.25,0.16666667,0.45833334,0.5533806,0.70193535,0.41475603,0.41475603,0.57786715,0.4,0.1,0.1,0.4,0.7,0.2,0.3,0.65,0.76666665,0.26666668,0.2,-0.2,-0.55,-0.36666667,0.43333334,0.13987115,-0.5856509,0.21627091,0.37553102,0.2096766,0.6033316,-0.46926865,-0.4248506,-0.08401896,0.07057407,0.4,0.3,0.3,0.36666667,0.41666666,0.6,0.7,0.65,0.56666666,0.51666665,-0.2,-0.4,-0.35,-0.2,-0.1,0.6896547,0.43209857,0.3907286,0.50892854,0.5071089,0.31034532,0.56790143,0.6092714,0.49107146,0.49289107,0.37930936,-0.13580287,-0.21854283,0.017857062,0.014217869,1.3486522,1.704132,1.890366,2.0994787,2.111058,0.384284,0.78460926,0.68483615,0.77544683,0.6439333,1.188289,1.3901587,1.1873345,1.3252269,1.2009066,0.4143198,0.44548163,0.42247343,0.44918823,0.48386514,0.5856802,0.55451834,0.57752657,0.55081177,0.51613486,-0.1713604,-0.109036736,-0.15505315,-0.10162355,-0.03226973
6,SH601117,0.03429199154346241,0.6875,,,,SH601117,中国化学,2026-08-28,0.009222675,0.0131752025,0.70000255,0.0013174864,0.09999743,0.0026350406,0.2,0.010540229,0.80000514,0.9908616,1.0013055,0.9882507,0.9955114,0.9823875,0.9667319,1.0097847,0.9579256,0.9696673,0.9892368,0.9830724,0.9882583,0.9898565,0.98387146,0.00841716,0.009306093,0.012449891,0.012152007,0.029036554,0.005283766,0.002804962,-0.0008754757,-0.00040815087,0.00019235056,0.9851354,0.83278084,0.17307132,0.087427326,0.013384331,0.00019568286,0.004305278,0.020058716,0.016061708,0.010454175,1.0013055,1.0013055,1.0168377,1.0168377,1.0867239,0.9742283,0.96019465,0.96019465,0.96019465,0.9201796,0.99530333,0.990998,1.0,1.0007827,1.0007827,0.9818004,0.97788644,0.9786692,0.979452,0.9618395,1.0,1.0,0.825,0.78333336,0.7916667,0.9517879,0.9682456,0.7027396,0.7027396,0.4792743,1.0,1.0,0.05,0.36666667,0.18333334,0.2,0.1,0.55,0.7,0.033333335,0.8,0.9,-0.5,-0.33333334,0.15,0.89995503,0.825763,0.73814803,0.5614294,0.45112428,0.35476094,0.099472135,0.22887242,0.26916537,0.22822699,0.8,0.8,0.55,0.6,0.55,0.2,0.2,0.45,0.4,0.45,0.6,0.6,0.1,0.2,0.1,0.8749993,0.8035712,0.4621212,0.57992566,0.5159629,0.12500072,0.19642879,0.5378788,0.4200743,0.4840371,0.74999857,0.60714245,-0.075757645,0.15985137,0.031925824,0.8284513,0.77875173,0.9061834,1.0265079,1.4465019,0.1114967,0.09547624,0.21985684,0.28237727,0.83094615,0.48714048,0.4890049,0.70354724,1.10455,1.7482599,0.8565135,0.77614886,0.46146083,0.4491806,0.49797457,0.14348651,0.22385116,0.5385392,0.5508194,0.5020254,0.713027,0.55229765,-0.07707832,-0.101638764,-0.0040508313
7,SH601838,0.034161338380170735,0.8125,,,,SH601838,成都银行,2026-08-28,-0.002665175,0.009594819,-0.2777723,0.0026652608,0.27778125,0.0042643826,0.44444644,-0.0010660528,-0.11110713,1.0026723,1.0053446,0.9957242,1.0002781,0.996773,0.96522045,0.98888487,0.9752599,0.9576909,1.0032269,0.9916099,0.97911435,0.9813792,0.96990556,0.0036476953,0.016565258,0.018222505,0.015953403,0.02804605,-0.0015776133,0.0045112297,0.0023915116,0.00044461866,0.00050203176,0.4676318,0.6798371,0.60283273,0.060196392,0.09772797,-7.170774e-05,-0.011910399,-0.0018337063,0.012173825,0.0152845085,1.0126492,1.0126492,1.0126492,1.0126492,1.0243562,0.99025947,0.9568372,0.949661,0.949661,0.88986576,1.0052348,1.0028684,1.0000718,0.9974184,0.99354607,1.0002868,0.9798494,0.9634277,0.9657942,0.9523126,0.2,0.6,0.8,0.85,0.85833335,0.43504438,0.7733602,0.7991811,0.7991811,0.8188997,0.4,0.7,0.85,0.9,0.1,0.2,0.1,0.25,0.5,0.26666668,0.2,0.6,0.6,0.4,-0.16666667,0.804303,0.1182122,0.2158625,0.17029206,0.11207715,0.69539046,0.44133407,0.36506248,-0.06074528,0.1721182,0.4,0.5,0.5,0.53333336,0.51666665,0.6,0.5,0.5,0.46666667,0.48333332,-0.2,0.0,0.0,0.06666667,0.033333335,0.5555569,0.7593596,0.5429365,0.5505126,0.53462446,0.44444314,0.2406404,0.4570635,0.4494874,0.46537554,0.11111375,0.5187192,0.085872985,0.10102524,0.06924892,1.4171778,1.5839825,1.518113,1.6357965,1.8020154,0.33547193,0.49600106,0.5082448,0.5261859,0.5119821,0.9737618,1.3271035,1.3131132,1.0182714,1.0040812,0.33499005,0.50991833,0.37918898,0.4582904,0.4803796,0.6650099,0.49008167,0.62081105,0.5417096,0.5196204,-0.3300199,0.019836675,-0.24162205,-0.08341918,-0.03924078
8,SH601398,0.03286420833308063,0.75,,,,SH601398,工商银行,2026-08-28,0.008985861,0.015404356,0.5833325,0.0051348116,0.33333504,0.0012836832,0.08333249,0.005134733,0.33332995,0.9910942,1.005089,0.9898219,0.99866086,0.98854584,0.9616534,1.0164343,0.9631474,0.9198208,1.0022908,0.9919323,0.97970617,0.9844124,0.9596448,0.004874378,0.014270056,0.019676955,0.022026077,0.03457517,-0.001792827,0.0037426075,0.0019250071,0.00019621213,0.0011752933,0.3382037,0.63053423,0.33497846,0.0061500566,0.35242257,0.0012947923,-0.0087740235,0.0020062372,0.012742556,0.005684074,1.013885,1.013885,1.0188098,1.0381248,1.0381248,0.98362446,0.95656526,0.9479877,0.94373953,0.8842474,1.0054781,1.0041833,1.0007968,1.0054781,0.9895418,0.999004,0.9859562,0.9609562,0.9616534,0.9246016,0.4,0.7,0.8,0.73333335,0.8666667,0.54115134,0.7577622,0.73440766,0.59607226,0.7522388,0.4,0.7,0.05,0.3,0.65,0.2,0.1,0.25,0.1,0.35,0.2,0.6,-0.2,0.2,0.3,-0.43027633,0.047991015,-0.11858342,0.18557033,0.0807043,-0.20961,0.3324562,0.16695316,0.31006736,0.39877972,0.8,0.6,0.45,0.5,0.5,0.2,0.3,0.45,0.43333334,0.46666667,0.6,0.3,0.0,0.06666667,0.033333335,0.6575339,0.76923066,0.45325783,0.5565749,0.55713266,0.34246612,0.23076932,0.5467422,0.4434251,0.4428673,0.3150678,0.5384614,-0.09348436,0.113149814,0.11426536,1.2373786,1.3369759,1.5348914,1.6935052,1.7330164,0.24272397,0.3270998,0.4458123,0.5118644,0.46819645,0.99911976,1.0711211,1.2841018,1.095618,0.942279,0.4694434,0.47914743,0.38303807,0.41022757,0.5028433,0.5305566,0.52085257,0.6169619,0.58977246,0.4971567,-0.061113194,-0.04170512,-0.23392384,-0.17954487,0.0056865937
9,SZ000001,0.032584283693256104,0.9375,,,,,,2026-08-28,0.009532063,0.017331004,0.55000067,0.002599686,0.15000203,0.005199254,0.29999727,0.012131631,0.69999593,0.9905579,1.0025752,0.98540777,0.9967263,0.9794003,0.9536507,0.9982834,0.9253261,0.8991689,0.9977684,0.9815461,0.97545207,0.9702163,0.9403215,0.0058087367,0.019954799,0.017246187,0.020192597,0.037311856,0.0015449671,0.0061122812,0.0012971594,0.0013330226,0.0015440154,0.17685406,0.86004937,0.19800153,0.33774766,0.52228725,-0.0008583098,-0.009051383,0.012224937,0.010454884,0.014130056,1.0085833,1.0085833,1.0085833,1.0085833,1.0085833,0.97424936,0.946784,0.946784,0.92189157,0.8575117,1.0013733,0.99588007,0.9948501,0.9948501,0.96841383,0.9943351,0.96446556,0.9646372,0.9527924,0.9028319,0.8,0.9,0.95,0.96666664,0.98333335,0.75000465,0.8611096,0.8611096,0.90099025,0.9431837,0.6,0.8,0.9,0.93333334,0.96666664,0.2,0.2,0.6,0.033333335,0.3,0.4,0.6,0.3,0.9,0.6666667,0.030346455,0.18348113,0.3037862,0.13855866,0.17182113,0.75680596,0.6937777,0.2579501,0.3890966,0.34813842,0.8,0.7,0.45,0.6,0.5833333,0.2,0.3,0.5,0.36666667,0.4,0.6,0.4,-0.05,0.23333333,0.18333334,0.7307692,0.7872339,0.5058824,0.65371025,0.59101295,0.26923078,0.21276611,0.49411765,0.34628975,0.40898705,0.46153846,0.5744678,0.011764715,0.30742046,0.18202588,1.2349027,1.239931,1.1864965,1.3844028,1.3575448,0.17726187,0.23639774,0.27997142,0.52782124,0.43201154,0.6093012,0.9210528,1.0084217,1.3406732,1.0811205,0.48503286,0.50119156,0.37968472,0.487108,0.49810445,0.51496714,0.49880844,0.6203153,0.512892,0.50189555,-0.029934311,0.0023831178,-0.24063058,-0.025784038,-0.0037910885
10,SH601456,0.03230963703336998,0.6875,,,,SH601456,国联民生,2026-08-28,0.0011235779,0.011236015,0.09999791,0.0056180465,0.5000035,0.0044943905,0.3999986,-7.8451194e-08,-6.982119e-06,0.9988777,1.0056118,0.99438834,0.99916494,0.98174006,1.0021483,1.0118153,1.0,0.9602578,0.99248123,0.9914071,1.001289,1.0022557,1.0059255,0.01001866,0.00928141,0.012802401,0.01178441,0.022863781,0.005800205,0.00041662453,-0.0015893674,-0.00063491025,-0.00034909448,0.8379294,0.018470269,0.5394284,0.22496282,0.07110329,-0.0040816385,0.0067180768,0.013810019,0.006950526,0.004372726,1.0056118,1.0056118,1.0285115,1.031811,1.0828655,0.9783265,0.9783265,0.9783265,0.9783265,0.9536071,1.0004296,1.0004296,1.013319,1.0131042,1.0174006,0.98238456,0.98174006,0.98797,0.99097747,0.98925894,0.8,0.8,0.4,0.36666667,0.40833333,0.79433066,0.79433066,0.43187174,0.40522942,0.35891613,1.0,1.0,0.1,0.06666667,0.1,0.4,0.7,0.85,0.9,0.05,0.6,0.3,-0.75,-0.8333333,0.05,0.85209924,0.5340308,0.57040346,0.63639915,0.6397787,0.8731766,0.15060858,0.19947866,0.2665905,0.49428126,0.6,0.5,0.55,0.56666666,0.53333336,0.4,0.5,0.45,0.43333334,0.45,0.2,0.0,0.1,0.13333334,0.083333336,0.86956674,0.4833332,0.45132735,0.5,0.5303776,0.13043326,0.51666677,0.5486727,0.5,0.46962234,0.7391335,-0.033333577,-0.09734531,0.0,0.060755298,1.10641,0.9820654,1.0638231,1.1254505,1.9745557,0.36932418,0.30421516,0.27088845,0.3436019,1.7570583,1.2165546,0.9017693,0.8750552,0.95039743,1.6975929,0.61166155,0.4503086,0.46455395,0.44304356,0.4898494,0.38833845,0.54969144,0.53544605,0.55695647,0.5101506,0.2233231,-0.099382825,-0.07089209,-0.113912895,-0.020301232
11,SH600221,0.03069707314455962,0.75,,,,SH600221,海航控股,2026-08-28,0.0,0.015267118,0.0,0.007633559,0.5,0.007633559,0.5,0.0,0.0,1.0,1.0076336,0.99236643,1.0007106,0.99049884,1.0071259,1.0451306,1.0071259,1.128266,0.99952495,1.0002376,1.0122328,1.0160729,1.0433887,0.005914424,0.0060764933,0.016206978,0.015186061,0.045616154,0.002612819,-0.0003886838,-0.00235565,-0.0011239719,-0.002151561,0.48790324,0.037505787,0.73941034,0.42454362,0.6785311,-0.00475058,0.0015115482,0.010145906,0.00022476052,0.0200823,1.0152671,1.0152671,1.0532695,1.0532695,1.2201525,0.9828796,0.9828796,0.9828796,0.9828796,0.9828796,1.0014251,1.0071259,1.0213777,1.0285035,1.0902613,0.99809974,0.99809974,1.0,1.0,1.0071259,0.6,0.5,0.25,0.16666667,0.09166667,0.5286105,0.5286105,0.24322292,0.24322292,0.072155066,0.6,0.3,0.1,0.4,0.11666667,0.2,0.5,0.75,0.8333333,0.9166667,0.4,-0.2,-0.65,-0.43333334,-0.8,0.39417174,-0.037939154,0.36682004,0.46234024,0.7907354,0.016202537,-0.31751993,-0.05535793,0.087853365,0.31136608,0.4,0.2,0.25,0.36666667,0.35,0.2,0.3,0.45,0.36666667,0.46666667,0.2,-0.1,-0.2,0.0,-0.11666667,0.7,0.4117647,0.31372556,0.48235303,0.39694664,0.3,0.5882353,0.6862744,0.51764697,0.60305333,0.4,-0.1764706,-0.37254888,-0.035293963,-0.20610671,1.216882,1.1907439,1.2065685,1.267159,1.66268,0.3581704,0.2761165,0.27570102,0.28497007,0.98896164,0.9321734,1.1019942,0.9290004,0.85223466,1.8330172,0.40031686,0.511197,0.4481512,0.46462688,0.4952045,0.59968317,0.48880306,0.55184877,0.53537315,0.5047955,-0.1993663,0.022393912,-0.103697576,-0.07074627,-0.009591002
12,SH600519,0.029855918224210583,0.75,,,,SH600519,贵州茅台,2026-08-28,0.006516753,0.0076726438,0.84934914,0.00038013744,0.04954452,0.000775753,0.101106346,0.006912369,0.900911,0.99352545,1.0003777,0.9927547,0.9970399,0.98106146,1.0343682,1.0410051,0.9657771,0.9547434,1.0021827,0.9992637,1.0140144,1.0144498,0.9749551,0.004066559,0.007748753,0.019274224,0.018747559,0.044420283,-0.0020209693,0.00020036697,-0.0019777857,-0.00051639514,0.0018560519,0.6174549,0.006129147,0.36852992,0.0587999,0.5324973,0.0018592696,-0.0001653616,0.0047746412,-0.0069621564,-0.029708609,1.0151068,1.0151068,1.0508322,1.0508322,1.0508322,0.97913516,0.97913516,0.97913516,0.9757972,0.8871666,1.0051885,1.0051885,1.0356869,1.0356869,1.0107719,0.9992137,0.9959454,0.99933547,0.99933547,0.9266683,0.4,0.5,0.25,0.23333333,0.6166667,0.5800366,0.5800366,0.29101434,0.32255387,0.6894146,0.4,0.7,0.05,0.36666667,0.68333334,0.2,0.6,0.8,0.033333335,0.26666668,0.2,0.1,-0.75,0.33333334,0.41666666,0.3742875,-0.06135744,0.16140981,0.2648417,-0.057731975,0.45242545,-0.46865582,-0.06557888,0.25126502,0.3109529,0.4,0.4,0.45,0.46666667,0.5,0.6,0.6,0.55,0.53333336,0.5,-0.2,-0.2,-0.1,-0.06666667,0.0,0.7492376,0.34939474,0.4059418,0.54535085,0.5325368,0.2507624,0.65060526,0.59405816,0.45464912,0.4674632,0.49847516,-0.30121052,-0.18811636,0.090701744,0.06507362,1.6392692,2.1435988,2.168623,2.670578,2.7161484,0.7866677,1.1342281,0.91464466,1.3019171,1.0546972,1.7087703,1.5739007,1.4522055,1.7056559,1.4690969,0.34113228,0.45825315,0.433707,0.45559916,0.48843732,0.6588677,0.54174685,0.566293,0.5444008,0.51156265,-0.31773546,-0.08349369,-0.13258602,-0.08880167,-0.02312533
13,SZ002736,0.02867747793229858,0.75,,,,,,2026-08-28,0.0039062314,0.013671882,0.28571278,0.0019531157,0.14285639,0.007812534,0.5714308,0.00976565,0.7142872,0.99610895,1.0019455,0.98832685,0.9980921,0.9556192,0.9727988,1.004295,0.9828204,0.9384395,0.9809592,0.9721546,0.98070866,0.9851587,0.9834765,0.02053917,0.017709848,0.016897105,0.016318802,0.022019422,0.0122405235,0.0035096847,-0.001264257,-0.00097396097,0.00019437903,0.8879207,0.36001286,0.19593595,0.27606302,0.023767682,-0.005440234,0.012051806,0.031301778,0.02896376,0.010789318,1.0019455,1.0019455,1.0145358,1.0167419,1.030286,0.95341635,0.9526998,0.9526998,0.9526998,0.9194728,0.9971367,0.99183965,0.9971367,1.0022906,1.0028633,0.9603436,0.95619184,0.9609162,0.97208303,0.9683608,1.0,1.0,0.85,0.73333335,0.73333335,0.9599104,0.96049374,0.76492965,0.7385808,0.72669345,1.0,1.0,0.1,0.06666667,0.23333333,0.2,0.5,0.75,0.8333333,0.05,0.8,0.5,-0.65,-0.76666665,0.18333334,0.7779579,0.75949335,0.5351721,0.61392385,0.45759395,0.92254186,0.5907185,0.4183996,0.31486213,0.4775249,1.0,0.7,0.5,0.5,0.51666665,0.0,0.3,0.5,0.46666667,0.46666667,1.0,0.4,0.0,0.033333335,0.05,1.0,0.67592615,0.48387083,0.53468204,0.54274356,0.0,0.32407385,0.51612914,0.46531796,0.45725644,1.0,0.35185227,-0.03225831,0.06936404,0.085487135,1.113604,0.85003257,0.83327556,0.9367245,1.2422019,0.64204895,0.51648337,0.3735249,0.37083066,0.57481647,1.722156,1.9022887,1.8433338,1.3720337,1.438014,0.5803424,0.4932292,0.50836,0.46905118,0.5027689,0.4196576,0.5067708,0.49164,0.5309488,0.49723113,0.16068482,-0.013541583,0.016720006,-0.06189762,0.0055377646
14,SZ000999,0.027841930046924424,0.75,,,,,,2026-08-28,-0.0044897525,0.011020419,-0.40740302,0.002040853,0.18518832,0.0044898144,0.40740865,-0.0020407909,-0.18518268,1.00451,1.0065601,0.99548995,1.0011017,0.9897383,1.013135,1.0581837,1.0315033,0.9811185,0.9937609,0.9999487,1.0174448,1.0236771,1.0036223,0.016585601,0.015809583,0.024153471,0.023336668,0.034890518,0.008660856,-0.00080165523,-0.0033261701,-0.001723002,0.00086825335,0.68170923,0.023569258,0.6637398,0.4224697,0.1888765,-0.011082587,0.003658781,0.014153803,0.0013064595,-0.029235814,1.0168217,1.0442076,1.0844399,1.0844399,1.0844399,0.962267,0.962267,0.962267,0.962267,0.88555986,1.0040225,1.0092765,1.0317496,1.0393022,1.0308466,0.9843201,0.989492,1.0003283,1.0037763,0.9734838,0.6,0.4,0.2,0.13333334,0.41666666,0.69165385,0.46049222,0.3088495,0.3088495,0.5754232,0.8,0.4,0.05,0.36666667,0.68333334,0.4,0.7,0.85,0.9,0.26666668,0.4,-0.3,-0.8,-0.53333336,0.41666666,-0.41435912,-0.23095626,0.2757163,0.45977437,0.38676468,0.47988176,0.04938011,-0.15547606,0.05225853,0.27721742,0.6,0.6,0.5,0.5,0.55,0.4,0.4,0.5,0.46666667,0.43333334,0.2,0.2,0.0,0.033333335,0.11666667,0.56830627,0.45693147,0.38536197,0.45765516,0.51099426,0.43169373,0.5430685,0.61463803,0.5423448,0.4890057,0.13661253,-0.08613707,-0.22927606,-0.08468966,0.021988552,1.6120698,1.6685734,1.8324625,2.0871284,2.0786166,0.3840931,0.4634008,0.4705199,0.7516537,0.8488623,0.5749797,0.92929685,0.86581624,0.850997,0.9499095,0.10886611,0.41458222,0.36308268,0.40775236,0.49932003,0.8911339,0.58541775,0.6369173,0.5922476,0.50067997,-0.7822678,-0.17083554,-0.27383462,-0.18449526,-0.0013599381
15,SH600919,0.02783269473295953,0.8125,,,,SH600919,江苏银行,2026-08-28,-0.0024854764,0.008284956,-0.29999873,0.0016569495,0.19999495,0.0041425303,0.5000063,1.0445373e-07,1.26076375e-05,1.0024917,1.0041528,0.99584717,0.9988674,0.99173146,0.96838516,0.98249024,0.9392023,0.9143968,1.003891,0.9945525,0.9818093,0.9746757,0.9510619,0.0044177803,0.014924161,0.017513577,0.019042028,0.030979931,-0.0012159598,0.0037259802,0.0024955396,0.001829097,0.0013488536,0.18939577,0.57136375,0.7106362,0.7150705,0.5781873,-0.0014591267,-0.0113194175,-0.0055169375,-0.0011976241,0.009146919,1.0138794,1.0138794,1.0138794,1.0138794,1.0138794,0.98985696,0.95750654,0.94852585,0.92823225,0.87450504,1.0077821,1.0053501,1.0004864,0.9937743,0.9756809,1.0,0.9878404,0.96770424,0.9601167,0.9249027,0.3,0.55,0.775,0.85,0.925,0.42223093,0.7537926,0.7876257,0.8379465,0.90041625,0.6,0.8,0.9,0.93333334,0.96666664,0.2,0.1,0.1,0.1,0.28333333,0.4,0.7,0.8,0.8333333,0.68333334,0.64668685,0.205904,0.2273781,0.04021989,-0.24783304,0.7369838,0.571445,0.5618387,0.36563328,0.22125861,0.4,0.5,0.45,0.56666666,0.56666666,0.6,0.5,0.55,0.43333334,0.43333334,-0.2,0.0,-0.1,0.13333334,0.13333334,0.59770155,0.6600987,0.54477614,0.6068377,0.57177824,0.40229842,0.33990133,0.45522386,0.3931623,0.4282218,0.19540316,0.32019734,0.0895523,0.21367535,0.14355643,1.8064545,1.9263641,1.8196269,1.9168823,2.0456,0.47491947,0.48007274,0.48117384,0.5034555,0.43683523,0.7034146,0.7198936,0.69844544,0.7042009,0.7688402,0.36492953,0.49330875,0.38591868,0.45182216,0.4866489,0.63507044,0.5066912,0.6140813,0.54817784,0.5133511,-0.27014092,-0.013382467,-0.22816268,-0.09635569,-0.026702201
16,SZ000166,0.026690093330712518,0.6875,,,,,,2026-08-28,0.002188128,0.013129087,0.16666262,0.0021882078,0.1666687,0.008752751,0.6666687,0.008752671,0.66666263,0.9978166,1.0021834,0.989083,0.99711967,0.9632653,0.9741497,1.0081633,0.98503405,0.92925173,0.9882993,0.97782314,0.98149663,0.9893878,0.98015875,0.013828099,0.014987268,0.013989565,0.0165764,0.022144923,0.008163259,0.0038342578,-0.0004767049,-0.001212535,0.00050879584,0.8712489,0.59996945,0.040640485,0.41467687,0.16100469,-0.0046258536,0.0049226903,0.02303206,0.028193964,0.004831757,1.0021834,1.0021834,1.014832,1.0283157,1.0283157,0.96132874,0.9567125,0.9567125,0.9567125,0.9087708,0.99891156,0.9964626,0.997551,1.0046259,1.0002722,0.97551024,0.96435374,0.9695238,0.97523814,0.9668027,1.0,1.0,0.9,0.6666667,0.8,0.9465562,0.95198184,0.7448016,0.6045473,0.7631377,1.0,1.0,0.1,0.06666667,0.53333336,0.2,0.5,0.75,0.8333333,0.05,0.8,0.5,-0.65,-0.76666665,0.48333332,0.65237695,0.6247043,0.501059,0.6779673,-0.00826562,0.87645096,0.41223603,0.121609986,0.33503568,0.40375555,1.0,0.7,0.45,0.46666667,0.51666665,0.0,0.3,0.45,0.46666667,0.43333334,1.0,0.4,0.0,0.0,0.083333336,1.0,0.70212716,0.46590883,0.53333324,0.5501931,0.0,0.29787284,0.5340912,0.46666673,0.44980693,1.0,0.40425432,-0.06818235,0.06666652,0.10038612,1.1095954,0.9733464,1.0529132,1.2089818,1.7513012,0.32936886,0.2844094,0.31817812,0.4496199,0.76644474,1.268931,1.2543044,1.4239409,1.4082319,1.3054873,0.5972597,0.52580076,0.46899664,0.44044513,0.486507,0.4027403,0.47419924,0.53100336,0.5595549,0.513493,0.19451942,0.051601525,-0.062006723,-0.11910973,-0.026986009
17,SH600900,0.02624545311909883,0.8125,,,,SH600900,长江电力,2026-08-28,0.0014281403,0.007140378,0.20000906,0.0007140162,0.09999698,0.0049982215,0.69999397,0.0057123457,0.80000603,0.9985739,1.000713,0.9935828,0.9971771,0.996801,1.0017366,1.0371081,0.9978064,0.9606068,1.0035462,1.0030893,1.0030161,1.0127897,0.9818191,0.0027702819,0.004869061,0.010122002,0.017263435,0.037649512,-0.0011059225,2.2161656e-05,-0.00013909144,-0.0013032587,0.0015145395,0.39842036,0.0001899002,0.006609004,0.44168085,0.49356267,-0.0013344202,-0.0031889866,-0.00169477,0.006107478,-0.026498027,1.015676,1.015676,1.0409933,1.0541658,1.0541658,0.9932259,0.9932259,0.98075014,0.98075014,0.90617234,1.0058861,1.0058861,1.0071839,1.0320079,1.0095237,1.0013893,0.9993602,0.996801,0.99978065,0.9412668,0.2,0.3,0.375,0.25,0.625,0.30174056,0.30174056,0.31953618,0.26220357,0.6339984,0.6,0.8,0.05,0.26666668,0.6333333,0.2,0.6,0.25,0.5,0.25,0.4,0.2,-0.2,-0.23333333,0.38333333,0.23829436,0.79387856,0.060286682,0.60652983,0.060698673,0.3659751,0.71059173,0.1334932,0.1023396,0.1797812,0.6,0.5,0.4,0.4,0.5,0.4,0.5,0.55,0.56666666,0.48333332,0.2,0.0,-0.15,-0.16666667,0.016666668,0.5956302,0.48403347,0.37232697,0.5037314,0.5346743,0.40436974,0.51596653,0.62767303,0.4962686,0.4653257,0.19126049,-0.03193304,-0.25534603,0.007462804,0.06934857,1.2513663,1.2492509,1.4193611,1.7664236,1.8808559,0.1786084,0.27837056,0.40868664,0.7252485,0.6455306,0.80978054,0.77698165,1.2607378,1.2474939,1.0614247,0.5210727,0.4861717,0.39200997,0.3967029,0.49374467,0.47892734,0.5138283,0.60799,0.6032971,0.5062553,0.042145334,-0.027656594,-0.21598007,-0.20659426,-0.012510634
18,SH601901,0.02614133495480269,0.6875,,,,SH601901,方正证券,2026-08-28,0.002898519,0.010144905,0.28571177,0.002898519,0.28571177,0.004347868,0.42857647,0.004347868,0.42857647,0.99710983,1.0028901,0.99277455,0.9981413,0.97066665,0.9866666,1.016,0.99733335,0.93333334,0.9824,0.97893333,0.99306667,0.99888885,1.0001556,0.01784875,0.01325608,0.018569177,0.017733954,0.033443067,0.010933334,0.0019717182,-0.00227569,-0.0014181683,0.00021698626,0.93805784,0.20280132,0.52566475,0.49561694,0.012839616,-0.0042666574,0.012193955,0.028552404,0.02167457,-0.006556633,1.0028901,1.0028901,1.0242918,1.0342072,1.1132021,0.95944196,0.95944196,0.95944196,0.95944196,0.91047466,0.9989333,0.98800004,1.0069333,1.0149333,1.0213333,0.96559995,0.9677333,0.97386664,0.984,0.97573334,1.0,1.0,0.575,0.45,0.40833333,0.9334807,0.9334807,0.62541556,0.54247123,0.44160432,1.0,1.0,0.15,0.16666667,0.23333333,0.4,0.7,0.85,0.9,0.033333335,0.6,0.3,-0.7,-0.73333335,0.2,-0.14189811,0.20195594,-0.045360133,0.34064716,0.44728523,-0.22099026,0.016034473,-0.013181414,0.17788064,0.525996,0.8,0.5,0.4,0.43333334,0.43333334,0.2,0.5,0.45,0.46666667,0.46666667,0.6,0.0,-0.05,-0.033333335,-0.033333335,0.8055564,0.5862073,0.43181816,0.5064102,0.54789275,0.19444357,0.41379276,0.5681819,0.4935898,0.45210725,0.61111283,0.17241451,-0.1363637,0.0128203975,0.09578548,1.4189183,1.2421805,1.1871965,1.4236652,2.07189,0.34464747,0.33131868,0.29284886,0.55013233,1.4099137,0.8556524,0.9693321,1.1672958,0.9834508,2.1351676,0.54461634,0.45855516,0.43671232,0.43850443,0.48202437,0.45538366,0.54144484,0.5632877,0.56149554,0.5179756,0.08923266,-0.08288965,-0.12657534,-0.122991145,-0.035951257
19,SZ002236,0.025128150835721383,0.75,,,,,,2026-08-28,0.0,0.009219453,0.0,0.008604809,0.9333319,0.00061464345,0.06666811,-0.007990166,-0.8666638,1.0,1.0086048,0.99938536,1.0034553,0.99016917,1.0122917,1.0276656,0.9846385,1.0258137,0.9965623,0.99883544,1.0157989,1.0153077,1.0133824,0.0046903663,0.010473085,0.02169401,0.019136764,0.02088782,0.0027640732,-0.0011585556,-0.0032274548,-0.0008919683,9.112354e-05,0.8682115,0.11217499,0.7746557,0.16836956,0.0058046333,-0.002090445,0.0063780365,0.01486186,-0.0023740854,-0.016070617,1.0086048,1.0252036,1.0670035,1.0670035,1.096506,0.9827915,0.97541803,0.97541803,0.97541803,0.96988946,1.000246,1.0024608,1.0351598,1.033067,1.0320877,0.99348754,0.9916407,0.99397725,0.9969351,0.9942233,0.8,0.7,0.35,0.3,0.29166666,0.6666525,0.49375707,0.26840454,0.26840454,0.23780902,1.0,0.2,0.15,0.43333334,0.41666666,0.4,0.5,0.75,0.8333333,0.083333336,0.6,-0.3,-0.6,-0.4,0.33333334,0.3664822,0.49225095,0.46073598,0.39372498,0.3795978,-0.19001919,-0.2708124,-0.2629422,0.20547627,0.26790866,0.6,0.4,0.45,0.53333336,0.53333336,0.4,0.5,0.5,0.43333334,0.45,0.2,-0.1,-0.05,0.1,0.083333336,0.8638424,0.4106917,0.4034019,0.52455306,0.4845132,0.13615757,0.5893083,0.5965981,0.47544694,0.51548684,0.72768486,-0.1786166,-0.19319616,0.049106147,-0.030973626,0.866306,1.2513196,1.3504131,1.4215313,1.4336897,0.09692527,0.53447706,0.4819731,0.4754868,0.42049488,0.5916971,1.6591618,1.3361294,1.1890181,0.9384048,0.4924242,0.44520804,0.33876616,0.4657498,0.50202334,0.5075758,0.5547919,0.66123384,0.5342502,0.49797663,-0.015151627,-0.1095839,-0.32246768,-0.068500414,0.004046712
20,SH601916,0.024822424082293057,0.6875,,,,SH601916,浙商银行,2026-08-28,0.0034722246,0.013888898,0.25,0.0034722246,0.25,0.006944449,0.5,0.006944449,0.5,0.9965398,1.0034602,0.9896194,0.99865085,1.0119617,1.0143541,1.0478469,0.9736842,1.0143541,1.0129187,1.0117224,1.0145934,1.01252,0.99688995,0.0128386775,0.009730836,0.014246638,0.017542804,0.030533245,-0.005741631,-1.4499069e-05,-0.0009209624,0.0002528065,0.00050040474,0.5,2.0351263e-05,0.1462605,0.016094597,0.08192129,-0.0014354078,-0.011657251,-0.0058441665,-0.016185638,-0.011651901,1.0356355,1.0356355,1.0601367,1.0601367,1.0601367,0.9896194,0.9896194,0.9896194,0.9718123,0.90052134,1.0229665,1.0215311,1.0215311,1.0215311,1.0191388,1.0,1.0038278,1.0047847,1.0,0.9736842,0.3,0.15,0.1,0.25,0.45833334,0.22558701,0.22558701,0.14720692,0.31913844,0.6232401,0.6,0.8,0.1,0.4,0.7,0.8,0.9,0.95,0.1,0.3,-0.2,-0.1,-0.85,0.3,0.4,-0.24747562,0.050296143,0.45248678,0.39538026,-0.031726986,-0.28977606,-0.049904287,0.03671196,0.19972578,0.13631536,0.4,0.4,0.4,0.53333336,0.48333332,0.4,0.5,0.5,0.4,0.43333334,0.0,-0.1,-0.1,0.13333334,0.05,0.4,0.425,0.37179476,0.544,0.489726,0.6,0.575,0.62820524,0.45599997,0.510274,-0.2,-0.15,-0.25641045,0.088000044,-0.020547958,1.4937615,1.2368485,1.2597632,1.3420279,1.4179277,0.69151413,0.55494416,0.47314677,0.4565593,0.39311928,1.3034927,1.444772,1.2462332,1.0967314,1.0630337,0.52595764,0.5173861,0.41831067,0.46376634,0.49311712,0.4740424,0.4826139,0.5816893,0.53623366,0.5068829,0.051915236,0.034772214,-0.16337863,-0.0724673,-0.013765754
21,SH600030,0.024286332136591968,0.6875,,,,SH600030,中信证券,2026-08-28,0.0017933537,0.008966971,0.19999547,0.0043041706,0.48000273,0.0028694472,0.3200018,0.0003586301,0.03999456,0.99820983,1.0042964,0.99534553,1.0000293,0.97096604,0.9777601,1.0178876,0.9881635,0.9014862,0.98852444,0.9820382,0.9902176,0.99819714,0.9943153,0.013391078,0.012305072,0.01363086,0.016410656,0.034799654,0.00753185,0.0023611875,-0.0012792334,-0.0014267444,0.00049889396,0.79088306,0.33752355,0.30826277,0.5857902,0.06268541,-0.003588118,0.007336427,0.021935083,0.022490684,-0.009032673,1.0042964,1.0042964,1.0175321,1.0322088,1.0697745,0.9670184,0.96272945,0.96272945,0.96272945,0.8880712,1.0,0.995414,1.00069,1.0126646,1.0200106,0.9754671,0.9718153,0.9754671,0.98005307,0.9749151,0.9,0.95,0.725,0.48333332,0.45833334,0.88474536,0.89663756,0.68008673,0.53642625,0.6159977,1.0,1.0,0.1,0.33333334,0.3,0.2,0.4,0.7,0.8,0.05,0.8,0.6,-0.6,-0.46666667,0.25,0.6554332,0.6503638,0.45379755,0.6238823,0.25312987,0.95200115,0.6891343,0.43412194,0.3660041,0.5928905,0.6,0.5,0.4,0.43333334,0.48333332,0.2,0.4,0.5,0.5,0.48333332,0.4,0.1,-0.1,-0.06666667,0.0,0.8857557,0.6666667,0.4321928,0.5257804,0.5605349,0.11424428,0.33333334,0.5678072,0.47421962,0.4394651,0.77151144,0.33333334,-0.13561438,0.05156077,0.121069804,1.1789095,1.0551069,1.0821135,1.1973268,1.7906249,0.4255542,0.31783494,0.24371196,0.30818707,0.93911934,1.4409451,1.3512871,1.1545049,1.1583829,1.7948081,0.53890705,0.452383,0.43543553,0.4532992,0.49400428,0.46109292,0.547617,0.56456447,0.5467008,0.50599575,0.07781415,-0.095233984,-0.1291289,-0.09340159,-0.011991446
22,SH601985,0.023338543548138222,0.625,,,,SH601985,中国核电,2026-08-28,0.005637043,0.010146572,0.5555613,0.0011274086,0.11111226,0.003382121,0.33332646,0.007891756,0.77777547,0.99439454,1.001121,0.9910314,0.99783385,0.9758281,0.9838854,1.0152193,0.98567593,1.0179051,0.9942703,0.987914,0.9902417,0.99606085,0.99261415,0.0072896034,0.008865084,0.008799997,0.012506201,0.0145074865,0.00402865,0.002121485,-0.00033386878,-0.0008938611,-8.4152496e-05,0.76357424,0.5249595,0.050379593,0.395905,0.010262414,-0.0023276526,0.0025392764,0.012930055,0.016900126,0.00986837,1.0022422,1.0022422,1.032717,1.032717,1.0343927,0.97514415,0.9747077,0.9747077,0.9747077,0.9576585,1.0,0.9978514,0.9978514,1.0068039,1.00376,0.989436,0.9813787,0.98299015,0.98603404,0.9801253,0.9,0.95,0.875,0.68333334,0.7416667,0.9172567,0.91856825,0.43600392,0.43600392,0.5517941,0.6,0.8,0.05,0.36666667,0.16666667,0.2,0.5,0.75,0.8333333,0.36666667,0.4,0.3,-0.7,-0.46666667,-0.2,0.817148,0.82908225,0.7200211,0.70143175,0.39803824,0.82563746,0.5504181,0.28133282,0.2908103,0.1504979,0.8,0.5,0.45,0.46666667,0.45,0.2,0.5,0.55,0.53333336,0.5,0.6,0.0,-0.1,-0.06666667,-0.05,0.9090899,0.6666667,0.42608693,0.53361344,0.48098856,0.090910055,0.33333334,0.5739131,0.4663866,0.51901144,0.8181799,0.33333334,-0.14782615,0.067226835,-0.038022894,1.0732715,0.9219787,1.220244,1.3727901,1.5774931,0.27080095,0.26266482,0.6147189,0.63327587,0.5727634,0.65775687,0.7669236,1.0839672,1.426891,1.2012666,0.69302225,0.5886689,0.46055427,0.45878127,0.469201,0.30697778,0.41133112,0.5394457,0.5412187,0.53079903,0.38604444,0.17733775,-0.078891434,-0.082437426,-0.06159801
23,SH600760,0.02305783330675041,0.625,,,,SH600760,中航沈飞,2026-08-28,0.03584944,0.0418615,0.85638213,0.0057893987,0.13829888,0.00022265963,0.0053189597,0.030282702,0.72340226,0.9653913,1.005589,0.9651763,0.996194,0.9469042,0.95506454,0.93377936,0.8643627,0.88671327,0.9711894,0.9574978,0.9481048,0.94134104,0.9100709,0.017493848,0.01949083,0.021673717,0.021677397,0.039308947,0.00801764,0.004766462,0.0025712803,0.0018207235,0.0015718441,0.52512455,0.548205,0.4926065,0.5467332,0.48768115,0.012775368,0.02105314,0.027468035,0.03225846,0.0435597,1.005589,1.005589,1.005589,1.005589,1.005589,0.94368005,0.92110103,0.9034875,0.87059975,0.8168508,0.9760856,0.9689138,0.9653428,0.9566199,0.9483999,0.96215963,0.94277495,0.9306132,0.92424256,0.87213534,1.0,1.0,1.0,1.0,1.0,0.90972173,0.9338482,0.94526005,0.95859647,0.9703874,1.0,1.0,1.0,1.0,1.0,0.2,0.3,0.25,0.033333335,0.46666667,0.8,0.7,0.75,0.96666664,0.53333336,0.9486887,0.81779325,0.5726469,0.16328025,0.17080373,0.95674634,0.7240067,0.69347507,0.6094479,0.6826986,0.8,0.6,0.5,0.56666666,0.5,0.2,0.4,0.5,0.43333334,0.5,0.6,0.2,0.0,0.13333334,0.0,0.8125944,0.68693507,0.64699215,0.70771354,0.5751392,0.1874056,0.3130649,0.35300782,0.29228646,0.42486078,0.6251888,0.3738702,0.29398435,0.4154271,0.15027845,0.5614246,0.4715479,0.50695914,0.53166395,0.54367983,0.26446116,0.20729226,0.2173034,0.20061256,0.20777805,1.0003277,1.2424785,1.7657722,1.6781377,1.7057871,0.77246124,0.6092217,0.5655315,0.53506863,0.5179554,0.22753876,0.3907783,0.43446848,0.4649314,0.48204455,0.5449225,0.21844341,0.13106301,0.07013722,0.035910897
24,SH601229,0.0227355826410728,0.5625,,,,SH601229,上海银行,2026-08-28,-0.01898732,0.027426159,-0.692307,0.0010548651,0.038462006,0.007383972,0.269231,-0.012658214,-0.461538,1.0193548,1.0204301,0.9924731,1.001595,1.0474861,1.0131285,1.0162011,0.9765363,0.96927375,1.0358101,1.0373185,1.0202793,1.0126257,0.9909544,0.023420755,0.01998643,0.023755975,0.024310742,0.02981391,-0.014106149,-0.0009514145,0.0022493382,0.0018514668,0.0012442701,0.906891,0.020772103,0.31378478,0.44950774,0.5312407,-0.0075977664,-0.033037085,-0.041648056,-0.039471984,-0.027660362,1.0722069,1.0722069,1.0722069,1.0722069,1.0722069,0.9924731,0.9924731,0.9829745,0.9679458,0.9260304,1.0484916,1.0513967,1.0456983,1.0340782,1.0132961,1.021676,1.0226816,0.9978213,0.99206704,0.96793294,0.2,0.1,0.325,0.41666666,0.69166666,0.094400235,0.094400235,0.19079937,0.30744165,0.5060293,0.2,0.6,0.8,0.8666667,0.93333334,1.0,1.0,0.25,0.1,0.26666668,-0.8,-0.4,0.55,0.76666665,0.6666667,-0.77867365,-0.3350787,0.2158455,0.2077057,0.4789433,-0.06264279,0.08108383,0.07578551,0.11107222,0.2188047,0.2,0.5,0.55,0.6,0.55,0.6,0.4,0.4,0.36666667,0.4,-0.4,0.1,0.15,0.23333333,0.15,0.1851851,0.44989333,0.4631979,0.5349418,0.5231872,0.8148149,0.55010664,0.5368021,0.4650582,0.4768128,-0.6296298,-0.10021334,-0.073604204,0.069883585,0.046374384,0.55869985,0.5419231,0.47568062,0.48565176,0.42339543,0.25674415,0.23012875,0.18603832,0.16804956,0.14050943,1.0157399,1.067432,1.1020287,1.0170281,0.9743168,0.8373174,0.59052795,0.5509197,0.55667454,0.55630785,0.16268261,0.40947205,0.44908026,0.44332543,0.44369215,0.67463475,0.1810559,0.101839475,0.11334914,0.11261573
25,SH601878,0.02267792617722099,0.625,,,,SH601878,浙商证券,2026-08-28,0.0021390335,0.010695168,0.2,0.004278067,0.4,0.004278067,0.4,0.0021390335,0.2,0.99786556,1.0042689,0.9935966,0.99809116,0.9780743,0.9942802,1.0190657,1.0076263,0.9618684,0.99103904,0.98760724,0.99957097,1.0030504,1.0022402,0.011006245,0.01004854,0.015394558,0.014948395,0.021200858,0.00657769,0.0012941617,-0.0019589004,-0.0010828687,0.00014946943,0.8929116,0.15204865,0.56670666,0.40669063,0.015159949,-0.004194447,0.006569048,0.01903856,0.012651094,-0.0066495566,1.0042689,1.0042689,1.0293927,1.0335383,1.0520958,0.9740341,0.97380793,0.97380793,0.97380793,0.9388126,1.0001906,0.9984747,1.0099142,1.0192565,1.0209724,0.98150617,0.977693,0.98265016,0.9897045,0.98589134,0.8,0.9,0.5,0.41666666,0.35833332,0.85880756,0.85985565,0.47120887,0.43850425,0.5401279,1.0,1.0,0.1,0.06666667,0.23333333,0.2,0.5,0.75,0.8333333,0.033333335,0.8,0.5,-0.65,-0.76666665,0.2,0.83504516,0.6016383,0.40365857,0.55081314,0.4242127,0.6290623,0.18498336,0.107815675,0.16323887,0.4909365,0.6,0.5,0.45,0.53333336,0.51666665,0.4,0.5,0.55,0.46666667,0.46666667,0.2,0.0,-0.1,0.06666667,0.05,0.8965541,0.54545504,0.41525432,0.48260882,0.5280112,0.10344586,0.45454496,0.5847457,0.5173912,0.4719888,0.7931083,0.09091009,-0.16949138,-0.034782376,0.056022424,0.9548568,0.80327547,0.84825414,0.94055814,1.3294101,0.4278123,0.34393212,0.27697957,0.31566688,0.72656494,1.1911299,0.9781449,1.0200868,0.9673457,1.8750961,0.6575649,0.4795064,0.497863,0.46181333,0.496463,0.34243512,0.5204936,0.502137,0.53818667,0.503537,0.31512976,-0.04098722,-0.0042739827,-0.07637333,-0.0070739985
26,SH600016,0.022610797831880046,0.75,,,,SH600016,民生银行,2026-08-28,-0.0029154718,0.008746346,-0.33333597,0.0029154026,0.33332807,0.0029154718,0.33333597,-0.0029154026,-0.33332807,1.002924,1.0058479,0.997076,1.0021714,1.0145917,1.0,1.0585235,1.0116891,1.007688,1.0169766,1.010528,1.0195929,1.0256374,1.0093539,0.013145266,0.013096697,0.01777721,0.018301204,0.03144475,-0.007021258,0.0018105289,-0.0017850585,-0.0012105533,0.00042879532,0.7132324,0.17518577,0.35289523,0.3390863,0.056715738,-0.0029340223,-0.018675337,-0.0026347837,-0.0080843745,-0.022003286,1.0321499,1.0321499,1.0730793,1.0730793,1.0730793,0.997076,0.98832524,0.98832524,0.98832524,0.9212762,1.0269396,1.0239743,1.0298423,1.0356632,1.0321645,1.004707,0.99941945,1.0023221,1.01285,0.9807013,0.2,0.3,0.175,0.11666667,0.30833334,0.08336682,0.2663969,0.13774839,0.13774839,0.5185913,0.4,0.7,0.05,0.36666667,0.68333334,1.0,0.1,0.55,0.7,0.3,-0.6,0.6,-0.5,-0.33333334,0.38333333,0.1286042,0.36132404,0.58898675,0.60220224,0.17670226,-0.35393724,-0.024742162,-0.09798195,0.03348097,0.12903292,0.4,0.4,0.3,0.4,0.43333334,0.6,0.5,0.5,0.46666667,0.45,-0.2,-0.1,-0.2,-0.06666667,-0.016666668,0.3537739,0.5,0.3213604,0.4772935,0.49336046,0.6462261,0.5,0.6786396,0.5227065,0.50663954,-0.29245225,0.0,-0.35727915,-0.045413006,-0.013279094,1.5856658,1.50513,1.6879321,1.9693567,1.9878803,0.48411715,0.40947545,0.48129708,0.67967,0.5558885,1.1051795,1.0798581,1.1064808,1.0067099,0.91779256,0.46094465,0.43952283,0.38774374,0.44502395,0.48907408,0.53905535,0.5604772,0.6122563,0.55497605,0.5109259,-0.07811068,-0.12095434,-0.22451255,-0.10995211,-0.021851808
27,SH600150,0.022480757788016097,0.875,,,,SH600150,中国船舶,2026-08-28,0.009579055,0.018287444,0.523805,0.006676374,0.36507967,0.0020320152,0.11111532,0.004934696,0.26984066,0.99051183,1.006613,0.9884991,0.9997149,0.9684032,0.96086407,1.0115206,0.9195256,1.0488776,0.9836171,0.971817,0.9810546,0.97737396,0.9900353,0.012341588,0.016056985,0.019143526,0.021009006,0.034007158,0.0075984723,0.0043448485,-0.0014856075,0.00030399451,-0.00071551255,0.9476555,0.67117035,0.21078144,0.016226402,0.13501863,0.0011859522,0.008631168,0.033058643,0.018218094,0.031072332,1.006613,1.006613,1.016714,1.016714,1.0877999,0.9654663,0.9370624,0.9370624,0.9229255,0.91327035,0.9940364,0.9831258,1.0015587,1.000288,1.0187039,0.97274035,0.96088094,0.9665565,0.95925456,0.96083015,1.0,1.0,0.75,0.8,0.6333333,0.83928186,0.90491784,0.7901613,0.82179064,0.49693406,1.0,1.0,0.15,0.43333334,0.41666666,0.2,0.5,0.75,0.033333335,0.5,0.8,0.5,-0.6,0.4,-0.083333336,0.50040877,0.14421433,0.46413746,0.1477509,0.39516488,0.51216483,0.23924823,0.114781424,0.29812714,0.26905492,1.0,0.7,0.4,0.46666667,0.46666667,0.0,0.3,0.6,0.53333336,0.53333336,1.0,0.4,-0.2,-0.06666667,-0.06666667,1.0,0.7538464,0.46596584,0.6287263,0.47706494,0.0,0.24615358,0.5340342,0.37127373,0.52293503,1.0,0.5076929,-0.06806835,0.25745255,-0.04587011,0.8843491,0.90025705,1.038974,1.16737,1.4667745,0.1445273,0.13867548,0.23066358,0.31398436,0.5343382,0.65215814,0.84124494,1.0560988,1.2084618,1.4352181,0.43205926,0.47970447,0.45308822,0.4748354,0.4929529,0.5679407,0.5202955,0.5469118,0.5251646,0.50704706,-0.13588148,-0.040591042,-0.093823574,-0.050329193,-0.014094147
28,SH601077,0.022448188236378595,0.8125,,,,SH601077,渝农商行,2026-08-28,-0.005856502,0.016105408,-0.36363575,0.005856502,0.36363575,0.0043924036,0.2727285,-0.0073205996,-0.45454296,1.005891,1.011782,0.99558175,1.003531,1.002985,0.9681592,0.9960199,0.98805976,0.95124376,1.0149254,1.0018905,0.9812438,0.98159206,0.96965176,0.013478839,0.020367382,0.02674666,0.023226522,0.030078953,-0.007462687,0.0043479577,0.003573861,0.0010220316,0.0005980101,0.76634705,0.41774532,0.624891,0.150059,0.120556735,-2.2181231e-08,-0.02145637,-0.015195469,0.0035884937,0.012706948,1.039927,1.039927,1.039927,1.039927,1.039927,0.99558175,0.95876586,0.93950313,0.93950313,0.8898227,1.0193036,1.0125372,1.0061692,1.003383,1.000597,1.0087563,0.9922388,0.9558209,0.9615921,0.9399005,0.2,0.4,0.7,0.73333335,0.8,0.09963361,0.50805277,0.60241526,0.60241526,0.734005,0.4,0.7,0.85,0.9,0.95,1.0,0.1,0.2,0.46666667,0.3,-0.6,0.6,0.65,0.43333334,0.65,0.96059287,0.5724116,-0.2416954,-0.16047612,-0.06446438,0.9525439,0.7621887,0.36438724,-0.012817829,0.045722265,0.4,0.5,0.5,0.46666667,0.5,0.6,0.5,0.45,0.5,0.45,-0.2,0.0,0.05,-0.033333335,0.05,0.48051977,0.62698406,0.510204,0.517964,0.53145057,0.5194802,0.37301594,0.48979595,0.482036,0.4685494,-0.03896044,0.25396812,0.02040807,0.03592802,0.06290118,1.2807779,1.213747,1.3855838,1.4546099,1.396806,0.3142807,0.31983256,0.36606634,0.39433086,0.37174386,1.1040703,1.0815877,1.3304334,1.2631048,1.1106888,0.51300985,0.45385015,0.4383103,0.46768263,0.4945952,0.48699018,0.54614985,0.5616897,0.53231734,0.5054048,0.026019663,-0.09229969,-0.123379394,-0.06463471,-0.0108095715
29,SH600372,0.022096112848455647,0.8125,,,,SH600372,中航机载,2026-08-28,0.0071749035,0.020627812,0.3478267,0.006278005,0.30434662,0.0071749035,0.3478267,0.008071802,0.39130673,0.99287623,1.0062333,0.9857524,0.9986688,0.96259564,1.0025504,1.0096345,0.97336364,0.9784641,0.97880423,0.9793426,0.99627376,0.99768585,0.98914707,0.0145118395,0.015540981,0.0218772,0.018368324,0.020717882,0.009011049,-0.0003692348,-0.0029544674,-0.0010256035,0.0004244117,0.9639306,0.005174398,0.6383267,0.2416137,0.1279923,0.0031737,0.02231896,0.0317937,0.017185397,-0.0016672272,1.0062333,1.006315,1.0327884,1.0327884,1.0569941,0.95454144,0.9510196,0.9510196,0.9510196,0.924223,0.98866534,0.99501276,1.0157552,1.0082743,1.005554,0.96775293,0.9670728,0.97018987,0.9838481,0.9686597,1.0,0.9,0.5,0.43333334,0.65,0.8794145,0.8857958,0.5990113,0.5990113,0.5707343,1.0,0.1,0.15,0.43333334,0.41666666,0.2,0.5,0.75,0.8333333,0.26666668,0.8,-0.4,-0.6,-0.4,0.15,0.87917596,0.20982523,0.5934162,0.5279542,0.1255078,0.61860067,-0.33962047,0.047856368,0.077438645,0.4079312,1.0,0.7,0.6,0.6333333,0.51666665,0.0,0.3,0.4,0.36666667,0.46666667,1.0,0.4,0.2,0.26666668,0.05,1.0,0.4852456,0.47612357,0.5451922,0.5144158,0.0,0.5147544,0.5238764,0.45480782,0.4855842,1.0,-0.029508822,-0.047752835,0.090384394,0.028831573,0.6733389,0.6685345,0.76417685,0.84274596,1.0411848,0.2227448,0.21840455,0.22311278,0.23329395,0.3647189,0.93569815,1.1812189,0.8689497,0.77999026,1.1056153,0.822856,0.57238525,0.50815547,0.48553848,0.49728087,0.17714398,0.42761472,0.4918445,0.5144615,0.50271916,0.6457121,0.14477055,0.016310962,-0.028923037,-0.0054382705
30,SH601328,0.022084142315473804,0.75,,,,SH601328,交通银行,2026-08-28,0.0042433087,0.01697307,0.2500024,0.0042432267,0.24999759,0.008486535,0.5,0.008486617,0.5000048,0.9957746,1.0042253,0.98732394,0.99878937,1.002524,0.9687026,1.0111055,0.9616355,0.9222615,1.0054518,0.9996971,0.98995453,0.9908632,0.9604577,0.0075668762,0.012438437,0.016921395,0.017552525,0.038035076,-0.00408884,0.0021599154,0.0012813483,0.0004477468,0.0015279639,0.7299733,0.27640975,0.20069203,0.05042982,0.49221796,0.0027258934,-0.009416734,-0.0021273505,0.0026444946,-0.005532593,1.020748,1.020748,1.020748,1.0307925,1.0307925,0.98732394,0.9660982,0.96338654,0.9520401,0.8742894,1.0104997,1.0083796,1.007269,1.007269,0.9960626,0.9990914,0.9938415,0.9732458,0.97405344,0.9190308,0.4,0.4,0.65,0.6666667,0.8333333,0.37924886,0.6203456,0.63829297,0.6089962,0.8032467,0.4,0.7,0.85,0.3,0.65,1.0,0.1,0.4,0.1,0.3,-0.6,0.6,0.45,0.2,0.35,0.3527101,0.23249564,0.43753025,0.3542371,-0.10637287,-0.13799186,0.58469254,0.35095,0.4366994,0.41071635,0.6,0.7,0.55,0.53333336,0.5833333,0.4,0.3,0.45,0.43333334,0.38333333,0.2,0.4,0.1,0.1,0.2,0.46666667,0.6867473,0.46496817,0.5595612,0.55932206,0.53333336,0.31325272,0.5350318,0.4404388,0.44067797,-0.06666667,0.3734946,-0.07006362,0.119122356,0.11864406,1.1873279,1.2842467,1.2930187,1.623686,1.7358235,0.12791827,0.322555,0.31689227,0.65997833,0.5484855,0.73628134,1.0237315,1.1106459,1.2274336,1.0501492,0.40441656,0.4816329,0.30625257,0.46208143,0.49397844,0.59558344,0.5183671,0.6937474,0.53791857,0.50602156,-0.1911669,-0.036734212,-0.38749483,-0.07583716,-0.012043146
31,SH601818,0.021960675867196914,0.75,,,,SH601818,光大银行,2026-08-28,0.0,0.006600657,0.0,0.0033002945,0.49999484,0.0033003625,0.5000051,6.7960436e-08,1.029601e-05,1.0,1.0033003,0.99669963,1.0005112,0.9968847,0.9906542,1.046729,1.0109034,0.9968847,1.0102804,1.0007788,1.005919,1.0127726,1.0034527,0.008431383,0.01207096,0.01675032,0.018413804,0.024958543,-0.0038940785,0.0027848608,-0.0011430435,-0.0011262073,0.00019263763,0.5332756,0.48790446,0.16298488,0.28990206,0.018169526,-0.0024922043,-0.013310666,0.0049399403,0.0035574543,-0.009135527,1.023551,1.023551,1.059375,1.059375,1.059375,0.99669963,0.9836809,0.9836809,0.9836809,0.9261214,1.0152647,1.0140187,1.0140187,1.0264797,1.0233644,1.0024922,0.9900311,0.9956386,0.9968847,0.98753893,0.2,0.6,0.475,0.31666666,0.425,0.12291256,0.40930685,0.21559244,0.21559244,0.55442095,0.6,0.8,0.05,0.36666667,0.68333334,1.0,0.4,0.7,0.8,0.3,-0.4,0.4,-0.65,-0.43333334,0.38333333,0.61086786,0.5754788,0.70494276,0.72679615,0.20044032,0.52161974,0.5142157,0.11877905,0.30619287,0.24855714,0.4,0.4,0.3,0.4,0.46666667,0.4,0.4,0.55,0.46666667,0.45,0.0,0.0,-0.25,-0.06666667,0.016666668,0.53571475,0.5750005,0.3369569,0.47682133,0.5028572,0.46428525,0.42499948,0.66304314,0.52317864,0.49714282,0.07142946,0.15000103,-0.32608622,-0.046357326,0.005714361,1.7117769,1.569314,1.7637188,1.9576961,2.0518448,0.4987374,0.37787744,0.55027485,0.6273596,0.5493861,1.0658952,1.2126635,1.1929888,1.1976227,0.95841193,0.42503625,0.45592254,0.38652563,0.4372364,0.48817188,0.57496375,0.54407746,0.61347437,0.56276363,0.5118281,-0.14992747,-0.08815494,-0.22694871,-0.12552722,-0.02365624
32,SZ000651,0.02112910714366739,0.75,,,,,,2026-08-28,-0.002557449,0.015089466,-0.16948573,0.0017902881,0.11864489,0.010741728,0.71186936,0.0063939914,0.42373875,1.002564,1.0043589,0.98923075,0.9946179,1.0065734,0.97386694,1.0324448,0.97508734,0.94897133,1.0098684,1.0026803,0.99398494,0.9967735,0.96351594,0.006523097,0.01494911,0.014557264,0.016356207,0.03844137,-0.0032322914,0.002987568,0.001489923,0.00024895466,0.0018621724,0.6138374,0.36611402,0.3666369,0.01795465,0.7157179,-0.003403806,-0.016124368,-0.008139218,-0.0003833207,-0.01845005,1.0246352,1.0246352,1.0319575,1.0368385,1.0368385,0.9815384,0.9667891,0.9667891,0.9667891,0.88526666,1.015067,1.0123334,1.009014,1.0111132,0.99778664,1.0055385,0.9955544,0.9812869,0.9823609,0.92534435,0.2,0.3,0.65,0.6666667,0.8333333,0.42837504,0.5741245,0.5096161,0.47410634,0.75695676,0.4,0.7,0.05,0.3,0.65,0.8,0.1,0.55,0.7,0.18333334,-0.4,0.6,-0.5,-0.4,0.46666667,-0.03904433,0.68167484,0.61256117,0.60962266,0.18265878,0.13445865,0.69445664,0.45204616,0.4532817,0.37167782,0.4,0.5,0.35,0.43333334,0.48333332,0.6,0.5,0.65,0.56666666,0.5,-0.2,0.0,-0.3,-0.13333334,-0.016666668,0.36917657,0.6947206,0.394655,0.5513464,0.55234766,0.63082343,0.30527937,0.605345,0.4486536,0.44765237,-0.26164684,0.38944128,-0.21069,0.1026928,0.10469528,1.1857182,1.0595648,0.99416625,1.0700499,1.0469955,0.23012471,0.33187544,0.35453138,0.37306705,0.31667873,0.67496663,1.6694608,1.5552961,1.3446776,1.1464097,0.5252703,0.5427267,0.44463095,0.46927604,0.50616604,0.47472975,0.4572733,0.5553691,0.530724,0.49383393,0.05054051,0.085453406,-0.11073812,-0.06144793,0.01233213
33,SH601021,0.02096639212820166,0.625,,,,SH601021,春秋航空,2026-08-28,0.0061629917,0.01438027,0.42857274,0.0027390486,0.19047268,0.0054782294,0.38095456,0.008902173,0.6190546,0.9938747,1.0027223,0.9884301,0.9959293,0.9889205,1.0009496,1.0546587,1.0233196,1.0243748,0.99647564,0.9992613,1.0165242,1.0218775,1.0289227,0.007259592,0.007846783,0.023359153,0.022461534,0.02434399,0.003271087,-0.0009822779,-0.0034800505,-0.001614634,-0.00049423403,0.5075745,0.14364712,0.7768281,0.400471,0.12571341,-0.0030178395,0.0051589017,0.016536288,0.0015346885,-0.014342726,1.0082252,1.0122137,1.0746597,1.0746597,1.1141397,0.98181444,0.98181444,0.98181444,0.98181444,0.979091,1.0010552,1.004685,1.0385776,1.0385776,1.0548908,0.9915796,0.9921283,0.99959904,1.0012873,1.0051281,0.8,0.5,0.25,0.16666667,0.11666667,0.6885652,0.59822327,0.19586934,0.19586934,0.1548256,0.6,0.1,0.2,0.46666667,0.11666667,0.4,0.7,0.85,0.9,0.033333335,0.2,-0.6,-0.65,-0.43333334,0.083333336,0.53765684,-0.02897735,0.602967,0.57843614,0.57578653,0.788839,-0.010251767,-0.25972638,-0.1276754,0.12543373,0.6,0.5,0.45,0.46666667,0.48333332,0.4,0.5,0.55,0.53333336,0.51666665,0.2,0.0,-0.1,-0.06666667,-0.033333335,0.67796576,0.49319234,0.35465777,0.46368724,0.48584387,0.3220342,0.5068076,0.64534223,0.53631276,0.51415616,0.35593155,-0.013615292,-0.29068446,-0.07262554,-0.028312275,1.0531206,1.0995674,1.4039072,1.7263172,2.4038703,0.23179017,0.24865477,0.48601288,0.65829635,1.1963873,0.89462423,0.89706075,1.0484666,1.1027734,1.6482656,0.34199545,0.4281002,0.45325392,0.456792,0.4832666,0.6580046,0.57189983,0.5467461,0.543208,0.5167334,-0.3160091,-0.14379963,-0.09349215,-0.086415984,-0.033466797
34,SH600061,0.020764627580548464,0.75,,,,SH600061,国投资本,2026-08-28,0.0,0.01382493,0.0,0.0046083373,0.3333353,0.009216594,0.6666647,0.004608256,0.33332938,1.0,1.0046084,0.9907834,0.9993383,0.96006685,0.9769208,1.0015185,1.0030367,0.9456423,0.9858791,0.9743699,0.98274374,0.9848214,0.9860462,0.019035446,0.018693427,0.01719941,0.016039604,0.022461263,0.011053748,0.004341626,-0.0010743921,-0.0005858993,0.00016619805,0.84301066,0.49446827,0.13657352,0.10340948,0.016698726,-0.007986646,0.0060927947,0.027463006,0.023674183,0.009050976,1.0061089,1.0061089,1.0139245,1.0185151,1.0281194,0.9554409,0.94940245,0.94940245,0.94940245,0.9215872,1.0006074,0.9963559,1.0006074,1.0003037,1.0030367,0.9677802,0.96006685,0.96279985,0.9690252,0.9690252,0.8,0.9,0.8,0.78333336,0.675,0.87943345,0.89227206,0.7841901,0.7321027,0.7360473,0.8,0.9,0.1,0.033333335,0.23333333,0.2,0.3,0.65,0.76666665,0.083333336,0.6,0.6,-0.55,-0.73333335,0.15,0.7289114,0.6150456,0.5200199,0.4931998,0.41013238,0.8595652,0.3851915,0.3995959,0.41885918,0.5385688,0.8,0.6,0.5,0.53333336,0.5,0.2,0.3,0.45,0.43333334,0.45,0.6,0.3,0.05,0.1,0.05,0.93399274,0.64179075,0.49500978,0.49463513,0.53501564,0.066007264,0.35820922,0.5049902,0.50536484,0.46498436,0.8679855,0.28358155,-0.009980411,-0.0107297255,0.07003128,1.2278136,1.0551199,1.0523098,1.2351073,1.5216858,0.5021971,0.41356796,0.3206581,0.49419522,0.6524072,1.3890709,1.3523825,1.2048683,0.997584,1.304576,0.5667221,0.50202733,0.49136743,0.45262474,0.4968267,0.4332779,0.49797264,0.5086326,0.54737526,0.5031733,0.13344419,0.0040547093,-0.017265152,-0.09475055,-0.006346594
35,SH601939,0.020705177560182392,0.6875,,,,SH601939,建设银行,2026-08-28,0.014231537,0.02182168,0.65217423,0.0,0.0,0.007590143,0.3478258,0.02182168,1.0,0.9859682,1.0,0.9784845,0.992772,0.984932,0.9581036,1.015068,0.95038587,0.91951483,0.99625134,0.98820287,0.9704153,0.97373515,0.9479174,0.004241541,0.011404652,0.021774495,0.023318669,0.03680324,-0.00022050583,0.0030982362,0.0031556305,0.0007508865,0.0012407692,0.0067566712,0.6765133,0.7350961,0.080360524,0.34666473,0.0041896407,-0.0021449258,-0.00039376147,0.01537702,0.015479899,1.0064131,1.0064131,1.0064131,1.0270287,1.0270287,0.977418,0.9533253,0.9213535,0.9213535,0.8571047,0.99853,0.9972804,0.9911797,0.99558985,0.9816979,0.99544287,0.98309445,0.94737226,0.955384,0.91106206,1.0,1.0,1.0,0.93333334,0.96666664,0.7788204,0.8791978,0.9246042,0.74422824,0.8409364,0.4,0.7,0.85,0.3,0.65,0.2,0.1,0.15,0.43333334,0.35,0.2,0.6,0.7,-0.13333334,0.3,-0.75714123,-0.1596248,-0.5252985,-0.04467059,0.30052087,-0.54401195,-5.7788144e-05,0.0150752,0.17507863,0.28988862,0.6,0.7,0.6,0.6333333,0.5833333,0.2,0.2,0.35,0.33333334,0.4,0.4,0.5,0.25,0.3,0.18333334,0.72527486,0.8,0.46196663,0.5745856,0.5550528,0.27472514,0.2,0.53803337,0.42541438,0.44494718,0.45054975,0.6,-0.07606674,0.14917125,0.11010561,1.2141248,1.2777054,1.5672134,1.558403,1.4699492,0.19883461,0.2542339,0.53031886,0.5097571,0.44549105,0.8638285,0.75561476,1.388998,1.2199788,1.0792298,0.48042676,0.4735006,0.39437476,0.42349663,0.5067815,0.5195733,0.5264994,0.6056253,0.5765034,0.49321845,-0.0391465,-0.052998766,-0.2112505,-0.15300675,0.013563075
36,SH600905,0.020172921111234556,0.75,,,,SH600905,三峡能源,2026-08-28,0.0026953574,0.008086302,0.33332387,0.0026954722,0.33333805,0.0026954722,0.33333805,0.0026953574,0.33332387,0.9973119,1.0026882,0.99462366,0.9987429,0.99246234,1.0025126,1.0477388,1.0100503,1.1432161,1.0,0.99824125,1.0100503,1.0215243,1.0302346,0.0035533076,0.0039372416,0.016884338,0.022009943,0.039198294,0.0010050157,0.000502511,-0.0023123159,-0.0022532025,-0.0013331453,0.19999544,0.14932014,0.65643877,0.81220245,0.35279346,-0.0020100542,-0.00050252763,0.011916711,0.011147107,0.009093244,1.0077124,1.0077124,1.0642128,1.0642128,1.1552061,0.98959666,0.98959666,0.98959666,0.98959666,0.97103167,1.001005,1.0,1.0160805,1.0457287,1.0592966,0.998995,0.9944724,0.99949753,1.0,0.99949753,0.6,0.7,0.35,0.23333333,0.26666668,0.5742716,0.5742716,0.13942493,0.13942493,0.15728745,0.6,0.8,0.1,0.4,0.016666668,0.2,0.6,0.8,0.8666667,0.41666666,0.4,0.2,-0.7,-0.46666667,-0.4,0.6842199,0.36349502,0.72849995,0.8250339,0.71309876,0.5810862,0.18770769,0.011975085,0.085125744,0.02548736,0.6,0.4,0.3,0.4,0.38333333,0.2,0.5,0.55,0.46666667,0.48333332,0.4,-0.1,-0.25,-0.06666667,-0.1,0.7142839,0.4705879,0.28888908,0.47560975,0.36097565,0.28571615,0.5294121,0.71111095,0.5243903,0.6390243,0.4285677,-0.05882416,-0.42222187,-0.0487805,-0.2780487,1.1462305,1.0828137,1.3371475,1.6880083,2.2355833,0.20262584,0.23761037,0.4605206,0.7819058,1.2250526,0.70464057,0.5662219,1.1217242,1.7594733,1.432707,0.6451939,0.43200585,0.43444937,0.37784076,0.45289975,0.35480615,0.5679941,0.5655506,0.62215924,0.54710025,0.2903877,-0.13598827,-0.13110124,-0.2443185,-0.094200484
37,SH601788,0.02013462880882249,0.6875,,,,SH601788,XD光大证,2026-08-28,0.013040514,0.033630777,0.38775536,0.017158566,0.5102043,0.0034316964,0.10204035,-0.0006863563,-0.020408576,0.98712736,1.0169377,0.98373985,0.99781066,0.9532375,0.9758479,0.99126416,0.9784173,0.9337102,0.97533405,0.9688078,0.9770041,0.97985613,0.9797277,0.018648747,0.016511729,0.0150705585,0.014717841,0.024545455,0.01171633,0.0025133102,-0.0011231824,-0.00076983933,0.00022920914,0.9867882,0.2123824,0.19440612,0.21203803,0.026596319,0.0012333015,0.019882265,0.0336661,0.03130654,0.01351067,1.0169377,1.0169377,1.0169377,1.0169377,1.0402563,0.9502472,0.9441741,0.9441741,0.9441741,0.9008051,0.9889003,0.9828366,0.9919836,0.9930113,1.0001028,0.9591984,0.95405966,0.9596095,0.9664954,0.96330935,1.0,1.0,1.0,0.95,0.7916667,0.7460253,0.7672229,0.7672229,0.7672229,0.7113236,1.0,1.0,1.0,1.0,0.35,0.2,0.4,0.7,0.8,0.033333335,0.8,0.6,0.3,0.2,0.31666666,0.94150746,0.7640627,0.6231138,0.59837174,0.3401952,0.41182134,0.2963954,0.4503604,0.15943035,0.41414756,1.0,0.7,0.55,0.6,0.55,0.0,0.3,0.45,0.4,0.45,1.0,0.4,0.1,0.2,0.1,1.0,0.6441717,0.53046584,0.53962266,0.54163975,0.0,0.35582832,0.46953413,0.46037734,0.45836022,1.0,0.2883434,0.060931735,0.07924531,0.08327953,0.62949854,0.54655653,0.5689505,0.61382437,0.9429947,0.275769,0.21945049,0.19981284,0.2110885,0.5011059,0.8201864,0.8561793,0.97523475,1.0605464,1.4480628,0.91956913,0.6037392,0.56277853,0.5014984,0.4987875,0.08043087,0.39626077,0.4372215,0.49850157,0.50121254,0.83913827,0.20747843,0.125557,0.002996834,-0.002425018
38,SH600028,0.019595567719102293,0.8125,,,,SH600028,中国石化,2026-08-28,0.03018862,0.035849057,0.84210366,0.0037736513,0.105265014,0.0018867835,0.05263133,0.028301753,0.78946996,0.97069603,1.0036631,0.96886456,0.99088,0.93425196,0.91574806,0.9633858,0.9212599,0.86338586,0.98070866,0.95692915,0.94385827,0.94643044,0.9093701,0.01173201,0.027296707,0.025587011,0.021600517,0.04474851,0.0034252019,0.00820329,0.0025925047,0.00046858616,0.0020586206,0.21309216,0.8278795,0.3593089,0.03647139,0.64549845,0.012440927,0.006156044,0.031512924,0.046775036,0.029900594,1.0036631,1.0036631,1.0036631,1.0036631,1.0036631,0.93424535,0.91222125,0.90475905,0.90475905,0.81134975,0.98551184,0.9774803,0.9703937,0.9657481,0.9488189,0.9748819,0.9327559,0.9237008,0.9299213,0.8657481,1.0,1.0,1.0,1.0,1.0,0.94723153,0.95994097,0.9629634,0.9629634,0.9809526,1.0,1.0,1.0,1.0,1.0,0.2,0.1,0.5,0.6666667,0.3,0.8,0.9,0.5,0.33333334,0.7,0.29029953,0.6365915,0.48445702,0.45583433,0.041472454,0.9318074,0.8790116,0.51083976,0.5512049,0.49594554,0.6,0.6,0.55,0.53333336,0.51666665,0.4,0.4,0.45,0.43333334,0.45,0.2,0.2,0.1,0.1,0.06666667,0.85836935,0.8184523,0.5756097,0.6121075,0.59654975,0.14163063,0.18154767,0.42439032,0.38789248,0.40345028,0.7167387,0.63690466,0.15121935,0.22421505,0.19309945,1.0038784,0.816538,0.75719297,0.8120448,0.84596366,0.51026505,0.4200832,0.32104504,0.32169786,0.27552158,1.3357747,1.580929,1.5135603,1.4884236,1.2265407,0.55827785,0.5615357,0.5164651,0.49652278,0.50980294,0.44172215,0.43846425,0.48353484,0.5034772,0.4901971,0.11655569,0.12307147,0.032930296,-0.0069544367,0.019605827
39,SH601377,0.0195573849805963,0.6875,,,,SH601377,兴业证券,2026-08-28,0.0,0.010118076,0.0,0.0033727614,0.33334023,0.0067453138,0.6666598,0.0033725523,0.33331954,1.0,1.0033728,0.99325466,0.99830407,0.9763873,0.98465174,1.0182999,1.014758,0.9698938,0.99303424,0.9856553,0.99208975,1.0003738,1.0034043,0.011023312,0.01131076,0.013160122,0.016739488,0.020624215,0.0061393087,0.0026582254,-0.001088316,-0.0014896523,-0.00012449361,0.77545166,0.5063041,0.23936369,0.61374384,0.011113201,-0.005312886,0.002382706,0.018249247,0.021226062,0.00026835548,1.0033728,1.0033728,1.0236962,1.0364012,1.0578153,0.9742821,0.96626925,0.96626925,0.96626925,0.9468447,1.0005903,1.0,1.0005903,1.0151123,1.0190083,0.9821724,0.9760331,0.9807556,0.9842976,0.9842976,0.7,0.85,0.775,0.51666665,0.39166668,0.88406044,0.9090986,0.58736765,0.48096192,0.47900373,1.0,1.0,0.1,0.06666667,0.2,0.2,0.5,0.75,0.8333333,0.05,0.8,0.5,-0.65,-0.76666665,0.15,0.78581065,0.7349426,0.7286159,0.7541223,0.5436229,0.9335468,0.6995324,0.42299867,0.31361103,0.43621495,0.8,0.7,0.5,0.53333336,0.5,0.2,0.3,0.4,0.4,0.46666667,0.6,0.4,0.1,0.13333334,0.033333335,0.89999825,0.658536,0.40372685,0.46130013,0.5226264,0.100001775,0.34146398,0.5962731,0.53869987,0.47737363,0.79999644,0.317072,-0.19254628,-0.07739971,0.04525276,1.1689268,1.0031911,1.0893248,1.2341418,1.7698388,0.49717924,0.38063267,0.3743099,0.431706,0.9913637,1.4383557,1.4892011,1.4233445,1.0763841,2.082632,0.56226045,0.5220416,0.47113723,0.43729308,0.47863656,0.43773955,0.4779584,0.5288628,0.5627069,0.52136344,0.1245209,0.04408319,-0.057725538,-0.12541382,-0.042726856
40,SZ002027,0.01903783146378322,0.75,,,,,,2026-08-28,0.006072868,0.01417008,0.42856976,0.0040486064,0.2857151,0.0040486064,0.2857151,0.006072868,0.42856976,0.9939638,1.0040241,0.98993963,0.9974385,0.9858447,1.0221105,1.1307908,1.0059663,1.0521759,0.9955545,0.9959523,1.0252281,1.0379387,1.0089983,0.0082303025,0.006919944,0.032900207,0.040201444,0.0497614,0.0030182444,2.5524036e-05,-0.004751497,-0.0026534707,0.0008406802,0.3362151,0.00012471105,0.7300148,0.33763465,0.08705151,-0.0015910108,0.003932863,0.019911086,0.00053661753,-0.033798285,1.0080248,1.0240725,1.1307391,1.134815,1.134815,0.9758311,0.97377306,0.97377306,0.97377306,0.89745003,1.0003978,1.0003978,1.0643425,1.0688348,1.0440336,0.99150676,0.9923023,0.99759007,1.0,0.9552644,0.7,0.7,0.35,0.23333333,0.43333334,0.75073326,0.5214155,0.16708651,0.1628577,0.43203503,0.6,0.1,0.05,0.3,0.65,0.2,0.5,0.75,0.8333333,0.26666668,0.4,-0.4,-0.7,-0.53333336,0.38333333,-0.56812316,0.0040642787,0.4083529,0.43502805,0.03923339,-0.014289315,-0.3146754,-0.5558092,-0.034176312,0.18506467,0.6,0.5,0.35,0.43333334,0.45,0.4,0.5,0.6,0.5,0.51666665,0.2,0.0,-0.25,-0.06666667,-0.06666667,0.68501437,0.37246963,0.25221622,0.49323422,0.47077325,0.31498563,0.6275304,0.7477838,0.5067658,0.5292267,0.3700287,-0.25506076,-0.49556756,-0.013531545,-0.058453474,1.2520893,1.6859716,1.9280447,1.9678808,2.0433056,0.23234217,0.5609246,0.69120115,0.6875826,0.55151576,0.9721153,1.1919171,1.5627801,1.3085275,1.0789802,0.050417043,0.26513073,0.41367996,0.4584658,0.49857533,0.94958293,0.73486924,0.58632004,0.5415342,0.5014247,-0.8991659,-0.46973854,-0.17264012,-0.08306839,-0.0028493663
41,SH601288,0.018864721315832736,0.5,,,,SH601288,农业银行,2026-08-28,0.0014749173,0.011799421,0.12499912,0.0029498346,0.24999824,0.0073746694,0.6250026,0.0058997525,0.5000035,0.9985272,1.0029455,0.99116343,0.99806434,0.9980682,0.9523503,1.0160978,0.9407598,0.9278815,1.0057952,0.99491304,0.9785898,0.983344,0.95844597,0.005348736,0.018979296,0.025194569,0.028122935,0.04059088,-0.0028976065,0.004460577,0.0025238574,0.00046041043,0.0009976296,0.73369646,0.5063296,0.35122368,0.020771636,0.18423901,0.0,-0.014985644,-0.002566441,0.009980015,0.012123933,1.0216196,1.0216196,1.0216196,1.0470058,1.0470058,0.9867387,0.94664574,0.9367043,0.93062705,0.8524431,1.0103025,1.0087572,1.0037347,1.0103025,0.9984546,1.0,0.9917578,0.9523503,0.9538956,0.9263361,0.3,0.55,0.725,0.68333334,0.825,0.38018924,0.71163857,0.7453985,0.5960968,0.75840306,0.4,0.7,0.85,0.3,0.65,0.2,0.1,0.4,0.1,0.35,0.2,0.6,0.45,0.2,0.3,0.29403165,0.17778534,-0.165077,0.13025102,0.24263564,-0.34898418,0.51982236,0.16843265,0.18301484,0.3367707,0.4,0.5,0.4,0.5,0.48333332,0.4,0.4,0.55,0.46666667,0.46666667,0.0,0.1,-0.15,0.033333335,0.016666668,0.5365861,0.78461564,0.4584719,0.575658,0.5457517,0.46341386,0.21538438,0.5415281,0.42434195,0.45424834,0.073172264,0.5692313,-0.083056234,0.15131609,0.091503344,1.5190233,1.7740998,1.9835969,2.1080537,1.9662064,0.36328897,0.5578609,0.5328659,0.5940686,0.5045015,1.0958323,1.2472134,1.2709827,1.0713987,0.9569976,0.3169482,0.42812315,0.37672383,0.45138067,0.5011847,0.68305176,0.5718769,0.6232762,0.54861933,0.49881527,-0.36610356,-0.1437537,-0.24655233,-0.09723865,0.0023694446
42,SH601059,0.01873323210458378,0.6875,,,,SH601059,信达证券,2026-08-28,-0.012956438,0.024146035,-0.5365865,0.0,0.0,0.011189598,0.46341348,-0.0017668392,-0.07317305,1.0131265,1.0131265,0.9886635,1.0004771,0.9811876,0.99000585,0.98883015,0.9829512,0.973545,0.9944739,0.986361,0.991505,0.98933965,0.97499514,0.011584551,0.012399363,0.010539761,0.01094597,0.029189989,0.0055849403,0.0029857631,-0.00041505878,0.00011352228,0.0011307603,0.5810569,0.5315246,0.054278243,0.008335955,0.45769176,-0.005643745,0.00020306603,0.012438028,0.009014281,-0.008352568,1.0131265,1.0131265,1.0131265,1.0131265,1.0288441,0.9767389,0.9675402,0.9675402,0.9597017,0.8667091,1.0015285,0.9995297,0.9995297,0.9994121,0.9970606,0.98495007,0.9753087,0.9807173,0.98036456,0.95873016,0.8,0.9,0.85,0.8666667,0.9,0.6392587,0.7120513,0.7120513,0.7542992,0.822098,1.0,1.0,1.0,1.0,0.46666667,0.6,0.4,0.7,0.26666668,0.1,0.4,0.6,0.3,0.73333335,0.36666667,0.83317727,0.6931728,0.19543518,0.23813665,-0.27854815,0.6220453,0.18904911,0.21191163,0.27275065,0.45078328,0.6,0.5,0.6,0.6,0.51666665,0.4,0.5,0.4,0.4,0.46666667,0.2,0.0,0.2,0.2,0.05,0.69047517,0.5658914,0.5437787,0.53580236,0.51813054,0.3095248,0.4341086,0.45622128,0.4641976,0.4818695,0.38095036,0.13178283,0.08755742,0.07160476,0.036261052,0.8790773,0.6832809,0.57063574,0.5988035,0.7859713,0.19515026,0.25514138,0.22137468,0.21023877,0.34499437,0.827657,1.1037813,1.2028605,0.9681401,1.3059481,0.78037643,0.70291865,0.56908584,0.4676008,0.5066589,0.21962355,0.29708135,0.43091416,0.53239924,0.4933411,0.56075287,0.40583727,0.13817164,-0.06479842,0.013317838
43,SH600018,0.018591400087407523,0.6875,,,,SH600018,上港集团,2026-08-28,0.0019230309,0.013461517,0.14285396,0.003846162,0.28571534,0.007692324,0.5714307,0.0057691927,0.42856932,0.9980807,1.0038388,0.9904031,0.99823076,0.99447525,0.9734807,1.0154697,0.9657459,0.93370175,1.003315,0.99591166,0.9932597,0.99248624,0.9607551,0.006299297,0.010713743,0.011199335,0.011795731,0.03719288,-0.0022099419,0.0026050583,0.0002874581,0.00033235145,0.0017687232,0.30769295,0.54195577,0.023058588,0.06152436,0.6897631,0.001104936,-0.007634397,0.004009438,0.002694673,-0.012932446,1.0148867,1.0148867,1.0231481,1.0231481,1.0231481,0.9904031,0.9691194,0.9691194,0.96260667,0.86725014,1.0066298,1.0055249,1.001105,1.001105,0.99447525,0.99889505,0.99005526,0.9820995,0.9812155,0.9244199,0.4,0.7,0.8,0.8,0.9,0.39197192,0.6747299,0.571559,0.6176486,0.8515176,0.6,0.8,0.05,0.36666667,0.68333334,1.0,0.1,0.55,0.033333335,0.26666668,-0.4,0.7,-0.5,0.33333334,0.41666666,-0.30217466,0.55082583,0.698863,0.253278,-0.13666146,0.28462222,0.42705968,0.44840977,0.393554,0.30172986,0.6,0.7,0.4,0.5,0.55,0.2,0.2,0.45,0.33333334,0.33333334,0.4,0.5,-0.05,0.16666667,0.21666667,0.5714278,0.7000003,0.435185,0.5928142,0.5700934,0.42857218,0.29999968,0.56481504,0.4071858,0.42990664,0.14285567,0.4000006,-0.12963004,0.18562843,0.14018674,1.0584209,0.99422526,1.025531,1.1653802,1.2758039,0.080268174,0.1561709,0.20876601,0.3619108,0.36743337,0.84996027,0.83113456,1.0109185,1.0533378,0.99344647,0.6317993,0.58550787,0.404798,0.4731523,0.48733065,0.36820075,0.41449213,0.595202,0.5268477,0.5126693,0.2635985,0.17101574,-0.190404,-0.053695403,-0.025338687
44,SH601318,0.01859040639464276,0.6875,,,,SH601318,中国平安,2026-08-28,0.0016140501,0.012553812,0.12857051,0.0019727622,0.15714447,0.008967,0.714285,0.008608288,0.685711,0.9983885,1.0019696,0.98943603,0.99724054,0.9552693,0.92662835,0.98302555,0.9078293,0.9221497,0.99474734,0.9641546,0.9596207,0.9626415,0.93375266,0.009882707,0.034114182,0.027141936,0.023909474,0.040634293,0.004871173,0.010712123,0.001309283,0.0001285166,0.001197626,0.6073726,0.9038421,0.08144293,0.0022391346,0.26494566,-0.004489675,-0.012359149,0.027941102,0.035495047,0.030917393,1.0095079,1.0095079,1.0095079,1.0095079,1.0095079,0.95435077,0.91620183,0.91620183,0.9079909,0.83979094,1.001316,1.0000774,0.986896,0.983678,0.9679089,0.98464006,0.9315382,0.93338495,0.94165653,0.88687384,0.6,0.8,0.9,0.93333334,0.96666664,0.8276213,0.8980997,0.8980997,0.9063416,0.9439778,0.6,0.8,0.9,0.93333334,0.96666664,0.2,0.2,0.6,0.033333335,0.26666668,0.4,0.6,0.3,0.9,0.7,-0.37341565,0.34465536,0.40477973,0.28487885,-0.19707893,0.87080544,0.68738556,0.26755694,0.33522135,0.020287868,0.6,0.7,0.55,0.56666666,0.55,0.4,0.3,0.45,0.43333334,0.45,0.2,0.4,0.1,0.13333334,0.1,0.9081735,0.8643602,0.5440965,0.63402474,0.5487805,0.09182652,0.13563977,0.4559035,0.3659753,0.4512195,0.81634694,0.7287205,0.088193014,0.26804942,0.09756099,1.7063549,1.5531443,1.430455,1.6449586,1.8297031,0.6580738,0.5854837,0.45712748,0.63995415,0.69058806,1.302673,1.2356098,1.2349476,1.4110279,1.4864099,0.3102865,0.47556975,0.43427774,0.45687118,0.49676478,0.6897135,0.5244303,0.5657222,0.54312885,0.5032352,-0.379427,-0.048860494,-0.13144451,-0.08625765,-0.0064704493
45,SH601006,0.018539384516900053,0.625,,,,SH601006,大秦铁路,2026-08-28,0.0,0.010504194,0.0,0.0021008386,0.2,0.008403354,0.8,0.006302516,0.6,1.0,1.0021008,0.99159664,0.99630076,0.9814815,0.9853395,1.0439816,0.98919755,1.0462964,0.9970679,0.99614197,1.0026621,1.0108539,1.0020448,0.007409011,0.0088276705,0.015790358,0.019364962,0.028545622,0.0033178993,0.00068275473,-0.0016122516,-0.0014196188,-4.774586e-05,0.5013557,0.054833833,0.3648797,0.416497,0.00085328135,-0.003703703,0.00078563025,0.012654338,0.009730532,-0.00063627755,1.0124745,1.0126897,1.0543549,1.062843,1.062843,0.9771474,0.9771474,0.9771474,0.9771474,0.92189586,1.0012345,1.0030864,1.0089506,1.0270063,1.0271605,0.9907408,0.9876543,0.9907408,0.9952161,0.9827161,0.7,0.65,0.5,0.33333334,0.46666667,0.64688516,0.6429688,0.29598936,0.26667196,0.5541378,0.6,0.4,0.05,0.3,0.65,0.2,0.6,0.8,0.8666667,0.26666668,0.4,-0.2,-0.75,-0.56666666,0.38333333,0.3316159,-0.22719108,0.28669387,0.273411,-0.10091505,0.6915173,-0.44196287,-0.41331226,-0.1286016,-0.09325764,0.6,0.7,0.45,0.5,0.5,0.2,0.2,0.5,0.46666667,0.48333332,0.4,0.5,-0.05,0.033333335,0.016666668,0.8,0.59047616,0.366197,0.51832455,0.4616368,0.2,0.40952384,0.633803,0.48167545,0.5383632,0.6,0.18095231,-0.267606,0.036649108,-0.07672638,1.4163699,1.4141251,1.4713547,1.5029391,1.4258742,0.3519768,0.46554646,0.41567183,0.44095945,0.3992298,1.0795611,1.3495762,1.167439,1.0521047,0.92477274,0.22842303,0.49253574,0.41965294,0.4607605,0.49426416,0.77157694,0.50746423,0.58034706,0.53923947,0.5057359,-0.54315394,-0.014928492,-0.1606941,-0.07847897,-0.011471696
46,SH600585,0.018537685293715377,0.6875,,,,SH600585,海螺水泥,2026-08-28,0.013333318,0.025555588,0.5217378,0.0033333565,0.13043551,0.008888914,0.34782663,0.018888876,0.73912895,0.9868421,1.0032895,0.97807014,0.9936631,0.9545258,0.95175934,1.01755,0.9687906,1.0170313,0.97928596,0.9681768,0.97045046,0.97670966,0.9629204,0.015569015,0.016005395,0.014708053,0.018583676,0.030071063,0.009656779,0.0047087963,-0.00022672664,-0.0007089711,0.0003402383,0.9617945,0.79341143,0.008316924,0.11279647,0.039045293,0.0014004871,0.010633652,0.031703442,0.03357043,0.027042545,1.0032895,1.0032895,1.019242,1.0236039,1.0444967,0.9511963,0.9435921,0.9435921,0.9435921,0.88747895,0.9903865,0.9818277,0.97855973,0.989401,0.98535496,0.9645717,0.95542496,0.95696384,0.96239305,0.93711424,1.0,1.0,0.95,0.8666667,0.8833333,0.9368536,0.9448972,0.7456437,0.70499516,0.71661353,1.0,1.0,0.05,0.3,0.016666668,0.2,0.1,0.55,0.7,0.3,0.8,0.9,-0.5,-0.4,-0.28333333,0.74968857,0.8491706,0.7299023,0.5705186,-0.044504054,0.577293,0.45572886,0.14457089,0.15190677,0.19477876,1.0,0.9,0.6,0.6,0.53333336,0.0,0.1,0.4,0.4,0.46666667,1.0,0.8,0.2,0.2,0.06666667,1.0,0.84359586,0.44522372,0.5544166,0.48717275,0.0,0.15640417,0.5547763,0.44558343,0.5128273,1.0,0.68719167,-0.10955258,0.10883316,-0.025654517,0.85499126,0.69361377,0.77897686,0.8520045,0.95648116,0.30039042,0.2686798,0.3187062,0.3157133,0.3385764,0.5747198,0.843149,1.3795747,1.0318419,1.1053144,0.6539182,0.63051814,0.49700817,0.48343742,0.507469,0.34608182,0.36948186,0.5029918,0.5165626,0.49253097,0.30783638,0.26103628,-0.0059836213,-0.03312518,0.014938046
47,SH601816,0.018523544767397166,0.75,,,,SH601816,京沪高铁,2026-08-28,0.0041322657,0.012396721,0.33333537,0.002066095,0.16666463,0.0061983606,0.5,0.008264531,0.66667074,0.9958847,1.0020576,0.9897119,0.9956531,1.0018691,1.0074766,1.035514,0.9719626,0.9981308,1.0052336,1.0078504,1.0180373,1.0181931,0.98532706,0.007406201,0.008066067,0.014696201,0.015397319,0.041330952,-0.0026168155,-0.0009968823,-0.001974562,-0.00041333537,0.0013598275,0.312101,0.14001535,0.63182867,0.055849154,0.33015406,1.5084987e-08,-0.003364461,0.0007209913,-0.012199746,-0.025441974,1.0224414,1.0329062,1.055396,1.055396,1.055396,0.9897119,0.9897119,0.9897119,0.96802753,0.8944959,1.0119625,1.0157009,1.028785,1.0321496,1.0209346,0.99962616,1.0014952,1.0033644,1.0033644,0.9364485,0.4,0.2,0.1,0.13333334,0.5,0.3143374,0.23818229,0.15663016,0.36594984,0.6557118,0.4,0.4,0.1,0.4,0.7,1.0,1.0,1.0,0.033333335,0.26666668,-0.6,-0.6,-0.9,0.36666667,0.43333334,-0.66555226,0.045552146,0.46404245,0.19165501,-0.15023644,-0.7789575,-0.28154004,-0.22369969,-0.22771879,-0.006193368,0.6,0.6,0.5,0.53333336,0.53333336,0.4,0.4,0.5,0.43333334,0.41666666,0.2,0.2,0.0,0.1,0.11666667,0.48148203,0.45833367,0.40952393,0.54545456,0.5015773,0.518518,0.5416663,0.5904761,0.45454544,0.49842268,-0.03703593,-0.083332635,-0.18095216,0.09090914,0.0031546103,1.1132038,1.1372991,1.2044935,1.4490137,1.6108227,0.2575221,0.2448547,0.2922198,0.5386254,0.6069035,0.72725964,0.74090445,0.69782513,0.84494036,1.0812216,0.5438595,0.5335528,0.3716158,0.40590432,0.492911,0.45614052,0.46644717,0.6283842,0.5940957,0.507089,0.08771896,0.06710566,-0.2567684,-0.18819135,-0.014177992
48,SH600918,0.01764430895396239,0.875,,,,SH600918,中泰证券,2026-08-28,-0.0051993085,0.013864843,-0.37499943,0.0034662264,0.25000113,0.0051993085,0.37499943,-0.0034662264,-0.25000113,1.0052265,1.0087109,0.9947735,1.0006592,0.96494156,0.9599332,0.9833055,0.9833055,0.91986644,0.99532557,0.9804675,0.9786311,0.97840846,0.9554536,0.015811352,0.019628158,0.015392515,0.014151719,0.03290945,0.0076794554,0.0054332977,0.00063012243,0.000164902,0.0014920208,0.589743,0.7023917,0.05865416,0.010522892,0.62691444,-0.01068448,-0.004917309,0.015382759,0.019200437,0.00053182757,1.024021,1.024021,1.024021,1.024021,1.024021,0.9523954,0.94977003,0.94977003,0.94977003,0.85325545,1.0086812,1.0016694,0.9896494,0.98864776,0.984975,0.98263776,0.96494156,0.96761274,0.96761274,0.9215359,0.6,0.8,0.9,0.93333334,0.96666664,0.66463053,0.6764884,0.6764884,0.6764884,0.8593331,0.8,0.9,0.95,0.96666664,0.98333335,0.2,0.3,0.65,0.76666665,0.06666667,0.6,0.6,0.3,0.2,0.9166667,0.11539804,0.7325817,0.5969079,0.6089315,0.0276393,0.6484532,0.66957283,0.5513309,0.45729086,0.5952621,0.6,0.5,0.45,0.46666667,0.48333332,0.4,0.5,0.55,0.53333336,0.51666665,0.2,0.0,-0.1,-0.06666667,-0.033333335,0.81818163,0.67647046,0.5438596,0.5287356,0.54878044,0.1818184,0.3235295,0.4561404,0.4712644,0.45121956,0.6363632,0.35294095,0.08771922,0.057471205,0.0975609,1.6849717,1.2953128,1.0517181,1.079237,1.339135,0.4902588,0.5417355,0.47266755,0.42537758,0.61626136,1.0530815,1.0086923,1.113099,0.9744211,1.4050825,0.5069536,0.49888322,0.49875993,0.44383204,0.50274235,0.4930464,0.50111675,0.5012401,0.55616796,0.49725765,0.013907221,-0.0022335486,-0.0024801423,-0.1123359,0.005484697
49,SH601668,0.016856250113971048,0.8125,,,,SH601668,中国建筑,2026-08-28,0.009049752,0.015837066,0.5714286,0.002262438,0.14285715,0.004524876,0.2857143,0.01131219,0.71428573,0.9910314,1.0022421,0.9865471,0.9948297,0.984862,0.9866429,1.0543188,1.0160285,0.99554765,0.9983972,0.99154055,1.00561,1.0196497,0.9965717,0.0057502612,0.009444879,0.022339644,0.02747997,0.036249023,0.0008904678,0.0025526858,-0.002679449,-0.0026391249,0.0007358085,0.059951667,0.66959673,0.5035082,0.7148074,0.12567152,-0.00017811851,-0.0030276354,0.019844769,0.018617537,-0.018278057,1.0111786,1.0111786,1.0678831,1.0678831,1.0678831,0.97988385,0.9732532,0.9732532,0.9732532,0.9051648,1.0030277,1.0005343,1.0192343,1.0450579,1.0297418,0.9932325,0.98343724,0.9887801,0.9932325,0.9661621,0.6,0.8,0.5,0.33333334,0.55833334,0.64279574,0.70524704,0.28264642,0.28264642,0.58281815,0.6,0.8,0.1,0.4,0.7,0.2,0.2,0.6,0.73333335,0.26666668,0.4,0.6,-0.5,-0.33333334,0.43333334,0.5216061,0.22529411,0.5316557,0.65686727,0.38336018,0.33326066,0.30246353,0.26492885,0.16457276,0.24710508,0.8,0.6,0.4,0.4,0.46666667,0.2,0.3,0.55,0.46666667,0.41666666,0.6,0.3,-0.15,-0.06666667,0.05,0.70731694,0.5949368,0.34358978,0.4693877,0.50425893,0.29268306,0.40506318,0.6564102,0.5306123,0.49574107,0.41463387,0.18987362,-0.3128204,-0.061224565,0.008517849,1.0660071,1.0778596,1.0789727,1.2839797,1.2424097,0.12283769,0.1697726,0.2258088,0.4279311,0.3586566,0.6269763,0.6349265,0.8531484,1.1286508,0.9906652,0.62459785,0.5284861,0.39877626,0.45458776,0.49792662,0.37540215,0.4715139,0.60122377,0.54541224,0.50207335,0.24919567,0.056972183,-0.20244749,-0.090824515,-0.0041467394
50,SH600795,0.016283747602359316,0.875,,,,SH600795,国电电力,2026-08-28,-0.007648177,0.011472265,-0.6666667,0.0,0.0,0.0038240885,0.33333334,-0.0038240885,-0.33333334,1.0077071,1.0077071,0.99614644,1.0016891,0.9845894,0.97495544,0.97880656,0.91521996,0.96497583,1.0000012,0.9899822,0.9806374,0.9710994,0.9365742,0.007826584,0.014668828,0.014786779,0.020234419,0.04126918,0.0028895666,0.0042039035,0.0019340438,0.0019624303,0.001787515,0.3407696,0.7528805,0.598761,0.7289685,0.57219964,-0.005780367,-0.008899744,0.0009892209,0.00044538412,0.0106941145,1.011562,1.0211984,1.0211984,1.0211984,1.0211984,0.98073214,0.9421976,0.9421976,0.9094421,0.85838324,1.0077084,1.0015417,0.99422336,0.9888256,0.97495544,0.9934519,0.98150605,0.967247,0.9560714,0.88942736,0.6,0.8,0.9,0.93333334,0.96666664,0.6249737,0.73166853,0.73166853,0.8103157,0.8698008,0.6,0.4,0.7,0.8,0.9,0.4,0.2,0.6,0.033333335,0.26666668,0.2,0.2,0.1,0.76666665,0.6333333,-0.006071064,-0.19053547,0.1805309,-0.25292286,-0.07769197,0.6499722,0.50118303,0.39572635,0.5894805,0.25849426,0.4,0.5,0.5,0.53333336,0.53333336,0.4,0.4,0.45,0.43333334,0.45,0.0,0.1,0.05,0.1,0.083333336,0.69991964,0.638253,0.5678817,0.6392217,0.5284847,0.3000804,0.36174706,0.43211833,0.3607783,0.47151533,0.39983925,0.27650592,0.13576336,0.27844343,0.056969356,1.7380733,2.2176273,1.9254243,2.2065332,2.3548005,0.44333413,0.86409616,0.67631084,0.77656215,0.81114435,1.0276989,0.9888035,0.99388313,1.0542873,1.0866396,0.19892238,0.44742844,0.40049624,0.4123399,0.4544095,0.8010776,0.55257154,0.59950376,0.58766013,0.5455905,-0.6021552,-0.105143115,-0.19900751,-0.17532022,-0.091181
51,SH600000,0.016261626901861764,0.75,,,,SH600000,浦发银行,2026-08-28,-0.0011099176,0.00998887,-0.11111544,0.0033295972,0.33333072,0.005549355,0.5555538,0.0011098398,0.11110765,1.0011111,1.0044445,0.9944445,0.9995019,1.0055623,1.0111246,1.056646,0.9855508,0.9750655,1.0128893,1.0092194,1.0198325,1.0203674,0.9940051,0.010609151,0.008947125,0.016952427,0.020413468,0.037712317,-0.0049932958,0.0007230416,-0.0020843612,-0.00043024519,0.0010651257,0.5538006,0.059864733,0.5291152,0.03442708,0.24329609,-0.0029026344,-0.012473067,-3.107677e-05,-0.0141288685,-0.02542629,1.0311091,1.0311091,1.0722306,1.0800064,1.0800064,0.9944445,0.9944445,0.9944445,0.975532,0.9007565,1.0235535,1.0144365,1.0295633,1.0313535,1.0233362,1.00624,1.0035292,1.0073525,1.0053321,0.95997703,0.2,0.2,0.1,0.1,0.46666667,0.15152262,0.15152262,0.07142048,0.23420101,0.55366015,0.4,0.7,0.05,0.3,0.65,1.0,1.0,1.0,0.1,0.26666668,-0.6,-0.3,-0.95,0.2,0.38333333,0.5058302,0.6076334,0.3536669,0.51760596,0.26225162,0.5585904,0.46671778,0.3021585,0.49243706,0.36553565,0.4,0.4,0.4,0.5,0.48333332,0.6,0.6,0.6,0.5,0.5,-0.2,-0.2,-0.2,0.0,-0.016666668,0.46147034,0.44888368,0.36369222,0.5196385,0.5183305,0.53852963,0.55111635,0.6363078,0.48036152,0.48166946,-0.07705932,-0.10223266,-0.27261555,0.039276946,0.036661066,1.4185253,1.240018,1.1587594,1.3240296,1.3275756,0.26037222,0.27662602,0.28128752,0.48719916,0.39433444,0.3538743,0.61955976,0.73501986,1.2695571,1.1921344,0.54608226,0.5552971,0.34474072,0.47872454,0.50002265,0.4539177,0.4447029,0.6552593,0.52127546,0.49997738,0.09216455,0.110594206,-0.31051856,-0.042550907,4.5253848e-05
52,SZ000895,0.015879028612555295,0.625,,,,,,2026-08-28,-0.0024066884,0.012434899,-0.19354306,0.0016045567,0.12903658,0.008423653,0.6774204,0.004412409,0.35484073,1.0024124,1.0040209,0.99155605,0.99784106,1.0012072,0.98914784,1.0450364,0.98914784,0.9782957,1.0086871,1.0064353,1.0066972,1.0126007,0.9782355,0.008084731,0.0069887927,0.01636556,0.021590775,0.042183045,-0.005025908,0.00023907157,-0.00075198273,-0.0007614044,0.001568453,0.966135,0.010726623,0.073896185,0.096382014,0.42166448,0.0013646986,-0.0075111305,0.00044671577,-0.001560329,-0.024504868,1.0285451,1.0285451,1.0743916,1.0804183,1.0804183,0.99155605,0.98351115,0.9569826,0.9569826,0.8898324,1.0137497,1.0107789,1.0189044,1.0216365,1.0088526,1.0022572,1.0009658,0.9954936,0.999357,0.9334925,0.2,0.2,0.3,0.23333333,0.6166667,0.22828262,0.3661423,0.36638927,0.34850022,0.5780469,0.4,0.7,0.05,0.3,0.65,1.0,0.1,0.25,0.5,0.26666668,-0.6,0.6,-0.2,-0.2,0.38333333,0.7846782,0.35254923,-0.04266842,0.17721662,-0.010568936,0.8102989,0.6732004,-0.5043169,-0.32023475,-0.075906165,0.2,0.4,0.4,0.5,0.48333332,0.8,0.6,0.6,0.5,0.5,-0.6,-0.2,-0.2,0.0,-0.016666668,0.4848385,0.577101,0.3897449,0.51419145,0.51624167,0.5151615,0.42289898,0.61025506,0.48580855,0.48375833,-0.030323023,0.15420203,-0.22051018,0.028382884,0.03248333,1.2896463,1.3077712,1.6848551,1.9244763,1.9469626,0.25320584,0.24985382,0.81757736,0.8285322,0.6414338,0.9397264,0.7717913,1.8566583,1.3568904,1.2939898,0.50609803,0.42863166,0.41517213,0.44884586,0.4957641,0.49390197,0.57136834,0.5848279,0.55115414,0.50423586,0.012196086,-0.14273669,-0.16965577,-0.1023083,-0.008471767
53,SH600674,0.015608672045061129,0.75,,,,SH600674,川投能源,2026-08-28,-0.009652512,0.013513517,-0.71428573,0.0,0.0,0.0038610047,0.2857143,-0.005791507,-0.42857143,1.0097466,1.0097466,0.9961014,1.0005654,0.9908892,0.9766118,1.027277,0.99450016,0.9806395,1.0105275,1.0038943,0.99443907,1.003211,0.9668463,0.007036682,0.011492931,0.016165063,0.018640056,0.045808658,-0.0025360466,0.0020568373,0.0013784928,-0.0007454477,0.0017323992,0.3247271,0.29359573,0.25452024,0.12394859,0.43621504,-0.005455408,-0.013150141,-0.007534747,0.007597958,-0.017952083,1.0246978,1.0246978,1.0272858,1.0385803,1.0385803,0.98960775,0.9746586,0.962299,0.962299,0.8685239,1.0142996,1.0109109,1.0103886,1.0202994,1.0108608,1.0077999,0.99504465,0.977634,0.9811561,0.9131247,0.2,0.4,0.65,0.43333334,0.71666664,0.29616046,0.5064313,0.58013344,0.49423704,0.77313256,0.6,0.8,0.05,0.06666667,0.53333336,0.2,0.1,0.25,0.5,0.26666668,0.4,0.7,-0.2,-0.43333334,0.26666668,0.879603,-0.05260139,-0.20279899,0.32874626,0.07144074,0.9669544,0.6820112,0.20529035,0.18448676,0.13087612,0.4,0.5,0.45,0.5,0.51666665,0.6,0.5,0.55,0.5,0.48333332,-0.2,0.0,-0.1,0.0,0.033333335,0.58341783,0.6083933,0.43600094,0.50912774,0.5143871,0.41658217,0.39160666,0.56399906,0.49087226,0.4856129,0.16683565,0.21678667,-0.12799813,0.018255485,0.028774193,1.4712641,1.6794294,1.7877039,2.1904209,2.3897262,0.35291952,0.5332361,0.51892376,0.94001603,0.9309204,0.86111206,0.6573939,0.8935768,1.1387707,1.0648175,0.49492916,0.44603005,0.43446022,0.38487855,0.47278687,0.50507087,0.55397,0.5655398,0.6151215,0.52721316,-0.010141695,-0.107939914,-0.13107957,-0.23024291,-0.054426275
54,SZ000538,0.014649317743295276,0.6875,,,,,,2026-08-28,0.0,0.008200034,0.0,0.0008000252,0.09756365,0.007400008,0.9024364,0.0065999827,0.8048727,1.0,1.0008,0.99259996,0.99805415,0.9866024,1.0005997,1.0572013,1.0284028,0.9719991,0.9989614,0.9966621,1.0077317,1.0169814,0.99992144,0.0054682177,0.00625079,0.015070501,0.019411478,0.027769785,0.0019796484,0.0008810319,-0.0020052681,-0.0017468247,0.0006904699,0.3276608,0.1821063,0.61966586,0.62760025,0.18855771,-0.0029206886,-0.0006267496,0.011318368,0.008347647,-0.020290298,1.0106018,1.0136043,1.0674006,1.0674006,1.0674006,0.98060286,0.98060286,0.98060286,0.98060286,0.9258019,1.0010004,1.0008409,1.016881,1.0342033,1.0238426,0.9978424,0.9900029,0.99580085,0.9999605,0.97484195,0.7,0.75,0.375,0.25,0.49166667,0.64659435,0.5877654,0.22347507,0.22347507,0.52400297,0.6,0.4,0.05,0.36666667,0.68333334,0.2,0.6,0.8,0.8666667,0.26666668,0.4,-0.2,-0.75,-0.5,0.41666666,-0.6803729,-0.68538463,0.6554244,0.6487414,0.36225274,-0.52786595,-0.66150284,-0.2750034,-0.084895775,0.4121453,0.8,0.6,0.4,0.5,0.53333336,0.2,0.4,0.6,0.5,0.46666667,0.6,0.2,-0.2,0.0,0.06666667,0.7815016,0.49547008,0.2997229,0.43961918,0.5250185,0.21849844,0.5045299,0.7002771,0.5603808,0.4749815,0.5630031,-0.009059824,-0.4005542,-0.120761655,0.05003703,1.2675076,1.3942227,1.6533759,1.8784885,1.994807,0.22640173,0.22247517,0.43060976,0.6756811,0.72750884,0.74450696,0.8111644,0.82541966,0.9477141,1.0158397,0.0,0.33498424,0.39660096,0.38357258,0.4922518,1.0,0.66501576,0.60339904,0.6164274,0.5077482,-1.0,-0.33003154,-0.20679806,-0.23285481,-0.015496395
55,SH600025,0.014317003153001572,0.75,,,,SH600025,华能水电,2026-08-28,-0.0041666273,0.011458317,-0.36363342,0.0010416876,0.090911046,0.0062500024,0.5454555,0.0010416876,0.090911046,1.004184,1.0052301,0.99372387,0.9984126,1.0024916,1.0049833,1.0589701,1.0290697,1.0207641,1.0131229,1.0108804,1.0168189,1.0297065,1.0032392,0.00967528,0.008741345,0.013745319,0.02249323,0.03878992,-0.0040697684,0.00024665188,-0.0013632495,-0.0021783155,0.0011955148,0.44233602,0.007298334,0.34427783,0.72684133,0.28971568,-0.0049833707,-0.011990313,-0.003868041,0.0018790651,-0.038506866,1.0293165,1.0298522,1.0725734,1.0863298,1.0863298,0.99372387,0.99372387,0.99372387,0.99372387,0.9055553,1.0214286,1.0207641,1.0212624,1.0589701,1.0302325,1.0066445,1.0019933,1.0076412,1.0099667,0.9659468,0.2,0.15,0.075,0.05,0.39166668,0.17633234,0.17371854,0.079596564,0.067772634,0.5224447,0.4,0.4,0.05,0.06666667,0.53333336,1.0,1.0,1.0,1.0,0.25,-0.6,-0.6,-0.95,-0.93333334,0.28333333,0.41943082,0.5711476,0.14341208,0.59882563,0.14201851,0.6386255,0.504753,0.20912172,0.09560272,0.12794171,0.4,0.4,0.35,0.43333334,0.5,0.6,0.6,0.55,0.5,0.43333334,-0.2,-0.2,-0.2,-0.06666667,0.06666667,0.47272786,0.47222248,0.3268294,0.4464833,0.48317632,0.52727216,0.52777755,0.6731706,0.5535167,0.5168237,-0.054544274,-0.055555057,-0.3463412,-0.10703337,-0.033647366,1.1176625,1.0307685,0.93050456,1.0995216,1.1945435,0.10485427,0.2290425,0.22132528,0.4172932,0.3957537,0.44773212,0.46718314,0.75461876,1.2407255,1.0072907,0.65856075,0.58700114,0.48401025,0.40479305,0.4920867,0.34143922,0.41299883,0.5159897,0.595207,0.5079133,0.31712157,0.17400232,-0.031979498,-0.1904139,-0.015826555
56,SH601169,0.013958510001724447,0.6875,,,,SH601169,北京银行,2026-08-28,0.0019684841,0.007873937,0.25,0.0019684841,0.25,0.0039369683,0.5,0.0039369683,0.5,0.9980354,1.0019646,0.9941062,0.9991035,1.0,0.9743687,1.0256313,0.9883151,0.94157565,1.0086695,0.9970976,0.9936299,0.996972,0.974576,0.008436885,0.015657729,0.015290954,0.01494426,0.029694598,-0.004146261,0.0039132363,0.00051239884,-0.00019127494,0.0011750238,0.6037943,0.57256675,0.03930204,0.012696063,0.47757143,-0.00037692353,-0.014707204,0.0015023323,0.005801485,-0.009239177,1.0196233,1.0196233,1.03341,1.03341,1.03341,0.9941062,0.9705193,0.9705193,0.9705193,0.90434235,1.016208,1.0110065,1.0034678,1.0067848,1.0,1.0,0.98401815,0.98341507,0.98416895,0.95062196,0.3,0.6,0.7,0.6333333,0.81666666,0.2309766,0.60037315,0.46876058,0.46876058,0.7411434,0.4,0.7,0.05,0.36666667,0.68333334,1.0,0.1,0.55,0.7,0.28333333,-0.6,0.6,-0.5,-0.33333334,0.4,0.30450702,0.61974764,0.57579714,0.6336834,0.14291018,0.08213607,0.25504386,0.11133518,0.2462493,0.22864571,0.4,0.6,0.4,0.5,0.5,0.4,0.3,0.45,0.36666667,0.4,0.0,0.3,-0.05,0.13333334,0.1,0.5,0.6666662,0.4086023,0.5260504,0.5591151,0.5,0.33333376,0.5913977,0.4739496,0.4408849,0.0,0.33333245,-0.18279539,0.052100796,0.11823024,1.7544715,1.5274434,1.5539047,1.7340915,1.7743881,0.6827081,0.5743294,0.50696456,0.61957276,0.49794123,0.9380733,1.0186709,1.2005337,1.1362716,0.98412013,0.4425078,0.48694122,0.40414023,0.46016857,0.4937367,0.5574922,0.5130588,0.59585977,0.53983146,0.50626326,-0.1149844,-0.026117591,-0.1917195,-0.07966287,-0.012526554
57,SZ000768,0.013670510353882172,0.75,,,,,,2026-08-28,0.01495323,0.036448672,0.41025445,0.00841132,0.23077165,0.013084121,0.3589739,0.01962603,0.5384567,0.9852671,1.0082874,0.97237575,0.9980852,0.96502125,0.9866773,0.97192144,0.9102442,0.9645967,0.9710935,0.9728026,0.971396,0.9651133,0.95235145,0.023199275,0.019020442,0.015798239,0.017247517,0.02744279,0.0067197317,-0.00073023484,0.00018270082,0.0010277518,0.00056101626,0.20974664,0.013511244,0.004680925,0.27518523,0.12746595,0.0154670775,0.030483464,0.02686833,0.01998432,0.031098593,1.0082874,1.0082874,1.0129212,1.0129212,1.0450637,0.9351039,0.9351039,0.9351039,0.91620487,0.88400877,0.9867516,0.9908281,0.9873249,0.9830574,0.9689916,0.9515818,0.9580149,0.9590234,0.9543631,0.9255839,1.0,1.0,1.0,1.0,0.98333335,0.8867586,0.8867586,0.833955,0.8664014,0.72019666,1.0,1.0,0.5,0.6666667,0.1,0.6,0.8,0.9,0.033333335,0.45,0.4,0.2,-0.4,0.6333333,-0.35,0.07317247,0.094056234,0.35145226,0.15377338,0.23436609,-0.05036251,-0.06413226,0.35261896,0.30578494,0.102866545,0.8,0.7,0.5,0.53333336,0.48333332,0.2,0.3,0.5,0.46666667,0.51666665,0.6,0.4,0.0,0.06666667,-0.033333335,0.64835644,0.5398539,0.54712266,0.609905,0.517624,0.35164356,0.46014616,0.4528773,0.39009497,0.48237598,0.29671288,0.07970771,0.09424537,0.21981005,0.03524805,0.7908946,0.628121,0.6383021,0.6319267,0.68024564,0.15250582,0.22145851,0.2483169,0.21501328,0.25382137,0.5799975,0.93527895,1.0408832,1.0689034,1.239399,0.8084833,0.43768972,0.53661627,0.5330419,0.5058617,0.19151667,0.5623103,0.46338373,0.46695814,0.49413827,0.61696666,-0.12462059,0.07323254,0.06608374,0.011723454
58,SH601018,0.012696257961283885,0.6875,,,,SH601018,宁波港,2026-08-28,0.0058139204,0.026162729,0.2222215,0.0029069602,0.11111075,0.017441848,0.66666776,0.020348808,0.7777785,0.99421966,1.0028901,0.97687864,0.9912116,0.9758551,0.9657948,1.0060363,0.98792756,0.97987926,0.99758554,0.9845071,0.98058355,0.98383635,0.96787393,0.006882329,0.015957646,0.016033908,0.014780775,0.024161823,0.0018108608,0.004792391,0.00063690345,-0.00017323147,0.00077575754,0.17307699,0.82675755,0.05522509,0.010645374,0.31440717,-0.0012072519,-0.006072814,0.013365896,0.01867548,0.009241219,1.013825,1.013825,1.0198628,1.0198628,1.0198628,0.9726229,0.9559942,0.95310605,0.95310605,0.89179456,1.0016097,0.9967807,0.9943662,0.9943662,0.98792756,0.993159,0.97303826,0.96498996,0.96941656,0.94768614,0.8,0.9,0.9,0.8666667,0.93333334,0.66445744,0.7609393,0.7024601,0.7024601,0.8449045,0.6,0.8,0.05,0.36666667,0.68333334,0.2,0.2,0.4,0.6,0.26666668,0.4,0.6,-0.35,-0.23333333,0.41666666,-0.47111815,0.22354867,0.46814707,0.33953562,0.19952329,-0.082328446,0.37704748,0.2556953,0.19333632,0.07253239,0.8,0.6,0.45,0.5,0.56666666,0.2,0.3,0.45,0.36666667,0.35,0.6,0.3,0.0,0.13333334,0.21666667,0.73076963,0.70731694,0.48235282,0.5263158,0.5173611,0.2692304,0.29268306,0.5176472,0.47368422,0.4826389,0.4615392,0.41463384,-0.035294376,0.05263158,0.034722205,1.0463442,1.0577979,0.9870964,0.9940545,0.9908574,0.13399248,0.24102807,0.22680792,0.26066923,0.2584741,0.48728934,0.92679423,0.88723546,0.91745496,0.92643213,0.5426252,0.541888,0.5077971,0.4316902,0.4941785,0.45737478,0.45811197,0.49220288,0.56830984,0.50582147,0.08525041,0.08377604,0.015594268,-0.13661964,-0.0116429655
59,SZ003816,0.01253796553595002,0.625,,,,,,2026-08-28,0.01678657,0.023980886,0.69999784,0.0047962116,0.20000143,0.0023981058,0.10000072,0.014388463,0.59999716,0.9834906,1.004717,0.98113203,0.9956191,0.9053255,0.90729785,0.9723866,0.9289941,1.0394478,0.9617357,0.9368836,0.9361933,0.9452334,0.9396121,0.035981845,0.03579396,0.0286132,0.027348261,0.034108825,0.022090714,0.010112963,0.00063917204,-0.0009833414,-0.0002734161,0.94230765,0.7317264,0.017465085,0.10019611,0.019598123,-0.005917144,0.017608026,0.05773456,0.06902504,0.06845366,1.004717,1.004717,1.004717,1.004717,1.0464308,0.90339375,0.9022034,0.9022034,0.9022034,0.87276584,0.9873767,0.97790927,0.9621302,0.9731756,0.9767259,0.9293886,0.91084814,0.9112426,0.9167653,0.9092702,1.0,1.0,1.0,1.0,0.96666664,0.95344573,0.95398635,0.95398635,0.95398635,0.73264134,1.0,1.0,1.0,1.0,0.016666668,0.2,0.1,0.55,0.7,0.38333333,0.8,0.9,0.45,0.3,-0.36666667,0.6915171,0.8090828,0.73765737,0.6032808,0.48529822,0.5216867,0.6790303,0.40886903,0.3276245,0.21229382,1.0,0.8,0.55,0.53333336,0.48333332,0.0,0.2,0.45,0.46666667,0.5,1.0,0.6,0.1,0.06666667,-0.016666668,1.0,0.86153865,0.55468744,0.59278345,0.4739583,0.0,0.13846137,0.44531256,0.40721652,0.5260417,1.0,0.7230773,0.109374896,0.18556693,-0.052083347,1.0920136,0.850133,0.8174971,0.82257754,0.8162986,0.38689217,0.39099228,0.32260522,0.29304636,0.23959231,1.1091493,1.4400941,1.2206153,1.1296169,1.0429679,0.66408396,0.5445651,0.52356267,0.47973862,0.5106504,0.33591604,0.45543492,0.47643736,0.5202614,0.48934963,0.32816795,0.08913013,0.047125287,-0.04052277,0.021300744
60,SH600015,0.012438753339500182,0.5625,,,,SH600015,华夏银行,2026-08-28,-0.0075757266,0.016666647,-0.45454416,0.0030303067,0.18181862,0.0060606133,0.36363724,-0.00454542,-0.27272552,1.0076336,1.010687,0.99389315,0.99920213,1.0244821,1.0091808,1.06403,1.0072975,0.9795198,1.0241054,1.0190914,1.0262476,1.0273226,1.007066,0.018453842,0.015250096,0.017822245,0.019275742,0.029391149,-0.011134646,0.0008745625,-0.0016478339,-0.0003912068,0.00094619155,0.910163,0.030147268,0.2992058,0.031922158,0.31610027,-0.0018361403,-0.023026846,-0.010593197,-0.021650134,-0.034978695,1.051978,1.051978,1.0763788,1.0763788,1.0763788,0.99389315,0.99389315,0.99389315,0.98839974,0.92432237,1.036064,1.0312147,1.0359699,1.0359699,1.0292844,1.0084746,1.0061206,1.0085688,1.0103106,0.9878531,0.2,0.1,0.05,0.05,0.35833332,0.10513706,0.10513706,0.074035585,0.13185245,0.49769422,0.4,0.7,0.05,0.36666667,0.68333334,1.0,1.0,1.0,0.1,0.26666668,-0.6,-0.3,-0.95,0.26666668,0.41666666,-0.60750246,0.20540893,0.13602304,0.27186865,0.2339329,0.22401184,0.040960364,-0.03902287,0.09434398,0.175837,0.4,0.3,0.3,0.43333334,0.48333332,0.6,0.5,0.6,0.46666667,0.46666667,-0.2,-0.2,-0.3,-0.033333335,0.016666668,0.3322581,0.45433256,0.33042386,0.4877857,0.51609325,0.6677419,0.54566747,0.6695761,0.5122143,0.48390678,-0.33548382,-0.09133489,-0.33915225,-0.024428578,0.03218646,0.9903632,0.8456231,0.72739565,0.82487243,0.77005655,0.122711465,0.26555848,0.24173462,0.27628732,0.22442934,0.5855753,1.0094106,1.0014884,1.223401,1.0189304,0.69835055,0.59214467,0.46693668,0.5172483,0.51130146,0.30164945,0.40785536,0.53306335,0.48275173,0.48869854,0.3967011,0.1842893,-0.06612666,0.03449657,0.022602923
61,SH600886,0.01173362909406003,0.5,,,,SH600886,国投电力,2026-08-28,-0.015162405,0.026714718,-0.56756747,0.0043321294,0.16216265,0.007220184,0.2702699,-0.01227435,-0.45946023,1.0153959,1.0197947,0.9926686,0.99923646,1.0088004,1.0102736,1.0797204,1.0450228,0.9933448,1.0181823,1.0175245,1.0306352,1.0432916,1.0039083,0.011062873,0.009843922,0.020332674,0.026023656,0.048841894,-0.0043252413,-0.0003074049,-0.0027744337,-0.002433278,0.0018634166,0.3821421,0.008939158,0.65167,0.67756116,0.44395074,-0.009531806,-0.016141197,-0.0042781616,-0.008009063,-0.05887906,1.0359234,1.0373904,1.0889162,1.0960022,1.0960022,0.9926686,0.9926686,0.9926686,0.9926686,0.9076701,1.0236073,1.0236073,1.0469689,1.0693822,1.0475789,1.0152488,1.0085083,1.0143778,1.0196503,0.9528449,0.2,0.1,0.05,0.033333335,0.45,0.16949235,0.16393259,0.07617174,0.07094832,0.49025044,0.6,0.4,0.05,0.3,0.65,1.0,1.0,1.0,1.0,0.26666668,-0.4,-0.6,-0.95,-0.7,0.38333333,-0.85970396,-0.3550528,0.20604292,0.58878833,0.17923047,-0.5426593,-0.17854802,-0.1640196,-0.16420268,0.15565215,0.4,0.4,0.35,0.43333334,0.48333332,0.6,0.6,0.65,0.56666666,0.48333332,-0.2,-0.2,-0.3,-0.13333334,0.0,0.42305118,0.45565102,0.30589643,0.43525124,0.50481516,0.5769488,0.54434896,0.6941036,0.56474876,0.49518484,-0.15389766,-0.08869797,-0.38820714,-0.12949751,0.009630349,0.58756715,0.61892194,0.6321972,0.8521713,0.89182293,0.23324434,0.18429017,0.15052515,0.39335045,0.35559568,0.92330605,0.8273609,0.81902623,0.8168665,0.77561986,0.83647436,0.65892583,0.50142455,0.37544447,0.49831122,0.16352566,0.34107414,0.49857545,0.6245555,0.5016888,0.67294866,0.3178517,0.0028490815,-0.24911106,-0.0033775358
62,SZ001391,0.011389079224197447,0.625,,,,,,2026-08-28,0.009828009,0.017199032,0.571428,0.0049139713,0.2857121,0.0024570518,0.14285989,0.0073710894,0.4285758,0.99026763,1.0048661,0.9878345,0.9996565,0.99056596,1.0188679,1.0589622,1.0353774,1.2004716,1.0018868,1.0014151,1.0204009,1.0296383,1.0409198,0.00734547,0.010904751,0.023275962,0.024311215,0.04826992,-0.00023584883,-0.00062892784,-0.003413603,-0.0022472546,-0.0015084771,0.0025773195,0.030491693,0.75279856,0.66220576,0.29786822,-0.001415093,0.0014150953,0.012028309,0.0029468576,0.0035802915,1.019089,1.0241787,1.0713211,1.085897,1.2099617,0.98554915,0.97863376,0.97863376,0.97863376,0.9549368,1.0080189,1.0080189,1.0396225,1.0518868,1.0570754,0.995283,0.99433964,0.9990566,1.004717,1.004717,0.6,0.5,0.25,0.16666667,0.175,0.4308562,0.4691235,0.23051925,0.19919434,0.17670126,0.6,0.2,0.1,0.06666667,0.016666668,0.8,0.3,0.65,0.76666665,0.26666668,-0.2,-0.1,-0.55,-0.7,-0.25,-0.30391428,-0.33625704,0.077529825,0.29683393,-0.4595505,-0.6876188,-0.50261486,-0.19976519,-0.21826994,-0.23110439,0.8,0.6,0.45,0.46666667,0.45,0.2,0.4,0.55,0.43333334,0.46666667,0.6,0.2,-0.1,0.033333335,-0.016666668,0.6111117,0.42000017,0.37113425,0.44897968,0.38227147,0.3888883,0.5799998,0.6288658,0.5510203,0.61772853,0.22222342,-0.15999964,-0.25773153,-0.10204066,-0.23545706,0.8830516,0.88017666,0.875955,0.94207025,0.9315835,0.31026873,0.26912683,0.2287594,0.27693886,0.2558436,0.96581244,0.7729099,0.74409616,0.91087794,0.7758897,0.6588874,0.5797582,0.51967,0.4757538,0.516158,0.3411126,0.4202418,0.48032996,0.52424616,0.483842,0.31777474,0.15951642,0.03934006,-0.048492365,0.03231602
63,SH601881,0.011233091871834733,0.8125,,,,SH601881,中国银河,2026-08-28,0.0008129663,0.010569114,0.07691906,0.0032521018,0.3076986,0.0065040463,0.6153823,0.0040649106,0.38460276,0.9991877,1.0032494,0.99268895,0.99749506,0.98045826,0.9919138,1.0262804,1.0276281,0.962938,0.9901618,0.98429924,0.99710244,1.0067161,1.012545,0.0114911245,0.012129575,0.017340736,0.02122484,0.030743787,0.00673853,0.002152246,-0.0020732435,-0.0019960792,-0.00012527782,0.85969675,0.28860512,0.5003035,0.68543845,0.005064464,-0.0036388123,0.006015669,0.02259335,0.022227023,-0.008849266,1.0032494,1.0032494,1.0340059,1.0543604,1.1038007,0.9714035,0.96339977,0.96339977,0.96339977,0.93772954,1.0,0.99622643,1.0086254,1.0246631,1.0407008,0.9781672,0.97587603,0.9789758,0.9896227,0.98854446,0.9,0.95,0.525,0.35,0.30833334,0.8979632,0.91845715,0.5183721,0.40237448,0.37496263,1.0,1.0,0.1,0.06666667,0.33333334,0.2,0.5,0.75,0.8333333,0.05,0.8,0.5,-0.65,-0.76666665,0.28333333,0.8432779,0.4110352,0.5259626,0.7122526,0.52719146,0.9453276,0.23935969,0.22916083,0.071257375,0.38557222,0.6,0.6,0.45,0.5,0.51666665,0.2,0.3,0.45,0.43333334,0.45,0.4,0.3,0.0,0.06666667,0.06666667,0.87179565,0.55769193,0.39344215,0.44504008,0.5215011,0.12820436,0.44230807,0.60655785,0.55495995,0.47849885,0.7435913,0.11538383,-0.21311568,-0.10991986,0.043002304,1.0501349,0.9928303,1.0647291,1.2475727,2.0400605,0.42204863,0.35157874,0.3094518,0.44301558,1.1940753,1.5300161,1.102052,1.0826296,1.1005822,1.6699934,0.5374499,0.48941955,0.47710717,0.41796374,0.49000138,0.46255013,0.5105805,0.52289283,0.58203626,0.5099986,0.074899755,-0.021160904,-0.045785677,-0.16407248,-0.019997211
64,SZ300413,0.009813215155559794,0.4375,,,,,,2026-08-28,-0.0028188375,0.010570808,-0.26666245,0.005637797,0.5333364,0.002114174,0.20000115,-0.006342461,-0.5999977,1.0028268,1.0084805,0.99787986,1.0017081,1.0624508,1.1005498,1.1571091,1.0699136,1.1472899,0.996465,1.0331893,1.0857619,1.0883346,1.0784956,0.0054706996,0.040243085,0.06272926,0.054190047,0.048258945,0.0031421888,-0.011328522,-0.010153919,-0.0031534561,-0.0002460426,0.82474345,0.7263993,0.91705453,0.26244378,0.00792802,-0.0027494007,0.017789064,0.010700286,-0.042609505,-0.0712374,1.0285089,1.0991338,1.2016449,1.2016449,1.2016449,0.9761237,0.9761237,0.9761237,0.9761237,0.9761237,1.0004714,1.072113,1.1390415,1.1334642,1.1238806,0.9932443,0.99670064,1.0018853,1.045326,1.0333858,0.8,0.4,0.2,0.13333334,0.083333336,0.45578346,0.19410013,0.105871566,0.105871566,0.105871566,0.2,0.1,0.1,0.4,0.7,0.4,0.7,0.85,0.9,0.95,-0.2,-0.6,-0.75,-0.5,-0.25,-0.8870781,-0.04749453,0.5364321,0.55945814,0.30120203,-0.94326,-0.71289957,-0.48667118,-0.22167525,0.028481465,0.6,0.4,0.3,0.4,0.41666666,0.4,0.6,0.65,0.53333336,0.55,0.2,-0.2,-0.35,-0.13333334,-0.13333334,0.15584435,0.23109215,0.25369433,0.43484625,0.43598497,0.84415567,0.76890785,0.7463057,0.5651537,0.56401503,-0.6883113,-0.5378157,-0.49261138,-0.13030747,-0.12803005,1.4921911,1.4143004,1.7648468,1.874893,1.8940413,0.9914677,0.68501514,0.760365,0.7026718,0.58886373,2.0339458,1.8549737,1.5598713,1.2532376,1.054031,0.4997345,0.4494936,0.42103234,0.44294888,0.48145154,0.50026554,0.5505064,0.5789677,0.5570511,0.5185484,-0.0005310227,-0.10101282,-0.15793534,-0.11410226,-0.037096914
65,SZ002142,0.009755788552138888,0.625,,,,,,2026-08-28,0.002368246,0.018354043,0.12903129,0.006512753,0.35484022,0.009473045,0.5161285,0.005328538,0.29031956,0.99763733,1.0064974,0.98818666,0.997011,1.0058215,0.9509838,0.9414367,0.93433464,0.8743742,0.99883574,0.9892537,0.9661486,0.95870304,0.9289091,0.005315679,0.020877624,0.028450012,0.026348557,0.039513595,0.00033763034,0.004899147,0.0042688805,0.002307295,0.0017543588,0.010085685,0.50476617,0.78800887,0.59428436,0.601234,0.0004889933,-0.011299889,-0.0067029544,0.007841202,0.019337324,1.0111455,1.0126135,1.0126135,1.0126135,1.0126135,0.987816,0.9450235,0.9214085,0.910214,0.8410323,1.0019794,1.0053557,1.0002328,0.99217606,0.9535453,0.99559903,0.9708465,0.94350916,0.9392246,0.88555133,0.6,0.6,0.8,0.8666667,0.93333334,0.52225786,0.8133815,0.86170113,0.8768202,0.9264864,0.6,0.5,0.75,0.8333333,0.9166667,0.6,0.1,0.25,0.1,0.3,0.0,0.4,0.5,0.73333335,0.6166667,0.040921785,0.34917274,0.1326234,-0.13371411,-0.13405576,-0.011116242,0.60962754,0.43012658,0.03211235,0.16976336,0.4,0.5,0.55,0.56666666,0.53333336,0.6,0.5,0.45,0.43333334,0.46666667,-0.2,0.0,0.1,0.13333334,0.06666667,0.42857078,0.7367828,0.6574827,0.6009305,0.59496564,0.5714292,0.2632172,0.3425173,0.39906952,0.40503436,-0.14285843,0.47356558,0.31496543,0.20186098,0.18993129,1.0761639,1.2436532,1.2113143,1.3913544,1.4822823,0.0662582,0.45866722,0.3717849,0.554189,0.516774,0.56914103,1.5130198,1.3733746,1.3223583,1.23524,0.36306638,0.5327729,0.33814868,0.42050788,0.4912617,0.6369336,0.46722707,0.66185135,0.57949215,0.50873834,-0.27386728,0.065545835,-0.32370263,-0.15898427,-0.017476622
66,SH601658,0.009524048905015549,0.6875,,,,SH601658,邮储银行,2026-08-28,0.0,0.008016098,0.0,0.004008049,0.5,0.004008049,0.5,0.0,0.0,1.0,1.004008,0.99599195,1.0001456,0.998557,0.98701304,1.038961,1.020202,0.96825397,1.0083694,1.0008658,0.9994228,1.0096681,0.9983646,0.007315342,0.010298368,0.01128867,0.018378727,0.02177988,-0.002741711,0.0023962588,0.000117177784,-0.001268364,0.00049268134,0.35116732,0.49629757,0.0037711437,0.36911246,0.1560706,-0.0028860115,-0.011648978,-0.0005359915,0.008723166,-0.012898703,1.0187591,1.0187591,1.0403254,1.0470876,1.0470876,0.99406767,0.98212266,0.98212266,0.98212266,0.93536997,1.0118326,1.0101011,1.0077922,1.025974,1.020202,1.0023088,0.99538237,0.99191916,0.994228,0.978355,0.2,0.6,0.7,0.46666667,0.6,0.24025843,0.48796627,0.30715612,0.27518448,0.57851255,0.6,0.8,0.05,0.06666667,0.53333336,0.2,0.1,0.55,0.7,0.18333334,0.4,0.7,-0.5,-0.6333333,0.35,0.34909424,0.51339465,0.5425726,0.6445058,0.24285425,0.41798896,0.4835375,0.32081887,0.31034988,0.3744718,0.4,0.5,0.35,0.4,0.5,0.4,0.4,0.5,0.46666667,0.41666666,0.0,0.1,-0.15,-0.06666667,0.083333336,0.5185185,0.60975546,0.34482762,0.4606743,0.5276382,0.4814815,0.39024454,0.6551724,0.5393257,0.4723618,0.037037037,0.21951093,-0.3103448,-0.07865146,0.05527637,1.600941,1.4745903,1.5284663,1.7130684,1.8067999,0.5529044,0.5007899,0.50915205,0.5710519,0.5906663,0.93813854,1.07131,1.2429765,1.0936357,1.0634335,0.4991686,0.5141805,0.3952518,0.46609038,0.497045,0.50083137,0.48581955,0.6047482,0.5339096,0.502955,-0.0016627673,0.028360909,-0.20949638,-0.06781922,-0.0059099807
67,SH600010,0.008942094541649162,0.75,,,,SH600010,包钢股份,2026-08-28,0.004405247,0.01321582,0.33333132,0.0,0.0,0.008810574,0.6666687,0.01321582,1.0,0.99561405,1.0,0.98684216,0.99410886,0.9608355,0.9827676,0.9780679,0.9300261,1.0616188,0.9930026,0.9785901,0.98279375,0.9745344,0.9868233,0.005016856,0.017289417,0.014608119,0.018173149,0.039428867,0.0026631807,0.004057281,-0.0002587402,0.0011327935,-0.0010517571,0.70449513,0.5048018,0.010980127,0.30112225,0.21702121,0.0016710246,0.0031521493,0.019664297,0.0090401145,0.04420351,1.0002093,1.0002093,1.0175439,1.0175439,1.105483,0.9735807,0.94757134,0.94757134,0.93012863,0.8950342,0.99665797,0.9920627,0.9958224,0.9911227,1.0139948,0.99028724,0.95989555,0.9729504,0.9553003,0.95989555,1.0,1.0,0.925,0.95,0.7416667,0.9921393,0.9960234,0.7492749,0.7993043,0.4987712,0.8,0.9,0.25,0.5,0.18333334,0.2,0.3,0.65,0.033333335,0.4,0.6,0.6,-0.4,0.46666667,-0.21666667,-0.31295916,0.35938534,0.52075756,0.3953637,0.5202484,0.94692343,0.40436268,0.38994914,0.45779094,0.3080212,0.8,0.6,0.55,0.56666666,0.46666667,0.2,0.4,0.4,0.36666667,0.46666667,0.6,0.2,0.15,0.2,0.0,0.9120876,0.5988025,0.55526316,0.6070287,0.47005075,0.087912366,0.4011975,0.4447368,0.39297125,0.52994925,0.8241753,0.19760501,0.11052637,0.21405749,-0.059898496,1.4608697,1.1973655,1.3388401,1.2983928,1.7047918,0.6477942,0.52809906,0.5327218,0.45273003,0.7370511,1.6721447,1.6939176,1.172353,1.0366784,1.3608658,0.4976435,0.4768403,0.49643692,0.48560476,0.48736683,0.50235647,0.5231597,0.5035631,0.51439524,0.51263314,-0.0047129965,-0.04631941,-0.007126157,-0.028790446,-0.02526633
68,SH601868,0.008763633598621864,0.75,,,,SH601868,中国能建,2026-08-28,0.0,0.0079681175,0.0,0.0039840587,0.5,0.0039840587,0.5,0.0,0.0,1.0,1.0039841,0.99601597,1.0006245,0.9850746,0.9962687,1.022388,0.98880595,1.1007463,1.0007463,0.9955224,1.0078357,1.0093284,1.025995,0.005534494,0.008759631,0.016550386,0.015045517,0.03563759,0.0011194141,0.0012211712,-0.002188306,-0.0008608239,-0.001420585,0.10227413,0.17815293,0.6118823,0.25369743,0.4846381,-0.002985084,-0.0010176325,0.01295311,0.0031536096,0.01591226,1.0114447,1.0114447,1.0493019,1.0493019,1.1735785,0.9885672,0.9809583,0.9809583,0.9809583,0.9691868,1.0044776,1.0037314,1.0231344,1.022388,1.0492537,0.99850744,0.98805964,0.99253726,0.9955224,0.9955224,0.5,0.65,0.375,0.28333333,0.24166666,0.4997407,0.62459624,0.27861726,0.27861726,0.1507557,0.6,0.8,0.1,0.4,0.016666668,0.2,0.4,0.7,0.8,0.45,0.4,0.4,-0.6,-0.4,-0.43333334,-0.09617602,-0.17198332,0.6904409,0.60688794,0.795775,0.31528714,-0.21352923,-0.12787448,0.21941344,0.5929017,0.6,0.5,0.4,0.5,0.45,0.2,0.4,0.55,0.43333334,0.48333332,0.4,0.1,-0.15,0.06666667,-0.033333335,0.75000054,0.52631575,0.4210527,0.5200001,0.44000003,0.2499995,0.47368425,0.5789473,0.4799999,0.56,0.500001,0.05263149,-0.1578946,0.040000174,-0.11999997,1.35517,1.3806483,1.7797233,2.1118386,2.8307776,0.2047256,0.26655784,0.55234957,0.7693301,1.4480026,0.7135968,0.61148536,0.7806993,1.1737949,1.9345051,0.5072626,0.37587854,0.3916871,0.43132314,0.46398625,0.49273744,0.6241214,0.6083129,0.5686768,0.5360138,0.014525126,-0.2482429,-0.21662582,-0.1373537,-0.072027504
69,SH601390,0.008672206008496676,0.625,,,,SH601390,中国中铁,2026-08-28,0.013667442,0.020501163,0.6666667,0.002277907,0.11111111,0.004555814,0.22222222,0.015945349,0.7777778,0.98651683,1.0022472,0.98202246,0.993318,0.9675425,0.9799073,1.0370942,0.9768161,1.0278207,0.9919629,0.98346215,0.9954405,1.0000515,0.98608965,0.009860378,0.011973235,0.018832877,0.018800711,0.031302385,0.0047913473,0.0028382726,-0.002060406,-0.0010807134,0.00023946186,0.5902937,0.51510614,0.41892886,0.2560791,0.017849157,-0.0015456089,0.0037656252,0.02413335,0.015618811,0.006846217,1.0075893,1.0075893,1.046231,1.046231,1.046231,0.9641748,0.9641748,0.9641748,0.9641748,0.91168654,1.0006182,0.9938176,1.0092735,1.0139104,1.0092735,0.9836167,0.974034,0.9799073,0.9823802,0.9539413,0.8,0.9,0.575,0.51666665,0.64166665,0.8251888,0.8251888,0.4365935,0.4365935,0.65638876,0.6,0.8,0.05,0.36666667,0.68333334,0.2,0.6,0.8,0.8666667,0.26666668,0.4,0.2,-0.75,-0.5,0.41666666,0.70010614,0.70897675,0.709836,0.57953143,0.18914482,0.72918516,0.43785447,0.22710091,0.20183475,0.3147402,0.8,0.6,0.4,0.5,0.48333332,0.2,0.4,0.55,0.43333334,0.48333332,0.6,0.2,-0.15,0.06666667,0.0,0.7999995,0.6065575,0.39655185,0.5401069,0.4814815,0.20000055,0.39344254,0.60344815,0.45989308,0.5185185,0.5999989,0.21311493,-0.2068963,0.08021383,-0.037037037,0.95511985,0.83910596,0.9306637,1.0836533,1.2621943,0.15271732,0.1730172,0.23503435,0.34666735,0.41067025,0.5922359,0.6426093,0.9197396,0.9249915,0.98090374,0.6544989,0.63300973,0.4537877,0.46648225,0.4966132,0.34550115,0.36699027,0.5462123,0.5335177,0.5033868,0.30899772,0.26601946,-0.092424594,-0.067035496,-0.0067735864
70,SH600115,0.008583796126407245,0.5625,,,,SH600115,中国东航,2026-08-28,0.01136369,0.017045436,0.6666705,0.002840825,0.1666619,0.0028409224,0.16666763,0.011363787,0.66667616,0.988764,1.0028089,0.985955,0.9965292,0.96558696,0.99190277,1.0506073,0.9858299,1.1153846,0.9951417,0.9862348,1.007996,1.0112685,1.0422064,0.011855501,0.01408302,0.029352967,0.026610453,0.049948815,0.0048583,0.0026009094,-0.0038339782,-0.001367692,-0.0021565259,0.41982555,0.31265855,0.5971223,0.20472638,0.56853706,-0.0048582614,0.0020611326,0.02842688,0.008563016,0.021411069,1.0185391,1.0185391,1.0730802,1.0730802,1.1979531,0.96649444,0.9627801,0.9627801,0.9627801,0.9627801,1.0020243,0.9967611,1.0368421,1.0364372,1.0842105,0.98906875,0.9761133,0.98097163,0.99109304,0.9991903,0.8,0.9,0.5,0.4,0.225,0.6437848,0.66751397,0.33744222,0.33744222,0.15826605,0.6,0.8,0.2,0.46666667,0.11666667,0.2,0.5,0.75,0.8333333,0.9166667,0.4,0.3,-0.55,-0.36666667,-0.8,0.49382403,0.4281475,0.38406846,0.34299046,0.7465004,0.79473656,0.38645595,-0.0043052025,0.10907881,0.2707421,0.8,0.5,0.45,0.56666666,0.48333332,0.2,0.4,0.5,0.4,0.48333332,0.6,0.1,-0.05,0.16666667,0.0,0.7741934,0.53846174,0.39316252,0.51871663,0.4500876,0.2258066,0.46153826,0.6068375,0.4812834,0.5499124,0.5483868,0.0769235,-0.21367498,0.03743321,-0.09982477,1.4251763,1.3091697,1.3543267,1.4853094,1.9506522,0.38893977,0.30411738,0.32028514,0.35505074,0.7207371,0.6165562,0.683141,0.79505056,0.77507484,1.3219032,0.48261657,0.45714077,0.46901816,0.4480454,0.47319585,0.51738346,0.54285926,0.53098184,0.55195457,0.52680415,-0.034766875,-0.085718475,-0.06196365,-0.10390918,-0.05360832
71,SH603288,0.008473747227379244,0.5625,,,,SH603288,海天味业,2026-08-28,0.009168854,0.019520933,0.46969342,0.0011831216,0.06060784,0.009168958,0.46969876,0.01715469,0.8787843,0.99091446,1.0011724,0.9818288,0.9913059,1.0272342,1.0498043,1.1265819,1.055088,0.9682975,1.0303522,1.0341911,1.054165,1.0644749,1.0312791,0.028171582,0.019878091,0.027917976,0.03118614,0.04377521,-0.014530341,-0.0031170787,-0.004098455,-0.0023597723,0.0015298565,0.6650728,0.22540194,0.7542937,0.44372985,0.37251583,-0.0012915822,-0.020164287,-0.015229725,-0.030258201,-0.076409854,1.0671011,1.0671011,1.1430074,1.1430074,1.1430074,0.9818288,0.9818288,0.9818288,0.9818288,0.92612684,1.0532094,1.0488063,1.0725507,1.0844618,1.0686759,0.9998826,1.0217874,1.0375081,1.0447032,0.99336594,0.4,0.2,0.1,0.06666667,0.33333334,0.2130962,0.2130962,0.11273953,0.11273953,0.34061685,0.6,0.8,0.05,0.36666667,0.68333334,1.0,1.0,1.0,1.0,0.18333334,-0.4,-0.2,-0.95,-0.6333333,0.5,-0.9166519,-0.84498763,-0.17070888,0.18228266,-0.0558568,-0.90382695,-0.8642773,-0.7115138,-0.39516827,-0.0022876046,0.6,0.5,0.35,0.43333334,0.53333336,0.4,0.5,0.65,0.56666666,0.46666667,0.2,0.0,-0.3,-0.13333334,0.06666667,0.33346596,0.3184305,0.23537426,0.4316139,0.5180992,0.66653407,0.6815695,0.7646257,0.56838614,0.4819008,-0.33306807,-0.363139,-0.52925146,-0.13677223,0.03619836,0.91351163,0.69105023,0.6526041,0.72690445,0.8008217,0.63808817,0.4899366,0.35930175,0.3463982,0.3413345,1.8701078,2.1423168,2.117131,1.627672,1.2355878,0.5741744,0.6019531,0.5301318,0.4922675,0.5178523,0.4258256,0.3980469,0.46986818,0.5077325,0.48214772,0.14834881,0.20390618,0.060263652,-0.01546505,0.03570457
72,SH601825,0.008389445324271622,0.625,,,,SH601825,沪农商行,2026-08-28,-0.02106432,0.029933425,-0.7037056,0.006651803,0.2222199,0.0022173023,0.07407446,-0.02549882,-0.8518511,1.0215175,1.0283126,0.99773496,1.0100185,0.9924937,0.97998327,0.9724771,0.9049207,0.9499583,1.0093411,0.9958298,0.97547954,0.9654712,0.93730885,0.011070935,0.0174859,0.027955698,0.02898326,0.04473367,0.0008340368,0.0048727505,0.0034891234,0.0025505116,0.0013226265,0.014188675,0.7118423,0.5452053,0.6001528,0.26662764,-0.011009171,-0.017757205,-0.0086262105,-0.0024536229,0.02367367,1.0377822,1.0377822,1.0377822,1.0377822,1.0377822,0.9831237,0.9595906,0.92749274,0.9028654,0.833425,1.0175146,1.0105088,0.9979983,0.99266046,0.97998327,0.99949956,0.97931606,0.9452877,0.9384487,0.89424515,0.4,0.7,0.85,0.9,0.95,0.3087583,0.5167994,0.6574266,0.7199591,0.8151167,0.8,0.9,0.95,0.96666664,0.98333335,0.2,0.3,0.4,0.033333335,0.3,0.6,0.6,0.55,0.93333334,0.68333334,0.25605127,-0.085448995,0.4136473,0.28411615,0.028876761,0.45895526,0.44885084,0.5599058,0.63024217,0.31844306,0.6,0.5,0.5,0.5,0.5,0.4,0.5,0.5,0.5,0.46666667,0.2,0.0,0.0,0.0,0.033333335,0.5473687,0.58695644,0.5570934,0.6272322,0.5345622,0.4526313,0.41304356,0.44290665,0.3727678,0.4654378,0.09473741,0.17391288,0.11418673,0.2544644,0.06912439,1.3274819,1.3294607,1.3570606,1.4145474,1.3003714,0.23050119,0.23070522,0.43584618,0.45911652,0.40506315,0.23971684,0.5159533,0.7753872,1.0528171,1.0873946,0.48555326,0.2950653,0.4368132,0.49120343,0.5003831,0.51444674,0.70493466,0.5631868,0.5087966,0.49961695,-0.028893482,-0.40986934,-0.12637359,-0.017593127,0.0007661211
73,SH600048,0.007787043875574407,0.5625,,,,SH600048,保利发展,2026-08-28,0.0019305368,0.0366795,0.05263258,0.028957492,0.7894735,0.0057914704,0.15789394,-0.021235485,-0.57894695,0.99807316,1.0289017,0.9922929,1.0065095,1.0,1.0154382,1.0173225,0.93643546,1.0300065,0.9942306,1.0005871,1.0089693,1.001551,0.97023505,0.014853221,0.012317605,0.017715054,0.022477375,0.045825936,0.0063564563,-0.0012725639,-0.00092604925,0.00089407014,0.0012482548,0.45785594,0.09784036,0.09564257,0.12261785,0.22629951,-0.0069435257,0.0051394682,-0.00017186311,-0.014515066,-0.007058581,1.0289017,1.0424263,1.0635706,1.0635706,1.0635706,0.9634334,0.9634334,0.9634334,0.9286922,0.86895716,1.0026963,1.0100311,1.0216134,1.0181054,1.0115967,0.9826484,0.9954048,0.9969559,0.9826484,0.9128651,0.8,0.45,0.325,0.41666666,0.675,0.5585393,0.46291023,0.36516508,0.528682,0.6733492,1.0,0.4,0.4,0.6,0.8,0.2,0.6,0.8,0.033333335,0.38333333,0.8,-0.2,-0.4,0.56666666,0.41666666,0.48905635,0.056199357,0.24159005,0.199355,0.081192344,0.4967727,0.45514974,0.46095058,0.41290137,0.41196236,0.6,0.5,0.5,0.53333336,0.48333332,0.4,0.5,0.5,0.46666667,0.51666665,0.2,0.0,0.0,0.06666667,-0.033333335,0.5,0.43088904,0.46717942,0.5690226,0.4837494,0.5,0.569111,0.5328206,0.43097743,0.5162506,0.0,-0.13822193,-0.065641165,0.13804513,-0.032501217,0.673446,0.6096911,0.6262938,0.63776135,0.59941864,0.22271825,0.22372009,0.19043936,0.18370588,0.16579512,0.8054938,1.0101066,0.8671803,0.9349055,0.93063146,0.6519986,0.622169,0.55237335,0.5291377,0.5115682,0.34800142,0.37783098,0.44762665,0.47086233,0.4884318,0.3039972,0.24433804,0.10474672,0.058275357,0.02313636
74,SH601211,0.007646678359692654,0.625,,,,SH601211,国泰海通,2026-08-28,0.0033594451,0.011198197,0.29999876,0.0044793063,0.40000248,0.0033594451,0.29999876,0.002239584,0.19999506,0.9966518,1.0044643,0.9933036,0.9986164,0.96983284,1.0016307,1.0244598,1.0211985,0.8866694,0.9893192,0.98866695,0.9978598,1.0173801,1.007766,0.014388266,0.013941335,0.014468744,0.03122649,0.04564304,0.006441085,-9.88317e-05,-0.0014243722,-0.0030907195,0.0007332857,0.5010039,0.00046067563,0.33919808,0.75923204,0.078722194,-0.002201371,0.011777797,0.015671767,0.027435347,-0.029397931,1.007406,1.0113957,1.0292374,1.0825924,1.1438272,0.9622568,0.9622568,0.9622568,0.9622568,0.8793292,0.99967384,0.99967384,1.0075825,1.0571545,1.0564208,0.9808398,0.9747248,0.98940074,0.99665713,0.9723604,1.0,0.9,0.55,0.36666667,0.43333334,0.8359663,0.7680929,0.56349415,0.31364962,0.4562258,0.8,0.1,0.1,0.2,0.35,0.4,0.7,0.85,0.9,0.033333335,0.4,-0.6,-0.75,-0.7,0.31666666,-0.19758847,-0.1480661,-0.26140323,0.26181373,-0.06719246,0.43019685,0.09847055,0.21998978,0.28400144,0.42646286,0.8,0.6,0.5,0.53333336,0.56666666,0.2,0.4,0.5,0.46666667,0.43333334,0.6,0.2,0.0,0.06666667,0.13333334,0.72561,0.49328846,0.43902433,0.46867466,0.5636447,0.27438998,0.50671154,0.5609757,0.53132534,0.4363553,0.45122007,-0.013423097,-0.12195137,-0.06265067,0.12728944,1.6629051,1.7284254,1.5332646,1.7051136,2.4017537,0.4072833,0.46645314,0.48030427,0.6189898,1.0832357,0.99551374,0.8662803,0.9848487,1.3966856,1.2480346,0.4034238,0.49492705,0.38601425,0.46788344,0.49006814,0.5965762,0.50507295,0.6139858,0.53211653,0.50993186,-0.19315243,-0.010145927,-0.2279715,-0.06423311,-0.019863749
75,SH601360,0.00698631842592223,0.5625,,,,SH601360,三六零,2026-08-28,0.041433398,0.08174691,0.5068497,0.0324748,0.39726028,0.007838712,0.09589001,0.016797308,0.20547943,0.96021503,1.0311828,0.95268816,1.0069859,0.94224006,1.0185837,1.0035158,0.924661,1.0517328,0.94374686,0.9548468,0.9950025,0.9801607,0.97398293,0.032005053,0.030818436,0.04762754,0.046526827,0.04322711,0.01672527,-0.00336362,-0.006801661,2.0000718e-05,-6.478173e-05,0.6827303,0.10919534,0.7138085,1.4321419e-05,0.0006850032,0.0228026,0.060289484,0.06961326,0.019549262,0.02792813,1.0311828,1.0311828,1.0831435,1.0831435,1.0831435,0.9151948,0.9151948,0.9151948,0.88925457,0.88817924,0.9501758,0.9879458,1.0373682,1.0308388,1.0117528,0.9260673,0.9311904,0.94133604,0.9369161,0.9345053,1.0,0.9,0.45,0.6,0.6666667,0.731155,0.731155,0.504947,0.57117975,0.5735449,1.0,1.0,0.15,0.43333334,0.71666664,0.2,0.6,0.8,0.2,0.38333333,0.8,0.4,-0.65,0.23333333,0.33333334,0.9737264,0.7907894,0.6511594,0.5624017,0.3204469,0.8434479,0.76475894,0.51242,0.5894497,0.3850772,0.8,0.4,0.5,0.6,0.53333336,0.2,0.6,0.5,0.4,0.46666667,0.6,-0.2,0.0,0.2,0.06666667,0.7918781,0.4469914,0.49421483,0.5718391,0.47708052,0.20812188,0.55300856,0.50578517,0.42816094,0.5229195,0.5837562,-0.10601716,-0.011570328,0.14367813,-0.045838933,0.41865945,0.3995335,0.45878914,0.46692714,0.41554523,0.3266142,0.22837946,0.20340939,0.19601144,0.16344662,1.8434685,1.8216592,1.6027963,1.4280661,1.2317276,0.93123287,0.749073,0.51332915,0.57080936,0.5472597,0.06876712,0.250927,0.48667088,0.42919064,0.45274028,0.86246574,0.498146,0.026658239,0.14161873,0.094519414
76,SH600309,0.00606948238793922,0.75,,,,SH600309,万华化学,2026-08-28,0.029551417,0.034960404,0.84528244,0.0018469681,0.052830283,0.0035620204,0.10188727,0.03126647,0.89433944,0.9712968,1.001794,0.96783704,0.98978037,0.94797486,0.9359317,0.9547685,0.89748764,0.9247819,0.95979017,0.9532808,0.95649064,0.9541181,0.92766595,0.027267493,0.02060723,0.019518092,0.019119319,0.03524814,0.01633757,0.00451045,-8.371697e-05,0.00044966352,0.0012775622,0.89747936,0.43914905,0.00064390287,0.042867903,0.4006743,0.007534693,0.02642218,0.044304658,0.03936183,0.03464597,1.001794,1.001794,1.0135835,1.0135835,1.0135835,0.9178627,0.9178627,0.9178627,0.88262504,0.8444383,0.9782678,0.96504456,0.9695542,0.9677344,0.9552553,0.9370332,0.9376993,0.9376993,0.9376993,0.8909543,1.0,1.0,1.0,1.0,1.0,0.9786259,0.9786259,0.85809255,0.8962763,0.9196933,1.0,1.0,0.3,0.53333336,0.76666665,0.6,0.8,0.9,0.033333335,0.083333336,0.4,0.2,-0.6,0.5,0.68333334,0.61412627,0.64863515,0.62440753,0.19402876,-0.06811473,-0.30155143,0.17793319,0.1705266,0.19528696,0.38289365,0.6,0.7,0.6,0.6333333,0.55,0.4,0.3,0.4,0.36666667,0.45,0.2,0.4,0.2,0.26666668,0.1,0.82325566,0.7609535,0.5825897,0.61799395,0.53646415,0.17674431,0.2390465,0.41741034,0.38200602,0.46353588,0.6465114,0.52190703,0.16517934,0.23598795,0.07292826,0.7736064,0.69894254,0.7001296,0.77059317,0.84871525,0.18582864,0.1643638,0.1536823,0.20487945,0.23435898,0.71607894,0.8797444,0.818263,0.8421862,1.0949925,0.8681881,0.7102831,0.50925225,0.47907972,0.51319426,0.1318119,0.28971687,0.49074775,0.5209203,0.48680577,0.7363762,0.42056623,0.01850452,-0.041840535,0.026388494
77,SH600085,0.006050056611445234,0.5,,,,SH600085,同仁堂,2026-08-28,0.009901019,0.017326687,0.57143176,0.0041253534,0.23809247,0.0033003138,0.19047576,0.00907598,0.52381504,0.99019605,1.004085,0.9869281,0.9977775,0.97101253,1.0,1.0751697,1.0637394,0.99318135,0.99109954,0.9893504,1.0074658,1.0236785,0.9966851,0.011609963,0.011055415,0.02423039,0.031963438,0.046539344,0.0061268876,0.0007428577,-0.0033046484,-0.0031315805,0.0011427312,0.69623864,0.041387822,0.65102506,0.7439126,0.18388548,-0.0033533135,0.0073067443,0.023928279,0.021729393,-0.030395657,1.004085,1.004085,1.0800858,1.095998,1.107867,0.9611954,0.9611954,0.9611954,0.9611954,0.8740586,0.999025,0.99846494,1.0232162,1.0573753,1.039324,0.98677117,0.9805784,0.9899598,0.99764806,0.95359373,1.0,1.0,0.525,0.35,0.575,0.9047574,0.9047574,0.3263898,0.2878624,0.5386521,1.0,1.0,0.05,0.06666667,0.48333332,0.2,0.6,0.8,0.8666667,0.26666668,0.8,0.4,-0.75,-0.8,0.21666667,-0.22469325,-0.21604927,0.44856912,0.6520019,0.38053837,0.62667394,0.2855282,-0.2691013,-0.140486,0.4287644,0.8,0.5,0.35,0.46666667,0.5,0.2,0.5,0.65,0.53333336,0.5,0.6,0.0,-0.3,-0.06666667,0.0,0.8900708,0.5,0.30989677,0.40124527,0.50400156,0.10992922,0.5,0.69010323,0.5987547,0.49599844,0.7801416,0.0,-0.3802065,-0.19750947,0.008003109,1.1001308,1.2388556,1.7488981,2.0712216,2.2717454,0.121682,0.23396918,0.7899968,0.96697676,1.3375967,1.1095642,1.0684423,1.2352588,1.03711,1.8201342,0.19615005,0.31475696,0.43733886,0.33520478,0.4971841,0.80384994,0.685243,0.5626612,0.6647952,0.5028159,-0.6076999,-0.37048608,-0.12532228,-0.3295904,-0.0056318277
78,SH600036,0.005766399206637653,0.5625,,,,SH600036,招商银行,2026-08-28,-0.0027876708,0.008109489,-0.34375417,0.0022807794,0.2812482,0.003041039,0.37499762,-0.002027411,-0.25000477,1.0027955,1.0050826,0.99695045,1.000111,0.9885531,0.97737336,1.0068681,0.96619356,0.94246036,1.0053877,0.9941812,0.9928228,0.99406415,0.96393913,0.0041418164,0.014010353,0.013306454,0.014641113,0.03693383,-0.00096535933,0.0038856964,0.00026939064,8.873107e-05,0.0014610847,0.13581142,0.70510054,0.014345259,0.0028464594,0.4773116,-0.0034569784,-0.01166683,0.004617965,0.004649219,-0.007041153,1.0160213,1.0160213,1.0272039,1.0304868,1.0304868,0.9852536,0.96645427,0.96645427,0.9562992,0.87269455,1.0069598,1.0058379,1.0042201,1.0058913,0.99517703,1.0030525,0.9846612,0.98491305,0.98496646,0.9308227,0.2,0.6,0.75,0.7,0.85,0.4792834,0.6767756,0.5521958,0.58905745,0.8067911,0.6,0.8,0.05,0.3,0.65,0.2,0.2,0.6,0.1,0.3,0.4,0.6,-0.55,0.2,0.35,0.38822734,0.13573705,0.43826488,0.3137223,-0.15397982,0.86703694,0.794245,0.49364838,0.35892648,0.32244608,0.4,0.5,0.5,0.56666666,0.51666665,0.6,0.5,0.5,0.43333334,0.48333332,-0.2,0.0,0.0,0.13333334,0.033333335,0.64910465,0.6459869,0.47817653,0.5559343,0.54753494,0.35089535,0.35401306,0.52182347,0.44406566,0.45246506,0.2982093,0.2919739,-0.04364696,0.111868665,0.09506988,1.4227921,1.4949409,1.5390097,1.832398,1.8901912,0.44196692,0.50356406,0.5171628,0.68421763,0.5515438,1.1273825,1.26663,1.2791413,1.0966063,0.9172392,0.48519337,0.49894202,0.36865082,0.4457452,0.48779848,0.5148066,0.501058,0.6313492,0.55425483,0.5122015,-0.029613271,-0.0021159912,-0.26269835,-0.108509615,-0.024403023
79,SH601688,0.0045957701348080995,0.5625,,,,SH601688,华泰证券,2026-08-28,0.007788165,0.018172415,0.42857072,0.0057113334,0.31428584,0.0046729175,0.25714344,0.006749749,0.37142828,0.992272,1.0056672,0.9876352,0.9995887,0.95831823,0.97752804,0.98912644,1.0018122,0.9633925,0.9795578,0.96930045,0.97544396,0.99112,1.0077323,0.01956995,0.018712185,0.01543394,0.028116338,0.03810744,0.011634651,0.0038551486,-0.0006237961,-0.0024886094,-0.000907485,0.8836236,0.38908517,0.057174146,0.60715234,0.17296538,-0.002827086,0.013351372,0.030482076,0.04496488,0.019038552,1.0056672,1.0056672,1.0056672,1.0536261,1.1094924,0.95089686,0.9400089,0.9400089,0.9400089,0.9290759,0.9953606,0.98753166,0.98803914,1.0175426,1.0398694,0.95962304,0.956651,0.959768,0.9682494,0.97564334,1.0,1.0,1.0,0.73333335,0.48333332,0.896528,0.9136866,0.9136866,0.528011,0.3931131,1.0,1.0,1.0,0.13333334,0.2,0.4,0.4,0.7,0.8,0.05,0.6,0.6,0.3,-0.6666667,0.15,0.7043545,0.38653693,0.30818123,0.21338956,0.5086718,0.90092206,0.53476804,0.4357694,0.16973542,0.3910018,0.8,0.5,0.45,0.43333334,0.45,0.2,0.5,0.5,0.5,0.51666665,0.6,0.0,-0.05,-0.06666667,-0.06666667,0.9457375,0.62015563,0.53260887,0.49682346,0.51920885,0.05426251,0.37984437,0.46739113,0.50317657,0.48079115,0.89147496,0.24031124,0.06521771,-0.0063531063,0.038417667,1.0180328,1.047704,1.0604757,1.1379154,1.6915059,0.37710512,0.28963172,0.2571889,0.3401292,0.917055,1.477332,1.1723579,1.016545,1.1068485,1.7231866,0.566789,0.52522194,0.44881034,0.47869596,0.48545784,0.43321106,0.47477803,0.55118966,0.5213041,0.51454216,0.1335779,0.050443947,-0.1023793,-0.042608105,-0.029084327
80,SH601319,0.003875810213140437,0.6875,,,,SH601319,中国人保,2026-08-28,-0.002793344,0.013966456,-0.20000379,0.001396606,0.09999716,0.009776506,0.69999903,0.005586556,0.3999981,1.0028012,1.0042017,0.9901961,0.99800545,0.9722864,0.9607391,1.0311779,0.99653584,0.9030023,0.9995381,0.9837183,0.9875289,1.0015397,0.9829292,0.010850829,0.018310223,0.01832165,0.02547705,0.034504816,0.004041566,0.005409756,-0.0006025462,-0.0020566857,0.001018855,0.3468275,0.80016506,0.03785468,0.5050557,0.26592866,-0.007621263,-0.008062171,0.018195292,0.028282272,-0.012985426,1.018058,1.018058,1.0333142,1.0542117,1.0542117,0.9667998,0.955064,0.955064,0.955064,0.8903586,1.0064665,1.0009238,1.0018476,1.0277137,1.0147806,0.9923788,0.96766746,0.9685912,0.9759816,0.9618938,0.6,0.8,0.75,0.5,0.7,0.6477065,0.71333915,0.57426006,0.45322275,0.6691443,0.6,0.8,0.05,0.06666667,0.53333336,0.2,0.1,0.55,0.7,0.033333335,0.4,0.7,-0.5,-0.6333333,0.5,0.5677309,0.8834367,0.6062321,0.7263768,0.14424302,0.9081897,0.50406665,-0.21516658,0.0022864158,0.3690219,0.6,0.6,0.4,0.43333334,0.46666667,0.4,0.3,0.55,0.53333336,0.5,0.2,0.3,-0.15,-0.1,-0.033333335,0.7499994,0.7575756,0.40939578,0.50553495,0.55223876,0.2500006,0.24242443,0.59060425,0.49446502,0.4477612,0.4999988,0.51515114,-0.18120843,0.011069943,0.10447757,1.3990524,1.1060321,1.1583778,1.3831923,1.6811619,0.33148915,0.38604954,0.3592714,0.5331278,0.7080081,0.7253116,1.0687629,1.1345475,1.2237806,1.5783107,0.5068305,0.44758335,0.4523102,0.46501395,0.49872345,0.4931695,0.5524167,0.5476898,0.5349861,0.50127655,0.013661005,-0.10483331,-0.09537956,-0.06997212,-0.0025531177
81,SZ002304,0.0036674863532422577,0.5,,,,,,2026-08-28,0.008505161,0.014948517,0.56896347,0.0030928606,0.20690084,0.003350496,0.22413567,0.0087627955,0.58619833,0.99156654,1.0030668,0.98824435,0.9977319,0.9923426,1.0370678,1.0963762,1.0163878,1.0588207,1.0038337,1.0046872,1.031354,1.0345218,1.0216814,0.010345409,0.009936997,0.030116405,0.029585512,0.034222342,-0.0009949955,-0.0010673971,-0.0044854977,-0.001573204,0.00011532362,0.023125272,0.105767734,0.7763956,0.21913591,0.0034635141,-0.0018436238,0.00011614722,0.011258265,-0.011710337,-0.025083452,1.0214818,1.0278823,1.1047839,1.1047839,1.1047839,0.98517734,0.98517734,0.98517734,0.98517734,0.9477931,1.0101156,1.0141833,1.0623811,1.0623811,1.0558846,0.9970834,0.9964981,0.99959034,1.0068088,0.98834324,0.6,0.5,0.25,0.16666667,0.31666666,0.40828803,0.34709433,0.12392844,0.12392844,0.3325474,0.6,0.2,0.05,0.36666667,0.68333334,0.8,0.9,0.95,0.96666664,0.26666668,-0.2,-0.7,-0.9,-0.6,0.41666666,-0.53729683,-0.00030876478,0.68329996,0.6568673,0.33659682,-0.72172105,-0.45754978,-0.04160556,0.25516373,0.42986026,0.8,0.5,0.35,0.46666667,0.46666667,0.2,0.5,0.65,0.53333336,0.53333336,0.6,0.0,-0.3,-0.06666667,-0.06666667,0.56346,0.35167864,0.305894,0.4813209,0.4660473,0.43654004,0.6483214,0.694106,0.5186791,0.5339527,0.12691993,-0.29664275,-0.38821203,-0.037358213,-0.067905426,1.0106215,0.97347724,1.2191236,1.4636085,1.4537117,0.3920107,0.32102996,0.36408776,0.6552659,0.5248048,1.1415949,0.9200451,0.75339574,1.300911,1.1476372,0.5703094,0.46662596,0.40252504,0.4626142,0.4948604,0.4296906,0.5333741,0.59747493,0.5373858,0.5051396,0.1406188,-0.06674811,-0.19494991,-0.0747716,-0.010279153
82,SZ300251,0.003579048359952618,0.25,,,,,,2026-08-28,-0.0018281506,0.008226678,-0.22222222,0.0054844515,0.6666667,0.0009140753,0.11111111,-0.006398527,-0.7777778,1.0018315,1.007326,0.99908423,1.0023779,1.00547,1.0402908,1.0924889,1.1465213,1.1052966,0.9959576,1.0043826,1.0482023,1.0528573,1.0618011,0.0064348998,0.015704576,0.049355842,0.044613007,0.049796645,0.0035754594,-0.0031966646,-0.0075348467,-0.0030477247,-0.00041257258,0.77182734,0.37979838,0.81571746,0.36168474,0.020936321,-0.0031085343,0.010002327,0.023378754,-0.008665305,-0.049630128,1.007326,1.0494454,1.1446819,1.1519957,1.2710332,0.9834931,0.9834931,0.9834931,0.9834931,0.9706841,1.0001801,1.009319,1.1014609,1.1014609,1.1029285,0.9926624,0.99431,0.9998132,1.0016477,1.0177573,0.8,0.5,0.25,0.16666667,0.1,0.6926101,0.2502855,0.10240727,0.09796234,0.09760598,1.0,0.1,0.1,0.06666667,0.48333332,0.2,0.6,0.8,0.8666667,0.26666668,0.8,-0.5,-0.7,-0.8,0.21666667,0.42510056,0.34585124,0.900971,0.86918926,0.76875883,-0.8066442,-0.61663735,0.14468764,0.35612792,0.49304706,0.6,0.5,0.45,0.46666667,0.5,0.4,0.5,0.5,0.5,0.48333332,0.2,0.0,-0.05,-0.033333335,0.016666668,0.42531782,0.2885155,0.3333332,0.3657806,0.46674812,0.5746822,0.7114845,0.6666668,0.6342194,0.5332519,-0.14936434,-0.42296895,-0.3333336,-0.26843882,-0.06650377,0.9660981,1.0922256,1.830503,2.1181698,2.6272638,0.038075972,0.26423988,0.84930444,1.0477543,1.5346279,1.0706646,1.3121455,1.3180826,1.2828517,1.5716041,0.7826383,0.28605536,0.35799453,0.33680594,0.49621576,0.21736167,0.7139446,0.64200544,0.66319406,0.50378424,0.5652766,-0.4278893,-0.28401095,-0.32638812,-0.007568483
83,SH600741,0.003351992334537794,0.625,,,,SH600741,华域汽车,2026-08-28,0.009180381,0.019672126,0.46666947,0.010491745,0.5333305,0.0,0.0,-0.0013113642,-0.06666103,0.99090314,1.0103964,0.99090314,1.0027335,0.991558,1.0006559,1.0955272,1.033334,1.0296632,1.0002644,0.99838144,1.017452,1.0328438,1.0154462,0.003939869,0.004460889,0.025273409,0.032140967,0.033973467,-0.0014292033,0.00040507573,-0.0036891014,-0.0029466234,0.00035567244,0.3289762,0.07558594,0.7457299,0.651378,0.03342878,0.002593948,-0.00020425147,0.017594507,0.009882169,-0.02593853,1.0103992,1.0110518,1.1007257,1.1020193,1.1020193,0.9889559,0.98636466,0.98636466,0.98636466,0.9342208,1.0027357,1.0023464,1.039639,1.0541024,1.0435934,0.99753505,0.99546164,0.9959779,0.99961066,0.99085766,0.6,0.7,0.35,0.23333333,0.36666667,0.5150369,0.5523255,0.11923048,0.11789681,0.39201298,0.4,0.3,0.05,0.3,0.65,0.2,0.2,0.6,0.73333335,0.3,0.2,0.1,-0.55,-0.43333334,0.35,0.22209251,0.16152002,0.6471049,0.60158557,0.17732313,0.86043733,0.3063757,0.0038174114,0.11417279,0.17659926,0.6,0.5,0.25,0.36666667,0.46666667,0.4,0.4,0.65,0.53333336,0.45,0.2,0.1,-0.4,-0.16666667,0.016666668,0.61400014,0.49479514,0.19746757,0.43641806,0.4767881,0.38599986,0.50520486,0.80253243,0.56358194,0.5232119,0.22800031,-0.010409721,-0.60506487,-0.12716389,-0.046423793,0.93793845,0.87326723,0.9411789,1.1223319,1.2326362,0.10035969,0.1212676,0.18392125,0.41693395,0.36445764,0.5442459,0.70843107,1.2178969,1.0299653,1.1161414,0.69589555,0.5806037,0.47850552,0.44111404,0.48310405,0.30410442,0.4193963,0.5214945,0.55888593,0.51689595,0.39179116,0.1612074,-0.042988975,-0.11777191,-0.033791926
84,SH601633,0.0029083108176414436,0.6875,,,,SH601633,长城汽车,2026-08-28,0.0026178185,0.010471183,0.25000218,0.0026178185,0.25000218,0.005235546,0.49999565,0.005235546,0.49999565,0.997389,1.002611,0.9921671,0.99787545,0.9927723,1.0064247,1.0971732,1.0221652,1.0624799,1.0004498,1.001301,1.0162383,1.0340562,1.0311248,0.005551601,0.0073652146,0.023183802,0.033949777,0.046941284,0.0007227693,-0.00037477238,-0.0031135504,-0.0030968136,-0.0007994377,0.042374335,0.023734264,0.63126326,0.6448489,0.08846249,-0.0018952931,0.0003854492,0.013340339,0.010847648,-0.0075414754,1.0149094,1.0155901,1.099093,1.1160469,1.163842,0.98885596,0.98885596,0.98885596,0.98885596,0.9354839,1.0053967,1.0068102,1.0264055,1.0599422,1.0724703,0.9968841,0.9938003,0.9995824,1.0042403,0.9920335,0.6,0.5,0.25,0.16666667,0.3,0.42773688,0.4168463,0.1010916,0.087616585,0.28252178,0.6,0.4,0.05,0.3,0.1,0.2,0.6,0.8,0.8666667,0.26666668,0.4,-0.2,-0.75,-0.56666666,-0.16666667,-0.59057575,0.057711698,0.5816269,0.6641088,0.5380751,-0.6361475,0.23976158,-0.28716776,0.1004002,0.43804526,0.6,0.5,0.35,0.43333334,0.46666667,0.2,0.4,0.6,0.53333336,0.51666665,0.4,0.1,-0.25,-0.1,-0.05,0.6490065,0.46153829,0.26819903,0.4692238,0.46819296,0.3509935,0.5384617,0.731801,0.5307762,0.531807,0.29801294,-0.07692341,-0.46360195,-0.061552398,-0.06361405,1.1668265,1.2873693,1.6123217,1.8631204,2.4702253,0.14307912,0.23597664,0.51525724,0.6855745,1.3997871,1.0881441,1.1205908,1.2574644,1.2812706,1.1275576,0.22055462,0.4339968,0.38392955,0.43445235,0.47868255,0.7794454,0.5660032,0.61607045,0.56554765,0.5213174,-0.55889076,-0.13200639,-0.23214091,-0.13109526,-0.04263489
85,SH601669,0.002608174055501168,0.5625,,,,SH601669,中国电建,2026-08-28,0.0021551547,0.008620717,0.24999715,0.0021551547,0.24999715,0.0043104077,0.5000057,0.0043104077,0.5000057,0.99784946,1.0021505,0.99354833,0.9979916,0.990625,1.0109375,1.0515625,1.0124999,1.0875,0.999375,0.9990625,1.0158594,1.0228125,1.0205468,0.0046351063,0.0060380576,0.021263022,0.020804308,0.024477838,0.00093751005,-0.00034090443,-0.0032436547,-0.0018673522,-0.0003524851,0.1022757,0.029220132,0.8144929,0.624378,0.063246325,-0.0012500068,0.0024715897,0.014955373,0.0042641335,-0.010148538,1.0084001,1.0099614,1.068766,1.068766,1.1132435,0.9892473,0.9863273,0.9863273,0.9863273,0.9716462,1.00125,1.0062499,1.0346874,1.039375,1.039375,0.99625003,0.99375,0.99656254,1.0,0.999375,0.7,0.65,0.325,0.21666667,0.225,0.56141764,0.5785178,0.16585301,0.16585301,0.20024277,0.6,0.1,0.1,0.4,0.15,0.4,0.5,0.75,0.8333333,0.26666668,0.2,-0.4,-0.65,-0.43333334,-0.11666667,0.49389312,-0.08955294,0.6442867,0.69833094,0.5558687,0.0022273408,-0.43956777,-0.43636778,-0.08597068,0.38573542,0.8,0.5,0.4,0.5,0.43333334,0.2,0.5,0.55,0.46666667,0.51666665,0.6,0.0,-0.15,0.033333335,-0.083333336,0.6666678,0.3939396,0.2911388,0.4756098,0.44092822,0.33333218,0.6060604,0.70886123,0.5243902,0.5590718,0.33333567,-0.21212076,-0.4177224,-0.048780404,-0.11814356,1.0142704,1.0519221,1.3363246,1.589548,1.9333073,0.13510829,0.25316864,0.41869116,0.56462693,0.8756377,0.56840616,0.99260503,0.9230829,1.1868371,1.9374554,0.651473,0.4891328,0.40236866,0.42312205,0.47446463,0.34852698,0.5108672,0.59763134,0.57687795,0.5255354,0.30294603,-0.021734392,-0.19526267,-0.15375593,-0.051070753
86,SH600690,0.0024216762580213857,0.625,,,,SH600690,海尔智家,2026-08-28,0.02226528,0.029525649,0.7540996,0.003872179,0.13114627,0.0033881909,0.11475415,0.021781292,0.73770744,0.9782197,1.0037879,0.97490525,0.9926978,0.98768884,0.9891304,1.0541269,0.9523128,0.92549133,0.9996212,0.9935035,0.999839,1.0037845,0.9646371,0.0050267465,0.009001548,0.014774385,0.021299876,0.044815924,0.0011837686,0.002326139,-0.0012905443,-0.0005794609,0.0019330907,0.13864356,0.61213654,0.26705155,0.057358228,0.5674657,-0.0019887264,-0.0039711306,0.012421169,0.004617659,-0.021663256,1.017519,1.017519,1.0609494,1.067768,1.067768,0.97490525,0.9682142,0.9682142,0.9518562,0.87503076,1.0021781,1.0002841,1.0066754,1.016036,1.0000085,0.99829537,0.9869776,0.9890399,0.9891304,0.92312807,0.5,0.75,0.575,0.5833333,0.7916667,0.58888894,0.6446799,0.34275842,0.41534874,0.6483919,0.6,0.8,0.05,0.3,0.65,1.0,0.1,0.55,0.033333335,0.18333334,-0.4,0.7,-0.5,0.26666668,0.46666667,-0.586992,-0.53313583,0.24365371,0.37700358,-0.03851993,-0.3045076,-0.19678661,0.098345466,0.28848523,0.17651878,0.4,0.4,0.3,0.43333334,0.41666666,0.4,0.5,0.65,0.53333336,0.55,0.0,-0.1,-0.35,-0.1,-0.13333334,0.77083373,0.5801398,0.3365116,0.58245397,0.5571076,0.22916625,0.41986015,0.6634884,0.41754606,0.44289237,0.54166746,0.16027968,-0.3269768,0.16490789,0.11421528,0.892568,1.0460271,1.0569898,1.2243167,1.3115951,0.18923596,0.23909143,0.23435816,0.42183572,0.43155608,1.2124485,0.91698986,0.80036116,1.029253,1.2911319,0.45921156,0.5490113,0.42661214,0.48727685,0.49877518,0.5407885,0.45098874,0.57338786,0.51272315,0.5012248,-0.08157691,0.09802254,-0.1467757,-0.025446318,-0.0024496152
87,SH600019,0.002251001492184987,0.625,,,,SH600019,宝钢股份,2026-08-28,0.0034423857,0.013769401,0.25000256,0.0017211575,0.12499872,0.008605858,0.6249987,0.010327087,0.75000256,0.9965694,1.0017153,0.98799306,0.99605215,0.9966052,0.9864209,1.0514064,0.9878758,0.95004845,1.0033947,1.0023763,1.0002425,1.0090365,0.98274326,0.0047392854,0.0084012635,0.016373958,0.022658506,0.033523686,-0.001600384,0.0005084845,-0.00039964024,-0.0010408158,0.0012074023,0.28507733,0.033579763,0.020849667,0.16352607,0.39564005,-0.00019398081,-0.0046644877,0.0035541274,0.006055322,-0.018361636,1.0224905,1.0224905,1.0685945,1.0771452,1.0771452,0.98799306,0.9724752,0.9675503,0.9675503,0.90889114,1.0063045,1.0101843,1.0101843,1.0199805,1.0101843,0.99961203,0.9977691,0.98603296,0.99059165,0.95276433,0.4,0.4,0.5,0.36666667,0.675,0.348053,0.55032825,0.32114398,0.29608804,0.54149586,0.2,0.6,0.05,0.3,0.65,1.0,0.1,0.5,0.6666667,0.26666668,-0.8,0.5,-0.45,-0.36666667,0.38333333,-0.41927084,0.06601188,0.2721517,0.267426,0.33667803,-0.07700755,0.2199999,0.14059807,0.18417373,0.46019244,0.6,0.5,0.4,0.5,0.51666665,0.4,0.5,0.6,0.5,0.45,0.2,0.0,-0.2,0.0,0.06666667,0.5538467,0.58536595,0.35904258,0.5178827,0.53421926,0.44615328,0.41463405,0.6409574,0.48211733,0.4657807,0.107693404,0.17073189,-0.28191483,0.03576537,0.068438575,1.0852349,1.0874965,1.1111252,1.1673449,1.1582803,0.22721781,0.20111485,0.18711604,0.26867914,0.39355978,0.819361,0.8101028,0.89956313,0.83136743,0.92762345,0.53645426,0.42958063,0.45002866,0.45058507,0.49062124,0.46354574,0.5704194,0.54997134,0.54941493,0.50937873,0.072908536,-0.14083871,-0.09994271,-0.09882986,-0.018757498
88,SH600406,0.0021027545325137237,0.625,,,,SH600406,国电南瑞,2026-08-28,0.00043479976,0.011739204,0.037038267,0.0056522023,0.48148087,0.0056522023,0.48148087,0.00043479976,0.037038267,0.99956536,1.0056498,0.9939156,0.99854934,1.0069503,1.0095586,1.0582348,0.96435755,1.0135571,1.0074736,1.0115153,1.0315713,1.0341134,1.0070583,0.007203824,0.009244885,0.027136382,0.02363678,0.03446028,-0.0026517198,-0.002194194,-0.0042174943,-0.0014949973,0.0010420827,0.33874205,0.5163669,0.8454213,0.31003153,0.2789116,-0.0021700936,-0.0016414342,0.008494952,-0.012435935,-0.037799746,1.0191209,1.0282494,1.1012571,1.1012571,1.1012571,0.9865216,0.9865216,0.9865216,0.97435707,0.92394567,1.0126036,1.0219873,1.0493696,1.0517131,1.038936,1.0017334,1.0025201,1.0067769,1.010952,0.9765916,0.2,0.1,0.05,0.033333335,0.46666667,0.41345617,0.3230074,0.117473565,0.20207179,0.42893085,0.6,0.4,0.1,0.4,0.7,0.8,0.9,0.95,0.033333335,0.4,-0.2,-0.5,-0.85,0.36666667,0.3,-0.26568916,0.10749399,0.72845584,0.5292731,0.14416215,-0.23808737,-0.29509494,0.027119078,0.37908986,0.1832945,0.4,0.4,0.35,0.46666667,0.45,0.6,0.6,0.65,0.53333336,0.53333336,-0.2,-0.2,-0.3,-0.06666667,-0.083333336,0.41116166,0.43890458,0.3524363,0.5452583,0.49136764,0.58883834,0.5610954,0.6475637,0.45474172,0.50863236,-0.17767665,-0.12219084,-0.2951274,0.0905166,-0.017264752,1.247759,1.2927585,1.7398195,2.2208817,2.2647243,0.60170054,0.44175884,0.7263146,1.1871933,0.95600146,1.1734354,1.0902399,1.2511472,1.7404678,1.4833941,0.5159882,0.39226258,0.4350704,0.448451,0.47392413,0.48401183,0.6077374,0.5649296,0.55154896,0.52607584,0.031976335,-0.21547481,-0.12985921,-0.10309797,-0.052151717
89,SH601186,0.0013173115530771707,0.5625,,,,SH601186,中国铁建,2026-08-28,0.004942327,0.011532195,0.42856777,0.0032949338,0.28571612,0.0032949338,0.28571612,0.004942327,0.42856777,0.99508196,1.0032787,0.9918032,0.9982747,0.9840933,0.9915165,1.0509014,1.0010605,0.9862142,0.9959703,0.99130434,1.0018557,1.0099329,0.9922234,0.0057791607,0.007461724,0.016756078,0.019582346,0.027182167,0.002439013,0.0016710062,-0.0020228196,-0.0015294473,0.0005959591,0.44528565,0.45971552,0.51007915,0.47276062,0.14661032,-0.00084834656,0.0011761165,0.017360998,0.012244142,-0.009804199,1.0064597,1.0064597,1.0574592,1.0574592,1.0574592,0.9801399,0.97715163,0.97715163,0.97715163,0.9245205,1.0006362,0.99575824,1.0127254,1.0235419,1.0139979,0.9925769,0.98494166,0.9900318,0.9932132,0.9658537,0.8,0.9,0.55,0.36666667,0.6166667,0.75456905,0.7795939,0.28451073,0.28451073,0.5677763,0.6,0.8,0.05,0.36666667,0.68333334,0.2,0.3,0.65,0.76666665,0.26666668,0.4,0.5,-0.6,-0.4,0.41666666,0.65188,0.16750617,0.76289713,0.6731688,0.33863515,0.770583,0.37807152,-0.06396977,-0.039749973,0.35339916,0.8,0.5,0.3,0.43333334,0.51666665,0.2,0.5,0.6,0.5,0.43333334,0.6,0.0,-0.3,-0.06666667,0.083333336,0.74193573,0.55882347,0.31249985,0.49763024,0.5127701,0.2580643,0.44117656,0.6875001,0.50236976,0.48722988,0.4838714,0.11764688,-0.37500027,-0.00473953,0.025540216,1.0985708,1.1336666,1.3732158,1.8672628,1.9016014,0.17503439,0.18033658,0.50456965,0.9195761,0.7536389,0.5058039,0.69353354,1.5410848,1.1218961,0.99424577,0.52833295,0.50954354,0.37267163,0.40971902,0.4873091,0.47166708,0.49045643,0.62732834,0.590281,0.5126909,0.056665853,0.019087125,-0.25465673,-0.18056197,-0.025381777
90,SH600941,0.00014118132563147463,0.625,,,,SH600941,中国移动,2026-08-28,-0.00030642614,0.012156498,-0.025206778,0.0018388984,0.15126877,0.010011173,0.8235245,0.007865848,0.6470489,1.0003065,1.002146,0.98998576,0.99537796,0.98357415,0.99843174,0.9953776,0.95443666,1.0009905,1.0029385,0.9938919,0.99075943,0.9868565,0.9599381,0.005306701,0.010877641,0.010726099,0.013685013,0.037811328,-0.00016507205,0.0028974873,0.00074356166,0.0008825874,0.0011968588,0.002419011,0.65040684,0.16819708,0.3223493,0.3055919,-0.0026083707,-0.0069305715,0.002176753,0.00034595127,0.004754554,1.012279,1.012279,1.0158044,1.0158044,1.0158044,0.9814923,0.9716293,0.96839255,0.9401984,0.87248546,1.0068675,1.0026579,1.0003632,0.9987454,0.99318194,0.9993231,0.9830954,0.9819068,0.97787863,0.91945523,0.4,0.7,0.8,0.8333333,0.9166667,0.6011588,0.69793093,0.66665703,0.7909636,0.8897256,0.4,0.7,0.05,0.36666667,0.68333334,0.2,0.2,0.3,0.1,0.26666668,0.2,0.5,-0.25,0.26666668,0.41666666,0.068973474,0.17153773,0.22148119,0.036912955,0.13095635,0.6564178,0.7540761,0.5239371,0.5138507,0.46340835,0.4,0.3,0.35,0.43333334,0.45,0.6,0.7,0.65,0.56666666,0.55,-0.2,-0.4,-0.3,-0.13333334,-0.1,0.7225951,0.50968367,0.51310873,0.5799536,0.49913394,0.2774049,0.4903163,0.48689127,0.4200464,0.50086606,0.44519016,0.01936738,0.026217436,0.15990725,-0.0017321305,1.3256246,1.3052864,1.4684671,1.7736638,1.6246053,0.53497463,0.4439132,0.5035308,0.74581367,0.5896432,1.0198885,0.9193799,1.0149843,0.9566734,0.8614108,0.5137525,0.39608237,0.39115945,0.44788933,0.49004278,0.48624748,0.6039176,0.6088406,0.5521107,0.50995725,0.02750501,-0.20783526,-0.21768112,-0.10422137,-0.019914467
91,SZ000002,-0.00013193785857249432,0.5625,,,,,,2026-08-28,0.01935483,0.035483856,0.54545456,0.009677415,0.27272728,0.00645161,0.18181819,0.016129024,0.45454547,0.98101264,1.0094937,0.9746836,0.99521744,0.9746943,0.9905082,1.0569682,0.98101646,1.0158314,0.9835522,0.982603,1.0061802,1.007709,0.9908835,0.013118517,0.010676696,0.02879454,0.028423084,0.030809708,0.0075916937,0.0010543625,-0.003928755,-0.0011159154,0.00060204644,0.837236,0.089395896,0.6515649,0.11945981,0.1164621,0.0012643952,0.012652336,0.031143036,0.008471793,-0.008643906,1.0094937,1.0126654,1.0633087,1.0759504,1.0759504,0.95887643,0.95887643,0.95887643,0.95887643,0.91140527,0.9924066,0.99114215,1.0316626,1.032927,1.0196315,0.97533184,0.97406036,0.98038596,0.9835522,0.9683549,1.0,1.0,0.55,0.53333336,0.725,0.812442,0.76453495,0.39378235,0.35126135,0.53842205,1.0,0.4,0.1,0.3,0.65,0.4,0.7,0.85,0.9,0.23333333,0.6,-0.3,-0.75,-0.6,0.41666666,0.8118192,0.6708973,0.5869311,0.5862401,0.29595837,0.78905964,0.7042088,0.478272,0.4700425,0.51716715,0.6,0.4,0.4,0.5,0.48333332,0.4,0.6,0.6,0.5,0.51666665,0.2,-0.2,-0.2,0.0,-0.033333335,0.72223955,0.54054445,0.40215376,0.5208285,0.49185294,0.27776045,0.45945555,0.5978462,0.47917148,0.50814706,0.4444791,0.081088915,-0.19569246,0.041657016,-0.016294144,0.57744956,0.6067181,0.74759024,0.7941178,0.8364548,0.24779466,0.19208027,0.2551569,0.2782583,0.25076756,0.7227866,0.7719832,0.96065557,1.0035352,0.9338881,0.66061294,0.5011296,0.5232542,0.48790982,0.49567392,0.33938706,0.49887034,0.47674578,0.51209015,0.5043261,0.32122585,0.0022593061,0.046508435,-0.02418035,-0.008652165
92,SH601601,-0.000232988629520684,0.25,,,,SH601601,中国太保,2026-08-28,0.0018922188,0.018290766,0.10345214,0.004099664,0.22413844,0.012298883,0.6724094,0.010091438,0.5517231,0.99811137,1.004092,0.9858357,0.9970772,0.95741093,0.94165105,1.0185741,0.9363978,0.9401501,0.99624765,0.9731332,0.97789866,0.98890555,0.9579581,0.0127407275,0.026008563,0.027364884,0.028672103,0.046174902,0.006285179,0.008041389,-0.00087150146,-0.001677493,0.0010351898,0.60839677,0.87627584,0.03549908,0.2652797,0.15329498,-0.0088180145,-0.009319461,0.030380586,0.035418097,0.011503817,1.0124798,1.0124798,1.0396601,1.0415101,1.0415101,0.95375717,0.9338601,0.9338601,0.9338601,0.8549576,1.0066792,1.0013133,1.0014634,1.0072795,1.0000376,0.9879925,0.94941837,0.9502814,0.95771104,0.9089306,0.6,0.8,0.75,0.6333333,0.8,0.7874792,0.8412639,0.625141,0.6143973,0.7774883,0.8,0.9,0.05,0.16666667,0.5833333,0.2,0.1,0.55,0.7,0.28333333,0.6,0.8,-0.5,-0.53333336,0.3,-0.7906436,0.2684929,0.47407833,0.5538467,-0.12033255,0.492719,0.2855525,0.10580461,0.31622386,0.21332036,0.8,0.7,0.45,0.5,0.5,0.2,0.3,0.55,0.46666667,0.48333332,0.6,0.4,-0.1,0.033333335,0.016666668,0.87458766,0.8432673,0.4570685,0.5793168,0.530538,0.12541234,0.15673271,0.5429315,0.4206832,0.46946198,0.7491753,0.6865346,-0.08586298,0.15863362,0.06107605,1.3859752,1.2537684,1.3002903,1.5493449,1.7764349,0.37849826,0.3173721,0.32150292,0.57115376,0.6246627,0.8482004,0.9697021,1.0295646,1.5435684,1.3534988,0.37854624,0.4905924,0.4329261,0.4519688,0.50067264,0.62145376,0.50940764,0.56707394,0.5480312,0.49932736,-0.24290754,-0.018815227,-0.13414784,-0.096062444,0.001345264
93,SH601995,-0.0009424952747895279,0.5625,,,,SH601995,中金公司,2026-08-28,-0.008568977,0.020565556,-0.41666642,0.0,0.0,0.01199658,0.5833336,0.003427603,0.16666716,1.008643,1.008643,0.9878997,1.0014166,0.97470117,0.9955518,1.0105643,1.0125104,0.94523215,0.98771197,0.98401445,0.9944676,1.0025855,1.0037485,0.017021568,0.014964521,0.015854858,0.0193892,0.037490387,0.009702522,0.0015349503,-0.0014882919,-0.0016407814,0.00031526558,0.8122881,0.096443824,0.3084037,0.55498785,0.02156816,-0.007117038,0.00907826,0.019671148,0.021205831,-0.01304884,1.008643,1.008643,1.0214068,1.0526575,1.1101873,0.96420336,0.96354043,0.96354043,0.96354043,0.8970532,1.0008897,1.000556,1.0069503,1.0194051,1.0344732,0.9699194,0.9699194,0.97470117,0.9911593,0.97470117,0.8,0.8,0.6,0.43333334,0.38333333,0.8055108,0.8083693,0.63006526,0.40912005,0.48301423,1.0,1.0,0.15,0.13333334,0.46666667,0.4,0.4,0.7,0.8,0.1,0.6,0.6,-0.55,-0.6666667,0.36666667,0.8847817,0.5945865,0.64127946,0.71679085,0.68246275,0.6577993,0.27001867,0.20940137,0.07504278,0.6687643,0.6,0.5,0.45,0.53333336,0.5,0.4,0.4,0.5,0.43333334,0.48333332,0.2,0.1,-0.05,0.1,0.016666668,0.77245516,0.5233918,0.4690554,0.48003542,0.5269052,0.22754484,0.4766082,0.5309446,0.5199646,0.4730948,0.5449103,0.0467836,-0.061889164,-0.03992913,0.053810403,0.90737575,0.8522448,0.9583169,1.0951924,1.4802206,0.29749244,0.2730991,0.25918537,0.35747197,0.77775174,1.2384578,1.0874349,1.0987856,1.077041,1.6164855,0.69814193,0.5243276,0.4990993,0.4158859,0.4969755,0.30185807,0.4756724,0.5009007,0.58411413,0.5030245,0.39628384,0.04865519,-0.0018013451,-0.16822822,-0.006048988
94,SH688009,-0.0010371866749494902,0.5625,,,,SH688009,中国通号,2026-08-28,0.008080829,0.012121243,0.6666667,0.0,0.0,0.0040404145,0.33333334,0.012121243,1.0,0.99198395,1.0,0.9879759,0.99425477,0.9808,0.98399997,1.0239999,0.96159995,0.96,0.99807996,0.99231994,0.9947199,0.99951994,0.97922665,0.0065384936,0.008220942,0.011631969,0.015260997,0.024889264,0.00015999575,0.0017842408,-0.000649622,-0.0007122572,0.00090589566,0.0014969299,0.4317926,0.10916488,0.16881445,0.4040472,0.0016000511,-0.0003490476,0.011451459,0.0108077815,-0.005950547,1.0100039,1.0100039,1.0320315,1.0442227,1.0442227,0.9787493,0.9719755,0.9719755,0.9627783,0.92285717,1.0016,0.99744,1.00064,1.01088,0.99744,0.99424,0.98399997,0.98399997,0.98783994,0.95519996,0.8,0.9,0.8,0.6333333,0.81666666,0.6799221,0.73693556,0.46663874,0.4570198,0.63562375,0.6,0.8,0.1,0.3,0.65,0.2,0.1,0.55,0.033333335,0.28333333,0.4,0.7,-0.45,0.26666668,0.36666667,-0.29244936,0.4539112,0.67993426,0.71999043,0.080209106,0.20934775,0.2614447,0.20304261,0.50509906,0.4276392,0.6,0.4,0.3,0.43333334,0.45,0.4,0.3,0.45,0.4,0.43333334,0.2,0.1,-0.15,0.033333335,0.016666668,0.666667,0.60416704,0.41176498,0.563158,0.5329816,0.333333,0.395833,0.588235,0.43684202,0.46701843,0.333334,0.20833403,-0.17647003,0.12631595,0.065963134,1.2712237,1.1821091,1.2051529,1.4776522,1.5808783,0.15509926,0.2532938,0.32736453,0.6523846,0.52495515,0.59868014,0.9343318,0.9264391,1.3034428,1.0715003,0.57287693,0.5554574,0.39172637,0.45817646,0.45933318,0.4271231,0.4445426,0.6082736,0.54182357,0.5406668,0.14575382,0.11091485,-0.21654727,-0.083647095,-0.081333615
95,SZ000625,-0.001867512935651996,0.625,,,,,,2026-08-28,0.0014104468,0.008462681,0.16666667,0.0042313407,0.5,0.0028208937,0.33333334,0.0,0.0,0.99859154,1.0042254,0.9957746,1.0003736,0.9958107,1.0056155,1.1084768,1.0014262,1.1078527,0.9997148,1.0007042,1.0235226,1.0298126,1.0187286,0.004491971,0.0060593244,0.030067416,0.032758784,0.037246842,0.0014083263,-0.00043594962,-0.004475759,-0.0018106505,-8.966718e-05,0.24573821,0.047449935,0.775549,0.23676385,0.001767616,-0.002531419,0.0012576102,0.018997109,-0.0035580995,-0.016083475,1.0098407,1.0113025,1.1140935,1.1140935,1.1203161,0.9887324,0.98871535,0.98871535,0.98871535,0.92231137,1.0011231,1.0059007,1.0416793,1.0479188,1.043052,0.99859166,0.9952402,1.0,1.0033514,0.9926019,0.6,0.5,0.25,0.16666667,0.31666666,0.533798,0.4996059,0.09000472,0.09000472,0.3923574,0.6,0.1,0.05,0.36666667,0.016666668,0.4,0.3,0.65,0.76666665,0.26666668,0.2,-0.2,-0.6,-0.4,-0.25,0.9100448,0.08590546,0.8178365,0.74400216,0.27108344,0.77234656,-0.11316667,-0.2884731,0.22688647,0.34195614,0.4,0.4,0.3,0.46666667,0.41666666,0.4,0.5,0.65,0.5,0.55,0.0,-0.1,-0.35,-0.033333335,-0.13333334,0.5991554,0.46017712,0.23462735,0.49807504,0.4372797,0.40084457,0.5398229,0.76537263,0.50192493,0.5627203,0.19831087,-0.07964573,-0.53074527,-0.0038498964,-0.1254406,0.9870239,1.1443381,1.7674628,2.3677073,2.6269412,0.082601994,0.2445029,0.8066013,1.3726965,1.1632102,0.6773845,0.8737559,1.1223325,1.4655004,1.2890358,0.3971567,0.30439448,0.29198325,0.44723892,0.48014286,0.6028433,0.6956055,0.70801675,0.5527611,0.5198571,-0.20568661,-0.39121103,-0.4160335,-0.10552218,-0.039714273
96,SZ000708,-0.0018796889891340087,0.5625,,,,,,2026-08-28,0.00071688695,0.010752643,0.06667077,0.0028673273,0.26666257,0.007168429,0.6666667,0.0050179884,0.46667486,0.9992836,1.0028653,0.9921203,0.9982704,0.97712207,0.9878511,1.0732092,0.9592932,0.9785421,0.9988955,0.9983433,1.0010729,1.0100768,0.9819791,0.0064051156,0.01051996,0.01726925,0.025905762,0.039439656,0.0012938008,-2.3905815e-05,-0.0012456208,-0.0012059263,0.0010490759,0.10200487,4.733587e-05,0.18209282,0.1679386,0.215798,-0.0014831264,0.0017642668,0.010760511,0.007409155,-0.012926795,1.0144217,1.0215988,1.0781726,1.0782242,1.0782242,0.9763733,0.9742566,0.9692259,0.9613793,0.8919591,1.0014516,1.0061219,1.0103818,1.0265068,1.0089618,0.99671817,0.9891448,0.98772484,0.9884821,0.9514042,0.8,0.6,0.6,0.5,0.71666664,0.62096316,0.5437727,0.2824693,0.3305299,0.5800386,0.6,0.4,0.05,0.33333334,0.6666667,0.2,0.5,0.5,0.033333335,0.3,0.4,-0.1,-0.45,0.3,0.36666667,-0.21590695,-0.18314053,0.3911205,0.112767994,-0.0872835,0.46821907,0.080238394,-0.017804997,0.18389352,0.16005763,0.6,0.5,0.4,0.46666667,0.5,0.4,0.4,0.55,0.5,0.48333332,0.2,0.1,-0.15,-0.033333335,0.016666668,0.699725,0.5526676,0.33615822,0.55546004,0.5133073,0.300275,0.4473324,0.6638418,0.44454,0.48669273,0.39945,0.10533518,-0.32768354,0.110920034,0.026614575,1.2662258,1.3929291,1.4241116,1.4734232,1.5995485,0.39425677,0.3368723,0.30742693,0.3232045,0.4003371,0.9789344,1.0431964,0.92578816,0.96340233,0.8782303,0.30897084,0.47581333,0.45650548,0.46355793,0.48258388,0.6910292,0.5241867,0.5434945,0.5364421,0.5174161,-0.38205835,-0.048373353,-0.08698907,-0.07288416,-0.034832265
97,SZ000333,-0.0023653296013054306,0.5625,,,,,,2026-08-28,-0.0031213395,0.018034676,-0.17307432,0.0055491617,0.307694,0.009364176,0.5192317,0.0006936747,0.038463384,1.0031312,1.0086976,0.9906065,0.99922866,0.97761196,0.9628824,1.0158851,0.9591805,0.9105457,1.00076,0.9881302,0.9856593,0.9878847,0.9458815,0.0030400776,0.015791258,0.013556762,0.01576468,0.049272817,-3.5253917e-05,0.0045510945,0.00062730355,8.1896214e-05,0.0023110684,0.00033619048,0.7613944,0.07493964,0.0020915056,0.6709815,-0.00068945554,-0.008610126,0.008381335,0.010927807,-0.014057975,1.0135614,1.0135614,1.0201663,1.0379134,1.0379134,0.9747206,0.955454,0.955454,0.94061804,0.8396143,1.0025386,1.0003682,0.99765736,0.99952984,0.99003404,0.9989736,0.9759431,0.97492456,0.9770752,0.89729697,0.6,0.8,0.9,0.8333333,0.9166667,0.6508464,0.7666151,0.6883709,0.6103265,0.80880696,0.4,0.7,0.05,0.3,0.65,0.2,0.1,0.55,0.033333335,0.21666667,0.2,0.6,-0.5,0.26666668,0.43333334,-0.096648596,0.050781477,-0.011775223,0.29253277,-0.42975375,0.63655216,0.7196338,-0.014085185,0.117229424,0.2784633,0.6,0.6,0.45,0.46666667,0.48333332,0.4,0.4,0.55,0.53333336,0.51666665,0.2,0.2,-0.1,-0.06666667,-0.033333335,0.827131,0.72163737,0.4589701,0.5685255,0.5657103,0.172869,0.27836263,0.5410299,0.4314745,0.43428972,0.654262,0.44327474,-0.082059786,0.13705102,0.13142057,1.2809254,1.3449672,1.4895103,1.729465,2.1087806,0.29074606,0.32135382,0.41331485,0.6344989,0.7486,1.2718617,0.8327849,0.8862915,0.96057427,0.9507281,0.48247018,0.4576642,0.39560485,0.43452162,0.4907439,0.5175298,0.5423358,0.60439515,0.5654784,0.5092561,-0.035059623,-0.08467159,-0.20879032,-0.13095677,-0.018512202
98,SH601877,-0.0024068818235975223,0.25,,,,SH601877,正泰电器,2026-08-28,0.004683833,0.017954694,0.26086956,0.0078063887,0.4347826,0.005464472,0.3043478,0.0023419166,0.13043478,0.995338,1.00777,0.989899,1.000932,1.0030372,0.9715262,0.97968864,0.9132498,1.0679575,1.0071374,0.9916477,0.99104977,0.9802772,0.9857726,0.0077067795,0.029752238,0.021944454,0.02569721,0.04081546,-0.0045368355,0.0057292758,0.00039206765,0.0016783602,-0.0007152975,0.86636364,0.339916,0.011172246,0.3305979,0.09367502,0.0019362228,-0.017429434,0.005225612,-0.0046133786,0.03532867,1.0345308,1.0399421,1.0399421,1.0399421,1.0924504,0.9832945,0.92766774,0.92766774,0.91223705,0.90508497,1.010858,1.010858,1.0058846,1.0047077,1.0190585,1.0,0.9661731,0.98003036,0.95474565,0.94901294,0.3,0.45,0.575,0.71666664,0.64166665,0.32604834,0.6442453,0.6442453,0.6872314,0.506577,0.2,0.5,0.75,0.8333333,0.13333334,0.8,0.3,0.65,0.033333335,0.45,-0.6,0.2,0.1,0.8,-0.31666666,0.84971887,0.6083234,0.50271326,0.2764198,0.38948765,-0.15632953,0.5243811,0.4545004,0.5227033,0.2671176,0.4,0.3,0.3,0.46666667,0.4,0.4,0.6,0.6,0.46666667,0.56666666,0.0,-0.3,-0.3,0.0,-0.16666667,0.45744663,0.575,0.53666896,0.5966991,0.4637358,0.54255337,0.425,0.463331,0.40330088,0.5362642,-0.08510673,0.15,0.07333794,0.19339825,-0.07252839,1.5459543,1.6495473,1.3152595,1.3342705,1.3152354,0.49963427,0.7398334,0.6506059,0.54785603,0.44920522,1.1191571,1.7523483,2.0930922,1.7361664,1.4624228,0.041503157,0.5169124,0.47983778,0.48401183,0.48270485,0.95849687,0.48308763,0.5201622,0.5159882,0.5172951,-0.9169937,0.033824746,-0.04032446,-0.03197632,-0.034590293
99,SH601800,-0.0024455229696057506,0.625,,,,SH601800,中国交建,2026-08-28,0.0067340247,0.013467961,0.5000033,0.0016834617,0.12499753,0.0050504743,0.37499917,0.010101037,0.75000495,0.99331105,1.0016721,0.9882943,0.99604076,0.98,0.9911111,1.0577778,1.001111,1.0366666,0.9953333,0.98911107,1.0038888,1.0145556,1.0050371,0.009408441,0.010086054,0.02160999,0.024559725,0.028576076,0.0037777843,0.0022760956,-0.0027084379,-0.0021230995,-3.4701177e-05,0.4030686,0.46682045,0.5497897,0.57915574,0.0004497623,-0.0028888783,0.0006464787,0.02184129,0.01622941,-0.0040133344,1.0083388,1.0083388,1.0677953,1.0677953,1.0775465,0.97442555,0.9711016,0.9711016,0.9711016,0.92426145,1.0013334,0.9955555,1.0179999,1.0366666,1.0313333,0.9917777,0.98088884,0.9864444,0.9911111,0.97977775,0.8,0.9,0.55,0.36666667,0.43333334,0.7541125,0.7760613,0.29886553,0.29886553,0.4941026,0.6,0.8,0.05,0.36666667,0.15,0.2,0.3,0.65,0.76666665,0.26666668,0.4,0.5,-0.6,-0.4,-0.11666667,0.38033363,0.2796882,0.6654327,0.67110753,0.39337605,0.37453625,0.26677695,-0.028428465,0.12667131,0.39791307,0.8,0.5,0.35,0.43333334,0.48333332,0.2,0.5,0.6,0.5,0.45,0.6,0.0,-0.25,-0.06666667,0.033333335,0.72499955,0.5499999,0.32894754,0.49799204,0.47263682,0.27500045,0.4500001,0.67105246,0.50200796,0.5273632,0.4499991,0.0999998,-0.3421049,-0.004015903,-0.05472635,1.1959556,1.1861699,1.3308021,1.6238279,1.9485812,0.14748465,0.19301207,0.36544344,0.7139465,0.9162823,0.6547953,0.6679913,0.975021,1.1632401,1.4016745,0.53544474,0.51622707,0.3987933,0.43644652,0.48689434,0.46455526,0.48377293,0.6012067,0.5635535,0.5131057,0.07088945,0.032454144,-0.20241341,-0.12710698,-0.026211321
100,SH600887,-0.0025318596849797557,0.625,,,,SH600887,伊利股份,2026-08-28,0.017809758,0.031072408,0.5731695,0.0015157574,0.04878146,0.011746893,0.37804902,0.028040893,0.9024371,0.98250186,1.0014893,0.97096056,0.98940533,0.94564414,0.9497374,1.0089341,0.97207457,0.95532167,0.9765444,0.95934343,0.9674966,0.98063916,0.95565784,0.01583033,0.021308888,0.020023024,0.026594264,0.034780312,0.009642398,0.00670166,-0.0009757634,-0.0020267728,0.0010215561,0.92753476,0.9066813,0.08311852,0.45012793,0.2631221,0.0041708136,0.01049912,0.041773155,0.04874907,0.014206237,1.0014893,1.0014893,1.028665,1.0312718,1.0312718,0.941921,0.9307494,0.9307494,0.9307494,0.88458645,0.9877873,0.9743091,0.9817561,1.0080419,0.9823517,0.9638128,0.9393123,0.94891876,0.959642,0.9223387,1.0,1.0,0.95,0.7,0.85,0.97499955,0.9789477,0.7072485,0.68890697,0.7868102,1.0,1.0,0.05,0.3,0.65,0.2,0.3,0.65,0.76666665,0.3,0.8,0.7,-0.6,-0.46666667,0.35,0.5324184,0.42388308,0.2099423,0.4650288,0.34799707,0.35034668,0.21860252,0.1164427,0.004848639,0.0923442,1.0,0.7,0.45,0.5,0.55,0.0,0.3,0.5,0.46666667,0.41666666,1.0,0.4,-0.05,0.033333335,0.13333334,1.0,0.79222816,0.4702989,0.54237837,0.5365431,0.0,0.20777182,0.5297011,0.4576216,0.4634569,1.0,0.5844564,-0.059402216,0.08475677,0.07308618,1.0159688,0.91267806,0.78862333,0.9076979,0.84514165,0.5197465,0.37868658,0.30778864,0.3401798,0.26545066,0.746698,0.85728145,1.1365258,1.1454108,1.0772467,0.57261705,0.5551164,0.49440014,0.5061559,0.5130072,0.42738295,0.44488358,0.50559986,0.49384412,0.48699278,0.14523412,0.11023281,-0.01119971,0.0123117855,0.026014432
101,SH601888,-0.003176072627675575,0.4375,,,,SH601888,中国中免,2026-08-28,0.0047081313,0.013747618,0.3424689,0.0045197434,0.32876554,0.0045197434,0.32876554,0.0047081313,0.3424689,0.99531394,1.0044986,0.99081534,0.99833375,0.98012656,1.0133023,1.0873467,0.9915858,1.032775,0.99062425,0.9942463,1.0209031,1.0281887,1.0236104,0.00972126,0.011746506,0.031643756,0.032790832,0.03970116,0.0058498294,-0.0013559725,-0.0049106856,-0.002139924,-0.00056742603,0.9052766,0.122150645,0.8429004,0.33006054,0.062303428,-0.0023238922,0.011855564,0.025748419,0.002840234,-0.0068712374,1.0044986,1.0176218,1.1003091,1.1152449,1.1195142,0.9711134,0.9711134,0.9711134,0.9711134,0.9344529,0.9969869,1.0019873,1.0478884,1.054732,1.0598445,0.9840692,0.9849346,0.99419826,0.99605733,0.99107295,1.0,0.8,0.4,0.3,0.36666667,0.8652526,0.6211052,0.2235879,0.20041849,0.35419148,1.0,0.2,0.05,0.3,0.016666668,0.2,0.6,0.8,0.8666667,0.4,0.8,-0.4,-0.75,-0.56666666,-0.38333333,0.35286176,0.3779312,0.85969925,0.74776,0.53986967,0.6560289,-0.16480294,-0.27135962,0.3144681,0.54820883,0.8,0.5,0.4,0.46666667,0.48333332,0.2,0.5,0.6,0.53333336,0.51666665,0.6,0.0,-0.2,-0.06666667,-0.033333335,0.8483154,0.4050346,0.25022918,0.51081365,0.48351473,0.15168458,0.5949654,0.7497708,0.48918635,0.5164853,0.69663084,-0.1899308,-0.49954164,0.021627298,-0.032970574,0.9627387,1.0319828,1.3687489,1.7245055,2.079197,0.09607236,0.14485697,0.40734154,0.7030045,0.8077583,0.7276864,0.9880832,0.88272274,1.1301186,1.131193,0.5305544,0.36249763,0.33657363,0.431447,0.48013344,0.46944556,0.6375024,0.66342634,0.56855303,0.5198666,0.06110887,-0.27500474,-0.3268527,-0.13710602,-0.039733123
102,SH600039,-0.003776001689723547,0.5625,,,,SH600039,四川路桥,2026-08-28,0.023201862,0.033642694,0.6896553,0.0069605983,0.20689778,0.003480233,0.103446916,0.019721497,0.58620447,0.97732425,1.0068028,0.97392297,0.9929698,0.9455498,0.94667166,1.0237846,0.91391176,0.8976814,0.9825131,0.9685714,0.966926,0.9763077,0.9357143,0.012162799,0.01764194,0.01742385,0.023950834,0.046921257,0.0074943854,0.004651753,0.00019862714,-0.0009824432,0.0019743785,0.94917214,0.63731205,0.004548383,0.13039932,0.5400344,0.0024981243,0.010495667,0.03118708,0.03793776,0.0060415296,1.0068028,1.0068028,1.031746,1.031746,1.031746,0.9409912,0.9364755,0.9364755,0.9095409,0.8286491,0.98910993,0.9845326,0.9845326,0.99904263,0.9845326,0.9720868,0.95486915,0.9494241,0.9544353,0.895991,1.0,1.0,0.975,0.85,0.925,0.8966327,0.9032699,0.66678005,0.7402235,0.8436903,1.0,1.0,0.05,0.36666667,0.68333334,0.2,0.1,0.55,0.033333335,0.28333333,0.8,0.9,-0.5,0.33333334,0.4,0.6808553,0.48619354,0.48451874,0.33842608,0.14539991,0.8906963,0.6526065,0.4547149,0.38284338,0.26631227,1.0,0.7,0.45,0.56666666,0.5,0.0,0.3,0.55,0.43333334,0.48333332,1.0,0.4,-0.1,0.13333334,0.016666668,1.0,0.7765712,0.44509655,0.6066728,0.5708661,0.0,0.22342877,0.55490345,0.39332718,0.4291339,1.0,0.5531425,-0.109806865,0.21334565,0.14173222,0.7894057,0.76261264,0.8105658,0.96531916,0.9355619,0.15373561,0.14605021,0.21807472,0.38278294,0.30230433,0.8406996,0.82004595,0.7775544,1.2334936,1.1327862,0.7256957,0.642314,0.505234,0.4897039,0.49633786,0.27430427,0.35768595,0.49476603,0.5102961,0.5036621,0.45139146,0.2846281,0.010467959,-0.020592242,-0.0073242607
103,SZ300015,-0.0038990836222284973,0.25,,,,,,2026-08-28,-0.017857164,0.021428542,-0.8333354,0.0011904598,0.055554867,0.0023809196,0.11110973,-0.016666703,-0.77778053,1.0181818,1.0193939,0.9975758,1.0070294,1.0096813,1.0557588,1.1005987,1.0521191,1.0188532,1.0218122,1.027146,1.0513877,1.0568416,1.0325127,0.015449546,0.01617475,0.02918882,0.02839615,0.036406156,-0.002058209,-0.0028798108,-0.0043397523,-0.0019287523,0.0010978507,0.044369802,0.29057896,0.7736862,0.3575491,0.27735552,-0.017695773,-0.014186879,-0.010159983,-0.028874667,-0.06489922,1.04,1.0581797,1.1248337,1.1248337,1.1248337,0.9975758,0.9975758,0.9975758,0.9975758,0.9373504,1.0329639,1.0390239,1.076843,1.0795072,1.0702918,1.0087205,1.0106568,1.0295646,1.0324762,0.9946462,0.2,0.1,0.05,0.033333335,0.25,0.05714213,0.040000834,0.019049574,0.019049574,0.33416095,0.6,0.1,0.3,0.53333336,0.76666665,1.0,1.0,1.0,1.0,0.26666668,-0.4,-0.9,-0.7,-0.46666667,0.5,-0.7223955,-0.41486713,0.3722314,0.4811442,0.21418357,-0.66463125,-0.37666422,-0.08480412,-0.00075468945,0.41131362,0.6,0.4,0.3,0.36666667,0.4,0.4,0.6,0.7,0.56666666,0.55,0.2,-0.2,-0.4,-0.2,-0.15,0.41682324,0.30175975,0.31222817,0.44297093,0.49074206,0.58317673,0.6982402,0.68777186,0.55702907,0.5092579,-0.16635351,-0.39648047,-0.37554368,-0.11405817,-0.018515866,0.49724126,0.5125868,0.607689,0.6721321,0.7446469,0.28585747,0.19618408,0.2208319,0.2310229,0.26591492,1.5802771,1.1387056,1.0452594,0.9202979,1.2935007,0.6704394,0.66308844,0.54247546,0.49399868,0.50322986,0.3295606,0.3369116,0.45752454,0.5060013,0.49677014,0.34087878,0.32617682,0.084950924,-0.012002642,0.006459695
104,SZ302132,-0.0044494459980820265,0.5625,,,,,,2026-08-28,0.006711407,0.031375844,0.21390362,0.016778607,0.5347619,0.007885831,0.25133446,-0.0021813689,-0.069523826,0.99333334,1.0166668,0.9855001,1.0036117,0.947325,0.9666621,0.97532666,0.881832,0.9732912,0.96720123,0.9676221,0.96712834,0.9611938,0.9581677,0.029343983,0.025888402,0.019618303,0.022032952,0.033360362,0.01704579,0.00030356756,0.00012038682,0.0010669346,-0.0001082111,0.84359926,0.0012604096,0.0013179628,0.1817322,0.0032090903,-0.001292817,0.031011852,0.03172797,0.023335624,0.045024578,1.0166668,1.0166668,1.0166668,1.0166668,1.0648608,0.917514,0.917514,0.917514,0.8821726,0.86267364,0.99612707,0.99612707,0.9910439,0.97606385,0.9786165,0.94294596,0.9468629,0.9501472,0.9468629,0.93894655,1.0,0.9,0.95,0.96666664,0.9,0.8319083,0.8319083,0.8319083,0.87607825,0.6792041,1.0,1.0,1.0,1.0,0.1,0.2,0.6,0.8,0.033333335,0.45,0.8,0.4,0.2,0.96666664,-0.35,0.8573984,0.7432109,0.657789,0.20395742,0.4058611,0.7319181,0.3613995,0.43548664,0.355714,0.5455132,0.6,0.6,0.45,0.53333336,0.45,0.4,0.4,0.55,0.46666667,0.55,0.2,0.2,-0.1,0.06666667,-0.1,0.8377427,0.59901947,0.54234725,0.6275534,0.5132026,0.1622573,0.40098053,0.45765278,0.37244663,0.48679742,0.67548543,0.19803895,0.084694445,0.25510678,0.026405161,0.93994343,0.96848357,0.9226499,0.9958358,1.0154186,0.32668585,0.35127354,0.32301393,0.29442573,0.36213207,1.1398209,1.0912205,1.2529836,1.0992444,1.8187742,0.62851435,0.45201156,0.49137664,0.5060876,0.5007635,0.37148568,0.5479885,0.50862336,0.49391243,0.49923652,0.25702867,-0.09597689,-0.01724673,0.012175145,0.0015269273
105,SZ300498,-0.004851755595395447,0.4375,,,,,,2026-08-28,0.009893911,0.029681945,0.33333096,0.0035336227,0.11904957,0.01625441,0.54761946,0.022614699,0.76190084,0.990203,1.003499,0.97410786,0.9899974,0.9510178,0.9424301,0.9860051,0.9831425,0.88263357,0.9819975,0.9692112,0.9633588,0.9704623,0.9352683,0.017718583,0.019669188,0.017573234,0.019453973,0.049200404,0.009096687,0.005092913,0.0014798439,-0.000540324,0.0021383078,0.658944,0.6145696,0.24819699,0.0597852,0.5761067,-0.00019086238,0.007870662,0.022582667,0.037372403,0.0016516472,1.003499,1.003499,1.003499,1.0300255,1.0300255,0.9333984,0.9333984,0.9319986,0.9319986,0.80738115,0.99363875,0.99001276,0.97690845,0.98638684,0.98002553,0.9692748,0.9510178,0.9486641,0.9510178,0.8847965,1.0,1.0,1.0,0.93333334,0.96666664,0.95008594,0.95008594,0.95106316,0.6937019,0.8651417,1.0,1.0,1.0,0.06666667,0.53333336,0.2,0.6,0.25,0.5,0.23333333,0.8,0.4,0.75,-0.43333334,0.3,0.78172666,0.7118973,0.5797468,0.60528636,0.087684505,0.91897815,0.8181222,0.6654443,0.60954666,0.5936766,0.8,0.6,0.5,0.5,0.51666665,0.2,0.3,0.45,0.46666667,0.46666667,0.6,0.3,0.05,0.033333335,0.05,0.79615396,0.6771035,0.52235764,0.5174457,0.56007814,0.20384602,0.32289648,0.47764236,0.48255435,0.43992186,0.592308,0.35420704,0.044715293,0.03489132,0.12015628,1.0301163,0.94176656,0.9374908,0.9789391,1.0774275,0.26744094,0.29438493,0.27149102,0.3242763,0.37391913,0.89696467,0.90127516,0.9194655,0.9414502,1.1429945,0.62385267,0.5459311,0.49489644,0.48387444,0.50170124,0.37614733,0.45406887,0.5051035,0.51612556,0.49829876,0.24770531,0.09186226,-0.0102071,-0.0322511,0.003402444
106,SH601136,-0.005414663504340104,0.25,,,,SH601136,首创证券,2026-08-28,0.011220189,0.021739116,0.516129,0.0028050472,0.12903225,0.00771388,0.3548387,0.016129022,0.7419355,0.9889043,1.0027739,0.98127604,0.9920153,0.95218855,0.98585856,1.0148149,0.9622896,0.96498317,0.9756229,0.96996635,0.9925926,0.99097645,0.9854209,0.021413712,0.018496936,0.029058669,0.025911434,0.025433114,0.013400671,0.0023099694,-0.0038085121,-0.0008275566,0.00024135,0.97905976,0.14296322,0.6012115,0.07905224,0.027465997,-0.002424241,0.019638807,0.04358827,0.021023134,0.007459291,1.0027739,1.0027739,1.0479323,1.0479323,1.0479323,0.9471551,0.9452535,0.9452535,0.9452535,0.9137454,0.9940741,0.9893603,1.0150841,1.0141414,1.0113132,0.95663303,0.953266,0.9581145,0.9639057,0.96282834,1.0,1.0,0.6,0.6666667,0.7,0.9501261,0.95177495,0.5331821,0.5331821,0.64279443,1.0,1.0,0.05,0.36666667,0.68333334,0.4,0.5,0.75,0.8333333,0.1,0.6,0.5,-0.7,-0.46666667,0.5833333,0.91239136,0.7426094,0.57844955,0.56194544,0.43142566,0.61676174,0.3067133,0.38387868,0.47573724,0.51647925,0.8,0.6,0.45,0.53333336,0.5,0.2,0.4,0.55,0.46666667,0.5,0.6,0.2,-0.1,0.06666667,0.0,0.9610387,0.5714287,0.4623288,0.55343515,0.5206022,0.038961265,0.4285713,0.5376712,0.44656485,0.47939777,0.9220775,0.14285737,-0.075342394,0.10687027,0.041204464,0.8147179,0.66434747,0.71608025,0.756922,0.87679976,0.38192564,0.3119147,0.2998213,0.29822388,0.36165985,0.8714899,0.92487085,1.0905913,1.0312725,1.390118,0.7541466,0.6061867,0.5226296,0.4970357,0.50883055,0.24585342,0.3938133,0.4773704,0.50296426,0.49116942,0.50829315,0.21237338,0.045259196,-0.0059285574,0.017661141
107,SH600029,-0.006140685038875635,0.5625,,,,SH600029,南方航空,2026-08-28,0.009980042,0.013972016,0.71428794,0.0019959868,0.14285603,0.0019959868,0.14285603,0.009980042,0.71428794,0.99011856,1.0019763,0.9881423,0.99735653,0.9872242,0.9930314,1.0383276,0.9872242,1.0301975,0.9986063,0.9946574,1.0051104,1.0080914,1.0182927,0.00445304,0.005615619,0.016112778,0.016013654,0.026450897,0.00058071676,0.0011403199,-0.0020713795,-0.00086068024,-0.00078809477,0.04251631,0.37798062,0.57842433,0.22387443,0.27075464,0.00023226523,0.00021114435,0.014567738,0.0043884637,0.0049560806,1.014534,1.014534,1.0465857,1.0465857,1.1236615,0.9862867,0.9852458,0.9852458,0.98116255,0.9787207,1.0009291,1.0,1.0197445,1.0243903,1.0387921,0.99419284,0.9900117,0.99396056,0.99419284,0.99419284,0.7,0.85,0.575,0.46666667,0.375,0.48547226,0.50375825,0.24053149,0.2879325,0.14681353,0.6,0.8,0.05,0.36666667,0.11666667,0.2,0.3,0.65,0.033333335,0.45,0.4,0.5,-0.6,0.33333334,-0.33333334,0.40510207,0.36246744,0.6431986,0.59006834,0.72313887,0.49408823,0.06633247,-0.19617632,0.09514157,0.40711516,0.8,0.6,0.45,0.53333336,0.46666667,0.2,0.4,0.5,0.4,0.48333332,0.6,0.2,-0.05,0.13333334,-0.016666668,0.68965393,0.56249976,0.358974,0.5258215,0.4811594,0.31034604,0.43750024,0.64102596,0.47417852,0.5188406,0.37930793,0.124999516,-0.28205198,0.05164297,-0.037681237,0.90615946,0.8350507,1.0056014,1.1528754,1.5695902,0.15430392,0.16527428,0.3040803,0.33772922,0.810978,0.32845998,0.48469585,1.0553665,1.0115582,1.7771839,0.6577802,0.56527376,0.4662544,0.47183847,0.4935612,0.34221983,0.43472624,0.5337456,0.5281615,0.5064388,0.3155603,0.13054751,-0.067491196,-0.056323074,-0.012877593
108,SZ002602,-0.006405745145893232,0.4375,,,,,,2026-08-28,-0.006401148,0.030583233,-0.20930253,0.02062595,0.67442024,0.003556134,0.11627724,-0.023470966,-0.7674455,1.0064424,1.0272012,0.996421,1.009985,0.98925453,1.0450572,0.9691716,0.93411887,1.0651401,0.9977027,0.9991256,1.0036054,0.9787486,0.9859308,0.007005343,0.010133906,0.016256412,0.043311916,0.041559517,0.0015784722,-0.0010375006,-0.00044057437,0.0032496462,-8.772391e-05,0.12692732,0.09608031,0.025707332,0.43627372,0.0013589228,-0.0008596668,0.0055431696,0.0005801064,-0.025868492,0.016657026,1.0272012,1.0450511,1.0622902,1.0622902,1.1059452,0.96992594,0.96706426,0.9649168,0.8589413,0.8589413,1.0012895,1.0065807,1.0179043,1.0107455,1.0190307,0.99457544,0.990381,0.98925453,0.9521862,0.95304585,0.8,0.7,0.55,0.7,0.6333333,0.52507937,0.42232394,0.3602956,0.69367844,0.57107884,1.0,0.1,0.35,0.56666666,0.016666668,0.2,0.5,0.05,0.13333334,0.56666666,0.8,-0.4,0.3,0.43333334,-0.55,0.7158512,0.53535587,0.38848442,-0.26614025,-0.012776178,0.83262694,0.26329383,0.20682977,0.34336424,0.3699293,0.4,0.3,0.4,0.46666667,0.43333334,0.6,0.7,0.55,0.5,0.55,-0.2,-0.4,-0.15,-0.033333335,-0.11666667,0.65327734,0.30928433,0.5455341,0.55241126,0.47570613,0.34672266,0.6907157,0.45446596,0.4475887,0.52429384,0.30655465,-0.3814313,0.09106811,0.104822546,-0.048587736,0.7292534,0.84556127,1.0271897,1.2219261,1.5128161,0.19800371,0.3151454,0.36895818,0.529192,0.7245388,1.1661319,1.450013,1.3410082,1.3792547,1.0877204,0.65363514,0.3153855,0.41529134,0.46022534,0.50078464,0.3463649,0.6846145,0.5847087,0.53977466,0.49921533,0.30727023,-0.36922902,-0.16941732,-0.07954933,0.0015693273
109,SZ300059,-0.006458170107668647,0.25,,,,,,2026-08-28,-0.006649592,0.010741643,-0.61904794,0.004092051,0.38095206,0.0,0.0,-0.010741643,-1.0,1.0066941,1.0108136,1.0,1.0034604,0.9737414,1.0025786,1.0386236,1.0144217,0.9649865,0.99124753,0.98609835,1.0063354,1.0130808,1.0140418,0.016062856,0.017052643,0.025205385,0.024566075,0.045432933,0.00870212,0.0015104277,-0.0032374964,-0.0019204093,0.00024928004,0.73374397,0.071916394,0.5774308,0.47360662,0.009181915,-0.008651791,0.0071047125,0.02442086,0.014765131,-0.021395594,1.0118469,1.0118469,1.0550978,1.0566463,1.1307925,0.9644734,0.9593233,0.9593233,0.9593233,0.8867128,1.0020604,1.0016478,1.0303844,1.0327505,1.0443872,0.97466475,0.9726081,0.97466475,0.99557346,0.97466475,0.8,0.8,0.4,0.31666666,0.325,0.749925,0.7744459,0.4247133,0.41795576,0.46414024,0.8,0.9,0.15,0.33333334,0.3,0.2,0.5,0.75,0.8333333,0.083333336,0.6,0.4,-0.6,-0.5,0.21666667,0.7489408,0.49312326,0.47917747,0.60494035,0.48364,0.8603576,0.35027024,0.43627405,0.32844234,0.57078224,0.8,0.7,0.5,0.56666666,0.5,0.2,0.3,0.5,0.43333334,0.5,0.6,0.4,0.0,0.13333334,0.0,0.780164,0.48778614,0.3943504,0.47897297,0.5155957,0.219836,0.5122139,0.6056496,0.521027,0.48440433,0.560328,-0.024427732,-0.21129917,-0.04205407,0.03119137,1.2761142,1.1472299,1.2284139,1.3684796,2.0082996,0.5072524,0.38859698,0.34577742,0.4218598,1.1988665,1.1442053,1.0144718,1.013039,1.0179011,2.0985572,0.52504253,0.4506571,0.43527862,0.42929798,0.49658376,0.47495744,0.5493429,0.56472135,0.570702,0.50341624,0.05008511,-0.09868578,-0.12944274,-0.14140406,-0.0068324693
110,SZ000157,-0.006684837981325268,0.25,,,,,,2026-08-28,-0.0215208,0.028694378,-0.7500006,0.0,0.0,0.007173577,0.2499994,-0.014347224,-0.5000012,1.0219941,1.0219941,0.9926686,1.0024542,1.0205369,1.0161318,1.1143805,1.0260319,1.0545809,1.0302129,1.0240533,1.0396694,1.0576926,1.051639,0.016933149,0.014070452,0.026319878,0.036313377,0.03425217,-0.0070405607,0.0012799139,-0.0032512315,-0.0030856484,-0.00037117105,0.43219432,0.075850226,0.5340674,0.55957884,0.035815567,-0.01613176,-0.029812967,-0.00878268,-0.012950731,-0.04068946,1.0498652,1.0498652,1.1202484,1.1363764,1.1363764,0.9926686,0.9926686,0.9926686,0.9926686,0.976093,1.0384215,1.0369602,1.0624733,1.0947245,1.0843517,1.0293349,1.0143728,1.0161318,1.0217035,1.020494,0.2,0.1,0.05,0.033333335,0.083333336,0.12817802,0.12817802,0.05746485,0.05101571,0.1491545,0.2,0.6,0.05,0.3,0.65,1.0,1.0,1.0,1.0,0.3,-0.8,-0.4,-0.95,-0.7,0.35,-0.74849653,-0.3791213,0.21843116,0.21248616,0.10443243,-0.23033002,-0.1788605,-0.23627451,-0.07062102,0.26881453,0.6,0.4,0.3,0.46666667,0.46666667,0.2,0.3,0.55,0.43333334,0.48333332,0.4,0.1,-0.25,0.033333335,-0.016666668,0.32496056,0.41790324,0.22144124,0.46395475,0.47089446,0.6750394,0.58209676,0.7785588,0.53604525,0.52910554,-0.35007888,-0.16419348,-0.5571175,-0.07209052,-0.058211103,0.55386615,0.46897984,0.5135023,0.52943677,0.6850752,0.3003207,0.22179487,0.17714033,0.15656714,0.2552355,1.6217301,1.7842895,1.4407215,1.1326749,0.96530366,0.7278548,0.68921953,0.5794538,0.5564418,0.50441223,0.2721452,0.31078044,0.42054617,0.44355822,0.49558774,0.45570955,0.3784391,0.15890767,0.112883545,0.008824509
111,SH601166,-0.0066882502187481435,0.25,,,,SH601166,兴业银行,2026-08-28,-0.012464648,0.013031204,-0.95652306,0.0,0.0,0.0005665567,0.043476924,-0.011898091,-0.9130461,1.012622,1.012622,0.9994263,1.0036181,1.0384247,1.0344002,1.0843235,1.0183021,1.0213684,1.0321004,1.0334707,1.0436758,1.048585,1.0265923,0.019167205,0.014723743,0.01887933,0.020312956,0.034323703,-0.009793033,-0.0010029372,-0.002280856,-0.0011188916,0.0007302854,0.6526146,0.04253265,0.5108468,0.23514271,0.1380692,-0.012514389,-0.028957488,-0.022007633,-0.032361127,-0.04813569,1.0567737,1.0567737,1.0957264,1.0957264,1.0957264,0.9994263,0.9994263,0.9994263,0.9994263,0.94313663,1.0455347,1.0450748,1.0523572,1.0610963,1.0521272,1.0266002,1.0238215,1.0337102,1.0342852,0.9924109,0.2,0.1,0.05,0.033333335,0.25,0.010004082,0.010004082,0.0059574987,0.0059574987,0.3726551,0.4,0.7,0.05,0.3,0.65,1.0,1.0,1.0,1.0,0.26666668,-0.6,-0.3,-0.95,-0.7,0.38333333,-0.915344,-0.44917396,-0.27625653,0.0266873,0.12472893,-0.51922274,-0.14349206,-0.12642157,0.10460572,0.21662742,0.4,0.4,0.35,0.43333334,0.43333334,0.6,0.6,0.6,0.53333336,0.55,-0.2,-0.2,-0.25,-0.1,-0.11666667,0.2621589,0.36096045,0.30684814,0.47480866,0.48505962,0.73784107,0.6390395,0.69315183,0.52519137,0.5149404,-0.4756822,-0.27807906,-0.38630372,-0.05038268,-0.029880786,0.57291245,0.48751375,0.40198192,0.44516328,0.43623593,0.24004976,0.19980723,0.17126524,0.17046201,0.13384591,1.1250842,1.2740734,1.3739358,1.2120086,1.0757713,0.92026186,0.72708863,0.596934,0.570215,0.55221766,0.07973817,0.2729114,0.40306598,0.429785,0.44778237,0.84052366,0.4541772,0.19386803,0.14042996,0.10443528
112,SZ002311,-0.007197451510561658,0.5,,,,,,2026-08-28,0.018053712,0.027741132,0.6507922,0.0015412096,0.05555684,0.008146211,0.29365098,0.024658713,0.88888633,0.9822664,1.0015138,0.9742647,0.99073195,0.9902494,0.9718767,1.069643,1.036543,0.9389214,0.9844685,0.9864562,0.9973439,1.0150175,0.9858506,0.015802845,0.013306968,0.023112403,0.03217364,0.04754147,0.0006047115,-4.4718287e-05,-0.0026301648,-0.003107924,0.0015203379,0.0036607143,0.00010351983,0.45325622,0.7231728,0.311914,0.014322074,0.013744991,0.027642647,0.030047415,-0.030700546,1.00952,1.0164168,1.0867243,1.0867243,1.0867243,0.94311833,0.94311833,0.94311833,0.94311833,0.8749969,1.0002604,1.0002604,1.0092819,1.0496905,1.0345987,0.97174937,0.9742203,0.9781147,0.98356575,0.9406227,0.8,0.8,0.6,0.4,0.6166667,0.85662967,0.7760287,0.39609557,0.39609557,0.59039646,0.2,0.5,0.05,0.36666667,0.68333334,0.4,0.7,0.85,0.9,0.18333334,-0.2,-0.2,-0.8,-0.53333336,0.5,-0.5276516,-0.22932534,0.1425549,0.2335532,0.062418524,-0.5809718,-0.21642794,-0.27706906,-0.24188153,0.028175123,0.6,0.6,0.4,0.46666667,0.53333336,0.4,0.4,0.6,0.5,0.45,0.2,0.2,-0.2,-0.033333335,0.083333336,0.5607208,0.58953565,0.3875758,0.45324644,0.5357615,0.43927923,0.41046435,0.6124242,0.5467536,0.46423852,0.12144156,0.17907129,-0.22484837,-0.09350713,0.07152292,1.3552941,1.2267194,1.3717103,1.4300561,1.4989202,0.6056332,0.4503396,0.4886592,0.52958953,0.45255286,0.9688104,0.83614355,0.90117353,0.984714,0.98805976,0.47875625,0.5372811,0.4550092,0.45789748,0.48439765,0.52124375,0.4627189,0.54499084,0.5421025,0.51560235,-0.0424875,0.07456219,-0.08998163,-0.084205054,-0.031204693
113,SH600845,-0.007545405765416908,0.125,,,,SH600845,宝信软件,2026-08-28,0.0062857354,0.01714289,0.36666715,0.010857156,0.63333285,0.0,0.0,-0.0045714206,-0.26666567,0.99375355,1.0107894,0.99375355,1.002978,0.98522884,1.0357732,1.055639,1.0590477,1.096507,0.98829305,0.9978338,1.0278745,1.0273796,1.0337365,0.009739633,0.016837733,0.036192257,0.03469712,0.046671182,0.0059670936,-0.003413153,-0.005479574,-0.0017675891,-0.00032427427,0.938384,0.37666544,0.8022882,0.20113032,0.014724048,-0.00022726653,0.017525388,0.024181468,-0.001749634,-0.024170412,1.0107894,1.0334959,1.1260556,1.1260556,1.1686277,0.96817493,0.96817493,0.96817493,0.96817493,0.90797746,0.9936371,1.0082909,1.0599567,1.0598394,1.0709599,0.98248726,0.9851116,0.9918191,0.99477327,0.9958949,1.0,0.7,0.35,0.33333334,0.26666668,0.74681467,0.48721024,0.20157668,0.20157668,0.35304978,1.0,0.2,0.15,0.43333334,0.43333334,0.4,0.7,0.85,0.9,0.26666668,0.6,-0.5,-0.7,-0.46666667,0.16666667,0.5797133,0.771563,0.8117502,0.7658707,0.53626734,0.1658091,0.26325548,0.3197922,0.3429885,0.09358594,0.8,0.5,0.5,0.5,0.53333336,0.2,0.5,0.5,0.5,0.46666667,0.6,0.0,0.0,0.0,0.06666667,0.6969699,0.32792673,0.3962264,0.43884298,0.45747602,0.3030301,0.67207325,0.6037736,0.56115705,0.542524,0.3939398,-0.34414655,-0.20754719,-0.12231406,-0.08504796,0.6667169,0.8533896,1.3228798,1.2925266,1.3802191,0.21570356,0.3044749,0.6413736,0.5720774,0.6163642,0.5962831,0.89781785,1.0851282,1.1565504,1.3120965,0.6591665,0.34701008,0.4421851,0.48321006,0.48574772,0.3408335,0.6529899,0.5578149,0.51679,0.51425225,0.31833303,-0.30597982,-0.115629815,-0.03357989,-0.028504537
114,SZ300760,-0.0075494606893737925,0.25,,,,,,2026-08-28,0.018093934,0.021811849,0.82954615,0.0027884808,0.12784249,0.0009294321,0.042611342,0.016234886,0.744315,0.9822276,1.002739,0.9813147,0.993659,0.9400563,0.9158191,0.9669985,0.9094893,0.8678317,0.9837806,0.95653003,0.9448307,0.9404278,0.9014517,0.012382478,0.0331382,0.027398039,0.02783336,0.04739883,0.006778821,0.010334569,0.0028032796,0.001578952,0.0021093981,0.749261,0.89153475,0.36640546,0.2494068,0.6040622,0.002661753,-0.003035577,0.028538145,0.036677413,0.03632103,1.002739,1.002739,1.002739,1.002739,1.002739,0.9312977,0.8970464,0.8970464,0.8855632,0.7952611,0.9893963,0.98626924,0.9686865,0.9660464,0.9401104,0.97732097,0.9166956,0.9166956,0.91629523,0.8520883,1.0,1.0,1.0,1.0,1.0,0.9616619,0.9740859,0.9740859,0.9766255,0.98679894,1.0,1.0,1.0,1.0,1.0,0.2,0.1,0.55,0.2,0.26666668,0.8,0.9,0.45,0.8,0.73333335,-0.58977735,0.27944764,0.10493013,0.19690385,0.028028958,0.88147783,0.89275146,0.5263939,0.49516848,0.53122365,0.8,0.7,0.55,0.56666666,0.55,0.2,0.3,0.45,0.43333334,0.45,0.6,0.4,0.1,0.13333334,0.1,0.9103703,0.7794539,0.5601103,0.5974601,0.57342064,0.08962972,0.22054613,0.4398897,0.40253994,0.42657936,0.8207406,0.55890775,0.120220594,0.19492014,0.14684126,1.3224812,1.3123246,1.3542355,1.4889259,1.5418735,0.42553112,0.509726,0.4378591,0.5199317,0.53082275,0.8487331,1.3347673,1.2005618,1.0744295,1.0042984,0.44405985,0.50341403,0.4652176,0.452097,0.4936948,0.55594015,0.496586,0.5347824,0.547903,0.50630516,-0.111880325,0.006828013,-0.06956485,-0.09580603,-0.0126103675
115,SZ002594,-0.007733970514968082,0.5625,,,,,,2026-08-28,0.010286707,0.017290404,0.5949374,0.001750945,0.10126687,0.005252751,0.30379575,0.013788514,0.7974663,0.98981804,1.0017331,0.9846188,0.99562615,0.97994655,0.962944,1.0373646,1.0086727,1.0083642,0.9920266,0.9823838,0.98198104,0.99179924,0.96841663,0.0070854113,0.012471499,0.0142795555,0.02077957,0.042987745,0.0037398783,0.003655021,3.3737535e-05,-0.0011753006,0.0009803321,0.69650596,0.7873247,0.00019537336,0.24792852,0.15861964,0.00049362937,0.0011686052,0.01769847,0.025242634,0.0026635577,1.0098459,1.0098459,1.0462502,1.0462502,1.0462502,0.96835536,0.9579558,0.9579558,0.9579558,0.8374057,0.99799806,0.9923146,0.98989445,1.0086042,0.9979638,0.98809135,0.97280955,0.9713287,0.97494173,0.94452214,1.0,1.0,0.95,0.76666665,0.8333333,0.7626969,0.81025636,0.47618195,0.47618195,0.7785422,0.6,0.8,0.05,0.36666667,0.68333334,0.2,0.3,0.65,0.76666665,0.26666668,0.4,0.5,-0.6,-0.4,0.41666666,-0.017907683,0.20068233,0.27057657,0.5273951,-0.23683964,0.5979961,0.62124777,0.10975099,0.14388804,0.26321706,0.8,0.6,0.45,0.53333336,0.48333332,0.2,0.4,0.55,0.46666667,0.51666665,0.6,0.2,-0.1,0.06666667,-0.033333335,0.8037387,0.74140227,0.4038122,0.4855312,0.4950487,0.19626126,0.2585977,0.5961878,0.5144688,0.5049513,0.6074775,0.48280457,-0.19237557,-0.028937548,-0.009902598,1.005366,0.9857357,1.2100123,1.3887446,1.6606603,0.17356709,0.21896705,0.49386165,0.5672171,0.6510747,0.46047384,0.9506606,1.3959846,1.2360876,1.2385361,0.62620765,0.5320196,0.44363832,0.42452443,0.49444836,0.37379235,0.4679804,0.5563617,0.5754756,0.50555164,0.25241527,0.064039186,-0.11272338,-0.15095118,-0.011103269
116,SZ300999,-0.007957200345621624,0.5,,,,,,2026-08-28,0.008380915,0.023238074,0.36065447,0.004571448,0.19672233,0.010285711,0.44262323,0.014095179,0.60655534,0.9916887,1.0045334,0.9814885,0.99480826,0.94489646,0.9408284,1.0188609,0.9519231,0.9678255,0.97218937,0.9642752,0.9736871,0.9787229,0.9543824,0.025422964,0.020401178,0.02210786,0.021399897,0.033892386,0.01590236,0.004316836,-0.0015602062,-0.0010029222,0.0009941022,0.97816205,0.41042343,0.17431653,0.17022088,0.26239625,-0.0039940756,0.01629908,0.041134816,0.035819482,0.01629158,1.0045334,1.0045334,1.0232669,1.0232669,1.0232669,0.9292108,0.9292108,0.9292108,0.9292108,0.8519031,0.99319524,0.976997,0.9939349,0.9939349,0.9858728,0.9550296,0.9445267,0.9531805,0.96146446,0.92115384,1.0,1.0,0.95,0.9,0.95,0.9398129,0.9398129,0.75262713,0.75262713,0.8642249,1.0,1.0,0.05,0.36666667,0.68333334,0.2,0.6,0.8,0.8666667,0.26666668,0.8,0.4,-0.75,-0.5,0.41666666,0.84333444,0.35200945,-0.22129291,-0.06843297,0.18665746,0.69356173,0.6497706,0.394035,0.42918605,0.5187868,0.8,0.7,0.4,0.5,0.48333332,0.2,0.3,0.6,0.5,0.51666665,0.6,0.4,-0.2,0.0,-0.033333335,0.8820511,0.733918,0.46009392,0.56499994,0.5215453,0.117948875,0.266082,0.5399061,0.43500006,0.47845468,0.7641022,0.46783602,-0.07981215,0.1299999,0.04309063,0.9696125,1.0802932,0.9340415,0.9309567,0.8606862,0.11660981,0.28962225,0.2669204,0.28552064,0.25458607,0.4563645,0.8563301,0.86411124,0.9316159,0.9279109,0.6223184,0.54382,0.5068519,0.50129426,0.49488744,0.3776816,0.45617998,0.49314806,0.49870571,0.5051125,0.24463679,0.087640025,0.013703867,0.0025885624,-0.010225103
117,SZ000858,-0.008593942904750258,0.4375,,,,,,2026-08-28,0.005483588,0.010686192,0.5131471,0.0025309962,0.23684736,0.0026716073,0.25000554,0.0056241993,0.52630526,0.9945463,1.0025172,0.9918893,0.9974979,0.9955277,1.0313267,1.0907626,1.01748,1.0958164,0.9999472,1.0037926,1.0300546,1.0382682,1.0299429,0.00386197,0.007127442,0.029836826,0.029883232,0.035482664,-0.00047631806,-0.001763776,-0.004689194,-0.0023363237,-0.000292171,0.03802912,0.5613463,0.8644884,0.4737101,0.020679578,0.0010054399,0.0041443193,0.014492722,-0.0043915245,-0.021323822,1.0075544,1.0180429,1.099992,1.1025065,1.1136515,0.99119335,0.99119335,0.99119335,0.99119335,0.9528567,1.0012077,1.0093994,1.0533385,1.0577264,1.0655876,0.9985771,0.9987726,1.0001163,1.005429,0.9964486,0.6,0.4,0.2,0.13333334,0.28333333,0.5382688,0.32799911,0.08094438,0.079115905,0.29318917,0.6,0.1,0.05,0.3,0.016666668,0.2,0.6,0.8,0.8666667,0.4,0.4,-0.5,-0.75,-0.56666666,-0.38333333,-0.7807585,-0.021930601,0.6711436,0.72063,0.20079274,-0.80283225,-0.51980805,-0.3047014,0.31809753,0.49189222,0.8,0.6,0.5,0.56666666,0.48333332,0.2,0.4,0.5,0.43333334,0.5,0.6,0.2,0.0,0.13333334,-0.016666668,0.5850705,0.2694917,0.25433597,0.47580287,0.43629313,0.4149295,0.73050827,0.745664,0.52419716,0.5637069,0.17014095,-0.4610166,-0.49132803,-0.048394278,-0.12741372,0.99055487,0.98122764,1.2757255,1.5050042,1.5261973,0.23872036,0.24966604,0.38319972,0.6121139,0.5428663,0.9384312,0.98244184,0.85774875,1.5185355,1.3507719,0.5596888,0.39256066,0.39905733,0.46412736,0.50169235,0.44031116,0.60743934,0.6009427,0.53587264,0.49830768,0.11937764,-0.21487866,-0.20188533,-0.071745254,0.0033846502
118,SH601727,-0.008743953387841258,0.3125,,,,SH601727,上海电气,2026-08-28,0.0030165804,0.009049741,0.33333334,0.0015082902,0.16666667,0.0045248703,0.5,0.0060331607,0.6666667,0.99699247,1.0015037,0.99248123,0.99686384,0.9816032,1.0091985,1.0381078,0.9592641,1.195795,0.9881735,0.9905388,1.0120237,1.0104249,1.0332458,0.013624454,0.014734683,0.026605215,0.027180962,0.046596996,0.008147168,-0.00087604375,-0.003943169,-0.0006489915,-0.0018927,0.8939539,0.03240272,0.768821,0.04418248,0.503208,-0.004467801,0.013403416,0.025436437,-0.0010145213,0.022588897,1.0052781,1.0172737,1.0670396,1.0670396,1.199925,0.96526605,0.9650678,0.9650678,0.95118505,0.95118505,0.99894875,1.001314,1.0312747,1.0354797,1.0654402,0.9760841,0.97976345,0.9813404,0.9813404,0.9892248,1.0,0.8,0.4,0.43333334,0.3,0.86808723,0.66912466,0.34256732,0.4213469,0.19624904,0.6,0.1,0.15,0.43333334,0.016666668,0.2,0.5,0.75,0.033333335,0.51666665,0.4,-0.4,-0.6,0.4,-0.5,0.56836003,0.18624148,0.7650171,0.529297,0.65563995,0.4359835,-0.055939015,0.184879,0.55173606,0.23474701,0.8,0.6,0.5,0.56666666,0.46666667,0.2,0.3,0.45,0.4,0.51666665,0.6,0.3,0.05,0.16666667,-0.05,0.7187492,0.44615355,0.39716306,0.5547703,0.39027992,0.2812508,0.5538465,0.60283697,0.44522974,0.6097201,0.43749842,-0.10769292,-0.2056739,0.10954054,-0.21944019,0.95608044,0.9849258,1.2609247,1.6298858,2.0635412,0.24881694,0.2582416,0.49839404,0.9163663,0.9913487,0.9885389,1.2451931,0.9831855,1.3995937,1.2204572,0.5612689,0.5008202,0.437969,0.47425643,0.4845112,0.43873107,0.49917978,0.562031,0.5257436,0.5154888,0.12253784,0.0016404447,-0.12406197,-0.051487174,-0.030977579
119,SZ001965,-0.008953711856997096,0.4375,,,,,,2026-08-28,0.014552976,0.024947958,0.5833333,0.007276488,0.29166666,0.0031184948,0.125,0.010394983,0.41666666,0.9856558,1.0071721,0.98258203,0.99763876,0.939124,0.9420935,1.0356348,0.9769859,0.9376392,0.98559767,0.96302897,0.96781737,0.9868102,0.9697352,0.020731157,0.027633583,0.026532453,0.03619181,0.035334732,0.009205635,0.007999818,-0.000718386,-0.0025693802,0.0005077301,0.49294725,0.7682406,0.025658367,0.39060503,0.06297411,-0.004008911,0.00097184314,0.039007287,0.050445814,0.0152867455,1.014407,1.014407,1.0415243,1.0588951,1.0588951,0.9384263,0.9268344,0.9268344,0.9268344,0.8958287,1.0008909,0.9904974,0.9904974,1.0179659,1.0047513,0.9772829,0.939124,0.941945,0.9465479,0.939124,0.8,0.9,0.85,0.56666666,0.76666665,0.810386,0.83548504,0.6379425,0.55402976,0.63882726,0.8,0.9,0.05,0.3,0.65,0.2,0.4,0.7,0.8,0.28333333,0.6,0.5,-0.65,-0.5,0.36666667,0.023024969,0.41958657,0.37784052,0.36510175,0.43025386,0.47412467,0.38469884,0.27417973,0.32130012,0.10430215,0.8,0.6,0.3,0.43333334,0.5,0.2,0.3,0.65,0.53333336,0.46666667,0.6,0.3,-0.35,-0.1,0.033333335,0.79710174,0.7294123,0.4189188,0.5315683,0.5407767,0.20289828,0.2705877,0.5810812,0.4684317,0.45922327,0.5942035,0.45882457,-0.16216244,0.06313657,0.081553444,1.6561228,1.3994144,1.2839897,1.3120391,1.1387974,0.8059072,0.62782437,0.49616227,0.46428183,0.4032535,1.041713,1.4346758,1.4336194,1.1866771,1.0973125,0.5307402,0.52500814,0.44296667,0.50512356,0.5057639,0.46925983,0.47499183,0.5570333,0.4948764,0.4942361,0.06148035,0.050016336,-0.11406664,0.010247154,0.01152776
120,SH600515,-0.00932138502002895,0.375,,,,SH600515,海南机场,2026-08-28,0.010676074,0.02491098,0.428569,0.0035587477,0.1428586,0.010676159,0.4285724,0.017793484,0.7142828,0.9894367,1.0035212,0.9788733,0.9942969,0.9892473,1.0032258,1.0311828,0.9569893,1.0731183,0.9862366,0.99182796,1.0104301,1.0049105,1.0015234,0.012245781,0.012572412,0.023684455,0.024642657,0.03216151,0.0072042895,-0.0011990889,-0.00348937,-5.3824144e-05,-0.0002974248,0.8652655,0.08338289,0.75968796,0.0003697267,0.026084425,-0.00064516376,0.013567919,0.022718877,-0.004129979,0.007250694,1.0035212,1.0137861,1.0624595,1.0624595,1.0979472,0.96412694,0.96412694,0.96412694,0.9541439,0.92959946,0.9939785,1.003871,1.0318279,1.0286022,1.0311828,0.97892475,0.98172045,0.9892473,0.98172045,0.9744086,1.0,0.7,0.35,0.46666667,0.53333336,0.9106175,0.7223856,0.364814,0.42335665,0.4181851,1.0,0.2,0.1,0.4,0.016666668,0.4,0.7,0.85,0.033333335,0.26666668,0.6,-0.5,-0.75,0.36666667,-0.25,-0.45263025,-0.44964483,0.47385535,0.05725848,-0.03576724,-0.8103098,-0.27758855,0.044812236,-0.029238278,0.16099499,0.6,0.5,0.4,0.53333336,0.5,0.4,0.5,0.6,0.46666667,0.45,0.2,0.0,-0.2,0.06666667,0.05,0.5892857,0.48760325,0.43933055,0.5526315,0.45728636,0.41071433,0.51239675,0.5606695,0.44736847,0.54271364,0.17857133,-0.024793494,-0.121338926,0.10526303,-0.085427254,0.91949,0.85796463,0.9294287,1.0281813,1.1697829,0.15362749,0.14814998,0.16962633,0.21829613,0.29839504,0.6931887,0.7190308,0.6472981,0.6580894,0.899112,0.6296175,0.57930934,0.48392493,0.45065045,0.49642116,0.37038246,0.42069066,0.5160751,0.54934955,0.50357884,0.25923508,0.15861866,-0.03215018,-0.09869911,-0.007157656
121,SH600031,-0.009663916940071833,0.4375,,,,SH600031,三一重工,2026-08-28,0.0073839123,0.020569611,0.3589719,0.0036919957,0.17948787,0.009493703,0.46154025,0.013185619,0.64102423,0.99267024,1.003665,0.9832461,0.99342376,0.9842898,0.9816795,1.0759214,0.97643954,0.940717,0.9903651,0.98968446,1.0023029,1.0164222,0.9897876,0.010224689,0.008406445,0.02288113,0.030838804,0.041591037,0.0057068965,0.0010755253,-0.0027194615,-0.0024720628,0.0009843307,0.7788249,0.15004721,0.49440053,0.4979957,0.1708372,-0.0017788854,0.005475651,0.023531973,0.019422805,-0.018825356,1.004708,1.0136104,1.0743451,1.0911014,1.0911014,0.9738181,0.96544695,0.96544695,0.96544695,0.8650077,0.9983217,0.9974845,1.0255462,1.0354964,1.0255462,0.9848138,0.98324376,0.98376775,0.9895278,0.96550333,1.0,1.0,0.7,0.46666667,0.68333334,0.84758615,0.71741205,0.31729695,0.27498478,0.5970636,0.2,0.4,0.05,0.3,0.65,0.2,0.1,0.55,0.7,0.3,0.0,0.3,-0.5,-0.4,0.35,-0.40207106,0.07899798,0.5949215,0.6716972,-0.11068182,-0.8613074,-0.14297977,-0.3796168,0.15468726,0.32214633,0.6,0.5,0.45,0.53333336,0.53333336,0.4,0.5,0.55,0.46666667,0.46666667,0.2,0.0,-0.1,0.06666667,0.06666667,0.6743932,0.6100081,0.32861936,0.52873343,0.5268401,0.32560682,0.3899919,0.67138064,0.47126657,0.4731599,0.34878635,0.22001618,-0.34276125,0.05746689,0.053680204,1.0068605,1.068947,1.3316407,1.5263718,1.9172142,0.121421285,0.19608961,0.3633606,0.50344795,0.7389179,0.6030612,0.6691469,1.1350136,1.2029243,1.0504936,0.62726444,0.49582535,0.4384429,0.46316898,0.47943425,0.3727356,0.50417465,0.5615571,0.536831,0.52056575,0.25452882,-0.008349325,-0.12311423,-0.07366206,-0.041131523
122,SH600600,-0.010586691529735098,0.4375,,,,SH600600,青岛啤酒,2026-08-28,0.0041233203,0.011388201,0.3620695,0.004515972,0.39654833,0.0027489087,0.24138218,0.0023562568,0.20690334,0.9958936,1.0044974,0.993156,0.99976945,0.99376255,1.0275654,1.0950704,1.0268612,1.1123742,0.99975854,1.0031691,1.0279325,1.0403085,1.0370573,0.0059213354,0.008093604,0.029300997,0.033587616,0.04638248,0.0011368198,-0.0015529541,-0.0046112,-0.0027752265,-0.00072906166,0.09214758,0.33747745,0.8668245,0.529103,0.075356446,-0.0020321882,0.0038192852,0.015873818,-6.7717236e-05,-0.015550011,1.0107802,1.0266405,1.1199121,1.1293072,1.1423541,0.98613197,0.98613197,0.98613197,0.98613197,0.94469583,1.0031791,1.0082092,1.0491952,1.0584707,1.0717505,0.99603623,0.99641854,1.0016097,1.0056539,0.9977264,0.6,0.4,0.2,0.13333334,0.25,0.56263787,0.34234855,0.10366302,0.096860714,0.27979693,0.6,0.1,0.05,0.3,0.06666667,0.8,0.9,0.95,0.96666664,0.26666668,-0.2,-0.8,-0.9,-0.6666667,-0.2,-0.3260819,0.220515,0.74410063,0.8054791,0.45723793,-0.6264497,-0.564294,-0.3118645,0.31700698,0.4291585,0.6,0.4,0.4,0.5,0.5,0.4,0.6,0.6,0.5,0.5,0.2,-0.2,-0.2,0.0,0.0,0.5987266,0.29793507,0.20038061,0.460839,0.42445564,0.40127346,0.70206493,0.7996194,0.53916097,0.57554436,0.1974531,-0.4041299,-0.5992388,-0.07832197,-0.15108871,1.0535392,1.1418896,1.3647462,1.7165252,1.817222,0.30973572,0.2592286,0.40523338,0.8290823,0.7012789,0.85726625,0.6856545,1.1246415,1.3262725,1.1520019,0.4428732,0.46995255,0.29032284,0.4676233,0.49566332,0.55712676,0.5300475,0.70967716,0.5323767,0.5043367,-0.11425355,-0.060094915,-0.4193543,-0.06475338,-0.008673397
123,SH601618,-0.010606020942978687,0.4375,,,,SH601618,中国中冶,2026-08-28,0.011450401,0.02290074,0.5000013,0.0038168002,0.1666671,0.0076335394,0.33333156,0.01526714,0.6666658,0.98867923,1.0037736,0.9811321,0.9942039,0.96220934,0.96511626,1.0261627,0.98255813,1.0319767,0.9848837,0.9755814,0.9831395,0.992345,0.9845446,0.0140018575,0.01445066,0.018375654,0.020548107,0.028785031,0.00813954,0.0036293168,-0.0014250743,-0.001585095,-6.534463e-05,0.8448283,0.57821035,0.21050261,0.46117806,0.0015717603,-0.0011627949,0.008086683,0.030398674,0.030638916,0.017383093,1.0037736,1.0037736,1.0397178,1.0397178,1.0566596,0.95757633,0.9488647,0.9488647,0.9488647,0.90354556,0.9953488,0.9895349,0.9953488,1.0069767,1.0069767,0.9744186,0.9645349,0.96511626,0.9726744,0.9610465,1.0,1.0,0.875,0.6,0.64166665,0.91831577,0.9312754,0.5628347,0.5628347,0.6299516,1.0,1.0,0.1,0.4,0.016666668,0.2,0.3,0.65,0.76666665,0.28333333,0.8,0.7,-0.55,-0.36666667,-0.26666668,0.7821529,0.7220563,0.699237,0.676542,0.07725886,0.77093047,0.42096522,0.2379021,0.22011146,0.35978594,0.8,0.6,0.45,0.53333336,0.51666665,0.2,0.4,0.55,0.43333334,0.45,0.6,0.2,-0.1,0.1,0.06666667,0.8823535,0.66666687,0.4328357,0.53125,0.47826087,0.117646486,0.33333313,0.5671643,0.46874997,0.5217391,0.764707,0.33333373,-0.13432857,0.06250005,-0.043478224,0.94722074,0.82022226,0.88744026,0.95638293,1.1483558,0.22915928,0.22393301,0.2480812,0.25397936,0.31570822,0.78179944,0.67417073,0.90192467,0.95376694,0.8956686,0.6619149,0.573821,0.48270363,0.46147677,0.49987438,0.33808514,0.42617902,0.5172964,0.53852326,0.5001256,0.3238297,0.14764196,-0.03459272,-0.07704647,-0.0002512278
124,SZ002001,-0.011593804610876484,0.25,,,,,,2026-08-28,0.0070501203,0.021150287,0.3333345,0.0055658496,0.26315716,0.008534318,0.40350834,0.010018588,0.47368568,0.99299926,1.0055269,0.98452467,0.9950071,1.0250586,1.0338998,1.1057478,1.0759044,1.1304308,0.9815771,1.017134,1.0610168,1.0782608,1.0831368,0.014145557,0.040885184,0.05905253,0.055633467,0.046790987,0.008400178,-0.010823946,-0.008773095,-0.0049442933,-0.0010879461,0.8816107,0.642467,0.7724968,0.6121218,0.16488841,0.0016225197,0.03157386,0.02232757,-0.00656851,-0.051042363,1.0320584,1.0884267,1.159178,1.1790701,1.2081792,0.9616797,0.9616797,0.9616797,0.9616797,0.9616797,0.9946938,1.0579232,1.122105,1.1230634,1.122105,0.9697885,0.97391075,0.99867344,1.0321316,1.0459858,1.0,0.5,0.25,0.16666667,0.083333336,0.54448766,0.30233684,0.19402839,0.17627405,0.15545785,0.2,0.3,0.3,0.13333334,0.016666668,0.8,0.9,0.95,0.96666664,0.98333335,-0.6,-0.6,-0.65,-0.8333333,-0.96666664,-0.05501683,0.21990554,-0.11454462,-0.116953865,0.01389844,-0.21207136,-0.23925388,-0.37626332,-0.2601017,-0.07782253,0.6,0.6,0.55,0.56666666,0.51666665,0.2,0.3,0.4,0.4,0.46666667,0.4,0.3,0.15,0.16666667,0.05,0.35342667,0.40253097,0.36525124,0.44365132,0.454825,0.64657336,0.59746903,0.63474876,0.5563487,0.54517496,-0.2931467,-0.19493806,-0.26949754,-0.11269736,-0.09034995,1.3797446,1.4917703,1.4877235,1.4169511,1.45301,0.6908265,0.5586122,0.66206825,0.57288074,0.51184183,1.5754433,1.2495487,1.735082,1.5013843,1.3186115,0.45296797,0.4833465,0.50112474,0.47459027,0.4935265,0.547032,0.5166535,0.49887526,0.52540976,0.5064735,-0.09406404,-0.033307,0.0022494874,-0.05081948,-0.012947015
125,SH688271,-0.011629529951703835,0.1875,,,,SH688271,联影医疗,2026-08-28,0.002659601,0.009973452,0.26666802,0.00322953,0.32381263,0.0040843217,0.40951934,0.0035143928,0.35237473,0.9973475,1.0032209,0.993274,0.99868214,1.0041376,1.0268949,1.09432,1.0439157,1.0553883,1.0019184,1.0140399,1.0372108,1.0506395,1.0332534,0.005646053,0.016430229,0.030611144,0.034414906,0.04238337,-0.0011096428,-0.004129125,-0.0048522186,-0.003261329,0.00029651378,0.096564285,0.578949,0.8794064,0.69598156,0.014927897,0.00030090768,0.0045411754,0.008885232,-0.0033501969,-0.042000566,1.0188348,1.0502772,1.1100285,1.1353549,1.1353549,0.99082196,0.99082196,0.99082196,0.99082196,0.90703917,1.0041001,1.0302427,1.0664848,1.0805905,1.0701524,0.9982697,0.99969906,1.0037615,1.0192966,0.9927779,0.6,0.3,0.15,0.1,0.26666668,0.32763684,0.15436932,0.07699301,0.06350156,0.407159,0.6,0.4,0.1,0.033333335,0.51666665,0.2,0.6,0.8,0.8666667,0.26666668,0.4,-0.2,-0.7,-0.8333333,0.25,-0.19129,0.7424773,0.5733248,0.7271935,0.012606678,-0.94805396,0.27041778,0.10142705,0.39092085,0.14110535,0.4,0.4,0.35,0.43333334,0.45,0.6,0.6,0.65,0.56666666,0.53333336,-0.2,-0.2,-0.3,-0.13333334,-0.083333336,0.44148934,0.37714788,0.2919954,0.45140487,0.47118115,0.55851066,0.6228521,0.7080046,0.54859513,0.52881885,-0.11702131,-0.2457042,-0.41600922,-0.097190276,-0.05763769,1.3068817,1.7870859,2.000589,2.3201163,2.689704,0.33488405,0.59915555,0.53326637,0.9329723,0.9953668,0.55542505,1.0547837,0.768392,1.7161268,1.4513319,0.014743266,0.3513059,0.39489597,0.4249491,0.47948277,0.98525673,0.6486941,0.605104,0.5750509,0.52051723,-0.97051346,-0.2973882,-0.21020807,-0.15010175,-0.041034453
126,SH600027,-0.011768701987061125,0.25,,,,SH600027,华电国际,2026-08-28,0.015118844,0.021598235,0.7000036,0.0021597645,0.09999727,0.0043196273,0.1999991,0.017278707,0.80000544,0.98510635,1.0021276,0.98085105,0.992871,0.9486948,0.9657966,1.0234023,0.9891989,1.1224122,0.9834384,0.9720072,0.9841134,0.99345934,0.99249923,0.011849085,0.015435973,0.0210691,0.023232123,0.033139717,0.0065706507,0.003671278,-0.0021202867,-0.0018946937,-0.00063618994,0.7687536,0.51853484,0.35445836,0.5154683,0.11240246,0.0034203387,0.01147205,0.036029313,0.03401372,0.02626836,1.0021276,1.0021276,1.0405078,1.0405078,1.1554387,0.9493398,0.9465677,0.9465677,0.9465677,0.92356384,0.9913591,0.9827183,0.99855983,1.0174618,1.0219622,0.97641766,0.95913583,0.96795684,0.96849686,0.9657966,1.0,1.0,0.85,0.6666667,0.68333334,0.9596953,0.9617062,0.5687912,0.5687912,0.3296441,1.0,1.0,0.1,0.4,0.016666668,0.2,0.5,0.75,0.8333333,0.26666668,0.8,0.5,-0.65,-0.43333334,-0.25,0.56538343,0.44270092,0.48732677,0.6359095,0.6670073,0.6916214,-0.044291593,0.12947522,0.22924481,0.184003,0.8,0.6,0.35,0.43333334,0.41666666,0.2,0.3,0.55,0.5,0.51666665,0.6,0.3,-0.2,-0.06666667,-0.1,0.8800002,0.68269193,0.43229175,0.5163043,0.414787,0.119999826,0.31730807,0.56770825,0.48369566,0.585213,0.76000035,0.36538386,-0.13541651,0.032608677,-0.170426,0.85638434,0.7356027,0.7571629,0.8873215,1.0646621,0.103259794,0.1890882,0.15019852,0.2990548,0.45593706,0.49987876,0.8254003,0.7782254,1.1789769,1.3829561,0.70618,0.6025591,0.5339213,0.44853216,0.44100532,0.29382002,0.3974409,0.4660787,0.55146784,0.55899465,0.41235995,0.20511816,0.06784261,-0.10293568,-0.11798934
127,SH600426,-0.011886820640645663,0.25,,,,SH600426,华鲁恒升,2026-08-28,0.0490621,0.07022604,0.6986311,0.008176942,0.11643747,0.012987,0.1849314,0.053872157,0.76712507,0.9532324,1.0077945,0.94085276,0.9778032,0.9523129,0.94496423,0.98807824,0.88720584,0.9897436,0.9450647,0.9518953,0.9605366,0.96350867,0.93081725,0.03432834,0.024192747,0.021195153,0.022332648,0.04712587,0.019896913,7.529501e-05,-0.0015293184,-0.00062925334,0.0010911138,0.83985776,8.879192e-05,0.18221779,0.06152793,0.16350128,0.01514144,0.047765877,0.053991947,0.045615528,0.036994927,1.0077945,1.0100815,1.0201613,1.025663,1.0448991,0.8881166,0.8881166,0.8881166,0.8881166,0.8116908,0.963669,0.9617446,0.97487175,0.9826539,0.9734972,0.9192122,0.9323182,0.95084316,0.9479037,0.880682,1.0,1.0,1.0,0.96666664,0.98333335,0.9348708,0.917341,0.84731454,0.81342256,0.8074722,1.0,0.4,0.3,0.3,0.11666667,0.6,0.8,0.9,0.93333334,0.3,0.4,-0.4,-0.6,-0.6333333,-0.18333334,0.62751323,0.21550074,0.40611437,0.23320286,-0.12093608,0.25753197,0.21552351,0.32433838,0.35167623,0.39474326,0.6,0.5,0.4,0.46666667,0.45,0.4,0.5,0.6,0.5,0.53333336,0.2,0.0,-0.2,-0.033333335,-0.083333336,0.69549215,0.67862046,0.51963776,0.6045987,0.50441796,0.30450785,0.3213795,0.48036227,0.3954013,0.49558207,0.3909843,0.35724097,0.03927548,0.2091974,0.00883586,0.69333065,0.6340878,0.66685003,0.7179743,0.79631627,0.18227063,0.18141176,0.16932867,0.19612755,0.22095685,0.87003696,1.229415,1.0177017,1.0130069,0.95560044,0.8020015,0.6862335,0.5052252,0.50484,0.51629,0.1979985,0.31376648,0.4947748,0.49515998,0.48371,0.604003,0.37246704,0.010450414,0.009680006,0.03258002
128,SH601111,-0.013393791662898948,0.5,,,,SH601111,中国国航,2026-08-28,0.013651934,0.018771261,0.72727853,0.001706442,0.090907164,0.003412884,0.18181433,0.015358376,0.8181857,0.9865319,1.0016835,0.983165,0.99400896,0.97647053,0.99558824,1.0529412,0.98382354,1.0941176,0.99588233,0.98999995,1.0052941,1.0098529,1.0230882,0.0060096644,0.0087907985,0.021065896,0.021440463,0.030686844,0.0013235302,0.0014973277,-0.0028217616,-0.001214095,-0.0011236779,0.12125713,0.265943,0.62798434,0.24850707,0.4089584,0.0014706022,0.003262048,0.02151263,0.0077514444,0.010060277,1.0079895,1.0079895,1.0619937,1.0619937,1.1355964,0.9762405,0.974787,0.974787,0.97476697,0.96505857,1.0005882,0.9976471,1.0258824,1.0297059,1.0455883,0.98970586,0.9838235,0.9891176,0.98970586,0.99558824,0.8,0.9,0.525,0.41666666,0.29166666,0.74835265,0.75936925,0.2891179,0.2892811,0.20488957,0.6,0.8,0.05,0.36666667,0.11666667,0.2,0.5,0.75,0.033333335,0.45,0.4,0.3,-0.7,0.33333334,-0.33333334,-0.29537284,0.51106095,0.55548006,0.5098505,0.6539837,0.3237465,0.33478233,-0.15540697,-0.05508805,0.1637656,0.8,0.5,0.4,0.53333336,0.45,0.2,0.5,0.6,0.46666667,0.55,0.6,0.0,-0.2,0.06666667,-0.1,0.7352943,0.5263158,0.3593749,0.5270935,0.45107034,0.26470572,0.47368422,0.6406251,0.47290647,0.54892963,0.4705886,0.05263158,-0.2812502,0.05418709,-0.097859316,0.9796217,0.8812102,1.0146948,1.1416712,1.4413141,0.15315467,0.17508711,0.3144453,0.32798067,0.58555,0.4387868,0.55824864,0.9053634,0.7810159,1.4316403,0.6673676,0.5426114,0.48606753,0.49585274,0.5000896,0.33263242,0.4573886,0.51393247,0.50414723,0.49991038,0.33473518,0.085222796,-0.02786494,-0.008294521,0.0001792124
129,SH601336,-0.013541590255799835,0.375,,,,SH601336,新华保险,2026-08-28,-0.008456253,0.011772513,-0.7183049,0.00082912203,0.07042863,0.002487138,0.21126652,-0.0067982376,-0.57746696,1.0085284,1.0093646,0.99749166,1.0020219,0.9832075,0.96629345,1.0210513,1.0155755,0.90605986,1.0039425,0.988659,0.99335605,1.0064573,1.0017055,0.0120616555,0.018725546,0.019511022,0.0266681,0.036872245,0.003273308,0.005153506,-0.0007954298,-0.00216124,0.00042797046,0.18411957,0.69430137,0.058171697,0.50900674,0.041089255,-0.010489163,-0.011849798,0.014200558,0.02488063,-0.014330711,1.020169,1.020169,1.0243353,1.0689342,1.0780635,0.9748503,0.9592081,0.9592081,0.9592081,0.88959694,1.0145777,1.0026528,1.0135069,1.0215868,1.0242637,0.9936724,0.9708201,0.97507906,0.978973,0.97507906,0.6,0.8,0.6,0.4,0.38333333,0.554952,0.66914856,0.6263426,0.37176126,0.5857966,0.6,0.8,0.15,0.13333334,0.46666667,0.2,0.3,0.65,0.76666665,0.05,0.4,0.5,-0.5,-0.6333333,0.41666666,0.7616387,0.84145534,0.6428652,0.7361407,0.2648841,0.87820864,0.5464027,0.1934645,0.1675855,0.3992212,0.4,0.5,0.4,0.46666667,0.48333332,0.6,0.5,0.6,0.53333336,0.51666665,-0.2,0.0,-0.2,-0.06666667,-0.033333335,0.6425625,0.6593789,0.4519178,0.47712648,0.5424363,0.3574375,0.3406211,0.54808223,0.5228735,0.45756373,0.285125,0.31875777,-0.09616441,-0.04574705,0.08487256,1.1333121,0.9130023,0.91715926,1.0411874,1.4518307,0.26797497,0.31676948,0.27652225,0.35668665,0.67581683,0.92438316,0.9512348,0.9009247,1.1708683,1.8243454,0.5071384,0.5497874,0.47921848,0.47880223,0.49724618,0.49286163,0.4502126,0.5207815,0.5211978,0.50275385,0.014276736,0.099574775,-0.041563056,-0.04239555,-0.0055076773
130,SZ002230,-0.014239391311110457,0.25,,,,,,2026-08-28,0.0015000838,0.013749958,0.10909735,0.010499952,0.7636352,0.0017499216,0.1272674,-0.007249947,-0.5272705,0.99850214,1.0104842,0.9967549,1.0033914,0.9782783,1.0429317,1.0539113,1.0264533,1.1416383,0.9873689,0.9980269,1.0361823,1.0274246,1.0340827,0.010771995,0.022921724,0.04424194,0.040424246,0.0389338,0.0066900463,-0.0044673425,-0.0068610497,-0.00089746545,-0.0006445946,0.96428615,0.34818926,0.8417457,0.03819912,0.08360258,-0.0007489819,0.022076106,0.028997652,-0.014411292,-0.015067076,1.0104842,1.0471823,1.1315544,1.1315544,1.1563319,0.9653026,0.9653026,0.9653026,0.96230495,0.96230495,0.9942124,1.0055903,1.0856261,1.0690014,1.0642551,0.98018193,0.98147905,0.9922137,0.9925645,0.99518794,1.0,0.8,0.4,0.4,0.25,0.76795375,0.4237607,0.20870389,0.22271901,0.19427752,1.0,0.1,0.15,0.43333334,0.016666668,0.2,0.6,0.8,0.2,0.6,0.8,-0.5,-0.65,0.23333333,-0.5833333,0.16438237,0.3841633,0.71532625,0.66240025,0.4860296,0.36039528,-0.26885936,-0.20315786,0.34636173,0.20223354,0.8,0.6,0.45,0.46666667,0.51666665,0.2,0.4,0.55,0.53333336,0.48333332,0.6,0.2,-0.1,-0.06666667,0.033333335,0.81306016,0.30806974,0.3775824,0.4674168,0.43394396,0.18693985,0.69193023,0.62241757,0.53258324,0.5660561,0.6261203,-0.3838605,-0.24483517,-0.06516644,-0.1321121,0.80485016,1.02213,1.34184,1.3534402,1.502898,0.1342662,0.32152754,0.57169145,0.5907986,0.5231628,0.39197242,1.1283915,0.90908444,1.563766,1.1140331,0.38286874,0.45954353,0.32682127,0.4625157,0.47771692,0.6171313,0.5404565,0.67317873,0.5374843,0.5222831,-0.23426254,-0.08091297,-0.34635746,-0.07496858,-0.044566166
131,SZ002352,-0.015446869422002771,0.4375,,,,,,2026-08-28,0.008687836,0.021869393,0.39726004,0.00059915066,0.027396768,0.0125824055,0.5753432,0.02067109,0.94520646,0.991387,1.000594,0.97891295,0.9892715,0.96526754,0.9723542,1.0391715,0.98247796,1.0172105,0.989113,0.9796667,0.9900436,0.99920565,0.98450536,0.010516284,0.012545157,0.019743182,0.022678766,0.032853168,0.005801733,0.0036025704,-0.001895186,-0.0016317308,0.00034537466,0.76090586,0.7559345,0.32250574,0.40119907,0.033707477,-0.0007164636,0.0041217357,0.027960656,0.024454426,0.0053060874,1.000594,1.000594,1.0534363,1.0534363,1.0534363,0.9640174,0.9581181,0.9581181,0.9581181,0.89481884,0.9978195,0.99328715,1.0019469,1.0164629,1.0117435,0.97816366,0.97011137,0.9732887,0.9772448,0.9563118,1.0,1.0,0.75,0.53333336,0.6666667,0.98376036,0.98601586,0.43939036,0.43939036,0.66311204,1.0,1.0,0.05,0.36666667,0.68333334,0.2,0.2,0.6,0.73333335,0.26666668,0.8,0.8,-0.55,-0.36666667,0.41666666,0.42046377,0.29870236,0.49071127,0.5528995,-0.0014929303,0.9556031,0.75423497,0.46469396,0.5099754,0.34302726,0.6,0.6,0.4,0.46666667,0.45,0.4,0.4,0.6,0.53333336,0.55,0.2,0.2,-0.2,-0.06666667,-0.1,0.879253,0.6923082,0.3860442,0.5310003,0.4870624,0.120747015,0.30769178,0.6139558,0.46899968,0.5129376,0.75850594,0.3846164,-0.22791159,0.062000643,-0.025875207,0.9392473,0.92697996,0.95702577,1.0266285,1.1201804,0.22607379,0.20975423,0.2070782,0.26447338,0.35545152,0.9680544,0.9947102,0.77014726,0.9167762,1.0383273,0.60020936,0.55143297,0.48805147,0.48818454,0.50380236,0.39979067,0.44856703,0.5119485,0.5118154,0.49619764,0.20041868,0.10286591,-0.023897035,-0.023630917,0.0076047434
132,SH600989,-0.015502561140703702,0.3125,,,,SH600989,宝丰能源,2026-08-28,0.01702657,0.0274086,0.62121266,0.0020764063,0.075757466,0.008305625,0.30302987,0.023255788,0.84848505,0.9832585,1.0020417,0.97509193,0.99032855,0.98216087,0.93470216,0.9508583,0.86974084,0.96263885,0.9640525,0.96213394,0.95693374,0.9556491,0.9181477,0.024741312,0.020031402,0.018492619,0.019053297,0.04953015,0.0134634795,0.0032536758,0.0012018434,0.00054849905,0.0015304656,0.74030244,0.24184513,0.1478315,0.064226344,0.29121092,0.009020518,0.023224486,0.03164878,0.036397703,0.03670361,1.0020417,1.0020417,1.003239,1.0207024,1.0207024,0.9124268,0.9124268,0.9043783,0.88179606,0.8002887,0.98384386,0.980276,0.97226524,0.9721306,0.9589364,0.9472232,0.9472232,0.94143385,0.936587,0.86401886,1.0,1.0,1.0,1.0,1.0,0.97721756,0.97721756,0.96723676,0.85096204,0.90607524,1.0,1.0,0.35,0.16666667,0.5833333,0.6,0.8,0.15,0.2,0.41666666,0.4,0.2,0.2,-0.033333335,0.16666667,0.21558575,0.3258577,0.26614594,0.054725762,0.0029861804,0.39987043,0.32236138,0.059658386,0.37555626,0.3472808,0.6,0.7,0.65,0.6333333,0.55,0.4,0.3,0.35,0.36666667,0.43333334,0.2,0.4,0.3,0.26666668,0.11666667,0.59233457,0.6971546,0.59125,0.61309177,0.5175245,0.40766543,0.3028454,0.40875,0.3869082,0.48247552,0.18466915,0.3943092,0.1825,0.22618358,0.035048947,1.0232232,1.1095836,1.0514336,1.2651069,1.3065778,0.14673117,0.1889936,0.18736307,0.46503216,0.44460902,0.89517695,0.8405961,0.89324874,1.4594672,1.3631235,0.32295147,0.5551399,0.48286033,0.4638026,0.48372722,0.6770485,0.44486013,0.5171397,0.53619736,0.5162728,-0.35409707,0.11027976,-0.03427937,-0.07239477,-0.032545596
133,SH600009,-0.016279648707689623,0.5,,,,SH600009,上海机场,2026-08-28,0.008098938,0.017050305,0.4750025,0.0029837894,0.17499918,0.005967579,0.34999835,0.011082727,0.65000165,0.9919661,1.0029598,0.9860465,0.9972814,0.9691161,0.9775027,1.0435303,0.99747074,0.9777689,0.9914004,0.98281413,0.9951877,1.003825,0.9907503,0.007928539,0.011195393,0.019346705,0.02243885,0.024044672,0.0044062845,0.0031230892,-0.002185076,-0.0016499815,0.00038838678,0.77214473,0.71334815,0.44646472,0.419043,0.07957763,-0.00021297253,0.0031319663,0.025570545,0.020099763,-0.0022077388,1.0029598,1.0029598,1.0515795,1.0548689,1.0548689,0.9665257,0.96649414,0.96649414,0.96649414,0.9381735,0.99755055,0.9928914,1.0114217,1.0237752,1.0117413,0.9867678,0.97201806,0.97707665,0.98304045,0.9691161,1.0,1.0,0.675,0.48333332,0.69166666,0.9187625,0.9188327,0.39379108,0.3791334,0.5298106,1.0,1.0,0.05,0.3,0.65,0.2,0.1,0.55,0.7,0.41666666,0.8,0.9,-0.5,-0.4,0.23333333,-0.15939754,-0.15501185,0.6156703,0.6293106,0.2868606,0.5545936,0.5153037,-0.19941558,0.011347044,0.40629157,0.8,0.5,0.35,0.43333334,0.43333334,0.2,0.5,0.65,0.56666666,0.56666666,0.6,0.0,-0.3,-0.13333334,-0.13333334,0.8766235,0.6469563,0.36431554,0.5041539,0.51512957,0.12337649,0.35304365,0.6356845,0.4958461,0.48487043,0.753247,0.2939127,-0.27136895,0.008307807,0.030259125,0.9986699,1.0360049,1.2078786,1.3924654,1.4873533,0.05149976,0.11090455,0.32771572,0.52931565,0.48225686,0.28297845,0.6722617,0.7597358,0.9866299,0.9405567,0.35865855,0.47738528,0.3782087,0.4474032,0.46701917,0.64134145,0.5226147,0.6217913,0.5525968,0.53298086,-0.2826829,-0.045229454,-0.24358262,-0.10519362,-0.06596167
134,SH600196,-0.018337267727962906,0.25,,,,SH600196,复星医药,2026-08-28,0.00087532896,0.010503254,0.083338834,0.003938672,0.3749954,0.005689253,0.54166573,0.0026259099,0.25000918,0.9991254,1.0039352,0.99344116,0.9999847,1.0301906,1.058612,1.0157478,1.0055972,0.9376758,1.0007135,1.0253733,1.0311476,1.0238005,1.0000391,0.0036709998,0.030031135,0.028851537,0.027581338,0.04173347,0.00012761942,-0.007504347,-0.0008195425,0.00065682095,0.0017491243,0.0030213764,0.57239217,0.02824055,0.043950625,0.5357624,-0.00096865714,0.008396194,-0.02336191,-0.033324424,-0.051638298,1.0332499,1.1176463,1.1176463,1.1176463,1.1176463,0.9842828,0.9842828,0.9842828,0.97160465,0.8960077,1.0020359,1.0500275,1.05896,1.0515124,1.0337809,0.9989559,0.999913,1.0007192,0.999913,0.95830166,0.6,0.3,0.2,0.23333333,0.48333332,0.32097518,0.11785226,0.11785226,0.19443324,0.46919745,0.2,0.4,0.7,0.8,0.9,0.4,0.7,0.85,0.2,0.26666668,-0.2,-0.3,-0.15,0.6,0.6333333,-0.38929054,0.6580192,0.67642957,0.6693959,0.57812905,0.11158795,0.751432,0.7685663,0.5392507,0.5782265,0.4,0.4,0.45,0.5,0.51666665,0.6,0.6,0.55,0.5,0.46666667,-0.2,-0.2,-0.1,0.0,0.05,0.2151076,0.3449441,0.47398686,0.49395025,0.53056294,0.7848924,0.6550559,0.52601314,0.50604975,0.46943706,-0.56978476,-0.3101118,-0.052026276,-0.012099511,0.061125852,1.615588,2.3150578,2.1921115,1.9772463,1.9995034,0.52020574,1.473576,1.1738586,1.0371388,0.94961905,1.4494945,1.5769912,1.6710808,1.6253668,1.4087098,0.11825192,0.45595586,0.49535474,0.44554043,0.4968468,0.8817481,0.54404414,0.5046452,0.5544596,0.5031532,-0.76349616,-0.08808827,-0.009290494,-0.10891915,-0.006306421
135,SH600570,-0.019507377856009575,0.125,,,,SH600570,恒生电子,2026-08-28,-0.011251159,0.018451834,-0.60975826,0.0072006756,0.3902417,0.0,0.0,-0.018451834,-1.0,1.0113792,1.0186619,1.0,1.0087309,0.9699591,1.0068243,1.0432405,0.91305995,1.0627358,0.984795,0.98101765,1.0110581,1.000741,0.9923827,0.018558042,0.018559063,0.03538598,0.03662282,0.040056586,0.011016652,0.0013544591,-0.0049547628,0.00018806521,2.2389611e-05,0.8809981,0.04882375,0.6862009,0.0020436903,9.52895e-05,-0.006828287,0.012887261,0.03601216,-0.00346793,0.0069568017,1.0186619,1.0186619,1.0855654,1.0855654,1.1046841,0.955389,0.953572,0.953572,0.9185217,0.91214967,1.0012751,1.0012751,1.0501567,1.0388666,1.0316751,0.96986336,0.9662237,0.97141176,0.9694123,0.95539266,0.8,0.8,0.4,0.53333336,0.5833333,0.7050581,0.71329165,0.3517448,0.48776597,0.45628363,1.0,1.0,0.2,0.46666667,0.2,0.4,0.3,0.65,0.033333335,0.5,0.6,0.7,-0.45,0.43333334,-0.3,0.95676315,0.54639757,0.73561674,0.54183316,0.3976992,0.8712055,0.16987732,-0.013726224,0.2934363,0.29788035,0.6,0.5,0.4,0.53333336,0.45,0.4,0.5,0.55,0.43333334,0.53333336,0.2,0.0,-0.15,0.1,-0.083333336,0.7577475,0.4725433,0.4077636,0.60063756,0.47170675,0.24225253,0.5274567,0.5922364,0.39936247,0.52829325,0.51549494,-0.05491342,-0.18447278,0.20127505,-0.05658651,0.89561915,0.85027856,1.1071934,1.209969,1.20359,0.30146462,0.23243192,0.46360248,0.5343278,0.4421436,0.9036774,0.9408028,0.7329234,0.9977678,1.0389795,0.63981384,0.49694946,0.30425307,0.4800862,0.49410108,0.36018613,0.5030505,0.6957469,0.5199138,0.5058989,0.27962774,-0.0061010714,-0.39149383,-0.03982761,-0.011797818
136,SZ000617,-0.020874223335321664,0.375,,,,,,2026-08-28,-0.013333317,0.024000037,-0.55555403,0.0080000395,0.33333448,0.00266668,0.1111115,-0.018666677,-0.777777,1.0135134,1.0216217,0.9972973,1.0041476,0.9432851,0.92982167,0.97307307,0.89734095,1.0013463,0.995759,0.9588691,0.95942444,0.9553181,0.9467183,0.01793623,0.042416792,0.030753937,0.027436862,0.03409367,0.0072702686,0.012304802,0.0009885037,0.00093993556,0.0001157997,0.41075096,0.7714096,0.036159568,0.090955496,0.0035185781,-0.010299554,-0.014240698,0.031184765,0.031052848,0.049865626,1.054204,1.054204,1.054204,1.054204,1.054204,0.9325531,0.8946431,0.8946431,0.8946431,0.8784014,1.0079771,1.00138,0.9781892,0.9709189,0.9733423,0.9878829,0.9187816,0.93305284,0.9308987,0.91716594,0.6,0.8,0.9,0.93333334,0.95,0.5544297,0.66029245,0.66029245,0.66029245,0.6916768,0.4,0.7,0.85,0.9,0.95,0.2,0.3,0.65,0.76666665,0.26666668,0.2,0.4,0.2,0.13333334,0.68333334,0.257003,0.78822994,0.64919895,0.49928305,0.48470178,0.89434,0.55677736,0.42136025,0.3983014,0.4691922,0.6,0.6,0.45,0.53333336,0.45,0.4,0.4,0.55,0.43333334,0.51666665,0.2,0.2,-0.1,0.1,-0.06666667,0.7612405,0.67744684,0.5492611,0.6185848,0.4992928,0.23875952,0.32255313,0.4507389,0.38141522,0.5007072,0.52248096,0.3548937,0.09852221,0.23716956,-0.0014144189,1.6730069,1.179327,0.9151536,0.94310033,0.848311,0.7105449,0.762527,0.606449,0.5325058,0.41683945,1.0125134,1.1633154,1.5431583,1.3322911,1.2008195,0.4332129,0.55595386,0.52014065,0.5130587,0.50667375,0.56678706,0.44404614,0.47985932,0.48694128,0.49332625,-0.13357419,0.11190774,0.040281348,0.026117472,0.013347487
137,SZ000963,-0.02163339799384259,0.1875,,,,,,2026-08-28,0.0021739728,0.011231917,0.19355313,0.003985479,0.35483515,0.0050724656,0.45161173,0.0032609594,0.29032972,0.99783075,1.0039768,0.9927693,0.99936163,1.0159088,1.0744776,1.0524257,1.0882075,0.9855875,0.9911687,1.0194423,1.0339599,1.0479575,1.0469936,0.008667388,0.035024233,0.034007035,0.039578505,0.040880762,0.0051375874,-0.008689645,-0.0023817285,-0.0029092727,9.709357e-05,0.87837905,0.5642587,0.17167813,0.4187471,0.0017204529,-0.0014438723,0.019661047,-0.011333422,-0.0057730787,-0.049857903,1.0086591,1.1088116,1.1088116,1.1399078,1.1749619,0.97359043,0.97359043,0.97359043,0.97359043,0.9265905,1.0001417,1.049874,1.0691851,1.0751287,1.0751287,0.98530394,0.9871258,1.0005671,1.0086737,1.0091777,0.8,0.4,0.2,0.13333334,0.11666667,0.75308037,0.19530658,0.19530658,0.15879025,0.29556337,0.2,0.4,0.7,0.06666667,0.48333332,0.4,0.7,0.85,0.9,0.26666668,-0.2,-0.3,-0.15,-0.8333333,0.21666667,-0.61846024,0.63702416,0.6794899,0.41634005,0.5157955,0.5247667,0.6809796,0.6280246,0.38411808,0.45586565,0.6,0.4,0.45,0.46666667,0.48333332,0.4,0.6,0.55,0.53333336,0.51666665,0.2,-0.2,-0.1,-0.06666667,-0.033333335,0.35334072,0.32715988,0.42578974,0.41899717,0.50553864,0.64665926,0.6728401,0.5742103,0.58100283,0.49446136,-0.29331857,-0.34568024,-0.14842053,-0.16200566,0.011077272,1.5235559,2.5547142,2.753304,2.5336905,2.3381174,0.5743597,1.7222284,1.34742,1.1847373,1.0525227,1.5750123,1.4868493,1.4681885,1.4386017,1.2921025,0.061428875,0.39367506,0.47426596,0.45093462,0.5013851,0.9385711,0.6063249,0.525734,0.5490654,0.4986149,-0.87714225,-0.21264987,-0.05146807,-0.09813076,0.0027702127
138,SZ300750,-0.022619967294165738,0.375,,,,,,2026-08-28,0.0013587083,0.01934776,0.07022561,0.0074727517,0.38623342,0.010516301,0.54354095,0.004402257,0.22753316,0.99864316,1.0074626,0.9881411,0.99863243,1.0614554,1.0690004,1.068834,0.9733845,1.1037155,1.0231286,1.0438246,1.0554312,1.0537486,1.0459722,0.019706538,0.027625887,0.02423299,0.024941754,0.03533389,-0.011536577,-0.0086212335,-0.002821657,-0.00033231775,-0.0001422311,0.8567879,0.89272517,0.47452873,0.013757984,0.004942038,-5.546588e-05,-0.005029026,-0.028625466,-0.048930015,-0.04177645,1.0702869,1.0875093,1.1085827,1.1085827,1.1195029,0.9881411,0.9881411,0.9881411,0.9566203,0.9359666,1.0333143,1.0642292,1.0702652,1.0734608,1.0753471,1.0097641,1.0203048,1.0415139,1.0324267,1.0147626,0.2,0.1,0.05,0.033333335,0.11666667,0.14436415,0.119342975,0.0984618,0.28546357,0.34888682,0.2,0.2,0.2,0.46666667,0.2,1.0,1.0,1.0,0.033333335,0.41666666,-0.8,-0.8,-0.8,0.43333334,-0.21666667,-0.90839314,-0.6180769,-0.13221645,-0.04848559,-0.16310653,-0.85668004,-0.31361905,-0.23988903,0.13779028,0.010861058,0.2,0.3,0.45,0.5,0.46666667,0.8,0.7,0.55,0.5,0.53333336,-0.6,-0.4,-0.1,0.0,-0.06666667,0.0834745,0.2661465,0.37588152,0.5252215,0.45776385,0.9165255,0.73385346,0.6241185,0.4747785,0.54223615,-0.83305097,-0.46770698,-0.24823698,0.05044302,-0.084472306,0.83788913,0.7861207,0.86532056,1.0728292,1.2081734,0.19293907,0.14723067,0.256052,0.39157277,0.40727398,0.76754874,0.61295044,1.2518942,1.0509824,1.0362008,0.6001971,0.6099068,0.4512454,0.44217435,0.4830336,0.39980292,0.39009324,0.5487546,0.5578256,0.5169664,0.20039415,0.21981353,-0.09750919,-0.115651295,-0.033932816
139,SH600104,-0.027738635543417767,0.3125,,,,SH600104,上汽集团,2026-08-28,0.011741687,0.017612472,0.66666883,0.0019568899,0.11110819,0.003913895,0.22222295,0.013698692,0.77778363,0.98839456,1.0019342,0.9845261,0.9941444,0.980643,0.9768056,1.0683038,0.9805576,1.1155454,0.9955487,0.9851027,0.99869955,1.0019044,0.9910946,0.0077072964,0.013237179,0.0239602,0.025825132,0.040949482,0.0022171205,0.0037959563,-0.0025521088,-0.0009211408,-7.2199175e-05,0.2068781,0.75381184,0.39708692,0.098598115,0.00094812916,1.704879e-05,-0.0021845375,0.025545469,0.011452126,0.011035273,1.0106634,1.0106634,1.0730631,1.0730631,1.1239822,0.9777666,0.9603706,0.9603706,0.9603706,0.8908882,1.0009722,0.99768054,1.0141383,1.0164577,1.016833,0.9893238,0.9727466,0.9798755,0.98296237,0.9548733,0.8,0.9,0.6,0.56666666,0.65,0.6758537,0.78797376,0.35165957,0.35165957,0.46810207,0.6,0.8,0.05,0.36666667,0.016666668,0.2,0.2,0.6,0.73333335,0.26666668,0.4,0.6,-0.55,-0.36666667,-0.25,-0.021797188,-0.16319214,0.7729671,0.68880844,0.067260586,-0.29022825,0.1772799,-0.0022929201,0.2222729,0.1939081,0.8,0.5,0.35,0.5,0.43333334,0.2,0.5,0.65,0.5,0.56666666,0.6,0.0,-0.3,0.0,-0.13333334,0.6994734,0.64255834,0.32223704,0.52779144,0.42419153,0.3005266,0.35744163,0.6777629,0.4722086,0.57580847,0.39894682,0.2851167,-0.35552588,0.055582833,-0.15161695,1.0587312,1.0895495,1.3445832,1.561968,1.885452,0.061582994,0.13014603,0.4009712,0.5924746,0.73043704,0.42112797,0.7830005,0.8858876,0.9913174,0.7770709,0.6001241,0.5311706,0.30094537,0.4472032,0.4899542,0.39987585,0.46882936,0.69905466,0.5527968,0.5100458,0.20024829,0.06234127,-0.3981093,-0.10559362,-0.020091616
140,SH601012,-0.031136584598954378,0.125,,,,SH601012,隆基绿能,2026-08-28,0.027272744,0.03140495,0.86842185,0.00330578,0.105263025,0.00082642527,0.026315128,0.02479339,0.78947395,0.9734513,1.003218,0.97264683,0.992728,0.99918437,1.0176998,1.0450653,0.94530994,1.0732056,0.9843964,0.9986338,1.0190701,1.0168978,1.0173124,0.009742761,0.02029802,0.027608905,0.028116906,0.041255474,0.004343388,-0.0050069224,-0.004132886,-0.00061787013,-0.0006946759,0.49685907,0.5577579,0.7842898,0.037424937,0.0864771,0.0069168024,0.023897368,0.020192258,-0.007938668,0.0031805295,1.0080595,1.0410386,1.0756338,1.0756338,1.144012,0.96220195,0.96220195,0.96220195,0.9412806,0.9179497,0.99034256,1.007708,1.0415089,1.0415089,1.051509,0.9774878,0.97876024,0.9963132,0.9963132,0.97876024,1.0,0.7,0.35,0.33333334,0.33333334,0.82425016,0.4794474,0.3332225,0.43705255,0.36295453,0.2,0.2,0.05,0.36666667,0.06666667,0.8,0.9,0.95,0.033333335,0.46666667,-0.6,-0.7,-0.9,0.33333334,-0.4,0.6192044,0.47222397,0.772481,0.4399181,0.4875338,0.08274223,-0.12755775,0.3561387,0.47329512,0.38337484,0.6,0.6,0.5,0.56666666,0.48333332,0.4,0.4,0.5,0.43333334,0.51666665,0.2,0.2,0.0,0.13333334,-0.033333335,0.5062654,0.42353773,0.41902378,0.56006455,0.4681138,0.49373463,0.57646227,0.5809762,0.43993545,0.5318862,0.012530772,-0.15292451,-0.16195242,0.12012912,-0.06377238,0.7401845,0.7849609,1.040573,1.1833671,1.4236401,0.17602955,0.18994305,0.36658868,0.48272747,0.55174744,0.80386645,1.0847875,0.93627554,1.3184292,1.2916777,0.76330715,0.53712755,0.4921222,0.49139926,0.49529767,0.23669283,0.46287245,0.5078778,0.5086008,0.5047023,0.52661437,0.07425511,-0.015755601,-0.017201507,-0.009404686
141,SZ002074,-0.03441764331478546,0.0625,,,,,,2026-08-28,-0.009454522,0.012363589,-0.76470697,0.0018181946,0.14706042,0.001090872,0.08823263,-0.010181845,-0.8235347,1.0095447,1.0113803,0.99889874,1.0032076,0.9860319,0.9970297,1.0480855,0.9878783,1.121217,1.0052822,0.9944449,1.0072529,1.0123706,1.01453,0.01448226,0.018815506,0.020741092,0.023391653,0.04759552,0.0033073667,0.0029201086,-0.0019957356,-0.0011615653,-0.0010126662,0.13038632,0.2207891,0.32404906,0.19110286,0.13807029,-0.011896919,-0.0075853765,0.01170655,0.00447216,0.015343682,1.0286143,1.0286143,1.0491803,1.0679339,1.1343906,0.9830939,0.96068645,0.96068645,0.9397756,0.8872201,1.0179979,1.0091515,1.0246447,1.0342778,1.0519226,0.99566513,0.9828048,0.99007785,0.9910251,0.98203415,0.6,0.7,0.425,0.38333333,0.44166666,0.3713956,0.57875466,0.44425204,0.46992177,0.45628396,0.6,0.8,0.05,0.06666667,0.016666668,0.6,0.3,0.65,0.033333335,0.45,0.0,0.5,-0.6,0.033333335,-0.43333334,0.86845523,0.8025092,0.6366286,0.63391954,0.38018844,0.9529767,0.6733013,0.5694681,0.61906284,0.5046852,0.4,0.5,0.45,0.5,0.46666667,0.6,0.5,0.55,0.5,0.53333336,-0.2,0.0,-0.1,0.0,-0.06666667,0.58805686,0.5096306,0.41162577,0.5120089,0.44861847,0.41194314,0.4903694,0.58837426,0.4879911,0.5513815,0.17611374,0.019261207,-0.17674848,0.024017837,-0.10276305,1.4413615,1.1742347,1.1944875,1.4130442,1.4437636,0.42809403,0.41263294,0.3037432,0.53230995,0.46906903,1.0545799,0.9830939,0.89876455,1.3098887,1.0562829,0.5171829,0.49893436,0.43844602,0.4361529,0.4863765,0.48281708,0.5010656,0.56155396,0.5638471,0.5136235,0.03436581,-0.002131261,-0.12310795,-0.1276942,-0.027246995
142,SZ300866,-0.03545945412851626,0.1875,,,,,,2026-08-28,-0.015157505,0.040393613,-0.3752451,0.005396388,0.1335951,0.019839719,0.49115983,-0.00071417383,-0.017680366,1.0153908,1.0208702,0.97985494,0.99592197,0.9549049,0.93275,0.9831735,0.8912446,0.93033826,0.98748106,0.9639183,0.961313,0.96094376,0.92156225,0.034203622,0.03478452,0.028874312,0.026839336,0.049610533,0.017269623,0.009222634,0.0015176341,0.0006333558,0.0019277701,0.6373258,0.6443909,0.096689425,0.04315724,0.46053484,-0.022020325,-0.0054201907,0.024269441,0.029872553,0.021568527,1.0208702,1.0208702,1.0273988,1.0273988,1.0273988,0.9194524,0.9194524,0.9190501,0.8864978,0.80582726,1.0085031,1.0012789,0.98712206,0.98385775,0.96334064,0.9731561,0.93111223,0.93246955,0.936205,0.86883163,0.6,0.8,0.85,0.9,0.95,0.7942153,0.7942153,0.7471239,0.8055458,0.87634337,1.0,1.0,0.45,0.6333333,0.81666666,0.2,0.6,0.25,0.033333335,0.31666666,0.8,0.4,0.2,0.6,0.5,0.54882187,0.6692771,0.27935562,0.31136256,-0.24396683,0.39765343,0.39699608,0.18603602,0.32758996,0.17375067,0.6,0.6,0.5,0.53333336,0.48333332,0.4,0.4,0.5,0.46666667,0.51666665,0.2,0.2,0.0,0.06666667,-0.033333335,0.6755458,0.66510594,0.5205479,0.5801968,0.5244008,0.32445416,0.33489406,0.4794521,0.41980317,0.47559923,0.35109168,0.33021185,0.041095797,0.16039363,0.048801538,0.7530196,0.64824545,0.73012507,0.8496709,0.97968787,0.21078253,0.19452234,0.19321348,0.30756083,0.31490764,0.85410553,0.9189611,0.71195096,0.98316187,0.9083195,0.66912866,0.5988227,0.46047625,0.4990993,0.5094912,0.33087134,0.40117732,0.5395238,0.5009007,0.4905088,0.3382573,0.19764537,-0.079047516,-0.0018013624,0.018982386
143,SH603392,-0.03860241814915656,0.1875,,,,SH603392,万泰生物,2026-08-28,-0.030950813,0.03477978,-0.8899082,0.003828968,0.110091776,0.0,0.0,-0.03477978,-1.0,1.0319394,1.0358906,1.0,1.0131305,1.0072918,0.9911131,1.0075196,0.9400706,1.1047055,0.97997034,0.9767118,0.98838437,0.98205155,0.96493673,0.05135968,0.04312515,0.034014765,0.031513702,0.04474291,0.025680756,0.0056870426,-0.0010063025,0.0007289252,0.00060285046,0.6250446,0.1594128,0.03063305,0.041463777,0.055369504,-0.031331867,-0.0023035228,0.021175496,0.007379045,0.017279176,1.0681201,1.0718322,1.0718322,1.0718322,1.123854,0.9025393,0.9025393,0.9025393,0.9025393,0.8422804,1.0205992,1.0151304,1.0148114,1.0093426,1.0073373,0.9251908,0.9251908,0.9588469,0.9585279,0.9294291,0.6,0.6,0.45,0.56666666,0.71666664,0.5885988,0.57569283,0.57569283,0.57569283,0.56013614,0.8,0.5,0.75,0.8333333,0.016666668,0.4,0.7,0.85,0.9,0.26666668,0.4,-0.2,-0.1,-0.06666667,-0.25,0.16437759,0.38354984,0.14585823,0.2915227,0.02899689,0.26159135,0.23707703,0.28179345,0.30659717,0.31384414,0.6,0.4,0.4,0.46666667,0.46666667,0.4,0.6,0.6,0.53333336,0.53333336,0.2,-0.2,-0.2,-0.06666667,-0.06666667,0.48352215,0.51141024,0.49327084,0.5425154,0.46047994,0.5164779,0.4885898,0.5067291,0.45748463,0.5395201,-0.032955725,0.02282042,-0.013458305,0.08503076,-0.079040125,1.1016232,0.93779564,0.76452965,0.6708568,0.6259743,0.3737363,0.499222,0.40331638,0.36220926,0.28990152,0.9005219,1.0039996,1.2220068,1.3409984,1.2022927,0.34581783,0.55199325,0.5419807,0.5188814,0.53405327,0.65418214,0.44800675,0.4580193,0.48111865,0.46594676,-0.30836433,0.10398649,0.083961405,0.037762713,0.0681065
144,SZ002241,-0.044488276064223946,0.0,,,,,,2026-08-28,-0.013428429,0.023919463,-0.5614018,0.010491035,0.43859825,0.0,0.0,-0.023919463,-1.0,1.0136112,1.024245,1.0,1.0106012,0.99532354,0.9306639,0.9825645,0.978735,1.0608302,1.0018706,0.9772862,0.97541475,0.97600913,0.97030234,0.013872472,0.032261066,0.028084818,0.02471613,0.035398334,0.0037429798,0.008996576,0.00051489007,0.00011389354,-8.333512e-05,0.18199828,0.712867,0.011763968,0.0016456558,0.0016904034,-0.009356608,-0.017770836,0.019693801,0.022339387,0.032156065,1.0548761,1.0548761,1.0548761,1.0548761,1.0952698,0.9646877,0.92343014,0.922157,0.922157,0.86006004,1.013779,1.0026366,0.99898356,0.99736,1.0004236,0.99523884,0.93969226,0.9407969,0.95533127,0.93994635,0.6,0.8,0.85,0.8666667,0.8,0.39153945,0.5825198,0.58652467,0.58652467,0.59495825,0.2,0.6,0.8,0.8666667,0.016666668,0.4,0.2,0.5,0.6666667,0.4,-0.2,0.4,0.3,0.2,-0.38333333,0.1913708,0.7631592,0.7102818,0.65659326,0.43263683,0.93460387,0.89339584,0.8081537,0.68069243,0.5548219,0.6,0.7,0.45,0.53333336,0.48333332,0.4,0.3,0.55,0.46666667,0.51666665,0.2,0.4,-0.1,0.06666667,-0.033333335,0.53251487,0.69356567,0.52965903,0.52407974,0.47437972,0.46748516,0.30643433,0.470341,0.47592023,0.5256203,0.065029696,0.38713133,0.05931801,0.048159514,-0.05124058,1.6672853,1.4114094,1.2294444,1.3086219,1.4343058,0.6826976,0.75524044,0.58959144,0.52564895,0.5543709,0.9905038,1.513102,1.5632088,1.405254,1.1938651,0.24862115,0.50968486,0.49301454,0.45903695,0.45541033,0.75137883,0.49031517,0.5069855,0.54096305,0.5445897,-0.5027577,0.01936967,-0.013970932,-0.08192612,-0.08917936
