,datetime,instrument,score,exp_name,rid,weight,real_label,error,abs_error
0,2026-08-25,SH600000,0.0029472108026565498,EXP_CatBoostModel_Alpha158_csi300_custom_step0_s_20260825_15,f51509b4deb64aca9860afc33224c954,0.097,,,
1,2026-08-25,SH601100,0.043825358152389526,EXP_LinearModel_Alpha158_csi300_custom_step0_s_20260825_13,1c94a535342f49bfb12c8b3c4abd037a,0.132,,,
2,2026-08-25,SH601111,-0.033673521131277084,EXP_LinearModel_Alpha158_csi300_custom_step0_s_20260825_13,1c94a535342f49bfb12c8b3c4abd037a,0.132,,,
3,2026-08-25,SH601117,0.028221923857927322,EXP_LinearModel_Alpha158_csi300_custom_step0_s_20260825_13,1c94a535342f49bfb12c8b3c4abd037a,0.132,,,
4,2026-08-25,SH601127,-0.11911386996507645,EXP_LinearModel_Alpha158_csi300_custom_step0_s_20260825_13,1c94a535342f49bfb12c8b3c4abd037a,0.132,,,
5,2026-08-25,SH601136,-0.08747972548007965,EXP_LinearModel_Alpha158_csi300_custom_step0_s_20260825_13,1c94a535342f49bfb12c8b3c4abd037a,0.132,,,
6,2026-08-25,SH601138,-0.03845825418829918,EXP_LinearModel_Alpha158_csi300_custom_step0_s_20260825_13,1c94a535342f49bfb12c8b3c4abd037a,0.132,,,
7,2026-08-25,SH601166,-0.007934763096272945,EXP_LinearModel_Alpha158_csi300_custom_step0_s_20260825_13,1c94a535342f49bfb12c8b3c4abd037a,0.132,,,
8,2026-08-25,SH601169,0.057735949754714966,EXP_LinearModel_Alpha158_csi300_custom_step0_s_20260825_13,1c94a535342f49bfb12c8b3c4abd037a,0.132,,,
9,2026-08-25,SH601186,0.013722721487283707,EXP_LinearModel_Alpha158_csi300_custom_step0_s_20260825_13,1c94a535342f49bfb12c8b3c4abd037a,0.132,,,
10,2026-08-25,SH601211,-0.033762648701667786,EXP_LinearModel_Alpha158_csi300_custom_step0_s_20260825_13,1c94a535342f49bfb12c8b3c4abd037a,0.132,,,
11,2026-08-25,SH601225,-0.016179148107767105,EXP_LinearModel_Alpha158_csi300_custom_step0_s_20260825_13,1c94a535342f49bfb12c8b3c4abd037a,0.132,,,
12,2026-08-25,SH601229,0.045149292796850204,EXP_LinearModel_Alpha158_csi300_custom_step0_s_20260825_13,1c94a535342f49bfb12c8b3c4abd037a,0.132,,,
13,2026-08-25,SH601238,-0.07021249830722809,EXP_LinearModel_Alpha158_csi300_custom_step0_s_20260825_13,1c94a535342f49bfb12c8b3c4abd037a,0.132,,,
14,2026-08-25,SH601288,0.009972604922950268,EXP_LinearModel_Alpha158_csi300_custom_step0_s_20260825_13,1c94a535342f49bfb12c8b3c4abd037a,0.132,,,
15,2026-08-25,SH601318,0.007125873118638992,EXP_LinearModel_Alpha158_csi300_custom_step0_s_20260825_13,1c94a535342f49bfb12c8b3c4abd037a,0.132,,,
16,2026-08-25,SH601319,0.016379844397306442,EXP_LinearModel_Alpha158_csi300_custom_step0_s_20260825_13,1c94a535342f49bfb12c8b3c4abd037a,0.132,,,
17,2026-08-25,SH601328,-0.013989243656396866,EXP_LinearModel_Alpha158_csi300_custom_step0_s_20260825_13,1c94a535342f49bfb12c8b3c4abd037a,0.132,,,
18,2026-08-25,SH601336,-0.005765597335994244,EXP_LinearModel_Alpha158_csi300_custom_step0_s_20260825_13,1c94a535342f49bfb12c8b3c4abd037a,0.132,,,
19,2026-08-25,SH601360,-0.07481343299150467,EXP_LinearModel_Alpha158_csi300_custom_step0_s_20260825_13,1c94a535342f49bfb12c8b3c4abd037a,0.132,,,
20,2026-08-25,SH601377,-0.005755710415542126,EXP_LinearModel_Alpha158_csi300_custom_step0_s_20260825_13,1c94a535342f49bfb12c8b3c4abd037a,0.132,,,
21,2026-08-25,SH601390,-0.0019726643804460764,EXP_LinearModel_Alpha158_csi300_custom_step0_s_20260825_13,1c94a535342f49bfb12c8b3c4abd037a,0.132,,,
22,2026-08-25,SH601088,-0.021009426563978195,EXP_LinearModel_Alpha158_csi300_custom_step0_s_20260825_13,1c94a535342f49bfb12c8b3c4abd037a,0.132,,,
23,2026-08-25,SH601077,0.022974256426095963,EXP_LinearModel_Alpha158_csi300_custom_step0_s_20260825_13,1c94a535342f49bfb12c8b3c4abd037a,0.132,,,
24,2026-08-25,SH601066,-0.03072063997387886,EXP_LinearModel_Alpha158_csi300_custom_step0_s_20260825_13,1c94a535342f49bfb12c8b3c4abd037a,0.132,,,
25,2026-08-25,SH601059,0.009381050243973732,EXP_LinearModel_Alpha158_csi300_custom_step0_s_20260825_13,1c94a535342f49bfb12c8b3c4abd037a,0.132,,,
26,2026-08-25,SH600845,-0.07295464724302292,EXP_LinearModel_Alpha158_csi300_custom_step0_s_20260825_13,1c94a535342f49bfb12c8b3c4abd037a,0.132,,,
27,2026-08-25,SH600875,-0.09200973063707352,EXP_LinearModel_Alpha158_csi300_custom_step0_s_20260825_13,1c94a535342f49bfb12c8b3c4abd037a,0.132,,,
28,2026-08-25,SH600886,0.0017361138015985489,EXP_LinearModel_Alpha158_csi300_custom_step0_s_20260825_13,1c94a535342f49bfb12c8b3c4abd037a,0.132,,,
29,2026-08-25,SH600887,0.0500175803899765,EXP_LinearModel_Alpha158_csi300_custom_step0_s_20260825_13,1c94a535342f49bfb12c8b3c4abd037a,0.132,,,
30,2026-08-25,SH600893,-0.03653979301452637,EXP_LinearModel_Alpha158_csi300_custom_step0_s_20260825_13,1c94a535342f49bfb12c8b3c4abd037a,0.132,,,
31,2026-08-25,SH600900,-0.008549313992261887,EXP_LinearModel_Alpha158_csi300_custom_step0_s_20260825_13,1c94a535342f49bfb12c8b3c4abd037a,0.132,,,
32,2026-08-25,SH600905,0.035060930997133255,EXP_LinearModel_Alpha158_csi300_custom_step0_s_20260825_13,1c94a535342f49bfb12c8b3c4abd037a,0.132,,,
33,2026-08-25,SH600918,-0.013196251355111599,EXP_LinearModel_Alpha158_csi300_custom_step0_s_20260825_13,1c94a535342f49bfb12c8b3c4abd037a,0.132,,,
34,2026-08-25,SH600919,0.019320029765367508,EXP_LinearModel_Alpha158_csi300_custom_step0_s_20260825_13,1c94a535342f49bfb12c8b3c4abd037a,0.132,,,
35,2026-08-25,SH600926,0.03555084392428398,EXP_LinearModel_Alpha158_csi300_custom_step0_s_20260825_13,1c94a535342f49bfb12c8b3c4abd037a,0.132,,,
36,2026-08-25,SH601398,0.0030847489833831787,EXP_LinearModel_Alpha158_csi300_custom_step0_s_20260825_13,1c94a535342f49bfb12c8b3c4abd037a,0.132,,,
37,2026-08-25,SH600930,-0.08439520001411438,EXP_LinearModel_Alpha158_csi300_custom_step0_s_20260825_13,1c94a535342f49bfb12c8b3c4abd037a,0.132,,,
38,2026-08-25,SH600941,0.004197121597826481,EXP_LinearModel_Alpha158_csi300_custom_step0_s_20260825_13,1c94a535342f49bfb12c8b3c4abd037a,0.132,,,
39,2026-08-25,SH600958,-0.024571437388658524,EXP_LinearModel_Alpha158_csi300_custom_step0_s_20260825_13,1c94a535342f49bfb12c8b3c4abd037a,0.132,,,
40,2026-08-25,SH600989,-0.014457939192652702,EXP_LinearModel_Alpha158_csi300_custom_step0_s_20260825_13,1c94a535342f49bfb12c8b3c4abd037a,0.132,,,
41,2026-08-25,SH600999,0.007838982157409191,EXP_LinearModel_Alpha158_csi300_custom_step0_s_20260825_13,1c94a535342f49bfb12c8b3c4abd037a,0.132,,,
42,2026-08-25,SH601006,0.004314934369176626,EXP_LinearModel_Alpha158_csi300_custom_step0_s_20260825_13,1c94a535342f49bfb12c8b3c4abd037a,0.132,,,
43,2026-08-25,SH601009,0.04506440833210945,EXP_LinearModel_Alpha158_csi300_custom_step0_s_20260825_13,1c94a535342f49bfb12c8b3c4abd037a,0.132,,,
44,2026-08-25,SH601012,-0.07441486418247223,EXP_LinearModel_Alpha158_csi300_custom_step0_s_20260825_13,1c94a535342f49bfb12c8b3c4abd037a,0.132,,,
45,2026-08-25,SH601018,0.043372832238674164,EXP_LinearModel_Alpha158_csi300_custom_step0_s_20260825_13,1c94a535342f49bfb12c8b3c4abd037a,0.132,,,
46,2026-08-25,SH601021,-0.008642427623271942,EXP_LinearModel_Alpha158_csi300_custom_step0_s_20260825_13,1c94a535342f49bfb12c8b3c4abd037a,0.132,,,
47,2026-08-25,SH601058,0.008544858545064926,EXP_LinearModel_Alpha158_csi300_custom_step0_s_20260825_13,1c94a535342f49bfb12c8b3c4abd037a,0.132,,,
48,2026-08-25,SH600938,-0.05663187801837921,EXP_LinearModel_Alpha158_csi300_custom_step0_s_20260825_13,1c94a535342f49bfb12c8b3c4abd037a,0.132,,,
49,2026-08-25,SH601456,-0.0079585500061512,EXP_LinearModel_Alpha158_csi300_custom_step0_s_20260825_13,1c94a535342f49bfb12c8b3c4abd037a,0.132,,,
50,2026-08-25,SH601600,-0.07518474012613297,EXP_LinearModel_Alpha158_csi300_custom_step0_s_20260825_13,1c94a535342f49bfb12c8b3c4abd037a,0.132,,,
51,2026-08-25,SH601601,0.0018148585222661495,EXP_LinearModel_Alpha158_csi300_custom_step0_s_20260825_13,1c94a535342f49bfb12c8b3c4abd037a,0.132,,,
52,2026-08-25,SH601898,-0.07815803587436676,EXP_LinearModel_Alpha158_csi300_custom_step0_s_20260825_13,1c94a535342f49bfb12c8b3c4abd037a,0.132,,,
53,2026-08-25,SH601899,-0.052341949194669724,EXP_LinearModel_Alpha158_csi300_custom_step0_s_20260825_13,1c94a535342f49bfb12c8b3c4abd037a,0.132,,,
54,2026-08-25,SH601901,-0.02782808616757393,EXP_LinearModel_Alpha158_csi300_custom_step0_s_20260825_13,1c94a535342f49bfb12c8b3c4abd037a,0.132,,,
55,2026-08-25,SH601916,-0.0072324033826589584,EXP_LinearModel_Alpha158_csi300_custom_step0_s_20260825_13,1c94a535342f49bfb12c8b3c4abd037a,0.132,,,
56,2026-08-25,SH601919,-0.017422053962945938,EXP_LinearModel_Alpha158_csi300_custom_step0_s_20260825_13,1c94a535342f49bfb12c8b3c4abd037a,0.132,,,
57,2026-08-25,SH601939,0.01534940768033266,EXP_LinearModel_Alpha158_csi300_custom_step0_s_20260825_13,1c94a535342f49bfb12c8b3c4abd037a,0.132,,,
58,2026-08-25,SH601985,-0.017356645315885544,EXP_LinearModel_Alpha158_csi300_custom_step0_s_20260825_13,1c94a535342f49bfb12c8b3c4abd037a,0.132,,,
59,2026-08-25,SH601988,0.024209968745708466,EXP_LinearModel_Alpha158_csi300_custom_step0_s_20260825_13,1c94a535342f49bfb12c8b3c4abd037a,0.132,,,
60,2026-08-25,SH601995,-0.06643272936344147,EXP_LinearModel_Alpha158_csi300_custom_step0_s_20260825_13,1c94a535342f49bfb12c8b3c4abd037a,0.132,,,
61,2026-08-25,SH601998,-0.007629202678799629,EXP_LinearModel_Alpha158_csi300_custom_step0_s_20260825_13,1c94a535342f49bfb12c8b3c4abd037a,0.132,,,
62,2026-08-25,SH601888,-0.06219090521335602,EXP_LinearModel_Alpha158_csi300_custom_step0_s_20260825_13,1c94a535342f49bfb12c8b3c4abd037a,0.132,,,
63,2026-08-25,SH603019,0.017488893121480942,EXP_LinearModel_Alpha158_csi300_custom_step0_s_20260825_13,1c94a535342f49bfb12c8b3c4abd037a,0.132,,,
64,2026-08-25,SH603260,-0.00768504710868001,EXP_LinearModel_Alpha158_csi300_custom_step0_s_20260825_13,1c94a535342f49bfb12c8b3c4abd037a,0.132,,,
65,2026-08-25,SH603288,-0.01587117835879326,EXP_LinearModel_Alpha158_csi300_custom_step0_s_20260825_13,1c94a535342f49bfb12c8b3c4abd037a,0.132,,,
66,2026-08-25,SH603296,-0.01077595166862011,EXP_LinearModel_Alpha158_csi300_custom_step0_s_20260825_13,1c94a535342f49bfb12c8b3c4abd037a,0.132,,,
67,2026-08-25,SH603369,-0.10401282459497452,EXP_LinearModel_Alpha158_csi300_custom_step0_s_20260825_13,1c94a535342f49bfb12c8b3c4abd037a,0.132,,,
68,2026-08-25,SH603392,-0.18404096364974976,EXP_LinearModel_Alpha158_csi300_custom_step0_s_20260825_13,1c94a535342f49bfb12c8b3c4abd037a,0.132,,,
69,2026-08-25,SH603501,0.0022043674252927303,EXP_LinearModel_Alpha158_csi300_custom_step0_s_20260825_13,1c94a535342f49bfb12c8b3c4abd037a,0.132,,,
70,2026-08-25,SH603799,-0.08343193680047989,EXP_LinearModel_Alpha158_csi300_custom_step0_s_20260825_13,1c94a535342f49bfb12c8b3c4abd037a,0.132,,,
71,2026-08-25,SH603893,0.04399112984538078,EXP_LinearModel_Alpha158_csi300_custom_step0_s_20260825_13,1c94a535342f49bfb12c8b3c4abd037a,0.132,,,
72,2026-08-25,SH603986,0.02473044954240322,EXP_LinearModel_Alpha158_csi300_custom_step0_s_20260825_13,1c94a535342f49bfb12c8b3c4abd037a,0.132,,,
73,2026-08-25,SH603993,-0.00856525544077158,EXP_LinearModel_Alpha158_csi300_custom_step0_s_20260825_13,1c94a535342f49bfb12c8b3c4abd037a,0.132,,,
74,2026-08-25,SH603259,-0.014305227436125278,EXP_LinearModel_Alpha158_csi300_custom_step0_s_20260825_13,1c94a535342f49bfb12c8b3c4abd037a,0.132,,,
75,2026-08-25,SH600809,-0.08549320697784424,EXP_LinearModel_Alpha158_csi300_custom_step0_s_20260825_13,1c94a535342f49bfb12c8b3c4abd037a,0.132,,,
76,2026-08-25,SH601881,-0.0025230792816728354,EXP_LinearModel_Alpha158_csi300_custom_step0_s_20260825_13,1c94a535342f49bfb12c8b3c4abd037a,0.132,,,
77,2026-08-25,SH601877,-0.0360167995095253,EXP_LinearModel_Alpha158_csi300_custom_step0_s_20260825_13,1c94a535342f49bfb12c8b3c4abd037a,0.132,,,
78,2026-08-25,SH601607,0.03424367308616638,EXP_LinearModel_Alpha158_csi300_custom_step0_s_20260825_13,1c94a535342f49bfb12c8b3c4abd037a,0.132,,,
79,2026-08-25,SH601618,-0.026320675387978554,EXP_LinearModel_Alpha158_csi300_custom_step0_s_20260825_13,1c94a535342f49bfb12c8b3c4abd037a,0.132,,,
80,2026-08-25,SH601628,0.005439398344606161,EXP_LinearModel_Alpha158_csi300_custom_step0_s_20260825_13,1c94a535342f49bfb12c8b3c4abd037a,0.132,,,
81,2026-08-25,SH601633,-0.009142454713582993,EXP_LinearModel_Alpha158_csi300_custom_step0_s_20260825_13,1c94a535342f49bfb12c8b3c4abd037a,0.132,,,
82,2026-08-25,SH601658,0.04065442457795143,EXP_LinearModel_Alpha158_csi300_custom_step0_s_20260825_13,1c94a535342f49bfb12c8b3c4abd037a,0.132,,,
83,2026-08-25,SH601668,0.05251241475343704,EXP_LinearModel_Alpha158_csi300_custom_step0_s_20260825_13,1c94a535342f49bfb12c8b3c4abd037a,0.132,,,
84,2026-08-25,SH601669,-0.030715346336364746,EXP_LinearModel_Alpha158_csi300_custom_step0_s_20260825_13,1c94a535342f49bfb12c8b3c4abd037a,0.132,,,
85,2026-08-25,SH601688,-0.020903706550598145,EXP_LinearModel_Alpha158_csi300_custom_step0_s_20260825_13,1c94a535342f49bfb12c8b3c4abd037a,0.132,,,
86,2026-08-25,SH601689,-0.018723487854003906,EXP_LinearModel_Alpha158_csi300_custom_step0_s_20260825_13,1c94a535342f49bfb12c8b3c4abd037a,0.132,,,
87,2026-08-25,SH601698,0.01524034421890974,EXP_LinearModel_Alpha158_csi300_custom_step0_s_20260825_13,1c94a535342f49bfb12c8b3c4abd037a,0.132,,,
88,2026-08-25,SH601878,-0.03506609424948692,EXP_LinearModel_Alpha158_csi300_custom_step0_s_20260825_13,1c94a535342f49bfb12c8b3c4abd037a,0.132,,,
89,2026-08-25,SH601727,-0.04791690409183502,EXP_LinearModel_Alpha158_csi300_custom_step0_s_20260825_13,1c94a535342f49bfb12c8b3c4abd037a,0.132,,,
90,2026-08-25,SH601766,-0.019215157255530357,EXP_LinearModel_Alpha158_csi300_custom_step0_s_20260825_13,1c94a535342f49bfb12c8b3c4abd037a,0.132,,,
91,2026-08-25,SH601788,-0.024662306532263756,EXP_LinearModel_Alpha158_csi300_custom_step0_s_20260825_13,1c94a535342f49bfb12c8b3c4abd037a,0.132,,,
92,2026-08-25,SH601800,0.01649741269648075,EXP_LinearModel_Alpha158_csi300_custom_step0_s_20260825_13,1c94a535342f49bfb12c8b3c4abd037a,0.132,,,
93,2026-08-25,SH601816,0.014335029758512974,EXP_LinearModel_Alpha158_csi300_custom_step0_s_20260825_13,1c94a535342f49bfb12c8b3c4abd037a,0.132,,,
94,2026-08-25,SH601818,0.04560381919145584,EXP_LinearModel_Alpha158_csi300_custom_step0_s_20260825_13,1c94a535342f49bfb12c8b3c4abd037a,0.132,,,
95,2026-08-25,SH601825,-0.0014107900205999613,EXP_LinearModel_Alpha158_csi300_custom_step0_s_20260825_13,1c94a535342f49bfb12c8b3c4abd037a,0.132,,,
96,2026-08-25,SH601838,0.021426841616630554,EXP_LinearModel_Alpha158_csi300_custom_step0_s_20260825_13,1c94a535342f49bfb12c8b3c4abd037a,0.132,,,
97,2026-08-25,SH601857,-0.016138071194291115,EXP_LinearModel_Alpha158_csi300_custom_step0_s_20260825_13,1c94a535342f49bfb12c8b3c4abd037a,0.132,,,
98,2026-08-25,SH601868,0.015427143312990665,EXP_LinearModel_Alpha158_csi300_custom_step0_s_20260825_13,1c94a535342f49bfb12c8b3c4abd037a,0.132,,,
99,2026-08-25,SH601872,-0.01850067637860775,EXP_LinearModel_Alpha158_csi300_custom_step0_s_20260825_13,1c94a535342f49bfb12c8b3c4abd037a,0.132,,,
100,2026-08-25,SH601728,0.012864423915743828,EXP_LinearModel_Alpha158_csi300_custom_step0_s_20260825_13,1c94a535342f49bfb12c8b3c4abd037a,0.132,,,
101,2026-08-25,SH605117,-0.03110077977180481,EXP_LinearModel_Alpha158_csi300_custom_step0_s_20260825_13,1c94a535342f49bfb12c8b3c4abd037a,0.132,,,
102,2026-08-25,SH600803,-0.06151902675628662,EXP_LinearModel_Alpha158_csi300_custom_step0_s_20260825_13,1c94a535342f49bfb12c8b3c4abd037a,0.132,,,
103,2026-08-25,SH600760,-0.005633693188428879,EXP_LinearModel_Alpha158_csi300_custom_step0_s_20260825_13,1c94a535342f49bfb12c8b3c4abd037a,0.132,,,
104,2026-08-25,SZ300832,-0.006166503299027681,EXP_LinearModel_Alpha158_csi300_custom_step0_s_20260825_13,f92e05fd932f4c27b315f8ace04b2c65,0.095,,,
105,2026-08-25,SZ300866,-0.04253499209880829,EXP_LinearModel_Alpha158_csi300_custom_step0_s_20260825_13,f92e05fd932f4c27b315f8ace04b2c65,0.095,,,
106,2026-08-25,SZ300896,-0.08277924358844757,EXP_LinearModel_Alpha158_csi300_custom_step0_s_20260825_13,f92e05fd932f4c27b315f8ace04b2c65,0.095,,,
107,2026-08-25,SZ300999,-0.029548708349466324,EXP_LinearModel_Alpha158_csi300_custom_step0_s_20260825_13,f92e05fd932f4c27b315f8ace04b2c65,0.095,,,
108,2026-08-25,SZ301165,-0.01999642886221409,EXP_LinearModel_Alpha158_csi300_custom_step0_s_20260825_13,f92e05fd932f4c27b315f8ace04b2c65,0.095,,,
109,2026-08-25,SZ301236,-0.013168198987841606,EXP_LinearModel_Alpha158_csi300_custom_step0_s_20260825_13,f92e05fd932f4c27b315f8ace04b2c65,0.095,,,
110,2026-08-25,SZ301269,0.03767665475606918,EXP_LinearModel_Alpha158_csi300_custom_step0_s_20260825_13,f92e05fd932f4c27b315f8ace04b2c65,0.095,,,
111,2026-08-25,SZ301308,0.05345425382256508,EXP_LinearModel_Alpha158_csi300_custom_step0_s_20260825_13,f92e05fd932f4c27b315f8ace04b2c65,0.095,,,
112,2026-08-25,SZ302132,-0.04036257788538933,EXP_LinearModel_Alpha158_csi300_custom_step0_s_20260825_13,f92e05fd932f4c27b315f8ace04b2c65,0.095,,,
113,2026-08-25,SH600000,-0.014410451054573059,EXP_LinearModel_Alpha158_csi300_custom_step0_s_20260825_13,1c94a535342f49bfb12c8b3c4abd037a,0.132,,,
114,2026-08-25,SH600009,-0.03573794290423393,EXP_LinearModel_Alpha158_csi300_custom_step0_s_20260825_13,1c94a535342f49bfb12c8b3c4abd037a,0.132,,,
115,2026-08-25,SH600010,0.038634173572063446,EXP_LinearModel_Alpha158_csi300_custom_step0_s_20260825_13,1c94a535342f49bfb12c8b3c4abd037a,0.132,,,
116,2026-08-25,SH600011,-0.051395051181316376,EXP_LinearModel_Alpha158_csi300_custom_step0_s_20260825_13,1c94a535342f49bfb12c8b3c4abd037a,0.132,,,
117,2026-08-25,SH600015,0.054798424243927,EXP_LinearModel_Alpha158_csi300_custom_step0_s_20260825_13,1c94a535342f49bfb12c8b3c4abd037a,0.132,,,
118,2026-08-25,SH600016,0.047864969819784164,EXP_LinearModel_Alpha158_csi300_custom_step0_s_20260825_13,1c94a535342f49bfb12c8b3c4abd037a,0.132,,,
119,2026-08-25,SH600018,0.03442738205194473,EXP_LinearModel_Alpha158_csi300_custom_step0_s_20260825_13,1c94a535342f49bfb12c8b3c4abd037a,0.132,,,
120,2026-08-25,SH600019,0.0019331276416778564,EXP_LinearModel_Alpha158_csi300_custom_step0_s_20260825_13,1c94a535342f49bfb12c8b3c4abd037a,0.132,,,
121,2026-08-25,SH600023,-0.030542314052581787,EXP_LinearModel_Alpha158_csi300_custom_step0_s_20260825_13,1c94a535342f49bfb12c8b3c4abd037a,0.132,,,
122,2026-08-25,SH600025,-0.004782693926244974,EXP_LinearModel_Alpha158_csi300_custom_step0_s_20260825_13,1c94a535342f49bfb12c8b3c4abd037a,0.132,,,
123,2026-08-25,SH600026,-0.02273464947938919,EXP_LinearModel_Alpha158_csi300_custom_step0_s_20260825_13,1c94a535342f49bfb12c8b3c4abd037a,0.132,,,
124,2026-08-25,SH600027,-0.008699432015419006,EXP_LinearModel_Alpha158_csi300_custom_step0_s_20260825_13,1c94a535342f49bfb12c8b3c4abd037a,0.132,,,
125,2026-08-25,SZ300803,-0.07325667887926102,EXP_LinearModel_Alpha158_csi300_custom_step0_s_20260825_13,f92e05fd932f4c27b315f8ace04b2c65,0.095,,,
126,2026-08-25,SZ300760,-0.04340232163667679,EXP_LinearModel_Alpha158_csi300_custom_step0_s_20260825_13,f92e05fd932f4c27b315f8ace04b2c65,0.095,,,
127,2026-08-25,SZ300750,-0.052031513303518295,EXP_LinearModel_Alpha158_csi300_custom_step0_s_20260825_13,f92e05fd932f4c27b315f8ace04b2c65,0.095,,,
128,2026-08-25,SZ300661,-0.041931767016649246,EXP_LinearModel_Alpha158_csi300_custom_step0_s_20260825_13,f92e05fd932f4c27b315f8ace04b2c65,0.095,,,
129,2026-08-25,SZ003816,-0.05645444616675377,EXP_LinearModel_Alpha158_csi300_custom_step0_s_20260825_13,f92e05fd932f4c27b315f8ace04b2c65,0.095,,,
130,2026-08-25,SZ300014,-0.027572544291615486,EXP_LinearModel_Alpha158_csi300_custom_step0_s_20260825_13,f92e05fd932f4c27b315f8ace04b2c65,0.095,,,
131,2026-08-25,SZ300015,-0.060597166419029236,EXP_LinearModel_Alpha158_csi300_custom_step0_s_20260825_13,f92e05fd932f4c27b315f8ace04b2c65,0.095,,,
132,2026-08-25,SZ300033,-0.06911483407020569,EXP_LinearModel_Alpha158_csi300_custom_step0_s_20260825_13,f92e05fd932f4c27b315f8ace04b2c65,0.095,,,
133,2026-08-25,SZ300059,-0.06552067399024963,EXP_LinearModel_Alpha158_csi300_custom_step0_s_20260825_13,f92e05fd932f4c27b315f8ace04b2c65,0.095,,,
134,2026-08-25,SZ300122,-0.09834139049053192,EXP_LinearModel_Alpha158_csi300_custom_step0_s_20260825_13,f92e05fd932f4c27b315f8ace04b2c65,0.095,,,
135,2026-08-25,SZ300124,-0.024422675371170044,EXP_LinearModel_Alpha158_csi300_custom_step0_s_20260825_13,f92e05fd932f4c27b315f8ace04b2c65,0.095,,,
136,2026-08-25,SZ300251,-0.08754178136587143,EXP_LinearModel_Alpha158_csi300_custom_step0_s_20260825_13,f92e05fd932f4c27b315f8ace04b2c65,0.095,,,
137,2026-08-25,SZ300274,-0.050008002668619156,EXP_LinearModel_Alpha158_csi300_custom_step0_s_20260825_13,f92e05fd932f4c27b315f8ace04b2c65,0.095,,,
138,2026-08-25,SZ300308,0.0630524605512619,EXP_LinearModel_Alpha158_csi300_custom_step0_s_20260825_13,f92e05fd932f4c27b315f8ace04b2c65,0.095,,,
139,2026-08-25,SH600028,0.01618172414600849,EXP_LinearModel_Alpha158_csi300_custom_step0_s_20260825_13,1c94a535342f49bfb12c8b3c4abd037a,0.132,,,
140,2026-08-25,SZ300316,-0.006737102754414082,EXP_LinearModel_Alpha158_csi300_custom_step0_s_20260825_13,f92e05fd932f4c27b315f8ace04b2c65,0.095,,,
141,2026-08-25,SZ300408,-0.006081251427531242,EXP_LinearModel_Alpha158_csi300_custom_step0_s_20260825_13,f92e05fd932f4c27b315f8ace04b2c65,0.095,,,
142,2026-08-25,SZ300413,-0.06598254293203354,EXP_LinearModel_Alpha158_csi300_custom_step0_s_20260825_13,f92e05fd932f4c27b315f8ace04b2c65,0.095,,,
143,2026-08-25,SZ300418,0.010331480763852596,EXP_LinearModel_Alpha158_csi300_custom_step0_s_20260825_13,f92e05fd932f4c27b315f8ace04b2c65,0.095,,,
144,2026-08-25,SZ300433,-0.00354363932274282,EXP_LinearModel_Alpha158_csi300_custom_step0_s_20260825_13,f92e05fd932f4c27b315f8ace04b2c65,0.095,,,
145,2026-08-25,SZ300442,-0.0023500907700508833,EXP_LinearModel_Alpha158_csi300_custom_step0_s_20260825_13,f92e05fd932f4c27b315f8ace04b2c65,0.095,,,
146,2026-08-25,SZ300450,-0.03224234655499458,EXP_LinearModel_Alpha158_csi300_custom_step0_s_20260825_13,f92e05fd932f4c27b315f8ace04b2c65,0.095,,,
147,2026-08-25,SZ300476,0.0487089678645134,EXP_LinearModel_Alpha158_csi300_custom_step0_s_20260825_13,f92e05fd932f4c27b315f8ace04b2c65,0.095,,,
148,2026-08-25,SZ300498,-0.03164346143603325,EXP_LinearModel_Alpha158_csi300_custom_step0_s_20260825_13,f92e05fd932f4c27b315f8ace04b2c65,0.095,,,
149,2026-08-25,SZ300502,0.01908462680876255,EXP_LinearModel_Alpha158_csi300_custom_step0_s_20260825_13,f92e05fd932f4c27b315f8ace04b2c65,0.095,,,
150,2026-08-25,SZ300628,-0.07619643211364746,EXP_LinearModel_Alpha158_csi300_custom_step0_s_20260825_13,f92e05fd932f4c27b315f8ace04b2c65,0.095,,,
151,2026-08-25,SZ300394,0.05096416920423508,EXP_LinearModel_Alpha158_csi300_custom_step0_s_20260825_13,f92e05fd932f4c27b315f8ace04b2c65,0.095,,,
152,2026-08-25,SH600029,0.009007683023810387,EXP_LinearModel_Alpha158_csi300_custom_step0_s_20260825_13,1c94a535342f49bfb12c8b3c4abd037a,0.132,,,
153,2026-08-25,SH600030,-0.039529137313365936,EXP_LinearModel_Alpha158_csi300_custom_step0_s_20260825_13,1c94a535342f49bfb12c8b3c4abd037a,0.132,,,
154,2026-08-25,SH600031,-0.014887669123709202,EXP_LinearModel_Alpha158_csi300_custom_step0_s_20260825_13,1c94a535342f49bfb12c8b3c4abd037a,0.132,,,
155,2026-08-25,SH600406,-0.015528207644820213,EXP_LinearModel_Alpha158_csi300_custom_step0_s_20260825_13,1c94a535342f49bfb12c8b3c4abd037a,0.132,,,
156,2026-08-25,SH600415,-0.045197952538728714,EXP_LinearModel_Alpha158_csi300_custom_step0_s_20260825_13,1c94a535342f49bfb12c8b3c4abd037a,0.132,,,
157,2026-08-25,SH600426,-0.0702127069234848,EXP_LinearModel_Alpha158_csi300_custom_step0_s_20260825_13,1c94a535342f49bfb12c8b3c4abd037a,0.132,,,
158,2026-08-25,SH600436,-0.049052122980356216,EXP_LinearModel_Alpha158_csi300_custom_step0_s_20260825_13,1c94a535342f49bfb12c8b3c4abd037a,0.132,,,
159,2026-08-25,SH600438,-0.10674877464771271,EXP_LinearModel_Alpha158_csi300_custom_step0_s_20260825_13,1c94a535342f49bfb12c8b3c4abd037a,0.132,,,
160,2026-08-25,SH600460,-0.09179152548313141,EXP_LinearModel_Alpha158_csi300_custom_step0_s_20260825_13,1c94a535342f49bfb12c8b3c4abd037a,0.132,,,
161,2026-08-25,SH600482,0.005729340948164463,EXP_LinearModel_Alpha158_csi300_custom_step0_s_20260825_13,1c94a535342f49bfb12c8b3c4abd037a,0.132,,,
162,2026-08-25,SH600489,-0.04600227251648903,EXP_LinearModel_Alpha158_csi300_custom_step0_s_20260825_13,1c94a535342f49bfb12c8b3c4abd037a,0.132,,,
163,2026-08-25,SH600515,-0.029822563752532005,EXP_LinearModel_Alpha158_csi300_custom_step0_s_20260825_13,1c94a535342f49bfb12c8b3c4abd037a,0.132,,,
164,2026-08-25,SH600519,0.036200255155563354,EXP_LinearModel_Alpha158_csi300_custom_step0_s_20260825_13,1c94a535342f49bfb12c8b3c4abd037a,0.132,,,
165,2026-08-25,SH600372,-0.07353106886148453,EXP_LinearModel_Alpha158_csi300_custom_step0_s_20260825_13,1c94a535342f49bfb12c8b3c4abd037a,0.132,,,
166,2026-08-25,SH600522,-0.07686805725097656,EXP_LinearModel_Alpha158_csi300_custom_step0_s_20260825_13,1c94a535342f49bfb12c8b3c4abd037a,0.132,,,
167,2026-08-25,SH600549,-0.04652552679181099,EXP_LinearModel_Alpha158_csi300_custom_step0_s_20260825_13,1c94a535342f49bfb12c8b3c4abd037a,0.132,,,
168,2026-08-25,SH600570,-0.06858836114406586,EXP_LinearModel_Alpha158_csi300_custom_step0_s_20260825_13,1c94a535342f49bfb12c8b3c4abd037a,0.132,,,
169,2026-08-25,SH600584,-0.002935584634542465,EXP_LinearModel_Alpha158_csi300_custom_step0_s_20260825_13,1c94a535342f49bfb12c8b3c4abd037a,0.132,,,
170,2026-08-25,SH600585,-0.03345218673348427,EXP_LinearModel_Alpha158_csi300_custom_step0_s_20260825_13,1c94a535342f49bfb12c8b3c4abd037a,0.132,,,
171,2026-08-25,SH600588,-0.012538515962660313,EXP_LinearModel_Alpha158_csi300_custom_step0_s_20260825_13,1c94a535342f49bfb12c8b3c4abd037a,0.132,,,
172,2026-08-25,SH600600,-0.0509980283677578,EXP_LinearModel_Alpha158_csi300_custom_step0_s_20260825_13,1c94a535342f49bfb12c8b3c4abd037a,0.132,,,
173,2026-08-25,SH600660,-0.03814227133989334,EXP_LinearModel_Alpha158_csi300_custom_step0_s_20260825_13,1c94a535342f49bfb12c8b3c4abd037a,0.132,,,
174,2026-08-25,SH600674,-0.007139577064663172,EXP_LinearModel_Alpha158_csi300_custom_step0_s_20260825_13,1c94a535342f49bfb12c8b3c4abd037a,0.132,,,
175,2026-08-25,SH600690,-0.01171947829425335,EXP_LinearModel_Alpha158_csi300_custom_step0_s_20260825_13,1c94a535342f49bfb12c8b3c4abd037a,0.132,,,
176,2026-08-25,SH600741,-0.006549193523824215,EXP_LinearModel_Alpha158_csi300_custom_step0_s_20260825_13,1c94a535342f49bfb12c8b3c4abd037a,0.132,,,
177,2026-08-25,SH600547,-0.16629613935947418,EXP_LinearModel_Alpha158_csi300_custom_step0_s_20260825_13,1c94a535342f49bfb12c8b3c4abd037a,0.132,,,
178,2026-08-25,SH600795,-0.014894301071763039,EXP_LinearModel_Alpha158_csi300_custom_step0_s_20260825_13,1c94a535342f49bfb12c8b3c4abd037a,0.132,,,
179,2026-08-25,SH600362,-0.04616343975067139,EXP_LinearModel_Alpha158_csi300_custom_step0_s_20260825_13,1c94a535342f49bfb12c8b3c4abd037a,0.132,,,
180,2026-08-25,SH600309,-0.010555614717304707,EXP_LinearModel_Alpha158_csi300_custom_step0_s_20260825_13,1c94a535342f49bfb12c8b3c4abd037a,0.132,,,
181,2026-08-25,SH600036,0.00048250239342451096,EXP_LinearModel_Alpha158_csi300_custom_step0_s_20260825_13,1c94a535342f49bfb12c8b3c4abd037a,0.132,,,
182,2026-08-25,SH600039,0.004165700636804104,EXP_LinearModel_Alpha158_csi300_custom_step0_s_20260825_13,1c94a535342f49bfb12c8b3c4abd037a,0.132,,,
183,2026-08-25,SH600048,-0.07035902142524719,EXP_LinearModel_Alpha158_csi300_custom_step0_s_20260825_13,1c94a535342f49bfb12c8b3c4abd037a,0.132,,,
184,2026-08-25,SH600050,0.05558108910918236,EXP_LinearModel_Alpha158_csi300_custom_step0_s_20260825_13,1c94a535342f49bfb12c8b3c4abd037a,0.132,,,
185,2026-08-25,SH600061,0.001990638906136155,EXP_LinearModel_Alpha158_csi300_custom_step0_s_20260825_13,1c94a535342f49bfb12c8b3c4abd037a,0.132,,,
186,2026-08-25,SH600066,-0.021446647122502327,EXP_LinearModel_Alpha158_csi300_custom_step0_s_20260825_13,1c94a535342f49bfb12c8b3c4abd037a,0.132,,,
187,2026-08-25,SH600085,-0.0363030806183815,EXP_LinearModel_Alpha158_csi300_custom_step0_s_20260825_13,1c94a535342f49bfb12c8b3c4abd037a,0.132,,,
188,2026-08-25,SH600089,-0.021473661065101624,EXP_LinearModel_Alpha158_csi300_custom_step0_s_20260825_13,1c94a535342f49bfb12c8b3c4abd037a,0.132,,,
189,2026-08-25,SH600104,-0.054334938526153564,EXP_LinearModel_Alpha158_csi300_custom_step0_s_20260825_13,1c94a535342f49bfb12c8b3c4abd037a,0.132,,,
190,2026-08-25,SH600111,-0.007820061407983303,EXP_LinearModel_Alpha158_csi300_custom_step0_s_20260825_13,1c94a535342f49bfb12c8b3c4abd037a,0.132,,,
191,2026-08-25,SH600346,0.0016477263998240232,EXP_LinearModel_Alpha158_csi300_custom_step0_s_20260825_13,1c94a535342f49bfb12c8b3c4abd037a,0.132,,,
192,2026-08-25,SH600115,-0.0007155775092542171,EXP_LinearModel_Alpha158_csi300_custom_step0_s_20260825_13,1c94a535342f49bfb12c8b3c4abd037a,0.132,,,
193,2026-08-25,SH600150,4.436378367245197e-05,EXP_LinearModel_Alpha158_csi300_custom_step0_s_20260825_13,1c94a535342f49bfb12c8b3c4abd037a,0.132,,,
194,2026-08-25,SH600160,-0.003402597736567259,EXP_LinearModel_Alpha158_csi300_custom_step0_s_20260825_13,1c94a535342f49bfb12c8b3c4abd037a,0.132,,,
195,2026-08-25,SH600176,-0.018955202773213387,EXP_LinearModel_Alpha158_csi300_custom_step0_s_20260825_13,1c94a535342f49bfb12c8b3c4abd037a,0.132,,,
196,2026-08-25,SH600183,-0.07419846951961517,EXP_LinearModel_Alpha158_csi300_custom_step0_s_20260825_13,1c94a535342f49bfb12c8b3c4abd037a,0.132,,,
197,2026-08-25,SH600188,-0.06228702515363693,EXP_LinearModel_Alpha158_csi300_custom_step0_s_20260825_13,1c94a535342f49bfb12c8b3c4abd037a,0.132,,,
198,2026-08-25,SH600196,-0.016713598743081093,EXP_LinearModel_Alpha158_csi300_custom_step0_s_20260825_13,1c94a535342f49bfb12c8b3c4abd037a,0.132,,,
199,2026-08-25,SH600219,-0.006993758026510477,EXP_LinearModel_Alpha158_csi300_custom_step0_s_20260825_13,1c94a535342f49bfb12c8b3c4abd037a,0.132,,,
200,2026-08-25,SH600221,0.023657262325286865,EXP_LinearModel_Alpha158_csi300_custom_step0_s_20260825_13,1c94a535342f49bfb12c8b3c4abd037a,0.132,,,
201,2026-08-25,SH600233,0.03148353099822998,EXP_LinearModel_Alpha158_csi300_custom_step0_s_20260825_13,1c94a535342f49bfb12c8b3c4abd037a,0.132,,,
202,2026-08-25,SH600276,-0.0222465880215168,EXP_LinearModel_Alpha158_csi300_custom_step0_s_20260825_13,1c94a535342f49bfb12c8b3c4abd037a,0.132,,,
203,2026-08-25,SH600118,-0.03859332948923111,EXP_LinearModel_Alpha158_csi300_custom_step0_s_20260825_13,1c94a535342f49bfb12c8b3c4abd037a,0.132,,,
204,2026-08-25,SZ002938,0.06505683064460754,EXP_LinearModel_Alpha158_csi300_custom_step0_s_20260825_13,f92e05fd932f4c27b315f8ace04b2c65,0.095,,,
205,2026-08-25,SH605499,-0.06792422384023666,EXP_LinearModel_Alpha158_csi300_custom_step0_s_20260825_13,1c94a535342f49bfb12c8b3c4abd037a,0.132,,,
206,2026-08-25,SH688009,0.04110020026564598,EXP_LinearModel_Alpha158_csi300_custom_step0_s_20260825_13,1c94a535342f49bfb12c8b3c4abd037a,0.132,,,
207,2026-08-25,SH600000,-0.07299718260765076,EXP_LinearModel_Alpha158_csi300_custom_step0_s_20260825_13,f12d774be67f40c696b3b36fd385ee78,0.045,,,
208,2026-08-25,SH600009,0.006920496467500925,EXP_LinearModel_Alpha158_csi300_custom_step0_s_20260825_13,f12d774be67f40c696b3b36fd385ee78,0.045,,,
209,2026-08-25,SH600010,0.014953931793570518,EXP_LinearModel_Alpha158_csi300_custom_step0_s_20260825_13,f12d774be67f40c696b3b36fd385ee78,0.045,,,
210,2026-08-25,SH600011,-0.012942930683493614,EXP_LinearModel_Alpha158_csi300_custom_step0_s_20260825_13,f12d774be67f40c696b3b36fd385ee78,0.045,,,
211,2026-08-25,SH600015,-0.06189959496259689,EXP_LinearModel_Alpha158_csi300_custom_step0_s_20260825_13,f12d774be67f40c696b3b36fd385ee78,0.045,,,
212,2026-08-25,SH600016,-0.01575510762631893,EXP_LinearModel_Alpha158_csi300_custom_step0_s_20260825_13,f12d774be67f40c696b3b36fd385ee78,0.045,,,
213,2026-08-25,SH600018,-0.03509291633963585,EXP_LinearModel_Alpha158_csi300_custom_step0_s_20260825_13,f12d774be67f40c696b3b36fd385ee78,0.045,,,
214,2026-08-25,SH600019,-0.02150108851492405,EXP_LinearModel_Alpha158_csi300_custom_step0_s_20260825_13,f12d774be67f40c696b3b36fd385ee78,0.045,,,
215,2026-08-25,SH600023,-0.04098924249410629,EXP_LinearModel_Alpha158_csi300_custom_step0_s_20260825_13,f12d774be67f40c696b3b36fd385ee78,0.045,,,
216,2026-08-25,SH600025,-0.032535962760448456,EXP_LinearModel_Alpha158_csi300_custom_step0_s_20260825_13,f12d774be67f40c696b3b36fd385ee78,0.045,,,
217,2026-08-25,SH600026,-0.04679073765873909,EXP_LinearModel_Alpha158_csi300_custom_step0_s_20260825_13,f12d774be67f40c696b3b36fd385ee78,0.045,,,
218,2026-08-25,SH600027,0.028790965676307678,EXP_LinearModel_Alpha158_csi300_custom_step0_s_20260825_13,f12d774be67f40c696b3b36fd385ee78,0.045,,,
219,2026-08-25,SH600028,-0.017101099714636803,EXP_LinearModel_Alpha158_csi300_custom_step0_s_20260825_13,f12d774be67f40c696b3b36fd385ee78,0.045,,,
220,2026-08-25,SH600029,-0.06876862049102783,EXP_LinearModel_Alpha158_csi300_custom_step0_s_20260825_13,f12d774be67f40c696b3b36fd385ee78,0.045,,,
221,2026-08-25,SH600030,-0.09329084306955338,EXP_LinearModel_Alpha158_csi300_custom_step0_s_20260825_13,f12d774be67f40c696b3b36fd385ee78,0.045,,,
222,2026-08-25,SH600031,0.006537470035254955,EXP_LinearModel_Alpha158_csi300_custom_step0_s_20260825_13,f12d774be67f40c696b3b36fd385ee78,0.045,,,
223,2026-08-25,SH600036,-0.08194258064031601,EXP_LinearModel_Alpha158_csi300_custom_step0_s_20260825_13,f12d774be67f40c696b3b36fd385ee78,0.045,,,
224,2026-08-25,SH600039,-0.014144820161163807,EXP_LinearModel_Alpha158_csi300_custom_step0_s_20260825_13,f12d774be67f40c696b3b36fd385ee78,0.045,,,
225,2026-08-25,SH600048,0.020710330456495285,EXP_LinearModel_Alpha158_csi300_custom_step0_s_20260825_13,f12d774be67f40c696b3b36fd385ee78,0.045,,,
226,2026-08-25,SH600050,-0.0033329357393085957,EXP_LinearModel_Alpha158_csi300_custom_step0_s_20260825_13,f12d774be67f40c696b3b36fd385ee78,0.045,,,
227,2026-08-25,SH600061,-0.05977391451597214,EXP_LinearModel_Alpha158_csi300_custom_step0_s_20260825_13,f12d774be67f40c696b3b36fd385ee78,0.045,,,
228,2026-08-25,SZ302132,-0.056371696293354034,EXP_LinearModel_Alpha158_csi300_custom_step0_s_20260825_13,1c94a535342f49bfb12c8b3c4abd037a,0.132,,,
229,2026-08-25,SZ301308,-0.03446533530950546,EXP_LinearModel_Alpha158_csi300_custom_step0_s_20260825_13,1c94a535342f49bfb12c8b3c4abd037a,0.132,,,
230,2026-08-25,SZ301269,0.0006467225030064583,EXP_LinearModel_Alpha158_csi300_custom_step0_s_20260825_13,1c94a535342f49bfb12c8b3c4abd037a,0.132,,,
231,2026-08-25,SZ301236,-0.04387492313981056,EXP_LinearModel_Alpha158_csi300_custom_step0_s_20260825_13,1c94a535342f49bfb12c8b3c4abd037a,0.132,,,
232,2026-08-25,SZ300308,0.027824433520436287,EXP_LinearModel_Alpha158_csi300_custom_step0_s_20260825_13,1c94a535342f49bfb12c8b3c4abd037a,0.132,,,
233,2026-08-25,SZ300316,-0.036642640829086304,EXP_LinearModel_Alpha158_csi300_custom_step0_s_20260825_13,1c94a535342f49bfb12c8b3c4abd037a,0.132,,,
234,2026-08-25,SZ300394,-0.0488574393093586,EXP_LinearModel_Alpha158_csi300_custom_step0_s_20260825_13,1c94a535342f49bfb12c8b3c4abd037a,0.132,,,
235,2026-08-25,SZ300408,-0.051178112626075745,EXP_LinearModel_Alpha158_csi300_custom_step0_s_20260825_13,1c94a535342f49bfb12c8b3c4abd037a,0.132,,,
236,2026-08-25,SZ300413,-0.07936348021030426,EXP_LinearModel_Alpha158_csi300_custom_step0_s_20260825_13,1c94a535342f49bfb12c8b3c4abd037a,0.132,,,
237,2026-08-25,SZ300418,-0.07256720215082169,EXP_LinearModel_Alpha158_csi300_custom_step0_s_20260825_13,1c94a535342f49bfb12c8b3c4abd037a,0.132,,,
238,2026-08-25,SZ300433,-0.025020642206072807,EXP_LinearModel_Alpha158_csi300_custom_step0_s_20260825_13,1c94a535342f49bfb12c8b3c4abd037a,0.132,,,
239,2026-08-25,SZ300442,-0.09492043405771255,EXP_LinearModel_Alpha158_csi300_custom_step0_s_20260825_13,1c94a535342f49bfb12c8b3c4abd037a,0.132,,,
240,2026-08-25,SZ300450,-0.09349966049194336,EXP_LinearModel_Alpha158_csi300_custom_step0_s_20260825_13,1c94a535342f49bfb12c8b3c4abd037a,0.132,,,
241,2026-08-25,SZ300476,-0.08898216485977173,EXP_LinearModel_Alpha158_csi300_custom_step0_s_20260825_13,1c94a535342f49bfb12c8b3c4abd037a,0.132,,,
242,2026-08-25,SH600066,0.012442872859537601,EXP_LinearModel_Alpha158_csi300_custom_step0_s_20260825_13,f12d774be67f40c696b3b36fd385ee78,0.045,,,
243,2026-08-25,SZ300498,-0.03971678391098976,EXP_LinearModel_Alpha158_csi300_custom_step0_s_20260825_13,1c94a535342f49bfb12c8b3c4abd037a,0.132,,,
244,2026-08-25,SZ300628,-0.048839785158634186,EXP_LinearModel_Alpha158_csi300_custom_step0_s_20260825_13,1c94a535342f49bfb12c8b3c4abd037a,0.132,,,
245,2026-08-25,SZ300661,-0.06986162066459656,EXP_LinearModel_Alpha158_csi300_custom_step0_s_20260825_13,1c94a535342f49bfb12c8b3c4abd037a,0.132,,,
246,2026-08-25,SZ300750,-0.0533023476600647,EXP_LinearModel_Alpha158_csi300_custom_step0_s_20260825_13,1c94a535342f49bfb12c8b3c4abd037a,0.132,,,
247,2026-08-25,SZ300760,-0.05097917467355728,EXP_LinearModel_Alpha158_csi300_custom_step0_s_20260825_13,1c94a535342f49bfb12c8b3c4abd037a,0.132,,,
248,2026-08-25,SZ300803,-0.09799949824810028,EXP_LinearModel_Alpha158_csi300_custom_step0_s_20260825_13,1c94a535342f49bfb12c8b3c4abd037a,0.132,,,
249,2026-08-25,SZ300832,0.01986256055533886,EXP_LinearModel_Alpha158_csi300_custom_step0_s_20260825_13,1c94a535342f49bfb12c8b3c4abd037a,0.132,,,
250,2026-08-25,SZ300866,-0.035782504826784134,EXP_LinearModel_Alpha158_csi300_custom_step0_s_20260825_13,1c94a535342f49bfb12c8b3c4abd037a,0.132,,,
251,2026-08-25,SZ300896,-0.07224809378385544,EXP_LinearModel_Alpha158_csi300_custom_step0_s_20260825_13,1c94a535342f49bfb12c8b3c4abd037a,0.132,,,
252,2026-08-25,SZ300999,-0.026894502341747284,EXP_LinearModel_Alpha158_csi300_custom_step0_s_20260825_13,1c94a535342f49bfb12c8b3c4abd037a,0.132,,,
253,2026-08-25,SZ301165,-0.0014269136590883136,EXP_LinearModel_Alpha158_csi300_custom_step0_s_20260825_13,1c94a535342f49bfb12c8b3c4abd037a,0.132,,,
254,2026-08-25,SZ300502,-0.010097552090883255,EXP_LinearModel_Alpha158_csi300_custom_step0_s_20260825_13,1c94a535342f49bfb12c8b3c4abd037a,0.132,,,
255,2026-08-25,SH600085,0.020793959498405457,EXP_LinearModel_Alpha158_csi300_custom_step0_s_20260825_13,f12d774be67f40c696b3b36fd385ee78,0.045,,,
256,2026-08-25,SH600089,0.11856269091367722,EXP_LinearModel_Alpha158_csi300_custom_step0_s_20260825_13,f12d774be67f40c696b3b36fd385ee78,0.045,,,
257,2026-08-25,SH600104,-0.013256186619400978,EXP_LinearModel_Alpha158_csi300_custom_step0_s_20260825_13,f12d774be67f40c696b3b36fd385ee78,0.045,,,
258,2026-08-25,SH600519,-0.04378100857138634,EXP_LinearModel_Alpha158_csi300_custom_step0_s_20260825_13,f12d774be67f40c696b3b36fd385ee78,0.045,,,
259,2026-08-25,SH600522,-0.06523177027702332,EXP_LinearModel_Alpha158_csi300_custom_step0_s_20260825_13,f12d774be67f40c696b3b36fd385ee78,0.045,,,
260,2026-08-25,SH600547,-0.10344173014163971,EXP_LinearModel_Alpha158_csi300_custom_step0_s_20260825_13,f12d774be67f40c696b3b36fd385ee78,0.045,,,
261,2026-08-25,SH600549,0.0800265446305275,EXP_LinearModel_Alpha158_csi300_custom_step0_s_20260825_13,f12d774be67f40c696b3b36fd385ee78,0.045,,,
262,2026-08-25,SH600570,-0.028000961989164352,EXP_LinearModel_Alpha158_csi300_custom_step0_s_20260825_13,f12d774be67f40c696b3b36fd385ee78,0.045,,,
263,2026-08-25,SH600584,0.035662680864334106,EXP_LinearModel_Alpha158_csi300_custom_step0_s_20260825_13,f12d774be67f40c696b3b36fd385ee78,0.045,,,
264,2026-08-25,SH600585,-0.005827005952596664,EXP_LinearModel_Alpha158_csi300_custom_step0_s_20260825_13,f12d774be67f40c696b3b36fd385ee78,0.045,,,
265,2026-08-25,SH600588,0.159889355301857,EXP_LinearModel_Alpha158_csi300_custom_step0_s_20260825_13,f12d774be67f40c696b3b36fd385ee78,0.045,,,
266,2026-08-25,SH600600,-0.03765115514397621,EXP_LinearModel_Alpha158_csi300_custom_step0_s_20260825_13,f12d774be67f40c696b3b36fd385ee78,0.045,,,
267,2026-08-25,SH600660,-0.08894933015108109,EXP_LinearModel_Alpha158_csi300_custom_step0_s_20260825_13,f12d774be67f40c696b3b36fd385ee78,0.045,,,
268,2026-08-25,SH600515,0.07255909591913223,EXP_LinearModel_Alpha158_csi300_custom_step0_s_20260825_13,f12d774be67f40c696b3b36fd385ee78,0.045,,,
269,2026-08-25,SH600674,0.0008887862786650658,EXP_LinearModel_Alpha158_csi300_custom_step0_s_20260825_13,f12d774be67f40c696b3b36fd385ee78,0.045,,,
270,2026-08-25,SH600741,-0.004441477358341217,EXP_LinearModel_Alpha158_csi300_custom_step0_s_20260825_13,f12d774be67f40c696b3b36fd385ee78,0.045,,,
271,2026-08-25,SH600760,-0.04306158423423767,EXP_LinearModel_Alpha158_csi300_custom_step0_s_20260825_13,f12d774be67f40c696b3b36fd385ee78,0.045,,,
272,2026-08-25,SH600795,0.0091487355530262,EXP_LinearModel_Alpha158_csi300_custom_step0_s_20260825_13,f12d774be67f40c696b3b36fd385ee78,0.045,,,
273,2026-08-25,SH600803,-0.005306878127157688,EXP_LinearModel_Alpha158_csi300_custom_step0_s_20260825_13,f12d774be67f40c696b3b36fd385ee78,0.045,,,
274,2026-08-25,SH600809,-0.1118866503238678,EXP_LinearModel_Alpha158_csi300_custom_step0_s_20260825_13,f12d774be67f40c696b3b36fd385ee78,0.045,,,
275,2026-08-25,SH600845,-0.0526377409696579,EXP_LinearModel_Alpha158_csi300_custom_step0_s_20260825_13,f12d774be67f40c696b3b36fd385ee78,0.045,,,
276,2026-08-25,SH600875,0.10309507697820663,EXP_LinearModel_Alpha158_csi300_custom_step0_s_20260825_13,f12d774be67f40c696b3b36fd385ee78,0.045,,,
277,2026-08-25,SH600886,0.04230733960866928,EXP_LinearModel_Alpha158_csi300_custom_step0_s_20260825_13,f12d774be67f40c696b3b36fd385ee78,0.045,,,
278,2026-08-25,SH600887,-0.010282597504556179,EXP_LinearModel_Alpha158_csi300_custom_step0_s_20260825_13,f12d774be67f40c696b3b36fd385ee78,0.045,,,
279,2026-08-25,SH600893,0.0553596131503582,EXP_LinearModel_Alpha158_csi300_custom_step0_s_20260825_13,f12d774be67f40c696b3b36fd385ee78,0.045,,,
280,2026-08-25,SH600690,-0.050075240433216095,EXP_LinearModel_Alpha158_csi300_custom_step0_s_20260825_13,f12d774be67f40c696b3b36fd385ee78,0.045,,,
281,2026-08-25,SZ300274,-0.10248896479606628,EXP_LinearModel_Alpha158_csi300_custom_step0_s_20260825_13,1c94a535342f49bfb12c8b3c4abd037a,0.132,,,
282,2026-08-25,SH600489,-0.0065251728519797325,EXP_LinearModel_Alpha158_csi300_custom_step0_s_20260825_13,f12d774be67f40c696b3b36fd385ee78,0.045,,,
283,2026-08-25,SH600460,-0.12560386955738068,EXP_LinearModel_Alpha158_csi300_custom_step0_s_20260825_13,f12d774be67f40c696b3b36fd385ee78,0.045,,,
284,2026-08-25,SH600111,0.0438191294670105,EXP_LinearModel_Alpha158_csi300_custom_step0_s_20260825_13,f12d774be67f40c696b3b36fd385ee78,0.045,,,
285,2026-08-25,SH600115,0.04229438304901123,EXP_LinearModel_Alpha158_csi300_custom_step0_s_20260825_13,f12d774be67f40c696b3b36fd385ee78,0.045,,,
286,2026-08-25,SH600118,0.14731444418430328,EXP_LinearModel_Alpha158_csi300_custom_step0_s_20260825_13,f12d774be67f40c696b3b36fd385ee78,0.045,,,
287,2026-08-25,SH600150,0.03485468029975891,EXP_LinearModel_Alpha158_csi300_custom_step0_s_20260825_13,f12d774be67f40c696b3b36fd385ee78,0.045,,,
288,2026-08-25,SH600160,0.012152631767094135,EXP_LinearModel_Alpha158_csi300_custom_step0_s_20260825_13,f12d774be67f40c696b3b36fd385ee78,0.045,,,
289,2026-08-25,SH600176,0.04302864521741867,EXP_LinearModel_Alpha158_csi300_custom_step0_s_20260825_13,f12d774be67f40c696b3b36fd385ee78,0.045,,,
290,2026-08-25,SH600183,-0.07730541378259659,EXP_LinearModel_Alpha158_csi300_custom_step0_s_20260825_13,f12d774be67f40c696b3b36fd385ee78,0.045,,,
291,2026-08-25,SH600188,0.125789076089859,EXP_LinearModel_Alpha158_csi300_custom_step0_s_20260825_13,f12d774be67f40c696b3b36fd385ee78,0.045,,,
292,2026-08-25,SH600196,0.04656348377466202,EXP_LinearModel_Alpha158_csi300_custom_step0_s_20260825_13,f12d774be67f40c696b3b36fd385ee78,0.045,,,
293,2026-08-25,SH600219,0.09954594820737839,EXP_LinearModel_Alpha158_csi300_custom_step0_s_20260825_13,f12d774be67f40c696b3b36fd385ee78,0.045,,,
294,2026-08-25,SH600482,0.12114191055297852,EXP_LinearModel_Alpha158_csi300_custom_step0_s_20260825_13,f12d774be67f40c696b3b36fd385ee78,0.045,,,
295,2026-08-25,SH600221,0.006688266061246395,EXP_LinearModel_Alpha158_csi300_custom_step0_s_20260825_13,f12d774be67f40c696b3b36fd385ee78,0.045,,,
296,2026-08-25,SH600276,0.024742577224969864,EXP_LinearModel_Alpha158_csi300_custom_step0_s_20260825_13,f12d774be67f40c696b3b36fd385ee78,0.045,,,
297,2026-08-25,SH600309,-0.013304304331541061,EXP_LinearModel_Alpha158_csi300_custom_step0_s_20260825_13,f12d774be67f40c696b3b36fd385ee78,0.045,,,
298,2026-08-25,SH600346,0.03956249728798866,EXP_LinearModel_Alpha158_csi300_custom_step0_s_20260825_13,f12d774be67f40c696b3b36fd385ee78,0.045,,,
299,2026-08-25,SH600362,0.07348372787237167,EXP_LinearModel_Alpha158_csi300_custom_step0_s_20260825_13,f12d774be67f40c696b3b36fd385ee78,0.045,,,
300,2026-08-25,SH600372,-0.05076108127832413,EXP_LinearModel_Alpha158_csi300_custom_step0_s_20260825_13,f12d774be67f40c696b3b36fd385ee78,0.045,,,
301,2026-08-25,SH600406,-0.038502804934978485,EXP_LinearModel_Alpha158_csi300_custom_step0_s_20260825_13,f12d774be67f40c696b3b36fd385ee78,0.045,,,
302,2026-08-25,SH600415,1.4461111277341843e-05,EXP_LinearModel_Alpha158_csi300_custom_step0_s_20260825_13,f12d774be67f40c696b3b36fd385ee78,0.045,,,
303,2026-08-25,SH600426,0.029458792880177498,EXP_LinearModel_Alpha158_csi300_custom_step0_s_20260825_13,f12d774be67f40c696b3b36fd385ee78,0.045,,,
304,2026-08-25,SH600436,0.07628155499696732,EXP_LinearModel_Alpha158_csi300_custom_step0_s_20260825_13,f12d774be67f40c696b3b36fd385ee78,0.045,,,
305,2026-08-25,SH600438,0.07735840976238251,EXP_LinearModel_Alpha158_csi300_custom_step0_s_20260825_13,f12d774be67f40c696b3b36fd385ee78,0.045,,,
306,2026-08-25,SH600233,0.1484246850013733,EXP_LinearModel_Alpha158_csi300_custom_step0_s_20260825_13,f12d774be67f40c696b3b36fd385ee78,0.045,,,
307,2026-08-25,SH688008,-0.010582029819488525,EXP_LinearModel_Alpha158_csi300_custom_step0_s_20260825_13,1c94a535342f49bfb12c8b3c4abd037a,0.132,,,
308,2026-08-25,SZ300251,-0.05778102949261665,EXP_LinearModel_Alpha158_csi300_custom_step0_s_20260825_13,1c94a535342f49bfb12c8b3c4abd037a,0.132,,,
309,2026-08-25,SZ300122,-0.11951754987239838,EXP_LinearModel_Alpha158_csi300_custom_step0_s_20260825_13,1c94a535342f49bfb12c8b3c4abd037a,0.132,,,
310,2026-08-25,SZ000338,-0.04345159977674484,EXP_LinearModel_Alpha158_csi300_custom_step0_s_20260825_13,1c94a535342f49bfb12c8b3c4abd037a,0.132,,,
311,2026-08-25,SZ000408,0.02941044233739376,EXP_LinearModel_Alpha158_csi300_custom_step0_s_20260825_13,1c94a535342f49bfb12c8b3c4abd037a,0.132,,,
312,2026-08-25,SZ000425,0.005140818655490875,EXP_LinearModel_Alpha158_csi300_custom_step0_s_20260825_13,1c94a535342f49bfb12c8b3c4abd037a,0.132,,,
313,2026-08-25,SZ000538,-0.014507269486784935,EXP_LinearModel_Alpha158_csi300_custom_step0_s_20260825_13,1c94a535342f49bfb12c8b3c4abd037a,0.132,,,
314,2026-08-25,SZ000568,-0.07561212033033371,EXP_LinearModel_Alpha158_csi300_custom_step0_s_20260825_13,1c94a535342f49bfb12c8b3c4abd037a,0.132,,,
315,2026-08-25,SZ000596,-0.09566119313240051,EXP_LinearModel_Alpha158_csi300_custom_step0_s_20260825_13,1c94a535342f49bfb12c8b3c4abd037a,0.132,,,
316,2026-08-25,SZ000617,-0.04283983260393143,EXP_LinearModel_Alpha158_csi300_custom_step0_s_20260825_13,1c94a535342f49bfb12c8b3c4abd037a,0.132,,,
317,2026-08-25,SZ000625,-0.06901782751083374,EXP_LinearModel_Alpha158_csi300_custom_step0_s_20260825_13,1c94a535342f49bfb12c8b3c4abd037a,0.132,,,
318,2026-08-25,SZ000630,-0.026784701272845268,EXP_LinearModel_Alpha158_csi300_custom_step0_s_20260825_13,1c94a535342f49bfb12c8b3c4abd037a,0.132,,,
319,2026-08-25,SZ000651,0.010400158353149891,EXP_LinearModel_Alpha158_csi300_custom_step0_s_20260825_13,1c94a535342f49bfb12c8b3c4abd037a,0.132,,,
320,2026-08-25,SZ000657,-0.03421046584844589,EXP_LinearModel_Alpha158_csi300_custom_step0_s_20260825_13,1c94a535342f49bfb12c8b3c4abd037a,0.132,,,
321,2026-08-25,SZ000708,0.016562940552830696,EXP_LinearModel_Alpha158_csi300_custom_step0_s_20260825_13,1c94a535342f49bfb12c8b3c4abd037a,0.132,,,
322,2026-08-25,SZ000725,0.013460703194141388,EXP_LinearModel_Alpha158_csi300_custom_step0_s_20260825_13,1c94a535342f49bfb12c8b3c4abd037a,0.132,,,
323,2026-08-25,SZ000768,-0.024648794904351234,EXP_LinearModel_Alpha158_csi300_custom_step0_s_20260825_13,1c94a535342f49bfb12c8b3c4abd037a,0.132,,,
324,2026-08-25,SZ000776,-0.007376478984951973,EXP_LinearModel_Alpha158_csi300_custom_step0_s_20260825_13,1c94a535342f49bfb12c8b3c4abd037a,0.132,,,
325,2026-08-25,SZ000792,-0.02508133463561535,EXP_LinearModel_Alpha158_csi300_custom_step0_s_20260825_13,1c94a535342f49bfb12c8b3c4abd037a,0.132,,,
326,2026-08-25,SZ000807,-0.06622733175754547,EXP_LinearModel_Alpha158_csi300_custom_step0_s_20260825_13,1c94a535342f49bfb12c8b3c4abd037a,0.132,,,
327,2026-08-25,SZ000858,-0.06353936344385147,EXP_LinearModel_Alpha158_csi300_custom_step0_s_20260825_13,1c94a535342f49bfb12c8b3c4abd037a,0.132,,,
328,2026-08-25,SZ000895,-0.057520389556884766,EXP_LinearModel_Alpha158_csi300_custom_step0_s_20260825_13,1c94a535342f49bfb12c8b3c4abd037a,0.132,,,
329,2026-08-25,SZ000938,0.03305874019861221,EXP_LinearModel_Alpha158_csi300_custom_step0_s_20260825_13,1c94a535342f49bfb12c8b3c4abd037a,0.132,,,
330,2026-08-25,SZ000963,-0.06480847299098969,EXP_LinearModel_Alpha158_csi300_custom_step0_s_20260825_13,1c94a535342f49bfb12c8b3c4abd037a,0.132,,,
331,2026-08-25,SZ000333,-0.04808373749256134,EXP_LinearModel_Alpha158_csi300_custom_step0_s_20260825_13,1c94a535342f49bfb12c8b3c4abd037a,0.132,,,
332,2026-08-25,SZ000301,0.01826641708612442,EXP_LinearModel_Alpha158_csi300_custom_step0_s_20260825_13,1c94a535342f49bfb12c8b3c4abd037a,0.132,,,
333,2026-08-25,SZ000166,0.01573367603123188,EXP_LinearModel_Alpha158_csi300_custom_step0_s_20260825_13,1c94a535342f49bfb12c8b3c4abd037a,0.132,,,
334,2026-08-25,SZ000157,0.03279443085193634,EXP_LinearModel_Alpha158_csi300_custom_step0_s_20260825_13,1c94a535342f49bfb12c8b3c4abd037a,0.132,,,
335,2026-08-25,SH688012,0.05257534235715866,EXP_LinearModel_Alpha158_csi300_custom_step0_s_20260825_13,1c94a535342f49bfb12c8b3c4abd037a,0.132,,,
336,2026-08-25,SH688036,-0.0005218513542786241,EXP_LinearModel_Alpha158_csi300_custom_step0_s_20260825_13,1c94a535342f49bfb12c8b3c4abd037a,0.132,,,
337,2026-08-25,SH688041,0.023701071739196777,EXP_LinearModel_Alpha158_csi300_custom_step0_s_20260825_13,1c94a535342f49bfb12c8b3c4abd037a,0.132,,,
338,2026-08-25,SH688047,0.021983925253152847,EXP_LinearModel_Alpha158_csi300_custom_step0_s_20260825_13,1c94a535342f49bfb12c8b3c4abd037a,0.132,,,
339,2026-08-25,SH688072,0.05569364130496979,EXP_LinearModel_Alpha158_csi300_custom_step0_s_20260825_13,1c94a535342f49bfb12c8b3c4abd037a,0.132,,,
340,2026-08-25,SH688082,0.06147442385554314,EXP_LinearModel_Alpha158_csi300_custom_step0_s_20260825_13,1c94a535342f49bfb12c8b3c4abd037a,0.132,,,
341,2026-08-25,SH688111,-0.04829401150345802,EXP_LinearModel_Alpha158_csi300_custom_step0_s_20260825_13,1c94a535342f49bfb12c8b3c4abd037a,0.132,,,
342,2026-08-25,SH688126,0.009807068854570389,EXP_LinearModel_Alpha158_csi300_custom_step0_s_20260825_13,1c94a535342f49bfb12c8b3c4abd037a,0.132,,,
343,2026-08-25,SH688183,-0.0682208389043808,EXP_LinearModel_Alpha158_csi300_custom_step0_s_20260825_13,1c94a535342f49bfb12c8b3c4abd037a,0.132,,,
344,2026-08-25,SH688223,-0.04008384793996811,EXP_LinearModel_Alpha158_csi300_custom_step0_s_20260825_13,1c94a535342f49bfb12c8b3c4abd037a,0.132,,,
345,2026-08-25,SZ000975,-0.06660576909780502,EXP_LinearModel_Alpha158_csi300_custom_step0_s_20260825_13,1c94a535342f49bfb12c8b3c4abd037a,0.132,,,
346,2026-08-25,SH688256,0.08814238011837006,EXP_LinearModel_Alpha158_csi300_custom_step0_s_20260825_13,1c94a535342f49bfb12c8b3c4abd037a,0.132,,,
347,2026-08-25,SH688303,-0.048223916441202164,EXP_LinearModel_Alpha158_csi300_custom_step0_s_20260825_13,1c94a535342f49bfb12c8b3c4abd037a,0.132,,,
348,2026-08-25,SH688396,-0.019322935491800308,EXP_LinearModel_Alpha158_csi300_custom_step0_s_20260825_13,1c94a535342f49bfb12c8b3c4abd037a,0.132,,,
349,2026-08-25,SH688472,-0.04620377719402313,EXP_LinearModel_Alpha158_csi300_custom_step0_s_20260825_13,1c94a535342f49bfb12c8b3c4abd037a,0.132,,,
350,2026-08-25,SH688506,-0.018047049641609192,EXP_LinearModel_Alpha158_csi300_custom_step0_s_20260825_13,1c94a535342f49bfb12c8b3c4abd037a,0.132,,,
351,2026-08-25,SH688521,0.08622906357049942,EXP_LinearModel_Alpha158_csi300_custom_step0_s_20260825_13,1c94a535342f49bfb12c8b3c4abd037a,0.132,,,
352,2026-08-25,SH688981,0.00956240389496088,EXP_LinearModel_Alpha158_csi300_custom_step0_s_20260825_13,1c94a535342f49bfb12c8b3c4abd037a,0.132,,,
353,2026-08-25,SZ000001,0.06832341849803925,EXP_LinearModel_Alpha158_csi300_custom_step0_s_20260825_13,1c94a535342f49bfb12c8b3c4abd037a,0.132,,,
354,2026-08-25,SZ000002,-0.1089654266834259,EXP_LinearModel_Alpha158_csi300_custom_step0_s_20260825_13,1c94a535342f49bfb12c8b3c4abd037a,0.132,,,
355,2026-08-25,SZ000063,-0.049832675606012344,EXP_LinearModel_Alpha158_csi300_custom_step0_s_20260825_13,1c94a535342f49bfb12c8b3c4abd037a,0.132,,,
356,2026-08-25,SZ000100,0.07884778082370758,EXP_LinearModel_Alpha158_csi300_custom_step0_s_20260825_13,1c94a535342f49bfb12c8b3c4abd037a,0.132,,,
357,2026-08-25,SH688271,-0.027723632752895355,EXP_LinearModel_Alpha158_csi300_custom_step0_s_20260825_13,1c94a535342f49bfb12c8b3c4abd037a,0.132,,,
358,2026-08-25,SZ000977,-0.011666921898722649,EXP_LinearModel_Alpha158_csi300_custom_step0_s_20260825_13,1c94a535342f49bfb12c8b3c4abd037a,0.132,,,
359,2026-08-25,SZ000988,-0.002370581030845642,EXP_LinearModel_Alpha158_csi300_custom_step0_s_20260825_13,1c94a535342f49bfb12c8b3c4abd037a,0.132,,,
360,2026-08-25,SZ000999,-0.02183529920876026,EXP_LinearModel_Alpha158_csi300_custom_step0_s_20260825_13,1c94a535342f49bfb12c8b3c4abd037a,0.132,,,
361,2026-08-25,SZ002466,-0.07519141584634781,EXP_LinearModel_Alpha158_csi300_custom_step0_s_20260825_13,1c94a535342f49bfb12c8b3c4abd037a,0.132,,,
362,2026-08-25,SZ002475,0.0035356716252863407,EXP_LinearModel_Alpha158_csi300_custom_step0_s_20260825_13,1c94a535342f49bfb12c8b3c4abd037a,0.132,,,
363,2026-08-25,SZ002493,-0.018340514972805977,EXP_LinearModel_Alpha158_csi300_custom_step0_s_20260825_13,1c94a535342f49bfb12c8b3c4abd037a,0.132,,,
364,2026-08-25,SZ002532,-0.08571162819862366,EXP_LinearModel_Alpha158_csi300_custom_step0_s_20260825_13,1c94a535342f49bfb12c8b3c4abd037a,0.132,,,
365,2026-08-25,SZ002558,-0.033197272568941116,EXP_LinearModel_Alpha158_csi300_custom_step0_s_20260825_13,1c94a535342f49bfb12c8b3c4abd037a,0.132,,,
366,2026-08-25,SZ002594,-0.07279756665229797,EXP_LinearModel_Alpha158_csi300_custom_step0_s_20260825_13,1c94a535342f49bfb12c8b3c4abd037a,0.132,,,
367,2026-08-25,SZ002600,0.011068732477724552,EXP_LinearModel_Alpha158_csi300_custom_step0_s_20260825_13,1c94a535342f49bfb12c8b3c4abd037a,0.132,,,
368,2026-08-25,SZ002602,-0.06484992057085037,EXP_LinearModel_Alpha158_csi300_custom_step0_s_20260825_13,1c94a535342f49bfb12c8b3c4abd037a,0.132,,,
369,2026-08-25,SZ002625,-0.09508772194385529,EXP_LinearModel_Alpha158_csi300_custom_step0_s_20260825_13,1c94a535342f49bfb12c8b3c4abd037a,0.132,,,
370,2026-08-25,SZ002648,0.08806862682104111,EXP_LinearModel_Alpha158_csi300_custom_step0_s_20260825_13,1c94a535342f49bfb12c8b3c4abd037a,0.132,,,
371,2026-08-25,SZ002463,-0.045181404799222946,EXP_LinearModel_Alpha158_csi300_custom_step0_s_20260825_13,1c94a535342f49bfb12c8b3c4abd037a,0.132,,,
372,2026-08-25,SZ002709,-0.015822503715753555,EXP_LinearModel_Alpha158_csi300_custom_step0_s_20260825_13,1c94a535342f49bfb12c8b3c4abd037a,0.132,,,
373,2026-08-25,SZ002736,-0.03622071072459221,EXP_LinearModel_Alpha158_csi300_custom_step0_s_20260825_13,1c94a535342f49bfb12c8b3c4abd037a,0.132,,,
374,2026-08-25,SZ002837,0.0902303084731102,EXP_LinearModel_Alpha158_csi300_custom_step0_s_20260825_13,1c94a535342f49bfb12c8b3c4abd037a,0.132,,,
375,2026-08-25,SZ002916,-0.007763250730931759,EXP_LinearModel_Alpha158_csi300_custom_step0_s_20260825_13,1c94a535342f49bfb12c8b3c4abd037a,0.132,,,
376,2026-08-25,SZ002920,-0.10572831332683563,EXP_LinearModel_Alpha158_csi300_custom_step0_s_20260825_13,1c94a535342f49bfb12c8b3c4abd037a,0.132,,,
377,2026-08-25,SZ002938,-0.03831899166107178,EXP_LinearModel_Alpha158_csi300_custom_step0_s_20260825_13,1c94a535342f49bfb12c8b3c4abd037a,0.132,,,
378,2026-08-25,SZ003816,-0.03515840321779251,EXP_LinearModel_Alpha158_csi300_custom_step0_s_20260825_13,1c94a535342f49bfb12c8b3c4abd037a,0.132,,,
379,2026-08-25,SZ300014,-0.021696511656045914,EXP_LinearModel_Alpha158_csi300_custom_step0_s_20260825_13,1c94a535342f49bfb12c8b3c4abd037a,0.132,,,
380,2026-08-25,SZ300015,-0.03802318498492241,EXP_LinearModel_Alpha158_csi300_custom_step0_s_20260825_13,1c94a535342f49bfb12c8b3c4abd037a,0.132,,,
381,2026-08-25,SZ300033,-0.0749640166759491,EXP_LinearModel_Alpha158_csi300_custom_step0_s_20260825_13,1c94a535342f49bfb12c8b3c4abd037a,0.132,,,
382,2026-08-25,SZ300059,-0.04688766971230507,EXP_LinearModel_Alpha158_csi300_custom_step0_s_20260825_13,1c94a535342f49bfb12c8b3c4abd037a,0.132,,,
383,2026-08-25,SZ002714,0.008501727133989334,EXP_LinearModel_Alpha158_csi300_custom_step0_s_20260825_13,1c94a535342f49bfb12c8b3c4abd037a,0.132,,,
384,2026-08-25,SZ300124,-0.008351590484380722,EXP_LinearModel_Alpha158_csi300_custom_step0_s_20260825_13,1c94a535342f49bfb12c8b3c4abd037a,0.132,,,
385,2026-08-25,SZ002460,-0.08566612005233765,EXP_LinearModel_Alpha158_csi300_custom_step0_s_20260825_13,1c94a535342f49bfb12c8b3c4abd037a,0.132,,,
386,2026-08-25,SZ002415,0.02611285075545311,EXP_LinearModel_Alpha158_csi300_custom_step0_s_20260825_13,1c94a535342f49bfb12c8b3c4abd037a,0.132,,,
387,2026-08-25,SZ001280,-0.029636621475219727,EXP_LinearModel_Alpha158_csi300_custom_step0_s_20260825_13,1c94a535342f49bfb12c8b3c4abd037a,0.132,,,
388,2026-08-25,SZ001391,-0.01799159124493599,EXP_LinearModel_Alpha158_csi300_custom_step0_s_20260825_13,1c94a535342f49bfb12c8b3c4abd037a,0.132,,,
389,2026-08-25,SZ001965,0.052870795130729675,EXP_LinearModel_Alpha158_csi300_custom_step0_s_20260825_13,1c94a535342f49bfb12c8b3c4abd037a,0.132,,,
390,2026-08-25,SZ001979,-0.08057142049074173,EXP_LinearModel_Alpha158_csi300_custom_step0_s_20260825_13,1c94a535342f49bfb12c8b3c4abd037a,0.132,,,
391,2026-08-25,SZ002001,-0.01324381772428751,EXP_LinearModel_Alpha158_csi300_custom_step0_s_20260825_13,1c94a535342f49bfb12c8b3c4abd037a,0.132,,,
392,2026-08-25,SZ002027,-0.023362068459391594,EXP_LinearModel_Alpha158_csi300_custom_step0_s_20260825_13,1c94a535342f49bfb12c8b3c4abd037a,0.132,,,
393,2026-08-25,SZ002028,-0.061110422015190125,EXP_LinearModel_Alpha158_csi300_custom_step0_s_20260825_13,1c94a535342f49bfb12c8b3c4abd037a,0.132,,,
394,2026-08-25,SZ002049,-0.05193793773651123,EXP_LinearModel_Alpha158_csi300_custom_step0_s_20260825_13,1c94a535342f49bfb12c8b3c4abd037a,0.132,,,
395,2026-08-25,SZ002050,0.05448385328054428,EXP_LinearModel_Alpha158_csi300_custom_step0_s_20260825_13,1c94a535342f49bfb12c8b3c4abd037a,0.132,,,
396,2026-08-25,SZ002074,-0.055501267313957214,EXP_LinearModel_Alpha158_csi300_custom_step0_s_20260825_13,1c94a535342f49bfb12c8b3c4abd037a,0.132,,,
397,2026-08-25,SZ002422,0.03172548487782478,EXP_LinearModel_Alpha158_csi300_custom_step0_s_20260825_13,1c94a535342f49bfb12c8b3c4abd037a,0.132,,,
398,2026-08-25,SZ002142,0.01391990203410387,EXP_LinearModel_Alpha158_csi300_custom_step0_s_20260825_13,1c94a535342f49bfb12c8b3c4abd037a,0.132,,,
399,2026-08-25,SZ002202,-0.04565609246492386,EXP_LinearModel_Alpha158_csi300_custom_step0_s_20260825_13,1c94a535342f49bfb12c8b3c4abd037a,0.132,,,
400,2026-08-25,SZ002230,-0.09136505424976349,EXP_LinearModel_Alpha158_csi300_custom_step0_s_20260825_13,1c94a535342f49bfb12c8b3c4abd037a,0.132,,,
401,2026-08-25,SZ002236,-0.05008280649781227,EXP_LinearModel_Alpha158_csi300_custom_step0_s_20260825_13,1c94a535342f49bfb12c8b3c4abd037a,0.132,,,
402,2026-08-25,SZ002241,-0.10229639708995819,EXP_LinearModel_Alpha158_csi300_custom_step0_s_20260825_13,1c94a535342f49bfb12c8b3c4abd037a,0.132,,,
403,2026-08-25,SZ002304,-0.08740691840648651,EXP_LinearModel_Alpha158_csi300_custom_step0_s_20260825_13,1c94a535342f49bfb12c8b3c4abd037a,0.132,,,
404,2026-08-25,SZ002311,0.04273822903633118,EXP_LinearModel_Alpha158_csi300_custom_step0_s_20260825_13,1c94a535342f49bfb12c8b3c4abd037a,0.132,,,
405,2026-08-25,SZ002352,-0.009468003176152706,EXP_LinearModel_Alpha158_csi300_custom_step0_s_20260825_13,1c94a535342f49bfb12c8b3c4abd037a,0.132,,,
406,2026-08-25,SZ002353,-0.03430113568902016,EXP_LinearModel_Alpha158_csi300_custom_step0_s_20260825_13,1c94a535342f49bfb12c8b3c4abd037a,0.132,,,
407,2026-08-25,SZ002371,0.023260949179530144,EXP_LinearModel_Alpha158_csi300_custom_step0_s_20260825_13,1c94a535342f49bfb12c8b3c4abd037a,0.132,,,
408,2026-08-25,SZ002384,0.07207521796226501,EXP_LinearModel_Alpha158_csi300_custom_step0_s_20260825_13,1c94a535342f49bfb12c8b3c4abd037a,0.132,,,
409,2026-08-25,SZ002179,-0.005301354918628931,EXP_LinearModel_Alpha158_csi300_custom_step0_s_20260825_13,1c94a535342f49bfb12c8b3c4abd037a,0.132,,,
410,2026-08-25,SZ002920,-0.11293821781873703,EXP_LinearModel_Alpha158_csi300_custom_step0_s_20260825_13,f92e05fd932f4c27b315f8ace04b2c65,0.095,,,
411,2026-08-25,SZ002916,0.05597427859902382,EXP_LinearModel_Alpha158_csi300_custom_step0_s_20260825_13,f92e05fd932f4c27b315f8ace04b2c65,0.095,,,
412,2026-08-25,SZ002837,0.1455739587545395,EXP_LinearModel_Alpha158_csi300_custom_step0_s_20260825_13,f92e05fd932f4c27b315f8ace04b2c65,0.095,,,
413,2026-08-25,SZ300442,-0.08270794792308091,EXP_DEnsembleModel_Alpha158_csi300_custom_step0_s_20260825_13,0ca07341ef9c4042a26d1ac41e22d177,0.035,,,
414,2026-08-25,SZ300450,-0.051390302455643265,EXP_DEnsembleModel_Alpha158_csi300_custom_step0_s_20260825_13,0ca07341ef9c4042a26d1ac41e22d177,0.035,,,
415,2026-08-25,SZ300476,0.19711637633368823,EXP_DEnsembleModel_Alpha158_csi300_custom_step0_s_20260825_13,0ca07341ef9c4042a26d1ac41e22d177,0.035,,,
416,2026-08-25,SZ300498,-0.007438808180200314,EXP_DEnsembleModel_Alpha158_csi300_custom_step0_s_20260825_13,0ca07341ef9c4042a26d1ac41e22d177,0.035,,,
417,2026-08-25,SZ300502,0.1938092959479579,EXP_DEnsembleModel_Alpha158_csi300_custom_step0_s_20260825_13,0ca07341ef9c4042a26d1ac41e22d177,0.035,,,
418,2026-08-25,SZ300628,-0.08053304814199491,EXP_DEnsembleModel_Alpha158_csi300_custom_step0_s_20260825_13,0ca07341ef9c4042a26d1ac41e22d177,0.035,,,
419,2026-08-25,SZ300661,0.07745833341644405,EXP_DEnsembleModel_Alpha158_csi300_custom_step0_s_20260825_13,0ca07341ef9c4042a26d1ac41e22d177,0.035,,,
420,2026-08-25,SZ300750,-0.06059369625653486,EXP_DEnsembleModel_Alpha158_csi300_custom_step0_s_20260825_13,0ca07341ef9c4042a26d1ac41e22d177,0.035,,,
421,2026-08-25,SZ300760,0.09169340656008332,EXP_DEnsembleModel_Alpha158_csi300_custom_step0_s_20260825_13,0ca07341ef9c4042a26d1ac41e22d177,0.035,,,
422,2026-08-25,SZ300803,-0.04344065797305122,EXP_DEnsembleModel_Alpha158_csi300_custom_step0_s_20260825_13,0ca07341ef9c4042a26d1ac41e22d177,0.035,,,
423,2026-08-25,SZ300832,-0.09346043723954174,EXP_DEnsembleModel_Alpha158_csi300_custom_step0_s_20260825_13,0ca07341ef9c4042a26d1ac41e22d177,0.035,,,
424,2026-08-25,SZ300866,-0.06849919725740784,EXP_DEnsembleModel_Alpha158_csi300_custom_step0_s_20260825_13,0ca07341ef9c4042a26d1ac41e22d177,0.035,,,
425,2026-08-25,SZ300896,-0.17170998932570555,EXP_DEnsembleModel_Alpha158_csi300_custom_step0_s_20260825_13,0ca07341ef9c4042a26d1ac41e22d177,0.035,,,
426,2026-08-25,SZ300999,0.030726984310373136,EXP_DEnsembleModel_Alpha158_csi300_custom_step0_s_20260825_13,0ca07341ef9c4042a26d1ac41e22d177,0.035,,,
427,2026-08-25,SZ301165,0.2801855105817645,EXP_DEnsembleModel_Alpha158_csi300_custom_step0_s_20260825_13,0ca07341ef9c4042a26d1ac41e22d177,0.035,,,
428,2026-08-25,SZ301236,-0.0951811001049064,EXP_DEnsembleModel_Alpha158_csi300_custom_step0_s_20260825_13,0ca07341ef9c4042a26d1ac41e22d177,0.035,,,
429,2026-08-25,SZ301269,-0.13461969510042318,EXP_DEnsembleModel_Alpha158_csi300_custom_step0_s_20260825_13,0ca07341ef9c4042a26d1ac41e22d177,0.035,,,
430,2026-08-25,SZ301308,0.11774245859802093,EXP_DEnsembleModel_Alpha158_csi300_custom_step0_s_20260825_13,0ca07341ef9c4042a26d1ac41e22d177,0.035,,,
431,2026-08-25,SZ302132,-0.0188370300118415,EXP_DEnsembleModel_Alpha158_csi300_custom_step0_s_20260825_13,0ca07341ef9c4042a26d1ac41e22d177,0.035,,,
432,2026-08-25,SH600000,-0.011039606295526028,EXP_LinearModel_Alpha158_csi300_custom_step0_s_20260825_13,f92e05fd932f4c27b315f8ace04b2c65,0.095,,,
433,2026-08-25,SH600009,-0.04879642277956009,EXP_LinearModel_Alpha158_csi300_custom_step0_s_20260825_13,f92e05fd932f4c27b315f8ace04b2c65,0.095,,,
434,2026-08-25,SZ300433,0.09512848308434489,EXP_DEnsembleModel_Alpha158_csi300_custom_step0_s_20260825_13,0ca07341ef9c4042a26d1ac41e22d177,0.035,,,
435,2026-08-25,SZ300418,-0.05250266903245048,EXP_DEnsembleModel_Alpha158_csi300_custom_step0_s_20260825_13,0ca07341ef9c4042a26d1ac41e22d177,0.035,,,
436,2026-08-25,SZ300413,-0.021981951889999133,EXP_DEnsembleModel_Alpha158_csi300_custom_step0_s_20260825_13,0ca07341ef9c4042a26d1ac41e22d177,0.035,,,
437,2026-08-25,SZ300408,0.23278408494606628,EXP_DEnsembleModel_Alpha158_csi300_custom_step0_s_20260825_13,0ca07341ef9c4042a26d1ac41e22d177,0.035,,,
438,2026-08-25,SZ002602,-0.12281589498351657,EXP_DEnsembleModel_Alpha158_csi300_custom_step0_s_20260825_13,0ca07341ef9c4042a26d1ac41e22d177,0.035,,,
439,2026-08-25,SZ002625,-0.1322013877137931,EXP_DEnsembleModel_Alpha158_csi300_custom_step0_s_20260825_13,0ca07341ef9c4042a26d1ac41e22d177,0.035,,,
440,2026-08-25,SZ002648,-0.016832032114758092,EXP_DEnsembleModel_Alpha158_csi300_custom_step0_s_20260825_13,0ca07341ef9c4042a26d1ac41e22d177,0.035,,,
441,2026-08-25,SZ002709,0.010702704014345183,EXP_DEnsembleModel_Alpha158_csi300_custom_step0_s_20260825_13,0ca07341ef9c4042a26d1ac41e22d177,0.035,,,
442,2026-08-25,SZ002714,0.08240860281505838,EXP_DEnsembleModel_Alpha158_csi300_custom_step0_s_20260825_13,0ca07341ef9c4042a26d1ac41e22d177,0.035,,,
443,2026-08-25,SZ002736,0.04053573655694637,EXP_DEnsembleModel_Alpha158_csi300_custom_step0_s_20260825_13,0ca07341ef9c4042a26d1ac41e22d177,0.035,,,
444,2026-08-25,SZ002837,0.19007072644592646,EXP_DEnsembleModel_Alpha158_csi300_custom_step0_s_20260825_13,0ca07341ef9c4042a26d1ac41e22d177,0.035,,,
445,2026-08-25,SZ002916,0.10164038805420338,EXP_DEnsembleModel_Alpha158_csi300_custom_step0_s_20260825_13,0ca07341ef9c4042a26d1ac41e22d177,0.035,,,
446,2026-08-25,SZ002920,-0.038556943724490894,EXP_DEnsembleModel_Alpha158_csi300_custom_step0_s_20260825_13,0ca07341ef9c4042a26d1ac41e22d177,0.035,,,
447,2026-08-25,SZ002938,-0.014080924805959554,EXP_DEnsembleModel_Alpha158_csi300_custom_step0_s_20260825_13,0ca07341ef9c4042a26d1ac41e22d177,0.035,,,
448,2026-08-25,SH600010,0.041719384491443634,EXP_LinearModel_Alpha158_csi300_custom_step0_s_20260825_13,f92e05fd932f4c27b315f8ace04b2c65,0.095,,,
449,2026-08-25,SZ003816,0.01131401887726759,EXP_DEnsembleModel_Alpha158_csi300_custom_step0_s_20260825_13,0ca07341ef9c4042a26d1ac41e22d177,0.035,,,
450,2026-08-25,SZ300015,-0.10366780156076329,EXP_DEnsembleModel_Alpha158_csi300_custom_step0_s_20260825_13,0ca07341ef9c4042a26d1ac41e22d177,0.035,,,
451,2026-08-25,SZ300033,-0.03937059392018763,EXP_DEnsembleModel_Alpha158_csi300_custom_step0_s_20260825_13,0ca07341ef9c4042a26d1ac41e22d177,0.035,,,
452,2026-08-25,SZ300059,-0.018910272984301046,EXP_DEnsembleModel_Alpha158_csi300_custom_step0_s_20260825_13,0ca07341ef9c4042a26d1ac41e22d177,0.035,,,
453,2026-08-25,SZ300122,-0.04938141523402233,EXP_DEnsembleModel_Alpha158_csi300_custom_step0_s_20260825_13,0ca07341ef9c4042a26d1ac41e22d177,0.035,,,
454,2026-08-25,SZ300124,-0.13230739603283226,EXP_DEnsembleModel_Alpha158_csi300_custom_step0_s_20260825_13,0ca07341ef9c4042a26d1ac41e22d177,0.035,,,
455,2026-08-25,SZ300251,-0.09297361126540002,EXP_DEnsembleModel_Alpha158_csi300_custom_step0_s_20260825_13,0ca07341ef9c4042a26d1ac41e22d177,0.035,,,
456,2026-08-25,SZ300274,-0.07474270411322095,EXP_DEnsembleModel_Alpha158_csi300_custom_step0_s_20260825_13,0ca07341ef9c4042a26d1ac41e22d177,0.035,,,
457,2026-08-25,SZ300308,0.13125704921382836,EXP_DEnsembleModel_Alpha158_csi300_custom_step0_s_20260825_13,0ca07341ef9c4042a26d1ac41e22d177,0.035,,,
458,2026-08-25,SZ300316,-0.04356473457401878,EXP_DEnsembleModel_Alpha158_csi300_custom_step0_s_20260825_13,0ca07341ef9c4042a26d1ac41e22d177,0.035,,,
459,2026-08-25,SZ300394,0.2950751921566023,EXP_DEnsembleModel_Alpha158_csi300_custom_step0_s_20260825_13,0ca07341ef9c4042a26d1ac41e22d177,0.035,,,
460,2026-08-25,SZ300014,-0.01644601057234181,EXP_DEnsembleModel_Alpha158_csi300_custom_step0_s_20260825_13,0ca07341ef9c4042a26d1ac41e22d177,0.035,,,
461,2026-08-25,SH600011,-0.07105312496423721,EXP_LinearModel_Alpha158_csi300_custom_step0_s_20260825_13,f92e05fd932f4c27b315f8ace04b2c65,0.095,,,
462,2026-08-25,SH600015,0.04475412890315056,EXP_LinearModel_Alpha158_csi300_custom_step0_s_20260825_13,f92e05fd932f4c27b315f8ace04b2c65,0.095,,,
463,2026-08-25,SH600016,0.04317859560251236,EXP_LinearModel_Alpha158_csi300_custom_step0_s_20260825_13,f92e05fd932f4c27b315f8ace04b2c65,0.095,,,
464,2026-08-25,SH600188,-0.0839165449142456,EXP_LinearModel_Alpha158_csi300_custom_step0_s_20260825_13,f92e05fd932f4c27b315f8ace04b2c65,0.095,,,
465,2026-08-25,SH600196,-0.03327883034944534,EXP_LinearModel_Alpha158_csi300_custom_step0_s_20260825_13,f92e05fd932f4c27b315f8ace04b2c65,0.095,,,
466,2026-08-25,SH600219,-0.05513645336031914,EXP_LinearModel_Alpha158_csi300_custom_step0_s_20260825_13,f92e05fd932f4c27b315f8ace04b2c65,0.095,,,
467,2026-08-25,SH600221,0.006956751458346844,EXP_LinearModel_Alpha158_csi300_custom_step0_s_20260825_13,f92e05fd932f4c27b315f8ace04b2c65,0.095,,,
468,2026-08-25,SH600233,-0.0015583987114951015,EXP_LinearModel_Alpha158_csi300_custom_step0_s_20260825_13,f92e05fd932f4c27b315f8ace04b2c65,0.095,,,
469,2026-08-25,SH600276,-0.009700748138129711,EXP_LinearModel_Alpha158_csi300_custom_step0_s_20260825_13,f92e05fd932f4c27b315f8ace04b2c65,0.095,,,
470,2026-08-25,SH600309,-0.03850885108113289,EXP_LinearModel_Alpha158_csi300_custom_step0_s_20260825_13,f92e05fd932f4c27b315f8ace04b2c65,0.095,,,
471,2026-08-25,SH600346,-0.04059707745909691,EXP_LinearModel_Alpha158_csi300_custom_step0_s_20260825_13,f92e05fd932f4c27b315f8ace04b2c65,0.095,,,
472,2026-08-25,SH600362,-0.0022601094096899033,EXP_LinearModel_Alpha158_csi300_custom_step0_s_20260825_13,f92e05fd932f4c27b315f8ace04b2c65,0.095,,,
473,2026-08-25,SH600372,-0.07274988293647766,EXP_LinearModel_Alpha158_csi300_custom_step0_s_20260825_13,f92e05fd932f4c27b315f8ace04b2c65,0.095,,,
474,2026-08-25,SH600183,0.0068346248008310795,EXP_LinearModel_Alpha158_csi300_custom_step0_s_20260825_13,f92e05fd932f4c27b315f8ace04b2c65,0.095,,,
475,2026-08-25,SH600406,-0.046165477484464645,EXP_LinearModel_Alpha158_csi300_custom_step0_s_20260825_13,f92e05fd932f4c27b315f8ace04b2c65,0.095,,,
476,2026-08-25,SH600426,-0.08074511587619781,EXP_LinearModel_Alpha158_csi300_custom_step0_s_20260825_13,f92e05fd932f4c27b315f8ace04b2c65,0.095,,,
477,2026-08-25,SH600436,-0.06366311013698578,EXP_LinearModel_Alpha158_csi300_custom_step0_s_20260825_13,f92e05fd932f4c27b315f8ace04b2c65,0.095,,,
478,2026-08-25,SH600438,-0.09205448627471924,EXP_LinearModel_Alpha158_csi300_custom_step0_s_20260825_13,f92e05fd932f4c27b315f8ace04b2c65,0.095,,,
479,2026-08-25,SH600460,-0.03610552102327347,EXP_LinearModel_Alpha158_csi300_custom_step0_s_20260825_13,f92e05fd932f4c27b315f8ace04b2c65,0.095,,,
480,2026-08-25,SH600482,0.004398883320391178,EXP_LinearModel_Alpha158_csi300_custom_step0_s_20260825_13,f92e05fd932f4c27b315f8ace04b2c65,0.095,,,
481,2026-08-25,SH600489,-0.07010103762149811,EXP_LinearModel_Alpha158_csi300_custom_step0_s_20260825_13,f92e05fd932f4c27b315f8ace04b2c65,0.095,,,
482,2026-08-25,SH600515,-0.07169373333454132,EXP_LinearModel_Alpha158_csi300_custom_step0_s_20260825_13,f92e05fd932f4c27b315f8ace04b2c65,0.095,,,
483,2026-08-25,SH600519,0.007143350783735514,EXP_LinearModel_Alpha158_csi300_custom_step0_s_20260825_13,f92e05fd932f4c27b315f8ace04b2c65,0.095,,,
484,2026-08-25,SH600522,0.05053595453500748,EXP_LinearModel_Alpha158_csi300_custom_step0_s_20260825_13,f92e05fd932f4c27b315f8ace04b2c65,0.095,,,
485,2026-08-25,SH600547,-0.15358498692512512,EXP_LinearModel_Alpha158_csi300_custom_step0_s_20260825_13,f92e05fd932f4c27b315f8ace04b2c65,0.095,,,
486,2026-08-25,SH600415,-0.05719069018959999,EXP_LinearModel_Alpha158_csi300_custom_step0_s_20260825_13,f92e05fd932f4c27b315f8ace04b2c65,0.095,,,
487,2026-08-25,SZ002600,-0.0996653694850332,EXP_DEnsembleModel_Alpha158_csi300_custom_step0_s_20260825_13,0ca07341ef9c4042a26d1ac41e22d177,0.035,,,
488,2026-08-25,SH600176,0.06327763199806213,EXP_LinearModel_Alpha158_csi300_custom_step0_s_20260825_13,f92e05fd932f4c27b315f8ace04b2c65,0.095,,,
489,2026-08-25,SH600150,-0.010569975711405277,EXP_LinearModel_Alpha158_csi300_custom_step0_s_20260825_13,f92e05fd932f4c27b315f8ace04b2c65,0.095,,,
490,2026-08-25,SH600018,0.016799550503492355,EXP_LinearModel_Alpha158_csi300_custom_step0_s_20260825_13,f92e05fd932f4c27b315f8ace04b2c65,0.095,,,
491,2026-08-25,SH600019,-0.0007160661043599248,EXP_LinearModel_Alpha158_csi300_custom_step0_s_20260825_13,f92e05fd932f4c27b315f8ace04b2c65,0.095,,,
492,2026-08-25,SH600023,-0.02977183274924755,EXP_LinearModel_Alpha158_csi300_custom_step0_s_20260825_13,f92e05fd932f4c27b315f8ace04b2c65,0.095,,,
493,2026-08-25,SH600025,-0.016664449125528336,EXP_LinearModel_Alpha158_csi300_custom_step0_s_20260825_13,f92e05fd932f4c27b315f8ace04b2c65,0.095,,,
494,2026-08-25,SH600026,-0.030633369460701942,EXP_LinearModel_Alpha158_csi300_custom_step0_s_20260825_13,f92e05fd932f4c27b315f8ace04b2c65,0.095,,,
495,2026-08-25,SH600027,-0.02973209321498871,EXP_LinearModel_Alpha158_csi300_custom_step0_s_20260825_13,f92e05fd932f4c27b315f8ace04b2c65,0.095,,,
496,2026-08-25,SH600028,0.016130873933434486,EXP_LinearModel_Alpha158_csi300_custom_step0_s_20260825_13,f92e05fd932f4c27b315f8ace04b2c65,0.095,,,
497,2026-08-25,SH600029,-0.03150901198387146,EXP_LinearModel_Alpha158_csi300_custom_step0_s_20260825_13,f92e05fd932f4c27b315f8ace04b2c65,0.095,,,
498,2026-08-25,SH600030,-0.048604659736156464,EXP_LinearModel_Alpha158_csi300_custom_step0_s_20260825_13,f92e05fd932f4c27b315f8ace04b2c65,0.095,,,
499,2026-08-25,SH600031,-0.04747600480914116,EXP_LinearModel_Alpha158_csi300_custom_step0_s_20260825_13,f92e05fd932f4c27b315f8ace04b2c65,0.095,,,
500,2026-08-25,SH600160,0.04495108872652054,EXP_LinearModel_Alpha158_csi300_custom_step0_s_20260825_13,f92e05fd932f4c27b315f8ace04b2c65,0.095,,,
501,2026-08-25,SH600036,0.0073461164720356464,EXP_LinearModel_Alpha158_csi300_custom_step0_s_20260825_13,f92e05fd932f4c27b315f8ace04b2c65,0.095,,,
502,2026-08-25,SH600048,-0.07161612063646317,EXP_LinearModel_Alpha158_csi300_custom_step0_s_20260825_13,f92e05fd932f4c27b315f8ace04b2c65,0.095,,,
503,2026-08-25,SH600050,0.0760306641459465,EXP_LinearModel_Alpha158_csi300_custom_step0_s_20260825_13,f92e05fd932f4c27b315f8ace04b2c65,0.095,,,
504,2026-08-25,SH600061,-0.026632163673639297,EXP_LinearModel_Alpha158_csi300_custom_step0_s_20260825_13,f92e05fd932f4c27b315f8ace04b2c65,0.095,,,
505,2026-08-25,SH600066,-0.05781574547290802,EXP_LinearModel_Alpha158_csi300_custom_step0_s_20260825_13,f92e05fd932f4c27b315f8ace04b2c65,0.095,,,
506,2026-08-25,SH600085,-0.045088522136211395,EXP_LinearModel_Alpha158_csi300_custom_step0_s_20260825_13,f92e05fd932f4c27b315f8ace04b2c65,0.095,,,
507,2026-08-25,SH600089,-0.028679387643933296,EXP_LinearModel_Alpha158_csi300_custom_step0_s_20260825_13,f92e05fd932f4c27b315f8ace04b2c65,0.095,,,
508,2026-08-25,SH600104,-0.07692665606737137,EXP_LinearModel_Alpha158_csi300_custom_step0_s_20260825_13,f92e05fd932f4c27b315f8ace04b2c65,0.095,,,
509,2026-08-25,SH600111,0.004922362044453621,EXP_LinearModel_Alpha158_csi300_custom_step0_s_20260825_13,f92e05fd932f4c27b315f8ace04b2c65,0.095,,,
510,2026-08-25,SH600115,-0.02219233103096485,EXP_LinearModel_Alpha158_csi300_custom_step0_s_20260825_13,f92e05fd932f4c27b315f8ace04b2c65,0.095,,,
511,2026-08-25,SH600118,0.0720074474811554,EXP_LinearModel_Alpha158_csi300_custom_step0_s_20260825_13,f92e05fd932f4c27b315f8ace04b2c65,0.095,,,
512,2026-08-25,SH600039,-0.022466223686933517,EXP_LinearModel_Alpha158_csi300_custom_step0_s_20260825_13,f92e05fd932f4c27b315f8ace04b2c65,0.095,,,
513,2026-08-25,SH600549,0.06231227144598961,EXP_LinearModel_Alpha158_csi300_custom_step0_s_20260825_13,f92e05fd932f4c27b315f8ace04b2c65,0.095,,,
514,2026-08-25,SZ002594,0.021818213155118726,EXP_DEnsembleModel_Alpha158_csi300_custom_step0_s_20260825_13,0ca07341ef9c4042a26d1ac41e22d177,0.035,,,
515,2026-08-25,SZ002532,0.00021910823967442528,EXP_DEnsembleModel_Alpha158_csi300_custom_step0_s_20260825_13,0ca07341ef9c4042a26d1ac41e22d177,0.035,,,
516,2026-08-25,SH688126,-0.04578073152606328,EXP_DEnsembleModel_Alpha158_csi300_custom_step0_s_20260825_13,0ca07341ef9c4042a26d1ac41e22d177,0.035,,,
517,2026-08-25,SH688183,0.1997679414010932,EXP_DEnsembleModel_Alpha158_csi300_custom_step0_s_20260825_13,0ca07341ef9c4042a26d1ac41e22d177,0.035,,,
518,2026-08-25,SH688223,0.007867296007432254,EXP_DEnsembleModel_Alpha158_csi300_custom_step0_s_20260825_13,0ca07341ef9c4042a26d1ac41e22d177,0.035,,,
519,2026-08-25,SH688256,0.3481114277745924,EXP_DEnsembleModel_Alpha158_csi300_custom_step0_s_20260825_13,0ca07341ef9c4042a26d1ac41e22d177,0.035,,,
520,2026-08-25,SH688271,0.02215004951477546,EXP_DEnsembleModel_Alpha158_csi300_custom_step0_s_20260825_13,0ca07341ef9c4042a26d1ac41e22d177,0.035,,,
521,2026-08-25,SH688303,-0.06479661127286479,EXP_DEnsembleModel_Alpha158_csi300_custom_step0_s_20260825_13,0ca07341ef9c4042a26d1ac41e22d177,0.035,,,
522,2026-08-25,SH688396,0.05744162373918849,EXP_DEnsembleModel_Alpha158_csi300_custom_step0_s_20260825_13,0ca07341ef9c4042a26d1ac41e22d177,0.035,,,
523,2026-08-25,SH688472,-0.025092835081592817,EXP_DEnsembleModel_Alpha158_csi300_custom_step0_s_20260825_13,0ca07341ef9c4042a26d1ac41e22d177,0.035,,,
524,2026-08-25,SH688506,0.028953892877803606,EXP_DEnsembleModel_Alpha158_csi300_custom_step0_s_20260825_13,0ca07341ef9c4042a26d1ac41e22d177,0.035,,,
525,2026-08-25,SH688521,0.21609758919101593,EXP_DEnsembleModel_Alpha158_csi300_custom_step0_s_20260825_13,0ca07341ef9c4042a26d1ac41e22d177,0.035,,,
526,2026-08-25,SH688981,-0.010863011969505313,EXP_DEnsembleModel_Alpha158_csi300_custom_step0_s_20260825_13,0ca07341ef9c4042a26d1ac41e22d177,0.035,,,
527,2026-08-25,SZ000001,0.1536046543121733,EXP_DEnsembleModel_Alpha158_csi300_custom_step0_s_20260825_13,0ca07341ef9c4042a26d1ac41e22d177,0.035,,,
528,2026-08-25,SZ000002,-0.06083717366912749,EXP_DEnsembleModel_Alpha158_csi300_custom_step0_s_20260825_13,0ca07341ef9c4042a26d1ac41e22d177,0.035,,,
529,2026-08-25,SZ000063,-0.0912147663081417,EXP_DEnsembleModel_Alpha158_csi300_custom_step0_s_20260825_13,0ca07341ef9c4042a26d1ac41e22d177,0.035,,,
530,2026-08-25,SZ000100,-0.06630939972364545,EXP_DEnsembleModel_Alpha158_csi300_custom_step0_s_20260825_13,0ca07341ef9c4042a26d1ac41e22d177,0.035,,,
531,2026-08-25,SZ000157,0.12074454429221174,EXP_DEnsembleModel_Alpha158_csi300_custom_step0_s_20260825_13,0ca07341ef9c4042a26d1ac41e22d177,0.035,,,
532,2026-08-25,SZ000166,0.08372839809744037,EXP_DEnsembleModel_Alpha158_csi300_custom_step0_s_20260825_13,0ca07341ef9c4042a26d1ac41e22d177,0.035,,,
533,2026-08-25,SZ000301,-0.07490029109538916,EXP_DEnsembleModel_Alpha158_csi300_custom_step0_s_20260825_13,0ca07341ef9c4042a26d1ac41e22d177,0.035,,,
534,2026-08-25,SZ000333,0.09265650664664966,EXP_DEnsembleModel_Alpha158_csi300_custom_step0_s_20260825_13,0ca07341ef9c4042a26d1ac41e22d177,0.035,,,
535,2026-08-25,SZ000338,0.025404462144273717,EXP_DEnsembleModel_Alpha158_csi300_custom_step0_s_20260825_13,0ca07341ef9c4042a26d1ac41e22d177,0.035,,,
536,2026-08-25,SZ000408,-0.009708405164877712,EXP_DEnsembleModel_Alpha158_csi300_custom_step0_s_20260825_13,0ca07341ef9c4042a26d1ac41e22d177,0.035,,,
537,2026-08-25,SH688111,-0.08432567383986123,EXP_DEnsembleModel_Alpha158_csi300_custom_step0_s_20260825_13,0ca07341ef9c4042a26d1ac41e22d177,0.035,,,
538,2026-08-25,SH688082,0.1415453202412672,EXP_DEnsembleModel_Alpha158_csi300_custom_step0_s_20260825_13,0ca07341ef9c4042a26d1ac41e22d177,0.035,,,
539,2026-08-25,SH688072,0.030574794278240468,EXP_DEnsembleModel_Alpha158_csi300_custom_step0_s_20260825_13,0ca07341ef9c4042a26d1ac41e22d177,0.035,,,
540,2026-08-25,SH688047,-0.009943958125355522,EXP_DEnsembleModel_Alpha158_csi300_custom_step0_s_20260825_13,0ca07341ef9c4042a26d1ac41e22d177,0.035,,,
541,2026-08-25,SH601988,0.08861285144105524,EXP_DEnsembleModel_Alpha158_csi300_custom_step0_s_20260825_13,0ca07341ef9c4042a26d1ac41e22d177,0.035,,,
542,2026-08-25,SH601995,-0.01681958194877488,EXP_DEnsembleModel_Alpha158_csi300_custom_step0_s_20260825_13,0ca07341ef9c4042a26d1ac41e22d177,0.035,,,
543,2026-08-25,SH601998,0.015550142968138567,EXP_DEnsembleModel_Alpha158_csi300_custom_step0_s_20260825_13,0ca07341ef9c4042a26d1ac41e22d177,0.035,,,
544,2026-08-25,SH603019,-0.07689642586778143,EXP_DEnsembleModel_Alpha158_csi300_custom_step0_s_20260825_13,0ca07341ef9c4042a26d1ac41e22d177,0.035,,,
545,2026-08-25,SH603259,0.11786358047455046,EXP_DEnsembleModel_Alpha158_csi300_custom_step0_s_20260825_13,0ca07341ef9c4042a26d1ac41e22d177,0.035,,,
546,2026-08-25,SH603260,-0.05676270552515792,EXP_DEnsembleModel_Alpha158_csi300_custom_step0_s_20260825_13,0ca07341ef9c4042a26d1ac41e22d177,0.035,,,
547,2026-08-25,SH603288,0.05931131611038476,EXP_DEnsembleModel_Alpha158_csi300_custom_step0_s_20260825_13,0ca07341ef9c4042a26d1ac41e22d177,0.035,,,
548,2026-08-25,SH603296,-0.0012687627403484283,EXP_DEnsembleModel_Alpha158_csi300_custom_step0_s_20260825_13,0ca07341ef9c4042a26d1ac41e22d177,0.035,,,
549,2026-08-25,SH603369,-0.12685574149485787,EXP_DEnsembleModel_Alpha158_csi300_custom_step0_s_20260825_13,0ca07341ef9c4042a26d1ac41e22d177,0.035,,,
550,2026-08-25,SH603392,-0.11795045132813008,EXP_DEnsembleModel_Alpha158_csi300_custom_step0_s_20260825_13,0ca07341ef9c4042a26d1ac41e22d177,0.035,,,
551,2026-08-25,SZ000425,0.04286733231086374,EXP_DEnsembleModel_Alpha158_csi300_custom_step0_s_20260825_13,0ca07341ef9c4042a26d1ac41e22d177,0.035,,,
552,2026-08-25,SH603501,0.08123170337686199,EXP_DEnsembleModel_Alpha158_csi300_custom_step0_s_20260825_13,0ca07341ef9c4042a26d1ac41e22d177,0.035,,,
553,2026-08-25,SH603893,0.02351208687867299,EXP_DEnsembleModel_Alpha158_csi300_custom_step0_s_20260825_13,0ca07341ef9c4042a26d1ac41e22d177,0.035,,,
554,2026-08-25,SH603986,0.3351313826244926,EXP_DEnsembleModel_Alpha158_csi300_custom_step0_s_20260825_13,0ca07341ef9c4042a26d1ac41e22d177,0.035,,,
555,2026-08-25,SH603993,-0.028386112490938347,EXP_DEnsembleModel_Alpha158_csi300_custom_step0_s_20260825_13,0ca07341ef9c4042a26d1ac41e22d177,0.035,,,
556,2026-08-25,SH605117,-0.024925185402673137,EXP_DEnsembleModel_Alpha158_csi300_custom_step0_s_20260825_13,0ca07341ef9c4042a26d1ac41e22d177,0.035,,,
557,2026-08-25,SH605499,-0.1724685536784516,EXP_DEnsembleModel_Alpha158_csi300_custom_step0_s_20260825_13,0ca07341ef9c4042a26d1ac41e22d177,0.035,,,
558,2026-08-25,SH688008,-0.05451110277324683,EXP_DEnsembleModel_Alpha158_csi300_custom_step0_s_20260825_13,0ca07341ef9c4042a26d1ac41e22d177,0.035,,,
559,2026-08-25,SH688009,0.05264059773356117,EXP_DEnsembleModel_Alpha158_csi300_custom_step0_s_20260825_13,0ca07341ef9c4042a26d1ac41e22d177,0.035,,,
560,2026-08-25,SH688012,0.00017149657077313726,EXP_DEnsembleModel_Alpha158_csi300_custom_step0_s_20260825_13,0ca07341ef9c4042a26d1ac41e22d177,0.035,,,
561,2026-08-25,SH688036,-0.0622642080503158,EXP_DEnsembleModel_Alpha158_csi300_custom_step0_s_20260825_13,0ca07341ef9c4042a26d1ac41e22d177,0.035,,,
562,2026-08-25,SH688041,0.07665749152151317,EXP_DEnsembleModel_Alpha158_csi300_custom_step0_s_20260825_13,0ca07341ef9c4042a26d1ac41e22d177,0.035,,,
563,2026-08-25,SH603799,-0.018062317575216463,EXP_DEnsembleModel_Alpha158_csi300_custom_step0_s_20260825_13,0ca07341ef9c4042a26d1ac41e22d177,0.035,,,
564,2026-08-25,SZ000538,0.060219383299516004,EXP_DEnsembleModel_Alpha158_csi300_custom_step0_s_20260825_13,0ca07341ef9c4042a26d1ac41e22d177,0.035,,,
565,2026-08-25,SZ000568,-0.053678360123027964,EXP_DEnsembleModel_Alpha158_csi300_custom_step0_s_20260825_13,0ca07341ef9c4042a26d1ac41e22d177,0.035,,,
566,2026-08-25,SZ000596,-0.12335383985030826,EXP_DEnsembleModel_Alpha158_csi300_custom_step0_s_20260825_13,0ca07341ef9c4042a26d1ac41e22d177,0.035,,,
567,2026-08-25,SZ002049,-0.06908121694319427,EXP_DEnsembleModel_Alpha158_csi300_custom_step0_s_20260825_13,0ca07341ef9c4042a26d1ac41e22d177,0.035,,,
568,2026-08-25,SZ002050,0.007780493995763109,EXP_DEnsembleModel_Alpha158_csi300_custom_step0_s_20260825_13,0ca07341ef9c4042a26d1ac41e22d177,0.035,,,
569,2026-08-25,SZ002074,-0.004473989954648369,EXP_DEnsembleModel_Alpha158_csi300_custom_step0_s_20260825_13,0ca07341ef9c4042a26d1ac41e22d177,0.035,,,
570,2026-08-25,SZ002142,-0.02004207800992063,EXP_DEnsembleModel_Alpha158_csi300_custom_step0_s_20260825_13,0ca07341ef9c4042a26d1ac41e22d177,0.035,,,
571,2026-08-25,SZ002179,-0.06306660292293534,EXP_DEnsembleModel_Alpha158_csi300_custom_step0_s_20260825_13,0ca07341ef9c4042a26d1ac41e22d177,0.035,,,
572,2026-08-25,SZ002202,0.0498812844027779,EXP_DEnsembleModel_Alpha158_csi300_custom_step0_s_20260825_13,0ca07341ef9c4042a26d1ac41e22d177,0.035,,,
573,2026-08-25,SZ002230,-0.07354583300363834,EXP_DEnsembleModel_Alpha158_csi300_custom_step0_s_20260825_13,0ca07341ef9c4042a26d1ac41e22d177,0.035,,,
574,2026-08-25,SZ002236,0.07203239270349492,EXP_DEnsembleModel_Alpha158_csi300_custom_step0_s_20260825_13,0ca07341ef9c4042a26d1ac41e22d177,0.035,,,
575,2026-08-25,SZ002241,-0.1700295824731486,EXP_DEnsembleModel_Alpha158_csi300_custom_step0_s_20260825_13,0ca07341ef9c4042a26d1ac41e22d177,0.035,,,
576,2026-08-25,SZ002304,-0.10375112753419076,EXP_DEnsembleModel_Alpha158_csi300_custom_step0_s_20260825_13,0ca07341ef9c4042a26d1ac41e22d177,0.035,,,
577,2026-08-25,SZ002028,-0.1174458633140511,EXP_DEnsembleModel_Alpha158_csi300_custom_step0_s_20260825_13,0ca07341ef9c4042a26d1ac41e22d177,0.035,,,
578,2026-08-25,SZ002311,0.0808801365564028,EXP_DEnsembleModel_Alpha158_csi300_custom_step0_s_20260825_13,0ca07341ef9c4042a26d1ac41e22d177,0.035,,,
579,2026-08-25,SZ002353,0.11006513945168561,EXP_DEnsembleModel_Alpha158_csi300_custom_step0_s_20260825_13,0ca07341ef9c4042a26d1ac41e22d177,0.035,,,
580,2026-08-25,SZ002371,-0.006758424411231214,EXP_DEnsembleModel_Alpha158_csi300_custom_step0_s_20260825_13,0ca07341ef9c4042a26d1ac41e22d177,0.035,,,
581,2026-08-25,SZ002384,0.26646884938411586,EXP_DEnsembleModel_Alpha158_csi300_custom_step0_s_20260825_13,0ca07341ef9c4042a26d1ac41e22d177,0.035,,,
582,2026-08-25,SZ002415,-0.03554117570425113,EXP_DEnsembleModel_Alpha158_csi300_custom_step0_s_20260825_13,0ca07341ef9c4042a26d1ac41e22d177,0.035,,,
583,2026-08-25,SZ002422,-0.03768927699184934,EXP_DEnsembleModel_Alpha158_csi300_custom_step0_s_20260825_13,0ca07341ef9c4042a26d1ac41e22d177,0.035,,,
584,2026-08-25,SZ002460,-0.13938259024828273,EXP_DEnsembleModel_Alpha158_csi300_custom_step0_s_20260825_13,0ca07341ef9c4042a26d1ac41e22d177,0.035,,,
585,2026-08-25,SZ002463,0.06500482357176747,EXP_DEnsembleModel_Alpha158_csi300_custom_step0_s_20260825_13,0ca07341ef9c4042a26d1ac41e22d177,0.035,,,
586,2026-08-25,SZ002466,-0.11158121877839383,EXP_DEnsembleModel_Alpha158_csi300_custom_step0_s_20260825_13,0ca07341ef9c4042a26d1ac41e22d177,0.035,,,
587,2026-08-25,SZ002475,-0.011173246522135302,EXP_DEnsembleModel_Alpha158_csi300_custom_step0_s_20260825_13,0ca07341ef9c4042a26d1ac41e22d177,0.035,,,
588,2026-08-25,SZ002493,-0.11090197768671155,EXP_DEnsembleModel_Alpha158_csi300_custom_step0_s_20260825_13,0ca07341ef9c4042a26d1ac41e22d177,0.035,,,
589,2026-08-25,SZ002352,0.09134376492247911,EXP_DEnsembleModel_Alpha158_csi300_custom_step0_s_20260825_13,0ca07341ef9c4042a26d1ac41e22d177,0.035,,,
590,2026-08-25,SZ002558,-0.07443276353680575,EXP_DEnsembleModel_Alpha158_csi300_custom_step0_s_20260825_13,0ca07341ef9c4042a26d1ac41e22d177,0.035,,,
591,2026-08-25,SZ002027,-0.04630810720654889,EXP_DEnsembleModel_Alpha158_csi300_custom_step0_s_20260825_13,0ca07341ef9c4042a26d1ac41e22d177,0.035,,,
592,2026-08-25,SZ001979,-0.09145223114878774,EXP_DEnsembleModel_Alpha158_csi300_custom_step0_s_20260825_13,0ca07341ef9c4042a26d1ac41e22d177,0.035,,,
593,2026-08-25,SZ000617,0.11864781667274085,EXP_DEnsembleModel_Alpha158_csi300_custom_step0_s_20260825_13,0ca07341ef9c4042a26d1ac41e22d177,0.035,,,
594,2026-08-25,SZ000625,-0.01699748134998779,EXP_DEnsembleModel_Alpha158_csi300_custom_step0_s_20260825_13,0ca07341ef9c4042a26d1ac41e22d177,0.035,,,
595,2026-08-25,SZ000630,-0.098829850990466,EXP_DEnsembleModel_Alpha158_csi300_custom_step0_s_20260825_13,0ca07341ef9c4042a26d1ac41e22d177,0.035,,,
596,2026-08-25,SZ000651,0.14233158079776023,EXP_DEnsembleModel_Alpha158_csi300_custom_step0_s_20260825_13,0ca07341ef9c4042a26d1ac41e22d177,0.035,,,
597,2026-08-25,SZ000657,0.16021536663712932,EXP_DEnsembleModel_Alpha158_csi300_custom_step0_s_20260825_13,0ca07341ef9c4042a26d1ac41e22d177,0.035,,,
598,2026-08-25,SZ000708,-0.005681446273168294,EXP_DEnsembleModel_Alpha158_csi300_custom_step0_s_20260825_13,0ca07341ef9c4042a26d1ac41e22d177,0.035,,,
599,2026-08-25,SZ000725,-0.0724348936101863,EXP_DEnsembleModel_Alpha158_csi300_custom_step0_s_20260825_13,0ca07341ef9c4042a26d1ac41e22d177,0.035,,,
600,2026-08-25,SZ000768,0.0017474510380264237,EXP_DEnsembleModel_Alpha158_csi300_custom_step0_s_20260825_13,0ca07341ef9c4042a26d1ac41e22d177,0.035,,,
601,2026-08-25,SZ000776,0.012453249146713589,EXP_DEnsembleModel_Alpha158_csi300_custom_step0_s_20260825_13,0ca07341ef9c4042a26d1ac41e22d177,0.035,,,
602,2026-08-25,SZ000792,-0.039631764995957344,EXP_DEnsembleModel_Alpha158_csi300_custom_step0_s_20260825_13,0ca07341ef9c4042a26d1ac41e22d177,0.035,,,
603,2026-08-25,SZ002001,-0.014961808105572003,EXP_DEnsembleModel_Alpha158_csi300_custom_step0_s_20260825_13,0ca07341ef9c4042a26d1ac41e22d177,0.035,,,
604,2026-08-25,SZ000807,0.026447604118331056,EXP_DEnsembleModel_Alpha158_csi300_custom_step0_s_20260825_13,0ca07341ef9c4042a26d1ac41e22d177,0.035,,,
605,2026-08-25,SZ000895,0.03545547769228146,EXP_DEnsembleModel_Alpha158_csi300_custom_step0_s_20260825_13,0ca07341ef9c4042a26d1ac41e22d177,0.035,,,
606,2026-08-25,SZ000938,-0.013639444585728033,EXP_DEnsembleModel_Alpha158_csi300_custom_step0_s_20260825_13,0ca07341ef9c4042a26d1ac41e22d177,0.035,,,
607,2026-08-25,SZ000963,-0.1314958096346808,EXP_DEnsembleModel_Alpha158_csi300_custom_step0_s_20260825_13,0ca07341ef9c4042a26d1ac41e22d177,0.035,,,
608,2026-08-25,SZ000975,0.00707974244349964,EXP_DEnsembleModel_Alpha158_csi300_custom_step0_s_20260825_13,0ca07341ef9c4042a26d1ac41e22d177,0.035,,,
609,2026-08-25,SZ000977,-0.03505783261445876,EXP_DEnsembleModel_Alpha158_csi300_custom_step0_s_20260825_13,0ca07341ef9c4042a26d1ac41e22d177,0.035,,,
610,2026-08-25,SZ000988,0.08996164137190654,EXP_DEnsembleModel_Alpha158_csi300_custom_step0_s_20260825_13,0ca07341ef9c4042a26d1ac41e22d177,0.035,,,
611,2026-08-25,SZ000999,-0.054643419141960546,EXP_DEnsembleModel_Alpha158_csi300_custom_step0_s_20260825_13,0ca07341ef9c4042a26d1ac41e22d177,0.035,,,
612,2026-08-25,SZ001280,-0.11985829493933636,EXP_DEnsembleModel_Alpha158_csi300_custom_step0_s_20260825_13,0ca07341ef9c4042a26d1ac41e22d177,0.035,,,
613,2026-08-25,SZ001391,0.024628705012199787,EXP_DEnsembleModel_Alpha158_csi300_custom_step0_s_20260825_13,0ca07341ef9c4042a26d1ac41e22d177,0.035,,,
614,2026-08-25,SZ001965,-0.03608931437286078,EXP_DEnsembleModel_Alpha158_csi300_custom_step0_s_20260825_13,0ca07341ef9c4042a26d1ac41e22d177,0.035,,,
615,2026-08-25,SZ000858,-0.08848972488758702,EXP_DEnsembleModel_Alpha158_csi300_custom_step0_s_20260825_13,0ca07341ef9c4042a26d1ac41e22d177,0.035,,,
616,2026-08-25,SH600570,-0.08777645230293274,EXP_LinearModel_Alpha158_csi300_custom_step0_s_20260825_13,f92e05fd932f4c27b315f8ace04b2c65,0.095,,,
617,2026-08-25,SH600584,0.08083771169185638,EXP_LinearModel_Alpha158_csi300_custom_step0_s_20260825_13,f92e05fd932f4c27b315f8ace04b2c65,0.095,,,
618,2026-08-25,SH600585,-0.03805258497595787,EXP_LinearModel_Alpha158_csi300_custom_step0_s_20260825_13,f92e05fd932f4c27b315f8ace04b2c65,0.095,,,
619,2026-08-25,SH688981,0.03280438482761383,EXP_LinearModel_Alpha158_csi300_custom_step0_s_20260825_13,f92e05fd932f4c27b315f8ace04b2c65,0.095,,,
620,2026-08-25,SZ000001,0.0738634541630745,EXP_LinearModel_Alpha158_csi300_custom_step0_s_20260825_13,f92e05fd932f4c27b315f8ace04b2c65,0.095,,,
621,2026-08-25,SZ000002,-0.13628564774990082,EXP_LinearModel_Alpha158_csi300_custom_step0_s_20260825_13,f92e05fd932f4c27b315f8ace04b2c65,0.095,,,
622,2026-08-25,SZ000063,-0.02500857412815094,EXP_LinearModel_Alpha158_csi300_custom_step0_s_20260825_13,f92e05fd932f4c27b315f8ace04b2c65,0.095,,,
623,2026-08-25,SZ000100,0.052989132702350616,EXP_LinearModel_Alpha158_csi300_custom_step0_s_20260825_13,f92e05fd932f4c27b315f8ace04b2c65,0.095,,,
624,2026-08-25,SZ000157,0.018967697396874428,EXP_LinearModel_Alpha158_csi300_custom_step0_s_20260825_13,f92e05fd932f4c27b315f8ace04b2c65,0.095,,,
625,2026-08-25,SZ000166,-0.0047555058263242245,EXP_LinearModel_Alpha158_csi300_custom_step0_s_20260825_13,f92e05fd932f4c27b315f8ace04b2c65,0.095,,,
626,2026-08-25,SZ000301,-0.0064745391719043255,EXP_LinearModel_Alpha158_csi300_custom_step0_s_20260825_13,f92e05fd932f4c27b315f8ace04b2c65,0.095,,,
627,2026-08-25,SZ000333,-0.04927820339798927,EXP_LinearModel_Alpha158_csi300_custom_step0_s_20260825_13,f92e05fd932f4c27b315f8ace04b2c65,0.095,,,
628,2026-08-25,SZ000338,-0.026642102748155594,EXP_LinearModel_Alpha158_csi300_custom_step0_s_20260825_13,f92e05fd932f4c27b315f8ace04b2c65,0.095,,,
629,2026-08-25,SZ000408,0.01001518964767456,EXP_LinearModel_Alpha158_csi300_custom_step0_s_20260825_13,f92e05fd932f4c27b315f8ace04b2c65,0.095,,,
630,2026-08-25,SZ000425,-0.03679976239800453,EXP_LinearModel_Alpha158_csi300_custom_step0_s_20260825_13,f92e05fd932f4c27b315f8ace04b2c65,0.095,,,
631,2026-08-25,SZ000538,-0.029927799478173256,EXP_LinearModel_Alpha158_csi300_custom_step0_s_20260825_13,f92e05fd932f4c27b315f8ace04b2c65,0.095,,,
632,2026-08-25,SZ000568,-0.07179827988147736,EXP_LinearModel_Alpha158_csi300_custom_step0_s_20260825_13,f92e05fd932f4c27b315f8ace04b2c65,0.095,,,
633,2026-08-25,SZ000596,-0.06256124377250671,EXP_LinearModel_Alpha158_csi300_custom_step0_s_20260825_13,f92e05fd932f4c27b315f8ace04b2c65,0.095,,,
634,2026-08-25,SZ000617,-0.06515579670667648,EXP_LinearModel_Alpha158_csi300_custom_step0_s_20260825_13,f92e05fd932f4c27b315f8ace04b2c65,0.095,,,
635,2026-08-25,SZ000625,-0.1000257134437561,EXP_LinearModel_Alpha158_csi300_custom_step0_s_20260825_13,f92e05fd932f4c27b315f8ace04b2c65,0.095,,,
636,2026-08-25,SZ000630,-0.011100530624389648,EXP_LinearModel_Alpha158_csi300_custom_step0_s_20260825_13,f92e05fd932f4c27b315f8ace04b2c65,0.095,,,
637,2026-08-25,SZ000651,0.02498198114335537,EXP_LinearModel_Alpha158_csi300_custom_step0_s_20260825_13,f92e05fd932f4c27b315f8ace04b2c65,0.095,,,
638,2026-08-25,SZ000657,0.08504930138587952,EXP_LinearModel_Alpha158_csi300_custom_step0_s_20260825_13,f92e05fd932f4c27b315f8ace04b2c65,0.095,,,
639,2026-08-25,SZ000708,-0.005188127979636192,EXP_LinearModel_Alpha158_csi300_custom_step0_s_20260825_13,f92e05fd932f4c27b315f8ace04b2c65,0.095,,,
640,2026-08-25,SH688521,0.2384670078754425,EXP_LinearModel_Alpha158_csi300_custom_step0_s_20260825_13,f92e05fd932f4c27b315f8ace04b2c65,0.095,,,
641,2026-08-25,SH688506,-0.03125625103712082,EXP_LinearModel_Alpha158_csi300_custom_step0_s_20260825_13,f92e05fd932f4c27b315f8ace04b2c65,0.095,,,
642,2026-08-25,SH688472,-0.06723600625991821,EXP_LinearModel_Alpha158_csi300_custom_step0_s_20260825_13,f92e05fd932f4c27b315f8ace04b2c65,0.095,,,
643,2026-08-25,SH688396,0.06854293495416641,EXP_LinearModel_Alpha158_csi300_custom_step0_s_20260825_13,f92e05fd932f4c27b315f8ace04b2c65,0.095,,,
644,2026-08-25,SH603501,0.00507235387340188,EXP_LinearModel_Alpha158_csi300_custom_step0_s_20260825_13,f92e05fd932f4c27b315f8ace04b2c65,0.095,,,
645,2026-08-25,SH603799,-0.026668647304177284,EXP_LinearModel_Alpha158_csi300_custom_step0_s_20260825_13,f92e05fd932f4c27b315f8ace04b2c65,0.095,,,
646,2026-08-25,SH603893,0.0653577372431755,EXP_LinearModel_Alpha158_csi300_custom_step0_s_20260825_13,f92e05fd932f4c27b315f8ace04b2c65,0.095,,,
647,2026-08-25,SH603986,0.11180192977190018,EXP_LinearModel_Alpha158_csi300_custom_step0_s_20260825_13,f92e05fd932f4c27b315f8ace04b2c65,0.095,,,
648,2026-08-25,SH603993,-0.011006021872162819,EXP_LinearModel_Alpha158_csi300_custom_step0_s_20260825_13,f92e05fd932f4c27b315f8ace04b2c65,0.095,,,
649,2026-08-25,SH605117,-0.06885194033384323,EXP_LinearModel_Alpha158_csi300_custom_step0_s_20260825_13,f92e05fd932f4c27b315f8ace04b2c65,0.095,,,
650,2026-08-25,SH605499,-0.1242622509598732,EXP_LinearModel_Alpha158_csi300_custom_step0_s_20260825_13,f92e05fd932f4c27b315f8ace04b2c65,0.095,,,
651,2026-08-25,SH688008,0.061821091920137405,EXP_LinearModel_Alpha158_csi300_custom_step0_s_20260825_13,f92e05fd932f4c27b315f8ace04b2c65,0.095,,,
652,2026-08-25,SH688009,0.02436075173318386,EXP_LinearModel_Alpha158_csi300_custom_step0_s_20260825_13,f92e05fd932f4c27b315f8ace04b2c65,0.095,,,
653,2026-08-25,SH688012,0.06353738158941269,EXP_LinearModel_Alpha158_csi300_custom_step0_s_20260825_13,f92e05fd932f4c27b315f8ace04b2c65,0.095,,,
654,2026-08-25,SZ000725,0.07844093441963196,EXP_LinearModel_Alpha158_csi300_custom_step0_s_20260825_13,f92e05fd932f4c27b315f8ace04b2c65,0.095,,,
655,2026-08-25,SH688036,-0.03337859362363815,EXP_LinearModel_Alpha158_csi300_custom_step0_s_20260825_13,f92e05fd932f4c27b315f8ace04b2c65,0.095,,,
656,2026-08-25,SH688047,0.09281272441148758,EXP_LinearModel_Alpha158_csi300_custom_step0_s_20260825_13,f92e05fd932f4c27b315f8ace04b2c65,0.095,,,
657,2026-08-25,SH688072,0.10105980187654495,EXP_LinearModel_Alpha158_csi300_custom_step0_s_20260825_13,f92e05fd932f4c27b315f8ace04b2c65,0.095,,,
658,2026-08-25,SH688082,0.08567655086517334,EXP_LinearModel_Alpha158_csi300_custom_step0_s_20260825_13,f92e05fd932f4c27b315f8ace04b2c65,0.095,,,
659,2026-08-25,SH688111,-0.06100793927907944,EXP_LinearModel_Alpha158_csi300_custom_step0_s_20260825_13,f92e05fd932f4c27b315f8ace04b2c65,0.095,,,
660,2026-08-25,SH688126,0.0817350223660469,EXP_LinearModel_Alpha158_csi300_custom_step0_s_20260825_13,f92e05fd932f4c27b315f8ace04b2c65,0.095,,,
661,2026-08-25,SH688183,0.01358790509402752,EXP_LinearModel_Alpha158_csi300_custom_step0_s_20260825_13,f92e05fd932f4c27b315f8ace04b2c65,0.095,,,
662,2026-08-25,SH688223,-0.049934759736061096,EXP_LinearModel_Alpha158_csi300_custom_step0_s_20260825_13,f92e05fd932f4c27b315f8ace04b2c65,0.095,,,
663,2026-08-25,SH688256,0.10286205261945724,EXP_LinearModel_Alpha158_csi300_custom_step0_s_20260825_13,f92e05fd932f4c27b315f8ace04b2c65,0.095,,,
664,2026-08-25,SH688271,-0.04802021384239197,EXP_LinearModel_Alpha158_csi300_custom_step0_s_20260825_13,f92e05fd932f4c27b315f8ace04b2c65,0.095,,,
665,2026-08-25,SH688303,-0.029033875092864037,EXP_LinearModel_Alpha158_csi300_custom_step0_s_20260825_13,f92e05fd932f4c27b315f8ace04b2c65,0.095,,,
666,2026-08-25,SH688041,0.0835961326956749,EXP_LinearModel_Alpha158_csi300_custom_step0_s_20260825_13,f92e05fd932f4c27b315f8ace04b2c65,0.095,,,
667,2026-08-25,SZ000768,-0.015081468969583511,EXP_LinearModel_Alpha158_csi300_custom_step0_s_20260825_13,f92e05fd932f4c27b315f8ace04b2c65,0.095,,,
668,2026-08-25,SZ000776,-0.023581506684422493,EXP_LinearModel_Alpha158_csi300_custom_step0_s_20260825_13,f92e05fd932f4c27b315f8ace04b2c65,0.095,,,
669,2026-08-25,SZ000792,-0.017178848385810852,EXP_LinearModel_Alpha158_csi300_custom_step0_s_20260825_13,f92e05fd932f4c27b315f8ace04b2c65,0.095,,,
670,2026-08-25,SZ002311,0.013932783156633377,EXP_LinearModel_Alpha158_csi300_custom_step0_s_20260825_13,f92e05fd932f4c27b315f8ace04b2c65,0.095,,,
671,2026-08-25,SZ002352,-0.029030337929725647,EXP_LinearModel_Alpha158_csi300_custom_step0_s_20260825_13,f92e05fd932f4c27b315f8ace04b2c65,0.095,,,
672,2026-08-25,SZ002353,0.0162354689091444,EXP_LinearModel_Alpha158_csi300_custom_step0_s_20260825_13,f92e05fd932f4c27b315f8ace04b2c65,0.095,,,
673,2026-08-25,SZ002371,0.04172072187066078,EXP_LinearModel_Alpha158_csi300_custom_step0_s_20260825_13,f92e05fd932f4c27b315f8ace04b2c65,0.095,,,
674,2026-08-25,SZ002384,0.0976015031337738,EXP_LinearModel_Alpha158_csi300_custom_step0_s_20260825_13,f92e05fd932f4c27b315f8ace04b2c65,0.095,,,
675,2026-08-25,SZ002415,-0.0016672498313710093,EXP_LinearModel_Alpha158_csi300_custom_step0_s_20260825_13,f92e05fd932f4c27b315f8ace04b2c65,0.095,,,
676,2026-08-25,SZ002422,0.030574116855859756,EXP_LinearModel_Alpha158_csi300_custom_step0_s_20260825_13,f92e05fd932f4c27b315f8ace04b2c65,0.095,,,
677,2026-08-25,SZ002460,-0.044089026749134064,EXP_LinearModel_Alpha158_csi300_custom_step0_s_20260825_13,f92e05fd932f4c27b315f8ace04b2c65,0.095,,,
678,2026-08-25,SZ002463,0.01182368490844965,EXP_LinearModel_Alpha158_csi300_custom_step0_s_20260825_13,f92e05fd932f4c27b315f8ace04b2c65,0.095,,,
679,2026-08-25,SZ002466,-0.0022403874900192022,EXP_LinearModel_Alpha158_csi300_custom_step0_s_20260825_13,f92e05fd932f4c27b315f8ace04b2c65,0.095,,,
680,2026-08-25,SZ002304,-0.11589888483285904,EXP_LinearModel_Alpha158_csi300_custom_step0_s_20260825_13,f92e05fd932f4c27b315f8ace04b2c65,0.095,,,
681,2026-08-25,SZ002475,0.0302349254488945,EXP_LinearModel_Alpha158_csi300_custom_step0_s_20260825_13,f92e05fd932f4c27b315f8ace04b2c65,0.095,,,
682,2026-08-25,SZ002532,-0.10714025795459747,EXP_LinearModel_Alpha158_csi300_custom_step0_s_20260825_13,f92e05fd932f4c27b315f8ace04b2c65,0.095,,,
683,2026-08-25,SZ002558,-0.056395553052425385,EXP_LinearModel_Alpha158_csi300_custom_step0_s_20260825_13,f92e05fd932f4c27b315f8ace04b2c65,0.095,,,
684,2026-08-25,SZ002594,-0.06781018525362015,EXP_LinearModel_Alpha158_csi300_custom_step0_s_20260825_13,f92e05fd932f4c27b315f8ace04b2c65,0.095,,,
685,2026-08-25,SZ002600,0.07328448444604874,EXP_LinearModel_Alpha158_csi300_custom_step0_s_20260825_13,f92e05fd932f4c27b315f8ace04b2c65,0.095,,,
686,2026-08-25,SZ002602,-0.06850428134202957,EXP_LinearModel_Alpha158_csi300_custom_step0_s_20260825_13,f92e05fd932f4c27b315f8ace04b2c65,0.095,,,
687,2026-08-25,SZ002625,-0.07615837454795837,EXP_LinearModel_Alpha158_csi300_custom_step0_s_20260825_13,f92e05fd932f4c27b315f8ace04b2c65,0.095,,,
688,2026-08-25,SZ002648,0.0742182508111,EXP_LinearModel_Alpha158_csi300_custom_step0_s_20260825_13,f92e05fd932f4c27b315f8ace04b2c65,0.095,,,
689,2026-08-25,SZ002709,0.05574752017855644,EXP_LinearModel_Alpha158_csi300_custom_step0_s_20260825_13,f92e05fd932f4c27b315f8ace04b2c65,0.095,,,
690,2026-08-25,SZ002714,0.019747279584407806,EXP_LinearModel_Alpha158_csi300_custom_step0_s_20260825_13,f92e05fd932f4c27b315f8ace04b2c65,0.095,,,
691,2026-08-25,SZ002736,-0.05900394171476364,EXP_LinearModel_Alpha158_csi300_custom_step0_s_20260825_13,f92e05fd932f4c27b315f8ace04b2c65,0.095,,,
692,2026-08-25,SZ002493,-0.03316919133067131,EXP_LinearModel_Alpha158_csi300_custom_step0_s_20260825_13,f92e05fd932f4c27b315f8ace04b2c65,0.095,,,
693,2026-08-25,SH603392,-0.14194409549236298,EXP_LinearModel_Alpha158_csi300_custom_step0_s_20260825_13,f92e05fd932f4c27b315f8ace04b2c65,0.095,,,
694,2026-08-25,SZ002241,-0.07864610850811005,EXP_LinearModel_Alpha158_csi300_custom_step0_s_20260825_13,f92e05fd932f4c27b315f8ace04b2c65,0.095,,,
695,2026-08-25,SZ002230,-0.09150037914514542,EXP_LinearModel_Alpha158_csi300_custom_step0_s_20260825_13,f92e05fd932f4c27b315f8ace04b2c65,0.095,,,
696,2026-08-25,SZ000807,-0.09868457168340683,EXP_LinearModel_Alpha158_csi300_custom_step0_s_20260825_13,f92e05fd932f4c27b315f8ace04b2c65,0.095,,,
697,2026-08-25,SZ000858,-0.0979108065366745,EXP_LinearModel_Alpha158_csi300_custom_step0_s_20260825_13,f92e05fd932f4c27b315f8ace04b2c65,0.095,,,
698,2026-08-25,SZ000895,-0.039744727313518524,EXP_LinearModel_Alpha158_csi300_custom_step0_s_20260825_13,f92e05fd932f4c27b315f8ace04b2c65,0.095,,,
699,2026-08-25,SZ000938,0.0017200881848111749,EXP_LinearModel_Alpha158_csi300_custom_step0_s_20260825_13,f92e05fd932f4c27b315f8ace04b2c65,0.095,,,
700,2026-08-25,SZ000963,-0.04567243531346321,EXP_LinearModel_Alpha158_csi300_custom_step0_s_20260825_13,f92e05fd932f4c27b315f8ace04b2c65,0.095,,,
701,2026-08-25,SZ000975,-0.10603763908147812,EXP_LinearModel_Alpha158_csi300_custom_step0_s_20260825_13,f92e05fd932f4c27b315f8ace04b2c65,0.095,,,
702,2026-08-25,SZ000977,-0.00023404322564601898,EXP_LinearModel_Alpha158_csi300_custom_step0_s_20260825_13,f92e05fd932f4c27b315f8ace04b2c65,0.095,,,
703,2026-08-25,SZ000988,0.11008471995592117,EXP_LinearModel_Alpha158_csi300_custom_step0_s_20260825_13,f92e05fd932f4c27b315f8ace04b2c65,0.095,,,
704,2026-08-25,SZ000999,-0.020035937428474426,EXP_LinearModel_Alpha158_csi300_custom_step0_s_20260825_13,f92e05fd932f4c27b315f8ace04b2c65,0.095,,,
705,2026-08-25,SZ001280,-0.03932631015777588,EXP_LinearModel_Alpha158_csi300_custom_step0_s_20260825_13,f92e05fd932f4c27b315f8ace04b2c65,0.095,,,
706,2026-08-25,SZ002236,-0.06799537688493729,EXP_LinearModel_Alpha158_csi300_custom_step0_s_20260825_13,f92e05fd932f4c27b315f8ace04b2c65,0.095,,,
707,2026-08-25,SZ001391,-0.035511087626218796,EXP_LinearModel_Alpha158_csi300_custom_step0_s_20260825_13,f92e05fd932f4c27b315f8ace04b2c65,0.095,,,
708,2026-08-25,SZ001979,-0.06798417121171951,EXP_LinearModel_Alpha158_csi300_custom_step0_s_20260825_13,f92e05fd932f4c27b315f8ace04b2c65,0.095,,,
709,2026-08-25,SZ002001,-0.009275729767978191,EXP_LinearModel_Alpha158_csi300_custom_step0_s_20260825_13,f92e05fd932f4c27b315f8ace04b2c65,0.095,,,
710,2026-08-25,SZ002027,-0.06211604177951813,EXP_LinearModel_Alpha158_csi300_custom_step0_s_20260825_13,f92e05fd932f4c27b315f8ace04b2c65,0.095,,,
711,2026-08-25,SZ002028,-0.05613197386264801,EXP_LinearModel_Alpha158_csi300_custom_step0_s_20260825_13,f92e05fd932f4c27b315f8ace04b2c65,0.095,,,
712,2026-08-25,SZ002049,0.009282544255256653,EXP_LinearModel_Alpha158_csi300_custom_step0_s_20260825_13,f92e05fd932f4c27b315f8ace04b2c65,0.095,,,
713,2026-08-25,SZ002050,0.07841221988201141,EXP_LinearModel_Alpha158_csi300_custom_step0_s_20260825_13,f92e05fd932f4c27b315f8ace04b2c65,0.095,,,
714,2026-08-25,SZ002074,-0.07533496618270874,EXP_LinearModel_Alpha158_csi300_custom_step0_s_20260825_13,f92e05fd932f4c27b315f8ace04b2c65,0.095,,,
715,2026-08-25,SZ002142,0.016504649072885513,EXP_LinearModel_Alpha158_csi300_custom_step0_s_20260825_13,f92e05fd932f4c27b315f8ace04b2c65,0.095,,,
716,2026-08-25,SZ002179,0.019662389531731606,EXP_LinearModel_Alpha158_csi300_custom_step0_s_20260825_13,f92e05fd932f4c27b315f8ace04b2c65,0.095,,,
717,2026-08-25,SZ002202,-0.0056534032337367535,EXP_LinearModel_Alpha158_csi300_custom_step0_s_20260825_13,f92e05fd932f4c27b315f8ace04b2c65,0.095,,,
718,2026-08-25,SZ001965,0.055198051035404205,EXP_LinearModel_Alpha158_csi300_custom_step0_s_20260825_13,f92e05fd932f4c27b315f8ace04b2c65,0.095,,,
719,2026-08-25,SH603369,-0.07558940351009369,EXP_LinearModel_Alpha158_csi300_custom_step0_s_20260825_13,f92e05fd932f4c27b315f8ace04b2c65,0.095,,,
720,2026-08-25,SH603296,0.010529184713959694,EXP_LinearModel_Alpha158_csi300_custom_step0_s_20260825_13,f92e05fd932f4c27b315f8ace04b2c65,0.095,,,
721,2026-08-25,SH603288,-0.03764034062623978,EXP_LinearModel_Alpha158_csi300_custom_step0_s_20260825_13,f92e05fd932f4c27b315f8ace04b2c65,0.095,,,
722,2026-08-25,SH601006,-0.0031718681566417217,EXP_LinearModel_Alpha158_csi300_custom_step0_s_20260825_13,f92e05fd932f4c27b315f8ace04b2c65,0.095,,,
723,2026-08-25,SH601009,0.04236447066068649,EXP_LinearModel_Alpha158_csi300_custom_step0_s_20260825_13,f92e05fd932f4c27b315f8ace04b2c65,0.095,,,
724,2026-08-25,SH601012,-0.0679062008857727,EXP_LinearModel_Alpha158_csi300_custom_step0_s_20260825_13,f92e05fd932f4c27b315f8ace04b2c65,0.095,,,
725,2026-08-25,SH601018,0.02788594365119934,EXP_LinearModel_Alpha158_csi300_custom_step0_s_20260825_13,f92e05fd932f4c27b315f8ace04b2c65,0.095,,,
726,2026-08-25,SH601021,-0.04000100865960121,EXP_LinearModel_Alpha158_csi300_custom_step0_s_20260825_13,f92e05fd932f4c27b315f8ace04b2c65,0.095,,,
727,2026-08-25,SH601058,0.001594195025973022,EXP_LinearModel_Alpha158_csi300_custom_step0_s_20260825_13,f92e05fd932f4c27b315f8ace04b2c65,0.095,,,
728,2026-08-25,SH601059,0.0017457343637943268,EXP_LinearModel_Alpha158_csi300_custom_step0_s_20260825_13,f92e05fd932f4c27b315f8ace04b2c65,0.095,,,
729,2026-08-25,SH601066,-8.685584180057049e-05,EXP_LinearModel_Alpha158_csi300_custom_step0_s_20260825_13,f92e05fd932f4c27b315f8ace04b2c65,0.095,,,
730,2026-08-25,SH601077,0.022673336789011955,EXP_LinearModel_Alpha158_csi300_custom_step0_s_20260825_13,f92e05fd932f4c27b315f8ace04b2c65,0.095,,,
731,2026-08-25,SH601088,-0.039979103952646255,EXP_LinearModel_Alpha158_csi300_custom_step0_s_20260825_13,f92e05fd932f4c27b315f8ace04b2c65,0.095,,,
732,2026-08-25,SH600999,0.0010635994840413332,EXP_LinearModel_Alpha158_csi300_custom_step0_s_20260825_13,f92e05fd932f4c27b315f8ace04b2c65,0.095,,,
733,2026-08-25,SH601100,0.05779986083507538,EXP_LinearModel_Alpha158_csi300_custom_step0_s_20260825_13,f92e05fd932f4c27b315f8ace04b2c65,0.095,,,
734,2026-08-25,SH601117,0.012199055403470993,EXP_LinearModel_Alpha158_csi300_custom_step0_s_20260825_13,f92e05fd932f4c27b315f8ace04b2c65,0.095,,,
735,2026-08-25,SH601127,-0.11295835673809052,EXP_LinearModel_Alpha158_csi300_custom_step0_s_20260825_13,f92e05fd932f4c27b315f8ace04b2c65,0.095,,,
736,2026-08-25,SH601136,-0.11038405448198318,EXP_LinearModel_Alpha158_csi300_custom_step0_s_20260825_13,f92e05fd932f4c27b315f8ace04b2c65,0.095,,,
737,2026-08-25,SH601138,0.04767107218503952,EXP_LinearModel_Alpha158_csi300_custom_step0_s_20260825_13,f92e05fd932f4c27b315f8ace04b2c65,0.095,,,
738,2026-08-25,SH601166,0.00853727012872696,EXP_LinearModel_Alpha158_csi300_custom_step0_s_20260825_13,f92e05fd932f4c27b315f8ace04b2c65,0.095,,,
739,2026-08-25,SH601169,0.06484474986791611,EXP_LinearModel_Alpha158_csi300_custom_step0_s_20260825_13,f92e05fd932f4c27b315f8ace04b2c65,0.095,,,
740,2026-08-25,SH601186,-0.006075998768210411,EXP_LinearModel_Alpha158_csi300_custom_step0_s_20260825_13,f92e05fd932f4c27b315f8ace04b2c65,0.095,,,
741,2026-08-25,SH601211,-0.04242589697241783,EXP_LinearModel_Alpha158_csi300_custom_step0_s_20260825_13,f92e05fd932f4c27b315f8ace04b2c65,0.095,,,
742,2026-08-25,SH601225,-0.044607050716876984,EXP_LinearModel_Alpha158_csi300_custom_step0_s_20260825_13,f92e05fd932f4c27b315f8ace04b2c65,0.095,,,
743,2026-08-25,SH601229,0.05282854661345482,EXP_LinearModel_Alpha158_csi300_custom_step0_s_20260825_13,f92e05fd932f4c27b315f8ace04b2c65,0.095,,,
744,2026-08-25,SH601111,-0.05031502619385719,EXP_LinearModel_Alpha158_csi300_custom_step0_s_20260825_13,f92e05fd932f4c27b315f8ace04b2c65,0.095,,,
745,2026-08-25,SH601238,-0.07664038240909576,EXP_LinearModel_Alpha158_csi300_custom_step0_s_20260825_13,f92e05fd932f4c27b315f8ace04b2c65,0.095,,,
746,2026-08-25,SH600989,-0.04220152646303177,EXP_LinearModel_Alpha158_csi300_custom_step0_s_20260825_13,f92e05fd932f4c27b315f8ace04b2c65,0.095,,,
747,2026-08-25,SH600941,0.01937481015920639,EXP_LinearModel_Alpha158_csi300_custom_step0_s_20260825_13,f92e05fd932f4c27b315f8ace04b2c65,0.095,,,
748,2026-08-25,SH600588,-0.016912784427404404,EXP_LinearModel_Alpha158_csi300_custom_step0_s_20260825_13,f92e05fd932f4c27b315f8ace04b2c65,0.095,,,
749,2026-08-25,SH600600,-0.09329183399677277,EXP_LinearModel_Alpha158_csi300_custom_step0_s_20260825_13,f92e05fd932f4c27b315f8ace04b2c65,0.095,,,
750,2026-08-25,SH600660,-0.03887301683425903,EXP_LinearModel_Alpha158_csi300_custom_step0_s_20260825_13,f92e05fd932f4c27b315f8ace04b2c65,0.095,,,
751,2026-08-25,SH600674,-0.022379614412784576,EXP_LinearModel_Alpha158_csi300_custom_step0_s_20260825_13,f92e05fd932f4c27b315f8ace04b2c65,0.095,,,
752,2026-08-25,SH600690,-0.02058541402220726,EXP_LinearModel_Alpha158_csi300_custom_step0_s_20260825_13,f92e05fd932f4c27b315f8ace04b2c65,0.095,,,
753,2026-08-25,SH600741,-0.02237997204065323,EXP_LinearModel_Alpha158_csi300_custom_step0_s_20260825_13,f92e05fd932f4c27b315f8ace04b2c65,0.095,,,
754,2026-08-25,SH600760,-0.003454826306551695,EXP_LinearModel_Alpha158_csi300_custom_step0_s_20260825_13,f92e05fd932f4c27b315f8ace04b2c65,0.095,,,
755,2026-08-25,SH600795,-0.02396969497203827,EXP_LinearModel_Alpha158_csi300_custom_step0_s_20260825_13,f92e05fd932f4c27b315f8ace04b2c65,0.095,,,
756,2026-08-25,SH600803,-0.08349386602640152,EXP_LinearModel_Alpha158_csi300_custom_step0_s_20260825_13,f92e05fd932f4c27b315f8ace04b2c65,0.095,,,
757,2026-08-25,SH600809,-0.07666419446468353,EXP_LinearModel_Alpha158_csi300_custom_step0_s_20260825_13,f92e05fd932f4c27b315f8ace04b2c65,0.095,,,
758,2026-08-25,SH600958,-0.051749177277088165,EXP_LinearModel_Alpha158_csi300_custom_step0_s_20260825_13,f92e05fd932f4c27b315f8ace04b2c65,0.095,,,
759,2026-08-25,SH600845,-0.0747593492269516,EXP_LinearModel_Alpha158_csi300_custom_step0_s_20260825_13,f92e05fd932f4c27b315f8ace04b2c65,0.095,,,
760,2026-08-25,SH600886,-0.017973395064473152,EXP_LinearModel_Alpha158_csi300_custom_step0_s_20260825_13,f92e05fd932f4c27b315f8ace04b2c65,0.095,,,
761,2026-08-25,SH600887,0.02931479550898075,EXP_LinearModel_Alpha158_csi300_custom_step0_s_20260825_13,f92e05fd932f4c27b315f8ace04b2c65,0.095,,,
762,2026-08-25,SH600893,-0.05708988755941391,EXP_LinearModel_Alpha158_csi300_custom_step0_s_20260825_13,f92e05fd932f4c27b315f8ace04b2c65,0.095,,,
763,2026-08-25,SH600900,-0.0003674696199595928,EXP_LinearModel_Alpha158_csi300_custom_step0_s_20260825_13,f92e05fd932f4c27b315f8ace04b2c65,0.095,,,
764,2026-08-25,SH600905,0.0007228348404169083,EXP_LinearModel_Alpha158_csi300_custom_step0_s_20260825_13,f92e05fd932f4c27b315f8ace04b2c65,0.095,,,
765,2026-08-25,SH600918,-0.007859730161726475,EXP_LinearModel_Alpha158_csi300_custom_step0_s_20260825_13,f92e05fd932f4c27b315f8ace04b2c65,0.095,,,
766,2026-08-25,SH600919,0.016178550198674202,EXP_LinearModel_Alpha158_csi300_custom_step0_s_20260825_13,f92e05fd932f4c27b315f8ace04b2c65,0.095,,,
767,2026-08-25,SH600926,0.04565243422985077,EXP_LinearModel_Alpha158_csi300_custom_step0_s_20260825_13,f92e05fd932f4c27b315f8ace04b2c65,0.095,,,
768,2026-08-25,SH600930,-0.02178715169429779,EXP_LinearModel_Alpha158_csi300_custom_step0_s_20260825_13,f92e05fd932f4c27b315f8ace04b2c65,0.095,,,
769,2026-08-25,SH600938,-0.07723405212163925,EXP_LinearModel_Alpha158_csi300_custom_step0_s_20260825_13,f92e05fd932f4c27b315f8ace04b2c65,0.095,,,
770,2026-08-25,SH600875,-0.05075238272547722,EXP_LinearModel_Alpha158_csi300_custom_step0_s_20260825_13,f92e05fd932f4c27b315f8ace04b2c65,0.095,,,
771,2026-08-25,SH600900,-0.020132753998041153,EXP_LinearModel_Alpha158_csi300_custom_step0_s_20260825_13,f12d774be67f40c696b3b36fd385ee78,0.045,,,
772,2026-08-25,SH601288,0.01618572697043419,EXP_LinearModel_Alpha158_csi300_custom_step0_s_20260825_13,f92e05fd932f4c27b315f8ace04b2c65,0.095,,,
773,2026-08-25,SH601319,0.01854397915303707,EXP_LinearModel_Alpha158_csi300_custom_step0_s_20260825_13,f92e05fd932f4c27b315f8ace04b2c65,0.095,,,
774,2026-08-25,SH601825,-0.004523951094597578,EXP_LinearModel_Alpha158_csi300_custom_step0_s_20260825_13,f92e05fd932f4c27b315f8ace04b2c65,0.095,,,
775,2026-08-25,SH601838,0.0077605401165783405,EXP_LinearModel_Alpha158_csi300_custom_step0_s_20260825_13,f92e05fd932f4c27b315f8ace04b2c65,0.095,,,
776,2026-08-25,SH601857,-0.04469485580921173,EXP_LinearModel_Alpha158_csi300_custom_step0_s_20260825_13,f92e05fd932f4c27b315f8ace04b2c65,0.095,,,
777,2026-08-25,SH601868,-0.022651307284832,EXP_LinearModel_Alpha158_csi300_custom_step0_s_20260825_13,f92e05fd932f4c27b315f8ace04b2c65,0.095,,,
778,2026-08-25,SH601872,-0.04246794432401657,EXP_LinearModel_Alpha158_csi300_custom_step0_s_20260825_13,f92e05fd932f4c27b315f8ace04b2c65,0.095,,,
779,2026-08-25,SH601877,-0.052778229117393494,EXP_LinearModel_Alpha158_csi300_custom_step0_s_20260825_13,f92e05fd932f4c27b315f8ace04b2c65,0.095,,,
780,2026-08-25,SH601878,-0.0639680027961731,EXP_LinearModel_Alpha158_csi300_custom_step0_s_20260825_13,f92e05fd932f4c27b315f8ace04b2c65,0.095,,,
781,2026-08-25,SH601881,-0.01274954341351986,EXP_LinearModel_Alpha158_csi300_custom_step0_s_20260825_13,f92e05fd932f4c27b315f8ace04b2c65,0.095,,,
782,2026-08-25,SH601888,-0.09003466367721558,EXP_LinearModel_Alpha158_csi300_custom_step0_s_20260825_13,f92e05fd932f4c27b315f8ace04b2c65,0.095,,,
783,2026-08-25,SH601898,-0.07343068718910217,EXP_LinearModel_Alpha158_csi300_custom_step0_s_20260825_13,f92e05fd932f4c27b315f8ace04b2c65,0.095,,,
784,2026-08-25,SH601818,0.03908916935324669,EXP_LinearModel_Alpha158_csi300_custom_step0_s_20260825_13,f92e05fd932f4c27b315f8ace04b2c65,0.095,,,
785,2026-08-25,SH601899,-0.05292317271232605,EXP_LinearModel_Alpha158_csi300_custom_step0_s_20260825_13,f92e05fd932f4c27b315f8ace04b2c65,0.095,,,
786,2026-08-25,SH601916,-0.012256715446710587,EXP_LinearModel_Alpha158_csi300_custom_step0_s_20260825_13,f92e05fd932f4c27b315f8ace04b2c65,0.095,,,
787,2026-08-25,SH601919,-0.024223526939749718,EXP_LinearModel_Alpha158_csi300_custom_step0_s_20260825_13,f92e05fd932f4c27b315f8ace04b2c65,0.095,,,
788,2026-08-25,SH601939,0.019213436171412468,EXP_LinearModel_Alpha158_csi300_custom_step0_s_20260825_13,f92e05fd932f4c27b315f8ace04b2c65,0.095,,,
789,2026-08-25,SH601985,-0.014203116297721863,EXP_LinearModel_Alpha158_csi300_custom_step0_s_20260825_13,f92e05fd932f4c27b315f8ace04b2c65,0.095,,,
790,2026-08-25,SH601988,0.0486290343105793,EXP_LinearModel_Alpha158_csi300_custom_step0_s_20260825_13,f92e05fd932f4c27b315f8ace04b2c65,0.095,,,
791,2026-08-25,SH601995,-0.05561751127243042,EXP_LinearModel_Alpha158_csi300_custom_step0_s_20260825_13,f92e05fd932f4c27b315f8ace04b2c65,0.095,,,
792,2026-08-25,SH601998,0.0025462196208536625,EXP_LinearModel_Alpha158_csi300_custom_step0_s_20260825_13,f92e05fd932f4c27b315f8ace04b2c65,0.095,,,
793,2026-08-25,SH603019,0.026128821074962616,EXP_LinearModel_Alpha158_csi300_custom_step0_s_20260825_13,f92e05fd932f4c27b315f8ace04b2c65,0.095,,,
794,2026-08-25,SH603259,-0.037314385175704956,EXP_LinearModel_Alpha158_csi300_custom_step0_s_20260825_13,f92e05fd932f4c27b315f8ace04b2c65,0.095,,,
795,2026-08-25,SH603260,0.04792667552828789,EXP_LinearModel_Alpha158_csi300_custom_step0_s_20260825_13,f92e05fd932f4c27b315f8ace04b2c65,0.095,,,
796,2026-08-25,SH601901,-0.0253614354878664,EXP_LinearModel_Alpha158_csi300_custom_step0_s_20260825_13,f92e05fd932f4c27b315f8ace04b2c65,0.095,,,
797,2026-08-25,SH601318,0.015481890179216862,EXP_LinearModel_Alpha158_csi300_custom_step0_s_20260825_13,f92e05fd932f4c27b315f8ace04b2c65,0.095,,,
798,2026-08-25,SH601816,0.01036133337765932,EXP_LinearModel_Alpha158_csi300_custom_step0_s_20260825_13,f92e05fd932f4c27b315f8ace04b2c65,0.095,,,
799,2026-08-25,SH601788,-0.03511865809559822,EXP_LinearModel_Alpha158_csi300_custom_step0_s_20260825_13,f92e05fd932f4c27b315f8ace04b2c65,0.095,,,
800,2026-08-25,SH601328,-0.011940733529627323,EXP_LinearModel_Alpha158_csi300_custom_step0_s_20260825_13,f92e05fd932f4c27b315f8ace04b2c65,0.095,,,
801,2026-08-25,SH601336,0.0007971310988068581,EXP_LinearModel_Alpha158_csi300_custom_step0_s_20260825_13,f92e05fd932f4c27b315f8ace04b2c65,0.095,,,
802,2026-08-25,SH601360,-0.06912390887737274,EXP_LinearModel_Alpha158_csi300_custom_step0_s_20260825_13,f92e05fd932f4c27b315f8ace04b2c65,0.095,,,
803,2026-08-25,SH601377,-0.014191619120538235,EXP_LinearModel_Alpha158_csi300_custom_step0_s_20260825_13,f92e05fd932f4c27b315f8ace04b2c65,0.095,,,
804,2026-08-25,SH601390,-0.04420141875743866,EXP_LinearModel_Alpha158_csi300_custom_step0_s_20260825_13,f92e05fd932f4c27b315f8ace04b2c65,0.095,,,
805,2026-08-25,SH601398,0.009149724617600441,EXP_LinearModel_Alpha158_csi300_custom_step0_s_20260825_13,f92e05fd932f4c27b315f8ace04b2c65,0.095,,,
806,2026-08-25,SH601456,-0.019024670124053955,EXP_LinearModel_Alpha158_csi300_custom_step0_s_20260825_13,f92e05fd932f4c27b315f8ace04b2c65,0.095,,,
807,2026-08-25,SH601600,-0.08823048323392868,EXP_LinearModel_Alpha158_csi300_custom_step0_s_20260825_13,f92e05fd932f4c27b315f8ace04b2c65,0.095,,,
808,2026-08-25,SH601601,-0.01063332799822092,EXP_LinearModel_Alpha158_csi300_custom_step0_s_20260825_13,f92e05fd932f4c27b315f8ace04b2c65,0.095,,,
809,2026-08-25,SH601607,0.027167638763785362,EXP_LinearModel_Alpha158_csi300_custom_step0_s_20260825_13,f92e05fd932f4c27b315f8ace04b2c65,0.095,,,
810,2026-08-25,SH601800,-0.011485234834253788,EXP_LinearModel_Alpha158_csi300_custom_step0_s_20260825_13,f92e05fd932f4c27b315f8ace04b2c65,0.095,,,
811,2026-08-25,SH601618,-0.038079168647527695,EXP_LinearModel_Alpha158_csi300_custom_step0_s_20260825_13,f92e05fd932f4c27b315f8ace04b2c65,0.095,,,
812,2026-08-25,SH601633,-0.03204381838440895,EXP_LinearModel_Alpha158_csi300_custom_step0_s_20260825_13,f92e05fd932f4c27b315f8ace04b2c65,0.095,,,
813,2026-08-25,SH601658,0.03845273330807686,EXP_LinearModel_Alpha158_csi300_custom_step0_s_20260825_13,f92e05fd932f4c27b315f8ace04b2c65,0.095,,,
814,2026-08-25,SH601668,0.0495629720389843,EXP_LinearModel_Alpha158_csi300_custom_step0_s_20260825_13,f92e05fd932f4c27b315f8ace04b2c65,0.095,,,
815,2026-08-25,SH601669,-0.08301162719726562,EXP_LinearModel_Alpha158_csi300_custom_step0_s_20260825_13,f92e05fd932f4c27b315f8ace04b2c65,0.095,,,
816,2026-08-25,SH601688,-0.01919490471482277,EXP_LinearModel_Alpha158_csi300_custom_step0_s_20260825_13,f92e05fd932f4c27b315f8ace04b2c65,0.095,,,
817,2026-08-25,SH601689,0.05640772357583046,EXP_LinearModel_Alpha158_csi300_custom_step0_s_20260825_13,f92e05fd932f4c27b315f8ace04b2c65,0.095,,,
818,2026-08-25,SH601698,0.07461428642272949,EXP_LinearModel_Alpha158_csi300_custom_step0_s_20260825_13,f92e05fd932f4c27b315f8ace04b2c65,0.095,,,
819,2026-08-25,SH601727,-0.06817368417978287,EXP_LinearModel_Alpha158_csi300_custom_step0_s_20260825_13,f92e05fd932f4c27b315f8ace04b2c65,0.095,,,
820,2026-08-25,SH601728,0.01809592917561531,EXP_LinearModel_Alpha158_csi300_custom_step0_s_20260825_13,f92e05fd932f4c27b315f8ace04b2c65,0.095,,,
821,2026-08-25,SH601766,-0.02612643875181675,EXP_LinearModel_Alpha158_csi300_custom_step0_s_20260825_13,f92e05fd932f4c27b315f8ace04b2c65,0.095,,,
822,2026-08-25,SH601628,-0.009920492768287659,EXP_LinearModel_Alpha158_csi300_custom_step0_s_20260825_13,f92e05fd932f4c27b315f8ace04b2c65,0.095,,,
823,2026-08-25,SH601985,0.079371888635508,EXP_DEnsembleModel_Alpha158_csi300_custom_step0_s_20260825_13,0ca07341ef9c4042a26d1ac41e22d177,0.035,,,
824,2026-08-25,SH600905,-0.0407940074801445,EXP_LinearModel_Alpha158_csi300_custom_step0_s_20260825_13,f12d774be67f40c696b3b36fd385ee78,0.045,,,
825,2026-08-25,SH600919,-0.04211687669157982,EXP_LinearModel_Alpha158_csi300_custom_step0_s_20260825_13,f12d774be67f40c696b3b36fd385ee78,0.045,,,
826,2026-08-25,SH600050,-0.011898751370608807,EXP_XGBModel_Alpha158_csi300_custom_step0_s_20260825_13,83f3a00f78a143489103ea83d1dd9b29,0.063,,,
827,2026-08-25,SH600061,-0.015771247446537018,EXP_XGBModel_Alpha158_csi300_custom_step0_s_20260825_13,83f3a00f78a143489103ea83d1dd9b29,0.063,,,
828,2026-08-25,SH600066,-0.009325552731752396,EXP_XGBModel_Alpha158_csi300_custom_step0_s_20260825_13,83f3a00f78a143489103ea83d1dd9b29,0.063,,,
829,2026-08-25,SH600085,-0.018143776804208755,EXP_XGBModel_Alpha158_csi300_custom_step0_s_20260825_13,83f3a00f78a143489103ea83d1dd9b29,0.063,,,
830,2026-08-25,SH600089,0.03239753469824791,EXP_XGBModel_Alpha158_csi300_custom_step0_s_20260825_13,83f3a00f78a143489103ea83d1dd9b29,0.063,,,
831,2026-08-25,SH600104,-0.012617260217666626,EXP_XGBModel_Alpha158_csi300_custom_step0_s_20260825_13,83f3a00f78a143489103ea83d1dd9b29,0.063,,,
832,2026-08-25,SH600111,0.021534781903028488,EXP_XGBModel_Alpha158_csi300_custom_step0_s_20260825_13,83f3a00f78a143489103ea83d1dd9b29,0.063,,,
833,2026-08-25,SH600115,0.0022613329347223043,EXP_XGBModel_Alpha158_csi300_custom_step0_s_20260825_13,83f3a00f78a143489103ea83d1dd9b29,0.063,,,
834,2026-08-25,SH600118,-0.2847156226634979,EXP_XGBModel_Alpha158_csi300_custom_step0_s_20260825_13,83f3a00f78a143489103ea83d1dd9b29,0.063,,,
835,2026-08-25,SH600150,-0.0021835200022906065,EXP_XGBModel_Alpha158_csi300_custom_step0_s_20260825_13,83f3a00f78a143489103ea83d1dd9b29,0.063,,,
836,2026-08-25,SH600160,0.10941731184720993,EXP_XGBModel_Alpha158_csi300_custom_step0_s_20260825_13,83f3a00f78a143489103ea83d1dd9b29,0.063,,,
837,2026-08-25,SH600176,0.15148265659809113,EXP_XGBModel_Alpha158_csi300_custom_step0_s_20260825_13,83f3a00f78a143489103ea83d1dd9b29,0.063,,,
838,2026-08-25,SH600183,0.3390752077102661,EXP_XGBModel_Alpha158_csi300_custom_step0_s_20260825_13,83f3a00f78a143489103ea83d1dd9b29,0.063,,,
839,2026-08-25,SH600188,0.017540335655212402,EXP_XGBModel_Alpha158_csi300_custom_step0_s_20260825_13,83f3a00f78a143489103ea83d1dd9b29,0.063,,,
840,2026-08-25,SH600196,-0.01490006037056446,EXP_XGBModel_Alpha158_csi300_custom_step0_s_20260825_13,83f3a00f78a143489103ea83d1dd9b29,0.063,,,
841,2026-08-25,SH600219,0.03728358820080757,EXP_XGBModel_Alpha158_csi300_custom_step0_s_20260825_13,83f3a00f78a143489103ea83d1dd9b29,0.063,,,
842,2026-08-25,SH600221,-0.012689463794231415,EXP_XGBModel_Alpha158_csi300_custom_step0_s_20260825_13,83f3a00f78a143489103ea83d1dd9b29,0.063,,,
843,2026-08-25,SH600233,-0.03241679072380066,EXP_XGBModel_Alpha158_csi300_custom_step0_s_20260825_13,83f3a00f78a143489103ea83d1dd9b29,0.063,,,
844,2026-08-25,SH600276,-0.05708355829119682,EXP_XGBModel_Alpha158_csi300_custom_step0_s_20260825_13,83f3a00f78a143489103ea83d1dd9b29,0.063,,,
845,2026-08-25,SH600309,-0.037277739495038986,EXP_XGBModel_Alpha158_csi300_custom_step0_s_20260825_13,83f3a00f78a143489103ea83d1dd9b29,0.063,,,
846,2026-08-25,SH600346,0.10876801609992981,EXP_XGBModel_Alpha158_csi300_custom_step0_s_20260825_13,83f3a00f78a143489103ea83d1dd9b29,0.063,,,
847,2026-08-25,SH600048,-0.011883490718901157,EXP_XGBModel_Alpha158_csi300_custom_step0_s_20260825_13,83f3a00f78a143489103ea83d1dd9b29,0.063,,,
848,2026-08-25,SH600039,-0.012713022530078888,EXP_XGBModel_Alpha158_csi300_custom_step0_s_20260825_13,83f3a00f78a143489103ea83d1dd9b29,0.063,,,
849,2026-08-25,SH600036,0.023273039609193802,EXP_XGBModel_Alpha158_csi300_custom_step0_s_20260825_13,83f3a00f78a143489103ea83d1dd9b29,0.063,,,
850,2026-08-25,SH600031,-0.006816980894654989,EXP_XGBModel_Alpha158_csi300_custom_step0_s_20260825_13,83f3a00f78a143489103ea83d1dd9b29,0.063,,,
851,2026-08-25,SZ300896,-0.02572375163435936,EXP_LinearModel_Alpha158_csi300_custom_step0_s_20260825_13,481b5c0d593542ab92a0c68343c39cbc,0.141,,,
852,2026-08-25,SZ300999,-0.08193784952163696,EXP_LinearModel_Alpha158_csi300_custom_step0_s_20260825_13,481b5c0d593542ab92a0c68343c39cbc,0.141,,,
853,2026-08-25,SZ301165,0.2385052889585495,EXP_LinearModel_Alpha158_csi300_custom_step0_s_20260825_13,481b5c0d593542ab92a0c68343c39cbc,0.141,,,
854,2026-08-25,SZ301236,0.056518297642469406,EXP_LinearModel_Alpha158_csi300_custom_step0_s_20260825_13,481b5c0d593542ab92a0c68343c39cbc,0.141,,,
855,2026-08-25,SZ301269,0.11934637278318405,EXP_LinearModel_Alpha158_csi300_custom_step0_s_20260825_13,481b5c0d593542ab92a0c68343c39cbc,0.141,,,
856,2026-08-25,SZ301308,0.2450779378414154,EXP_LinearModel_Alpha158_csi300_custom_step0_s_20260825_13,481b5c0d593542ab92a0c68343c39cbc,0.141,,,
857,2026-08-25,SZ302132,0.09314179420471191,EXP_LinearModel_Alpha158_csi300_custom_step0_s_20260825_13,481b5c0d593542ab92a0c68343c39cbc,0.141,,,
858,2026-08-25,SH600000,-0.061430007219314575,EXP_XGBModel_Alpha158_csi300_custom_step0_s_20260825_13,83f3a00f78a143489103ea83d1dd9b29,0.063,,,
859,2026-08-25,SH600009,-0.023758813738822937,EXP_XGBModel_Alpha158_csi300_custom_step0_s_20260825_13,83f3a00f78a143489103ea83d1dd9b29,0.063,,,
860,2026-08-25,SH600010,0.010971850715577602,EXP_XGBModel_Alpha158_csi300_custom_step0_s_20260825_13,83f3a00f78a143489103ea83d1dd9b29,0.063,,,
861,2026-08-25,SH600362,0.11027467995882034,EXP_XGBModel_Alpha158_csi300_custom_step0_s_20260825_13,83f3a00f78a143489103ea83d1dd9b29,0.063,,,
862,2026-08-25,SH600011,0.013339538127183914,EXP_XGBModel_Alpha158_csi300_custom_step0_s_20260825_13,83f3a00f78a143489103ea83d1dd9b29,0.063,,,
863,2026-08-25,SH600016,-0.0015220690984278917,EXP_XGBModel_Alpha158_csi300_custom_step0_s_20260825_13,83f3a00f78a143489103ea83d1dd9b29,0.063,,,
864,2026-08-25,SH600018,-0.031083643436431885,EXP_XGBModel_Alpha158_csi300_custom_step0_s_20260825_13,83f3a00f78a143489103ea83d1dd9b29,0.063,,,
865,2026-08-25,SH600019,-0.03255215287208557,EXP_XGBModel_Alpha158_csi300_custom_step0_s_20260825_13,83f3a00f78a143489103ea83d1dd9b29,0.063,,,
866,2026-08-25,SH600023,-0.026925979182124138,EXP_XGBModel_Alpha158_csi300_custom_step0_s_20260825_13,83f3a00f78a143489103ea83d1dd9b29,0.063,,,
867,2026-08-25,SH600025,-0.015353855676949024,EXP_XGBModel_Alpha158_csi300_custom_step0_s_20260825_13,83f3a00f78a143489103ea83d1dd9b29,0.063,,,
868,2026-08-25,SH600026,0.1863590031862259,EXP_XGBModel_Alpha158_csi300_custom_step0_s_20260825_13,83f3a00f78a143489103ea83d1dd9b29,0.063,,,
869,2026-08-25,SH600027,-0.0024659070186316967,EXP_XGBModel_Alpha158_csi300_custom_step0_s_20260825_13,83f3a00f78a143489103ea83d1dd9b29,0.063,,,
870,2026-08-25,SH600028,0.05382579565048218,EXP_XGBModel_Alpha158_csi300_custom_step0_s_20260825_13,83f3a00f78a143489103ea83d1dd9b29,0.063,,,
871,2026-08-25,SH600029,-0.01161693874746561,EXP_XGBModel_Alpha158_csi300_custom_step0_s_20260825_13,83f3a00f78a143489103ea83d1dd9b29,0.063,,,
872,2026-08-25,SH600030,-0.032371290028095245,EXP_XGBModel_Alpha158_csi300_custom_step0_s_20260825_13,83f3a00f78a143489103ea83d1dd9b29,0.063,,,
873,2026-08-25,SH600015,-0.019728709012269974,EXP_XGBModel_Alpha158_csi300_custom_step0_s_20260825_13,83f3a00f78a143489103ea83d1dd9b29,0.063,,,
874,2026-08-25,SH600372,-0.00873255543410778,EXP_XGBModel_Alpha158_csi300_custom_step0_s_20260825_13,83f3a00f78a143489103ea83d1dd9b29,0.063,,,
875,2026-08-25,SH600406,-0.01843813806772232,EXP_XGBModel_Alpha158_csi300_custom_step0_s_20260825_13,83f3a00f78a143489103ea83d1dd9b29,0.063,,,
876,2026-08-25,SH600415,0.07033918052911758,EXP_XGBModel_Alpha158_csi300_custom_step0_s_20260825_13,83f3a00f78a143489103ea83d1dd9b29,0.063,,,
877,2026-08-25,SH600886,0.009028934873640537,EXP_XGBModel_Alpha158_csi300_custom_step0_s_20260825_13,83f3a00f78a143489103ea83d1dd9b29,0.063,,,
878,2026-08-25,SH600887,-0.019297368824481964,EXP_XGBModel_Alpha158_csi300_custom_step0_s_20260825_13,83f3a00f78a143489103ea83d1dd9b29,0.063,,,
879,2026-08-25,SH600893,0.02622945047914982,EXP_XGBModel_Alpha158_csi300_custom_step0_s_20260825_13,83f3a00f78a143489103ea83d1dd9b29,0.063,,,
880,2026-08-25,SH600900,-0.03169935196638107,EXP_XGBModel_Alpha158_csi300_custom_step0_s_20260825_13,83f3a00f78a143489103ea83d1dd9b29,0.063,,,
881,2026-08-25,SH600905,-0.022752203047275543,EXP_XGBModel_Alpha158_csi300_custom_step0_s_20260825_13,83f3a00f78a143489103ea83d1dd9b29,0.063,,,
882,2026-08-25,SH600918,-0.027669552713632584,EXP_XGBModel_Alpha158_csi300_custom_step0_s_20260825_13,83f3a00f78a143489103ea83d1dd9b29,0.063,,,
883,2026-08-25,SH600919,0.04600505530834198,EXP_XGBModel_Alpha158_csi300_custom_step0_s_20260825_13,83f3a00f78a143489103ea83d1dd9b29,0.063,,,
884,2026-08-25,SH600926,-0.009319709613919258,EXP_XGBModel_Alpha158_csi300_custom_step0_s_20260825_13,83f3a00f78a143489103ea83d1dd9b29,0.063,,,
885,2026-08-25,SH600930,0.12327868491411209,EXP_XGBModel_Alpha158_csi300_custom_step0_s_20260825_13,83f3a00f78a143489103ea83d1dd9b29,0.063,,,
886,2026-08-25,SH600938,0.022275494411587715,EXP_XGBModel_Alpha158_csi300_custom_step0_s_20260825_13,83f3a00f78a143489103ea83d1dd9b29,0.063,,,
887,2026-08-25,SH600875,0.015463149175047874,EXP_XGBModel_Alpha158_csi300_custom_step0_s_20260825_13,83f3a00f78a143489103ea83d1dd9b29,0.063,,,
888,2026-08-25,SH600941,0.006798646878451109,EXP_XGBModel_Alpha158_csi300_custom_step0_s_20260825_13,83f3a00f78a143489103ea83d1dd9b29,0.063,,,
889,2026-08-25,SH600989,0.026755983009934425,EXP_XGBModel_Alpha158_csi300_custom_step0_s_20260825_13,83f3a00f78a143489103ea83d1dd9b29,0.063,,,
890,2026-08-25,SH600999,-0.021584056317806244,EXP_XGBModel_Alpha158_csi300_custom_step0_s_20260825_13,83f3a00f78a143489103ea83d1dd9b29,0.063,,,
891,2026-08-25,SH601006,-0.008234398439526558,EXP_XGBModel_Alpha158_csi300_custom_step0_s_20260825_13,83f3a00f78a143489103ea83d1dd9b29,0.063,,,
892,2026-08-25,SH601009,-0.021039476618170738,EXP_XGBModel_Alpha158_csi300_custom_step0_s_20260825_13,83f3a00f78a143489103ea83d1dd9b29,0.063,,,
893,2026-08-25,SH601012,-0.02847895398736,EXP_XGBModel_Alpha158_csi300_custom_step0_s_20260825_13,83f3a00f78a143489103ea83d1dd9b29,0.063,,,
894,2026-08-25,SH601018,-0.00796839501708746,EXP_XGBModel_Alpha158_csi300_custom_step0_s_20260825_13,83f3a00f78a143489103ea83d1dd9b29,0.063,,,
895,2026-08-25,SH601021,-0.029062744230031967,EXP_XGBModel_Alpha158_csi300_custom_step0_s_20260825_13,83f3a00f78a143489103ea83d1dd9b29,0.063,,,
896,2026-08-25,SH601058,-0.034025538712739944,EXP_XGBModel_Alpha158_csi300_custom_step0_s_20260825_13,83f3a00f78a143489103ea83d1dd9b29,0.063,,,
897,2026-08-25,SH601059,-0.046704892069101334,EXP_XGBModel_Alpha158_csi300_custom_step0_s_20260825_13,83f3a00f78a143489103ea83d1dd9b29,0.063,,,
898,2026-08-25,SH601066,-0.042909666895866394,EXP_XGBModel_Alpha158_csi300_custom_step0_s_20260825_13,83f3a00f78a143489103ea83d1dd9b29,0.063,,,
899,2026-08-25,SH600958,-0.014193612150847912,EXP_XGBModel_Alpha158_csi300_custom_step0_s_20260825_13,83f3a00f78a143489103ea83d1dd9b29,0.063,,,
900,2026-08-25,SZ300866,0.14203594624996185,EXP_LinearModel_Alpha158_csi300_custom_step0_s_20260825_13,481b5c0d593542ab92a0c68343c39cbc,0.141,,,
901,2026-08-25,SH600845,-0.00787782110273838,EXP_XGBModel_Alpha158_csi300_custom_step0_s_20260825_13,83f3a00f78a143489103ea83d1dd9b29,0.063,,,
902,2026-08-25,SH600803,0.013498990796506405,EXP_XGBModel_Alpha158_csi300_custom_step0_s_20260825_13,83f3a00f78a143489103ea83d1dd9b29,0.063,,,
903,2026-08-25,SH600426,0.023216018453240395,EXP_XGBModel_Alpha158_csi300_custom_step0_s_20260825_13,83f3a00f78a143489103ea83d1dd9b29,0.063,,,
904,2026-08-25,SH600436,-0.0009533294360153377,EXP_XGBModel_Alpha158_csi300_custom_step0_s_20260825_13,83f3a00f78a143489103ea83d1dd9b29,0.063,,,
905,2026-08-25,SH600438,0.02477075159549713,EXP_XGBModel_Alpha158_csi300_custom_step0_s_20260825_13,83f3a00f78a143489103ea83d1dd9b29,0.063,,,
906,2026-08-25,SH600460,0.10882207751274109,EXP_XGBModel_Alpha158_csi300_custom_step0_s_20260825_13,83f3a00f78a143489103ea83d1dd9b29,0.063,,,
907,2026-08-25,SH600482,-0.05630755051970482,EXP_XGBModel_Alpha158_csi300_custom_step0_s_20260825_13,83f3a00f78a143489103ea83d1dd9b29,0.063,,,
908,2026-08-25,SH600489,0.2568632662296295,EXP_XGBModel_Alpha158_csi300_custom_step0_s_20260825_13,83f3a00f78a143489103ea83d1dd9b29,0.063,,,
909,2026-08-25,SH600515,0.0017676119459792972,EXP_XGBModel_Alpha158_csi300_custom_step0_s_20260825_13,83f3a00f78a143489103ea83d1dd9b29,0.063,,,
910,2026-08-25,SH600519,-0.0021330423187464476,EXP_XGBModel_Alpha158_csi300_custom_step0_s_20260825_13,83f3a00f78a143489103ea83d1dd9b29,0.063,,,
911,2026-08-25,SH600522,0.4153869152069092,EXP_XGBModel_Alpha158_csi300_custom_step0_s_20260825_13,83f3a00f78a143489103ea83d1dd9b29,0.063,,,
912,2026-08-25,SH600547,0.06341575086116791,EXP_XGBModel_Alpha158_csi300_custom_step0_s_20260825_13,83f3a00f78a143489103ea83d1dd9b29,0.063,,,
913,2026-08-25,SH600809,-0.02908392809331417,EXP_XGBModel_Alpha158_csi300_custom_step0_s_20260825_13,83f3a00f78a143489103ea83d1dd9b29,0.063,,,
914,2026-08-25,SH600549,0.2926613390445709,EXP_XGBModel_Alpha158_csi300_custom_step0_s_20260825_13,83f3a00f78a143489103ea83d1dd9b29,0.063,,,
915,2026-08-25,SH600584,-0.022462984547019005,EXP_XGBModel_Alpha158_csi300_custom_step0_s_20260825_13,83f3a00f78a143489103ea83d1dd9b29,0.063,,,
916,2026-08-25,SH600585,-0.023554861545562744,EXP_XGBModel_Alpha158_csi300_custom_step0_s_20260825_13,83f3a00f78a143489103ea83d1dd9b29,0.063,,,
917,2026-08-25,SH600588,0.07026001065969467,EXP_XGBModel_Alpha158_csi300_custom_step0_s_20260825_13,83f3a00f78a143489103ea83d1dd9b29,0.063,,,
918,2026-08-25,SH600600,-0.026812389492988586,EXP_XGBModel_Alpha158_csi300_custom_step0_s_20260825_13,83f3a00f78a143489103ea83d1dd9b29,0.063,,,
919,2026-08-25,SH600660,-0.028430763632059097,EXP_XGBModel_Alpha158_csi300_custom_step0_s_20260825_13,83f3a00f78a143489103ea83d1dd9b29,0.063,,,
920,2026-08-25,SH600674,-0.024643145501613617,EXP_XGBModel_Alpha158_csi300_custom_step0_s_20260825_13,83f3a00f78a143489103ea83d1dd9b29,0.063,,,
921,2026-08-25,SH600690,-0.010862387716770172,EXP_XGBModel_Alpha158_csi300_custom_step0_s_20260825_13,83f3a00f78a143489103ea83d1dd9b29,0.063,,,
922,2026-08-25,SH600741,-0.03208049759268761,EXP_XGBModel_Alpha158_csi300_custom_step0_s_20260825_13,83f3a00f78a143489103ea83d1dd9b29,0.063,,,
923,2026-08-25,SH600760,-0.004356800112873316,EXP_XGBModel_Alpha158_csi300_custom_step0_s_20260825_13,83f3a00f78a143489103ea83d1dd9b29,0.063,,,
924,2026-08-25,SH600795,0.011754260398447514,EXP_XGBModel_Alpha158_csi300_custom_step0_s_20260825_13,83f3a00f78a143489103ea83d1dd9b29,0.063,,,
925,2026-08-25,SH600570,0.0026750590186566114,EXP_XGBModel_Alpha158_csi300_custom_step0_s_20260825_13,83f3a00f78a143489103ea83d1dd9b29,0.063,,,
926,2026-08-25,SH601077,0.050661783665418625,EXP_XGBModel_Alpha158_csi300_custom_step0_s_20260825_13,83f3a00f78a143489103ea83d1dd9b29,0.063,,,
927,2026-08-25,SZ300832,-0.0024636024609208107,EXP_LinearModel_Alpha158_csi300_custom_step0_s_20260825_13,481b5c0d593542ab92a0c68343c39cbc,0.141,,,
928,2026-08-25,SZ300760,0.04835350066423416,EXP_LinearModel_Alpha158_csi300_custom_step0_s_20260825_13,481b5c0d593542ab92a0c68343c39cbc,0.141,,,
929,2026-08-25,SZ000938,0.21875189244747162,EXP_LinearModel_Alpha158_csi300_custom_step0_s_20260825_13,481b5c0d593542ab92a0c68343c39cbc,0.141,,,
930,2026-08-25,SZ000963,-0.08449074625968933,EXP_LinearModel_Alpha158_csi300_custom_step0_s_20260825_13,481b5c0d593542ab92a0c68343c39cbc,0.141,,,
931,2026-08-25,SZ000975,0.2540660500526428,EXP_LinearModel_Alpha158_csi300_custom_step0_s_20260825_13,481b5c0d593542ab92a0c68343c39cbc,0.141,,,
932,2026-08-25,SZ000977,0.16291312873363495,EXP_LinearModel_Alpha158_csi300_custom_step0_s_20260825_13,481b5c0d593542ab92a0c68343c39cbc,0.141,,,
933,2026-08-25,SZ000988,0.287187784910202,EXP_LinearModel_Alpha158_csi300_custom_step0_s_20260825_13,481b5c0d593542ab92a0c68343c39cbc,0.141,,,
934,2026-08-25,SZ000999,0.05983536317944527,EXP_LinearModel_Alpha158_csi300_custom_step0_s_20260825_13,481b5c0d593542ab92a0c68343c39cbc,0.141,,,
935,2026-08-25,SZ001280,0.1067022904753685,EXP_LinearModel_Alpha158_csi300_custom_step0_s_20260825_13,481b5c0d593542ab92a0c68343c39cbc,0.141,,,
936,2026-08-25,SZ001391,0.06481590867042542,EXP_LinearModel_Alpha158_csi300_custom_step0_s_20260825_13,481b5c0d593542ab92a0c68343c39cbc,0.141,,,
937,2026-08-25,SZ001965,-0.012085294350981712,EXP_LinearModel_Alpha158_csi300_custom_step0_s_20260825_13,481b5c0d593542ab92a0c68343c39cbc,0.141,,,
938,2026-08-25,SZ001979,-0.005557277239859104,EXP_LinearModel_Alpha158_csi300_custom_step0_s_20260825_13,481b5c0d593542ab92a0c68343c39cbc,0.141,,,
939,2026-08-25,SZ002001,-0.08411194384098053,EXP_LinearModel_Alpha158_csi300_custom_step0_s_20260825_13,481b5c0d593542ab92a0c68343c39cbc,0.141,,,
940,2026-08-25,SZ002027,-0.05243579298257828,EXP_LinearModel_Alpha158_csi300_custom_step0_s_20260825_13,481b5c0d593542ab92a0c68343c39cbc,0.141,,,
941,2026-08-25,SZ002028,0.09308324754238129,EXP_LinearModel_Alpha158_csi300_custom_step0_s_20260825_13,481b5c0d593542ab92a0c68343c39cbc,0.141,,,
942,2026-08-25,SZ002049,0.19939273595809937,EXP_LinearModel_Alpha158_csi300_custom_step0_s_20260825_13,481b5c0d593542ab92a0c68343c39cbc,0.141,,,
943,2026-08-25,SZ002050,0.18210242688655853,EXP_LinearModel_Alpha158_csi300_custom_step0_s_20260825_13,481b5c0d593542ab92a0c68343c39cbc,0.141,,,
944,2026-08-25,SZ002074,-0.09284910559654236,EXP_LinearModel_Alpha158_csi300_custom_step0_s_20260825_13,481b5c0d593542ab92a0c68343c39cbc,0.141,,,
945,2026-08-25,SZ002142,0.01783110573887825,EXP_LinearModel_Alpha158_csi300_custom_step0_s_20260825_13,481b5c0d593542ab92a0c68343c39cbc,0.141,,,
946,2026-08-25,SZ002179,-0.01645052805542946,EXP_LinearModel_Alpha158_csi300_custom_step0_s_20260825_13,481b5c0d593542ab92a0c68343c39cbc,0.141,,,
947,2026-08-25,SZ002202,0.16637390851974487,EXP_LinearModel_Alpha158_csi300_custom_step0_s_20260825_13,481b5c0d593542ab92a0c68343c39cbc,0.141,,,
948,2026-08-25,SZ002230,-0.00990643072873354,EXP_LinearModel_Alpha158_csi300_custom_step0_s_20260825_13,481b5c0d593542ab92a0c68343c39cbc,0.141,,,
949,2026-08-25,SZ002236,-0.07382846623659134,EXP_LinearModel_Alpha158_csi300_custom_step0_s_20260825_13,481b5c0d593542ab92a0c68343c39cbc,0.141,,,
950,2026-08-25,SZ000895,-0.032521359622478485,EXP_LinearModel_Alpha158_csi300_custom_step0_s_20260825_13,481b5c0d593542ab92a0c68343c39cbc,0.141,,,
951,2026-08-25,SZ000858,-0.06727499514818192,EXP_LinearModel_Alpha158_csi300_custom_step0_s_20260825_13,481b5c0d593542ab92a0c68343c39cbc,0.141,,,
952,2026-08-25,SZ000807,0.12909771502017975,EXP_LinearModel_Alpha158_csi300_custom_step0_s_20260825_13,481b5c0d593542ab92a0c68343c39cbc,0.141,,,
953,2026-08-25,SZ000792,0.1403294950723648,EXP_LinearModel_Alpha158_csi300_custom_step0_s_20260825_13,481b5c0d593542ab92a0c68343c39cbc,0.141,,,
954,2026-08-25,SZ000002,-0.13783542811870575,EXP_LinearModel_Alpha158_csi300_custom_step0_s_20260825_13,481b5c0d593542ab92a0c68343c39cbc,0.141,,,
955,2026-08-25,SZ000063,0.08222505450248718,EXP_LinearModel_Alpha158_csi300_custom_step0_s_20260825_13,481b5c0d593542ab92a0c68343c39cbc,0.141,,,
956,2026-08-25,SZ000100,-0.06706090271472931,EXP_LinearModel_Alpha158_csi300_custom_step0_s_20260825_13,481b5c0d593542ab92a0c68343c39cbc,0.141,,,
957,2026-08-25,SZ000157,0.0058957901783287525,EXP_LinearModel_Alpha158_csi300_custom_step0_s_20260825_13,481b5c0d593542ab92a0c68343c39cbc,0.141,,,
958,2026-08-25,SZ000166,0.00908796675503254,EXP_LinearModel_Alpha158_csi300_custom_step0_s_20260825_13,481b5c0d593542ab92a0c68343c39cbc,0.141,,,
959,2026-08-25,SZ000301,0.07920002192258835,EXP_LinearModel_Alpha158_csi300_custom_step0_s_20260825_13,481b5c0d593542ab92a0c68343c39cbc,0.141,,,
960,2026-08-25,SZ000333,-0.0796981081366539,EXP_LinearModel_Alpha158_csi300_custom_step0_s_20260825_13,481b5c0d593542ab92a0c68343c39cbc,0.141,,,
961,2026-08-25,SZ000338,0.2522057592868805,EXP_LinearModel_Alpha158_csi300_custom_step0_s_20260825_13,481b5c0d593542ab92a0c68343c39cbc,0.141,,,
962,2026-08-25,SZ000408,0.05890534445643425,EXP_LinearModel_Alpha158_csi300_custom_step0_s_20260825_13,481b5c0d593542ab92a0c68343c39cbc,0.141,,,
963,2026-08-25,SZ000425,-0.03730884939432144,EXP_LinearModel_Alpha158_csi300_custom_step0_s_20260825_13,481b5c0d593542ab92a0c68343c39cbc,0.141,,,
964,2026-08-25,SZ002241,-0.07032857835292816,EXP_LinearModel_Alpha158_csi300_custom_step0_s_20260825_13,481b5c0d593542ab92a0c68343c39cbc,0.141,,,
965,2026-08-25,SZ000538,0.046507351100444794,EXP_LinearModel_Alpha158_csi300_custom_step0_s_20260825_13,481b5c0d593542ab92a0c68343c39cbc,0.141,,,
966,2026-08-25,SZ000596,-0.10330689698457718,EXP_LinearModel_Alpha158_csi300_custom_step0_s_20260825_13,481b5c0d593542ab92a0c68343c39cbc,0.141,,,
967,2026-08-25,SZ000617,0.008552029728889465,EXP_LinearModel_Alpha158_csi300_custom_step0_s_20260825_13,481b5c0d593542ab92a0c68343c39cbc,0.141,,,
968,2026-08-25,SZ000625,-0.08340156078338623,EXP_LinearModel_Alpha158_csi300_custom_step0_s_20260825_13,481b5c0d593542ab92a0c68343c39cbc,0.141,,,
969,2026-08-25,SZ000630,0.18386682868003845,EXP_LinearModel_Alpha158_csi300_custom_step0_s_20260825_13,481b5c0d593542ab92a0c68343c39cbc,0.141,,,
970,2026-08-25,SZ000651,-0.012747405096888542,EXP_LinearModel_Alpha158_csi300_custom_step0_s_20260825_13,481b5c0d593542ab92a0c68343c39cbc,0.141,,,
971,2026-08-25,SZ000657,0.266732394695282,EXP_LinearModel_Alpha158_csi300_custom_step0_s_20260825_13,481b5c0d593542ab92a0c68343c39cbc,0.141,,,
972,2026-08-25,SZ000708,-0.060776907950639725,EXP_LinearModel_Alpha158_csi300_custom_step0_s_20260825_13,481b5c0d593542ab92a0c68343c39cbc,0.141,,,
973,2026-08-25,SZ000725,-0.04645202308893204,EXP_LinearModel_Alpha158_csi300_custom_step0_s_20260825_13,481b5c0d593542ab92a0c68343c39cbc,0.141,,,
974,2026-08-25,SZ000768,0.09444306790828705,EXP_LinearModel_Alpha158_csi300_custom_step0_s_20260825_13,481b5c0d593542ab92a0c68343c39cbc,0.141,,,
975,2026-08-25,SZ000776,-0.057676903903484344,EXP_LinearModel_Alpha158_csi300_custom_step0_s_20260825_13,481b5c0d593542ab92a0c68343c39cbc,0.141,,,
976,2026-08-25,SZ000568,0.01813032664358616,EXP_LinearModel_Alpha158_csi300_custom_step0_s_20260825_13,481b5c0d593542ab92a0c68343c39cbc,0.141,,,
977,2026-08-25,SZ002304,-0.10080034285783768,EXP_LinearModel_Alpha158_csi300_custom_step0_s_20260825_13,481b5c0d593542ab92a0c68343c39cbc,0.141,,,
978,2026-08-25,SZ002311,-0.051980432122945786,EXP_LinearModel_Alpha158_csi300_custom_step0_s_20260825_13,481b5c0d593542ab92a0c68343c39cbc,0.141,,,
979,2026-08-25,SZ002352,0.03596062213182449,EXP_LinearModel_Alpha158_csi300_custom_step0_s_20260825_13,481b5c0d593542ab92a0c68343c39cbc,0.141,,,
980,2026-08-25,SZ300015,5.090062040835619e-05,EXP_LinearModel_Alpha158_csi300_custom_step0_s_20260825_13,481b5c0d593542ab92a0c68343c39cbc,0.141,,,
981,2026-08-25,SZ300033,0.0005612717941403389,EXP_LinearModel_Alpha158_csi300_custom_step0_s_20260825_13,481b5c0d593542ab92a0c68343c39cbc,0.141,,,
982,2026-08-25,SZ300059,-0.05745280161499977,EXP_LinearModel_Alpha158_csi300_custom_step0_s_20260825_13,481b5c0d593542ab92a0c68343c39cbc,0.141,,,
983,2026-08-25,SZ300122,-0.1172741949558258,EXP_LinearModel_Alpha158_csi300_custom_step0_s_20260825_13,481b5c0d593542ab92a0c68343c39cbc,0.141,,,
984,2026-08-25,SZ300124,0.06449932605028152,EXP_LinearModel_Alpha158_csi300_custom_step0_s_20260825_13,481b5c0d593542ab92a0c68343c39cbc,0.141,,,
985,2026-08-25,SZ300251,-0.04208068549633026,EXP_LinearModel_Alpha158_csi300_custom_step0_s_20260825_13,481b5c0d593542ab92a0c68343c39cbc,0.141,,,
986,2026-08-25,SZ300274,0.17437145113945007,EXP_LinearModel_Alpha158_csi300_custom_step0_s_20260825_13,481b5c0d593542ab92a0c68343c39cbc,0.141,,,
987,2026-08-25,SZ300308,0.33737194538116455,EXP_LinearModel_Alpha158_csi300_custom_step0_s_20260825_13,481b5c0d593542ab92a0c68343c39cbc,0.141,,,
988,2026-08-25,SZ300316,0.17515379190444946,EXP_LinearModel_Alpha158_csi300_custom_step0_s_20260825_13,481b5c0d593542ab92a0c68343c39cbc,0.141,,,
989,2026-08-25,SZ300394,0.2073674350976944,EXP_LinearModel_Alpha158_csi300_custom_step0_s_20260825_13,481b5c0d593542ab92a0c68343c39cbc,0.141,,,
990,2026-08-25,SZ300014,0.060935746878385544,EXP_LinearModel_Alpha158_csi300_custom_step0_s_20260825_13,481b5c0d593542ab92a0c68343c39cbc,0.141,,,
991,2026-08-25,SZ300408,0.6168544292449951,EXP_LinearModel_Alpha158_csi300_custom_step0_s_20260825_13,481b5c0d593542ab92a0c68343c39cbc,0.141,,,
992,2026-08-25,SZ300418,-0.025710849091410637,EXP_LinearModel_Alpha158_csi300_custom_step0_s_20260825_13,481b5c0d593542ab92a0c68343c39cbc,0.141,,,
993,2026-08-25,SZ300433,-0.09638606011867523,EXP_LinearModel_Alpha158_csi300_custom_step0_s_20260825_13,481b5c0d593542ab92a0c68343c39cbc,0.141,,,
994,2026-08-25,SZ300442,0.18959037959575653,EXP_LinearModel_Alpha158_csi300_custom_step0_s_20260825_13,481b5c0d593542ab92a0c68343c39cbc,0.141,,,
995,2026-08-25,SZ300450,0.17757563292980194,EXP_LinearModel_Alpha158_csi300_custom_step0_s_20260825_13,481b5c0d593542ab92a0c68343c39cbc,0.141,,,
996,2026-08-25,SZ300476,0.3660868704319,EXP_LinearModel_Alpha158_csi300_custom_step0_s_20260825_13,481b5c0d593542ab92a0c68343c39cbc,0.141,,,
997,2026-08-25,SZ300498,-0.0852048248052597,EXP_LinearModel_Alpha158_csi300_custom_step0_s_20260825_13,481b5c0d593542ab92a0c68343c39cbc,0.141,,,
998,2026-08-25,SZ300502,0.4294079840183258,EXP_LinearModel_Alpha158_csi300_custom_step0_s_20260825_13,481b5c0d593542ab92a0c68343c39cbc,0.141,,,
999,2026-08-25,SZ300628,-0.012762470170855522,EXP_LinearModel_Alpha158_csi300_custom_step0_s_20260825_13,481b5c0d593542ab92a0c68343c39cbc,0.141,,,
1000,2026-08-25,SZ300661,0.18715280294418335,EXP_LinearModel_Alpha158_csi300_custom_step0_s_20260825_13,481b5c0d593542ab92a0c68343c39cbc,0.141,,,
1001,2026-08-25,SZ300750,-0.04091031476855278,EXP_LinearModel_Alpha158_csi300_custom_step0_s_20260825_13,481b5c0d593542ab92a0c68343c39cbc,0.141,,,
1002,2026-08-25,SZ300413,0.03753659501671791,EXP_LinearModel_Alpha158_csi300_custom_step0_s_20260825_13,481b5c0d593542ab92a0c68343c39cbc,0.141,,,
1003,2026-08-25,SZ300803,0.09047482162714005,EXP_LinearModel_Alpha158_csi300_custom_step0_s_20260825_13,481b5c0d593542ab92a0c68343c39cbc,0.141,,,
1004,2026-08-25,SZ003816,0.002772347070276737,EXP_LinearModel_Alpha158_csi300_custom_step0_s_20260825_13,481b5c0d593542ab92a0c68343c39cbc,0.141,,,
1005,2026-08-25,SZ002920,0.12114308774471283,EXP_LinearModel_Alpha158_csi300_custom_step0_s_20260825_13,481b5c0d593542ab92a0c68343c39cbc,0.141,,,
1006,2026-08-25,SZ002353,0.34498390555381775,EXP_LinearModel_Alpha158_csi300_custom_step0_s_20260825_13,481b5c0d593542ab92a0c68343c39cbc,0.141,,,
1007,2026-08-25,SZ002371,0.05623416230082512,EXP_LinearModel_Alpha158_csi300_custom_step0_s_20260825_13,481b5c0d593542ab92a0c68343c39cbc,0.141,,,
1008,2026-08-25,SZ002384,0.20751293003559113,EXP_LinearModel_Alpha158_csi300_custom_step0_s_20260825_13,481b5c0d593542ab92a0c68343c39cbc,0.141,,,
1009,2026-08-25,SZ002415,-0.10847093909978867,EXP_LinearModel_Alpha158_csi300_custom_step0_s_20260825_13,481b5c0d593542ab92a0c68343c39cbc,0.141,,,
1010,2026-08-25,SZ002422,-0.1370161473751068,EXP_LinearModel_Alpha158_csi300_custom_step0_s_20260825_13,481b5c0d593542ab92a0c68343c39cbc,0.141,,,
1011,2026-08-25,SZ002460,0.20542290806770325,EXP_LinearModel_Alpha158_csi300_custom_step0_s_20260825_13,481b5c0d593542ab92a0c68343c39cbc,0.141,,,
1012,2026-08-25,SZ002463,0.2551933825016022,EXP_LinearModel_Alpha158_csi300_custom_step0_s_20260825_13,481b5c0d593542ab92a0c68343c39cbc,0.141,,,
1013,2026-08-25,SZ002466,0.11630861461162567,EXP_LinearModel_Alpha158_csi300_custom_step0_s_20260825_13,481b5c0d593542ab92a0c68343c39cbc,0.141,,,
1014,2026-08-25,SZ002475,0.13530565798282623,EXP_LinearModel_Alpha158_csi300_custom_step0_s_20260825_13,481b5c0d593542ab92a0c68343c39cbc,0.141,,,
1015,2026-08-25,SZ002493,0.08450882136821747,EXP_LinearModel_Alpha158_csi300_custom_step0_s_20260825_13,481b5c0d593542ab92a0c68343c39cbc,0.141,,,
1016,2026-08-25,SZ002938,0.24039538204669952,EXP_LinearModel_Alpha158_csi300_custom_step0_s_20260825_13,481b5c0d593542ab92a0c68343c39cbc,0.141,,,
1017,2026-08-25,SZ002532,0.09003686159849167,EXP_LinearModel_Alpha158_csi300_custom_step0_s_20260825_13,481b5c0d593542ab92a0c68343c39cbc,0.141,,,
1018,2026-08-25,SZ002594,-0.04142450541257858,EXP_LinearModel_Alpha158_csi300_custom_step0_s_20260825_13,481b5c0d593542ab92a0c68343c39cbc,0.141,,,
1019,2026-08-25,SZ002600,0.08414631336927414,EXP_LinearModel_Alpha158_csi300_custom_step0_s_20260825_13,481b5c0d593542ab92a0c68343c39cbc,0.141,,,
1020,2026-08-25,SZ002602,0.1500692069530487,EXP_LinearModel_Alpha158_csi300_custom_step0_s_20260825_13,481b5c0d593542ab92a0c68343c39cbc,0.141,,,
1021,2026-08-25,SZ002625,0.16117683053016663,EXP_LinearModel_Alpha158_csi300_custom_step0_s_20260825_13,481b5c0d593542ab92a0c68343c39cbc,0.141,,,
1022,2026-08-25,SZ002648,0.127499520778656,EXP_LinearModel_Alpha158_csi300_custom_step0_s_20260825_13,481b5c0d593542ab92a0c68343c39cbc,0.141,,,
1023,2026-08-25,SZ002709,0.12673455476760864,EXP_LinearModel_Alpha158_csi300_custom_step0_s_20260825_13,481b5c0d593542ab92a0c68343c39cbc,0.141,,,
1024,2026-08-25,SZ002714,-0.048177700489759445,EXP_LinearModel_Alpha158_csi300_custom_step0_s_20260825_13,481b5c0d593542ab92a0c68343c39cbc,0.141,,,
1025,2026-08-25,SZ002736,-0.025834642350673676,EXP_LinearModel_Alpha158_csi300_custom_step0_s_20260825_13,481b5c0d593542ab92a0c68343c39cbc,0.141,,,
1026,2026-08-25,SZ002837,0.12272795289754868,EXP_LinearModel_Alpha158_csi300_custom_step0_s_20260825_13,481b5c0d593542ab92a0c68343c39cbc,0.141,,,
1027,2026-08-25,SZ002916,0.38724273443222046,EXP_LinearModel_Alpha158_csi300_custom_step0_s_20260825_13,481b5c0d593542ab92a0c68343c39cbc,0.141,,,
1028,2026-08-25,SZ002558,0.034125953912734985,EXP_LinearModel_Alpha158_csi300_custom_step0_s_20260825_13,481b5c0d593542ab92a0c68343c39cbc,0.141,,,
1029,2026-08-25,SZ000001,-0.025569312274456024,EXP_LinearModel_Alpha158_csi300_custom_step0_s_20260825_13,481b5c0d593542ab92a0c68343c39cbc,0.141,,,
1030,2026-08-25,SH601088,0.011998257599771023,EXP_XGBModel_Alpha158_csi300_custom_step0_s_20260825_13,83f3a00f78a143489103ea83d1dd9b29,0.063,,,
1031,2026-08-25,SH601111,-0.007861788384616375,EXP_XGBModel_Alpha158_csi300_custom_step0_s_20260825_13,83f3a00f78a143489103ea83d1dd9b29,0.063,,,
1032,2026-08-25,SZ001979,-0.038532864302396774,EXP_XGBModel_Alpha158_csi300_custom_step0_s_20260825_13,83f3a00f78a143489103ea83d1dd9b29,0.063,,,
1033,2026-08-25,SZ002001,-0.06195593997836113,EXP_XGBModel_Alpha158_csi300_custom_step0_s_20260825_13,83f3a00f78a143489103ea83d1dd9b29,0.063,,,
1034,2026-08-25,SZ002027,-0.0016311064828187227,EXP_XGBModel_Alpha158_csi300_custom_step0_s_20260825_13,83f3a00f78a143489103ea83d1dd9b29,0.063,,,
1035,2026-08-25,SZ002028,0.08584469556808472,EXP_XGBModel_Alpha158_csi300_custom_step0_s_20260825_13,83f3a00f78a143489103ea83d1dd9b29,0.063,,,
1036,2026-08-25,SZ002049,0.04091600701212883,EXP_XGBModel_Alpha158_csi300_custom_step0_s_20260825_13,83f3a00f78a143489103ea83d1dd9b29,0.063,,,
1037,2026-08-25,SZ002050,-0.02449190430343151,EXP_XGBModel_Alpha158_csi300_custom_step0_s_20260825_13,83f3a00f78a143489103ea83d1dd9b29,0.063,,,
1038,2026-08-25,SZ002074,0.06002623587846756,EXP_XGBModel_Alpha158_csi300_custom_step0_s_20260825_13,83f3a00f78a143489103ea83d1dd9b29,0.063,,,
1039,2026-08-25,SZ002142,0.014361807145178318,EXP_XGBModel_Alpha158_csi300_custom_step0_s_20260825_13,83f3a00f78a143489103ea83d1dd9b29,0.063,,,
1040,2026-08-25,SZ002179,0.09048667550086975,EXP_XGBModel_Alpha158_csi300_custom_step0_s_20260825_13,83f3a00f78a143489103ea83d1dd9b29,0.063,,,
1041,2026-08-25,SZ002202,0.14263787865638733,EXP_XGBModel_Alpha158_csi300_custom_step0_s_20260825_13,83f3a00f78a143489103ea83d1dd9b29,0.063,,,
1042,2026-08-25,SZ002230,-0.0058028316125273705,EXP_XGBModel_Alpha158_csi300_custom_step0_s_20260825_13,83f3a00f78a143489103ea83d1dd9b29,0.063,,,
1043,2026-08-25,SZ002236,-0.0069228229112923145,EXP_XGBModel_Alpha158_csi300_custom_step0_s_20260825_13,83f3a00f78a143489103ea83d1dd9b29,0.063,,,
1044,2026-08-25,SZ002241,-0.03406282141804695,EXP_XGBModel_Alpha158_csi300_custom_step0_s_20260825_13,83f3a00f78a143489103ea83d1dd9b29,0.063,,,
1045,2026-08-25,SZ002304,-0.007290882524102926,EXP_XGBModel_Alpha158_csi300_custom_step0_s_20260825_13,83f3a00f78a143489103ea83d1dd9b29,0.063,,,
1046,2026-08-25,SZ002311,-0.020878763869404793,EXP_XGBModel_Alpha158_csi300_custom_step0_s_20260825_13,83f3a00f78a143489103ea83d1dd9b29,0.063,,,
1047,2026-08-25,SZ002352,-0.03649401664733887,EXP_XGBModel_Alpha158_csi300_custom_step0_s_20260825_13,83f3a00f78a143489103ea83d1dd9b29,0.063,,,
1048,2026-08-25,SZ002353,0.32054877281188965,EXP_XGBModel_Alpha158_csi300_custom_step0_s_20260825_13,83f3a00f78a143489103ea83d1dd9b29,0.063,,,
1049,2026-08-25,SZ002371,-0.033443816006183624,EXP_XGBModel_Alpha158_csi300_custom_step0_s_20260825_13,83f3a00f78a143489103ea83d1dd9b29,0.063,,,
1050,2026-08-25,SZ002384,0.23199497163295746,EXP_XGBModel_Alpha158_csi300_custom_step0_s_20260825_13,83f3a00f78a143489103ea83d1dd9b29,0.063,,,
1051,2026-08-25,SZ002415,-0.022323310375213623,EXP_XGBModel_Alpha158_csi300_custom_step0_s_20260825_13,83f3a00f78a143489103ea83d1dd9b29,0.063,,,
1052,2026-08-25,SZ002422,-0.16039782762527466,EXP_XGBModel_Alpha158_csi300_custom_step0_s_20260825_13,83f3a00f78a143489103ea83d1dd9b29,0.063,,,
1053,2026-08-25,SZ001965,0.0708853229880333,EXP_XGBModel_Alpha158_csi300_custom_step0_s_20260825_13,83f3a00f78a143489103ea83d1dd9b29,0.063,,,
1054,2026-08-25,SZ001391,-0.0009758095839060843,EXP_XGBModel_Alpha158_csi300_custom_step0_s_20260825_13,83f3a00f78a143489103ea83d1dd9b29,0.063,,,
1055,2026-08-25,SZ001280,-0.03196025639772415,EXP_XGBModel_Alpha158_csi300_custom_step0_s_20260825_13,83f3a00f78a143489103ea83d1dd9b29,0.063,,,
1056,2026-08-25,SZ000999,-0.005560778081417084,EXP_XGBModel_Alpha158_csi300_custom_step0_s_20260825_13,83f3a00f78a143489103ea83d1dd9b29,0.063,,,
1057,2026-08-25,SZ000425,-0.028127847239375114,EXP_XGBModel_Alpha158_csi300_custom_step0_s_20260825_13,83f3a00f78a143489103ea83d1dd9b29,0.063,,,
1058,2026-08-25,SZ000538,-0.015358331613242626,EXP_XGBModel_Alpha158_csi300_custom_step0_s_20260825_13,83f3a00f78a143489103ea83d1dd9b29,0.063,,,
1059,2026-08-25,SZ000568,-0.027881357818841934,EXP_XGBModel_Alpha158_csi300_custom_step0_s_20260825_13,83f3a00f78a143489103ea83d1dd9b29,0.063,,,
1060,2026-08-25,SZ000596,-0.023365333676338196,EXP_XGBModel_Alpha158_csi300_custom_step0_s_20260825_13,83f3a00f78a143489103ea83d1dd9b29,0.063,,,
1061,2026-08-25,SZ000617,-0.03907249867916107,EXP_XGBModel_Alpha158_csi300_custom_step0_s_20260825_13,83f3a00f78a143489103ea83d1dd9b29,0.063,,,
1062,2026-08-25,SZ000625,-0.020558377727866173,EXP_XGBModel_Alpha158_csi300_custom_step0_s_20260825_13,83f3a00f78a143489103ea83d1dd9b29,0.063,,,
1063,2026-08-25,SZ000630,0.04328952357172966,EXP_XGBModel_Alpha158_csi300_custom_step0_s_20260825_13,83f3a00f78a143489103ea83d1dd9b29,0.063,,,
1064,2026-08-25,SZ000651,-0.007229488808661699,EXP_XGBModel_Alpha158_csi300_custom_step0_s_20260825_13,83f3a00f78a143489103ea83d1dd9b29,0.063,,,
1065,2026-08-25,SZ000657,0.1739397495985031,EXP_XGBModel_Alpha158_csi300_custom_step0_s_20260825_13,83f3a00f78a143489103ea83d1dd9b29,0.063,,,
1066,2026-08-25,SZ000708,-0.012185236439108849,EXP_XGBModel_Alpha158_csi300_custom_step0_s_20260825_13,83f3a00f78a143489103ea83d1dd9b29,0.063,,,
1067,2026-08-25,SZ002460,0.11615094542503357,EXP_XGBModel_Alpha158_csi300_custom_step0_s_20260825_13,83f3a00f78a143489103ea83d1dd9b29,0.063,,,
1068,2026-08-25,SZ000725,0.04214250668883324,EXP_XGBModel_Alpha158_csi300_custom_step0_s_20260825_13,83f3a00f78a143489103ea83d1dd9b29,0.063,,,
1069,2026-08-25,SZ000776,-0.011770768091082573,EXP_XGBModel_Alpha158_csi300_custom_step0_s_20260825_13,83f3a00f78a143489103ea83d1dd9b29,0.063,,,
1070,2026-08-25,SZ000792,0.005783898755908012,EXP_XGBModel_Alpha158_csi300_custom_step0_s_20260825_13,83f3a00f78a143489103ea83d1dd9b29,0.063,,,
1071,2026-08-25,SZ000807,0.00806547049432993,EXP_XGBModel_Alpha158_csi300_custom_step0_s_20260825_13,83f3a00f78a143489103ea83d1dd9b29,0.063,,,
1072,2026-08-25,SZ000858,-0.032553378492593765,EXP_XGBModel_Alpha158_csi300_custom_step0_s_20260825_13,83f3a00f78a143489103ea83d1dd9b29,0.063,,,
1073,2026-08-25,SZ000895,-0.03477761521935463,EXP_XGBModel_Alpha158_csi300_custom_step0_s_20260825_13,83f3a00f78a143489103ea83d1dd9b29,0.063,,,
1074,2026-08-25,SZ000938,-0.061110805720090866,EXP_XGBModel_Alpha158_csi300_custom_step0_s_20260825_13,83f3a00f78a143489103ea83d1dd9b29,0.063,,,
1075,2026-08-25,SZ000963,-0.053074102848768234,EXP_XGBModel_Alpha158_csi300_custom_step0_s_20260825_13,83f3a00f78a143489103ea83d1dd9b29,0.063,,,
1076,2026-08-25,SZ000975,0.27157044410705566,EXP_XGBModel_Alpha158_csi300_custom_step0_s_20260825_13,83f3a00f78a143489103ea83d1dd9b29,0.063,,,
1077,2026-08-25,SZ000977,0.027548151090741158,EXP_XGBModel_Alpha158_csi300_custom_step0_s_20260825_13,83f3a00f78a143489103ea83d1dd9b29,0.063,,,
1078,2026-08-25,SZ000988,0.012457112781703472,EXP_XGBModel_Alpha158_csi300_custom_step0_s_20260825_13,83f3a00f78a143489103ea83d1dd9b29,0.063,,,
1079,2026-08-25,SZ000768,-0.04906406253576279,EXP_XGBModel_Alpha158_csi300_custom_step0_s_20260825_13,83f3a00f78a143489103ea83d1dd9b29,0.063,,,
1080,2026-08-25,SZ002463,0.11097216606140137,EXP_XGBModel_Alpha158_csi300_custom_step0_s_20260825_13,83f3a00f78a143489103ea83d1dd9b29,0.063,,,
1081,2026-08-25,SZ002466,0.045949537307024,EXP_XGBModel_Alpha158_csi300_custom_step0_s_20260825_13,83f3a00f78a143489103ea83d1dd9b29,0.063,,,
1082,2026-08-25,SZ002475,0.013756086118519306,EXP_XGBModel_Alpha158_csi300_custom_step0_s_20260825_13,83f3a00f78a143489103ea83d1dd9b29,0.063,,,
1083,2026-08-25,SZ300394,0.21265599131584167,EXP_XGBModel_Alpha158_csi300_custom_step0_s_20260825_13,83f3a00f78a143489103ea83d1dd9b29,0.063,,,
1084,2026-08-25,SZ300408,0.6625914573669434,EXP_XGBModel_Alpha158_csi300_custom_step0_s_20260825_13,83f3a00f78a143489103ea83d1dd9b29,0.063,,,
1085,2026-08-25,SZ300413,-0.026026522740721703,EXP_XGBModel_Alpha158_csi300_custom_step0_s_20260825_13,83f3a00f78a143489103ea83d1dd9b29,0.063,,,
1086,2026-08-25,SZ300418,0.0024811848998069763,EXP_XGBModel_Alpha158_csi300_custom_step0_s_20260825_13,83f3a00f78a143489103ea83d1dd9b29,0.063,,,
1087,2026-08-25,SZ300433,0.1972666084766388,EXP_XGBModel_Alpha158_csi300_custom_step0_s_20260825_13,83f3a00f78a143489103ea83d1dd9b29,0.063,,,
1088,2026-08-25,SZ300442,0.062315527349710464,EXP_XGBModel_Alpha158_csi300_custom_step0_s_20260825_13,83f3a00f78a143489103ea83d1dd9b29,0.063,,,
1089,2026-08-25,SZ300450,0.06533622741699219,EXP_XGBModel_Alpha158_csi300_custom_step0_s_20260825_13,83f3a00f78a143489103ea83d1dd9b29,0.063,,,
1090,2026-08-25,SZ300476,0.27180713415145874,EXP_XGBModel_Alpha158_csi300_custom_step0_s_20260825_13,83f3a00f78a143489103ea83d1dd9b29,0.063,,,
1091,2026-08-25,SZ300498,-0.030678484588861465,EXP_XGBModel_Alpha158_csi300_custom_step0_s_20260825_13,83f3a00f78a143489103ea83d1dd9b29,0.063,,,
1092,2026-08-25,SZ300502,0.4061087667942047,EXP_XGBModel_Alpha158_csi300_custom_step0_s_20260825_13,83f3a00f78a143489103ea83d1dd9b29,0.063,,,
1093,2026-08-25,SZ300316,0.07916382700204849,EXP_XGBModel_Alpha158_csi300_custom_step0_s_20260825_13,83f3a00f78a143489103ea83d1dd9b29,0.063,,,
1094,2026-08-25,SZ300628,0.053716544061899185,EXP_XGBModel_Alpha158_csi300_custom_step0_s_20260825_13,83f3a00f78a143489103ea83d1dd9b29,0.063,,,
1095,2026-08-25,SZ300750,0.015595285221934319,EXP_XGBModel_Alpha158_csi300_custom_step0_s_20260825_13,83f3a00f78a143489103ea83d1dd9b29,0.063,,,
1096,2026-08-25,SZ300760,0.0603627972304821,EXP_XGBModel_Alpha158_csi300_custom_step0_s_20260825_13,83f3a00f78a143489103ea83d1dd9b29,0.063,,,
1097,2026-08-25,SZ300803,0.012454699724912643,EXP_XGBModel_Alpha158_csi300_custom_step0_s_20260825_13,83f3a00f78a143489103ea83d1dd9b29,0.063,,,
1098,2026-08-25,SZ300832,-0.0010559118818491697,EXP_XGBModel_Alpha158_csi300_custom_step0_s_20260825_13,83f3a00f78a143489103ea83d1dd9b29,0.063,,,
1099,2026-08-25,SZ300866,0.1575963944196701,EXP_XGBModel_Alpha158_csi300_custom_step0_s_20260825_13,83f3a00f78a143489103ea83d1dd9b29,0.063,,,
1100,2026-08-25,SZ300896,-0.03041667677462101,EXP_XGBModel_Alpha158_csi300_custom_step0_s_20260825_13,83f3a00f78a143489103ea83d1dd9b29,0.063,,,
1101,2026-08-25,SZ300999,0.00350648513995111,EXP_XGBModel_Alpha158_csi300_custom_step0_s_20260825_13,83f3a00f78a143489103ea83d1dd9b29,0.063,,,
1102,2026-08-25,SZ301165,0.4760614037513733,EXP_XGBModel_Alpha158_csi300_custom_step0_s_20260825_13,83f3a00f78a143489103ea83d1dd9b29,0.063,,,
1103,2026-08-25,SZ301236,-0.029079822823405266,EXP_XGBModel_Alpha158_csi300_custom_step0_s_20260825_13,83f3a00f78a143489103ea83d1dd9b29,0.063,,,
1104,2026-08-25,SZ301269,-0.08485367894172668,EXP_XGBModel_Alpha158_csi300_custom_step0_s_20260825_13,83f3a00f78a143489103ea83d1dd9b29,0.063,,,
1105,2026-08-25,SZ300661,0.13901673257350922,EXP_XGBModel_Alpha158_csi300_custom_step0_s_20260825_13,83f3a00f78a143489103ea83d1dd9b29,0.063,,,
1106,2026-08-25,SZ000408,0.022658487781882286,EXP_XGBModel_Alpha158_csi300_custom_step0_s_20260825_13,83f3a00f78a143489103ea83d1dd9b29,0.063,,,
1107,2026-08-25,SZ300308,0.4099670648574829,EXP_XGBModel_Alpha158_csi300_custom_step0_s_20260825_13,83f3a00f78a143489103ea83d1dd9b29,0.063,,,
1108,2026-08-25,SZ300251,-0.03449111804366112,EXP_XGBModel_Alpha158_csi300_custom_step0_s_20260825_13,83f3a00f78a143489103ea83d1dd9b29,0.063,,,
1109,2026-08-25,SZ002493,0.07307985424995422,EXP_XGBModel_Alpha158_csi300_custom_step0_s_20260825_13,83f3a00f78a143489103ea83d1dd9b29,0.063,,,
1110,2026-08-25,SZ002532,0.00806382391601801,EXP_XGBModel_Alpha158_csi300_custom_step0_s_20260825_13,83f3a00f78a143489103ea83d1dd9b29,0.063,,,
1111,2026-08-25,SZ002558,0.11709577590227127,EXP_XGBModel_Alpha158_csi300_custom_step0_s_20260825_13,83f3a00f78a143489103ea83d1dd9b29,0.063,,,
1112,2026-08-25,SZ002594,-0.009285002015531063,EXP_XGBModel_Alpha158_csi300_custom_step0_s_20260825_13,83f3a00f78a143489103ea83d1dd9b29,0.063,,,
1113,2026-08-25,SZ002600,0.023307284340262413,EXP_XGBModel_Alpha158_csi300_custom_step0_s_20260825_13,83f3a00f78a143489103ea83d1dd9b29,0.063,,,
1114,2026-08-25,SZ002602,0.01636393740773201,EXP_XGBModel_Alpha158_csi300_custom_step0_s_20260825_13,83f3a00f78a143489103ea83d1dd9b29,0.063,,,
1115,2026-08-25,SZ002625,-0.011348911561071873,EXP_XGBModel_Alpha158_csi300_custom_step0_s_20260825_13,83f3a00f78a143489103ea83d1dd9b29,0.063,,,
1116,2026-08-25,SZ002648,0.07831105589866638,EXP_XGBModel_Alpha158_csi300_custom_step0_s_20260825_13,83f3a00f78a143489103ea83d1dd9b29,0.063,,,
1117,2026-08-25,SZ002709,0.32997119426727295,EXP_XGBModel_Alpha158_csi300_custom_step0_s_20260825_13,83f3a00f78a143489103ea83d1dd9b29,0.063,,,
1118,2026-08-25,SZ002714,-0.030118808150291443,EXP_XGBModel_Alpha158_csi300_custom_step0_s_20260825_13,83f3a00f78a143489103ea83d1dd9b29,0.063,,,
1119,2026-08-25,SZ300274,0.021341396495699883,EXP_XGBModel_Alpha158_csi300_custom_step0_s_20260825_13,83f3a00f78a143489103ea83d1dd9b29,0.063,,,
1120,2026-08-25,SZ002736,-0.024983499199151993,EXP_XGBModel_Alpha158_csi300_custom_step0_s_20260825_13,83f3a00f78a143489103ea83d1dd9b29,0.063,,,
1121,2026-08-25,SZ002916,0.17843811213970184,EXP_XGBModel_Alpha158_csi300_custom_step0_s_20260825_13,83f3a00f78a143489103ea83d1dd9b29,0.063,,,
1122,2026-08-25,SZ002920,0.012249133549630642,EXP_XGBModel_Alpha158_csi300_custom_step0_s_20260825_13,83f3a00f78a143489103ea83d1dd9b29,0.063,,,
1123,2026-08-25,SZ002938,0.1277613341808319,EXP_XGBModel_Alpha158_csi300_custom_step0_s_20260825_13,83f3a00f78a143489103ea83d1dd9b29,0.063,,,
1124,2026-08-25,SZ003816,0.010393096134066582,EXP_XGBModel_Alpha158_csi300_custom_step0_s_20260825_13,83f3a00f78a143489103ea83d1dd9b29,0.063,,,
1125,2026-08-25,SZ300014,0.006296621635556221,EXP_XGBModel_Alpha158_csi300_custom_step0_s_20260825_13,83f3a00f78a143489103ea83d1dd9b29,0.063,,,
1126,2026-08-25,SZ300015,-0.008053658530116081,EXP_XGBModel_Alpha158_csi300_custom_step0_s_20260825_13,83f3a00f78a143489103ea83d1dd9b29,0.063,,,
1127,2026-08-25,SZ300033,-0.04201355203986168,EXP_XGBModel_Alpha158_csi300_custom_step0_s_20260825_13,83f3a00f78a143489103ea83d1dd9b29,0.063,,,
1128,2026-08-25,SZ300059,-0.020974723622202873,EXP_XGBModel_Alpha158_csi300_custom_step0_s_20260825_13,83f3a00f78a143489103ea83d1dd9b29,0.063,,,
1129,2026-08-25,SZ300122,-0.00010319799184799194,EXP_XGBModel_Alpha158_csi300_custom_step0_s_20260825_13,83f3a00f78a143489103ea83d1dd9b29,0.063,,,
1130,2026-08-25,SZ300124,0.02246830426156521,EXP_XGBModel_Alpha158_csi300_custom_step0_s_20260825_13,83f3a00f78a143489103ea83d1dd9b29,0.063,,,
1131,2026-08-25,SZ002837,0.45350560545921326,EXP_XGBModel_Alpha158_csi300_custom_step0_s_20260825_13,83f3a00f78a143489103ea83d1dd9b29,0.063,,,
1132,2026-08-25,SH601100,-0.031063200905919075,EXP_XGBModel_Alpha158_csi300_custom_step0_s_20260825_13,83f3a00f78a143489103ea83d1dd9b29,0.063,,,
1133,2026-08-25,SZ000338,0.22397364675998688,EXP_XGBModel_Alpha158_csi300_custom_step0_s_20260825_13,83f3a00f78a143489103ea83d1dd9b29,0.063,,,
1134,2026-08-25,SZ000301,0.027001503854990005,EXP_XGBModel_Alpha158_csi300_custom_step0_s_20260825_13,83f3a00f78a143489103ea83d1dd9b29,0.063,,,
1135,2026-08-25,SH601633,-0.012896094471216202,EXP_XGBModel_Alpha158_csi300_custom_step0_s_20260825_13,83f3a00f78a143489103ea83d1dd9b29,0.063,,,
1136,2026-08-25,SH601658,-0.030720457434654236,EXP_XGBModel_Alpha158_csi300_custom_step0_s_20260825_13,83f3a00f78a143489103ea83d1dd9b29,0.063,,,
1137,2026-08-25,SH601668,-0.03202109783887863,EXP_XGBModel_Alpha158_csi300_custom_step0_s_20260825_13,83f3a00f78a143489103ea83d1dd9b29,0.063,,,
1138,2026-08-25,SH601669,-0.027096299454569817,EXP_XGBModel_Alpha158_csi300_custom_step0_s_20260825_13,83f3a00f78a143489103ea83d1dd9b29,0.063,,,
1139,2026-08-25,SH601688,-0.016096724197268486,EXP_XGBModel_Alpha158_csi300_custom_step0_s_20260825_13,83f3a00f78a143489103ea83d1dd9b29,0.063,,,
1140,2026-08-25,SH601689,0.024109380319714546,EXP_XGBModel_Alpha158_csi300_custom_step0_s_20260825_13,83f3a00f78a143489103ea83d1dd9b29,0.063,,,
1141,2026-08-25,SH601698,0.026363003998994827,EXP_XGBModel_Alpha158_csi300_custom_step0_s_20260825_13,83f3a00f78a143489103ea83d1dd9b29,0.063,,,
1142,2026-08-25,SH601727,-0.01735856384038925,EXP_XGBModel_Alpha158_csi300_custom_step0_s_20260825_13,83f3a00f78a143489103ea83d1dd9b29,0.063,,,
1143,2026-08-25,SH601728,0.002514817751944065,EXP_XGBModel_Alpha158_csi300_custom_step0_s_20260825_13,83f3a00f78a143489103ea83d1dd9b29,0.063,,,
1144,2026-08-25,SH601766,0.006987700238823891,EXP_XGBModel_Alpha158_csi300_custom_step0_s_20260825_13,83f3a00f78a143489103ea83d1dd9b29,0.063,,,
1145,2026-08-25,SH601788,-0.014271852560341358,EXP_XGBModel_Alpha158_csi300_custom_step0_s_20260825_13,83f3a00f78a143489103ea83d1dd9b29,0.063,,,
1146,2026-08-25,SH601800,-0.016443753615021706,EXP_XGBModel_Alpha158_csi300_custom_step0_s_20260825_13,83f3a00f78a143489103ea83d1dd9b29,0.063,,,
1147,2026-08-25,SH601816,-0.028401626273989677,EXP_XGBModel_Alpha158_csi300_custom_step0_s_20260825_13,83f3a00f78a143489103ea83d1dd9b29,0.063,,,
1148,2026-08-25,SH601818,-0.006078430917114019,EXP_XGBModel_Alpha158_csi300_custom_step0_s_20260825_13,83f3a00f78a143489103ea83d1dd9b29,0.063,,,
1149,2026-08-25,SH601825,0.013692531734704971,EXP_XGBModel_Alpha158_csi300_custom_step0_s_20260825_13,83f3a00f78a143489103ea83d1dd9b29,0.063,,,
1150,2026-08-25,SH601838,0.014055803418159485,EXP_XGBModel_Alpha158_csi300_custom_step0_s_20260825_13,83f3a00f78a143489103ea83d1dd9b29,0.063,,,
1151,2026-08-25,SH601857,0.0365164652466774,EXP_XGBModel_Alpha158_csi300_custom_step0_s_20260825_13,83f3a00f78a143489103ea83d1dd9b29,0.063,,,
1152,2026-08-25,SH601868,-0.007772684097290039,EXP_XGBModel_Alpha158_csi300_custom_step0_s_20260825_13,83f3a00f78a143489103ea83d1dd9b29,0.063,,,
1153,2026-08-25,SH601872,0.11503534018993378,EXP_XGBModel_Alpha158_csi300_custom_step0_s_20260825_13,83f3a00f78a143489103ea83d1dd9b29,0.063,,,
1154,2026-08-25,SH601877,0.02223910577595234,EXP_XGBModel_Alpha158_csi300_custom_step0_s_20260825_13,83f3a00f78a143489103ea83d1dd9b29,0.063,,,
1155,2026-08-25,SH601878,-0.02891169860959053,EXP_XGBModel_Alpha158_csi300_custom_step0_s_20260825_13,83f3a00f78a143489103ea83d1dd9b29,0.063,,,
1156,2026-08-25,SH601628,-0.03981369361281395,EXP_XGBModel_Alpha158_csi300_custom_step0_s_20260825_13,83f3a00f78a143489103ea83d1dd9b29,0.063,,,
1157,2026-08-25,SH601618,-0.011524025350809097,EXP_XGBModel_Alpha158_csi300_custom_step0_s_20260825_13,83f3a00f78a143489103ea83d1dd9b29,0.063,,,
1158,2026-08-25,SH601607,-0.008587143383920193,EXP_XGBModel_Alpha158_csi300_custom_step0_s_20260825_13,83f3a00f78a143489103ea83d1dd9b29,0.063,,,
1159,2026-08-25,SH601601,-0.003974234219640493,EXP_XGBModel_Alpha158_csi300_custom_step0_s_20260825_13,83f3a00f78a143489103ea83d1dd9b29,0.063,,,
1160,2026-08-25,SH601117,-0.023423802107572556,EXP_XGBModel_Alpha158_csi300_custom_step0_s_20260825_13,83f3a00f78a143489103ea83d1dd9b29,0.063,,,
1161,2026-08-25,SH601127,0.12659968435764313,EXP_XGBModel_Alpha158_csi300_custom_step0_s_20260825_13,83f3a00f78a143489103ea83d1dd9b29,0.063,,,
1162,2026-08-25,SH601136,-0.028364453464746475,EXP_XGBModel_Alpha158_csi300_custom_step0_s_20260825_13,83f3a00f78a143489103ea83d1dd9b29,0.063,,,
1163,2026-08-25,SH601138,-0.039086200296878815,EXP_XGBModel_Alpha158_csi300_custom_step0_s_20260825_13,83f3a00f78a143489103ea83d1dd9b29,0.063,,,
1164,2026-08-25,SH601166,-0.06223374232649803,EXP_XGBModel_Alpha158_csi300_custom_step0_s_20260825_13,83f3a00f78a143489103ea83d1dd9b29,0.063,,,
1165,2026-08-25,SH601169,-0.015223938971757889,EXP_XGBModel_Alpha158_csi300_custom_step0_s_20260825_13,83f3a00f78a143489103ea83d1dd9b29,0.063,,,
1166,2026-08-25,SH601186,-0.006956083234399557,EXP_XGBModel_Alpha158_csi300_custom_step0_s_20260825_13,83f3a00f78a143489103ea83d1dd9b29,0.063,,,
1167,2026-08-25,SH601211,-0.06448699533939362,EXP_XGBModel_Alpha158_csi300_custom_step0_s_20260825_13,83f3a00f78a143489103ea83d1dd9b29,0.063,,,
1168,2026-08-25,SH601225,0.00018854874360840768,EXP_XGBModel_Alpha158_csi300_custom_step0_s_20260825_13,83f3a00f78a143489103ea83d1dd9b29,0.063,,,
1169,2026-08-25,SH601229,0.013920821249485016,EXP_XGBModel_Alpha158_csi300_custom_step0_s_20260825_13,83f3a00f78a143489103ea83d1dd9b29,0.063,,,
1170,2026-08-25,SH601881,-0.022031744942069054,EXP_XGBModel_Alpha158_csi300_custom_step0_s_20260825_13,83f3a00f78a143489103ea83d1dd9b29,0.063,,,
1171,2026-08-25,SH601238,0.008964141830801964,EXP_XGBModel_Alpha158_csi300_custom_step0_s_20260825_13,83f3a00f78a143489103ea83d1dd9b29,0.063,,,
1172,2026-08-25,SH601318,-0.045338504016399384,EXP_XGBModel_Alpha158_csi300_custom_step0_s_20260825_13,83f3a00f78a143489103ea83d1dd9b29,0.063,,,
1173,2026-08-25,SH601319,-0.006976713426411152,EXP_XGBModel_Alpha158_csi300_custom_step0_s_20260825_13,83f3a00f78a143489103ea83d1dd9b29,0.063,,,
1174,2026-08-25,SH601328,-0.005894786212593317,EXP_XGBModel_Alpha158_csi300_custom_step0_s_20260825_13,83f3a00f78a143489103ea83d1dd9b29,0.063,,,
1175,2026-08-25,SH601336,-0.017991114407777786,EXP_XGBModel_Alpha158_csi300_custom_step0_s_20260825_13,83f3a00f78a143489103ea83d1dd9b29,0.063,,,
1176,2026-08-25,SH601360,-0.02488580346107483,EXP_XGBModel_Alpha158_csi300_custom_step0_s_20260825_13,83f3a00f78a143489103ea83d1dd9b29,0.063,,,
1177,2026-08-25,SH601377,-0.017796741798520088,EXP_XGBModel_Alpha158_csi300_custom_step0_s_20260825_13,83f3a00f78a143489103ea83d1dd9b29,0.063,,,
1178,2026-08-25,SH601390,-0.004391475114971399,EXP_XGBModel_Alpha158_csi300_custom_step0_s_20260825_13,83f3a00f78a143489103ea83d1dd9b29,0.063,,,
1179,2026-08-25,SH601398,-0.0251096710562706,EXP_XGBModel_Alpha158_csi300_custom_step0_s_20260825_13,83f3a00f78a143489103ea83d1dd9b29,0.063,,,
1180,2026-08-25,SH601456,-0.03503495454788208,EXP_XGBModel_Alpha158_csi300_custom_step0_s_20260825_13,83f3a00f78a143489103ea83d1dd9b29,0.063,,,
1181,2026-08-25,SH601600,0.008637373335659504,EXP_XGBModel_Alpha158_csi300_custom_step0_s_20260825_13,83f3a00f78a143489103ea83d1dd9b29,0.063,,,
1182,2026-08-25,SH601288,0.005718624219298363,EXP_XGBModel_Alpha158_csi300_custom_step0_s_20260825_13,83f3a00f78a143489103ea83d1dd9b29,0.063,,,
1183,2026-08-25,SH601888,-0.021344348788261414,EXP_XGBModel_Alpha158_csi300_custom_step0_s_20260825_13,83f3a00f78a143489103ea83d1dd9b29,0.063,,,
1184,2026-08-25,SH601898,0.158833846449852,EXP_XGBModel_Alpha158_csi300_custom_step0_s_20260825_13,83f3a00f78a143489103ea83d1dd9b29,0.063,,,
1185,2026-08-25,SH601899,0.0652235895395279,EXP_XGBModel_Alpha158_csi300_custom_step0_s_20260825_13,83f3a00f78a143489103ea83d1dd9b29,0.063,,,
1186,2026-08-25,SH688041,0.3719773590564728,EXP_XGBModel_Alpha158_csi300_custom_step0_s_20260825_13,83f3a00f78a143489103ea83d1dd9b29,0.063,,,
1187,2026-08-25,SH688047,0.08818720281124115,EXP_XGBModel_Alpha158_csi300_custom_step0_s_20260825_13,83f3a00f78a143489103ea83d1dd9b29,0.063,,,
1188,2026-08-25,SH688072,0.2190268486738205,EXP_XGBModel_Alpha158_csi300_custom_step0_s_20260825_13,83f3a00f78a143489103ea83d1dd9b29,0.063,,,
1189,2026-08-25,SH688082,0.1683693528175354,EXP_XGBModel_Alpha158_csi300_custom_step0_s_20260825_13,83f3a00f78a143489103ea83d1dd9b29,0.063,,,
1190,2026-08-25,SH688111,0.030044224113225937,EXP_XGBModel_Alpha158_csi300_custom_step0_s_20260825_13,83f3a00f78a143489103ea83d1dd9b29,0.063,,,
1191,2026-08-25,SH688126,-0.2487000823020935,EXP_XGBModel_Alpha158_csi300_custom_step0_s_20260825_13,83f3a00f78a143489103ea83d1dd9b29,0.063,,,
1192,2026-08-25,SH688183,0.09868878126144409,EXP_XGBModel_Alpha158_csi300_custom_step0_s_20260825_13,83f3a00f78a143489103ea83d1dd9b29,0.063,,,
1193,2026-08-25,SH688223,-0.004993882030248642,EXP_XGBModel_Alpha158_csi300_custom_step0_s_20260825_13,83f3a00f78a143489103ea83d1dd9b29,0.063,,,
1194,2026-08-25,SH688256,0.06986984610557556,EXP_XGBModel_Alpha158_csi300_custom_step0_s_20260825_13,83f3a00f78a143489103ea83d1dd9b29,0.063,,,
1195,2026-08-25,SH688271,-0.0037220600061118603,EXP_XGBModel_Alpha158_csi300_custom_step0_s_20260825_13,83f3a00f78a143489103ea83d1dd9b29,0.063,,,
1196,2026-08-25,SH688036,-0.06678767502307892,EXP_XGBModel_Alpha158_csi300_custom_step0_s_20260825_13,83f3a00f78a143489103ea83d1dd9b29,0.063,,,
1197,2026-08-25,SH688303,-0.012270618230104446,EXP_XGBModel_Alpha158_csi300_custom_step0_s_20260825_13,83f3a00f78a143489103ea83d1dd9b29,0.063,,,
1198,2026-08-25,SH688472,0.006789015606045723,EXP_XGBModel_Alpha158_csi300_custom_step0_s_20260825_13,83f3a00f78a143489103ea83d1dd9b29,0.063,,,
1199,2026-08-25,SH688506,0.4784119427204132,EXP_XGBModel_Alpha158_csi300_custom_step0_s_20260825_13,83f3a00f78a143489103ea83d1dd9b29,0.063,,,
1200,2026-08-25,SH688521,0.3762778341770172,EXP_XGBModel_Alpha158_csi300_custom_step0_s_20260825_13,83f3a00f78a143489103ea83d1dd9b29,0.063,,,
1201,2026-08-25,SH688981,0.021606357768177986,EXP_XGBModel_Alpha158_csi300_custom_step0_s_20260825_13,83f3a00f78a143489103ea83d1dd9b29,0.063,,,
1202,2026-08-25,SZ000001,0.06098591908812523,EXP_XGBModel_Alpha158_csi300_custom_step0_s_20260825_13,83f3a00f78a143489103ea83d1dd9b29,0.063,,,
1203,2026-08-25,SZ000002,-0.007989509962499142,EXP_XGBModel_Alpha158_csi300_custom_step0_s_20260825_13,83f3a00f78a143489103ea83d1dd9b29,0.063,,,
1204,2026-08-25,SZ000063,-0.0030750201549381018,EXP_XGBModel_Alpha158_csi300_custom_step0_s_20260825_13,83f3a00f78a143489103ea83d1dd9b29,0.063,,,
1205,2026-08-25,SZ000100,-0.019887175410985947,EXP_XGBModel_Alpha158_csi300_custom_step0_s_20260825_13,83f3a00f78a143489103ea83d1dd9b29,0.063,,,
1206,2026-08-25,SZ000157,-0.015847915783524513,EXP_XGBModel_Alpha158_csi300_custom_step0_s_20260825_13,83f3a00f78a143489103ea83d1dd9b29,0.063,,,
1207,2026-08-25,SZ000166,-0.012845576740801334,EXP_XGBModel_Alpha158_csi300_custom_step0_s_20260825_13,83f3a00f78a143489103ea83d1dd9b29,0.063,,,
1208,2026-08-25,SH688396,0.1811520904302597,EXP_XGBModel_Alpha158_csi300_custom_step0_s_20260825_13,83f3a00f78a143489103ea83d1dd9b29,0.063,,,
1209,2026-08-25,SZ000333,-0.006987966597080231,EXP_XGBModel_Alpha158_csi300_custom_step0_s_20260825_13,83f3a00f78a143489103ea83d1dd9b29,0.063,,,
1210,2026-08-25,SH688012,-0.051680728793144226,EXP_XGBModel_Alpha158_csi300_custom_step0_s_20260825_13,83f3a00f78a143489103ea83d1dd9b29,0.063,,,
1211,2026-08-25,SH688008,0.24914127588272095,EXP_XGBModel_Alpha158_csi300_custom_step0_s_20260825_13,83f3a00f78a143489103ea83d1dd9b29,0.063,,,
1212,2026-08-25,SH601901,-0.04100288078188896,EXP_XGBModel_Alpha158_csi300_custom_step0_s_20260825_13,83f3a00f78a143489103ea83d1dd9b29,0.063,,,
1213,2026-08-25,SH601916,-0.004093187861144543,EXP_XGBModel_Alpha158_csi300_custom_step0_s_20260825_13,83f3a00f78a143489103ea83d1dd9b29,0.063,,,
1214,2026-08-25,SH601919,0.06412064284086227,EXP_XGBModel_Alpha158_csi300_custom_step0_s_20260825_13,83f3a00f78a143489103ea83d1dd9b29,0.063,,,
1215,2026-08-25,SH601939,0.008755332790315151,EXP_XGBModel_Alpha158_csi300_custom_step0_s_20260825_13,83f3a00f78a143489103ea83d1dd9b29,0.063,,,
1216,2026-08-25,SH601985,-0.00538178626447916,EXP_XGBModel_Alpha158_csi300_custom_step0_s_20260825_13,83f3a00f78a143489103ea83d1dd9b29,0.063,,,
1217,2026-08-25,SH601988,0.04266832396388054,EXP_XGBModel_Alpha158_csi300_custom_step0_s_20260825_13,83f3a00f78a143489103ea83d1dd9b29,0.063,,,
1218,2026-08-25,SH601995,-0.03545307368040085,EXP_XGBModel_Alpha158_csi300_custom_step0_s_20260825_13,83f3a00f78a143489103ea83d1dd9b29,0.063,,,
1219,2026-08-25,SH601998,0.0832080990076065,EXP_XGBModel_Alpha158_csi300_custom_step0_s_20260825_13,83f3a00f78a143489103ea83d1dd9b29,0.063,,,
1220,2026-08-25,SH603019,0.0005451358156278729,EXP_XGBModel_Alpha158_csi300_custom_step0_s_20260825_13,83f3a00f78a143489103ea83d1dd9b29,0.063,,,
1221,2026-08-25,SH603259,0.1741519570350647,EXP_XGBModel_Alpha158_csi300_custom_step0_s_20260825_13,83f3a00f78a143489103ea83d1dd9b29,0.063,,,
1222,2026-08-25,SH688009,-0.025512443855404854,EXP_XGBModel_Alpha158_csi300_custom_step0_s_20260825_13,83f3a00f78a143489103ea83d1dd9b29,0.063,,,
1223,2026-08-25,SH603260,0.039190247654914856,EXP_XGBModel_Alpha158_csi300_custom_step0_s_20260825_13,83f3a00f78a143489103ea83d1dd9b29,0.063,,,
1224,2026-08-25,SH603296,0.04177257791161537,EXP_XGBModel_Alpha158_csi300_custom_step0_s_20260825_13,83f3a00f78a143489103ea83d1dd9b29,0.063,,,
1225,2026-08-25,SH603369,0.11757224053144455,EXP_XGBModel_Alpha158_csi300_custom_step0_s_20260825_13,83f3a00f78a143489103ea83d1dd9b29,0.063,,,
1226,2026-08-25,SH603392,-0.011789975687861443,EXP_XGBModel_Alpha158_csi300_custom_step0_s_20260825_13,83f3a00f78a143489103ea83d1dd9b29,0.063,,,
1227,2026-08-25,SH603501,-0.10572794079780579,EXP_XGBModel_Alpha158_csi300_custom_step0_s_20260825_13,83f3a00f78a143489103ea83d1dd9b29,0.063,,,
1228,2026-08-25,SH603799,0.05551387369632721,EXP_XGBModel_Alpha158_csi300_custom_step0_s_20260825_13,83f3a00f78a143489103ea83d1dd9b29,0.063,,,
1229,2026-08-25,SH603893,0.31420406699180603,EXP_XGBModel_Alpha158_csi300_custom_step0_s_20260825_13,83f3a00f78a143489103ea83d1dd9b29,0.063,,,
1230,2026-08-25,SH603986,0.2513353228569031,EXP_XGBModel_Alpha158_csi300_custom_step0_s_20260825_13,83f3a00f78a143489103ea83d1dd9b29,0.063,,,
1231,2026-08-25,SH603993,0.02660629153251648,EXP_XGBModel_Alpha158_csi300_custom_step0_s_20260825_13,83f3a00f78a143489103ea83d1dd9b29,0.063,,,
1232,2026-08-25,SH605117,0.02730257250368595,EXP_XGBModel_Alpha158_csi300_custom_step0_s_20260825_13,83f3a00f78a143489103ea83d1dd9b29,0.063,,,
1233,2026-08-25,SH605499,0.11763864755630493,EXP_XGBModel_Alpha158_csi300_custom_step0_s_20260825_13,83f3a00f78a143489103ea83d1dd9b29,0.063,,,
1234,2026-08-25,SH603288,-0.005460407119244337,EXP_XGBModel_Alpha158_csi300_custom_step0_s_20260825_13,83f3a00f78a143489103ea83d1dd9b29,0.063,,,
1235,2026-08-25,SH688981,0.12553471326828003,EXP_LinearModel_Alpha158_csi300_custom_step0_s_20260825_13,481b5c0d593542ab92a0c68343c39cbc,0.141,,,
1236,2026-08-25,SH688521,0.2456817924976349,EXP_LinearModel_Alpha158_csi300_custom_step0_s_20260825_13,481b5c0d593542ab92a0c68343c39cbc,0.141,,,
1237,2026-08-25,SH688506,-0.07702073454856873,EXP_LinearModel_Alpha158_csi300_custom_step0_s_20260825_13,481b5c0d593542ab92a0c68343c39cbc,0.141,,,
1238,2026-08-25,SZ000651,-0.039232369512319565,EXP_LinearModel_Alpha158_csi300_custom_step0_s_20260825_13,f12d774be67f40c696b3b36fd385ee78,0.045,,,
1239,2026-08-25,SZ000657,0.036429908126592636,EXP_LinearModel_Alpha158_csi300_custom_step0_s_20260825_13,f12d774be67f40c696b3b36fd385ee78,0.045,,,
1240,2026-08-25,SZ000708,0.011475540697574615,EXP_LinearModel_Alpha158_csi300_custom_step0_s_20260825_13,f12d774be67f40c696b3b36fd385ee78,0.045,,,
1241,2026-08-25,SZ000725,0.07544142007827759,EXP_LinearModel_Alpha158_csi300_custom_step0_s_20260825_13,f12d774be67f40c696b3b36fd385ee78,0.045,,,
1242,2026-08-25,SZ000768,-0.00544465146958828,EXP_LinearModel_Alpha158_csi300_custom_step0_s_20260825_13,f12d774be67f40c696b3b36fd385ee78,0.045,,,
1243,2026-08-25,SZ000776,-0.0463649146258831,EXP_LinearModel_Alpha158_csi300_custom_step0_s_20260825_13,f12d774be67f40c696b3b36fd385ee78,0.045,,,
1244,2026-08-25,SZ000792,0.07878299057483673,EXP_LinearModel_Alpha158_csi300_custom_step0_s_20260825_13,f12d774be67f40c696b3b36fd385ee78,0.045,,,
1245,2026-08-25,SZ000807,0.04895755276083946,EXP_LinearModel_Alpha158_csi300_custom_step0_s_20260825_13,f12d774be67f40c696b3b36fd385ee78,0.045,,,
1246,2026-08-25,SZ000858,-0.052750665694475174,EXP_LinearModel_Alpha158_csi300_custom_step0_s_20260825_13,f12d774be67f40c696b3b36fd385ee78,0.045,,,
1247,2026-08-25,SZ000895,-0.10848785936832428,EXP_LinearModel_Alpha158_csi300_custom_step0_s_20260825_13,f12d774be67f40c696b3b36fd385ee78,0.045,,,
1248,2026-08-25,SZ000938,0.10670654475688934,EXP_LinearModel_Alpha158_csi300_custom_step0_s_20260825_13,f12d774be67f40c696b3b36fd385ee78,0.045,,,
1249,2026-08-25,SZ000963,-0.03561568632721901,EXP_LinearModel_Alpha158_csi300_custom_step0_s_20260825_13,f12d774be67f40c696b3b36fd385ee78,0.045,,,
1250,2026-08-25,SZ000975,0.010906427167356014,EXP_LinearModel_Alpha158_csi300_custom_step0_s_20260825_13,f12d774be67f40c696b3b36fd385ee78,0.045,,,
1251,2026-08-25,SZ000977,0.09773437678813934,EXP_LinearModel_Alpha158_csi300_custom_step0_s_20260825_13,f12d774be67f40c696b3b36fd385ee78,0.045,,,
1252,2026-08-25,SZ000988,0.07335292547941208,EXP_LinearModel_Alpha158_csi300_custom_step0_s_20260825_13,f12d774be67f40c696b3b36fd385ee78,0.045,,,
1253,2026-08-25,SZ000999,0.027777209877967834,EXP_LinearModel_Alpha158_csi300_custom_step0_s_20260825_13,f12d774be67f40c696b3b36fd385ee78,0.045,,,
1254,2026-08-25,SZ001280,-0.003989142365753651,EXP_LinearModel_Alpha158_csi300_custom_step0_s_20260825_13,f12d774be67f40c696b3b36fd385ee78,0.045,,,
1255,2026-08-25,SZ001391,-0.012838384136557579,EXP_LinearModel_Alpha158_csi300_custom_step0_s_20260825_13,f12d774be67f40c696b3b36fd385ee78,0.045,,,
1256,2026-08-25,SZ001965,0.035614605993032455,EXP_LinearModel_Alpha158_csi300_custom_step0_s_20260825_13,f12d774be67f40c696b3b36fd385ee78,0.045,,,
1257,2026-08-25,SZ001979,0.06450669467449188,EXP_LinearModel_Alpha158_csi300_custom_step0_s_20260825_13,f12d774be67f40c696b3b36fd385ee78,0.045,,,
1258,2026-08-25,SZ002001,0.0722358450293541,EXP_LinearModel_Alpha158_csi300_custom_step0_s_20260825_13,f12d774be67f40c696b3b36fd385ee78,0.045,,,
1259,2026-08-25,SZ000630,0.09053541719913483,EXP_LinearModel_Alpha158_csi300_custom_step0_s_20260825_13,f12d774be67f40c696b3b36fd385ee78,0.045,,,
1260,2026-08-25,SZ000625,-0.049258891493082047,EXP_LinearModel_Alpha158_csi300_custom_step0_s_20260825_13,f12d774be67f40c696b3b36fd385ee78,0.045,,,
1261,2026-08-25,SZ000617,0.01836342178285122,EXP_LinearModel_Alpha158_csi300_custom_step0_s_20260825_13,f12d774be67f40c696b3b36fd385ee78,0.045,,,
1262,2026-08-25,SZ000596,-0.19105783104896545,EXP_LinearModel_Alpha158_csi300_custom_step0_s_20260825_13,f12d774be67f40c696b3b36fd385ee78,0.045,,,
1263,2026-08-25,SH688223,0.11499790847301483,EXP_LinearModel_Alpha158_csi300_custom_step0_s_20260825_13,f12d774be67f40c696b3b36fd385ee78,0.045,,,
1264,2026-08-25,SH688256,0.2603590488433838,EXP_LinearModel_Alpha158_csi300_custom_step0_s_20260825_13,f12d774be67f40c696b3b36fd385ee78,0.045,,,
1265,2026-08-25,SH688271,0.0593520924448967,EXP_LinearModel_Alpha158_csi300_custom_step0_s_20260825_13,f12d774be67f40c696b3b36fd385ee78,0.045,,,
1266,2026-08-25,SH688303,0.07116721570491791,EXP_LinearModel_Alpha158_csi300_custom_step0_s_20260825_13,f12d774be67f40c696b3b36fd385ee78,0.045,,,
1267,2026-08-25,SH688396,0.04913176968693733,EXP_LinearModel_Alpha158_csi300_custom_step0_s_20260825_13,f12d774be67f40c696b3b36fd385ee78,0.045,,,
1268,2026-08-25,SH688472,0.16542373597621918,EXP_LinearModel_Alpha158_csi300_custom_step0_s_20260825_13,f12d774be67f40c696b3b36fd385ee78,0.045,,,
1269,2026-08-25,SH688506,0.07705209404230118,EXP_LinearModel_Alpha158_csi300_custom_step0_s_20260825_13,f12d774be67f40c696b3b36fd385ee78,0.045,,,
1270,2026-08-25,SH688521,0.3483835458755493,EXP_LinearModel_Alpha158_csi300_custom_step0_s_20260825_13,f12d774be67f40c696b3b36fd385ee78,0.045,,,
1271,2026-08-25,SH688981,0.11167460680007935,EXP_LinearModel_Alpha158_csi300_custom_step0_s_20260825_13,f12d774be67f40c696b3b36fd385ee78,0.045,,,
1272,2026-08-25,SZ000001,0.0419868603348732,EXP_LinearModel_Alpha158_csi300_custom_step0_s_20260825_13,f12d774be67f40c696b3b36fd385ee78,0.045,,,
1273,2026-08-25,SZ002027,0.03904687240719795,EXP_LinearModel_Alpha158_csi300_custom_step0_s_20260825_13,f12d774be67f40c696b3b36fd385ee78,0.045,,,
1274,2026-08-25,SZ000002,0.022473352029919624,EXP_LinearModel_Alpha158_csi300_custom_step0_s_20260825_13,f12d774be67f40c696b3b36fd385ee78,0.045,,,
1275,2026-08-25,SZ000100,0.08771336823701859,EXP_LinearModel_Alpha158_csi300_custom_step0_s_20260825_13,f12d774be67f40c696b3b36fd385ee78,0.045,,,
1276,2026-08-25,SZ000157,0.02354680933058262,EXP_LinearModel_Alpha158_csi300_custom_step0_s_20260825_13,f12d774be67f40c696b3b36fd385ee78,0.045,,,
1277,2026-08-25,SZ000166,-0.017028825357556343,EXP_LinearModel_Alpha158_csi300_custom_step0_s_20260825_13,f12d774be67f40c696b3b36fd385ee78,0.045,,,
1278,2026-08-25,SZ000301,0.014607716351747513,EXP_LinearModel_Alpha158_csi300_custom_step0_s_20260825_13,f12d774be67f40c696b3b36fd385ee78,0.045,,,
1279,2026-08-25,SZ000333,-0.06506115198135376,EXP_LinearModel_Alpha158_csi300_custom_step0_s_20260825_13,f12d774be67f40c696b3b36fd385ee78,0.045,,,
1280,2026-08-25,SZ000338,0.16819016635417938,EXP_LinearModel_Alpha158_csi300_custom_step0_s_20260825_13,f12d774be67f40c696b3b36fd385ee78,0.045,,,
1281,2026-08-25,SZ000408,0.05665726959705353,EXP_LinearModel_Alpha158_csi300_custom_step0_s_20260825_13,f12d774be67f40c696b3b36fd385ee78,0.045,,,
1282,2026-08-25,SZ000425,0.07015008479356766,EXP_LinearModel_Alpha158_csi300_custom_step0_s_20260825_13,f12d774be67f40c696b3b36fd385ee78,0.045,,,
1283,2026-08-25,SZ000538,0.047934770584106445,EXP_LinearModel_Alpha158_csi300_custom_step0_s_20260825_13,f12d774be67f40c696b3b36fd385ee78,0.045,,,
1284,2026-08-25,SZ000568,-0.04495445266366005,EXP_LinearModel_Alpha158_csi300_custom_step0_s_20260825_13,f12d774be67f40c696b3b36fd385ee78,0.045,,,
1285,2026-08-25,SZ000063,-0.042772531509399414,EXP_LinearModel_Alpha158_csi300_custom_step0_s_20260825_13,f12d774be67f40c696b3b36fd385ee78,0.045,,,
1286,2026-08-25,SZ002028,0.04895041510462761,EXP_LinearModel_Alpha158_csi300_custom_step0_s_20260825_13,f12d774be67f40c696b3b36fd385ee78,0.045,,,
1287,2026-08-25,SZ002049,0.029081590473651886,EXP_LinearModel_Alpha158_csi300_custom_step0_s_20260825_13,f12d774be67f40c696b3b36fd385ee78,0.045,,,
1288,2026-08-25,SZ002050,0.17274437844753265,EXP_LinearModel_Alpha158_csi300_custom_step0_s_20260825_13,f12d774be67f40c696b3b36fd385ee78,0.045,,,
1289,2026-08-25,SZ002648,0.07434942573308945,EXP_LinearModel_Alpha158_csi300_custom_step0_s_20260825_13,f12d774be67f40c696b3b36fd385ee78,0.045,,,
1290,2026-08-25,SZ002709,0.18098053336143494,EXP_LinearModel_Alpha158_csi300_custom_step0_s_20260825_13,f12d774be67f40c696b3b36fd385ee78,0.045,,,
1291,2026-08-25,SZ002714,0.03861556947231293,EXP_LinearModel_Alpha158_csi300_custom_step0_s_20260825_13,f12d774be67f40c696b3b36fd385ee78,0.045,,,
1292,2026-08-25,SZ002736,-0.06949272006750107,EXP_LinearModel_Alpha158_csi300_custom_step0_s_20260825_13,f12d774be67f40c696b3b36fd385ee78,0.045,,,
1293,2026-08-25,SZ002837,0.0711963027715683,EXP_LinearModel_Alpha158_csi300_custom_step0_s_20260825_13,f12d774be67f40c696b3b36fd385ee78,0.045,,,
1294,2026-08-25,SZ002916,0.12374831736087799,EXP_LinearModel_Alpha158_csi300_custom_step0_s_20260825_13,f12d774be67f40c696b3b36fd385ee78,0.045,,,
1295,2026-08-25,SZ002920,0.05237403139472008,EXP_LinearModel_Alpha158_csi300_custom_step0_s_20260825_13,f12d774be67f40c696b3b36fd385ee78,0.045,,,
1296,2026-08-25,SZ002938,0.1186484545469284,EXP_LinearModel_Alpha158_csi300_custom_step0_s_20260825_13,f12d774be67f40c696b3b36fd385ee78,0.045,,,
1297,2026-08-25,SZ003816,0.017559397965669632,EXP_LinearModel_Alpha158_csi300_custom_step0_s_20260825_13,f12d774be67f40c696b3b36fd385ee78,0.045,,,
1298,2026-08-25,SZ300014,0.08109026402235031,EXP_LinearModel_Alpha158_csi300_custom_step0_s_20260825_13,f12d774be67f40c696b3b36fd385ee78,0.045,,,
1299,2026-08-25,SZ002625,0.0835777074098587,EXP_LinearModel_Alpha158_csi300_custom_step0_s_20260825_13,f12d774be67f40c696b3b36fd385ee78,0.045,,,
1300,2026-08-25,SZ300015,0.026868533343076706,EXP_LinearModel_Alpha158_csi300_custom_step0_s_20260825_13,f12d774be67f40c696b3b36fd385ee78,0.045,,,
1301,2026-08-25,SZ300059,-0.059515345841646194,EXP_LinearModel_Alpha158_csi300_custom_step0_s_20260825_13,f12d774be67f40c696b3b36fd385ee78,0.045,,,
1302,2026-08-25,SZ300122,0.0581626370549202,EXP_LinearModel_Alpha158_csi300_custom_step0_s_20260825_13,f12d774be67f40c696b3b36fd385ee78,0.045,,,
1303,2026-08-25,SZ300124,0.03725176677107811,EXP_LinearModel_Alpha158_csi300_custom_step0_s_20260825_13,f12d774be67f40c696b3b36fd385ee78,0.045,,,
1304,2026-08-25,SZ300251,0.032927047461271286,EXP_LinearModel_Alpha158_csi300_custom_step0_s_20260825_13,f12d774be67f40c696b3b36fd385ee78,0.045,,,
1305,2026-08-25,SZ300274,0.1698562502861023,EXP_LinearModel_Alpha158_csi300_custom_step0_s_20260825_13,f12d774be67f40c696b3b36fd385ee78,0.045,,,
1306,2026-08-25,SZ300308,0.20356984436511993,EXP_LinearModel_Alpha158_csi300_custom_step0_s_20260825_13,f12d774be67f40c696b3b36fd385ee78,0.045,,,
1307,2026-08-25,SZ300316,0.12205932289361954,EXP_LinearModel_Alpha158_csi300_custom_step0_s_20260825_13,f12d774be67f40c696b3b36fd385ee78,0.045,,,
1308,2026-08-25,SZ300394,0.04847973585128784,EXP_LinearModel_Alpha158_csi300_custom_step0_s_20260825_13,f12d774be67f40c696b3b36fd385ee78,0.045,,,
1309,2026-08-25,SZ300408,0.19197316467761993,EXP_LinearModel_Alpha158_csi300_custom_step0_s_20260825_13,f12d774be67f40c696b3b36fd385ee78,0.045,,,
1310,2026-08-25,SZ300413,0.05693592131137848,EXP_LinearModel_Alpha158_csi300_custom_step0_s_20260825_13,f12d774be67f40c696b3b36fd385ee78,0.045,,,
1311,2026-08-25,SZ300033,0.0489538311958313,EXP_LinearModel_Alpha158_csi300_custom_step0_s_20260825_13,f12d774be67f40c696b3b36fd385ee78,0.045,,,
1312,2026-08-25,SH688183,0.09762348979711533,EXP_LinearModel_Alpha158_csi300_custom_step0_s_20260825_13,f12d774be67f40c696b3b36fd385ee78,0.045,,,
1313,2026-08-25,SZ002602,-0.012043818831443787,EXP_LinearModel_Alpha158_csi300_custom_step0_s_20260825_13,f12d774be67f40c696b3b36fd385ee78,0.045,,,
1314,2026-08-25,SZ002594,-0.07602332532405853,EXP_LinearModel_Alpha158_csi300_custom_step0_s_20260825_13,f12d774be67f40c696b3b36fd385ee78,0.045,,,
1315,2026-08-25,SZ002074,0.004952126182615757,EXP_LinearModel_Alpha158_csi300_custom_step0_s_20260825_13,f12d774be67f40c696b3b36fd385ee78,0.045,,,
1316,2026-08-25,SZ002142,-0.04106438532471657,EXP_LinearModel_Alpha158_csi300_custom_step0_s_20260825_13,f12d774be67f40c696b3b36fd385ee78,0.045,,,
1317,2026-08-25,SZ002179,0.03410162404179573,EXP_LinearModel_Alpha158_csi300_custom_step0_s_20260825_13,f12d774be67f40c696b3b36fd385ee78,0.045,,,
1318,2026-08-25,SZ002202,0.1703382134437561,EXP_LinearModel_Alpha158_csi300_custom_step0_s_20260825_13,f12d774be67f40c696b3b36fd385ee78,0.045,,,
1319,2026-08-25,SZ002230,0.0127072399482131,EXP_LinearModel_Alpha158_csi300_custom_step0_s_20260825_13,f12d774be67f40c696b3b36fd385ee78,0.045,,,
1320,2026-08-25,SZ002236,-0.0869423970580101,EXP_LinearModel_Alpha158_csi300_custom_step0_s_20260825_13,f12d774be67f40c696b3b36fd385ee78,0.045,,,
1321,2026-08-25,SZ002241,-0.03409251570701599,EXP_LinearModel_Alpha158_csi300_custom_step0_s_20260825_13,f12d774be67f40c696b3b36fd385ee78,0.045,,,
1322,2026-08-25,SZ002304,-0.04173991084098816,EXP_LinearModel_Alpha158_csi300_custom_step0_s_20260825_13,f12d774be67f40c696b3b36fd385ee78,0.045,,,
1323,2026-08-25,SZ002311,-0.020716212689876556,EXP_LinearModel_Alpha158_csi300_custom_step0_s_20260825_13,f12d774be67f40c696b3b36fd385ee78,0.045,,,
1324,2026-08-25,SZ002352,0.04050241410732269,EXP_LinearModel_Alpha158_csi300_custom_step0_s_20260825_13,f12d774be67f40c696b3b36fd385ee78,0.045,,,
1325,2026-08-25,SZ002600,0.0706712007522583,EXP_LinearModel_Alpha158_csi300_custom_step0_s_20260825_13,f12d774be67f40c696b3b36fd385ee78,0.045,,,
1326,2026-08-25,SZ002353,0.1330718994140625,EXP_LinearModel_Alpha158_csi300_custom_step0_s_20260825_13,f12d774be67f40c696b3b36fd385ee78,0.045,,,
1327,2026-08-25,SZ002384,0.12501606345176697,EXP_LinearModel_Alpha158_csi300_custom_step0_s_20260825_13,f12d774be67f40c696b3b36fd385ee78,0.045,,,
1328,2026-08-25,SZ002415,-0.05092904344201088,EXP_LinearModel_Alpha158_csi300_custom_step0_s_20260825_13,f12d774be67f40c696b3b36fd385ee78,0.045,,,
1329,2026-08-25,SZ002422,0.0971158966422081,EXP_LinearModel_Alpha158_csi300_custom_step0_s_20260825_13,f12d774be67f40c696b3b36fd385ee78,0.045,,,
1330,2026-08-25,SZ002460,0.08247646689414978,EXP_LinearModel_Alpha158_csi300_custom_step0_s_20260825_13,f12d774be67f40c696b3b36fd385ee78,0.045,,,
1331,2026-08-25,SZ002463,0.05022247135639191,EXP_LinearModel_Alpha158_csi300_custom_step0_s_20260825_13,f12d774be67f40c696b3b36fd385ee78,0.045,,,
1332,2026-08-25,SZ002466,-0.01092956680804491,EXP_LinearModel_Alpha158_csi300_custom_step0_s_20260825_13,f12d774be67f40c696b3b36fd385ee78,0.045,,,
1333,2026-08-25,SZ002475,0.11217564344406128,EXP_LinearModel_Alpha158_csi300_custom_step0_s_20260825_13,f12d774be67f40c696b3b36fd385ee78,0.045,,,
1334,2026-08-25,SZ002493,0.010918991640210152,EXP_LinearModel_Alpha158_csi300_custom_step0_s_20260825_13,f12d774be67f40c696b3b36fd385ee78,0.045,,,
1335,2026-08-25,SZ002532,0.09824017435312271,EXP_LinearModel_Alpha158_csi300_custom_step0_s_20260825_13,f12d774be67f40c696b3b36fd385ee78,0.045,,,
1336,2026-08-25,SZ002558,-0.10168532282114029,EXP_LinearModel_Alpha158_csi300_custom_step0_s_20260825_13,f12d774be67f40c696b3b36fd385ee78,0.045,,,
1337,2026-08-25,SZ002371,-0.023225868120789528,EXP_LinearModel_Alpha158_csi300_custom_step0_s_20260825_13,f12d774be67f40c696b3b36fd385ee78,0.045,,,
1338,2026-08-25,SZ300418,0.07219517976045609,EXP_LinearModel_Alpha158_csi300_custom_step0_s_20260825_13,f12d774be67f40c696b3b36fd385ee78,0.045,,,
1339,2026-08-25,SH688126,0.06082894280552864,EXP_LinearModel_Alpha158_csi300_custom_step0_s_20260825_13,f12d774be67f40c696b3b36fd385ee78,0.045,,,
1340,2026-08-25,SH688082,0.11224702000617981,EXP_LinearModel_Alpha158_csi300_custom_step0_s_20260825_13,f12d774be67f40c696b3b36fd385ee78,0.045,,,
1341,2026-08-25,SH601211,-0.020916225388646126,EXP_LinearModel_Alpha158_csi300_custom_step0_s_20260825_13,f12d774be67f40c696b3b36fd385ee78,0.045,,,
1342,2026-08-25,SH601225,0.06813652068376541,EXP_LinearModel_Alpha158_csi300_custom_step0_s_20260825_13,f12d774be67f40c696b3b36fd385ee78,0.045,,,
1343,2026-08-25,SH601229,-0.024380570277571678,EXP_LinearModel_Alpha158_csi300_custom_step0_s_20260825_13,f12d774be67f40c696b3b36fd385ee78,0.045,,,
1344,2026-08-25,SH601238,0.027891742065548897,EXP_LinearModel_Alpha158_csi300_custom_step0_s_20260825_13,f12d774be67f40c696b3b36fd385ee78,0.045,,,
1345,2026-08-25,SH601288,-0.006367663387209177,EXP_LinearModel_Alpha158_csi300_custom_step0_s_20260825_13,f12d774be67f40c696b3b36fd385ee78,0.045,,,
1346,2026-08-25,SH601318,-0.011269568465650082,EXP_LinearModel_Alpha158_csi300_custom_step0_s_20260825_13,f12d774be67f40c696b3b36fd385ee78,0.045,,,
1347,2026-08-25,SH601319,-0.04505828768014908,EXP_LinearModel_Alpha158_csi300_custom_step0_s_20260825_13,f12d774be67f40c696b3b36fd385ee78,0.045,,,
1348,2026-08-25,SH601328,-0.07645504176616669,EXP_LinearModel_Alpha158_csi300_custom_step0_s_20260825_13,f12d774be67f40c696b3b36fd385ee78,0.045,,,
1349,2026-08-25,SH601336,-0.0550650954246521,EXP_LinearModel_Alpha158_csi300_custom_step0_s_20260825_13,f12d774be67f40c696b3b36fd385ee78,0.045,,,
1350,2026-08-25,SH601360,-0.0024165106005966663,EXP_LinearModel_Alpha158_csi300_custom_step0_s_20260825_13,f12d774be67f40c696b3b36fd385ee78,0.045,,,
1351,2026-08-25,SH601377,-0.08049191534519196,EXP_LinearModel_Alpha158_csi300_custom_step0_s_20260825_13,f12d774be67f40c696b3b36fd385ee78,0.045,,,
1352,2026-08-25,SH601390,-0.0020604936871677637,EXP_LinearModel_Alpha158_csi300_custom_step0_s_20260825_13,f12d774be67f40c696b3b36fd385ee78,0.045,,,
1353,2026-08-25,SH601398,-0.0039890361949801445,EXP_LinearModel_Alpha158_csi300_custom_step0_s_20260825_13,f12d774be67f40c696b3b36fd385ee78,0.045,,,
1354,2026-08-25,SH601456,-0.051558226346969604,EXP_LinearModel_Alpha158_csi300_custom_step0_s_20260825_13,f12d774be67f40c696b3b36fd385ee78,0.045,,,
1355,2026-08-25,SH601600,0.11094468832015991,EXP_LinearModel_Alpha158_csi300_custom_step0_s_20260825_13,f12d774be67f40c696b3b36fd385ee78,0.045,,,
1356,2026-08-25,SH601601,0.007533138617873192,EXP_LinearModel_Alpha158_csi300_custom_step0_s_20260825_13,f12d774be67f40c696b3b36fd385ee78,0.045,,,
1357,2026-08-25,SH601607,0.03337644040584564,EXP_LinearModel_Alpha158_csi300_custom_step0_s_20260825_13,f12d774be67f40c696b3b36fd385ee78,0.045,,,
1358,2026-08-25,SH601618,-0.004486419260501862,EXP_LinearModel_Alpha158_csi300_custom_step0_s_20260825_13,f12d774be67f40c696b3b36fd385ee78,0.045,,,
1359,2026-08-25,SH601628,-0.05030971020460129,EXP_LinearModel_Alpha158_csi300_custom_step0_s_20260825_13,f12d774be67f40c696b3b36fd385ee78,0.045,,,
1360,2026-08-25,SH601633,0.03620319068431854,EXP_LinearModel_Alpha158_csi300_custom_step0_s_20260825_13,f12d774be67f40c696b3b36fd385ee78,0.045,,,
1361,2026-08-25,SH601658,-0.053119413554668427,EXP_LinearModel_Alpha158_csi300_custom_step0_s_20260825_13,f12d774be67f40c696b3b36fd385ee78,0.045,,,
1362,2026-08-25,SH601186,-0.03326531499624252,EXP_LinearModel_Alpha158_csi300_custom_step0_s_20260825_13,f12d774be67f40c696b3b36fd385ee78,0.045,,,
1363,2026-08-25,SH601169,-0.053122345358133316,EXP_LinearModel_Alpha158_csi300_custom_step0_s_20260825_13,f12d774be67f40c696b3b36fd385ee78,0.045,,,
1364,2026-08-25,SH601166,-0.06736791878938675,EXP_LinearModel_Alpha158_csi300_custom_step0_s_20260825_13,f12d774be67f40c696b3b36fd385ee78,0.045,,,
1365,2026-08-25,SH601138,0.14730341732501984,EXP_LinearModel_Alpha158_csi300_custom_step0_s_20260825_13,f12d774be67f40c696b3b36fd385ee78,0.045,,,
1366,2026-08-25,SH600926,0.004026531241834164,EXP_LinearModel_Alpha158_csi300_custom_step0_s_20260825_13,f12d774be67f40c696b3b36fd385ee78,0.045,,,
1367,2026-08-25,SH600930,-0.04840574413537979,EXP_LinearModel_Alpha158_csi300_custom_step0_s_20260825_13,f12d774be67f40c696b3b36fd385ee78,0.045,,,
1368,2026-08-25,SH600938,0.1156589686870575,EXP_LinearModel_Alpha158_csi300_custom_step0_s_20260825_13,f12d774be67f40c696b3b36fd385ee78,0.045,,,
1369,2026-08-25,SH600941,-0.025693221017718315,EXP_LinearModel_Alpha158_csi300_custom_step0_s_20260825_13,f12d774be67f40c696b3b36fd385ee78,0.045,,,
1370,2026-08-25,SH600958,-0.07182788103818893,EXP_LinearModel_Alpha158_csi300_custom_step0_s_20260825_13,f12d774be67f40c696b3b36fd385ee78,0.045,,,
1371,2026-08-25,SH600989,0.10064855217933655,EXP_LinearModel_Alpha158_csi300_custom_step0_s_20260825_13,f12d774be67f40c696b3b36fd385ee78,0.045,,,
1372,2026-08-25,SH600999,-0.06847784668207169,EXP_LinearModel_Alpha158_csi300_custom_step0_s_20260825_13,f12d774be67f40c696b3b36fd385ee78,0.045,,,
1373,2026-08-25,SH601006,-0.007713585160672665,EXP_LinearModel_Alpha158_csi300_custom_step0_s_20260825_13,f12d774be67f40c696b3b36fd385ee78,0.045,,,
1374,2026-08-25,SH601009,-0.022974368184804916,EXP_LinearModel_Alpha158_csi300_custom_step0_s_20260825_13,f12d774be67f40c696b3b36fd385ee78,0.045,,,
1375,2026-08-25,SH601012,-0.003888382576406002,EXP_LinearModel_Alpha158_csi300_custom_step0_s_20260825_13,f12d774be67f40c696b3b36fd385ee78,0.045,,,
1376,2026-08-25,SH601668,0.022374531254172325,EXP_LinearModel_Alpha158_csi300_custom_step0_s_20260825_13,f12d774be67f40c696b3b36fd385ee78,0.045,,,
1377,2026-08-25,SH601018,-0.01967504806816578,EXP_LinearModel_Alpha158_csi300_custom_step0_s_20260825_13,f12d774be67f40c696b3b36fd385ee78,0.045,,,
1378,2026-08-25,SH601058,-0.033994387835264206,EXP_LinearModel_Alpha158_csi300_custom_step0_s_20260825_13,f12d774be67f40c696b3b36fd385ee78,0.045,,,
1379,2026-08-25,SH601059,0.027049969881772995,EXP_LinearModel_Alpha158_csi300_custom_step0_s_20260825_13,f12d774be67f40c696b3b36fd385ee78,0.045,,,
1380,2026-08-25,SH601066,-0.11823612451553345,EXP_LinearModel_Alpha158_csi300_custom_step0_s_20260825_13,f12d774be67f40c696b3b36fd385ee78,0.045,,,
1381,2026-08-25,SH601077,-0.0038822165224701166,EXP_LinearModel_Alpha158_csi300_custom_step0_s_20260825_13,f12d774be67f40c696b3b36fd385ee78,0.045,,,
1382,2026-08-25,SH601088,0.08554583787918091,EXP_LinearModel_Alpha158_csi300_custom_step0_s_20260825_13,f12d774be67f40c696b3b36fd385ee78,0.045,,,
1383,2026-08-25,SH601100,0.04844099283218384,EXP_LinearModel_Alpha158_csi300_custom_step0_s_20260825_13,f12d774be67f40c696b3b36fd385ee78,0.045,,,
1384,2026-08-25,SH601111,-0.060120534151792526,EXP_LinearModel_Alpha158_csi300_custom_step0_s_20260825_13,f12d774be67f40c696b3b36fd385ee78,0.045,,,
1385,2026-08-25,SH601117,0.028973035514354706,EXP_LinearModel_Alpha158_csi300_custom_step0_s_20260825_13,f12d774be67f40c696b3b36fd385ee78,0.045,,,
1386,2026-08-25,SH601127,0.07115387171506882,EXP_LinearModel_Alpha158_csi300_custom_step0_s_20260825_13,f12d774be67f40c696b3b36fd385ee78,0.045,,,
1387,2026-08-25,SH601136,-0.07766270637512207,EXP_LinearModel_Alpha158_csi300_custom_step0_s_20260825_13,f12d774be67f40c696b3b36fd385ee78,0.045,,,
1388,2026-08-25,SH601021,-0.022956186905503273,EXP_LinearModel_Alpha158_csi300_custom_step0_s_20260825_13,f12d774be67f40c696b3b36fd385ee78,0.045,,,
1389,2026-08-25,SH601669,-0.052518248558044434,EXP_LinearModel_Alpha158_csi300_custom_step0_s_20260825_13,f12d774be67f40c696b3b36fd385ee78,0.045,,,
1390,2026-08-25,SH601688,-0.07858697324991226,EXP_LinearModel_Alpha158_csi300_custom_step0_s_20260825_13,f12d774be67f40c696b3b36fd385ee78,0.045,,,
1391,2026-08-25,SH601689,0.16054809093475342,EXP_LinearModel_Alpha158_csi300_custom_step0_s_20260825_13,f12d774be67f40c696b3b36fd385ee78,0.045,,,
1392,2026-08-25,SH601998,-0.0761127769947052,EXP_LinearModel_Alpha158_csi300_custom_step0_s_20260825_13,f12d774be67f40c696b3b36fd385ee78,0.045,,,
1393,2026-08-25,SH603019,0.05718960240483284,EXP_LinearModel_Alpha158_csi300_custom_step0_s_20260825_13,f12d774be67f40c696b3b36fd385ee78,0.045,,,
1394,2026-08-25,SH603259,0.17772044241428375,EXP_LinearModel_Alpha158_csi300_custom_step0_s_20260825_13,f12d774be67f40c696b3b36fd385ee78,0.045,,,
1395,2026-08-25,SH603260,0.03308732807636261,EXP_LinearModel_Alpha158_csi300_custom_step0_s_20260825_13,f12d774be67f40c696b3b36fd385ee78,0.045,,,
1396,2026-08-25,SH603288,-0.03770982474088669,EXP_LinearModel_Alpha158_csi300_custom_step0_s_20260825_13,f12d774be67f40c696b3b36fd385ee78,0.045,,,
1397,2026-08-25,SH603296,0.10552027821540833,EXP_LinearModel_Alpha158_csi300_custom_step0_s_20260825_13,f12d774be67f40c696b3b36fd385ee78,0.045,,,
1398,2026-08-25,SH603369,-0.07523517310619354,EXP_LinearModel_Alpha158_csi300_custom_step0_s_20260825_13,f12d774be67f40c696b3b36fd385ee78,0.045,,,
1399,2026-08-25,SH603392,0.10300294309854507,EXP_LinearModel_Alpha158_csi300_custom_step0_s_20260825_13,f12d774be67f40c696b3b36fd385ee78,0.045,,,
1400,2026-08-25,SH603501,0.15948249399662018,EXP_LinearModel_Alpha158_csi300_custom_step0_s_20260825_13,f12d774be67f40c696b3b36fd385ee78,0.045,,,
1401,2026-08-25,SH603799,0.09767723083496094,EXP_LinearModel_Alpha158_csi300_custom_step0_s_20260825_13,f12d774be67f40c696b3b36fd385ee78,0.045,,,
1402,2026-08-25,SH601995,-0.05919022858142853,EXP_LinearModel_Alpha158_csi300_custom_step0_s_20260825_13,f12d774be67f40c696b3b36fd385ee78,0.045,,,
1403,2026-08-25,SH603893,0.11966658383607864,EXP_LinearModel_Alpha158_csi300_custom_step0_s_20260825_13,f12d774be67f40c696b3b36fd385ee78,0.045,,,
1404,2026-08-25,SH603993,0.011187179945409298,EXP_LinearModel_Alpha158_csi300_custom_step0_s_20260825_13,f12d774be67f40c696b3b36fd385ee78,0.045,,,
1405,2026-08-25,SH605117,0.18777596950531006,EXP_LinearModel_Alpha158_csi300_custom_step0_s_20260825_13,f12d774be67f40c696b3b36fd385ee78,0.045,,,
1406,2026-08-25,SH605499,0.007496189326047897,EXP_LinearModel_Alpha158_csi300_custom_step0_s_20260825_13,f12d774be67f40c696b3b36fd385ee78,0.045,,,
1407,2026-08-25,SH688008,0.07496354728937149,EXP_LinearModel_Alpha158_csi300_custom_step0_s_20260825_13,f12d774be67f40c696b3b36fd385ee78,0.045,,,
1408,2026-08-25,SH688009,-0.01635124906897545,EXP_LinearModel_Alpha158_csi300_custom_step0_s_20260825_13,f12d774be67f40c696b3b36fd385ee78,0.045,,,
1409,2026-08-25,SH688012,0.0029217414557933807,EXP_LinearModel_Alpha158_csi300_custom_step0_s_20260825_13,f12d774be67f40c696b3b36fd385ee78,0.045,,,
1410,2026-08-25,SH688036,-0.014605420641601086,EXP_LinearModel_Alpha158_csi300_custom_step0_s_20260825_13,f12d774be67f40c696b3b36fd385ee78,0.045,,,
1411,2026-08-25,SH688041,0.2436821460723877,EXP_LinearModel_Alpha158_csi300_custom_step0_s_20260825_13,f12d774be67f40c696b3b36fd385ee78,0.045,,,
1412,2026-08-25,SH688047,0.11568041145801544,EXP_LinearModel_Alpha158_csi300_custom_step0_s_20260825_13,f12d774be67f40c696b3b36fd385ee78,0.045,,,
1413,2026-08-25,SH688072,0.141750305891037,EXP_LinearModel_Alpha158_csi300_custom_step0_s_20260825_13,f12d774be67f40c696b3b36fd385ee78,0.045,,,
1414,2026-08-25,SH603986,0.11810088902711868,EXP_LinearModel_Alpha158_csi300_custom_step0_s_20260825_13,f12d774be67f40c696b3b36fd385ee78,0.045,,,
1415,2026-08-25,SH688111,0.03686611354351044,EXP_LinearModel_Alpha158_csi300_custom_step0_s_20260825_13,f12d774be67f40c696b3b36fd385ee78,0.045,,,
1416,2026-08-25,SH601988,0.004402737133204937,EXP_LinearModel_Alpha158_csi300_custom_step0_s_20260825_13,f12d774be67f40c696b3b36fd385ee78,0.045,,,
1417,2026-08-25,SH601939,-0.013666197657585144,EXP_LinearModel_Alpha158_csi300_custom_step0_s_20260825_13,f12d774be67f40c696b3b36fd385ee78,0.045,,,
1418,2026-08-25,SH601698,0.12050811201334,EXP_LinearModel_Alpha158_csi300_custom_step0_s_20260825_13,f12d774be67f40c696b3b36fd385ee78,0.045,,,
1419,2026-08-25,SH601727,-0.0014544869773089886,EXP_LinearModel_Alpha158_csi300_custom_step0_s_20260825_13,f12d774be67f40c696b3b36fd385ee78,0.045,,,
1420,2026-08-25,SH601728,0.02821449004113674,EXP_LinearModel_Alpha158_csi300_custom_step0_s_20260825_13,f12d774be67f40c696b3b36fd385ee78,0.045,,,
1421,2026-08-25,SH601766,0.03447655960917473,EXP_LinearModel_Alpha158_csi300_custom_step0_s_20260825_13,f12d774be67f40c696b3b36fd385ee78,0.045,,,
1422,2026-08-25,SH601788,-0.05689040198922157,EXP_LinearModel_Alpha158_csi300_custom_step0_s_20260825_13,f12d774be67f40c696b3b36fd385ee78,0.045,,,
1423,2026-08-25,SH601800,0.027418220415711403,EXP_LinearModel_Alpha158_csi300_custom_step0_s_20260825_13,f12d774be67f40c696b3b36fd385ee78,0.045,,,
1424,2026-08-25,SH601816,-0.017559178173542023,EXP_LinearModel_Alpha158_csi300_custom_step0_s_20260825_13,f12d774be67f40c696b3b36fd385ee78,0.045,,,
1425,2026-08-25,SH601818,-0.04039493948221207,EXP_LinearModel_Alpha158_csi300_custom_step0_s_20260825_13,f12d774be67f40c696b3b36fd385ee78,0.045,,,
1426,2026-08-25,SH601825,0.021755315363407135,EXP_LinearModel_Alpha158_csi300_custom_step0_s_20260825_13,f12d774be67f40c696b3b36fd385ee78,0.045,,,
1427,2026-08-25,SH601838,-0.0041994331404566765,EXP_LinearModel_Alpha158_csi300_custom_step0_s_20260825_13,f12d774be67f40c696b3b36fd385ee78,0.045,,,
1428,2026-08-25,SH601985,-0.09249873459339142,EXP_LinearModel_Alpha158_csi300_custom_step0_s_20260825_13,f12d774be67f40c696b3b36fd385ee78,0.045,,,
1429,2026-08-25,SH601857,0.0795949399471283,EXP_LinearModel_Alpha158_csi300_custom_step0_s_20260825_13,f12d774be67f40c696b3b36fd385ee78,0.045,,,
1430,2026-08-25,SH601872,-0.06903994828462601,EXP_LinearModel_Alpha158_csi300_custom_step0_s_20260825_13,f12d774be67f40c696b3b36fd385ee78,0.045,,,
1431,2026-08-25,SH601877,-0.0013573500327765942,EXP_LinearModel_Alpha158_csi300_custom_step0_s_20260825_13,f12d774be67f40c696b3b36fd385ee78,0.045,,,
1432,2026-08-25,SH601878,-0.07798092812299728,EXP_LinearModel_Alpha158_csi300_custom_step0_s_20260825_13,f12d774be67f40c696b3b36fd385ee78,0.045,,,
1433,2026-08-25,SH601881,-0.07557250559329987,EXP_LinearModel_Alpha158_csi300_custom_step0_s_20260825_13,f12d774be67f40c696b3b36fd385ee78,0.045,,,
1434,2026-08-25,SH601888,-0.016253720968961716,EXP_LinearModel_Alpha158_csi300_custom_step0_s_20260825_13,f12d774be67f40c696b3b36fd385ee78,0.045,,,
1435,2026-08-25,SH601898,0.029044151306152344,EXP_LinearModel_Alpha158_csi300_custom_step0_s_20260825_13,f12d774be67f40c696b3b36fd385ee78,0.045,,,
1436,2026-08-25,SH601899,-0.012808196246623993,EXP_LinearModel_Alpha158_csi300_custom_step0_s_20260825_13,f12d774be67f40c696b3b36fd385ee78,0.045,,,
1437,2026-08-25,SH601901,-0.06384026259183884,EXP_LinearModel_Alpha158_csi300_custom_step0_s_20260825_13,f12d774be67f40c696b3b36fd385ee78,0.045,,,
1438,2026-08-25,SH601916,-0.04007561877369881,EXP_LinearModel_Alpha158_csi300_custom_step0_s_20260825_13,f12d774be67f40c696b3b36fd385ee78,0.045,,,
1439,2026-08-25,SH601919,-0.046319179236888885,EXP_LinearModel_Alpha158_csi300_custom_step0_s_20260825_13,f12d774be67f40c696b3b36fd385ee78,0.045,,,
1440,2026-08-25,SH601868,-0.024854574352502823,EXP_LinearModel_Alpha158_csi300_custom_step0_s_20260825_13,f12d774be67f40c696b3b36fd385ee78,0.045,,,
1441,2026-08-25,SZ300433,-0.02565208077430725,EXP_LinearModel_Alpha158_csi300_custom_step0_s_20260825_13,f12d774be67f40c696b3b36fd385ee78,0.045,,,
1442,2026-08-25,SZ300442,0.08974936604499817,EXP_LinearModel_Alpha158_csi300_custom_step0_s_20260825_13,f12d774be67f40c696b3b36fd385ee78,0.045,,,
1443,2026-08-25,SZ300450,0.10369478166103363,EXP_LinearModel_Alpha158_csi300_custom_step0_s_20260825_13,f12d774be67f40c696b3b36fd385ee78,0.045,,,
1444,2026-08-25,SH601377,0.019045250490307808,EXP_LinearModel_Alpha158_csi300_custom_step0_s_20260825_13,481b5c0d593542ab92a0c68343c39cbc,0.141,,,
1445,2026-08-25,SH601390,0.00910268910229206,EXP_LinearModel_Alpha158_csi300_custom_step0_s_20260825_13,481b5c0d593542ab92a0c68343c39cbc,0.141,,,
1446,2026-08-25,SH601398,-0.03781583532691002,EXP_LinearModel_Alpha158_csi300_custom_step0_s_20260825_13,481b5c0d593542ab92a0c68343c39cbc,0.141,,,
1447,2026-08-25,SH601456,-0.06636218726634979,EXP_LinearModel_Alpha158_csi300_custom_step0_s_20260825_13,481b5c0d593542ab92a0c68343c39cbc,0.141,,,
1448,2026-08-25,SH601600,0.15625619888305664,EXP_LinearModel_Alpha158_csi300_custom_step0_s_20260825_13,481b5c0d593542ab92a0c68343c39cbc,0.141,,,
1449,2026-08-25,SH601601,0.002618010388687253,EXP_LinearModel_Alpha158_csi300_custom_step0_s_20260825_13,481b5c0d593542ab92a0c68343c39cbc,0.141,,,
1450,2026-08-25,SH601607,-0.005052614491432905,EXP_LinearModel_Alpha158_csi300_custom_step0_s_20260825_13,481b5c0d593542ab92a0c68343c39cbc,0.141,,,
1451,2026-08-25,SH601618,0.04412468895316124,EXP_LinearModel_Alpha158_csi300_custom_step0_s_20260825_13,481b5c0d593542ab92a0c68343c39cbc,0.141,,,
1452,2026-08-25,SH601628,-0.01467127725481987,EXP_LinearModel_Alpha158_csi300_custom_step0_s_20260825_13,481b5c0d593542ab92a0c68343c39cbc,0.141,,,
1453,2026-08-25,SH601633,-0.06085236370563507,EXP_LinearModel_Alpha158_csi300_custom_step0_s_20260825_13,481b5c0d593542ab92a0c68343c39cbc,0.141,,,
1454,2026-08-25,SH601658,-0.09945417940616608,EXP_LinearModel_Alpha158_csi300_custom_step0_s_20260825_13,481b5c0d593542ab92a0c68343c39cbc,0.141,,,
1455,2026-08-25,SH601668,0.002917918609455228,EXP_LinearModel_Alpha158_csi300_custom_step0_s_20260825_13,481b5c0d593542ab92a0c68343c39cbc,0.141,,,
1456,2026-08-25,SH601669,-0.036764830350875854,EXP_LinearModel_Alpha158_csi300_custom_step0_s_20260825_13,481b5c0d593542ab92a0c68343c39cbc,0.141,,,
1457,2026-08-25,SH601688,-0.10543788969516754,EXP_LinearModel_Alpha158_csi300_custom_step0_s_20260825_13,481b5c0d593542ab92a0c68343c39cbc,0.141,,,
1458,2026-08-25,SH601689,0.20649871230125427,EXP_LinearModel_Alpha158_csi300_custom_step0_s_20260825_13,481b5c0d593542ab92a0c68343c39cbc,0.141,,,
1459,2026-08-25,SH601698,0.216435045003891,EXP_LinearModel_Alpha158_csi300_custom_step0_s_20260825_13,481b5c0d593542ab92a0c68343c39cbc,0.141,,,
1460,2026-08-25,SH601727,-0.03933174908161163,EXP_LinearModel_Alpha158_csi300_custom_step0_s_20260825_13,481b5c0d593542ab92a0c68343c39cbc,0.141,,,
1461,2026-08-25,SH601728,0.004794022999703884,EXP_LinearModel_Alpha158_csi300_custom_step0_s_20260825_13,481b5c0d593542ab92a0c68343c39cbc,0.141,,,
1462,2026-08-25,SH601766,0.05269929766654968,EXP_LinearModel_Alpha158_csi300_custom_step0_s_20260825_13,481b5c0d593542ab92a0c68343c39cbc,0.141,,,
1463,2026-08-25,SH601788,-0.008700884878635406,EXP_LinearModel_Alpha158_csi300_custom_step0_s_20260825_13,481b5c0d593542ab92a0c68343c39cbc,0.141,,,
1464,2026-08-25,SH601800,0.02286466956138611,EXP_LinearModel_Alpha158_csi300_custom_step0_s_20260825_13,481b5c0d593542ab92a0c68343c39cbc,0.141,,,
1465,2026-08-25,SH601360,0.029892565682530403,EXP_LinearModel_Alpha158_csi300_custom_step0_s_20260825_13,481b5c0d593542ab92a0c68343c39cbc,0.141,,,
1466,2026-08-25,SH601336,-0.013845632784068584,EXP_LinearModel_Alpha158_csi300_custom_step0_s_20260825_13,481b5c0d593542ab92a0c68343c39cbc,0.141,,,
1467,2026-08-25,SH601328,-0.10382144898176193,EXP_LinearModel_Alpha158_csi300_custom_step0_s_20260825_13,481b5c0d593542ab92a0c68343c39cbc,0.141,,,
1468,2026-08-25,SH601319,-0.02085038647055626,EXP_LinearModel_Alpha158_csi300_custom_step0_s_20260825_13,481b5c0d593542ab92a0c68343c39cbc,0.141,,,
1469,2026-08-25,SH601018,-0.020463233813643456,EXP_LinearModel_Alpha158_csi300_custom_step0_s_20260825_13,481b5c0d593542ab92a0c68343c39cbc,0.141,,,
1470,2026-08-25,SH601021,-0.03271730616688728,EXP_LinearModel_Alpha158_csi300_custom_step0_s_20260825_13,481b5c0d593542ab92a0c68343c39cbc,0.141,,,
1471,2026-08-25,SH601058,-0.05932420492172241,EXP_LinearModel_Alpha158_csi300_custom_step0_s_20260825_13,481b5c0d593542ab92a0c68343c39cbc,0.141,,,
1472,2026-08-25,SH601059,-0.041862256824970245,EXP_LinearModel_Alpha158_csi300_custom_step0_s_20260825_13,481b5c0d593542ab92a0c68343c39cbc,0.141,,,
1473,2026-08-25,SH601066,-0.14939860999584198,EXP_LinearModel_Alpha158_csi300_custom_step0_s_20260825_13,481b5c0d593542ab92a0c68343c39cbc,0.141,,,
1474,2026-08-25,SH601077,0.06762484461069107,EXP_LinearModel_Alpha158_csi300_custom_step0_s_20260825_13,481b5c0d593542ab92a0c68343c39cbc,0.141,,,
1475,2026-08-25,SH601088,0.14851705729961395,EXP_LinearModel_Alpha158_csi300_custom_step0_s_20260825_13,481b5c0d593542ab92a0c68343c39cbc,0.141,,,
1476,2026-08-25,SH601100,0.08384516090154648,EXP_LinearModel_Alpha158_csi300_custom_step0_s_20260825_13,481b5c0d593542ab92a0c68343c39cbc,0.141,,,
1477,2026-08-25,SH601111,-0.04659758135676384,EXP_LinearModel_Alpha158_csi300_custom_step0_s_20260825_13,481b5c0d593542ab92a0c68343c39cbc,0.141,,,
1478,2026-08-25,SH601117,-0.0019630547612905502,EXP_LinearModel_Alpha158_csi300_custom_step0_s_20260825_13,481b5c0d593542ab92a0c68343c39cbc,0.141,,,
1479,2026-08-25,SH601816,-0.04293828457593918,EXP_LinearModel_Alpha158_csi300_custom_step0_s_20260825_13,481b5c0d593542ab92a0c68343c39cbc,0.141,,,
1480,2026-08-25,SH601127,0.038773052394390106,EXP_LinearModel_Alpha158_csi300_custom_step0_s_20260825_13,481b5c0d593542ab92a0c68343c39cbc,0.141,,,
1481,2026-08-25,SH601138,0.26260823011398315,EXP_LinearModel_Alpha158_csi300_custom_step0_s_20260825_13,481b5c0d593542ab92a0c68343c39cbc,0.141,,,
1482,2026-08-25,SH601166,-0.08023543655872345,EXP_LinearModel_Alpha158_csi300_custom_step0_s_20260825_13,481b5c0d593542ab92a0c68343c39cbc,0.141,,,
1483,2026-08-25,SH601169,-0.03623661398887634,EXP_LinearModel_Alpha158_csi300_custom_step0_s_20260825_13,481b5c0d593542ab92a0c68343c39cbc,0.141,,,
1484,2026-08-25,SH601186,-0.031607743352651596,EXP_LinearModel_Alpha158_csi300_custom_step0_s_20260825_13,481b5c0d593542ab92a0c68343c39cbc,0.141,,,
1485,2026-08-25,SH601211,-0.1386709064245224,EXP_LinearModel_Alpha158_csi300_custom_step0_s_20260825_13,481b5c0d593542ab92a0c68343c39cbc,0.141,,,
1486,2026-08-25,SH601225,0.07983190566301346,EXP_LinearModel_Alpha158_csi300_custom_step0_s_20260825_13,481b5c0d593542ab92a0c68343c39cbc,0.141,,,
1487,2026-08-25,SH601229,0.010445679537951946,EXP_LinearModel_Alpha158_csi300_custom_step0_s_20260825_13,481b5c0d593542ab92a0c68343c39cbc,0.141,,,
1488,2026-08-25,SH601238,-0.06277075409889221,EXP_LinearModel_Alpha158_csi300_custom_step0_s_20260825_13,481b5c0d593542ab92a0c68343c39cbc,0.141,,,
1489,2026-08-25,SH601288,-0.024247847497463226,EXP_LinearModel_Alpha158_csi300_custom_step0_s_20260825_13,481b5c0d593542ab92a0c68343c39cbc,0.141,,,
1490,2026-08-25,SH601318,0.04959478601813316,EXP_LinearModel_Alpha158_csi300_custom_step0_s_20260825_13,481b5c0d593542ab92a0c68343c39cbc,0.141,,,
1491,2026-08-25,SH601136,-0.07087802141904831,EXP_LinearModel_Alpha158_csi300_custom_step0_s_20260825_13,481b5c0d593542ab92a0c68343c39cbc,0.141,,,
1492,2026-08-25,SH601818,-0.028872070834040642,EXP_LinearModel_Alpha158_csi300_custom_step0_s_20260825_13,481b5c0d593542ab92a0c68343c39cbc,0.141,,,
1493,2026-08-25,SH601825,0.0919887125492096,EXP_LinearModel_Alpha158_csi300_custom_step0_s_20260825_13,481b5c0d593542ab92a0c68343c39cbc,0.141,,,
1494,2026-08-25,SH601838,-0.01565590687096119,EXP_LinearModel_Alpha158_csi300_custom_step0_s_20260825_13,481b5c0d593542ab92a0c68343c39cbc,0.141,,,
1495,2026-08-25,SH603893,0.27731379866600037,EXP_LinearModel_Alpha158_csi300_custom_step0_s_20260825_13,481b5c0d593542ab92a0c68343c39cbc,0.141,,,
1496,2026-08-25,SH603986,0.11602750420570374,EXP_LinearModel_Alpha158_csi300_custom_step0_s_20260825_13,481b5c0d593542ab92a0c68343c39cbc,0.141,,,
1497,2026-08-25,SH603993,-0.01411338709294796,EXP_LinearModel_Alpha158_csi300_custom_step0_s_20260825_13,481b5c0d593542ab92a0c68343c39cbc,0.141,,,
1498,2026-08-25,SH605117,0.1273641139268875,EXP_LinearModel_Alpha158_csi300_custom_step0_s_20260825_13,481b5c0d593542ab92a0c68343c39cbc,0.141,,,
1499,2026-08-25,SH605499,-0.14113649725914001,EXP_LinearModel_Alpha158_csi300_custom_step0_s_20260825_13,481b5c0d593542ab92a0c68343c39cbc,0.141,,,
1500,2026-08-25,SH688008,0.24782028794288635,EXP_LinearModel_Alpha158_csi300_custom_step0_s_20260825_13,481b5c0d593542ab92a0c68343c39cbc,0.141,,,
1501,2026-08-25,SH688009,-0.08249184489250183,EXP_LinearModel_Alpha158_csi300_custom_step0_s_20260825_13,481b5c0d593542ab92a0c68343c39cbc,0.141,,,
1502,2026-08-25,SH688012,0.04413064569234848,EXP_LinearModel_Alpha158_csi300_custom_step0_s_20260825_13,481b5c0d593542ab92a0c68343c39cbc,0.141,,,
1503,2026-08-25,SH688036,-0.15042805671691895,EXP_LinearModel_Alpha158_csi300_custom_step0_s_20260825_13,481b5c0d593542ab92a0c68343c39cbc,0.141,,,
1504,2026-08-25,SH688041,0.26260584592819214,EXP_LinearModel_Alpha158_csi300_custom_step0_s_20260825_13,481b5c0d593542ab92a0c68343c39cbc,0.141,,,
1505,2026-08-25,SH603799,0.24483215808868408,EXP_LinearModel_Alpha158_csi300_custom_step0_s_20260825_13,481b5c0d593542ab92a0c68343c39cbc,0.141,,,
1506,2026-08-25,SH688047,0.13012322783470154,EXP_LinearModel_Alpha158_csi300_custom_step0_s_20260825_13,481b5c0d593542ab92a0c68343c39cbc,0.141,,,
1507,2026-08-25,SH688082,0.19579428434371948,EXP_LinearModel_Alpha158_csi300_custom_step0_s_20260825_13,481b5c0d593542ab92a0c68343c39cbc,0.141,,,
1508,2026-08-25,SH688111,-0.004240070004016161,EXP_LinearModel_Alpha158_csi300_custom_step0_s_20260825_13,481b5c0d593542ab92a0c68343c39cbc,0.141,,,
1509,2026-08-25,SH688126,0.0711866244673729,EXP_LinearModel_Alpha158_csi300_custom_step0_s_20260825_13,481b5c0d593542ab92a0c68343c39cbc,0.141,,,
1510,2026-08-25,SH688183,0.3168551027774811,EXP_LinearModel_Alpha158_csi300_custom_step0_s_20260825_13,481b5c0d593542ab92a0c68343c39cbc,0.141,,,
1511,2026-08-25,SH688223,0.10925193130970001,EXP_LinearModel_Alpha158_csi300_custom_step0_s_20260825_13,481b5c0d593542ab92a0c68343c39cbc,0.141,,,
1512,2026-08-25,SH688256,0.30351629853248596,EXP_LinearModel_Alpha158_csi300_custom_step0_s_20260825_13,481b5c0d593542ab92a0c68343c39cbc,0.141,,,
1513,2026-08-25,SH688271,0.03547024726867676,EXP_LinearModel_Alpha158_csi300_custom_step0_s_20260825_13,481b5c0d593542ab92a0c68343c39cbc,0.141,,,
1514,2026-08-25,SH688303,0.10237007588148117,EXP_LinearModel_Alpha158_csi300_custom_step0_s_20260825_13,481b5c0d593542ab92a0c68343c39cbc,0.141,,,
1515,2026-08-25,SH688396,0.010645859874784946,EXP_LinearModel_Alpha158_csi300_custom_step0_s_20260825_13,481b5c0d593542ab92a0c68343c39cbc,0.141,,,
1516,2026-08-25,SH688472,0.18798038363456726,EXP_LinearModel_Alpha158_csi300_custom_step0_s_20260825_13,481b5c0d593542ab92a0c68343c39cbc,0.141,,,
1517,2026-08-25,SH688072,0.25382569432258606,EXP_LinearModel_Alpha158_csi300_custom_step0_s_20260825_13,481b5c0d593542ab92a0c68343c39cbc,0.141,,,
1518,2026-08-25,SH601012,0.0312318354845047,EXP_LinearModel_Alpha158_csi300_custom_step0_s_20260825_13,481b5c0d593542ab92a0c68343c39cbc,0.141,,,
1519,2026-08-25,SH603501,0.17272774875164032,EXP_LinearModel_Alpha158_csi300_custom_step0_s_20260825_13,481b5c0d593542ab92a0c68343c39cbc,0.141,,,
1520,2026-08-25,SH603369,-0.07620558142662048,EXP_LinearModel_Alpha158_csi300_custom_step0_s_20260825_13,481b5c0d593542ab92a0c68343c39cbc,0.141,,,
1521,2026-08-25,SH601857,0.18132291734218597,EXP_LinearModel_Alpha158_csi300_custom_step0_s_20260825_13,481b5c0d593542ab92a0c68343c39cbc,0.141,,,
1522,2026-08-25,SH601868,-0.08492103964090347,EXP_LinearModel_Alpha158_csi300_custom_step0_s_20260825_13,481b5c0d593542ab92a0c68343c39cbc,0.141,,,
1523,2026-08-25,SH601872,0.12109776586294174,EXP_LinearModel_Alpha158_csi300_custom_step0_s_20260825_13,481b5c0d593542ab92a0c68343c39cbc,0.141,,,
1524,2026-08-25,SH601877,0.02607410028576851,EXP_LinearModel_Alpha158_csi300_custom_step0_s_20260825_13,481b5c0d593542ab92a0c68343c39cbc,0.141,,,
1525,2026-08-25,SH601878,-0.07632571458816528,EXP_LinearModel_Alpha158_csi300_custom_step0_s_20260825_13,481b5c0d593542ab92a0c68343c39cbc,0.141,,,
1526,2026-08-25,SH601881,-0.015487348660826683,EXP_LinearModel_Alpha158_csi300_custom_step0_s_20260825_13,481b5c0d593542ab92a0c68343c39cbc,0.141,,,
1527,2026-08-25,SH601888,-0.09666847437620163,EXP_LinearModel_Alpha158_csi300_custom_step0_s_20260825_13,481b5c0d593542ab92a0c68343c39cbc,0.141,,,
1528,2026-08-25,SH601898,0.11223860085010529,EXP_LinearModel_Alpha158_csi300_custom_step0_s_20260825_13,481b5c0d593542ab92a0c68343c39cbc,0.141,,,
1529,2026-08-25,SH601899,0.20452742278575897,EXP_LinearModel_Alpha158_csi300_custom_step0_s_20260825_13,481b5c0d593542ab92a0c68343c39cbc,0.141,,,
1530,2026-08-25,SH601901,-0.11623093485832214,EXP_LinearModel_Alpha158_csi300_custom_step0_s_20260825_13,481b5c0d593542ab92a0c68343c39cbc,0.141,,,
1531,2026-08-25,SH603392,0.018412765115499496,EXP_LinearModel_Alpha158_csi300_custom_step0_s_20260825_13,481b5c0d593542ab92a0c68343c39cbc,0.141,,,
1532,2026-08-25,SH601916,-0.00838832650333643,EXP_LinearModel_Alpha158_csi300_custom_step0_s_20260825_13,481b5c0d593542ab92a0c68343c39cbc,0.141,,,
1533,2026-08-25,SH601939,-0.023516209796071053,EXP_LinearModel_Alpha158_csi300_custom_step0_s_20260825_13,481b5c0d593542ab92a0c68343c39cbc,0.141,,,
1534,2026-08-25,SH601985,-0.04543459787964821,EXP_LinearModel_Alpha158_csi300_custom_step0_s_20260825_13,481b5c0d593542ab92a0c68343c39cbc,0.141,,,
1535,2026-08-25,SH601988,0.05672523006796837,EXP_LinearModel_Alpha158_csi300_custom_step0_s_20260825_13,481b5c0d593542ab92a0c68343c39cbc,0.141,,,
1536,2026-08-25,SH601995,-0.1230391338467598,EXP_LinearModel_Alpha158_csi300_custom_step0_s_20260825_13,481b5c0d593542ab92a0c68343c39cbc,0.141,,,
1537,2026-08-25,SH601998,0.14129868149757385,EXP_LinearModel_Alpha158_csi300_custom_step0_s_20260825_13,481b5c0d593542ab92a0c68343c39cbc,0.141,,,
1538,2026-08-25,SH603019,0.12899713218212128,EXP_LinearModel_Alpha158_csi300_custom_step0_s_20260825_13,481b5c0d593542ab92a0c68343c39cbc,0.141,,,
1539,2026-08-25,SH603259,0.23489876091480255,EXP_LinearModel_Alpha158_csi300_custom_step0_s_20260825_13,481b5c0d593542ab92a0c68343c39cbc,0.141,,,
1540,2026-08-25,SH603260,-0.05432475358247757,EXP_LinearModel_Alpha158_csi300_custom_step0_s_20260825_13,481b5c0d593542ab92a0c68343c39cbc,0.141,,,
1541,2026-08-25,SH603288,-0.021807897835969925,EXP_LinearModel_Alpha158_csi300_custom_step0_s_20260825_13,481b5c0d593542ab92a0c68343c39cbc,0.141,,,
1542,2026-08-25,SH603296,0.1770554780960083,EXP_LinearModel_Alpha158_csi300_custom_step0_s_20260825_13,481b5c0d593542ab92a0c68343c39cbc,0.141,,,
1543,2026-08-25,SH601919,0.0816425234079361,EXP_LinearModel_Alpha158_csi300_custom_step0_s_20260825_13,481b5c0d593542ab92a0c68343c39cbc,0.141,,,
1544,2026-08-25,SH601009,0.040367379784584045,EXP_LinearModel_Alpha158_csi300_custom_step0_s_20260825_13,481b5c0d593542ab92a0c68343c39cbc,0.141,,,
1545,2026-08-25,SH601006,0.020322801545262337,EXP_LinearModel_Alpha158_csi300_custom_step0_s_20260825_13,481b5c0d593542ab92a0c68343c39cbc,0.141,,,
1546,2026-08-25,SH600999,-0.14298801124095917,EXP_LinearModel_Alpha158_csi300_custom_step0_s_20260825_13,481b5c0d593542ab92a0c68343c39cbc,0.141,,,
1547,2026-08-25,SH600025,-0.049877602607011795,EXP_LinearModel_Alpha158_csi300_custom_step0_s_20260825_13,481b5c0d593542ab92a0c68343c39cbc,0.141,,,
1548,2026-08-25,SH600026,0.17510093748569489,EXP_LinearModel_Alpha158_csi300_custom_step0_s_20260825_13,481b5c0d593542ab92a0c68343c39cbc,0.141,,,
1549,2026-08-25,SH600027,0.01217367872595787,EXP_LinearModel_Alpha158_csi300_custom_step0_s_20260825_13,481b5c0d593542ab92a0c68343c39cbc,0.141,,,
1550,2026-08-25,SH600028,0.08806484937667847,EXP_LinearModel_Alpha158_csi300_custom_step0_s_20260825_13,481b5c0d593542ab92a0c68343c39cbc,0.141,,,
1551,2026-08-25,SH600029,-0.11459911614656448,EXP_LinearModel_Alpha158_csi300_custom_step0_s_20260825_13,481b5c0d593542ab92a0c68343c39cbc,0.141,,,
1552,2026-08-25,SH600030,-0.10302335768938065,EXP_LinearModel_Alpha158_csi300_custom_step0_s_20260825_13,481b5c0d593542ab92a0c68343c39cbc,0.141,,,
1553,2026-08-25,SH600031,-0.09115207940340042,EXP_LinearModel_Alpha158_csi300_custom_step0_s_20260825_13,481b5c0d593542ab92a0c68343c39cbc,0.141,,,
1554,2026-08-25,SH600036,-0.08195290714502335,EXP_LinearModel_Alpha158_csi300_custom_step0_s_20260825_13,481b5c0d593542ab92a0c68343c39cbc,0.141,,,
1555,2026-08-25,SH600039,-0.01666117087006569,EXP_LinearModel_Alpha158_csi300_custom_step0_s_20260825_13,481b5c0d593542ab92a0c68343c39cbc,0.141,,,
1556,2026-08-25,SH600048,-0.003430936485528946,EXP_LinearModel_Alpha158_csi300_custom_step0_s_20260825_13,481b5c0d593542ab92a0c68343c39cbc,0.141,,,
1557,2026-08-25,SH600023,-0.07780978083610535,EXP_LinearModel_Alpha158_csi300_custom_step0_s_20260825_13,481b5c0d593542ab92a0c68343c39cbc,0.141,,,
1558,2026-08-25,SH600050,0.06517165154218674,EXP_LinearModel_Alpha158_csi300_custom_step0_s_20260825_13,481b5c0d593542ab92a0c68343c39cbc,0.141,,,
1559,2026-08-25,SH600066,-0.07348150759935379,EXP_LinearModel_Alpha158_csi300_custom_step0_s_20260825_13,481b5c0d593542ab92a0c68343c39cbc,0.141,,,
1560,2026-08-25,SH600085,0.014907240867614746,EXP_LinearModel_Alpha158_csi300_custom_step0_s_20260825_13,481b5c0d593542ab92a0c68343c39cbc,0.141,,,
1561,2026-08-25,SH600089,-0.020683839917182922,EXP_LinearModel_Alpha158_csi300_custom_step0_s_20260825_13,481b5c0d593542ab92a0c68343c39cbc,0.141,,,
1562,2026-08-25,SH600104,-0.024882595986127853,EXP_LinearModel_Alpha158_csi300_custom_step0_s_20260825_13,481b5c0d593542ab92a0c68343c39cbc,0.141,,,
1563,2026-08-25,SH600111,0.141078382730484,EXP_LinearModel_Alpha158_csi300_custom_step0_s_20260825_13,481b5c0d593542ab92a0c68343c39cbc,0.141,,,
1564,2026-08-25,SH600115,-0.01309860311448574,EXP_LinearModel_Alpha158_csi300_custom_step0_s_20260825_13,481b5c0d593542ab92a0c68343c39cbc,0.141,,,
1565,2026-08-25,SH600118,0.3086899518966675,EXP_LinearModel_Alpha158_csi300_custom_step0_s_20260825_13,481b5c0d593542ab92a0c68343c39cbc,0.141,,,
1566,2026-08-25,SH600150,0.04319603741168976,EXP_LinearModel_Alpha158_csi300_custom_step0_s_20260825_13,481b5c0d593542ab92a0c68343c39cbc,0.141,,,
1567,2026-08-25,SH600160,0.005872813053429127,EXP_LinearModel_Alpha158_csi300_custom_step0_s_20260825_13,481b5c0d593542ab92a0c68343c39cbc,0.141,,,
1568,2026-08-25,SH600176,0.14953193068504333,EXP_LinearModel_Alpha158_csi300_custom_step0_s_20260825_13,481b5c0d593542ab92a0c68343c39cbc,0.141,,,
1569,2026-08-25,SH600061,0.005661950446665287,EXP_LinearModel_Alpha158_csi300_custom_step0_s_20260825_13,481b5c0d593542ab92a0c68343c39cbc,0.141,,,
1570,2026-08-25,SH600183,0.2475219964981079,EXP_LinearModel_Alpha158_csi300_custom_step0_s_20260825_13,481b5c0d593542ab92a0c68343c39cbc,0.141,,,
1571,2026-08-25,SH600019,-0.10689496994018555,EXP_LinearModel_Alpha158_csi300_custom_step0_s_20260825_13,481b5c0d593542ab92a0c68343c39cbc,0.141,,,
1572,2026-08-25,SH600016,-0.01443907618522644,EXP_LinearModel_Alpha158_csi300_custom_step0_s_20260825_13,481b5c0d593542ab92a0c68343c39cbc,0.141,,,
1573,2026-08-25,SZ300476,0.03593159094452858,EXP_LinearModel_Alpha158_csi300_custom_step0_s_20260825_13,f12d774be67f40c696b3b36fd385ee78,0.045,,,
1574,2026-08-25,SZ300498,-0.021659821271896362,EXP_LinearModel_Alpha158_csi300_custom_step0_s_20260825_13,f12d774be67f40c696b3b36fd385ee78,0.045,,,
1575,2026-08-25,SZ300502,0.11725037544965744,EXP_LinearModel_Alpha158_csi300_custom_step0_s_20260825_13,f12d774be67f40c696b3b36fd385ee78,0.045,,,
1576,2026-08-25,SZ300628,-0.006148797459900379,EXP_LinearModel_Alpha158_csi300_custom_step0_s_20260825_13,f12d774be67f40c696b3b36fd385ee78,0.045,,,
1577,2026-08-25,SZ300661,0.048863936215639114,EXP_LinearModel_Alpha158_csi300_custom_step0_s_20260825_13,f12d774be67f40c696b3b36fd385ee78,0.045,,,
1578,2026-08-25,SZ300750,-0.05016817897558212,EXP_LinearModel_Alpha158_csi300_custom_step0_s_20260825_13,f12d774be67f40c696b3b36fd385ee78,0.045,,,
1579,2026-08-25,SZ300760,-0.06296288967132568,EXP_LinearModel_Alpha158_csi300_custom_step0_s_20260825_13,f12d774be67f40c696b3b36fd385ee78,0.045,,,
1580,2026-08-25,SZ300803,0.011678827926516533,EXP_LinearModel_Alpha158_csi300_custom_step0_s_20260825_13,f12d774be67f40c696b3b36fd385ee78,0.045,,,
1581,2026-08-25,SZ300832,0.02915738895535469,EXP_LinearModel_Alpha158_csi300_custom_step0_s_20260825_13,f12d774be67f40c696b3b36fd385ee78,0.045,,,
1582,2026-08-25,SZ300866,0.042515914887189865,EXP_LinearModel_Alpha158_csi300_custom_step0_s_20260825_13,f12d774be67f40c696b3b36fd385ee78,0.045,,,
1583,2026-08-25,SH600018,-0.047330621629953384,EXP_LinearModel_Alpha158_csi300_custom_step0_s_20260825_13,481b5c0d593542ab92a0c68343c39cbc,0.141,,,
1584,2026-08-25,SZ300896,0.005170574877411127,EXP_LinearModel_Alpha158_csi300_custom_step0_s_20260825_13,f12d774be67f40c696b3b36fd385ee78,0.045,,,
1585,2026-08-25,SZ301165,0.0983077809214592,EXP_LinearModel_Alpha158_csi300_custom_step0_s_20260825_13,f12d774be67f40c696b3b36fd385ee78,0.045,,,
1586,2026-08-25,SZ301236,0.053448766469955444,EXP_LinearModel_Alpha158_csi300_custom_step0_s_20260825_13,f12d774be67f40c696b3b36fd385ee78,0.045,,,
1587,2026-08-25,SZ301269,0.12339509278535843,EXP_LinearModel_Alpha158_csi300_custom_step0_s_20260825_13,f12d774be67f40c696b3b36fd385ee78,0.045,,,
1588,2026-08-25,SZ301308,0.036378875374794006,EXP_LinearModel_Alpha158_csi300_custom_step0_s_20260825_13,f12d774be67f40c696b3b36fd385ee78,0.045,,,
1589,2026-08-25,SZ302132,-0.013601387850940228,EXP_LinearModel_Alpha158_csi300_custom_step0_s_20260825_13,f12d774be67f40c696b3b36fd385ee78,0.045,,,
1590,2026-08-25,SH600000,-0.1201644316315651,EXP_LinearModel_Alpha158_csi300_custom_step0_s_20260825_13,481b5c0d593542ab92a0c68343c39cbc,0.141,,,
1591,2026-08-25,SH600009,-0.023143725469708443,EXP_LinearModel_Alpha158_csi300_custom_step0_s_20260825_13,481b5c0d593542ab92a0c68343c39cbc,0.141,,,
1592,2026-08-25,SH600010,0.07988863438367844,EXP_LinearModel_Alpha158_csi300_custom_step0_s_20260825_13,481b5c0d593542ab92a0c68343c39cbc,0.141,,,
1593,2026-08-25,SH600011,0.010175690054893494,EXP_LinearModel_Alpha158_csi300_custom_step0_s_20260825_13,481b5c0d593542ab92a0c68343c39cbc,0.141,,,
1594,2026-08-25,SH600015,-0.1279090791940689,EXP_LinearModel_Alpha158_csi300_custom_step0_s_20260825_13,481b5c0d593542ab92a0c68343c39cbc,0.141,,,
1595,2026-08-25,SZ300999,0.07297718524932861,EXP_LinearModel_Alpha158_csi300_custom_step0_s_20260825_13,f12d774be67f40c696b3b36fd385ee78,0.045,,,
1596,2026-08-25,SH600918,-0.03918642923235893,EXP_LinearModel_Alpha158_csi300_custom_step0_s_20260825_13,f12d774be67f40c696b3b36fd385ee78,0.045,,,
1597,2026-08-25,SH600188,0.0836077556014061,EXP_LinearModel_Alpha158_csi300_custom_step0_s_20260825_13,481b5c0d593542ab92a0c68343c39cbc,0.141,,,
1598,2026-08-25,SH600219,0.10532750189304352,EXP_LinearModel_Alpha158_csi300_custom_step0_s_20260825_13,481b5c0d593542ab92a0c68343c39cbc,0.141,,,
1599,2026-08-25,SH600674,-0.005800897255539894,EXP_LinearModel_Alpha158_csi300_custom_step0_s_20260825_13,481b5c0d593542ab92a0c68343c39cbc,0.141,,,
1600,2026-08-25,SH600690,-0.07875993102788925,EXP_LinearModel_Alpha158_csi300_custom_step0_s_20260825_13,481b5c0d593542ab92a0c68343c39cbc,0.141,,,
1601,2026-08-25,SH600741,-0.09646446257829666,EXP_LinearModel_Alpha158_csi300_custom_step0_s_20260825_13,481b5c0d593542ab92a0c68343c39cbc,0.141,,,
1602,2026-08-25,SH600760,0.0021922586020082235,EXP_LinearModel_Alpha158_csi300_custom_step0_s_20260825_13,481b5c0d593542ab92a0c68343c39cbc,0.141,,,
1603,2026-08-25,SH600795,0.04091745615005493,EXP_LinearModel_Alpha158_csi300_custom_step0_s_20260825_13,481b5c0d593542ab92a0c68343c39cbc,0.141,,,
1604,2026-08-25,SH600803,-0.03362607955932617,EXP_LinearModel_Alpha158_csi300_custom_step0_s_20260825_13,481b5c0d593542ab92a0c68343c39cbc,0.141,,,
1605,2026-08-25,SH600809,-0.09067000448703766,EXP_LinearModel_Alpha158_csi300_custom_step0_s_20260825_13,481b5c0d593542ab92a0c68343c39cbc,0.141,,,
1606,2026-08-25,SH600845,-0.09779834002256393,EXP_LinearModel_Alpha158_csi300_custom_step0_s_20260825_13,481b5c0d593542ab92a0c68343c39cbc,0.141,,,
1607,2026-08-25,SH600875,0.16656111180782318,EXP_LinearModel_Alpha158_csi300_custom_step0_s_20260825_13,481b5c0d593542ab92a0c68343c39cbc,0.141,,,
1608,2026-08-25,SH600886,-0.006723321974277496,EXP_LinearModel_Alpha158_csi300_custom_step0_s_20260825_13,481b5c0d593542ab92a0c68343c39cbc,0.141,,,
1609,2026-08-25,SH600660,-0.08571645617485046,EXP_LinearModel_Alpha158_csi300_custom_step0_s_20260825_13,481b5c0d593542ab92a0c68343c39cbc,0.141,,,
1610,2026-08-25,SH600887,-0.05363371968269348,EXP_LinearModel_Alpha158_csi300_custom_step0_s_20260825_13,481b5c0d593542ab92a0c68343c39cbc,0.141,,,
1611,2026-08-25,SH600900,-0.034127216786146164,EXP_LinearModel_Alpha158_csi300_custom_step0_s_20260825_13,481b5c0d593542ab92a0c68343c39cbc,0.141,,,
1612,2026-08-25,SH600905,-0.05759011209011078,EXP_LinearModel_Alpha158_csi300_custom_step0_s_20260825_13,481b5c0d593542ab92a0c68343c39cbc,0.141,,,
1613,2026-08-25,SH600918,0.010312256403267384,EXP_LinearModel_Alpha158_csi300_custom_step0_s_20260825_13,481b5c0d593542ab92a0c68343c39cbc,0.141,,,
1614,2026-08-25,SH600919,-0.00523767713457346,EXP_LinearModel_Alpha158_csi300_custom_step0_s_20260825_13,481b5c0d593542ab92a0c68343c39cbc,0.141,,,
1615,2026-08-25,SH600926,0.01381215825676918,EXP_LinearModel_Alpha158_csi300_custom_step0_s_20260825_13,481b5c0d593542ab92a0c68343c39cbc,0.141,,,
1616,2026-08-25,SH600930,0.09012474864721298,EXP_LinearModel_Alpha158_csi300_custom_step0_s_20260825_13,481b5c0d593542ab92a0c68343c39cbc,0.141,,,
1617,2026-08-25,SH600938,0.17596277594566345,EXP_LinearModel_Alpha158_csi300_custom_step0_s_20260825_13,481b5c0d593542ab92a0c68343c39cbc,0.141,,,
1618,2026-08-25,SH600941,-0.03751356899738312,EXP_LinearModel_Alpha158_csi300_custom_step0_s_20260825_13,481b5c0d593542ab92a0c68343c39cbc,0.141,,,
1619,2026-08-25,SH600958,-0.06123942509293556,EXP_LinearModel_Alpha158_csi300_custom_step0_s_20260825_13,481b5c0d593542ab92a0c68343c39cbc,0.141,,,
1620,2026-08-25,SH600989,0.15042969584465027,EXP_LinearModel_Alpha158_csi300_custom_step0_s_20260825_13,481b5c0d593542ab92a0c68343c39cbc,0.141,,,
1621,2026-08-25,SH600893,0.04249770566821098,EXP_LinearModel_Alpha158_csi300_custom_step0_s_20260825_13,481b5c0d593542ab92a0c68343c39cbc,0.141,,,
1622,2026-08-25,SH600196,-0.0489085391163826,EXP_LinearModel_Alpha158_csi300_custom_step0_s_20260825_13,481b5c0d593542ab92a0c68343c39cbc,0.141,,,
1623,2026-08-25,SH600600,-0.08850469440221786,EXP_LinearModel_Alpha158_csi300_custom_step0_s_20260825_13,481b5c0d593542ab92a0c68343c39cbc,0.141,,,
1624,2026-08-25,SH600585,-0.024589715525507927,EXP_LinearModel_Alpha158_csi300_custom_step0_s_20260825_13,481b5c0d593542ab92a0c68343c39cbc,0.141,,,
1625,2026-08-25,SH600221,-0.07600564509630203,EXP_LinearModel_Alpha158_csi300_custom_step0_s_20260825_13,481b5c0d593542ab92a0c68343c39cbc,0.141,,,
1626,2026-08-25,SH600233,0.018573299050331116,EXP_LinearModel_Alpha158_csi300_custom_step0_s_20260825_13,481b5c0d593542ab92a0c68343c39cbc,0.141,,,
1627,2026-08-25,SH600276,-0.021312875673174858,EXP_LinearModel_Alpha158_csi300_custom_step0_s_20260825_13,481b5c0d593542ab92a0c68343c39cbc,0.141,,,
1628,2026-08-25,SH600309,-0.03819231316447258,EXP_LinearModel_Alpha158_csi300_custom_step0_s_20260825_13,481b5c0d593542ab92a0c68343c39cbc,0.141,,,
1629,2026-08-25,SH600346,0.11585099995136261,EXP_LinearModel_Alpha158_csi300_custom_step0_s_20260825_13,481b5c0d593542ab92a0c68343c39cbc,0.141,,,
1630,2026-08-25,SH600362,0.20691867172718048,EXP_LinearModel_Alpha158_csi300_custom_step0_s_20260825_13,481b5c0d593542ab92a0c68343c39cbc,0.141,,,
1631,2026-08-25,SH600372,0.08585619926452637,EXP_LinearModel_Alpha158_csi300_custom_step0_s_20260825_13,481b5c0d593542ab92a0c68343c39cbc,0.141,,,
1632,2026-08-25,SH600406,-0.026119165122509003,EXP_LinearModel_Alpha158_csi300_custom_step0_s_20260825_13,481b5c0d593542ab92a0c68343c39cbc,0.141,,,
1633,2026-08-25,SH600415,-0.05208860710263252,EXP_LinearModel_Alpha158_csi300_custom_step0_s_20260825_13,481b5c0d593542ab92a0c68343c39cbc,0.141,,,
1634,2026-08-25,SH600426,-0.02951926551759243,EXP_LinearModel_Alpha158_csi300_custom_step0_s_20260825_13,481b5c0d593542ab92a0c68343c39cbc,0.141,,,
1635,2026-08-25,SH600588,0.14860068261623383,EXP_LinearModel_Alpha158_csi300_custom_step0_s_20260825_13,481b5c0d593542ab92a0c68343c39cbc,0.141,,,
1636,2026-08-25,SH600436,0.03215060383081436,EXP_LinearModel_Alpha158_csi300_custom_step0_s_20260825_13,481b5c0d593542ab92a0c68343c39cbc,0.141,,,
1637,2026-08-25,SH600460,-0.1167420819401741,EXP_LinearModel_Alpha158_csi300_custom_step0_s_20260825_13,481b5c0d593542ab92a0c68343c39cbc,0.141,,,
1638,2026-08-25,SH600482,0.17515861988067627,EXP_LinearModel_Alpha158_csi300_custom_step0_s_20260825_13,481b5c0d593542ab92a0c68343c39cbc,0.141,,,
1639,2026-08-25,SH600489,0.20671243965625763,EXP_LinearModel_Alpha158_csi300_custom_step0_s_20260825_13,481b5c0d593542ab92a0c68343c39cbc,0.141,,,
1640,2026-08-25,SH600515,0.009730430319905281,EXP_LinearModel_Alpha158_csi300_custom_step0_s_20260825_13,481b5c0d593542ab92a0c68343c39cbc,0.141,,,
1641,2026-08-25,SH600519,-0.019935205578804016,EXP_LinearModel_Alpha158_csi300_custom_step0_s_20260825_13,481b5c0d593542ab92a0c68343c39cbc,0.141,,,
1642,2026-08-25,SH600522,0.14933523535728455,EXP_LinearModel_Alpha158_csi300_custom_step0_s_20260825_13,481b5c0d593542ab92a0c68343c39cbc,0.141,,,
1643,2026-08-25,SH600547,0.08650782704353333,EXP_LinearModel_Alpha158_csi300_custom_step0_s_20260825_13,481b5c0d593542ab92a0c68343c39cbc,0.141,,,
1644,2026-08-25,SH600549,0.29490822553634644,EXP_LinearModel_Alpha158_csi300_custom_step0_s_20260825_13,481b5c0d593542ab92a0c68343c39cbc,0.141,,,
1645,2026-08-25,SH600570,0.011051725596189499,EXP_LinearModel_Alpha158_csi300_custom_step0_s_20260825_13,481b5c0d593542ab92a0c68343c39cbc,0.141,,,
1646,2026-08-25,SH600584,0.12246987223625183,EXP_LinearModel_Alpha158_csi300_custom_step0_s_20260825_13,481b5c0d593542ab92a0c68343c39cbc,0.141,,,
1647,2026-08-25,SH600438,0.13811618089675903,EXP_LinearModel_Alpha158_csi300_custom_step0_s_20260825_13,481b5c0d593542ab92a0c68343c39cbc,0.141,,,
1648,2026-08-25,SH601939,0.11753387421320836,EXP_DEnsembleModel_Alpha158_csi300_custom_step0_s_20260825_13,0ca07341ef9c4042a26d1ac41e22d177,0.035,,,
1649,2026-08-25,SH601919,-0.061448702856252334,EXP_DEnsembleModel_Alpha158_csi300_custom_step0_s_20260825_13,0ca07341ef9c4042a26d1ac41e22d177,0.035,,,
1650,2026-08-25,SH601916,0.08159787404426433,EXP_DEnsembleModel_Alpha158_csi300_custom_step0_s_20260825_13,0ca07341ef9c4042a26d1ac41e22d177,0.035,,,
1651,2026-08-25,SZ002384,-0.0006406013374676855,EXP_LGBModel_Alpha158_csi300_custom_step0_s_20260825_15,fda95cd6516a4cc985c6ee1a293359fd,0.093,,,
1652,2026-08-25,SZ002415,-0.003085007021674949,EXP_LGBModel_Alpha158_csi300_custom_step0_s_20260825_15,fda95cd6516a4cc985c6ee1a293359fd,0.093,,,
1653,2026-08-25,SZ002422,-0.0017429475931204797,EXP_LGBModel_Alpha158_csi300_custom_step0_s_20260825_15,fda95cd6516a4cc985c6ee1a293359fd,0.093,,,
1654,2026-08-25,SZ002460,-0.003085007021674949,EXP_LGBModel_Alpha158_csi300_custom_step0_s_20260825_15,fda95cd6516a4cc985c6ee1a293359fd,0.093,,,
1655,2026-08-25,SZ002463,-0.0017429475931204797,EXP_LGBModel_Alpha158_csi300_custom_step0_s_20260825_15,fda95cd6516a4cc985c6ee1a293359fd,0.093,,,
1656,2026-08-25,SZ002466,-0.0017429475931204797,EXP_LGBModel_Alpha158_csi300_custom_step0_s_20260825_15,fda95cd6516a4cc985c6ee1a293359fd,0.093,,,
1657,2026-08-25,SZ002475,-0.0017429475931204797,EXP_LGBModel_Alpha158_csi300_custom_step0_s_20260825_15,fda95cd6516a4cc985c6ee1a293359fd,0.093,,,
1658,2026-08-25,SZ002493,0.0023613240833469436,EXP_LGBModel_Alpha158_csi300_custom_step0_s_20260825_15,fda95cd6516a4cc985c6ee1a293359fd,0.093,,,
1659,2026-08-25,SZ002532,-0.003085007021674949,EXP_LGBModel_Alpha158_csi300_custom_step0_s_20260825_15,fda95cd6516a4cc985c6ee1a293359fd,0.093,,,
1660,2026-08-25,SZ002558,-0.0017429475931204797,EXP_LGBModel_Alpha158_csi300_custom_step0_s_20260825_15,fda95cd6516a4cc985c6ee1a293359fd,0.093,,,
1661,2026-08-25,SZ002594,0.0028605123067787183,EXP_LGBModel_Alpha158_csi300_custom_step0_s_20260825_15,fda95cd6516a4cc985c6ee1a293359fd,0.093,,,
1662,2026-08-25,SZ002600,-0.00030229030561542493,EXP_LGBModel_Alpha158_csi300_custom_step0_s_20260825_15,fda95cd6516a4cc985c6ee1a293359fd,0.093,,,
1663,2026-08-25,SZ002602,-0.003085007021674949,EXP_LGBModel_Alpha158_csi300_custom_step0_s_20260825_15,fda95cd6516a4cc985c6ee1a293359fd,0.093,,,
1664,2026-08-25,SZ002625,-0.003085007021674949,EXP_LGBModel_Alpha158_csi300_custom_step0_s_20260825_15,fda95cd6516a4cc985c6ee1a293359fd,0.093,,,
1665,2026-08-25,SZ002648,0.0023613240833469436,EXP_LGBModel_Alpha158_csi300_custom_step0_s_20260825_15,fda95cd6516a4cc985c6ee1a293359fd,0.093,,,
1666,2026-08-25,SZ002709,0.0011786333823873977,EXP_LGBModel_Alpha158_csi300_custom_step0_s_20260825_15,fda95cd6516a4cc985c6ee1a293359fd,0.093,,,
1667,2026-08-25,SZ002714,0.0028605123067787183,EXP_LGBModel_Alpha158_csi300_custom_step0_s_20260825_15,fda95cd6516a4cc985c6ee1a293359fd,0.093,,,
1668,2026-08-25,SZ002736,0.0028605123067787183,EXP_LGBModel_Alpha158_csi300_custom_step0_s_20260825_15,fda95cd6516a4cc985c6ee1a293359fd,0.093,,,
1669,2026-08-25,SZ002837,0.0005689426259620173,EXP_LGBModel_Alpha158_csi300_custom_step0_s_20260825_15,fda95cd6516a4cc985c6ee1a293359fd,0.093,,,
1670,2026-08-25,SZ002916,-1.4592093614782433e-10,EXP_LGBModel_Alpha158_csi300_custom_step0_s_20260825_15,fda95cd6516a4cc985c6ee1a293359fd,0.093,,,
1671,2026-08-25,SZ002920,-0.003085007021674949,EXP_LGBModel_Alpha158_csi300_custom_step0_s_20260825_15,fda95cd6516a4cc985c6ee1a293359fd,0.093,,,
1672,2026-08-25,SZ002371,0.0011786333823873977,EXP_LGBModel_Alpha158_csi300_custom_step0_s_20260825_15,fda95cd6516a4cc985c6ee1a293359fd,0.093,,,
1673,2026-08-25,SZ002353,-1.4592093614782433e-10,EXP_LGBModel_Alpha158_csi300_custom_step0_s_20260825_15,fda95cd6516a4cc985c6ee1a293359fd,0.093,,,
1674,2026-08-25,SZ002352,0.0018601605295152407,EXP_LGBModel_Alpha158_csi300_custom_step0_s_20260825_15,fda95cd6516a4cc985c6ee1a293359fd,0.093,,,
1675,2026-08-25,SZ002311,0.0011786333823873977,EXP_LGBModel_Alpha158_csi300_custom_step0_s_20260825_15,fda95cd6516a4cc985c6ee1a293359fd,0.093,,,
1676,2026-08-25,SZ000963,-1.4592093614782433e-10,EXP_LGBModel_Alpha158_csi300_custom_step0_s_20260825_15,fda95cd6516a4cc985c6ee1a293359fd,0.093,,,
1677,2026-08-25,SZ000975,-0.003085007021674949,EXP_LGBModel_Alpha158_csi300_custom_step0_s_20260825_15,fda95cd6516a4cc985c6ee1a293359fd,0.093,,,
1678,2026-08-25,SZ000977,-0.00030229030561542493,EXP_LGBModel_Alpha158_csi300_custom_step0_s_20260825_15,fda95cd6516a4cc985c6ee1a293359fd,0.093,,,
1679,2026-08-25,SZ000988,-0.00030229030561542493,EXP_LGBModel_Alpha158_csi300_custom_step0_s_20260825_15,fda95cd6516a4cc985c6ee1a293359fd,0.093,,,
1680,2026-08-25,SZ000999,-1.4592093614782433e-10,EXP_LGBModel_Alpha158_csi300_custom_step0_s_20260825_15,fda95cd6516a4cc985c6ee1a293359fd,0.093,,,
1681,2026-08-25,SZ001280,-0.003085007021674949,EXP_LGBModel_Alpha158_csi300_custom_step0_s_20260825_15,fda95cd6516a4cc985c6ee1a293359fd,0.093,,,
1682,2026-08-25,SZ001391,0.0011591605876736953,EXP_LGBModel_Alpha158_csi300_custom_step0_s_20260825_15,fda95cd6516a4cc985c6ee1a293359fd,0.093,,,
1683,2026-08-25,SZ001965,0.0018601605295152407,EXP_LGBModel_Alpha158_csi300_custom_step0_s_20260825_15,fda95cd6516a4cc985c6ee1a293359fd,0.093,,,
1684,2026-08-25,SZ001979,-1.4592093614782433e-10,EXP_LGBModel_Alpha158_csi300_custom_step0_s_20260825_15,fda95cd6516a4cc985c6ee1a293359fd,0.093,,,
1685,2026-08-25,SZ002001,0.0011786333823873977,EXP_LGBModel_Alpha158_csi300_custom_step0_s_20260825_15,fda95cd6516a4cc985c6ee1a293359fd,0.093,,,
1686,2026-08-25,SZ002938,0.0011786333823873977,EXP_LGBModel_Alpha158_csi300_custom_step0_s_20260825_15,fda95cd6516a4cc985c6ee1a293359fd,0.093,,,
1687,2026-08-25,SZ002027,-0.003085007021674949,EXP_LGBModel_Alpha158_csi300_custom_step0_s_20260825_15,fda95cd6516a4cc985c6ee1a293359fd,0.093,,,
1688,2026-08-25,SZ002049,-0.00030229030561542493,EXP_LGBModel_Alpha158_csi300_custom_step0_s_20260825_15,fda95cd6516a4cc985c6ee1a293359fd,0.093,,,
1689,2026-08-25,SZ002050,-0.00030229030561542493,EXP_LGBModel_Alpha158_csi300_custom_step0_s_20260825_15,fda95cd6516a4cc985c6ee1a293359fd,0.093,,,
1690,2026-08-25,SZ002074,-0.003085007021674949,EXP_LGBModel_Alpha158_csi300_custom_step0_s_20260825_15,fda95cd6516a4cc985c6ee1a293359fd,0.093,,,
1691,2026-08-25,SZ002142,0.0018601605295152407,EXP_LGBModel_Alpha158_csi300_custom_step0_s_20260825_15,fda95cd6516a4cc985c6ee1a293359fd,0.093,,,
1692,2026-08-25,SZ002179,-1.4592093614782433e-10,EXP_LGBModel_Alpha158_csi300_custom_step0_s_20260825_15,fda95cd6516a4cc985c6ee1a293359fd,0.093,,,
1693,2026-08-25,SZ002202,-1.4592093614782433e-10,EXP_LGBModel_Alpha158_csi300_custom_step0_s_20260825_15,fda95cd6516a4cc985c6ee1a293359fd,0.093,,,
1694,2026-08-25,SZ002230,-0.003085007021674949,EXP_LGBModel_Alpha158_csi300_custom_step0_s_20260825_15,fda95cd6516a4cc985c6ee1a293359fd,0.093,,,
1695,2026-08-25,SZ002236,0.0028605123067787183,EXP_LGBModel_Alpha158_csi300_custom_step0_s_20260825_15,fda95cd6516a4cc985c6ee1a293359fd,0.093,,,
1696,2026-08-25,SZ002241,-0.003085007021674949,EXP_LGBModel_Alpha158_csi300_custom_step0_s_20260825_15,fda95cd6516a4cc985c6ee1a293359fd,0.093,,,
1697,2026-08-25,SZ002304,-1.4592093614782433e-10,EXP_LGBModel_Alpha158_csi300_custom_step0_s_20260825_15,fda95cd6516a4cc985c6ee1a293359fd,0.093,,,
1698,2026-08-25,SZ002028,-0.0006406013374676855,EXP_LGBModel_Alpha158_csi300_custom_step0_s_20260825_15,fda95cd6516a4cc985c6ee1a293359fd,0.093,,,
1699,2026-08-25,SZ003816,-0.0017429475931204797,EXP_LGBModel_Alpha158_csi300_custom_step0_s_20260825_15,fda95cd6516a4cc985c6ee1a293359fd,0.093,,,
1700,2026-08-25,SZ300014,-1.4592093614782433e-10,EXP_LGBModel_Alpha158_csi300_custom_step0_s_20260825_15,fda95cd6516a4cc985c6ee1a293359fd,0.093,,,
1701,2026-08-25,SZ300015,0.0018601605295152407,EXP_LGBModel_Alpha158_csi300_custom_step0_s_20260825_15,fda95cd6516a4cc985c6ee1a293359fd,0.093,,,
1702,2026-08-25,SZ300999,-1.4592093614782433e-10,EXP_LGBModel_Alpha158_csi300_custom_step0_s_20260825_15,fda95cd6516a4cc985c6ee1a293359fd,0.093,,,
1703,2026-08-25,SZ301165,0.0023613240833469436,EXP_LGBModel_Alpha158_csi300_custom_step0_s_20260825_15,fda95cd6516a4cc985c6ee1a293359fd,0.093,,,
1704,2026-08-25,SZ301236,-0.003085007021674949,EXP_LGBModel_Alpha158_csi300_custom_step0_s_20260825_15,fda95cd6516a4cc985c6ee1a293359fd,0.093,,,
1705,2026-08-25,SZ301269,-0.00030229030561542493,EXP_LGBModel_Alpha158_csi300_custom_step0_s_20260825_15,fda95cd6516a4cc985c6ee1a293359fd,0.093,,,
1706,2026-08-25,SZ301308,-0.00030229030561542493,EXP_LGBModel_Alpha158_csi300_custom_step0_s_20260825_15,fda95cd6516a4cc985c6ee1a293359fd,0.093,,,
1707,2026-08-25,SZ302132,-0.0017611130516375665,EXP_LGBModel_Alpha158_csi300_custom_step0_s_20260825_15,fda95cd6516a4cc985c6ee1a293359fd,0.093,,,
1708,2026-08-25,SH600000,2.7975755094505154e-10,EXP_LGBModel_Alpha158_csi300_custom_step0_s_20260825_15,a68443ccbc4a42998cfb0a5a39eba0dd,0.062,,,
1709,2026-08-25,SH600009,2.7975755094505154e-10,EXP_LGBModel_Alpha158_csi300_custom_step0_s_20260825_15,a68443ccbc4a42998cfb0a5a39eba0dd,0.062,,,
1710,2026-08-25,SH600010,0.0027465152907435422,EXP_LGBModel_Alpha158_csi300_custom_step0_s_20260825_15,a68443ccbc4a42998cfb0a5a39eba0dd,0.062,,,
1711,2026-08-25,SH600011,-0.00016858419178910527,EXP_LGBModel_Alpha158_csi300_custom_step0_s_20260825_15,a68443ccbc4a42998cfb0a5a39eba0dd,0.062,,,
1712,2026-08-25,SZ300896,-1.4592093614782433e-10,EXP_LGBModel_Alpha158_csi300_custom_step0_s_20260825_15,fda95cd6516a4cc985c6ee1a293359fd,0.093,,,
1713,2026-08-25,SH600015,0.0027465152907435422,EXP_LGBModel_Alpha158_csi300_custom_step0_s_20260825_15,a68443ccbc4a42998cfb0a5a39eba0dd,0.062,,,
1714,2026-08-25,SH600018,0.0027465152907435422,EXP_LGBModel_Alpha158_csi300_custom_step0_s_20260825_15,a68443ccbc4a42998cfb0a5a39eba0dd,0.062,,,
1715,2026-08-25,SH600019,0.0017993240033594862,EXP_LGBModel_Alpha158_csi300_custom_step0_s_20260825_15,a68443ccbc4a42998cfb0a5a39eba0dd,0.062,,,
1716,2026-08-25,SH600023,2.7975755094505154e-10,EXP_LGBModel_Alpha158_csi300_custom_step0_s_20260825_15,a68443ccbc4a42998cfb0a5a39eba0dd,0.062,,,
1717,2026-08-25,SH600025,-0.0011629997800900315,EXP_LGBModel_Alpha158_csi300_custom_step0_s_20260825_15,a68443ccbc4a42998cfb0a5a39eba0dd,0.062,,,
1718,2026-08-25,SH600026,2.7975755094505154e-10,EXP_LGBModel_Alpha158_csi300_custom_step0_s_20260825_15,a68443ccbc4a42998cfb0a5a39eba0dd,0.062,,,
1719,2026-08-25,SH600027,0.0017993240033594862,EXP_LGBModel_Alpha158_csi300_custom_step0_s_20260825_15,a68443ccbc4a42998cfb0a5a39eba0dd,0.062,,,
1720,2026-08-25,SH600028,0.0021602297987787377,EXP_LGBModel_Alpha158_csi300_custom_step0_s_20260825_15,a68443ccbc4a42998cfb0a5a39eba0dd,0.062,,,
1721,2026-08-25,SH600029,0.0027465152907435422,EXP_LGBModel_Alpha158_csi300_custom_step0_s_20260825_15,a68443ccbc4a42998cfb0a5a39eba0dd,0.062,,,
1722,2026-08-25,SH600030,2.7975755094505154e-10,EXP_LGBModel_Alpha158_csi300_custom_step0_s_20260825_15,a68443ccbc4a42998cfb0a5a39eba0dd,0.062,,,
1723,2026-08-25,SH600031,2.7975755094505154e-10,EXP_LGBModel_Alpha158_csi300_custom_step0_s_20260825_15,a68443ccbc4a42998cfb0a5a39eba0dd,0.062,,,
1724,2026-08-25,SH600016,0.0027465152907435422,EXP_LGBModel_Alpha158_csi300_custom_step0_s_20260825_15,a68443ccbc4a42998cfb0a5a39eba0dd,0.062,,,
1725,2026-08-25,SZ000938,-0.00030229030561542493,EXP_LGBModel_Alpha158_csi300_custom_step0_s_20260825_15,fda95cd6516a4cc985c6ee1a293359fd,0.093,,,
1726,2026-08-25,SZ300866,-0.003085007021674949,EXP_LGBModel_Alpha158_csi300_custom_step0_s_20260825_15,fda95cd6516a4cc985c6ee1a293359fd,0.093,,,
1727,2026-08-25,SZ300803,-0.003085007021674949,EXP_LGBModel_Alpha158_csi300_custom_step0_s_20260825_15,fda95cd6516a4cc985c6ee1a293359fd,0.093,,,
1728,2026-08-25,SZ300033,-1.4592093614782433e-10,EXP_LGBModel_Alpha158_csi300_custom_step0_s_20260825_15,fda95cd6516a4cc985c6ee1a293359fd,0.093,,,
1729,2026-08-25,SZ300059,-0.00030229030561542493,EXP_LGBModel_Alpha158_csi300_custom_step0_s_20260825_15,fda95cd6516a4cc985c6ee1a293359fd,0.093,,,
1730,2026-08-25,SZ300122,-1.4592093614782433e-10,EXP_LGBModel_Alpha158_csi300_custom_step0_s_20260825_15,fda95cd6516a4cc985c6ee1a293359fd,0.093,,,
1731,2026-08-25,SZ300124,-1.4592093614782433e-10,EXP_LGBModel_Alpha158_csi300_custom_step0_s_20260825_15,fda95cd6516a4cc985c6ee1a293359fd,0.093,,,
1732,2026-08-25,SZ300251,-0.00030229030561542493,EXP_LGBModel_Alpha158_csi300_custom_step0_s_20260825_15,fda95cd6516a4cc985c6ee1a293359fd,0.093,,,
1733,2026-08-25,SZ300274,-1.4592093614782433e-10,EXP_LGBModel_Alpha158_csi300_custom_step0_s_20260825_15,fda95cd6516a4cc985c6ee1a293359fd,0.093,,,
1734,2026-08-25,SZ300308,0.0011786333823873977,EXP_LGBModel_Alpha158_csi300_custom_step0_s_20260825_15,fda95cd6516a4cc985c6ee1a293359fd,0.093,,,
1735,2026-08-25,SZ300316,-0.003085007021674949,EXP_LGBModel_Alpha158_csi300_custom_step0_s_20260825_15,fda95cd6516a4cc985c6ee1a293359fd,0.093,,,
1736,2026-08-25,SZ300394,-1.4592093614782433e-10,EXP_LGBModel_Alpha158_csi300_custom_step0_s_20260825_15,fda95cd6516a4cc985c6ee1a293359fd,0.093,,,
1737,2026-08-25,SZ300408,-1.4592093614782433e-10,EXP_LGBModel_Alpha158_csi300_custom_step0_s_20260825_15,fda95cd6516a4cc985c6ee1a293359fd,0.093,,,
1738,2026-08-25,SZ300832,0.0023613240833469436,EXP_LGBModel_Alpha158_csi300_custom_step0_s_20260825_15,fda95cd6516a4cc985c6ee1a293359fd,0.093,,,
1739,2026-08-25,SZ300413,-0.0017429475931204797,EXP_LGBModel_Alpha158_csi300_custom_step0_s_20260825_15,fda95cd6516a4cc985c6ee1a293359fd,0.093,,,
1740,2026-08-25,SZ300433,-1.4592093614782433e-10,EXP_LGBModel_Alpha158_csi300_custom_step0_s_20260825_15,fda95cd6516a4cc985c6ee1a293359fd,0.093,,,
1741,2026-08-25,SZ300442,-1.4592093614782433e-10,EXP_LGBModel_Alpha158_csi300_custom_step0_s_20260825_15,fda95cd6516a4cc985c6ee1a293359fd,0.093,,,
1742,2026-08-25,SZ300450,-1.4592093614782433e-10,EXP_LGBModel_Alpha158_csi300_custom_step0_s_20260825_15,fda95cd6516a4cc985c6ee1a293359fd,0.093,,,
1743,2026-08-25,SZ300476,-1.4592093614782433e-10,EXP_LGBModel_Alpha158_csi300_custom_step0_s_20260825_15,fda95cd6516a4cc985c6ee1a293359fd,0.093,,,
1744,2026-08-25,SZ300498,0.0028605123067787183,EXP_LGBModel_Alpha158_csi300_custom_step0_s_20260825_15,fda95cd6516a4cc985c6ee1a293359fd,0.093,,,
1745,2026-08-25,SZ300502,-1.4592093614782433e-10,EXP_LGBModel_Alpha158_csi300_custom_step0_s_20260825_15,fda95cd6516a4cc985c6ee1a293359fd,0.093,,,
1746,2026-08-25,SZ300628,-0.003085007021674949,EXP_LGBModel_Alpha158_csi300_custom_step0_s_20260825_15,fda95cd6516a4cc985c6ee1a293359fd,0.093,,,
1747,2026-08-25,SZ300661,-0.003085007021674949,EXP_LGBModel_Alpha158_csi300_custom_step0_s_20260825_15,fda95cd6516a4cc985c6ee1a293359fd,0.093,,,
1748,2026-08-25,SZ300750,-0.0017611130516375665,EXP_LGBModel_Alpha158_csi300_custom_step0_s_20260825_15,fda95cd6516a4cc985c6ee1a293359fd,0.093,,,
1749,2026-08-25,SZ300760,-0.003085007021674949,EXP_LGBModel_Alpha158_csi300_custom_step0_s_20260825_15,fda95cd6516a4cc985c6ee1a293359fd,0.093,,,
1750,2026-08-25,SZ300418,-1.4592093614782433e-10,EXP_LGBModel_Alpha158_csi300_custom_step0_s_20260825_15,fda95cd6516a4cc985c6ee1a293359fd,0.093,,,
1751,2026-08-25,SH600036,0.0027465152907435422,EXP_LGBModel_Alpha158_csi300_custom_step0_s_20260825_15,a68443ccbc4a42998cfb0a5a39eba0dd,0.062,,,
1752,2026-08-25,SZ000895,0.0018601605295152407,EXP_LGBModel_Alpha158_csi300_custom_step0_s_20260825_15,fda95cd6516a4cc985c6ee1a293359fd,0.093,,,
1753,2026-08-25,SZ000807,-0.003085007021674949,EXP_LGBModel_Alpha158_csi300_custom_step0_s_20260825_15,fda95cd6516a4cc985c6ee1a293359fd,0.093,,,
1754,2026-08-25,SH601872,-0.003085007021674949,EXP_LGBModel_Alpha158_csi300_custom_step0_s_20260825_15,fda95cd6516a4cc985c6ee1a293359fd,0.093,,,
1755,2026-08-25,SH601877,-0.003085007021674949,EXP_LGBModel_Alpha158_csi300_custom_step0_s_20260825_15,fda95cd6516a4cc985c6ee1a293359fd,0.093,,,
1756,2026-08-25,SH601878,0.0028605123067787183,EXP_LGBModel_Alpha158_csi300_custom_step0_s_20260825_15,fda95cd6516a4cc985c6ee1a293359fd,0.093,,,
1757,2026-08-25,SH601881,-1.4592093614782433e-10,EXP_LGBModel_Alpha158_csi300_custom_step0_s_20260825_15,fda95cd6516a4cc985c6ee1a293359fd,0.093,,,
1758,2026-08-25,SH601888,-1.4592093614782433e-10,EXP_LGBModel_Alpha158_csi300_custom_step0_s_20260825_15,fda95cd6516a4cc985c6ee1a293359fd,0.093,,,
1759,2026-08-25,SH601898,-0.003085007021674949,EXP_LGBModel_Alpha158_csi300_custom_step0_s_20260825_15,fda95cd6516a4cc985c6ee1a293359fd,0.093,,,
1760,2026-08-25,SH601899,-0.003085007021674949,EXP_LGBModel_Alpha158_csi300_custom_step0_s_20260825_15,fda95cd6516a4cc985c6ee1a293359fd,0.093,,,
1761,2026-08-25,SH601901,-1.4592093614782433e-10,EXP_LGBModel_Alpha158_csi300_custom_step0_s_20260825_15,fda95cd6516a4cc985c6ee1a293359fd,0.093,,,
1762,2026-08-25,SH601916,0.0028605123067787183,EXP_LGBModel_Alpha158_csi300_custom_step0_s_20260825_15,fda95cd6516a4cc985c6ee1a293359fd,0.093,,,
1763,2026-08-25,SH601919,-0.003085007021674949,EXP_LGBModel_Alpha158_csi300_custom_step0_s_20260825_15,fda95cd6516a4cc985c6ee1a293359fd,0.093,,,
1764,2026-08-25,SH601939,0.0018601605295152407,EXP_LGBModel_Alpha158_csi300_custom_step0_s_20260825_15,fda95cd6516a4cc985c6ee1a293359fd,0.093,,,
1765,2026-08-25,SH601985,0.0028605123067787183,EXP_LGBModel_Alpha158_csi300_custom_step0_s_20260825_15,fda95cd6516a4cc985c6ee1a293359fd,0.093,,,
1766,2026-08-25,SH601988,0.0028605123067787183,EXP_LGBModel_Alpha158_csi300_custom_step0_s_20260825_15,fda95cd6516a4cc985c6ee1a293359fd,0.093,,,
1767,2026-08-25,SH601995,-1.4592093614782433e-10,EXP_LGBModel_Alpha158_csi300_custom_step0_s_20260825_15,fda95cd6516a4cc985c6ee1a293359fd,0.093,,,
1768,2026-08-25,SH601998,0.0018601605295152407,EXP_LGBModel_Alpha158_csi300_custom_step0_s_20260825_15,fda95cd6516a4cc985c6ee1a293359fd,0.093,,,
1769,2026-08-25,SH603019,-0.00030229030561542493,EXP_LGBModel_Alpha158_csi300_custom_step0_s_20260825_15,fda95cd6516a4cc985c6ee1a293359fd,0.093,,,
1770,2026-08-25,SH603259,-1.4592093614782433e-10,EXP_LGBModel_Alpha158_csi300_custom_step0_s_20260825_15,fda95cd6516a4cc985c6ee1a293359fd,0.093,,,
1771,2026-08-25,SH603260,-1.4592093614782433e-10,EXP_LGBModel_Alpha158_csi300_custom_step0_s_20260825_15,fda95cd6516a4cc985c6ee1a293359fd,0.093,,,
1772,2026-08-25,SH603288,0.0018601605295152407,EXP_LGBModel_Alpha158_csi300_custom_step0_s_20260825_15,fda95cd6516a4cc985c6ee1a293359fd,0.093,,,
1773,2026-08-25,SH603296,0.0011786333823873977,EXP_LGBModel_Alpha158_csi300_custom_step0_s_20260825_15,fda95cd6516a4cc985c6ee1a293359fd,0.093,,,
1774,2026-08-25,SH603369,-1.4592093614782433e-10,EXP_LGBModel_Alpha158_csi300_custom_step0_s_20260825_15,fda95cd6516a4cc985c6ee1a293359fd,0.093,,,
1775,2026-08-25,SH601868,0.0028605123067787183,EXP_LGBModel_Alpha158_csi300_custom_step0_s_20260825_15,fda95cd6516a4cc985c6ee1a293359fd,0.093,,,
1776,2026-08-25,SH601857,-0.003085007021674949,EXP_LGBModel_Alpha158_csi300_custom_step0_s_20260825_15,fda95cd6516a4cc985c6ee1a293359fd,0.093,,,
1777,2026-08-25,SH601838,0.0028605123067787183,EXP_LGBModel_Alpha158_csi300_custom_step0_s_20260825_15,fda95cd6516a4cc985c6ee1a293359fd,0.093,,,
1778,2026-08-25,SH601825,0.0018601605295152407,EXP_LGBModel_Alpha158_csi300_custom_step0_s_20260825_15,fda95cd6516a4cc985c6ee1a293359fd,0.093,,,
1779,2026-08-25,SH601390,0.0028605123067787183,EXP_LGBModel_Alpha158_csi300_custom_step0_s_20260825_15,fda95cd6516a4cc985c6ee1a293359fd,0.093,,,
1780,2026-08-25,SH601398,0.0018601605295152407,EXP_LGBModel_Alpha158_csi300_custom_step0_s_20260825_15,fda95cd6516a4cc985c6ee1a293359fd,0.093,,,
1781,2026-08-25,SH601456,-1.4592093614782433e-10,EXP_LGBModel_Alpha158_csi300_custom_step0_s_20260825_15,fda95cd6516a4cc985c6ee1a293359fd,0.093,,,
1782,2026-08-25,SH601600,-0.003085007021674949,EXP_LGBModel_Alpha158_csi300_custom_step0_s_20260825_15,fda95cd6516a4cc985c6ee1a293359fd,0.093,,,
1783,2026-08-25,SH601601,-0.003085007021674949,EXP_LGBModel_Alpha158_csi300_custom_step0_s_20260825_15,fda95cd6516a4cc985c6ee1a293359fd,0.093,,,
1784,2026-08-25,SH601607,0.0028605123067787183,EXP_LGBModel_Alpha158_csi300_custom_step0_s_20260825_15,fda95cd6516a4cc985c6ee1a293359fd,0.093,,,
1785,2026-08-25,SH601618,0.0028605123067787183,EXP_LGBModel_Alpha158_csi300_custom_step0_s_20260825_15,fda95cd6516a4cc985c6ee1a293359fd,0.093,,,
1786,2026-08-25,SH601628,-1.4592093614782433e-10,EXP_LGBModel_Alpha158_csi300_custom_step0_s_20260825_15,fda95cd6516a4cc985c6ee1a293359fd,0.093,,,
1787,2026-08-25,SH601633,-0.003085007021674949,EXP_LGBModel_Alpha158_csi300_custom_step0_s_20260825_15,fda95cd6516a4cc985c6ee1a293359fd,0.093,,,
1788,2026-08-25,SH601658,0.0028605123067787183,EXP_LGBModel_Alpha158_csi300_custom_step0_s_20260825_15,fda95cd6516a4cc985c6ee1a293359fd,0.093,,,
1789,2026-08-25,SH603392,-0.0017429475931204797,EXP_LGBModel_Alpha158_csi300_custom_step0_s_20260825_15,fda95cd6516a4cc985c6ee1a293359fd,0.093,,,
1790,2026-08-25,SH601668,0.0018601605295152407,EXP_LGBModel_Alpha158_csi300_custom_step0_s_20260825_15,fda95cd6516a4cc985c6ee1a293359fd,0.093,,,
1791,2026-08-25,SH601688,-1.4592093614782433e-10,EXP_LGBModel_Alpha158_csi300_custom_step0_s_20260825_15,fda95cd6516a4cc985c6ee1a293359fd,0.093,,,
1792,2026-08-25,SH601689,-0.00030229030561542493,EXP_LGBModel_Alpha158_csi300_custom_step0_s_20260825_15,fda95cd6516a4cc985c6ee1a293359fd,0.093,,,
1793,2026-08-25,SH601698,-1.4592093614782433e-10,EXP_LGBModel_Alpha158_csi300_custom_step0_s_20260825_15,fda95cd6516a4cc985c6ee1a293359fd,0.093,,,
1794,2026-08-25,SH601727,-0.003085007021674949,EXP_LGBModel_Alpha158_csi300_custom_step0_s_20260825_15,fda95cd6516a4cc985c6ee1a293359fd,0.093,,,
1795,2026-08-25,SH601728,-1.4592093614782433e-10,EXP_LGBModel_Alpha158_csi300_custom_step0_s_20260825_15,fda95cd6516a4cc985c6ee1a293359fd,0.093,,,
1796,2026-08-25,SH601766,-1.4592093614782433e-10,EXP_LGBModel_Alpha158_csi300_custom_step0_s_20260825_15,fda95cd6516a4cc985c6ee1a293359fd,0.093,,,
1797,2026-08-25,SH601788,-1.4592093614782433e-10,EXP_LGBModel_Alpha158_csi300_custom_step0_s_20260825_15,fda95cd6516a4cc985c6ee1a293359fd,0.093,,,
1798,2026-08-25,SH601800,0.0018601605295152407,EXP_LGBModel_Alpha158_csi300_custom_step0_s_20260825_15,fda95cd6516a4cc985c6ee1a293359fd,0.093,,,
1799,2026-08-25,SH601816,0.0018601605295152407,EXP_LGBModel_Alpha158_csi300_custom_step0_s_20260825_15,fda95cd6516a4cc985c6ee1a293359fd,0.093,,,
1800,2026-08-25,SH601818,0.0028605123067787183,EXP_LGBModel_Alpha158_csi300_custom_step0_s_20260825_15,fda95cd6516a4cc985c6ee1a293359fd,0.093,,,
1801,2026-08-25,SH601669,0.0028605123067787183,EXP_LGBModel_Alpha158_csi300_custom_step0_s_20260825_15,fda95cd6516a4cc985c6ee1a293359fd,0.093,,,
1802,2026-08-25,SH603501,-1.4592093614782433e-10,EXP_LGBModel_Alpha158_csi300_custom_step0_s_20260825_15,fda95cd6516a4cc985c6ee1a293359fd,0.093,,,
1803,2026-08-25,SH603799,-1.4592093614782433e-10,EXP_LGBModel_Alpha158_csi300_custom_step0_s_20260825_15,fda95cd6516a4cc985c6ee1a293359fd,0.093,,,
1804,2026-08-25,SH603893,-1.4592093614782433e-10,EXP_LGBModel_Alpha158_csi300_custom_step0_s_20260825_15,fda95cd6516a4cc985c6ee1a293359fd,0.093,,,
1805,2026-08-25,SZ000063,-0.00030229030561542493,EXP_LGBModel_Alpha158_csi300_custom_step0_s_20260825_15,fda95cd6516a4cc985c6ee1a293359fd,0.093,,,
1806,2026-08-25,SZ000100,-1.4592093614782433e-10,EXP_LGBModel_Alpha158_csi300_custom_step0_s_20260825_15,fda95cd6516a4cc985c6ee1a293359fd,0.093,,,
1807,2026-08-25,SZ000157,-1.4592093614782433e-10,EXP_LGBModel_Alpha158_csi300_custom_step0_s_20260825_15,fda95cd6516a4cc985c6ee1a293359fd,0.093,,,
1808,2026-08-25,SZ000166,0.0028605123067787183,EXP_LGBModel_Alpha158_csi300_custom_step0_s_20260825_15,fda95cd6516a4cc985c6ee1a293359fd,0.093,,,
1809,2026-08-25,SZ000301,0.0023613240833469436,EXP_LGBModel_Alpha158_csi300_custom_step0_s_20260825_15,fda95cd6516a4cc985c6ee1a293359fd,0.093,,,
1810,2026-08-25,SZ000333,0.0028605123067787183,EXP_LGBModel_Alpha158_csi300_custom_step0_s_20260825_15,fda95cd6516a4cc985c6ee1a293359fd,0.093,,,
1811,2026-08-25,SZ000338,-1.4592093614782433e-10,EXP_LGBModel_Alpha158_csi300_custom_step0_s_20260825_15,fda95cd6516a4cc985c6ee1a293359fd,0.093,,,
1812,2026-08-25,SZ000408,-1.4592093614782433e-10,EXP_LGBModel_Alpha158_csi300_custom_step0_s_20260825_15,fda95cd6516a4cc985c6ee1a293359fd,0.093,,,
1813,2026-08-25,SZ000425,0.0011591605876736953,EXP_LGBModel_Alpha158_csi300_custom_step0_s_20260825_15,fda95cd6516a4cc985c6ee1a293359fd,0.093,,,
1814,2026-08-25,SZ000538,0.0028605123067787183,EXP_LGBModel_Alpha158_csi300_custom_step0_s_20260825_15,fda95cd6516a4cc985c6ee1a293359fd,0.093,,,
1815,2026-08-25,SZ000002,-1.4592093614782433e-10,EXP_LGBModel_Alpha158_csi300_custom_step0_s_20260825_15,fda95cd6516a4cc985c6ee1a293359fd,0.093,,,
1816,2026-08-25,SZ000568,-1.4592093614782433e-10,EXP_LGBModel_Alpha158_csi300_custom_step0_s_20260825_15,fda95cd6516a4cc985c6ee1a293359fd,0.093,,,
1817,2026-08-25,SZ000617,-1.4592093614782433e-10,EXP_LGBModel_Alpha158_csi300_custom_step0_s_20260825_15,fda95cd6516a4cc985c6ee1a293359fd,0.093,,,
1818,2026-08-25,SZ000625,-0.003085007021674949,EXP_LGBModel_Alpha158_csi300_custom_step0_s_20260825_15,fda95cd6516a4cc985c6ee1a293359fd,0.093,,,
1819,2026-08-25,SZ000630,-0.003085007021674949,EXP_LGBModel_Alpha158_csi300_custom_step0_s_20260825_15,fda95cd6516a4cc985c6ee1a293359fd,0.093,,,
1820,2026-08-25,SZ000651,0.0028605123067787183,EXP_LGBModel_Alpha158_csi300_custom_step0_s_20260825_15,fda95cd6516a4cc985c6ee1a293359fd,0.093,,,
1821,2026-08-25,SZ000657,-1.4592093614782433e-10,EXP_LGBModel_Alpha158_csi300_custom_step0_s_20260825_15,fda95cd6516a4cc985c6ee1a293359fd,0.093,,,
1822,2026-08-25,SZ000708,0.0018601605295152407,EXP_LGBModel_Alpha158_csi300_custom_step0_s_20260825_15,fda95cd6516a4cc985c6ee1a293359fd,0.093,,,
1823,2026-08-25,SZ000725,-1.4592093614782433e-10,EXP_LGBModel_Alpha158_csi300_custom_step0_s_20260825_15,fda95cd6516a4cc985c6ee1a293359fd,0.093,,,
1824,2026-08-25,SZ000768,-0.0017611130516375665,EXP_LGBModel_Alpha158_csi300_custom_step0_s_20260825_15,fda95cd6516a4cc985c6ee1a293359fd,0.093,,,
1825,2026-08-25,SZ000776,-1.4592093614782433e-10,EXP_LGBModel_Alpha158_csi300_custom_step0_s_20260825_15,fda95cd6516a4cc985c6ee1a293359fd,0.093,,,
1826,2026-08-25,SZ000792,-1.4592093614782433e-10,EXP_LGBModel_Alpha158_csi300_custom_step0_s_20260825_15,fda95cd6516a4cc985c6ee1a293359fd,0.093,,,
1827,2026-08-25,SZ000596,-1.4592093614782433e-10,EXP_LGBModel_Alpha158_csi300_custom_step0_s_20260825_15,fda95cd6516a4cc985c6ee1a293359fd,0.093,,,
1828,2026-08-25,SZ000858,-1.4592093614782433e-10,EXP_LGBModel_Alpha158_csi300_custom_step0_s_20260825_15,fda95cd6516a4cc985c6ee1a293359fd,0.093,,,
1829,2026-08-25,SZ000001,0.0028605123067787183,EXP_LGBModel_Alpha158_csi300_custom_step0_s_20260825_15,fda95cd6516a4cc985c6ee1a293359fd,0.093,,,
1830,2026-08-25,SH688521,0.004360723625156075,EXP_LGBModel_Alpha158_csi300_custom_step0_s_20260825_15,fda95cd6516a4cc985c6ee1a293359fd,0.093,,,
1831,2026-08-25,SH603986,-0.00030229030561542493,EXP_LGBModel_Alpha158_csi300_custom_step0_s_20260825_15,fda95cd6516a4cc985c6ee1a293359fd,0.093,,,
1832,2026-08-25,SH603993,-0.003085007021674949,EXP_LGBModel_Alpha158_csi300_custom_step0_s_20260825_15,fda95cd6516a4cc985c6ee1a293359fd,0.093,,,
1833,2026-08-25,SH605117,-0.003085007021674949,EXP_LGBModel_Alpha158_csi300_custom_step0_s_20260825_15,fda95cd6516a4cc985c6ee1a293359fd,0.093,,,
1834,2026-08-25,SH605499,-0.003085007021674949,EXP_LGBModel_Alpha158_csi300_custom_step0_s_20260825_15,fda95cd6516a4cc985c6ee1a293359fd,0.093,,,
1835,2026-08-25,SH688008,-0.00030229030561542493,EXP_LGBModel_Alpha158_csi300_custom_step0_s_20260825_15,fda95cd6516a4cc985c6ee1a293359fd,0.093,,,
1836,2026-08-25,SH688009,0.0028605123067787183,EXP_LGBModel_Alpha158_csi300_custom_step0_s_20260825_15,fda95cd6516a4cc985c6ee1a293359fd,0.093,,,
1837,2026-08-25,SH688012,0.0011786333823873977,EXP_LGBModel_Alpha158_csi300_custom_step0_s_20260825_15,fda95cd6516a4cc985c6ee1a293359fd,0.093,,,
1838,2026-08-25,SH688036,0.0011591605876736953,EXP_LGBModel_Alpha158_csi300_custom_step0_s_20260825_15,fda95cd6516a4cc985c6ee1a293359fd,0.093,,,
1839,2026-08-25,SH688041,-1.4592093614782433e-10,EXP_LGBModel_Alpha158_csi300_custom_step0_s_20260825_15,fda95cd6516a4cc985c6ee1a293359fd,0.093,,,
1840,2026-08-25,SH688047,-0.00030229030561542493,EXP_LGBModel_Alpha158_csi300_custom_step0_s_20260825_15,fda95cd6516a4cc985c6ee1a293359fd,0.093,,,
1841,2026-08-25,SH688981,-1.4592093614782433e-10,EXP_LGBModel_Alpha158_csi300_custom_step0_s_20260825_15,fda95cd6516a4cc985c6ee1a293359fd,0.093,,,
1842,2026-08-25,SH688072,-1.4592093614782433e-10,EXP_LGBModel_Alpha158_csi300_custom_step0_s_20260825_15,fda95cd6516a4cc985c6ee1a293359fd,0.093,,,
1843,2026-08-25,SH688111,-1.4592093614782433e-10,EXP_LGBModel_Alpha158_csi300_custom_step0_s_20260825_15,fda95cd6516a4cc985c6ee1a293359fd,0.093,,,
1844,2026-08-25,SH688126,-1.4592093614782433e-10,EXP_LGBModel_Alpha158_csi300_custom_step0_s_20260825_15,fda95cd6516a4cc985c6ee1a293359fd,0.093,,,
1845,2026-08-25,SH688183,-0.00030229030561542493,EXP_LGBModel_Alpha158_csi300_custom_step0_s_20260825_15,fda95cd6516a4cc985c6ee1a293359fd,0.093,,,
1846,2026-08-25,SH688223,-0.003085007021674949,EXP_LGBModel_Alpha158_csi300_custom_step0_s_20260825_15,fda95cd6516a4cc985c6ee1a293359fd,0.093,,,
1847,2026-08-25,SH688256,0.004360723625156075,EXP_LGBModel_Alpha158_csi300_custom_step0_s_20260825_15,fda95cd6516a4cc985c6ee1a293359fd,0.093,,,
1848,2026-08-25,SH688271,-1.4592093614782433e-10,EXP_LGBModel_Alpha158_csi300_custom_step0_s_20260825_15,fda95cd6516a4cc985c6ee1a293359fd,0.093,,,
1849,2026-08-25,SH688303,-1.4592093614782433e-10,EXP_LGBModel_Alpha158_csi300_custom_step0_s_20260825_15,fda95cd6516a4cc985c6ee1a293359fd,0.093,,,
1850,2026-08-25,SH688396,0.0011786333823873977,EXP_LGBModel_Alpha158_csi300_custom_step0_s_20260825_15,fda95cd6516a4cc985c6ee1a293359fd,0.093,,,
1851,2026-08-25,SH688472,-1.4592093614782433e-10,EXP_LGBModel_Alpha158_csi300_custom_step0_s_20260825_15,fda95cd6516a4cc985c6ee1a293359fd,0.093,,,
1852,2026-08-25,SH688506,-1.4592093614782433e-10,EXP_LGBModel_Alpha158_csi300_custom_step0_s_20260825_15,fda95cd6516a4cc985c6ee1a293359fd,0.093,,,
1853,2026-08-25,SH688082,-1.4592093614782433e-10,EXP_LGBModel_Alpha158_csi300_custom_step0_s_20260825_15,fda95cd6516a4cc985c6ee1a293359fd,0.093,,,
1854,2026-08-25,SH601377,0.0028605123067787183,EXP_LGBModel_Alpha158_csi300_custom_step0_s_20260825_15,fda95cd6516a4cc985c6ee1a293359fd,0.093,,,
1855,2026-08-25,SH600039,0.0017993240033594862,EXP_LGBModel_Alpha158_csi300_custom_step0_s_20260825_15,a68443ccbc4a42998cfb0a5a39eba0dd,0.062,,,
1856,2026-08-25,SH600050,0.0027465152907435422,EXP_LGBModel_Alpha158_csi300_custom_step0_s_20260825_15,a68443ccbc4a42998cfb0a5a39eba0dd,0.062,,,
1857,2026-08-25,SH601919,0.0021602297987787377,EXP_LGBModel_Alpha158_csi300_custom_step0_s_20260825_15,a68443ccbc4a42998cfb0a5a39eba0dd,0.062,,,
1858,2026-08-25,SH601939,0.0021602297987787377,EXP_LGBModel_Alpha158_csi300_custom_step0_s_20260825_15,a68443ccbc4a42998cfb0a5a39eba0dd,0.062,,,
1859,2026-08-25,SH601985,0.0027465152907435422,EXP_LGBModel_Alpha158_csi300_custom_step0_s_20260825_15,a68443ccbc4a42998cfb0a5a39eba0dd,0.062,,,
1860,2026-08-25,SH601988,0.0021602297987787377,EXP_LGBModel_Alpha158_csi300_custom_step0_s_20260825_15,a68443ccbc4a42998cfb0a5a39eba0dd,0.062,,,
1861,2026-08-25,SH601995,-0.0026387603344392796,EXP_LGBModel_Alpha158_csi300_custom_step0_s_20260825_15,a68443ccbc4a42998cfb0a5a39eba0dd,0.062,,,
1862,2026-08-25,SH601998,0.0021602297987787377,EXP_LGBModel_Alpha158_csi300_custom_step0_s_20260825_15,a68443ccbc4a42998cfb0a5a39eba0dd,0.062,,,
1863,2026-08-25,SH603019,-0.0026387603344392796,EXP_LGBModel_Alpha158_csi300_custom_step0_s_20260825_15,a68443ccbc4a42998cfb0a5a39eba0dd,0.062,,,
1864,2026-08-25,SH603259,0.005225850184812344,EXP_LGBModel_Alpha158_csi300_custom_step0_s_20260825_15,a68443ccbc4a42998cfb0a5a39eba0dd,0.062,,,
1865,2026-08-25,SH603260,2.7975755094505154e-10,EXP_LGBModel_Alpha158_csi300_custom_step0_s_20260825_15,a68443ccbc4a42998cfb0a5a39eba0dd,0.062,,,
1866,2026-08-25,SH603288,2.7975755094505154e-10,EXP_LGBModel_Alpha158_csi300_custom_step0_s_20260825_15,a68443ccbc4a42998cfb0a5a39eba0dd,0.062,,,
1867,2026-08-25,SH603296,-0.0026387603344392796,EXP_LGBModel_Alpha158_csi300_custom_step0_s_20260825_15,a68443ccbc4a42998cfb0a5a39eba0dd,0.062,,,
1868,2026-08-25,SH603369,-0.0026387603344392796,EXP_LGBModel_Alpha158_csi300_custom_step0_s_20260825_15,a68443ccbc4a42998cfb0a5a39eba0dd,0.062,,,
1869,2026-08-25,SH603392,-0.0026387603344392796,EXP_LGBModel_Alpha158_csi300_custom_step0_s_20260825_15,a68443ccbc4a42998cfb0a5a39eba0dd,0.062,,,
1870,2026-08-25,SH603501,-0.00016858419178910527,EXP_LGBModel_Alpha158_csi300_custom_step0_s_20260825_15,a68443ccbc4a42998cfb0a5a39eba0dd,0.062,,,
1871,2026-08-25,SH603799,-0.00016858419178910527,EXP_LGBModel_Alpha158_csi300_custom_step0_s_20260825_15,a68443ccbc4a42998cfb0a5a39eba0dd,0.062,,,
1872,2026-08-25,SH603893,2.7975755094505154e-10,EXP_LGBModel_Alpha158_csi300_custom_step0_s_20260825_15,a68443ccbc4a42998cfb0a5a39eba0dd,0.062,,,
1873,2026-08-25,SH603986,2.7975755094505154e-10,EXP_LGBModel_Alpha158_csi300_custom_step0_s_20260825_15,a68443ccbc4a42998cfb0a5a39eba0dd,0.062,,,
1874,2026-08-25,SH603993,-0.00016858419178910527,EXP_LGBModel_Alpha158_csi300_custom_step0_s_20260825_15,a68443ccbc4a42998cfb0a5a39eba0dd,0.062,,,
1875,2026-08-25,SH605117,-0.0026387603344392796,EXP_LGBModel_Alpha158_csi300_custom_step0_s_20260825_15,a68443ccbc4a42998cfb0a5a39eba0dd,0.062,,,
1876,2026-08-25,SH605499,-0.0026387603344392796,EXP_LGBModel_Alpha158_csi300_custom_step0_s_20260825_15,a68443ccbc4a42998cfb0a5a39eba0dd,0.062,,,
1877,2026-08-25,SH688008,-0.0026387603344392796,EXP_LGBModel_Alpha158_csi300_custom_step0_s_20260825_15,a68443ccbc4a42998cfb0a5a39eba0dd,0.062,,,
1878,2026-08-25,SH601916,0.0027465152907435422,EXP_LGBModel_Alpha158_csi300_custom_step0_s_20260825_15,a68443ccbc4a42998cfb0a5a39eba0dd,0.062,,,
1879,2026-08-25,SH601901,0.0017993240033594862,EXP_LGBModel_Alpha158_csi300_custom_step0_s_20260825_15,a68443ccbc4a42998cfb0a5a39eba0dd,0.062,,,
1880,2026-08-25,SH601899,-0.0036397245595553543,EXP_LGBModel_Alpha158_csi300_custom_step0_s_20260825_15,a68443ccbc4a42998cfb0a5a39eba0dd,0.062,,,
1881,2026-08-25,SH601898,-0.0026387603344392796,EXP_LGBModel_Alpha158_csi300_custom_step0_s_20260825_15,a68443ccbc4a42998cfb0a5a39eba0dd,0.062,,,
1882,2026-08-25,SH601658,0.0027465152907435422,EXP_LGBModel_Alpha158_csi300_custom_step0_s_20260825_15,a68443ccbc4a42998cfb0a5a39eba0dd,0.062,,,
1883,2026-08-25,SH601668,2.7975755094505154e-10,EXP_LGBModel_Alpha158_csi300_custom_step0_s_20260825_15,a68443ccbc4a42998cfb0a5a39eba0dd,0.062,,,
1884,2026-08-25,SH601669,2.7975755094505154e-10,EXP_LGBModel_Alpha158_csi300_custom_step0_s_20260825_15,a68443ccbc4a42998cfb0a5a39eba0dd,0.062,,,
1885,2026-08-25,SH601688,0.0017993240033594862,EXP_LGBModel_Alpha158_csi300_custom_step0_s_20260825_15,a68443ccbc4a42998cfb0a5a39eba0dd,0.062,,,
1886,2026-08-25,SH601689,-0.0026387603344392796,EXP_LGBModel_Alpha158_csi300_custom_step0_s_20260825_15,a68443ccbc4a42998cfb0a5a39eba0dd,0.062,,,
1887,2026-08-25,SH601698,-0.0026387603344392796,EXP_LGBModel_Alpha158_csi300_custom_step0_s_20260825_15,a68443ccbc4a42998cfb0a5a39eba0dd,0.062,,,
1888,2026-08-25,SH601727,-0.00016858419178910527,EXP_LGBModel_Alpha158_csi300_custom_step0_s_20260825_15,a68443ccbc4a42998cfb0a5a39eba0dd,0.062,,,
1889,2026-08-25,SH601728,2.7975755094505154e-10,EXP_LGBModel_Alpha158_csi300_custom_step0_s_20260825_15,a68443ccbc4a42998cfb0a5a39eba0dd,0.062,,,
1890,2026-08-25,SH601766,2.7975755094505154e-10,EXP_LGBModel_Alpha158_csi300_custom_step0_s_20260825_15,a68443ccbc4a42998cfb0a5a39eba0dd,0.062,,,
1891,2026-08-25,SH601788,0.0027465152907435422,EXP_LGBModel_Alpha158_csi300_custom_step0_s_20260825_15,a68443ccbc4a42998cfb0a5a39eba0dd,0.062,,,
1892,2026-08-25,SH688009,0.0027465152907435422,EXP_LGBModel_Alpha158_csi300_custom_step0_s_20260825_15,a68443ccbc4a42998cfb0a5a39eba0dd,0.062,,,
1893,2026-08-25,SH601800,-0.0011629997800900315,EXP_LGBModel_Alpha158_csi300_custom_step0_s_20260825_15,a68443ccbc4a42998cfb0a5a39eba0dd,0.062,,,
1894,2026-08-25,SH601818,0.0027465152907435422,EXP_LGBModel_Alpha158_csi300_custom_step0_s_20260825_15,a68443ccbc4a42998cfb0a5a39eba0dd,0.062,,,
1895,2026-08-25,SH601825,0.00041374733419778485,EXP_LGBModel_Alpha158_csi300_custom_step0_s_20260825_15,a68443ccbc4a42998cfb0a5a39eba0dd,0.062,,,
1896,2026-08-25,SH601838,0.0021602297987787377,EXP_LGBModel_Alpha158_csi300_custom_step0_s_20260825_15,a68443ccbc4a42998cfb0a5a39eba0dd,0.062,,,
1897,2026-08-25,SH601857,2.7975755094505154e-10,EXP_LGBModel_Alpha158_csi300_custom_step0_s_20260825_15,a68443ccbc4a42998cfb0a5a39eba0dd,0.062,,,
1898,2026-08-25,SH601868,0.0027465152907435422,EXP_LGBModel_Alpha158_csi300_custom_step0_s_20260825_15,a68443ccbc4a42998cfb0a5a39eba0dd,0.062,,,
1899,2026-08-25,SH601872,-0.0026387603344392796,EXP_LGBModel_Alpha158_csi300_custom_step0_s_20260825_15,a68443ccbc4a42998cfb0a5a39eba0dd,0.062,,,
1900,2026-08-25,SH601877,-0.0026387603344392796,EXP_LGBModel_Alpha158_csi300_custom_step0_s_20260825_15,a68443ccbc4a42998cfb0a5a39eba0dd,0.062,,,
1901,2026-08-25,SH601878,0.0027465152907435422,EXP_LGBModel_Alpha158_csi300_custom_step0_s_20260825_15,a68443ccbc4a42998cfb0a5a39eba0dd,0.062,,,
1902,2026-08-25,SH601881,0.0017993240033594862,EXP_LGBModel_Alpha158_csi300_custom_step0_s_20260825_15,a68443ccbc4a42998cfb0a5a39eba0dd,0.062,,,
1903,2026-08-25,SH601888,-0.00016858419178910527,EXP_LGBModel_Alpha158_csi300_custom_step0_s_20260825_15,a68443ccbc4a42998cfb0a5a39eba0dd,0.062,,,
1904,2026-08-25,SH601816,0.0027465152907435422,EXP_LGBModel_Alpha158_csi300_custom_step0_s_20260825_15,a68443ccbc4a42998cfb0a5a39eba0dd,0.062,,,
1905,2026-08-25,SH688012,0.0006233918503826222,EXP_LGBModel_Alpha158_csi300_custom_step0_s_20260825_15,a68443ccbc4a42998cfb0a5a39eba0dd,0.062,,,
1906,2026-08-25,SH688036,-0.0026387603344392796,EXP_LGBModel_Alpha158_csi300_custom_step0_s_20260825_15,a68443ccbc4a42998cfb0a5a39eba0dd,0.062,,,
1907,2026-08-25,SH688041,2.7975755094505154e-10,EXP_LGBModel_Alpha158_csi300_custom_step0_s_20260825_15,a68443ccbc4a42998cfb0a5a39eba0dd,0.062,,,
1908,2026-08-25,SZ000538,2.7975755094505154e-10,EXP_LGBModel_Alpha158_csi300_custom_step0_s_20260825_15,a68443ccbc4a42998cfb0a5a39eba0dd,0.062,,,
1909,2026-08-25,SZ000568,0.00041374733419778485,EXP_LGBModel_Alpha158_csi300_custom_step0_s_20260825_15,a68443ccbc4a42998cfb0a5a39eba0dd,0.062,,,
1910,2026-08-25,SZ000596,-0.0026387603344392796,EXP_LGBModel_Alpha158_csi300_custom_step0_s_20260825_15,a68443ccbc4a42998cfb0a5a39eba0dd,0.062,,,
1911,2026-08-25,SZ000617,0.0021602297987787377,EXP_LGBModel_Alpha158_csi300_custom_step0_s_20260825_15,a68443ccbc4a42998cfb0a5a39eba0dd,0.062,,,
1912,2026-08-25,SZ000625,-0.00016858419178910527,EXP_LGBModel_Alpha158_csi300_custom_step0_s_20260825_15,a68443ccbc4a42998cfb0a5a39eba0dd,0.062,,,
1913,2026-08-25,SZ000630,-0.0026387603344392796,EXP_LGBModel_Alpha158_csi300_custom_step0_s_20260825_15,a68443ccbc4a42998cfb0a5a39eba0dd,0.062,,,
1914,2026-08-25,SZ000651,0.0021602297987787377,EXP_LGBModel_Alpha158_csi300_custom_step0_s_20260825_15,a68443ccbc4a42998cfb0a5a39eba0dd,0.062,,,
1915,2026-08-25,SZ000657,2.7975755094505154e-10,EXP_LGBModel_Alpha158_csi300_custom_step0_s_20260825_15,a68443ccbc4a42998cfb0a5a39eba0dd,0.062,,,
1916,2026-08-25,SZ000708,2.7975755094505154e-10,EXP_LGBModel_Alpha158_csi300_custom_step0_s_20260825_15,a68443ccbc4a42998cfb0a5a39eba0dd,0.062,,,
1917,2026-08-25,SZ000725,-0.0026387603344392796,EXP_LGBModel_Alpha158_csi300_custom_step0_s_20260825_15,a68443ccbc4a42998cfb0a5a39eba0dd,0.062,,,
1918,2026-08-25,SZ000425,2.7975755094505154e-10,EXP_LGBModel_Alpha158_csi300_custom_step0_s_20260825_15,a68443ccbc4a42998cfb0a5a39eba0dd,0.062,,,
1919,2026-08-25,SZ000768,-0.0026387603344392796,EXP_LGBModel_Alpha158_csi300_custom_step0_s_20260825_15,a68443ccbc4a42998cfb0a5a39eba0dd,0.062,,,
1920,2026-08-25,SZ000792,-0.00016858419178910527,EXP_LGBModel_Alpha158_csi300_custom_step0_s_20260825_15,a68443ccbc4a42998cfb0a5a39eba0dd,0.062,,,
1921,2026-08-25,SZ000807,-0.00016858419178910527,EXP_LGBModel_Alpha158_csi300_custom_step0_s_20260825_15,a68443ccbc4a42998cfb0a5a39eba0dd,0.062,,,
1922,2026-08-25,SZ000858,-0.0026387603344392796,EXP_LGBModel_Alpha158_csi300_custom_step0_s_20260825_15,a68443ccbc4a42998cfb0a5a39eba0dd,0.062,,,
1923,2026-08-25,SZ000895,0.0017993240033594862,EXP_LGBModel_Alpha158_csi300_custom_step0_s_20260825_15,a68443ccbc4a42998cfb0a5a39eba0dd,0.062,,,
1924,2026-08-25,SZ000938,2.7975755094505154e-10,EXP_LGBModel_Alpha158_csi300_custom_step0_s_20260825_15,a68443ccbc4a42998cfb0a5a39eba0dd,0.062,,,
1925,2026-08-25,SZ000963,-0.0026387603344392796,EXP_LGBModel_Alpha158_csi300_custom_step0_s_20260825_15,a68443ccbc4a42998cfb0a5a39eba0dd,0.062,,,
1926,2026-08-25,SZ000975,2.7975755094505154e-10,EXP_LGBModel_Alpha158_csi300_custom_step0_s_20260825_15,a68443ccbc4a42998cfb0a5a39eba0dd,0.062,,,
1927,2026-08-25,SZ000977,2.7975755094505154e-10,EXP_LGBModel_Alpha158_csi300_custom_step0_s_20260825_15,a68443ccbc4a42998cfb0a5a39eba0dd,0.062,,,
1928,2026-08-25,SZ000988,2.7975755094505154e-10,EXP_LGBModel_Alpha158_csi300_custom_step0_s_20260825_15,a68443ccbc4a42998cfb0a5a39eba0dd,0.062,,,
1929,2026-08-25,SZ000999,2.7975755094505154e-10,EXP_LGBModel_Alpha158_csi300_custom_step0_s_20260825_15,a68443ccbc4a42998cfb0a5a39eba0dd,0.062,,,
1930,2026-08-25,SZ000776,-0.0026387603344392796,EXP_LGBModel_Alpha158_csi300_custom_step0_s_20260825_15,a68443ccbc4a42998cfb0a5a39eba0dd,0.062,,,
1931,2026-08-25,SH601633,2.7975755094505154e-10,EXP_LGBModel_Alpha158_csi300_custom_step0_s_20260825_15,a68443ccbc4a42998cfb0a5a39eba0dd,0.062,,,
1932,2026-08-25,SZ000408,-0.00016858419178910527,EXP_LGBModel_Alpha158_csi300_custom_step0_s_20260825_15,a68443ccbc4a42998cfb0a5a39eba0dd,0.062,,,
1933,2026-08-25,SZ000333,0.0027465152907435422,EXP_LGBModel_Alpha158_csi300_custom_step0_s_20260825_15,a68443ccbc4a42998cfb0a5a39eba0dd,0.062,,,
1934,2026-08-25,SH688047,-0.0026387603344392796,EXP_LGBModel_Alpha158_csi300_custom_step0_s_20260825_15,a68443ccbc4a42998cfb0a5a39eba0dd,0.062,,,
1935,2026-08-25,SH688072,0.0006233918503826222,EXP_LGBModel_Alpha158_csi300_custom_step0_s_20260825_15,a68443ccbc4a42998cfb0a5a39eba0dd,0.062,,,
1936,2026-08-25,SH688082,-0.0026387603344392796,EXP_LGBModel_Alpha158_csi300_custom_step0_s_20260825_15,a68443ccbc4a42998cfb0a5a39eba0dd,0.062,,,
1937,2026-08-25,SH688111,-0.0026387603344392796,EXP_LGBModel_Alpha158_csi300_custom_step0_s_20260825_15,a68443ccbc4a42998cfb0a5a39eba0dd,0.062,,,
1938,2026-08-25,SH688126,-0.0026387603344392796,EXP_LGBModel_Alpha158_csi300_custom_step0_s_20260825_15,a68443ccbc4a42998cfb0a5a39eba0dd,0.062,,,
1939,2026-08-25,SH688183,2.7975755094505154e-10,EXP_LGBModel_Alpha158_csi300_custom_step0_s_20260825_15,a68443ccbc4a42998cfb0a5a39eba0dd,0.062,,,
1940,2026-08-25,SH688223,-0.00016858419178910527,EXP_LGBModel_Alpha158_csi300_custom_step0_s_20260825_15,a68443ccbc4a42998cfb0a5a39eba0dd,0.062,,,
1941,2026-08-25,SH688256,2.7975755094505154e-10,EXP_LGBModel_Alpha158_csi300_custom_step0_s_20260825_15,a68443ccbc4a42998cfb0a5a39eba0dd,0.062,,,
1942,2026-08-25,SH688271,-0.00016858419178910527,EXP_LGBModel_Alpha158_csi300_custom_step0_s_20260825_15,a68443ccbc4a42998cfb0a5a39eba0dd,0.062,,,
1943,2026-08-25,SH688303,-0.00016858419178910527,EXP_LGBModel_Alpha158_csi300_custom_step0_s_20260825_15,a68443ccbc4a42998cfb0a5a39eba0dd,0.062,,,
1944,2026-08-25,SZ000338,2.7975755094505154e-10,EXP_LGBModel_Alpha158_csi300_custom_step0_s_20260825_15,a68443ccbc4a42998cfb0a5a39eba0dd,0.062,,,
1945,2026-08-25,SH688396,-0.0026387603344392796,EXP_LGBModel_Alpha158_csi300_custom_step0_s_20260825_15,a68443ccbc4a42998cfb0a5a39eba0dd,0.062,,,
1946,2026-08-25,SH688506,2.7975755094505154e-10,EXP_LGBModel_Alpha158_csi300_custom_step0_s_20260825_15,a68443ccbc4a42998cfb0a5a39eba0dd,0.062,,,
1947,2026-08-25,SH688521,2.7975755094505154e-10,EXP_LGBModel_Alpha158_csi300_custom_step0_s_20260825_15,a68443ccbc4a42998cfb0a5a39eba0dd,0.062,,,
1948,2026-08-25,SH688981,2.7975755094505154e-10,EXP_LGBModel_Alpha158_csi300_custom_step0_s_20260825_15,a68443ccbc4a42998cfb0a5a39eba0dd,0.062,,,
1949,2026-08-25,SZ000001,0.0021602297987787377,EXP_LGBModel_Alpha158_csi300_custom_step0_s_20260825_15,a68443ccbc4a42998cfb0a5a39eba0dd,0.062,,,
1950,2026-08-25,SZ000002,-0.00016858419178910527,EXP_LGBModel_Alpha158_csi300_custom_step0_s_20260825_15,a68443ccbc4a42998cfb0a5a39eba0dd,0.062,,,
1951,2026-08-25,SZ000063,-0.0026387603344392796,EXP_LGBModel_Alpha158_csi300_custom_step0_s_20260825_15,a68443ccbc4a42998cfb0a5a39eba0dd,0.062,,,
1952,2026-08-25,SZ000100,-0.0026387603344392796,EXP_LGBModel_Alpha158_csi300_custom_step0_s_20260825_15,a68443ccbc4a42998cfb0a5a39eba0dd,0.062,,,
1953,2026-08-25,SZ000157,0.0017993240033594862,EXP_LGBModel_Alpha158_csi300_custom_step0_s_20260825_15,a68443ccbc4a42998cfb0a5a39eba0dd,0.062,,,
1954,2026-08-25,SZ000166,0.0027465152907435422,EXP_LGBModel_Alpha158_csi300_custom_step0_s_20260825_15,a68443ccbc4a42998cfb0a5a39eba0dd,0.062,,,
1955,2026-08-25,SZ000301,-0.0017996457068671723,EXP_LGBModel_Alpha158_csi300_custom_step0_s_20260825_15,a68443ccbc4a42998cfb0a5a39eba0dd,0.062,,,
1956,2026-08-25,SH688472,0.0017993240033594862,EXP_LGBModel_Alpha158_csi300_custom_step0_s_20260825_15,a68443ccbc4a42998cfb0a5a39eba0dd,0.062,,,
1957,2026-08-25,SH600048,-0.00016858419178910527,EXP_LGBModel_Alpha158_csi300_custom_step0_s_20260825_15,a68443ccbc4a42998cfb0a5a39eba0dd,0.062,,,
1958,2026-08-25,SH601628,0.0017993240033594862,EXP_LGBModel_Alpha158_csi300_custom_step0_s_20260825_15,a68443ccbc4a42998cfb0a5a39eba0dd,0.062,,,
1959,2026-08-25,SH601607,0.0027465152907435422,EXP_LGBModel_Alpha158_csi300_custom_step0_s_20260825_15,a68443ccbc4a42998cfb0a5a39eba0dd,0.062,,,
1960,2026-08-25,SH600438,-0.00016858419178910527,EXP_LGBModel_Alpha158_csi300_custom_step0_s_20260825_15,a68443ccbc4a42998cfb0a5a39eba0dd,0.062,,,
1961,2026-08-25,SH600460,-0.0026387603344392796,EXP_LGBModel_Alpha158_csi300_custom_step0_s_20260825_15,a68443ccbc4a42998cfb0a5a39eba0dd,0.062,,,
1962,2026-08-25,SH600482,2.7975755094505154e-10,EXP_LGBModel_Alpha158_csi300_custom_step0_s_20260825_15,a68443ccbc4a42998cfb0a5a39eba0dd,0.062,,,
1963,2026-08-25,SH600489,2.7975755094505154e-10,EXP_LGBModel_Alpha158_csi300_custom_step0_s_20260825_15,a68443ccbc4a42998cfb0a5a39eba0dd,0.062,,,
1964,2026-08-25,SH600515,-0.0026387603344392796,EXP_LGBModel_Alpha158_csi300_custom_step0_s_20260825_15,a68443ccbc4a42998cfb0a5a39eba0dd,0.062,,,
1965,2026-08-25,SH600519,2.7975755094505154e-10,EXP_LGBModel_Alpha158_csi300_custom_step0_s_20260825_15,a68443ccbc4a42998cfb0a5a39eba0dd,0.062,,,
1966,2026-08-25,SH600522,-0.0026387603344392796,EXP_LGBModel_Alpha158_csi300_custom_step0_s_20260825_15,a68443ccbc4a42998cfb0a5a39eba0dd,0.062,,,
1967,2026-08-25,SH600547,2.7975755094505154e-10,EXP_LGBModel_Alpha158_csi300_custom_step0_s_20260825_15,a68443ccbc4a42998cfb0a5a39eba0dd,0.062,,,
1968,2026-08-25,SH600549,-0.0026387603344392796,EXP_LGBModel_Alpha158_csi300_custom_step0_s_20260825_15,a68443ccbc4a42998cfb0a5a39eba0dd,0.062,,,
1969,2026-08-25,SH600570,-0.0026387603344392796,EXP_LGBModel_Alpha158_csi300_custom_step0_s_20260825_15,a68443ccbc4a42998cfb0a5a39eba0dd,0.062,,,
1970,2026-08-25,SH600584,2.7975755094505154e-10,EXP_LGBModel_Alpha158_csi300_custom_step0_s_20260825_15,a68443ccbc4a42998cfb0a5a39eba0dd,0.062,,,
1971,2026-08-25,SH600585,0.0017993240033594862,EXP_LGBModel_Alpha158_csi300_custom_step0_s_20260825_15,a68443ccbc4a42998cfb0a5a39eba0dd,0.062,,,
1972,2026-08-25,SH600588,2.7975755094505154e-10,EXP_LGBModel_Alpha158_csi300_custom_step0_s_20260825_15,a68443ccbc4a42998cfb0a5a39eba0dd,0.062,,,
1973,2026-08-25,SH600600,-0.00016858419178910527,EXP_LGBModel_Alpha158_csi300_custom_step0_s_20260825_15,a68443ccbc4a42998cfb0a5a39eba0dd,0.062,,,
1974,2026-08-25,SH600660,2.7975755094505154e-10,EXP_LGBModel_Alpha158_csi300_custom_step0_s_20260825_15,a68443ccbc4a42998cfb0a5a39eba0dd,0.062,,,
1975,2026-08-25,SH600674,0.0027465152907435422,EXP_LGBModel_Alpha158_csi300_custom_step0_s_20260825_15,a68443ccbc4a42998cfb0a5a39eba0dd,0.062,,,
1976,2026-08-25,SH600690,0.0017993240033594862,EXP_LGBModel_Alpha158_csi300_custom_step0_s_20260825_15,a68443ccbc4a42998cfb0a5a39eba0dd,0.062,,,
1977,2026-08-25,SH600741,2.7975755094505154e-10,EXP_LGBModel_Alpha158_csi300_custom_step0_s_20260825_15,a68443ccbc4a42998cfb0a5a39eba0dd,0.062,,,
1978,2026-08-25,SH600760,0.0027465152907435422,EXP_LGBModel_Alpha158_csi300_custom_step0_s_20260825_15,a68443ccbc4a42998cfb0a5a39eba0dd,0.062,,,
1979,2026-08-25,SH600795,0.0027465152907435422,EXP_LGBModel_Alpha158_csi300_custom_step0_s_20260825_15,a68443ccbc4a42998cfb0a5a39eba0dd,0.062,,,
1980,2026-08-25,SH600803,0.0027465152907435422,EXP_LGBModel_Alpha158_csi300_custom_step0_s_20260825_15,a68443ccbc4a42998cfb0a5a39eba0dd,0.062,,,
1981,2026-08-25,SH600436,-0.00016858419178910527,EXP_LGBModel_Alpha158_csi300_custom_step0_s_20260825_15,a68443ccbc4a42998cfb0a5a39eba0dd,0.062,,,
1982,2026-08-25,SH600426,-0.0026387603344392796,EXP_LGBModel_Alpha158_csi300_custom_step0_s_20260825_15,a68443ccbc4a42998cfb0a5a39eba0dd,0.062,,,
1983,2026-08-25,SH600415,2.7975755094505154e-10,EXP_LGBModel_Alpha158_csi300_custom_step0_s_20260825_15,a68443ccbc4a42998cfb0a5a39eba0dd,0.062,,,
1984,2026-08-25,SH600406,2.7975755094505154e-10,EXP_LGBModel_Alpha158_csi300_custom_step0_s_20260825_15,a68443ccbc4a42998cfb0a5a39eba0dd,0.062,,,
1985,2026-08-25,SH600061,2.7975755094505154e-10,EXP_LGBModel_Alpha158_csi300_custom_step0_s_20260825_15,a68443ccbc4a42998cfb0a5a39eba0dd,0.062,,,
1986,2026-08-25,SH600066,2.7975755094505154e-10,EXP_LGBModel_Alpha158_csi300_custom_step0_s_20260825_15,a68443ccbc4a42998cfb0a5a39eba0dd,0.062,,,
1987,2026-08-25,SH600085,-0.00016858419178910527,EXP_LGBModel_Alpha158_csi300_custom_step0_s_20260825_15,a68443ccbc4a42998cfb0a5a39eba0dd,0.062,,,
1988,2026-08-25,SH600089,-0.00016858419178910527,EXP_LGBModel_Alpha158_csi300_custom_step0_s_20260825_15,a68443ccbc4a42998cfb0a5a39eba0dd,0.062,,,
1989,2026-08-25,SH600104,2.7975755094505154e-10,EXP_LGBModel_Alpha158_csi300_custom_step0_s_20260825_15,a68443ccbc4a42998cfb0a5a39eba0dd,0.062,,,
1990,2026-08-25,SH600111,-0.0026387603344392796,EXP_LGBModel_Alpha158_csi300_custom_step0_s_20260825_15,a68443ccbc4a42998cfb0a5a39eba0dd,0.062,,,
1991,2026-08-25,SH600115,-0.0026387603344392796,EXP_LGBModel_Alpha158_csi300_custom_step0_s_20260825_15,a68443ccbc4a42998cfb0a5a39eba0dd,0.062,,,
1992,2026-08-25,SH600118,-0.0026387603344392796,EXP_LGBModel_Alpha158_csi300_custom_step0_s_20260825_15,a68443ccbc4a42998cfb0a5a39eba0dd,0.062,,,
1993,2026-08-25,SH600150,0.0027465152907435422,EXP_LGBModel_Alpha158_csi300_custom_step0_s_20260825_15,a68443ccbc4a42998cfb0a5a39eba0dd,0.062,,,
1994,2026-08-25,SH600160,-0.00016858419178910527,EXP_LGBModel_Alpha158_csi300_custom_step0_s_20260825_15,a68443ccbc4a42998cfb0a5a39eba0dd,0.062,,,
1995,2026-08-25,SH600809,-0.0026387603344392796,EXP_LGBModel_Alpha158_csi300_custom_step0_s_20260825_15,a68443ccbc4a42998cfb0a5a39eba0dd,0.062,,,
1996,2026-08-25,SH600176,2.7975755094505154e-10,EXP_LGBModel_Alpha158_csi300_custom_step0_s_20260825_15,a68443ccbc4a42998cfb0a5a39eba0dd,0.062,,,
1997,2026-08-25,SH600188,-0.0026387603344392796,EXP_LGBModel_Alpha158_csi300_custom_step0_s_20260825_15,a68443ccbc4a42998cfb0a5a39eba0dd,0.062,,,
1998,2026-08-25,SH600196,-0.0026387603344392796,EXP_LGBModel_Alpha158_csi300_custom_step0_s_20260825_15,a68443ccbc4a42998cfb0a5a39eba0dd,0.062,,,
1999,2026-08-25,SH600219,-0.0026387603344392796,EXP_LGBModel_Alpha158_csi300_custom_step0_s_20260825_15,a68443ccbc4a42998cfb0a5a39eba0dd,0.062,,,
2000,2026-08-25,SH600221,2.7975755094505154e-10,EXP_LGBModel_Alpha158_csi300_custom_step0_s_20260825_15,a68443ccbc4a42998cfb0a5a39eba0dd,0.062,,,
2001,2026-08-25,SH600233,0.0006233918503826222,EXP_LGBModel_Alpha158_csi300_custom_step0_s_20260825_15,a68443ccbc4a42998cfb0a5a39eba0dd,0.062,,,
2002,2026-08-25,SH600276,2.7975755094505154e-10,EXP_LGBModel_Alpha158_csi300_custom_step0_s_20260825_15,a68443ccbc4a42998cfb0a5a39eba0dd,0.062,,,
2003,2026-08-25,SH600309,2.7975755094505154e-10,EXP_LGBModel_Alpha158_csi300_custom_step0_s_20260825_15,a68443ccbc4a42998cfb0a5a39eba0dd,0.062,,,
2004,2026-08-25,SH600346,2.7975755094505154e-10,EXP_LGBModel_Alpha158_csi300_custom_step0_s_20260825_15,a68443ccbc4a42998cfb0a5a39eba0dd,0.062,,,
2005,2026-08-25,SH600362,-0.0026387603344392796,EXP_LGBModel_Alpha158_csi300_custom_step0_s_20260825_15,a68443ccbc4a42998cfb0a5a39eba0dd,0.062,,,
2006,2026-08-25,SH600372,2.7975755094505154e-10,EXP_LGBModel_Alpha158_csi300_custom_step0_s_20260825_15,a68443ccbc4a42998cfb0a5a39eba0dd,0.062,,,
2007,2026-08-25,SH600183,2.7975755094505154e-10,EXP_LGBModel_Alpha158_csi300_custom_step0_s_20260825_15,a68443ccbc4a42998cfb0a5a39eba0dd,0.062,,,
2008,2026-08-25,SH600845,-0.00016858419178910527,EXP_LGBModel_Alpha158_csi300_custom_step0_s_20260825_15,a68443ccbc4a42998cfb0a5a39eba0dd,0.062,,,
2009,2026-08-25,SH600875,-0.0026387603344392796,EXP_LGBModel_Alpha158_csi300_custom_step0_s_20260825_15,a68443ccbc4a42998cfb0a5a39eba0dd,0.062,,,
2010,2026-08-25,SH600886,2.7975755094505154e-10,EXP_LGBModel_Alpha158_csi300_custom_step0_s_20260825_15,a68443ccbc4a42998cfb0a5a39eba0dd,0.062,,,
2011,2026-08-25,SH601127,-0.00016858419178910527,EXP_LGBModel_Alpha158_csi300_custom_step0_s_20260825_15,a68443ccbc4a42998cfb0a5a39eba0dd,0.062,,,
2012,2026-08-25,SH601136,2.7975755094505154e-10,EXP_LGBModel_Alpha158_csi300_custom_step0_s_20260825_15,a68443ccbc4a42998cfb0a5a39eba0dd,0.062,,,
2013,2026-08-25,SH601138,-0.0026387603344392796,EXP_LGBModel_Alpha158_csi300_custom_step0_s_20260825_15,a68443ccbc4a42998cfb0a5a39eba0dd,0.062,,,
2014,2026-08-25,SH601166,0.0017993240033594862,EXP_LGBModel_Alpha158_csi300_custom_step0_s_20260825_15,a68443ccbc4a42998cfb0a5a39eba0dd,0.062,,,
2015,2026-08-25,SH601169,0.0021602297987787377,EXP_LGBModel_Alpha158_csi300_custom_step0_s_20260825_15,a68443ccbc4a42998cfb0a5a39eba0dd,0.062,,,
2016,2026-08-25,SH601186,2.7975755094505154e-10,EXP_LGBModel_Alpha158_csi300_custom_step0_s_20260825_15,a68443ccbc4a42998cfb0a5a39eba0dd,0.062,,,
2017,2026-08-25,SH601211,-0.0026387603344392796,EXP_LGBModel_Alpha158_csi300_custom_step0_s_20260825_15,a68443ccbc4a42998cfb0a5a39eba0dd,0.062,,,
2018,2026-08-25,SH601225,0.00041374733419778485,EXP_LGBModel_Alpha158_csi300_custom_step0_s_20260825_15,a68443ccbc4a42998cfb0a5a39eba0dd,0.062,,,
2019,2026-08-25,SH601229,0.0021602297987787377,EXP_LGBModel_Alpha158_csi300_custom_step0_s_20260825_15,a68443ccbc4a42998cfb0a5a39eba0dd,0.062,,,
2020,2026-08-25,SH601238,-0.0026387603344392796,EXP_LGBModel_Alpha158_csi300_custom_step0_s_20260825_15,a68443ccbc4a42998cfb0a5a39eba0dd,0.062,,,
2021,2026-08-25,SH601117,0.0027465152907435422,EXP_LGBModel_Alpha158_csi300_custom_step0_s_20260825_15,a68443ccbc4a42998cfb0a5a39eba0dd,0.062,,,
2022,2026-08-25,SH601288,0.0021602297987787377,EXP_LGBModel_Alpha158_csi300_custom_step0_s_20260825_15,a68443ccbc4a42998cfb0a5a39eba0dd,0.062,,,
2023,2026-08-25,SH601319,2.7975755094505154e-10,EXP_LGBModel_Alpha158_csi300_custom_step0_s_20260825_15,a68443ccbc4a42998cfb0a5a39eba0dd,0.062,,,
2024,2026-08-25,SH601328,2.7975755094505154e-10,EXP_LGBModel_Alpha158_csi300_custom_step0_s_20260825_15,a68443ccbc4a42998cfb0a5a39eba0dd,0.062,,,
2025,2026-08-25,SH601336,2.7975755094505154e-10,EXP_LGBModel_Alpha158_csi300_custom_step0_s_20260825_15,a68443ccbc4a42998cfb0a5a39eba0dd,0.062,,,
2026,2026-08-25,SH601360,-0.0026387603344392796,EXP_LGBModel_Alpha158_csi300_custom_step0_s_20260825_15,a68443ccbc4a42998cfb0a5a39eba0dd,0.062,,,
2027,2026-08-25,SH601377,0.0027465152907435422,EXP_LGBModel_Alpha158_csi300_custom_step0_s_20260825_15,a68443ccbc4a42998cfb0a5a39eba0dd,0.062,,,
2028,2026-08-25,SH601390,2.7975755094505154e-10,EXP_LGBModel_Alpha158_csi300_custom_step0_s_20260825_15,a68443ccbc4a42998cfb0a5a39eba0dd,0.062,,,
2029,2026-08-25,SH601398,0.0021602297987787377,EXP_LGBModel_Alpha158_csi300_custom_step0_s_20260825_15,a68443ccbc4a42998cfb0a5a39eba0dd,0.062,,,
2030,2026-08-25,SH601456,2.7975755094505154e-10,EXP_LGBModel_Alpha158_csi300_custom_step0_s_20260825_15,a68443ccbc4a42998cfb0a5a39eba0dd,0.062,,,
2031,2026-08-25,SH601600,-0.00016858419178910527,EXP_LGBModel_Alpha158_csi300_custom_step0_s_20260825_15,a68443ccbc4a42998cfb0a5a39eba0dd,0.062,,,
2032,2026-08-25,SH601601,-0.0017996457068671723,EXP_LGBModel_Alpha158_csi300_custom_step0_s_20260825_15,a68443ccbc4a42998cfb0a5a39eba0dd,0.062,,,
2033,2026-08-25,SH601318,0.00041374733419778485,EXP_LGBModel_Alpha158_csi300_custom_step0_s_20260825_15,a68443ccbc4a42998cfb0a5a39eba0dd,0.062,,,
2034,2026-08-25,SH601618,2.7975755094505154e-10,EXP_LGBModel_Alpha158_csi300_custom_step0_s_20260825_15,a68443ccbc4a42998cfb0a5a39eba0dd,0.062,,,
2035,2026-08-25,SH601111,0.0017993240033594862,EXP_LGBModel_Alpha158_csi300_custom_step0_s_20260825_15,a68443ccbc4a42998cfb0a5a39eba0dd,0.062,,,
2036,2026-08-25,SH601088,-0.0017996457068671723,EXP_LGBModel_Alpha158_csi300_custom_step0_s_20260825_15,a68443ccbc4a42998cfb0a5a39eba0dd,0.062,,,
2037,2026-08-25,SH600887,0.0017993240033594862,EXP_LGBModel_Alpha158_csi300_custom_step0_s_20260825_15,a68443ccbc4a42998cfb0a5a39eba0dd,0.062,,,
2038,2026-08-25,SH600893,2.7975755094505154e-10,EXP_LGBModel_Alpha158_csi300_custom_step0_s_20260825_15,a68443ccbc4a42998cfb0a5a39eba0dd,0.062,,,
2039,2026-08-25,SH600900,0.0027465152907435422,EXP_LGBModel_Alpha158_csi300_custom_step0_s_20260825_15,a68443ccbc4a42998cfb0a5a39eba0dd,0.062,,,
2040,2026-08-25,SH600905,2.7975755094505154e-10,EXP_LGBModel_Alpha158_csi300_custom_step0_s_20260825_15,a68443ccbc4a42998cfb0a5a39eba0dd,0.062,,,
2041,2026-08-25,SH600918,0.0027465152907435422,EXP_LGBModel_Alpha158_csi300_custom_step0_s_20260825_15,a68443ccbc4a42998cfb0a5a39eba0dd,0.062,,,
2042,2026-08-25,SH600919,0.0021602297987787377,EXP_LGBModel_Alpha158_csi300_custom_step0_s_20260825_15,a68443ccbc4a42998cfb0a5a39eba0dd,0.062,,,
2043,2026-08-25,SH600926,0.0021602297987787377,EXP_LGBModel_Alpha158_csi300_custom_step0_s_20260825_15,a68443ccbc4a42998cfb0a5a39eba0dd,0.062,,,
2044,2026-08-25,SH600930,-0.0026387603344392796,EXP_LGBModel_Alpha158_csi300_custom_step0_s_20260825_15,a68443ccbc4a42998cfb0a5a39eba0dd,0.062,,,
2045,2026-08-25,SH600938,2.7975755094505154e-10,EXP_LGBModel_Alpha158_csi300_custom_step0_s_20260825_15,a68443ccbc4a42998cfb0a5a39eba0dd,0.062,,,
2046,2026-08-25,SH600941,0.0027465152907435422,EXP_LGBModel_Alpha158_csi300_custom_step0_s_20260825_15,a68443ccbc4a42998cfb0a5a39eba0dd,0.062,,,
2047,2026-08-25,SH601100,0.0006233918503826222,EXP_LGBModel_Alpha158_csi300_custom_step0_s_20260825_15,a68443ccbc4a42998cfb0a5a39eba0dd,0.062,,,
2048,2026-08-25,SH600958,2.7975755094505154e-10,EXP_LGBModel_Alpha158_csi300_custom_step0_s_20260825_15,a68443ccbc4a42998cfb0a5a39eba0dd,0.062,,,
2049,2026-08-25,SH600999,0.0017993240033594862,EXP_LGBModel_Alpha158_csi300_custom_step0_s_20260825_15,a68443ccbc4a42998cfb0a5a39eba0dd,0.062,,,
2050,2026-08-25,SH601006,2.7975755094505154e-10,EXP_LGBModel_Alpha158_csi300_custom_step0_s_20260825_15,a68443ccbc4a42998cfb0a5a39eba0dd,0.062,,,
2051,2026-08-25,SH601009,0.0021602297987787377,EXP_LGBModel_Alpha158_csi300_custom_step0_s_20260825_15,a68443ccbc4a42998cfb0a5a39eba0dd,0.062,,,
2052,2026-08-25,SH601012,-0.00016858419178910527,EXP_LGBModel_Alpha158_csi300_custom_step0_s_20260825_15,a68443ccbc4a42998cfb0a5a39eba0dd,0.062,,,
2053,2026-08-25,SH601018,0.0027465152907435422,EXP_LGBModel_Alpha158_csi300_custom_step0_s_20260825_15,a68443ccbc4a42998cfb0a5a39eba0dd,0.062,,,
2054,2026-08-25,SH601021,2.7975755094505154e-10,EXP_LGBModel_Alpha158_csi300_custom_step0_s_20260825_15,a68443ccbc4a42998cfb0a5a39eba0dd,0.062,,,
2055,2026-08-25,SH601058,2.7975755094505154e-10,EXP_LGBModel_Alpha158_csi300_custom_step0_s_20260825_15,a68443ccbc4a42998cfb0a5a39eba0dd,0.062,,,
2056,2026-08-25,SH601059,0.0027465152907435422,EXP_LGBModel_Alpha158_csi300_custom_step0_s_20260825_15,a68443ccbc4a42998cfb0a5a39eba0dd,0.062,,,
2057,2026-08-25,SH601066,-0.0026387603344392796,EXP_LGBModel_Alpha158_csi300_custom_step0_s_20260825_15,a68443ccbc4a42998cfb0a5a39eba0dd,0.062,,,
2058,2026-08-25,SH601077,0.0021602297987787377,EXP_LGBModel_Alpha158_csi300_custom_step0_s_20260825_15,a68443ccbc4a42998cfb0a5a39eba0dd,0.062,,,
2059,2026-08-25,SH600989,2.7975755094505154e-10,EXP_LGBModel_Alpha158_csi300_custom_step0_s_20260825_15,a68443ccbc4a42998cfb0a5a39eba0dd,0.062,,,
2060,2026-08-25,SH601360,-1.4592093614782433e-10,EXP_LGBModel_Alpha158_csi300_custom_step0_s_20260825_15,fda95cd6516a4cc985c6ee1a293359fd,0.093,,,
2061,2026-08-25,SH601336,0.0018601605295152407,EXP_LGBModel_Alpha158_csi300_custom_step0_s_20260825_15,fda95cd6516a4cc985c6ee1a293359fd,0.093,,,
2062,2026-08-25,SH601328,0.0028605123067787183,EXP_LGBModel_Alpha158_csi300_custom_step0_s_20260825_15,fda95cd6516a4cc985c6ee1a293359fd,0.093,,,
2063,2026-08-25,SH601728,-0.0011224255794174156,EXP_CatBoostModel_Alpha158_csi300_custom_step0_s_20260825_15,f51509b4deb64aca9860afc33224c954,0.097,,,
2064,2026-08-25,SH601766,-0.0008025028883538745,EXP_CatBoostModel_Alpha158_csi300_custom_step0_s_20260825_15,f51509b4deb64aca9860afc33224c954,0.097,,,
2065,2026-08-25,SH601788,0.002670481363374551,EXP_CatBoostModel_Alpha158_csi300_custom_step0_s_20260825_15,f51509b4deb64aca9860afc33224c954,0.097,,,
2066,2026-08-25,SH601800,0.003708226160179542,EXP_CatBoostModel_Alpha158_csi300_custom_step0_s_20260825_15,f51509b4deb64aca9860afc33224c954,0.097,,,
2067,2026-08-25,SH601816,0.009602247697480077,EXP_CatBoostModel_Alpha158_csi300_custom_step0_s_20260825_15,f51509b4deb64aca9860afc33224c954,0.097,,,
2068,2026-08-25,SH601818,0.0017735800073386794,EXP_CatBoostModel_Alpha158_csi300_custom_step0_s_20260825_15,f51509b4deb64aca9860afc33224c954,0.097,,,
2069,2026-08-25,SH601825,-0.00444644253930298,EXP_CatBoostModel_Alpha158_csi300_custom_step0_s_20260825_15,f51509b4deb64aca9860afc33224c954,0.097,,,
2070,2026-08-25,SH601838,0.005433380930673821,EXP_CatBoostModel_Alpha158_csi300_custom_step0_s_20260825_15,f51509b4deb64aca9860afc33224c954,0.097,,,
2071,2026-08-25,SH601857,-0.0061979809955792515,EXP_CatBoostModel_Alpha158_csi300_custom_step0_s_20260825_15,f51509b4deb64aca9860afc33224c954,0.097,,,
2072,2026-08-25,SH601868,0.0038752532286742514,EXP_CatBoostModel_Alpha158_csi300_custom_step0_s_20260825_15,f51509b4deb64aca9860afc33224c954,0.097,,,
2073,2026-08-25,SH601872,-0.008483383717101658,EXP_CatBoostModel_Alpha158_csi300_custom_step0_s_20260825_15,f51509b4deb64aca9860afc33224c954,0.097,,,
2074,2026-08-25,SH601877,-0.008580354408534488,EXP_CatBoostModel_Alpha158_csi300_custom_step0_s_20260825_15,f51509b4deb64aca9860afc33224c954,0.097,,,
2075,2026-08-25,SH601878,0.005296754416988505,EXP_CatBoostModel_Alpha158_csi300_custom_step0_s_20260825_15,f51509b4deb64aca9860afc33224c954,0.097,,,
2076,2026-08-25,SH601881,0.0035557296185360467,EXP_CatBoostModel_Alpha158_csi300_custom_step0_s_20260825_15,f51509b4deb64aca9860afc33224c954,0.097,,,
2077,2026-08-25,SH601888,-0.005947246077589032,EXP_CatBoostModel_Alpha158_csi300_custom_step0_s_20260825_15,f51509b4deb64aca9860afc33224c954,0.097,,,
2078,2026-08-25,SH601898,-0.003908037153773979,EXP_CatBoostModel_Alpha158_csi300_custom_step0_s_20260825_15,f51509b4deb64aca9860afc33224c954,0.097,,,
2079,2026-08-25,SH601899,-0.00546836871446597,EXP_CatBoostModel_Alpha158_csi300_custom_step0_s_20260825_15,f51509b4deb64aca9860afc33224c954,0.097,,,
2080,2026-08-25,SH601901,0.002157591100907121,EXP_CatBoostModel_Alpha158_csi300_custom_step0_s_20260825_15,f51509b4deb64aca9860afc33224c954,0.097,,,
2081,2026-08-25,SH601916,0.010522072273871842,EXP_CatBoostModel_Alpha158_csi300_custom_step0_s_20260825_15,f51509b4deb64aca9860afc33224c954,0.097,,,
2082,2026-08-25,SH601919,-0.00473422338252882,EXP_CatBoostModel_Alpha158_csi300_custom_step0_s_20260825_15,f51509b4deb64aca9860afc33224c954,0.097,,,
2083,2026-08-25,SH601939,0.001620592691308358,EXP_CatBoostModel_Alpha158_csi300_custom_step0_s_20260825_15,f51509b4deb64aca9860afc33224c954,0.097,,,
2084,2026-08-25,SH601727,-0.005311047118241277,EXP_CatBoostModel_Alpha158_csi300_custom_step0_s_20260825_15,f51509b4deb64aca9860afc33224c954,0.097,,,
2085,2026-08-25,SH601698,-0.005736759097046153,EXP_CatBoostModel_Alpha158_csi300_custom_step0_s_20260825_15,f51509b4deb64aca9860afc33224c954,0.097,,,
2086,2026-08-25,SH601689,-0.007136714198101747,EXP_CatBoostModel_Alpha158_csi300_custom_step0_s_20260825_15,f51509b4deb64aca9860afc33224c954,0.097,,,
2087,2026-08-25,SH601688,0.0035294115020834487,EXP_CatBoostModel_Alpha158_csi300_custom_step0_s_20260825_15,f51509b4deb64aca9860afc33224c954,0.097,,,
2088,2026-08-25,SH601225,0.0038698143664066334,EXP_CatBoostModel_Alpha158_csi300_custom_step0_s_20260825_15,f51509b4deb64aca9860afc33224c954,0.097,,,
2089,2026-08-25,SH601229,-0.003657484778674342,EXP_CatBoostModel_Alpha158_csi300_custom_step0_s_20260825_15,f51509b4deb64aca9860afc33224c954,0.097,,,
2090,2026-08-25,SH601238,-0.011276492443393234,EXP_CatBoostModel_Alpha158_csi300_custom_step0_s_20260825_15,f51509b4deb64aca9860afc33224c954,0.097,,,
2091,2026-08-25,SH601288,-0.00473422338252882,EXP_CatBoostModel_Alpha158_csi300_custom_step0_s_20260825_15,f51509b4deb64aca9860afc33224c954,0.097,,,
2092,2026-08-25,SH601318,-0.00473422338252882,EXP_CatBoostModel_Alpha158_csi300_custom_step0_s_20260825_15,f51509b4deb64aca9860afc33224c954,0.097,,,
2093,2026-08-25,SH601319,0.005533893240040012,EXP_CatBoostModel_Alpha158_csi300_custom_step0_s_20260825_15,f51509b4deb64aca9860afc33224c954,0.097,,,
2094,2026-08-25,SH601328,0.005501045887733638,EXP_CatBoostModel_Alpha158_csi300_custom_step0_s_20260825_15,f51509b4deb64aca9860afc33224c954,0.097,,,
2095,2026-08-25,SH601336,0.005533893240040012,EXP_CatBoostModel_Alpha158_csi300_custom_step0_s_20260825_15,f51509b4deb64aca9860afc33224c954,0.097,,,
2096,2026-08-25,SH601360,-0.007136714198101747,EXP_CatBoostModel_Alpha158_csi300_custom_step0_s_20260825_15,f51509b4deb64aca9860afc33224c954,0.097,,,
2097,2026-08-25,SH601377,0.00764892249536296,EXP_CatBoostModel_Alpha158_csi300_custom_step0_s_20260825_15,f51509b4deb64aca9860afc33224c954,0.097,,,
2098,2026-08-25,SH601985,0.005433801820937033,EXP_CatBoostModel_Alpha158_csi300_custom_step0_s_20260825_15,f51509b4deb64aca9860afc33224c954,0.097,,,
2099,2026-08-25,SH601390,0.0023611996512359515,EXP_CatBoostModel_Alpha158_csi300_custom_step0_s_20260825_15,f51509b4deb64aca9860afc33224c954,0.097,,,
2100,2026-08-25,SH601456,0.0035651285046332274,EXP_CatBoostModel_Alpha158_csi300_custom_step0_s_20260825_15,f51509b4deb64aca9860afc33224c954,0.097,,,
2101,2026-08-25,SH601600,-0.002643160833660691,EXP_CatBoostModel_Alpha158_csi300_custom_step0_s_20260825_15,f51509b4deb64aca9860afc33224c954,0.097,,,
2102,2026-08-25,SH601601,-0.006754829839225131,EXP_CatBoostModel_Alpha158_csi300_custom_step0_s_20260825_15,f51509b4deb64aca9860afc33224c954,0.097,,,
2103,2026-08-25,SH601607,0.007324049794547587,EXP_CatBoostModel_Alpha158_csi300_custom_step0_s_20260825_15,f51509b4deb64aca9860afc33224c954,0.097,,,
2104,2026-08-25,SH601618,0.002671324375276976,EXP_CatBoostModel_Alpha158_csi300_custom_step0_s_20260825_15,f51509b4deb64aca9860afc33224c954,0.097,,,
2105,2026-08-25,SH601628,0.0035914466210858254,EXP_CatBoostModel_Alpha158_csi300_custom_step0_s_20260825_15,f51509b4deb64aca9860afc33224c954,0.097,,,
2106,2026-08-25,SH601633,0.004938473130029417,EXP_CatBoostModel_Alpha158_csi300_custom_step0_s_20260825_15,f51509b4deb64aca9860afc33224c954,0.097,,,
2107,2026-08-25,SH601658,0.013413013106442537,EXP_CatBoostModel_Alpha158_csi300_custom_step0_s_20260825_15,f51509b4deb64aca9860afc33224c954,0.097,,,
2108,2026-08-25,SH601668,0.0034332243003679873,EXP_CatBoostModel_Alpha158_csi300_custom_step0_s_20260825_15,f51509b4deb64aca9860afc33224c954,0.097,,,
2109,2026-08-25,SH601669,0.004938473130029417,EXP_CatBoostModel_Alpha158_csi300_custom_step0_s_20260825_15,f51509b4deb64aca9860afc33224c954,0.097,,,
2110,2026-08-25,SH601398,0.001620592691308358,EXP_CatBoostModel_Alpha158_csi300_custom_step0_s_20260825_15,f51509b4deb64aca9860afc33224c954,0.097,,,
2111,2026-08-25,SH601988,0.0032692465828706514,EXP_CatBoostModel_Alpha158_csi300_custom_step0_s_20260825_15,f51509b4deb64aca9860afc33224c954,0.097,,,
2112,2026-08-25,SH601995,-0.0027958862532770886,EXP_CatBoostModel_Alpha158_csi300_custom_step0_s_20260825_15,f51509b4deb64aca9860afc33224c954,0.097,,,
2113,2026-08-25,SH601998,-0.0023757627007790936,EXP_CatBoostModel_Alpha158_csi300_custom_step0_s_20260825_15,f51509b4deb64aca9860afc33224c954,0.097,,,
2114,2026-08-25,SH688256,0.050225002896323506,EXP_CatBoostModel_Alpha158_csi300_custom_step0_s_20260825_15,f51509b4deb64aca9860afc33224c954,0.097,,,
2115,2026-08-25,SH688271,-0.005497778828433294,EXP_CatBoostModel_Alpha158_csi300_custom_step0_s_20260825_15,f51509b4deb64aca9860afc33224c954,0.097,,,
2116,2026-08-25,SH688303,-0.007136714198101747,EXP_CatBoostModel_Alpha158_csi300_custom_step0_s_20260825_15,f51509b4deb64aca9860afc33224c954,0.097,,,
2117,2026-08-25,SH688396,-0.006254376497372068,EXP_CatBoostModel_Alpha158_csi300_custom_step0_s_20260825_15,f51509b4deb64aca9860afc33224c954,0.097,,,
2118,2026-08-25,SH688472,0.03396522886327018,EXP_CatBoostModel_Alpha158_csi300_custom_step0_s_20260825_15,f51509b4deb64aca9860afc33224c954,0.097,,,
2119,2026-08-25,SH688506,-0.006211398080514428,EXP_CatBoostModel_Alpha158_csi300_custom_step0_s_20260825_15,f51509b4deb64aca9860afc33224c954,0.097,,,
2120,2026-08-25,SH688521,0.05507555842169473,EXP_CatBoostModel_Alpha158_csi300_custom_step0_s_20260825_15,f51509b4deb64aca9860afc33224c954,0.097,,,
2121,2026-08-25,SH688981,0.010283154235227202,EXP_CatBoostModel_Alpha158_csi300_custom_step0_s_20260825_15,f51509b4deb64aca9860afc33224c954,0.097,,,
2122,2026-08-25,SZ000001,0.006791860665586661,EXP_CatBoostModel_Alpha158_csi300_custom_step0_s_20260825_15,f51509b4deb64aca9860afc33224c954,0.097,,,
2123,2026-08-25,SZ000002,-0.00890027709959803,EXP_CatBoostModel_Alpha158_csi300_custom_step0_s_20260825_15,f51509b4deb64aca9860afc33224c954,0.097,,,
2124,2026-08-25,SH688223,-0.004519143779418576,EXP_CatBoostModel_Alpha158_csi300_custom_step0_s_20260825_15,f51509b4deb64aca9860afc33224c954,0.097,,,
2125,2026-08-25,SZ000063,-0.00906183707547751,EXP_CatBoostModel_Alpha158_csi300_custom_step0_s_20260825_15,f51509b4deb64aca9860afc33224c954,0.097,,,
2126,2026-08-25,SZ000157,0.005629282500299565,EXP_CatBoostModel_Alpha158_csi300_custom_step0_s_20260825_15,f51509b4deb64aca9860afc33224c954,0.097,,,
2127,2026-08-25,SZ000166,0.008096716962014605,EXP_CatBoostModel_Alpha158_csi300_custom_step0_s_20260825_15,f51509b4deb64aca9860afc33224c954,0.097,,,
2128,2026-08-25,SZ000301,-0.007776756014388122,EXP_CatBoostModel_Alpha158_csi300_custom_step0_s_20260825_15,f51509b4deb64aca9860afc33224c954,0.097,,,
2129,2026-08-25,SZ000333,0.00830074877817973,EXP_CatBoostModel_Alpha158_csi300_custom_step0_s_20260825_15,f51509b4deb64aca9860afc33224c954,0.097,,,
2130,2026-08-25,SZ000338,0.015130077672466716,EXP_CatBoostModel_Alpha158_csi300_custom_step0_s_20260825_15,f51509b4deb64aca9860afc33224c954,0.097,,,
2131,2026-08-25,SZ000408,-0.005889484516662552,EXP_CatBoostModel_Alpha158_csi300_custom_step0_s_20260825_15,f51509b4deb64aca9860afc33224c954,0.097,,,
2132,2026-08-25,SZ000425,0.0026128115720711075,EXP_CatBoostModel_Alpha158_csi300_custom_step0_s_20260825_15,f51509b4deb64aca9860afc33224c954,0.097,,,
2133,2026-08-25,SZ000538,0.003708226160179542,EXP_CatBoostModel_Alpha158_csi300_custom_step0_s_20260825_15,f51509b4deb64aca9860afc33224c954,0.097,,,
2134,2026-08-25,SZ000568,-0.0033412085103901273,EXP_CatBoostModel_Alpha158_csi300_custom_step0_s_20260825_15,f51509b4deb64aca9860afc33224c954,0.097,,,
2135,2026-08-25,SZ000596,-0.007136714198101747,EXP_CatBoostModel_Alpha158_csi300_custom_step0_s_20260825_15,f51509b4deb64aca9860afc33224c954,0.097,,,
2136,2026-08-25,SZ000100,-0.009109158109772857,EXP_CatBoostModel_Alpha158_csi300_custom_step0_s_20260825_15,f51509b4deb64aca9860afc33224c954,0.097,,,
2137,2026-08-25,SH601211,-0.0037781473810620226,EXP_CatBoostModel_Alpha158_csi300_custom_step0_s_20260825_15,f51509b4deb64aca9860afc33224c954,0.097,,,
2138,2026-08-25,SH688183,0.04779627711688328,EXP_CatBoostModel_Alpha158_csi300_custom_step0_s_20260825_15,f51509b4deb64aca9860afc33224c954,0.097,,,
2139,2026-08-25,SH688111,-0.007715151596523022,EXP_CatBoostModel_Alpha158_csi300_custom_step0_s_20260825_15,f51509b4deb64aca9860afc33224c954,0.097,,,
2140,2026-08-25,SH603019,-0.007298274173981227,EXP_CatBoostModel_Alpha158_csi300_custom_step0_s_20260825_15,f51509b4deb64aca9860afc33224c954,0.097,,,
2141,2026-08-25,SH603259,0.03883893159720591,EXP_CatBoostModel_Alpha158_csi300_custom_step0_s_20260825_15,f51509b4deb64aca9860afc33224c954,0.097,,,
2142,2026-08-25,SH603260,-0.006211398080514428,EXP_CatBoostModel_Alpha158_csi300_custom_step0_s_20260825_15,f51509b4deb64aca9860afc33224c954,0.097,,,
2143,2026-08-25,SH603288,0.005533893240040012,EXP_CatBoostModel_Alpha158_csi300_custom_step0_s_20260825_15,f51509b4deb64aca9860afc33224c954,0.097,,,
2144,2026-08-25,SH603296,-0.010829742594411499,EXP_CatBoostModel_Alpha158_csi300_custom_step0_s_20260825_15,f51509b4deb64aca9860afc33224c954,0.097,,,
2145,2026-08-25,SH603369,-0.009521692914876943,EXP_CatBoostModel_Alpha158_csi300_custom_step0_s_20260825_15,f51509b4deb64aca9860afc33224c954,0.097,,,
2146,2026-08-25,SH603392,-0.00797496098201071,EXP_CatBoostModel_Alpha158_csi300_custom_step0_s_20260825_15,f51509b4deb64aca9860afc33224c954,0.097,,,
2147,2026-08-25,SH603501,-0.007897858116510415,EXP_CatBoostModel_Alpha158_csi300_custom_step0_s_20260825_15,f51509b4deb64aca9860afc33224c954,0.097,,,
2148,2026-08-25,SH603799,-0.007715151596523022,EXP_CatBoostModel_Alpha158_csi300_custom_step0_s_20260825_15,f51509b4deb64aca9860afc33224c954,0.097,,,
2149,2026-08-25,SH603893,-0.009066179692915217,EXP_CatBoostModel_Alpha158_csi300_custom_step0_s_20260825_15,f51509b4deb64aca9860afc33224c954,0.097,,,
2150,2026-08-25,SH688126,-0.009066179692915217,EXP_CatBoostModel_Alpha158_csi300_custom_step0_s_20260825_15,f51509b4deb64aca9860afc33224c954,0.097,,,
2151,2026-08-25,SH603986,0.046210211415096895,EXP_CatBoostModel_Alpha158_csi300_custom_step0_s_20260825_15,f51509b4deb64aca9860afc33224c954,0.097,,,
2152,2026-08-25,SH605117,-0.007396523583589436,EXP_CatBoostModel_Alpha158_csi300_custom_step0_s_20260825_15,f51509b4deb64aca9860afc33224c954,0.097,,,
2153,2026-08-25,SH605499,-0.005893562277259129,EXP_CatBoostModel_Alpha158_csi300_custom_step0_s_20260825_15,f51509b4deb64aca9860afc33224c954,0.097,,,
2154,2026-08-25,SH688008,-0.009066179692915217,EXP_CatBoostModel_Alpha158_csi300_custom_step0_s_20260825_15,f51509b4deb64aca9860afc33224c954,0.097,,,
2155,2026-08-25,SH688009,0.008470458109095894,EXP_CatBoostModel_Alpha158_csi300_custom_step0_s_20260825_15,f51509b4deb64aca9860afc33224c954,0.097,,,
2156,2026-08-25,SH688012,-0.007240512613054747,EXP_CatBoostModel_Alpha158_csi300_custom_step0_s_20260825_15,f51509b4deb64aca9860afc33224c954,0.097,,,
2157,2026-08-25,SH688036,-0.007954968918341887,EXP_CatBoostModel_Alpha158_csi300_custom_step0_s_20260825_15,f51509b4deb64aca9860afc33224c954,0.097,,,
2158,2026-08-25,SH688041,0.037796955298852936,EXP_CatBoostModel_Alpha158_csi300_custom_step0_s_20260825_15,f51509b4deb64aca9860afc33224c954,0.097,,,
2159,2026-08-25,SH688047,-0.005736759097046153,EXP_CatBoostModel_Alpha158_csi300_custom_step0_s_20260825_15,f51509b4deb64aca9860afc33224c954,0.097,,,
2160,2026-08-25,SH688072,-0.010829742594411499,EXP_CatBoostModel_Alpha158_csi300_custom_step0_s_20260825_15,f51509b4deb64aca9860afc33224c954,0.097,,,
2161,2026-08-25,SH688082,-0.007758130013380661,EXP_CatBoostModel_Alpha158_csi300_custom_step0_s_20260825_15,f51509b4deb64aca9860afc33224c954,0.097,,,
2162,2026-08-25,SH603993,-0.0031209717689178263,EXP_CatBoostModel_Alpha158_csi300_custom_step0_s_20260825_15,f51509b4deb64aca9860afc33224c954,0.097,,,
2163,2026-08-25,SZ000617,0.00135924331501751,EXP_CatBoostModel_Alpha158_csi300_custom_step0_s_20260825_15,f51509b4deb64aca9860afc33224c954,0.097,,,
2164,2026-08-25,SH601186,0.004186866731096422,EXP_CatBoostModel_Alpha158_csi300_custom_step0_s_20260825_15,f51509b4deb64aca9860afc33224c954,0.097,,,
2165,2026-08-25,SH601166,0.00302540031926743,EXP_CatBoostModel_Alpha158_csi300_custom_step0_s_20260825_15,f51509b4deb64aca9860afc33224c954,0.097,,,
2166,2026-08-25,SH600118,0.015130077672466716,EXP_CatBoostModel_Alpha158_csi300_custom_step0_s_20260825_15,f51509b4deb64aca9860afc33224c954,0.097,,,
2167,2026-08-25,SH600150,0.0036325609841305587,EXP_CatBoostModel_Alpha158_csi300_custom_step0_s_20260825_15,f51509b4deb64aca9860afc33224c954,0.097,,,
2168,2026-08-25,SH600160,-0.008487742294493943,EXP_CatBoostModel_Alpha158_csi300_custom_step0_s_20260825_15,f51509b4deb64aca9860afc33224c954,0.097,,,
2169,2026-08-25,SH600176,0.03873200228423623,EXP_CatBoostModel_Alpha158_csi300_custom_step0_s_20260825_15,f51509b4deb64aca9860afc33224c954,0.097,,,
2170,2026-08-25,SH600183,0.09176356364951346,EXP_CatBoostModel_Alpha158_csi300_custom_step0_s_20260825_15,f51509b4deb64aca9860afc33224c954,0.097,,,
2171,2026-08-25,SH600188,-0.0058701718758107715,EXP_CatBoostModel_Alpha158_csi300_custom_step0_s_20260825_15,f51509b4deb64aca9860afc33224c954,0.097,,,
2172,2026-08-25,SH600196,-0.009478714498019304,EXP_CatBoostModel_Alpha158_csi300_custom_step0_s_20260825_15,f51509b4deb64aca9860afc33224c954,0.097,,,
2173,2026-08-25,SH600219,-0.003807293602232684,EXP_CatBoostModel_Alpha158_csi300_custom_step0_s_20260825_15,f51509b4deb64aca9860afc33224c954,0.097,,,
2174,2026-08-25,SH600221,0.002373617744222319,EXP_CatBoostModel_Alpha158_csi300_custom_step0_s_20260825_15,f51509b4deb64aca9860afc33224c954,0.097,,,
2175,2026-08-25,SH600233,-0.005995520149151749,EXP_CatBoostModel_Alpha158_csi300_custom_step0_s_20260825_15,f51509b4deb64aca9860afc33224c954,0.097,,,
2176,2026-08-25,SH600276,-0.005995520149151749,EXP_CatBoostModel_Alpha158_csi300_custom_step0_s_20260825_15,f51509b4deb64aca9860afc33224c954,0.097,,,
2177,2026-08-25,SH600309,0.009602247697480077,EXP_CatBoostModel_Alpha158_csi300_custom_step0_s_20260825_15,f51509b4deb64aca9860afc33224c954,0.097,,,
2178,2026-08-25,SH600346,-0.00546836871446597,EXP_CatBoostModel_Alpha158_csi300_custom_step0_s_20260825_15,f51509b4deb64aca9860afc33224c954,0.097,,,
2179,2026-08-25,SH600362,-0.006254376497372068,EXP_CatBoostModel_Alpha158_csi300_custom_step0_s_20260825_15,f51509b4deb64aca9860afc33224c954,0.097,,,
2180,2026-08-25,SH600372,0.0026737797755246964,EXP_CatBoostModel_Alpha158_csi300_custom_step0_s_20260825_15,f51509b4deb64aca9860afc33224c954,0.097,,,
2181,2026-08-25,SH600406,0.0029945637524161754,EXP_CatBoostModel_Alpha158_csi300_custom_step0_s_20260825_15,f51509b4deb64aca9860afc33224c954,0.097,,,
2182,2026-08-25,SH600415,-0.008573132897416963,EXP_CatBoostModel_Alpha158_csi300_custom_step0_s_20260825_15,f51509b4deb64aca9860afc33224c954,0.097,,,
2183,2026-08-25,SH600426,-0.006211398080514428,EXP_CatBoostModel_Alpha158_csi300_custom_step0_s_20260825_15,f51509b4deb64aca9860afc33224c954,0.097,,,
2184,2026-08-25,SH600436,-0.008487742294493943,EXP_CatBoostModel_Alpha158_csi300_custom_step0_s_20260825_15,f51509b4deb64aca9860afc33224c954,0.097,,,
2185,2026-08-25,SH600438,-0.009478714498019304,EXP_CatBoostModel_Alpha158_csi300_custom_step0_s_20260825_15,f51509b4deb64aca9860afc33224c954,0.097,,,
2186,2026-08-25,SH600460,-0.006744311980010835,EXP_CatBoostModel_Alpha158_csi300_custom_step0_s_20260825_15,f51509b4deb64aca9860afc33224c954,0.097,,,
2187,2026-08-25,SH600115,0.001120689316004554,EXP_CatBoostModel_Alpha158_csi300_custom_step0_s_20260825_15,f51509b4deb64aca9860afc33224c954,0.097,,,
2188,2026-08-25,SH600111,-0.007136714198101747,EXP_CatBoostModel_Alpha158_csi300_custom_step0_s_20260825_15,f51509b4deb64aca9860afc33224c954,0.097,,,
2189,2026-08-25,SH600104,0.002340138882701927,EXP_CatBoostModel_Alpha158_csi300_custom_step0_s_20260825_15,f51509b4deb64aca9860afc33224c954,0.097,,,
2190,2026-08-25,SH600089,-0.001304098942036426,EXP_CatBoostModel_Alpha158_csi300_custom_step0_s_20260825_15,f51509b4deb64aca9860afc33224c954,0.097,,,
2191,2026-08-25,SH600009,0.005533893240040012,EXP_CatBoostModel_Alpha158_csi300_custom_step0_s_20260825_15,f51509b4deb64aca9860afc33224c954,0.097,,,
2192,2026-08-25,SH600010,0.006211615390440141,EXP_CatBoostModel_Alpha158_csi300_custom_step0_s_20260825_15,f51509b4deb64aca9860afc33224c954,0.097,,,
2193,2026-08-25,SH600011,-0.003542776730404784,EXP_CatBoostModel_Alpha158_csi300_custom_step0_s_20260825_15,f51509b4deb64aca9860afc33224c954,0.097,,,
2194,2026-08-25,SH600015,0.006331494174216138,EXP_CatBoostModel_Alpha158_csi300_custom_step0_s_20260825_15,f51509b4deb64aca9860afc33224c954,0.097,,,
2195,2026-08-25,SH600016,0.003172252735845284,EXP_CatBoostModel_Alpha158_csi300_custom_step0_s_20260825_15,f51509b4deb64aca9860afc33224c954,0.097,,,
2196,2026-08-25,SH600018,0.017696252941494604,EXP_CatBoostModel_Alpha158_csi300_custom_step0_s_20260825_15,f51509b4deb64aca9860afc33224c954,0.097,,,
2197,2026-08-25,SH600019,0.003904278323831722,EXP_CatBoostModel_Alpha158_csi300_custom_step0_s_20260825_15,f51509b4deb64aca9860afc33224c954,0.097,,,
2198,2026-08-25,SH600023,0.0035294115020834487,EXP_CatBoostModel_Alpha158_csi300_custom_step0_s_20260825_15,f51509b4deb64aca9860afc33224c954,0.097,,,
2199,2026-08-25,SH600025,0.0073035674918170475,EXP_CatBoostModel_Alpha158_csi300_custom_step0_s_20260825_15,f51509b4deb64aca9860afc33224c954,0.097,,,
2200,2026-08-25,SH600026,-0.0074187678723522665,EXP_CatBoostModel_Alpha158_csi300_custom_step0_s_20260825_15,f51509b4deb64aca9860afc33224c954,0.097,,,
2201,2026-08-25,SH600482,-0.00906183707547751,EXP_CatBoostModel_Alpha158_csi300_custom_step0_s_20260825_15,f51509b4deb64aca9860afc33224c954,0.097,,,
2202,2026-08-25,SH600027,0.0031128060501689468,EXP_CatBoostModel_Alpha158_csi300_custom_step0_s_20260825_15,f51509b4deb64aca9860afc33224c954,0.097,,,
2203,2026-08-25,SH600029,0.002373617744222319,EXP_CatBoostModel_Alpha158_csi300_custom_step0_s_20260825_15,f51509b4deb64aca9860afc33224c954,0.097,,,
2204,2026-08-25,SH600030,0.006269486833854639,EXP_CatBoostModel_Alpha158_csi300_custom_step0_s_20260825_15,f51509b4deb64aca9860afc33224c954,0.097,,,
2205,2026-08-25,SH600031,0.004938473130029417,EXP_CatBoostModel_Alpha158_csi300_custom_step0_s_20260825_15,f51509b4deb64aca9860afc33224c954,0.097,,,
2206,2026-08-25,SH600036,0.013413013106442537,EXP_CatBoostModel_Alpha158_csi300_custom_step0_s_20260825_15,f51509b4deb64aca9860afc33224c954,0.097,,,
2207,2026-08-25,SH600039,0.005137695665556701,EXP_CatBoostModel_Alpha158_csi300_custom_step0_s_20260825_15,f51509b4deb64aca9860afc33224c954,0.097,,,
2208,2026-08-25,SH600048,-0.006381038474037263,EXP_CatBoostModel_Alpha158_csi300_custom_step0_s_20260825_15,f51509b4deb64aca9860afc33224c954,0.097,,,
2209,2026-08-25,SH600050,0.0022796093253884876,EXP_CatBoostModel_Alpha158_csi300_custom_step0_s_20260825_15,f51509b4deb64aca9860afc33224c954,0.097,,,
2210,2026-08-25,SH600061,0.002830010790301018,EXP_CatBoostModel_Alpha158_csi300_custom_step0_s_20260825_15,f51509b4deb64aca9860afc33224c954,0.097,,,
2211,2026-08-25,SH600066,-0.0011047170161618545,EXP_CatBoostModel_Alpha158_csi300_custom_step0_s_20260825_15,f51509b4deb64aca9860afc33224c954,0.097,,,
2212,2026-08-25,SH600085,-0.005023139844965019,EXP_CatBoostModel_Alpha158_csi300_custom_step0_s_20260825_15,f51509b4deb64aca9860afc33224c954,0.097,,,
2213,2026-08-25,SH600028,-0.001126521972517705,EXP_CatBoostModel_Alpha158_csi300_custom_step0_s_20260825_15,f51509b4deb64aca9860afc33224c954,0.097,,,
2214,2026-08-25,SH600489,0.0016196587708301614,EXP_CatBoostModel_Alpha158_csi300_custom_step0_s_20260825_15,f51509b4deb64aca9860afc33224c954,0.097,,,
2215,2026-08-25,SH600515,-0.004389808761250537,EXP_CatBoostModel_Alpha158_csi300_custom_step0_s_20260825_15,f51509b4deb64aca9860afc33224c954,0.097,,,
2216,2026-08-25,SH600519,0.0007527234354046738,EXP_CatBoostModel_Alpha158_csi300_custom_step0_s_20260825_15,f51509b4deb64aca9860afc33224c954,0.097,,,
2217,2026-08-25,SH600930,-0.004121578997728562,EXP_CatBoostModel_Alpha158_csi300_custom_step0_s_20260825_15,f51509b4deb64aca9860afc33224c954,0.097,,,
2218,2026-08-25,SH600938,0.002599088584030194,EXP_CatBoostModel_Alpha158_csi300_custom_step0_s_20260825_15,f51509b4deb64aca9860afc33224c954,0.097,,,
2219,2026-08-25,SH600941,0.010126434094224755,EXP_CatBoostModel_Alpha158_csi300_custom_step0_s_20260825_15,f51509b4deb64aca9860afc33224c954,0.097,,,
2220,2026-08-25,SH600958,0.009664791911621187,EXP_CatBoostModel_Alpha158_csi300_custom_step0_s_20260825_15,f51509b4deb64aca9860afc33224c954,0.097,,,
2221,2026-08-25,SH600989,0.0003825760283675988,EXP_CatBoostModel_Alpha158_csi300_custom_step0_s_20260825_15,f51509b4deb64aca9860afc33224c954,0.097,,,
2222,2026-08-25,SH600999,0.004808553805750388,EXP_CatBoostModel_Alpha158_csi300_custom_step0_s_20260825_15,f51509b4deb64aca9860afc33224c954,0.097,,,
2223,2026-08-25,SH601006,0.004245871490800074,EXP_CatBoostModel_Alpha158_csi300_custom_step0_s_20260825_15,f51509b4deb64aca9860afc33224c954,0.097,,,
2224,2026-08-25,SH601009,-0.005965872078596493,EXP_CatBoostModel_Alpha158_csi300_custom_step0_s_20260825_15,f51509b4deb64aca9860afc33224c954,0.097,,,
2225,2026-08-25,SH601012,-0.007136714198101747,EXP_CatBoostModel_Alpha158_csi300_custom_step0_s_20260825_15,f51509b4deb64aca9860afc33224c954,0.097,,,
2226,2026-08-25,SH601018,0.012503298535026991,EXP_CatBoostModel_Alpha158_csi300_custom_step0_s_20260825_15,f51509b4deb64aca9860afc33224c954,0.097,,,
2227,2026-08-25,SH600926,0.0011152426993450973,EXP_CatBoostModel_Alpha158_csi300_custom_step0_s_20260825_15,f51509b4deb64aca9860afc33224c954,0.097,,,
2228,2026-08-25,SH601021,0.0026128115720711075,EXP_CatBoostModel_Alpha158_csi300_custom_step0_s_20260825_15,f51509b4deb64aca9860afc33224c954,0.097,,,
2229,2026-08-25,SH601059,0.00859438226967007,EXP_CatBoostModel_Alpha158_csi300_custom_step0_s_20260825_15,f51509b4deb64aca9860afc33224c954,0.097,,,
2230,2026-08-25,SH601066,-0.00422543188791124,EXP_CatBoostModel_Alpha158_csi300_custom_step0_s_20260825_15,f51509b4deb64aca9860afc33224c954,0.097,,,
2231,2026-08-25,SH601077,-0.0037823370544376633,EXP_CatBoostModel_Alpha158_csi300_custom_step0_s_20260825_15,f51509b4deb64aca9860afc33224c954,0.097,,,
2232,2026-08-25,SH601088,-0.0012880819483971863,EXP_CatBoostModel_Alpha158_csi300_custom_step0_s_20260825_15,f51509b4deb64aca9860afc33224c954,0.097,,,
2233,2026-08-25,SH601100,-0.0038529373987647025,EXP_CatBoostModel_Alpha158_csi300_custom_step0_s_20260825_15,f51509b4deb64aca9860afc33224c954,0.097,,,
2234,2026-08-25,SH601111,0.004938473130029417,EXP_CatBoostModel_Alpha158_csi300_custom_step0_s_20260825_15,f51509b4deb64aca9860afc33224c954,0.097,,,
2235,2026-08-25,SH601117,0.005741585113680183,EXP_CatBoostModel_Alpha158_csi300_custom_step0_s_20260825_15,f51509b4deb64aca9860afc33224c954,0.097,,,
2236,2026-08-25,SH601127,-0.007298274173981227,EXP_CatBoostModel_Alpha158_csi300_custom_step0_s_20260825_15,f51509b4deb64aca9860afc33224c954,0.097,,,
2237,2026-08-25,SH601136,-0.005166875590250598,EXP_CatBoostModel_Alpha158_csi300_custom_step0_s_20260825_15,f51509b4deb64aca9860afc33224c954,0.097,,,
2238,2026-08-25,SH601138,-0.0017879443106099463,EXP_CatBoostModel_Alpha158_csi300_custom_step0_s_20260825_15,f51509b4deb64aca9860afc33224c954,0.097,,,
2239,2026-08-25,SH601058,0.001733604124759794,EXP_CatBoostModel_Alpha158_csi300_custom_step0_s_20260825_15,f51509b4deb64aca9860afc33224c954,0.097,,,
2240,2026-08-25,SH601169,0.00939595588732288,EXP_CatBoostModel_Alpha158_csi300_custom_step0_s_20260825_15,f51509b4deb64aca9860afc33224c954,0.097,,,
2241,2026-08-25,SH600919,0.004650603758230582,EXP_CatBoostModel_Alpha158_csi300_custom_step0_s_20260825_15,f51509b4deb64aca9860afc33224c954,0.097,,,
2242,2026-08-25,SH600905,0.0039015713451268494,EXP_CatBoostModel_Alpha158_csi300_custom_step0_s_20260825_15,f51509b4deb64aca9860afc33224c954,0.097,,,
2243,2026-08-25,SH600522,-0.01250981718239519,EXP_CatBoostModel_Alpha158_csi300_custom_step0_s_20260825_15,f51509b4deb64aca9860afc33224c954,0.097,,,
2244,2026-08-25,SH600547,0.006399236269160275,EXP_CatBoostModel_Alpha158_csi300_custom_step0_s_20260825_15,f51509b4deb64aca9860afc33224c954,0.097,,,
2245,2026-08-25,SH600549,-0.0025199345166909233,EXP_CatBoostModel_Alpha158_csi300_custom_step0_s_20260825_15,f51509b4deb64aca9860afc33224c954,0.097,,,
2246,2026-08-25,SH600570,-0.005947246077589032,EXP_CatBoostModel_Alpha158_csi300_custom_step0_s_20260825_15,f51509b4deb64aca9860afc33224c954,0.097,,,
2247,2026-08-25,SH600584,0.059992256107055,EXP_CatBoostModel_Alpha158_csi300_custom_step0_s_20260825_15,f51509b4deb64aca9860afc33224c954,0.097,,,
2248,2026-08-25,SH600585,0.007527297213780867,EXP_CatBoostModel_Alpha158_csi300_custom_step0_s_20260825_15,f51509b4deb64aca9860afc33224c954,0.097,,,
2249,2026-08-25,SH600588,0.05337093989524989,EXP_CatBoostModel_Alpha158_csi300_custom_step0_s_20260825_15,f51509b4deb64aca9860afc33224c954,0.097,,,
2250,2026-08-25,SH600600,-0.009296036156557717,EXP_CatBoostModel_Alpha158_csi300_custom_step0_s_20260825_15,f51509b4deb64aca9860afc33224c954,0.097,,,
2251,2026-08-25,SH600660,-0.007819445683974524,EXP_CatBoostModel_Alpha158_csi300_custom_step0_s_20260825_15,f51509b4deb64aca9860afc33224c954,0.097,,,
2252,2026-08-25,SH600674,0.012049040839785287,EXP_CatBoostModel_Alpha158_csi300_custom_step0_s_20260825_15,f51509b4deb64aca9860afc33224c954,0.097,,,
2253,2026-08-25,SH600918,0.008875559129647185,EXP_CatBoostModel_Alpha158_csi300_custom_step0_s_20260825_15,f51509b4deb64aca9860afc33224c954,0.097,,,
2254,2026-08-25,SH600690,0.005000648261608174,EXP_CatBoostModel_Alpha158_csi300_custom_step0_s_20260825_15,f51509b4deb64aca9860afc33224c954,0.097,,,
2255,2026-08-25,SH600760,0.01311069080906777,EXP_CatBoostModel_Alpha158_csi300_custom_step0_s_20260825_15,f51509b4deb64aca9860afc33224c954,0.097,,,
2256,2026-08-25,SH600795,0.010070743477023192,EXP_CatBoostModel_Alpha158_csi300_custom_step0_s_20260825_15,f51509b4deb64aca9860afc33224c954,0.097,,,
2257,2026-08-25,SH600803,0.013899234373978112,EXP_CatBoostModel_Alpha158_csi300_custom_step0_s_20260825_15,f51509b4deb64aca9860afc33224c954,0.097,,,
2258,2026-08-25,SH600809,-0.007136714198101747,EXP_CatBoostModel_Alpha158_csi300_custom_step0_s_20260825_15,f51509b4deb64aca9860afc33224c954,0.097,,,
2259,2026-08-25,SH600845,-0.010251305195990225,EXP_CatBoostModel_Alpha158_csi300_custom_step0_s_20260825_15,f51509b4deb64aca9860afc33224c954,0.097,,,
2260,2026-08-25,SH600875,-0.00890027709959803,EXP_CatBoostModel_Alpha158_csi300_custom_step0_s_20260825_15,f51509b4deb64aca9860afc33224c954,0.097,,,
2261,2026-08-25,SH600886,0.010402281236644939,EXP_CatBoostModel_Alpha158_csi300_custom_step0_s_20260825_15,f51509b4deb64aca9860afc33224c954,0.097,,,
2262,2026-08-25,SH600887,0.005688287260003217,EXP_CatBoostModel_Alpha158_csi300_custom_step0_s_20260825_15,f51509b4deb64aca9860afc33224c954,0.097,,,
2263,2026-08-25,SH600893,8.228576057205659e-05,EXP_CatBoostModel_Alpha158_csi300_custom_step0_s_20260825_15,f51509b4deb64aca9860afc33224c954,0.097,,,
2264,2026-08-25,SH600900,0.008292769125666784,EXP_CatBoostModel_Alpha158_csi300_custom_step0_s_20260825_15,f51509b4deb64aca9860afc33224c954,0.097,,,
2265,2026-08-25,SH600741,0.0026718163317747596,EXP_CatBoostModel_Alpha158_csi300_custom_step0_s_20260825_15,f51509b4deb64aca9860afc33224c954,0.097,,,
2266,2026-08-25,SZ000625,-0.004477403858773425,EXP_CatBoostModel_Alpha158_csi300_custom_step0_s_20260825_15,f51509b4deb64aca9860afc33224c954,0.097,,,
2267,2026-08-25,SZ000630,-0.006254376497372068,EXP_CatBoostModel_Alpha158_csi300_custom_step0_s_20260825_15,f51509b4deb64aca9860afc33224c954,0.097,,,
2268,2026-08-25,SZ000651,0.003192658587811487,EXP_CatBoostModel_Alpha158_csi300_custom_step0_s_20260825_15,f51509b4deb64aca9860afc33224c954,0.097,,,
2269,2026-08-25,SH600276,-1.4592093614782433e-10,EXP_LGBModel_Alpha158_csi300_custom_step0_s_20260825_15,fda95cd6516a4cc985c6ee1a293359fd,0.093,,,
2270,2026-08-25,SH600309,0.0018601605295152407,EXP_LGBModel_Alpha158_csi300_custom_step0_s_20260825_15,fda95cd6516a4cc985c6ee1a293359fd,0.093,,,
2271,2026-08-25,SH600346,0.0023613240833469436,EXP_LGBModel_Alpha158_csi300_custom_step0_s_20260825_15,fda95cd6516a4cc985c6ee1a293359fd,0.093,,,
2272,2026-08-25,SH600362,-0.0029575619570055985,EXP_LGBModel_Alpha158_csi300_custom_step0_s_20260825_15,fda95cd6516a4cc985c6ee1a293359fd,0.093,,,
2273,2026-08-25,SH600372,-1.4592093614782433e-10,EXP_LGBModel_Alpha158_csi300_custom_step0_s_20260825_15,fda95cd6516a4cc985c6ee1a293359fd,0.093,,,
2274,2026-08-25,SH600406,-1.4592093614782433e-10,EXP_LGBModel_Alpha158_csi300_custom_step0_s_20260825_15,fda95cd6516a4cc985c6ee1a293359fd,0.093,,,
2275,2026-08-25,SH600415,-0.003085007021674949,EXP_LGBModel_Alpha158_csi300_custom_step0_s_20260825_15,fda95cd6516a4cc985c6ee1a293359fd,0.093,,,
2276,2026-08-25,SH600426,-0.0029575619570055985,EXP_LGBModel_Alpha158_csi300_custom_step0_s_20260825_15,fda95cd6516a4cc985c6ee1a293359fd,0.093,,,
2277,2026-08-25,SH600436,-0.0017429475931204797,EXP_LGBModel_Alpha158_csi300_custom_step0_s_20260825_15,fda95cd6516a4cc985c6ee1a293359fd,0.093,,,
2278,2026-08-25,SH600438,-1.4592093614782433e-10,EXP_LGBModel_Alpha158_csi300_custom_step0_s_20260825_15,fda95cd6516a4cc985c6ee1a293359fd,0.093,,,
2279,2026-08-25,SH600460,-0.0017429475931204797,EXP_LGBModel_Alpha158_csi300_custom_step0_s_20260825_15,fda95cd6516a4cc985c6ee1a293359fd,0.093,,,
2280,2026-08-25,SH600482,-0.003085007021674949,EXP_LGBModel_Alpha158_csi300_custom_step0_s_20260825_15,fda95cd6516a4cc985c6ee1a293359fd,0.093,,,
2281,2026-08-25,SH600489,-0.003085007021674949,EXP_LGBModel_Alpha158_csi300_custom_step0_s_20260825_15,fda95cd6516a4cc985c6ee1a293359fd,0.093,,,
2282,2026-08-25,SH600515,-1.4592093614782433e-10,EXP_LGBModel_Alpha158_csi300_custom_step0_s_20260825_15,fda95cd6516a4cc985c6ee1a293359fd,0.093,,,
2283,2026-08-25,SH600519,-0.003085007021674949,EXP_LGBModel_Alpha158_csi300_custom_step0_s_20260825_15,fda95cd6516a4cc985c6ee1a293359fd,0.093,,,
2284,2026-08-25,SH600522,-0.0017429475931204797,EXP_LGBModel_Alpha158_csi300_custom_step0_s_20260825_15,fda95cd6516a4cc985c6ee1a293359fd,0.093,,,
2285,2026-08-25,SH600547,-0.003085007021674949,EXP_LGBModel_Alpha158_csi300_custom_step0_s_20260825_15,fda95cd6516a4cc985c6ee1a293359fd,0.093,,,
2286,2026-08-25,SH600549,-1.4592093614782433e-10,EXP_LGBModel_Alpha158_csi300_custom_step0_s_20260825_15,fda95cd6516a4cc985c6ee1a293359fd,0.093,,,
2287,2026-08-25,SH600570,-0.003085007021674949,EXP_LGBModel_Alpha158_csi300_custom_step0_s_20260825_15,fda95cd6516a4cc985c6ee1a293359fd,0.093,,,
2288,2026-08-25,SH600584,0.0011786333823873977,EXP_LGBModel_Alpha158_csi300_custom_step0_s_20260825_15,fda95cd6516a4cc985c6ee1a293359fd,0.093,,,
2289,2026-08-25,SH600585,0.0028605123067787183,EXP_LGBModel_Alpha158_csi300_custom_step0_s_20260825_15,fda95cd6516a4cc985c6ee1a293359fd,0.093,,,
2290,2026-08-25,SH600233,-0.0006406013374676855,EXP_LGBModel_Alpha158_csi300_custom_step0_s_20260825_15,fda95cd6516a4cc985c6ee1a293359fd,0.093,,,
2291,2026-08-25,SH600221,-1.4592093614782433e-10,EXP_LGBModel_Alpha158_csi300_custom_step0_s_20260825_15,fda95cd6516a4cc985c6ee1a293359fd,0.093,,,
2292,2026-08-25,SH600219,-1.4592093614782433e-10,EXP_LGBModel_Alpha158_csi300_custom_step0_s_20260825_15,fda95cd6516a4cc985c6ee1a293359fd,0.093,,,
2293,2026-08-25,SH600196,-1.4592093614782433e-10,EXP_LGBModel_Alpha158_csi300_custom_step0_s_20260825_15,fda95cd6516a4cc985c6ee1a293359fd,0.093,,,
2294,2026-08-25,SH600027,-1.4592093614782433e-10,EXP_LGBModel_Alpha158_csi300_custom_step0_s_20260825_15,fda95cd6516a4cc985c6ee1a293359fd,0.093,,,
2295,2026-08-25,SH600028,0.0028605123067787183,EXP_LGBModel_Alpha158_csi300_custom_step0_s_20260825_15,fda95cd6516a4cc985c6ee1a293359fd,0.093,,,
2296,2026-08-25,SH600029,0.0028605123067787183,EXP_LGBModel_Alpha158_csi300_custom_step0_s_20260825_15,fda95cd6516a4cc985c6ee1a293359fd,0.093,,,
2297,2026-08-25,SH600030,0.0028605123067787183,EXP_LGBModel_Alpha158_csi300_custom_step0_s_20260825_15,fda95cd6516a4cc985c6ee1a293359fd,0.093,,,
2298,2026-08-25,SH600031,-0.003085007021674949,EXP_LGBModel_Alpha158_csi300_custom_step0_s_20260825_15,fda95cd6516a4cc985c6ee1a293359fd,0.093,,,
2299,2026-08-25,SH600036,0.0028605123067787183,EXP_LGBModel_Alpha158_csi300_custom_step0_s_20260825_15,fda95cd6516a4cc985c6ee1a293359fd,0.093,,,
2300,2026-08-25,SH600039,-0.003085007021674949,EXP_LGBModel_Alpha158_csi300_custom_step0_s_20260825_15,fda95cd6516a4cc985c6ee1a293359fd,0.093,,,
2301,2026-08-25,SH600048,-1.4592093614782433e-10,EXP_LGBModel_Alpha158_csi300_custom_step0_s_20260825_15,fda95cd6516a4cc985c6ee1a293359fd,0.093,,,
2302,2026-08-25,SH600050,0.0028605123067787183,EXP_LGBModel_Alpha158_csi300_custom_step0_s_20260825_15,fda95cd6516a4cc985c6ee1a293359fd,0.093,,,
2303,2026-08-25,SH600061,0.0028605123067787183,EXP_LGBModel_Alpha158_csi300_custom_step0_s_20260825_15,fda95cd6516a4cc985c6ee1a293359fd,0.093,,,
2304,2026-08-25,SH600588,-1.4592093614782433e-10,EXP_LGBModel_Alpha158_csi300_custom_step0_s_20260825_15,fda95cd6516a4cc985c6ee1a293359fd,0.093,,,
2305,2026-08-25,SH600066,0.0011591605876736953,EXP_LGBModel_Alpha158_csi300_custom_step0_s_20260825_15,fda95cd6516a4cc985c6ee1a293359fd,0.093,,,
2306,2026-08-25,SH600089,0.0011786333823873977,EXP_LGBModel_Alpha158_csi300_custom_step0_s_20260825_15,fda95cd6516a4cc985c6ee1a293359fd,0.093,,,
2307,2026-08-25,SH600104,-0.003085007021674949,EXP_LGBModel_Alpha158_csi300_custom_step0_s_20260825_15,fda95cd6516a4cc985c6ee1a293359fd,0.093,,,
2308,2026-08-25,SH600111,-1.4592093614782433e-10,EXP_LGBModel_Alpha158_csi300_custom_step0_s_20260825_15,fda95cd6516a4cc985c6ee1a293359fd,0.093,,,
2309,2026-08-25,SH600115,-0.0017429475931204797,EXP_LGBModel_Alpha158_csi300_custom_step0_s_20260825_15,fda95cd6516a4cc985c6ee1a293359fd,0.093,,,
2310,2026-08-25,SH600118,0.0005689426259620173,EXP_LGBModel_Alpha158_csi300_custom_step0_s_20260825_15,fda95cd6516a4cc985c6ee1a293359fd,0.093,,,
2311,2026-08-25,SH600150,-1.4592093614782433e-10,EXP_LGBModel_Alpha158_csi300_custom_step0_s_20260825_15,fda95cd6516a4cc985c6ee1a293359fd,0.093,,,
2312,2026-08-25,SH600160,0.0011786333823873977,EXP_LGBModel_Alpha158_csi300_custom_step0_s_20260825_15,fda95cd6516a4cc985c6ee1a293359fd,0.093,,,
2313,2026-08-25,SH600176,-1.4592093614782433e-10,EXP_LGBModel_Alpha158_csi300_custom_step0_s_20260825_15,fda95cd6516a4cc985c6ee1a293359fd,0.093,,,
2314,2026-08-25,SH600183,-0.00030229030561542493,EXP_LGBModel_Alpha158_csi300_custom_step0_s_20260825_15,fda95cd6516a4cc985c6ee1a293359fd,0.093,,,
2315,2026-08-25,SH600188,-0.0017429475931204797,EXP_LGBModel_Alpha158_csi300_custom_step0_s_20260825_15,fda95cd6516a4cc985c6ee1a293359fd,0.093,,,
2316,2026-08-25,SH600085,-0.0017429475931204797,EXP_LGBModel_Alpha158_csi300_custom_step0_s_20260825_15,fda95cd6516a4cc985c6ee1a293359fd,0.093,,,
2317,2026-08-25,SH600600,0.0011591605876736953,EXP_LGBModel_Alpha158_csi300_custom_step0_s_20260825_15,fda95cd6516a4cc985c6ee1a293359fd,0.093,,,
2318,2026-08-25,SH600660,-0.003085007021674949,EXP_LGBModel_Alpha158_csi300_custom_step0_s_20260825_15,fda95cd6516a4cc985c6ee1a293359fd,0.093,,,
2319,2026-08-25,SH600674,0.0028605123067787183,EXP_LGBModel_Alpha158_csi300_custom_step0_s_20260825_15,fda95cd6516a4cc985c6ee1a293359fd,0.093,,,
2320,2026-08-25,SH601021,-1.4592093614782433e-10,EXP_LGBModel_Alpha158_csi300_custom_step0_s_20260825_15,fda95cd6516a4cc985c6ee1a293359fd,0.093,,,
2321,2026-08-25,SH601058,0.0028605123067787183,EXP_LGBModel_Alpha158_csi300_custom_step0_s_20260825_15,fda95cd6516a4cc985c6ee1a293359fd,0.093,,,
2322,2026-08-25,SH601059,0.0028605123067787183,EXP_LGBModel_Alpha158_csi300_custom_step0_s_20260825_15,fda95cd6516a4cc985c6ee1a293359fd,0.093,,,
2323,2026-08-25,SH601066,-1.4592093614782433e-10,EXP_LGBModel_Alpha158_csi300_custom_step0_s_20260825_15,fda95cd6516a4cc985c6ee1a293359fd,0.093,,,
2324,2026-08-25,SH601077,0.0028605123067787183,EXP_LGBModel_Alpha158_csi300_custom_step0_s_20260825_15,fda95cd6516a4cc985c6ee1a293359fd,0.093,,,
2325,2026-08-25,SH601088,-0.003085007021674949,EXP_LGBModel_Alpha158_csi300_custom_step0_s_20260825_15,fda95cd6516a4cc985c6ee1a293359fd,0.093,,,
2326,2026-08-25,SH601100,0.0011786333823873977,EXP_LGBModel_Alpha158_csi300_custom_step0_s_20260825_15,fda95cd6516a4cc985c6ee1a293359fd,0.093,,,
2327,2026-08-25,SH601111,0.0028605123067787183,EXP_LGBModel_Alpha158_csi300_custom_step0_s_20260825_15,fda95cd6516a4cc985c6ee1a293359fd,0.093,,,
2328,2026-08-25,SH601117,0.0028605123067787183,EXP_LGBModel_Alpha158_csi300_custom_step0_s_20260825_15,fda95cd6516a4cc985c6ee1a293359fd,0.093,,,
2329,2026-08-25,SH601127,-0.00030229030561542493,EXP_LGBModel_Alpha158_csi300_custom_step0_s_20260825_15,fda95cd6516a4cc985c6ee1a293359fd,0.093,,,
2330,2026-08-25,SH601018,0.0028605123067787183,EXP_LGBModel_Alpha158_csi300_custom_step0_s_20260825_15,fda95cd6516a4cc985c6ee1a293359fd,0.093,,,
2331,2026-08-25,SH601136,-1.4592093614782433e-10,EXP_LGBModel_Alpha158_csi300_custom_step0_s_20260825_15,fda95cd6516a4cc985c6ee1a293359fd,0.093,,,
2332,2026-08-25,SH601166,0.0028605123067787183,EXP_LGBModel_Alpha158_csi300_custom_step0_s_20260825_15,fda95cd6516a4cc985c6ee1a293359fd,0.093,,,
2333,2026-08-25,SH601169,0.0028605123067787183,EXP_LGBModel_Alpha158_csi300_custom_step0_s_20260825_15,fda95cd6516a4cc985c6ee1a293359fd,0.093,,,
2334,2026-08-25,SH601186,0.0028605123067787183,EXP_LGBModel_Alpha158_csi300_custom_step0_s_20260825_15,fda95cd6516a4cc985c6ee1a293359fd,0.093,,,
2335,2026-08-25,SH601211,-0.0029575619570055985,EXP_LGBModel_Alpha158_csi300_custom_step0_s_20260825_15,fda95cd6516a4cc985c6ee1a293359fd,0.093,,,
2336,2026-08-25,SH601225,-0.003085007021674949,EXP_LGBModel_Alpha158_csi300_custom_step0_s_20260825_15,fda95cd6516a4cc985c6ee1a293359fd,0.093,,,
2337,2026-08-25,SH601229,0.0018601605295152407,EXP_LGBModel_Alpha158_csi300_custom_step0_s_20260825_15,fda95cd6516a4cc985c6ee1a293359fd,0.093,,,
2338,2026-08-25,SH601238,-0.003085007021674949,EXP_LGBModel_Alpha158_csi300_custom_step0_s_20260825_15,fda95cd6516a4cc985c6ee1a293359fd,0.093,,,
2339,2026-08-25,SH601288,0.0018601605295152407,EXP_LGBModel_Alpha158_csi300_custom_step0_s_20260825_15,fda95cd6516a4cc985c6ee1a293359fd,0.093,,,
2340,2026-08-25,SH601318,0.0018601605295152407,EXP_LGBModel_Alpha158_csi300_custom_step0_s_20260825_15,fda95cd6516a4cc985c6ee1a293359fd,0.093,,,
2341,2026-08-25,SH601319,0.0018601605295152407,EXP_LGBModel_Alpha158_csi300_custom_step0_s_20260825_15,fda95cd6516a4cc985c6ee1a293359fd,0.093,,,
2342,2026-08-25,SH601138,-0.0006406013374676855,EXP_LGBModel_Alpha158_csi300_custom_step0_s_20260825_15,fda95cd6516a4cc985c6ee1a293359fd,0.093,,,
2343,2026-08-25,SH600026,-0.003085007021674949,EXP_LGBModel_Alpha158_csi300_custom_step0_s_20260825_15,fda95cd6516a4cc985c6ee1a293359fd,0.093,,,
2344,2026-08-25,SH601012,-1.4592093614782433e-10,EXP_LGBModel_Alpha158_csi300_custom_step0_s_20260825_15,fda95cd6516a4cc985c6ee1a293359fd,0.093,,,
2345,2026-08-25,SH601006,0.0028605123067787183,EXP_LGBModel_Alpha158_csi300_custom_step0_s_20260825_15,fda95cd6516a4cc985c6ee1a293359fd,0.093,,,
2346,2026-08-25,SH600690,-0.003085007021674949,EXP_LGBModel_Alpha158_csi300_custom_step0_s_20260825_15,fda95cd6516a4cc985c6ee1a293359fd,0.093,,,
2347,2026-08-25,SH600741,-1.4592093614782433e-10,EXP_LGBModel_Alpha158_csi300_custom_step0_s_20260825_15,fda95cd6516a4cc985c6ee1a293359fd,0.093,,,
2348,2026-08-25,SH600760,0.0018601605295152407,EXP_LGBModel_Alpha158_csi300_custom_step0_s_20260825_15,fda95cd6516a4cc985c6ee1a293359fd,0.093,,,
2349,2026-08-25,SH600795,0.0018601605295152407,EXP_LGBModel_Alpha158_csi300_custom_step0_s_20260825_15,fda95cd6516a4cc985c6ee1a293359fd,0.093,,,
2350,2026-08-25,SH600803,-0.003085007021674949,EXP_LGBModel_Alpha158_csi300_custom_step0_s_20260825_15,fda95cd6516a4cc985c6ee1a293359fd,0.093,,,
2351,2026-08-25,SH600809,-1.4592093614782433e-10,EXP_LGBModel_Alpha158_csi300_custom_step0_s_20260825_15,fda95cd6516a4cc985c6ee1a293359fd,0.093,,,
2352,2026-08-25,SH600845,-0.00030229030561542493,EXP_LGBModel_Alpha158_csi300_custom_step0_s_20260825_15,fda95cd6516a4cc985c6ee1a293359fd,0.093,,,
2353,2026-08-25,SH600875,-0.003085007021674949,EXP_LGBModel_Alpha158_csi300_custom_step0_s_20260825_15,fda95cd6516a4cc985c6ee1a293359fd,0.093,,,
2354,2026-08-25,SH600886,-0.003085007021674949,EXP_LGBModel_Alpha158_csi300_custom_step0_s_20260825_15,fda95cd6516a4cc985c6ee1a293359fd,0.093,,,
2355,2026-08-25,SH600887,0.0018601605295152407,EXP_LGBModel_Alpha158_csi300_custom_step0_s_20260825_15,fda95cd6516a4cc985c6ee1a293359fd,0.093,,,
2356,2026-08-25,SH601009,0.0028605123067787183,EXP_LGBModel_Alpha158_csi300_custom_step0_s_20260825_15,fda95cd6516a4cc985c6ee1a293359fd,0.093,,,
2357,2026-08-25,SH600893,-0.003085007021674949,EXP_LGBModel_Alpha158_csi300_custom_step0_s_20260825_15,fda95cd6516a4cc985c6ee1a293359fd,0.093,,,
2358,2026-08-25,SH600905,0.0028605123067787183,EXP_LGBModel_Alpha158_csi300_custom_step0_s_20260825_15,fda95cd6516a4cc985c6ee1a293359fd,0.093,,,
2359,2026-08-25,SH600918,0.0028605123067787183,EXP_LGBModel_Alpha158_csi300_custom_step0_s_20260825_15,fda95cd6516a4cc985c6ee1a293359fd,0.093,,,
2360,2026-08-25,SH600919,0.0028605123067787183,EXP_LGBModel_Alpha158_csi300_custom_step0_s_20260825_15,fda95cd6516a4cc985c6ee1a293359fd,0.093,,,
2361,2026-08-25,SH600926,0.0018601605295152407,EXP_LGBModel_Alpha158_csi300_custom_step0_s_20260825_15,fda95cd6516a4cc985c6ee1a293359fd,0.093,,,
2362,2026-08-25,SH600930,-1.4592093614782433e-10,EXP_LGBModel_Alpha158_csi300_custom_step0_s_20260825_15,fda95cd6516a4cc985c6ee1a293359fd,0.093,,,
2363,2026-08-25,SH600938,-0.003085007021674949,EXP_LGBModel_Alpha158_csi300_custom_step0_s_20260825_15,fda95cd6516a4cc985c6ee1a293359fd,0.093,,,
2364,2026-08-25,SH600941,0.0028605123067787183,EXP_LGBModel_Alpha158_csi300_custom_step0_s_20260825_15,fda95cd6516a4cc985c6ee1a293359fd,0.093,,,
2365,2026-08-25,SH600958,0.0028605123067787183,EXP_LGBModel_Alpha158_csi300_custom_step0_s_20260825_15,fda95cd6516a4cc985c6ee1a293359fd,0.093,,,
2366,2026-08-25,SH600989,-0.0029575619570055985,EXP_LGBModel_Alpha158_csi300_custom_step0_s_20260825_15,fda95cd6516a4cc985c6ee1a293359fd,0.093,,,
2367,2026-08-25,SH600999,-1.4592093614782433e-10,EXP_LGBModel_Alpha158_csi300_custom_step0_s_20260825_15,fda95cd6516a4cc985c6ee1a293359fd,0.093,,,
2368,2026-08-25,SH600900,0.0028605123067787183,EXP_LGBModel_Alpha158_csi300_custom_step0_s_20260825_15,fda95cd6516a4cc985c6ee1a293359fd,0.093,,,
2369,2026-08-25,SH600025,0.0028605123067787183,EXP_LGBModel_Alpha158_csi300_custom_step0_s_20260825_15,fda95cd6516a4cc985c6ee1a293359fd,0.093,,,
2370,2026-08-25,SH600023,0.0028605123067787183,EXP_LGBModel_Alpha158_csi300_custom_step0_s_20260825_15,fda95cd6516a4cc985c6ee1a293359fd,0.093,,,
2371,2026-08-25,SH600019,0.0018601605295152407,EXP_LGBModel_Alpha158_csi300_custom_step0_s_20260825_15,fda95cd6516a4cc985c6ee1a293359fd,0.093,,,
2372,2026-08-25,SZ002179,-0.005736759097046153,EXP_CatBoostModel_Alpha158_csi300_custom_step0_s_20260825_15,f51509b4deb64aca9860afc33224c954,0.097,,,
2373,2026-08-25,SZ002202,0.014630790775689746,EXP_CatBoostModel_Alpha158_csi300_custom_step0_s_20260825_15,f51509b4deb64aca9860afc33224c954,0.097,,,
2374,2026-08-25,SZ002230,-0.005632960682093154,EXP_CatBoostModel_Alpha158_csi300_custom_step0_s_20260825_15,f51509b4deb64aca9860afc33224c954,0.097,,,
2375,2026-08-25,SZ002236,0.00685952947014944,EXP_CatBoostModel_Alpha158_csi300_custom_step0_s_20260825_15,f51509b4deb64aca9860afc33224c954,0.097,,,
2376,2026-08-25,SZ002241,-0.011276492443393234,EXP_CatBoostModel_Alpha158_csi300_custom_step0_s_20260825_15,f51509b4deb64aca9860afc33224c954,0.097,,,
2377,2026-08-25,SZ002304,-0.005947246077589032,EXP_CatBoostModel_Alpha158_csi300_custom_step0_s_20260825_15,f51509b4deb64aca9860afc33224c954,0.097,,,
2378,2026-08-25,SZ002311,0.0054239137821590466,EXP_CatBoostModel_Alpha158_csi300_custom_step0_s_20260825_15,f51509b4deb64aca9860afc33224c954,0.097,,,
2379,2026-08-25,SZ002352,0.0037672309198831942,EXP_CatBoostModel_Alpha158_csi300_custom_step0_s_20260825_15,f51509b4deb64aca9860afc33224c954,0.097,,,
2380,2026-08-25,SZ002353,0.013626324156458125,EXP_CatBoostModel_Alpha158_csi300_custom_step0_s_20260825_15,f51509b4deb64aca9860afc33224c954,0.097,,,
2381,2026-08-25,SZ002371,-0.005158321698624879,EXP_CatBoostModel_Alpha158_csi300_custom_step0_s_20260825_15,f51509b4deb64aca9860afc33224c954,0.097,,,
2382,2026-08-25,SZ002142,-0.0025928689339249494,EXP_CatBoostModel_Alpha158_csi300_custom_step0_s_20260825_15,f51509b4deb64aca9860afc33224c954,0.097,,,
2383,2026-08-25,SZ002384,0.05158879071819933,EXP_CatBoostModel_Alpha158_csi300_custom_step0_s_20260825_15,f51509b4deb64aca9860afc33224c954,0.097,,,
2384,2026-08-25,SZ002422,-0.009248886212902612,EXP_CatBoostModel_Alpha158_csi300_custom_step0_s_20260825_15,f51509b4deb64aca9860afc33224c954,0.097,,,
2385,2026-08-25,SZ002460,-0.009521692914876943,EXP_CatBoostModel_Alpha158_csi300_custom_step0_s_20260825_15,f51509b4deb64aca9860afc33224c954,0.097,,,
2386,2026-08-25,SZ002463,-0.006983988778485349,EXP_CatBoostModel_Alpha158_csi300_custom_step0_s_20260825_15,f51509b4deb64aca9860afc33224c954,0.097,,,
2387,2026-08-25,SZ002466,-0.009521692914876943,EXP_CatBoostModel_Alpha158_csi300_custom_step0_s_20260825_15,f51509b4deb64aca9860afc33224c954,0.097,,,
2388,2026-08-25,SZ002475,-0.009952159896453743,EXP_CatBoostModel_Alpha158_csi300_custom_step0_s_20260825_15,f51509b4deb64aca9860afc33224c954,0.097,,,
2389,2026-08-25,SZ002493,-0.00546836871446597,EXP_CatBoostModel_Alpha158_csi300_custom_step0_s_20260825_15,f51509b4deb64aca9860afc33224c954,0.097,,,
2390,2026-08-25,SZ002532,-0.006662075214633472,EXP_CatBoostModel_Alpha158_csi300_custom_step0_s_20260825_15,f51509b4deb64aca9860afc33224c954,0.097,,,
2391,2026-08-25,SZ002558,-0.007136714198101747,EXP_CatBoostModel_Alpha158_csi300_custom_step0_s_20260825_15,f51509b4deb64aca9860afc33224c954,0.097,,,
2392,2026-08-25,SZ002594,0.0023611996512359515,EXP_CatBoostModel_Alpha158_csi300_custom_step0_s_20260825_15,f51509b4deb64aca9860afc33224c954,0.097,,,
2393,2026-08-25,SZ002600,-0.008487742294493943,EXP_CatBoostModel_Alpha158_csi300_custom_step0_s_20260825_15,f51509b4deb64aca9860afc33224c954,0.097,,,
2394,2026-08-25,SZ002415,-0.0011897231835495136,EXP_CatBoostModel_Alpha158_csi300_custom_step0_s_20260825_15,f51509b4deb64aca9860afc33224c954,0.097,,,
2395,2026-08-25,SZ002602,-0.004546535768315537,EXP_CatBoostModel_Alpha158_csi300_custom_step0_s_20260825_15,f51509b4deb64aca9860afc33224c954,0.097,,,
2396,2026-08-25,SZ002074,-0.004519143779418576,EXP_CatBoostModel_Alpha158_csi300_custom_step0_s_20260825_15,f51509b4deb64aca9860afc33224c954,0.097,,,
2397,2026-08-25,SZ002049,-0.007298274173981227,EXP_CatBoostModel_Alpha158_csi300_custom_step0_s_20260825_15,f51509b4deb64aca9860afc33224c954,0.097,,,
2398,2026-08-25,SZ000657,0.05634292792344568,EXP_CatBoostModel_Alpha158_csi300_custom_step0_s_20260825_15,f51509b4deb64aca9860afc33224c954,0.097,,,
2399,2026-08-25,SZ000708,0.0037672309198831942,EXP_CatBoostModel_Alpha158_csi300_custom_step0_s_20260825_15,f51509b4deb64aca9860afc33224c954,0.097,,,
2400,2026-08-25,SZ000725,-0.010829742594411499,EXP_CatBoostModel_Alpha158_csi300_custom_step0_s_20260825_15,f51509b4deb64aca9860afc33224c954,0.097,,,
2401,2026-08-25,SZ000768,-0.0012434332888990732,EXP_CatBoostModel_Alpha158_csi300_custom_step0_s_20260825_15,f51509b4deb64aca9860afc33224c954,0.097,,,
2402,2026-08-25,SZ000776,-0.0027998878407256922,EXP_CatBoostModel_Alpha158_csi300_custom_step0_s_20260825_15,f51509b4deb64aca9860afc33224c954,0.097,,,
2403,2026-08-25,SZ000792,-0.0012953046890573558,EXP_CatBoostModel_Alpha158_csi300_custom_step0_s_20260825_15,f51509b4deb64aca9860afc33224c954,0.097,,,
2404,2026-08-25,SZ000807,-0.005158321698624879,EXP_CatBoostModel_Alpha158_csi300_custom_step0_s_20260825_15,f51509b4deb64aca9860afc33224c954,0.097,,,
2405,2026-08-25,SZ000858,-0.007136714198101747,EXP_CatBoostModel_Alpha158_csi300_custom_step0_s_20260825_15,f51509b4deb64aca9860afc33224c954,0.097,,,
2406,2026-08-25,SZ000895,0.00794913854692103,EXP_CatBoostModel_Alpha158_csi300_custom_step0_s_20260825_15,f51509b4deb64aca9860afc33224c954,0.097,,,
2407,2026-08-25,SZ000938,-0.012516202630407485,EXP_CatBoostModel_Alpha158_csi300_custom_step0_s_20260825_15,f51509b4deb64aca9860afc33224c954,0.097,,,
2408,2026-08-25,SZ002050,-0.007136714198101747,EXP_CatBoostModel_Alpha158_csi300_custom_step0_s_20260825_15,f51509b4deb64aca9860afc33224c954,0.097,,,
2409,2026-08-25,SZ000963,-0.009478714498019304,EXP_CatBoostModel_Alpha158_csi300_custom_step0_s_20260825_15,f51509b4deb64aca9860afc33224c954,0.097,,,
2410,2026-08-25,SZ000977,-0.010752639728911204,EXP_CatBoostModel_Alpha158_csi300_custom_step0_s_20260825_15,f51509b4deb64aca9860afc33224c954,0.097,,,
2411,2026-08-25,SZ000988,-0.0006067876772803172,EXP_CatBoostModel_Alpha158_csi300_custom_step0_s_20260825_15,f51509b4deb64aca9860afc33224c954,0.097,,,
2412,2026-08-25,SZ000999,-0.0019453311699311128,EXP_CatBoostModel_Alpha158_csi300_custom_step0_s_20260825_15,f51509b4deb64aca9860afc33224c954,0.097,,,
2413,2026-08-25,SZ001280,-0.005798839227278214,EXP_CatBoostModel_Alpha158_csi300_custom_step0_s_20260825_15,f51509b4deb64aca9860afc33224c954,0.097,,,
2414,2026-08-25,SZ001391,-0.0011897231835495136,EXP_CatBoostModel_Alpha158_csi300_custom_step0_s_20260825_15,f51509b4deb64aca9860afc33224c954,0.097,,,
2415,2026-08-25,SZ001965,-0.004396369157475405,EXP_CatBoostModel_Alpha158_csi300_custom_step0_s_20260825_15,f51509b4deb64aca9860afc33224c954,0.097,,,
2416,2026-08-25,SZ001979,-0.00801793939886835,EXP_CatBoostModel_Alpha158_csi300_custom_step0_s_20260825_15,f51509b4deb64aca9860afc33224c954,0.097,,,
2417,2026-08-25,SZ002001,-0.004385731000653958,EXP_CatBoostModel_Alpha158_csi300_custom_step0_s_20260825_15,f51509b4deb64aca9860afc33224c954,0.097,,,
2418,2026-08-25,SZ002027,-0.0026178254817199697,EXP_CatBoostModel_Alpha158_csi300_custom_step0_s_20260825_15,f51509b4deb64aca9860afc33224c954,0.097,,,
2419,2026-08-25,SZ002028,-0.009521692914876943,EXP_CatBoostModel_Alpha158_csi300_custom_step0_s_20260825_15,f51509b4deb64aca9860afc33224c954,0.097,,,
2420,2026-08-25,SZ000975,-0.005383725882029842,EXP_CatBoostModel_Alpha158_csi300_custom_step0_s_20260825_15,f51509b4deb64aca9860afc33224c954,0.097,,,
2421,2026-08-25,SZ001280,2.7975755094505154e-10,EXP_LGBModel_Alpha158_csi300_custom_step0_s_20260825_15,a68443ccbc4a42998cfb0a5a39eba0dd,0.062,,,
2422,2026-08-25,SZ002625,-0.008926972649050733,EXP_CatBoostModel_Alpha158_csi300_custom_step0_s_20260825_15,f51509b4deb64aca9860afc33224c954,0.097,,,
2423,2026-08-25,SZ002709,-0.00797496098201071,EXP_CatBoostModel_Alpha158_csi300_custom_step0_s_20260825_15,f51509b4deb64aca9860afc33224c954,0.097,,,
2424,2026-08-25,SZ300502,0.015698100884264928,EXP_CatBoostModel_Alpha158_csi300_custom_step0_s_20260825_15,f51509b4deb64aca9860afc33224c954,0.097,,,
2425,2026-08-25,SZ300628,-0.007776756014388122,EXP_CatBoostModel_Alpha158_csi300_custom_step0_s_20260825_15,f51509b4deb64aca9860afc33224c954,0.097,,,
2426,2026-08-25,SZ300661,-0.007897858116510415,EXP_CatBoostModel_Alpha158_csi300_custom_step0_s_20260825_15,f51509b4deb64aca9860afc33224c954,0.097,,,
2427,2026-08-25,SZ300750,-0.005955981791756572,EXP_CatBoostModel_Alpha158_csi300_custom_step0_s_20260825_15,f51509b4deb64aca9860afc33224c954,0.097,,,
2428,2026-08-25,SZ300760,6.294614799500918e-05,EXP_CatBoostModel_Alpha158_csi300_custom_step0_s_20260825_15,f51509b4deb64aca9860afc33224c954,0.097,,,
2429,2026-08-25,SZ300803,-0.00890027709959803,EXP_CatBoostModel_Alpha158_csi300_custom_step0_s_20260825_15,f51509b4deb64aca9860afc33224c954,0.097,,,
2430,2026-08-25,SZ300832,-0.007574312109345775,EXP_CatBoostModel_Alpha158_csi300_custom_step0_s_20260825_15,f51509b4deb64aca9860afc33224c954,0.097,,,
2431,2026-08-25,SZ300866,-0.0036997316691509343,EXP_CatBoostModel_Alpha158_csi300_custom_step0_s_20260825_15,f51509b4deb64aca9860afc33224c954,0.097,,,
2432,2026-08-25,SZ300896,-0.007710808979085314,EXP_CatBoostModel_Alpha158_csi300_custom_step0_s_20260825_15,f51509b4deb64aca9860afc33224c954,0.097,,,
2433,2026-08-25,SZ300999,0.0003319240210466509,EXP_CatBoostModel_Alpha158_csi300_custom_step0_s_20260825_15,f51509b4deb64aca9860afc33224c954,0.097,,,
2434,2026-08-25,SZ300498,0.00639919576361261,EXP_CatBoostModel_Alpha158_csi300_custom_step0_s_20260825_15,f51509b4deb64aca9860afc33224c954,0.097,,,
2435,2026-08-25,SZ301165,0.06454775085574058,EXP_CatBoostModel_Alpha158_csi300_custom_step0_s_20260825_15,f51509b4deb64aca9860afc33224c954,0.097,,,
2436,2026-08-25,SZ301269,-0.009109158109772857,EXP_CatBoostModel_Alpha158_csi300_custom_step0_s_20260825_15,f51509b4deb64aca9860afc33224c954,0.097,,,
2437,2026-08-25,SZ301308,0.044146948933273956,EXP_CatBoostModel_Alpha158_csi300_custom_step0_s_20260825_15,f51509b4deb64aca9860afc33224c954,0.097,,,
2438,2026-08-25,SZ302132,-0.0028495700536069913,EXP_CatBoostModel_Alpha158_csi300_custom_step0_s_20260825_15,f51509b4deb64aca9860afc33224c954,0.097,,,
2439,2026-08-25,SH600000,0.0018601605295152407,EXP_LGBModel_Alpha158_csi300_custom_step0_s_20260825_15,fda95cd6516a4cc985c6ee1a293359fd,0.093,,,
2440,2026-08-25,SH600009,0.0018601605295152407,EXP_LGBModel_Alpha158_csi300_custom_step0_s_20260825_15,fda95cd6516a4cc985c6ee1a293359fd,0.093,,,
2441,2026-08-25,SH600010,0.0028605123067787183,EXP_LGBModel_Alpha158_csi300_custom_step0_s_20260825_15,fda95cd6516a4cc985c6ee1a293359fd,0.093,,,
2442,2026-08-25,SH600011,-1.4592093614782433e-10,EXP_LGBModel_Alpha158_csi300_custom_step0_s_20260825_15,fda95cd6516a4cc985c6ee1a293359fd,0.093,,,
2443,2026-08-25,SH600015,0.0028605123067787183,EXP_LGBModel_Alpha158_csi300_custom_step0_s_20260825_15,fda95cd6516a4cc985c6ee1a293359fd,0.093,,,
2444,2026-08-25,SH600016,0.0028605123067787183,EXP_LGBModel_Alpha158_csi300_custom_step0_s_20260825_15,fda95cd6516a4cc985c6ee1a293359fd,0.093,,,
2445,2026-08-25,SH600018,0.0028605123067787183,EXP_LGBModel_Alpha158_csi300_custom_step0_s_20260825_15,fda95cd6516a4cc985c6ee1a293359fd,0.093,,,
2446,2026-08-25,SZ301236,-0.00890027709959803,EXP_CatBoostModel_Alpha158_csi300_custom_step0_s_20260825_15,f51509b4deb64aca9860afc33224c954,0.097,,,
2447,2026-08-25,SZ002648,-0.007984001699395516,EXP_CatBoostModel_Alpha158_csi300_custom_step0_s_20260825_15,f51509b4deb64aca9860afc33224c954,0.097,,,
2448,2026-08-25,SZ300476,0.06467216970000855,EXP_CatBoostModel_Alpha158_csi300_custom_step0_s_20260825_15,f51509b4deb64aca9860afc33224c954,0.097,,,
2449,2026-08-25,SZ300442,-0.010829742594411499,EXP_CatBoostModel_Alpha158_csi300_custom_step0_s_20260825_15,f51509b4deb64aca9860afc33224c954,0.097,,,
2450,2026-08-25,SZ002714,0.007624633452824646,EXP_CatBoostModel_Alpha158_csi300_custom_step0_s_20260825_15,f51509b4deb64aca9860afc33224c954,0.097,,,
2451,2026-08-25,SZ002736,0.005507575123587414,EXP_CatBoostModel_Alpha158_csi300_custom_step0_s_20260825_15,f51509b4deb64aca9860afc33224c954,0.097,,,
2452,2026-08-25,SZ002837,-0.0032616961615323974,EXP_CatBoostModel_Alpha158_csi300_custom_step0_s_20260825_15,f51509b4deb64aca9860afc33224c954,0.097,,,
2453,2026-08-25,SZ002916,0.014357486974495796,EXP_CatBoostModel_Alpha158_csi300_custom_step0_s_20260825_15,f51509b4deb64aca9860afc33224c954,0.097,,,
2454,2026-08-25,SZ002920,-0.007136714198101747,EXP_CatBoostModel_Alpha158_csi300_custom_step0_s_20260825_15,f51509b4deb64aca9860afc33224c954,0.097,,,
2455,2026-08-25,SZ002938,-0.010251305195990225,EXP_CatBoostModel_Alpha158_csi300_custom_step0_s_20260825_15,f51509b4deb64aca9860afc33224c954,0.097,,,
2456,2026-08-25,SZ003816,0.002370975449553182,EXP_CatBoostModel_Alpha158_csi300_custom_step0_s_20260825_15,f51509b4deb64aca9860afc33224c954,0.097,,,
2457,2026-08-25,SZ300014,0.0032122858724367882,EXP_CatBoostModel_Alpha158_csi300_custom_step0_s_20260825_15,f51509b4deb64aca9860afc33224c954,0.097,,,
2458,2026-08-25,SZ300015,-0.003977407469737883,EXP_CatBoostModel_Alpha158_csi300_custom_step0_s_20260825_15,f51509b4deb64aca9860afc33224c954,0.097,,,
2459,2026-08-25,SZ300033,-0.007715151596523022,EXP_CatBoostModel_Alpha158_csi300_custom_step0_s_20260825_15,f51509b4deb64aca9860afc33224c954,0.097,,,
2460,2026-08-25,SZ300450,-0.007136714198101747,EXP_CatBoostModel_Alpha158_csi300_custom_step0_s_20260825_15,f51509b4deb64aca9860afc33224c954,0.097,,,
2461,2026-08-25,SZ300059,-0.007136714198101747,EXP_CatBoostModel_Alpha158_csi300_custom_step0_s_20260825_15,f51509b4deb64aca9860afc33224c954,0.097,,,
2462,2026-08-25,SZ300124,-0.008918031761643507,EXP_CatBoostModel_Alpha158_csi300_custom_step0_s_20260825_15,f51509b4deb64aca9860afc33224c954,0.097,,,
2463,2026-08-25,SZ300251,-0.005947246077589032,EXP_CatBoostModel_Alpha158_csi300_custom_step0_s_20260825_15,f51509b4deb64aca9860afc33224c954,0.097,,,
2464,2026-08-25,SZ300274,-0.008487742294493943,EXP_CatBoostModel_Alpha158_csi300_custom_step0_s_20260825_15,f51509b4deb64aca9860afc33224c954,0.097,,,
2465,2026-08-25,SZ300308,0.011786907751235793,EXP_CatBoostModel_Alpha158_csi300_custom_step0_s_20260825_15,f51509b4deb64aca9860afc33224c954,0.097,,,
2466,2026-08-25,SZ300316,-0.005158321698624879,EXP_CatBoostModel_Alpha158_csi300_custom_step0_s_20260825_15,f51509b4deb64aca9860afc33224c954,0.097,,,
2467,2026-08-25,SZ300394,0.06531734001405672,EXP_CatBoostModel_Alpha158_csi300_custom_step0_s_20260825_15,f51509b4deb64aca9860afc33224c954,0.097,,,
2468,2026-08-25,SZ300408,0.04779627711688328,EXP_CatBoostModel_Alpha158_csi300_custom_step0_s_20260825_15,f51509b4deb64aca9860afc33224c954,0.097,,,
2469,2026-08-25,SZ300413,-0.001304098942036426,EXP_CatBoostModel_Alpha158_csi300_custom_step0_s_20260825_15,f51509b4deb64aca9860afc33224c954,0.097,,,
2470,2026-08-25,SZ300418,-0.004902535308498423,EXP_CatBoostModel_Alpha158_csi300_custom_step0_s_20260825_15,f51509b4deb64aca9860afc33224c954,0.097,,,
2471,2026-08-25,SZ300433,-0.011276492443393234,EXP_CatBoostModel_Alpha158_csi300_custom_step0_s_20260825_15,f51509b4deb64aca9860afc33224c954,0.097,,,
2472,2026-08-25,SZ300122,-0.009201770223813402,EXP_CatBoostModel_Alpha158_csi300_custom_step0_s_20260825_15,f51509b4deb64aca9860afc33224c954,0.097,,,
2473,2026-08-25,SZ001391,-0.00016858419178910527,EXP_LGBModel_Alpha158_csi300_custom_step0_s_20260825_15,a68443ccbc4a42998cfb0a5a39eba0dd,0.062,,,
2474,2026-08-25,SZ001965,2.7975755094505154e-10,EXP_LGBModel_Alpha158_csi300_custom_step0_s_20260825_15,a68443ccbc4a42998cfb0a5a39eba0dd,0.062,,,
2475,2026-08-25,SZ001979,2.7975755094505154e-10,EXP_LGBModel_Alpha158_csi300_custom_step0_s_20260825_15,a68443ccbc4a42998cfb0a5a39eba0dd,0.062,,,
2476,2026-08-25,SH605499,-0.1655708741402921,EXP_DEnsembleModel_Alpha158_csi300_custom_step0_s_20260825_13,8b40317d75d44d78aae6d4207fdf16bf,0.128,,,
2477,2026-08-25,SH688008,-0.07414182644583363,EXP_DEnsembleModel_Alpha158_csi300_custom_step0_s_20260825_13,8b40317d75d44d78aae6d4207fdf16bf,0.128,,,
2478,2026-08-25,SH688009,0.02730555978095219,EXP_DEnsembleModel_Alpha158_csi300_custom_step0_s_20260825_13,8b40317d75d44d78aae6d4207fdf16bf,0.128,,,
2479,2026-08-25,SH688012,-0.03171106838870263,EXP_DEnsembleModel_Alpha158_csi300_custom_step0_s_20260825_13,8b40317d75d44d78aae6d4207fdf16bf,0.128,,,
2480,2026-08-25,SH688036,-0.0966678125697298,EXP_DEnsembleModel_Alpha158_csi300_custom_step0_s_20260825_13,8b40317d75d44d78aae6d4207fdf16bf,0.128,,,
2481,2026-08-25,SH688041,0.15812081485537766,EXP_DEnsembleModel_Alpha158_csi300_custom_step0_s_20260825_13,8b40317d75d44d78aae6d4207fdf16bf,0.128,,,
2482,2026-08-25,SH688047,-0.01462660467500405,EXP_DEnsembleModel_Alpha158_csi300_custom_step0_s_20260825_13,8b40317d75d44d78aae6d4207fdf16bf,0.128,,,
2483,2026-08-25,SH688072,-0.05217982965935627,EXP_DEnsembleModel_Alpha158_csi300_custom_step0_s_20260825_13,8b40317d75d44d78aae6d4207fdf16bf,0.128,,,
2484,2026-08-25,SH688082,0.054663615237961975,EXP_DEnsembleModel_Alpha158_csi300_custom_step0_s_20260825_13,8b40317d75d44d78aae6d4207fdf16bf,0.128,,,
2485,2026-08-25,SH688111,-0.14675044451298033,EXP_DEnsembleModel_Alpha158_csi300_custom_step0_s_20260825_13,8b40317d75d44d78aae6d4207fdf16bf,0.128,,,
2486,2026-08-25,SH688126,-0.024272217909686,EXP_DEnsembleModel_Alpha158_csi300_custom_step0_s_20260825_13,8b40317d75d44d78aae6d4207fdf16bf,0.128,,,
2487,2026-08-25,SH688183,0.1418675623581254,EXP_DEnsembleModel_Alpha158_csi300_custom_step0_s_20260825_13,8b40317d75d44d78aae6d4207fdf16bf,0.128,,,
2488,2026-08-25,SH688223,0.011650058314954059,EXP_DEnsembleModel_Alpha158_csi300_custom_step0_s_20260825_13,8b40317d75d44d78aae6d4207fdf16bf,0.128,,,
2489,2026-08-25,SH688256,0.2726562284555553,EXP_DEnsembleModel_Alpha158_csi300_custom_step0_s_20260825_13,8b40317d75d44d78aae6d4207fdf16bf,0.128,,,
2490,2026-08-25,SH688271,0.005498542852874141,EXP_DEnsembleModel_Alpha158_csi300_custom_step0_s_20260825_13,8b40317d75d44d78aae6d4207fdf16bf,0.128,,,
2491,2026-08-25,SH688303,-0.06860749511585655,EXP_DEnsembleModel_Alpha158_csi300_custom_step0_s_20260825_13,8b40317d75d44d78aae6d4207fdf16bf,0.128,,,
2492,2026-08-25,SH688396,-0.03706303920367743,EXP_DEnsembleModel_Alpha158_csi300_custom_step0_s_20260825_13,8b40317d75d44d78aae6d4207fdf16bf,0.128,,,
2493,2026-08-25,SH688472,0.01309762508780195,EXP_DEnsembleModel_Alpha158_csi300_custom_step0_s_20260825_13,8b40317d75d44d78aae6d4207fdf16bf,0.128,,,
2494,2026-08-25,SH688506,-0.042236823556643516,EXP_DEnsembleModel_Alpha158_csi300_custom_step0_s_20260825_13,8b40317d75d44d78aae6d4207fdf16bf,0.128,,,
2495,2026-08-25,SH688521,0.23986406894778906,EXP_DEnsembleModel_Alpha158_csi300_custom_step0_s_20260825_13,8b40317d75d44d78aae6d4207fdf16bf,0.128,,,
2496,2026-08-25,SH688981,0.007340409887665476,EXP_DEnsembleModel_Alpha158_csi300_custom_step0_s_20260825_13,8b40317d75d44d78aae6d4207fdf16bf,0.128,,,
2497,2026-08-25,SH605117,-0.11236063756839343,EXP_DEnsembleModel_Alpha158_csi300_custom_step0_s_20260825_13,8b40317d75d44d78aae6d4207fdf16bf,0.128,,,
2498,2026-08-25,SH603993,-0.07461173907901103,EXP_DEnsembleModel_Alpha158_csi300_custom_step0_s_20260825_13,8b40317d75d44d78aae6d4207fdf16bf,0.128,,,
2499,2026-08-25,SH603986,0.3204918618067086,EXP_DEnsembleModel_Alpha158_csi300_custom_step0_s_20260825_13,8b40317d75d44d78aae6d4207fdf16bf,0.128,,,
2500,2026-08-25,SH603893,-0.03525224949273996,EXP_DEnsembleModel_Alpha158_csi300_custom_step0_s_20260825_13,8b40317d75d44d78aae6d4207fdf16bf,0.128,,,
2501,2026-08-25,SH601878,0.0851297894008306,EXP_DEnsembleModel_Alpha158_csi300_custom_step0_s_20260825_13,8b40317d75d44d78aae6d4207fdf16bf,0.128,,,
2502,2026-08-25,SH601881,0.04464843643367857,EXP_DEnsembleModel_Alpha158_csi300_custom_step0_s_20260825_13,8b40317d75d44d78aae6d4207fdf16bf,0.128,,,
2503,2026-08-25,SH601888,-0.1264089469748563,EXP_DEnsembleModel_Alpha158_csi300_custom_step0_s_20260825_13,8b40317d75d44d78aae6d4207fdf16bf,0.128,,,
2504,2026-08-25,SH601898,-0.0011378077398709679,EXP_DEnsembleModel_Alpha158_csi300_custom_step0_s_20260825_13,8b40317d75d44d78aae6d4207fdf16bf,0.128,,,
2505,2026-08-25,SH601899,-0.12174738508138024,EXP_DEnsembleModel_Alpha158_csi300_custom_step0_s_20260825_13,8b40317d75d44d78aae6d4207fdf16bf,0.128,,,
2506,2026-08-25,SH601901,-0.005139806086512514,EXP_DEnsembleModel_Alpha158_csi300_custom_step0_s_20260825_13,8b40317d75d44d78aae6d4207fdf16bf,0.128,,,
2507,2026-08-25,SH601916,0.03926285726806476,EXP_DEnsembleModel_Alpha158_csi300_custom_step0_s_20260825_13,8b40317d75d44d78aae6d4207fdf16bf,0.128,,,
2508,2026-08-25,SH601919,-0.04021703535808667,EXP_DEnsembleModel_Alpha158_csi300_custom_step0_s_20260825_13,8b40317d75d44d78aae6d4207fdf16bf,0.128,,,
2509,2026-08-25,SH601939,0.12350052667708904,EXP_DEnsembleModel_Alpha158_csi300_custom_step0_s_20260825_13,8b40317d75d44d78aae6d4207fdf16bf,0.128,,,
2510,2026-08-25,SH601985,0.0925275774904671,EXP_DEnsembleModel_Alpha158_csi300_custom_step0_s_20260825_13,8b40317d75d44d78aae6d4207fdf16bf,0.128,,,
2511,2026-08-25,SZ000001,0.13857826023451766,EXP_DEnsembleModel_Alpha158_csi300_custom_step0_s_20260825_13,8b40317d75d44d78aae6d4207fdf16bf,0.128,,,
2512,2026-08-25,SH601988,0.09879508770217255,EXP_DEnsembleModel_Alpha158_csi300_custom_step0_s_20260825_13,8b40317d75d44d78aae6d4207fdf16bf,0.128,,,
2513,2026-08-25,SH601998,0.16397325993039982,EXP_DEnsembleModel_Alpha158_csi300_custom_step0_s_20260825_13,8b40317d75d44d78aae6d4207fdf16bf,0.128,,,
2514,2026-08-25,SH603019,-0.09844060609897064,EXP_DEnsembleModel_Alpha158_csi300_custom_step0_s_20260825_13,8b40317d75d44d78aae6d4207fdf16bf,0.128,,,
2515,2026-08-25,SH603259,0.033519552624422126,EXP_DEnsembleModel_Alpha158_csi300_custom_step0_s_20260825_13,8b40317d75d44d78aae6d4207fdf16bf,0.128,,,
2516,2026-08-25,SH603260,0.02907900180310722,EXP_DEnsembleModel_Alpha158_csi300_custom_step0_s_20260825_13,8b40317d75d44d78aae6d4207fdf16bf,0.128,,,
2517,2026-08-25,SH603288,0.021426014990710486,EXP_DEnsembleModel_Alpha158_csi300_custom_step0_s_20260825_13,8b40317d75d44d78aae6d4207fdf16bf,0.128,,,
2518,2026-08-25,SH603296,-0.05327476375773826,EXP_DEnsembleModel_Alpha158_csi300_custom_step0_s_20260825_13,8b40317d75d44d78aae6d4207fdf16bf,0.128,,,
2519,2026-08-25,SH603369,-0.14706289806968964,EXP_DEnsembleModel_Alpha158_csi300_custom_step0_s_20260825_13,8b40317d75d44d78aae6d4207fdf16bf,0.128,,,
2520,2026-08-25,SH603392,-0.14783739528364198,EXP_DEnsembleModel_Alpha158_csi300_custom_step0_s_20260825_13,8b40317d75d44d78aae6d4207fdf16bf,0.128,,,
2521,2026-08-25,SH603501,-0.04146410162692211,EXP_DEnsembleModel_Alpha158_csi300_custom_step0_s_20260825_13,8b40317d75d44d78aae6d4207fdf16bf,0.128,,,
2522,2026-08-25,SH603799,-0.04369569949920625,EXP_DEnsembleModel_Alpha158_csi300_custom_step0_s_20260825_13,8b40317d75d44d78aae6d4207fdf16bf,0.128,,,
2523,2026-08-25,SH601995,-0.015525457792667884,EXP_DEnsembleModel_Alpha158_csi300_custom_step0_s_20260825_13,8b40317d75d44d78aae6d4207fdf16bf,0.128,,,
2524,2026-08-25,SZ000002,-0.09040274144033582,EXP_DEnsembleModel_Alpha158_csi300_custom_step0_s_20260825_13,8b40317d75d44d78aae6d4207fdf16bf,0.128,,,
2525,2026-08-25,SZ000063,-0.1160343342981018,EXP_DEnsembleModel_Alpha158_csi300_custom_step0_s_20260825_13,8b40317d75d44d78aae6d4207fdf16bf,0.128,,,
2526,2026-08-25,SZ000100,-0.05379987494320952,EXP_DEnsembleModel_Alpha158_csi300_custom_step0_s_20260825_13,8b40317d75d44d78aae6d4207fdf16bf,0.128,,,
2527,2026-08-25,SZ000977,-0.13298344503307657,EXP_DEnsembleModel_Alpha158_csi300_custom_step0_s_20260825_13,8b40317d75d44d78aae6d4207fdf16bf,0.128,,,
2528,2026-08-25,SZ000988,0.10005332550340044,EXP_DEnsembleModel_Alpha158_csi300_custom_step0_s_20260825_13,8b40317d75d44d78aae6d4207fdf16bf,0.128,,,
2529,2026-08-25,SZ000999,-0.03934484846296014,EXP_DEnsembleModel_Alpha158_csi300_custom_step0_s_20260825_13,8b40317d75d44d78aae6d4207fdf16bf,0.128,,,
2530,2026-08-25,SZ001280,-0.15019340760860575,EXP_DEnsembleModel_Alpha158_csi300_custom_step0_s_20260825_13,8b40317d75d44d78aae6d4207fdf16bf,0.128,,,
2531,2026-08-25,SZ001391,0.048260768339484804,EXP_DEnsembleModel_Alpha158_csi300_custom_step0_s_20260825_13,8b40317d75d44d78aae6d4207fdf16bf,0.128,,,
2532,2026-08-25,SZ001965,-0.06405656430619264,EXP_DEnsembleModel_Alpha158_csi300_custom_step0_s_20260825_13,8b40317d75d44d78aae6d4207fdf16bf,0.128,,,
2533,2026-08-25,SZ001979,-0.12456570337531185,EXP_DEnsembleModel_Alpha158_csi300_custom_step0_s_20260825_13,8b40317d75d44d78aae6d4207fdf16bf,0.128,,,
2534,2026-08-25,SZ002001,-0.00032224264805257805,EXP_DEnsembleModel_Alpha158_csi300_custom_step0_s_20260825_13,8b40317d75d44d78aae6d4207fdf16bf,0.128,,,
2535,2026-08-25,SZ002027,-0.048586564961297346,EXP_DEnsembleModel_Alpha158_csi300_custom_step0_s_20260825_13,8b40317d75d44d78aae6d4207fdf16bf,0.128,,,
2536,2026-08-25,SZ002028,-0.1432179030801665,EXP_DEnsembleModel_Alpha158_csi300_custom_step0_s_20260825_13,8b40317d75d44d78aae6d4207fdf16bf,0.128,,,
2537,2026-08-25,SZ000975,-0.00620890512659964,EXP_DEnsembleModel_Alpha158_csi300_custom_step0_s_20260825_13,8b40317d75d44d78aae6d4207fdf16bf,0.128,,,
2538,2026-08-25,SZ002049,-0.11176676217041623,EXP_DEnsembleModel_Alpha158_csi300_custom_step0_s_20260825_13,8b40317d75d44d78aae6d4207fdf16bf,0.128,,,
2539,2026-08-25,SZ002074,-0.10213896522183537,EXP_DEnsembleModel_Alpha158_csi300_custom_step0_s_20260825_13,8b40317d75d44d78aae6d4207fdf16bf,0.128,,,
2540,2026-08-25,SZ002142,0.020549477681471074,EXP_DEnsembleModel_Alpha158_csi300_custom_step0_s_20260825_13,8b40317d75d44d78aae6d4207fdf16bf,0.128,,,
2541,2026-08-25,SZ002179,-0.04341626516928312,EXP_DEnsembleModel_Alpha158_csi300_custom_step0_s_20260825_13,8b40317d75d44d78aae6d4207fdf16bf,0.128,,,
2542,2026-08-25,SZ002202,-0.02201631915327652,EXP_DEnsembleModel_Alpha158_csi300_custom_step0_s_20260825_13,8b40317d75d44d78aae6d4207fdf16bf,0.128,,,
2543,2026-08-25,SZ002230,-0.11006774367735622,EXP_DEnsembleModel_Alpha158_csi300_custom_step0_s_20260825_13,8b40317d75d44d78aae6d4207fdf16bf,0.128,,,
2544,2026-08-25,SZ002236,0.09468263769273651,EXP_DEnsembleModel_Alpha158_csi300_custom_step0_s_20260825_13,8b40317d75d44d78aae6d4207fdf16bf,0.128,,,
2545,2026-08-25,SZ002241,-0.14609651038049196,EXP_DEnsembleModel_Alpha158_csi300_custom_step0_s_20260825_13,8b40317d75d44d78aae6d4207fdf16bf,0.128,,,
2546,2026-08-25,SZ002304,-0.09722251505744615,EXP_DEnsembleModel_Alpha158_csi300_custom_step0_s_20260825_13,8b40317d75d44d78aae6d4207fdf16bf,0.128,,,
2547,2026-08-25,SZ002311,0.06780348508949686,EXP_DEnsembleModel_Alpha158_csi300_custom_step0_s_20260825_13,8b40317d75d44d78aae6d4207fdf16bf,0.128,,,
2548,2026-08-25,SZ002352,0.05428935454584521,EXP_DEnsembleModel_Alpha158_csi300_custom_step0_s_20260825_13,8b40317d75d44d78aae6d4207fdf16bf,0.128,,,
2549,2026-08-25,SZ002050,-0.04395648497552939,EXP_DEnsembleModel_Alpha158_csi300_custom_step0_s_20260825_13,8b40317d75d44d78aae6d4207fdf16bf,0.128,,,
2550,2026-08-25,SH601877,-0.09880799167977432,EXP_DEnsembleModel_Alpha158_csi300_custom_step0_s_20260825_13,8b40317d75d44d78aae6d4207fdf16bf,0.128,,,
2551,2026-08-25,SZ000963,-0.14646661023997132,EXP_DEnsembleModel_Alpha158_csi300_custom_step0_s_20260825_13,8b40317d75d44d78aae6d4207fdf16bf,0.128,,,
2552,2026-08-25,SZ000895,0.017638059869659505,EXP_DEnsembleModel_Alpha158_csi300_custom_step0_s_20260825_13,8b40317d75d44d78aae6d4207fdf16bf,0.128,,,
2553,2026-08-25,SZ000157,0.06730265860139896,EXP_DEnsembleModel_Alpha158_csi300_custom_step0_s_20260825_13,8b40317d75d44d78aae6d4207fdf16bf,0.128,,,
2554,2026-08-25,SZ000166,0.07002606239019538,EXP_DEnsembleModel_Alpha158_csi300_custom_step0_s_20260825_13,8b40317d75d44d78aae6d4207fdf16bf,0.128,,,
2555,2026-08-25,SZ000301,-0.05976949804126596,EXP_DEnsembleModel_Alpha158_csi300_custom_step0_s_20260825_13,8b40317d75d44d78aae6d4207fdf16bf,0.128,,,
2556,2026-08-25,SZ000333,0.04778980346272152,EXP_DEnsembleModel_Alpha158_csi300_custom_step0_s_20260825_13,8b40317d75d44d78aae6d4207fdf16bf,0.128,,,
2557,2026-08-25,SZ000338,-0.09737419539645419,EXP_DEnsembleModel_Alpha158_csi300_custom_step0_s_20260825_13,8b40317d75d44d78aae6d4207fdf16bf,0.128,,,
2558,2026-08-25,SZ000408,-0.06885417133108206,EXP_DEnsembleModel_Alpha158_csi300_custom_step0_s_20260825_13,8b40317d75d44d78aae6d4207fdf16bf,0.128,,,
2559,2026-08-25,SZ000425,0.045477366323591804,EXP_DEnsembleModel_Alpha158_csi300_custom_step0_s_20260825_13,8b40317d75d44d78aae6d4207fdf16bf,0.128,,,
2560,2026-08-25,SZ000538,0.07554785801868047,EXP_DEnsembleModel_Alpha158_csi300_custom_step0_s_20260825_13,8b40317d75d44d78aae6d4207fdf16bf,0.128,,,
2561,2026-08-25,SZ000568,-0.042467533366020306,EXP_DEnsembleModel_Alpha158_csi300_custom_step0_s_20260825_13,8b40317d75d44d78aae6d4207fdf16bf,0.128,,,
2562,2026-08-25,SZ000596,-0.13475280152470873,EXP_DEnsembleModel_Alpha158_csi300_custom_step0_s_20260825_13,8b40317d75d44d78aae6d4207fdf16bf,0.128,,,
2563,2026-08-25,SZ000938,-0.06321550499207707,EXP_DEnsembleModel_Alpha158_csi300_custom_step0_s_20260825_13,8b40317d75d44d78aae6d4207fdf16bf,0.128,,,
2564,2026-08-25,SZ000617,0.05546999841270866,EXP_DEnsembleModel_Alpha158_csi300_custom_step0_s_20260825_13,8b40317d75d44d78aae6d4207fdf16bf,0.128,,,
2565,2026-08-25,SZ000630,-0.1389371188187808,EXP_DEnsembleModel_Alpha158_csi300_custom_step0_s_20260825_13,8b40317d75d44d78aae6d4207fdf16bf,0.128,,,
2566,2026-08-25,SZ000651,0.11732430226979343,EXP_DEnsembleModel_Alpha158_csi300_custom_step0_s_20260825_13,8b40317d75d44d78aae6d4207fdf16bf,0.128,,,
2567,2026-08-25,SZ000657,0.13433626679376653,EXP_DEnsembleModel_Alpha158_csi300_custom_step0_s_20260825_13,8b40317d75d44d78aae6d4207fdf16bf,0.128,,,
2568,2026-08-25,SZ000708,-0.0033510052956381296,EXP_DEnsembleModel_Alpha158_csi300_custom_step0_s_20260825_13,8b40317d75d44d78aae6d4207fdf16bf,0.128,,,
2569,2026-08-25,SZ000725,-0.07393518893405616,EXP_DEnsembleModel_Alpha158_csi300_custom_step0_s_20260825_13,8b40317d75d44d78aae6d4207fdf16bf,0.128,,,
2570,2026-08-25,SZ000768,-0.03981620326348372,EXP_DEnsembleModel_Alpha158_csi300_custom_step0_s_20260825_13,8b40317d75d44d78aae6d4207fdf16bf,0.128,,,
2571,2026-08-25,SZ000776,-0.006675520930057229,EXP_DEnsembleModel_Alpha158_csi300_custom_step0_s_20260825_13,8b40317d75d44d78aae6d4207fdf16bf,0.128,,,
2572,2026-08-25,SZ000792,-0.1509090739518076,EXP_DEnsembleModel_Alpha158_csi300_custom_step0_s_20260825_13,8b40317d75d44d78aae6d4207fdf16bf,0.128,,,
2573,2026-08-25,SZ000807,-0.06850782879944088,EXP_DEnsembleModel_Alpha158_csi300_custom_step0_s_20260825_13,8b40317d75d44d78aae6d4207fdf16bf,0.128,,,
2574,2026-08-25,SZ000858,-0.09549756715312518,EXP_DEnsembleModel_Alpha158_csi300_custom_step0_s_20260825_13,8b40317d75d44d78aae6d4207fdf16bf,0.128,,,
2575,2026-08-25,SZ000625,-0.029916243505530175,EXP_DEnsembleModel_Alpha158_csi300_custom_step0_s_20260825_13,8b40317d75d44d78aae6d4207fdf16bf,0.128,,,
2576,2026-08-25,SZ002353,0.03228452705095354,EXP_DEnsembleModel_Alpha158_csi300_custom_step0_s_20260825_13,8b40317d75d44d78aae6d4207fdf16bf,0.128,,,
2577,2026-08-25,SH601872,-0.046547319896492564,EXP_DEnsembleModel_Alpha158_csi300_custom_step0_s_20260825_13,8b40317d75d44d78aae6d4207fdf16bf,0.128,,,
2578,2026-08-25,SH601857,-0.01906216508901876,EXP_DEnsembleModel_Alpha158_csi300_custom_step0_s_20260825_13,8b40317d75d44d78aae6d4207fdf16bf,0.128,,,
2579,2026-08-25,SH600795,0.03324581987729104,EXP_DEnsembleModel_Alpha158_csi300_custom_step0_s_20260825_13,8b40317d75d44d78aae6d4207fdf16bf,0.128,,,
2580,2026-08-25,SH600803,0.0001932472482337583,EXP_DEnsembleModel_Alpha158_csi300_custom_step0_s_20260825_13,8b40317d75d44d78aae6d4207fdf16bf,0.128,,,
2581,2026-08-25,SH600809,-0.1431867147110601,EXP_DEnsembleModel_Alpha158_csi300_custom_step0_s_20260825_13,8b40317d75d44d78aae6d4207fdf16bf,0.128,,,
2582,2026-08-25,SH600845,-0.12387291726301684,EXP_DEnsembleModel_Alpha158_csi300_custom_step0_s_20260825_13,8b40317d75d44d78aae6d4207fdf16bf,0.128,,,
2583,2026-08-25,SH600875,-0.1479371622534445,EXP_DEnsembleModel_Alpha158_csi300_custom_step0_s_20260825_13,8b40317d75d44d78aae6d4207fdf16bf,0.128,,,
2584,2026-08-25,SH600886,0.06454947070540548,EXP_DEnsembleModel_Alpha158_csi300_custom_step0_s_20260825_13,8b40317d75d44d78aae6d4207fdf16bf,0.128,,,
2585,2026-08-25,SH600887,0.11078721746443858,EXP_DEnsembleModel_Alpha158_csi300_custom_step0_s_20260825_13,8b40317d75d44d78aae6d4207fdf16bf,0.128,,,
2586,2026-08-25,SH600893,-0.09798712222479057,EXP_DEnsembleModel_Alpha158_csi300_custom_step0_s_20260825_13,8b40317d75d44d78aae6d4207fdf16bf,0.128,,,
2587,2026-08-25,SH600900,0.05103172603313994,EXP_DEnsembleModel_Alpha158_csi300_custom_step0_s_20260825_13,8b40317d75d44d78aae6d4207fdf16bf,0.128,,,
2588,2026-08-25,SH600905,0.07770802904044886,EXP_DEnsembleModel_Alpha158_csi300_custom_step0_s_20260825_13,8b40317d75d44d78aae6d4207fdf16bf,0.128,,,
2589,2026-08-25,SH600918,0.07684561556746705,EXP_DEnsembleModel_Alpha158_csi300_custom_step0_s_20260825_13,8b40317d75d44d78aae6d4207fdf16bf,0.128,,,
2590,2026-08-25,SH600919,0.06502352779867825,EXP_DEnsembleModel_Alpha158_csi300_custom_step0_s_20260825_13,8b40317d75d44d78aae6d4207fdf16bf,0.128,,,
2591,2026-08-25,SH600926,-0.006606229151503526,EXP_DEnsembleModel_Alpha158_csi300_custom_step0_s_20260825_13,8b40317d75d44d78aae6d4207fdf16bf,0.128,,,
2592,2026-08-25,SH600930,0.009880209789696035,EXP_DEnsembleModel_Alpha158_csi300_custom_step0_s_20260825_13,8b40317d75d44d78aae6d4207fdf16bf,0.128,,,
2593,2026-08-25,SH600938,0.0024894672384395715,EXP_DEnsembleModel_Alpha158_csi300_custom_step0_s_20260825_13,8b40317d75d44d78aae6d4207fdf16bf,0.128,,,
2594,2026-08-25,SH600941,0.1183359708982151,EXP_DEnsembleModel_Alpha158_csi300_custom_step0_s_20260825_13,8b40317d75d44d78aae6d4207fdf16bf,0.128,,,
2595,2026-08-25,SH600958,0.06174882355001556,EXP_DEnsembleModel_Alpha158_csi300_custom_step0_s_20260825_13,8b40317d75d44d78aae6d4207fdf16bf,0.128,,,
2596,2026-08-25,SH600989,-0.05463510017288184,EXP_DEnsembleModel_Alpha158_csi300_custom_step0_s_20260825_13,8b40317d75d44d78aae6d4207fdf16bf,0.128,,,
2597,2026-08-25,SH600999,0.06483829623214456,EXP_DEnsembleModel_Alpha158_csi300_custom_step0_s_20260825_13,8b40317d75d44d78aae6d4207fdf16bf,0.128,,,
2598,2026-08-25,SH601006,0.08592487626327852,EXP_DEnsembleModel_Alpha158_csi300_custom_step0_s_20260825_13,8b40317d75d44d78aae6d4207fdf16bf,0.128,,,
2599,2026-08-25,SH601009,0.03095438959374539,EXP_DEnsembleModel_Alpha158_csi300_custom_step0_s_20260825_13,8b40317d75d44d78aae6d4207fdf16bf,0.128,,,
2600,2026-08-25,SH600760,0.010372439933427676,EXP_DEnsembleModel_Alpha158_csi300_custom_step0_s_20260825_13,8b40317d75d44d78aae6d4207fdf16bf,0.128,,,
2601,2026-08-25,SH600741,0.04206867580125929,EXP_DEnsembleModel_Alpha158_csi300_custom_step0_s_20260825_13,8b40317d75d44d78aae6d4207fdf16bf,0.128,,,
2602,2026-08-25,SH600690,-0.01574913494982882,EXP_DEnsembleModel_Alpha158_csi300_custom_step0_s_20260825_13,8b40317d75d44d78aae6d4207fdf16bf,0.128,,,
2603,2026-08-25,SH600674,0.020708607830381698,EXP_DEnsembleModel_Alpha158_csi300_custom_step0_s_20260825_13,8b40317d75d44d78aae6d4207fdf16bf,0.128,,,
2604,2026-08-25,SH600346,-0.05912046386519347,EXP_DEnsembleModel_Alpha158_csi300_custom_step0_s_20260825_13,8b40317d75d44d78aae6d4207fdf16bf,0.128,,,
2605,2026-08-25,SH600362,-0.16208900992873967,EXP_DEnsembleModel_Alpha158_csi300_custom_step0_s_20260825_13,8b40317d75d44d78aae6d4207fdf16bf,0.128,,,
2606,2026-08-25,SH600372,-0.014726159656888244,EXP_DEnsembleModel_Alpha158_csi300_custom_step0_s_20260825_13,8b40317d75d44d78aae6d4207fdf16bf,0.128,,,
2607,2026-08-25,SH600406,0.04968319753576263,EXP_DEnsembleModel_Alpha158_csi300_custom_step0_s_20260825_13,8b40317d75d44d78aae6d4207fdf16bf,0.128,,,
2608,2026-08-25,SH600415,-0.10604797120593626,EXP_DEnsembleModel_Alpha158_csi300_custom_step0_s_20260825_13,8b40317d75d44d78aae6d4207fdf16bf,0.128,,,
2609,2026-08-25,SH600426,-0.16696090601623725,EXP_DEnsembleModel_Alpha158_csi300_custom_step0_s_20260825_13,8b40317d75d44d78aae6d4207fdf16bf,0.128,,,
2610,2026-08-25,SH600436,-0.14422723456527412,EXP_DEnsembleModel_Alpha158_csi300_custom_step0_s_20260825_13,8b40317d75d44d78aae6d4207fdf16bf,0.128,,,
2611,2026-08-25,SH600438,-0.150017974247604,EXP_DEnsembleModel_Alpha158_csi300_custom_step0_s_20260825_13,8b40317d75d44d78aae6d4207fdf16bf,0.128,,,
2612,2026-08-25,SH600460,0.03921774991076224,EXP_DEnsembleModel_Alpha158_csi300_custom_step0_s_20260825_13,8b40317d75d44d78aae6d4207fdf16bf,0.128,,,
2613,2026-08-25,SH600482,-0.07547661161202815,EXP_DEnsembleModel_Alpha158_csi300_custom_step0_s_20260825_13,8b40317d75d44d78aae6d4207fdf16bf,0.128,,,
2614,2026-08-25,SH601012,-0.09886776389507394,EXP_DEnsembleModel_Alpha158_csi300_custom_step0_s_20260825_13,8b40317d75d44d78aae6d4207fdf16bf,0.128,,,
2615,2026-08-25,SH600489,0.019631568880612234,EXP_DEnsembleModel_Alpha158_csi300_custom_step0_s_20260825_13,8b40317d75d44d78aae6d4207fdf16bf,0.128,,,
2616,2026-08-25,SH600519,0.02769913530616646,EXP_DEnsembleModel_Alpha158_csi300_custom_step0_s_20260825_13,8b40317d75d44d78aae6d4207fdf16bf,0.128,,,
2617,2026-08-25,SH600522,0.10404324438329061,EXP_DEnsembleModel_Alpha158_csi300_custom_step0_s_20260825_13,8b40317d75d44d78aae6d4207fdf16bf,0.128,,,
2618,2026-08-25,SH600547,-0.09148716463480921,EXP_DEnsembleModel_Alpha158_csi300_custom_step0_s_20260825_13,8b40317d75d44d78aae6d4207fdf16bf,0.128,,,
2619,2026-08-25,SH600549,0.07324545682643252,EXP_DEnsembleModel_Alpha158_csi300_custom_step0_s_20260825_13,8b40317d75d44d78aae6d4207fdf16bf,0.128,,,
2620,2026-08-25,SH600570,-0.07507761774856324,EXP_DEnsembleModel_Alpha158_csi300_custom_step0_s_20260825_13,8b40317d75d44d78aae6d4207fdf16bf,0.128,,,
2621,2026-08-25,SH600584,0.15728731816491034,EXP_DEnsembleModel_Alpha158_csi300_custom_step0_s_20260825_13,8b40317d75d44d78aae6d4207fdf16bf,0.128,,,
2622,2026-08-25,SH600585,0.0513734745533561,EXP_DEnsembleModel_Alpha158_csi300_custom_step0_s_20260825_13,8b40317d75d44d78aae6d4207fdf16bf,0.128,,,
2623,2026-08-25,SH600588,0.06941201489868247,EXP_DEnsembleModel_Alpha158_csi300_custom_step0_s_20260825_13,8b40317d75d44d78aae6d4207fdf16bf,0.128,,,
2624,2026-08-25,SH600600,-0.10102808349594207,EXP_DEnsembleModel_Alpha158_csi300_custom_step0_s_20260825_13,8b40317d75d44d78aae6d4207fdf16bf,0.128,,,
2625,2026-08-25,SH600660,-0.06775203446011414,EXP_DEnsembleModel_Alpha158_csi300_custom_step0_s_20260825_13,8b40317d75d44d78aae6d4207fdf16bf,0.128,,,
2626,2026-08-25,SH600515,-0.04583442052926787,EXP_DEnsembleModel_Alpha158_csi300_custom_step0_s_20260825_13,8b40317d75d44d78aae6d4207fdf16bf,0.128,,,
2627,2026-08-25,SH601018,0.10261062537684812,EXP_DEnsembleModel_Alpha158_csi300_custom_step0_s_20260825_13,8b40317d75d44d78aae6d4207fdf16bf,0.128,,,
2628,2026-08-25,SH601021,0.029611553956282982,EXP_DEnsembleModel_Alpha158_csi300_custom_step0_s_20260825_13,8b40317d75d44d78aae6d4207fdf16bf,0.128,,,
2629,2026-08-25,SH601058,0.01992577944642611,EXP_DEnsembleModel_Alpha158_csi300_custom_step0_s_20260825_13,8b40317d75d44d78aae6d4207fdf16bf,0.128,,,
2630,2026-08-25,SH601456,0.03484445229606664,EXP_DEnsembleModel_Alpha158_csi300_custom_step0_s_20260825_13,8b40317d75d44d78aae6d4207fdf16bf,0.128,,,
2631,2026-08-25,SH601600,-0.10816418267938178,EXP_DEnsembleModel_Alpha158_csi300_custom_step0_s_20260825_13,8b40317d75d44d78aae6d4207fdf16bf,0.128,,,
2632,2026-08-25,SH601601,-0.06699254568042302,EXP_DEnsembleModel_Alpha158_csi300_custom_step0_s_20260825_13,8b40317d75d44d78aae6d4207fdf16bf,0.128,,,
2633,2026-08-25,SH601607,0.10243905293080983,EXP_DEnsembleModel_Alpha158_csi300_custom_step0_s_20260825_13,8b40317d75d44d78aae6d4207fdf16bf,0.128,,,
2634,2026-08-25,SH601618,0.06978714772481566,EXP_DEnsembleModel_Alpha158_csi300_custom_step0_s_20260825_13,8b40317d75d44d78aae6d4207fdf16bf,0.128,,,
2635,2026-08-25,SH601628,0.032688599550905854,EXP_DEnsembleModel_Alpha158_csi300_custom_step0_s_20260825_13,8b40317d75d44d78aae6d4207fdf16bf,0.128,,,
2636,2026-08-25,SH601633,-0.021670531133611382,EXP_DEnsembleModel_Alpha158_csi300_custom_step0_s_20260825_13,8b40317d75d44d78aae6d4207fdf16bf,0.128,,,
2637,2026-08-25,SH601658,0.10647606928789964,EXP_DEnsembleModel_Alpha158_csi300_custom_step0_s_20260825_13,8b40317d75d44d78aae6d4207fdf16bf,0.128,,,
2638,2026-08-25,SH601668,0.07266139847561845,EXP_DEnsembleModel_Alpha158_csi300_custom_step0_s_20260825_13,8b40317d75d44d78aae6d4207fdf16bf,0.128,,,
2639,2026-08-25,SH601669,0.057852636568202366,EXP_DEnsembleModel_Alpha158_csi300_custom_step0_s_20260825_13,8b40317d75d44d78aae6d4207fdf16bf,0.128,,,
2640,2026-08-25,SH601398,0.03164470412474721,EXP_DEnsembleModel_Alpha158_csi300_custom_step0_s_20260825_13,8b40317d75d44d78aae6d4207fdf16bf,0.128,,,
2641,2026-08-25,SH601688,0.0756619348646317,EXP_DEnsembleModel_Alpha158_csi300_custom_step0_s_20260825_13,8b40317d75d44d78aae6d4207fdf16bf,0.128,,,
2642,2026-08-25,SH601698,-0.02015636730485113,EXP_DEnsembleModel_Alpha158_csi300_custom_step0_s_20260825_13,8b40317d75d44d78aae6d4207fdf16bf,0.128,,,
2643,2026-08-25,SH601727,-0.0679252275566542,EXP_DEnsembleModel_Alpha158_csi300_custom_step0_s_20260825_13,8b40317d75d44d78aae6d4207fdf16bf,0.128,,,
2644,2026-08-25,SH601728,0.027202041858152025,EXP_DEnsembleModel_Alpha158_csi300_custom_step0_s_20260825_13,8b40317d75d44d78aae6d4207fdf16bf,0.128,,,
2645,2026-08-25,SH601766,-0.011482458857109273,EXP_DEnsembleModel_Alpha158_csi300_custom_step0_s_20260825_13,8b40317d75d44d78aae6d4207fdf16bf,0.128,,,
2646,2026-08-25,SH601788,0.06643754631002864,EXP_DEnsembleModel_Alpha158_csi300_custom_step0_s_20260825_13,8b40317d75d44d78aae6d4207fdf16bf,0.128,,,
2647,2026-08-25,SH601800,0.04036047121292185,EXP_DEnsembleModel_Alpha158_csi300_custom_step0_s_20260825_13,8b40317d75d44d78aae6d4207fdf16bf,0.128,,,
2648,2026-08-25,SH601816,0.10666633765643392,EXP_DEnsembleModel_Alpha158_csi300_custom_step0_s_20260825_13,8b40317d75d44d78aae6d4207fdf16bf,0.128,,,
2649,2026-08-25,SH601818,0.08549073999802688,EXP_DEnsembleModel_Alpha158_csi300_custom_step0_s_20260825_13,8b40317d75d44d78aae6d4207fdf16bf,0.128,,,
2650,2026-08-25,SH601825,0.09149522771643716,EXP_DEnsembleModel_Alpha158_csi300_custom_step0_s_20260825_13,8b40317d75d44d78aae6d4207fdf16bf,0.128,,,
2651,2026-08-25,SH601838,0.09491504295946264,EXP_DEnsembleModel_Alpha158_csi300_custom_step0_s_20260825_13,8b40317d75d44d78aae6d4207fdf16bf,0.128,,,
2652,2026-08-25,SH601689,-0.04931435160540619,EXP_DEnsembleModel_Alpha158_csi300_custom_step0_s_20260825_13,8b40317d75d44d78aae6d4207fdf16bf,0.128,,,
2653,2026-08-25,SH601868,0.07705923070322465,EXP_DEnsembleModel_Alpha158_csi300_custom_step0_s_20260825_13,8b40317d75d44d78aae6d4207fdf16bf,0.128,,,
2654,2026-08-25,SH601390,0.05169449697114277,EXP_DEnsembleModel_Alpha158_csi300_custom_step0_s_20260825_13,8b40317d75d44d78aae6d4207fdf16bf,0.128,,,
2655,2026-08-25,SH601360,-0.10607145841849681,EXP_DEnsembleModel_Alpha158_csi300_custom_step0_s_20260825_13,8b40317d75d44d78aae6d4207fdf16bf,0.128,,,
2656,2026-08-25,SH601059,0.06703661493228225,EXP_DEnsembleModel_Alpha158_csi300_custom_step0_s_20260825_13,8b40317d75d44d78aae6d4207fdf16bf,0.128,,,
2657,2026-08-25,SH601066,-0.0012886032235844022,EXP_DEnsembleModel_Alpha158_csi300_custom_step0_s_20260825_13,8b40317d75d44d78aae6d4207fdf16bf,0.128,,,
2658,2026-08-25,SH601077,-0.01149247181456763,EXP_DEnsembleModel_Alpha158_csi300_custom_step0_s_20260825_13,8b40317d75d44d78aae6d4207fdf16bf,0.128,,,
2659,2026-08-25,SH601088,0.007826641264660277,EXP_DEnsembleModel_Alpha158_csi300_custom_step0_s_20260825_13,8b40317d75d44d78aae6d4207fdf16bf,0.128,,,
2660,2026-08-25,SH601100,-0.022510750179892233,EXP_DEnsembleModel_Alpha158_csi300_custom_step0_s_20260825_13,8b40317d75d44d78aae6d4207fdf16bf,0.128,,,
2661,2026-08-25,SH601111,0.037789959395938114,EXP_DEnsembleModel_Alpha158_csi300_custom_step0_s_20260825_13,8b40317d75d44d78aae6d4207fdf16bf,0.128,,,
2662,2026-08-25,SH601117,0.09113270685275333,EXP_DEnsembleModel_Alpha158_csi300_custom_step0_s_20260825_13,8b40317d75d44d78aae6d4207fdf16bf,0.128,,,
2663,2026-08-25,SH601127,-0.1043069153810608,EXP_DEnsembleModel_Alpha158_csi300_custom_step0_s_20260825_13,8b40317d75d44d78aae6d4207fdf16bf,0.128,,,
2664,2026-08-25,SH601136,-0.0684136193837951,EXP_DEnsembleModel_Alpha158_csi300_custom_step0_s_20260825_13,8b40317d75d44d78aae6d4207fdf16bf,0.128,,,
2665,2026-08-25,SH601138,-0.07330919315531237,EXP_DEnsembleModel_Alpha158_csi300_custom_step0_s_20260825_13,8b40317d75d44d78aae6d4207fdf16bf,0.128,,,
2666,2026-08-25,SH601377,0.08057629830242703,EXP_DEnsembleModel_Alpha158_csi300_custom_step0_s_20260825_13,8b40317d75d44d78aae6d4207fdf16bf,0.128,,,
2667,2026-08-25,SH601166,0.07680528662105891,EXP_DEnsembleModel_Alpha158_csi300_custom_step0_s_20260825_13,8b40317d75d44d78aae6d4207fdf16bf,0.128,,,
2668,2026-08-25,SH601186,0.047808364106707184,EXP_DEnsembleModel_Alpha158_csi300_custom_step0_s_20260825_13,8b40317d75d44d78aae6d4207fdf16bf,0.128,,,
2669,2026-08-25,SH601211,0.011053319260021066,EXP_DEnsembleModel_Alpha158_csi300_custom_step0_s_20260825_13,8b40317d75d44d78aae6d4207fdf16bf,0.128,,,
2670,2026-08-25,SH601225,-0.05154336900133789,EXP_DEnsembleModel_Alpha158_csi300_custom_step0_s_20260825_13,8b40317d75d44d78aae6d4207fdf16bf,0.128,,,
2671,2026-08-25,SH601229,0.12673556330210073,EXP_DEnsembleModel_Alpha158_csi300_custom_step0_s_20260825_13,8b40317d75d44d78aae6d4207fdf16bf,0.128,,,
2672,2026-08-25,SH601238,-0.16861698309732298,EXP_DEnsembleModel_Alpha158_csi300_custom_step0_s_20260825_13,8b40317d75d44d78aae6d4207fdf16bf,0.128,,,
2673,2026-08-25,SH601288,0.04423557256427571,EXP_DEnsembleModel_Alpha158_csi300_custom_step0_s_20260825_13,8b40317d75d44d78aae6d4207fdf16bf,0.128,,,
2674,2026-08-25,SH601318,0.03036236205423654,EXP_DEnsembleModel_Alpha158_csi300_custom_step0_s_20260825_13,8b40317d75d44d78aae6d4207fdf16bf,0.128,,,
2675,2026-08-25,SH601319,0.045457144634169916,EXP_DEnsembleModel_Alpha158_csi300_custom_step0_s_20260825_13,8b40317d75d44d78aae6d4207fdf16bf,0.128,,,
2676,2026-08-25,SH601328,0.05083530906613225,EXP_DEnsembleModel_Alpha158_csi300_custom_step0_s_20260825_13,8b40317d75d44d78aae6d4207fdf16bf,0.128,,,
2677,2026-08-25,SH601336,0.006930308455982105,EXP_DEnsembleModel_Alpha158_csi300_custom_step0_s_20260825_13,8b40317d75d44d78aae6d4207fdf16bf,0.128,,,
2678,2026-08-25,SH601169,0.13305790391035288,EXP_DEnsembleModel_Alpha158_csi300_custom_step0_s_20260825_13,8b40317d75d44d78aae6d4207fdf16bf,0.128,,,
2679,2026-08-25,SZ002371,-0.04413235269737784,EXP_DEnsembleModel_Alpha158_csi300_custom_step0_s_20260825_13,8b40317d75d44d78aae6d4207fdf16bf,0.128,,,
2680,2026-08-25,SZ002384,0.21649342337092767,EXP_DEnsembleModel_Alpha158_csi300_custom_step0_s_20260825_13,8b40317d75d44d78aae6d4207fdf16bf,0.128,,,
2681,2026-08-25,SZ002415,-0.029080951315071397,EXP_DEnsembleModel_Alpha158_csi300_custom_step0_s_20260825_13,8b40317d75d44d78aae6d4207fdf16bf,0.128,,,
2682,2026-08-25,SH600918,0.11538746207686933,EXP_DEnsembleModel_Alpha158_csi300_custom_step0_s_20260825_13,0ca07341ef9c4042a26d1ac41e22d177,0.035,,,
2683,2026-08-25,SH600919,0.09714665312083191,EXP_DEnsembleModel_Alpha158_csi300_custom_step0_s_20260825_13,0ca07341ef9c4042a26d1ac41e22d177,0.035,,,
2684,2026-08-25,SH600926,0.02711778844969084,EXP_DEnsembleModel_Alpha158_csi300_custom_step0_s_20260825_13,0ca07341ef9c4042a26d1ac41e22d177,0.035,,,
2685,2026-08-25,SH600930,-0.060382355957530526,EXP_DEnsembleModel_Alpha158_csi300_custom_step0_s_20260825_13,0ca07341ef9c4042a26d1ac41e22d177,0.035,,,
2686,2026-08-25,SH600938,0.005057850077149085,EXP_DEnsembleModel_Alpha158_csi300_custom_step0_s_20260825_13,0ca07341ef9c4042a26d1ac41e22d177,0.035,,,
2687,2026-08-25,SH600941,0.14063956474214906,EXP_DEnsembleModel_Alpha158_csi300_custom_step0_s_20260825_13,0ca07341ef9c4042a26d1ac41e22d177,0.035,,,
2688,2026-08-25,SH600958,0.05110156512727202,EXP_DEnsembleModel_Alpha158_csi300_custom_step0_s_20260825_13,0ca07341ef9c4042a26d1ac41e22d177,0.035,,,
2689,2026-08-25,SH600989,0.10497209777921428,EXP_DEnsembleModel_Alpha158_csi300_custom_step0_s_20260825_13,0ca07341ef9c4042a26d1ac41e22d177,0.035,,,
2690,2026-08-25,SH600999,0.0349567837651713,EXP_DEnsembleModel_Alpha158_csi300_custom_step0_s_20260825_13,0ca07341ef9c4042a26d1ac41e22d177,0.035,,,
2691,2026-08-25,SH601006,0.07055246349044711,EXP_DEnsembleModel_Alpha158_csi300_custom_step0_s_20260825_13,0ca07341ef9c4042a26d1ac41e22d177,0.035,,,
2692,2026-08-25,SH601009,0.02472252144435019,EXP_DEnsembleModel_Alpha158_csi300_custom_step0_s_20260825_13,0ca07341ef9c4042a26d1ac41e22d177,0.035,,,
2693,2026-08-25,SH601012,-0.03576470242920896,EXP_DEnsembleModel_Alpha158_csi300_custom_step0_s_20260825_13,0ca07341ef9c4042a26d1ac41e22d177,0.035,,,
2694,2026-08-25,SH601018,0.14038687048881895,EXP_DEnsembleModel_Alpha158_csi300_custom_step0_s_20260825_13,0ca07341ef9c4042a26d1ac41e22d177,0.035,,,
2695,2026-08-25,SH601021,0.010050302242873529,EXP_DEnsembleModel_Alpha158_csi300_custom_step0_s_20260825_13,0ca07341ef9c4042a26d1ac41e22d177,0.035,,,
2696,2026-08-25,SH601058,0.051995464407685606,EXP_DEnsembleModel_Alpha158_csi300_custom_step0_s_20260825_13,0ca07341ef9c4042a26d1ac41e22d177,0.035,,,
2697,2026-08-25,SH601059,0.049303609035796093,EXP_DEnsembleModel_Alpha158_csi300_custom_step0_s_20260825_13,0ca07341ef9c4042a26d1ac41e22d177,0.035,,,
2698,2026-08-25,SH601066,-0.0259302520478016,EXP_DEnsembleModel_Alpha158_csi300_custom_step0_s_20260825_13,0ca07341ef9c4042a26d1ac41e22d177,0.035,,,
2699,2026-08-25,SH601077,0.0015725163950056273,EXP_DEnsembleModel_Alpha158_csi300_custom_step0_s_20260825_13,0ca07341ef9c4042a26d1ac41e22d177,0.035,,,
2700,2026-08-25,SH601088,0.0062093017809686174,EXP_DEnsembleModel_Alpha158_csi300_custom_step0_s_20260825_13,0ca07341ef9c4042a26d1ac41e22d177,0.035,,,
2701,2026-08-25,SH601100,0.043482463594631565,EXP_DEnsembleModel_Alpha158_csi300_custom_step0_s_20260825_13,0ca07341ef9c4042a26d1ac41e22d177,0.035,,,
2702,2026-08-25,SH601111,0.017587584446448926,EXP_DEnsembleModel_Alpha158_csi300_custom_step0_s_20260825_13,0ca07341ef9c4042a26d1ac41e22d177,0.035,,,
2703,2026-08-25,SH600905,0.034058142900771145,EXP_DEnsembleModel_Alpha158_csi300_custom_step0_s_20260825_13,0ca07341ef9c4042a26d1ac41e22d177,0.035,,,
2704,2026-08-25,SH600900,0.1096062837110941,EXP_DEnsembleModel_Alpha158_csi300_custom_step0_s_20260825_13,0ca07341ef9c4042a26d1ac41e22d177,0.035,,,
2705,2026-08-25,SH600893,-0.024073263645697462,EXP_DEnsembleModel_Alpha158_csi300_custom_step0_s_20260825_13,0ca07341ef9c4042a26d1ac41e22d177,0.035,,,
2706,2026-08-25,SH600887,0.11977987878736972,EXP_DEnsembleModel_Alpha158_csi300_custom_step0_s_20260825_13,0ca07341ef9c4042a26d1ac41e22d177,0.035,,,
2707,2026-08-25,SH600489,0.036265447006117064,EXP_DEnsembleModel_Alpha158_csi300_custom_step0_s_20260825_13,0ca07341ef9c4042a26d1ac41e22d177,0.035,,,
2708,2026-08-25,SH600515,-0.0367097531512401,EXP_DEnsembleModel_Alpha158_csi300_custom_step0_s_20260825_13,0ca07341ef9c4042a26d1ac41e22d177,0.035,,,
2709,2026-08-25,SH600519,0.018136817644063077,EXP_DEnsembleModel_Alpha158_csi300_custom_step0_s_20260825_13,0ca07341ef9c4042a26d1ac41e22d177,0.035,,,
2710,2026-08-25,SH600522,0.08618835103313001,EXP_DEnsembleModel_Alpha158_csi300_custom_step0_s_20260825_13,0ca07341ef9c4042a26d1ac41e22d177,0.035,,,
2711,2026-08-25,SH600547,-0.14583129383403182,EXP_DEnsembleModel_Alpha158_csi300_custom_step0_s_20260825_13,0ca07341ef9c4042a26d1ac41e22d177,0.035,,,
2712,2026-08-25,SH600549,0.10131563096360797,EXP_DEnsembleModel_Alpha158_csi300_custom_step0_s_20260825_13,0ca07341ef9c4042a26d1ac41e22d177,0.035,,,
2713,2026-08-25,SH600570,-0.07187740972810525,EXP_DEnsembleModel_Alpha158_csi300_custom_step0_s_20260825_13,0ca07341ef9c4042a26d1ac41e22d177,0.035,,,
2714,2026-08-25,SH600584,0.17345192941129353,EXP_DEnsembleModel_Alpha158_csi300_custom_step0_s_20260825_13,0ca07341ef9c4042a26d1ac41e22d177,0.035,,,
2715,2026-08-25,SH600585,0.07316278815037583,EXP_DEnsembleModel_Alpha158_csi300_custom_step0_s_20260825_13,0ca07341ef9c4042a26d1ac41e22d177,0.035,,,
2716,2026-08-25,SH600588,0.07369898612924468,EXP_DEnsembleModel_Alpha158_csi300_custom_step0_s_20260825_13,0ca07341ef9c4042a26d1ac41e22d177,0.035,,,
2717,2026-08-25,SH601117,0.07692967196163333,EXP_DEnsembleModel_Alpha158_csi300_custom_step0_s_20260825_13,0ca07341ef9c4042a26d1ac41e22d177,0.035,,,
2718,2026-08-25,SH600600,-0.09357917369122302,EXP_DEnsembleModel_Alpha158_csi300_custom_step0_s_20260825_13,0ca07341ef9c4042a26d1ac41e22d177,0.035,,,
2719,2026-08-25,SH600674,0.07968579247075555,EXP_DEnsembleModel_Alpha158_csi300_custom_step0_s_20260825_13,0ca07341ef9c4042a26d1ac41e22d177,0.035,,,
2720,2026-08-25,SH600690,0.040696911259808594,EXP_DEnsembleModel_Alpha158_csi300_custom_step0_s_20260825_13,0ca07341ef9c4042a26d1ac41e22d177,0.035,,,
2721,2026-08-25,SH600741,0.056012619308790264,EXP_DEnsembleModel_Alpha158_csi300_custom_step0_s_20260825_13,0ca07341ef9c4042a26d1ac41e22d177,0.035,,,
2722,2026-08-25,SH600760,0.07337310110379182,EXP_DEnsembleModel_Alpha158_csi300_custom_step0_s_20260825_13,0ca07341ef9c4042a26d1ac41e22d177,0.035,,,
2723,2026-08-25,SH600795,0.06813748302143222,EXP_DEnsembleModel_Alpha158_csi300_custom_step0_s_20260825_13,0ca07341ef9c4042a26d1ac41e22d177,0.035,,,
2724,2026-08-25,SH600803,0.047876659972930495,EXP_DEnsembleModel_Alpha158_csi300_custom_step0_s_20260825_13,0ca07341ef9c4042a26d1ac41e22d177,0.035,,,
2725,2026-08-25,SH600809,-0.1390681229596265,EXP_DEnsembleModel_Alpha158_csi300_custom_step0_s_20260825_13,0ca07341ef9c4042a26d1ac41e22d177,0.035,,,
2726,2026-08-25,SH600845,-0.09634900714943584,EXP_DEnsembleModel_Alpha158_csi300_custom_step0_s_20260825_13,0ca07341ef9c4042a26d1ac41e22d177,0.035,,,
2727,2026-08-25,SH600875,-0.09440636781824763,EXP_DEnsembleModel_Alpha158_csi300_custom_step0_s_20260825_13,0ca07341ef9c4042a26d1ac41e22d177,0.035,,,
2728,2026-08-25,SH600886,0.10163789977061509,EXP_DEnsembleModel_Alpha158_csi300_custom_step0_s_20260825_13,0ca07341ef9c4042a26d1ac41e22d177,0.035,,,
2729,2026-08-25,SH600660,-0.06014768987796424,EXP_DEnsembleModel_Alpha158_csi300_custom_step0_s_20260825_13,0ca07341ef9c4042a26d1ac41e22d177,0.035,,,
2730,2026-08-25,SH601127,-0.14289331207724573,EXP_DEnsembleModel_Alpha158_csi300_custom_step0_s_20260825_13,0ca07341ef9c4042a26d1ac41e22d177,0.035,,,
2731,2026-08-25,SH601136,-0.05929398976545674,EXP_DEnsembleModel_Alpha158_csi300_custom_step0_s_20260825_13,0ca07341ef9c4042a26d1ac41e22d177,0.035,,,
2732,2026-08-25,SH601138,0.027912328342932734,EXP_DEnsembleModel_Alpha158_csi300_custom_step0_s_20260825_13,0ca07341ef9c4042a26d1ac41e22d177,0.035,,,
2733,2026-08-25,SH601688,0.0870857288809233,EXP_DEnsembleModel_Alpha158_csi300_custom_step0_s_20260825_13,0ca07341ef9c4042a26d1ac41e22d177,0.035,,,
2734,2026-08-25,SH601689,-0.020831969150876886,EXP_DEnsembleModel_Alpha158_csi300_custom_step0_s_20260825_13,0ca07341ef9c4042a26d1ac41e22d177,0.035,,,
2735,2026-08-25,SH601698,-0.06061743291845438,EXP_DEnsembleModel_Alpha158_csi300_custom_step0_s_20260825_13,0ca07341ef9c4042a26d1ac41e22d177,0.035,,,
2736,2026-08-25,SH601727,-0.0728043210071591,EXP_DEnsembleModel_Alpha158_csi300_custom_step0_s_20260825_13,0ca07341ef9c4042a26d1ac41e22d177,0.035,,,
2737,2026-08-25,SH601728,0.01875888802666286,EXP_DEnsembleModel_Alpha158_csi300_custom_step0_s_20260825_13,0ca07341ef9c4042a26d1ac41e22d177,0.035,,,
2738,2026-08-25,SH601766,0.022539906432889837,EXP_DEnsembleModel_Alpha158_csi300_custom_step0_s_20260825_13,0ca07341ef9c4042a26d1ac41e22d177,0.035,,,
2739,2026-08-25,SH601788,0.0678089963963931,EXP_DEnsembleModel_Alpha158_csi300_custom_step0_s_20260825_13,0ca07341ef9c4042a26d1ac41e22d177,0.035,,,
2740,2026-08-25,SH601800,0.03363617142940381,EXP_DEnsembleModel_Alpha158_csi300_custom_step0_s_20260825_13,0ca07341ef9c4042a26d1ac41e22d177,0.035,,,
2741,2026-08-25,SH601816,0.1146306690523199,EXP_DEnsembleModel_Alpha158_csi300_custom_step0_s_20260825_13,0ca07341ef9c4042a26d1ac41e22d177,0.035,,,
2742,2026-08-25,SH601818,0.08988013097667755,EXP_DEnsembleModel_Alpha158_csi300_custom_step0_s_20260825_13,0ca07341ef9c4042a26d1ac41e22d177,0.035,,,
2743,2026-08-25,SH601669,0.015657587791523007,EXP_DEnsembleModel_Alpha158_csi300_custom_step0_s_20260825_13,0ca07341ef9c4042a26d1ac41e22d177,0.035,,,
2744,2026-08-25,SH601825,-0.013407602363746447,EXP_DEnsembleModel_Alpha158_csi300_custom_step0_s_20260825_13,0ca07341ef9c4042a26d1ac41e22d177,0.035,,,
2745,2026-08-25,SH601857,-0.02547680998332994,EXP_DEnsembleModel_Alpha158_csi300_custom_step0_s_20260825_13,0ca07341ef9c4042a26d1ac41e22d177,0.035,,,
2746,2026-08-25,SH601868,0.051759692183660624,EXP_DEnsembleModel_Alpha158_csi300_custom_step0_s_20260825_13,0ca07341ef9c4042a26d1ac41e22d177,0.035,,,
2747,2026-08-25,SH601872,-0.17794286078776625,EXP_DEnsembleModel_Alpha158_csi300_custom_step0_s_20260825_13,0ca07341ef9c4042a26d1ac41e22d177,0.035,,,
2748,2026-08-25,SH601877,-0.04608107173162323,EXP_DEnsembleModel_Alpha158_csi300_custom_step0_s_20260825_13,0ca07341ef9c4042a26d1ac41e22d177,0.035,,,
2749,2026-08-25,SH601878,0.038621991147538594,EXP_DEnsembleModel_Alpha158_csi300_custom_step0_s_20260825_13,0ca07341ef9c4042a26d1ac41e22d177,0.035,,,
2750,2026-08-25,SH601881,0.07689882123699153,EXP_DEnsembleModel_Alpha158_csi300_custom_step0_s_20260825_13,0ca07341ef9c4042a26d1ac41e22d177,0.035,,,
2751,2026-08-25,SH601888,-0.10736276775588986,EXP_DEnsembleModel_Alpha158_csi300_custom_step0_s_20260825_13,0ca07341ef9c4042a26d1ac41e22d177,0.035,,,
2752,2026-08-25,SH601898,0.01310888847468372,EXP_DEnsembleModel_Alpha158_csi300_custom_step0_s_20260825_13,0ca07341ef9c4042a26d1ac41e22d177,0.035,,,
2753,2026-08-25,SH601899,-0.11979266528268653,EXP_DEnsembleModel_Alpha158_csi300_custom_step0_s_20260825_13,0ca07341ef9c4042a26d1ac41e22d177,0.035,,,
2754,2026-08-25,SH601901,-0.014630468804307331,EXP_DEnsembleModel_Alpha158_csi300_custom_step0_s_20260825_13,0ca07341ef9c4042a26d1ac41e22d177,0.035,,,
2755,2026-08-25,SH601838,0.0850527201688621,EXP_DEnsembleModel_Alpha158_csi300_custom_step0_s_20260825_13,0ca07341ef9c4042a26d1ac41e22d177,0.035,,,
2756,2026-08-25,SH600482,-0.02409065377456808,EXP_DEnsembleModel_Alpha158_csi300_custom_step0_s_20260825_13,0ca07341ef9c4042a26d1ac41e22d177,0.035,,,
2757,2026-08-25,SH601668,0.1088876712104061,EXP_DEnsembleModel_Alpha158_csi300_custom_step0_s_20260825_13,0ca07341ef9c4042a26d1ac41e22d177,0.035,,,
2758,2026-08-25,SH601633,0.012908684470503801,EXP_DEnsembleModel_Alpha158_csi300_custom_step0_s_20260825_13,0ca07341ef9c4042a26d1ac41e22d177,0.035,,,
2759,2026-08-25,SH601166,0.1111361433246144,EXP_DEnsembleModel_Alpha158_csi300_custom_step0_s_20260825_13,0ca07341ef9c4042a26d1ac41e22d177,0.035,,,
2760,2026-08-25,SH601169,0.13272978328323987,EXP_DEnsembleModel_Alpha158_csi300_custom_step0_s_20260825_13,0ca07341ef9c4042a26d1ac41e22d177,0.035,,,
2761,2026-08-25,SH601186,0.07906050022342329,EXP_DEnsembleModel_Alpha158_csi300_custom_step0_s_20260825_13,0ca07341ef9c4042a26d1ac41e22d177,0.035,,,
2762,2026-08-25,SH601211,-0.035404737906584764,EXP_DEnsembleModel_Alpha158_csi300_custom_step0_s_20260825_13,0ca07341ef9c4042a26d1ac41e22d177,0.035,,,
2763,2026-08-25,SH601225,-0.03953163059019131,EXP_DEnsembleModel_Alpha158_csi300_custom_step0_s_20260825_13,0ca07341ef9c4042a26d1ac41e22d177,0.035,,,
2764,2026-08-25,SH601229,0.06721451092982751,EXP_DEnsembleModel_Alpha158_csi300_custom_step0_s_20260825_13,0ca07341ef9c4042a26d1ac41e22d177,0.035,,,
2765,2026-08-25,SH601238,-0.0951975229849569,EXP_DEnsembleModel_Alpha158_csi300_custom_step0_s_20260825_13,0ca07341ef9c4042a26d1ac41e22d177,0.035,,,
2766,2026-08-25,SH601288,0.008555531098114714,EXP_DEnsembleModel_Alpha158_csi300_custom_step0_s_20260825_13,0ca07341ef9c4042a26d1ac41e22d177,0.035,,,
2767,2026-08-25,SH601318,0.0033609985732245416,EXP_DEnsembleModel_Alpha158_csi300_custom_step0_s_20260825_13,0ca07341ef9c4042a26d1ac41e22d177,0.035,,,
2768,2026-08-25,SH601319,0.05929099892546147,EXP_DEnsembleModel_Alpha158_csi300_custom_step0_s_20260825_13,0ca07341ef9c4042a26d1ac41e22d177,0.035,,,
2769,2026-08-25,SH601658,0.1379317951418196,EXP_DEnsembleModel_Alpha158_csi300_custom_step0_s_20260825_13,0ca07341ef9c4042a26d1ac41e22d177,0.035,,,
2770,2026-08-25,SH601328,0.036768999071861146,EXP_DEnsembleModel_Alpha158_csi300_custom_step0_s_20260825_13,0ca07341ef9c4042a26d1ac41e22d177,0.035,,,
2771,2026-08-25,SH601360,-0.04707654555656142,EXP_DEnsembleModel_Alpha158_csi300_custom_step0_s_20260825_13,0ca07341ef9c4042a26d1ac41e22d177,0.035,,,
2772,2026-08-25,SH601377,0.07047395651160336,EXP_DEnsembleModel_Alpha158_csi300_custom_step0_s_20260825_13,0ca07341ef9c4042a26d1ac41e22d177,0.035,,,
2773,2026-08-25,SH601390,0.06872804764355182,EXP_DEnsembleModel_Alpha158_csi300_custom_step0_s_20260825_13,0ca07341ef9c4042a26d1ac41e22d177,0.035,,,
2774,2026-08-25,SH601398,0.008007784102325794,EXP_DEnsembleModel_Alpha158_csi300_custom_step0_s_20260825_13,0ca07341ef9c4042a26d1ac41e22d177,0.035,,,
2775,2026-08-25,SH601456,-0.00712895125767206,EXP_DEnsembleModel_Alpha158_csi300_custom_step0_s_20260825_13,0ca07341ef9c4042a26d1ac41e22d177,0.035,,,
2776,2026-08-25,SH601600,0.004507476738773087,EXP_DEnsembleModel_Alpha158_csi300_custom_step0_s_20260825_13,0ca07341ef9c4042a26d1ac41e22d177,0.035,,,
2777,2026-08-25,SH601601,-0.043624542114468756,EXP_DEnsembleModel_Alpha158_csi300_custom_step0_s_20260825_13,0ca07341ef9c4042a26d1ac41e22d177,0.035,,,
2778,2026-08-25,SH601607,0.09820838438790148,EXP_DEnsembleModel_Alpha158_csi300_custom_step0_s_20260825_13,0ca07341ef9c4042a26d1ac41e22d177,0.035,,,
2779,2026-08-25,SH601618,0.0575073066534195,EXP_DEnsembleModel_Alpha158_csi300_custom_step0_s_20260825_13,0ca07341ef9c4042a26d1ac41e22d177,0.035,,,
2780,2026-08-25,SH601628,0.06826388621456994,EXP_DEnsembleModel_Alpha158_csi300_custom_step0_s_20260825_13,0ca07341ef9c4042a26d1ac41e22d177,0.035,,,
2781,2026-08-25,SH601336,0.04201129060723518,EXP_DEnsembleModel_Alpha158_csi300_custom_step0_s_20260825_13,0ca07341ef9c4042a26d1ac41e22d177,0.035,,,
2782,2026-08-25,SH600460,0.05040470066541281,EXP_DEnsembleModel_Alpha158_csi300_custom_step0_s_20260825_13,0ca07341ef9c4042a26d1ac41e22d177,0.035,,,
2783,2026-08-25,SH600438,-0.10655115872561281,EXP_DEnsembleModel_Alpha158_csi300_custom_step0_s_20260825_13,0ca07341ef9c4042a26d1ac41e22d177,0.035,,,
2784,2026-08-25,SH600436,-0.11769046746289125,EXP_DEnsembleModel_Alpha158_csi300_custom_step0_s_20260825_13,0ca07341ef9c4042a26d1ac41e22d177,0.035,,,
2785,2026-08-25,SZ300124,-0.05786757027728825,EXP_DEnsembleModel_Alpha158_csi300_custom_step0_s_20260825_13,8b40317d75d44d78aae6d4207fdf16bf,0.128,,,
2786,2026-08-25,SZ300251,-0.13564393439198721,EXP_DEnsembleModel_Alpha158_csi300_custom_step0_s_20260825_13,8b40317d75d44d78aae6d4207fdf16bf,0.128,,,
2787,2026-08-25,SZ300274,-0.025820680037829846,EXP_DEnsembleModel_Alpha158_csi300_custom_step0_s_20260825_13,8b40317d75d44d78aae6d4207fdf16bf,0.128,,,
2788,2026-08-25,SZ300308,0.13719985949772007,EXP_DEnsembleModel_Alpha158_csi300_custom_step0_s_20260825_13,8b40317d75d44d78aae6d4207fdf16bf,0.128,,,
2789,2026-08-25,SZ300316,-0.09430796364329967,EXP_DEnsembleModel_Alpha158_csi300_custom_step0_s_20260825_13,8b40317d75d44d78aae6d4207fdf16bf,0.128,,,
2790,2026-08-25,SZ300394,0.19490326285102108,EXP_DEnsembleModel_Alpha158_csi300_custom_step0_s_20260825_13,8b40317d75d44d78aae6d4207fdf16bf,0.128,,,
2791,2026-08-25,SZ300408,0.15066835638734927,EXP_DEnsembleModel_Alpha158_csi300_custom_step0_s_20260825_13,8b40317d75d44d78aae6d4207fdf16bf,0.128,,,
2792,2026-08-25,SZ300413,-0.0672788624122556,EXP_DEnsembleModel_Alpha158_csi300_custom_step0_s_20260825_13,8b40317d75d44d78aae6d4207fdf16bf,0.128,,,
2793,2026-08-25,SZ300418,-0.06994331289534884,EXP_DEnsembleModel_Alpha158_csi300_custom_step0_s_20260825_13,8b40317d75d44d78aae6d4207fdf16bf,0.128,,,
2794,2026-08-25,SZ300433,0.052945447501362465,EXP_DEnsembleModel_Alpha158_csi300_custom_step0_s_20260825_13,8b40317d75d44d78aae6d4207fdf16bf,0.128,,,
2795,2026-08-25,SZ300122,-0.08615278157516817,EXP_DEnsembleModel_Alpha158_csi300_custom_step0_s_20260825_13,8b40317d75d44d78aae6d4207fdf16bf,0.128,,,
2796,2026-08-25,SZ300442,-0.09292807595801343,EXP_DEnsembleModel_Alpha158_csi300_custom_step0_s_20260825_13,8b40317d75d44d78aae6d4207fdf16bf,0.128,,,
2797,2026-08-25,SZ300476,0.20228359125415107,EXP_DEnsembleModel_Alpha158_csi300_custom_step0_s_20260825_13,8b40317d75d44d78aae6d4207fdf16bf,0.128,,,
2798,2026-08-25,SZ300498,-0.06304828900132337,EXP_DEnsembleModel_Alpha158_csi300_custom_step0_s_20260825_13,8b40317d75d44d78aae6d4207fdf16bf,0.128,,,
2799,2026-08-25,SZ300502,0.2789605119959061,EXP_DEnsembleModel_Alpha158_csi300_custom_step0_s_20260825_13,8b40317d75d44d78aae6d4207fdf16bf,0.128,,,
2800,2026-08-25,SZ300628,-0.055306752984783575,EXP_DEnsembleModel_Alpha158_csi300_custom_step0_s_20260825_13,8b40317d75d44d78aae6d4207fdf16bf,0.128,,,
2801,2026-08-25,SZ300661,-0.060378866854023355,EXP_DEnsembleModel_Alpha158_csi300_custom_step0_s_20260825_13,8b40317d75d44d78aae6d4207fdf16bf,0.128,,,
2802,2026-08-25,SZ300750,-0.07242120430579638,EXP_DEnsembleModel_Alpha158_csi300_custom_step0_s_20260825_13,8b40317d75d44d78aae6d4207fdf16bf,0.128,,,
2803,2026-08-25,SZ300760,0.04633497643386483,EXP_DEnsembleModel_Alpha158_csi300_custom_step0_s_20260825_13,8b40317d75d44d78aae6d4207fdf16bf,0.128,,,
2804,2026-08-25,SZ300803,-0.039614594614147396,EXP_DEnsembleModel_Alpha158_csi300_custom_step0_s_20260825_13,8b40317d75d44d78aae6d4207fdf16bf,0.128,,,
2805,2026-08-25,SZ300832,0.03243740818417932,EXP_DEnsembleModel_Alpha158_csi300_custom_step0_s_20260825_13,8b40317d75d44d78aae6d4207fdf16bf,0.128,,,
2806,2026-08-25,SZ300866,-0.11016937338835955,EXP_DEnsembleModel_Alpha158_csi300_custom_step0_s_20260825_13,8b40317d75d44d78aae6d4207fdf16bf,0.128,,,
2807,2026-08-25,SZ300450,-0.06663744934533547,EXP_DEnsembleModel_Alpha158_csi300_custom_step0_s_20260825_13,8b40317d75d44d78aae6d4207fdf16bf,0.128,,,
2808,2026-08-25,SZ300896,-0.17272531218223539,EXP_DEnsembleModel_Alpha158_csi300_custom_step0_s_20260825_13,8b40317d75d44d78aae6d4207fdf16bf,0.128,,,
2809,2026-08-25,SZ300059,-0.023622700235990595,EXP_DEnsembleModel_Alpha158_csi300_custom_step0_s_20260825_13,8b40317d75d44d78aae6d4207fdf16bf,0.128,,,
2810,2026-08-25,SZ300015,-0.11147449057301138,EXP_DEnsembleModel_Alpha158_csi300_custom_step0_s_20260825_13,8b40317d75d44d78aae6d4207fdf16bf,0.128,,,
2811,2026-08-25,SZ002422,0.002594246206094046,EXP_DEnsembleModel_Alpha158_csi300_custom_step0_s_20260825_13,8b40317d75d44d78aae6d4207fdf16bf,0.128,,,
2812,2026-08-25,SZ002460,-0.13328277080472176,EXP_DEnsembleModel_Alpha158_csi300_custom_step0_s_20260825_13,8b40317d75d44d78aae6d4207fdf16bf,0.128,,,
2813,2026-08-25,SZ002463,-0.06517021302901457,EXP_DEnsembleModel_Alpha158_csi300_custom_step0_s_20260825_13,8b40317d75d44d78aae6d4207fdf16bf,0.128,,,
2814,2026-08-25,SZ002466,-0.06935003660641317,EXP_DEnsembleModel_Alpha158_csi300_custom_step0_s_20260825_13,8b40317d75d44d78aae6d4207fdf16bf,0.128,,,
2815,2026-08-25,SZ002475,-0.07370612142619942,EXP_DEnsembleModel_Alpha158_csi300_custom_step0_s_20260825_13,8b40317d75d44d78aae6d4207fdf16bf,0.128,,,
2816,2026-08-25,SZ002493,-0.07340260823587104,EXP_DEnsembleModel_Alpha158_csi300_custom_step0_s_20260825_13,8b40317d75d44d78aae6d4207fdf16bf,0.128,,,
2817,2026-08-25,SZ002532,-0.08055522866279027,EXP_DEnsembleModel_Alpha158_csi300_custom_step0_s_20260825_13,8b40317d75d44d78aae6d4207fdf16bf,0.128,,,
2818,2026-08-25,SZ002558,-0.07690076174432424,EXP_DEnsembleModel_Alpha158_csi300_custom_step0_s_20260825_13,8b40317d75d44d78aae6d4207fdf16bf,0.128,,,
2819,2026-08-25,SZ002594,-0.006117854681139267,EXP_DEnsembleModel_Alpha158_csi300_custom_step0_s_20260825_13,8b40317d75d44d78aae6d4207fdf16bf,0.128,,,
2820,2026-08-25,SZ002600,-0.05681730320302121,EXP_DEnsembleModel_Alpha158_csi300_custom_step0_s_20260825_13,8b40317d75d44d78aae6d4207fdf16bf,0.128,,,
2821,2026-08-25,SZ300033,-0.0946539585810235,EXP_DEnsembleModel_Alpha158_csi300_custom_step0_s_20260825_13,8b40317d75d44d78aae6d4207fdf16bf,0.128,,,
2822,2026-08-25,SZ002602,-0.12837556897722663,EXP_DEnsembleModel_Alpha158_csi300_custom_step0_s_20260825_13,8b40317d75d44d78aae6d4207fdf16bf,0.128,,,
2823,2026-08-25,SZ002648,0.030346421166202082,EXP_DEnsembleModel_Alpha158_csi300_custom_step0_s_20260825_13,8b40317d75d44d78aae6d4207fdf16bf,0.128,,,
2824,2026-08-25,SZ002709,0.01627865730392008,EXP_DEnsembleModel_Alpha158_csi300_custom_step0_s_20260825_13,8b40317d75d44d78aae6d4207fdf16bf,0.128,,,
2825,2026-08-25,SZ002714,0.06870120806552169,EXP_DEnsembleModel_Alpha158_csi300_custom_step0_s_20260825_13,8b40317d75d44d78aae6d4207fdf16bf,0.128,,,
2826,2026-08-25,SZ002736,0.0666788618698469,EXP_DEnsembleModel_Alpha158_csi300_custom_step0_s_20260825_13,8b40317d75d44d78aae6d4207fdf16bf,0.128,,,
2827,2026-08-25,SZ002837,0.22512227162773407,EXP_DEnsembleModel_Alpha158_csi300_custom_step0_s_20260825_13,8b40317d75d44d78aae6d4207fdf16bf,0.128,,,
2828,2026-08-25,SZ002916,0.022005031443111264,EXP_DEnsembleModel_Alpha158_csi300_custom_step0_s_20260825_13,8b40317d75d44d78aae6d4207fdf16bf,0.128,,,
2829,2026-08-25,SZ002920,-0.09881349452402524,EXP_DEnsembleModel_Alpha158_csi300_custom_step0_s_20260825_13,8b40317d75d44d78aae6d4207fdf16bf,0.128,,,
2830,2026-08-25,SZ002938,-0.03590480710981187,EXP_DEnsembleModel_Alpha158_csi300_custom_step0_s_20260825_13,8b40317d75d44d78aae6d4207fdf16bf,0.128,,,
2831,2026-08-25,SZ003816,0.0057176860512322914,EXP_DEnsembleModel_Alpha158_csi300_custom_step0_s_20260825_13,8b40317d75d44d78aae6d4207fdf16bf,0.128,,,
2832,2026-08-25,SZ300014,0.004336431920781517,EXP_DEnsembleModel_Alpha158_csi300_custom_step0_s_20260825_13,8b40317d75d44d78aae6d4207fdf16bf,0.128,,,
2833,2026-08-25,SZ002625,-0.12857953311306328,EXP_DEnsembleModel_Alpha158_csi300_custom_step0_s_20260825_13,8b40317d75d44d78aae6d4207fdf16bf,0.128,,,
2834,2026-08-25,SH600309,0.018781620199256176,EXP_DEnsembleModel_Alpha158_csi300_custom_step0_s_20260825_13,8b40317d75d44d78aae6d4207fdf16bf,0.128,,,
2835,2026-08-25,SZ300999,0.0031746111381654382,EXP_DEnsembleModel_Alpha158_csi300_custom_step0_s_20260825_13,8b40317d75d44d78aae6d4207fdf16bf,0.128,,,
2836,2026-08-25,SZ301236,-0.10421526126378652,EXP_DEnsembleModel_Alpha158_csi300_custom_step0_s_20260825_13,8b40317d75d44d78aae6d4207fdf16bf,0.128,,,
2837,2026-08-25,SH600089,-0.010859031557768127,EXP_DEnsembleModel_Alpha158_csi300_custom_step0_s_20260825_13,0ca07341ef9c4042a26d1ac41e22d177,0.035,,,
2838,2026-08-25,SH600104,0.04570650738160977,EXP_DEnsembleModel_Alpha158_csi300_custom_step0_s_20260825_13,0ca07341ef9c4042a26d1ac41e22d177,0.035,,,
2839,2026-08-25,SH600111,-0.041911914294382055,EXP_DEnsembleModel_Alpha158_csi300_custom_step0_s_20260825_13,0ca07341ef9c4042a26d1ac41e22d177,0.035,,,
2840,2026-08-25,SH600115,-0.02016368088511235,EXP_DEnsembleModel_Alpha158_csi300_custom_step0_s_20260825_13,0ca07341ef9c4042a26d1ac41e22d177,0.035,,,
2841,2026-08-25,SH600118,-0.010913161702806545,EXP_DEnsembleModel_Alpha158_csi300_custom_step0_s_20260825_13,0ca07341ef9c4042a26d1ac41e22d177,0.035,,,
2842,2026-08-25,SH600150,0.07195583958065692,EXP_DEnsembleModel_Alpha158_csi300_custom_step0_s_20260825_13,0ca07341ef9c4042a26d1ac41e22d177,0.035,,,
2843,2026-08-25,SH600160,-0.04136386548854296,EXP_DEnsembleModel_Alpha158_csi300_custom_step0_s_20260825_13,0ca07341ef9c4042a26d1ac41e22d177,0.035,,,
2844,2026-08-25,SH600176,0.404666697737666,EXP_DEnsembleModel_Alpha158_csi300_custom_step0_s_20260825_13,0ca07341ef9c4042a26d1ac41e22d177,0.035,,,
2845,2026-08-25,SH600183,0.2780908233329243,EXP_DEnsembleModel_Alpha158_csi300_custom_step0_s_20260825_13,0ca07341ef9c4042a26d1ac41e22d177,0.035,,,
2846,2026-08-25,SH600188,-0.03263443981593568,EXP_DEnsembleModel_Alpha158_csi300_custom_step0_s_20260825_13,0ca07341ef9c4042a26d1ac41e22d177,0.035,,,
2847,2026-08-25,SH600085,-0.02336551352120066,EXP_DEnsembleModel_Alpha158_csi300_custom_step0_s_20260825_13,0ca07341ef9c4042a26d1ac41e22d177,0.035,,,
2848,2026-08-25,SH600196,-0.12761670580445617,EXP_DEnsembleModel_Alpha158_csi300_custom_step0_s_20260825_13,0ca07341ef9c4042a26d1ac41e22d177,0.035,,,
2849,2026-08-25,SH600221,-0.003510493968130632,EXP_DEnsembleModel_Alpha158_csi300_custom_step0_s_20260825_13,0ca07341ef9c4042a26d1ac41e22d177,0.035,,,
2850,2026-08-25,SH600233,-0.10222588530790291,EXP_DEnsembleModel_Alpha158_csi300_custom_step0_s_20260825_13,0ca07341ef9c4042a26d1ac41e22d177,0.035,,,
2851,2026-08-25,SH600276,-0.031052797149932438,EXP_DEnsembleModel_Alpha158_csi300_custom_step0_s_20260825_13,0ca07341ef9c4042a26d1ac41e22d177,0.035,,,
2852,2026-08-25,SH600309,0.1138185798103415,EXP_DEnsembleModel_Alpha158_csi300_custom_step0_s_20260825_13,0ca07341ef9c4042a26d1ac41e22d177,0.035,,,
2853,2026-08-25,SH600346,-0.11763502176549771,EXP_DEnsembleModel_Alpha158_csi300_custom_step0_s_20260825_13,0ca07341ef9c4042a26d1ac41e22d177,0.035,,,
2854,2026-08-25,SH600362,-0.1271759660634435,EXP_DEnsembleModel_Alpha158_csi300_custom_step0_s_20260825_13,0ca07341ef9c4042a26d1ac41e22d177,0.035,,,
2855,2026-08-25,SH600372,-0.01858257621063494,EXP_DEnsembleModel_Alpha158_csi300_custom_step0_s_20260825_13,0ca07341ef9c4042a26d1ac41e22d177,0.035,,,
2856,2026-08-25,SH600406,0.04373574953083444,EXP_DEnsembleModel_Alpha158_csi300_custom_step0_s_20260825_13,0ca07341ef9c4042a26d1ac41e22d177,0.035,,,
2857,2026-08-25,SH600415,-0.05279976538354115,EXP_DEnsembleModel_Alpha158_csi300_custom_step0_s_20260825_13,0ca07341ef9c4042a26d1ac41e22d177,0.035,,,
2858,2026-08-25,SH600426,-0.04815997427316303,EXP_DEnsembleModel_Alpha158_csi300_custom_step0_s_20260825_13,0ca07341ef9c4042a26d1ac41e22d177,0.035,,,
2859,2026-08-25,SH600219,-0.055193277311502524,EXP_DEnsembleModel_Alpha158_csi300_custom_step0_s_20260825_13,0ca07341ef9c4042a26d1ac41e22d177,0.035,,,
2860,2026-08-25,SZ301165,0.1414536868420786,EXP_DEnsembleModel_Alpha158_csi300_custom_step0_s_20260825_13,8b40317d75d44d78aae6d4207fdf16bf,0.128,,,
2861,2026-08-25,SH600066,-0.010336037310307354,EXP_DEnsembleModel_Alpha158_csi300_custom_step0_s_20260825_13,0ca07341ef9c4042a26d1ac41e22d177,0.035,,,
2862,2026-08-25,SH600050,0.08580395839568282,EXP_DEnsembleModel_Alpha158_csi300_custom_step0_s_20260825_13,0ca07341ef9c4042a26d1ac41e22d177,0.035,,,
2863,2026-08-25,SZ301269,-0.12418037771734748,EXP_DEnsembleModel_Alpha158_csi300_custom_step0_s_20260825_13,8b40317d75d44d78aae6d4207fdf16bf,0.128,,,
2864,2026-08-25,SZ301308,0.1177614973471536,EXP_DEnsembleModel_Alpha158_csi300_custom_step0_s_20260825_13,8b40317d75d44d78aae6d4207fdf16bf,0.128,,,
2865,2026-08-25,SZ302132,-0.048912806597626715,EXP_DEnsembleModel_Alpha158_csi300_custom_step0_s_20260825_13,8b40317d75d44d78aae6d4207fdf16bf,0.128,,,
2866,2026-08-25,SH600000,0.07612730085050991,EXP_DEnsembleModel_Alpha158_csi300_custom_step0_s_20260825_13,0ca07341ef9c4042a26d1ac41e22d177,0.035,,,
2867,2026-08-25,SH600009,0.04083587374078135,EXP_DEnsembleModel_Alpha158_csi300_custom_step0_s_20260825_13,0ca07341ef9c4042a26d1ac41e22d177,0.035,,,
2868,2026-08-25,SH600010,0.08233340939751833,EXP_DEnsembleModel_Alpha158_csi300_custom_step0_s_20260825_13,0ca07341ef9c4042a26d1ac41e22d177,0.035,,,
2869,2026-08-25,SH600011,-0.06729133022280749,EXP_DEnsembleModel_Alpha158_csi300_custom_step0_s_20260825_13,0ca07341ef9c4042a26d1ac41e22d177,0.035,,,
2870,2026-08-25,SH600015,0.08852882056262938,EXP_DEnsembleModel_Alpha158_csi300_custom_step0_s_20260825_13,0ca07341ef9c4042a26d1ac41e22d177,0.035,,,
2871,2026-08-25,SH600016,0.102740499734638,EXP_DEnsembleModel_Alpha158_csi300_custom_step0_s_20260825_13,0ca07341ef9c4042a26d1ac41e22d177,0.035,,,
2872,2026-08-25,SH600018,0.1201992094555552,EXP_DEnsembleModel_Alpha158_csi300_custom_step0_s_20260825_13,0ca07341ef9c4042a26d1ac41e22d177,0.035,,,
2873,2026-08-25,SH600061,0.05403060550366295,EXP_DEnsembleModel_Alpha158_csi300_custom_step0_s_20260825_13,0ca07341ef9c4042a26d1ac41e22d177,0.035,,,
2874,2026-08-25,SH600019,0.02873904274942168,EXP_DEnsembleModel_Alpha158_csi300_custom_step0_s_20260825_13,0ca07341ef9c4042a26d1ac41e22d177,0.035,,,
2875,2026-08-25,SH600025,0.05330850003049359,EXP_DEnsembleModel_Alpha158_csi300_custom_step0_s_20260825_13,0ca07341ef9c4042a26d1ac41e22d177,0.035,,,
2876,2026-08-25,SH600026,-0.2081233061657745,EXP_DEnsembleModel_Alpha158_csi300_custom_step0_s_20260825_13,0ca07341ef9c4042a26d1ac41e22d177,0.035,,,
2877,2026-08-25,SH600027,0.04162054030295883,EXP_DEnsembleModel_Alpha158_csi300_custom_step0_s_20260825_13,0ca07341ef9c4042a26d1ac41e22d177,0.035,,,
2878,2026-08-25,SH600028,0.04546554456091925,EXP_DEnsembleModel_Alpha158_csi300_custom_step0_s_20260825_13,0ca07341ef9c4042a26d1ac41e22d177,0.035,,,
2879,2026-08-25,SH600029,0.05742587633154548,EXP_DEnsembleModel_Alpha158_csi300_custom_step0_s_20260825_13,0ca07341ef9c4042a26d1ac41e22d177,0.035,,,
2880,2026-08-25,SH600030,0.08948657289490222,EXP_DEnsembleModel_Alpha158_csi300_custom_step0_s_20260825_13,0ca07341ef9c4042a26d1ac41e22d177,0.035,,,
2881,2026-08-25,SH600031,0.08243705678798102,EXP_DEnsembleModel_Alpha158_csi300_custom_step0_s_20260825_13,0ca07341ef9c4042a26d1ac41e22d177,0.035,,,
2882,2026-08-25,SH600036,0.10740450180934241,EXP_DEnsembleModel_Alpha158_csi300_custom_step0_s_20260825_13,0ca07341ef9c4042a26d1ac41e22d177,0.035,,,
2883,2026-08-25,SH600039,0.038217114558009115,EXP_DEnsembleModel_Alpha158_csi300_custom_step0_s_20260825_13,0ca07341ef9c4042a26d1ac41e22d177,0.035,,,
2884,2026-08-25,SH600048,-0.021039199689697037,EXP_DEnsembleModel_Alpha158_csi300_custom_step0_s_20260825_13,0ca07341ef9c4042a26d1ac41e22d177,0.035,,,
2885,2026-08-25,SH600023,-0.005698639177747565,EXP_DEnsembleModel_Alpha158_csi300_custom_step0_s_20260825_13,0ca07341ef9c4042a26d1ac41e22d177,0.035,,,
2886,2026-08-25,SZ301308,0.1202392429113388,EXP_XGBModel_Alpha158_csi300_custom_step0_s_20260825_13,83f3a00f78a143489103ea83d1dd9b29,0.063,,,
2887,2026-08-25,SH600276,-0.04012791199780311,EXP_DEnsembleModel_Alpha158_csi300_custom_step0_s_20260825_13,8b40317d75d44d78aae6d4207fdf16bf,0.128,,,
2888,2026-08-25,SH600221,0.06495900297855998,EXP_DEnsembleModel_Alpha158_csi300_custom_step0_s_20260825_13,8b40317d75d44d78aae6d4207fdf16bf,0.128,,,
2889,2026-08-25,SH600570,-0.0730667808311366,EXP_DEnsembleModel_Alpha158_csi300_custom_step0_s_20260825_13,87ebb3c059384d6798bc0ea90c87e8fa,0.108,,,
2890,2026-08-25,SH600584,0.04351657700475501,EXP_DEnsembleModel_Alpha158_csi300_custom_step0_s_20260825_13,87ebb3c059384d6798bc0ea90c87e8fa,0.108,,,
2891,2026-08-25,SH600585,0.01949943204053164,EXP_DEnsembleModel_Alpha158_csi300_custom_step0_s_20260825_13,87ebb3c059384d6798bc0ea90c87e8fa,0.108,,,
2892,2026-08-25,SH600588,0.05576116917099352,EXP_DEnsembleModel_Alpha158_csi300_custom_step0_s_20260825_13,87ebb3c059384d6798bc0ea90c87e8fa,0.108,,,
2893,2026-08-25,SH600600,-0.03628565365750873,EXP_DEnsembleModel_Alpha158_csi300_custom_step0_s_20260825_13,87ebb3c059384d6798bc0ea90c87e8fa,0.108,,,
2894,2026-08-25,SH600660,-0.04785572475553588,EXP_DEnsembleModel_Alpha158_csi300_custom_step0_s_20260825_13,87ebb3c059384d6798bc0ea90c87e8fa,0.108,,,
2895,2026-08-25,SH600674,0.03339910075352761,EXP_DEnsembleModel_Alpha158_csi300_custom_step0_s_20260825_13,87ebb3c059384d6798bc0ea90c87e8fa,0.108,,,
2896,2026-08-25,SH600690,-0.09933132770526508,EXP_DEnsembleModel_Alpha158_csi300_custom_step0_s_20260825_13,87ebb3c059384d6798bc0ea90c87e8fa,0.108,,,
2897,2026-08-25,SH600741,0.023864130401544184,EXP_DEnsembleModel_Alpha158_csi300_custom_step0_s_20260825_13,87ebb3c059384d6798bc0ea90c87e8fa,0.108,,,
2898,2026-08-25,SH600760,0.04807049330010652,EXP_DEnsembleModel_Alpha158_csi300_custom_step0_s_20260825_13,87ebb3c059384d6798bc0ea90c87e8fa,0.108,,,
2899,2026-08-25,SH600795,0.03469924932152415,EXP_DEnsembleModel_Alpha158_csi300_custom_step0_s_20260825_13,87ebb3c059384d6798bc0ea90c87e8fa,0.108,,,
2900,2026-08-25,SH600803,-0.03150923222244977,EXP_DEnsembleModel_Alpha158_csi300_custom_step0_s_20260825_13,87ebb3c059384d6798bc0ea90c87e8fa,0.108,,,
2901,2026-08-25,SH600809,-0.12548177808040556,EXP_DEnsembleModel_Alpha158_csi300_custom_step0_s_20260825_13,87ebb3c059384d6798bc0ea90c87e8fa,0.108,,,
2902,2026-08-25,SH600845,-0.11238648520812161,EXP_DEnsembleModel_Alpha158_csi300_custom_step0_s_20260825_13,87ebb3c059384d6798bc0ea90c87e8fa,0.108,,,
2903,2026-08-25,SH600875,-0.10405475092910202,EXP_DEnsembleModel_Alpha158_csi300_custom_step0_s_20260825_13,87ebb3c059384d6798bc0ea90c87e8fa,0.108,,,
2904,2026-08-25,SH600886,0.035806928383489464,EXP_DEnsembleModel_Alpha158_csi300_custom_step0_s_20260825_13,87ebb3c059384d6798bc0ea90c87e8fa,0.108,,,
2905,2026-08-25,SH600887,0.05042541620302065,EXP_DEnsembleModel_Alpha158_csi300_custom_step0_s_20260825_13,87ebb3c059384d6798bc0ea90c87e8fa,0.108,,,
2906,2026-08-25,SH600893,-0.0819646859894453,EXP_DEnsembleModel_Alpha158_csi300_custom_step0_s_20260825_13,87ebb3c059384d6798bc0ea90c87e8fa,0.108,,,
2907,2026-08-25,SH600900,0.05980131288139668,EXP_DEnsembleModel_Alpha158_csi300_custom_step0_s_20260825_13,87ebb3c059384d6798bc0ea90c87e8fa,0.108,,,
2908,2026-08-25,SH600905,0.06986274802185621,EXP_DEnsembleModel_Alpha158_csi300_custom_step0_s_20260825_13,87ebb3c059384d6798bc0ea90c87e8fa,0.108,,,
2909,2026-08-25,SH600918,0.09771780408378715,EXP_DEnsembleModel_Alpha158_csi300_custom_step0_s_20260825_13,87ebb3c059384d6798bc0ea90c87e8fa,0.108,,,
2910,2026-08-25,SH600549,0.1500298973795504,EXP_DEnsembleModel_Alpha158_csi300_custom_step0_s_20260825_13,87ebb3c059384d6798bc0ea90c87e8fa,0.108,,,
2911,2026-08-25,SH600547,-0.10123319045650236,EXP_DEnsembleModel_Alpha158_csi300_custom_step0_s_20260825_13,87ebb3c059384d6798bc0ea90c87e8fa,0.108,,,
2912,2026-08-25,SH600522,0.13793549634642918,EXP_DEnsembleModel_Alpha158_csi300_custom_step0_s_20260825_13,87ebb3c059384d6798bc0ea90c87e8fa,0.108,,,
2913,2026-08-25,SH600519,0.02519976250969262,EXP_DEnsembleModel_Alpha158_csi300_custom_step0_s_20260825_13,87ebb3c059384d6798bc0ea90c87e8fa,0.108,,,
2914,2026-08-25,SH600160,0.018400869406767804,EXP_DEnsembleModel_Alpha158_csi300_custom_step0_s_20260825_13,87ebb3c059384d6798bc0ea90c87e8fa,0.108,,,
2915,2026-08-25,SH600176,0.14971342002591467,EXP_DEnsembleModel_Alpha158_csi300_custom_step0_s_20260825_13,87ebb3c059384d6798bc0ea90c87e8fa,0.108,,,
2916,2026-08-25,SH600183,0.08381027465906125,EXP_DEnsembleModel_Alpha158_csi300_custom_step0_s_20260825_13,87ebb3c059384d6798bc0ea90c87e8fa,0.108,,,
2917,2026-08-25,SH600188,-0.1774975350877539,EXP_DEnsembleModel_Alpha158_csi300_custom_step0_s_20260825_13,87ebb3c059384d6798bc0ea90c87e8fa,0.108,,,
2918,2026-08-25,SH600196,-0.06596760366481666,EXP_DEnsembleModel_Alpha158_csi300_custom_step0_s_20260825_13,87ebb3c059384d6798bc0ea90c87e8fa,0.108,,,
2919,2026-08-25,SH600219,-0.14550475011411637,EXP_DEnsembleModel_Alpha158_csi300_custom_step0_s_20260825_13,87ebb3c059384d6798bc0ea90c87e8fa,0.108,,,
2920,2026-08-25,SH600221,0.051966126134623564,EXP_DEnsembleModel_Alpha158_csi300_custom_step0_s_20260825_13,87ebb3c059384d6798bc0ea90c87e8fa,0.108,,,
2921,2026-08-25,SH600233,-0.09780818008857131,EXP_DEnsembleModel_Alpha158_csi300_custom_step0_s_20260825_13,87ebb3c059384d6798bc0ea90c87e8fa,0.108,,,
2922,2026-08-25,SH600276,-0.06595280721778311,EXP_DEnsembleModel_Alpha158_csi300_custom_step0_s_20260825_13,87ebb3c059384d6798bc0ea90c87e8fa,0.108,,,
2923,2026-08-25,SH600309,0.0013092250627293057,EXP_DEnsembleModel_Alpha158_csi300_custom_step0_s_20260825_13,87ebb3c059384d6798bc0ea90c87e8fa,0.108,,,
2924,2026-08-25,SH600919,0.10433016202453574,EXP_DEnsembleModel_Alpha158_csi300_custom_step0_s_20260825_13,87ebb3c059384d6798bc0ea90c87e8fa,0.108,,,
2925,2026-08-25,SH600346,-0.005051512166317729,EXP_DEnsembleModel_Alpha158_csi300_custom_step0_s_20260825_13,87ebb3c059384d6798bc0ea90c87e8fa,0.108,,,
2926,2026-08-25,SH600372,0.03326572646827223,EXP_DEnsembleModel_Alpha158_csi300_custom_step0_s_20260825_13,87ebb3c059384d6798bc0ea90c87e8fa,0.108,,,
2927,2026-08-25,SH600406,0.025569901829158748,EXP_DEnsembleModel_Alpha158_csi300_custom_step0_s_20260825_13,87ebb3c059384d6798bc0ea90c87e8fa,0.108,,,
2928,2026-08-25,SH600415,-0.15532119735602842,EXP_DEnsembleModel_Alpha158_csi300_custom_step0_s_20260825_13,87ebb3c059384d6798bc0ea90c87e8fa,0.108,,,
2929,2026-08-25,SH600426,-0.15433536882719906,EXP_DEnsembleModel_Alpha158_csi300_custom_step0_s_20260825_13,87ebb3c059384d6798bc0ea90c87e8fa,0.108,,,
2930,2026-08-25,SH600436,-0.11187387923759624,EXP_DEnsembleModel_Alpha158_csi300_custom_step0_s_20260825_13,87ebb3c059384d6798bc0ea90c87e8fa,0.108,,,
2931,2026-08-25,SH600438,-0.07975226294182973,EXP_DEnsembleModel_Alpha158_csi300_custom_step0_s_20260825_13,87ebb3c059384d6798bc0ea90c87e8fa,0.108,,,
2932,2026-08-25,SH600460,0.05363010584422641,EXP_DEnsembleModel_Alpha158_csi300_custom_step0_s_20260825_13,87ebb3c059384d6798bc0ea90c87e8fa,0.108,,,
2933,2026-08-25,SH600482,-0.08281589400957723,EXP_DEnsembleModel_Alpha158_csi300_custom_step0_s_20260825_13,87ebb3c059384d6798bc0ea90c87e8fa,0.108,,,
2934,2026-08-25,SH600489,-0.10093115952871361,EXP_DEnsembleModel_Alpha158_csi300_custom_step0_s_20260825_13,87ebb3c059384d6798bc0ea90c87e8fa,0.108,,,
2935,2026-08-25,SH600515,-0.03736139383560205,EXP_DEnsembleModel_Alpha158_csi300_custom_step0_s_20260825_13,87ebb3c059384d6798bc0ea90c87e8fa,0.108,,,
2936,2026-08-25,SH600362,-0.08061594417763898,EXP_DEnsembleModel_Alpha158_csi300_custom_step0_s_20260825_13,87ebb3c059384d6798bc0ea90c87e8fa,0.108,,,
2937,2026-08-25,SH600926,0.056773724231511655,EXP_DEnsembleModel_Alpha158_csi300_custom_step0_s_20260825_13,87ebb3c059384d6798bc0ea90c87e8fa,0.108,,,
2938,2026-08-25,SH600930,0.04135555256703553,EXP_DEnsembleModel_Alpha158_csi300_custom_step0_s_20260825_13,87ebb3c059384d6798bc0ea90c87e8fa,0.108,,,
2939,2026-08-25,SH600938,0.0013266511737115385,EXP_DEnsembleModel_Alpha158_csi300_custom_step0_s_20260825_13,87ebb3c059384d6798bc0ea90c87e8fa,0.108,,,
2940,2026-08-25,SH601238,-0.16238008605222495,EXP_DEnsembleModel_Alpha158_csi300_custom_step0_s_20260825_13,87ebb3c059384d6798bc0ea90c87e8fa,0.108,,,
2941,2026-08-25,SH601288,0.0414605448906278,EXP_DEnsembleModel_Alpha158_csi300_custom_step0_s_20260825_13,87ebb3c059384d6798bc0ea90c87e8fa,0.108,,,
2942,2026-08-25,SH601318,0.04942022711421968,EXP_DEnsembleModel_Alpha158_csi300_custom_step0_s_20260825_13,87ebb3c059384d6798bc0ea90c87e8fa,0.108,,,
2943,2026-08-25,SH601319,0.03930657550867107,EXP_DEnsembleModel_Alpha158_csi300_custom_step0_s_20260825_13,87ebb3c059384d6798bc0ea90c87e8fa,0.108,,,
2944,2026-08-25,SH601328,0.024225193140994566,EXP_DEnsembleModel_Alpha158_csi300_custom_step0_s_20260825_13,87ebb3c059384d6798bc0ea90c87e8fa,0.108,,,
2945,2026-08-25,SH601336,0.03553856870210477,EXP_DEnsembleModel_Alpha158_csi300_custom_step0_s_20260825_13,87ebb3c059384d6798bc0ea90c87e8fa,0.108,,,
2946,2026-08-25,SH601360,-0.061175410856954354,EXP_DEnsembleModel_Alpha158_csi300_custom_step0_s_20260825_13,87ebb3c059384d6798bc0ea90c87e8fa,0.108,,,
2947,2026-08-25,SH601377,0.07861817494255081,EXP_DEnsembleModel_Alpha158_csi300_custom_step0_s_20260825_13,87ebb3c059384d6798bc0ea90c87e8fa,0.108,,,
2948,2026-08-25,SH601390,0.047396032208004396,EXP_DEnsembleModel_Alpha158_csi300_custom_step0_s_20260825_13,87ebb3c059384d6798bc0ea90c87e8fa,0.108,,,
2949,2026-08-25,SH601398,0.00665639927393464,EXP_DEnsembleModel_Alpha158_csi300_custom_step0_s_20260825_13,87ebb3c059384d6798bc0ea90c87e8fa,0.108,,,
2950,2026-08-25,SH601229,0.14435510092809622,EXP_DEnsembleModel_Alpha158_csi300_custom_step0_s_20260825_13,87ebb3c059384d6798bc0ea90c87e8fa,0.108,,,
2951,2026-08-25,SH601456,0.041605180481623025,EXP_DEnsembleModel_Alpha158_csi300_custom_step0_s_20260825_13,87ebb3c059384d6798bc0ea90c87e8fa,0.108,,,
2952,2026-08-25,SH601601,-0.05763814138095835,EXP_DEnsembleModel_Alpha158_csi300_custom_step0_s_20260825_13,87ebb3c059384d6798bc0ea90c87e8fa,0.108,,,
2953,2026-08-25,SH601607,0.08909843823390792,EXP_DEnsembleModel_Alpha158_csi300_custom_step0_s_20260825_13,87ebb3c059384d6798bc0ea90c87e8fa,0.108,,,
2954,2026-08-25,SH601618,0.0526134429023423,EXP_DEnsembleModel_Alpha158_csi300_custom_step0_s_20260825_13,87ebb3c059384d6798bc0ea90c87e8fa,0.108,,,
2955,2026-08-25,SH601628,0.06375792412543142,EXP_DEnsembleModel_Alpha158_csi300_custom_step0_s_20260825_13,87ebb3c059384d6798bc0ea90c87e8fa,0.108,,,
2956,2026-08-25,SH601633,-0.031759983694105966,EXP_DEnsembleModel_Alpha158_csi300_custom_step0_s_20260825_13,87ebb3c059384d6798bc0ea90c87e8fa,0.108,,,
2957,2026-08-25,SH601658,0.12580360369182586,EXP_DEnsembleModel_Alpha158_csi300_custom_step0_s_20260825_13,87ebb3c059384d6798bc0ea90c87e8fa,0.108,,,
2958,2026-08-25,SH601668,0.0590197797432156,EXP_DEnsembleModel_Alpha158_csi300_custom_step0_s_20260825_13,87ebb3c059384d6798bc0ea90c87e8fa,0.108,,,
2959,2026-08-25,SH601669,0.04199836178649269,EXP_DEnsembleModel_Alpha158_csi300_custom_step0_s_20260825_13,87ebb3c059384d6798bc0ea90c87e8fa,0.108,,,
2960,2026-08-25,SH601688,0.11550372692059337,EXP_DEnsembleModel_Alpha158_csi300_custom_step0_s_20260825_13,87ebb3c059384d6798bc0ea90c87e8fa,0.108,,,
2961,2026-08-25,SH601689,0.0792822210202876,EXP_DEnsembleModel_Alpha158_csi300_custom_step0_s_20260825_13,87ebb3c059384d6798bc0ea90c87e8fa,0.108,,,
2962,2026-08-25,SH601600,-0.09948336611441667,EXP_DEnsembleModel_Alpha158_csi300_custom_step0_s_20260825_13,87ebb3c059384d6798bc0ea90c87e8fa,0.108,,,
2963,2026-08-25,SH600150,0.013987377033937076,EXP_DEnsembleModel_Alpha158_csi300_custom_step0_s_20260825_13,87ebb3c059384d6798bc0ea90c87e8fa,0.108,,,
2964,2026-08-25,SH601225,-0.0064677535613806335,EXP_DEnsembleModel_Alpha158_csi300_custom_step0_s_20260825_13,87ebb3c059384d6798bc0ea90c87e8fa,0.108,,,
2965,2026-08-25,SH601186,0.05885568207172476,EXP_DEnsembleModel_Alpha158_csi300_custom_step0_s_20260825_13,87ebb3c059384d6798bc0ea90c87e8fa,0.108,,,
2966,2026-08-25,SH600941,0.10417802147831988,EXP_DEnsembleModel_Alpha158_csi300_custom_step0_s_20260825_13,87ebb3c059384d6798bc0ea90c87e8fa,0.108,,,
2967,2026-08-25,SH600958,0.058296902929259986,EXP_DEnsembleModel_Alpha158_csi300_custom_step0_s_20260825_13,87ebb3c059384d6798bc0ea90c87e8fa,0.108,,,
2968,2026-08-25,SH600989,-0.0730621574826864,EXP_DEnsembleModel_Alpha158_csi300_custom_step0_s_20260825_13,87ebb3c059384d6798bc0ea90c87e8fa,0.108,,,
2969,2026-08-25,SH600999,0.05457517221536924,EXP_DEnsembleModel_Alpha158_csi300_custom_step0_s_20260825_13,87ebb3c059384d6798bc0ea90c87e8fa,0.108,,,
2970,2026-08-25,SH601006,0.09152624850287412,EXP_DEnsembleModel_Alpha158_csi300_custom_step0_s_20260825_13,87ebb3c059384d6798bc0ea90c87e8fa,0.108,,,
2971,2026-08-25,SH601009,0.10753903100169619,EXP_DEnsembleModel_Alpha158_csi300_custom_step0_s_20260825_13,87ebb3c059384d6798bc0ea90c87e8fa,0.108,,,
2972,2026-08-25,SH601012,-0.054059644847562066,EXP_DEnsembleModel_Alpha158_csi300_custom_step0_s_20260825_13,87ebb3c059384d6798bc0ea90c87e8fa,0.108,,,
2973,2026-08-25,SH601018,0.10641786003226052,EXP_DEnsembleModel_Alpha158_csi300_custom_step0_s_20260825_13,87ebb3c059384d6798bc0ea90c87e8fa,0.108,,,
2974,2026-08-25,SH601021,0.049031887740994394,EXP_DEnsembleModel_Alpha158_csi300_custom_step0_s_20260825_13,87ebb3c059384d6798bc0ea90c87e8fa,0.108,,,
2975,2026-08-25,SH601058,-0.003061039365887627,EXP_DEnsembleModel_Alpha158_csi300_custom_step0_s_20260825_13,87ebb3c059384d6798bc0ea90c87e8fa,0.108,,,
2976,2026-08-25,SH601211,-0.040289015323573006,EXP_DEnsembleModel_Alpha158_csi300_custom_step0_s_20260825_13,87ebb3c059384d6798bc0ea90c87e8fa,0.108,,,
2977,2026-08-25,SH601059,0.09052001829823327,EXP_DEnsembleModel_Alpha158_csi300_custom_step0_s_20260825_13,87ebb3c059384d6798bc0ea90c87e8fa,0.108,,,
2978,2026-08-25,SH601077,0.03969700580528804,EXP_DEnsembleModel_Alpha158_csi300_custom_step0_s_20260825_13,87ebb3c059384d6798bc0ea90c87e8fa,0.108,,,
2979,2026-08-25,SH601088,0.021367424465056063,EXP_DEnsembleModel_Alpha158_csi300_custom_step0_s_20260825_13,87ebb3c059384d6798bc0ea90c87e8fa,0.108,,,
2980,2026-08-25,SH601100,0.029989533920865518,EXP_DEnsembleModel_Alpha158_csi300_custom_step0_s_20260825_13,87ebb3c059384d6798bc0ea90c87e8fa,0.108,,,
2981,2026-08-25,SH601111,0.0573145318798589,EXP_DEnsembleModel_Alpha158_csi300_custom_step0_s_20260825_13,87ebb3c059384d6798bc0ea90c87e8fa,0.108,,,
2982,2026-08-25,SH601117,0.07800803501986925,EXP_DEnsembleModel_Alpha158_csi300_custom_step0_s_20260825_13,87ebb3c059384d6798bc0ea90c87e8fa,0.108,,,
2983,2026-08-25,SH601127,-0.05846835353576286,EXP_DEnsembleModel_Alpha158_csi300_custom_step0_s_20260825_13,87ebb3c059384d6798bc0ea90c87e8fa,0.108,,,
2984,2026-08-25,SH601136,-0.054559983148154946,EXP_DEnsembleModel_Alpha158_csi300_custom_step0_s_20260825_13,87ebb3c059384d6798bc0ea90c87e8fa,0.108,,,
2985,2026-08-25,SH601138,0.04208488449612807,EXP_DEnsembleModel_Alpha158_csi300_custom_step0_s_20260825_13,87ebb3c059384d6798bc0ea90c87e8fa,0.108,,,
2986,2026-08-25,SH601166,0.055688043674813836,EXP_DEnsembleModel_Alpha158_csi300_custom_step0_s_20260825_13,87ebb3c059384d6798bc0ea90c87e8fa,0.108,,,
2987,2026-08-25,SH601169,0.16937281384937197,EXP_DEnsembleModel_Alpha158_csi300_custom_step0_s_20260825_13,87ebb3c059384d6798bc0ea90c87e8fa,0.108,,,
2988,2026-08-25,SH601066,0.022209050654075108,EXP_DEnsembleModel_Alpha158_csi300_custom_step0_s_20260825_13,87ebb3c059384d6798bc0ea90c87e8fa,0.108,,,
2989,2026-08-25,SH601698,0.03585882598638128,EXP_DEnsembleModel_Alpha158_csi300_custom_step0_s_20260825_13,87ebb3c059384d6798bc0ea90c87e8fa,0.108,,,
2990,2026-08-25,SH600118,0.09868685855599219,EXP_DEnsembleModel_Alpha158_csi300_custom_step0_s_20260825_13,87ebb3c059384d6798bc0ea90c87e8fa,0.108,,,
2991,2026-08-25,SH600111,0.026950020808890696,EXP_DEnsembleModel_Alpha158_csi300_custom_step0_s_20260825_13,87ebb3c059384d6798bc0ea90c87e8fa,0.108,,,
2992,2026-08-25,SZ002558,-0.0026387603344392796,EXP_LGBModel_Alpha158_csi300_custom_step0_s_20260825_15,a68443ccbc4a42998cfb0a5a39eba0dd,0.062,,,
2993,2026-08-25,SZ002594,0.0017993240033594862,EXP_LGBModel_Alpha158_csi300_custom_step0_s_20260825_15,a68443ccbc4a42998cfb0a5a39eba0dd,0.062,,,
2994,2026-08-25,SZ002600,-0.0026387603344392796,EXP_LGBModel_Alpha158_csi300_custom_step0_s_20260825_15,a68443ccbc4a42998cfb0a5a39eba0dd,0.062,,,
2995,2026-08-25,SZ002602,2.7975755094505154e-10,EXP_LGBModel_Alpha158_csi300_custom_step0_s_20260825_15,a68443ccbc4a42998cfb0a5a39eba0dd,0.062,,,
2996,2026-08-25,SZ002625,-0.0026387603344392796,EXP_LGBModel_Alpha158_csi300_custom_step0_s_20260825_15,a68443ccbc4a42998cfb0a5a39eba0dd,0.062,,,
2997,2026-08-25,SZ002648,2.7975755094505154e-10,EXP_LGBModel_Alpha158_csi300_custom_step0_s_20260825_15,a68443ccbc4a42998cfb0a5a39eba0dd,0.062,,,
2998,2026-08-25,SZ002709,-0.0026387603344392796,EXP_LGBModel_Alpha158_csi300_custom_step0_s_20260825_15,a68443ccbc4a42998cfb0a5a39eba0dd,0.062,,,
2999,2026-08-25,SZ002714,0.0027465152907435422,EXP_LGBModel_Alpha158_csi300_custom_step0_s_20260825_15,a68443ccbc4a42998cfb0a5a39eba0dd,0.062,,,
3000,2026-08-25,SZ002736,2.7975755094505154e-10,EXP_LGBModel_Alpha158_csi300_custom_step0_s_20260825_15,a68443ccbc4a42998cfb0a5a39eba0dd,0.062,,,
3001,2026-08-25,SZ002837,-0.0026387603344392796,EXP_LGBModel_Alpha158_csi300_custom_step0_s_20260825_15,a68443ccbc4a42998cfb0a5a39eba0dd,0.062,,,
3002,2026-08-25,SZ002916,0.0006233918503826222,EXP_LGBModel_Alpha158_csi300_custom_step0_s_20260825_15,a68443ccbc4a42998cfb0a5a39eba0dd,0.062,,,
3003,2026-08-25,SZ002920,-0.0026387603344392796,EXP_LGBModel_Alpha158_csi300_custom_step0_s_20260825_15,a68443ccbc4a42998cfb0a5a39eba0dd,0.062,,,
3004,2026-08-25,SZ002938,-0.0026387603344392796,EXP_LGBModel_Alpha158_csi300_custom_step0_s_20260825_15,a68443ccbc4a42998cfb0a5a39eba0dd,0.062,,,
3005,2026-08-25,SZ003816,-0.0011629997800900315,EXP_LGBModel_Alpha158_csi300_custom_step0_s_20260825_15,a68443ccbc4a42998cfb0a5a39eba0dd,0.062,,,
3006,2026-08-25,SZ300014,0.0017993240033594862,EXP_LGBModel_Alpha158_csi300_custom_step0_s_20260825_15,a68443ccbc4a42998cfb0a5a39eba0dd,0.062,,,
3007,2026-08-25,SZ300015,2.7975755094505154e-10,EXP_LGBModel_Alpha158_csi300_custom_step0_s_20260825_15,a68443ccbc4a42998cfb0a5a39eba0dd,0.062,,,
3008,2026-08-25,SZ300033,-0.0026387603344392796,EXP_LGBModel_Alpha158_csi300_custom_step0_s_20260825_15,a68443ccbc4a42998cfb0a5a39eba0dd,0.062,,,
3009,2026-08-25,SZ300059,-0.0026387603344392796,EXP_LGBModel_Alpha158_csi300_custom_step0_s_20260825_15,a68443ccbc4a42998cfb0a5a39eba0dd,0.062,,,
3010,2026-08-25,SZ300122,-0.0026387603344392796,EXP_LGBModel_Alpha158_csi300_custom_step0_s_20260825_15,a68443ccbc4a42998cfb0a5a39eba0dd,0.062,,,
3011,2026-08-25,SZ300124,-0.00016858419178910527,EXP_LGBModel_Alpha158_csi300_custom_step0_s_20260825_15,a68443ccbc4a42998cfb0a5a39eba0dd,0.062,,,
3012,2026-08-25,SZ300251,-0.00016858419178910527,EXP_LGBModel_Alpha158_csi300_custom_step0_s_20260825_15,a68443ccbc4a42998cfb0a5a39eba0dd,0.062,,,
3013,2026-08-25,SZ002532,-0.00016858419178910527,EXP_LGBModel_Alpha158_csi300_custom_step0_s_20260825_15,a68443ccbc4a42998cfb0a5a39eba0dd,0.062,,,
3014,2026-08-25,SZ002493,-0.0036397245595553543,EXP_LGBModel_Alpha158_csi300_custom_step0_s_20260825_15,a68443ccbc4a42998cfb0a5a39eba0dd,0.062,,,
3015,2026-08-25,SZ002475,-0.0026387603344392796,EXP_LGBModel_Alpha158_csi300_custom_step0_s_20260825_15,a68443ccbc4a42998cfb0a5a39eba0dd,0.062,,,
3016,2026-08-25,SZ002466,-0.0026387603344392796,EXP_LGBModel_Alpha158_csi300_custom_step0_s_20260825_15,a68443ccbc4a42998cfb0a5a39eba0dd,0.062,,,
3017,2026-08-25,SZ002001,2.7975755094505154e-10,EXP_LGBModel_Alpha158_csi300_custom_step0_s_20260825_15,a68443ccbc4a42998cfb0a5a39eba0dd,0.062,,,
3018,2026-08-25,SZ002027,-0.00016858419178910527,EXP_LGBModel_Alpha158_csi300_custom_step0_s_20260825_15,a68443ccbc4a42998cfb0a5a39eba0dd,0.062,,,
3019,2026-08-25,SZ002028,-0.0026387603344392796,EXP_LGBModel_Alpha158_csi300_custom_step0_s_20260825_15,a68443ccbc4a42998cfb0a5a39eba0dd,0.062,,,
3020,2026-08-25,SZ002049,-0.0026387603344392796,EXP_LGBModel_Alpha158_csi300_custom_step0_s_20260825_15,a68443ccbc4a42998cfb0a5a39eba0dd,0.062,,,
3021,2026-08-25,SZ002050,-0.00016858419178910527,EXP_LGBModel_Alpha158_csi300_custom_step0_s_20260825_15,a68443ccbc4a42998cfb0a5a39eba0dd,0.062,,,
3022,2026-08-25,SZ002074,-0.00016858419178910527,EXP_LGBModel_Alpha158_csi300_custom_step0_s_20260825_15,a68443ccbc4a42998cfb0a5a39eba0dd,0.062,,,
3023,2026-08-25,SZ002142,-0.0017996457068671723,EXP_LGBModel_Alpha158_csi300_custom_step0_s_20260825_15,a68443ccbc4a42998cfb0a5a39eba0dd,0.062,,,
3024,2026-08-25,SZ002179,-0.0026387603344392796,EXP_LGBModel_Alpha158_csi300_custom_step0_s_20260825_15,a68443ccbc4a42998cfb0a5a39eba0dd,0.062,,,
3025,2026-08-25,SZ002202,-0.0026387603344392796,EXP_LGBModel_Alpha158_csi300_custom_step0_s_20260825_15,a68443ccbc4a42998cfb0a5a39eba0dd,0.062,,,
3026,2026-08-25,SZ002230,-0.00016858419178910527,EXP_LGBModel_Alpha158_csi300_custom_step0_s_20260825_15,a68443ccbc4a42998cfb0a5a39eba0dd,0.062,,,
3027,2026-08-25,SZ300274,-0.0026387603344392796,EXP_LGBModel_Alpha158_csi300_custom_step0_s_20260825_15,a68443ccbc4a42998cfb0a5a39eba0dd,0.062,,,
3028,2026-08-25,SZ002236,0.0017993240033594862,EXP_LGBModel_Alpha158_csi300_custom_step0_s_20260825_15,a68443ccbc4a42998cfb0a5a39eba0dd,0.062,,,
3029,2026-08-25,SZ002304,-0.0026387603344392796,EXP_LGBModel_Alpha158_csi300_custom_step0_s_20260825_15,a68443ccbc4a42998cfb0a5a39eba0dd,0.062,,,
3030,2026-08-25,SZ002311,-0.0011629997800900315,EXP_LGBModel_Alpha158_csi300_custom_step0_s_20260825_15,a68443ccbc4a42998cfb0a5a39eba0dd,0.062,,,
3031,2026-08-25,SZ002352,0.0017993240033594862,EXP_LGBModel_Alpha158_csi300_custom_step0_s_20260825_15,a68443ccbc4a42998cfb0a5a39eba0dd,0.062,,,
3032,2026-08-25,SZ002353,-0.0026387603344392796,EXP_LGBModel_Alpha158_csi300_custom_step0_s_20260825_15,a68443ccbc4a42998cfb0a5a39eba0dd,0.062,,,
3033,2026-08-25,SZ002371,0.0006233918503826222,EXP_LGBModel_Alpha158_csi300_custom_step0_s_20260825_15,a68443ccbc4a42998cfb0a5a39eba0dd,0.062,,,
3034,2026-08-25,SZ002384,2.7975755094505154e-10,EXP_LGBModel_Alpha158_csi300_custom_step0_s_20260825_15,a68443ccbc4a42998cfb0a5a39eba0dd,0.062,,,
3035,2026-08-25,SZ002415,-0.00016858419178910527,EXP_LGBModel_Alpha158_csi300_custom_step0_s_20260825_15,a68443ccbc4a42998cfb0a5a39eba0dd,0.062,,,
3036,2026-08-25,SZ002422,2.7975755094505154e-10,EXP_LGBModel_Alpha158_csi300_custom_step0_s_20260825_15,a68443ccbc4a42998cfb0a5a39eba0dd,0.062,,,
3037,2026-08-25,SZ002460,-0.0026387603344392796,EXP_LGBModel_Alpha158_csi300_custom_step0_s_20260825_15,a68443ccbc4a42998cfb0a5a39eba0dd,0.062,,,
3038,2026-08-25,SZ002463,0.0006233918503826222,EXP_LGBModel_Alpha158_csi300_custom_step0_s_20260825_15,a68443ccbc4a42998cfb0a5a39eba0dd,0.062,,,
3039,2026-08-25,SZ002241,-0.0026387603344392796,EXP_LGBModel_Alpha158_csi300_custom_step0_s_20260825_15,a68443ccbc4a42998cfb0a5a39eba0dd,0.062,,,
3040,2026-08-25,SZ300308,0.005225850184812344,EXP_LGBModel_Alpha158_csi300_custom_step0_s_20260825_15,a68443ccbc4a42998cfb0a5a39eba0dd,0.062,,,
3041,2026-08-25,SZ300316,2.7975755094505154e-10,EXP_LGBModel_Alpha158_csi300_custom_step0_s_20260825_15,a68443ccbc4a42998cfb0a5a39eba0dd,0.062,,,
3042,2026-08-25,SZ300394,2.7975755094505154e-10,EXP_LGBModel_Alpha158_csi300_custom_step0_s_20260825_15,a68443ccbc4a42998cfb0a5a39eba0dd,0.062,,,
3043,2026-08-25,SH600011,0.005157716728665283,EXP_DEnsembleModel_Alpha158_csi300_custom_step0_s_20260825_13,87ebb3c059384d6798bc0ea90c87e8fa,0.108,,,
3044,2026-08-25,SH600015,0.09464000316218815,EXP_DEnsembleModel_Alpha158_csi300_custom_step0_s_20260825_13,87ebb3c059384d6798bc0ea90c87e8fa,0.108,,,
3045,2026-08-25,SH600016,0.07825738693217577,EXP_DEnsembleModel_Alpha158_csi300_custom_step0_s_20260825_13,87ebb3c059384d6798bc0ea90c87e8fa,0.108,,,
3046,2026-08-25,SH600018,0.07928320842891072,EXP_DEnsembleModel_Alpha158_csi300_custom_step0_s_20260825_13,87ebb3c059384d6798bc0ea90c87e8fa,0.108,,,
3047,2026-08-25,SH600019,-0.028681128473669538,EXP_DEnsembleModel_Alpha158_csi300_custom_step0_s_20260825_13,87ebb3c059384d6798bc0ea90c87e8fa,0.108,,,
3048,2026-08-25,SH600023,0.04629001795285838,EXP_DEnsembleModel_Alpha158_csi300_custom_step0_s_20260825_13,87ebb3c059384d6798bc0ea90c87e8fa,0.108,,,
3049,2026-08-25,SH600025,0.04588981068830647,EXP_DEnsembleModel_Alpha158_csi300_custom_step0_s_20260825_13,87ebb3c059384d6798bc0ea90c87e8fa,0.108,,,
3050,2026-08-25,SH600026,-0.14395970204757008,EXP_DEnsembleModel_Alpha158_csi300_custom_step0_s_20260825_13,87ebb3c059384d6798bc0ea90c87e8fa,0.108,,,
3051,2026-08-25,SH600027,0.035566415101543125,EXP_DEnsembleModel_Alpha158_csi300_custom_step0_s_20260825_13,87ebb3c059384d6798bc0ea90c87e8fa,0.108,,,
3052,2026-08-25,SH600028,0.0679289320736791,EXP_DEnsembleModel_Alpha158_csi300_custom_step0_s_20260825_13,87ebb3c059384d6798bc0ea90c87e8fa,0.108,,,
3053,2026-08-25,SH600010,0.06286006756620659,EXP_DEnsembleModel_Alpha158_csi300_custom_step0_s_20260825_13,87ebb3c059384d6798bc0ea90c87e8fa,0.108,,,
3054,2026-08-25,SH600029,0.050914110139858665,EXP_DEnsembleModel_Alpha158_csi300_custom_step0_s_20260825_13,87ebb3c059384d6798bc0ea90c87e8fa,0.108,,,
3055,2026-08-25,SH600031,-0.013394051827675625,EXP_DEnsembleModel_Alpha158_csi300_custom_step0_s_20260825_13,87ebb3c059384d6798bc0ea90c87e8fa,0.108,,,
3056,2026-08-25,SH600036,0.03408375672112455,EXP_DEnsembleModel_Alpha158_csi300_custom_step0_s_20260825_13,87ebb3c059384d6798bc0ea90c87e8fa,0.108,,,
3057,2026-08-25,SH600039,-0.02461197745399518,EXP_DEnsembleModel_Alpha158_csi300_custom_step0_s_20260825_13,87ebb3c059384d6798bc0ea90c87e8fa,0.108,,,
3058,2026-08-25,SH600048,-0.05676430775763472,EXP_DEnsembleModel_Alpha158_csi300_custom_step0_s_20260825_13,87ebb3c059384d6798bc0ea90c87e8fa,0.108,,,
3059,2026-08-25,SH600050,0.042614680111287086,EXP_DEnsembleModel_Alpha158_csi300_custom_step0_s_20260825_13,87ebb3c059384d6798bc0ea90c87e8fa,0.108,,,
3060,2026-08-25,SH600061,0.06675043985234508,EXP_DEnsembleModel_Alpha158_csi300_custom_step0_s_20260825_13,87ebb3c059384d6798bc0ea90c87e8fa,0.108,,,
3061,2026-08-25,SH600066,-0.09376504347084015,EXP_DEnsembleModel_Alpha158_csi300_custom_step0_s_20260825_13,87ebb3c059384d6798bc0ea90c87e8fa,0.108,,,
3062,2026-08-25,SH600085,-0.0678392827126141,EXP_DEnsembleModel_Alpha158_csi300_custom_step0_s_20260825_13,87ebb3c059384d6798bc0ea90c87e8fa,0.108,,,
3063,2026-08-25,SH600089,0.008054456402921932,EXP_DEnsembleModel_Alpha158_csi300_custom_step0_s_20260825_13,87ebb3c059384d6798bc0ea90c87e8fa,0.108,,,
3064,2026-08-25,SH600104,-0.03340304148707047,EXP_DEnsembleModel_Alpha158_csi300_custom_step0_s_20260825_13,87ebb3c059384d6798bc0ea90c87e8fa,0.108,,,
3065,2026-08-25,SH600030,0.102474455807147,EXP_DEnsembleModel_Alpha158_csi300_custom_step0_s_20260825_13,87ebb3c059384d6798bc0ea90c87e8fa,0.108,,,
3066,2026-08-25,SH600115,0.011681999486267478,EXP_DEnsembleModel_Alpha158_csi300_custom_step0_s_20260825_13,87ebb3c059384d6798bc0ea90c87e8fa,0.108,,,
3067,2026-08-25,SH600009,0.006299894182659018,EXP_DEnsembleModel_Alpha158_csi300_custom_step0_s_20260825_13,87ebb3c059384d6798bc0ea90c87e8fa,0.108,,,
3068,2026-08-25,SZ302132,-0.0026387603344392796,EXP_LGBModel_Alpha158_csi300_custom_step0_s_20260825_15,a68443ccbc4a42998cfb0a5a39eba0dd,0.062,,,
3069,2026-08-25,SZ300408,2.7975755094505154e-10,EXP_LGBModel_Alpha158_csi300_custom_step0_s_20260825_15,a68443ccbc4a42998cfb0a5a39eba0dd,0.062,,,
3070,2026-08-25,SZ300413,-0.0026387603344392796,EXP_LGBModel_Alpha158_csi300_custom_step0_s_20260825_15,a68443ccbc4a42998cfb0a5a39eba0dd,0.062,,,
3071,2026-08-25,SZ300418,-0.0026387603344392796,EXP_LGBModel_Alpha158_csi300_custom_step0_s_20260825_15,a68443ccbc4a42998cfb0a5a39eba0dd,0.062,,,
3072,2026-08-25,SZ300433,-0.0026387603344392796,EXP_LGBModel_Alpha158_csi300_custom_step0_s_20260825_15,a68443ccbc4a42998cfb0a5a39eba0dd,0.062,,,
3073,2026-08-25,SZ300442,-0.0026387603344392796,EXP_LGBModel_Alpha158_csi300_custom_step0_s_20260825_15,a68443ccbc4a42998cfb0a5a39eba0dd,0.062,,,
3074,2026-08-25,SZ300450,-0.00016858419178910527,EXP_LGBModel_Alpha158_csi300_custom_step0_s_20260825_15,a68443ccbc4a42998cfb0a5a39eba0dd,0.062,,,
3075,2026-08-25,SZ300476,0.005225850184812344,EXP_LGBModel_Alpha158_csi300_custom_step0_s_20260825_15,a68443ccbc4a42998cfb0a5a39eba0dd,0.062,,,
3076,2026-08-25,SZ300498,0.0021602297987787377,EXP_LGBModel_Alpha158_csi300_custom_step0_s_20260825_15,a68443ccbc4a42998cfb0a5a39eba0dd,0.062,,,
3077,2026-08-25,SZ300502,2.7975755094505154e-10,EXP_LGBModel_Alpha158_csi300_custom_step0_s_20260825_15,a68443ccbc4a42998cfb0a5a39eba0dd,0.062,,,
3078,2026-08-25,SZ300628,0.0021602297987787377,EXP_LGBModel_Alpha158_csi300_custom_step0_s_20260825_15,a68443ccbc4a42998cfb0a5a39eba0dd,0.062,,,
3079,2026-08-25,SH600000,0.03315422306716243,EXP_DEnsembleModel_Alpha158_csi300_custom_step0_s_20260825_13,87ebb3c059384d6798bc0ea90c87e8fa,0.108,,,
3080,2026-08-25,SZ300661,0.0006233918503826222,EXP_LGBModel_Alpha158_csi300_custom_step0_s_20260825_15,a68443ccbc4a42998cfb0a5a39eba0dd,0.062,,,
3081,2026-08-25,SZ300760,0.0021602297987787377,EXP_LGBModel_Alpha158_csi300_custom_step0_s_20260825_15,a68443ccbc4a42998cfb0a5a39eba0dd,0.062,,,
3082,2026-08-25,SZ300803,-0.0026387603344392796,EXP_LGBModel_Alpha158_csi300_custom_step0_s_20260825_15,a68443ccbc4a42998cfb0a5a39eba0dd,0.062,,,
3083,2026-08-25,SZ300832,-0.0036397245595553543,EXP_LGBModel_Alpha158_csi300_custom_step0_s_20260825_15,a68443ccbc4a42998cfb0a5a39eba0dd,0.062,,,
3084,2026-08-25,SZ300866,0.0021602297987787377,EXP_LGBModel_Alpha158_csi300_custom_step0_s_20260825_15,a68443ccbc4a42998cfb0a5a39eba0dd,0.062,,,
3085,2026-08-25,SZ300896,-0.00016858419178910527,EXP_LGBModel_Alpha158_csi300_custom_step0_s_20260825_15,a68443ccbc4a42998cfb0a5a39eba0dd,0.062,,,
3086,2026-08-25,SZ300999,2.7975755094505154e-10,EXP_LGBModel_Alpha158_csi300_custom_step0_s_20260825_15,a68443ccbc4a42998cfb0a5a39eba0dd,0.062,,,
3087,2026-08-25,SZ301165,2.7975755094505154e-10,EXP_LGBModel_Alpha158_csi300_custom_step0_s_20260825_15,a68443ccbc4a42998cfb0a5a39eba0dd,0.062,,,
3088,2026-08-25,SZ301236,-0.00016858419178910527,EXP_LGBModel_Alpha158_csi300_custom_step0_s_20260825_15,a68443ccbc4a42998cfb0a5a39eba0dd,0.062,,,
3089,2026-08-25,SZ301269,-0.0026387603344392796,EXP_LGBModel_Alpha158_csi300_custom_step0_s_20260825_15,a68443ccbc4a42998cfb0a5a39eba0dd,0.062,,,
3090,2026-08-25,SZ301308,2.7975755094505154e-10,EXP_LGBModel_Alpha158_csi300_custom_step0_s_20260825_15,a68443ccbc4a42998cfb0a5a39eba0dd,0.062,,,
3091,2026-08-25,SZ300750,-0.0026387603344392796,EXP_LGBModel_Alpha158_csi300_custom_step0_s_20260825_15,a68443ccbc4a42998cfb0a5a39eba0dd,0.062,,,
3092,2026-08-25,SH601727,-0.0349531852805256,EXP_DEnsembleModel_Alpha158_csi300_custom_step0_s_20260825_13,87ebb3c059384d6798bc0ea90c87e8fa,0.108,,,
3093,2026-08-25,SH601728,0.0409983194941689,EXP_DEnsembleModel_Alpha158_csi300_custom_step0_s_20260825_13,87ebb3c059384d6798bc0ea90c87e8fa,0.108,,,
3094,2026-08-25,SH601766,-0.02221401169732165,EXP_DEnsembleModel_Alpha158_csi300_custom_step0_s_20260825_13,87ebb3c059384d6798bc0ea90c87e8fa,0.108,,,
3095,2026-08-25,SZ002916,0.11692449371897277,EXP_DEnsembleModel_Alpha158_csi300_custom_step0_s_20260825_13,87ebb3c059384d6798bc0ea90c87e8fa,0.108,,,
3096,2026-08-25,SZ002920,-0.10386092778979746,EXP_DEnsembleModel_Alpha158_csi300_custom_step0_s_20260825_13,87ebb3c059384d6798bc0ea90c87e8fa,0.108,,,
3097,2026-08-25,SZ002938,0.012916195893024483,EXP_DEnsembleModel_Alpha158_csi300_custom_step0_s_20260825_13,87ebb3c059384d6798bc0ea90c87e8fa,0.108,,,
3098,2026-08-25,SZ003816,-0.022422118153521936,EXP_DEnsembleModel_Alpha158_csi300_custom_step0_s_20260825_13,87ebb3c059384d6798bc0ea90c87e8fa,0.108,,,
3099,2026-08-25,SZ300014,-0.0053381735815143,EXP_DEnsembleModel_Alpha158_csi300_custom_step0_s_20260825_13,87ebb3c059384d6798bc0ea90c87e8fa,0.108,,,
3100,2026-08-25,SZ300015,-0.08194498194609472,EXP_DEnsembleModel_Alpha158_csi300_custom_step0_s_20260825_13,87ebb3c059384d6798bc0ea90c87e8fa,0.108,,,
3101,2026-08-25,SZ300033,-0.023965646768008747,EXP_DEnsembleModel_Alpha158_csi300_custom_step0_s_20260825_13,87ebb3c059384d6798bc0ea90c87e8fa,0.108,,,
3102,2026-08-25,SZ300059,-0.015429846001094852,EXP_DEnsembleModel_Alpha158_csi300_custom_step0_s_20260825_13,87ebb3c059384d6798bc0ea90c87e8fa,0.108,,,
3103,2026-08-25,SZ300122,-0.04925348786275104,EXP_DEnsembleModel_Alpha158_csi300_custom_step0_s_20260825_13,87ebb3c059384d6798bc0ea90c87e8fa,0.108,,,
3104,2026-08-25,SZ300124,0.0013311466806055134,EXP_DEnsembleModel_Alpha158_csi300_custom_step0_s_20260825_13,87ebb3c059384d6798bc0ea90c87e8fa,0.108,,,
3105,2026-08-25,SZ300251,-0.10553539394690373,EXP_DEnsembleModel_Alpha158_csi300_custom_step0_s_20260825_13,87ebb3c059384d6798bc0ea90c87e8fa,0.108,,,
3106,2026-08-25,SZ300274,0.06644148251270733,EXP_DEnsembleModel_Alpha158_csi300_custom_step0_s_20260825_13,87ebb3c059384d6798bc0ea90c87e8fa,0.108,,,
3107,2026-08-25,SZ300308,0.18927496063158428,EXP_DEnsembleModel_Alpha158_csi300_custom_step0_s_20260825_13,87ebb3c059384d6798bc0ea90c87e8fa,0.108,,,
3108,2026-08-25,SZ300316,-0.03996505095913396,EXP_DEnsembleModel_Alpha158_csi300_custom_step0_s_20260825_13,87ebb3c059384d6798bc0ea90c87e8fa,0.108,,,
3109,2026-08-25,SZ300394,0.15277770239953398,EXP_DEnsembleModel_Alpha158_csi300_custom_step0_s_20260825_13,87ebb3c059384d6798bc0ea90c87e8fa,0.108,,,
3110,2026-08-25,SZ300408,0.1622519709644728,EXP_DEnsembleModel_Alpha158_csi300_custom_step0_s_20260825_13,87ebb3c059384d6798bc0ea90c87e8fa,0.108,,,
3111,2026-08-25,SZ300413,-0.06221943352931113,EXP_DEnsembleModel_Alpha158_csi300_custom_step0_s_20260825_13,87ebb3c059384d6798bc0ea90c87e8fa,0.108,,,
3112,2026-08-25,SZ300418,-0.017563121642723712,EXP_DEnsembleModel_Alpha158_csi300_custom_step0_s_20260825_13,87ebb3c059384d6798bc0ea90c87e8fa,0.108,,,
3113,2026-08-25,SZ300433,0.1080397197353209,EXP_DEnsembleModel_Alpha158_csi300_custom_step0_s_20260825_13,87ebb3c059384d6798bc0ea90c87e8fa,0.108,,,
3114,2026-08-25,SZ300442,0.03919478888309548,EXP_DEnsembleModel_Alpha158_csi300_custom_step0_s_20260825_13,87ebb3c059384d6798bc0ea90c87e8fa,0.108,,,
3115,2026-08-25,SZ300450,0.012538479143366107,EXP_DEnsembleModel_Alpha158_csi300_custom_step0_s_20260825_13,87ebb3c059384d6798bc0ea90c87e8fa,0.108,,,
3116,2026-08-25,SZ002837,0.18897934866604935,EXP_DEnsembleModel_Alpha158_csi300_custom_step0_s_20260825_13,87ebb3c059384d6798bc0ea90c87e8fa,0.108,,,
3117,2026-08-25,SZ002736,0.09183872456860125,EXP_DEnsembleModel_Alpha158_csi300_custom_step0_s_20260825_13,87ebb3c059384d6798bc0ea90c87e8fa,0.108,,,
3118,2026-08-25,SZ002714,0.06713827267143509,EXP_DEnsembleModel_Alpha158_csi300_custom_step0_s_20260825_13,87ebb3c059384d6798bc0ea90c87e8fa,0.108,,,
3119,2026-08-25,SZ002709,0.14611821819263165,EXP_DEnsembleModel_Alpha158_csi300_custom_step0_s_20260825_13,87ebb3c059384d6798bc0ea90c87e8fa,0.108,,,
3120,2026-08-25,SZ002236,0.06501608775324963,EXP_DEnsembleModel_Alpha158_csi300_custom_step0_s_20260825_13,87ebb3c059384d6798bc0ea90c87e8fa,0.108,,,
3121,2026-08-25,SZ002241,-0.14066080921584076,EXP_DEnsembleModel_Alpha158_csi300_custom_step0_s_20260825_13,87ebb3c059384d6798bc0ea90c87e8fa,0.108,,,
3122,2026-08-25,SZ002304,-0.1013448215978993,EXP_DEnsembleModel_Alpha158_csi300_custom_step0_s_20260825_13,87ebb3c059384d6798bc0ea90c87e8fa,0.108,,,
3123,2026-08-25,SZ002311,0.04244318090447655,EXP_DEnsembleModel_Alpha158_csi300_custom_step0_s_20260825_13,87ebb3c059384d6798bc0ea90c87e8fa,0.108,,,
3124,2026-08-25,SZ002352,0.05231274630788171,EXP_DEnsembleModel_Alpha158_csi300_custom_step0_s_20260825_13,87ebb3c059384d6798bc0ea90c87e8fa,0.108,,,
3125,2026-08-25,SZ002353,0.005092432540995545,EXP_DEnsembleModel_Alpha158_csi300_custom_step0_s_20260825_13,87ebb3c059384d6798bc0ea90c87e8fa,0.108,,,
3126,2026-08-25,SZ002371,0.011502915520291415,EXP_DEnsembleModel_Alpha158_csi300_custom_step0_s_20260825_13,87ebb3c059384d6798bc0ea90c87e8fa,0.108,,,
3127,2026-08-25,SZ002384,0.147590987212655,EXP_DEnsembleModel_Alpha158_csi300_custom_step0_s_20260825_13,87ebb3c059384d6798bc0ea90c87e8fa,0.108,,,
3128,2026-08-25,SZ002415,-0.12312291285942882,EXP_DEnsembleModel_Alpha158_csi300_custom_step0_s_20260825_13,87ebb3c059384d6798bc0ea90c87e8fa,0.108,,,
3129,2026-08-25,SZ002422,0.0076998774625152465,EXP_DEnsembleModel_Alpha158_csi300_custom_step0_s_20260825_13,87ebb3c059384d6798bc0ea90c87e8fa,0.108,,,
3130,2026-08-25,SZ300476,0.2389500233617702,EXP_DEnsembleModel_Alpha158_csi300_custom_step0_s_20260825_13,87ebb3c059384d6798bc0ea90c87e8fa,0.108,,,
3131,2026-08-25,SZ002460,-0.04457529644396982,EXP_DEnsembleModel_Alpha158_csi300_custom_step0_s_20260825_13,87ebb3c059384d6798bc0ea90c87e8fa,0.108,,,
3132,2026-08-25,SZ002466,-0.062468047938023796,EXP_DEnsembleModel_Alpha158_csi300_custom_step0_s_20260825_13,87ebb3c059384d6798bc0ea90c87e8fa,0.108,,,
3133,2026-08-25,SZ002475,-0.012945018259602937,EXP_DEnsembleModel_Alpha158_csi300_custom_step0_s_20260825_13,87ebb3c059384d6798bc0ea90c87e8fa,0.108,,,
3134,2026-08-25,SZ002493,-0.0646413382822849,EXP_DEnsembleModel_Alpha158_csi300_custom_step0_s_20260825_13,87ebb3c059384d6798bc0ea90c87e8fa,0.108,,,
3135,2026-08-25,SZ002532,-0.09838460620956914,EXP_DEnsembleModel_Alpha158_csi300_custom_step0_s_20260825_13,87ebb3c059384d6798bc0ea90c87e8fa,0.108,,,
3136,2026-08-25,SZ002558,-0.08617461363354481,EXP_DEnsembleModel_Alpha158_csi300_custom_step0_s_20260825_13,87ebb3c059384d6798bc0ea90c87e8fa,0.108,,,
3137,2026-08-25,SZ002594,0.007836351181648856,EXP_DEnsembleModel_Alpha158_csi300_custom_step0_s_20260825_13,87ebb3c059384d6798bc0ea90c87e8fa,0.108,,,
3138,2026-08-25,SZ002600,-0.00665966683883293,EXP_DEnsembleModel_Alpha158_csi300_custom_step0_s_20260825_13,87ebb3c059384d6798bc0ea90c87e8fa,0.108,,,
3139,2026-08-25,SZ002602,-0.11206745832668351,EXP_DEnsembleModel_Alpha158_csi300_custom_step0_s_20260825_13,87ebb3c059384d6798bc0ea90c87e8fa,0.108,,,
3140,2026-08-25,SZ002625,-0.06215310425231849,EXP_DEnsembleModel_Alpha158_csi300_custom_step0_s_20260825_13,87ebb3c059384d6798bc0ea90c87e8fa,0.108,,,
3141,2026-08-25,SZ002648,0.11993907753778071,EXP_DEnsembleModel_Alpha158_csi300_custom_step0_s_20260825_13,87ebb3c059384d6798bc0ea90c87e8fa,0.108,,,
3142,2026-08-25,SZ002463,0.003756210233009904,EXP_DEnsembleModel_Alpha158_csi300_custom_step0_s_20260825_13,87ebb3c059384d6798bc0ea90c87e8fa,0.108,,,
3143,2026-08-25,SZ300498,-0.05103082090704341,EXP_DEnsembleModel_Alpha158_csi300_custom_step0_s_20260825_13,87ebb3c059384d6798bc0ea90c87e8fa,0.108,,,
3144,2026-08-25,SZ300502,0.2739778188676475,EXP_DEnsembleModel_Alpha158_csi300_custom_step0_s_20260825_13,87ebb3c059384d6798bc0ea90c87e8fa,0.108,,,
3145,2026-08-25,SZ300628,-0.13948160678015006,EXP_DEnsembleModel_Alpha158_csi300_custom_step0_s_20260825_13,87ebb3c059384d6798bc0ea90c87e8fa,0.108,,,
3146,2026-08-25,SH600029,0.075479501070515,EXP_DEnsembleModel_Alpha158_csi300_custom_step0_s_20260825_13,8b40317d75d44d78aae6d4207fdf16bf,0.128,,,
3147,2026-08-25,SH600030,0.09048742128322726,EXP_DEnsembleModel_Alpha158_csi300_custom_step0_s_20260825_13,8b40317d75d44d78aae6d4207fdf16bf,0.128,,,
3148,2026-08-25,SH600031,0.04158376232652924,EXP_DEnsembleModel_Alpha158_csi300_custom_step0_s_20260825_13,8b40317d75d44d78aae6d4207fdf16bf,0.128,,,
3149,2026-08-25,SH600036,0.06355606472536755,EXP_DEnsembleModel_Alpha158_csi300_custom_step0_s_20260825_13,8b40317d75d44d78aae6d4207fdf16bf,0.128,,,
3150,2026-08-25,SH600039,-0.029772508867895984,EXP_DEnsembleModel_Alpha158_csi300_custom_step0_s_20260825_13,8b40317d75d44d78aae6d4207fdf16bf,0.128,,,
3151,2026-08-25,SH600048,-0.09384842682995741,EXP_DEnsembleModel_Alpha158_csi300_custom_step0_s_20260825_13,8b40317d75d44d78aae6d4207fdf16bf,0.128,,,
3152,2026-08-25,SH600050,0.04784915677558661,EXP_DEnsembleModel_Alpha158_csi300_custom_step0_s_20260825_13,8b40317d75d44d78aae6d4207fdf16bf,0.128,,,
3153,2026-08-25,SH600061,0.06102668580625384,EXP_DEnsembleModel_Alpha158_csi300_custom_step0_s_20260825_13,8b40317d75d44d78aae6d4207fdf16bf,0.128,,,
3154,2026-08-25,SH600066,-0.031564654108115146,EXP_DEnsembleModel_Alpha158_csi300_custom_step0_s_20260825_13,8b40317d75d44d78aae6d4207fdf16bf,0.128,,,
3155,2026-08-25,SH600085,-0.08729844127303979,EXP_DEnsembleModel_Alpha158_csi300_custom_step0_s_20260825_13,8b40317d75d44d78aae6d4207fdf16bf,0.128,,,
3156,2026-08-25,SH600028,0.030140437346442894,EXP_DEnsembleModel_Alpha158_csi300_custom_step0_s_20260825_13,8b40317d75d44d78aae6d4207fdf16bf,0.128,,,
3157,2026-08-25,SH600089,-0.019528748328647757,EXP_DEnsembleModel_Alpha158_csi300_custom_step0_s_20260825_13,8b40317d75d44d78aae6d4207fdf16bf,0.128,,,
3158,2026-08-25,SH600111,-0.004757898319748983,EXP_DEnsembleModel_Alpha158_csi300_custom_step0_s_20260825_13,8b40317d75d44d78aae6d4207fdf16bf,0.128,,,
3159,2026-08-25,SH600115,0.024277277145833352,EXP_DEnsembleModel_Alpha158_csi300_custom_step0_s_20260825_13,8b40317d75d44d78aae6d4207fdf16bf,0.128,,,
3160,2026-08-25,SH600118,-0.04768593138342388,EXP_DEnsembleModel_Alpha158_csi300_custom_step0_s_20260825_13,8b40317d75d44d78aae6d4207fdf16bf,0.128,,,
3161,2026-08-25,SH600150,0.037107011612128184,EXP_DEnsembleModel_Alpha158_csi300_custom_step0_s_20260825_13,8b40317d75d44d78aae6d4207fdf16bf,0.128,,,
3162,2026-08-25,SH600160,-0.0808795404333802,EXP_DEnsembleModel_Alpha158_csi300_custom_step0_s_20260825_13,8b40317d75d44d78aae6d4207fdf16bf,0.128,,,
3163,2026-08-25,SH600176,0.21233067351926896,EXP_DEnsembleModel_Alpha158_csi300_custom_step0_s_20260825_13,8b40317d75d44d78aae6d4207fdf16bf,0.128,,,
3164,2026-08-25,SH600183,0.17010101209109008,EXP_DEnsembleModel_Alpha158_csi300_custom_step0_s_20260825_13,8b40317d75d44d78aae6d4207fdf16bf,0.128,,,
3165,2026-08-25,SH600188,-0.1456217761230332,EXP_DEnsembleModel_Alpha158_csi300_custom_step0_s_20260825_13,8b40317d75d44d78aae6d4207fdf16bf,0.128,,,
3166,2026-08-25,SH600196,-0.06753736117334087,EXP_DEnsembleModel_Alpha158_csi300_custom_step0_s_20260825_13,8b40317d75d44d78aae6d4207fdf16bf,0.128,,,
3167,2026-08-25,SH600219,-0.12686445431807405,EXP_DEnsembleModel_Alpha158_csi300_custom_step0_s_20260825_13,8b40317d75d44d78aae6d4207fdf16bf,0.128,,,
3168,2026-08-25,SH600104,-0.007275736035011445,EXP_DEnsembleModel_Alpha158_csi300_custom_step0_s_20260825_13,8b40317d75d44d78aae6d4207fdf16bf,0.128,,,
3169,2026-08-25,SZ002230,-0.06508901179543707,EXP_DEnsembleModel_Alpha158_csi300_custom_step0_s_20260825_13,87ebb3c059384d6798bc0ea90c87e8fa,0.108,,,
3170,2026-08-25,SH600027,0.04730679355712108,EXP_DEnsembleModel_Alpha158_csi300_custom_step0_s_20260825_13,8b40317d75d44d78aae6d4207fdf16bf,0.128,,,
3171,2026-08-25,SH600025,0.03674492134376389,EXP_DEnsembleModel_Alpha158_csi300_custom_step0_s_20260825_13,8b40317d75d44d78aae6d4207fdf16bf,0.128,,,
3172,2026-08-25,SZ300661,-0.029549408139031293,EXP_DEnsembleModel_Alpha158_csi300_custom_step0_s_20260825_13,87ebb3c059384d6798bc0ea90c87e8fa,0.108,,,
3173,2026-08-25,SZ300750,-0.0341004096433997,EXP_DEnsembleModel_Alpha158_csi300_custom_step0_s_20260825_13,87ebb3c059384d6798bc0ea90c87e8fa,0.108,,,
3174,2026-08-25,SZ300760,-0.010508553395505943,EXP_DEnsembleModel_Alpha158_csi300_custom_step0_s_20260825_13,87ebb3c059384d6798bc0ea90c87e8fa,0.108,,,
3175,2026-08-25,SZ300803,-0.050539353473236064,EXP_DEnsembleModel_Alpha158_csi300_custom_step0_s_20260825_13,87ebb3c059384d6798bc0ea90c87e8fa,0.108,,,
3176,2026-08-25,SZ300832,0.07877215914181791,EXP_DEnsembleModel_Alpha158_csi300_custom_step0_s_20260825_13,87ebb3c059384d6798bc0ea90c87e8fa,0.108,,,
3177,2026-08-25,SZ300866,-0.11315661806922633,EXP_DEnsembleModel_Alpha158_csi300_custom_step0_s_20260825_13,87ebb3c059384d6798bc0ea90c87e8fa,0.108,,,
3178,2026-08-25,SZ300896,-0.13790095995804835,EXP_DEnsembleModel_Alpha158_csi300_custom_step0_s_20260825_13,87ebb3c059384d6798bc0ea90c87e8fa,0.108,,,
3179,2026-08-25,SZ300999,-0.02432209023243884,EXP_DEnsembleModel_Alpha158_csi300_custom_step0_s_20260825_13,87ebb3c059384d6798bc0ea90c87e8fa,0.108,,,
3180,2026-08-25,SZ301165,-0.0034224574807488815,EXP_DEnsembleModel_Alpha158_csi300_custom_step0_s_20260825_13,87ebb3c059384d6798bc0ea90c87e8fa,0.108,,,
3181,2026-08-25,SZ301236,-0.08810123634855525,EXP_DEnsembleModel_Alpha158_csi300_custom_step0_s_20260825_13,87ebb3c059384d6798bc0ea90c87e8fa,0.108,,,
3182,2026-08-25,SH600026,-0.06543607079122604,EXP_DEnsembleModel_Alpha158_csi300_custom_step0_s_20260825_13,8b40317d75d44d78aae6d4207fdf16bf,0.128,,,
3183,2026-08-25,SZ301269,-0.08887563800930502,EXP_DEnsembleModel_Alpha158_csi300_custom_step0_s_20260825_13,87ebb3c059384d6798bc0ea90c87e8fa,0.108,,,
3184,2026-08-25,SZ302132,-0.02204837441019116,EXP_DEnsembleModel_Alpha158_csi300_custom_step0_s_20260825_13,87ebb3c059384d6798bc0ea90c87e8fa,0.108,,,
3185,2026-08-25,SH600000,0.09618072745260275,EXP_DEnsembleModel_Alpha158_csi300_custom_step0_s_20260825_13,8b40317d75d44d78aae6d4207fdf16bf,0.128,,,
3186,2026-08-25,SH600009,0.006428870713727055,EXP_DEnsembleModel_Alpha158_csi300_custom_step0_s_20260825_13,8b40317d75d44d78aae6d4207fdf16bf,0.128,,,
3187,2026-08-25,SH600010,0.08154314791778168,EXP_DEnsembleModel_Alpha158_csi300_custom_step0_s_20260825_13,8b40317d75d44d78aae6d4207fdf16bf,0.128,,,
3188,2026-08-25,SH600011,-0.030925810283147444,EXP_DEnsembleModel_Alpha158_csi300_custom_step0_s_20260825_13,8b40317d75d44d78aae6d4207fdf16bf,0.128,,,
3189,2026-08-25,SH600015,0.0839788062129475,EXP_DEnsembleModel_Alpha158_csi300_custom_step0_s_20260825_13,8b40317d75d44d78aae6d4207fdf16bf,0.128,,,
3190,2026-08-25,SH600016,0.0856940084322432,EXP_DEnsembleModel_Alpha158_csi300_custom_step0_s_20260825_13,8b40317d75d44d78aae6d4207fdf16bf,0.128,,,
3191,2026-08-25,SH600018,0.0689830558627865,EXP_DEnsembleModel_Alpha158_csi300_custom_step0_s_20260825_13,8b40317d75d44d78aae6d4207fdf16bf,0.128,,,
3192,2026-08-25,SH600019,-0.0315972627663929,EXP_DEnsembleModel_Alpha158_csi300_custom_step0_s_20260825_13,8b40317d75d44d78aae6d4207fdf16bf,0.128,,,
3193,2026-08-25,SH600023,0.03670330408276012,EXP_DEnsembleModel_Alpha158_csi300_custom_step0_s_20260825_13,8b40317d75d44d78aae6d4207fdf16bf,0.128,,,
3194,2026-08-25,SZ301308,0.11706761368380796,EXP_DEnsembleModel_Alpha158_csi300_custom_step0_s_20260825_13,87ebb3c059384d6798bc0ea90c87e8fa,0.108,,,
3195,2026-08-25,SZ002202,0.0006401537106268423,EXP_DEnsembleModel_Alpha158_csi300_custom_step0_s_20260825_13,87ebb3c059384d6798bc0ea90c87e8fa,0.108,,,
3196,2026-08-25,SZ002179,0.02041536379059506,EXP_DEnsembleModel_Alpha158_csi300_custom_step0_s_20260825_13,87ebb3c059384d6798bc0ea90c87e8fa,0.108,,,
3197,2026-08-25,SZ002142,0.05396846384710992,EXP_DEnsembleModel_Alpha158_csi300_custom_step0_s_20260825_13,87ebb3c059384d6798bc0ea90c87e8fa,0.108,,,
3198,2026-08-25,SH603288,-0.0049661490521787305,EXP_DEnsembleModel_Alpha158_csi300_custom_step0_s_20260825_13,87ebb3c059384d6798bc0ea90c87e8fa,0.108,,,
3199,2026-08-25,SH603296,-0.03869137996632001,EXP_DEnsembleModel_Alpha158_csi300_custom_step0_s_20260825_13,87ebb3c059384d6798bc0ea90c87e8fa,0.108,,,
3200,2026-08-25,SH603369,-0.08424027197738738,EXP_DEnsembleModel_Alpha158_csi300_custom_step0_s_20260825_13,87ebb3c059384d6798bc0ea90c87e8fa,0.108,,,
3201,2026-08-25,SH603392,-0.10087660837557276,EXP_DEnsembleModel_Alpha158_csi300_custom_step0_s_20260825_13,87ebb3c059384d6798bc0ea90c87e8fa,0.108,,,
3202,2026-08-25,SH603501,0.006223878346169173,EXP_DEnsembleModel_Alpha158_csi300_custom_step0_s_20260825_13,87ebb3c059384d6798bc0ea90c87e8fa,0.108,,,
3203,2026-08-25,SH603799,0.03209520623015046,EXP_DEnsembleModel_Alpha158_csi300_custom_step0_s_20260825_13,87ebb3c059384d6798bc0ea90c87e8fa,0.108,,,
3204,2026-08-25,SH603893,-0.0013355459178780546,EXP_DEnsembleModel_Alpha158_csi300_custom_step0_s_20260825_13,87ebb3c059384d6798bc0ea90c87e8fa,0.108,,,
3205,2026-08-25,SH603986,0.2123235680900743,EXP_DEnsembleModel_Alpha158_csi300_custom_step0_s_20260825_13,87ebb3c059384d6798bc0ea90c87e8fa,0.108,,,
3206,2026-08-25,SH603993,-0.09295959794008854,EXP_DEnsembleModel_Alpha158_csi300_custom_step0_s_20260825_13,87ebb3c059384d6798bc0ea90c87e8fa,0.108,,,
3207,2026-08-25,SH605117,-0.09116926566067439,EXP_DEnsembleModel_Alpha158_csi300_custom_step0_s_20260825_13,87ebb3c059384d6798bc0ea90c87e8fa,0.108,,,
3208,2026-08-25,SH603260,0.11804788009149107,EXP_DEnsembleModel_Alpha158_csi300_custom_step0_s_20260825_13,87ebb3c059384d6798bc0ea90c87e8fa,0.108,,,
3209,2026-08-25,SH605499,-0.17710435156958762,EXP_DEnsembleModel_Alpha158_csi300_custom_step0_s_20260825_13,87ebb3c059384d6798bc0ea90c87e8fa,0.108,,,
3210,2026-08-25,SH688009,0.005745349987365012,EXP_DEnsembleModel_Alpha158_csi300_custom_step0_s_20260825_13,87ebb3c059384d6798bc0ea90c87e8fa,0.108,,,
3211,2026-08-25,SH688012,0.03827623156833434,EXP_DEnsembleModel_Alpha158_csi300_custom_step0_s_20260825_13,87ebb3c059384d6798bc0ea90c87e8fa,0.108,,,
3212,2026-08-25,SH688036,-0.056126889023031326,EXP_DEnsembleModel_Alpha158_csi300_custom_step0_s_20260825_13,87ebb3c059384d6798bc0ea90c87e8fa,0.108,,,
3213,2026-08-25,SH688041,0.018732799237339302,EXP_DEnsembleModel_Alpha158_csi300_custom_step0_s_20260825_13,87ebb3c059384d6798bc0ea90c87e8fa,0.108,,,
3214,2026-08-25,SH688047,0.10168999532039376,EXP_DEnsembleModel_Alpha158_csi300_custom_step0_s_20260825_13,87ebb3c059384d6798bc0ea90c87e8fa,0.108,,,
3215,2026-08-25,SH688072,-0.04734088887063078,EXP_DEnsembleModel_Alpha158_csi300_custom_step0_s_20260825_13,87ebb3c059384d6798bc0ea90c87e8fa,0.108,,,
3216,2026-08-25,SH688082,0.046292982641119425,EXP_DEnsembleModel_Alpha158_csi300_custom_step0_s_20260825_13,87ebb3c059384d6798bc0ea90c87e8fa,0.108,,,
3217,2026-08-25,SH688111,-0.07028485125460374,EXP_DEnsembleModel_Alpha158_csi300_custom_step0_s_20260825_13,87ebb3c059384d6798bc0ea90c87e8fa,0.108,,,
3218,2026-08-25,SH688126,0.09307298423100616,EXP_DEnsembleModel_Alpha158_csi300_custom_step0_s_20260825_13,87ebb3c059384d6798bc0ea90c87e8fa,0.108,,,
3219,2026-08-25,SH688183,0.029334291503957766,EXP_DEnsembleModel_Alpha158_csi300_custom_step0_s_20260825_13,87ebb3c059384d6798bc0ea90c87e8fa,0.108,,,
3220,2026-08-25,SH688008,0.07478527727748277,EXP_DEnsembleModel_Alpha158_csi300_custom_step0_s_20260825_13,87ebb3c059384d6798bc0ea90c87e8fa,0.108,,,
3221,2026-08-25,SH688223,-0.013029160739267525,EXP_DEnsembleModel_Alpha158_csi300_custom_step0_s_20260825_13,87ebb3c059384d6798bc0ea90c87e8fa,0.108,,,
3222,2026-08-25,SH603259,-0.1558981372452689,EXP_DEnsembleModel_Alpha158_csi300_custom_step0_s_20260825_13,87ebb3c059384d6798bc0ea90c87e8fa,0.108,,,
3223,2026-08-25,SH601998,0.08823824934303087,EXP_DEnsembleModel_Alpha158_csi300_custom_step0_s_20260825_13,87ebb3c059384d6798bc0ea90c87e8fa,0.108,,,
3224,2026-08-25,SH601788,0.07342617360560041,EXP_DEnsembleModel_Alpha158_csi300_custom_step0_s_20260825_13,87ebb3c059384d6798bc0ea90c87e8fa,0.108,,,
3225,2026-08-25,SH601800,0.047359752616376496,EXP_DEnsembleModel_Alpha158_csi300_custom_step0_s_20260825_13,87ebb3c059384d6798bc0ea90c87e8fa,0.108,,,
3226,2026-08-25,SH601816,0.07141462467174967,EXP_DEnsembleModel_Alpha158_csi300_custom_step0_s_20260825_13,87ebb3c059384d6798bc0ea90c87e8fa,0.108,,,
3227,2026-08-25,SH601818,0.07750069403352419,EXP_DEnsembleModel_Alpha158_csi300_custom_step0_s_20260825_13,87ebb3c059384d6798bc0ea90c87e8fa,0.108,,,
3228,2026-08-25,SH601825,0.07944699771131099,EXP_DEnsembleModel_Alpha158_csi300_custom_step0_s_20260825_13,87ebb3c059384d6798bc0ea90c87e8fa,0.108,,,
3229,2026-08-25,SH601838,0.11764806630220849,EXP_DEnsembleModel_Alpha158_csi300_custom_step0_s_20260825_13,87ebb3c059384d6798bc0ea90c87e8fa,0.108,,,
3230,2026-08-25,SH601857,-0.0007222350244957002,EXP_DEnsembleModel_Alpha158_csi300_custom_step0_s_20260825_13,87ebb3c059384d6798bc0ea90c87e8fa,0.108,,,
3231,2026-08-25,SH601868,0.06784250697495238,EXP_DEnsembleModel_Alpha158_csi300_custom_step0_s_20260825_13,87ebb3c059384d6798bc0ea90c87e8fa,0.108,,,
3232,2026-08-25,SH601872,-0.13994169998504363,EXP_DEnsembleModel_Alpha158_csi300_custom_step0_s_20260825_13,87ebb3c059384d6798bc0ea90c87e8fa,0.108,,,
3233,2026-08-25,SH601877,-0.05529375858713013,EXP_DEnsembleModel_Alpha158_csi300_custom_step0_s_20260825_13,87ebb3c059384d6798bc0ea90c87e8fa,0.108,,,
3234,2026-08-25,SH603019,-0.10768786989558218,EXP_DEnsembleModel_Alpha158_csi300_custom_step0_s_20260825_13,87ebb3c059384d6798bc0ea90c87e8fa,0.108,,,
3235,2026-08-25,SH601878,0.07315767831161006,EXP_DEnsembleModel_Alpha158_csi300_custom_step0_s_20260825_13,87ebb3c059384d6798bc0ea90c87e8fa,0.108,,,
3236,2026-08-25,SH601888,-0.0873349251327525,EXP_DEnsembleModel_Alpha158_csi300_custom_step0_s_20260825_13,87ebb3c059384d6798bc0ea90c87e8fa,0.108,,,
3237,2026-08-25,SH601898,-0.11464477606101191,EXP_DEnsembleModel_Alpha158_csi300_custom_step0_s_20260825_13,87ebb3c059384d6798bc0ea90c87e8fa,0.108,,,
3238,2026-08-25,SH601899,-0.0875237775667203,EXP_DEnsembleModel_Alpha158_csi300_custom_step0_s_20260825_13,87ebb3c059384d6798bc0ea90c87e8fa,0.108,,,
3239,2026-08-25,SH601901,0.02928031460404672,EXP_DEnsembleModel_Alpha158_csi300_custom_step0_s_20260825_13,87ebb3c059384d6798bc0ea90c87e8fa,0.108,,,
3240,2026-08-25,SH601916,0.019950373807698263,EXP_DEnsembleModel_Alpha158_csi300_custom_step0_s_20260825_13,87ebb3c059384d6798bc0ea90c87e8fa,0.108,,,
3241,2026-08-25,SH601919,-0.05811002195498565,EXP_DEnsembleModel_Alpha158_csi300_custom_step0_s_20260825_13,87ebb3c059384d6798bc0ea90c87e8fa,0.108,,,
3242,2026-08-25,SH601939,0.10954079410112537,EXP_DEnsembleModel_Alpha158_csi300_custom_step0_s_20260825_13,87ebb3c059384d6798bc0ea90c87e8fa,0.108,,,
3243,2026-08-25,SH601985,0.08680478551470684,EXP_DEnsembleModel_Alpha158_csi300_custom_step0_s_20260825_13,87ebb3c059384d6798bc0ea90c87e8fa,0.108,,,
3244,2026-08-25,SH601988,0.1063791229100732,EXP_DEnsembleModel_Alpha158_csi300_custom_step0_s_20260825_13,87ebb3c059384d6798bc0ea90c87e8fa,0.108,,,
3245,2026-08-25,SH601995,-0.011525018045243397,EXP_DEnsembleModel_Alpha158_csi300_custom_step0_s_20260825_13,87ebb3c059384d6798bc0ea90c87e8fa,0.108,,,
3246,2026-08-25,SH601881,0.057741985279103014,EXP_DEnsembleModel_Alpha158_csi300_custom_step0_s_20260825_13,87ebb3c059384d6798bc0ea90c87e8fa,0.108,,,
3247,2026-08-25,SH600233,-0.12327347773525983,EXP_DEnsembleModel_Alpha158_csi300_custom_step0_s_20260825_13,8b40317d75d44d78aae6d4207fdf16bf,0.128,,,
3248,2026-08-25,SH688256,0.28232054099600984,EXP_DEnsembleModel_Alpha158_csi300_custom_step0_s_20260825_13,87ebb3c059384d6798bc0ea90c87e8fa,0.108,,,
3249,2026-08-25,SH688303,-0.024064977687555868,EXP_DEnsembleModel_Alpha158_csi300_custom_step0_s_20260825_13,87ebb3c059384d6798bc0ea90c87e8fa,0.108,,,
3250,2026-08-25,SZ000768,-0.005017636930259196,EXP_DEnsembleModel_Alpha158_csi300_custom_step0_s_20260825_13,87ebb3c059384d6798bc0ea90c87e8fa,0.108,,,
3251,2026-08-25,SZ000776,-0.005705170541263888,EXP_DEnsembleModel_Alpha158_csi300_custom_step0_s_20260825_13,87ebb3c059384d6798bc0ea90c87e8fa,0.108,,,
3252,2026-08-25,SZ000792,-0.04600397186022921,EXP_DEnsembleModel_Alpha158_csi300_custom_step0_s_20260825_13,87ebb3c059384d6798bc0ea90c87e8fa,0.108,,,
3253,2026-08-25,SZ000807,-0.06464810406137458,EXP_DEnsembleModel_Alpha158_csi300_custom_step0_s_20260825_13,87ebb3c059384d6798bc0ea90c87e8fa,0.108,,,
3254,2026-08-25,SZ000858,-0.08622624479163475,EXP_DEnsembleModel_Alpha158_csi300_custom_step0_s_20260825_13,87ebb3c059384d6798bc0ea90c87e8fa,0.108,,,
3255,2026-08-25,SZ000895,-0.0071484177862857915,EXP_DEnsembleModel_Alpha158_csi300_custom_step0_s_20260825_13,87ebb3c059384d6798bc0ea90c87e8fa,0.108,,,
3256,2026-08-25,SZ000938,-0.11454245474425159,EXP_DEnsembleModel_Alpha158_csi300_custom_step0_s_20260825_13,87ebb3c059384d6798bc0ea90c87e8fa,0.108,,,
3257,2026-08-25,SZ000963,-0.06622245161385976,EXP_DEnsembleModel_Alpha158_csi300_custom_step0_s_20260825_13,87ebb3c059384d6798bc0ea90c87e8fa,0.108,,,
3258,2026-08-25,SZ000975,-0.1765465913801581,EXP_DEnsembleModel_Alpha158_csi300_custom_step0_s_20260825_13,87ebb3c059384d6798bc0ea90c87e8fa,0.108,,,
3259,2026-08-25,SZ000977,-0.1485637930246292,EXP_DEnsembleModel_Alpha158_csi300_custom_step0_s_20260825_13,87ebb3c059384d6798bc0ea90c87e8fa,0.108,,,
3260,2026-08-25,SZ000725,-0.015782751146208904,EXP_DEnsembleModel_Alpha158_csi300_custom_step0_s_20260825_13,87ebb3c059384d6798bc0ea90c87e8fa,0.108,,,
3261,2026-08-25,SZ000988,0.11647769003647036,EXP_DEnsembleModel_Alpha158_csi300_custom_step0_s_20260825_13,87ebb3c059384d6798bc0ea90c87e8fa,0.108,,,
3262,2026-08-25,SZ001280,-0.16111115486655012,EXP_DEnsembleModel_Alpha158_csi300_custom_step0_s_20260825_13,87ebb3c059384d6798bc0ea90c87e8fa,0.108,,,
3263,2026-08-25,SZ001391,0.046415864527809804,EXP_DEnsembleModel_Alpha158_csi300_custom_step0_s_20260825_13,87ebb3c059384d6798bc0ea90c87e8fa,0.108,,,
3264,2026-08-25,SZ001965,0.004799801509873142,EXP_DEnsembleModel_Alpha158_csi300_custom_step0_s_20260825_13,87ebb3c059384d6798bc0ea90c87e8fa,0.108,,,
3265,2026-08-25,SZ001979,-0.06649407952813693,EXP_DEnsembleModel_Alpha158_csi300_custom_step0_s_20260825_13,87ebb3c059384d6798bc0ea90c87e8fa,0.108,,,
3266,2026-08-25,SZ002001,-0.008256924595172865,EXP_DEnsembleModel_Alpha158_csi300_custom_step0_s_20260825_13,87ebb3c059384d6798bc0ea90c87e8fa,0.108,,,
3267,2026-08-25,SZ002027,-0.0807666600819639,EXP_DEnsembleModel_Alpha158_csi300_custom_step0_s_20260825_13,87ebb3c059384d6798bc0ea90c87e8fa,0.108,,,
3268,2026-08-25,SZ002028,-0.08059405140130037,EXP_DEnsembleModel_Alpha158_csi300_custom_step0_s_20260825_13,87ebb3c059384d6798bc0ea90c87e8fa,0.108,,,
3269,2026-08-25,SZ002049,-0.018496015041762844,EXP_DEnsembleModel_Alpha158_csi300_custom_step0_s_20260825_13,87ebb3c059384d6798bc0ea90c87e8fa,0.108,,,
3270,2026-08-25,SZ002050,0.038176600395403944,EXP_DEnsembleModel_Alpha158_csi300_custom_step0_s_20260825_13,87ebb3c059384d6798bc0ea90c87e8fa,0.108,,,
3271,2026-08-25,SZ002074,-0.1447418700612651,EXP_DEnsembleModel_Alpha158_csi300_custom_step0_s_20260825_13,87ebb3c059384d6798bc0ea90c87e8fa,0.108,,,
3272,2026-08-25,SZ000999,-0.03186883605893076,EXP_DEnsembleModel_Alpha158_csi300_custom_step0_s_20260825_13,87ebb3c059384d6798bc0ea90c87e8fa,0.108,,,
3273,2026-08-25,SH688271,-0.006558740742671207,EXP_DEnsembleModel_Alpha158_csi300_custom_step0_s_20260825_13,87ebb3c059384d6798bc0ea90c87e8fa,0.108,,,
3274,2026-08-25,SZ000708,-0.01671632214362511,EXP_DEnsembleModel_Alpha158_csi300_custom_step0_s_20260825_13,87ebb3c059384d6798bc0ea90c87e8fa,0.108,,,
3275,2026-08-25,SZ000651,0.11043399238936077,EXP_DEnsembleModel_Alpha158_csi300_custom_step0_s_20260825_13,87ebb3c059384d6798bc0ea90c87e8fa,0.108,,,
3276,2026-08-25,SH688396,0.13674054250097978,EXP_DEnsembleModel_Alpha158_csi300_custom_step0_s_20260825_13,87ebb3c059384d6798bc0ea90c87e8fa,0.108,,,
3277,2026-08-25,SH688472,0.0009744739235925817,EXP_DEnsembleModel_Alpha158_csi300_custom_step0_s_20260825_13,87ebb3c059384d6798bc0ea90c87e8fa,0.108,,,
3278,2026-08-25,SH688506,0.05416856054997901,EXP_DEnsembleModel_Alpha158_csi300_custom_step0_s_20260825_13,87ebb3c059384d6798bc0ea90c87e8fa,0.108,,,
3279,2026-08-25,SH688521,0.27732680401241905,EXP_DEnsembleModel_Alpha158_csi300_custom_step0_s_20260825_13,87ebb3c059384d6798bc0ea90c87e8fa,0.108,,,
3280,2026-08-25,SH688981,-0.07224575716815103,EXP_DEnsembleModel_Alpha158_csi300_custom_step0_s_20260825_13,87ebb3c059384d6798bc0ea90c87e8fa,0.108,,,
3281,2026-08-25,SZ000001,0.12966641759092795,EXP_DEnsembleModel_Alpha158_csi300_custom_step0_s_20260825_13,87ebb3c059384d6798bc0ea90c87e8fa,0.108,,,
3282,2026-08-25,SZ000002,-0.09534116984379032,EXP_DEnsembleModel_Alpha158_csi300_custom_step0_s_20260825_13,87ebb3c059384d6798bc0ea90c87e8fa,0.108,,,
3283,2026-08-25,SZ000063,-0.10643766902543905,EXP_DEnsembleModel_Alpha158_csi300_custom_step0_s_20260825_13,87ebb3c059384d6798bc0ea90c87e8fa,0.108,,,
3284,2026-08-25,SZ000100,-0.038062310568608905,EXP_DEnsembleModel_Alpha158_csi300_custom_step0_s_20260825_13,87ebb3c059384d6798bc0ea90c87e8fa,0.108,,,
3285,2026-08-25,SZ000157,0.04990094227813332,EXP_DEnsembleModel_Alpha158_csi300_custom_step0_s_20260825_13,87ebb3c059384d6798bc0ea90c87e8fa,0.108,,,
3286,2026-08-25,SZ000657,0.12155776353465814,EXP_DEnsembleModel_Alpha158_csi300_custom_step0_s_20260825_13,87ebb3c059384d6798bc0ea90c87e8fa,0.108,,,
3287,2026-08-25,SZ000166,0.07290171306133152,EXP_DEnsembleModel_Alpha158_csi300_custom_step0_s_20260825_13,87ebb3c059384d6798bc0ea90c87e8fa,0.108,,,
3288,2026-08-25,SZ000333,0.005367998014587381,EXP_DEnsembleModel_Alpha158_csi300_custom_step0_s_20260825_13,87ebb3c059384d6798bc0ea90c87e8fa,0.108,,,
3289,2026-08-25,SZ000338,0.007074206093889848,EXP_DEnsembleModel_Alpha158_csi300_custom_step0_s_20260825_13,87ebb3c059384d6798bc0ea90c87e8fa,0.108,,,
3290,2026-08-25,SZ000408,-0.04829080282852655,EXP_DEnsembleModel_Alpha158_csi300_custom_step0_s_20260825_13,87ebb3c059384d6798bc0ea90c87e8fa,0.108,,,
3291,2026-08-25,SZ000425,-0.02822938964545084,EXP_DEnsembleModel_Alpha158_csi300_custom_step0_s_20260825_13,87ebb3c059384d6798bc0ea90c87e8fa,0.108,,,
3292,2026-08-25,SZ000538,0.0509683685165426,EXP_DEnsembleModel_Alpha158_csi300_custom_step0_s_20260825_13,87ebb3c059384d6798bc0ea90c87e8fa,0.108,,,
3293,2026-08-25,SZ000568,-0.05342069712716023,EXP_DEnsembleModel_Alpha158_csi300_custom_step0_s_20260825_13,87ebb3c059384d6798bc0ea90c87e8fa,0.108,,,
3294,2026-08-25,SZ000596,-0.12607541984998702,EXP_DEnsembleModel_Alpha158_csi300_custom_step0_s_20260825_13,87ebb3c059384d6798bc0ea90c87e8fa,0.108,,,
3295,2026-08-25,SZ000617,0.06373623802723313,EXP_DEnsembleModel_Alpha158_csi300_custom_step0_s_20260825_13,87ebb3c059384d6798bc0ea90c87e8fa,0.108,,,
3296,2026-08-25,SZ000625,-0.026365457441894623,EXP_DEnsembleModel_Alpha158_csi300_custom_step0_s_20260825_13,87ebb3c059384d6798bc0ea90c87e8fa,0.108,,,
3297,2026-08-25,SZ000630,-0.07580737711791227,EXP_DEnsembleModel_Alpha158_csi300_custom_step0_s_20260825_13,87ebb3c059384d6798bc0ea90c87e8fa,0.108,,,
3298,2026-08-25,SZ000301,0.028619355728753557,EXP_DEnsembleModel_Alpha158_csi300_custom_step0_s_20260825_13,87ebb3c059384d6798bc0ea90c87e8fa,0.108,,,
3299,2026-08-25,SZ302132,0.0002835505874827504,EXP_XGBModel_Alpha158_csi300_custom_step0_s_20260825_13,83f3a00f78a143489103ea83d1dd9b29,0.063,,,
