,datetime,instrument,score,exp_name,rid,weight,real_label,error,abs_error
0,2026-09-09,SH600000,0.011396801803606636,EXP_CatBoostModel_Alpha158_csi300_custom_step0_s_20260909_19,2be6e40739b444d2b2670912562f99e8,0.104,,,
1,2026-09-09,SH601066,0.020272187888622284,EXP_LinearModel_Alpha158_csi300_custom_step0_s_20260909_16,928740e5702644d3804e2ae1cf6949b1,0.094,,,
2,2026-09-09,SH601077,0.08321628719568253,EXP_LinearModel_Alpha158_csi300_custom_step0_s_20260909_16,928740e5702644d3804e2ae1cf6949b1,0.094,,,
3,2026-09-09,SH601088,-0.01190170831978321,EXP_LinearModel_Alpha158_csi300_custom_step0_s_20260909_16,928740e5702644d3804e2ae1cf6949b1,0.094,,,
4,2026-09-09,SH601100,-0.014394850470125675,EXP_LinearModel_Alpha158_csi300_custom_step0_s_20260909_16,928740e5702644d3804e2ae1cf6949b1,0.094,,,
5,2026-09-09,SH601111,0.015244722366333008,EXP_LinearModel_Alpha158_csi300_custom_step0_s_20260909_16,928740e5702644d3804e2ae1cf6949b1,0.094,,,
6,2026-09-09,SH601117,0.016119379550218582,EXP_LinearModel_Alpha158_csi300_custom_step0_s_20260909_16,928740e5702644d3804e2ae1cf6949b1,0.094,,,
7,2026-09-09,SH601127,0.007863232865929604,EXP_LinearModel_Alpha158_csi300_custom_step0_s_20260909_16,928740e5702644d3804e2ae1cf6949b1,0.094,,,
8,2026-09-09,SH601136,-0.010486995801329613,EXP_LinearModel_Alpha158_csi300_custom_step0_s_20260909_16,928740e5702644d3804e2ae1cf6949b1,0.094,,,
9,2026-09-09,SH601138,-0.056017495691776276,EXP_LinearModel_Alpha158_csi300_custom_step0_s_20260909_16,928740e5702644d3804e2ae1cf6949b1,0.094,,,
10,2026-09-09,SH601166,0.03001212701201439,EXP_LinearModel_Alpha158_csi300_custom_step0_s_20260909_16,928740e5702644d3804e2ae1cf6949b1,0.094,,,
11,2026-09-09,SH601169,0.10502424836158752,EXP_LinearModel_Alpha158_csi300_custom_step0_s_20260909_16,928740e5702644d3804e2ae1cf6949b1,0.094,,,
12,2026-09-09,SH601186,0.008485975675284863,EXP_LinearModel_Alpha158_csi300_custom_step0_s_20260909_16,928740e5702644d3804e2ae1cf6949b1,0.094,,,
13,2026-09-09,SH601211,-0.021151158958673477,EXP_LinearModel_Alpha158_csi300_custom_step0_s_20260909_16,928740e5702644d3804e2ae1cf6949b1,0.094,,,
14,2026-09-09,SH601059,-0.013217720203101635,EXP_LinearModel_Alpha158_csi300_custom_step0_s_20260909_16,928740e5702644d3804e2ae1cf6949b1,0.094,,,
15,2026-09-09,SH601225,-0.021883560344576836,EXP_LinearModel_Alpha158_csi300_custom_step0_s_20260909_16,928740e5702644d3804e2ae1cf6949b1,0.094,,,
16,2026-09-09,SH601238,-0.02337871864438057,EXP_LinearModel_Alpha158_csi300_custom_step0_s_20260909_16,928740e5702644d3804e2ae1cf6949b1,0.094,,,
17,2026-09-09,SH601288,0.09938062727451324,EXP_LinearModel_Alpha158_csi300_custom_step0_s_20260909_16,928740e5702644d3804e2ae1cf6949b1,0.094,,,
18,2026-09-09,SH601318,0.053180620074272156,EXP_LinearModel_Alpha158_csi300_custom_step0_s_20260909_16,928740e5702644d3804e2ae1cf6949b1,0.094,,,
19,2026-09-09,SH601319,0.06676346808671951,EXP_LinearModel_Alpha158_csi300_custom_step0_s_20260909_16,928740e5702644d3804e2ae1cf6949b1,0.094,,,
20,2026-09-09,SH601328,0.02972406893968582,EXP_LinearModel_Alpha158_csi300_custom_step0_s_20260909_16,928740e5702644d3804e2ae1cf6949b1,0.094,,,
21,2026-09-09,SH601336,-0.01838434487581253,EXP_LinearModel_Alpha158_csi300_custom_step0_s_20260909_16,928740e5702644d3804e2ae1cf6949b1,0.094,,,
22,2026-09-09,SH601360,-0.02192130871117115,EXP_LinearModel_Alpha158_csi300_custom_step0_s_20260909_16,928740e5702644d3804e2ae1cf6949b1,0.094,,,
23,2026-09-09,SH601377,0.05080655962228775,EXP_LinearModel_Alpha158_csi300_custom_step0_s_20260909_16,928740e5702644d3804e2ae1cf6949b1,0.094,,,
24,2026-09-09,SH601390,0.0111028291285038,EXP_LinearModel_Alpha158_csi300_custom_step0_s_20260909_16,928740e5702644d3804e2ae1cf6949b1,0.094,,,
25,2026-09-09,SH601398,0.031052833423018456,EXP_LinearModel_Alpha158_csi300_custom_step0_s_20260909_16,928740e5702644d3804e2ae1cf6949b1,0.094,,,
26,2026-09-09,SH601456,-0.003505036234855652,EXP_LinearModel_Alpha158_csi300_custom_step0_s_20260909_16,928740e5702644d3804e2ae1cf6949b1,0.094,,,
27,2026-09-09,SH601600,-0.05843544378876686,EXP_LinearModel_Alpha158_csi300_custom_step0_s_20260909_16,928740e5702644d3804e2ae1cf6949b1,0.094,,,
28,2026-09-09,SH601601,0.05534807965159416,EXP_LinearModel_Alpha158_csi300_custom_step0_s_20260909_16,928740e5702644d3804e2ae1cf6949b1,0.094,,,
29,2026-09-09,SH601229,0.07414250820875168,EXP_LinearModel_Alpha158_csi300_custom_step0_s_20260909_16,928740e5702644d3804e2ae1cf6949b1,0.094,,,
30,2026-09-09,SH601058,-0.013636857271194458,EXP_LinearModel_Alpha158_csi300_custom_step0_s_20260909_16,928740e5702644d3804e2ae1cf6949b1,0.094,,,
31,2026-09-09,SH601021,-0.006873360835015774,EXP_LinearModel_Alpha158_csi300_custom_step0_s_20260909_16,928740e5702644d3804e2ae1cf6949b1,0.094,,,
32,2026-09-09,SH601018,0.10754402726888657,EXP_LinearModel_Alpha158_csi300_custom_step0_s_20260909_16,928740e5702644d3804e2ae1cf6949b1,0.094,,,
33,2026-09-09,SH600588,0.04310388118028641,EXP_LinearModel_Alpha158_csi300_custom_step0_s_20260909_16,928740e5702644d3804e2ae1cf6949b1,0.094,,,
34,2026-09-09,SH600600,-0.030438512563705444,EXP_LinearModel_Alpha158_csi300_custom_step0_s_20260909_16,928740e5702644d3804e2ae1cf6949b1,0.094,,,
35,2026-09-09,SH600660,-0.029210064560174942,EXP_LinearModel_Alpha158_csi300_custom_step0_s_20260909_16,928740e5702644d3804e2ae1cf6949b1,0.094,,,
36,2026-09-09,SH600674,0.008531937375664711,EXP_LinearModel_Alpha158_csi300_custom_step0_s_20260909_16,928740e5702644d3804e2ae1cf6949b1,0.094,,,
37,2026-09-09,SH600690,0.030332572758197784,EXP_LinearModel_Alpha158_csi300_custom_step0_s_20260909_16,928740e5702644d3804e2ae1cf6949b1,0.094,,,
38,2026-09-09,SH600741,-0.0014822585508227348,EXP_LinearModel_Alpha158_csi300_custom_step0_s_20260909_16,928740e5702644d3804e2ae1cf6949b1,0.094,,,
39,2026-09-09,SH600760,0.008621317334473133,EXP_LinearModel_Alpha158_csi300_custom_step0_s_20260909_16,928740e5702644d3804e2ae1cf6949b1,0.094,,,
40,2026-09-09,SH600795,0.0304854828864336,EXP_LinearModel_Alpha158_csi300_custom_step0_s_20260909_16,928740e5702644d3804e2ae1cf6949b1,0.094,,,
41,2026-09-09,SH600803,-0.00041597895324230194,EXP_LinearModel_Alpha158_csi300_custom_step0_s_20260909_16,928740e5702644d3804e2ae1cf6949b1,0.094,,,
42,2026-09-09,SH600809,-0.05004353076219559,EXP_LinearModel_Alpha158_csi300_custom_step0_s_20260909_16,928740e5702644d3804e2ae1cf6949b1,0.094,,,
43,2026-09-09,SH600845,-0.02609509974718094,EXP_LinearModel_Alpha158_csi300_custom_step0_s_20260909_16,928740e5702644d3804e2ae1cf6949b1,0.094,,,
44,2026-09-09,SH600875,-0.024681763723492622,EXP_LinearModel_Alpha158_csi300_custom_step0_s_20260909_16,928740e5702644d3804e2ae1cf6949b1,0.094,,,
45,2026-09-09,SH600886,0.034556806087493896,EXP_LinearModel_Alpha158_csi300_custom_step0_s_20260909_16,928740e5702644d3804e2ae1cf6949b1,0.094,,,
46,2026-09-09,SH600887,0.036374907940626144,EXP_LinearModel_Alpha158_csi300_custom_step0_s_20260909_16,928740e5702644d3804e2ae1cf6949b1,0.094,,,
47,2026-09-09,SH600893,-0.04027847945690155,EXP_LinearModel_Alpha158_csi300_custom_step0_s_20260909_16,928740e5702644d3804e2ae1cf6949b1,0.094,,,
48,2026-09-09,SH600900,-0.0032703224569559097,EXP_LinearModel_Alpha158_csi300_custom_step0_s_20260909_16,928740e5702644d3804e2ae1cf6949b1,0.094,,,
49,2026-09-09,SH600905,0.07320655137300491,EXP_LinearModel_Alpha158_csi300_custom_step0_s_20260909_16,928740e5702644d3804e2ae1cf6949b1,0.094,,,
50,2026-09-09,SH600918,-0.019567400217056274,EXP_LinearModel_Alpha158_csi300_custom_step0_s_20260909_16,928740e5702644d3804e2ae1cf6949b1,0.094,,,
51,2026-09-09,SH600919,0.03702231124043465,EXP_LinearModel_Alpha158_csi300_custom_step0_s_20260909_16,928740e5702644d3804e2ae1cf6949b1,0.094,,,
52,2026-09-09,SH600926,0.04212623089551926,EXP_LinearModel_Alpha158_csi300_custom_step0_s_20260909_16,928740e5702644d3804e2ae1cf6949b1,0.094,,,
53,2026-09-09,SH600930,-0.040562134236097336,EXP_LinearModel_Alpha158_csi300_custom_step0_s_20260909_16,928740e5702644d3804e2ae1cf6949b1,0.094,,,
54,2026-09-09,SH600938,-0.0027026846073567867,EXP_LinearModel_Alpha158_csi300_custom_step0_s_20260909_16,928740e5702644d3804e2ae1cf6949b1,0.094,,,
55,2026-09-09,SH600941,-0.005531038623303175,EXP_LinearModel_Alpha158_csi300_custom_step0_s_20260909_16,928740e5702644d3804e2ae1cf6949b1,0.094,,,
56,2026-09-09,SH600958,0.06780263036489487,EXP_LinearModel_Alpha158_csi300_custom_step0_s_20260909_16,928740e5702644d3804e2ae1cf6949b1,0.094,,,
57,2026-09-09,SH600989,-0.014359991066157818,EXP_LinearModel_Alpha158_csi300_custom_step0_s_20260909_16,928740e5702644d3804e2ae1cf6949b1,0.094,,,
58,2026-09-09,SH600999,0.027578681707382202,EXP_LinearModel_Alpha158_csi300_custom_step0_s_20260909_16,928740e5702644d3804e2ae1cf6949b1,0.094,,,
59,2026-09-09,SH601006,0.08363018929958344,EXP_LinearModel_Alpha158_csi300_custom_step0_s_20260909_16,928740e5702644d3804e2ae1cf6949b1,0.094,,,
60,2026-09-09,SH601009,0.06773503869771957,EXP_LinearModel_Alpha158_csi300_custom_step0_s_20260909_16,928740e5702644d3804e2ae1cf6949b1,0.094,,,
61,2026-09-09,SH601012,0.011245466768741608,EXP_LinearModel_Alpha158_csi300_custom_step0_s_20260909_16,928740e5702644d3804e2ae1cf6949b1,0.094,,,
62,2026-09-09,SH601607,0.03372075781226158,EXP_LinearModel_Alpha158_csi300_custom_step0_s_20260909_16,928740e5702644d3804e2ae1cf6949b1,0.094,,,
63,2026-09-09,SH601618,0.02120417356491089,EXP_LinearModel_Alpha158_csi300_custom_step0_s_20260909_16,928740e5702644d3804e2ae1cf6949b1,0.094,,,
64,2026-09-09,SH601628,0.00022446666844189167,EXP_LinearModel_Alpha158_csi300_custom_step0_s_20260909_16,928740e5702644d3804e2ae1cf6949b1,0.094,,,
65,2026-09-09,SH601633,-0.06331628561019897,EXP_LinearModel_Alpha158_csi300_custom_step0_s_20260909_16,928740e5702644d3804e2ae1cf6949b1,0.094,,,
66,2026-09-09,SH603259,-0.032226916402578354,EXP_LinearModel_Alpha158_csi300_custom_step0_s_20260909_16,928740e5702644d3804e2ae1cf6949b1,0.094,,,
67,2026-09-09,SH603260,-0.07222254574298859,EXP_LinearModel_Alpha158_csi300_custom_step0_s_20260909_16,928740e5702644d3804e2ae1cf6949b1,0.094,,,
68,2026-09-09,SH603288,0.04023856297135353,EXP_LinearModel_Alpha158_csi300_custom_step0_s_20260909_16,928740e5702644d3804e2ae1cf6949b1,0.094,,,
69,2026-09-09,SH603296,-0.010160991922020912,EXP_LinearModel_Alpha158_csi300_custom_step0_s_20260909_16,928740e5702644d3804e2ae1cf6949b1,0.094,,,
70,2026-09-09,SH603369,0.0064796945080161095,EXP_LinearModel_Alpha158_csi300_custom_step0_s_20260909_16,928740e5702644d3804e2ae1cf6949b1,0.094,,,
71,2026-09-09,SH603392,-0.011120565235614777,EXP_LinearModel_Alpha158_csi300_custom_step0_s_20260909_16,928740e5702644d3804e2ae1cf6949b1,0.094,,,
72,2026-09-09,SH603501,0.0467335470020771,EXP_LinearModel_Alpha158_csi300_custom_step0_s_20260909_16,928740e5702644d3804e2ae1cf6949b1,0.094,,,
73,2026-09-09,SH603799,-0.09322735667228699,EXP_LinearModel_Alpha158_csi300_custom_step0_s_20260909_16,928740e5702644d3804e2ae1cf6949b1,0.094,,,
74,2026-09-09,SH603893,0.07957681268453598,EXP_LinearModel_Alpha158_csi300_custom_step0_s_20260909_16,928740e5702644d3804e2ae1cf6949b1,0.094,,,
75,2026-09-09,SH603986,-0.13798671960830688,EXP_LinearModel_Alpha158_csi300_custom_step0_s_20260909_16,928740e5702644d3804e2ae1cf6949b1,0.094,,,
76,2026-09-09,SH603993,-0.012899670749902725,EXP_LinearModel_Alpha158_csi300_custom_step0_s_20260909_16,928740e5702644d3804e2ae1cf6949b1,0.094,,,
77,2026-09-09,SH605117,-0.07697942852973938,EXP_LinearModel_Alpha158_csi300_custom_step0_s_20260909_16,928740e5702644d3804e2ae1cf6949b1,0.094,,,
78,2026-09-09,SH605499,-0.025591235607862473,EXP_LinearModel_Alpha158_csi300_custom_step0_s_20260909_16,928740e5702644d3804e2ae1cf6949b1,0.094,,,
79,2026-09-09,SH688008,-0.03351721540093422,EXP_LinearModel_Alpha158_csi300_custom_step0_s_20260909_16,928740e5702644d3804e2ae1cf6949b1,0.094,,,
80,2026-09-09,SH688009,-0.010696172714233398,EXP_LinearModel_Alpha158_csi300_custom_step0_s_20260909_16,928740e5702644d3804e2ae1cf6949b1,0.094,,,
81,2026-09-09,SH688012,-0.0019469186663627625,EXP_LinearModel_Alpha158_csi300_custom_step0_s_20260909_16,928740e5702644d3804e2ae1cf6949b1,0.094,,,
82,2026-09-09,SH688036,0.013067910447716713,EXP_LinearModel_Alpha158_csi300_custom_step0_s_20260909_16,928740e5702644d3804e2ae1cf6949b1,0.094,,,
83,2026-09-09,SH688041,0.05308816581964493,EXP_LinearModel_Alpha158_csi300_custom_step0_s_20260909_16,928740e5702644d3804e2ae1cf6949b1,0.094,,,
84,2026-09-09,SH688047,-0.04000847786664963,EXP_LinearModel_Alpha158_csi300_custom_step0_s_20260909_16,928740e5702644d3804e2ae1cf6949b1,0.094,,,
85,2026-09-09,SH688072,0.020022012293338776,EXP_LinearModel_Alpha158_csi300_custom_step0_s_20260909_16,928740e5702644d3804e2ae1cf6949b1,0.094,,,
86,2026-09-09,SH688082,-0.025279726833105087,EXP_LinearModel_Alpha158_csi300_custom_step0_s_20260909_16,928740e5702644d3804e2ae1cf6949b1,0.094,,,
87,2026-09-09,SH688111,-0.014270855113863945,EXP_LinearModel_Alpha158_csi300_custom_step0_s_20260909_16,928740e5702644d3804e2ae1cf6949b1,0.094,,,
88,2026-09-09,SH688126,-0.050373051315546036,EXP_LinearModel_Alpha158_csi300_custom_step0_s_20260909_16,928740e5702644d3804e2ae1cf6949b1,0.094,,,
89,2026-09-09,SH688183,-0.13608139753341675,EXP_LinearModel_Alpha158_csi300_custom_step0_s_20260909_16,928740e5702644d3804e2ae1cf6949b1,0.094,,,
90,2026-09-09,SH688223,0.003849316854029894,EXP_LinearModel_Alpha158_csi300_custom_step0_s_20260909_16,928740e5702644d3804e2ae1cf6949b1,0.094,,,
91,2026-09-09,SH688256,0.013073788955807686,EXP_LinearModel_Alpha158_csi300_custom_step0_s_20260909_16,928740e5702644d3804e2ae1cf6949b1,0.094,,,
92,2026-09-09,SH688271,-0.059139661490917206,EXP_LinearModel_Alpha158_csi300_custom_step0_s_20260909_16,928740e5702644d3804e2ae1cf6949b1,0.094,,,
93,2026-09-09,SH688303,0.013737796805799007,EXP_LinearModel_Alpha158_csi300_custom_step0_s_20260909_16,928740e5702644d3804e2ae1cf6949b1,0.094,,,
94,2026-09-09,SH688396,-0.0913618877530098,EXP_LinearModel_Alpha158_csi300_custom_step0_s_20260909_16,928740e5702644d3804e2ae1cf6949b1,0.094,,,
95,2026-09-09,SH603019,0.004975706804543734,EXP_LinearModel_Alpha158_csi300_custom_step0_s_20260909_16,928740e5702644d3804e2ae1cf6949b1,0.094,,,
96,2026-09-09,SH600585,0.03775414824485779,EXP_LinearModel_Alpha158_csi300_custom_step0_s_20260909_16,928740e5702644d3804e2ae1cf6949b1,0.094,,,
97,2026-09-09,SH601998,0.05984082818031311,EXP_LinearModel_Alpha158_csi300_custom_step0_s_20260909_16,928740e5702644d3804e2ae1cf6949b1,0.094,,,
98,2026-09-09,SH601988,0.06090851500630379,EXP_LinearModel_Alpha158_csi300_custom_step0_s_20260909_16,928740e5702644d3804e2ae1cf6949b1,0.094,,,
99,2026-09-09,SH601658,0.07683403044939041,EXP_LinearModel_Alpha158_csi300_custom_step0_s_20260909_16,928740e5702644d3804e2ae1cf6949b1,0.094,,,
100,2026-09-09,SH601668,0.07364099472761154,EXP_LinearModel_Alpha158_csi300_custom_step0_s_20260909_16,928740e5702644d3804e2ae1cf6949b1,0.094,,,
101,2026-09-09,SH601669,-0.011245635338127613,EXP_LinearModel_Alpha158_csi300_custom_step0_s_20260909_16,928740e5702644d3804e2ae1cf6949b1,0.094,,,
102,2026-09-09,SH601688,0.058856576681137085,EXP_LinearModel_Alpha158_csi300_custom_step0_s_20260909_16,928740e5702644d3804e2ae1cf6949b1,0.094,,,
103,2026-09-09,SH601689,-0.016902007162570953,EXP_LinearModel_Alpha158_csi300_custom_step0_s_20260909_16,928740e5702644d3804e2ae1cf6949b1,0.094,,,
104,2026-09-09,SH601698,-0.026865892112255096,EXP_LinearModel_Alpha158_csi300_custom_step0_s_20260909_16,928740e5702644d3804e2ae1cf6949b1,0.094,,,
105,2026-09-09,SH601727,0.0213918499648571,EXP_LinearModel_Alpha158_csi300_custom_step0_s_20260909_16,928740e5702644d3804e2ae1cf6949b1,0.094,,,
106,2026-09-09,SH601728,0.0004026838578283787,EXP_LinearModel_Alpha158_csi300_custom_step0_s_20260909_16,928740e5702644d3804e2ae1cf6949b1,0.094,,,
107,2026-09-09,SH601766,0.01674140803515911,EXP_LinearModel_Alpha158_csi300_custom_step0_s_20260909_16,928740e5702644d3804e2ae1cf6949b1,0.094,,,
108,2026-09-09,SH601788,-0.014683045446872711,EXP_LinearModel_Alpha158_csi300_custom_step0_s_20260909_16,928740e5702644d3804e2ae1cf6949b1,0.094,,,
109,2026-09-09,SH601800,0.011292300187051296,EXP_LinearModel_Alpha158_csi300_custom_step0_s_20260909_16,928740e5702644d3804e2ae1cf6949b1,0.094,,,
110,2026-09-09,SH601816,-0.005243456922471523,EXP_LinearModel_Alpha158_csi300_custom_step0_s_20260909_16,928740e5702644d3804e2ae1cf6949b1,0.094,,,
111,2026-09-09,SH601818,0.0531669482588768,EXP_LinearModel_Alpha158_csi300_custom_step0_s_20260909_16,928740e5702644d3804e2ae1cf6949b1,0.094,,,
112,2026-09-09,SH601825,0.06442581117153168,EXP_LinearModel_Alpha158_csi300_custom_step0_s_20260909_16,928740e5702644d3804e2ae1cf6949b1,0.094,,,
113,2026-09-09,SH601838,0.06968089938163757,EXP_LinearModel_Alpha158_csi300_custom_step0_s_20260909_16,928740e5702644d3804e2ae1cf6949b1,0.094,,,
114,2026-09-09,SH601857,-0.007958718575537205,EXP_LinearModel_Alpha158_csi300_custom_step0_s_20260909_16,928740e5702644d3804e2ae1cf6949b1,0.094,,,
115,2026-09-09,SH601868,0.015269286930561066,EXP_LinearModel_Alpha158_csi300_custom_step0_s_20260909_16,928740e5702644d3804e2ae1cf6949b1,0.094,,,
116,2026-09-09,SH601872,-0.04436352476477623,EXP_LinearModel_Alpha158_csi300_custom_step0_s_20260909_16,928740e5702644d3804e2ae1cf6949b1,0.094,,,
117,2026-09-09,SH601877,-0.024532875046133995,EXP_LinearModel_Alpha158_csi300_custom_step0_s_20260909_16,928740e5702644d3804e2ae1cf6949b1,0.094,,,
118,2026-09-09,SH601878,0.007606739643961191,EXP_LinearModel_Alpha158_csi300_custom_step0_s_20260909_16,928740e5702644d3804e2ae1cf6949b1,0.094,,,
119,2026-09-09,SH601881,0.056363098323345184,EXP_LinearModel_Alpha158_csi300_custom_step0_s_20260909_16,928740e5702644d3804e2ae1cf6949b1,0.094,,,
120,2026-09-09,SH601888,-0.06732316315174103,EXP_LinearModel_Alpha158_csi300_custom_step0_s_20260909_16,928740e5702644d3804e2ae1cf6949b1,0.094,,,
121,2026-09-09,SH601898,-0.03829732909798622,EXP_LinearModel_Alpha158_csi300_custom_step0_s_20260909_16,928740e5702644d3804e2ae1cf6949b1,0.094,,,
122,2026-09-09,SH601899,-0.02951272390782833,EXP_LinearModel_Alpha158_csi300_custom_step0_s_20260909_16,928740e5702644d3804e2ae1cf6949b1,0.094,,,
123,2026-09-09,SH601901,0.06882765144109726,EXP_LinearModel_Alpha158_csi300_custom_step0_s_20260909_16,928740e5702644d3804e2ae1cf6949b1,0.094,,,
124,2026-09-09,SH601916,0.09763988107442856,EXP_LinearModel_Alpha158_csi300_custom_step0_s_20260909_16,928740e5702644d3804e2ae1cf6949b1,0.094,,,
125,2026-09-09,SH601919,-0.01983388140797615,EXP_LinearModel_Alpha158_csi300_custom_step0_s_20260909_16,928740e5702644d3804e2ae1cf6949b1,0.094,,,
126,2026-09-09,SH601939,0.055844746530056,EXP_LinearModel_Alpha158_csi300_custom_step0_s_20260909_16,928740e5702644d3804e2ae1cf6949b1,0.094,,,
127,2026-09-09,SH601985,0.040542811155319214,EXP_LinearModel_Alpha158_csi300_custom_step0_s_20260909_16,928740e5702644d3804e2ae1cf6949b1,0.094,,,
128,2026-09-09,SH601995,-0.045958179980516434,EXP_LinearModel_Alpha158_csi300_custom_step0_s_20260909_16,928740e5702644d3804e2ae1cf6949b1,0.094,,,
129,2026-09-09,SH688472,0.002864183858036995,EXP_LinearModel_Alpha158_csi300_custom_step0_s_20260909_16,928740e5702644d3804e2ae1cf6949b1,0.094,,,
130,2026-09-09,SH600584,0.02560931071639061,EXP_LinearModel_Alpha158_csi300_custom_step0_s_20260909_16,928740e5702644d3804e2ae1cf6949b1,0.094,,,
131,2026-09-09,SH600549,-0.15271003544330597,EXP_LinearModel_Alpha158_csi300_custom_step0_s_20260909_16,928740e5702644d3804e2ae1cf6949b1,0.094,,,
132,2026-09-09,SZ002736,0.0075226775370538235,EXP_LinearModel_Alpha158_csi300_custom_step0_s_20260909_16,3b511416c0e9495185b1303d145dce57,0.075,,,
133,2026-09-09,SZ002837,-0.08732585608959198,EXP_LinearModel_Alpha158_csi300_custom_step0_s_20260909_16,3b511416c0e9495185b1303d145dce57,0.075,,,
134,2026-09-09,SZ002916,-0.07363808155059814,EXP_LinearModel_Alpha158_csi300_custom_step0_s_20260909_16,3b511416c0e9495185b1303d145dce57,0.075,,,
135,2026-09-09,SZ002920,-0.03615497052669525,EXP_LinearModel_Alpha158_csi300_custom_step0_s_20260909_16,3b511416c0e9495185b1303d145dce57,0.075,,,
136,2026-09-09,SZ002938,-0.07111251354217529,EXP_LinearModel_Alpha158_csi300_custom_step0_s_20260909_16,3b511416c0e9495185b1303d145dce57,0.075,,,
137,2026-09-09,SZ003816,0.056642163544893265,EXP_LinearModel_Alpha158_csi300_custom_step0_s_20260909_16,3b511416c0e9495185b1303d145dce57,0.075,,,
138,2026-09-09,SZ300014,-0.061059653759002686,EXP_LinearModel_Alpha158_csi300_custom_step0_s_20260909_16,3b511416c0e9495185b1303d145dce57,0.075,,,
139,2026-09-09,SZ300015,-0.01904226839542389,EXP_LinearModel_Alpha158_csi300_custom_step0_s_20260909_16,3b511416c0e9495185b1303d145dce57,0.075,,,
140,2026-09-09,SZ300033,-0.06574497371912003,EXP_LinearModel_Alpha158_csi300_custom_step0_s_20260909_16,3b511416c0e9495185b1303d145dce57,0.075,,,
141,2026-09-09,SZ300059,-0.020733598619699478,EXP_LinearModel_Alpha158_csi300_custom_step0_s_20260909_16,3b511416c0e9495185b1303d145dce57,0.075,,,
142,2026-09-09,SZ300122,-0.06829731911420822,EXP_LinearModel_Alpha158_csi300_custom_step0_s_20260909_16,3b511416c0e9495185b1303d145dce57,0.075,,,
143,2026-09-09,SZ300124,-0.039039529860019684,EXP_LinearModel_Alpha158_csi300_custom_step0_s_20260909_16,3b511416c0e9495185b1303d145dce57,0.075,,,
144,2026-09-09,SZ300251,-0.013284015469253063,EXP_LinearModel_Alpha158_csi300_custom_step0_s_20260909_16,3b511416c0e9495185b1303d145dce57,0.075,,,
145,2026-09-09,SZ002714,-0.011137578636407852,EXP_LinearModel_Alpha158_csi300_custom_step0_s_20260909_16,3b511416c0e9495185b1303d145dce57,0.075,,,
146,2026-09-09,SZ300274,0.0683557391166687,EXP_LinearModel_Alpha158_csi300_custom_step0_s_20260909_16,3b511416c0e9495185b1303d145dce57,0.075,,,
147,2026-09-09,SZ300316,0.024848170578479767,EXP_LinearModel_Alpha158_csi300_custom_step0_s_20260909_16,3b511416c0e9495185b1303d145dce57,0.075,,,
148,2026-09-09,SZ300394,-0.07523348927497864,EXP_LinearModel_Alpha158_csi300_custom_step0_s_20260909_16,3b511416c0e9495185b1303d145dce57,0.075,,,
149,2026-09-09,SZ300408,-0.12048275768756866,EXP_LinearModel_Alpha158_csi300_custom_step0_s_20260909_16,3b511416c0e9495185b1303d145dce57,0.075,,,
150,2026-09-09,SZ300413,0.09707403182983398,EXP_LinearModel_Alpha158_csi300_custom_step0_s_20260909_16,3b511416c0e9495185b1303d145dce57,0.075,,,
151,2026-09-09,SZ300418,-0.057700175791978836,EXP_LinearModel_Alpha158_csi300_custom_step0_s_20260909_16,3b511416c0e9495185b1303d145dce57,0.075,,,
152,2026-09-09,SZ300433,-0.016071029007434845,EXP_LinearModel_Alpha158_csi300_custom_step0_s_20260909_16,3b511416c0e9495185b1303d145dce57,0.075,,,
153,2026-09-09,SZ300442,-0.012742523103952408,EXP_LinearModel_Alpha158_csi300_custom_step0_s_20260909_16,3b511416c0e9495185b1303d145dce57,0.075,,,
154,2026-09-09,SZ300450,-0.10299642384052277,EXP_LinearModel_Alpha158_csi300_custom_step0_s_20260909_16,3b511416c0e9495185b1303d145dce57,0.075,,,
155,2026-09-09,SZ300476,-0.08756189793348312,EXP_LinearModel_Alpha158_csi300_custom_step0_s_20260909_16,3b511416c0e9495185b1303d145dce57,0.075,,,
156,2026-09-09,SZ300498,-0.008177125826478004,EXP_LinearModel_Alpha158_csi300_custom_step0_s_20260909_16,3b511416c0e9495185b1303d145dce57,0.075,,,
157,2026-09-09,SZ300502,0.005730194505304098,EXP_LinearModel_Alpha158_csi300_custom_step0_s_20260909_16,3b511416c0e9495185b1303d145dce57,0.075,,,
158,2026-09-09,SZ300628,-0.015652267262339592,EXP_LinearModel_Alpha158_csi300_custom_step0_s_20260909_16,3b511416c0e9495185b1303d145dce57,0.075,,,
159,2026-09-09,SZ300661,-0.04989585280418396,EXP_LinearModel_Alpha158_csi300_custom_step0_s_20260909_16,3b511416c0e9495185b1303d145dce57,0.075,,,
160,2026-09-09,SZ300308,-0.04070261865854263,EXP_LinearModel_Alpha158_csi300_custom_step0_s_20260909_16,3b511416c0e9495185b1303d145dce57,0.075,,,
161,2026-09-09,SZ002709,-0.012785827741026878,EXP_LinearModel_Alpha158_csi300_custom_step0_s_20260909_16,3b511416c0e9495185b1303d145dce57,0.075,,,
162,2026-09-09,SZ002648,-0.00731720682233572,EXP_LinearModel_Alpha158_csi300_custom_step0_s_20260909_16,3b511416c0e9495185b1303d145dce57,0.075,,,
163,2026-09-09,SZ002625,-0.03531260788440704,EXP_LinearModel_Alpha158_csi300_custom_step0_s_20260909_16,3b511416c0e9495185b1303d145dce57,0.075,,,
164,2026-09-09,SZ002027,0.01226789504289627,EXP_LinearModel_Alpha158_csi300_custom_step0_s_20260909_16,3b511416c0e9495185b1303d145dce57,0.075,,,
165,2026-09-09,SZ002028,0.03200884535908699,EXP_LinearModel_Alpha158_csi300_custom_step0_s_20260909_16,3b511416c0e9495185b1303d145dce57,0.075,,,
166,2026-09-09,SZ002049,0.042849719524383545,EXP_LinearModel_Alpha158_csi300_custom_step0_s_20260909_16,3b511416c0e9495185b1303d145dce57,0.075,,,
167,2026-09-09,SZ002050,0.03835124894976616,EXP_LinearModel_Alpha158_csi300_custom_step0_s_20260909_16,3b511416c0e9495185b1303d145dce57,0.075,,,
168,2026-09-09,SZ002074,-0.0894106924533844,EXP_LinearModel_Alpha158_csi300_custom_step0_s_20260909_16,3b511416c0e9495185b1303d145dce57,0.075,,,
169,2026-09-09,SZ002142,0.05057806521654129,EXP_LinearModel_Alpha158_csi300_custom_step0_s_20260909_16,3b511416c0e9495185b1303d145dce57,0.075,,,
170,2026-09-09,SZ002179,0.0222980584949255,EXP_LinearModel_Alpha158_csi300_custom_step0_s_20260909_16,3b511416c0e9495185b1303d145dce57,0.075,,,
171,2026-09-09,SZ002202,-0.00930260680615902,EXP_LinearModel_Alpha158_csi300_custom_step0_s_20260909_16,3b511416c0e9495185b1303d145dce57,0.075,,,
172,2026-09-09,SZ002230,-0.03604300320148468,EXP_LinearModel_Alpha158_csi300_custom_step0_s_20260909_16,3b511416c0e9495185b1303d145dce57,0.075,,,
173,2026-09-09,SZ002236,-0.02220548503100872,EXP_LinearModel_Alpha158_csi300_custom_step0_s_20260909_16,3b511416c0e9495185b1303d145dce57,0.075,,,
174,2026-09-09,SZ002241,-0.014634046703577042,EXP_LinearModel_Alpha158_csi300_custom_step0_s_20260909_16,3b511416c0e9495185b1303d145dce57,0.075,,,
175,2026-09-09,SZ002304,-0.04813652113080025,EXP_LinearModel_Alpha158_csi300_custom_step0_s_20260909_16,3b511416c0e9495185b1303d145dce57,0.075,,,
176,2026-09-09,SZ002311,0.046921953558921814,EXP_LinearModel_Alpha158_csi300_custom_step0_s_20260909_16,3b511416c0e9495185b1303d145dce57,0.075,,,
177,2026-09-09,SZ002352,-0.02657129429280758,EXP_LinearModel_Alpha158_csi300_custom_step0_s_20260909_16,3b511416c0e9495185b1303d145dce57,0.075,,,
178,2026-09-09,SZ002353,0.0035452020820230246,EXP_LinearModel_Alpha158_csi300_custom_step0_s_20260909_16,3b511416c0e9495185b1303d145dce57,0.075,,,
179,2026-09-09,SZ002371,-0.012640971690416336,EXP_LinearModel_Alpha158_csi300_custom_step0_s_20260909_16,3b511416c0e9495185b1303d145dce57,0.075,,,
180,2026-09-09,SZ002384,-0.052937835454940796,EXP_LinearModel_Alpha158_csi300_custom_step0_s_20260909_16,3b511416c0e9495185b1303d145dce57,0.075,,,
181,2026-09-09,SZ002415,0.0314321294426918,EXP_LinearModel_Alpha158_csi300_custom_step0_s_20260909_16,3b511416c0e9495185b1303d145dce57,0.075,,,
182,2026-09-09,SZ002422,0.031471624970436096,EXP_LinearModel_Alpha158_csi300_custom_step0_s_20260909_16,3b511416c0e9495185b1303d145dce57,0.075,,,
183,2026-09-09,SZ002460,-0.13442440330982208,EXP_LinearModel_Alpha158_csi300_custom_step0_s_20260909_16,3b511416c0e9495185b1303d145dce57,0.075,,,
184,2026-09-09,SZ002463,-0.10713502764701843,EXP_LinearModel_Alpha158_csi300_custom_step0_s_20260909_16,3b511416c0e9495185b1303d145dce57,0.075,,,
185,2026-09-09,SZ002466,-0.10910249501466751,EXP_LinearModel_Alpha158_csi300_custom_step0_s_20260909_16,3b511416c0e9495185b1303d145dce57,0.075,,,
186,2026-09-09,SZ002475,0.003775232005864382,EXP_LinearModel_Alpha158_csi300_custom_step0_s_20260909_16,3b511416c0e9495185b1303d145dce57,0.075,,,
187,2026-09-09,SZ002493,-0.039418503642082214,EXP_LinearModel_Alpha158_csi300_custom_step0_s_20260909_16,3b511416c0e9495185b1303d145dce57,0.075,,,
188,2026-09-09,SZ002532,-0.06539569795131683,EXP_LinearModel_Alpha158_csi300_custom_step0_s_20260909_16,3b511416c0e9495185b1303d145dce57,0.075,,,
189,2026-09-09,SZ002558,-0.01163562387228012,EXP_LinearModel_Alpha158_csi300_custom_step0_s_20260909_16,3b511416c0e9495185b1303d145dce57,0.075,,,
190,2026-09-09,SZ002594,-0.03171409294009209,EXP_LinearModel_Alpha158_csi300_custom_step0_s_20260909_16,3b511416c0e9495185b1303d145dce57,0.075,,,
191,2026-09-09,SZ002600,0.05293790251016617,EXP_LinearModel_Alpha158_csi300_custom_step0_s_20260909_16,3b511416c0e9495185b1303d145dce57,0.075,,,
192,2026-09-09,SZ002602,-0.11908049881458282,EXP_LinearModel_Alpha158_csi300_custom_step0_s_20260909_16,3b511416c0e9495185b1303d145dce57,0.075,,,
193,2026-09-09,SZ300750,-0.0319109670817852,EXP_LinearModel_Alpha158_csi300_custom_step0_s_20260909_16,3b511416c0e9495185b1303d145dce57,0.075,,,
194,2026-09-09,SZ300760,-7.665366865694523e-06,EXP_LinearModel_Alpha158_csi300_custom_step0_s_20260909_16,3b511416c0e9495185b1303d145dce57,0.075,,,
195,2026-09-09,SZ300803,-0.07728719711303711,EXP_LinearModel_Alpha158_csi300_custom_step0_s_20260909_16,3b511416c0e9495185b1303d145dce57,0.075,,,
196,2026-09-09,SZ300832,-0.02667824923992157,EXP_LinearModel_Alpha158_csi300_custom_step0_s_20260909_16,3b511416c0e9495185b1303d145dce57,0.075,,,
197,2026-09-09,SH600111,-0.04363323003053665,EXP_LinearModel_Alpha158_csi300_custom_step0_s_20260909_16,928740e5702644d3804e2ae1cf6949b1,0.094,,,
198,2026-09-09,SH600115,0.012566672638058662,EXP_LinearModel_Alpha158_csi300_custom_step0_s_20260909_16,928740e5702644d3804e2ae1cf6949b1,0.094,,,
199,2026-09-09,SH600118,-0.03947395831346512,EXP_LinearModel_Alpha158_csi300_custom_step0_s_20260909_16,928740e5702644d3804e2ae1cf6949b1,0.094,,,
200,2026-09-09,SH600150,-0.03142677992582321,EXP_LinearModel_Alpha158_csi300_custom_step0_s_20260909_16,928740e5702644d3804e2ae1cf6949b1,0.094,,,
201,2026-09-09,SH600160,-0.0042413342744112015,EXP_LinearModel_Alpha158_csi300_custom_step0_s_20260909_16,928740e5702644d3804e2ae1cf6949b1,0.094,,,
202,2026-09-09,SH600176,-0.1331864595413208,EXP_LinearModel_Alpha158_csi300_custom_step0_s_20260909_16,928740e5702644d3804e2ae1cf6949b1,0.094,,,
203,2026-09-09,SH600183,-0.13031046092510223,EXP_LinearModel_Alpha158_csi300_custom_step0_s_20260909_16,928740e5702644d3804e2ae1cf6949b1,0.094,,,
204,2026-09-09,SH600188,-0.09180678427219391,EXP_LinearModel_Alpha158_csi300_custom_step0_s_20260909_16,928740e5702644d3804e2ae1cf6949b1,0.094,,,
205,2026-09-09,SH600196,0.011630394496023655,EXP_LinearModel_Alpha158_csi300_custom_step0_s_20260909_16,928740e5702644d3804e2ae1cf6949b1,0.094,,,
206,2026-09-09,SH600219,-0.016971679404377937,EXP_LinearModel_Alpha158_csi300_custom_step0_s_20260909_16,928740e5702644d3804e2ae1cf6949b1,0.094,,,
207,2026-09-09,SH600221,0.05762426555156708,EXP_LinearModel_Alpha158_csi300_custom_step0_s_20260909_16,928740e5702644d3804e2ae1cf6949b1,0.094,,,
208,2026-09-09,SH600233,0.06885869801044464,EXP_LinearModel_Alpha158_csi300_custom_step0_s_20260909_16,928740e5702644d3804e2ae1cf6949b1,0.094,,,
209,2026-09-09,SH600276,0.08408715575933456,EXP_LinearModel_Alpha158_csi300_custom_step0_s_20260909_16,928740e5702644d3804e2ae1cf6949b1,0.094,,,
210,2026-09-09,SH600309,0.0034675118513405323,EXP_LinearModel_Alpha158_csi300_custom_step0_s_20260909_16,928740e5702644d3804e2ae1cf6949b1,0.094,,,
211,2026-09-09,SH600346,-0.07298443466424942,EXP_LinearModel_Alpha158_csi300_custom_step0_s_20260909_16,928740e5702644d3804e2ae1cf6949b1,0.094,,,
212,2026-09-09,SH600362,-0.048717252910137177,EXP_LinearModel_Alpha158_csi300_custom_step0_s_20260909_16,928740e5702644d3804e2ae1cf6949b1,0.094,,,
213,2026-09-09,SH600372,0.021935544908046722,EXP_LinearModel_Alpha158_csi300_custom_step0_s_20260909_16,928740e5702644d3804e2ae1cf6949b1,0.094,,,
214,2026-09-09,SH600406,-0.03603692352771759,EXP_LinearModel_Alpha158_csi300_custom_step0_s_20260909_16,928740e5702644d3804e2ae1cf6949b1,0.094,,,
215,2026-09-09,SH600415,-0.027222298085689545,EXP_LinearModel_Alpha158_csi300_custom_step0_s_20260909_16,928740e5702644d3804e2ae1cf6949b1,0.094,,,
216,2026-09-09,SH600426,-0.0459735244512558,EXP_LinearModel_Alpha158_csi300_custom_step0_s_20260909_16,928740e5702644d3804e2ae1cf6949b1,0.094,,,
217,2026-09-09,SH600436,0.013642101548612118,EXP_LinearModel_Alpha158_csi300_custom_step0_s_20260909_16,928740e5702644d3804e2ae1cf6949b1,0.094,,,
218,2026-09-09,SH600438,-0.028023259714245796,EXP_LinearModel_Alpha158_csi300_custom_step0_s_20260909_16,928740e5702644d3804e2ae1cf6949b1,0.094,,,
219,2026-09-09,SH600460,-0.11095325648784637,EXP_LinearModel_Alpha158_csi300_custom_step0_s_20260909_16,928740e5702644d3804e2ae1cf6949b1,0.094,,,
220,2026-09-09,SH600482,-0.00947333313524723,EXP_LinearModel_Alpha158_csi300_custom_step0_s_20260909_16,928740e5702644d3804e2ae1cf6949b1,0.094,,,
221,2026-09-09,SH600489,-0.05499653145670891,EXP_LinearModel_Alpha158_csi300_custom_step0_s_20260909_16,928740e5702644d3804e2ae1cf6949b1,0.094,,,
222,2026-09-09,SH600515,0.03234664350748062,EXP_LinearModel_Alpha158_csi300_custom_step0_s_20260909_16,928740e5702644d3804e2ae1cf6949b1,0.094,,,
223,2026-09-09,SH600519,-0.02515552006661892,EXP_LinearModel_Alpha158_csi300_custom_step0_s_20260909_16,928740e5702644d3804e2ae1cf6949b1,0.094,,,
224,2026-09-09,SH600522,-0.21144600212574005,EXP_LinearModel_Alpha158_csi300_custom_step0_s_20260909_16,928740e5702644d3804e2ae1cf6949b1,0.094,,,
225,2026-09-09,SH600547,-0.04372722655534744,EXP_LinearModel_Alpha158_csi300_custom_step0_s_20260909_16,928740e5702644d3804e2ae1cf6949b1,0.094,,,
226,2026-09-09,SH600104,0.014810589142143726,EXP_LinearModel_Alpha158_csi300_custom_step0_s_20260909_16,928740e5702644d3804e2ae1cf6949b1,0.094,,,
227,2026-09-09,SH600570,-0.07830645143985748,EXP_LinearModel_Alpha158_csi300_custom_step0_s_20260909_16,928740e5702644d3804e2ae1cf6949b1,0.094,,,
228,2026-09-09,SH600089,-0.016213808208703995,EXP_LinearModel_Alpha158_csi300_custom_step0_s_20260909_16,928740e5702644d3804e2ae1cf6949b1,0.094,,,
229,2026-09-09,SH600066,-0.022872136905789375,EXP_LinearModel_Alpha158_csi300_custom_step0_s_20260909_16,928740e5702644d3804e2ae1cf6949b1,0.094,,,
230,2026-09-09,SZ300866,0.00987914390861988,EXP_LinearModel_Alpha158_csi300_custom_step0_s_20260909_16,3b511416c0e9495185b1303d145dce57,0.075,,,
231,2026-09-09,SZ300896,-0.006963385734707117,EXP_LinearModel_Alpha158_csi300_custom_step0_s_20260909_16,3b511416c0e9495185b1303d145dce57,0.075,,,
232,2026-09-09,SZ300999,-0.0025520981289446354,EXP_LinearModel_Alpha158_csi300_custom_step0_s_20260909_16,3b511416c0e9495185b1303d145dce57,0.075,,,
233,2026-09-09,SZ301165,-0.024607056751847267,EXP_LinearModel_Alpha158_csi300_custom_step0_s_20260909_16,3b511416c0e9495185b1303d145dce57,0.075,,,
234,2026-09-09,SZ301236,-0.03644854947924614,EXP_LinearModel_Alpha158_csi300_custom_step0_s_20260909_16,3b511416c0e9495185b1303d145dce57,0.075,,,
235,2026-09-09,SZ301269,0.021427161991596222,EXP_LinearModel_Alpha158_csi300_custom_step0_s_20260909_16,3b511416c0e9495185b1303d145dce57,0.075,,,
236,2026-09-09,SZ301308,-0.010987881571054459,EXP_LinearModel_Alpha158_csi300_custom_step0_s_20260909_16,3b511416c0e9495185b1303d145dce57,0.075,,,
237,2026-09-09,SZ302132,0.00320236012339592,EXP_LinearModel_Alpha158_csi300_custom_step0_s_20260909_16,3b511416c0e9495185b1303d145dce57,0.075,,,
238,2026-09-09,SH600000,0.02868269756436348,EXP_LinearModel_Alpha158_csi300_custom_step0_s_20260909_16,928740e5702644d3804e2ae1cf6949b1,0.094,,,
239,2026-09-09,SH600009,0.05019797012209892,EXP_LinearModel_Alpha158_csi300_custom_step0_s_20260909_16,928740e5702644d3804e2ae1cf6949b1,0.094,,,
240,2026-09-09,SH600010,-0.052957866340875626,EXP_LinearModel_Alpha158_csi300_custom_step0_s_20260909_16,928740e5702644d3804e2ae1cf6949b1,0.094,,,
241,2026-09-09,SH600011,-0.007836179807782173,EXP_LinearModel_Alpha158_csi300_custom_step0_s_20260909_16,928740e5702644d3804e2ae1cf6949b1,0.094,,,
242,2026-09-09,SH600015,0.02753862924873829,EXP_LinearModel_Alpha158_csi300_custom_step0_s_20260909_16,928740e5702644d3804e2ae1cf6949b1,0.094,,,
243,2026-09-09,SH600016,0.07741952687501907,EXP_LinearModel_Alpha158_csi300_custom_step0_s_20260909_16,928740e5702644d3804e2ae1cf6949b1,0.094,,,
244,2026-09-09,SH600018,0.06110137328505516,EXP_LinearModel_Alpha158_csi300_custom_step0_s_20260909_16,928740e5702644d3804e2ae1cf6949b1,0.094,,,
245,2026-09-09,SH600019,0.03755655884742737,EXP_LinearModel_Alpha158_csi300_custom_step0_s_20260909_16,928740e5702644d3804e2ae1cf6949b1,0.094,,,
246,2026-09-09,SH600023,-0.005278220400214195,EXP_LinearModel_Alpha158_csi300_custom_step0_s_20260909_16,928740e5702644d3804e2ae1cf6949b1,0.094,,,
247,2026-09-09,SH600025,0.012027423828840256,EXP_LinearModel_Alpha158_csi300_custom_step0_s_20260909_16,928740e5702644d3804e2ae1cf6949b1,0.094,,,
248,2026-09-09,SH600026,-0.06395449489355087,EXP_LinearModel_Alpha158_csi300_custom_step0_s_20260909_16,928740e5702644d3804e2ae1cf6949b1,0.094,,,
249,2026-09-09,SH600027,0.040915343910455704,EXP_LinearModel_Alpha158_csi300_custom_step0_s_20260909_16,928740e5702644d3804e2ae1cf6949b1,0.094,,,
250,2026-09-09,SH600028,0.0315043143928051,EXP_LinearModel_Alpha158_csi300_custom_step0_s_20260909_16,928740e5702644d3804e2ae1cf6949b1,0.094,,,
251,2026-09-09,SH600029,0.021117527037858963,EXP_LinearModel_Alpha158_csi300_custom_step0_s_20260909_16,928740e5702644d3804e2ae1cf6949b1,0.094,,,
252,2026-09-09,SH600030,0.014658782631158829,EXP_LinearModel_Alpha158_csi300_custom_step0_s_20260909_16,928740e5702644d3804e2ae1cf6949b1,0.094,,,
253,2026-09-09,SH600031,0.027531083673238754,EXP_LinearModel_Alpha158_csi300_custom_step0_s_20260909_16,928740e5702644d3804e2ae1cf6949b1,0.094,,,
254,2026-09-09,SH600036,0.044332996010780334,EXP_LinearModel_Alpha158_csi300_custom_step0_s_20260909_16,928740e5702644d3804e2ae1cf6949b1,0.094,,,
255,2026-09-09,SH600039,0.011880049481987953,EXP_LinearModel_Alpha158_csi300_custom_step0_s_20260909_16,928740e5702644d3804e2ae1cf6949b1,0.094,,,
256,2026-09-09,SH600048,0.00606920151039958,EXP_LinearModel_Alpha158_csi300_custom_step0_s_20260909_16,928740e5702644d3804e2ae1cf6949b1,0.094,,,
257,2026-09-09,SH600050,-0.0035118148662149906,EXP_LinearModel_Alpha158_csi300_custom_step0_s_20260909_16,928740e5702644d3804e2ae1cf6949b1,0.094,,,
258,2026-09-09,SH600061,0.029915180057287216,EXP_LinearModel_Alpha158_csi300_custom_step0_s_20260909_16,928740e5702644d3804e2ae1cf6949b1,0.094,,,
259,2026-09-09,SH600085,0.01198492106050253,EXP_LinearModel_Alpha158_csi300_custom_step0_s_20260909_16,928740e5702644d3804e2ae1cf6949b1,0.094,,,
260,2026-09-09,SH688506,0.05884409323334694,EXP_LinearModel_Alpha158_csi300_custom_step0_s_20260909_16,928740e5702644d3804e2ae1cf6949b1,0.094,,,
261,2026-09-09,SH688521,-0.059218183159828186,EXP_LinearModel_Alpha158_csi300_custom_step0_s_20260909_16,928740e5702644d3804e2ae1cf6949b1,0.094,,,
262,2026-09-09,SH688981,-0.004249787889420986,EXP_LinearModel_Alpha158_csi300_custom_step0_s_20260909_16,928740e5702644d3804e2ae1cf6949b1,0.094,,,
263,2026-09-09,SH600549,0.07566801458597183,EXP_LinearModel_Alpha158_csi300_custom_step0_s_20260909_16,6aee75d69e1448b2a0bfb26050c6cdc8,0.003,,,
264,2026-09-09,SH600570,-0.02220745012164116,EXP_LinearModel_Alpha158_csi300_custom_step0_s_20260909_16,6aee75d69e1448b2a0bfb26050c6cdc8,0.003,,,
265,2026-09-09,SH600584,0.10182910412549973,EXP_LinearModel_Alpha158_csi300_custom_step0_s_20260909_16,6aee75d69e1448b2a0bfb26050c6cdc8,0.003,,,
266,2026-09-09,SH600585,0.018982354551553726,EXP_LinearModel_Alpha158_csi300_custom_step0_s_20260909_16,6aee75d69e1448b2a0bfb26050c6cdc8,0.003,,,
267,2026-09-09,SH600588,0.06149747595191002,EXP_LinearModel_Alpha158_csi300_custom_step0_s_20260909_16,6aee75d69e1448b2a0bfb26050c6cdc8,0.003,,,
268,2026-09-09,SH600600,0.017652200534939766,EXP_LinearModel_Alpha158_csi300_custom_step0_s_20260909_16,6aee75d69e1448b2a0bfb26050c6cdc8,0.003,,,
269,2026-09-09,SH600660,0.026516549289226532,EXP_LinearModel_Alpha158_csi300_custom_step0_s_20260909_16,6aee75d69e1448b2a0bfb26050c6cdc8,0.003,,,
270,2026-09-09,SH600674,0.056901294738054276,EXP_LinearModel_Alpha158_csi300_custom_step0_s_20260909_16,6aee75d69e1448b2a0bfb26050c6cdc8,0.003,,,
271,2026-09-09,SH600690,0.02759794518351555,EXP_LinearModel_Alpha158_csi300_custom_step0_s_20260909_16,6aee75d69e1448b2a0bfb26050c6cdc8,0.003,,,
272,2026-09-09,SH600741,0.07283473759889603,EXP_LinearModel_Alpha158_csi300_custom_step0_s_20260909_16,6aee75d69e1448b2a0bfb26050c6cdc8,0.003,,,
273,2026-09-09,SH600760,0.08553483337163925,EXP_LinearModel_Alpha158_csi300_custom_step0_s_20260909_16,6aee75d69e1448b2a0bfb26050c6cdc8,0.003,,,
274,2026-09-09,SH600795,0.02614377997815609,EXP_LinearModel_Alpha158_csi300_custom_step0_s_20260909_16,6aee75d69e1448b2a0bfb26050c6cdc8,0.003,,,
275,2026-09-09,SH600803,0.043605174869298935,EXP_LinearModel_Alpha158_csi300_custom_step0_s_20260909_16,6aee75d69e1448b2a0bfb26050c6cdc8,0.003,,,
276,2026-09-09,SH600547,-0.00508630508556962,EXP_LinearModel_Alpha158_csi300_custom_step0_s_20260909_16,6aee75d69e1448b2a0bfb26050c6cdc8,0.003,,,
277,2026-09-09,SH600809,-0.05579192191362381,EXP_LinearModel_Alpha158_csi300_custom_step0_s_20260909_16,6aee75d69e1448b2a0bfb26050c6cdc8,0.003,,,
278,2026-09-09,SH600875,0.02439303509891033,EXP_LinearModel_Alpha158_csi300_custom_step0_s_20260909_16,6aee75d69e1448b2a0bfb26050c6cdc8,0.003,,,
279,2026-09-09,SH600886,0.026718096807599068,EXP_LinearModel_Alpha158_csi300_custom_step0_s_20260909_16,6aee75d69e1448b2a0bfb26050c6cdc8,0.003,,,
280,2026-09-09,SH600887,0.0019223359413444996,EXP_LinearModel_Alpha158_csi300_custom_step0_s_20260909_16,6aee75d69e1448b2a0bfb26050c6cdc8,0.003,,,
281,2026-09-09,SH600893,-0.02860482595860958,EXP_LinearModel_Alpha158_csi300_custom_step0_s_20260909_16,6aee75d69e1448b2a0bfb26050c6cdc8,0.003,,,
282,2026-09-09,SH600900,-0.06441491097211838,EXP_LinearModel_Alpha158_csi300_custom_step0_s_20260909_16,6aee75d69e1448b2a0bfb26050c6cdc8,0.003,,,
283,2026-09-09,SH600905,0.014607354998588562,EXP_LinearModel_Alpha158_csi300_custom_step0_s_20260909_16,6aee75d69e1448b2a0bfb26050c6cdc8,0.003,,,
284,2026-09-09,SH600918,0.025919467210769653,EXP_LinearModel_Alpha158_csi300_custom_step0_s_20260909_16,6aee75d69e1448b2a0bfb26050c6cdc8,0.003,,,
285,2026-09-09,SH600919,0.058869946748018265,EXP_LinearModel_Alpha158_csi300_custom_step0_s_20260909_16,6aee75d69e1448b2a0bfb26050c6cdc8,0.003,,,
286,2026-09-09,SH600926,0.12979446351528168,EXP_LinearModel_Alpha158_csi300_custom_step0_s_20260909_16,6aee75d69e1448b2a0bfb26050c6cdc8,0.003,,,
287,2026-09-09,SH600930,0.019123433157801628,EXP_LinearModel_Alpha158_csi300_custom_step0_s_20260909_16,6aee75d69e1448b2a0bfb26050c6cdc8,0.003,,,
288,2026-09-09,SH600938,-0.003131517907604575,EXP_LinearModel_Alpha158_csi300_custom_step0_s_20260909_16,6aee75d69e1448b2a0bfb26050c6cdc8,0.003,,,
289,2026-09-09,SH600941,-0.003555003087967634,EXP_LinearModel_Alpha158_csi300_custom_step0_s_20260909_16,6aee75d69e1448b2a0bfb26050c6cdc8,0.003,,,
290,2026-09-09,SH600958,0.11358360201120377,EXP_LinearModel_Alpha158_csi300_custom_step0_s_20260909_16,6aee75d69e1448b2a0bfb26050c6cdc8,0.003,,,
291,2026-09-09,SH600845,-0.06799399852752686,EXP_LinearModel_Alpha158_csi300_custom_step0_s_20260909_16,6aee75d69e1448b2a0bfb26050c6cdc8,0.003,,,
292,2026-09-09,SH600522,0.058863863348960876,EXP_LinearModel_Alpha158_csi300_custom_step0_s_20260909_16,6aee75d69e1448b2a0bfb26050c6cdc8,0.003,,,
293,2026-09-09,SH600519,-0.048140041530132294,EXP_LinearModel_Alpha158_csi300_custom_step0_s_20260909_16,6aee75d69e1448b2a0bfb26050c6cdc8,0.003,,,
294,2026-09-09,SH600515,0.0038496479392051697,EXP_LinearModel_Alpha158_csi300_custom_step0_s_20260909_16,6aee75d69e1448b2a0bfb26050c6cdc8,0.003,,,
295,2026-09-09,SH600066,0.05171651393175125,EXP_LinearModel_Alpha158_csi300_custom_step0_s_20260909_16,6aee75d69e1448b2a0bfb26050c6cdc8,0.003,,,
296,2026-09-09,SH600085,-0.032820023596286774,EXP_LinearModel_Alpha158_csi300_custom_step0_s_20260909_16,6aee75d69e1448b2a0bfb26050c6cdc8,0.003,,,
297,2026-09-09,SH600089,-0.007975075393915176,EXP_LinearModel_Alpha158_csi300_custom_step0_s_20260909_16,6aee75d69e1448b2a0bfb26050c6cdc8,0.003,,,
298,2026-09-09,SH600104,0.01740606501698494,EXP_LinearModel_Alpha158_csi300_custom_step0_s_20260909_16,6aee75d69e1448b2a0bfb26050c6cdc8,0.003,,,
299,2026-09-09,SH600111,0.04384975880384445,EXP_LinearModel_Alpha158_csi300_custom_step0_s_20260909_16,6aee75d69e1448b2a0bfb26050c6cdc8,0.003,,,
300,2026-09-09,SH600115,0.10542161762714386,EXP_LinearModel_Alpha158_csi300_custom_step0_s_20260909_16,6aee75d69e1448b2a0bfb26050c6cdc8,0.003,,,
301,2026-09-09,SH600118,0.057194579392671585,EXP_LinearModel_Alpha158_csi300_custom_step0_s_20260909_16,6aee75d69e1448b2a0bfb26050c6cdc8,0.003,,,
302,2026-09-09,SH600150,-0.032729070633649826,EXP_LinearModel_Alpha158_csi300_custom_step0_s_20260909_16,6aee75d69e1448b2a0bfb26050c6cdc8,0.003,,,
303,2026-09-09,SH600160,0.07479636371135712,EXP_LinearModel_Alpha158_csi300_custom_step0_s_20260909_16,6aee75d69e1448b2a0bfb26050c6cdc8,0.003,,,
304,2026-09-09,SH600176,0.04316918924450874,EXP_LinearModel_Alpha158_csi300_custom_step0_s_20260909_16,6aee75d69e1448b2a0bfb26050c6cdc8,0.003,,,
305,2026-09-09,SH600183,-0.02151360549032688,EXP_LinearModel_Alpha158_csi300_custom_step0_s_20260909_16,6aee75d69e1448b2a0bfb26050c6cdc8,0.003,,,
306,2026-09-09,SH600188,-0.04201512783765793,EXP_LinearModel_Alpha158_csi300_custom_step0_s_20260909_16,6aee75d69e1448b2a0bfb26050c6cdc8,0.003,,,
307,2026-09-09,SH600196,-0.0638701468706131,EXP_LinearModel_Alpha158_csi300_custom_step0_s_20260909_16,6aee75d69e1448b2a0bfb26050c6cdc8,0.003,,,
308,2026-09-09,SH600219,-0.053312379866838455,EXP_LinearModel_Alpha158_csi300_custom_step0_s_20260909_16,6aee75d69e1448b2a0bfb26050c6cdc8,0.003,,,
309,2026-09-09,SH600221,-0.0019132960587739944,EXP_LinearModel_Alpha158_csi300_custom_step0_s_20260909_16,6aee75d69e1448b2a0bfb26050c6cdc8,0.003,,,
310,2026-09-09,SH600233,0.027738381177186966,EXP_LinearModel_Alpha158_csi300_custom_step0_s_20260909_16,6aee75d69e1448b2a0bfb26050c6cdc8,0.003,,,
311,2026-09-09,SH600276,0.0460939034819603,EXP_LinearModel_Alpha158_csi300_custom_step0_s_20260909_16,6aee75d69e1448b2a0bfb26050c6cdc8,0.003,,,
312,2026-09-09,SH600309,0.01443446520715952,EXP_LinearModel_Alpha158_csi300_custom_step0_s_20260909_16,6aee75d69e1448b2a0bfb26050c6cdc8,0.003,,,
313,2026-09-09,SH600346,0.006836388260126114,EXP_LinearModel_Alpha158_csi300_custom_step0_s_20260909_16,6aee75d69e1448b2a0bfb26050c6cdc8,0.003,,,
314,2026-09-09,SH600362,-0.0055229552090168,EXP_LinearModel_Alpha158_csi300_custom_step0_s_20260909_16,6aee75d69e1448b2a0bfb26050c6cdc8,0.003,,,
315,2026-09-09,SH600372,-0.02637968398630619,EXP_LinearModel_Alpha158_csi300_custom_step0_s_20260909_16,6aee75d69e1448b2a0bfb26050c6cdc8,0.003,,,
316,2026-09-09,SH600406,-0.06351357698440552,EXP_LinearModel_Alpha158_csi300_custom_step0_s_20260909_16,6aee75d69e1448b2a0bfb26050c6cdc8,0.003,,,
317,2026-09-09,SH600415,0.024259604513645172,EXP_LinearModel_Alpha158_csi300_custom_step0_s_20260909_16,6aee75d69e1448b2a0bfb26050c6cdc8,0.003,,,
318,2026-09-09,SH600426,-0.057895585894584656,EXP_LinearModel_Alpha158_csi300_custom_step0_s_20260909_16,6aee75d69e1448b2a0bfb26050c6cdc8,0.003,,,
319,2026-09-09,SH600436,0.015229296870529652,EXP_LinearModel_Alpha158_csi300_custom_step0_s_20260909_16,6aee75d69e1448b2a0bfb26050c6cdc8,0.003,,,
320,2026-09-09,SH600438,0.006963819731026888,EXP_LinearModel_Alpha158_csi300_custom_step0_s_20260909_16,6aee75d69e1448b2a0bfb26050c6cdc8,0.003,,,
321,2026-09-09,SH600460,0.06317070871591568,EXP_LinearModel_Alpha158_csi300_custom_step0_s_20260909_16,6aee75d69e1448b2a0bfb26050c6cdc8,0.003,,,
322,2026-09-09,SH600482,0.03017358109354973,EXP_LinearModel_Alpha158_csi300_custom_step0_s_20260909_16,6aee75d69e1448b2a0bfb26050c6cdc8,0.003,,,
323,2026-09-09,SH600489,0.015467062592506409,EXP_LinearModel_Alpha158_csi300_custom_step0_s_20260909_16,6aee75d69e1448b2a0bfb26050c6cdc8,0.003,,,
324,2026-09-09,SH600989,-0.053461700677871704,EXP_LinearModel_Alpha158_csi300_custom_step0_s_20260909_16,6aee75d69e1448b2a0bfb26050c6cdc8,0.003,,,
325,2026-09-09,SH600999,0.07015877962112427,EXP_LinearModel_Alpha158_csi300_custom_step0_s_20260909_16,6aee75d69e1448b2a0bfb26050c6cdc8,0.003,,,
326,2026-09-09,SH601006,0.09461069107055664,EXP_LinearModel_Alpha158_csi300_custom_step0_s_20260909_16,6aee75d69e1448b2a0bfb26050c6cdc8,0.003,,,
327,2026-09-09,SH601009,0.10070949792861938,EXP_LinearModel_Alpha158_csi300_custom_step0_s_20260909_16,6aee75d69e1448b2a0bfb26050c6cdc8,0.003,,,
328,2026-09-09,SH601607,0.012856369838118553,EXP_LinearModel_Alpha158_csi300_custom_step0_s_20260909_16,6aee75d69e1448b2a0bfb26050c6cdc8,0.003,,,
329,2026-09-09,SH601618,0.0045250398106873035,EXP_LinearModel_Alpha158_csi300_custom_step0_s_20260909_16,6aee75d69e1448b2a0bfb26050c6cdc8,0.003,,,
330,2026-09-09,SH601628,0.025094300508499146,EXP_LinearModel_Alpha158_csi300_custom_step0_s_20260909_16,6aee75d69e1448b2a0bfb26050c6cdc8,0.003,,,
331,2026-09-09,SH601633,-0.055184587836265564,EXP_LinearModel_Alpha158_csi300_custom_step0_s_20260909_16,6aee75d69e1448b2a0bfb26050c6cdc8,0.003,,,
332,2026-09-09,SH601658,0.08806291222572327,EXP_LinearModel_Alpha158_csi300_custom_step0_s_20260909_16,6aee75d69e1448b2a0bfb26050c6cdc8,0.003,,,
333,2026-09-09,SH601668,0.0667010098695755,EXP_LinearModel_Alpha158_csi300_custom_step0_s_20260909_16,6aee75d69e1448b2a0bfb26050c6cdc8,0.003,,,
334,2026-09-09,SH601669,-0.05074989050626755,EXP_LinearModel_Alpha158_csi300_custom_step0_s_20260909_16,6aee75d69e1448b2a0bfb26050c6cdc8,0.003,,,
335,2026-09-09,SH601688,0.06287741661071777,EXP_LinearModel_Alpha158_csi300_custom_step0_s_20260909_16,6aee75d69e1448b2a0bfb26050c6cdc8,0.003,,,
336,2026-09-09,SH601689,0.08237849920988083,EXP_LinearModel_Alpha158_csi300_custom_step0_s_20260909_16,6aee75d69e1448b2a0bfb26050c6cdc8,0.003,,,
337,2026-09-09,SH601698,0.042724430561065674,EXP_LinearModel_Alpha158_csi300_custom_step0_s_20260909_16,6aee75d69e1448b2a0bfb26050c6cdc8,0.003,,,
338,2026-09-09,SH601727,0.04041978716850281,EXP_LinearModel_Alpha158_csi300_custom_step0_s_20260909_16,6aee75d69e1448b2a0bfb26050c6cdc8,0.003,,,
339,2026-09-09,SH601728,-0.006775885354727507,EXP_LinearModel_Alpha158_csi300_custom_step0_s_20260909_16,6aee75d69e1448b2a0bfb26050c6cdc8,0.003,,,
340,2026-09-09,SH601766,0.06281784921884537,EXP_LinearModel_Alpha158_csi300_custom_step0_s_20260909_16,6aee75d69e1448b2a0bfb26050c6cdc8,0.003,,,
341,2026-09-09,SH601788,-0.004243307281285524,EXP_LinearModel_Alpha158_csi300_custom_step0_s_20260909_16,6aee75d69e1448b2a0bfb26050c6cdc8,0.003,,,
342,2026-09-09,SH601800,0.04486445337533951,EXP_LinearModel_Alpha158_csi300_custom_step0_s_20260909_16,6aee75d69e1448b2a0bfb26050c6cdc8,0.003,,,
343,2026-09-09,SH601816,-0.048318929970264435,EXP_LinearModel_Alpha158_csi300_custom_step0_s_20260909_16,6aee75d69e1448b2a0bfb26050c6cdc8,0.003,,,
344,2026-09-09,SH601818,-0.007324986159801483,EXP_LinearModel_Alpha158_csi300_custom_step0_s_20260909_16,6aee75d69e1448b2a0bfb26050c6cdc8,0.003,,,
345,2026-09-09,SH601825,0.11008365452289581,EXP_LinearModel_Alpha158_csi300_custom_step0_s_20260909_16,6aee75d69e1448b2a0bfb26050c6cdc8,0.003,,,
346,2026-09-09,SH601838,0.08336693048477173,EXP_LinearModel_Alpha158_csi300_custom_step0_s_20260909_16,6aee75d69e1448b2a0bfb26050c6cdc8,0.003,,,
347,2026-09-09,SH601857,-0.003733882214874029,EXP_LinearModel_Alpha158_csi300_custom_step0_s_20260909_16,6aee75d69e1448b2a0bfb26050c6cdc8,0.003,,,
348,2026-09-09,SH601868,0.010142491199076176,EXP_LinearModel_Alpha158_csi300_custom_step0_s_20260909_16,6aee75d69e1448b2a0bfb26050c6cdc8,0.003,,,
349,2026-09-09,SH601872,0.014150278642773628,EXP_LinearModel_Alpha158_csi300_custom_step0_s_20260909_16,6aee75d69e1448b2a0bfb26050c6cdc8,0.003,,,
350,2026-09-09,SH601877,-0.008228685706853867,EXP_LinearModel_Alpha158_csi300_custom_step0_s_20260909_16,6aee75d69e1448b2a0bfb26050c6cdc8,0.003,,,
351,2026-09-09,SH601878,-0.009071472100913525,EXP_LinearModel_Alpha158_csi300_custom_step0_s_20260909_16,6aee75d69e1448b2a0bfb26050c6cdc8,0.003,,,
352,2026-09-09,SH601881,0.019070101901888847,EXP_LinearModel_Alpha158_csi300_custom_step0_s_20260909_16,6aee75d69e1448b2a0bfb26050c6cdc8,0.003,,,
353,2026-09-09,SH601888,-0.003880739212036133,EXP_LinearModel_Alpha158_csi300_custom_step0_s_20260909_16,6aee75d69e1448b2a0bfb26050c6cdc8,0.003,,,
354,2026-09-09,SH601898,0.04265262559056282,EXP_LinearModel_Alpha158_csi300_custom_step0_s_20260909_16,6aee75d69e1448b2a0bfb26050c6cdc8,0.003,,,
355,2026-09-09,SH601899,-0.02701476216316223,EXP_LinearModel_Alpha158_csi300_custom_step0_s_20260909_16,6aee75d69e1448b2a0bfb26050c6cdc8,0.003,,,
356,2026-09-09,SH601901,0.0534711591899395,EXP_LinearModel_Alpha158_csi300_custom_step0_s_20260909_16,6aee75d69e1448b2a0bfb26050c6cdc8,0.003,,,
357,2026-09-09,SH601601,0.0721275806427002,EXP_LinearModel_Alpha158_csi300_custom_step0_s_20260909_16,6aee75d69e1448b2a0bfb26050c6cdc8,0.003,,,
358,2026-09-09,SH600061,0.028017494827508926,EXP_LinearModel_Alpha158_csi300_custom_step0_s_20260909_16,6aee75d69e1448b2a0bfb26050c6cdc8,0.003,,,
359,2026-09-09,SH601600,-0.05524273216724396,EXP_LinearModel_Alpha158_csi300_custom_step0_s_20260909_16,6aee75d69e1448b2a0bfb26050c6cdc8,0.003,,,
360,2026-09-09,SH601398,0.08854426443576813,EXP_LinearModel_Alpha158_csi300_custom_step0_s_20260909_16,6aee75d69e1448b2a0bfb26050c6cdc8,0.003,,,
361,2026-09-09,SH601012,-0.014858313836157322,EXP_LinearModel_Alpha158_csi300_custom_step0_s_20260909_16,6aee75d69e1448b2a0bfb26050c6cdc8,0.003,,,
362,2026-09-09,SH601018,0.06457594782114029,EXP_LinearModel_Alpha158_csi300_custom_step0_s_20260909_16,6aee75d69e1448b2a0bfb26050c6cdc8,0.003,,,
363,2026-09-09,SH601021,0.04159087687730789,EXP_LinearModel_Alpha158_csi300_custom_step0_s_20260909_16,6aee75d69e1448b2a0bfb26050c6cdc8,0.003,,,
364,2026-09-09,SH601058,-0.007751507684588432,EXP_LinearModel_Alpha158_csi300_custom_step0_s_20260909_16,6aee75d69e1448b2a0bfb26050c6cdc8,0.003,,,
365,2026-09-09,SH601059,-0.024788103997707367,EXP_LinearModel_Alpha158_csi300_custom_step0_s_20260909_16,6aee75d69e1448b2a0bfb26050c6cdc8,0.003,,,
366,2026-09-09,SH601066,0.05067264661192894,EXP_LinearModel_Alpha158_csi300_custom_step0_s_20260909_16,6aee75d69e1448b2a0bfb26050c6cdc8,0.003,,,
367,2026-09-09,SH601077,0.10075204074382782,EXP_LinearModel_Alpha158_csi300_custom_step0_s_20260909_16,6aee75d69e1448b2a0bfb26050c6cdc8,0.003,,,
368,2026-09-09,SH601088,0.03806959465146065,EXP_LinearModel_Alpha158_csi300_custom_step0_s_20260909_16,6aee75d69e1448b2a0bfb26050c6cdc8,0.003,,,
369,2026-09-09,SH601100,-0.06678910553455353,EXP_LinearModel_Alpha158_csi300_custom_step0_s_20260909_16,6aee75d69e1448b2a0bfb26050c6cdc8,0.003,,,
370,2026-09-09,SH601111,0.054315388202667236,EXP_LinearModel_Alpha158_csi300_custom_step0_s_20260909_16,6aee75d69e1448b2a0bfb26050c6cdc8,0.003,,,
371,2026-09-09,SH601117,-0.003708823584020138,EXP_LinearModel_Alpha158_csi300_custom_step0_s_20260909_16,6aee75d69e1448b2a0bfb26050c6cdc8,0.003,,,
372,2026-09-09,SH601127,0.11940930038690567,EXP_LinearModel_Alpha158_csi300_custom_step0_s_20260909_16,6aee75d69e1448b2a0bfb26050c6cdc8,0.003,,,
373,2026-09-09,SH601136,0.010459600016474724,EXP_LinearModel_Alpha158_csi300_custom_step0_s_20260909_16,6aee75d69e1448b2a0bfb26050c6cdc8,0.003,,,
374,2026-09-09,SH601138,-0.006317414343357086,EXP_LinearModel_Alpha158_csi300_custom_step0_s_20260909_16,6aee75d69e1448b2a0bfb26050c6cdc8,0.003,,,
375,2026-09-09,SH601166,0.0064751082099974155,EXP_LinearModel_Alpha158_csi300_custom_step0_s_20260909_16,6aee75d69e1448b2a0bfb26050c6cdc8,0.003,,,
376,2026-09-09,SH601169,0.10917410254478455,EXP_LinearModel_Alpha158_csi300_custom_step0_s_20260909_16,6aee75d69e1448b2a0bfb26050c6cdc8,0.003,,,
377,2026-09-09,SH601186,0.026736296713352203,EXP_LinearModel_Alpha158_csi300_custom_step0_s_20260909_16,6aee75d69e1448b2a0bfb26050c6cdc8,0.003,,,
378,2026-09-09,SH601211,0.019231382757425308,EXP_LinearModel_Alpha158_csi300_custom_step0_s_20260909_16,6aee75d69e1448b2a0bfb26050c6cdc8,0.003,,,
379,2026-09-09,SH601225,0.03653425723314285,EXP_LinearModel_Alpha158_csi300_custom_step0_s_20260909_16,6aee75d69e1448b2a0bfb26050c6cdc8,0.003,,,
380,2026-09-09,SH601229,0.03371280059218407,EXP_LinearModel_Alpha158_csi300_custom_step0_s_20260909_16,6aee75d69e1448b2a0bfb26050c6cdc8,0.003,,,
381,2026-09-09,SH601238,0.006957688834518194,EXP_LinearModel_Alpha158_csi300_custom_step0_s_20260909_16,6aee75d69e1448b2a0bfb26050c6cdc8,0.003,,,
382,2026-09-09,SH601288,0.13237117230892181,EXP_LinearModel_Alpha158_csi300_custom_step0_s_20260909_16,6aee75d69e1448b2a0bfb26050c6cdc8,0.003,,,
383,2026-09-09,SH601318,0.07607143372297287,EXP_LinearModel_Alpha158_csi300_custom_step0_s_20260909_16,6aee75d69e1448b2a0bfb26050c6cdc8,0.003,,,
384,2026-09-09,SH601319,0.1159013882279396,EXP_LinearModel_Alpha158_csi300_custom_step0_s_20260909_16,6aee75d69e1448b2a0bfb26050c6cdc8,0.003,,,
385,2026-09-09,SH601328,0.11613230407238007,EXP_LinearModel_Alpha158_csi300_custom_step0_s_20260909_16,6aee75d69e1448b2a0bfb26050c6cdc8,0.003,,,
386,2026-09-09,SH601336,0.04906659945845604,EXP_LinearModel_Alpha158_csi300_custom_step0_s_20260909_16,6aee75d69e1448b2a0bfb26050c6cdc8,0.003,,,
387,2026-09-09,SH601360,-0.03788134083151817,EXP_LinearModel_Alpha158_csi300_custom_step0_s_20260909_16,6aee75d69e1448b2a0bfb26050c6cdc8,0.003,,,
388,2026-09-09,SH601377,0.02946295775473118,EXP_LinearModel_Alpha158_csi300_custom_step0_s_20260909_16,6aee75d69e1448b2a0bfb26050c6cdc8,0.003,,,
389,2026-09-09,SH601390,0.031653426587581635,EXP_LinearModel_Alpha158_csi300_custom_step0_s_20260909_16,6aee75d69e1448b2a0bfb26050c6cdc8,0.003,,,
390,2026-09-09,SH601456,-0.013874580152332783,EXP_LinearModel_Alpha158_csi300_custom_step0_s_20260909_16,6aee75d69e1448b2a0bfb26050c6cdc8,0.003,,,
391,2026-09-09,SH600050,-0.05770175904035568,EXP_LinearModel_Alpha158_csi300_custom_step0_s_20260909_16,6aee75d69e1448b2a0bfb26050c6cdc8,0.003,,,
392,2026-09-09,SH600048,-0.03648397698998451,EXP_LinearModel_Alpha158_csi300_custom_step0_s_20260909_16,6aee75d69e1448b2a0bfb26050c6cdc8,0.003,,,
393,2026-09-09,SH600039,0.029936857521533966,EXP_LinearModel_Alpha158_csi300_custom_step0_s_20260909_16,6aee75d69e1448b2a0bfb26050c6cdc8,0.003,,,
394,2026-09-09,SZ001280,-0.08033998310565948,EXP_LinearModel_Alpha158_csi300_custom_step0_s_20260909_16,928740e5702644d3804e2ae1cf6949b1,0.094,,,
395,2026-09-09,SZ001391,-0.008988593704998493,EXP_LinearModel_Alpha158_csi300_custom_step0_s_20260909_16,928740e5702644d3804e2ae1cf6949b1,0.094,,,
396,2026-09-09,SZ001965,0.09738517552614212,EXP_LinearModel_Alpha158_csi300_custom_step0_s_20260909_16,928740e5702644d3804e2ae1cf6949b1,0.094,,,
397,2026-09-09,SZ001979,0.018639063462615013,EXP_LinearModel_Alpha158_csi300_custom_step0_s_20260909_16,928740e5702644d3804e2ae1cf6949b1,0.094,,,
398,2026-09-09,SZ002001,-0.026642628014087677,EXP_LinearModel_Alpha158_csi300_custom_step0_s_20260909_16,928740e5702644d3804e2ae1cf6949b1,0.094,,,
399,2026-09-09,SZ002027,0.01493333000689745,EXP_LinearModel_Alpha158_csi300_custom_step0_s_20260909_16,928740e5702644d3804e2ae1cf6949b1,0.094,,,
400,2026-09-09,SZ002028,0.06099792569875717,EXP_LinearModel_Alpha158_csi300_custom_step0_s_20260909_16,928740e5702644d3804e2ae1cf6949b1,0.094,,,
401,2026-09-09,SZ002049,0.0003143744543194771,EXP_LinearModel_Alpha158_csi300_custom_step0_s_20260909_16,928740e5702644d3804e2ae1cf6949b1,0.094,,,
402,2026-09-09,SZ002050,0.0434827096760273,EXP_LinearModel_Alpha158_csi300_custom_step0_s_20260909_16,928740e5702644d3804e2ae1cf6949b1,0.094,,,
403,2026-09-09,SZ002074,-0.0597410723567009,EXP_LinearModel_Alpha158_csi300_custom_step0_s_20260909_16,928740e5702644d3804e2ae1cf6949b1,0.094,,,
404,2026-09-09,SZ002142,0.06636449694633484,EXP_LinearModel_Alpha158_csi300_custom_step0_s_20260909_16,928740e5702644d3804e2ae1cf6949b1,0.094,,,
405,2026-09-09,SZ002179,-0.004422332160174847,EXP_LinearModel_Alpha158_csi300_custom_step0_s_20260909_16,928740e5702644d3804e2ae1cf6949b1,0.094,,,
406,2026-09-09,SZ002202,0.06877889484167099,EXP_LinearModel_Alpha158_csi300_custom_step0_s_20260909_16,928740e5702644d3804e2ae1cf6949b1,0.094,,,
407,2026-09-09,SZ002230,-0.025469327345490456,EXP_LinearModel_Alpha158_csi300_custom_step0_s_20260909_16,928740e5702644d3804e2ae1cf6949b1,0.094,,,
408,2026-09-09,SZ002236,-0.03835304453969002,EXP_LinearModel_Alpha158_csi300_custom_step0_s_20260909_16,928740e5702644d3804e2ae1cf6949b1,0.094,,,
409,2026-09-09,SZ002241,-0.01580333150923252,EXP_LinearModel_Alpha158_csi300_custom_step0_s_20260909_16,928740e5702644d3804e2ae1cf6949b1,0.094,,,
410,2026-09-09,SZ002304,-0.010784335434436798,EXP_LinearModel_Alpha158_csi300_custom_step0_s_20260909_16,928740e5702644d3804e2ae1cf6949b1,0.094,,,
411,2026-09-09,SZ002311,0.028819717466831207,EXP_LinearModel_Alpha158_csi300_custom_step0_s_20260909_16,928740e5702644d3804e2ae1cf6949b1,0.094,,,
412,2026-09-09,SZ002352,-0.017474796622991562,EXP_LinearModel_Alpha158_csi300_custom_step0_s_20260909_16,928740e5702644d3804e2ae1cf6949b1,0.094,,,
413,2026-09-09,SZ002353,0.06259047240018845,EXP_LinearModel_Alpha158_csi300_custom_step0_s_20260909_16,928740e5702644d3804e2ae1cf6949b1,0.094,,,
414,2026-09-09,SZ002371,0.003639776259660721,EXP_LinearModel_Alpha158_csi300_custom_step0_s_20260909_16,928740e5702644d3804e2ae1cf6949b1,0.094,,,
415,2026-09-09,SZ002384,-0.07515930384397507,EXP_LinearModel_Alpha158_csi300_custom_step0_s_20260909_16,928740e5702644d3804e2ae1cf6949b1,0.094,,,
416,2026-09-09,SZ002415,0.0161844901740551,EXP_LinearModel_Alpha158_csi300_custom_step0_s_20260909_16,928740e5702644d3804e2ae1cf6949b1,0.094,,,
417,2026-09-09,SZ002422,0.09562452137470245,EXP_LinearModel_Alpha158_csi300_custom_step0_s_20260909_16,928740e5702644d3804e2ae1cf6949b1,0.094,,,
418,2026-09-09,SZ002460,-0.17740638554096222,EXP_LinearModel_Alpha158_csi300_custom_step0_s_20260909_16,928740e5702644d3804e2ae1cf6949b1,0.094,,,
419,2026-09-09,SZ002463,-0.09733498841524124,EXP_LinearModel_Alpha158_csi300_custom_step0_s_20260909_16,928740e5702644d3804e2ae1cf6949b1,0.094,,,
420,2026-09-09,SZ002466,-0.1538866013288498,EXP_LinearModel_Alpha158_csi300_custom_step0_s_20260909_16,928740e5702644d3804e2ae1cf6949b1,0.094,,,
421,2026-09-09,SZ002475,-0.02450648322701454,EXP_LinearModel_Alpha158_csi300_custom_step0_s_20260909_16,928740e5702644d3804e2ae1cf6949b1,0.094,,,
422,2026-09-09,SZ002493,-0.02266259677708149,EXP_LinearModel_Alpha158_csi300_custom_step0_s_20260909_16,928740e5702644d3804e2ae1cf6949b1,0.094,,,
423,2026-09-09,SZ000999,0.05899668484926224,EXP_LinearModel_Alpha158_csi300_custom_step0_s_20260909_16,928740e5702644d3804e2ae1cf6949b1,0.094,,,
424,2026-09-09,SZ002532,-0.05446333810687065,EXP_LinearModel_Alpha158_csi300_custom_step0_s_20260909_16,928740e5702644d3804e2ae1cf6949b1,0.094,,,
425,2026-09-09,SZ000988,-0.14469404518604279,EXP_LinearModel_Alpha158_csi300_custom_step0_s_20260909_16,928740e5702644d3804e2ae1cf6949b1,0.094,,,
426,2026-09-09,SZ000975,-0.09307734668254852,EXP_LinearModel_Alpha158_csi300_custom_step0_s_20260909_16,928740e5702644d3804e2ae1cf6949b1,0.094,,,
427,2026-09-09,SZ000001,0.07710018008947372,EXP_LinearModel_Alpha158_csi300_custom_step0_s_20260909_16,928740e5702644d3804e2ae1cf6949b1,0.094,,,
428,2026-09-09,SZ000002,0.003238209756091237,EXP_LinearModel_Alpha158_csi300_custom_step0_s_20260909_16,928740e5702644d3804e2ae1cf6949b1,0.094,,,
429,2026-09-09,SZ000063,-0.02224108576774597,EXP_LinearModel_Alpha158_csi300_custom_step0_s_20260909_16,928740e5702644d3804e2ae1cf6949b1,0.094,,,
430,2026-09-09,SZ000100,-0.012641255743801594,EXP_LinearModel_Alpha158_csi300_custom_step0_s_20260909_16,928740e5702644d3804e2ae1cf6949b1,0.094,,,
431,2026-09-09,SZ000157,0.0056143105030059814,EXP_LinearModel_Alpha158_csi300_custom_step0_s_20260909_16,928740e5702644d3804e2ae1cf6949b1,0.094,,,
432,2026-09-09,SZ000166,0.046052005141973495,EXP_LinearModel_Alpha158_csi300_custom_step0_s_20260909_16,928740e5702644d3804e2ae1cf6949b1,0.094,,,
433,2026-09-09,SZ000301,-0.02472941018640995,EXP_LinearModel_Alpha158_csi300_custom_step0_s_20260909_16,928740e5702644d3804e2ae1cf6949b1,0.094,,,
434,2026-09-09,SZ000333,0.009396316483616829,EXP_LinearModel_Alpha158_csi300_custom_step0_s_20260909_16,928740e5702644d3804e2ae1cf6949b1,0.094,,,
435,2026-09-09,SZ000338,-0.03755907714366913,EXP_LinearModel_Alpha158_csi300_custom_step0_s_20260909_16,928740e5702644d3804e2ae1cf6949b1,0.094,,,
436,2026-09-09,SZ000408,-0.021281655877828598,EXP_LinearModel_Alpha158_csi300_custom_step0_s_20260909_16,928740e5702644d3804e2ae1cf6949b1,0.094,,,
437,2026-09-09,SZ000425,-0.04853881895542145,EXP_LinearModel_Alpha158_csi300_custom_step0_s_20260909_16,928740e5702644d3804e2ae1cf6949b1,0.094,,,
438,2026-09-09,SZ000538,0.030004896223545074,EXP_LinearModel_Alpha158_csi300_custom_step0_s_20260909_16,928740e5702644d3804e2ae1cf6949b1,0.094,,,
439,2026-09-09,SZ000568,0.0025838352739810944,EXP_LinearModel_Alpha158_csi300_custom_step0_s_20260909_16,928740e5702644d3804e2ae1cf6949b1,0.094,,,
440,2026-09-09,SZ000596,0.00010490301065146923,EXP_LinearModel_Alpha158_csi300_custom_step0_s_20260909_16,928740e5702644d3804e2ae1cf6949b1,0.094,,,
441,2026-09-09,SZ000617,-0.036895379424095154,EXP_LinearModel_Alpha158_csi300_custom_step0_s_20260909_16,928740e5702644d3804e2ae1cf6949b1,0.094,,,
442,2026-09-09,SZ000625,-0.030266018584370613,EXP_LinearModel_Alpha158_csi300_custom_step0_s_20260909_16,928740e5702644d3804e2ae1cf6949b1,0.094,,,
443,2026-09-09,SZ000630,-0.03961998224258423,EXP_LinearModel_Alpha158_csi300_custom_step0_s_20260909_16,928740e5702644d3804e2ae1cf6949b1,0.094,,,
444,2026-09-09,SZ000651,0.01909409835934639,EXP_LinearModel_Alpha158_csi300_custom_step0_s_20260909_16,928740e5702644d3804e2ae1cf6949b1,0.094,,,
445,2026-09-09,SZ000657,-0.1981191784143448,EXP_LinearModel_Alpha158_csi300_custom_step0_s_20260909_16,928740e5702644d3804e2ae1cf6949b1,0.094,,,
446,2026-09-09,SZ000708,0.015475021675229073,EXP_LinearModel_Alpha158_csi300_custom_step0_s_20260909_16,928740e5702644d3804e2ae1cf6949b1,0.094,,,
447,2026-09-09,SZ000725,-0.04001954197883606,EXP_LinearModel_Alpha158_csi300_custom_step0_s_20260909_16,928740e5702644d3804e2ae1cf6949b1,0.094,,,
448,2026-09-09,SZ000768,0.03386777266860008,EXP_LinearModel_Alpha158_csi300_custom_step0_s_20260909_16,928740e5702644d3804e2ae1cf6949b1,0.094,,,
449,2026-09-09,SZ000776,0.037453267723321915,EXP_LinearModel_Alpha158_csi300_custom_step0_s_20260909_16,928740e5702644d3804e2ae1cf6949b1,0.094,,,
450,2026-09-09,SZ000792,-0.08455578982830048,EXP_LinearModel_Alpha158_csi300_custom_step0_s_20260909_16,928740e5702644d3804e2ae1cf6949b1,0.094,,,
451,2026-09-09,SZ000807,-0.047963112592697144,EXP_LinearModel_Alpha158_csi300_custom_step0_s_20260909_16,928740e5702644d3804e2ae1cf6949b1,0.094,,,
452,2026-09-09,SZ000858,-0.003884598147124052,EXP_LinearModel_Alpha158_csi300_custom_step0_s_20260909_16,928740e5702644d3804e2ae1cf6949b1,0.094,,,
453,2026-09-09,SZ000895,0.014650437980890274,EXP_LinearModel_Alpha158_csi300_custom_step0_s_20260909_16,928740e5702644d3804e2ae1cf6949b1,0.094,,,
454,2026-09-09,SZ000938,0.048406459391117096,EXP_LinearModel_Alpha158_csi300_custom_step0_s_20260909_16,928740e5702644d3804e2ae1cf6949b1,0.094,,,
455,2026-09-09,SZ000963,0.02719058282673359,EXP_LinearModel_Alpha158_csi300_custom_step0_s_20260909_16,928740e5702644d3804e2ae1cf6949b1,0.094,,,
456,2026-09-09,SZ000977,0.03386197239160538,EXP_LinearModel_Alpha158_csi300_custom_step0_s_20260909_16,928740e5702644d3804e2ae1cf6949b1,0.094,,,
457,2026-09-09,SZ002001,-0.020680684596300125,EXP_LinearModel_Alpha158_csi300_custom_step0_s_20260909_16,3b511416c0e9495185b1303d145dce57,0.075,,,
458,2026-09-09,SZ002558,-0.03163875639438629,EXP_LinearModel_Alpha158_csi300_custom_step0_s_20260909_16,928740e5702644d3804e2ae1cf6949b1,0.094,,,
459,2026-09-09,SZ002600,0.0074572209268808365,EXP_LinearModel_Alpha158_csi300_custom_step0_s_20260909_16,928740e5702644d3804e2ae1cf6949b1,0.094,,,
460,2026-09-09,SZ300750,-0.04968370124697685,EXP_LinearModel_Alpha158_csi300_custom_step0_s_20260909_16,928740e5702644d3804e2ae1cf6949b1,0.094,,,
461,2026-09-09,SZ300760,0.011923100799322128,EXP_LinearModel_Alpha158_csi300_custom_step0_s_20260909_16,928740e5702644d3804e2ae1cf6949b1,0.094,,,
462,2026-09-09,SZ300803,-0.08644641935825348,EXP_LinearModel_Alpha158_csi300_custom_step0_s_20260909_16,928740e5702644d3804e2ae1cf6949b1,0.094,,,
463,2026-09-09,SZ300832,-0.0280845295637846,EXP_LinearModel_Alpha158_csi300_custom_step0_s_20260909_16,928740e5702644d3804e2ae1cf6949b1,0.094,,,
464,2026-09-09,SZ300866,0.02115199714899063,EXP_LinearModel_Alpha158_csi300_custom_step0_s_20260909_16,928740e5702644d3804e2ae1cf6949b1,0.094,,,
465,2026-09-09,SZ300896,0.02110835164785385,EXP_LinearModel_Alpha158_csi300_custom_step0_s_20260909_16,928740e5702644d3804e2ae1cf6949b1,0.094,,,
466,2026-09-09,SZ300999,-0.008037530817091465,EXP_LinearModel_Alpha158_csi300_custom_step0_s_20260909_16,928740e5702644d3804e2ae1cf6949b1,0.094,,,
467,2026-09-09,SZ301165,0.10415521264076233,EXP_LinearModel_Alpha158_csi300_custom_step0_s_20260909_16,928740e5702644d3804e2ae1cf6949b1,0.094,,,
468,2026-09-09,SZ301236,-0.007654072716832161,EXP_LinearModel_Alpha158_csi300_custom_step0_s_20260909_16,928740e5702644d3804e2ae1cf6949b1,0.094,,,
469,2026-09-09,SZ301269,0.01678045094013214,EXP_LinearModel_Alpha158_csi300_custom_step0_s_20260909_16,928740e5702644d3804e2ae1cf6949b1,0.094,,,
470,2026-09-09,SZ301308,-0.12438709288835526,EXP_LinearModel_Alpha158_csi300_custom_step0_s_20260909_16,928740e5702644d3804e2ae1cf6949b1,0.094,,,
471,2026-09-09,SZ302132,0.02898106724023819,EXP_LinearModel_Alpha158_csi300_custom_step0_s_20260909_16,928740e5702644d3804e2ae1cf6949b1,0.094,,,
472,2026-09-09,SH600000,0.0638737753033638,EXP_LinearModel_Alpha158_csi300_custom_step0_s_20260909_16,6aee75d69e1448b2a0bfb26050c6cdc8,0.003,,,
473,2026-09-09,SH600009,0.11256112158298492,EXP_LinearModel_Alpha158_csi300_custom_step0_s_20260909_16,6aee75d69e1448b2a0bfb26050c6cdc8,0.003,,,
474,2026-09-09,SH600010,-0.0028490968979895115,EXP_LinearModel_Alpha158_csi300_custom_step0_s_20260909_16,6aee75d69e1448b2a0bfb26050c6cdc8,0.003,,,
475,2026-09-09,SH600011,-0.008841418661177158,EXP_LinearModel_Alpha158_csi300_custom_step0_s_20260909_16,6aee75d69e1448b2a0bfb26050c6cdc8,0.003,,,
476,2026-09-09,SH600015,-0.013796975836157799,EXP_LinearModel_Alpha158_csi300_custom_step0_s_20260909_16,6aee75d69e1448b2a0bfb26050c6cdc8,0.003,,,
477,2026-09-09,SH600016,0.06670404970645905,EXP_LinearModel_Alpha158_csi300_custom_step0_s_20260909_16,6aee75d69e1448b2a0bfb26050c6cdc8,0.003,,,
478,2026-09-09,SH600018,0.08604270219802856,EXP_LinearModel_Alpha158_csi300_custom_step0_s_20260909_16,6aee75d69e1448b2a0bfb26050c6cdc8,0.003,,,
479,2026-09-09,SH600019,0.05626706779003143,EXP_LinearModel_Alpha158_csi300_custom_step0_s_20260909_16,6aee75d69e1448b2a0bfb26050c6cdc8,0.003,,,
480,2026-09-09,SH600023,0.005117315798997879,EXP_LinearModel_Alpha158_csi300_custom_step0_s_20260909_16,6aee75d69e1448b2a0bfb26050c6cdc8,0.003,,,
481,2026-09-09,SH600025,-0.002778097055852413,EXP_LinearModel_Alpha158_csi300_custom_step0_s_20260909_16,6aee75d69e1448b2a0bfb26050c6cdc8,0.003,,,
482,2026-09-09,SH600026,-2.46269628405571e-05,EXP_LinearModel_Alpha158_csi300_custom_step0_s_20260909_16,6aee75d69e1448b2a0bfb26050c6cdc8,0.003,,,
483,2026-09-09,SH600027,0.02484435960650444,EXP_LinearModel_Alpha158_csi300_custom_step0_s_20260909_16,6aee75d69e1448b2a0bfb26050c6cdc8,0.003,,,
484,2026-09-09,SH600028,0.03323044627904892,EXP_LinearModel_Alpha158_csi300_custom_step0_s_20260909_16,6aee75d69e1448b2a0bfb26050c6cdc8,0.003,,,
485,2026-09-09,SH600029,0.025326259434223175,EXP_LinearModel_Alpha158_csi300_custom_step0_s_20260909_16,6aee75d69e1448b2a0bfb26050c6cdc8,0.003,,,
486,2026-09-09,SH600030,0.03727933019399643,EXP_LinearModel_Alpha158_csi300_custom_step0_s_20260909_16,6aee75d69e1448b2a0bfb26050c6cdc8,0.003,,,
487,2026-09-09,SH600031,0.03280001878738403,EXP_LinearModel_Alpha158_csi300_custom_step0_s_20260909_16,6aee75d69e1448b2a0bfb26050c6cdc8,0.003,,,
488,2026-09-09,SH600036,0.09247787296772003,EXP_LinearModel_Alpha158_csi300_custom_step0_s_20260909_16,6aee75d69e1448b2a0bfb26050c6cdc8,0.003,,,
489,2026-09-09,SZ300661,-0.06942100822925568,EXP_LinearModel_Alpha158_csi300_custom_step0_s_20260909_16,928740e5702644d3804e2ae1cf6949b1,0.094,,,
490,2026-09-09,SZ002594,-0.031309206038713455,EXP_LinearModel_Alpha158_csi300_custom_step0_s_20260909_16,928740e5702644d3804e2ae1cf6949b1,0.094,,,
491,2026-09-09,SZ300628,-0.021714746952056885,EXP_LinearModel_Alpha158_csi300_custom_step0_s_20260909_16,928740e5702644d3804e2ae1cf6949b1,0.094,,,
492,2026-09-09,SZ300498,0.010736031457781792,EXP_LinearModel_Alpha158_csi300_custom_step0_s_20260909_16,928740e5702644d3804e2ae1cf6949b1,0.094,,,
493,2026-09-09,SZ002602,-0.12349564582109451,EXP_LinearModel_Alpha158_csi300_custom_step0_s_20260909_16,928740e5702644d3804e2ae1cf6949b1,0.094,,,
494,2026-09-09,SZ002625,-0.06596087664365768,EXP_LinearModel_Alpha158_csi300_custom_step0_s_20260909_16,928740e5702644d3804e2ae1cf6949b1,0.094,,,
495,2026-09-09,SZ002648,-0.007369772996753454,EXP_LinearModel_Alpha158_csi300_custom_step0_s_20260909_16,928740e5702644d3804e2ae1cf6949b1,0.094,,,
496,2026-09-09,SZ002709,-0.09143242239952087,EXP_LinearModel_Alpha158_csi300_custom_step0_s_20260909_16,928740e5702644d3804e2ae1cf6949b1,0.094,,,
497,2026-09-09,SZ002714,0.02561270259320736,EXP_LinearModel_Alpha158_csi300_custom_step0_s_20260909_16,928740e5702644d3804e2ae1cf6949b1,0.094,,,
498,2026-09-09,SZ002736,0.025962140411138535,EXP_LinearModel_Alpha158_csi300_custom_step0_s_20260909_16,928740e5702644d3804e2ae1cf6949b1,0.094,,,
499,2026-09-09,SZ002837,-0.058336324989795685,EXP_LinearModel_Alpha158_csi300_custom_step0_s_20260909_16,928740e5702644d3804e2ae1cf6949b1,0.094,,,
500,2026-09-09,SZ002916,-0.09002193808555603,EXP_LinearModel_Alpha158_csi300_custom_step0_s_20260909_16,928740e5702644d3804e2ae1cf6949b1,0.094,,,
501,2026-09-09,SZ002920,-0.02116626501083374,EXP_LinearModel_Alpha158_csi300_custom_step0_s_20260909_16,928740e5702644d3804e2ae1cf6949b1,0.094,,,
502,2026-09-09,SZ002938,-0.08933904767036438,EXP_LinearModel_Alpha158_csi300_custom_step0_s_20260909_16,928740e5702644d3804e2ae1cf6949b1,0.094,,,
503,2026-09-09,SZ003816,0.07939387857913971,EXP_LinearModel_Alpha158_csi300_custom_step0_s_20260909_16,928740e5702644d3804e2ae1cf6949b1,0.094,,,
504,2026-09-09,SZ300014,-0.09163010120391846,EXP_LinearModel_Alpha158_csi300_custom_step0_s_20260909_16,928740e5702644d3804e2ae1cf6949b1,0.094,,,
505,2026-09-09,SZ300015,-0.008569315075874329,EXP_LinearModel_Alpha158_csi300_custom_step0_s_20260909_16,928740e5702644d3804e2ae1cf6949b1,0.094,,,
506,2026-09-09,SZ300033,-0.06730710715055466,EXP_LinearModel_Alpha158_csi300_custom_step0_s_20260909_16,928740e5702644d3804e2ae1cf6949b1,0.094,,,
507,2026-09-09,SZ300059,-0.013413551263511181,EXP_LinearModel_Alpha158_csi300_custom_step0_s_20260909_16,928740e5702644d3804e2ae1cf6949b1,0.094,,,
508,2026-09-09,SZ300122,-0.05378926917910576,EXP_LinearModel_Alpha158_csi300_custom_step0_s_20260909_16,928740e5702644d3804e2ae1cf6949b1,0.094,,,
509,2026-09-09,SZ300124,-0.05016014352440834,EXP_LinearModel_Alpha158_csi300_custom_step0_s_20260909_16,928740e5702644d3804e2ae1cf6949b1,0.094,,,
510,2026-09-09,SZ300251,0.0062112389132380486,EXP_LinearModel_Alpha158_csi300_custom_step0_s_20260909_16,928740e5702644d3804e2ae1cf6949b1,0.094,,,
511,2026-09-09,SZ300274,0.08490294963121414,EXP_LinearModel_Alpha158_csi300_custom_step0_s_20260909_16,928740e5702644d3804e2ae1cf6949b1,0.094,,,
512,2026-09-09,SZ300308,-0.09488724917173386,EXP_LinearModel_Alpha158_csi300_custom_step0_s_20260909_16,928740e5702644d3804e2ae1cf6949b1,0.094,,,
513,2026-09-09,SZ300316,-0.02904556132853031,EXP_LinearModel_Alpha158_csi300_custom_step0_s_20260909_16,928740e5702644d3804e2ae1cf6949b1,0.094,,,
514,2026-09-09,SZ300394,-0.0852551981806755,EXP_LinearModel_Alpha158_csi300_custom_step0_s_20260909_16,928740e5702644d3804e2ae1cf6949b1,0.094,,,
515,2026-09-09,SZ300408,-0.12455324083566666,EXP_LinearModel_Alpha158_csi300_custom_step0_s_20260909_16,928740e5702644d3804e2ae1cf6949b1,0.094,,,
516,2026-09-09,SZ300413,0.09701059013605118,EXP_LinearModel_Alpha158_csi300_custom_step0_s_20260909_16,928740e5702644d3804e2ae1cf6949b1,0.094,,,
517,2026-09-09,SZ300418,-0.04960251972079277,EXP_LinearModel_Alpha158_csi300_custom_step0_s_20260909_16,928740e5702644d3804e2ae1cf6949b1,0.094,,,
518,2026-09-09,SZ300433,-0.08545337617397308,EXP_LinearModel_Alpha158_csi300_custom_step0_s_20260909_16,928740e5702644d3804e2ae1cf6949b1,0.094,,,
519,2026-09-09,SZ300442,-0.03038715571165085,EXP_LinearModel_Alpha158_csi300_custom_step0_s_20260909_16,928740e5702644d3804e2ae1cf6949b1,0.094,,,
520,2026-09-09,SZ300450,-0.169141948223114,EXP_LinearModel_Alpha158_csi300_custom_step0_s_20260909_16,928740e5702644d3804e2ae1cf6949b1,0.094,,,
521,2026-09-09,SZ300476,-0.09505227208137512,EXP_LinearModel_Alpha158_csi300_custom_step0_s_20260909_16,928740e5702644d3804e2ae1cf6949b1,0.094,,,
522,2026-09-09,SZ300502,-0.04319377988576889,EXP_LinearModel_Alpha158_csi300_custom_step0_s_20260909_16,928740e5702644d3804e2ae1cf6949b1,0.094,,,
523,2026-09-09,SH601916,0.06743164360523224,EXP_LinearModel_Alpha158_csi300_custom_step0_s_20260909_16,6aee75d69e1448b2a0bfb26050c6cdc8,0.003,,,
524,2026-09-09,SZ001979,0.012803353369235992,EXP_LinearModel_Alpha158_csi300_custom_step0_s_20260909_16,3b511416c0e9495185b1303d145dce57,0.075,,,
525,2026-09-09,SZ001391,-0.03538399562239647,EXP_LinearModel_Alpha158_csi300_custom_step0_s_20260909_16,3b511416c0e9495185b1303d145dce57,0.075,,,
526,2026-09-09,SH603993,-0.1137066365781117,EXP_DEnsembleModel_Alpha158_csi300_custom_step0_s_20260909_16,79aa34667b8f4b14aa8cbaf1d52431a6,0.013,,,
527,2026-09-09,SH605117,-0.038121849063171974,EXP_DEnsembleModel_Alpha158_csi300_custom_step0_s_20260909_16,79aa34667b8f4b14aa8cbaf1d52431a6,0.013,,,
528,2026-09-09,SH605499,-0.04674545551195343,EXP_DEnsembleModel_Alpha158_csi300_custom_step0_s_20260909_16,79aa34667b8f4b14aa8cbaf1d52431a6,0.013,,,
529,2026-09-09,SH688008,-0.04009010180143204,EXP_DEnsembleModel_Alpha158_csi300_custom_step0_s_20260909_16,79aa34667b8f4b14aa8cbaf1d52431a6,0.013,,,
530,2026-09-09,SH688009,0.054489440472093614,EXP_DEnsembleModel_Alpha158_csi300_custom_step0_s_20260909_16,79aa34667b8f4b14aa8cbaf1d52431a6,0.013,,,
531,2026-09-09,SH688012,-0.03992543734849018,EXP_DEnsembleModel_Alpha158_csi300_custom_step0_s_20260909_16,79aa34667b8f4b14aa8cbaf1d52431a6,0.013,,,
532,2026-09-09,SH688036,-0.10517471652665346,EXP_DEnsembleModel_Alpha158_csi300_custom_step0_s_20260909_16,79aa34667b8f4b14aa8cbaf1d52431a6,0.013,,,
533,2026-09-09,SH688041,0.12486701159844364,EXP_DEnsembleModel_Alpha158_csi300_custom_step0_s_20260909_16,79aa34667b8f4b14aa8cbaf1d52431a6,0.013,,,
534,2026-09-09,SH688047,-0.05159669006111673,EXP_DEnsembleModel_Alpha158_csi300_custom_step0_s_20260909_16,79aa34667b8f4b14aa8cbaf1d52431a6,0.013,,,
535,2026-09-09,SH688072,-0.034987367291224945,EXP_DEnsembleModel_Alpha158_csi300_custom_step0_s_20260909_16,79aa34667b8f4b14aa8cbaf1d52431a6,0.013,,,
536,2026-09-09,SH688082,-0.020152395249910436,EXP_DEnsembleModel_Alpha158_csi300_custom_step0_s_20260909_16,79aa34667b8f4b14aa8cbaf1d52431a6,0.013,,,
537,2026-09-09,SH688111,-0.14606157326920446,EXP_DEnsembleModel_Alpha158_csi300_custom_step0_s_20260909_16,79aa34667b8f4b14aa8cbaf1d52431a6,0.013,,,
538,2026-09-09,SH688126,-0.015405980223671411,EXP_DEnsembleModel_Alpha158_csi300_custom_step0_s_20260909_16,79aa34667b8f4b14aa8cbaf1d52431a6,0.013,,,
539,2026-09-09,SH603986,-0.016950580594180326,EXP_DEnsembleModel_Alpha158_csi300_custom_step0_s_20260909_16,79aa34667b8f4b14aa8cbaf1d52431a6,0.013,,,
540,2026-09-09,SH688183,-0.044252803378364396,EXP_DEnsembleModel_Alpha158_csi300_custom_step0_s_20260909_16,79aa34667b8f4b14aa8cbaf1d52431a6,0.013,,,
541,2026-09-09,SH688256,-0.005189381239448984,EXP_DEnsembleModel_Alpha158_csi300_custom_step0_s_20260909_16,79aa34667b8f4b14aa8cbaf1d52431a6,0.013,,,
542,2026-09-09,SH688271,-0.039858675516467,EXP_DEnsembleModel_Alpha158_csi300_custom_step0_s_20260909_16,79aa34667b8f4b14aa8cbaf1d52431a6,0.013,,,
543,2026-09-09,SH688303,0.03405579924720382,EXP_DEnsembleModel_Alpha158_csi300_custom_step0_s_20260909_16,79aa34667b8f4b14aa8cbaf1d52431a6,0.013,,,
544,2026-09-09,SH688396,-0.07888241557771274,EXP_DEnsembleModel_Alpha158_csi300_custom_step0_s_20260909_16,79aa34667b8f4b14aa8cbaf1d52431a6,0.013,,,
545,2026-09-09,SH688472,0.0013370348630170053,EXP_DEnsembleModel_Alpha158_csi300_custom_step0_s_20260909_16,79aa34667b8f4b14aa8cbaf1d52431a6,0.013,,,
546,2026-09-09,SH688506,0.10870012076244288,EXP_DEnsembleModel_Alpha158_csi300_custom_step0_s_20260909_16,79aa34667b8f4b14aa8cbaf1d52431a6,0.013,,,
547,2026-09-09,SH688521,0.21159852837007723,EXP_DEnsembleModel_Alpha158_csi300_custom_step0_s_20260909_16,79aa34667b8f4b14aa8cbaf1d52431a6,0.013,,,
548,2026-09-09,SH688981,-0.07543962814711878,EXP_DEnsembleModel_Alpha158_csi300_custom_step0_s_20260909_16,79aa34667b8f4b14aa8cbaf1d52431a6,0.013,,,
549,2026-09-09,SZ000001,0.0900519863947548,EXP_DEnsembleModel_Alpha158_csi300_custom_step0_s_20260909_16,79aa34667b8f4b14aa8cbaf1d52431a6,0.013,,,
550,2026-09-09,SZ000002,-0.03837836848741449,EXP_DEnsembleModel_Alpha158_csi300_custom_step0_s_20260909_16,79aa34667b8f4b14aa8cbaf1d52431a6,0.013,,,
551,2026-09-09,SZ000063,-0.034220315270191135,EXP_DEnsembleModel_Alpha158_csi300_custom_step0_s_20260909_16,79aa34667b8f4b14aa8cbaf1d52431a6,0.013,,,
552,2026-09-09,SZ000100,-0.08237769193665805,EXP_DEnsembleModel_Alpha158_csi300_custom_step0_s_20260909_16,79aa34667b8f4b14aa8cbaf1d52431a6,0.013,,,
553,2026-09-09,SZ000157,-0.006771246843692332,EXP_DEnsembleModel_Alpha158_csi300_custom_step0_s_20260909_16,79aa34667b8f4b14aa8cbaf1d52431a6,0.013,,,
554,2026-09-09,SH688223,-0.008121100820192967,EXP_DEnsembleModel_Alpha158_csi300_custom_step0_s_20260909_16,79aa34667b8f4b14aa8cbaf1d52431a6,0.013,,,
555,2026-09-09,SH603893,-0.07830862330157871,EXP_DEnsembleModel_Alpha158_csi300_custom_step0_s_20260909_16,79aa34667b8f4b14aa8cbaf1d52431a6,0.013,,,
556,2026-09-09,SH603799,-0.10324515010052,EXP_DEnsembleModel_Alpha158_csi300_custom_step0_s_20260909_16,79aa34667b8f4b14aa8cbaf1d52431a6,0.013,,,
557,2026-09-09,SH603501,0.005478569333616552,EXP_DEnsembleModel_Alpha158_csi300_custom_step0_s_20260909_16,79aa34667b8f4b14aa8cbaf1d52431a6,0.013,,,
558,2026-09-09,SH601800,0.06321258824451245,EXP_DEnsembleModel_Alpha158_csi300_custom_step0_s_20260909_16,79aa34667b8f4b14aa8cbaf1d52431a6,0.013,,,
559,2026-09-09,SH601816,0.07378615966376591,EXP_DEnsembleModel_Alpha158_csi300_custom_step0_s_20260909_16,79aa34667b8f4b14aa8cbaf1d52431a6,0.013,,,
560,2026-09-09,SH601818,0.13360592599667792,EXP_DEnsembleModel_Alpha158_csi300_custom_step0_s_20260909_16,79aa34667b8f4b14aa8cbaf1d52431a6,0.013,,,
561,2026-09-09,SH601825,0.07512981340565286,EXP_DEnsembleModel_Alpha158_csi300_custom_step0_s_20260909_16,79aa34667b8f4b14aa8cbaf1d52431a6,0.013,,,
562,2026-09-09,SH601838,0.03738008233542557,EXP_DEnsembleModel_Alpha158_csi300_custom_step0_s_20260909_16,79aa34667b8f4b14aa8cbaf1d52431a6,0.013,,,
563,2026-09-09,SH601857,0.057873615537958785,EXP_DEnsembleModel_Alpha158_csi300_custom_step0_s_20260909_16,79aa34667b8f4b14aa8cbaf1d52431a6,0.013,,,
564,2026-09-09,SH601868,0.039047669045042144,EXP_DEnsembleModel_Alpha158_csi300_custom_step0_s_20260909_16,79aa34667b8f4b14aa8cbaf1d52431a6,0.013,,,
565,2026-09-09,SH601872,0.0885759925535554,EXP_DEnsembleModel_Alpha158_csi300_custom_step0_s_20260909_16,79aa34667b8f4b14aa8cbaf1d52431a6,0.013,,,
566,2026-09-09,SH601877,0.022234258634229325,EXP_DEnsembleModel_Alpha158_csi300_custom_step0_s_20260909_16,79aa34667b8f4b14aa8cbaf1d52431a6,0.013,,,
567,2026-09-09,SH601878,0.03131664150967222,EXP_DEnsembleModel_Alpha158_csi300_custom_step0_s_20260909_16,79aa34667b8f4b14aa8cbaf1d52431a6,0.013,,,
568,2026-09-09,SH601881,0.06651833225652559,EXP_DEnsembleModel_Alpha158_csi300_custom_step0_s_20260909_16,79aa34667b8f4b14aa8cbaf1d52431a6,0.013,,,
569,2026-09-09,SH601888,-0.009098051043040161,EXP_DEnsembleModel_Alpha158_csi300_custom_step0_s_20260909_16,79aa34667b8f4b14aa8cbaf1d52431a6,0.013,,,
570,2026-09-09,SH601898,-0.08314034995996948,EXP_DEnsembleModel_Alpha158_csi300_custom_step0_s_20260909_16,79aa34667b8f4b14aa8cbaf1d52431a6,0.013,,,
571,2026-09-09,SH601899,-0.033077758375762954,EXP_DEnsembleModel_Alpha158_csi300_custom_step0_s_20260909_16,79aa34667b8f4b14aa8cbaf1d52431a6,0.013,,,
572,2026-09-09,SH601901,0.07440907523605018,EXP_DEnsembleModel_Alpha158_csi300_custom_step0_s_20260909_16,79aa34667b8f4b14aa8cbaf1d52431a6,0.013,,,
573,2026-09-09,SH601916,0.14379447630959807,EXP_DEnsembleModel_Alpha158_csi300_custom_step0_s_20260909_16,79aa34667b8f4b14aa8cbaf1d52431a6,0.013,,,
574,2026-09-09,SH601919,0.0021611908287814514,EXP_DEnsembleModel_Alpha158_csi300_custom_step0_s_20260909_16,79aa34667b8f4b14aa8cbaf1d52431a6,0.013,,,
575,2026-09-09,SH601939,0.017175625579224484,EXP_DEnsembleModel_Alpha158_csi300_custom_step0_s_20260909_16,79aa34667b8f4b14aa8cbaf1d52431a6,0.013,,,
576,2026-09-09,SH601985,0.07087245272374007,EXP_DEnsembleModel_Alpha158_csi300_custom_step0_s_20260909_16,79aa34667b8f4b14aa8cbaf1d52431a6,0.013,,,
577,2026-09-09,SH601988,-0.012635763736819076,EXP_DEnsembleModel_Alpha158_csi300_custom_step0_s_20260909_16,79aa34667b8f4b14aa8cbaf1d52431a6,0.013,,,
578,2026-09-09,SH601995,-0.09411488132698966,EXP_DEnsembleModel_Alpha158_csi300_custom_step0_s_20260909_16,79aa34667b8f4b14aa8cbaf1d52431a6,0.013,,,
579,2026-09-09,SH601998,0.08299634662507199,EXP_DEnsembleModel_Alpha158_csi300_custom_step0_s_20260909_16,79aa34667b8f4b14aa8cbaf1d52431a6,0.013,,,
580,2026-09-09,SH603019,-0.1171796650539535,EXP_DEnsembleModel_Alpha158_csi300_custom_step0_s_20260909_16,79aa34667b8f4b14aa8cbaf1d52431a6,0.013,,,
581,2026-09-09,SH603259,0.04637335490369502,EXP_DEnsembleModel_Alpha158_csi300_custom_step0_s_20260909_16,79aa34667b8f4b14aa8cbaf1d52431a6,0.013,,,
582,2026-09-09,SH603260,-0.08389919602557275,EXP_DEnsembleModel_Alpha158_csi300_custom_step0_s_20260909_16,79aa34667b8f4b14aa8cbaf1d52431a6,0.013,,,
583,2026-09-09,SH603288,0.06532927912344791,EXP_DEnsembleModel_Alpha158_csi300_custom_step0_s_20260909_16,79aa34667b8f4b14aa8cbaf1d52431a6,0.013,,,
584,2026-09-09,SH603296,-0.03437717835100315,EXP_DEnsembleModel_Alpha158_csi300_custom_step0_s_20260909_16,79aa34667b8f4b14aa8cbaf1d52431a6,0.013,,,
585,2026-09-09,SH603369,0.01641874799569155,EXP_DEnsembleModel_Alpha158_csi300_custom_step0_s_20260909_16,79aa34667b8f4b14aa8cbaf1d52431a6,0.013,,,
586,2026-09-09,SH603392,-0.04615543922312884,EXP_DEnsembleModel_Alpha158_csi300_custom_step0_s_20260909_16,79aa34667b8f4b14aa8cbaf1d52431a6,0.013,,,
587,2026-09-09,SZ000166,0.08319629030904278,EXP_DEnsembleModel_Alpha158_csi300_custom_step0_s_20260909_16,79aa34667b8f4b14aa8cbaf1d52431a6,0.013,,,
588,2026-09-09,SZ000301,-0.0818678035158739,EXP_DEnsembleModel_Alpha158_csi300_custom_step0_s_20260909_16,79aa34667b8f4b14aa8cbaf1d52431a6,0.013,,,
589,2026-09-09,SZ000333,0.07039290219103049,EXP_DEnsembleModel_Alpha158_csi300_custom_step0_s_20260909_16,79aa34667b8f4b14aa8cbaf1d52431a6,0.013,,,
590,2026-09-09,SZ000338,-0.05843298275902182,EXP_DEnsembleModel_Alpha158_csi300_custom_step0_s_20260909_16,79aa34667b8f4b14aa8cbaf1d52431a6,0.013,,,
591,2026-09-09,SZ002074,-0.10305120372218415,EXP_DEnsembleModel_Alpha158_csi300_custom_step0_s_20260909_16,79aa34667b8f4b14aa8cbaf1d52431a6,0.013,,,
592,2026-09-09,SZ002142,0.12662120974990806,EXP_DEnsembleModel_Alpha158_csi300_custom_step0_s_20260909_16,79aa34667b8f4b14aa8cbaf1d52431a6,0.013,,,
593,2026-09-09,SZ002179,-0.03512687367797304,EXP_DEnsembleModel_Alpha158_csi300_custom_step0_s_20260909_16,79aa34667b8f4b14aa8cbaf1d52431a6,0.013,,,
594,2026-09-09,SZ002202,-0.03150913997947901,EXP_DEnsembleModel_Alpha158_csi300_custom_step0_s_20260909_16,79aa34667b8f4b14aa8cbaf1d52431a6,0.013,,,
595,2026-09-09,SZ002230,-0.005681594174915608,EXP_DEnsembleModel_Alpha158_csi300_custom_step0_s_20260909_16,79aa34667b8f4b14aa8cbaf1d52431a6,0.013,,,
596,2026-09-09,SZ002236,0.05762696511770502,EXP_DEnsembleModel_Alpha158_csi300_custom_step0_s_20260909_16,79aa34667b8f4b14aa8cbaf1d52431a6,0.013,,,
597,2026-09-09,SZ002241,-0.08294352112106183,EXP_DEnsembleModel_Alpha158_csi300_custom_step0_s_20260909_16,79aa34667b8f4b14aa8cbaf1d52431a6,0.013,,,
598,2026-09-09,SZ002304,0.02779381365970166,EXP_DEnsembleModel_Alpha158_csi300_custom_step0_s_20260909_16,79aa34667b8f4b14aa8cbaf1d52431a6,0.013,,,
599,2026-09-09,SZ002311,0.07812027618702914,EXP_DEnsembleModel_Alpha158_csi300_custom_step0_s_20260909_16,79aa34667b8f4b14aa8cbaf1d52431a6,0.013,,,
600,2026-09-09,SZ002352,0.003732282765305794,EXP_DEnsembleModel_Alpha158_csi300_custom_step0_s_20260909_16,79aa34667b8f4b14aa8cbaf1d52431a6,0.013,,,
601,2026-09-09,SZ002353,0.05599686778936448,EXP_DEnsembleModel_Alpha158_csi300_custom_step0_s_20260909_16,79aa34667b8f4b14aa8cbaf1d52431a6,0.013,,,
602,2026-09-09,SZ002371,0.03830883595261409,EXP_DEnsembleModel_Alpha158_csi300_custom_step0_s_20260909_16,79aa34667b8f4b14aa8cbaf1d52431a6,0.013,,,
603,2026-09-09,SZ002384,-0.06665665226976687,EXP_DEnsembleModel_Alpha158_csi300_custom_step0_s_20260909_16,79aa34667b8f4b14aa8cbaf1d52431a6,0.013,,,
604,2026-09-09,SZ002415,0.050177306161733555,EXP_DEnsembleModel_Alpha158_csi300_custom_step0_s_20260909_16,79aa34667b8f4b14aa8cbaf1d52431a6,0.013,,,
605,2026-09-09,SZ002422,0.008479411706516943,EXP_DEnsembleModel_Alpha158_csi300_custom_step0_s_20260909_16,79aa34667b8f4b14aa8cbaf1d52431a6,0.013,,,
606,2026-09-09,SZ002460,-0.11418999712022407,EXP_DEnsembleModel_Alpha158_csi300_custom_step0_s_20260909_16,79aa34667b8f4b14aa8cbaf1d52431a6,0.013,,,
607,2026-09-09,SZ002463,-0.14054925802810722,EXP_DEnsembleModel_Alpha158_csi300_custom_step0_s_20260909_16,79aa34667b8f4b14aa8cbaf1d52431a6,0.013,,,
608,2026-09-09,SZ002466,-0.08483984443242214,EXP_DEnsembleModel_Alpha158_csi300_custom_step0_s_20260909_16,79aa34667b8f4b14aa8cbaf1d52431a6,0.013,,,
609,2026-09-09,SZ002475,-0.03767685946232129,EXP_DEnsembleModel_Alpha158_csi300_custom_step0_s_20260909_16,79aa34667b8f4b14aa8cbaf1d52431a6,0.013,,,
610,2026-09-09,SZ002493,-0.050950403221782084,EXP_DEnsembleModel_Alpha158_csi300_custom_step0_s_20260909_16,79aa34667b8f4b14aa8cbaf1d52431a6,0.013,,,
611,2026-09-09,SZ002532,-0.009965860149553361,EXP_DEnsembleModel_Alpha158_csi300_custom_step0_s_20260909_16,79aa34667b8f4b14aa8cbaf1d52431a6,0.013,,,
612,2026-09-09,SZ002558,-0.16472723449878068,EXP_DEnsembleModel_Alpha158_csi300_custom_step0_s_20260909_16,79aa34667b8f4b14aa8cbaf1d52431a6,0.013,,,
613,2026-09-09,SZ002594,-0.022185192946014207,EXP_DEnsembleModel_Alpha158_csi300_custom_step0_s_20260909_16,79aa34667b8f4b14aa8cbaf1d52431a6,0.013,,,
614,2026-09-09,SZ002600,0.032687112841206616,EXP_DEnsembleModel_Alpha158_csi300_custom_step0_s_20260909_16,79aa34667b8f4b14aa8cbaf1d52431a6,0.013,,,
615,2026-09-09,SZ002602,-0.11712373818875435,EXP_DEnsembleModel_Alpha158_csi300_custom_step0_s_20260909_16,79aa34667b8f4b14aa8cbaf1d52431a6,0.013,,,
616,2026-09-09,SZ002625,0.027864750457379326,EXP_DEnsembleModel_Alpha158_csi300_custom_step0_s_20260909_16,79aa34667b8f4b14aa8cbaf1d52431a6,0.013,,,
617,2026-09-09,SZ002648,-0.12067470921535703,EXP_DEnsembleModel_Alpha158_csi300_custom_step0_s_20260909_16,79aa34667b8f4b14aa8cbaf1d52431a6,0.013,,,
618,2026-09-09,SZ002709,-0.01729921092097973,EXP_DEnsembleModel_Alpha158_csi300_custom_step0_s_20260909_16,79aa34667b8f4b14aa8cbaf1d52431a6,0.013,,,
619,2026-09-09,SZ002714,-0.03314092405808929,EXP_DEnsembleModel_Alpha158_csi300_custom_step0_s_20260909_16,79aa34667b8f4b14aa8cbaf1d52431a6,0.013,,,
620,2026-09-09,SZ002050,0.04625880664419761,EXP_DEnsembleModel_Alpha158_csi300_custom_step0_s_20260909_16,79aa34667b8f4b14aa8cbaf1d52431a6,0.013,,,
621,2026-09-09,SH601788,0.05921081252608147,EXP_DEnsembleModel_Alpha158_csi300_custom_step0_s_20260909_16,79aa34667b8f4b14aa8cbaf1d52431a6,0.013,,,
622,2026-09-09,SZ002049,-0.05837678336008742,EXP_DEnsembleModel_Alpha158_csi300_custom_step0_s_20260909_16,79aa34667b8f4b14aa8cbaf1d52431a6,0.013,,,
623,2026-09-09,SZ002027,0.08999412753757703,EXP_DEnsembleModel_Alpha158_csi300_custom_step0_s_20260909_16,79aa34667b8f4b14aa8cbaf1d52431a6,0.013,,,
624,2026-09-09,SZ000408,-0.04563993202255966,EXP_DEnsembleModel_Alpha158_csi300_custom_step0_s_20260909_16,79aa34667b8f4b14aa8cbaf1d52431a6,0.013,,,
625,2026-09-09,SZ000425,-0.01938270834613257,EXP_DEnsembleModel_Alpha158_csi300_custom_step0_s_20260909_16,79aa34667b8f4b14aa8cbaf1d52431a6,0.013,,,
626,2026-09-09,SZ000538,0.11380174685438625,EXP_DEnsembleModel_Alpha158_csi300_custom_step0_s_20260909_16,79aa34667b8f4b14aa8cbaf1d52431a6,0.013,,,
627,2026-09-09,SZ000568,-0.00889249642509,EXP_DEnsembleModel_Alpha158_csi300_custom_step0_s_20260909_16,79aa34667b8f4b14aa8cbaf1d52431a6,0.013,,,
628,2026-09-09,SZ000596,-0.09149649468269956,EXP_DEnsembleModel_Alpha158_csi300_custom_step0_s_20260909_16,79aa34667b8f4b14aa8cbaf1d52431a6,0.013,,,
629,2026-09-09,SZ000617,-0.03843155434157477,EXP_DEnsembleModel_Alpha158_csi300_custom_step0_s_20260909_16,79aa34667b8f4b14aa8cbaf1d52431a6,0.013,,,
630,2026-09-09,SZ000625,0.024977407740962725,EXP_DEnsembleModel_Alpha158_csi300_custom_step0_s_20260909_16,79aa34667b8f4b14aa8cbaf1d52431a6,0.013,,,
631,2026-09-09,SZ000630,-0.12147244496346037,EXP_DEnsembleModel_Alpha158_csi300_custom_step0_s_20260909_16,79aa34667b8f4b14aa8cbaf1d52431a6,0.013,,,
632,2026-09-09,SZ000651,0.09053264023598037,EXP_DEnsembleModel_Alpha158_csi300_custom_step0_s_20260909_16,79aa34667b8f4b14aa8cbaf1d52431a6,0.013,,,
633,2026-09-09,SZ000657,0.03468826692280692,EXP_DEnsembleModel_Alpha158_csi300_custom_step0_s_20260909_16,79aa34667b8f4b14aa8cbaf1d52431a6,0.013,,,
634,2026-09-09,SZ000708,0.09612968561330675,EXP_DEnsembleModel_Alpha158_csi300_custom_step0_s_20260909_16,79aa34667b8f4b14aa8cbaf1d52431a6,0.013,,,
635,2026-09-09,SZ000725,-0.08621121996957447,EXP_DEnsembleModel_Alpha158_csi300_custom_step0_s_20260909_16,79aa34667b8f4b14aa8cbaf1d52431a6,0.013,,,
636,2026-09-09,SZ000768,0.0414072276017146,EXP_DEnsembleModel_Alpha158_csi300_custom_step0_s_20260909_16,79aa34667b8f4b14aa8cbaf1d52431a6,0.013,,,
637,2026-09-09,SZ000776,0.01748072153063703,EXP_DEnsembleModel_Alpha158_csi300_custom_step0_s_20260909_16,79aa34667b8f4b14aa8cbaf1d52431a6,0.013,,,
638,2026-09-09,SZ000792,-0.0327672548667069,EXP_DEnsembleModel_Alpha158_csi300_custom_step0_s_20260909_16,79aa34667b8f4b14aa8cbaf1d52431a6,0.013,,,
639,2026-09-09,SZ000807,0.07288848760722635,EXP_DEnsembleModel_Alpha158_csi300_custom_step0_s_20260909_16,79aa34667b8f4b14aa8cbaf1d52431a6,0.013,,,
640,2026-09-09,SZ000858,0.024681375432029546,EXP_DEnsembleModel_Alpha158_csi300_custom_step0_s_20260909_16,79aa34667b8f4b14aa8cbaf1d52431a6,0.013,,,
641,2026-09-09,SZ000895,0.036183079076309965,EXP_DEnsembleModel_Alpha158_csi300_custom_step0_s_20260909_16,79aa34667b8f4b14aa8cbaf1d52431a6,0.013,,,
642,2026-09-09,SZ000938,-0.004372533919170587,EXP_DEnsembleModel_Alpha158_csi300_custom_step0_s_20260909_16,79aa34667b8f4b14aa8cbaf1d52431a6,0.013,,,
643,2026-09-09,SZ000963,-0.06503929307477675,EXP_DEnsembleModel_Alpha158_csi300_custom_step0_s_20260909_16,79aa34667b8f4b14aa8cbaf1d52431a6,0.013,,,
644,2026-09-09,SZ000975,-0.030744197969624232,EXP_DEnsembleModel_Alpha158_csi300_custom_step0_s_20260909_16,79aa34667b8f4b14aa8cbaf1d52431a6,0.013,,,
645,2026-09-09,SZ000977,0.02802448558734233,EXP_DEnsembleModel_Alpha158_csi300_custom_step0_s_20260909_16,79aa34667b8f4b14aa8cbaf1d52431a6,0.013,,,
646,2026-09-09,SZ000988,-0.008927395953395974,EXP_DEnsembleModel_Alpha158_csi300_custom_step0_s_20260909_16,79aa34667b8f4b14aa8cbaf1d52431a6,0.013,,,
647,2026-09-09,SZ000999,0.14398374788674187,EXP_DEnsembleModel_Alpha158_csi300_custom_step0_s_20260909_16,79aa34667b8f4b14aa8cbaf1d52431a6,0.013,,,
648,2026-09-09,SZ001280,-0.022278790133419206,EXP_DEnsembleModel_Alpha158_csi300_custom_step0_s_20260909_16,79aa34667b8f4b14aa8cbaf1d52431a6,0.013,,,
649,2026-09-09,SZ001391,0.10252281145548607,EXP_DEnsembleModel_Alpha158_csi300_custom_step0_s_20260909_16,79aa34667b8f4b14aa8cbaf1d52431a6,0.013,,,
650,2026-09-09,SZ001965,0.10031008924748111,EXP_DEnsembleModel_Alpha158_csi300_custom_step0_s_20260909_16,79aa34667b8f4b14aa8cbaf1d52431a6,0.013,,,
651,2026-09-09,SZ001979,0.07244411470438705,EXP_DEnsembleModel_Alpha158_csi300_custom_step0_s_20260909_16,79aa34667b8f4b14aa8cbaf1d52431a6,0.013,,,
652,2026-09-09,SZ002001,0.03913414220594689,EXP_DEnsembleModel_Alpha158_csi300_custom_step0_s_20260909_16,79aa34667b8f4b14aa8cbaf1d52431a6,0.013,,,
653,2026-09-09,SZ002028,0.18001139667534224,EXP_DEnsembleModel_Alpha158_csi300_custom_step0_s_20260909_16,79aa34667b8f4b14aa8cbaf1d52431a6,0.013,,,
654,2026-09-09,SZ002736,0.04900922021275527,EXP_DEnsembleModel_Alpha158_csi300_custom_step0_s_20260909_16,79aa34667b8f4b14aa8cbaf1d52431a6,0.013,,,
655,2026-09-09,SH601766,0.06372957599694169,EXP_DEnsembleModel_Alpha158_csi300_custom_step0_s_20260909_16,79aa34667b8f4b14aa8cbaf1d52431a6,0.013,,,
656,2026-09-09,SH601727,0.058965882365168344,EXP_DEnsembleModel_Alpha158_csi300_custom_step0_s_20260909_16,79aa34667b8f4b14aa8cbaf1d52431a6,0.013,,,
657,2026-09-09,SH600221,0.06921200979209959,EXP_DEnsembleModel_Alpha158_csi300_custom_step0_s_20260909_16,79aa34667b8f4b14aa8cbaf1d52431a6,0.013,,,
658,2026-09-09,SH600233,0.06817554645236437,EXP_DEnsembleModel_Alpha158_csi300_custom_step0_s_20260909_16,79aa34667b8f4b14aa8cbaf1d52431a6,0.013,,,
659,2026-09-09,SH600276,-0.006481399727518402,EXP_DEnsembleModel_Alpha158_csi300_custom_step0_s_20260909_16,79aa34667b8f4b14aa8cbaf1d52431a6,0.013,,,
660,2026-09-09,SH600309,-0.005543146111364819,EXP_DEnsembleModel_Alpha158_csi300_custom_step0_s_20260909_16,79aa34667b8f4b14aa8cbaf1d52431a6,0.013,,,
661,2026-09-09,SH600346,-0.11027041210566906,EXP_DEnsembleModel_Alpha158_csi300_custom_step0_s_20260909_16,79aa34667b8f4b14aa8cbaf1d52431a6,0.013,,,
662,2026-09-09,SH600362,0.04411354128333153,EXP_DEnsembleModel_Alpha158_csi300_custom_step0_s_20260909_16,79aa34667b8f4b14aa8cbaf1d52431a6,0.013,,,
663,2026-09-09,SH600372,0.0071281833634756235,EXP_DEnsembleModel_Alpha158_csi300_custom_step0_s_20260909_16,79aa34667b8f4b14aa8cbaf1d52431a6,0.013,,,
664,2026-09-09,SH600406,0.021580347850780352,EXP_DEnsembleModel_Alpha158_csi300_custom_step0_s_20260909_16,79aa34667b8f4b14aa8cbaf1d52431a6,0.013,,,
665,2026-09-09,SH600415,-0.09316174926683829,EXP_DEnsembleModel_Alpha158_csi300_custom_step0_s_20260909_16,79aa34667b8f4b14aa8cbaf1d52431a6,0.013,,,
666,2026-09-09,SH600426,-0.03788917542341825,EXP_DEnsembleModel_Alpha158_csi300_custom_step0_s_20260909_16,79aa34667b8f4b14aa8cbaf1d52431a6,0.013,,,
667,2026-09-09,SH600436,-0.03859637379905886,EXP_DEnsembleModel_Alpha158_csi300_custom_step0_s_20260909_16,79aa34667b8f4b14aa8cbaf1d52431a6,0.013,,,
668,2026-09-09,SH600438,-0.02896846489460394,EXP_DEnsembleModel_Alpha158_csi300_custom_step0_s_20260909_16,79aa34667b8f4b14aa8cbaf1d52431a6,0.013,,,
669,2026-09-09,SH600460,0.0027730419842194693,EXP_DEnsembleModel_Alpha158_csi300_custom_step0_s_20260909_16,79aa34667b8f4b14aa8cbaf1d52431a6,0.013,,,
670,2026-09-09,SH600219,0.012540035187068548,EXP_DEnsembleModel_Alpha158_csi300_custom_step0_s_20260909_16,79aa34667b8f4b14aa8cbaf1d52431a6,0.013,,,
671,2026-09-09,SH600482,-0.13073561636542855,EXP_DEnsembleModel_Alpha158_csi300_custom_step0_s_20260909_16,79aa34667b8f4b14aa8cbaf1d52431a6,0.013,,,
672,2026-09-09,SH600515,0.08583030118000035,EXP_DEnsembleModel_Alpha158_csi300_custom_step0_s_20260909_16,79aa34667b8f4b14aa8cbaf1d52431a6,0.013,,,
673,2026-09-09,SH600519,0.10686999404189078,EXP_DEnsembleModel_Alpha158_csi300_custom_step0_s_20260909_16,79aa34667b8f4b14aa8cbaf1d52431a6,0.013,,,
674,2026-09-09,SH600522,-0.07662543020540362,EXP_DEnsembleModel_Alpha158_csi300_custom_step0_s_20260909_16,79aa34667b8f4b14aa8cbaf1d52431a6,0.013,,,
675,2026-09-09,SH600547,0.023527074707098476,EXP_DEnsembleModel_Alpha158_csi300_custom_step0_s_20260909_16,79aa34667b8f4b14aa8cbaf1d52431a6,0.013,,,
676,2026-09-09,SH600549,-0.1155352509444283,EXP_DEnsembleModel_Alpha158_csi300_custom_step0_s_20260909_16,79aa34667b8f4b14aa8cbaf1d52431a6,0.013,,,
677,2026-09-09,SH600570,-0.009487969184238812,EXP_DEnsembleModel_Alpha158_csi300_custom_step0_s_20260909_16,79aa34667b8f4b14aa8cbaf1d52431a6,0.013,,,
678,2026-09-09,SH600584,0.03948133814507597,EXP_DEnsembleModel_Alpha158_csi300_custom_step0_s_20260909_16,79aa34667b8f4b14aa8cbaf1d52431a6,0.013,,,
679,2026-09-09,SH600585,0.07423531959205772,EXP_DEnsembleModel_Alpha158_csi300_custom_step0_s_20260909_16,79aa34667b8f4b14aa8cbaf1d52431a6,0.013,,,
680,2026-09-09,SH600588,0.04213900177942501,EXP_DEnsembleModel_Alpha158_csi300_custom_step0_s_20260909_16,79aa34667b8f4b14aa8cbaf1d52431a6,0.013,,,
681,2026-09-09,SH600600,0.04778048761186411,EXP_DEnsembleModel_Alpha158_csi300_custom_step0_s_20260909_16,79aa34667b8f4b14aa8cbaf1d52431a6,0.013,,,
682,2026-09-09,SH600660,-0.07179607310133476,EXP_DEnsembleModel_Alpha158_csi300_custom_step0_s_20260909_16,79aa34667b8f4b14aa8cbaf1d52431a6,0.013,,,
683,2026-09-09,SH600674,0.08517301185403198,EXP_DEnsembleModel_Alpha158_csi300_custom_step0_s_20260909_16,79aa34667b8f4b14aa8cbaf1d52431a6,0.013,,,
684,2026-09-09,SH600690,0.05036452351758717,EXP_DEnsembleModel_Alpha158_csi300_custom_step0_s_20260909_16,79aa34667b8f4b14aa8cbaf1d52431a6,0.013,,,
685,2026-09-09,SH600489,-0.01952526818216519,EXP_DEnsembleModel_Alpha158_csi300_custom_step0_s_20260909_16,79aa34667b8f4b14aa8cbaf1d52431a6,0.013,,,
686,2026-09-09,SH600196,0.0070187104346127035,EXP_DEnsembleModel_Alpha158_csi300_custom_step0_s_20260909_16,79aa34667b8f4b14aa8cbaf1d52431a6,0.013,,,
687,2026-09-09,SH600188,-0.022393971216846612,EXP_DEnsembleModel_Alpha158_csi300_custom_step0_s_20260909_16,79aa34667b8f4b14aa8cbaf1d52431a6,0.013,,,
688,2026-09-09,SH600183,0.03417870013430081,EXP_DEnsembleModel_Alpha158_csi300_custom_step0_s_20260909_16,79aa34667b8f4b14aa8cbaf1d52431a6,0.013,,,
689,2026-09-09,SH600010,0.045627466081631055,EXP_DEnsembleModel_Alpha158_csi300_custom_step0_s_20260909_16,79aa34667b8f4b14aa8cbaf1d52431a6,0.013,,,
690,2026-09-09,SH600011,-0.002680232184411646,EXP_DEnsembleModel_Alpha158_csi300_custom_step0_s_20260909_16,79aa34667b8f4b14aa8cbaf1d52431a6,0.013,,,
691,2026-09-09,SH600015,0.029695532994103126,EXP_DEnsembleModel_Alpha158_csi300_custom_step0_s_20260909_16,79aa34667b8f4b14aa8cbaf1d52431a6,0.013,,,
692,2026-09-09,SH600016,0.06132648463710181,EXP_DEnsembleModel_Alpha158_csi300_custom_step0_s_20260909_16,79aa34667b8f4b14aa8cbaf1d52431a6,0.013,,,
693,2026-09-09,SH600018,-0.040550629375117136,EXP_DEnsembleModel_Alpha158_csi300_custom_step0_s_20260909_16,79aa34667b8f4b14aa8cbaf1d52431a6,0.013,,,
694,2026-09-09,SH600019,0.1182727418902626,EXP_DEnsembleModel_Alpha158_csi300_custom_step0_s_20260909_16,79aa34667b8f4b14aa8cbaf1d52431a6,0.013,,,
695,2026-09-09,SH600023,0.044162275823437264,EXP_DEnsembleModel_Alpha158_csi300_custom_step0_s_20260909_16,79aa34667b8f4b14aa8cbaf1d52431a6,0.013,,,
696,2026-09-09,SH600025,0.09513551921921817,EXP_DEnsembleModel_Alpha158_csi300_custom_step0_s_20260909_16,79aa34667b8f4b14aa8cbaf1d52431a6,0.013,,,
697,2026-09-09,SH600026,0.08116357333223649,EXP_DEnsembleModel_Alpha158_csi300_custom_step0_s_20260909_16,79aa34667b8f4b14aa8cbaf1d52431a6,0.013,,,
698,2026-09-09,SH600027,0.0588498186805213,EXP_DEnsembleModel_Alpha158_csi300_custom_step0_s_20260909_16,79aa34667b8f4b14aa8cbaf1d52431a6,0.013,,,
699,2026-09-09,SH600028,0.07513009704630327,EXP_DEnsembleModel_Alpha158_csi300_custom_step0_s_20260909_16,79aa34667b8f4b14aa8cbaf1d52431a6,0.013,,,
700,2026-09-09,SH600029,0.08102944736510402,EXP_DEnsembleModel_Alpha158_csi300_custom_step0_s_20260909_16,79aa34667b8f4b14aa8cbaf1d52431a6,0.013,,,
701,2026-09-09,SH600030,0.06467147993580537,EXP_DEnsembleModel_Alpha158_csi300_custom_step0_s_20260909_16,79aa34667b8f4b14aa8cbaf1d52431a6,0.013,,,
702,2026-09-09,SH600031,-0.021865585570543154,EXP_DEnsembleModel_Alpha158_csi300_custom_step0_s_20260909_16,79aa34667b8f4b14aa8cbaf1d52431a6,0.013,,,
703,2026-09-09,SH600036,0.02752485349920743,EXP_DEnsembleModel_Alpha158_csi300_custom_step0_s_20260909_16,79aa34667b8f4b14aa8cbaf1d52431a6,0.013,,,
704,2026-09-09,SH600039,-0.04819102226123621,EXP_DEnsembleModel_Alpha158_csi300_custom_step0_s_20260909_16,79aa34667b8f4b14aa8cbaf1d52431a6,0.013,,,
705,2026-09-09,SH600048,0.004568532575373054,EXP_DEnsembleModel_Alpha158_csi300_custom_step0_s_20260909_16,79aa34667b8f4b14aa8cbaf1d52431a6,0.013,,,
706,2026-09-09,SH600050,0.07981783653754534,EXP_DEnsembleModel_Alpha158_csi300_custom_step0_s_20260909_16,79aa34667b8f4b14aa8cbaf1d52431a6,0.013,,,
707,2026-09-09,SH600061,0.08452809847659253,EXP_DEnsembleModel_Alpha158_csi300_custom_step0_s_20260909_16,79aa34667b8f4b14aa8cbaf1d52431a6,0.013,,,
708,2026-09-09,SH600066,0.034053349932045826,EXP_DEnsembleModel_Alpha158_csi300_custom_step0_s_20260909_16,79aa34667b8f4b14aa8cbaf1d52431a6,0.013,,,
709,2026-09-09,SH600085,0.09535792739417578,EXP_DEnsembleModel_Alpha158_csi300_custom_step0_s_20260909_16,79aa34667b8f4b14aa8cbaf1d52431a6,0.013,,,
710,2026-09-09,SH600089,-0.026757707506177928,EXP_DEnsembleModel_Alpha158_csi300_custom_step0_s_20260909_16,79aa34667b8f4b14aa8cbaf1d52431a6,0.013,,,
711,2026-09-09,SH600104,0.07469560600948155,EXP_DEnsembleModel_Alpha158_csi300_custom_step0_s_20260909_16,79aa34667b8f4b14aa8cbaf1d52431a6,0.013,,,
712,2026-09-09,SH600111,-0.07172516233067645,EXP_DEnsembleModel_Alpha158_csi300_custom_step0_s_20260909_16,79aa34667b8f4b14aa8cbaf1d52431a6,0.013,,,
713,2026-09-09,SH600115,0.08108146560327656,EXP_DEnsembleModel_Alpha158_csi300_custom_step0_s_20260909_16,79aa34667b8f4b14aa8cbaf1d52431a6,0.013,,,
714,2026-09-09,SH600118,-0.07790962281310118,EXP_DEnsembleModel_Alpha158_csi300_custom_step0_s_20260909_16,79aa34667b8f4b14aa8cbaf1d52431a6,0.013,,,
715,2026-09-09,SH600150,0.010920401404714874,EXP_DEnsembleModel_Alpha158_csi300_custom_step0_s_20260909_16,79aa34667b8f4b14aa8cbaf1d52431a6,0.013,,,
716,2026-09-09,SH600160,-0.05935860239675284,EXP_DEnsembleModel_Alpha158_csi300_custom_step0_s_20260909_16,79aa34667b8f4b14aa8cbaf1d52431a6,0.013,,,
717,2026-09-09,SH600176,-0.03634991496517667,EXP_DEnsembleModel_Alpha158_csi300_custom_step0_s_20260909_16,79aa34667b8f4b14aa8cbaf1d52431a6,0.013,,,
718,2026-09-09,SH600741,0.06095034776858771,EXP_DEnsembleModel_Alpha158_csi300_custom_step0_s_20260909_16,79aa34667b8f4b14aa8cbaf1d52431a6,0.013,,,
719,2026-09-09,SH600760,0.10568456116605142,EXP_DEnsembleModel_Alpha158_csi300_custom_step0_s_20260909_16,79aa34667b8f4b14aa8cbaf1d52431a6,0.013,,,
720,2026-09-09,SH600795,0.02935831428909663,EXP_DEnsembleModel_Alpha158_csi300_custom_step0_s_20260909_16,79aa34667b8f4b14aa8cbaf1d52431a6,0.013,,,
721,2026-09-09,SH600803,-0.015086582760096981,EXP_DEnsembleModel_Alpha158_csi300_custom_step0_s_20260909_16,79aa34667b8f4b14aa8cbaf1d52431a6,0.013,,,
722,2026-09-09,SH601166,0.0640949902300712,EXP_DEnsembleModel_Alpha158_csi300_custom_step0_s_20260909_16,79aa34667b8f4b14aa8cbaf1d52431a6,0.013,,,
723,2026-09-09,SH601169,0.04549268535524658,EXP_DEnsembleModel_Alpha158_csi300_custom_step0_s_20260909_16,79aa34667b8f4b14aa8cbaf1d52431a6,0.013,,,
724,2026-09-09,SH601186,0.1052519317460006,EXP_DEnsembleModel_Alpha158_csi300_custom_step0_s_20260909_16,79aa34667b8f4b14aa8cbaf1d52431a6,0.013,,,
725,2026-09-09,SH601211,0.08961708651134602,EXP_DEnsembleModel_Alpha158_csi300_custom_step0_s_20260909_16,79aa34667b8f4b14aa8cbaf1d52431a6,0.013,,,
726,2026-09-09,SH601225,-0.04063662848173323,EXP_DEnsembleModel_Alpha158_csi300_custom_step0_s_20260909_16,79aa34667b8f4b14aa8cbaf1d52431a6,0.013,,,
727,2026-09-09,SH601229,0.09247893688216051,EXP_DEnsembleModel_Alpha158_csi300_custom_step0_s_20260909_16,79aa34667b8f4b14aa8cbaf1d52431a6,0.013,,,
728,2026-09-09,SH601238,0.06578955285330686,EXP_DEnsembleModel_Alpha158_csi300_custom_step0_s_20260909_16,79aa34667b8f4b14aa8cbaf1d52431a6,0.013,,,
729,2026-09-09,SH601288,0.04745741609657185,EXP_DEnsembleModel_Alpha158_csi300_custom_step0_s_20260909_16,79aa34667b8f4b14aa8cbaf1d52431a6,0.013,,,
730,2026-09-09,SH601318,0.014952759749722227,EXP_DEnsembleModel_Alpha158_csi300_custom_step0_s_20260909_16,79aa34667b8f4b14aa8cbaf1d52431a6,0.013,,,
731,2026-09-09,SH601319,0.002260286249093019,EXP_DEnsembleModel_Alpha158_csi300_custom_step0_s_20260909_16,79aa34667b8f4b14aa8cbaf1d52431a6,0.013,,,
732,2026-09-09,SH601328,0.021077446010867865,EXP_DEnsembleModel_Alpha158_csi300_custom_step0_s_20260909_16,79aa34667b8f4b14aa8cbaf1d52431a6,0.013,,,
733,2026-09-09,SH601336,-0.027658943785918075,EXP_DEnsembleModel_Alpha158_csi300_custom_step0_s_20260909_16,79aa34667b8f4b14aa8cbaf1d52431a6,0.013,,,
734,2026-09-09,SH601360,-0.07285343323251764,EXP_DEnsembleModel_Alpha158_csi300_custom_step0_s_20260909_16,79aa34667b8f4b14aa8cbaf1d52431a6,0.013,,,
735,2026-09-09,SH601377,0.08904115148693534,EXP_DEnsembleModel_Alpha158_csi300_custom_step0_s_20260909_16,79aa34667b8f4b14aa8cbaf1d52431a6,0.013,,,
736,2026-09-09,SH601390,0.09901460688318912,EXP_DEnsembleModel_Alpha158_csi300_custom_step0_s_20260909_16,79aa34667b8f4b14aa8cbaf1d52431a6,0.013,,,
737,2026-09-09,SH601398,0.04447671042027916,EXP_DEnsembleModel_Alpha158_csi300_custom_step0_s_20260909_16,79aa34667b8f4b14aa8cbaf1d52431a6,0.013,,,
738,2026-09-09,SH601456,0.017435250210648914,EXP_DEnsembleModel_Alpha158_csi300_custom_step0_s_20260909_16,79aa34667b8f4b14aa8cbaf1d52431a6,0.013,,,
739,2026-09-09,SH601600,0.00019698554851194834,EXP_DEnsembleModel_Alpha158_csi300_custom_step0_s_20260909_16,79aa34667b8f4b14aa8cbaf1d52431a6,0.013,,,
740,2026-09-09,SH601601,-0.026258593540016393,EXP_DEnsembleModel_Alpha158_csi300_custom_step0_s_20260909_16,79aa34667b8f4b14aa8cbaf1d52431a6,0.013,,,
741,2026-09-09,SH601607,0.09110375290890217,EXP_DEnsembleModel_Alpha158_csi300_custom_step0_s_20260909_16,79aa34667b8f4b14aa8cbaf1d52431a6,0.013,,,
742,2026-09-09,SH601618,0.11507290921411119,EXP_DEnsembleModel_Alpha158_csi300_custom_step0_s_20260909_16,79aa34667b8f4b14aa8cbaf1d52431a6,0.013,,,
743,2026-09-09,SH601628,0.06109608665482703,EXP_DEnsembleModel_Alpha158_csi300_custom_step0_s_20260909_16,79aa34667b8f4b14aa8cbaf1d52431a6,0.013,,,
744,2026-09-09,SH601633,-0.07588429455703276,EXP_DEnsembleModel_Alpha158_csi300_custom_step0_s_20260909_16,79aa34667b8f4b14aa8cbaf1d52431a6,0.013,,,
745,2026-09-09,SH601658,-0.003288238544173086,EXP_DEnsembleModel_Alpha158_csi300_custom_step0_s_20260909_16,79aa34667b8f4b14aa8cbaf1d52431a6,0.013,,,
746,2026-09-09,SH601668,0.14174245622658363,EXP_DEnsembleModel_Alpha158_csi300_custom_step0_s_20260909_16,79aa34667b8f4b14aa8cbaf1d52431a6,0.013,,,
747,2026-09-09,SH601669,0.08502549691889774,EXP_DEnsembleModel_Alpha158_csi300_custom_step0_s_20260909_16,79aa34667b8f4b14aa8cbaf1d52431a6,0.013,,,
748,2026-09-09,SH601688,0.07383442433259803,EXP_DEnsembleModel_Alpha158_csi300_custom_step0_s_20260909_16,79aa34667b8f4b14aa8cbaf1d52431a6,0.013,,,
749,2026-09-09,SH601689,-0.052128881041415616,EXP_DEnsembleModel_Alpha158_csi300_custom_step0_s_20260909_16,79aa34667b8f4b14aa8cbaf1d52431a6,0.013,,,
750,2026-09-09,SH601698,0.030414967479414672,EXP_DEnsembleModel_Alpha158_csi300_custom_step0_s_20260909_16,79aa34667b8f4b14aa8cbaf1d52431a6,0.013,,,
751,2026-09-09,SH601138,-0.11290274788644877,EXP_DEnsembleModel_Alpha158_csi300_custom_step0_s_20260909_16,79aa34667b8f4b14aa8cbaf1d52431a6,0.013,,,
752,2026-09-09,SH601728,0.07869804956915669,EXP_DEnsembleModel_Alpha158_csi300_custom_step0_s_20260909_16,79aa34667b8f4b14aa8cbaf1d52431a6,0.013,,,
753,2026-09-09,SH601136,-0.06711661931516319,EXP_DEnsembleModel_Alpha158_csi300_custom_step0_s_20260909_16,79aa34667b8f4b14aa8cbaf1d52431a6,0.013,,,
754,2026-09-09,SH601117,0.08617597145287882,EXP_DEnsembleModel_Alpha158_csi300_custom_step0_s_20260909_16,79aa34667b8f4b14aa8cbaf1d52431a6,0.013,,,
755,2026-09-09,SH600809,-0.14780732429243443,EXP_DEnsembleModel_Alpha158_csi300_custom_step0_s_20260909_16,79aa34667b8f4b14aa8cbaf1d52431a6,0.013,,,
756,2026-09-09,SH600845,-0.014961318736103943,EXP_DEnsembleModel_Alpha158_csi300_custom_step0_s_20260909_16,79aa34667b8f4b14aa8cbaf1d52431a6,0.013,,,
757,2026-09-09,SH600875,0.01919251761436313,EXP_DEnsembleModel_Alpha158_csi300_custom_step0_s_20260909_16,79aa34667b8f4b14aa8cbaf1d52431a6,0.013,,,
758,2026-09-09,SH600886,-0.02345250037307281,EXP_DEnsembleModel_Alpha158_csi300_custom_step0_s_20260909_16,79aa34667b8f4b14aa8cbaf1d52431a6,0.013,,,
759,2026-09-09,SH600887,0.07679357742392634,EXP_DEnsembleModel_Alpha158_csi300_custom_step0_s_20260909_16,79aa34667b8f4b14aa8cbaf1d52431a6,0.013,,,
760,2026-09-09,SH600893,0.06822510925447177,EXP_DEnsembleModel_Alpha158_csi300_custom_step0_s_20260909_16,79aa34667b8f4b14aa8cbaf1d52431a6,0.013,,,
761,2026-09-09,SH600900,0.08555591248927065,EXP_DEnsembleModel_Alpha158_csi300_custom_step0_s_20260909_16,79aa34667b8f4b14aa8cbaf1d52431a6,0.013,,,
762,2026-09-09,SH600905,0.0670139697409918,EXP_DEnsembleModel_Alpha158_csi300_custom_step0_s_20260909_16,79aa34667b8f4b14aa8cbaf1d52431a6,0.013,,,
763,2026-09-09,SH600918,0.05158039810672147,EXP_DEnsembleModel_Alpha158_csi300_custom_step0_s_20260909_16,79aa34667b8f4b14aa8cbaf1d52431a6,0.013,,,
764,2026-09-09,SH600919,0.10827289379396601,EXP_DEnsembleModel_Alpha158_csi300_custom_step0_s_20260909_16,79aa34667b8f4b14aa8cbaf1d52431a6,0.013,,,
765,2026-09-09,SH600926,0.13047014325074402,EXP_DEnsembleModel_Alpha158_csi300_custom_step0_s_20260909_16,79aa34667b8f4b14aa8cbaf1d52431a6,0.013,,,
766,2026-09-09,SH600930,0.026052719813710466,EXP_DEnsembleModel_Alpha158_csi300_custom_step0_s_20260909_16,79aa34667b8f4b14aa8cbaf1d52431a6,0.013,,,
767,2026-09-09,SH600938,0.0583140205896402,EXP_DEnsembleModel_Alpha158_csi300_custom_step0_s_20260909_16,79aa34667b8f4b14aa8cbaf1d52431a6,0.013,,,
768,2026-09-09,SH600941,0.05498863681347655,EXP_DEnsembleModel_Alpha158_csi300_custom_step0_s_20260909_16,79aa34667b8f4b14aa8cbaf1d52431a6,0.013,,,
769,2026-09-09,SH600958,0.07936716193806402,EXP_DEnsembleModel_Alpha158_csi300_custom_step0_s_20260909_16,79aa34667b8f4b14aa8cbaf1d52431a6,0.013,,,
770,2026-09-09,SH600989,-0.020277448168300797,EXP_DEnsembleModel_Alpha158_csi300_custom_step0_s_20260909_16,79aa34667b8f4b14aa8cbaf1d52431a6,0.013,,,
771,2026-09-09,SH600999,-0.04041920814556506,EXP_DEnsembleModel_Alpha158_csi300_custom_step0_s_20260909_16,79aa34667b8f4b14aa8cbaf1d52431a6,0.013,,,
772,2026-09-09,SH601006,0.123165374262087,EXP_DEnsembleModel_Alpha158_csi300_custom_step0_s_20260909_16,79aa34667b8f4b14aa8cbaf1d52431a6,0.013,,,
773,2026-09-09,SH601009,0.1037852646066944,EXP_DEnsembleModel_Alpha158_csi300_custom_step0_s_20260909_16,79aa34667b8f4b14aa8cbaf1d52431a6,0.013,,,
774,2026-09-09,SH601012,-0.01840668406515451,EXP_DEnsembleModel_Alpha158_csi300_custom_step0_s_20260909_16,79aa34667b8f4b14aa8cbaf1d52431a6,0.013,,,
775,2026-09-09,SH601018,0.19427302420470122,EXP_DEnsembleModel_Alpha158_csi300_custom_step0_s_20260909_16,79aa34667b8f4b14aa8cbaf1d52431a6,0.013,,,
776,2026-09-09,SH601021,0.05718764440513298,EXP_DEnsembleModel_Alpha158_csi300_custom_step0_s_20260909_16,79aa34667b8f4b14aa8cbaf1d52431a6,0.013,,,
777,2026-09-09,SH601058,0.0039122571829961665,EXP_DEnsembleModel_Alpha158_csi300_custom_step0_s_20260909_16,79aa34667b8f4b14aa8cbaf1d52431a6,0.013,,,
778,2026-09-09,SH601059,-0.02404835723494345,EXP_DEnsembleModel_Alpha158_csi300_custom_step0_s_20260909_16,79aa34667b8f4b14aa8cbaf1d52431a6,0.013,,,
779,2026-09-09,SH601066,-0.06984230433969875,EXP_DEnsembleModel_Alpha158_csi300_custom_step0_s_20260909_16,79aa34667b8f4b14aa8cbaf1d52431a6,0.013,,,
780,2026-09-09,SH601077,0.11635712236646845,EXP_DEnsembleModel_Alpha158_csi300_custom_step0_s_20260909_16,79aa34667b8f4b14aa8cbaf1d52431a6,0.013,,,
781,2026-09-09,SH601088,-0.03733947182969233,EXP_DEnsembleModel_Alpha158_csi300_custom_step0_s_20260909_16,79aa34667b8f4b14aa8cbaf1d52431a6,0.013,,,
782,2026-09-09,SH601100,-0.01572950839310941,EXP_DEnsembleModel_Alpha158_csi300_custom_step0_s_20260909_16,79aa34667b8f4b14aa8cbaf1d52431a6,0.013,,,
783,2026-09-09,SH601111,0.07782695112981551,EXP_DEnsembleModel_Alpha158_csi300_custom_step0_s_20260909_16,79aa34667b8f4b14aa8cbaf1d52431a6,0.013,,,
784,2026-09-09,SH601127,-0.055317819677037784,EXP_DEnsembleModel_Alpha158_csi300_custom_step0_s_20260909_16,79aa34667b8f4b14aa8cbaf1d52431a6,0.013,,,
785,2026-09-09,SZ002837,0.11080018359146185,EXP_DEnsembleModel_Alpha158_csi300_custom_step0_s_20260909_16,79aa34667b8f4b14aa8cbaf1d52431a6,0.013,,,
786,2026-09-09,SZ002916,-0.1687196490499637,EXP_DEnsembleModel_Alpha158_csi300_custom_step0_s_20260909_16,79aa34667b8f4b14aa8cbaf1d52431a6,0.013,,,
787,2026-09-09,SZ002920,-0.0975776715118809,EXP_DEnsembleModel_Alpha158_csi300_custom_step0_s_20260909_16,79aa34667b8f4b14aa8cbaf1d52431a6,0.013,,,
788,2026-09-09,SH601727,0.019474584609270096,EXP_LinearModel_Alpha158_csi300_custom_step0_s_20260909_16,3b511416c0e9495185b1303d145dce57,0.075,,,
789,2026-09-09,SH601728,-0.0127728171646595,EXP_LinearModel_Alpha158_csi300_custom_step0_s_20260909_16,3b511416c0e9495185b1303d145dce57,0.075,,,
790,2026-09-09,SH601766,-0.010837468318641186,EXP_LinearModel_Alpha158_csi300_custom_step0_s_20260909_16,3b511416c0e9495185b1303d145dce57,0.075,,,
791,2026-09-09,SH601788,-0.027598459273576736,EXP_LinearModel_Alpha158_csi300_custom_step0_s_20260909_16,3b511416c0e9495185b1303d145dce57,0.075,,,
792,2026-09-09,SH601800,-0.010282673873007298,EXP_LinearModel_Alpha158_csi300_custom_step0_s_20260909_16,3b511416c0e9495185b1303d145dce57,0.075,,,
793,2026-09-09,SH601816,-0.0020941998809576035,EXP_LinearModel_Alpha158_csi300_custom_step0_s_20260909_16,3b511416c0e9495185b1303d145dce57,0.075,,,
794,2026-09-09,SH601818,0.05893026664853096,EXP_LinearModel_Alpha158_csi300_custom_step0_s_20260909_16,3b511416c0e9495185b1303d145dce57,0.075,,,
795,2026-09-09,SH601825,0.022387539967894554,EXP_LinearModel_Alpha158_csi300_custom_step0_s_20260909_16,3b511416c0e9495185b1303d145dce57,0.075,,,
796,2026-09-09,SH601838,0.04146059229969978,EXP_LinearModel_Alpha158_csi300_custom_step0_s_20260909_16,3b511416c0e9495185b1303d145dce57,0.075,,,
797,2026-09-09,SH601857,-0.02479100227355957,EXP_LinearModel_Alpha158_csi300_custom_step0_s_20260909_16,3b511416c0e9495185b1303d145dce57,0.075,,,
798,2026-09-09,SH601868,-0.001330722589045763,EXP_LinearModel_Alpha158_csi300_custom_step0_s_20260909_16,3b511416c0e9495185b1303d145dce57,0.075,,,
799,2026-09-09,SH601872,-0.032211318612098694,EXP_LinearModel_Alpha158_csi300_custom_step0_s_20260909_16,3b511416c0e9495185b1303d145dce57,0.075,,,
800,2026-09-09,SH601877,0.011441042646765709,EXP_LinearModel_Alpha158_csi300_custom_step0_s_20260909_16,3b511416c0e9495185b1303d145dce57,0.075,,,
801,2026-09-09,SH601698,-0.018450099974870682,EXP_LinearModel_Alpha158_csi300_custom_step0_s_20260909_16,3b511416c0e9495185b1303d145dce57,0.075,,,
802,2026-09-09,SH601878,-0.016208667308092117,EXP_LinearModel_Alpha158_csi300_custom_step0_s_20260909_16,3b511416c0e9495185b1303d145dce57,0.075,,,
803,2026-09-09,SH601888,-0.07126564532518387,EXP_LinearModel_Alpha158_csi300_custom_step0_s_20260909_16,3b511416c0e9495185b1303d145dce57,0.075,,,
804,2026-09-09,SH601898,-0.058233484625816345,EXP_LinearModel_Alpha158_csi300_custom_step0_s_20260909_16,3b511416c0e9495185b1303d145dce57,0.075,,,
805,2026-09-09,SH601899,-0.032949451357126236,EXP_LinearModel_Alpha158_csi300_custom_step0_s_20260909_16,3b511416c0e9495185b1303d145dce57,0.075,,,
806,2026-09-09,SH601901,0.07385212182998657,EXP_LinearModel_Alpha158_csi300_custom_step0_s_20260909_16,3b511416c0e9495185b1303d145dce57,0.075,,,
807,2026-09-09,SH601916,0.07935922592878342,EXP_LinearModel_Alpha158_csi300_custom_step0_s_20260909_16,3b511416c0e9495185b1303d145dce57,0.075,,,
808,2026-09-09,SH601919,-0.004031062126159668,EXP_LinearModel_Alpha158_csi300_custom_step0_s_20260909_16,3b511416c0e9495185b1303d145dce57,0.075,,,
809,2026-09-09,SH601939,0.036160100251436234,EXP_LinearModel_Alpha158_csi300_custom_step0_s_20260909_16,3b511416c0e9495185b1303d145dce57,0.075,,,
810,2026-09-09,SH601985,0.04829844832420349,EXP_LinearModel_Alpha158_csi300_custom_step0_s_20260909_16,3b511416c0e9495185b1303d145dce57,0.075,,,
811,2026-09-09,SH601988,0.0281450767070055,EXP_LinearModel_Alpha158_csi300_custom_step0_s_20260909_16,3b511416c0e9495185b1303d145dce57,0.075,,,
812,2026-09-09,SH601995,-0.03781912103295326,EXP_LinearModel_Alpha158_csi300_custom_step0_s_20260909_16,3b511416c0e9495185b1303d145dce57,0.075,,,
813,2026-09-09,SH601998,0.03579781576991081,EXP_LinearModel_Alpha158_csi300_custom_step0_s_20260909_16,3b511416c0e9495185b1303d145dce57,0.075,,,
814,2026-09-09,SH603019,0.010742525570094585,EXP_LinearModel_Alpha158_csi300_custom_step0_s_20260909_16,3b511416c0e9495185b1303d145dce57,0.075,,,
815,2026-09-09,SH603259,-0.06585654616355896,EXP_LinearModel_Alpha158_csi300_custom_step0_s_20260909_16,3b511416c0e9495185b1303d145dce57,0.075,,,
816,2026-09-09,SH601881,0.051457542926073074,EXP_LinearModel_Alpha158_csi300_custom_step0_s_20260909_16,3b511416c0e9495185b1303d145dce57,0.075,,,
817,2026-09-09,SH601689,-0.003631469327956438,EXP_LinearModel_Alpha158_csi300_custom_step0_s_20260909_16,3b511416c0e9495185b1303d145dce57,0.075,,,
818,2026-09-09,SH601688,0.037470459938049316,EXP_LinearModel_Alpha158_csi300_custom_step0_s_20260909_16,3b511416c0e9495185b1303d145dce57,0.075,,,
819,2026-09-09,SH601669,-0.022943619638681412,EXP_LinearModel_Alpha158_csi300_custom_step0_s_20260909_16,3b511416c0e9495185b1303d145dce57,0.075,,,
820,2026-09-09,SH601117,0.009349478408694267,EXP_LinearModel_Alpha158_csi300_custom_step0_s_20260909_16,3b511416c0e9495185b1303d145dce57,0.075,,,
821,2026-09-09,SH601127,-0.012563620693981647,EXP_LinearModel_Alpha158_csi300_custom_step0_s_20260909_16,3b511416c0e9495185b1303d145dce57,0.075,,,
822,2026-09-09,SH601136,-0.004960988182574511,EXP_LinearModel_Alpha158_csi300_custom_step0_s_20260909_16,3b511416c0e9495185b1303d145dce57,0.075,,,
823,2026-09-09,SH601138,-0.046603355556726456,EXP_LinearModel_Alpha158_csi300_custom_step0_s_20260909_16,3b511416c0e9495185b1303d145dce57,0.075,,,
824,2026-09-09,SH601166,0.027363454923033714,EXP_LinearModel_Alpha158_csi300_custom_step0_s_20260909_16,3b511416c0e9495185b1303d145dce57,0.075,,,
825,2026-09-09,SH601169,0.10854274779558182,EXP_LinearModel_Alpha158_csi300_custom_step0_s_20260909_16,3b511416c0e9495185b1303d145dce57,0.075,,,
826,2026-09-09,SH601186,0.0097078587859869,EXP_LinearModel_Alpha158_csi300_custom_step0_s_20260909_16,3b511416c0e9495185b1303d145dce57,0.075,,,
827,2026-09-09,SH601211,-0.028818942606449127,EXP_LinearModel_Alpha158_csi300_custom_step0_s_20260909_16,3b511416c0e9495185b1303d145dce57,0.075,,,
828,2026-09-09,SH601225,-0.0510970801115036,EXP_LinearModel_Alpha158_csi300_custom_step0_s_20260909_16,3b511416c0e9495185b1303d145dce57,0.075,,,
829,2026-09-09,SH601229,0.05109264329075813,EXP_LinearModel_Alpha158_csi300_custom_step0_s_20260909_16,3b511416c0e9495185b1303d145dce57,0.075,,,
830,2026-09-09,SH601238,-0.04367244243621826,EXP_LinearModel_Alpha158_csi300_custom_step0_s_20260909_16,3b511416c0e9495185b1303d145dce57,0.075,,,
831,2026-09-09,SH601288,0.08707542717456818,EXP_LinearModel_Alpha158_csi300_custom_step0_s_20260909_16,3b511416c0e9495185b1303d145dce57,0.075,,,
832,2026-09-09,SH601318,0.00968832615762949,EXP_LinearModel_Alpha158_csi300_custom_step0_s_20260909_16,3b511416c0e9495185b1303d145dce57,0.075,,,
833,2026-09-09,SH601319,0.052620746195316315,EXP_LinearModel_Alpha158_csi300_custom_step0_s_20260909_16,3b511416c0e9495185b1303d145dce57,0.075,,,
834,2026-09-09,SH601328,0.01196678914129734,EXP_LinearModel_Alpha158_csi300_custom_step0_s_20260909_16,3b511416c0e9495185b1303d145dce57,0.075,,,
835,2026-09-09,SH601336,-0.03025738149881363,EXP_LinearModel_Alpha158_csi300_custom_step0_s_20260909_16,3b511416c0e9495185b1303d145dce57,0.075,,,
836,2026-09-09,SH601360,-0.03359100967645645,EXP_LinearModel_Alpha158_csi300_custom_step0_s_20260909_16,3b511416c0e9495185b1303d145dce57,0.075,,,
837,2026-09-09,SH601377,0.020360616967082024,EXP_LinearModel_Alpha158_csi300_custom_step0_s_20260909_16,3b511416c0e9495185b1303d145dce57,0.075,,,
838,2026-09-09,SH601390,0.012061886489391327,EXP_LinearModel_Alpha158_csi300_custom_step0_s_20260909_16,3b511416c0e9495185b1303d145dce57,0.075,,,
839,2026-09-09,SH601398,0.01118205301463604,EXP_LinearModel_Alpha158_csi300_custom_step0_s_20260909_16,3b511416c0e9495185b1303d145dce57,0.075,,,
840,2026-09-09,SH601456,-0.02431374415755272,EXP_LinearModel_Alpha158_csi300_custom_step0_s_20260909_16,3b511416c0e9495185b1303d145dce57,0.075,,,
841,2026-09-09,SH601600,-0.04844152554869652,EXP_LinearModel_Alpha158_csi300_custom_step0_s_20260909_16,3b511416c0e9495185b1303d145dce57,0.075,,,
842,2026-09-09,SH601601,0.020473532378673553,EXP_LinearModel_Alpha158_csi300_custom_step0_s_20260909_16,3b511416c0e9495185b1303d145dce57,0.075,,,
843,2026-09-09,SH601607,0.023115308955311775,EXP_LinearModel_Alpha158_csi300_custom_step0_s_20260909_16,3b511416c0e9495185b1303d145dce57,0.075,,,
844,2026-09-09,SH601618,0.014993730001151562,EXP_LinearModel_Alpha158_csi300_custom_step0_s_20260909_16,3b511416c0e9495185b1303d145dce57,0.075,,,
845,2026-09-09,SH601628,-0.022815227508544922,EXP_LinearModel_Alpha158_csi300_custom_step0_s_20260909_16,3b511416c0e9495185b1303d145dce57,0.075,,,
846,2026-09-09,SH601633,-0.075314961373806,EXP_LinearModel_Alpha158_csi300_custom_step0_s_20260909_16,3b511416c0e9495185b1303d145dce57,0.075,,,
847,2026-09-09,SH601658,0.07380902022123337,EXP_LinearModel_Alpha158_csi300_custom_step0_s_20260909_16,3b511416c0e9495185b1303d145dce57,0.075,,,
848,2026-09-09,SH601668,0.05889463797211647,EXP_LinearModel_Alpha158_csi300_custom_step0_s_20260909_16,3b511416c0e9495185b1303d145dce57,0.075,,,
849,2026-09-09,SH603260,-0.028803540393710136,EXP_LinearModel_Alpha158_csi300_custom_step0_s_20260909_16,3b511416c0e9495185b1303d145dce57,0.075,,,
850,2026-09-09,SH603288,0.01042320765554905,EXP_LinearModel_Alpha158_csi300_custom_step0_s_20260909_16,3b511416c0e9495185b1303d145dce57,0.075,,,
851,2026-09-09,SH603296,-0.029719945043325424,EXP_LinearModel_Alpha158_csi300_custom_step0_s_20260909_16,3b511416c0e9495185b1303d145dce57,0.075,,,
852,2026-09-09,SH603369,-0.012204904109239578,EXP_LinearModel_Alpha158_csi300_custom_step0_s_20260909_16,3b511416c0e9495185b1303d145dce57,0.075,,,
853,2026-09-09,SZ000166,0.02196584641933441,EXP_LinearModel_Alpha158_csi300_custom_step0_s_20260909_16,3b511416c0e9495185b1303d145dce57,0.075,,,
854,2026-09-09,SZ000301,-0.03600040078163147,EXP_LinearModel_Alpha158_csi300_custom_step0_s_20260909_16,3b511416c0e9495185b1303d145dce57,0.075,,,
855,2026-09-09,SZ000333,0.016025595366954803,EXP_LinearModel_Alpha158_csi300_custom_step0_s_20260909_16,3b511416c0e9495185b1303d145dce57,0.075,,,
856,2026-09-09,SZ000338,-0.050412848591804504,EXP_LinearModel_Alpha158_csi300_custom_step0_s_20260909_16,3b511416c0e9495185b1303d145dce57,0.075,,,
857,2026-09-09,SZ000408,-0.047499071806669235,EXP_LinearModel_Alpha158_csi300_custom_step0_s_20260909_16,3b511416c0e9495185b1303d145dce57,0.075,,,
858,2026-09-09,SZ000425,-0.07179684937000275,EXP_LinearModel_Alpha158_csi300_custom_step0_s_20260909_16,3b511416c0e9495185b1303d145dce57,0.075,,,
859,2026-09-09,SZ000538,0.015415807254612446,EXP_LinearModel_Alpha158_csi300_custom_step0_s_20260909_16,3b511416c0e9495185b1303d145dce57,0.075,,,
860,2026-09-09,SZ000568,-0.029067283496260643,EXP_LinearModel_Alpha158_csi300_custom_step0_s_20260909_16,3b511416c0e9495185b1303d145dce57,0.075,,,
861,2026-09-09,SZ000596,-0.03321708366274834,EXP_LinearModel_Alpha158_csi300_custom_step0_s_20260909_16,3b511416c0e9495185b1303d145dce57,0.075,,,
862,2026-09-09,SZ000617,-0.028011202812194824,EXP_LinearModel_Alpha158_csi300_custom_step0_s_20260909_16,3b511416c0e9495185b1303d145dce57,0.075,,,
863,2026-09-09,SZ000625,-0.0395188108086586,EXP_LinearModel_Alpha158_csi300_custom_step0_s_20260909_16,3b511416c0e9495185b1303d145dce57,0.075,,,
864,2026-09-09,SZ000630,-0.0428379662334919,EXP_LinearModel_Alpha158_csi300_custom_step0_s_20260909_16,3b511416c0e9495185b1303d145dce57,0.075,,,
865,2026-09-09,SZ000651,0.02183132991194725,EXP_LinearModel_Alpha158_csi300_custom_step0_s_20260909_16,3b511416c0e9495185b1303d145dce57,0.075,,,
866,2026-09-09,SZ000657,-0.12862926721572876,EXP_LinearModel_Alpha158_csi300_custom_step0_s_20260909_16,3b511416c0e9495185b1303d145dce57,0.075,,,
867,2026-09-09,SZ000708,0.011043602600693703,EXP_LinearModel_Alpha158_csi300_custom_step0_s_20260909_16,3b511416c0e9495185b1303d145dce57,0.075,,,
868,2026-09-09,SZ000725,0.021048296242952347,EXP_LinearModel_Alpha158_csi300_custom_step0_s_20260909_16,3b511416c0e9495185b1303d145dce57,0.075,,,
869,2026-09-09,SZ000768,0.02139260806143284,EXP_LinearModel_Alpha158_csi300_custom_step0_s_20260909_16,3b511416c0e9495185b1303d145dce57,0.075,,,
870,2026-09-09,SZ000776,0.009785279631614685,EXP_LinearModel_Alpha158_csi300_custom_step0_s_20260909_16,3b511416c0e9495185b1303d145dce57,0.075,,,
871,2026-09-09,SZ000792,-0.06354545801877975,EXP_LinearModel_Alpha158_csi300_custom_step0_s_20260909_16,3b511416c0e9495185b1303d145dce57,0.075,,,
872,2026-09-09,SZ000807,-0.03869136795401573,EXP_LinearModel_Alpha158_csi300_custom_step0_s_20260909_16,3b511416c0e9495185b1303d145dce57,0.075,,,
873,2026-09-09,SZ000858,-0.03684878349304199,EXP_LinearModel_Alpha158_csi300_custom_step0_s_20260909_16,3b511416c0e9495185b1303d145dce57,0.075,,,
874,2026-09-09,SZ000895,-0.0043583097867667675,EXP_LinearModel_Alpha158_csi300_custom_step0_s_20260909_16,3b511416c0e9495185b1303d145dce57,0.075,,,
875,2026-09-09,SZ000938,-0.02345326915383339,EXP_LinearModel_Alpha158_csi300_custom_step0_s_20260909_16,3b511416c0e9495185b1303d145dce57,0.075,,,
876,2026-09-09,SZ000963,0.003575750393792987,EXP_LinearModel_Alpha158_csi300_custom_step0_s_20260909_16,3b511416c0e9495185b1303d145dce57,0.075,,,
877,2026-09-09,SZ000975,-0.09586010128259659,EXP_LinearModel_Alpha158_csi300_custom_step0_s_20260909_16,3b511416c0e9495185b1303d145dce57,0.075,,,
878,2026-09-09,SZ000977,0.0013008753303438425,EXP_LinearModel_Alpha158_csi300_custom_step0_s_20260909_16,3b511416c0e9495185b1303d145dce57,0.075,,,
879,2026-09-09,SZ000988,-0.06526675820350647,EXP_LinearModel_Alpha158_csi300_custom_step0_s_20260909_16,3b511416c0e9495185b1303d145dce57,0.075,,,
880,2026-09-09,SZ000999,0.042848311364650726,EXP_LinearModel_Alpha158_csi300_custom_step0_s_20260909_16,3b511416c0e9495185b1303d145dce57,0.075,,,
881,2026-09-09,SZ001280,-0.07585056126117706,EXP_LinearModel_Alpha158_csi300_custom_step0_s_20260909_16,3b511416c0e9495185b1303d145dce57,0.075,,,
882,2026-09-09,SZ000157,-0.04179459810256958,EXP_LinearModel_Alpha158_csi300_custom_step0_s_20260909_16,3b511416c0e9495185b1303d145dce57,0.075,,,
883,2026-09-09,SH601111,0.00013496680185198784,EXP_LinearModel_Alpha158_csi300_custom_step0_s_20260909_16,3b511416c0e9495185b1303d145dce57,0.075,,,
884,2026-09-09,SZ000100,-0.0008877487853169441,EXP_LinearModel_Alpha158_csi300_custom_step0_s_20260909_16,3b511416c0e9495185b1303d145dce57,0.075,,,
885,2026-09-09,SZ000002,-0.015473006293177605,EXP_LinearModel_Alpha158_csi300_custom_step0_s_20260909_16,3b511416c0e9495185b1303d145dce57,0.075,,,
886,2026-09-09,SH603392,-0.05750114470720291,EXP_LinearModel_Alpha158_csi300_custom_step0_s_20260909_16,3b511416c0e9495185b1303d145dce57,0.075,,,
887,2026-09-09,SH603501,0.036632925271987915,EXP_LinearModel_Alpha158_csi300_custom_step0_s_20260909_16,3b511416c0e9495185b1303d145dce57,0.075,,,
888,2026-09-09,SH603799,-0.08420276641845703,EXP_LinearModel_Alpha158_csi300_custom_step0_s_20260909_16,3b511416c0e9495185b1303d145dce57,0.075,,,
889,2026-09-09,SH603893,0.025491192936897278,EXP_LinearModel_Alpha158_csi300_custom_step0_s_20260909_16,3b511416c0e9495185b1303d145dce57,0.075,,,
890,2026-09-09,SH603986,-0.0023104967549443245,EXP_LinearModel_Alpha158_csi300_custom_step0_s_20260909_16,3b511416c0e9495185b1303d145dce57,0.075,,,
891,2026-09-09,SH603993,-0.042040884494781494,EXP_LinearModel_Alpha158_csi300_custom_step0_s_20260909_16,3b511416c0e9495185b1303d145dce57,0.075,,,
892,2026-09-09,SH605117,-0.05871236324310303,EXP_LinearModel_Alpha158_csi300_custom_step0_s_20260909_16,3b511416c0e9495185b1303d145dce57,0.075,,,
893,2026-09-09,SH605499,-0.03765960782766342,EXP_LinearModel_Alpha158_csi300_custom_step0_s_20260909_16,3b511416c0e9495185b1303d145dce57,0.075,,,
894,2026-09-09,SH688008,-0.009395692497491837,EXP_LinearModel_Alpha158_csi300_custom_step0_s_20260909_16,3b511416c0e9495185b1303d145dce57,0.075,,,
895,2026-09-09,SH688009,-0.000964844599366188,EXP_LinearModel_Alpha158_csi300_custom_step0_s_20260909_16,3b511416c0e9495185b1303d145dce57,0.075,,,
896,2026-09-09,SH688012,-0.00958396214991808,EXP_LinearModel_Alpha158_csi300_custom_step0_s_20260909_16,3b511416c0e9495185b1303d145dce57,0.075,,,
897,2026-09-09,SH688036,0.027942519634962082,EXP_LinearModel_Alpha158_csi300_custom_step0_s_20260909_16,3b511416c0e9495185b1303d145dce57,0.075,,,
898,2026-09-09,SH688041,0.0724160373210907,EXP_LinearModel_Alpha158_csi300_custom_step0_s_20260909_16,3b511416c0e9495185b1303d145dce57,0.075,,,
899,2026-09-09,SH688047,0.017135905101895332,EXP_LinearModel_Alpha158_csi300_custom_step0_s_20260909_16,3b511416c0e9495185b1303d145dce57,0.075,,,
900,2026-09-09,SH688072,0.017021387815475464,EXP_LinearModel_Alpha158_csi300_custom_step0_s_20260909_16,3b511416c0e9495185b1303d145dce57,0.075,,,
901,2026-09-09,SH688082,-0.004771566949784756,EXP_LinearModel_Alpha158_csi300_custom_step0_s_20260909_16,3b511416c0e9495185b1303d145dce57,0.075,,,
902,2026-09-09,SH688111,-0.024463199079036713,EXP_LinearModel_Alpha158_csi300_custom_step0_s_20260909_16,3b511416c0e9495185b1303d145dce57,0.075,,,
903,2026-09-09,SH688126,0.008106428198516369,EXP_LinearModel_Alpha158_csi300_custom_step0_s_20260909_16,3b511416c0e9495185b1303d145dce57,0.075,,,
904,2026-09-09,SH688183,-0.14264734089374542,EXP_LinearModel_Alpha158_csi300_custom_step0_s_20260909_16,3b511416c0e9495185b1303d145dce57,0.075,,,
905,2026-09-09,SH688223,-0.0458218976855278,EXP_LinearModel_Alpha158_csi300_custom_step0_s_20260909_16,3b511416c0e9495185b1303d145dce57,0.075,,,
906,2026-09-09,SH688256,0.05193404108285904,EXP_LinearModel_Alpha158_csi300_custom_step0_s_20260909_16,3b511416c0e9495185b1303d145dce57,0.075,,,
907,2026-09-09,SH688271,-0.0509270578622818,EXP_LinearModel_Alpha158_csi300_custom_step0_s_20260909_16,3b511416c0e9495185b1303d145dce57,0.075,,,
908,2026-09-09,SH688303,-0.02131800167262554,EXP_LinearModel_Alpha158_csi300_custom_step0_s_20260909_16,3b511416c0e9495185b1303d145dce57,0.075,,,
909,2026-09-09,SH688396,0.001103668473660946,EXP_LinearModel_Alpha158_csi300_custom_step0_s_20260909_16,3b511416c0e9495185b1303d145dce57,0.075,,,
910,2026-09-09,SH688472,-0.032444827258586884,EXP_LinearModel_Alpha158_csi300_custom_step0_s_20260909_16,3b511416c0e9495185b1303d145dce57,0.075,,,
911,2026-09-09,SH688506,0.0443873293697834,EXP_LinearModel_Alpha158_csi300_custom_step0_s_20260909_16,3b511416c0e9495185b1303d145dce57,0.075,,,
912,2026-09-09,SH688521,-0.043190374970436096,EXP_LinearModel_Alpha158_csi300_custom_step0_s_20260909_16,3b511416c0e9495185b1303d145dce57,0.075,,,
913,2026-09-09,SH688981,0.009249655529856682,EXP_LinearModel_Alpha158_csi300_custom_step0_s_20260909_16,3b511416c0e9495185b1303d145dce57,0.075,,,
914,2026-09-09,SZ000001,0.05104880779981613,EXP_LinearModel_Alpha158_csi300_custom_step0_s_20260909_16,3b511416c0e9495185b1303d145dce57,0.075,,,
915,2026-09-09,SZ000063,-0.003855244256556034,EXP_LinearModel_Alpha158_csi300_custom_step0_s_20260909_16,3b511416c0e9495185b1303d145dce57,0.075,,,
916,2026-09-09,SH601100,-0.0052871848456561565,EXP_LinearModel_Alpha158_csi300_custom_step0_s_20260909_16,3b511416c0e9495185b1303d145dce57,0.075,,,
917,2026-09-09,SH601088,-0.027288254350423813,EXP_LinearModel_Alpha158_csi300_custom_step0_s_20260909_16,3b511416c0e9495185b1303d145dce57,0.075,,,
918,2026-09-09,SH601077,0.07313370704650879,EXP_LinearModel_Alpha158_csi300_custom_step0_s_20260909_16,3b511416c0e9495185b1303d145dce57,0.075,,,
919,2026-09-09,SZ301269,-0.09076430424608722,EXP_DEnsembleModel_Alpha158_csi300_custom_step0_s_20260909_16,79aa34667b8f4b14aa8cbaf1d52431a6,0.013,,,
920,2026-09-09,SZ301308,-0.015755850068163612,EXP_DEnsembleModel_Alpha158_csi300_custom_step0_s_20260909_16,79aa34667b8f4b14aa8cbaf1d52431a6,0.013,,,
921,2026-09-09,SZ302132,0.1813371859396244,EXP_DEnsembleModel_Alpha158_csi300_custom_step0_s_20260909_16,79aa34667b8f4b14aa8cbaf1d52431a6,0.013,,,
922,2026-09-09,SH600000,0.012383433058857918,EXP_LinearModel_Alpha158_csi300_custom_step0_s_20260909_16,3b511416c0e9495185b1303d145dce57,0.075,,,
923,2026-09-09,SH600009,0.025230098515748978,EXP_LinearModel_Alpha158_csi300_custom_step0_s_20260909_16,3b511416c0e9495185b1303d145dce57,0.075,,,
924,2026-09-09,SH600010,-0.033125732094049454,EXP_LinearModel_Alpha158_csi300_custom_step0_s_20260909_16,3b511416c0e9495185b1303d145dce57,0.075,,,
925,2026-09-09,SH600011,-0.004200204741209745,EXP_LinearModel_Alpha158_csi300_custom_step0_s_20260909_16,3b511416c0e9495185b1303d145dce57,0.075,,,
926,2026-09-09,SH600015,0.006094175390899181,EXP_LinearModel_Alpha158_csi300_custom_step0_s_20260909_16,3b511416c0e9495185b1303d145dce57,0.075,,,
927,2026-09-09,SH600016,0.0663786381483078,EXP_LinearModel_Alpha158_csi300_custom_step0_s_20260909_16,3b511416c0e9495185b1303d145dce57,0.075,,,
928,2026-09-09,SH600018,0.046610623598098755,EXP_LinearModel_Alpha158_csi300_custom_step0_s_20260909_16,3b511416c0e9495185b1303d145dce57,0.075,,,
929,2026-09-09,SH600019,0.03617343679070473,EXP_LinearModel_Alpha158_csi300_custom_step0_s_20260909_16,3b511416c0e9495185b1303d145dce57,0.075,,,
930,2026-09-09,SH600023,0.009810058400034904,EXP_LinearModel_Alpha158_csi300_custom_step0_s_20260909_16,3b511416c0e9495185b1303d145dce57,0.075,,,
931,2026-09-09,SH600025,0.016586923971772194,EXP_LinearModel_Alpha158_csi300_custom_step0_s_20260909_16,3b511416c0e9495185b1303d145dce57,0.075,,,
932,2026-09-09,SH600026,-0.0808366909623146,EXP_LinearModel_Alpha158_csi300_custom_step0_s_20260909_16,3b511416c0e9495185b1303d145dce57,0.075,,,
933,2026-09-09,SH600027,0.02842911146581173,EXP_LinearModel_Alpha158_csi300_custom_step0_s_20260909_16,3b511416c0e9495185b1303d145dce57,0.075,,,
934,2026-09-09,SH600028,0.017424825578927994,EXP_LinearModel_Alpha158_csi300_custom_step0_s_20260909_16,3b511416c0e9495185b1303d145dce57,0.075,,,
935,2026-09-09,SH600029,-0.0009716418571770191,EXP_LinearModel_Alpha158_csi300_custom_step0_s_20260909_16,3b511416c0e9495185b1303d145dce57,0.075,,,
936,2026-09-09,SH600030,0.00917142629623413,EXP_LinearModel_Alpha158_csi300_custom_step0_s_20260909_16,3b511416c0e9495185b1303d145dce57,0.075,,,
937,2026-09-09,SH600031,0.01849997043609619,EXP_LinearModel_Alpha158_csi300_custom_step0_s_20260909_16,3b511416c0e9495185b1303d145dce57,0.075,,,
938,2026-09-09,SH600036,0.023911740630865097,EXP_LinearModel_Alpha158_csi300_custom_step0_s_20260909_16,3b511416c0e9495185b1303d145dce57,0.075,,,
939,2026-09-09,SH600039,0.030651330947875977,EXP_LinearModel_Alpha158_csi300_custom_step0_s_20260909_16,3b511416c0e9495185b1303d145dce57,0.075,,,
940,2026-09-09,SH600048,-0.0019087274558842182,EXP_LinearModel_Alpha158_csi300_custom_step0_s_20260909_16,3b511416c0e9495185b1303d145dce57,0.075,,,
941,2026-09-09,SH600050,0.02360430732369423,EXP_LinearModel_Alpha158_csi300_custom_step0_s_20260909_16,3b511416c0e9495185b1303d145dce57,0.075,,,
942,2026-09-09,SH600061,0.009145217016339302,EXP_LinearModel_Alpha158_csi300_custom_step0_s_20260909_16,3b511416c0e9495185b1303d145dce57,0.075,,,
943,2026-09-09,SH600066,-0.0070104459300637245,EXP_LinearModel_Alpha158_csi300_custom_step0_s_20260909_16,3b511416c0e9495185b1303d145dce57,0.075,,,
944,2026-09-09,SH600085,0.0038091628812253475,EXP_LinearModel_Alpha158_csi300_custom_step0_s_20260909_16,3b511416c0e9495185b1303d145dce57,0.075,,,
945,2026-09-09,SH600089,-0.027273664250969887,EXP_LinearModel_Alpha158_csi300_custom_step0_s_20260909_16,3b511416c0e9495185b1303d145dce57,0.075,,,
946,2026-09-09,SH600104,0.0033594088163226843,EXP_LinearModel_Alpha158_csi300_custom_step0_s_20260909_16,3b511416c0e9495185b1303d145dce57,0.075,,,
947,2026-09-09,SH600111,-0.019720617681741714,EXP_LinearModel_Alpha158_csi300_custom_step0_s_20260909_16,3b511416c0e9495185b1303d145dce57,0.075,,,
948,2026-09-09,SZ301236,-0.06409062579417463,EXP_DEnsembleModel_Alpha158_csi300_custom_step0_s_20260909_16,79aa34667b8f4b14aa8cbaf1d52431a6,0.013,,,
949,2026-09-09,SH600115,-0.018141284584999084,EXP_LinearModel_Alpha158_csi300_custom_step0_s_20260909_16,3b511416c0e9495185b1303d145dce57,0.075,,,
950,2026-09-09,SZ301165,-0.011123584788755997,EXP_DEnsembleModel_Alpha158_csi300_custom_step0_s_20260909_16,79aa34667b8f4b14aa8cbaf1d52431a6,0.013,,,
951,2026-09-09,SZ300896,-0.06718566906054418,EXP_DEnsembleModel_Alpha158_csi300_custom_step0_s_20260909_16,79aa34667b8f4b14aa8cbaf1d52431a6,0.013,,,
952,2026-09-09,SZ002938,-0.10450126623786433,EXP_DEnsembleModel_Alpha158_csi300_custom_step0_s_20260909_16,79aa34667b8f4b14aa8cbaf1d52431a6,0.013,,,
953,2026-09-09,SZ003816,0.06046711672984734,EXP_DEnsembleModel_Alpha158_csi300_custom_step0_s_20260909_16,79aa34667b8f4b14aa8cbaf1d52431a6,0.013,,,
954,2026-09-09,SZ300014,-0.0372324351049047,EXP_DEnsembleModel_Alpha158_csi300_custom_step0_s_20260909_16,79aa34667b8f4b14aa8cbaf1d52431a6,0.013,,,
955,2026-09-09,SZ300015,0.024964877256306906,EXP_DEnsembleModel_Alpha158_csi300_custom_step0_s_20260909_16,79aa34667b8f4b14aa8cbaf1d52431a6,0.013,,,
956,2026-09-09,SZ300033,-0.11944752781367778,EXP_DEnsembleModel_Alpha158_csi300_custom_step0_s_20260909_16,79aa34667b8f4b14aa8cbaf1d52431a6,0.013,,,
957,2026-09-09,SZ300059,0.025297728221871856,EXP_DEnsembleModel_Alpha158_csi300_custom_step0_s_20260909_16,79aa34667b8f4b14aa8cbaf1d52431a6,0.013,,,
958,2026-09-09,SZ300122,-0.002342956707915514,EXP_DEnsembleModel_Alpha158_csi300_custom_step0_s_20260909_16,79aa34667b8f4b14aa8cbaf1d52431a6,0.013,,,
959,2026-09-09,SZ300124,-0.0830759216765303,EXP_DEnsembleModel_Alpha158_csi300_custom_step0_s_20260909_16,79aa34667b8f4b14aa8cbaf1d52431a6,0.013,,,
960,2026-09-09,SZ300251,-0.07244301933692934,EXP_DEnsembleModel_Alpha158_csi300_custom_step0_s_20260909_16,79aa34667b8f4b14aa8cbaf1d52431a6,0.013,,,
961,2026-09-09,SZ300274,0.15690791393818773,EXP_DEnsembleModel_Alpha158_csi300_custom_step0_s_20260909_16,79aa34667b8f4b14aa8cbaf1d52431a6,0.013,,,
962,2026-09-09,SZ300308,-0.11090981452421426,EXP_DEnsembleModel_Alpha158_csi300_custom_step0_s_20260909_16,79aa34667b8f4b14aa8cbaf1d52431a6,0.013,,,
963,2026-09-09,SZ300316,-0.062388541169382465,EXP_DEnsembleModel_Alpha158_csi300_custom_step0_s_20260909_16,79aa34667b8f4b14aa8cbaf1d52431a6,0.013,,,
964,2026-09-09,SZ300394,0.12244695344835207,EXP_DEnsembleModel_Alpha158_csi300_custom_step0_s_20260909_16,79aa34667b8f4b14aa8cbaf1d52431a6,0.013,,,
965,2026-09-09,SZ300408,-0.08141832298081655,EXP_DEnsembleModel_Alpha158_csi300_custom_step0_s_20260909_16,79aa34667b8f4b14aa8cbaf1d52431a6,0.013,,,
966,2026-09-09,SZ300413,0.19189839381943827,EXP_DEnsembleModel_Alpha158_csi300_custom_step0_s_20260909_16,79aa34667b8f4b14aa8cbaf1d52431a6,0.013,,,
967,2026-09-09,SZ300418,-0.13172169628760114,EXP_DEnsembleModel_Alpha158_csi300_custom_step0_s_20260909_16,79aa34667b8f4b14aa8cbaf1d52431a6,0.013,,,
968,2026-09-09,SZ300433,-0.044153942345506174,EXP_DEnsembleModel_Alpha158_csi300_custom_step0_s_20260909_16,79aa34667b8f4b14aa8cbaf1d52431a6,0.013,,,
969,2026-09-09,SZ300442,-0.10644154671106106,EXP_DEnsembleModel_Alpha158_csi300_custom_step0_s_20260909_16,79aa34667b8f4b14aa8cbaf1d52431a6,0.013,,,
970,2026-09-09,SZ300450,-0.07653041579134182,EXP_DEnsembleModel_Alpha158_csi300_custom_step0_s_20260909_16,79aa34667b8f4b14aa8cbaf1d52431a6,0.013,,,
971,2026-09-09,SZ300476,0.12257749047638854,EXP_DEnsembleModel_Alpha158_csi300_custom_step0_s_20260909_16,79aa34667b8f4b14aa8cbaf1d52431a6,0.013,,,
972,2026-09-09,SZ300498,-0.013448866818585908,EXP_DEnsembleModel_Alpha158_csi300_custom_step0_s_20260909_16,79aa34667b8f4b14aa8cbaf1d52431a6,0.013,,,
973,2026-09-09,SZ300502,-0.12587613629907454,EXP_DEnsembleModel_Alpha158_csi300_custom_step0_s_20260909_16,79aa34667b8f4b14aa8cbaf1d52431a6,0.013,,,
974,2026-09-09,SZ300628,-0.019005917016441054,EXP_DEnsembleModel_Alpha158_csi300_custom_step0_s_20260909_16,79aa34667b8f4b14aa8cbaf1d52431a6,0.013,,,
975,2026-09-09,SZ300661,-0.06843608223138611,EXP_DEnsembleModel_Alpha158_csi300_custom_step0_s_20260909_16,79aa34667b8f4b14aa8cbaf1d52431a6,0.013,,,
976,2026-09-09,SZ300750,-0.07605001505022728,EXP_DEnsembleModel_Alpha158_csi300_custom_step0_s_20260909_16,79aa34667b8f4b14aa8cbaf1d52431a6,0.013,,,
977,2026-09-09,SZ300760,0.07960725452946953,EXP_DEnsembleModel_Alpha158_csi300_custom_step0_s_20260909_16,79aa34667b8f4b14aa8cbaf1d52431a6,0.013,,,
978,2026-09-09,SZ300803,-0.0948091882178702,EXP_DEnsembleModel_Alpha158_csi300_custom_step0_s_20260909_16,79aa34667b8f4b14aa8cbaf1d52431a6,0.013,,,
979,2026-09-09,SZ300832,0.0020014655739485315,EXP_DEnsembleModel_Alpha158_csi300_custom_step0_s_20260909_16,79aa34667b8f4b14aa8cbaf1d52431a6,0.013,,,
980,2026-09-09,SZ300866,-0.06613559916696418,EXP_DEnsembleModel_Alpha158_csi300_custom_step0_s_20260909_16,79aa34667b8f4b14aa8cbaf1d52431a6,0.013,,,
981,2026-09-09,SZ300999,0.05886662737208007,EXP_DEnsembleModel_Alpha158_csi300_custom_step0_s_20260909_16,79aa34667b8f4b14aa8cbaf1d52431a6,0.013,,,
982,2026-09-09,SZ001965,0.08791355788707733,EXP_LinearModel_Alpha158_csi300_custom_step0_s_20260909_16,3b511416c0e9495185b1303d145dce57,0.075,,,
983,2026-09-09,SH600118,-0.04160295054316521,EXP_LinearModel_Alpha158_csi300_custom_step0_s_20260909_16,3b511416c0e9495185b1303d145dce57,0.075,,,
984,2026-09-09,SH600160,0.017214376479387283,EXP_LinearModel_Alpha158_csi300_custom_step0_s_20260909_16,3b511416c0e9495185b1303d145dce57,0.075,,,
985,2026-09-09,SH600741,-0.009099321439862251,EXP_LinearModel_Alpha158_csi300_custom_step0_s_20260909_16,3b511416c0e9495185b1303d145dce57,0.075,,,
986,2026-09-09,SH600760,-0.013211552985012531,EXP_LinearModel_Alpha158_csi300_custom_step0_s_20260909_16,3b511416c0e9495185b1303d145dce57,0.075,,,
987,2026-09-09,SH600795,0.018948975950479507,EXP_LinearModel_Alpha158_csi300_custom_step0_s_20260909_16,3b511416c0e9495185b1303d145dce57,0.075,,,
988,2026-09-09,SH600803,0.0026291320100426674,EXP_LinearModel_Alpha158_csi300_custom_step0_s_20260909_16,3b511416c0e9495185b1303d145dce57,0.075,,,
989,2026-09-09,SH600809,-0.07659810036420822,EXP_LinearModel_Alpha158_csi300_custom_step0_s_20260909_16,3b511416c0e9495185b1303d145dce57,0.075,,,
990,2026-09-09,SH600845,-0.02610113099217415,EXP_LinearModel_Alpha158_csi300_custom_step0_s_20260909_16,3b511416c0e9495185b1303d145dce57,0.075,,,
991,2026-09-09,SH600875,-0.043172530829906464,EXP_LinearModel_Alpha158_csi300_custom_step0_s_20260909_16,3b511416c0e9495185b1303d145dce57,0.075,,,
992,2026-09-09,SH600886,0.029810233041644096,EXP_LinearModel_Alpha158_csi300_custom_step0_s_20260909_16,3b511416c0e9495185b1303d145dce57,0.075,,,
993,2026-09-09,SH600887,0.05993147939443588,EXP_LinearModel_Alpha158_csi300_custom_step0_s_20260909_16,3b511416c0e9495185b1303d145dce57,0.075,,,
994,2026-09-09,SH600893,-0.03572076931595802,EXP_LinearModel_Alpha158_csi300_custom_step0_s_20260909_16,3b511416c0e9495185b1303d145dce57,0.075,,,
995,2026-09-09,SH600900,0.01959656924009323,EXP_LinearModel_Alpha158_csi300_custom_step0_s_20260909_16,3b511416c0e9495185b1303d145dce57,0.075,,,
996,2026-09-09,SH600905,0.03610377013683319,EXP_LinearModel_Alpha158_csi300_custom_step0_s_20260909_16,3b511416c0e9495185b1303d145dce57,0.075,,,
997,2026-09-09,SH600918,-0.0385560505092144,EXP_LinearModel_Alpha158_csi300_custom_step0_s_20260909_16,3b511416c0e9495185b1303d145dce57,0.075,,,
998,2026-09-09,SH600919,0.015272730961441994,EXP_LinearModel_Alpha158_csi300_custom_step0_s_20260909_16,3b511416c0e9495185b1303d145dce57,0.075,,,
999,2026-09-09,SH600926,0.028231916949152946,EXP_LinearModel_Alpha158_csi300_custom_step0_s_20260909_16,3b511416c0e9495185b1303d145dce57,0.075,,,
1000,2026-09-09,SH600930,-0.014949893578886986,EXP_LinearModel_Alpha158_csi300_custom_step0_s_20260909_16,3b511416c0e9495185b1303d145dce57,0.075,,,
1001,2026-09-09,SH600938,-0.031366825103759766,EXP_LinearModel_Alpha158_csi300_custom_step0_s_20260909_16,3b511416c0e9495185b1303d145dce57,0.075,,,
1002,2026-09-09,SH600941,0.0012503587640821934,EXP_LinearModel_Alpha158_csi300_custom_step0_s_20260909_16,3b511416c0e9495185b1303d145dce57,0.075,,,
1003,2026-09-09,SH600958,0.03952733427286148,EXP_LinearModel_Alpha158_csi300_custom_step0_s_20260909_16,3b511416c0e9495185b1303d145dce57,0.075,,,
1004,2026-09-09,SH600989,-0.030142750591039658,EXP_LinearModel_Alpha158_csi300_custom_step0_s_20260909_16,3b511416c0e9495185b1303d145dce57,0.075,,,
1005,2026-09-09,SH600999,0.017416570335626602,EXP_LinearModel_Alpha158_csi300_custom_step0_s_20260909_16,3b511416c0e9495185b1303d145dce57,0.075,,,
1006,2026-09-09,SH601006,0.0669696107506752,EXP_LinearModel_Alpha158_csi300_custom_step0_s_20260909_16,3b511416c0e9495185b1303d145dce57,0.075,,,
1007,2026-09-09,SH601009,0.05429532378911972,EXP_LinearModel_Alpha158_csi300_custom_step0_s_20260909_16,3b511416c0e9495185b1303d145dce57,0.075,,,
1008,2026-09-09,SH601012,-0.027819320559501648,EXP_LinearModel_Alpha158_csi300_custom_step0_s_20260909_16,3b511416c0e9495185b1303d145dce57,0.075,,,
1009,2026-09-09,SH601018,0.06630749255418777,EXP_LinearModel_Alpha158_csi300_custom_step0_s_20260909_16,3b511416c0e9495185b1303d145dce57,0.075,,,
1010,2026-09-09,SH601021,-0.025137964636087418,EXP_LinearModel_Alpha158_csi300_custom_step0_s_20260909_16,3b511416c0e9495185b1303d145dce57,0.075,,,
1011,2026-09-09,SH601058,-0.03208968788385391,EXP_LinearModel_Alpha158_csi300_custom_step0_s_20260909_16,3b511416c0e9495185b1303d145dce57,0.075,,,
1012,2026-09-09,SH601059,0.009178071282804012,EXP_LinearModel_Alpha158_csi300_custom_step0_s_20260909_16,3b511416c0e9495185b1303d145dce57,0.075,,,
1013,2026-09-09,SH601066,0.035418711602687836,EXP_LinearModel_Alpha158_csi300_custom_step0_s_20260909_16,3b511416c0e9495185b1303d145dce57,0.075,,,
1014,2026-09-09,SH600690,0.025355078279972076,EXP_LinearModel_Alpha158_csi300_custom_step0_s_20260909_16,3b511416c0e9495185b1303d145dce57,0.075,,,
1015,2026-09-09,SH600150,-0.04151536524295807,EXP_LinearModel_Alpha158_csi300_custom_step0_s_20260909_16,3b511416c0e9495185b1303d145dce57,0.075,,,
1016,2026-09-09,SH600674,0.001953202299773693,EXP_LinearModel_Alpha158_csi300_custom_step0_s_20260909_16,3b511416c0e9495185b1303d145dce57,0.075,,,
1017,2026-09-09,SH600600,-0.05966171622276306,EXP_LinearModel_Alpha158_csi300_custom_step0_s_20260909_16,3b511416c0e9495185b1303d145dce57,0.075,,,
1018,2026-09-09,SH600176,-0.06091223657131195,EXP_LinearModel_Alpha158_csi300_custom_step0_s_20260909_16,3b511416c0e9495185b1303d145dce57,0.075,,,
1019,2026-09-09,SH600183,-0.14690068364143372,EXP_LinearModel_Alpha158_csi300_custom_step0_s_20260909_16,3b511416c0e9495185b1303d145dce57,0.075,,,
1020,2026-09-09,SH600188,-0.10398603230714798,EXP_LinearModel_Alpha158_csi300_custom_step0_s_20260909_16,3b511416c0e9495185b1303d145dce57,0.075,,,
1021,2026-09-09,SH600196,-0.004605245776474476,EXP_LinearModel_Alpha158_csi300_custom_step0_s_20260909_16,3b511416c0e9495185b1303d145dce57,0.075,,,
1022,2026-09-09,SH600219,-0.02734168991446495,EXP_LinearModel_Alpha158_csi300_custom_step0_s_20260909_16,3b511416c0e9495185b1303d145dce57,0.075,,,
1023,2026-09-09,SH600221,0.010594120249152184,EXP_LinearModel_Alpha158_csi300_custom_step0_s_20260909_16,3b511416c0e9495185b1303d145dce57,0.075,,,
1024,2026-09-09,SH600233,0.05284371227025986,EXP_LinearModel_Alpha158_csi300_custom_step0_s_20260909_16,3b511416c0e9495185b1303d145dce57,0.075,,,
1025,2026-09-09,SH600276,0.04443666711449623,EXP_LinearModel_Alpha158_csi300_custom_step0_s_20260909_16,3b511416c0e9495185b1303d145dce57,0.075,,,
1026,2026-09-09,SH600309,-0.009295258671045303,EXP_LinearModel_Alpha158_csi300_custom_step0_s_20260909_16,3b511416c0e9495185b1303d145dce57,0.075,,,
1027,2026-09-09,SH600346,-0.06354285776615143,EXP_LinearModel_Alpha158_csi300_custom_step0_s_20260909_16,3b511416c0e9495185b1303d145dce57,0.075,,,
1028,2026-09-09,SH600362,-0.06030801683664322,EXP_LinearModel_Alpha158_csi300_custom_step0_s_20260909_16,3b511416c0e9495185b1303d145dce57,0.075,,,
1029,2026-09-09,SH600372,0.028204672038555145,EXP_LinearModel_Alpha158_csi300_custom_step0_s_20260909_16,3b511416c0e9495185b1303d145dce57,0.075,,,
1030,2026-09-09,SH600406,-0.04439225792884827,EXP_LinearModel_Alpha158_csi300_custom_step0_s_20260909_16,3b511416c0e9495185b1303d145dce57,0.075,,,
1031,2026-09-09,SH600415,-0.03287572041153908,EXP_LinearModel_Alpha158_csi300_custom_step0_s_20260909_16,3b511416c0e9495185b1303d145dce57,0.075,,,
1032,2026-09-09,SH600426,-0.061202168464660645,EXP_LinearModel_Alpha158_csi300_custom_step0_s_20260909_16,3b511416c0e9495185b1303d145dce57,0.075,,,
1033,2026-09-09,SH600436,-0.01785353571176529,EXP_LinearModel_Alpha158_csi300_custom_step0_s_20260909_16,3b511416c0e9495185b1303d145dce57,0.075,,,
1034,2026-09-09,SH600438,-0.06476099789142609,EXP_LinearModel_Alpha158_csi300_custom_step0_s_20260909_16,3b511416c0e9495185b1303d145dce57,0.075,,,
1035,2026-09-09,SH600460,-0.010364468209445477,EXP_LinearModel_Alpha158_csi300_custom_step0_s_20260909_16,3b511416c0e9495185b1303d145dce57,0.075,,,
1036,2026-09-09,SH600482,-0.04002691060304642,EXP_LinearModel_Alpha158_csi300_custom_step0_s_20260909_16,3b511416c0e9495185b1303d145dce57,0.075,,,
1037,2026-09-09,SH600489,-0.04319839924573898,EXP_LinearModel_Alpha158_csi300_custom_step0_s_20260909_16,3b511416c0e9495185b1303d145dce57,0.075,,,
1038,2026-09-09,SH600515,-0.0028353517409414053,EXP_LinearModel_Alpha158_csi300_custom_step0_s_20260909_16,3b511416c0e9495185b1303d145dce57,0.075,,,
1039,2026-09-09,SH600519,-0.009965436533093452,EXP_LinearModel_Alpha158_csi300_custom_step0_s_20260909_16,3b511416c0e9495185b1303d145dce57,0.075,,,
1040,2026-09-09,SH600522,-0.10062909126281738,EXP_LinearModel_Alpha158_csi300_custom_step0_s_20260909_16,3b511416c0e9495185b1303d145dce57,0.075,,,
1041,2026-09-09,SH600547,-0.02230534888803959,EXP_LinearModel_Alpha158_csi300_custom_step0_s_20260909_16,3b511416c0e9495185b1303d145dce57,0.075,,,
1042,2026-09-09,SH600549,-0.08189362287521362,EXP_LinearModel_Alpha158_csi300_custom_step0_s_20260909_16,3b511416c0e9495185b1303d145dce57,0.075,,,
1043,2026-09-09,SH600570,-0.0676240473985672,EXP_LinearModel_Alpha158_csi300_custom_step0_s_20260909_16,3b511416c0e9495185b1303d145dce57,0.075,,,
1044,2026-09-09,SH600584,0.017627418041229248,EXP_LinearModel_Alpha158_csi300_custom_step0_s_20260909_16,3b511416c0e9495185b1303d145dce57,0.075,,,
1045,2026-09-09,SH600585,-0.006485335528850555,EXP_LinearModel_Alpha158_csi300_custom_step0_s_20260909_16,3b511416c0e9495185b1303d145dce57,0.075,,,
1046,2026-09-09,SH600588,0.014199481345713139,EXP_LinearModel_Alpha158_csi300_custom_step0_s_20260909_16,3b511416c0e9495185b1303d145dce57,0.075,,,
1047,2026-09-09,SH600660,-0.019326582551002502,EXP_LinearModel_Alpha158_csi300_custom_step0_s_20260909_16,3b511416c0e9495185b1303d145dce57,0.075,,,
1048,2026-09-09,SH600009,0.08985154440706554,EXP_DEnsembleModel_Alpha158_csi300_custom_step0_s_20260909_16,79aa34667b8f4b14aa8cbaf1d52431a6,0.013,,,
1049,2026-09-09,SH601919,0.026424752548336983,EXP_LinearModel_Alpha158_csi300_custom_step0_s_20260909_16,6aee75d69e1448b2a0bfb26050c6cdc8,0.003,,,
1050,2026-09-09,SH601985,-0.005119195207953453,EXP_LinearModel_Alpha158_csi300_custom_step0_s_20260909_16,6aee75d69e1448b2a0bfb26050c6cdc8,0.003,,,
1051,2026-09-09,SZ002353,-0.016203811392188072,EXP_XGBModel_Alpha158_csi300_custom_step0_s_20260909_16,6b5be07cbb87456cb053719231d9069a,0.08,,,
1052,2026-09-09,SZ002371,-0.01635872758924961,EXP_XGBModel_Alpha158_csi300_custom_step0_s_20260909_16,6b5be07cbb87456cb053719231d9069a,0.08,,,
1053,2026-09-09,SZ002384,0.0578620620071888,EXP_XGBModel_Alpha158_csi300_custom_step0_s_20260909_16,6b5be07cbb87456cb053719231d9069a,0.08,,,
1054,2026-09-09,SZ002415,0.0469113290309906,EXP_XGBModel_Alpha158_csi300_custom_step0_s_20260909_16,6b5be07cbb87456cb053719231d9069a,0.08,,,
1055,2026-09-09,SZ002422,-0.011740325018763542,EXP_XGBModel_Alpha158_csi300_custom_step0_s_20260909_16,6b5be07cbb87456cb053719231d9069a,0.08,,,
1056,2026-09-09,SZ002460,-0.01747611165046692,EXP_XGBModel_Alpha158_csi300_custom_step0_s_20260909_16,6b5be07cbb87456cb053719231d9069a,0.08,,,
1057,2026-09-09,SZ002463,0.05739772319793701,EXP_XGBModel_Alpha158_csi300_custom_step0_s_20260909_16,6b5be07cbb87456cb053719231d9069a,0.08,,,
1058,2026-09-09,SZ002466,0.014589295722544193,EXP_XGBModel_Alpha158_csi300_custom_step0_s_20260909_16,6b5be07cbb87456cb053719231d9069a,0.08,,,
1059,2026-09-09,SZ002475,-0.011482133530080318,EXP_XGBModel_Alpha158_csi300_custom_step0_s_20260909_16,6b5be07cbb87456cb053719231d9069a,0.08,,,
1060,2026-09-09,SZ002493,-0.03958311304450035,EXP_XGBModel_Alpha158_csi300_custom_step0_s_20260909_16,6b5be07cbb87456cb053719231d9069a,0.08,,,
1061,2026-09-09,SZ002532,0.021669337525963783,EXP_XGBModel_Alpha158_csi300_custom_step0_s_20260909_16,6b5be07cbb87456cb053719231d9069a,0.08,,,
1062,2026-09-09,SZ002558,-0.025315094739198685,EXP_XGBModel_Alpha158_csi300_custom_step0_s_20260909_16,6b5be07cbb87456cb053719231d9069a,0.08,,,
1063,2026-09-09,SZ002594,0.01123990211635828,EXP_XGBModel_Alpha158_csi300_custom_step0_s_20260909_16,6b5be07cbb87456cb053719231d9069a,0.08,,,
1064,2026-09-09,SZ002352,0.0106843002140522,EXP_XGBModel_Alpha158_csi300_custom_step0_s_20260909_16,6b5be07cbb87456cb053719231d9069a,0.08,,,
1065,2026-09-09,SZ002600,0.16311292350292206,EXP_XGBModel_Alpha158_csi300_custom_step0_s_20260909_16,6b5be07cbb87456cb053719231d9069a,0.08,,,
1066,2026-09-09,SZ002625,-0.0022635115310549736,EXP_XGBModel_Alpha158_csi300_custom_step0_s_20260909_16,6b5be07cbb87456cb053719231d9069a,0.08,,,
1067,2026-09-09,SZ002648,-0.019005727022886276,EXP_XGBModel_Alpha158_csi300_custom_step0_s_20260909_16,6b5be07cbb87456cb053719231d9069a,0.08,,,
1068,2026-09-09,SZ002709,-0.00029651145450770855,EXP_XGBModel_Alpha158_csi300_custom_step0_s_20260909_16,6b5be07cbb87456cb053719231d9069a,0.08,,,
1069,2026-09-09,SZ002714,-0.026661956682801247,EXP_XGBModel_Alpha158_csi300_custom_step0_s_20260909_16,6b5be07cbb87456cb053719231d9069a,0.08,,,
1070,2026-09-09,SZ002736,0.03344712406396866,EXP_XGBModel_Alpha158_csi300_custom_step0_s_20260909_16,6b5be07cbb87456cb053719231d9069a,0.08,,,
1071,2026-09-09,SZ002837,-0.03680318593978882,EXP_XGBModel_Alpha158_csi300_custom_step0_s_20260909_16,6b5be07cbb87456cb053719231d9069a,0.08,,,
1072,2026-09-09,SZ002916,0.08453365415334702,EXP_XGBModel_Alpha158_csi300_custom_step0_s_20260909_16,6b5be07cbb87456cb053719231d9069a,0.08,,,
1073,2026-09-09,SZ002920,-0.022844426333904266,EXP_XGBModel_Alpha158_csi300_custom_step0_s_20260909_16,6b5be07cbb87456cb053719231d9069a,0.08,,,
1074,2026-09-09,SZ002938,-0.06596644967794418,EXP_XGBModel_Alpha158_csi300_custom_step0_s_20260909_16,6b5be07cbb87456cb053719231d9069a,0.08,,,
1075,2026-09-09,SZ003816,0.027078846469521523,EXP_XGBModel_Alpha158_csi300_custom_step0_s_20260909_16,6b5be07cbb87456cb053719231d9069a,0.08,,,
1076,2026-09-09,SZ300014,-0.022643858566880226,EXP_XGBModel_Alpha158_csi300_custom_step0_s_20260909_16,6b5be07cbb87456cb053719231d9069a,0.08,,,
1077,2026-09-09,SZ300015,0.007034428417682648,EXP_XGBModel_Alpha158_csi300_custom_step0_s_20260909_16,6b5be07cbb87456cb053719231d9069a,0.08,,,
1078,2026-09-09,SZ300033,-0.022959861904382706,EXP_XGBModel_Alpha158_csi300_custom_step0_s_20260909_16,6b5be07cbb87456cb053719231d9069a,0.08,,,
1079,2026-09-09,SZ002602,-0.03290698677301407,EXP_XGBModel_Alpha158_csi300_custom_step0_s_20260909_16,6b5be07cbb87456cb053719231d9069a,0.08,,,
1080,2026-09-09,SZ002311,0.02722461335361004,EXP_XGBModel_Alpha158_csi300_custom_step0_s_20260909_16,6b5be07cbb87456cb053719231d9069a,0.08,,,
1081,2026-09-09,SZ002304,-0.001728080678731203,EXP_XGBModel_Alpha158_csi300_custom_step0_s_20260909_16,6b5be07cbb87456cb053719231d9069a,0.08,,,
1082,2026-09-09,SZ002241,-0.009235956706106663,EXP_XGBModel_Alpha158_csi300_custom_step0_s_20260909_16,6b5be07cbb87456cb053719231d9069a,0.08,,,
1083,2026-09-09,SZ000708,0.03475728631019592,EXP_XGBModel_Alpha158_csi300_custom_step0_s_20260909_16,6b5be07cbb87456cb053719231d9069a,0.08,,,
1084,2026-09-09,SZ000725,0.00026948709273710847,EXP_XGBModel_Alpha158_csi300_custom_step0_s_20260909_16,6b5be07cbb87456cb053719231d9069a,0.08,,,
1085,2026-09-09,SZ000768,0.01197588536888361,EXP_XGBModel_Alpha158_csi300_custom_step0_s_20260909_16,6b5be07cbb87456cb053719231d9069a,0.08,,,
1086,2026-09-09,SZ000776,0.018178675323724747,EXP_XGBModel_Alpha158_csi300_custom_step0_s_20260909_16,6b5be07cbb87456cb053719231d9069a,0.08,,,
1087,2026-09-09,SZ000792,-0.009778865613043308,EXP_XGBModel_Alpha158_csi300_custom_step0_s_20260909_16,6b5be07cbb87456cb053719231d9069a,0.08,,,
1088,2026-09-09,SZ000807,0.021891392767429352,EXP_XGBModel_Alpha158_csi300_custom_step0_s_20260909_16,6b5be07cbb87456cb053719231d9069a,0.08,,,
1089,2026-09-09,SZ000858,0.02907739020884037,EXP_XGBModel_Alpha158_csi300_custom_step0_s_20260909_16,6b5be07cbb87456cb053719231d9069a,0.08,,,
1090,2026-09-09,SZ000895,0.01354087982326746,EXP_XGBModel_Alpha158_csi300_custom_step0_s_20260909_16,6b5be07cbb87456cb053719231d9069a,0.08,,,
1091,2026-09-09,SZ000938,-0.002232250524684787,EXP_XGBModel_Alpha158_csi300_custom_step0_s_20260909_16,6b5be07cbb87456cb053719231d9069a,0.08,,,
1092,2026-09-09,SZ000963,-0.0036371550522744656,EXP_XGBModel_Alpha158_csi300_custom_step0_s_20260909_16,6b5be07cbb87456cb053719231d9069a,0.08,,,
1093,2026-09-09,SZ000975,-0.06274599581956863,EXP_XGBModel_Alpha158_csi300_custom_step0_s_20260909_16,6b5be07cbb87456cb053719231d9069a,0.08,,,
1094,2026-09-09,SZ000977,-0.014382981695234776,EXP_XGBModel_Alpha158_csi300_custom_step0_s_20260909_16,6b5be07cbb87456cb053719231d9069a,0.08,,,
1095,2026-09-09,SZ000988,0.08371438086032867,EXP_XGBModel_Alpha158_csi300_custom_step0_s_20260909_16,6b5be07cbb87456cb053719231d9069a,0.08,,,
1096,2026-09-09,SZ000999,0.03851477801799774,EXP_XGBModel_Alpha158_csi300_custom_step0_s_20260909_16,6b5be07cbb87456cb053719231d9069a,0.08,,,
1097,2026-09-09,SZ001280,-0.012565860524773598,EXP_XGBModel_Alpha158_csi300_custom_step0_s_20260909_16,6b5be07cbb87456cb053719231d9069a,0.08,,,
1098,2026-09-09,SZ001391,0.03212627023458481,EXP_XGBModel_Alpha158_csi300_custom_step0_s_20260909_16,6b5be07cbb87456cb053719231d9069a,0.08,,,
1099,2026-09-09,SZ001965,0.018455371260643005,EXP_XGBModel_Alpha158_csi300_custom_step0_s_20260909_16,6b5be07cbb87456cb053719231d9069a,0.08,,,
1100,2026-09-09,SZ001979,0.002667684108018875,EXP_XGBModel_Alpha158_csi300_custom_step0_s_20260909_16,6b5be07cbb87456cb053719231d9069a,0.08,,,
1101,2026-09-09,SZ002001,0.004254136700183153,EXP_XGBModel_Alpha158_csi300_custom_step0_s_20260909_16,6b5be07cbb87456cb053719231d9069a,0.08,,,
1102,2026-09-09,SZ002027,0.024210099130868912,EXP_XGBModel_Alpha158_csi300_custom_step0_s_20260909_16,6b5be07cbb87456cb053719231d9069a,0.08,,,
1103,2026-09-09,SZ002028,0.00850710179656744,EXP_XGBModel_Alpha158_csi300_custom_step0_s_20260909_16,6b5be07cbb87456cb053719231d9069a,0.08,,,
1104,2026-09-09,SZ002049,0.0012576199369505048,EXP_XGBModel_Alpha158_csi300_custom_step0_s_20260909_16,6b5be07cbb87456cb053719231d9069a,0.08,,,
1105,2026-09-09,SZ002050,0.015932822600007057,EXP_XGBModel_Alpha158_csi300_custom_step0_s_20260909_16,6b5be07cbb87456cb053719231d9069a,0.08,,,
1106,2026-09-09,SZ002074,-0.03605825826525688,EXP_XGBModel_Alpha158_csi300_custom_step0_s_20260909_16,6b5be07cbb87456cb053719231d9069a,0.08,,,
1107,2026-09-09,SZ002142,0.053835637867450714,EXP_XGBModel_Alpha158_csi300_custom_step0_s_20260909_16,6b5be07cbb87456cb053719231d9069a,0.08,,,
1108,2026-09-09,SZ002179,-0.012361310422420502,EXP_XGBModel_Alpha158_csi300_custom_step0_s_20260909_16,6b5be07cbb87456cb053719231d9069a,0.08,,,
1109,2026-09-09,SZ002202,-0.022550435736775398,EXP_XGBModel_Alpha158_csi300_custom_step0_s_20260909_16,6b5be07cbb87456cb053719231d9069a,0.08,,,
1110,2026-09-09,SZ002230,0.004778188653290272,EXP_XGBModel_Alpha158_csi300_custom_step0_s_20260909_16,6b5be07cbb87456cb053719231d9069a,0.08,,,
1111,2026-09-09,SZ002236,0.03596046194434166,EXP_XGBModel_Alpha158_csi300_custom_step0_s_20260909_16,6b5be07cbb87456cb053719231d9069a,0.08,,,
1112,2026-09-09,SZ300059,0.012800807133316994,EXP_XGBModel_Alpha158_csi300_custom_step0_s_20260909_16,6b5be07cbb87456cb053719231d9069a,0.08,,,
1113,2026-09-09,SZ300122,-0.02720731869339943,EXP_XGBModel_Alpha158_csi300_custom_step0_s_20260909_16,6b5be07cbb87456cb053719231d9069a,0.08,,,
1114,2026-09-09,SZ300124,-0.0073607610538601875,EXP_XGBModel_Alpha158_csi300_custom_step0_s_20260909_16,6b5be07cbb87456cb053719231d9069a,0.08,,,
1115,2026-09-09,SZ300251,-0.03656144067645073,EXP_XGBModel_Alpha158_csi300_custom_step0_s_20260909_16,6b5be07cbb87456cb053719231d9069a,0.08,,,
1116,2026-09-09,SH600018,-0.008574682287871838,EXP_XGBModel_Alpha158_csi300_custom_step0_s_20260909_16,8e0bcf35971a4a9bb74333db97acff8e,0.124,,,
1117,2026-09-09,SH600019,0.03732260689139366,EXP_XGBModel_Alpha158_csi300_custom_step0_s_20260909_16,8e0bcf35971a4a9bb74333db97acff8e,0.124,,,
1118,2026-09-09,SH600023,-0.018359851092100143,EXP_XGBModel_Alpha158_csi300_custom_step0_s_20260909_16,8e0bcf35971a4a9bb74333db97acff8e,0.124,,,
1119,2026-09-09,SH600025,0.03215552493929863,EXP_XGBModel_Alpha158_csi300_custom_step0_s_20260909_16,8e0bcf35971a4a9bb74333db97acff8e,0.124,,,
1120,2026-09-09,SH600026,-0.16946321725845337,EXP_XGBModel_Alpha158_csi300_custom_step0_s_20260909_16,8e0bcf35971a4a9bb74333db97acff8e,0.124,,,
1121,2026-09-09,SH600027,0.013212024234235287,EXP_XGBModel_Alpha158_csi300_custom_step0_s_20260909_16,8e0bcf35971a4a9bb74333db97acff8e,0.124,,,
1122,2026-09-09,SH600028,0.022901685908436775,EXP_XGBModel_Alpha158_csi300_custom_step0_s_20260909_16,8e0bcf35971a4a9bb74333db97acff8e,0.124,,,
1123,2026-09-09,SH600029,0.037202946841716766,EXP_XGBModel_Alpha158_csi300_custom_step0_s_20260909_16,8e0bcf35971a4a9bb74333db97acff8e,0.124,,,
1124,2026-09-09,SH600030,0.028350770473480225,EXP_XGBModel_Alpha158_csi300_custom_step0_s_20260909_16,8e0bcf35971a4a9bb74333db97acff8e,0.124,,,
1125,2026-09-09,SH600031,0.0004550385056063533,EXP_XGBModel_Alpha158_csi300_custom_step0_s_20260909_16,8e0bcf35971a4a9bb74333db97acff8e,0.124,,,
1126,2026-09-09,SH600036,0.0047883945517241955,EXP_XGBModel_Alpha158_csi300_custom_step0_s_20260909_16,8e0bcf35971a4a9bb74333db97acff8e,0.124,,,
1127,2026-09-09,SH600039,-0.007498877122998238,EXP_XGBModel_Alpha158_csi300_custom_step0_s_20260909_16,8e0bcf35971a4a9bb74333db97acff8e,0.124,,,
1128,2026-09-09,SH600048,-0.0015449989587068558,EXP_XGBModel_Alpha158_csi300_custom_step0_s_20260909_16,8e0bcf35971a4a9bb74333db97acff8e,0.124,,,
1129,2026-09-09,SH600050,0.03692493960261345,EXP_XGBModel_Alpha158_csi300_custom_step0_s_20260909_16,8e0bcf35971a4a9bb74333db97acff8e,0.124,,,
1130,2026-09-09,SH600061,0.04625457525253296,EXP_XGBModel_Alpha158_csi300_custom_step0_s_20260909_16,8e0bcf35971a4a9bb74333db97acff8e,0.124,,,
1131,2026-09-09,SH600066,-0.013949179090559483,EXP_XGBModel_Alpha158_csi300_custom_step0_s_20260909_16,8e0bcf35971a4a9bb74333db97acff8e,0.124,,,
1132,2026-09-09,SH600085,0.02294675074517727,EXP_XGBModel_Alpha158_csi300_custom_step0_s_20260909_16,8e0bcf35971a4a9bb74333db97acff8e,0.124,,,
1133,2026-09-09,SH600089,-0.02481626346707344,EXP_XGBModel_Alpha158_csi300_custom_step0_s_20260909_16,8e0bcf35971a4a9bb74333db97acff8e,0.124,,,
1134,2026-09-09,SH600104,0.01856972463428974,EXP_XGBModel_Alpha158_csi300_custom_step0_s_20260909_16,8e0bcf35971a4a9bb74333db97acff8e,0.124,,,
1135,2026-09-09,SH600111,-0.029552215710282326,EXP_XGBModel_Alpha158_csi300_custom_step0_s_20260909_16,8e0bcf35971a4a9bb74333db97acff8e,0.124,,,
1136,2026-09-09,SH600115,0.02072349563241005,EXP_XGBModel_Alpha158_csi300_custom_step0_s_20260909_16,8e0bcf35971a4a9bb74333db97acff8e,0.124,,,
1137,2026-09-09,SH600118,-0.01162835955619812,EXP_XGBModel_Alpha158_csi300_custom_step0_s_20260909_16,8e0bcf35971a4a9bb74333db97acff8e,0.124,,,
1138,2026-09-09,SH600150,-0.00266432436183095,EXP_XGBModel_Alpha158_csi300_custom_step0_s_20260909_16,8e0bcf35971a4a9bb74333db97acff8e,0.124,,,
1139,2026-09-09,SH600160,-0.042730867862701416,EXP_XGBModel_Alpha158_csi300_custom_step0_s_20260909_16,8e0bcf35971a4a9bb74333db97acff8e,0.124,,,
1140,2026-09-09,SH600176,0.0037434883415699005,EXP_XGBModel_Alpha158_csi300_custom_step0_s_20260909_16,8e0bcf35971a4a9bb74333db97acff8e,0.124,,,
1141,2026-09-09,SH600183,0.14036789536476135,EXP_XGBModel_Alpha158_csi300_custom_step0_s_20260909_16,8e0bcf35971a4a9bb74333db97acff8e,0.124,,,
1142,2026-09-09,SH600188,-0.023991072550415993,EXP_XGBModel_Alpha158_csi300_custom_step0_s_20260909_16,8e0bcf35971a4a9bb74333db97acff8e,0.124,,,
1143,2026-09-09,SH600196,0.00920521654188633,EXP_XGBModel_Alpha158_csi300_custom_step0_s_20260909_16,8e0bcf35971a4a9bb74333db97acff8e,0.124,,,
1144,2026-09-09,SH600219,0.01915665902197361,EXP_XGBModel_Alpha158_csi300_custom_step0_s_20260909_16,8e0bcf35971a4a9bb74333db97acff8e,0.124,,,
1145,2026-09-09,SH600016,0.012765629217028618,EXP_XGBModel_Alpha158_csi300_custom_step0_s_20260909_16,8e0bcf35971a4a9bb74333db97acff8e,0.124,,,
1146,2026-09-09,SZ000657,0.038783423602581024,EXP_XGBModel_Alpha158_csi300_custom_step0_s_20260909_16,6b5be07cbb87456cb053719231d9069a,0.08,,,
1147,2026-09-09,SH600015,0.0058553870767354965,EXP_XGBModel_Alpha158_csi300_custom_step0_s_20260909_16,8e0bcf35971a4a9bb74333db97acff8e,0.124,,,
1148,2026-09-09,SH600010,0.028136547654867172,EXP_XGBModel_Alpha158_csi300_custom_step0_s_20260909_16,8e0bcf35971a4a9bb74333db97acff8e,0.124,,,
1149,2026-09-09,SZ300274,0.04443158209323883,EXP_XGBModel_Alpha158_csi300_custom_step0_s_20260909_16,6b5be07cbb87456cb053719231d9069a,0.08,,,
1150,2026-09-09,SZ300308,0.03603805974125862,EXP_XGBModel_Alpha158_csi300_custom_step0_s_20260909_16,6b5be07cbb87456cb053719231d9069a,0.08,,,
1151,2026-09-09,SZ300316,0.026613513007760048,EXP_XGBModel_Alpha158_csi300_custom_step0_s_20260909_16,6b5be07cbb87456cb053719231d9069a,0.08,,,
1152,2026-09-09,SZ300394,-0.026957640424370766,EXP_XGBModel_Alpha158_csi300_custom_step0_s_20260909_16,6b5be07cbb87456cb053719231d9069a,0.08,,,
1153,2026-09-09,SZ300408,-0.05605185776948929,EXP_XGBModel_Alpha158_csi300_custom_step0_s_20260909_16,6b5be07cbb87456cb053719231d9069a,0.08,,,
1154,2026-09-09,SZ300413,0.2915787398815155,EXP_XGBModel_Alpha158_csi300_custom_step0_s_20260909_16,6b5be07cbb87456cb053719231d9069a,0.08,,,
1155,2026-09-09,SZ300418,-0.05247485637664795,EXP_XGBModel_Alpha158_csi300_custom_step0_s_20260909_16,6b5be07cbb87456cb053719231d9069a,0.08,,,
1156,2026-09-09,SZ300433,0.020645836368203163,EXP_XGBModel_Alpha158_csi300_custom_step0_s_20260909_16,6b5be07cbb87456cb053719231d9069a,0.08,,,
1157,2026-09-09,SZ300442,0.01339222677052021,EXP_XGBModel_Alpha158_csi300_custom_step0_s_20260909_16,6b5be07cbb87456cb053719231d9069a,0.08,,,
1158,2026-09-09,SZ300450,-0.014687174931168556,EXP_XGBModel_Alpha158_csi300_custom_step0_s_20260909_16,6b5be07cbb87456cb053719231d9069a,0.08,,,
1159,2026-09-09,SZ300476,0.09204363822937012,EXP_XGBModel_Alpha158_csi300_custom_step0_s_20260909_16,6b5be07cbb87456cb053719231d9069a,0.08,,,
1160,2026-09-09,SZ300498,-0.010431562550365925,EXP_XGBModel_Alpha158_csi300_custom_step0_s_20260909_16,6b5be07cbb87456cb053719231d9069a,0.08,,,
1161,2026-09-09,SZ300502,-0.03600449487566948,EXP_XGBModel_Alpha158_csi300_custom_step0_s_20260909_16,6b5be07cbb87456cb053719231d9069a,0.08,,,
1162,2026-09-09,SZ300628,-0.0077446275390684605,EXP_XGBModel_Alpha158_csi300_custom_step0_s_20260909_16,6b5be07cbb87456cb053719231d9069a,0.08,,,
1163,2026-09-09,SZ300661,-0.04825613275170326,EXP_XGBModel_Alpha158_csi300_custom_step0_s_20260909_16,6b5be07cbb87456cb053719231d9069a,0.08,,,
1164,2026-09-09,SZ300750,-0.017953520640730858,EXP_XGBModel_Alpha158_csi300_custom_step0_s_20260909_16,6b5be07cbb87456cb053719231d9069a,0.08,,,
1165,2026-09-09,SZ300760,0.01592230796813965,EXP_XGBModel_Alpha158_csi300_custom_step0_s_20260909_16,6b5be07cbb87456cb053719231d9069a,0.08,,,
1166,2026-09-09,SZ300803,-0.021413367241621017,EXP_XGBModel_Alpha158_csi300_custom_step0_s_20260909_16,6b5be07cbb87456cb053719231d9069a,0.08,,,
1167,2026-09-09,SZ300832,-0.012944328598678112,EXP_XGBModel_Alpha158_csi300_custom_step0_s_20260909_16,6b5be07cbb87456cb053719231d9069a,0.08,,,
1168,2026-09-09,SZ300866,-0.03101913258433342,EXP_XGBModel_Alpha158_csi300_custom_step0_s_20260909_16,6b5be07cbb87456cb053719231d9069a,0.08,,,
1169,2026-09-09,SZ300896,-0.02071775123476982,EXP_XGBModel_Alpha158_csi300_custom_step0_s_20260909_16,6b5be07cbb87456cb053719231d9069a,0.08,,,
1170,2026-09-09,SZ300999,-0.010585930198431015,EXP_XGBModel_Alpha158_csi300_custom_step0_s_20260909_16,6b5be07cbb87456cb053719231d9069a,0.08,,,
1171,2026-09-09,SZ301165,0.048172153532505035,EXP_XGBModel_Alpha158_csi300_custom_step0_s_20260909_16,6b5be07cbb87456cb053719231d9069a,0.08,,,
1172,2026-09-09,SZ301236,-0.02719029411673546,EXP_XGBModel_Alpha158_csi300_custom_step0_s_20260909_16,6b5be07cbb87456cb053719231d9069a,0.08,,,
1173,2026-09-09,SZ301269,-0.010507180355489254,EXP_XGBModel_Alpha158_csi300_custom_step0_s_20260909_16,6b5be07cbb87456cb053719231d9069a,0.08,,,
1174,2026-09-09,SZ301308,0.2292785793542862,EXP_XGBModel_Alpha158_csi300_custom_step0_s_20260909_16,6b5be07cbb87456cb053719231d9069a,0.08,,,
1175,2026-09-09,SZ302132,-0.005517363548278809,EXP_XGBModel_Alpha158_csi300_custom_step0_s_20260909_16,6b5be07cbb87456cb053719231d9069a,0.08,,,
1176,2026-09-09,SH600000,0.0318467915058136,EXP_XGBModel_Alpha158_csi300_custom_step0_s_20260909_16,8e0bcf35971a4a9bb74333db97acff8e,0.124,,,
1177,2026-09-09,SH600009,0.0510285384953022,EXP_XGBModel_Alpha158_csi300_custom_step0_s_20260909_16,8e0bcf35971a4a9bb74333db97acff8e,0.124,,,
1178,2026-09-09,SH600011,0.020201515406370163,EXP_XGBModel_Alpha158_csi300_custom_step0_s_20260909_16,8e0bcf35971a4a9bb74333db97acff8e,0.124,,,
1179,2026-09-09,SH600221,0.04619576036930084,EXP_XGBModel_Alpha158_csi300_custom_step0_s_20260909_16,8e0bcf35971a4a9bb74333db97acff8e,0.124,,,
1180,2026-09-09,SZ000651,0.04903334006667137,EXP_XGBModel_Alpha158_csi300_custom_step0_s_20260909_16,6b5be07cbb87456cb053719231d9069a,0.08,,,
1181,2026-09-09,SZ000625,0.005062170326709747,EXP_XGBModel_Alpha158_csi300_custom_step0_s_20260909_16,6b5be07cbb87456cb053719231d9069a,0.08,,,
1182,2026-09-09,SH601328,0.012674945406615734,EXP_XGBModel_Alpha158_csi300_custom_step0_s_20260909_16,6b5be07cbb87456cb053719231d9069a,0.08,,,
1183,2026-09-09,SH601336,0.014182491227984428,EXP_XGBModel_Alpha158_csi300_custom_step0_s_20260909_16,6b5be07cbb87456cb053719231d9069a,0.08,,,
1184,2026-09-09,SH601360,-0.01060579251497984,EXP_XGBModel_Alpha158_csi300_custom_step0_s_20260909_16,6b5be07cbb87456cb053719231d9069a,0.08,,,
1185,2026-09-09,SH601377,0.05745736509561539,EXP_XGBModel_Alpha158_csi300_custom_step0_s_20260909_16,6b5be07cbb87456cb053719231d9069a,0.08,,,
1186,2026-09-09,SH601390,0.04004973918199539,EXP_XGBModel_Alpha158_csi300_custom_step0_s_20260909_16,6b5be07cbb87456cb053719231d9069a,0.08,,,
1187,2026-09-09,SH601398,0.014509852975606918,EXP_XGBModel_Alpha158_csi300_custom_step0_s_20260909_16,6b5be07cbb87456cb053719231d9069a,0.08,,,
1188,2026-09-09,SH601456,0.037433456629514694,EXP_XGBModel_Alpha158_csi300_custom_step0_s_20260909_16,6b5be07cbb87456cb053719231d9069a,0.08,,,
1189,2026-09-09,SH601600,-0.0036385494749993086,EXP_XGBModel_Alpha158_csi300_custom_step0_s_20260909_16,6b5be07cbb87456cb053719231d9069a,0.08,,,
1190,2026-09-09,SH601601,0.0018015700625255704,EXP_XGBModel_Alpha158_csi300_custom_step0_s_20260909_16,6b5be07cbb87456cb053719231d9069a,0.08,,,
1191,2026-09-09,SH601607,0.05510464310646057,EXP_XGBModel_Alpha158_csi300_custom_step0_s_20260909_16,6b5be07cbb87456cb053719231d9069a,0.08,,,
1192,2026-09-09,SH601618,0.019623398780822754,EXP_XGBModel_Alpha158_csi300_custom_step0_s_20260909_16,6b5be07cbb87456cb053719231d9069a,0.08,,,
1193,2026-09-09,SH601628,-0.000897079473361373,EXP_XGBModel_Alpha158_csi300_custom_step0_s_20260909_16,6b5be07cbb87456cb053719231d9069a,0.08,,,
1194,2026-09-09,SH601633,-0.005828862078487873,EXP_XGBModel_Alpha158_csi300_custom_step0_s_20260909_16,6b5be07cbb87456cb053719231d9069a,0.08,,,
1195,2026-09-09,SH601319,0.014064761810004711,EXP_XGBModel_Alpha158_csi300_custom_step0_s_20260909_16,6b5be07cbb87456cb053719231d9069a,0.08,,,
1196,2026-09-09,SH601658,0.015550075098872185,EXP_XGBModel_Alpha158_csi300_custom_step0_s_20260909_16,6b5be07cbb87456cb053719231d9069a,0.08,,,
1197,2026-09-09,SH601669,0.022016488015651703,EXP_XGBModel_Alpha158_csi300_custom_step0_s_20260909_16,6b5be07cbb87456cb053719231d9069a,0.08,,,
1198,2026-09-09,SH601688,0.047296784818172455,EXP_XGBModel_Alpha158_csi300_custom_step0_s_20260909_16,6b5be07cbb87456cb053719231d9069a,0.08,,,
1199,2026-09-09,SH601689,0.0009836896788328886,EXP_XGBModel_Alpha158_csi300_custom_step0_s_20260909_16,6b5be07cbb87456cb053719231d9069a,0.08,,,
1200,2026-09-09,SH601698,0.008381924591958523,EXP_XGBModel_Alpha158_csi300_custom_step0_s_20260909_16,6b5be07cbb87456cb053719231d9069a,0.08,,,
1201,2026-09-09,SH601727,0.016441017389297485,EXP_XGBModel_Alpha158_csi300_custom_step0_s_20260909_16,6b5be07cbb87456cb053719231d9069a,0.08,,,
1202,2026-09-09,SH601728,0.03765401989221573,EXP_XGBModel_Alpha158_csi300_custom_step0_s_20260909_16,6b5be07cbb87456cb053719231d9069a,0.08,,,
1203,2026-09-09,SH601766,0.03274426609277725,EXP_XGBModel_Alpha158_csi300_custom_step0_s_20260909_16,6b5be07cbb87456cb053719231d9069a,0.08,,,
1204,2026-09-09,SH601788,0.0418090857565403,EXP_XGBModel_Alpha158_csi300_custom_step0_s_20260909_16,6b5be07cbb87456cb053719231d9069a,0.08,,,
1205,2026-09-09,SH601800,0.022570526227355003,EXP_XGBModel_Alpha158_csi300_custom_step0_s_20260909_16,6b5be07cbb87456cb053719231d9069a,0.08,,,
1206,2026-09-09,SH601816,0.05447610840201378,EXP_XGBModel_Alpha158_csi300_custom_step0_s_20260909_16,6b5be07cbb87456cb053719231d9069a,0.08,,,
1207,2026-09-09,SH601818,0.05834274739027023,EXP_XGBModel_Alpha158_csi300_custom_step0_s_20260909_16,6b5be07cbb87456cb053719231d9069a,0.08,,,
1208,2026-09-09,SH601825,0.01985313557088375,EXP_XGBModel_Alpha158_csi300_custom_step0_s_20260909_16,6b5be07cbb87456cb053719231d9069a,0.08,,,
1209,2026-09-09,SH601838,0.008432039991021156,EXP_XGBModel_Alpha158_csi300_custom_step0_s_20260909_16,6b5be07cbb87456cb053719231d9069a,0.08,,,
1210,2026-09-09,SH601668,0.03128444403409958,EXP_XGBModel_Alpha158_csi300_custom_step0_s_20260909_16,6b5be07cbb87456cb053719231d9069a,0.08,,,
1211,2026-09-09,SH601318,-0.0018445884343236685,EXP_XGBModel_Alpha158_csi300_custom_step0_s_20260909_16,6b5be07cbb87456cb053719231d9069a,0.08,,,
1212,2026-09-09,SH601288,0.009277790784835815,EXP_XGBModel_Alpha158_csi300_custom_step0_s_20260909_16,6b5be07cbb87456cb053719231d9069a,0.08,,,
1213,2026-09-09,SH601238,0.006498659495264292,EXP_XGBModel_Alpha158_csi300_custom_step0_s_20260909_16,6b5be07cbb87456cb053719231d9069a,0.08,,,
1214,2026-09-09,SH600926,0.030123982578516006,EXP_XGBModel_Alpha158_csi300_custom_step0_s_20260909_16,6b5be07cbb87456cb053719231d9069a,0.08,,,
1215,2026-09-09,SH600930,0.020797248929739,EXP_XGBModel_Alpha158_csi300_custom_step0_s_20260909_16,6b5be07cbb87456cb053719231d9069a,0.08,,,
1216,2026-09-09,SH600938,0.1192721426486969,EXP_XGBModel_Alpha158_csi300_custom_step0_s_20260909_16,6b5be07cbb87456cb053719231d9069a,0.08,,,
1217,2026-09-09,SH600941,0.042746588587760925,EXP_XGBModel_Alpha158_csi300_custom_step0_s_20260909_16,6b5be07cbb87456cb053719231d9069a,0.08,,,
1218,2026-09-09,SH600958,0.053180377930402756,EXP_XGBModel_Alpha158_csi300_custom_step0_s_20260909_16,6b5be07cbb87456cb053719231d9069a,0.08,,,
1219,2026-09-09,SH600989,0.012353891506791115,EXP_XGBModel_Alpha158_csi300_custom_step0_s_20260909_16,6b5be07cbb87456cb053719231d9069a,0.08,,,
1220,2026-09-09,SH600999,0.0017531209159642458,EXP_XGBModel_Alpha158_csi300_custom_step0_s_20260909_16,6b5be07cbb87456cb053719231d9069a,0.08,,,
1221,2026-09-09,SH601006,0.047665733844041824,EXP_XGBModel_Alpha158_csi300_custom_step0_s_20260909_16,6b5be07cbb87456cb053719231d9069a,0.08,,,
1222,2026-09-09,SH601009,0.02867828495800495,EXP_XGBModel_Alpha158_csi300_custom_step0_s_20260909_16,6b5be07cbb87456cb053719231d9069a,0.08,,,
1223,2026-09-09,SH601012,-0.014396335929632187,EXP_XGBModel_Alpha158_csi300_custom_step0_s_20260909_16,6b5be07cbb87456cb053719231d9069a,0.08,,,
1224,2026-09-09,SH601018,0.03976689651608467,EXP_XGBModel_Alpha158_csi300_custom_step0_s_20260909_16,6b5be07cbb87456cb053719231d9069a,0.08,,,
1225,2026-09-09,SH601021,0.02497575804591179,EXP_XGBModel_Alpha158_csi300_custom_step0_s_20260909_16,6b5be07cbb87456cb053719231d9069a,0.08,,,
1226,2026-09-09,SH601058,0.004834356252104044,EXP_XGBModel_Alpha158_csi300_custom_step0_s_20260909_16,6b5be07cbb87456cb053719231d9069a,0.08,,,
1227,2026-09-09,SH601059,0.011827890761196613,EXP_XGBModel_Alpha158_csi300_custom_step0_s_20260909_16,6b5be07cbb87456cb053719231d9069a,0.08,,,
1228,2026-09-09,SH601066,0.013260703533887863,EXP_XGBModel_Alpha158_csi300_custom_step0_s_20260909_16,6b5be07cbb87456cb053719231d9069a,0.08,,,
1229,2026-09-09,SH601077,0.033626701682806015,EXP_XGBModel_Alpha158_csi300_custom_step0_s_20260909_16,6b5be07cbb87456cb053719231d9069a,0.08,,,
1230,2026-09-09,SH601088,-0.004689129535108805,EXP_XGBModel_Alpha158_csi300_custom_step0_s_20260909_16,6b5be07cbb87456cb053719231d9069a,0.08,,,
1231,2026-09-09,SH601100,-0.0003532035043463111,EXP_XGBModel_Alpha158_csi300_custom_step0_s_20260909_16,6b5be07cbb87456cb053719231d9069a,0.08,,,
1232,2026-09-09,SH601111,0.028201226145029068,EXP_XGBModel_Alpha158_csi300_custom_step0_s_20260909_16,6b5be07cbb87456cb053719231d9069a,0.08,,,
1233,2026-09-09,SH601117,0.03178911656141281,EXP_XGBModel_Alpha158_csi300_custom_step0_s_20260909_16,6b5be07cbb87456cb053719231d9069a,0.08,,,
1234,2026-09-09,SH601127,-0.009423678740859032,EXP_XGBModel_Alpha158_csi300_custom_step0_s_20260909_16,6b5be07cbb87456cb053719231d9069a,0.08,,,
1235,2026-09-09,SH601136,0.000793109240476042,EXP_XGBModel_Alpha158_csi300_custom_step0_s_20260909_16,6b5be07cbb87456cb053719231d9069a,0.08,,,
1236,2026-09-09,SH601138,-0.07195452600717545,EXP_XGBModel_Alpha158_csi300_custom_step0_s_20260909_16,6b5be07cbb87456cb053719231d9069a,0.08,,,
1237,2026-09-09,SH601166,0.04747984930872917,EXP_XGBModel_Alpha158_csi300_custom_step0_s_20260909_16,6b5be07cbb87456cb053719231d9069a,0.08,,,
1238,2026-09-09,SH601169,0.0001806254149414599,EXP_XGBModel_Alpha158_csi300_custom_step0_s_20260909_16,6b5be07cbb87456cb053719231d9069a,0.08,,,
1239,2026-09-09,SH601186,0.03367897868156433,EXP_XGBModel_Alpha158_csi300_custom_step0_s_20260909_16,6b5be07cbb87456cb053719231d9069a,0.08,,,
1240,2026-09-09,SH601211,0.04273536428809166,EXP_XGBModel_Alpha158_csi300_custom_step0_s_20260909_16,6b5be07cbb87456cb053719231d9069a,0.08,,,
1241,2026-09-09,SH601225,-0.01582184061408043,EXP_XGBModel_Alpha158_csi300_custom_step0_s_20260909_16,6b5be07cbb87456cb053719231d9069a,0.08,,,
1242,2026-09-09,SH601229,0.0382583923637867,EXP_XGBModel_Alpha158_csi300_custom_step0_s_20260909_16,6b5be07cbb87456cb053719231d9069a,0.08,,,
1243,2026-09-09,SH601857,0.014842159114778042,EXP_XGBModel_Alpha158_csi300_custom_step0_s_20260909_16,6b5be07cbb87456cb053719231d9069a,0.08,,,
1244,2026-09-09,SH601868,0.024761252105236053,EXP_XGBModel_Alpha158_csi300_custom_step0_s_20260909_16,6b5be07cbb87456cb053719231d9069a,0.08,,,
1245,2026-09-09,SH601872,-0.0169540848582983,EXP_XGBModel_Alpha158_csi300_custom_step0_s_20260909_16,6b5be07cbb87456cb053719231d9069a,0.08,,,
1246,2026-09-09,SH601877,0.026842176914215088,EXP_XGBModel_Alpha158_csi300_custom_step0_s_20260909_16,6b5be07cbb87456cb053719231d9069a,0.08,,,
1247,2026-09-09,SH688072,-0.03582102432847023,EXP_XGBModel_Alpha158_csi300_custom_step0_s_20260909_16,6b5be07cbb87456cb053719231d9069a,0.08,,,
1248,2026-09-09,SH688082,0.008949716575443745,EXP_XGBModel_Alpha158_csi300_custom_step0_s_20260909_16,6b5be07cbb87456cb053719231d9069a,0.08,,,
1249,2026-09-09,SH688111,-0.01329480204731226,EXP_XGBModel_Alpha158_csi300_custom_step0_s_20260909_16,6b5be07cbb87456cb053719231d9069a,0.08,,,
1250,2026-09-09,SH688126,0.007625172380357981,EXP_XGBModel_Alpha158_csi300_custom_step0_s_20260909_16,6b5be07cbb87456cb053719231d9069a,0.08,,,
1251,2026-09-09,SH688183,-0.07275769859552383,EXP_XGBModel_Alpha158_csi300_custom_step0_s_20260909_16,6b5be07cbb87456cb053719231d9069a,0.08,,,
1252,2026-09-09,SH688223,-0.00827273353934288,EXP_XGBModel_Alpha158_csi300_custom_step0_s_20260909_16,6b5be07cbb87456cb053719231d9069a,0.08,,,
1253,2026-09-09,SH688256,0.05036229267716408,EXP_XGBModel_Alpha158_csi300_custom_step0_s_20260909_16,6b5be07cbb87456cb053719231d9069a,0.08,,,
1254,2026-09-09,SH688271,-0.040517281740903854,EXP_XGBModel_Alpha158_csi300_custom_step0_s_20260909_16,6b5be07cbb87456cb053719231d9069a,0.08,,,
1255,2026-09-09,SH688303,-0.008971799165010452,EXP_XGBModel_Alpha158_csi300_custom_step0_s_20260909_16,6b5be07cbb87456cb053719231d9069a,0.08,,,
1256,2026-09-09,SH688396,0.021639855578541756,EXP_XGBModel_Alpha158_csi300_custom_step0_s_20260909_16,6b5be07cbb87456cb053719231d9069a,0.08,,,
1257,2026-09-09,SH688472,-0.019877474755048752,EXP_XGBModel_Alpha158_csi300_custom_step0_s_20260909_16,6b5be07cbb87456cb053719231d9069a,0.08,,,
1258,2026-09-09,SH688506,-0.0007199876708909869,EXP_XGBModel_Alpha158_csi300_custom_step0_s_20260909_16,6b5be07cbb87456cb053719231d9069a,0.08,,,
1259,2026-09-09,SH688521,0.06225702539086342,EXP_XGBModel_Alpha158_csi300_custom_step0_s_20260909_16,6b5be07cbb87456cb053719231d9069a,0.08,,,
1260,2026-09-09,SH688981,-0.0006141903577372432,EXP_XGBModel_Alpha158_csi300_custom_step0_s_20260909_16,6b5be07cbb87456cb053719231d9069a,0.08,,,
1261,2026-09-09,SZ000001,0.03353457152843475,EXP_XGBModel_Alpha158_csi300_custom_step0_s_20260909_16,6b5be07cbb87456cb053719231d9069a,0.08,,,
1262,2026-09-09,SZ000002,0.0021353457123041153,EXP_XGBModel_Alpha158_csi300_custom_step0_s_20260909_16,6b5be07cbb87456cb053719231d9069a,0.08,,,
1263,2026-09-09,SZ000063,-0.0007857572054490447,EXP_XGBModel_Alpha158_csi300_custom_step0_s_20260909_16,6b5be07cbb87456cb053719231d9069a,0.08,,,
1264,2026-09-09,SZ000100,-0.012912774458527565,EXP_XGBModel_Alpha158_csi300_custom_step0_s_20260909_16,6b5be07cbb87456cb053719231d9069a,0.08,,,
1265,2026-09-09,SZ000157,0.004155533853918314,EXP_XGBModel_Alpha158_csi300_custom_step0_s_20260909_16,6b5be07cbb87456cb053719231d9069a,0.08,,,
1266,2026-09-09,SZ000166,0.0697639212012291,EXP_XGBModel_Alpha158_csi300_custom_step0_s_20260909_16,6b5be07cbb87456cb053719231d9069a,0.08,,,
1267,2026-09-09,SZ000301,-0.03843976557254791,EXP_XGBModel_Alpha158_csi300_custom_step0_s_20260909_16,6b5be07cbb87456cb053719231d9069a,0.08,,,
1268,2026-09-09,SZ000333,0.049421172589063644,EXP_XGBModel_Alpha158_csi300_custom_step0_s_20260909_16,6b5be07cbb87456cb053719231d9069a,0.08,,,
1269,2026-09-09,SZ000338,-0.033747561275959015,EXP_XGBModel_Alpha158_csi300_custom_step0_s_20260909_16,6b5be07cbb87456cb053719231d9069a,0.08,,,
1270,2026-09-09,SZ000408,-0.033204976469278336,EXP_XGBModel_Alpha158_csi300_custom_step0_s_20260909_16,6b5be07cbb87456cb053719231d9069a,0.08,,,
1271,2026-09-09,SZ000425,0.06671718508005142,EXP_XGBModel_Alpha158_csi300_custom_step0_s_20260909_16,6b5be07cbb87456cb053719231d9069a,0.08,,,
1272,2026-09-09,SZ000538,0.05115572735667229,EXP_XGBModel_Alpha158_csi300_custom_step0_s_20260909_16,6b5be07cbb87456cb053719231d9069a,0.08,,,
1273,2026-09-09,SZ000568,-0.0011904982384294271,EXP_XGBModel_Alpha158_csi300_custom_step0_s_20260909_16,6b5be07cbb87456cb053719231d9069a,0.08,,,
1274,2026-09-09,SZ000596,-0.02209242805838585,EXP_XGBModel_Alpha158_csi300_custom_step0_s_20260909_16,6b5be07cbb87456cb053719231d9069a,0.08,,,
1275,2026-09-09,SZ000617,-0.012009769678115845,EXP_XGBModel_Alpha158_csi300_custom_step0_s_20260909_16,6b5be07cbb87456cb053719231d9069a,0.08,,,
1276,2026-09-09,SH688047,0.02550686150789261,EXP_XGBModel_Alpha158_csi300_custom_step0_s_20260909_16,6b5be07cbb87456cb053719231d9069a,0.08,,,
1277,2026-09-09,SZ000630,-0.06013784557580948,EXP_XGBModel_Alpha158_csi300_custom_step0_s_20260909_16,6b5be07cbb87456cb053719231d9069a,0.08,,,
1278,2026-09-09,SH688041,-0.01133313961327076,EXP_XGBModel_Alpha158_csi300_custom_step0_s_20260909_16,6b5be07cbb87456cb053719231d9069a,0.08,,,
1279,2026-09-09,SH688012,-0.025646083056926727,EXP_XGBModel_Alpha158_csi300_custom_step0_s_20260909_16,6b5be07cbb87456cb053719231d9069a,0.08,,,
1280,2026-09-09,SH601878,0.0450182743370533,EXP_XGBModel_Alpha158_csi300_custom_step0_s_20260909_16,6b5be07cbb87456cb053719231d9069a,0.08,,,
1281,2026-09-09,SH601881,0.039787668734788895,EXP_XGBModel_Alpha158_csi300_custom_step0_s_20260909_16,6b5be07cbb87456cb053719231d9069a,0.08,,,
1282,2026-09-09,SH601888,-0.009539819322526455,EXP_XGBModel_Alpha158_csi300_custom_step0_s_20260909_16,6b5be07cbb87456cb053719231d9069a,0.08,,,
1283,2026-09-09,SH601898,-0.007942192256450653,EXP_XGBModel_Alpha158_csi300_custom_step0_s_20260909_16,6b5be07cbb87456cb053719231d9069a,0.08,,,
1284,2026-09-09,SH601899,-0.026551438495516777,EXP_XGBModel_Alpha158_csi300_custom_step0_s_20260909_16,6b5be07cbb87456cb053719231d9069a,0.08,,,
1285,2026-09-09,SH601901,0.03960238769650459,EXP_XGBModel_Alpha158_csi300_custom_step0_s_20260909_16,6b5be07cbb87456cb053719231d9069a,0.08,,,
1286,2026-09-09,SH601916,0.056475989520549774,EXP_XGBModel_Alpha158_csi300_custom_step0_s_20260909_16,6b5be07cbb87456cb053719231d9069a,0.08,,,
1287,2026-09-09,SH601919,-0.012329181656241417,EXP_XGBModel_Alpha158_csi300_custom_step0_s_20260909_16,6b5be07cbb87456cb053719231d9069a,0.08,,,
1288,2026-09-09,SH601939,0.00018622884817887098,EXP_XGBModel_Alpha158_csi300_custom_step0_s_20260909_16,6b5be07cbb87456cb053719231d9069a,0.08,,,
1289,2026-09-09,SH601985,0.10468840599060059,EXP_XGBModel_Alpha158_csi300_custom_step0_s_20260909_16,6b5be07cbb87456cb053719231d9069a,0.08,,,
1290,2026-09-09,SH601988,0.014759921468794346,EXP_XGBModel_Alpha158_csi300_custom_step0_s_20260909_16,6b5be07cbb87456cb053719231d9069a,0.08,,,
1291,2026-09-09,SH601995,-0.00995931401848793,EXP_XGBModel_Alpha158_csi300_custom_step0_s_20260909_16,6b5be07cbb87456cb053719231d9069a,0.08,,,
1292,2026-09-09,SH601998,0.031243320554494858,EXP_XGBModel_Alpha158_csi300_custom_step0_s_20260909_16,6b5be07cbb87456cb053719231d9069a,0.08,,,
1293,2026-09-09,SH603019,-0.018047813326120377,EXP_XGBModel_Alpha158_csi300_custom_step0_s_20260909_16,6b5be07cbb87456cb053719231d9069a,0.08,,,
1294,2026-09-09,SH603259,-0.04094506800174713,EXP_XGBModel_Alpha158_csi300_custom_step0_s_20260909_16,6b5be07cbb87456cb053719231d9069a,0.08,,,
1295,2026-09-09,SH603260,-0.05536423623561859,EXP_XGBModel_Alpha158_csi300_custom_step0_s_20260909_16,6b5be07cbb87456cb053719231d9069a,0.08,,,
1296,2026-09-09,SH603288,0.006098659243434668,EXP_XGBModel_Alpha158_csi300_custom_step0_s_20260909_16,6b5be07cbb87456cb053719231d9069a,0.08,,,
1297,2026-09-09,SH603296,-0.026992499828338623,EXP_XGBModel_Alpha158_csi300_custom_step0_s_20260909_16,6b5be07cbb87456cb053719231d9069a,0.08,,,
1298,2026-09-09,SH603369,-0.022673383355140686,EXP_XGBModel_Alpha158_csi300_custom_step0_s_20260909_16,6b5be07cbb87456cb053719231d9069a,0.08,,,
1299,2026-09-09,SH603392,-0.008906318806111813,EXP_XGBModel_Alpha158_csi300_custom_step0_s_20260909_16,6b5be07cbb87456cb053719231d9069a,0.08,,,
1300,2026-09-09,SH603501,-0.011482144705951214,EXP_XGBModel_Alpha158_csi300_custom_step0_s_20260909_16,6b5be07cbb87456cb053719231d9069a,0.08,,,
1301,2026-09-09,SH603799,-0.021392710506916046,EXP_XGBModel_Alpha158_csi300_custom_step0_s_20260909_16,6b5be07cbb87456cb053719231d9069a,0.08,,,
1302,2026-09-09,SH603893,-0.04916836693882942,EXP_XGBModel_Alpha158_csi300_custom_step0_s_20260909_16,6b5be07cbb87456cb053719231d9069a,0.08,,,
1303,2026-09-09,SH603986,0.0246741883456707,EXP_XGBModel_Alpha158_csi300_custom_step0_s_20260909_16,6b5be07cbb87456cb053719231d9069a,0.08,,,
1304,2026-09-09,SH603993,-0.06536798924207687,EXP_XGBModel_Alpha158_csi300_custom_step0_s_20260909_16,6b5be07cbb87456cb053719231d9069a,0.08,,,
1305,2026-09-09,SH605117,-0.018675653263926506,EXP_XGBModel_Alpha158_csi300_custom_step0_s_20260909_16,6b5be07cbb87456cb053719231d9069a,0.08,,,
1306,2026-09-09,SH605499,-0.02396966516971588,EXP_XGBModel_Alpha158_csi300_custom_step0_s_20260909_16,6b5be07cbb87456cb053719231d9069a,0.08,,,
1307,2026-09-09,SH688008,0.020909441635012627,EXP_XGBModel_Alpha158_csi300_custom_step0_s_20260909_16,6b5be07cbb87456cb053719231d9069a,0.08,,,
1308,2026-09-09,SH688009,0.04250122234225273,EXP_XGBModel_Alpha158_csi300_custom_step0_s_20260909_16,6b5be07cbb87456cb053719231d9069a,0.08,,,
1309,2026-09-09,SH688036,-0.025465987622737885,EXP_XGBModel_Alpha158_csi300_custom_step0_s_20260909_16,6b5be07cbb87456cb053719231d9069a,0.08,,,
1310,2026-09-09,SH600233,0.027838706970214844,EXP_XGBModel_Alpha158_csi300_custom_step0_s_20260909_16,8e0bcf35971a4a9bb74333db97acff8e,0.124,,,
1311,2026-09-09,SH600276,0.020388523116707802,EXP_XGBModel_Alpha158_csi300_custom_step0_s_20260909_16,8e0bcf35971a4a9bb74333db97acff8e,0.124,,,
1312,2026-09-09,SH600309,0.026713771745562553,EXP_XGBModel_Alpha158_csi300_custom_step0_s_20260909_16,8e0bcf35971a4a9bb74333db97acff8e,0.124,,,
1313,2026-09-09,SZ000625,0.006305893883109093,EXP_XGBModel_Alpha158_csi300_custom_step0_s_20260909_16,8e0bcf35971a4a9bb74333db97acff8e,0.124,,,
1314,2026-09-09,SZ000630,-0.047288473695516586,EXP_XGBModel_Alpha158_csi300_custom_step0_s_20260909_16,8e0bcf35971a4a9bb74333db97acff8e,0.124,,,
1315,2026-09-09,SZ000651,0.03871898353099823,EXP_XGBModel_Alpha158_csi300_custom_step0_s_20260909_16,8e0bcf35971a4a9bb74333db97acff8e,0.124,,,
1316,2026-09-09,SZ000657,-0.1511002480983734,EXP_XGBModel_Alpha158_csi300_custom_step0_s_20260909_16,8e0bcf35971a4a9bb74333db97acff8e,0.124,,,
1317,2026-09-09,SZ000708,0.02238391898572445,EXP_XGBModel_Alpha158_csi300_custom_step0_s_20260909_16,8e0bcf35971a4a9bb74333db97acff8e,0.124,,,
1318,2026-09-09,SZ000725,-0.03493727743625641,EXP_XGBModel_Alpha158_csi300_custom_step0_s_20260909_16,8e0bcf35971a4a9bb74333db97acff8e,0.124,,,
1319,2026-09-09,SZ000768,0.0009140219772234559,EXP_XGBModel_Alpha158_csi300_custom_step0_s_20260909_16,8e0bcf35971a4a9bb74333db97acff8e,0.124,,,
1320,2026-09-09,SZ000776,0.03318366780877113,EXP_XGBModel_Alpha158_csi300_custom_step0_s_20260909_16,8e0bcf35971a4a9bb74333db97acff8e,0.124,,,
1321,2026-09-09,SZ000792,-0.01752169243991375,EXP_XGBModel_Alpha158_csi300_custom_step0_s_20260909_16,8e0bcf35971a4a9bb74333db97acff8e,0.124,,,
1322,2026-09-09,SZ000807,-0.0043077110312879086,EXP_XGBModel_Alpha158_csi300_custom_step0_s_20260909_16,8e0bcf35971a4a9bb74333db97acff8e,0.124,,,
1323,2026-09-09,SZ000858,0.02533569559454918,EXP_XGBModel_Alpha158_csi300_custom_step0_s_20260909_16,8e0bcf35971a4a9bb74333db97acff8e,0.124,,,
1324,2026-09-09,SZ000895,0.007966263219714165,EXP_XGBModel_Alpha158_csi300_custom_step0_s_20260909_16,8e0bcf35971a4a9bb74333db97acff8e,0.124,,,
1325,2026-09-09,SZ000938,-0.03365934267640114,EXP_XGBModel_Alpha158_csi300_custom_step0_s_20260909_16,8e0bcf35971a4a9bb74333db97acff8e,0.124,,,
1326,2026-09-09,SZ000617,0.01652023382484913,EXP_XGBModel_Alpha158_csi300_custom_step0_s_20260909_16,8e0bcf35971a4a9bb74333db97acff8e,0.124,,,
1327,2026-09-09,SZ000963,0.004682824015617371,EXP_XGBModel_Alpha158_csi300_custom_step0_s_20260909_16,8e0bcf35971a4a9bb74333db97acff8e,0.124,,,
1328,2026-09-09,SZ000977,-0.044842496514320374,EXP_XGBModel_Alpha158_csi300_custom_step0_s_20260909_16,8e0bcf35971a4a9bb74333db97acff8e,0.124,,,
1329,2026-09-09,SZ000988,-0.018735425546765327,EXP_XGBModel_Alpha158_csi300_custom_step0_s_20260909_16,8e0bcf35971a4a9bb74333db97acff8e,0.124,,,
1330,2026-09-09,SZ000999,0.03306091949343681,EXP_XGBModel_Alpha158_csi300_custom_step0_s_20260909_16,8e0bcf35971a4a9bb74333db97acff8e,0.124,,,
1331,2026-09-09,SZ001280,-0.0743626058101654,EXP_XGBModel_Alpha158_csi300_custom_step0_s_20260909_16,8e0bcf35971a4a9bb74333db97acff8e,0.124,,,
1332,2026-09-09,SZ001391,0.037327658385038376,EXP_XGBModel_Alpha158_csi300_custom_step0_s_20260909_16,8e0bcf35971a4a9bb74333db97acff8e,0.124,,,
1333,2026-09-09,SZ001965,0.01577874831855297,EXP_XGBModel_Alpha158_csi300_custom_step0_s_20260909_16,8e0bcf35971a4a9bb74333db97acff8e,0.124,,,
1334,2026-09-09,SZ001979,0.005130731035023928,EXP_XGBModel_Alpha158_csi300_custom_step0_s_20260909_16,8e0bcf35971a4a9bb74333db97acff8e,0.124,,,
1335,2026-09-09,SZ002001,0.0005262906197458506,EXP_XGBModel_Alpha158_csi300_custom_step0_s_20260909_16,8e0bcf35971a4a9bb74333db97acff8e,0.124,,,
1336,2026-09-09,SZ002027,0.027134835720062256,EXP_XGBModel_Alpha158_csi300_custom_step0_s_20260909_16,8e0bcf35971a4a9bb74333db97acff8e,0.124,,,
1337,2026-09-09,SZ002028,0.0047123972326517105,EXP_XGBModel_Alpha158_csi300_custom_step0_s_20260909_16,8e0bcf35971a4a9bb74333db97acff8e,0.124,,,
1338,2026-09-09,SZ002049,0.0032375662121921778,EXP_XGBModel_Alpha158_csi300_custom_step0_s_20260909_16,8e0bcf35971a4a9bb74333db97acff8e,0.124,,,
1339,2026-09-09,SZ002050,-0.016666937619447708,EXP_XGBModel_Alpha158_csi300_custom_step0_s_20260909_16,8e0bcf35971a4a9bb74333db97acff8e,0.124,,,
1340,2026-09-09,SZ002074,-0.043900612741708755,EXP_XGBModel_Alpha158_csi300_custom_step0_s_20260909_16,8e0bcf35971a4a9bb74333db97acff8e,0.124,,,
1341,2026-09-09,SZ000975,-0.03507998585700989,EXP_XGBModel_Alpha158_csi300_custom_step0_s_20260909_16,8e0bcf35971a4a9bb74333db97acff8e,0.124,,,
1342,2026-09-09,SZ000596,-0.034600574523210526,EXP_XGBModel_Alpha158_csi300_custom_step0_s_20260909_16,8e0bcf35971a4a9bb74333db97acff8e,0.124,,,
1343,2026-09-09,SZ000568,0.010877059772610664,EXP_XGBModel_Alpha158_csi300_custom_step0_s_20260909_16,8e0bcf35971a4a9bb74333db97acff8e,0.124,,,
1344,2026-09-09,SZ000538,0.04227104038000107,EXP_XGBModel_Alpha158_csi300_custom_step0_s_20260909_16,8e0bcf35971a4a9bb74333db97acff8e,0.124,,,
1345,2026-09-09,SH688012,-0.0301236342638731,EXP_XGBModel_Alpha158_csi300_custom_step0_s_20260909_16,8e0bcf35971a4a9bb74333db97acff8e,0.124,,,
1346,2026-09-09,SH688036,-0.03628190979361534,EXP_XGBModel_Alpha158_csi300_custom_step0_s_20260909_16,8e0bcf35971a4a9bb74333db97acff8e,0.124,,,
1347,2026-09-09,SH688041,0.028147753328084946,EXP_XGBModel_Alpha158_csi300_custom_step0_s_20260909_16,8e0bcf35971a4a9bb74333db97acff8e,0.124,,,
1348,2026-09-09,SH688047,-0.006162503734230995,EXP_XGBModel_Alpha158_csi300_custom_step0_s_20260909_16,8e0bcf35971a4a9bb74333db97acff8e,0.124,,,
1349,2026-09-09,SH688072,-0.03831108659505844,EXP_XGBModel_Alpha158_csi300_custom_step0_s_20260909_16,8e0bcf35971a4a9bb74333db97acff8e,0.124,,,
1350,2026-09-09,SH688082,-0.045275233685970306,EXP_XGBModel_Alpha158_csi300_custom_step0_s_20260909_16,8e0bcf35971a4a9bb74333db97acff8e,0.124,,,
1351,2026-09-09,SH688111,-0.04066504165530205,EXP_XGBModel_Alpha158_csi300_custom_step0_s_20260909_16,8e0bcf35971a4a9bb74333db97acff8e,0.124,,,
1352,2026-09-09,SH688126,-0.005700048059225082,EXP_XGBModel_Alpha158_csi300_custom_step0_s_20260909_16,8e0bcf35971a4a9bb74333db97acff8e,0.124,,,
1353,2026-09-09,SH688183,0.05382346734404564,EXP_XGBModel_Alpha158_csi300_custom_step0_s_20260909_16,8e0bcf35971a4a9bb74333db97acff8e,0.124,,,
1354,2026-09-09,SH688223,0.006682100705802441,EXP_XGBModel_Alpha158_csi300_custom_step0_s_20260909_16,8e0bcf35971a4a9bb74333db97acff8e,0.124,,,
1355,2026-09-09,SH688256,-0.0005737345200031996,EXP_XGBModel_Alpha158_csi300_custom_step0_s_20260909_16,8e0bcf35971a4a9bb74333db97acff8e,0.124,,,
1356,2026-09-09,SH688271,-0.003563967999070883,EXP_XGBModel_Alpha158_csi300_custom_step0_s_20260909_16,8e0bcf35971a4a9bb74333db97acff8e,0.124,,,
1357,2026-09-09,SH688303,-0.009861618280410767,EXP_XGBModel_Alpha158_csi300_custom_step0_s_20260909_16,8e0bcf35971a4a9bb74333db97acff8e,0.124,,,
1358,2026-09-09,SH688396,-0.008246194571256638,EXP_XGBModel_Alpha158_csi300_custom_step0_s_20260909_16,8e0bcf35971a4a9bb74333db97acff8e,0.124,,,
1359,2026-09-09,SH688472,-0.0136766592040658,EXP_XGBModel_Alpha158_csi300_custom_step0_s_20260909_16,8e0bcf35971a4a9bb74333db97acff8e,0.124,,,
1360,2026-09-09,SH688506,0.01866433583199978,EXP_XGBModel_Alpha158_csi300_custom_step0_s_20260909_16,8e0bcf35971a4a9bb74333db97acff8e,0.124,,,
1361,2026-09-09,SH688521,-0.01710260473191738,EXP_XGBModel_Alpha158_csi300_custom_step0_s_20260909_16,8e0bcf35971a4a9bb74333db97acff8e,0.124,,,
1362,2026-09-09,SH688981,-0.02287539839744568,EXP_XGBModel_Alpha158_csi300_custom_step0_s_20260909_16,8e0bcf35971a4a9bb74333db97acff8e,0.124,,,
1363,2026-09-09,SZ000001,0.034950390458106995,EXP_XGBModel_Alpha158_csi300_custom_step0_s_20260909_16,8e0bcf35971a4a9bb74333db97acff8e,0.124,,,
1364,2026-09-09,SZ000002,-0.013527919538319111,EXP_XGBModel_Alpha158_csi300_custom_step0_s_20260909_16,8e0bcf35971a4a9bb74333db97acff8e,0.124,,,
1365,2026-09-09,SZ000063,0.009221134707331657,EXP_XGBModel_Alpha158_csi300_custom_step0_s_20260909_16,8e0bcf35971a4a9bb74333db97acff8e,0.124,,,
1366,2026-09-09,SZ000100,-0.015745531767606735,EXP_XGBModel_Alpha158_csi300_custom_step0_s_20260909_16,8e0bcf35971a4a9bb74333db97acff8e,0.124,,,
1367,2026-09-09,SZ000157,-0.006359012797474861,EXP_XGBModel_Alpha158_csi300_custom_step0_s_20260909_16,8e0bcf35971a4a9bb74333db97acff8e,0.124,,,
1368,2026-09-09,SZ000166,0.048929642885923386,EXP_XGBModel_Alpha158_csi300_custom_step0_s_20260909_16,8e0bcf35971a4a9bb74333db97acff8e,0.124,,,
1369,2026-09-09,SZ000301,-0.01779940165579319,EXP_XGBModel_Alpha158_csi300_custom_step0_s_20260909_16,8e0bcf35971a4a9bb74333db97acff8e,0.124,,,
1370,2026-09-09,SZ000333,0.03504089638590813,EXP_XGBModel_Alpha158_csi300_custom_step0_s_20260909_16,8e0bcf35971a4a9bb74333db97acff8e,0.124,,,
1371,2026-09-09,SZ000338,-0.016603466123342514,EXP_XGBModel_Alpha158_csi300_custom_step0_s_20260909_16,8e0bcf35971a4a9bb74333db97acff8e,0.124,,,
1372,2026-09-09,SZ000408,-0.038773857057094574,EXP_XGBModel_Alpha158_csi300_custom_step0_s_20260909_16,8e0bcf35971a4a9bb74333db97acff8e,0.124,,,
1373,2026-09-09,SZ000425,-0.005734093952924013,EXP_XGBModel_Alpha158_csi300_custom_step0_s_20260909_16,8e0bcf35971a4a9bb74333db97acff8e,0.124,,,
1374,2026-09-09,SZ002142,0.06007775291800499,EXP_XGBModel_Alpha158_csi300_custom_step0_s_20260909_16,8e0bcf35971a4a9bb74333db97acff8e,0.124,,,
1375,2026-09-09,SZ002179,-0.013796866871416569,EXP_XGBModel_Alpha158_csi300_custom_step0_s_20260909_16,8e0bcf35971a4a9bb74333db97acff8e,0.124,,,
1376,2026-09-09,SZ002202,-0.024832122027873993,EXP_XGBModel_Alpha158_csi300_custom_step0_s_20260909_16,8e0bcf35971a4a9bb74333db97acff8e,0.124,,,
1377,2026-09-09,SZ002230,-0.0037796373944729567,EXP_XGBModel_Alpha158_csi300_custom_step0_s_20260909_16,8e0bcf35971a4a9bb74333db97acff8e,0.124,,,
1378,2026-09-09,SZ300059,0.024758879095315933,EXP_XGBModel_Alpha158_csi300_custom_step0_s_20260909_16,8e0bcf35971a4a9bb74333db97acff8e,0.124,,,
1379,2026-09-09,SZ300122,-0.015561245381832123,EXP_XGBModel_Alpha158_csi300_custom_step0_s_20260909_16,8e0bcf35971a4a9bb74333db97acff8e,0.124,,,
1380,2026-09-09,SZ300124,-0.019585665315389633,EXP_XGBModel_Alpha158_csi300_custom_step0_s_20260909_16,8e0bcf35971a4a9bb74333db97acff8e,0.124,,,
1381,2026-09-09,SZ300251,-0.029244057834148407,EXP_XGBModel_Alpha158_csi300_custom_step0_s_20260909_16,8e0bcf35971a4a9bb74333db97acff8e,0.124,,,
1382,2026-09-09,SZ300274,0.09245847910642624,EXP_XGBModel_Alpha158_csi300_custom_step0_s_20260909_16,8e0bcf35971a4a9bb74333db97acff8e,0.124,,,
1383,2026-09-09,SZ300308,0.03210830315947533,EXP_XGBModel_Alpha158_csi300_custom_step0_s_20260909_16,8e0bcf35971a4a9bb74333db97acff8e,0.124,,,
1384,2026-09-09,SZ300316,-0.01800960674881935,EXP_XGBModel_Alpha158_csi300_custom_step0_s_20260909_16,8e0bcf35971a4a9bb74333db97acff8e,0.124,,,
1385,2026-09-09,SZ300394,0.07117012143135071,EXP_XGBModel_Alpha158_csi300_custom_step0_s_20260909_16,8e0bcf35971a4a9bb74333db97acff8e,0.124,,,
1386,2026-09-09,SZ300408,-0.026255017146468163,EXP_XGBModel_Alpha158_csi300_custom_step0_s_20260909_16,8e0bcf35971a4a9bb74333db97acff8e,0.124,,,
1387,2026-09-09,SZ300413,0.3520180881023407,EXP_XGBModel_Alpha158_csi300_custom_step0_s_20260909_16,8e0bcf35971a4a9bb74333db97acff8e,0.124,,,
1388,2026-09-09,SZ300418,-0.03636506572365761,EXP_XGBModel_Alpha158_csi300_custom_step0_s_20260909_16,8e0bcf35971a4a9bb74333db97acff8e,0.124,,,
1389,2026-09-09,SZ300433,-0.04057883843779564,EXP_XGBModel_Alpha158_csi300_custom_step0_s_20260909_16,8e0bcf35971a4a9bb74333db97acff8e,0.124,,,
1390,2026-09-09,SZ300442,-0.035680677741765976,EXP_XGBModel_Alpha158_csi300_custom_step0_s_20260909_16,8e0bcf35971a4a9bb74333db97acff8e,0.124,,,
1391,2026-09-09,SZ300450,-0.02501903660595417,EXP_XGBModel_Alpha158_csi300_custom_step0_s_20260909_16,8e0bcf35971a4a9bb74333db97acff8e,0.124,,,
1392,2026-09-09,SZ300476,0.0717737227678299,EXP_XGBModel_Alpha158_csi300_custom_step0_s_20260909_16,8e0bcf35971a4a9bb74333db97acff8e,0.124,,,
1393,2026-09-09,SZ300498,-0.005694809835404158,EXP_XGBModel_Alpha158_csi300_custom_step0_s_20260909_16,8e0bcf35971a4a9bb74333db97acff8e,0.124,,,
1394,2026-09-09,SZ300502,0.10294583439826965,EXP_XGBModel_Alpha158_csi300_custom_step0_s_20260909_16,8e0bcf35971a4a9bb74333db97acff8e,0.124,,,
1395,2026-09-09,SZ300628,-0.012739459052681923,EXP_XGBModel_Alpha158_csi300_custom_step0_s_20260909_16,8e0bcf35971a4a9bb74333db97acff8e,0.124,,,
1396,2026-09-09,SZ300661,-0.03199423477053642,EXP_XGBModel_Alpha158_csi300_custom_step0_s_20260909_16,8e0bcf35971a4a9bb74333db97acff8e,0.124,,,
1397,2026-09-09,SZ300750,-0.047261640429496765,EXP_XGBModel_Alpha158_csi300_custom_step0_s_20260909_16,8e0bcf35971a4a9bb74333db97acff8e,0.124,,,
1398,2026-09-09,SZ300760,0.009392752312123775,EXP_XGBModel_Alpha158_csi300_custom_step0_s_20260909_16,8e0bcf35971a4a9bb74333db97acff8e,0.124,,,
1399,2026-09-09,SZ300803,-0.05319353565573692,EXP_XGBModel_Alpha158_csi300_custom_step0_s_20260909_16,8e0bcf35971a4a9bb74333db97acff8e,0.124,,,
1400,2026-09-09,SZ300832,-0.010545020923018456,EXP_XGBModel_Alpha158_csi300_custom_step0_s_20260909_16,8e0bcf35971a4a9bb74333db97acff8e,0.124,,,
1401,2026-09-09,SZ300866,-0.026414094492793083,EXP_XGBModel_Alpha158_csi300_custom_step0_s_20260909_16,8e0bcf35971a4a9bb74333db97acff8e,0.124,,,
1402,2026-09-09,SZ300896,0.013435225002467632,EXP_XGBModel_Alpha158_csi300_custom_step0_s_20260909_16,8e0bcf35971a4a9bb74333db97acff8e,0.124,,,
1403,2026-09-09,SZ300999,-0.0026310738176107407,EXP_XGBModel_Alpha158_csi300_custom_step0_s_20260909_16,8e0bcf35971a4a9bb74333db97acff8e,0.124,,,
1404,2026-09-09,SZ301165,-0.014156696386635303,EXP_XGBModel_Alpha158_csi300_custom_step0_s_20260909_16,8e0bcf35971a4a9bb74333db97acff8e,0.124,,,
1405,2026-09-09,SZ301236,-0.010520354844629765,EXP_XGBModel_Alpha158_csi300_custom_step0_s_20260909_16,8e0bcf35971a4a9bb74333db97acff8e,0.124,,,
1406,2026-09-09,SZ301269,-0.03315555304288864,EXP_XGBModel_Alpha158_csi300_custom_step0_s_20260909_16,8e0bcf35971a4a9bb74333db97acff8e,0.124,,,
1407,2026-09-09,SZ300033,-0.04964630678296089,EXP_XGBModel_Alpha158_csi300_custom_step0_s_20260909_16,8e0bcf35971a4a9bb74333db97acff8e,0.124,,,
1408,2026-09-09,SH688009,0.04139292612671852,EXP_XGBModel_Alpha158_csi300_custom_step0_s_20260909_16,8e0bcf35971a4a9bb74333db97acff8e,0.124,,,
1409,2026-09-09,SZ300015,0.014924271032214165,EXP_XGBModel_Alpha158_csi300_custom_step0_s_20260909_16,8e0bcf35971a4a9bb74333db97acff8e,0.124,,,
1410,2026-09-09,SZ003816,0.011060868389904499,EXP_XGBModel_Alpha158_csi300_custom_step0_s_20260909_16,8e0bcf35971a4a9bb74333db97acff8e,0.124,,,
1411,2026-09-09,SZ002236,0.026618318632245064,EXP_XGBModel_Alpha158_csi300_custom_step0_s_20260909_16,8e0bcf35971a4a9bb74333db97acff8e,0.124,,,
1412,2026-09-09,SZ002241,-0.005230819806456566,EXP_XGBModel_Alpha158_csi300_custom_step0_s_20260909_16,8e0bcf35971a4a9bb74333db97acff8e,0.124,,,
1413,2026-09-09,SZ002304,0.010658282786607742,EXP_XGBModel_Alpha158_csi300_custom_step0_s_20260909_16,8e0bcf35971a4a9bb74333db97acff8e,0.124,,,
1414,2026-09-09,SZ002311,0.010247628204524517,EXP_XGBModel_Alpha158_csi300_custom_step0_s_20260909_16,8e0bcf35971a4a9bb74333db97acff8e,0.124,,,
1415,2026-09-09,SZ002352,0.011690041050314903,EXP_XGBModel_Alpha158_csi300_custom_step0_s_20260909_16,8e0bcf35971a4a9bb74333db97acff8e,0.124,,,
1416,2026-09-09,SZ002353,-0.010115578770637512,EXP_XGBModel_Alpha158_csi300_custom_step0_s_20260909_16,8e0bcf35971a4a9bb74333db97acff8e,0.124,,,
1417,2026-09-09,SZ002371,-0.0074094305746257305,EXP_XGBModel_Alpha158_csi300_custom_step0_s_20260909_16,8e0bcf35971a4a9bb74333db97acff8e,0.124,,,
1418,2026-09-09,SZ002384,-0.0410173162817955,EXP_XGBModel_Alpha158_csi300_custom_step0_s_20260909_16,8e0bcf35971a4a9bb74333db97acff8e,0.124,,,
1419,2026-09-09,SZ002415,0.014302766881883144,EXP_XGBModel_Alpha158_csi300_custom_step0_s_20260909_16,8e0bcf35971a4a9bb74333db97acff8e,0.124,,,
1420,2026-09-09,SZ002422,0.008920134045183659,EXP_XGBModel_Alpha158_csi300_custom_step0_s_20260909_16,8e0bcf35971a4a9bb74333db97acff8e,0.124,,,
1421,2026-09-09,SZ002460,-0.05267474427819252,EXP_XGBModel_Alpha158_csi300_custom_step0_s_20260909_16,8e0bcf35971a4a9bb74333db97acff8e,0.124,,,
1422,2026-09-09,SZ002463,-0.06372952461242676,EXP_XGBModel_Alpha158_csi300_custom_step0_s_20260909_16,8e0bcf35971a4a9bb74333db97acff8e,0.124,,,
1423,2026-09-09,SZ002466,-0.038736384361982346,EXP_XGBModel_Alpha158_csi300_custom_step0_s_20260909_16,8e0bcf35971a4a9bb74333db97acff8e,0.124,,,
1424,2026-09-09,SZ002475,-0.034310925751924515,EXP_XGBModel_Alpha158_csi300_custom_step0_s_20260909_16,8e0bcf35971a4a9bb74333db97acff8e,0.124,,,
1425,2026-09-09,SZ002493,-0.036946479231119156,EXP_XGBModel_Alpha158_csi300_custom_step0_s_20260909_16,8e0bcf35971a4a9bb74333db97acff8e,0.124,,,
1426,2026-09-09,SZ002532,-0.012639835476875305,EXP_XGBModel_Alpha158_csi300_custom_step0_s_20260909_16,8e0bcf35971a4a9bb74333db97acff8e,0.124,,,
1427,2026-09-09,SZ002558,-0.05110379680991173,EXP_XGBModel_Alpha158_csi300_custom_step0_s_20260909_16,8e0bcf35971a4a9bb74333db97acff8e,0.124,,,
1428,2026-09-09,SZ002594,0.001255164621397853,EXP_XGBModel_Alpha158_csi300_custom_step0_s_20260909_16,8e0bcf35971a4a9bb74333db97acff8e,0.124,,,
1429,2026-09-09,SZ002600,-0.06992026418447495,EXP_XGBModel_Alpha158_csi300_custom_step0_s_20260909_16,8e0bcf35971a4a9bb74333db97acff8e,0.124,,,
1430,2026-09-09,SZ002602,-0.013296696357429028,EXP_XGBModel_Alpha158_csi300_custom_step0_s_20260909_16,8e0bcf35971a4a9bb74333db97acff8e,0.124,,,
1431,2026-09-09,SZ002625,0.010128816589713097,EXP_XGBModel_Alpha158_csi300_custom_step0_s_20260909_16,8e0bcf35971a4a9bb74333db97acff8e,0.124,,,
1432,2026-09-09,SZ002648,-0.016720881685614586,EXP_XGBModel_Alpha158_csi300_custom_step0_s_20260909_16,8e0bcf35971a4a9bb74333db97acff8e,0.124,,,
1433,2026-09-09,SZ002709,-0.04718384891748428,EXP_XGBModel_Alpha158_csi300_custom_step0_s_20260909_16,8e0bcf35971a4a9bb74333db97acff8e,0.124,,,
1434,2026-09-09,SZ002714,-0.01240413635969162,EXP_XGBModel_Alpha158_csi300_custom_step0_s_20260909_16,8e0bcf35971a4a9bb74333db97acff8e,0.124,,,
1435,2026-09-09,SZ002736,0.030752623453736305,EXP_XGBModel_Alpha158_csi300_custom_step0_s_20260909_16,8e0bcf35971a4a9bb74333db97acff8e,0.124,,,
1436,2026-09-09,SZ002837,-0.06058080494403839,EXP_XGBModel_Alpha158_csi300_custom_step0_s_20260909_16,8e0bcf35971a4a9bb74333db97acff8e,0.124,,,
1437,2026-09-09,SZ002916,0.010554199106991291,EXP_XGBModel_Alpha158_csi300_custom_step0_s_20260909_16,8e0bcf35971a4a9bb74333db97acff8e,0.124,,,
1438,2026-09-09,SZ002920,-0.019697288051247597,EXP_XGBModel_Alpha158_csi300_custom_step0_s_20260909_16,8e0bcf35971a4a9bb74333db97acff8e,0.124,,,
1439,2026-09-09,SZ002938,-0.030793584883213043,EXP_XGBModel_Alpha158_csi300_custom_step0_s_20260909_16,8e0bcf35971a4a9bb74333db97acff8e,0.124,,,
1440,2026-09-09,SZ300014,-0.01750183291733265,EXP_XGBModel_Alpha158_csi300_custom_step0_s_20260909_16,8e0bcf35971a4a9bb74333db97acff8e,0.124,,,
1441,2026-09-09,SH688008,-0.01509109977632761,EXP_XGBModel_Alpha158_csi300_custom_step0_s_20260909_16,8e0bcf35971a4a9bb74333db97acff8e,0.124,,,
1442,2026-09-09,SH605499,-0.013316268101334572,EXP_XGBModel_Alpha158_csi300_custom_step0_s_20260909_16,8e0bcf35971a4a9bb74333db97acff8e,0.124,,,
1443,2026-09-09,SH605117,-0.07122020423412323,EXP_XGBModel_Alpha158_csi300_custom_step0_s_20260909_16,8e0bcf35971a4a9bb74333db97acff8e,0.124,,,
1444,2026-09-09,SH600893,0.020249731838703156,EXP_XGBModel_Alpha158_csi300_custom_step0_s_20260909_16,8e0bcf35971a4a9bb74333db97acff8e,0.124,,,
1445,2026-09-09,SH600900,0.03880401700735092,EXP_XGBModel_Alpha158_csi300_custom_step0_s_20260909_16,8e0bcf35971a4a9bb74333db97acff8e,0.124,,,
1446,2026-09-09,SH600905,0.025198938325047493,EXP_XGBModel_Alpha158_csi300_custom_step0_s_20260909_16,8e0bcf35971a4a9bb74333db97acff8e,0.124,,,
1447,2026-09-09,SH600918,0.039218027144670486,EXP_XGBModel_Alpha158_csi300_custom_step0_s_20260909_16,8e0bcf35971a4a9bb74333db97acff8e,0.124,,,
1448,2026-09-09,SH600919,0.06351663172245026,EXP_XGBModel_Alpha158_csi300_custom_step0_s_20260909_16,8e0bcf35971a4a9bb74333db97acff8e,0.124,,,
1449,2026-09-09,SH600926,0.010739023797214031,EXP_XGBModel_Alpha158_csi300_custom_step0_s_20260909_16,8e0bcf35971a4a9bb74333db97acff8e,0.124,,,
1450,2026-09-09,SH600930,0.0020618336275219917,EXP_XGBModel_Alpha158_csi300_custom_step0_s_20260909_16,8e0bcf35971a4a9bb74333db97acff8e,0.124,,,
1451,2026-09-09,SH600938,0.012835980392992496,EXP_XGBModel_Alpha158_csi300_custom_step0_s_20260909_16,8e0bcf35971a4a9bb74333db97acff8e,0.124,,,
1452,2026-09-09,SH600941,0.043052367866039276,EXP_XGBModel_Alpha158_csi300_custom_step0_s_20260909_16,8e0bcf35971a4a9bb74333db97acff8e,0.124,,,
1453,2026-09-09,SH600958,0.03963262960314751,EXP_XGBModel_Alpha158_csi300_custom_step0_s_20260909_16,8e0bcf35971a4a9bb74333db97acff8e,0.124,,,
1454,2026-09-09,SH600989,-0.0033687036484479904,EXP_XGBModel_Alpha158_csi300_custom_step0_s_20260909_16,8e0bcf35971a4a9bb74333db97acff8e,0.124,,,
1455,2026-09-09,SH600999,-0.013995452784001827,EXP_XGBModel_Alpha158_csi300_custom_step0_s_20260909_16,8e0bcf35971a4a9bb74333db97acff8e,0.124,,,
1456,2026-09-09,SH601006,0.04672164097428322,EXP_XGBModel_Alpha158_csi300_custom_step0_s_20260909_16,8e0bcf35971a4a9bb74333db97acff8e,0.124,,,
1457,2026-09-09,SH601009,0.03946364298462868,EXP_XGBModel_Alpha158_csi300_custom_step0_s_20260909_16,8e0bcf35971a4a9bb74333db97acff8e,0.124,,,
1458,2026-09-09,SH601012,-0.019787458702921867,EXP_XGBModel_Alpha158_csi300_custom_step0_s_20260909_16,8e0bcf35971a4a9bb74333db97acff8e,0.124,,,
1459,2026-09-09,SH601018,0.132549449801445,EXP_XGBModel_Alpha158_csi300_custom_step0_s_20260909_16,8e0bcf35971a4a9bb74333db97acff8e,0.124,,,
1460,2026-09-09,SH601021,0.02750403620302677,EXP_XGBModel_Alpha158_csi300_custom_step0_s_20260909_16,8e0bcf35971a4a9bb74333db97acff8e,0.124,,,
1461,2026-09-09,SH601058,-0.009329822845757008,EXP_XGBModel_Alpha158_csi300_custom_step0_s_20260909_16,8e0bcf35971a4a9bb74333db97acff8e,0.124,,,
1462,2026-09-09,SH601059,0.03615562617778778,EXP_XGBModel_Alpha158_csi300_custom_step0_s_20260909_16,8e0bcf35971a4a9bb74333db97acff8e,0.124,,,
1463,2026-09-09,SH601066,-0.02352854423224926,EXP_XGBModel_Alpha158_csi300_custom_step0_s_20260909_16,8e0bcf35971a4a9bb74333db97acff8e,0.124,,,
1464,2026-09-09,SH601077,0.037839315831661224,EXP_XGBModel_Alpha158_csi300_custom_step0_s_20260909_16,8e0bcf35971a4a9bb74333db97acff8e,0.124,,,
1465,2026-09-09,SH601088,-0.016654277220368385,EXP_XGBModel_Alpha158_csi300_custom_step0_s_20260909_16,8e0bcf35971a4a9bb74333db97acff8e,0.124,,,
1466,2026-09-09,SH601100,0.005631716456264257,EXP_XGBModel_Alpha158_csi300_custom_step0_s_20260909_16,8e0bcf35971a4a9bb74333db97acff8e,0.124,,,
1467,2026-09-09,SH601111,0.03214140981435776,EXP_XGBModel_Alpha158_csi300_custom_step0_s_20260909_16,8e0bcf35971a4a9bb74333db97acff8e,0.124,,,
1468,2026-09-09,SH601117,0.035675324499607086,EXP_XGBModel_Alpha158_csi300_custom_step0_s_20260909_16,8e0bcf35971a4a9bb74333db97acff8e,0.124,,,
1469,2026-09-09,SH601127,0.009866178035736084,EXP_XGBModel_Alpha158_csi300_custom_step0_s_20260909_16,8e0bcf35971a4a9bb74333db97acff8e,0.124,,,
1470,2026-09-09,SH601136,-0.0074665541760623455,EXP_XGBModel_Alpha158_csi300_custom_step0_s_20260909_16,8e0bcf35971a4a9bb74333db97acff8e,0.124,,,
1471,2026-09-09,SH601138,-0.05392066016793251,EXP_XGBModel_Alpha158_csi300_custom_step0_s_20260909_16,8e0bcf35971a4a9bb74333db97acff8e,0.124,,,
1472,2026-09-09,SH601166,0.04606558382511139,EXP_XGBModel_Alpha158_csi300_custom_step0_s_20260909_16,8e0bcf35971a4a9bb74333db97acff8e,0.124,,,
1473,2026-09-09,SH600887,0.03266706317663193,EXP_XGBModel_Alpha158_csi300_custom_step0_s_20260909_16,8e0bcf35971a4a9bb74333db97acff8e,0.124,,,
1474,2026-09-09,SH601169,-0.004120373632758856,EXP_XGBModel_Alpha158_csi300_custom_step0_s_20260909_16,8e0bcf35971a4a9bb74333db97acff8e,0.124,,,
1475,2026-09-09,SH600886,-0.005466756876558065,EXP_XGBModel_Alpha158_csi300_custom_step0_s_20260909_16,8e0bcf35971a4a9bb74333db97acff8e,0.124,,,
1476,2026-09-09,SH600845,0.004398648627102375,EXP_XGBModel_Alpha158_csi300_custom_step0_s_20260909_16,8e0bcf35971a4a9bb74333db97acff8e,0.124,,,
1477,2026-09-09,SH600346,-0.03533118590712547,EXP_XGBModel_Alpha158_csi300_custom_step0_s_20260909_16,8e0bcf35971a4a9bb74333db97acff8e,0.124,,,
1478,2026-09-09,SH600362,-0.0550643689930439,EXP_XGBModel_Alpha158_csi300_custom_step0_s_20260909_16,8e0bcf35971a4a9bb74333db97acff8e,0.124,,,
1479,2026-09-09,SH600372,0.006383247207850218,EXP_XGBModel_Alpha158_csi300_custom_step0_s_20260909_16,8e0bcf35971a4a9bb74333db97acff8e,0.124,,,
1480,2026-09-09,SH600406,0.012481724843382835,EXP_XGBModel_Alpha158_csi300_custom_step0_s_20260909_16,8e0bcf35971a4a9bb74333db97acff8e,0.124,,,
1481,2026-09-09,SH600415,-0.032465096563100815,EXP_XGBModel_Alpha158_csi300_custom_step0_s_20260909_16,8e0bcf35971a4a9bb74333db97acff8e,0.124,,,
1482,2026-09-09,SH600426,-0.01045050285756588,EXP_XGBModel_Alpha158_csi300_custom_step0_s_20260909_16,8e0bcf35971a4a9bb74333db97acff8e,0.124,,,
1483,2026-09-09,SH600436,0.0009172355057671666,EXP_XGBModel_Alpha158_csi300_custom_step0_s_20260909_16,8e0bcf35971a4a9bb74333db97acff8e,0.124,,,
1484,2026-09-09,SH600438,-0.014887180179357529,EXP_XGBModel_Alpha158_csi300_custom_step0_s_20260909_16,8e0bcf35971a4a9bb74333db97acff8e,0.124,,,
1485,2026-09-09,SH600460,-0.031527381390333176,EXP_XGBModel_Alpha158_csi300_custom_step0_s_20260909_16,8e0bcf35971a4a9bb74333db97acff8e,0.124,,,
1486,2026-09-09,SH600482,-0.008245615288615227,EXP_XGBModel_Alpha158_csi300_custom_step0_s_20260909_16,8e0bcf35971a4a9bb74333db97acff8e,0.124,,,
1487,2026-09-09,SH600489,-0.05090372636914253,EXP_XGBModel_Alpha158_csi300_custom_step0_s_20260909_16,8e0bcf35971a4a9bb74333db97acff8e,0.124,,,
1488,2026-09-09,SH600515,0.017132576555013657,EXP_XGBModel_Alpha158_csi300_custom_step0_s_20260909_16,8e0bcf35971a4a9bb74333db97acff8e,0.124,,,
1489,2026-09-09,SH600519,0.032427214086055756,EXP_XGBModel_Alpha158_csi300_custom_step0_s_20260909_16,8e0bcf35971a4a9bb74333db97acff8e,0.124,,,
1490,2026-09-09,SH600522,-0.05330431088805199,EXP_XGBModel_Alpha158_csi300_custom_step0_s_20260909_16,8e0bcf35971a4a9bb74333db97acff8e,0.124,,,
1491,2026-09-09,SH600547,-0.0105656199157238,EXP_XGBModel_Alpha158_csi300_custom_step0_s_20260909_16,8e0bcf35971a4a9bb74333db97acff8e,0.124,,,
1492,2026-09-09,SH600549,-0.04283198341727257,EXP_XGBModel_Alpha158_csi300_custom_step0_s_20260909_16,8e0bcf35971a4a9bb74333db97acff8e,0.124,,,
1493,2026-09-09,SH600570,-0.007167726289480925,EXP_XGBModel_Alpha158_csi300_custom_step0_s_20260909_16,8e0bcf35971a4a9bb74333db97acff8e,0.124,,,
1494,2026-09-09,SH600584,0.05091089755296707,EXP_XGBModel_Alpha158_csi300_custom_step0_s_20260909_16,8e0bcf35971a4a9bb74333db97acff8e,0.124,,,
1495,2026-09-09,SH600585,0.037454281002283096,EXP_XGBModel_Alpha158_csi300_custom_step0_s_20260909_16,8e0bcf35971a4a9bb74333db97acff8e,0.124,,,
1496,2026-09-09,SH600588,-0.01066215056926012,EXP_XGBModel_Alpha158_csi300_custom_step0_s_20260909_16,8e0bcf35971a4a9bb74333db97acff8e,0.124,,,
1497,2026-09-09,SH600600,-0.001962007023394108,EXP_XGBModel_Alpha158_csi300_custom_step0_s_20260909_16,8e0bcf35971a4a9bb74333db97acff8e,0.124,,,
1498,2026-09-09,SH600660,-0.022899163886904716,EXP_XGBModel_Alpha158_csi300_custom_step0_s_20260909_16,8e0bcf35971a4a9bb74333db97acff8e,0.124,,,
1499,2026-09-09,SH600674,0.04446084797382355,EXP_XGBModel_Alpha158_csi300_custom_step0_s_20260909_16,8e0bcf35971a4a9bb74333db97acff8e,0.124,,,
1500,2026-09-09,SH600690,0.03026542253792286,EXP_XGBModel_Alpha158_csi300_custom_step0_s_20260909_16,8e0bcf35971a4a9bb74333db97acff8e,0.124,,,
1501,2026-09-09,SH600741,0.01728750765323639,EXP_XGBModel_Alpha158_csi300_custom_step0_s_20260909_16,8e0bcf35971a4a9bb74333db97acff8e,0.124,,,
1502,2026-09-09,SH600760,-0.007129580248147249,EXP_XGBModel_Alpha158_csi300_custom_step0_s_20260909_16,8e0bcf35971a4a9bb74333db97acff8e,0.124,,,
1503,2026-09-09,SH600795,0.008325411006808281,EXP_XGBModel_Alpha158_csi300_custom_step0_s_20260909_16,8e0bcf35971a4a9bb74333db97acff8e,0.124,,,
1504,2026-09-09,SH600803,0.008592366240918636,EXP_XGBModel_Alpha158_csi300_custom_step0_s_20260909_16,8e0bcf35971a4a9bb74333db97acff8e,0.124,,,
1505,2026-09-09,SH600809,-0.040310028940439224,EXP_XGBModel_Alpha158_csi300_custom_step0_s_20260909_16,8e0bcf35971a4a9bb74333db97acff8e,0.124,,,
1506,2026-09-09,SH600875,-0.027524901553988457,EXP_XGBModel_Alpha158_csi300_custom_step0_s_20260909_16,8e0bcf35971a4a9bb74333db97acff8e,0.124,,,
1507,2026-09-09,SH600919,0.04984837770462036,EXP_XGBModel_Alpha158_csi300_custom_step0_s_20260909_16,6b5be07cbb87456cb053719231d9069a,0.08,,,
1508,2026-09-09,SH601186,0.04184205085039139,EXP_XGBModel_Alpha158_csi300_custom_step0_s_20260909_16,8e0bcf35971a4a9bb74333db97acff8e,0.124,,,
1509,2026-09-09,SH601225,-0.022709520533680916,EXP_XGBModel_Alpha158_csi300_custom_step0_s_20260909_16,8e0bcf35971a4a9bb74333db97acff8e,0.124,,,
1510,2026-09-09,SH601857,0.014947241172194481,EXP_XGBModel_Alpha158_csi300_custom_step0_s_20260909_16,8e0bcf35971a4a9bb74333db97acff8e,0.124,,,
1511,2026-09-09,SH601868,0.033966608345508575,EXP_XGBModel_Alpha158_csi300_custom_step0_s_20260909_16,8e0bcf35971a4a9bb74333db97acff8e,0.124,,,
1512,2026-09-09,SH601872,-0.04688510298728943,EXP_XGBModel_Alpha158_csi300_custom_step0_s_20260909_16,8e0bcf35971a4a9bb74333db97acff8e,0.124,,,
1513,2026-09-09,SH601877,0.023930992931127548,EXP_XGBModel_Alpha158_csi300_custom_step0_s_20260909_16,8e0bcf35971a4a9bb74333db97acff8e,0.124,,,
1514,2026-09-09,SH601878,0.033327389508485794,EXP_XGBModel_Alpha158_csi300_custom_step0_s_20260909_16,8e0bcf35971a4a9bb74333db97acff8e,0.124,,,
1515,2026-09-09,SH601881,0.037883490324020386,EXP_XGBModel_Alpha158_csi300_custom_step0_s_20260909_16,8e0bcf35971a4a9bb74333db97acff8e,0.124,,,
1516,2026-09-09,SH601888,0.01962459459900856,EXP_XGBModel_Alpha158_csi300_custom_step0_s_20260909_16,8e0bcf35971a4a9bb74333db97acff8e,0.124,,,
1517,2026-09-09,SH601898,-0.016197897493839264,EXP_XGBModel_Alpha158_csi300_custom_step0_s_20260909_16,8e0bcf35971a4a9bb74333db97acff8e,0.124,,,
1518,2026-09-09,SH601899,-0.04556512460112572,EXP_XGBModel_Alpha158_csi300_custom_step0_s_20260909_16,8e0bcf35971a4a9bb74333db97acff8e,0.124,,,
1519,2026-09-09,SH601901,0.04386680945754051,EXP_XGBModel_Alpha158_csi300_custom_step0_s_20260909_16,8e0bcf35971a4a9bb74333db97acff8e,0.124,,,
1520,2026-09-09,SH601916,0.0518224760890007,EXP_XGBModel_Alpha158_csi300_custom_step0_s_20260909_16,8e0bcf35971a4a9bb74333db97acff8e,0.124,,,
1521,2026-09-09,SH601919,-0.015242520719766617,EXP_XGBModel_Alpha158_csi300_custom_step0_s_20260909_16,8e0bcf35971a4a9bb74333db97acff8e,0.124,,,
1522,2026-09-09,SH601939,-0.0039163860492408276,EXP_XGBModel_Alpha158_csi300_custom_step0_s_20260909_16,8e0bcf35971a4a9bb74333db97acff8e,0.124,,,
1523,2026-09-09,SH601985,0.05586361885070801,EXP_XGBModel_Alpha158_csi300_custom_step0_s_20260909_16,8e0bcf35971a4a9bb74333db97acff8e,0.124,,,
1524,2026-09-09,SH601988,-0.03992557153105736,EXP_XGBModel_Alpha158_csi300_custom_step0_s_20260909_16,8e0bcf35971a4a9bb74333db97acff8e,0.124,,,
1525,2026-09-09,SH601995,-0.03186286985874176,EXP_XGBModel_Alpha158_csi300_custom_step0_s_20260909_16,8e0bcf35971a4a9bb74333db97acff8e,0.124,,,
1526,2026-09-09,SH601998,0.015222713351249695,EXP_XGBModel_Alpha158_csi300_custom_step0_s_20260909_16,8e0bcf35971a4a9bb74333db97acff8e,0.124,,,
1527,2026-09-09,SH603019,-0.03782914578914642,EXP_XGBModel_Alpha158_csi300_custom_step0_s_20260909_16,8e0bcf35971a4a9bb74333db97acff8e,0.124,,,
1528,2026-09-09,SH603259,-0.002414301037788391,EXP_XGBModel_Alpha158_csi300_custom_step0_s_20260909_16,8e0bcf35971a4a9bb74333db97acff8e,0.124,,,
1529,2026-09-09,SH603260,-0.023481624200940132,EXP_XGBModel_Alpha158_csi300_custom_step0_s_20260909_16,8e0bcf35971a4a9bb74333db97acff8e,0.124,,,
1530,2026-09-09,SH603288,0.0158253014087677,EXP_XGBModel_Alpha158_csi300_custom_step0_s_20260909_16,8e0bcf35971a4a9bb74333db97acff8e,0.124,,,
1531,2026-09-09,SH603296,-0.03201634809374809,EXP_XGBModel_Alpha158_csi300_custom_step0_s_20260909_16,8e0bcf35971a4a9bb74333db97acff8e,0.124,,,
1532,2026-09-09,SH603369,-0.004000605084002018,EXP_XGBModel_Alpha158_csi300_custom_step0_s_20260909_16,8e0bcf35971a4a9bb74333db97acff8e,0.124,,,
1533,2026-09-09,SH603392,-0.0319855734705925,EXP_XGBModel_Alpha158_csi300_custom_step0_s_20260909_16,8e0bcf35971a4a9bb74333db97acff8e,0.124,,,
1534,2026-09-09,SH603501,0.005141235422343016,EXP_XGBModel_Alpha158_csi300_custom_step0_s_20260909_16,8e0bcf35971a4a9bb74333db97acff8e,0.124,,,
1535,2026-09-09,SH603799,-0.042824406176805496,EXP_XGBModel_Alpha158_csi300_custom_step0_s_20260909_16,8e0bcf35971a4a9bb74333db97acff8e,0.124,,,
1536,2026-09-09,SH603893,-0.037728819996118546,EXP_XGBModel_Alpha158_csi300_custom_step0_s_20260909_16,8e0bcf35971a4a9bb74333db97acff8e,0.124,,,
1537,2026-09-09,SH603986,-0.048370204865932465,EXP_XGBModel_Alpha158_csi300_custom_step0_s_20260909_16,8e0bcf35971a4a9bb74333db97acff8e,0.124,,,
1538,2026-09-09,SH603993,-0.03906628116965294,EXP_XGBModel_Alpha158_csi300_custom_step0_s_20260909_16,8e0bcf35971a4a9bb74333db97acff8e,0.124,,,
1539,2026-09-09,SH601838,0.022645490244030952,EXP_XGBModel_Alpha158_csi300_custom_step0_s_20260909_16,8e0bcf35971a4a9bb74333db97acff8e,0.124,,,
1540,2026-09-09,SH601211,0.0382101833820343,EXP_XGBModel_Alpha158_csi300_custom_step0_s_20260909_16,8e0bcf35971a4a9bb74333db97acff8e,0.124,,,
1541,2026-09-09,SH601825,0.04288583993911743,EXP_XGBModel_Alpha158_csi300_custom_step0_s_20260909_16,8e0bcf35971a4a9bb74333db97acff8e,0.124,,,
1542,2026-09-09,SH601816,0.053339842706918716,EXP_XGBModel_Alpha158_csi300_custom_step0_s_20260909_16,8e0bcf35971a4a9bb74333db97acff8e,0.124,,,
1543,2026-09-09,SH601229,0.07139913737773895,EXP_XGBModel_Alpha158_csi300_custom_step0_s_20260909_16,8e0bcf35971a4a9bb74333db97acff8e,0.124,,,
1544,2026-09-09,SH601238,0.028135264292359352,EXP_XGBModel_Alpha158_csi300_custom_step0_s_20260909_16,8e0bcf35971a4a9bb74333db97acff8e,0.124,,,
1545,2026-09-09,SH601288,0.018649952486157417,EXP_XGBModel_Alpha158_csi300_custom_step0_s_20260909_16,8e0bcf35971a4a9bb74333db97acff8e,0.124,,,
1546,2026-09-09,SH601318,-0.003962371498346329,EXP_XGBModel_Alpha158_csi300_custom_step0_s_20260909_16,8e0bcf35971a4a9bb74333db97acff8e,0.124,,,
1547,2026-09-09,SH601319,-0.02530648373067379,EXP_XGBModel_Alpha158_csi300_custom_step0_s_20260909_16,8e0bcf35971a4a9bb74333db97acff8e,0.124,,,
1548,2026-09-09,SH601328,0.025525206699967384,EXP_XGBModel_Alpha158_csi300_custom_step0_s_20260909_16,8e0bcf35971a4a9bb74333db97acff8e,0.124,,,
1549,2026-09-09,SH601336,0.01193099282681942,EXP_XGBModel_Alpha158_csi300_custom_step0_s_20260909_16,8e0bcf35971a4a9bb74333db97acff8e,0.124,,,
1550,2026-09-09,SH601360,-0.017555417492985725,EXP_XGBModel_Alpha158_csi300_custom_step0_s_20260909_16,8e0bcf35971a4a9bb74333db97acff8e,0.124,,,
1551,2026-09-09,SH601377,0.05316663533449173,EXP_XGBModel_Alpha158_csi300_custom_step0_s_20260909_16,8e0bcf35971a4a9bb74333db97acff8e,0.124,,,
1552,2026-09-09,SH601390,0.0462820790708065,EXP_XGBModel_Alpha158_csi300_custom_step0_s_20260909_16,8e0bcf35971a4a9bb74333db97acff8e,0.124,,,
1553,2026-09-09,SH601398,0.0170875433832407,EXP_XGBModel_Alpha158_csi300_custom_step0_s_20260909_16,8e0bcf35971a4a9bb74333db97acff8e,0.124,,,
1554,2026-09-09,SH601456,0.026092076674103737,EXP_XGBModel_Alpha158_csi300_custom_step0_s_20260909_16,8e0bcf35971a4a9bb74333db97acff8e,0.124,,,
1555,2026-09-09,SH601600,0.005017350427806377,EXP_XGBModel_Alpha158_csi300_custom_step0_s_20260909_16,8e0bcf35971a4a9bb74333db97acff8e,0.124,,,
1556,2026-09-09,SH601601,-0.0039582024328410625,EXP_XGBModel_Alpha158_csi300_custom_step0_s_20260909_16,8e0bcf35971a4a9bb74333db97acff8e,0.124,,,
1557,2026-09-09,SH601607,0.04587822034955025,EXP_XGBModel_Alpha158_csi300_custom_step0_s_20260909_16,8e0bcf35971a4a9bb74333db97acff8e,0.124,,,
1558,2026-09-09,SH601618,0.015501127578318119,EXP_XGBModel_Alpha158_csi300_custom_step0_s_20260909_16,8e0bcf35971a4a9bb74333db97acff8e,0.124,,,
1559,2026-09-09,SH601628,0.049571916460990906,EXP_XGBModel_Alpha158_csi300_custom_step0_s_20260909_16,8e0bcf35971a4a9bb74333db97acff8e,0.124,,,
1560,2026-09-09,SH601633,-0.007889616303145885,EXP_XGBModel_Alpha158_csi300_custom_step0_s_20260909_16,8e0bcf35971a4a9bb74333db97acff8e,0.124,,,
1561,2026-09-09,SH601658,-0.0030678510665893555,EXP_XGBModel_Alpha158_csi300_custom_step0_s_20260909_16,8e0bcf35971a4a9bb74333db97acff8e,0.124,,,
1562,2026-09-09,SH601668,0.03184971213340759,EXP_XGBModel_Alpha158_csi300_custom_step0_s_20260909_16,8e0bcf35971a4a9bb74333db97acff8e,0.124,,,
1563,2026-09-09,SH601669,0.01481996476650238,EXP_XGBModel_Alpha158_csi300_custom_step0_s_20260909_16,8e0bcf35971a4a9bb74333db97acff8e,0.124,,,
1564,2026-09-09,SH601688,0.03964019566774368,EXP_XGBModel_Alpha158_csi300_custom_step0_s_20260909_16,8e0bcf35971a4a9bb74333db97acff8e,0.124,,,
1565,2026-09-09,SH601689,-0.04232361167669296,EXP_XGBModel_Alpha158_csi300_custom_step0_s_20260909_16,8e0bcf35971a4a9bb74333db97acff8e,0.124,,,
1566,2026-09-09,SH601698,0.012181872501969337,EXP_XGBModel_Alpha158_csi300_custom_step0_s_20260909_16,8e0bcf35971a4a9bb74333db97acff8e,0.124,,,
1567,2026-09-09,SH601727,0.029022086411714554,EXP_XGBModel_Alpha158_csi300_custom_step0_s_20260909_16,8e0bcf35971a4a9bb74333db97acff8e,0.124,,,
1568,2026-09-09,SH601728,0.03663063049316406,EXP_XGBModel_Alpha158_csi300_custom_step0_s_20260909_16,8e0bcf35971a4a9bb74333db97acff8e,0.124,,,
1569,2026-09-09,SH601766,0.04731267690658569,EXP_XGBModel_Alpha158_csi300_custom_step0_s_20260909_16,8e0bcf35971a4a9bb74333db97acff8e,0.124,,,
1570,2026-09-09,SH601788,0.024726616218686104,EXP_XGBModel_Alpha158_csi300_custom_step0_s_20260909_16,8e0bcf35971a4a9bb74333db97acff8e,0.124,,,
1571,2026-09-09,SH601800,0.024495696648955345,EXP_XGBModel_Alpha158_csi300_custom_step0_s_20260909_16,8e0bcf35971a4a9bb74333db97acff8e,0.124,,,
1572,2026-09-09,SH601818,0.04691983386874199,EXP_XGBModel_Alpha158_csi300_custom_step0_s_20260909_16,8e0bcf35971a4a9bb74333db97acff8e,0.124,,,
1573,2026-09-09,SH601939,0.09037411212921143,EXP_LinearModel_Alpha158_csi300_custom_step0_s_20260909_16,6aee75d69e1448b2a0bfb26050c6cdc8,0.003,,,
1574,2026-09-09,SH600918,0.02635548822581768,EXP_XGBModel_Alpha158_csi300_custom_step0_s_20260909_16,6b5be07cbb87456cb053719231d9069a,0.08,,,
1575,2026-09-09,SH600900,0.05257871001958847,EXP_XGBModel_Alpha158_csi300_custom_step0_s_20260909_16,6b5be07cbb87456cb053719231d9069a,0.08,,,
1576,2026-09-09,SH600036,0.04247763007879257,EXP_LinearModel_Alpha158_csi300_custom_step0_s_20260909_16,aa944457cff94fd6af0f5fb50f5fd21a,0.065,,,
1577,2026-09-09,SH600039,-0.04557973891496658,EXP_LinearModel_Alpha158_csi300_custom_step0_s_20260909_16,aa944457cff94fd6af0f5fb50f5fd21a,0.065,,,
1578,2026-09-09,SH600048,-0.15242603421211243,EXP_LinearModel_Alpha158_csi300_custom_step0_s_20260909_16,aa944457cff94fd6af0f5fb50f5fd21a,0.065,,,
1579,2026-09-09,SH600050,-0.04084063693881035,EXP_LinearModel_Alpha158_csi300_custom_step0_s_20260909_16,aa944457cff94fd6af0f5fb50f5fd21a,0.065,,,
1580,2026-09-09,SH600061,0.009258881211280823,EXP_LinearModel_Alpha158_csi300_custom_step0_s_20260909_16,aa944457cff94fd6af0f5fb50f5fd21a,0.065,,,
1581,2026-09-09,SH600066,-0.009299129247665405,EXP_LinearModel_Alpha158_csi300_custom_step0_s_20260909_16,aa944457cff94fd6af0f5fb50f5fd21a,0.065,,,
1582,2026-09-09,SH600085,-0.042589232325553894,EXP_LinearModel_Alpha158_csi300_custom_step0_s_20260909_16,aa944457cff94fd6af0f5fb50f5fd21a,0.065,,,
1583,2026-09-09,SH600089,-0.014743208885192871,EXP_LinearModel_Alpha158_csi300_custom_step0_s_20260909_16,aa944457cff94fd6af0f5fb50f5fd21a,0.065,,,
1584,2026-09-09,SH600104,0.02027967944741249,EXP_LinearModel_Alpha158_csi300_custom_step0_s_20260909_16,aa944457cff94fd6af0f5fb50f5fd21a,0.065,,,
1585,2026-09-09,SH600111,-0.029289618134498596,EXP_LinearModel_Alpha158_csi300_custom_step0_s_20260909_16,aa944457cff94fd6af0f5fb50f5fd21a,0.065,,,
1586,2026-09-09,SH600115,-0.016469739377498627,EXP_LinearModel_Alpha158_csi300_custom_step0_s_20260909_16,aa944457cff94fd6af0f5fb50f5fd21a,0.065,,,
1587,2026-09-09,SH600118,0.05806766450405121,EXP_LinearModel_Alpha158_csi300_custom_step0_s_20260909_16,aa944457cff94fd6af0f5fb50f5fd21a,0.065,,,
1588,2026-09-09,SH600150,0.009104237891733646,EXP_LinearModel_Alpha158_csi300_custom_step0_s_20260909_16,aa944457cff94fd6af0f5fb50f5fd21a,0.065,,,
1589,2026-09-09,SH600031,-0.02680473029613495,EXP_LinearModel_Alpha158_csi300_custom_step0_s_20260909_16,aa944457cff94fd6af0f5fb50f5fd21a,0.065,,,
1590,2026-09-09,SH600160,0.054750263690948486,EXP_LinearModel_Alpha158_csi300_custom_step0_s_20260909_16,aa944457cff94fd6af0f5fb50f5fd21a,0.065,,,
1591,2026-09-09,SH600183,0.16118168830871582,EXP_LinearModel_Alpha158_csi300_custom_step0_s_20260909_16,aa944457cff94fd6af0f5fb50f5fd21a,0.065,,,
1592,2026-09-09,SH600188,0.005703200586140156,EXP_LinearModel_Alpha158_csi300_custom_step0_s_20260909_16,aa944457cff94fd6af0f5fb50f5fd21a,0.065,,,
1593,2026-09-09,SH600196,-0.036136869341135025,EXP_LinearModel_Alpha158_csi300_custom_step0_s_20260909_16,aa944457cff94fd6af0f5fb50f5fd21a,0.065,,,
1594,2026-09-09,SH600219,-0.07067569345235825,EXP_LinearModel_Alpha158_csi300_custom_step0_s_20260909_16,aa944457cff94fd6af0f5fb50f5fd21a,0.065,,,
1595,2026-09-09,SH600221,0.04797716438770294,EXP_LinearModel_Alpha158_csi300_custom_step0_s_20260909_16,aa944457cff94fd6af0f5fb50f5fd21a,0.065,,,
1596,2026-09-09,SH600233,-0.08934252709150314,EXP_LinearModel_Alpha158_csi300_custom_step0_s_20260909_16,aa944457cff94fd6af0f5fb50f5fd21a,0.065,,,
1597,2026-09-09,SH600276,0.05766905099153519,EXP_LinearModel_Alpha158_csi300_custom_step0_s_20260909_16,aa944457cff94fd6af0f5fb50f5fd21a,0.065,,,
1598,2026-09-09,SH600309,0.006755650043487549,EXP_LinearModel_Alpha158_csi300_custom_step0_s_20260909_16,aa944457cff94fd6af0f5fb50f5fd21a,0.065,,,
1599,2026-09-09,SH600346,-0.029505647718906403,EXP_LinearModel_Alpha158_csi300_custom_step0_s_20260909_16,aa944457cff94fd6af0f5fb50f5fd21a,0.065,,,
1600,2026-09-09,SH600362,0.05169202387332916,EXP_LinearModel_Alpha158_csi300_custom_step0_s_20260909_16,aa944457cff94fd6af0f5fb50f5fd21a,0.065,,,
1601,2026-09-09,SH600372,0.06363442540168762,EXP_LinearModel_Alpha158_csi300_custom_step0_s_20260909_16,aa944457cff94fd6af0f5fb50f5fd21a,0.065,,,
1602,2026-09-09,SH600406,-0.015006788074970245,EXP_LinearModel_Alpha158_csi300_custom_step0_s_20260909_16,aa944457cff94fd6af0f5fb50f5fd21a,0.065,,,
1603,2026-09-09,SH600415,-0.04164719581604004,EXP_LinearModel_Alpha158_csi300_custom_step0_s_20260909_16,aa944457cff94fd6af0f5fb50f5fd21a,0.065,,,
1604,2026-09-09,SH600176,0.16811339557170868,EXP_LinearModel_Alpha158_csi300_custom_step0_s_20260909_16,aa944457cff94fd6af0f5fb50f5fd21a,0.065,,,
1605,2026-09-09,SH600030,0.007730722427368164,EXP_LinearModel_Alpha158_csi300_custom_step0_s_20260909_16,aa944457cff94fd6af0f5fb50f5fd21a,0.065,,,
1606,2026-09-09,SH600029,0.015636444091796875,EXP_LinearModel_Alpha158_csi300_custom_step0_s_20260909_16,aa944457cff94fd6af0f5fb50f5fd21a,0.065,,,
1607,2026-09-09,SH600028,0.03629527986049652,EXP_LinearModel_Alpha158_csi300_custom_step0_s_20260909_16,aa944457cff94fd6af0f5fb50f5fd21a,0.065,,,
1608,2026-09-09,SZ300476,0.14574182033538818,EXP_LinearModel_Alpha158_csi300_custom_step0_s_20260909_16,6aee75d69e1448b2a0bfb26050c6cdc8,0.003,,,
1609,2026-09-09,SZ300498,-0.02056221105158329,EXP_LinearModel_Alpha158_csi300_custom_step0_s_20260909_16,6aee75d69e1448b2a0bfb26050c6cdc8,0.003,,,
1610,2026-09-09,SZ300502,0.01122370082885027,EXP_LinearModel_Alpha158_csi300_custom_step0_s_20260909_16,6aee75d69e1448b2a0bfb26050c6cdc8,0.003,,,
1611,2026-09-09,SZ300628,-0.005778036080300808,EXP_LinearModel_Alpha158_csi300_custom_step0_s_20260909_16,6aee75d69e1448b2a0bfb26050c6cdc8,0.003,,,
1612,2026-09-09,SZ300661,0.08684012293815613,EXP_LinearModel_Alpha158_csi300_custom_step0_s_20260909_16,6aee75d69e1448b2a0bfb26050c6cdc8,0.003,,,
1613,2026-09-09,SZ300750,-0.0013314109528437257,EXP_LinearModel_Alpha158_csi300_custom_step0_s_20260909_16,6aee75d69e1448b2a0bfb26050c6cdc8,0.003,,,
1614,2026-09-09,SZ300760,0.007322425488382578,EXP_LinearModel_Alpha158_csi300_custom_step0_s_20260909_16,6aee75d69e1448b2a0bfb26050c6cdc8,0.003,,,
1615,2026-09-09,SZ300803,0.031995683908462524,EXP_LinearModel_Alpha158_csi300_custom_step0_s_20260909_16,6aee75d69e1448b2a0bfb26050c6cdc8,0.003,,,
1616,2026-09-09,SZ300832,-0.0029035231564193964,EXP_LinearModel_Alpha158_csi300_custom_step0_s_20260909_16,6aee75d69e1448b2a0bfb26050c6cdc8,0.003,,,
1617,2026-09-09,SZ300866,0.03329217806458473,EXP_LinearModel_Alpha158_csi300_custom_step0_s_20260909_16,6aee75d69e1448b2a0bfb26050c6cdc8,0.003,,,
1618,2026-09-09,SZ300896,0.017422683537006378,EXP_LinearModel_Alpha158_csi300_custom_step0_s_20260909_16,6aee75d69e1448b2a0bfb26050c6cdc8,0.003,,,
1619,2026-09-09,SZ300999,-0.0163237564265728,EXP_LinearModel_Alpha158_csi300_custom_step0_s_20260909_16,6aee75d69e1448b2a0bfb26050c6cdc8,0.003,,,
1620,2026-09-09,SZ301165,0.03544285148382187,EXP_LinearModel_Alpha158_csi300_custom_step0_s_20260909_16,6aee75d69e1448b2a0bfb26050c6cdc8,0.003,,,
1621,2026-09-09,SZ301236,0.04468705505132675,EXP_LinearModel_Alpha158_csi300_custom_step0_s_20260909_16,6aee75d69e1448b2a0bfb26050c6cdc8,0.003,,,
1622,2026-09-09,SZ301269,0.08392878621816635,EXP_LinearModel_Alpha158_csi300_custom_step0_s_20260909_16,6aee75d69e1448b2a0bfb26050c6cdc8,0.003,,,
1623,2026-09-09,SZ301308,0.15459145605564117,EXP_LinearModel_Alpha158_csi300_custom_step0_s_20260909_16,6aee75d69e1448b2a0bfb26050c6cdc8,0.003,,,
1624,2026-09-09,SZ302132,0.030245954170823097,EXP_LinearModel_Alpha158_csi300_custom_step0_s_20260909_16,6aee75d69e1448b2a0bfb26050c6cdc8,0.003,,,
1625,2026-09-09,SH600000,-0.06399956345558167,EXP_LinearModel_Alpha158_csi300_custom_step0_s_20260909_16,aa944457cff94fd6af0f5fb50f5fd21a,0.065,,,
1626,2026-09-09,SH600009,0.025118306279182434,EXP_LinearModel_Alpha158_csi300_custom_step0_s_20260909_16,aa944457cff94fd6af0f5fb50f5fd21a,0.065,,,
1627,2026-09-09,SH600010,-0.06867912411689758,EXP_LinearModel_Alpha158_csi300_custom_step0_s_20260909_16,aa944457cff94fd6af0f5fb50f5fd21a,0.065,,,
1628,2026-09-09,SH600011,0.031111042946577072,EXP_LinearModel_Alpha158_csi300_custom_step0_s_20260909_16,aa944457cff94fd6af0f5fb50f5fd21a,0.065,,,
1629,2026-09-09,SH600015,-0.05164090543985367,EXP_LinearModel_Alpha158_csi300_custom_step0_s_20260909_16,aa944457cff94fd6af0f5fb50f5fd21a,0.065,,,
1630,2026-09-09,SH600016,0.03778012841939926,EXP_LinearModel_Alpha158_csi300_custom_step0_s_20260909_16,aa944457cff94fd6af0f5fb50f5fd21a,0.065,,,
1631,2026-09-09,SH600018,-0.010985435917973518,EXP_LinearModel_Alpha158_csi300_custom_step0_s_20260909_16,aa944457cff94fd6af0f5fb50f5fd21a,0.065,,,
1632,2026-09-09,SH600019,-0.018979044631123543,EXP_LinearModel_Alpha158_csi300_custom_step0_s_20260909_16,aa944457cff94fd6af0f5fb50f5fd21a,0.065,,,
1633,2026-09-09,SH600023,0.0920528918504715,EXP_LinearModel_Alpha158_csi300_custom_step0_s_20260909_16,aa944457cff94fd6af0f5fb50f5fd21a,0.065,,,
1634,2026-09-09,SH600025,-0.094517782330513,EXP_LinearModel_Alpha158_csi300_custom_step0_s_20260909_16,aa944457cff94fd6af0f5fb50f5fd21a,0.065,,,
1635,2026-09-09,SH600026,-0.031089970842003822,EXP_LinearModel_Alpha158_csi300_custom_step0_s_20260909_16,aa944457cff94fd6af0f5fb50f5fd21a,0.065,,,
1636,2026-09-09,SH600027,0.021104834973812103,EXP_LinearModel_Alpha158_csi300_custom_step0_s_20260909_16,aa944457cff94fd6af0f5fb50f5fd21a,0.065,,,
1637,2026-09-09,SH600426,0.021133344620466232,EXP_LinearModel_Alpha158_csi300_custom_step0_s_20260909_16,aa944457cff94fd6af0f5fb50f5fd21a,0.065,,,
1638,2026-09-09,SH600436,-0.05820484459400177,EXP_LinearModel_Alpha158_csi300_custom_step0_s_20260909_16,aa944457cff94fd6af0f5fb50f5fd21a,0.065,,,
1639,2026-09-09,SH600438,-0.03112006187438965,EXP_LinearModel_Alpha158_csi300_custom_step0_s_20260909_16,aa944457cff94fd6af0f5fb50f5fd21a,0.065,,,
1640,2026-09-09,SH600460,0.2554265856742859,EXP_LinearModel_Alpha158_csi300_custom_step0_s_20260909_16,aa944457cff94fd6af0f5fb50f5fd21a,0.065,,,
1641,2026-09-09,SH600958,0.03546495735645294,EXP_LinearModel_Alpha158_csi300_custom_step0_s_20260909_16,aa944457cff94fd6af0f5fb50f5fd21a,0.065,,,
1642,2026-09-09,SH600989,0.0028531141579151154,EXP_LinearModel_Alpha158_csi300_custom_step0_s_20260909_16,aa944457cff94fd6af0f5fb50f5fd21a,0.065,,,
1643,2026-09-09,SH600999,0.023184001445770264,EXP_LinearModel_Alpha158_csi300_custom_step0_s_20260909_16,aa944457cff94fd6af0f5fb50f5fd21a,0.065,,,
1644,2026-09-09,SH601006,-0.000387018546462059,EXP_LinearModel_Alpha158_csi300_custom_step0_s_20260909_16,aa944457cff94fd6af0f5fb50f5fd21a,0.065,,,
1645,2026-09-09,SH601009,0.09700823575258255,EXP_LinearModel_Alpha158_csi300_custom_step0_s_20260909_16,aa944457cff94fd6af0f5fb50f5fd21a,0.065,,,
1646,2026-09-09,SH601012,-0.02082960307598114,EXP_LinearModel_Alpha158_csi300_custom_step0_s_20260909_16,aa944457cff94fd6af0f5fb50f5fd21a,0.065,,,
1647,2026-09-09,SH601018,0.05090564489364624,EXP_LinearModel_Alpha158_csi300_custom_step0_s_20260909_16,aa944457cff94fd6af0f5fb50f5fd21a,0.065,,,
1648,2026-09-09,SH601021,0.022017017006874084,EXP_LinearModel_Alpha158_csi300_custom_step0_s_20260909_16,aa944457cff94fd6af0f5fb50f5fd21a,0.065,,,
1649,2026-09-09,SH601058,-0.03650791943073273,EXP_LinearModel_Alpha158_csi300_custom_step0_s_20260909_16,aa944457cff94fd6af0f5fb50f5fd21a,0.065,,,
1650,2026-09-09,SH601059,-0.08548752963542938,EXP_LinearModel_Alpha158_csi300_custom_step0_s_20260909_16,aa944457cff94fd6af0f5fb50f5fd21a,0.065,,,
1651,2026-09-09,SH601066,-0.08594856411218643,EXP_LinearModel_Alpha158_csi300_custom_step0_s_20260909_16,aa944457cff94fd6af0f5fb50f5fd21a,0.065,,,
1652,2026-09-09,SH601077,0.07211902737617493,EXP_LinearModel_Alpha158_csi300_custom_step0_s_20260909_16,aa944457cff94fd6af0f5fb50f5fd21a,0.065,,,
1653,2026-09-09,SH601088,-0.024461016058921814,EXP_LinearModel_Alpha158_csi300_custom_step0_s_20260909_16,aa944457cff94fd6af0f5fb50f5fd21a,0.065,,,
1654,2026-09-09,SH601100,-0.09848743677139282,EXP_LinearModel_Alpha158_csi300_custom_step0_s_20260909_16,aa944457cff94fd6af0f5fb50f5fd21a,0.065,,,
1655,2026-09-09,SH601111,0.020324133336544037,EXP_LinearModel_Alpha158_csi300_custom_step0_s_20260909_16,aa944457cff94fd6af0f5fb50f5fd21a,0.065,,,
1656,2026-09-09,SH601117,-0.026182785630226135,EXP_LinearModel_Alpha158_csi300_custom_step0_s_20260909_16,aa944457cff94fd6af0f5fb50f5fd21a,0.065,,,
1657,2026-09-09,SH601127,0.0059905946254730225,EXP_LinearModel_Alpha158_csi300_custom_step0_s_20260909_16,aa944457cff94fd6af0f5fb50f5fd21a,0.065,,,
1658,2026-09-09,SH601136,-0.04504424333572388,EXP_LinearModel_Alpha158_csi300_custom_step0_s_20260909_16,aa944457cff94fd6af0f5fb50f5fd21a,0.065,,,
1659,2026-09-09,SH601138,0.02076999843120575,EXP_LinearModel_Alpha158_csi300_custom_step0_s_20260909_16,aa944457cff94fd6af0f5fb50f5fd21a,0.065,,,
1660,2026-09-09,SH601166,-0.0674891471862793,EXP_LinearModel_Alpha158_csi300_custom_step0_s_20260909_16,aa944457cff94fd6af0f5fb50f5fd21a,0.065,,,
1661,2026-09-09,SH601169,0.04342721775174141,EXP_LinearModel_Alpha158_csi300_custom_step0_s_20260909_16,aa944457cff94fd6af0f5fb50f5fd21a,0.065,,,
1662,2026-09-09,SH601186,0.040213655680418015,EXP_LinearModel_Alpha158_csi300_custom_step0_s_20260909_16,aa944457cff94fd6af0f5fb50f5fd21a,0.065,,,
1663,2026-09-09,SH601211,-0.010747596621513367,EXP_LinearModel_Alpha158_csi300_custom_step0_s_20260909_16,aa944457cff94fd6af0f5fb50f5fd21a,0.065,,,
1664,2026-09-09,SH601225,-0.0035209432244300842,EXP_LinearModel_Alpha158_csi300_custom_step0_s_20260909_16,aa944457cff94fd6af0f5fb50f5fd21a,0.065,,,
1665,2026-09-09,SH601229,-0.006545308977365494,EXP_LinearModel_Alpha158_csi300_custom_step0_s_20260909_16,aa944457cff94fd6af0f5fb50f5fd21a,0.065,,,
1666,2026-09-09,SH601238,-0.19541719555854797,EXP_LinearModel_Alpha158_csi300_custom_step0_s_20260909_16,aa944457cff94fd6af0f5fb50f5fd21a,0.065,,,
1667,2026-09-09,SH601288,0.0246165469288826,EXP_LinearModel_Alpha158_csi300_custom_step0_s_20260909_16,aa944457cff94fd6af0f5fb50f5fd21a,0.065,,,
1668,2026-09-09,SH601318,0.03289363160729408,EXP_LinearModel_Alpha158_csi300_custom_step0_s_20260909_16,aa944457cff94fd6af0f5fb50f5fd21a,0.065,,,
1669,2026-09-09,SH601319,0.08854800462722778,EXP_LinearModel_Alpha158_csi300_custom_step0_s_20260909_16,aa944457cff94fd6af0f5fb50f5fd21a,0.065,,,
1670,2026-09-09,SH600941,-0.05114423483610153,EXP_LinearModel_Alpha158_csi300_custom_step0_s_20260909_16,aa944457cff94fd6af0f5fb50f5fd21a,0.065,,,
1671,2026-09-09,SZ300450,-0.017994513735175133,EXP_LinearModel_Alpha158_csi300_custom_step0_s_20260909_16,6aee75d69e1448b2a0bfb26050c6cdc8,0.003,,,
1672,2026-09-09,SH600938,0.0699215903878212,EXP_LinearModel_Alpha158_csi300_custom_step0_s_20260909_16,aa944457cff94fd6af0f5fb50f5fd21a,0.065,,,
1673,2026-09-09,SH600926,0.08883079141378403,EXP_LinearModel_Alpha158_csi300_custom_step0_s_20260909_16,aa944457cff94fd6af0f5fb50f5fd21a,0.065,,,
1674,2026-09-09,SH600482,0.14884796738624573,EXP_LinearModel_Alpha158_csi300_custom_step0_s_20260909_16,aa944457cff94fd6af0f5fb50f5fd21a,0.065,,,
1675,2026-09-09,SH600489,0.03397424891591072,EXP_LinearModel_Alpha158_csi300_custom_step0_s_20260909_16,aa944457cff94fd6af0f5fb50f5fd21a,0.065,,,
1676,2026-09-09,SH600515,-0.06413928419351578,EXP_LinearModel_Alpha158_csi300_custom_step0_s_20260909_16,aa944457cff94fd6af0f5fb50f5fd21a,0.065,,,
1677,2026-09-09,SH600519,-0.058094341307878494,EXP_LinearModel_Alpha158_csi300_custom_step0_s_20260909_16,aa944457cff94fd6af0f5fb50f5fd21a,0.065,,,
1678,2026-09-09,SH600522,0.10622941702604294,EXP_LinearModel_Alpha158_csi300_custom_step0_s_20260909_16,aa944457cff94fd6af0f5fb50f5fd21a,0.065,,,
1679,2026-09-09,SH600547,0.03636603802442551,EXP_LinearModel_Alpha158_csi300_custom_step0_s_20260909_16,aa944457cff94fd6af0f5fb50f5fd21a,0.065,,,
1680,2026-09-09,SH600549,0.054935209453105927,EXP_LinearModel_Alpha158_csi300_custom_step0_s_20260909_16,aa944457cff94fd6af0f5fb50f5fd21a,0.065,,,
1681,2026-09-09,SH600570,-0.017787888646125793,EXP_LinearModel_Alpha158_csi300_custom_step0_s_20260909_16,aa944457cff94fd6af0f5fb50f5fd21a,0.065,,,
1682,2026-09-09,SH600584,0.23469039797782898,EXP_LinearModel_Alpha158_csi300_custom_step0_s_20260909_16,aa944457cff94fd6af0f5fb50f5fd21a,0.065,,,
1683,2026-09-09,SH600585,-0.03662436455488205,EXP_LinearModel_Alpha158_csi300_custom_step0_s_20260909_16,aa944457cff94fd6af0f5fb50f5fd21a,0.065,,,
1684,2026-09-09,SH600588,-0.049681149423122406,EXP_LinearModel_Alpha158_csi300_custom_step0_s_20260909_16,aa944457cff94fd6af0f5fb50f5fd21a,0.065,,,
1685,2026-09-09,SH600600,-0.013750642538070679,EXP_LinearModel_Alpha158_csi300_custom_step0_s_20260909_16,aa944457cff94fd6af0f5fb50f5fd21a,0.065,,,
1686,2026-09-09,SH600660,-0.06267989426851273,EXP_LinearModel_Alpha158_csi300_custom_step0_s_20260909_16,aa944457cff94fd6af0f5fb50f5fd21a,0.065,,,
1687,2026-09-09,SH600674,-0.03635217249393463,EXP_LinearModel_Alpha158_csi300_custom_step0_s_20260909_16,aa944457cff94fd6af0f5fb50f5fd21a,0.065,,,
1688,2026-09-09,SH600690,-0.06495124101638794,EXP_LinearModel_Alpha158_csi300_custom_step0_s_20260909_16,aa944457cff94fd6af0f5fb50f5fd21a,0.065,,,
1689,2026-09-09,SH600741,0.04416061192750931,EXP_LinearModel_Alpha158_csi300_custom_step0_s_20260909_16,aa944457cff94fd6af0f5fb50f5fd21a,0.065,,,
1690,2026-09-09,SH600760,0.10290838778018951,EXP_LinearModel_Alpha158_csi300_custom_step0_s_20260909_16,aa944457cff94fd6af0f5fb50f5fd21a,0.065,,,
1691,2026-09-09,SH600795,-0.04510669410228729,EXP_LinearModel_Alpha158_csi300_custom_step0_s_20260909_16,aa944457cff94fd6af0f5fb50f5fd21a,0.065,,,
1692,2026-09-09,SH600803,0.1189391165971756,EXP_LinearModel_Alpha158_csi300_custom_step0_s_20260909_16,aa944457cff94fd6af0f5fb50f5fd21a,0.065,,,
1693,2026-09-09,SH600809,-0.10347914695739746,EXP_LinearModel_Alpha158_csi300_custom_step0_s_20260909_16,aa944457cff94fd6af0f5fb50f5fd21a,0.065,,,
1694,2026-09-09,SH600845,-0.09790744632482529,EXP_LinearModel_Alpha158_csi300_custom_step0_s_20260909_16,aa944457cff94fd6af0f5fb50f5fd21a,0.065,,,
1695,2026-09-09,SH600875,-0.07476329058408737,EXP_LinearModel_Alpha158_csi300_custom_step0_s_20260909_16,aa944457cff94fd6af0f5fb50f5fd21a,0.065,,,
1696,2026-09-09,SH600886,0.02376854419708252,EXP_LinearModel_Alpha158_csi300_custom_step0_s_20260909_16,aa944457cff94fd6af0f5fb50f5fd21a,0.065,,,
1697,2026-09-09,SH600887,-0.026438593864440918,EXP_LinearModel_Alpha158_csi300_custom_step0_s_20260909_16,aa944457cff94fd6af0f5fb50f5fd21a,0.065,,,
1698,2026-09-09,SH600893,0.1087176650762558,EXP_LinearModel_Alpha158_csi300_custom_step0_s_20260909_16,aa944457cff94fd6af0f5fb50f5fd21a,0.065,,,
1699,2026-09-09,SH600900,0.0289032980799675,EXP_LinearModel_Alpha158_csi300_custom_step0_s_20260909_16,aa944457cff94fd6af0f5fb50f5fd21a,0.065,,,
1700,2026-09-09,SH600905,-0.009960085153579712,EXP_LinearModel_Alpha158_csi300_custom_step0_s_20260909_16,aa944457cff94fd6af0f5fb50f5fd21a,0.065,,,
1701,2026-09-09,SH600918,0.007097847759723663,EXP_LinearModel_Alpha158_csi300_custom_step0_s_20260909_16,aa944457cff94fd6af0f5fb50f5fd21a,0.065,,,
1702,2026-09-09,SH600919,0.01281622052192688,EXP_LinearModel_Alpha158_csi300_custom_step0_s_20260909_16,aa944457cff94fd6af0f5fb50f5fd21a,0.065,,,
1703,2026-09-09,SH600930,0.10182899981737137,EXP_LinearModel_Alpha158_csi300_custom_step0_s_20260909_16,aa944457cff94fd6af0f5fb50f5fd21a,0.065,,,
1704,2026-09-09,SH601328,0.03277977555990219,EXP_LinearModel_Alpha158_csi300_custom_step0_s_20260909_16,aa944457cff94fd6af0f5fb50f5fd21a,0.065,,,
1705,2026-09-09,SZ300442,0.08497927337884903,EXP_LinearModel_Alpha158_csi300_custom_step0_s_20260909_16,6aee75d69e1448b2a0bfb26050c6cdc8,0.003,,,
1706,2026-09-09,SZ300418,-0.03557315841317177,EXP_LinearModel_Alpha158_csi300_custom_step0_s_20260909_16,6aee75d69e1448b2a0bfb26050c6cdc8,0.003,,,
1707,2026-09-09,SH688472,0.11514732241630554,EXP_LinearModel_Alpha158_csi300_custom_step0_s_20260909_16,6aee75d69e1448b2a0bfb26050c6cdc8,0.003,,,
1708,2026-09-09,SH688506,0.08711104840040207,EXP_LinearModel_Alpha158_csi300_custom_step0_s_20260909_16,6aee75d69e1448b2a0bfb26050c6cdc8,0.003,,,
1709,2026-09-09,SH688521,0.09223484992980957,EXP_LinearModel_Alpha158_csi300_custom_step0_s_20260909_16,6aee75d69e1448b2a0bfb26050c6cdc8,0.003,,,
1710,2026-09-09,SH688981,0.061336684972047806,EXP_LinearModel_Alpha158_csi300_custom_step0_s_20260909_16,6aee75d69e1448b2a0bfb26050c6cdc8,0.003,,,
1711,2026-09-09,SZ000001,0.07462912052869797,EXP_LinearModel_Alpha158_csi300_custom_step0_s_20260909_16,6aee75d69e1448b2a0bfb26050c6cdc8,0.003,,,
1712,2026-09-09,SZ000002,-0.03409891203045845,EXP_LinearModel_Alpha158_csi300_custom_step0_s_20260909_16,6aee75d69e1448b2a0bfb26050c6cdc8,0.003,,,
1713,2026-09-09,SZ000063,-0.01327525731176138,EXP_LinearModel_Alpha158_csi300_custom_step0_s_20260909_16,6aee75d69e1448b2a0bfb26050c6cdc8,0.003,,,
1714,2026-09-09,SZ000100,-0.04137871041893959,EXP_LinearModel_Alpha158_csi300_custom_step0_s_20260909_16,6aee75d69e1448b2a0bfb26050c6cdc8,0.003,,,
1715,2026-09-09,SZ000157,-0.042648475617170334,EXP_LinearModel_Alpha158_csi300_custom_step0_s_20260909_16,6aee75d69e1448b2a0bfb26050c6cdc8,0.003,,,
1716,2026-09-09,SZ000166,0.07420230656862259,EXP_LinearModel_Alpha158_csi300_custom_step0_s_20260909_16,6aee75d69e1448b2a0bfb26050c6cdc8,0.003,,,
1717,2026-09-09,SZ000301,-0.011807547882199287,EXP_LinearModel_Alpha158_csi300_custom_step0_s_20260909_16,6aee75d69e1448b2a0bfb26050c6cdc8,0.003,,,
1718,2026-09-09,SZ000333,0.04155188798904419,EXP_LinearModel_Alpha158_csi300_custom_step0_s_20260909_16,6aee75d69e1448b2a0bfb26050c6cdc8,0.003,,,
1719,2026-09-09,SZ000338,-0.05272970721125603,EXP_LinearModel_Alpha158_csi300_custom_step0_s_20260909_16,6aee75d69e1448b2a0bfb26050c6cdc8,0.003,,,
1720,2026-09-09,SH688396,0.05697149038314819,EXP_LinearModel_Alpha158_csi300_custom_step0_s_20260909_16,6aee75d69e1448b2a0bfb26050c6cdc8,0.003,,,
1721,2026-09-09,SZ000408,0.013455684296786785,EXP_LinearModel_Alpha158_csi300_custom_step0_s_20260909_16,6aee75d69e1448b2a0bfb26050c6cdc8,0.003,,,
1722,2026-09-09,SZ000538,0.02482195757329464,EXP_LinearModel_Alpha158_csi300_custom_step0_s_20260909_16,6aee75d69e1448b2a0bfb26050c6cdc8,0.003,,,
1723,2026-09-09,SZ000568,-0.003919705748558044,EXP_LinearModel_Alpha158_csi300_custom_step0_s_20260909_16,6aee75d69e1448b2a0bfb26050c6cdc8,0.003,,,
1724,2026-09-09,SZ000596,-0.08786273002624512,EXP_LinearModel_Alpha158_csi300_custom_step0_s_20260909_16,6aee75d69e1448b2a0bfb26050c6cdc8,0.003,,,
1725,2026-09-09,SZ000617,-0.04805062711238861,EXP_LinearModel_Alpha158_csi300_custom_step0_s_20260909_16,6aee75d69e1448b2a0bfb26050c6cdc8,0.003,,,
1726,2026-09-09,SZ000625,0.01335059478878975,EXP_LinearModel_Alpha158_csi300_custom_step0_s_20260909_16,6aee75d69e1448b2a0bfb26050c6cdc8,0.003,,,
1727,2026-09-09,SZ000630,0.014073304831981659,EXP_LinearModel_Alpha158_csi300_custom_step0_s_20260909_16,6aee75d69e1448b2a0bfb26050c6cdc8,0.003,,,
1728,2026-09-09,SZ000651,0.0276192594319582,EXP_LinearModel_Alpha158_csi300_custom_step0_s_20260909_16,6aee75d69e1448b2a0bfb26050c6cdc8,0.003,,,
1729,2026-09-09,SZ000657,0.007474861107766628,EXP_LinearModel_Alpha158_csi300_custom_step0_s_20260909_16,6aee75d69e1448b2a0bfb26050c6cdc8,0.003,,,
1730,2026-09-09,SZ000708,0.015778087079524994,EXP_LinearModel_Alpha158_csi300_custom_step0_s_20260909_16,6aee75d69e1448b2a0bfb26050c6cdc8,0.003,,,
1731,2026-09-09,SZ000725,0.019296390935778618,EXP_LinearModel_Alpha158_csi300_custom_step0_s_20260909_16,6aee75d69e1448b2a0bfb26050c6cdc8,0.003,,,
1732,2026-09-09,SZ000768,0.02309955283999443,EXP_LinearModel_Alpha158_csi300_custom_step0_s_20260909_16,6aee75d69e1448b2a0bfb26050c6cdc8,0.003,,,
1733,2026-09-09,SZ000776,0.06489136815071106,EXP_LinearModel_Alpha158_csi300_custom_step0_s_20260909_16,6aee75d69e1448b2a0bfb26050c6cdc8,0.003,,,
1734,2026-09-09,SZ000792,-0.054276883602142334,EXP_LinearModel_Alpha158_csi300_custom_step0_s_20260909_16,6aee75d69e1448b2a0bfb26050c6cdc8,0.003,,,
1735,2026-09-09,SZ000425,-0.02113024890422821,EXP_LinearModel_Alpha158_csi300_custom_step0_s_20260909_16,6aee75d69e1448b2a0bfb26050c6cdc8,0.003,,,
1736,2026-09-09,SH688303,0.06641890108585358,EXP_LinearModel_Alpha158_csi300_custom_step0_s_20260909_16,6aee75d69e1448b2a0bfb26050c6cdc8,0.003,,,
1737,2026-09-09,SH688271,-0.04462995007634163,EXP_LinearModel_Alpha158_csi300_custom_step0_s_20260909_16,6aee75d69e1448b2a0bfb26050c6cdc8,0.003,,,
1738,2026-09-09,SH688256,0.05453585088253021,EXP_LinearModel_Alpha158_csi300_custom_step0_s_20260909_16,6aee75d69e1448b2a0bfb26050c6cdc8,0.003,,,
1739,2026-09-09,SH601988,0.11953902989625931,EXP_LinearModel_Alpha158_csi300_custom_step0_s_20260909_16,6aee75d69e1448b2a0bfb26050c6cdc8,0.003,,,
1740,2026-09-09,SH601995,-0.03545019403100014,EXP_LinearModel_Alpha158_csi300_custom_step0_s_20260909_16,6aee75d69e1448b2a0bfb26050c6cdc8,0.003,,,
1741,2026-09-09,SH601998,0.1122005507349968,EXP_LinearModel_Alpha158_csi300_custom_step0_s_20260909_16,6aee75d69e1448b2a0bfb26050c6cdc8,0.003,,,
1742,2026-09-09,SH603019,0.010184669867157936,EXP_LinearModel_Alpha158_csi300_custom_step0_s_20260909_16,6aee75d69e1448b2a0bfb26050c6cdc8,0.003,,,
1743,2026-09-09,SH603259,-0.02387528494000435,EXP_LinearModel_Alpha158_csi300_custom_step0_s_20260909_16,6aee75d69e1448b2a0bfb26050c6cdc8,0.003,,,
1744,2026-09-09,SH603260,0.04415076971054077,EXP_LinearModel_Alpha158_csi300_custom_step0_s_20260909_16,6aee75d69e1448b2a0bfb26050c6cdc8,0.003,,,
1745,2026-09-09,SH603288,0.03627757728099823,EXP_LinearModel_Alpha158_csi300_custom_step0_s_20260909_16,6aee75d69e1448b2a0bfb26050c6cdc8,0.003,,,
1746,2026-09-09,SH603296,0.03513069450855255,EXP_LinearModel_Alpha158_csi300_custom_step0_s_20260909_16,6aee75d69e1448b2a0bfb26050c6cdc8,0.003,,,
1747,2026-09-09,SH603369,0.05392437055706978,EXP_LinearModel_Alpha158_csi300_custom_step0_s_20260909_16,6aee75d69e1448b2a0bfb26050c6cdc8,0.003,,,
1748,2026-09-09,SH603392,0.03992552310228348,EXP_LinearModel_Alpha158_csi300_custom_step0_s_20260909_16,6aee75d69e1448b2a0bfb26050c6cdc8,0.003,,,
1749,2026-09-09,SH603501,0.08960583060979843,EXP_LinearModel_Alpha158_csi300_custom_step0_s_20260909_16,6aee75d69e1448b2a0bfb26050c6cdc8,0.003,,,
1750,2026-09-09,SH603799,0.07512706518173218,EXP_LinearModel_Alpha158_csi300_custom_step0_s_20260909_16,6aee75d69e1448b2a0bfb26050c6cdc8,0.003,,,
1751,2026-09-09,SH603893,0.05556535720825195,EXP_LinearModel_Alpha158_csi300_custom_step0_s_20260909_16,6aee75d69e1448b2a0bfb26050c6cdc8,0.003,,,
1752,2026-09-09,SH603986,0.14207306504249573,EXP_LinearModel_Alpha158_csi300_custom_step0_s_20260909_16,6aee75d69e1448b2a0bfb26050c6cdc8,0.003,,,
1753,2026-09-09,SH603993,0.04240941256284714,EXP_LinearModel_Alpha158_csi300_custom_step0_s_20260909_16,6aee75d69e1448b2a0bfb26050c6cdc8,0.003,,,
1754,2026-09-09,SH605117,0.15000610053539276,EXP_LinearModel_Alpha158_csi300_custom_step0_s_20260909_16,6aee75d69e1448b2a0bfb26050c6cdc8,0.003,,,
1755,2026-09-09,SH605499,0.005979730747640133,EXP_LinearModel_Alpha158_csi300_custom_step0_s_20260909_16,6aee75d69e1448b2a0bfb26050c6cdc8,0.003,,,
1756,2026-09-09,SH688008,0.12610915303230286,EXP_LinearModel_Alpha158_csi300_custom_step0_s_20260909_16,6aee75d69e1448b2a0bfb26050c6cdc8,0.003,,,
1757,2026-09-09,SH688009,-0.04674545302987099,EXP_LinearModel_Alpha158_csi300_custom_step0_s_20260909_16,6aee75d69e1448b2a0bfb26050c6cdc8,0.003,,,
1758,2026-09-09,SH688012,0.07102500647306442,EXP_LinearModel_Alpha158_csi300_custom_step0_s_20260909_16,6aee75d69e1448b2a0bfb26050c6cdc8,0.003,,,
1759,2026-09-09,SH688036,-0.0044488320127129555,EXP_LinearModel_Alpha158_csi300_custom_step0_s_20260909_16,6aee75d69e1448b2a0bfb26050c6cdc8,0.003,,,
1760,2026-09-09,SH688041,0.10922722518444061,EXP_LinearModel_Alpha158_csi300_custom_step0_s_20260909_16,6aee75d69e1448b2a0bfb26050c6cdc8,0.003,,,
1761,2026-09-09,SH688047,0.10567274689674377,EXP_LinearModel_Alpha158_csi300_custom_step0_s_20260909_16,6aee75d69e1448b2a0bfb26050c6cdc8,0.003,,,
1762,2026-09-09,SH688072,0.05480432137846947,EXP_LinearModel_Alpha158_csi300_custom_step0_s_20260909_16,6aee75d69e1448b2a0bfb26050c6cdc8,0.003,,,
1763,2026-09-09,SH688082,0.062356822192668915,EXP_LinearModel_Alpha158_csi300_custom_step0_s_20260909_16,6aee75d69e1448b2a0bfb26050c6cdc8,0.003,,,
1764,2026-09-09,SH688111,0.003544529201462865,EXP_LinearModel_Alpha158_csi300_custom_step0_s_20260909_16,6aee75d69e1448b2a0bfb26050c6cdc8,0.003,,,
1765,2026-09-09,SH688126,0.10914957523345947,EXP_LinearModel_Alpha158_csi300_custom_step0_s_20260909_16,6aee75d69e1448b2a0bfb26050c6cdc8,0.003,,,
1766,2026-09-09,SH688183,-0.15041950345039368,EXP_LinearModel_Alpha158_csi300_custom_step0_s_20260909_16,6aee75d69e1448b2a0bfb26050c6cdc8,0.003,,,
1767,2026-09-09,SH688223,0.03996874392032623,EXP_LinearModel_Alpha158_csi300_custom_step0_s_20260909_16,6aee75d69e1448b2a0bfb26050c6cdc8,0.003,,,
1768,2026-09-09,SZ000807,-0.06993613392114639,EXP_LinearModel_Alpha158_csi300_custom_step0_s_20260909_16,6aee75d69e1448b2a0bfb26050c6cdc8,0.003,,,
1769,2026-09-09,SZ000858,-0.03479041904211044,EXP_LinearModel_Alpha158_csi300_custom_step0_s_20260909_16,6aee75d69e1448b2a0bfb26050c6cdc8,0.003,,,
1770,2026-09-09,SZ000895,0.008475431241095066,EXP_LinearModel_Alpha158_csi300_custom_step0_s_20260909_16,6aee75d69e1448b2a0bfb26050c6cdc8,0.003,,,
1771,2026-09-09,SZ000938,0.0852845162153244,EXP_LinearModel_Alpha158_csi300_custom_step0_s_20260909_16,6aee75d69e1448b2a0bfb26050c6cdc8,0.003,,,
1772,2026-09-09,SZ002493,0.0043872022069990635,EXP_LinearModel_Alpha158_csi300_custom_step0_s_20260909_16,6aee75d69e1448b2a0bfb26050c6cdc8,0.003,,,
1773,2026-09-09,SZ002532,-0.07701805233955383,EXP_LinearModel_Alpha158_csi300_custom_step0_s_20260909_16,6aee75d69e1448b2a0bfb26050c6cdc8,0.003,,,
1774,2026-09-09,SZ002558,-0.008389968425035477,EXP_LinearModel_Alpha158_csi300_custom_step0_s_20260909_16,6aee75d69e1448b2a0bfb26050c6cdc8,0.003,,,
1775,2026-09-09,SZ002594,-0.0770791620016098,EXP_LinearModel_Alpha158_csi300_custom_step0_s_20260909_16,6aee75d69e1448b2a0bfb26050c6cdc8,0.003,,,
1776,2026-09-09,SZ002600,0.1334073394536972,EXP_LinearModel_Alpha158_csi300_custom_step0_s_20260909_16,6aee75d69e1448b2a0bfb26050c6cdc8,0.003,,,
1777,2026-09-09,SZ002602,-0.1053301990032196,EXP_LinearModel_Alpha158_csi300_custom_step0_s_20260909_16,6aee75d69e1448b2a0bfb26050c6cdc8,0.003,,,
1778,2026-09-09,SZ002625,0.10107580572366714,EXP_LinearModel_Alpha158_csi300_custom_step0_s_20260909_16,6aee75d69e1448b2a0bfb26050c6cdc8,0.003,,,
1779,2026-09-09,SZ002648,-0.039329156279563904,EXP_LinearModel_Alpha158_csi300_custom_step0_s_20260909_16,6aee75d69e1448b2a0bfb26050c6cdc8,0.003,,,
1780,2026-09-09,SZ002709,0.1170576736330986,EXP_LinearModel_Alpha158_csi300_custom_step0_s_20260909_16,6aee75d69e1448b2a0bfb26050c6cdc8,0.003,,,
1781,2026-09-09,SZ002714,0.043366312980651855,EXP_LinearModel_Alpha158_csi300_custom_step0_s_20260909_16,6aee75d69e1448b2a0bfb26050c6cdc8,0.003,,,
1782,2026-09-09,SZ002736,0.015773234888911247,EXP_LinearModel_Alpha158_csi300_custom_step0_s_20260909_16,6aee75d69e1448b2a0bfb26050c6cdc8,0.003,,,
1783,2026-09-09,SZ002837,0.1484280526638031,EXP_LinearModel_Alpha158_csi300_custom_step0_s_20260909_16,6aee75d69e1448b2a0bfb26050c6cdc8,0.003,,,
1784,2026-09-09,SZ002916,-0.05053086206316948,EXP_LinearModel_Alpha158_csi300_custom_step0_s_20260909_16,6aee75d69e1448b2a0bfb26050c6cdc8,0.003,,,
1785,2026-09-09,SZ002920,3.9707752875983715e-05,EXP_LinearModel_Alpha158_csi300_custom_step0_s_20260909_16,6aee75d69e1448b2a0bfb26050c6cdc8,0.003,,,
1786,2026-09-09,SZ002938,-0.050113603472709656,EXP_LinearModel_Alpha158_csi300_custom_step0_s_20260909_16,6aee75d69e1448b2a0bfb26050c6cdc8,0.003,,,
1787,2026-09-09,SZ003816,0.12333215028047562,EXP_LinearModel_Alpha158_csi300_custom_step0_s_20260909_16,6aee75d69e1448b2a0bfb26050c6cdc8,0.003,,,
1788,2026-09-09,SZ300014,-0.06096949428319931,EXP_LinearModel_Alpha158_csi300_custom_step0_s_20260909_16,6aee75d69e1448b2a0bfb26050c6cdc8,0.003,,,
1789,2026-09-09,SZ300015,0.00022899825125932693,EXP_LinearModel_Alpha158_csi300_custom_step0_s_20260909_16,6aee75d69e1448b2a0bfb26050c6cdc8,0.003,,,
1790,2026-09-09,SZ300033,0.019679419696331024,EXP_LinearModel_Alpha158_csi300_custom_step0_s_20260909_16,6aee75d69e1448b2a0bfb26050c6cdc8,0.003,,,
1791,2026-09-09,SZ300059,-0.01092471182346344,EXP_LinearModel_Alpha158_csi300_custom_step0_s_20260909_16,6aee75d69e1448b2a0bfb26050c6cdc8,0.003,,,
1792,2026-09-09,SZ300122,-0.07040716707706451,EXP_LinearModel_Alpha158_csi300_custom_step0_s_20260909_16,6aee75d69e1448b2a0bfb26050c6cdc8,0.003,,,
1793,2026-09-09,SZ300124,0.01525260228663683,EXP_LinearModel_Alpha158_csi300_custom_step0_s_20260909_16,6aee75d69e1448b2a0bfb26050c6cdc8,0.003,,,
1794,2026-09-09,SZ300251,0.03816889226436615,EXP_LinearModel_Alpha158_csi300_custom_step0_s_20260909_16,6aee75d69e1448b2a0bfb26050c6cdc8,0.003,,,
1795,2026-09-09,SZ300274,0.40812742710113525,EXP_LinearModel_Alpha158_csi300_custom_step0_s_20260909_16,6aee75d69e1448b2a0bfb26050c6cdc8,0.003,,,
1796,2026-09-09,SZ300308,-0.06170153617858887,EXP_LinearModel_Alpha158_csi300_custom_step0_s_20260909_16,6aee75d69e1448b2a0bfb26050c6cdc8,0.003,,,
1797,2026-09-09,SZ300316,0.1301628053188324,EXP_LinearModel_Alpha158_csi300_custom_step0_s_20260909_16,6aee75d69e1448b2a0bfb26050c6cdc8,0.003,,,
1798,2026-09-09,SZ300394,0.03914777934551239,EXP_LinearModel_Alpha158_csi300_custom_step0_s_20260909_16,6aee75d69e1448b2a0bfb26050c6cdc8,0.003,,,
1799,2026-09-09,SZ300408,0.03222191706299782,EXP_LinearModel_Alpha158_csi300_custom_step0_s_20260909_16,6aee75d69e1448b2a0bfb26050c6cdc8,0.003,,,
1800,2026-09-09,SZ300413,0.1662047952413559,EXP_LinearModel_Alpha158_csi300_custom_step0_s_20260909_16,6aee75d69e1448b2a0bfb26050c6cdc8,0.003,,,
1801,2026-09-09,SZ002475,0.08177030086517334,EXP_LinearModel_Alpha158_csi300_custom_step0_s_20260909_16,6aee75d69e1448b2a0bfb26050c6cdc8,0.003,,,
1802,2026-09-09,SZ300433,0.20991435647010803,EXP_LinearModel_Alpha158_csi300_custom_step0_s_20260909_16,6aee75d69e1448b2a0bfb26050c6cdc8,0.003,,,
1803,2026-09-09,SZ002466,0.07498054951429367,EXP_LinearModel_Alpha158_csi300_custom_step0_s_20260909_16,6aee75d69e1448b2a0bfb26050c6cdc8,0.003,,,
1804,2026-09-09,SZ002460,0.05820249021053314,EXP_LinearModel_Alpha158_csi300_custom_step0_s_20260909_16,6aee75d69e1448b2a0bfb26050c6cdc8,0.003,,,
1805,2026-09-09,SZ000963,-0.004694684408605099,EXP_LinearModel_Alpha158_csi300_custom_step0_s_20260909_16,6aee75d69e1448b2a0bfb26050c6cdc8,0.003,,,
1806,2026-09-09,SZ000975,-0.05958035960793495,EXP_LinearModel_Alpha158_csi300_custom_step0_s_20260909_16,6aee75d69e1448b2a0bfb26050c6cdc8,0.003,,,
1807,2026-09-09,SZ000977,0.12072627246379852,EXP_LinearModel_Alpha158_csi300_custom_step0_s_20260909_16,6aee75d69e1448b2a0bfb26050c6cdc8,0.003,,,
1808,2026-09-09,SZ000988,0.03300609812140465,EXP_LinearModel_Alpha158_csi300_custom_step0_s_20260909_16,6aee75d69e1448b2a0bfb26050c6cdc8,0.003,,,
1809,2026-09-09,SZ000999,0.026518844068050385,EXP_LinearModel_Alpha158_csi300_custom_step0_s_20260909_16,6aee75d69e1448b2a0bfb26050c6cdc8,0.003,,,
1810,2026-09-09,SZ001280,-0.024712897837162018,EXP_LinearModel_Alpha158_csi300_custom_step0_s_20260909_16,6aee75d69e1448b2a0bfb26050c6cdc8,0.003,,,
1811,2026-09-09,SZ001391,-0.011667399667203426,EXP_LinearModel_Alpha158_csi300_custom_step0_s_20260909_16,6aee75d69e1448b2a0bfb26050c6cdc8,0.003,,,
1812,2026-09-09,SZ001965,0.0611228346824646,EXP_LinearModel_Alpha158_csi300_custom_step0_s_20260909_16,6aee75d69e1448b2a0bfb26050c6cdc8,0.003,,,
1813,2026-09-09,SZ001979,0.0014420467196032405,EXP_LinearModel_Alpha158_csi300_custom_step0_s_20260909_16,6aee75d69e1448b2a0bfb26050c6cdc8,0.003,,,
1814,2026-09-09,SZ002001,-0.04329976439476013,EXP_LinearModel_Alpha158_csi300_custom_step0_s_20260909_16,6aee75d69e1448b2a0bfb26050c6cdc8,0.003,,,
1815,2026-09-09,SZ002027,0.016521617770195007,EXP_LinearModel_Alpha158_csi300_custom_step0_s_20260909_16,6aee75d69e1448b2a0bfb26050c6cdc8,0.003,,,
1816,2026-09-09,SZ002028,0.28008508682250977,EXP_LinearModel_Alpha158_csi300_custom_step0_s_20260909_16,6aee75d69e1448b2a0bfb26050c6cdc8,0.003,,,
1817,2026-09-09,SZ002049,0.08998560905456543,EXP_LinearModel_Alpha158_csi300_custom_step0_s_20260909_16,6aee75d69e1448b2a0bfb26050c6cdc8,0.003,,,
1818,2026-09-09,SZ002050,0.11037429422140121,EXP_LinearModel_Alpha158_csi300_custom_step0_s_20260909_16,6aee75d69e1448b2a0bfb26050c6cdc8,0.003,,,
1819,2026-09-09,SZ002074,-0.03549133241176605,EXP_LinearModel_Alpha158_csi300_custom_step0_s_20260909_16,6aee75d69e1448b2a0bfb26050c6cdc8,0.003,,,
1820,2026-09-09,SZ002142,0.12447042763233185,EXP_LinearModel_Alpha158_csi300_custom_step0_s_20260909_16,6aee75d69e1448b2a0bfb26050c6cdc8,0.003,,,
1821,2026-09-09,SZ002179,0.0054588355123996735,EXP_LinearModel_Alpha158_csi300_custom_step0_s_20260909_16,6aee75d69e1448b2a0bfb26050c6cdc8,0.003,,,
1822,2026-09-09,SZ002202,0.03985252231359482,EXP_LinearModel_Alpha158_csi300_custom_step0_s_20260909_16,6aee75d69e1448b2a0bfb26050c6cdc8,0.003,,,
1823,2026-09-09,SZ002230,0.017858896404504776,EXP_LinearModel_Alpha158_csi300_custom_step0_s_20260909_16,6aee75d69e1448b2a0bfb26050c6cdc8,0.003,,,
1824,2026-09-09,SZ002236,-0.044698696583509445,EXP_LinearModel_Alpha158_csi300_custom_step0_s_20260909_16,6aee75d69e1448b2a0bfb26050c6cdc8,0.003,,,
1825,2026-09-09,SZ002241,0.03706331178545952,EXP_LinearModel_Alpha158_csi300_custom_step0_s_20260909_16,6aee75d69e1448b2a0bfb26050c6cdc8,0.003,,,
1826,2026-09-09,SZ002304,-0.019452758133411407,EXP_LinearModel_Alpha158_csi300_custom_step0_s_20260909_16,6aee75d69e1448b2a0bfb26050c6cdc8,0.003,,,
1827,2026-09-09,SZ002311,-0.018279092386364937,EXP_LinearModel_Alpha158_csi300_custom_step0_s_20260909_16,6aee75d69e1448b2a0bfb26050c6cdc8,0.003,,,
1828,2026-09-09,SZ002352,-0.0699315071105957,EXP_LinearModel_Alpha158_csi300_custom_step0_s_20260909_16,6aee75d69e1448b2a0bfb26050c6cdc8,0.003,,,
1829,2026-09-09,SZ002353,0.17695698142051697,EXP_LinearModel_Alpha158_csi300_custom_step0_s_20260909_16,6aee75d69e1448b2a0bfb26050c6cdc8,0.003,,,
1830,2026-09-09,SZ002371,0.07849901169538498,EXP_LinearModel_Alpha158_csi300_custom_step0_s_20260909_16,6aee75d69e1448b2a0bfb26050c6cdc8,0.003,,,
1831,2026-09-09,SZ002384,-0.008364524692296982,EXP_LinearModel_Alpha158_csi300_custom_step0_s_20260909_16,6aee75d69e1448b2a0bfb26050c6cdc8,0.003,,,
1832,2026-09-09,SZ002415,-0.053888723254203796,EXP_LinearModel_Alpha158_csi300_custom_step0_s_20260909_16,6aee75d69e1448b2a0bfb26050c6cdc8,0.003,,,
1833,2026-09-09,SZ002422,0.05590512976050377,EXP_LinearModel_Alpha158_csi300_custom_step0_s_20260909_16,6aee75d69e1448b2a0bfb26050c6cdc8,0.003,,,
1834,2026-09-09,SZ002463,-0.0064316694624722,EXP_LinearModel_Alpha158_csi300_custom_step0_s_20260909_16,6aee75d69e1448b2a0bfb26050c6cdc8,0.003,,,
1835,2026-09-09,SH601336,-0.030715668573975563,EXP_LinearModel_Alpha158_csi300_custom_step0_s_20260909_16,aa944457cff94fd6af0f5fb50f5fd21a,0.065,,,
1836,2026-09-09,SH601360,-0.13905572891235352,EXP_LinearModel_Alpha158_csi300_custom_step0_s_20260909_16,aa944457cff94fd6af0f5fb50f5fd21a,0.065,,,
1837,2026-09-09,SH601377,-0.03132742643356323,EXP_LinearModel_Alpha158_csi300_custom_step0_s_20260909_16,aa944457cff94fd6af0f5fb50f5fd21a,0.065,,,
1838,2026-09-09,SZ300418,0.014914389699697495,EXP_LinearModel_Alpha158_csi300_custom_step0_s_20260909_16,aa944457cff94fd6af0f5fb50f5fd21a,0.065,,,
1839,2026-09-09,SZ300433,0.278362512588501,EXP_LinearModel_Alpha158_csi300_custom_step0_s_20260909_16,aa944457cff94fd6af0f5fb50f5fd21a,0.065,,,
1840,2026-09-09,SZ300442,0.01251896470785141,EXP_LinearModel_Alpha158_csi300_custom_step0_s_20260909_16,aa944457cff94fd6af0f5fb50f5fd21a,0.065,,,
1841,2026-09-09,SZ300450,-0.09004998207092285,EXP_LinearModel_Alpha158_csi300_custom_step0_s_20260909_16,aa944457cff94fd6af0f5fb50f5fd21a,0.065,,,
1842,2026-09-09,SZ300476,0.20838457345962524,EXP_LinearModel_Alpha158_csi300_custom_step0_s_20260909_16,aa944457cff94fd6af0f5fb50f5fd21a,0.065,,,
1843,2026-09-09,SZ300498,0.031041791662573814,EXP_LinearModel_Alpha158_csi300_custom_step0_s_20260909_16,aa944457cff94fd6af0f5fb50f5fd21a,0.065,,,
1844,2026-09-09,SZ300502,0.24084177613258362,EXP_LinearModel_Alpha158_csi300_custom_step0_s_20260909_16,aa944457cff94fd6af0f5fb50f5fd21a,0.065,,,
1845,2026-09-09,SZ300628,-0.05039101839065552,EXP_LinearModel_Alpha158_csi300_custom_step0_s_20260909_16,aa944457cff94fd6af0f5fb50f5fd21a,0.065,,,
1846,2026-09-09,SZ300661,0.06850689649581909,EXP_LinearModel_Alpha158_csi300_custom_step0_s_20260909_16,aa944457cff94fd6af0f5fb50f5fd21a,0.065,,,
1847,2026-09-09,SZ300750,-0.04799747094511986,EXP_LinearModel_Alpha158_csi300_custom_step0_s_20260909_16,aa944457cff94fd6af0f5fb50f5fd21a,0.065,,,
1848,2026-09-09,SZ300760,0.024068957194685936,EXP_LinearModel_Alpha158_csi300_custom_step0_s_20260909_16,aa944457cff94fd6af0f5fb50f5fd21a,0.065,,,
1849,2026-09-09,SZ300803,-0.11542454361915588,EXP_LinearModel_Alpha158_csi300_custom_step0_s_20260909_16,aa944457cff94fd6af0f5fb50f5fd21a,0.065,,,
1850,2026-09-09,SZ300832,0.026589374989271164,EXP_LinearModel_Alpha158_csi300_custom_step0_s_20260909_16,aa944457cff94fd6af0f5fb50f5fd21a,0.065,,,
1851,2026-09-09,SZ300413,0.3175913989543915,EXP_LinearModel_Alpha158_csi300_custom_step0_s_20260909_16,aa944457cff94fd6af0f5fb50f5fd21a,0.065,,,
1852,2026-09-09,SZ300866,-0.03189542889595032,EXP_LinearModel_Alpha158_csi300_custom_step0_s_20260909_16,aa944457cff94fd6af0f5fb50f5fd21a,0.065,,,
1853,2026-09-09,SZ300999,0.00781404972076416,EXP_LinearModel_Alpha158_csi300_custom_step0_s_20260909_16,aa944457cff94fd6af0f5fb50f5fd21a,0.065,,,
1854,2026-09-09,SZ301165,-0.10912412405014038,EXP_LinearModel_Alpha158_csi300_custom_step0_s_20260909_16,aa944457cff94fd6af0f5fb50f5fd21a,0.065,,,
1855,2026-09-09,SZ301236,-0.05695754662156105,EXP_LinearModel_Alpha158_csi300_custom_step0_s_20260909_16,aa944457cff94fd6af0f5fb50f5fd21a,0.065,,,
1856,2026-09-09,SZ301269,0.049004897475242615,EXP_LinearModel_Alpha158_csi300_custom_step0_s_20260909_16,aa944457cff94fd6af0f5fb50f5fd21a,0.065,,,
1857,2026-09-09,SZ301308,0.1350601613521576,EXP_LinearModel_Alpha158_csi300_custom_step0_s_20260909_16,aa944457cff94fd6af0f5fb50f5fd21a,0.065,,,
1858,2026-09-09,SZ302132,-0.005778521299362183,EXP_LinearModel_Alpha158_csi300_custom_step0_s_20260909_16,aa944457cff94fd6af0f5fb50f5fd21a,0.065,,,
1859,2026-09-09,SH600000,0.04516381397843361,EXP_XGBModel_Alpha158_csi300_custom_step0_s_20260909_16,6b5be07cbb87456cb053719231d9069a,0.08,,,
1860,2026-09-09,SH600009,0.05144656077027321,EXP_XGBModel_Alpha158_csi300_custom_step0_s_20260909_16,6b5be07cbb87456cb053719231d9069a,0.08,,,
1861,2026-09-09,SH600010,0.028951356187462807,EXP_XGBModel_Alpha158_csi300_custom_step0_s_20260909_16,6b5be07cbb87456cb053719231d9069a,0.08,,,
1862,2026-09-09,SH600011,0.009004064835608006,EXP_XGBModel_Alpha158_csi300_custom_step0_s_20260909_16,6b5be07cbb87456cb053719231d9069a,0.08,,,
1863,2026-09-09,SH600015,0.013854148797690868,EXP_XGBModel_Alpha158_csi300_custom_step0_s_20260909_16,6b5be07cbb87456cb053719231d9069a,0.08,,,
1864,2026-09-09,SH600016,0.024422090500593185,EXP_XGBModel_Alpha158_csi300_custom_step0_s_20260909_16,6b5be07cbb87456cb053719231d9069a,0.08,,,
1865,2026-09-09,SH600018,0.006372053176164627,EXP_XGBModel_Alpha158_csi300_custom_step0_s_20260909_16,6b5be07cbb87456cb053719231d9069a,0.08,,,
1866,2026-09-09,SZ300896,-0.05039408057928085,EXP_LinearModel_Alpha158_csi300_custom_step0_s_20260909_16,aa944457cff94fd6af0f5fb50f5fd21a,0.065,,,
1867,2026-09-09,SZ300408,-0.009215489029884338,EXP_LinearModel_Alpha158_csi300_custom_step0_s_20260909_16,aa944457cff94fd6af0f5fb50f5fd21a,0.065,,,
1868,2026-09-09,SZ300394,0.21460168063640594,EXP_LinearModel_Alpha158_csi300_custom_step0_s_20260909_16,aa944457cff94fd6af0f5fb50f5fd21a,0.065,,,
1869,2026-09-09,SZ300316,-0.07019709050655365,EXP_LinearModel_Alpha158_csi300_custom_step0_s_20260909_16,aa944457cff94fd6af0f5fb50f5fd21a,0.065,,,
1870,2026-09-09,SZ002460,0.006325215101242065,EXP_LinearModel_Alpha158_csi300_custom_step0_s_20260909_16,aa944457cff94fd6af0f5fb50f5fd21a,0.065,,,
1871,2026-09-09,SZ002463,0.15281225740909576,EXP_LinearModel_Alpha158_csi300_custom_step0_s_20260909_16,aa944457cff94fd6af0f5fb50f5fd21a,0.065,,,
1872,2026-09-09,SZ002466,0.03961499035358429,EXP_LinearModel_Alpha158_csi300_custom_step0_s_20260909_16,aa944457cff94fd6af0f5fb50f5fd21a,0.065,,,
1873,2026-09-09,SZ002475,0.04908846318721771,EXP_LinearModel_Alpha158_csi300_custom_step0_s_20260909_16,aa944457cff94fd6af0f5fb50f5fd21a,0.065,,,
1874,2026-09-09,SZ002493,0.042341507971286774,EXP_LinearModel_Alpha158_csi300_custom_step0_s_20260909_16,aa944457cff94fd6af0f5fb50f5fd21a,0.065,,,
1875,2026-09-09,SZ002532,-0.12342873215675354,EXP_LinearModel_Alpha158_csi300_custom_step0_s_20260909_16,aa944457cff94fd6af0f5fb50f5fd21a,0.065,,,
1876,2026-09-09,SZ002558,-0.023274675011634827,EXP_LinearModel_Alpha158_csi300_custom_step0_s_20260909_16,aa944457cff94fd6af0f5fb50f5fd21a,0.065,,,
1877,2026-09-09,SZ002594,-0.05973392724990845,EXP_LinearModel_Alpha158_csi300_custom_step0_s_20260909_16,aa944457cff94fd6af0f5fb50f5fd21a,0.065,,,
1878,2026-09-09,SZ002600,-0.11325724422931671,EXP_LinearModel_Alpha158_csi300_custom_step0_s_20260909_16,aa944457cff94fd6af0f5fb50f5fd21a,0.065,,,
1879,2026-09-09,SZ002602,-0.033773019909858704,EXP_LinearModel_Alpha158_csi300_custom_step0_s_20260909_16,aa944457cff94fd6af0f5fb50f5fd21a,0.065,,,
1880,2026-09-09,SZ002625,0.04632960259914398,EXP_LinearModel_Alpha158_csi300_custom_step0_s_20260909_16,aa944457cff94fd6af0f5fb50f5fd21a,0.065,,,
1881,2026-09-09,SZ002648,0.038305070251226425,EXP_LinearModel_Alpha158_csi300_custom_step0_s_20260909_16,aa944457cff94fd6af0f5fb50f5fd21a,0.065,,,
1882,2026-09-09,SZ002709,0.14386819303035736,EXP_LinearModel_Alpha158_csi300_custom_step0_s_20260909_16,aa944457cff94fd6af0f5fb50f5fd21a,0.065,,,
1883,2026-09-09,SZ002714,0.03946642205119133,EXP_LinearModel_Alpha158_csi300_custom_step0_s_20260909_16,aa944457cff94fd6af0f5fb50f5fd21a,0.065,,,
1884,2026-09-09,SZ002736,-0.032778896391391754,EXP_LinearModel_Alpha158_csi300_custom_step0_s_20260909_16,aa944457cff94fd6af0f5fb50f5fd21a,0.065,,,
1885,2026-09-09,SZ002837,0.1521965116262436,EXP_LinearModel_Alpha158_csi300_custom_step0_s_20260909_16,aa944457cff94fd6af0f5fb50f5fd21a,0.065,,,
1886,2026-09-09,SZ002916,0.15326671302318573,EXP_LinearModel_Alpha158_csi300_custom_step0_s_20260909_16,aa944457cff94fd6af0f5fb50f5fd21a,0.065,,,
1887,2026-09-09,SZ002920,-0.09208900481462479,EXP_LinearModel_Alpha158_csi300_custom_step0_s_20260909_16,aa944457cff94fd6af0f5fb50f5fd21a,0.065,,,
1888,2026-09-09,SZ002938,0.07716532796621323,EXP_LinearModel_Alpha158_csi300_custom_step0_s_20260909_16,aa944457cff94fd6af0f5fb50f5fd21a,0.065,,,
1889,2026-09-09,SZ003816,0.02007489651441574,EXP_LinearModel_Alpha158_csi300_custom_step0_s_20260909_16,aa944457cff94fd6af0f5fb50f5fd21a,0.065,,,
1890,2026-09-09,SZ300014,-0.0712849497795105,EXP_LinearModel_Alpha158_csi300_custom_step0_s_20260909_16,aa944457cff94fd6af0f5fb50f5fd21a,0.065,,,
1891,2026-09-09,SZ300015,-0.031740523874759674,EXP_LinearModel_Alpha158_csi300_custom_step0_s_20260909_16,aa944457cff94fd6af0f5fb50f5fd21a,0.065,,,
1892,2026-09-09,SZ300033,-0.013712048530578613,EXP_LinearModel_Alpha158_csi300_custom_step0_s_20260909_16,aa944457cff94fd6af0f5fb50f5fd21a,0.065,,,
1893,2026-09-09,SZ300059,-0.037923142313957214,EXP_LinearModel_Alpha158_csi300_custom_step0_s_20260909_16,aa944457cff94fd6af0f5fb50f5fd21a,0.065,,,
1894,2026-09-09,SZ300122,-0.13183382153511047,EXP_LinearModel_Alpha158_csi300_custom_step0_s_20260909_16,aa944457cff94fd6af0f5fb50f5fd21a,0.065,,,
1895,2026-09-09,SZ300124,-0.1496867537498474,EXP_LinearModel_Alpha158_csi300_custom_step0_s_20260909_16,aa944457cff94fd6af0f5fb50f5fd21a,0.065,,,
1896,2026-09-09,SZ300251,-0.15003527700901031,EXP_LinearModel_Alpha158_csi300_custom_step0_s_20260909_16,aa944457cff94fd6af0f5fb50f5fd21a,0.065,,,
1897,2026-09-09,SZ300274,0.043650008738040924,EXP_LinearModel_Alpha158_csi300_custom_step0_s_20260909_16,aa944457cff94fd6af0f5fb50f5fd21a,0.065,,,
1898,2026-09-09,SZ300308,0.1514458954334259,EXP_LinearModel_Alpha158_csi300_custom_step0_s_20260909_16,aa944457cff94fd6af0f5fb50f5fd21a,0.065,,,
1899,2026-09-09,SH600019,0.0471501499414444,EXP_XGBModel_Alpha158_csi300_custom_step0_s_20260909_16,6b5be07cbb87456cb053719231d9069a,0.08,,,
1900,2026-09-09,SH600023,-0.0067138634622097015,EXP_XGBModel_Alpha158_csi300_custom_step0_s_20260909_16,6b5be07cbb87456cb053719231d9069a,0.08,,,
1901,2026-09-09,SH600025,0.0345810204744339,EXP_XGBModel_Alpha158_csi300_custom_step0_s_20260909_16,6b5be07cbb87456cb053719231d9069a,0.08,,,
1902,2026-09-09,SH600026,-0.15100592374801636,EXP_XGBModel_Alpha158_csi300_custom_step0_s_20260909_16,6b5be07cbb87456cb053719231d9069a,0.08,,,
1903,2026-09-09,SH600426,-0.012248138897120953,EXP_XGBModel_Alpha158_csi300_custom_step0_s_20260909_16,6b5be07cbb87456cb053719231d9069a,0.08,,,
1904,2026-09-09,SH600436,-0.0007936032488942146,EXP_XGBModel_Alpha158_csi300_custom_step0_s_20260909_16,6b5be07cbb87456cb053719231d9069a,0.08,,,
1905,2026-09-09,SH600438,-0.03803316131234169,EXP_XGBModel_Alpha158_csi300_custom_step0_s_20260909_16,6b5be07cbb87456cb053719231d9069a,0.08,,,
1906,2026-09-09,SH600460,0.13283509016036987,EXP_XGBModel_Alpha158_csi300_custom_step0_s_20260909_16,6b5be07cbb87456cb053719231d9069a,0.08,,,
1907,2026-09-09,SH600482,-0.0468355193734169,EXP_XGBModel_Alpha158_csi300_custom_step0_s_20260909_16,6b5be07cbb87456cb053719231d9069a,0.08,,,
1908,2026-09-09,SH600489,-0.06417248398065567,EXP_XGBModel_Alpha158_csi300_custom_step0_s_20260909_16,6b5be07cbb87456cb053719231d9069a,0.08,,,
1909,2026-09-09,SH600515,0.021020734682679176,EXP_XGBModel_Alpha158_csi300_custom_step0_s_20260909_16,6b5be07cbb87456cb053719231d9069a,0.08,,,
1910,2026-09-09,SH600519,0.04758692905306816,EXP_XGBModel_Alpha158_csi300_custom_step0_s_20260909_16,6b5be07cbb87456cb053719231d9069a,0.08,,,
1911,2026-09-09,SH600522,0.03469855710864067,EXP_XGBModel_Alpha158_csi300_custom_step0_s_20260909_16,6b5be07cbb87456cb053719231d9069a,0.08,,,
1912,2026-09-09,SH600547,-0.050899259746074677,EXP_XGBModel_Alpha158_csi300_custom_step0_s_20260909_16,6b5be07cbb87456cb053719231d9069a,0.08,,,
1913,2026-09-09,SH600549,0.047334086149930954,EXP_XGBModel_Alpha158_csi300_custom_step0_s_20260909_16,6b5be07cbb87456cb053719231d9069a,0.08,,,
1914,2026-09-09,SH600570,-0.019965793937444687,EXP_XGBModel_Alpha158_csi300_custom_step0_s_20260909_16,6b5be07cbb87456cb053719231d9069a,0.08,,,
1915,2026-09-09,SH600584,0.03641775622963905,EXP_XGBModel_Alpha158_csi300_custom_step0_s_20260909_16,6b5be07cbb87456cb053719231d9069a,0.08,,,
1916,2026-09-09,SH600585,0.033632002770900726,EXP_XGBModel_Alpha158_csi300_custom_step0_s_20260909_16,6b5be07cbb87456cb053719231d9069a,0.08,,,
1917,2026-09-09,SH600588,-0.009759445674717426,EXP_XGBModel_Alpha158_csi300_custom_step0_s_20260909_16,6b5be07cbb87456cb053719231d9069a,0.08,,,
1918,2026-09-09,SH600600,-0.0024075149558484554,EXP_XGBModel_Alpha158_csi300_custom_step0_s_20260909_16,6b5be07cbb87456cb053719231d9069a,0.08,,,
1919,2026-09-09,SH600660,-0.008873974904417992,EXP_XGBModel_Alpha158_csi300_custom_step0_s_20260909_16,6b5be07cbb87456cb053719231d9069a,0.08,,,
1920,2026-09-09,SH600674,0.04520663991570473,EXP_XGBModel_Alpha158_csi300_custom_step0_s_20260909_16,6b5be07cbb87456cb053719231d9069a,0.08,,,
1921,2026-09-09,SH600690,0.04635327681899071,EXP_XGBModel_Alpha158_csi300_custom_step0_s_20260909_16,6b5be07cbb87456cb053719231d9069a,0.08,,,
1922,2026-09-09,SH600741,0.032428640872240067,EXP_XGBModel_Alpha158_csi300_custom_step0_s_20260909_16,6b5be07cbb87456cb053719231d9069a,0.08,,,
1923,2026-09-09,SH600760,-0.0002745632082223892,EXP_XGBModel_Alpha158_csi300_custom_step0_s_20260909_16,6b5be07cbb87456cb053719231d9069a,0.08,,,
1924,2026-09-09,SH600795,0.00955052301287651,EXP_XGBModel_Alpha158_csi300_custom_step0_s_20260909_16,6b5be07cbb87456cb053719231d9069a,0.08,,,
1925,2026-09-09,SH600803,0.03952545300126076,EXP_XGBModel_Alpha158_csi300_custom_step0_s_20260909_16,6b5be07cbb87456cb053719231d9069a,0.08,,,
1926,2026-09-09,SH600809,-0.02338922955095768,EXP_XGBModel_Alpha158_csi300_custom_step0_s_20260909_16,6b5be07cbb87456cb053719231d9069a,0.08,,,
1927,2026-09-09,SH600845,0.006506861187517643,EXP_XGBModel_Alpha158_csi300_custom_step0_s_20260909_16,6b5be07cbb87456cb053719231d9069a,0.08,,,
1928,2026-09-09,SH600875,-0.02542586252093315,EXP_XGBModel_Alpha158_csi300_custom_step0_s_20260909_16,6b5be07cbb87456cb053719231d9069a,0.08,,,
1929,2026-09-09,SH600886,0.01671570912003517,EXP_XGBModel_Alpha158_csi300_custom_step0_s_20260909_16,6b5be07cbb87456cb053719231d9069a,0.08,,,
1930,2026-09-09,SH600887,0.04278689995408058,EXP_XGBModel_Alpha158_csi300_custom_step0_s_20260909_16,6b5be07cbb87456cb053719231d9069a,0.08,,,
1931,2026-09-09,SH600893,0.02507251873612404,EXP_XGBModel_Alpha158_csi300_custom_step0_s_20260909_16,6b5be07cbb87456cb053719231d9069a,0.08,,,
1932,2026-09-09,SH600415,-0.008379099890589714,EXP_XGBModel_Alpha158_csi300_custom_step0_s_20260909_16,6b5be07cbb87456cb053719231d9069a,0.08,,,
1933,2026-09-09,SZ002422,-0.08491182327270508,EXP_LinearModel_Alpha158_csi300_custom_step0_s_20260909_16,aa944457cff94fd6af0f5fb50f5fd21a,0.065,,,
1934,2026-09-09,SH600406,0.01987238973379135,EXP_XGBModel_Alpha158_csi300_custom_step0_s_20260909_16,6b5be07cbb87456cb053719231d9069a,0.08,,,
1935,2026-09-09,SH600362,-0.045626990497112274,EXP_XGBModel_Alpha158_csi300_custom_step0_s_20260909_16,6b5be07cbb87456cb053719231d9069a,0.08,,,
1936,2026-09-09,SH600027,0.007044948171824217,EXP_XGBModel_Alpha158_csi300_custom_step0_s_20260909_16,6b5be07cbb87456cb053719231d9069a,0.08,,,
1937,2026-09-09,SH600028,-0.00251570763066411,EXP_XGBModel_Alpha158_csi300_custom_step0_s_20260909_16,6b5be07cbb87456cb053719231d9069a,0.08,,,
1938,2026-09-09,SH600029,0.04245293140411377,EXP_XGBModel_Alpha158_csi300_custom_step0_s_20260909_16,6b5be07cbb87456cb053719231d9069a,0.08,,,
1939,2026-09-09,SH600030,0.026439597830176353,EXP_XGBModel_Alpha158_csi300_custom_step0_s_20260909_16,6b5be07cbb87456cb053719231d9069a,0.08,,,
1940,2026-09-09,SH600031,0.015159850008785725,EXP_XGBModel_Alpha158_csi300_custom_step0_s_20260909_16,6b5be07cbb87456cb053719231d9069a,0.08,,,
1941,2026-09-09,SH600036,0.016926409676671028,EXP_XGBModel_Alpha158_csi300_custom_step0_s_20260909_16,6b5be07cbb87456cb053719231d9069a,0.08,,,
1942,2026-09-09,SH600039,-0.005473381374031305,EXP_XGBModel_Alpha158_csi300_custom_step0_s_20260909_16,6b5be07cbb87456cb053719231d9069a,0.08,,,
1943,2026-09-09,SH600048,0.0036878185346722603,EXP_XGBModel_Alpha158_csi300_custom_step0_s_20260909_16,6b5be07cbb87456cb053719231d9069a,0.08,,,
1944,2026-09-09,SH600050,0.04402061924338341,EXP_XGBModel_Alpha158_csi300_custom_step0_s_20260909_16,6b5be07cbb87456cb053719231d9069a,0.08,,,
1945,2026-09-09,SH600061,0.05691087990999222,EXP_XGBModel_Alpha158_csi300_custom_step0_s_20260909_16,6b5be07cbb87456cb053719231d9069a,0.08,,,
1946,2026-09-09,SH600066,-0.005823087878525257,EXP_XGBModel_Alpha158_csi300_custom_step0_s_20260909_16,6b5be07cbb87456cb053719231d9069a,0.08,,,
1947,2026-09-09,SH600085,0.015788815915584564,EXP_XGBModel_Alpha158_csi300_custom_step0_s_20260909_16,6b5be07cbb87456cb053719231d9069a,0.08,,,
1948,2026-09-09,SH600089,-0.00028549740090966225,EXP_XGBModel_Alpha158_csi300_custom_step0_s_20260909_16,6b5be07cbb87456cb053719231d9069a,0.08,,,
1949,2026-09-09,SH600104,0.020451534539461136,EXP_XGBModel_Alpha158_csi300_custom_step0_s_20260909_16,6b5be07cbb87456cb053719231d9069a,0.08,,,
1950,2026-09-09,SH600111,-0.026625031605362892,EXP_XGBModel_Alpha158_csi300_custom_step0_s_20260909_16,6b5be07cbb87456cb053719231d9069a,0.08,,,
1951,2026-09-09,SH600115,0.01885988749563694,EXP_XGBModel_Alpha158_csi300_custom_step0_s_20260909_16,6b5be07cbb87456cb053719231d9069a,0.08,,,
1952,2026-09-09,SH600118,0.021285925060510635,EXP_XGBModel_Alpha158_csi300_custom_step0_s_20260909_16,6b5be07cbb87456cb053719231d9069a,0.08,,,
1953,2026-09-09,SH600150,-0.02191414125263691,EXP_XGBModel_Alpha158_csi300_custom_step0_s_20260909_16,6b5be07cbb87456cb053719231d9069a,0.08,,,
1954,2026-09-09,SH600160,-0.010206627659499645,EXP_XGBModel_Alpha158_csi300_custom_step0_s_20260909_16,6b5be07cbb87456cb053719231d9069a,0.08,,,
1955,2026-09-09,SH600176,0.08140596747398376,EXP_XGBModel_Alpha158_csi300_custom_step0_s_20260909_16,6b5be07cbb87456cb053719231d9069a,0.08,,,
1956,2026-09-09,SH600183,-0.058779165148735046,EXP_XGBModel_Alpha158_csi300_custom_step0_s_20260909_16,6b5be07cbb87456cb053719231d9069a,0.08,,,
1957,2026-09-09,SH600188,-0.026669073849916458,EXP_XGBModel_Alpha158_csi300_custom_step0_s_20260909_16,6b5be07cbb87456cb053719231d9069a,0.08,,,
1958,2026-09-09,SH600196,0.0006066267378628254,EXP_XGBModel_Alpha158_csi300_custom_step0_s_20260909_16,6b5be07cbb87456cb053719231d9069a,0.08,,,
1959,2026-09-09,SH600219,0.016409853473305702,EXP_XGBModel_Alpha158_csi300_custom_step0_s_20260909_16,6b5be07cbb87456cb053719231d9069a,0.08,,,
1960,2026-09-09,SH600221,0.03089023381471634,EXP_XGBModel_Alpha158_csi300_custom_step0_s_20260909_16,6b5be07cbb87456cb053719231d9069a,0.08,,,
1961,2026-09-09,SH600233,0.022945351898670197,EXP_XGBModel_Alpha158_csi300_custom_step0_s_20260909_16,6b5be07cbb87456cb053719231d9069a,0.08,,,
1962,2026-09-09,SH600276,0.0012024131137877703,EXP_XGBModel_Alpha158_csi300_custom_step0_s_20260909_16,6b5be07cbb87456cb053719231d9069a,0.08,,,
1963,2026-09-09,SH600309,0.01909586973488331,EXP_XGBModel_Alpha158_csi300_custom_step0_s_20260909_16,6b5be07cbb87456cb053719231d9069a,0.08,,,
1964,2026-09-09,SH600346,-0.02453238144516945,EXP_XGBModel_Alpha158_csi300_custom_step0_s_20260909_16,6b5be07cbb87456cb053719231d9069a,0.08,,,
1965,2026-09-09,SH600372,0.0417393259704113,EXP_XGBModel_Alpha158_csi300_custom_step0_s_20260909_16,6b5be07cbb87456cb053719231d9069a,0.08,,,
1966,2026-09-09,SZ002415,-0.10613932460546494,EXP_LinearModel_Alpha158_csi300_custom_step0_s_20260909_16,aa944457cff94fd6af0f5fb50f5fd21a,0.065,,,
1967,2026-09-09,SZ002384,0.08071243017911911,EXP_LinearModel_Alpha158_csi300_custom_step0_s_20260909_16,aa944457cff94fd6af0f5fb50f5fd21a,0.065,,,
1968,2026-09-09,SZ002371,0.16743385791778564,EXP_LinearModel_Alpha158_csi300_custom_step0_s_20260909_16,aa944457cff94fd6af0f5fb50f5fd21a,0.065,,,
1969,2026-09-09,SH601901,-0.12698709964752197,EXP_LinearModel_Alpha158_csi300_custom_step0_s_20260909_16,aa944457cff94fd6af0f5fb50f5fd21a,0.065,,,
1970,2026-09-09,SH601916,-0.009081929922103882,EXP_LinearModel_Alpha158_csi300_custom_step0_s_20260909_16,aa944457cff94fd6af0f5fb50f5fd21a,0.065,,,
1971,2026-09-09,SH601919,0.10040133446455002,EXP_LinearModel_Alpha158_csi300_custom_step0_s_20260909_16,aa944457cff94fd6af0f5fb50f5fd21a,0.065,,,
1972,2026-09-09,SH601939,0.006792902946472168,EXP_LinearModel_Alpha158_csi300_custom_step0_s_20260909_16,aa944457cff94fd6af0f5fb50f5fd21a,0.065,,,
1973,2026-09-09,SH601985,-0.060078129172325134,EXP_LinearModel_Alpha158_csi300_custom_step0_s_20260909_16,aa944457cff94fd6af0f5fb50f5fd21a,0.065,,,
1974,2026-09-09,SH601988,0.09601862728595734,EXP_LinearModel_Alpha158_csi300_custom_step0_s_20260909_16,aa944457cff94fd6af0f5fb50f5fd21a,0.065,,,
1975,2026-09-09,SH601995,-0.10731063783168793,EXP_LinearModel_Alpha158_csi300_custom_step0_s_20260909_16,aa944457cff94fd6af0f5fb50f5fd21a,0.065,,,
1976,2026-09-09,SH601998,0.11204127222299576,EXP_LinearModel_Alpha158_csi300_custom_step0_s_20260909_16,aa944457cff94fd6af0f5fb50f5fd21a,0.065,,,
1977,2026-09-09,SH603019,0.007221683859825134,EXP_LinearModel_Alpha158_csi300_custom_step0_s_20260909_16,aa944457cff94fd6af0f5fb50f5fd21a,0.065,,,
1978,2026-09-09,SH603259,0.06469573080539703,EXP_LinearModel_Alpha158_csi300_custom_step0_s_20260909_16,aa944457cff94fd6af0f5fb50f5fd21a,0.065,,,
1979,2026-09-09,SH603260,-0.08666858077049255,EXP_LinearModel_Alpha158_csi300_custom_step0_s_20260909_16,aa944457cff94fd6af0f5fb50f5fd21a,0.065,,,
1980,2026-09-09,SH603288,-0.060989461839199066,EXP_LinearModel_Alpha158_csi300_custom_step0_s_20260909_16,aa944457cff94fd6af0f5fb50f5fd21a,0.065,,,
1981,2026-09-09,SH603296,0.05057281255722046,EXP_LinearModel_Alpha158_csi300_custom_step0_s_20260909_16,aa944457cff94fd6af0f5fb50f5fd21a,0.065,,,
1982,2026-09-09,SH603369,0.027054641395807266,EXP_LinearModel_Alpha158_csi300_custom_step0_s_20260909_16,aa944457cff94fd6af0f5fb50f5fd21a,0.065,,,
1983,2026-09-09,SH603392,-0.04071686789393425,EXP_LinearModel_Alpha158_csi300_custom_step0_s_20260909_16,aa944457cff94fd6af0f5fb50f5fd21a,0.065,,,
1984,2026-09-09,SH603501,0.07160838693380356,EXP_LinearModel_Alpha158_csi300_custom_step0_s_20260909_16,aa944457cff94fd6af0f5fb50f5fd21a,0.065,,,
1985,2026-09-09,SH603799,-0.06741300225257874,EXP_LinearModel_Alpha158_csi300_custom_step0_s_20260909_16,aa944457cff94fd6af0f5fb50f5fd21a,0.065,,,
1986,2026-09-09,SH603893,0.03240066021680832,EXP_LinearModel_Alpha158_csi300_custom_step0_s_20260909_16,aa944457cff94fd6af0f5fb50f5fd21a,0.065,,,
1987,2026-09-09,SH603986,0.32616668939590454,EXP_LinearModel_Alpha158_csi300_custom_step0_s_20260909_16,aa944457cff94fd6af0f5fb50f5fd21a,0.065,,,
1988,2026-09-09,SH603993,-0.046152062714099884,EXP_LinearModel_Alpha158_csi300_custom_step0_s_20260909_16,aa944457cff94fd6af0f5fb50f5fd21a,0.065,,,
1989,2026-09-09,SH605117,-0.002458237111568451,EXP_LinearModel_Alpha158_csi300_custom_step0_s_20260909_16,aa944457cff94fd6af0f5fb50f5fd21a,0.065,,,
1990,2026-09-09,SH605499,-0.040098026394844055,EXP_LinearModel_Alpha158_csi300_custom_step0_s_20260909_16,aa944457cff94fd6af0f5fb50f5fd21a,0.065,,,
1991,2026-09-09,SH688008,0.1316729187965393,EXP_LinearModel_Alpha158_csi300_custom_step0_s_20260909_16,aa944457cff94fd6af0f5fb50f5fd21a,0.065,,,
1992,2026-09-09,SH688009,0.05847319960594177,EXP_LinearModel_Alpha158_csi300_custom_step0_s_20260909_16,aa944457cff94fd6af0f5fb50f5fd21a,0.065,,,
1993,2026-09-09,SH688012,0.18967106938362122,EXP_LinearModel_Alpha158_csi300_custom_step0_s_20260909_16,aa944457cff94fd6af0f5fb50f5fd21a,0.065,,,
1994,2026-09-09,SH688036,-0.047611966729164124,EXP_LinearModel_Alpha158_csi300_custom_step0_s_20260909_16,aa944457cff94fd6af0f5fb50f5fd21a,0.065,,,
1995,2026-09-09,SH688041,0.09095396846532822,EXP_LinearModel_Alpha158_csi300_custom_step0_s_20260909_16,aa944457cff94fd6af0f5fb50f5fd21a,0.065,,,
1996,2026-09-09,SH688047,0.027348540723323822,EXP_LinearModel_Alpha158_csi300_custom_step0_s_20260909_16,aa944457cff94fd6af0f5fb50f5fd21a,0.065,,,
1997,2026-09-09,SH688072,0.15044966340065002,EXP_LinearModel_Alpha158_csi300_custom_step0_s_20260909_16,aa944457cff94fd6af0f5fb50f5fd21a,0.065,,,
1998,2026-09-09,SH601899,0.025823844596743584,EXP_LinearModel_Alpha158_csi300_custom_step0_s_20260909_16,aa944457cff94fd6af0f5fb50f5fd21a,0.065,,,
1999,2026-09-09,SH688082,0.24450619518756866,EXP_LinearModel_Alpha158_csi300_custom_step0_s_20260909_16,aa944457cff94fd6af0f5fb50f5fd21a,0.065,,,
2000,2026-09-09,SH601898,0.0787482038140297,EXP_LinearModel_Alpha158_csi300_custom_step0_s_20260909_16,aa944457cff94fd6af0f5fb50f5fd21a,0.065,,,
2001,2026-09-09,SH601881,-0.025403708219528198,EXP_LinearModel_Alpha158_csi300_custom_step0_s_20260909_16,aa944457cff94fd6af0f5fb50f5fd21a,0.065,,,
2002,2026-09-09,SH601390,0.028163030743598938,EXP_LinearModel_Alpha158_csi300_custom_step0_s_20260909_16,aa944457cff94fd6af0f5fb50f5fd21a,0.065,,,
2003,2026-09-09,SH601398,0.02371460199356079,EXP_LinearModel_Alpha158_csi300_custom_step0_s_20260909_16,aa944457cff94fd6af0f5fb50f5fd21a,0.065,,,
2004,2026-09-09,SH601456,-0.13209040462970734,EXP_LinearModel_Alpha158_csi300_custom_step0_s_20260909_16,aa944457cff94fd6af0f5fb50f5fd21a,0.065,,,
2005,2026-09-09,SH601600,-0.046178873628377914,EXP_LinearModel_Alpha158_csi300_custom_step0_s_20260909_16,aa944457cff94fd6af0f5fb50f5fd21a,0.065,,,
2006,2026-09-09,SH601601,0.02553541213274002,EXP_LinearModel_Alpha158_csi300_custom_step0_s_20260909_16,aa944457cff94fd6af0f5fb50f5fd21a,0.065,,,
2007,2026-09-09,SH601607,-0.07894542813301086,EXP_LinearModel_Alpha158_csi300_custom_step0_s_20260909_16,aa944457cff94fd6af0f5fb50f5fd21a,0.065,,,
2008,2026-09-09,SH601618,-0.022271638736128807,EXP_LinearModel_Alpha158_csi300_custom_step0_s_20260909_16,aa944457cff94fd6af0f5fb50f5fd21a,0.065,,,
2009,2026-09-09,SH601628,-0.029018890112638474,EXP_LinearModel_Alpha158_csi300_custom_step0_s_20260909_16,aa944457cff94fd6af0f5fb50f5fd21a,0.065,,,
2010,2026-09-09,SH601633,-0.055599868297576904,EXP_LinearModel_Alpha158_csi300_custom_step0_s_20260909_16,aa944457cff94fd6af0f5fb50f5fd21a,0.065,,,
2011,2026-09-09,SH601658,-0.00829656608402729,EXP_LinearModel_Alpha158_csi300_custom_step0_s_20260909_16,aa944457cff94fd6af0f5fb50f5fd21a,0.065,,,
2012,2026-09-09,SH601668,0.008234422653913498,EXP_LinearModel_Alpha158_csi300_custom_step0_s_20260909_16,aa944457cff94fd6af0f5fb50f5fd21a,0.065,,,
2013,2026-09-09,SH601669,-0.06201218068599701,EXP_LinearModel_Alpha158_csi300_custom_step0_s_20260909_16,aa944457cff94fd6af0f5fb50f5fd21a,0.065,,,
2014,2026-09-09,SH601688,0.015813514590263367,EXP_LinearModel_Alpha158_csi300_custom_step0_s_20260909_16,aa944457cff94fd6af0f5fb50f5fd21a,0.065,,,
2015,2026-09-09,SH601689,-0.12426344305276871,EXP_LinearModel_Alpha158_csi300_custom_step0_s_20260909_16,aa944457cff94fd6af0f5fb50f5fd21a,0.065,,,
2016,2026-09-09,SH601698,-0.010555975139141083,EXP_LinearModel_Alpha158_csi300_custom_step0_s_20260909_16,aa944457cff94fd6af0f5fb50f5fd21a,0.065,,,
2017,2026-09-09,SH601727,0.0769604742527008,EXP_LinearModel_Alpha158_csi300_custom_step0_s_20260909_16,aa944457cff94fd6af0f5fb50f5fd21a,0.065,,,
2018,2026-09-09,SH601728,-0.1308804452419281,EXP_LinearModel_Alpha158_csi300_custom_step0_s_20260909_16,aa944457cff94fd6af0f5fb50f5fd21a,0.065,,,
2019,2026-09-09,SH601766,-0.026448339223861694,EXP_LinearModel_Alpha158_csi300_custom_step0_s_20260909_16,aa944457cff94fd6af0f5fb50f5fd21a,0.065,,,
2020,2026-09-09,SH601788,-0.05346527695655823,EXP_LinearModel_Alpha158_csi300_custom_step0_s_20260909_16,aa944457cff94fd6af0f5fb50f5fd21a,0.065,,,
2021,2026-09-09,SH601800,-0.015458211302757263,EXP_LinearModel_Alpha158_csi300_custom_step0_s_20260909_16,aa944457cff94fd6af0f5fb50f5fd21a,0.065,,,
2022,2026-09-09,SH601816,0.06041884422302246,EXP_LinearModel_Alpha158_csi300_custom_step0_s_20260909_16,aa944457cff94fd6af0f5fb50f5fd21a,0.065,,,
2023,2026-09-09,SH601818,-0.05431266129016876,EXP_LinearModel_Alpha158_csi300_custom_step0_s_20260909_16,aa944457cff94fd6af0f5fb50f5fd21a,0.065,,,
2024,2026-09-09,SH601825,0.042975008487701416,EXP_LinearModel_Alpha158_csi300_custom_step0_s_20260909_16,aa944457cff94fd6af0f5fb50f5fd21a,0.065,,,
2025,2026-09-09,SH601838,0.10867290198802948,EXP_LinearModel_Alpha158_csi300_custom_step0_s_20260909_16,aa944457cff94fd6af0f5fb50f5fd21a,0.065,,,
2026,2026-09-09,SH601857,0.018318548798561096,EXP_LinearModel_Alpha158_csi300_custom_step0_s_20260909_16,aa944457cff94fd6af0f5fb50f5fd21a,0.065,,,
2027,2026-09-09,SH601868,-0.049301113933324814,EXP_LinearModel_Alpha158_csi300_custom_step0_s_20260909_16,aa944457cff94fd6af0f5fb50f5fd21a,0.065,,,
2028,2026-09-09,SH601872,-0.08347248286008835,EXP_LinearModel_Alpha158_csi300_custom_step0_s_20260909_16,aa944457cff94fd6af0f5fb50f5fd21a,0.065,,,
2029,2026-09-09,SH601877,-0.0585671029984951,EXP_LinearModel_Alpha158_csi300_custom_step0_s_20260909_16,aa944457cff94fd6af0f5fb50f5fd21a,0.065,,,
2030,2026-09-09,SH601878,-0.12545070052146912,EXP_LinearModel_Alpha158_csi300_custom_step0_s_20260909_16,aa944457cff94fd6af0f5fb50f5fd21a,0.065,,,
2031,2026-09-09,SH601888,-0.07664217054843903,EXP_LinearModel_Alpha158_csi300_custom_step0_s_20260909_16,aa944457cff94fd6af0f5fb50f5fd21a,0.065,,,
2032,2026-09-09,SH600905,0.042174939066171646,EXP_XGBModel_Alpha158_csi300_custom_step0_s_20260909_16,6b5be07cbb87456cb053719231d9069a,0.08,,,
2033,2026-09-09,SH688111,-0.08048360049724579,EXP_LinearModel_Alpha158_csi300_custom_step0_s_20260909_16,aa944457cff94fd6af0f5fb50f5fd21a,0.065,,,
2034,2026-09-09,SH688183,0.035077303647994995,EXP_LinearModel_Alpha158_csi300_custom_step0_s_20260909_16,aa944457cff94fd6af0f5fb50f5fd21a,0.065,,,
2035,2026-09-09,SZ000807,-0.08701632916927338,EXP_LinearModel_Alpha158_csi300_custom_step0_s_20260909_16,aa944457cff94fd6af0f5fb50f5fd21a,0.065,,,
2036,2026-09-09,SZ000858,-0.07419634610414505,EXP_LinearModel_Alpha158_csi300_custom_step0_s_20260909_16,aa944457cff94fd6af0f5fb50f5fd21a,0.065,,,
2037,2026-09-09,SZ000895,-0.05265210568904877,EXP_LinearModel_Alpha158_csi300_custom_step0_s_20260909_16,aa944457cff94fd6af0f5fb50f5fd21a,0.065,,,
2038,2026-09-09,SZ000938,-0.012656114995479584,EXP_LinearModel_Alpha158_csi300_custom_step0_s_20260909_16,aa944457cff94fd6af0f5fb50f5fd21a,0.065,,,
2039,2026-09-09,SZ000963,-0.04553055763244629,EXP_LinearModel_Alpha158_csi300_custom_step0_s_20260909_16,aa944457cff94fd6af0f5fb50f5fd21a,0.065,,,
2040,2026-09-09,SZ000975,-0.04639245197176933,EXP_LinearModel_Alpha158_csi300_custom_step0_s_20260909_16,aa944457cff94fd6af0f5fb50f5fd21a,0.065,,,
2041,2026-09-09,SZ000977,-0.005947951227426529,EXP_LinearModel_Alpha158_csi300_custom_step0_s_20260909_16,aa944457cff94fd6af0f5fb50f5fd21a,0.065,,,
2042,2026-09-09,SZ000988,0.1377716362476349,EXP_LinearModel_Alpha158_csi300_custom_step0_s_20260909_16,aa944457cff94fd6af0f5fb50f5fd21a,0.065,,,
2043,2026-09-09,SZ000999,-0.012849554419517517,EXP_LinearModel_Alpha158_csi300_custom_step0_s_20260909_16,aa944457cff94fd6af0f5fb50f5fd21a,0.065,,,
2044,2026-09-09,SZ001280,-0.03648020327091217,EXP_LinearModel_Alpha158_csi300_custom_step0_s_20260909_16,aa944457cff94fd6af0f5fb50f5fd21a,0.065,,,
2045,2026-09-09,SZ001391,-0.055654216557741165,EXP_LinearModel_Alpha158_csi300_custom_step0_s_20260909_16,aa944457cff94fd6af0f5fb50f5fd21a,0.065,,,
2046,2026-09-09,SZ001965,-0.035584867000579834,EXP_LinearModel_Alpha158_csi300_custom_step0_s_20260909_16,aa944457cff94fd6af0f5fb50f5fd21a,0.065,,,
2047,2026-09-09,SZ001979,-0.09690576046705246,EXP_LinearModel_Alpha158_csi300_custom_step0_s_20260909_16,aa944457cff94fd6af0f5fb50f5fd21a,0.065,,,
2048,2026-09-09,SZ002001,0.022313788533210754,EXP_LinearModel_Alpha158_csi300_custom_step0_s_20260909_16,aa944457cff94fd6af0f5fb50f5fd21a,0.065,,,
2049,2026-09-09,SZ002027,0.015315324068069458,EXP_LinearModel_Alpha158_csi300_custom_step0_s_20260909_16,aa944457cff94fd6af0f5fb50f5fd21a,0.065,,,
2050,2026-09-09,SZ002028,0.044546324759721756,EXP_LinearModel_Alpha158_csi300_custom_step0_s_20260909_16,aa944457cff94fd6af0f5fb50f5fd21a,0.065,,,
2051,2026-09-09,SZ002049,0.05383257567882538,EXP_LinearModel_Alpha158_csi300_custom_step0_s_20260909_16,aa944457cff94fd6af0f5fb50f5fd21a,0.065,,,
2052,2026-09-09,SZ002050,-0.03566771745681763,EXP_LinearModel_Alpha158_csi300_custom_step0_s_20260909_16,aa944457cff94fd6af0f5fb50f5fd21a,0.065,,,
2053,2026-09-09,SZ002074,-0.052721619606018066,EXP_LinearModel_Alpha158_csi300_custom_step0_s_20260909_16,aa944457cff94fd6af0f5fb50f5fd21a,0.065,,,
2054,2026-09-09,SZ002142,0.04352065175771713,EXP_LinearModel_Alpha158_csi300_custom_step0_s_20260909_16,aa944457cff94fd6af0f5fb50f5fd21a,0.065,,,
2055,2026-09-09,SZ002179,-0.032074183225631714,EXP_LinearModel_Alpha158_csi300_custom_step0_s_20260909_16,aa944457cff94fd6af0f5fb50f5fd21a,0.065,,,
2056,2026-09-09,SZ002202,0.04976135119795799,EXP_LinearModel_Alpha158_csi300_custom_step0_s_20260909_16,aa944457cff94fd6af0f5fb50f5fd21a,0.065,,,
2057,2026-09-09,SZ002230,0.007968947291374207,EXP_LinearModel_Alpha158_csi300_custom_step0_s_20260909_16,aa944457cff94fd6af0f5fb50f5fd21a,0.065,,,
2058,2026-09-09,SZ002236,-0.07101507484912872,EXP_LinearModel_Alpha158_csi300_custom_step0_s_20260909_16,aa944457cff94fd6af0f5fb50f5fd21a,0.065,,,
2059,2026-09-09,SZ002241,0.0018898658454418182,EXP_LinearModel_Alpha158_csi300_custom_step0_s_20260909_16,aa944457cff94fd6af0f5fb50f5fd21a,0.065,,,
2060,2026-09-09,SZ002304,-0.08941840380430222,EXP_LinearModel_Alpha158_csi300_custom_step0_s_20260909_16,aa944457cff94fd6af0f5fb50f5fd21a,0.065,,,
2061,2026-09-09,SZ002311,0.06614334136247635,EXP_LinearModel_Alpha158_csi300_custom_step0_s_20260909_16,aa944457cff94fd6af0f5fb50f5fd21a,0.065,,,
2062,2026-09-09,SZ002352,-0.0865066722035408,EXP_LinearModel_Alpha158_csi300_custom_step0_s_20260909_16,aa944457cff94fd6af0f5fb50f5fd21a,0.065,,,
2063,2026-09-09,SZ002353,0.05616876110434532,EXP_LinearModel_Alpha158_csi300_custom_step0_s_20260909_16,aa944457cff94fd6af0f5fb50f5fd21a,0.065,,,
2064,2026-09-09,SZ000792,-0.04520620405673981,EXP_LinearModel_Alpha158_csi300_custom_step0_s_20260909_16,aa944457cff94fd6af0f5fb50f5fd21a,0.065,,,
2065,2026-09-09,SH688126,0.16291458904743195,EXP_LinearModel_Alpha158_csi300_custom_step0_s_20260909_16,aa944457cff94fd6af0f5fb50f5fd21a,0.065,,,
2066,2026-09-09,SZ000776,-0.022346265614032745,EXP_LinearModel_Alpha158_csi300_custom_step0_s_20260909_16,aa944457cff94fd6af0f5fb50f5fd21a,0.065,,,
2067,2026-09-09,SZ000725,0.06253048777580261,EXP_LinearModel_Alpha158_csi300_custom_step0_s_20260909_16,aa944457cff94fd6af0f5fb50f5fd21a,0.065,,,
2068,2026-09-09,SH688223,-0.031003355979919434,EXP_LinearModel_Alpha158_csi300_custom_step0_s_20260909_16,aa944457cff94fd6af0f5fb50f5fd21a,0.065,,,
2069,2026-09-09,SH688256,0.1025242805480957,EXP_LinearModel_Alpha158_csi300_custom_step0_s_20260909_16,aa944457cff94fd6af0f5fb50f5fd21a,0.065,,,
2070,2026-09-09,SH688271,-0.06037868559360504,EXP_LinearModel_Alpha158_csi300_custom_step0_s_20260909_16,aa944457cff94fd6af0f5fb50f5fd21a,0.065,,,
2071,2026-09-09,SH688303,-0.020794391632080078,EXP_LinearModel_Alpha158_csi300_custom_step0_s_20260909_16,aa944457cff94fd6af0f5fb50f5fd21a,0.065,,,
2072,2026-09-09,SH688396,0.14187321066856384,EXP_LinearModel_Alpha158_csi300_custom_step0_s_20260909_16,aa944457cff94fd6af0f5fb50f5fd21a,0.065,,,
2073,2026-09-09,SH688472,-0.01149795949459076,EXP_LinearModel_Alpha158_csi300_custom_step0_s_20260909_16,aa944457cff94fd6af0f5fb50f5fd21a,0.065,,,
2074,2026-09-09,SH688506,0.07566642016172409,EXP_LinearModel_Alpha158_csi300_custom_step0_s_20260909_16,aa944457cff94fd6af0f5fb50f5fd21a,0.065,,,
2075,2026-09-09,SH688521,0.15529891848564148,EXP_LinearModel_Alpha158_csi300_custom_step0_s_20260909_16,aa944457cff94fd6af0f5fb50f5fd21a,0.065,,,
2076,2026-09-09,SH688981,0.13409407436847687,EXP_LinearModel_Alpha158_csi300_custom_step0_s_20260909_16,aa944457cff94fd6af0f5fb50f5fd21a,0.065,,,
2077,2026-09-09,SZ000001,0.023133136332035065,EXP_LinearModel_Alpha158_csi300_custom_step0_s_20260909_16,aa944457cff94fd6af0f5fb50f5fd21a,0.065,,,
2078,2026-09-09,SZ000002,-0.15719321370124817,EXP_LinearModel_Alpha158_csi300_custom_step0_s_20260909_16,aa944457cff94fd6af0f5fb50f5fd21a,0.065,,,
2079,2026-09-09,SZ000063,-0.13058632612228394,EXP_LinearModel_Alpha158_csi300_custom_step0_s_20260909_16,aa944457cff94fd6af0f5fb50f5fd21a,0.065,,,
2080,2026-09-09,SZ000100,-0.04963618516921997,EXP_LinearModel_Alpha158_csi300_custom_step0_s_20260909_16,aa944457cff94fd6af0f5fb50f5fd21a,0.065,,,
2081,2026-09-09,SZ000157,-0.06488585472106934,EXP_LinearModel_Alpha158_csi300_custom_step0_s_20260909_16,aa944457cff94fd6af0f5fb50f5fd21a,0.065,,,
2082,2026-09-09,SZ000166,0.054055534303188324,EXP_LinearModel_Alpha158_csi300_custom_step0_s_20260909_16,aa944457cff94fd6af0f5fb50f5fd21a,0.065,,,
2083,2026-09-09,SZ000301,0.04836459457874298,EXP_LinearModel_Alpha158_csi300_custom_step0_s_20260909_16,aa944457cff94fd6af0f5fb50f5fd21a,0.065,,,
2084,2026-09-09,SZ000333,0.016519278287887573,EXP_LinearModel_Alpha158_csi300_custom_step0_s_20260909_16,aa944457cff94fd6af0f5fb50f5fd21a,0.065,,,
2085,2026-09-09,SZ000338,-0.011168030090630054,EXP_LinearModel_Alpha158_csi300_custom_step0_s_20260909_16,aa944457cff94fd6af0f5fb50f5fd21a,0.065,,,
2086,2026-09-09,SZ000408,-0.0269722118973732,EXP_LinearModel_Alpha158_csi300_custom_step0_s_20260909_16,aa944457cff94fd6af0f5fb50f5fd21a,0.065,,,
2087,2026-09-09,SZ000425,-0.09497171640396118,EXP_LinearModel_Alpha158_csi300_custom_step0_s_20260909_16,aa944457cff94fd6af0f5fb50f5fd21a,0.065,,,
2088,2026-09-09,SZ000538,-0.054354049265384674,EXP_LinearModel_Alpha158_csi300_custom_step0_s_20260909_16,aa944457cff94fd6af0f5fb50f5fd21a,0.065,,,
2089,2026-09-09,SZ000568,-0.035551123321056366,EXP_LinearModel_Alpha158_csi300_custom_step0_s_20260909_16,aa944457cff94fd6af0f5fb50f5fd21a,0.065,,,
2090,2026-09-09,SZ000596,-0.05665820837020874,EXP_LinearModel_Alpha158_csi300_custom_step0_s_20260909_16,aa944457cff94fd6af0f5fb50f5fd21a,0.065,,,
2091,2026-09-09,SZ000617,-0.08566842973232269,EXP_LinearModel_Alpha158_csi300_custom_step0_s_20260909_16,aa944457cff94fd6af0f5fb50f5fd21a,0.065,,,
2092,2026-09-09,SZ000625,-0.07664845883846283,EXP_LinearModel_Alpha158_csi300_custom_step0_s_20260909_16,aa944457cff94fd6af0f5fb50f5fd21a,0.065,,,
2093,2026-09-09,SZ000630,-0.02295967936515808,EXP_LinearModel_Alpha158_csi300_custom_step0_s_20260909_16,aa944457cff94fd6af0f5fb50f5fd21a,0.065,,,
2094,2026-09-09,SZ000651,0.031586483120918274,EXP_LinearModel_Alpha158_csi300_custom_step0_s_20260909_16,aa944457cff94fd6af0f5fb50f5fd21a,0.065,,,
2095,2026-09-09,SZ000657,0.20986996591091156,EXP_LinearModel_Alpha158_csi300_custom_step0_s_20260909_16,aa944457cff94fd6af0f5fb50f5fd21a,0.065,,,
2096,2026-09-09,SZ000708,-0.03794350475072861,EXP_LinearModel_Alpha158_csi300_custom_step0_s_20260909_16,aa944457cff94fd6af0f5fb50f5fd21a,0.065,,,
2097,2026-09-09,SZ000768,0.12344690412282944,EXP_LinearModel_Alpha158_csi300_custom_step0_s_20260909_16,aa944457cff94fd6af0f5fb50f5fd21a,0.065,,,
2098,2026-09-09,SH600000,0.08217626086423167,EXP_DEnsembleModel_Alpha158_csi300_custom_step0_s_20260909_16,79aa34667b8f4b14aa8cbaf1d52431a6,0.013,,,
2099,2026-09-09,SZ302132,0.18038966725036087,EXP_DEnsembleModel_Alpha158_csi300_custom_step0_s_20260909_16,996af9311e244433bc969c9d87d87094,0.106,,,
2100,2026-09-09,SZ301308,-0.08371741052657675,EXP_DEnsembleModel_Alpha158_csi300_custom_step0_s_20260909_16,996af9311e244433bc969c9d87d87094,0.106,,,
2101,2026-09-09,SH601059,-9.219001175672754e-11,EXP_LGBModel_Alpha158_csi300_custom_step0_s_20260909_19,73e27338401e4cd2997f0bdea29e865c,0.076,,,
2102,2026-09-09,SH601066,-9.219001175672754e-11,EXP_LGBModel_Alpha158_csi300_custom_step0_s_20260909_19,73e27338401e4cd2997f0bdea29e865c,0.076,,,
2103,2026-09-09,SH601077,0.001524704601337579,EXP_LGBModel_Alpha158_csi300_custom_step0_s_20260909_19,73e27338401e4cd2997f0bdea29e865c,0.076,,,
2104,2026-09-09,SH601088,-0.002375946090666767,EXP_LGBModel_Alpha158_csi300_custom_step0_s_20260909_19,73e27338401e4cd2997f0bdea29e865c,0.076,,,
2105,2026-09-09,SH601100,-9.219001175672754e-11,EXP_LGBModel_Alpha158_csi300_custom_step0_s_20260909_19,73e27338401e4cd2997f0bdea29e865c,0.076,,,
2106,2026-09-09,SH601111,0.001524704601337579,EXP_LGBModel_Alpha158_csi300_custom_step0_s_20260909_19,73e27338401e4cd2997f0bdea29e865c,0.076,,,
2107,2026-09-09,SH601117,0.0026782813566350173,EXP_LGBModel_Alpha158_csi300_custom_step0_s_20260909_19,73e27338401e4cd2997f0bdea29e865c,0.076,,,
2108,2026-09-09,SH601127,-9.219001175672754e-11,EXP_LGBModel_Alpha158_csi300_custom_step0_s_20260909_19,73e27338401e4cd2997f0bdea29e865c,0.076,,,
2109,2026-09-09,SH601136,-0.0016100712807997173,EXP_LGBModel_Alpha158_csi300_custom_step0_s_20260909_19,73e27338401e4cd2997f0bdea29e865c,0.076,,,
2110,2026-09-09,SH601138,-0.002375946090666767,EXP_LGBModel_Alpha158_csi300_custom_step0_s_20260909_19,73e27338401e4cd2997f0bdea29e865c,0.076,,,
2111,2026-09-09,SH601166,0.0026782813566350173,EXP_LGBModel_Alpha158_csi300_custom_step0_s_20260909_19,73e27338401e4cd2997f0bdea29e865c,0.076,,,
2112,2026-09-09,SH601169,-0.0016100712807997173,EXP_LGBModel_Alpha158_csi300_custom_step0_s_20260909_19,73e27338401e4cd2997f0bdea29e865c,0.076,,,
2113,2026-09-09,SH601186,0.0026782813566350173,EXP_LGBModel_Alpha158_csi300_custom_step0_s_20260909_19,73e27338401e4cd2997f0bdea29e865c,0.076,,,
2114,2026-09-09,SH601058,-0.00019066031066359185,EXP_LGBModel_Alpha158_csi300_custom_step0_s_20260909_19,73e27338401e4cd2997f0bdea29e865c,0.076,,,
2115,2026-09-09,SH601211,0.0026782813566350173,EXP_LGBModel_Alpha158_csi300_custom_step0_s_20260909_19,73e27338401e4cd2997f0bdea29e865c,0.076,,,
2116,2026-09-09,SH601229,0.0026782813566350173,EXP_LGBModel_Alpha158_csi300_custom_step0_s_20260909_19,73e27338401e4cd2997f0bdea29e865c,0.076,,,
2117,2026-09-09,SH601238,-0.0016100712807997173,EXP_LGBModel_Alpha158_csi300_custom_step0_s_20260909_19,73e27338401e4cd2997f0bdea29e865c,0.076,,,
2118,2026-09-09,SH601288,0.001524704601337579,EXP_LGBModel_Alpha158_csi300_custom_step0_s_20260909_19,73e27338401e4cd2997f0bdea29e865c,0.076,,,
2119,2026-09-09,SH601318,-9.219001175672754e-11,EXP_LGBModel_Alpha158_csi300_custom_step0_s_20260909_19,73e27338401e4cd2997f0bdea29e865c,0.076,,,
2120,2026-09-09,SH601319,-0.0016778937143750307,EXP_LGBModel_Alpha158_csi300_custom_step0_s_20260909_19,73e27338401e4cd2997f0bdea29e865c,0.076,,,
2121,2026-09-09,SH601328,0.001524704601337579,EXP_LGBModel_Alpha158_csi300_custom_step0_s_20260909_19,73e27338401e4cd2997f0bdea29e865c,0.076,,,
2122,2026-09-09,SH601336,-9.219001175672754e-11,EXP_LGBModel_Alpha158_csi300_custom_step0_s_20260909_19,73e27338401e4cd2997f0bdea29e865c,0.076,,,
2123,2026-09-09,SH601360,-0.0004133532530335399,EXP_LGBModel_Alpha158_csi300_custom_step0_s_20260909_19,73e27338401e4cd2997f0bdea29e865c,0.076,,,
2124,2026-09-09,SH601377,0.0026782813566350173,EXP_LGBModel_Alpha158_csi300_custom_step0_s_20260909_19,73e27338401e4cd2997f0bdea29e865c,0.076,,,
2125,2026-09-09,SH601390,0.0026782813566350173,EXP_LGBModel_Alpha158_csi300_custom_step0_s_20260909_19,73e27338401e4cd2997f0bdea29e865c,0.076,,,
2126,2026-09-09,SH601398,-9.219001175672754e-11,EXP_LGBModel_Alpha158_csi300_custom_step0_s_20260909_19,73e27338401e4cd2997f0bdea29e865c,0.076,,,
2127,2026-09-09,SH601456,0.0026782813566350173,EXP_LGBModel_Alpha158_csi300_custom_step0_s_20260909_19,73e27338401e4cd2997f0bdea29e865c,0.076,,,
2128,2026-09-09,SH601600,0.0026782813566350173,EXP_LGBModel_Alpha158_csi300_custom_step0_s_20260909_19,73e27338401e4cd2997f0bdea29e865c,0.076,,,
2129,2026-09-09,SH601225,-0.002375946090666767,EXP_LGBModel_Alpha158_csi300_custom_step0_s_20260909_19,73e27338401e4cd2997f0bdea29e865c,0.076,,,
2130,2026-09-09,SH601021,0.001524704601337579,EXP_LGBModel_Alpha158_csi300_custom_step0_s_20260909_19,73e27338401e4cd2997f0bdea29e865c,0.076,,,
2131,2026-09-09,SH601018,0.0026782813566350173,EXP_LGBModel_Alpha158_csi300_custom_step0_s_20260909_19,73e27338401e4cd2997f0bdea29e865c,0.076,,,
2132,2026-09-09,SH601012,-9.219001175672754e-11,EXP_LGBModel_Alpha158_csi300_custom_step0_s_20260909_19,73e27338401e4cd2997f0bdea29e865c,0.076,,,
2133,2026-09-09,SH600585,0.0026782813566350173,EXP_LGBModel_Alpha158_csi300_custom_step0_s_20260909_19,73e27338401e4cd2997f0bdea29e865c,0.076,,,
2134,2026-09-09,SH600588,-0.002375946090666767,EXP_LGBModel_Alpha158_csi300_custom_step0_s_20260909_19,73e27338401e4cd2997f0bdea29e865c,0.076,,,
2135,2026-09-09,SH600600,-9.219001175672754e-11,EXP_LGBModel_Alpha158_csi300_custom_step0_s_20260909_19,73e27338401e4cd2997f0bdea29e865c,0.076,,,
2136,2026-09-09,SH600660,-0.002375946090666767,EXP_LGBModel_Alpha158_csi300_custom_step0_s_20260909_19,73e27338401e4cd2997f0bdea29e865c,0.076,,,
2137,2026-09-09,SH600674,0.0026782813566350173,EXP_LGBModel_Alpha158_csi300_custom_step0_s_20260909_19,73e27338401e4cd2997f0bdea29e865c,0.076,,,
2138,2026-09-09,SH600690,0.0026782813566350173,EXP_LGBModel_Alpha158_csi300_custom_step0_s_20260909_19,73e27338401e4cd2997f0bdea29e865c,0.076,,,
2139,2026-09-09,SH600741,0.001524704601337579,EXP_LGBModel_Alpha158_csi300_custom_step0_s_20260909_19,73e27338401e4cd2997f0bdea29e865c,0.076,,,
2140,2026-09-09,SH600760,-0.0016778937143750307,EXP_LGBModel_Alpha158_csi300_custom_step0_s_20260909_19,73e27338401e4cd2997f0bdea29e865c,0.076,,,
2141,2026-09-09,SH600795,-9.219001175672754e-11,EXP_LGBModel_Alpha158_csi300_custom_step0_s_20260909_19,73e27338401e4cd2997f0bdea29e865c,0.076,,,
2142,2026-09-09,SH600803,0.001524704601337579,EXP_LGBModel_Alpha158_csi300_custom_step0_s_20260909_19,73e27338401e4cd2997f0bdea29e865c,0.076,,,
2143,2026-09-09,SH600809,-0.002375946090666767,EXP_LGBModel_Alpha158_csi300_custom_step0_s_20260909_19,73e27338401e4cd2997f0bdea29e865c,0.076,,,
2144,2026-09-09,SH600845,-0.0016100712807997173,EXP_LGBModel_Alpha158_csi300_custom_step0_s_20260909_19,73e27338401e4cd2997f0bdea29e865c,0.076,,,
2145,2026-09-09,SH600875,0.001621763780230828,EXP_LGBModel_Alpha158_csi300_custom_step0_s_20260909_19,73e27338401e4cd2997f0bdea29e865c,0.076,,,
2146,2026-09-09,SH600886,0.0026782813566350173,EXP_LGBModel_Alpha158_csi300_custom_step0_s_20260909_19,73e27338401e4cd2997f0bdea29e865c,0.076,,,
2147,2026-09-09,SH600887,0.001524704601337579,EXP_LGBModel_Alpha158_csi300_custom_step0_s_20260909_19,73e27338401e4cd2997f0bdea29e865c,0.076,,,
2148,2026-09-09,SH600893,-0.002375946090666767,EXP_LGBModel_Alpha158_csi300_custom_step0_s_20260909_19,73e27338401e4cd2997f0bdea29e865c,0.076,,,
2149,2026-09-09,SH600900,0.0026782813566350173,EXP_LGBModel_Alpha158_csi300_custom_step0_s_20260909_19,73e27338401e4cd2997f0bdea29e865c,0.076,,,
2150,2026-09-09,SH600905,0.0026782813566350173,EXP_LGBModel_Alpha158_csi300_custom_step0_s_20260909_19,73e27338401e4cd2997f0bdea29e865c,0.076,,,
2151,2026-09-09,SH600918,-9.219001175672754e-11,EXP_LGBModel_Alpha158_csi300_custom_step0_s_20260909_19,73e27338401e4cd2997f0bdea29e865c,0.076,,,
2152,2026-09-09,SH600919,0.0026782813566350173,EXP_LGBModel_Alpha158_csi300_custom_step0_s_20260909_19,73e27338401e4cd2997f0bdea29e865c,0.076,,,
2153,2026-09-09,SH600926,0.001524704601337579,EXP_LGBModel_Alpha158_csi300_custom_step0_s_20260909_19,73e27338401e4cd2997f0bdea29e865c,0.076,,,
2154,2026-09-09,SH600930,-9.219001175672754e-11,EXP_LGBModel_Alpha158_csi300_custom_step0_s_20260909_19,73e27338401e4cd2997f0bdea29e865c,0.076,,,
2155,2026-09-09,SH600938,0.001524704601337579,EXP_LGBModel_Alpha158_csi300_custom_step0_s_20260909_19,73e27338401e4cd2997f0bdea29e865c,0.076,,,
2156,2026-09-09,SH600941,0.0026782813566350173,EXP_LGBModel_Alpha158_csi300_custom_step0_s_20260909_19,73e27338401e4cd2997f0bdea29e865c,0.076,,,
2157,2026-09-09,SH600958,0.0026782813566350173,EXP_LGBModel_Alpha158_csi300_custom_step0_s_20260909_19,73e27338401e4cd2997f0bdea29e865c,0.076,,,
2158,2026-09-09,SH600989,-0.002375946090666767,EXP_LGBModel_Alpha158_csi300_custom_step0_s_20260909_19,73e27338401e4cd2997f0bdea29e865c,0.076,,,
2159,2026-09-09,SH600999,-9.219001175672754e-11,EXP_LGBModel_Alpha158_csi300_custom_step0_s_20260909_19,73e27338401e4cd2997f0bdea29e865c,0.076,,,
2160,2026-09-09,SH601006,0.0026782813566350173,EXP_LGBModel_Alpha158_csi300_custom_step0_s_20260909_19,73e27338401e4cd2997f0bdea29e865c,0.076,,,
2161,2026-09-09,SH601009,0.001524704601337579,EXP_LGBModel_Alpha158_csi300_custom_step0_s_20260909_19,73e27338401e4cd2997f0bdea29e865c,0.076,,,
2162,2026-09-09,SH601601,0.001524704601337579,EXP_LGBModel_Alpha158_csi300_custom_step0_s_20260909_19,73e27338401e4cd2997f0bdea29e865c,0.076,,,
2163,2026-09-09,SH601607,0.0026782813566350173,EXP_LGBModel_Alpha158_csi300_custom_step0_s_20260909_19,73e27338401e4cd2997f0bdea29e865c,0.076,,,
2164,2026-09-09,SH601618,0.0026782813566350173,EXP_LGBModel_Alpha158_csi300_custom_step0_s_20260909_19,73e27338401e4cd2997f0bdea29e865c,0.076,,,
2165,2026-09-09,SH601628,-9.219001175672754e-11,EXP_LGBModel_Alpha158_csi300_custom_step0_s_20260909_19,73e27338401e4cd2997f0bdea29e865c,0.076,,,
2166,2026-09-09,SH603019,-9.219001175672754e-11,EXP_LGBModel_Alpha158_csi300_custom_step0_s_20260909_19,73e27338401e4cd2997f0bdea29e865c,0.076,,,
2167,2026-09-09,SH603259,-9.219001175672754e-11,EXP_LGBModel_Alpha158_csi300_custom_step0_s_20260909_19,73e27338401e4cd2997f0bdea29e865c,0.076,,,
2168,2026-09-09,SH603260,-9.219001175672754e-11,EXP_LGBModel_Alpha158_csi300_custom_step0_s_20260909_19,73e27338401e4cd2997f0bdea29e865c,0.076,,,
2169,2026-09-09,SH603288,-9.219001175672754e-11,EXP_LGBModel_Alpha158_csi300_custom_step0_s_20260909_19,73e27338401e4cd2997f0bdea29e865c,0.076,,,
2170,2026-09-09,SH603296,-0.0016100712807997173,EXP_LGBModel_Alpha158_csi300_custom_step0_s_20260909_19,73e27338401e4cd2997f0bdea29e865c,0.076,,,
2171,2026-09-09,SH603369,-9.219001175672754e-11,EXP_LGBModel_Alpha158_csi300_custom_step0_s_20260909_19,73e27338401e4cd2997f0bdea29e865c,0.076,,,
2172,2026-09-09,SH603392,-9.219001175672754e-11,EXP_LGBModel_Alpha158_csi300_custom_step0_s_20260909_19,73e27338401e4cd2997f0bdea29e865c,0.076,,,
2173,2026-09-09,SH603501,-9.219001175672754e-11,EXP_LGBModel_Alpha158_csi300_custom_step0_s_20260909_19,73e27338401e4cd2997f0bdea29e865c,0.076,,,
2174,2026-09-09,SH603799,-9.219001175672754e-11,EXP_LGBModel_Alpha158_csi300_custom_step0_s_20260909_19,73e27338401e4cd2997f0bdea29e865c,0.076,,,
2175,2026-09-09,SH603893,-9.219001175672754e-11,EXP_LGBModel_Alpha158_csi300_custom_step0_s_20260909_19,73e27338401e4cd2997f0bdea29e865c,0.076,,,
2176,2026-09-09,SH603986,-9.219001175672754e-11,EXP_LGBModel_Alpha158_csi300_custom_step0_s_20260909_19,73e27338401e4cd2997f0bdea29e865c,0.076,,,
2177,2026-09-09,SH603993,-0.002375946090666767,EXP_LGBModel_Alpha158_csi300_custom_step0_s_20260909_19,73e27338401e4cd2997f0bdea29e865c,0.076,,,
2178,2026-09-09,SH605117,-0.0004133532530335399,EXP_LGBModel_Alpha158_csi300_custom_step0_s_20260909_19,73e27338401e4cd2997f0bdea29e865c,0.076,,,
2179,2026-09-09,SH605499,-9.219001175672754e-11,EXP_LGBModel_Alpha158_csi300_custom_step0_s_20260909_19,73e27338401e4cd2997f0bdea29e865c,0.076,,,
2180,2026-09-09,SH688008,-9.219001175672754e-11,EXP_LGBModel_Alpha158_csi300_custom_step0_s_20260909_19,73e27338401e4cd2997f0bdea29e865c,0.076,,,
2181,2026-09-09,SH688009,0.0026782813566350173,EXP_LGBModel_Alpha158_csi300_custom_step0_s_20260909_19,73e27338401e4cd2997f0bdea29e865c,0.076,,,
2182,2026-09-09,SH688012,-0.002375946090666767,EXP_LGBModel_Alpha158_csi300_custom_step0_s_20260909_19,73e27338401e4cd2997f0bdea29e865c,0.076,,,
2183,2026-09-09,SH688036,-0.002375946090666767,EXP_LGBModel_Alpha158_csi300_custom_step0_s_20260909_19,73e27338401e4cd2997f0bdea29e865c,0.076,,,
2184,2026-09-09,SH688041,-9.219001175672754e-11,EXP_LGBModel_Alpha158_csi300_custom_step0_s_20260909_19,73e27338401e4cd2997f0bdea29e865c,0.076,,,
2185,2026-09-09,SH688047,-9.219001175672754e-11,EXP_LGBModel_Alpha158_csi300_custom_step0_s_20260909_19,73e27338401e4cd2997f0bdea29e865c,0.076,,,
2186,2026-09-09,SH688072,-0.0016778937143750307,EXP_LGBModel_Alpha158_csi300_custom_step0_s_20260909_19,73e27338401e4cd2997f0bdea29e865c,0.076,,,
2187,2026-09-09,SH688082,-9.219001175672754e-11,EXP_LGBModel_Alpha158_csi300_custom_step0_s_20260909_19,73e27338401e4cd2997f0bdea29e865c,0.076,,,
2188,2026-09-09,SH688111,-0.002375946090666767,EXP_LGBModel_Alpha158_csi300_custom_step0_s_20260909_19,73e27338401e4cd2997f0bdea29e865c,0.076,,,
2189,2026-09-09,SH688126,-9.219001175672754e-11,EXP_LGBModel_Alpha158_csi300_custom_step0_s_20260909_19,73e27338401e4cd2997f0bdea29e865c,0.076,,,
2190,2026-09-09,SH688183,-0.0016778937143750307,EXP_LGBModel_Alpha158_csi300_custom_step0_s_20260909_19,73e27338401e4cd2997f0bdea29e865c,0.076,,,
2191,2026-09-09,SH688223,0.001524704601337579,EXP_LGBModel_Alpha158_csi300_custom_step0_s_20260909_19,73e27338401e4cd2997f0bdea29e865c,0.076,,,
2192,2026-09-09,SH688256,-9.219001175672754e-11,EXP_LGBModel_Alpha158_csi300_custom_step0_s_20260909_19,73e27338401e4cd2997f0bdea29e865c,0.076,,,
2193,2026-09-09,SH688271,-0.002375946090666767,EXP_LGBModel_Alpha158_csi300_custom_step0_s_20260909_19,73e27338401e4cd2997f0bdea29e865c,0.076,,,
2194,2026-09-09,SH688303,-9.219001175672754e-11,EXP_LGBModel_Alpha158_csi300_custom_step0_s_20260909_19,73e27338401e4cd2997f0bdea29e865c,0.076,,,
2195,2026-09-09,SH601998,0.001524704601337579,EXP_LGBModel_Alpha158_csi300_custom_step0_s_20260909_19,73e27338401e4cd2997f0bdea29e865c,0.076,,,
2196,2026-09-09,SH600584,-9.219001175672754e-11,EXP_LGBModel_Alpha158_csi300_custom_step0_s_20260909_19,73e27338401e4cd2997f0bdea29e865c,0.076,,,
2197,2026-09-09,SH601995,-0.0004133532530335399,EXP_LGBModel_Alpha158_csi300_custom_step0_s_20260909_19,73e27338401e4cd2997f0bdea29e865c,0.076,,,
2198,2026-09-09,SH601985,0.0026782813566350173,EXP_LGBModel_Alpha158_csi300_custom_step0_s_20260909_19,73e27338401e4cd2997f0bdea29e865c,0.076,,,
2199,2026-09-09,SH601633,-9.219001175672754e-11,EXP_LGBModel_Alpha158_csi300_custom_step0_s_20260909_19,73e27338401e4cd2997f0bdea29e865c,0.076,,,
2200,2026-09-09,SH601658,-0.0016100712807997173,EXP_LGBModel_Alpha158_csi300_custom_step0_s_20260909_19,73e27338401e4cd2997f0bdea29e865c,0.076,,,
2201,2026-09-09,SH601668,0.001524704601337579,EXP_LGBModel_Alpha158_csi300_custom_step0_s_20260909_19,73e27338401e4cd2997f0bdea29e865c,0.076,,,
2202,2026-09-09,SH601669,0.0026782813566350173,EXP_LGBModel_Alpha158_csi300_custom_step0_s_20260909_19,73e27338401e4cd2997f0bdea29e865c,0.076,,,
2203,2026-09-09,SH601688,0.0026782813566350173,EXP_LGBModel_Alpha158_csi300_custom_step0_s_20260909_19,73e27338401e4cd2997f0bdea29e865c,0.076,,,
2204,2026-09-09,SH601689,-9.219001175672754e-11,EXP_LGBModel_Alpha158_csi300_custom_step0_s_20260909_19,73e27338401e4cd2997f0bdea29e865c,0.076,,,
2205,2026-09-09,SH601698,-9.219001175672754e-11,EXP_LGBModel_Alpha158_csi300_custom_step0_s_20260909_19,73e27338401e4cd2997f0bdea29e865c,0.076,,,
2206,2026-09-09,SH601727,0.001524704601337579,EXP_LGBModel_Alpha158_csi300_custom_step0_s_20260909_19,73e27338401e4cd2997f0bdea29e865c,0.076,,,
2207,2026-09-09,SH601728,0.0026782813566350173,EXP_LGBModel_Alpha158_csi300_custom_step0_s_20260909_19,73e27338401e4cd2997f0bdea29e865c,0.076,,,
2208,2026-09-09,SH601766,0.001524704601337579,EXP_LGBModel_Alpha158_csi300_custom_step0_s_20260909_19,73e27338401e4cd2997f0bdea29e865c,0.076,,,
2209,2026-09-09,SH601788,0.0026782813566350173,EXP_LGBModel_Alpha158_csi300_custom_step0_s_20260909_19,73e27338401e4cd2997f0bdea29e865c,0.076,,,
2210,2026-09-09,SH601800,0.001524704601337579,EXP_LGBModel_Alpha158_csi300_custom_step0_s_20260909_19,73e27338401e4cd2997f0bdea29e865c,0.076,,,
2211,2026-09-09,SH601816,0.0026782813566350173,EXP_LGBModel_Alpha158_csi300_custom_step0_s_20260909_19,73e27338401e4cd2997f0bdea29e865c,0.076,,,
2212,2026-09-09,SH601818,0.0026782813566350173,EXP_LGBModel_Alpha158_csi300_custom_step0_s_20260909_19,73e27338401e4cd2997f0bdea29e865c,0.076,,,
2213,2026-09-09,SH601825,0.001524704601337579,EXP_LGBModel_Alpha158_csi300_custom_step0_s_20260909_19,73e27338401e4cd2997f0bdea29e865c,0.076,,,
2214,2026-09-09,SH601838,0.001524704601337579,EXP_LGBModel_Alpha158_csi300_custom_step0_s_20260909_19,73e27338401e4cd2997f0bdea29e865c,0.076,,,
2215,2026-09-09,SH601857,0.0012381257933205912,EXP_LGBModel_Alpha158_csi300_custom_step0_s_20260909_19,73e27338401e4cd2997f0bdea29e865c,0.076,,,
2216,2026-09-09,SH601868,0.0026782813566350173,EXP_LGBModel_Alpha158_csi300_custom_step0_s_20260909_19,73e27338401e4cd2997f0bdea29e865c,0.076,,,
2217,2026-09-09,SH601872,-0.0006725087882044602,EXP_LGBModel_Alpha158_csi300_custom_step0_s_20260909_19,73e27338401e4cd2997f0bdea29e865c,0.076,,,
2218,2026-09-09,SH601877,0.0026782813566350173,EXP_LGBModel_Alpha158_csi300_custom_step0_s_20260909_19,73e27338401e4cd2997f0bdea29e865c,0.076,,,
2219,2026-09-09,SH601878,0.0026782813566350173,EXP_LGBModel_Alpha158_csi300_custom_step0_s_20260909_19,73e27338401e4cd2997f0bdea29e865c,0.076,,,
2220,2026-09-09,SH601881,0.0026782813566350173,EXP_LGBModel_Alpha158_csi300_custom_step0_s_20260909_19,73e27338401e4cd2997f0bdea29e865c,0.076,,,
2221,2026-09-09,SH601888,0.001524704601337579,EXP_LGBModel_Alpha158_csi300_custom_step0_s_20260909_19,73e27338401e4cd2997f0bdea29e865c,0.076,,,
2222,2026-09-09,SH601898,-0.0016778937143750307,EXP_LGBModel_Alpha158_csi300_custom_step0_s_20260909_19,73e27338401e4cd2997f0bdea29e865c,0.076,,,
2223,2026-09-09,SH601899,-9.219001175672754e-11,EXP_LGBModel_Alpha158_csi300_custom_step0_s_20260909_19,73e27338401e4cd2997f0bdea29e865c,0.076,,,
2224,2026-09-09,SH601901,0.0026782813566350173,EXP_LGBModel_Alpha158_csi300_custom_step0_s_20260909_19,73e27338401e4cd2997f0bdea29e865c,0.076,,,
2225,2026-09-09,SH601916,0.0026782813566350173,EXP_LGBModel_Alpha158_csi300_custom_step0_s_20260909_19,73e27338401e4cd2997f0bdea29e865c,0.076,,,
2226,2026-09-09,SH601919,-9.219001175672754e-11,EXP_LGBModel_Alpha158_csi300_custom_step0_s_20260909_19,73e27338401e4cd2997f0bdea29e865c,0.076,,,
2227,2026-09-09,SH601939,-0.002375946090666767,EXP_LGBModel_Alpha158_csi300_custom_step0_s_20260909_19,73e27338401e4cd2997f0bdea29e865c,0.076,,,
2228,2026-09-09,SH601988,0.001524704601337579,EXP_LGBModel_Alpha158_csi300_custom_step0_s_20260909_19,73e27338401e4cd2997f0bdea29e865c,0.076,,,
2229,2026-09-09,SH688396,-9.219001175672754e-11,EXP_LGBModel_Alpha158_csi300_custom_step0_s_20260909_19,73e27338401e4cd2997f0bdea29e865c,0.076,,,
2230,2026-09-09,SH600570,-0.0016100712807997173,EXP_LGBModel_Alpha158_csi300_custom_step0_s_20260909_19,73e27338401e4cd2997f0bdea29e865c,0.076,,,
2231,2026-09-09,SH600547,-0.0016778937143750307,EXP_LGBModel_Alpha158_csi300_custom_step0_s_20260909_19,73e27338401e4cd2997f0bdea29e865c,0.076,,,
2232,2026-09-09,SZ002714,-0.004440865513532381,EXP_CatBoostModel_Alpha158_csi300_custom_step0_s_20260909_19,88bbaf3ab76349b8af4781a634f8b011,0.035,,,
2233,2026-09-09,SZ002736,0.01374523503675803,EXP_CatBoostModel_Alpha158_csi300_custom_step0_s_20260909_19,88bbaf3ab76349b8af4781a634f8b011,0.035,,,
2234,2026-09-09,SZ002837,0.00527091040029188,EXP_CatBoostModel_Alpha158_csi300_custom_step0_s_20260909_19,88bbaf3ab76349b8af4781a634f8b011,0.035,,,
2235,2026-09-09,SZ002916,-0.004643398753953031,EXP_CatBoostModel_Alpha158_csi300_custom_step0_s_20260909_19,88bbaf3ab76349b8af4781a634f8b011,0.035,,,
2236,2026-09-09,SZ002920,-0.014282335392348723,EXP_CatBoostModel_Alpha158_csi300_custom_step0_s_20260909_19,88bbaf3ab76349b8af4781a634f8b011,0.035,,,
2237,2026-09-09,SZ002938,-0.012426741637360142,EXP_CatBoostModel_Alpha158_csi300_custom_step0_s_20260909_19,88bbaf3ab76349b8af4781a634f8b011,0.035,,,
2238,2026-09-09,SZ003816,0.009106080993057136,EXP_CatBoostModel_Alpha158_csi300_custom_step0_s_20260909_19,88bbaf3ab76349b8af4781a634f8b011,0.035,,,
2239,2026-09-09,SZ300014,-0.0125178558361994,EXP_CatBoostModel_Alpha158_csi300_custom_step0_s_20260909_19,88bbaf3ab76349b8af4781a634f8b011,0.035,,,
2240,2026-09-09,SZ300015,0.0009309926963173469,EXP_CatBoostModel_Alpha158_csi300_custom_step0_s_20260909_19,88bbaf3ab76349b8af4781a634f8b011,0.035,,,
2241,2026-09-09,SZ300033,-0.010011081341238874,EXP_CatBoostModel_Alpha158_csi300_custom_step0_s_20260909_19,88bbaf3ab76349b8af4781a634f8b011,0.035,,,
2242,2026-09-09,SZ300059,0.0030076367439715347,EXP_CatBoostModel_Alpha158_csi300_custom_step0_s_20260909_19,88bbaf3ab76349b8af4781a634f8b011,0.035,,,
2243,2026-09-09,SZ300122,-0.012393740109748188,EXP_CatBoostModel_Alpha158_csi300_custom_step0_s_20260909_19,88bbaf3ab76349b8af4781a634f8b011,0.035,,,
2244,2026-09-09,SZ300124,-0.012277017141751168,EXP_CatBoostModel_Alpha158_csi300_custom_step0_s_20260909_19,88bbaf3ab76349b8af4781a634f8b011,0.035,,,
2245,2026-09-09,SZ002709,-0.02652016110773413,EXP_CatBoostModel_Alpha158_csi300_custom_step0_s_20260909_19,88bbaf3ab76349b8af4781a634f8b011,0.035,,,
2246,2026-09-09,SZ300251,-0.017571209184419262,EXP_CatBoostModel_Alpha158_csi300_custom_step0_s_20260909_19,88bbaf3ab76349b8af4781a634f8b011,0.035,,,
2247,2026-09-09,SZ300308,-0.005946597230596289,EXP_CatBoostModel_Alpha158_csi300_custom_step0_s_20260909_19,88bbaf3ab76349b8af4781a634f8b011,0.035,,,
2248,2026-09-09,SZ300316,-0.015207287927755412,EXP_CatBoostModel_Alpha158_csi300_custom_step0_s_20260909_19,88bbaf3ab76349b8af4781a634f8b011,0.035,,,
2249,2026-09-09,SZ300394,0.0024450824066380035,EXP_CatBoostModel_Alpha158_csi300_custom_step0_s_20260909_19,88bbaf3ab76349b8af4781a634f8b011,0.035,,,
2250,2026-09-09,SZ300408,-0.004276201466990266,EXP_CatBoostModel_Alpha158_csi300_custom_step0_s_20260909_19,88bbaf3ab76349b8af4781a634f8b011,0.035,,,
2251,2026-09-09,SZ300413,0.02811575797459444,EXP_CatBoostModel_Alpha158_csi300_custom_step0_s_20260909_19,88bbaf3ab76349b8af4781a634f8b011,0.035,,,
2252,2026-09-09,SZ300418,-0.016732843284917604,EXP_CatBoostModel_Alpha158_csi300_custom_step0_s_20260909_19,88bbaf3ab76349b8af4781a634f8b011,0.035,,,
2253,2026-09-09,SZ300433,-0.024756099909073702,EXP_CatBoostModel_Alpha158_csi300_custom_step0_s_20260909_19,88bbaf3ab76349b8af4781a634f8b011,0.035,,,
2254,2026-09-09,SZ300442,-0.014658369162110678,EXP_CatBoostModel_Alpha158_csi300_custom_step0_s_20260909_19,88bbaf3ab76349b8af4781a634f8b011,0.035,,,
2255,2026-09-09,SZ300450,-0.01391662516298765,EXP_CatBoostModel_Alpha158_csi300_custom_step0_s_20260909_19,88bbaf3ab76349b8af4781a634f8b011,0.035,,,
2256,2026-09-09,SZ300476,0.023017684088267758,EXP_CatBoostModel_Alpha158_csi300_custom_step0_s_20260909_19,88bbaf3ab76349b8af4781a634f8b011,0.035,,,
2257,2026-09-09,SZ300498,-0.012050203461943942,EXP_CatBoostModel_Alpha158_csi300_custom_step0_s_20260909_19,88bbaf3ab76349b8af4781a634f8b011,0.035,,,
2258,2026-09-09,SZ300502,-0.013537944860135329,EXP_CatBoostModel_Alpha158_csi300_custom_step0_s_20260909_19,88bbaf3ab76349b8af4781a634f8b011,0.035,,,
2259,2026-09-09,SZ300628,-0.0013945375352254021,EXP_CatBoostModel_Alpha158_csi300_custom_step0_s_20260909_19,88bbaf3ab76349b8af4781a634f8b011,0.035,,,
2260,2026-09-09,SZ300274,0.034022248149186037,EXP_CatBoostModel_Alpha158_csi300_custom_step0_s_20260909_19,88bbaf3ab76349b8af4781a634f8b011,0.035,,,
2261,2026-09-09,SZ002648,-0.009694767167109115,EXP_CatBoostModel_Alpha158_csi300_custom_step0_s_20260909_19,88bbaf3ab76349b8af4781a634f8b011,0.035,,,
2262,2026-09-09,SZ002625,0.0022243462306163002,EXP_CatBoostModel_Alpha158_csi300_custom_step0_s_20260909_19,88bbaf3ab76349b8af4781a634f8b011,0.035,,,
2263,2026-09-09,SZ002602,-0.014215307933480477,EXP_CatBoostModel_Alpha158_csi300_custom_step0_s_20260909_19,88bbaf3ab76349b8af4781a634f8b011,0.035,,,
2264,2026-09-09,SZ002001,0.0024012408212802003,EXP_CatBoostModel_Alpha158_csi300_custom_step0_s_20260909_19,88bbaf3ab76349b8af4781a634f8b011,0.035,,,
2265,2026-09-09,SZ002027,0.007257614031350998,EXP_CatBoostModel_Alpha158_csi300_custom_step0_s_20260909_19,88bbaf3ab76349b8af4781a634f8b011,0.035,,,
2266,2026-09-09,SZ002028,0.014558414304393936,EXP_CatBoostModel_Alpha158_csi300_custom_step0_s_20260909_19,88bbaf3ab76349b8af4781a634f8b011,0.035,,,
2267,2026-09-09,SZ002049,-0.0011367114562086846,EXP_CatBoostModel_Alpha158_csi300_custom_step0_s_20260909_19,88bbaf3ab76349b8af4781a634f8b011,0.035,,,
2268,2026-09-09,SZ002050,0.003267533048570671,EXP_CatBoostModel_Alpha158_csi300_custom_step0_s_20260909_19,88bbaf3ab76349b8af4781a634f8b011,0.035,,,
2269,2026-09-09,SZ002074,-0.014360897254112031,EXP_CatBoostModel_Alpha158_csi300_custom_step0_s_20260909_19,88bbaf3ab76349b8af4781a634f8b011,0.035,,,
2270,2026-09-09,SZ002142,0.017404081975076657,EXP_CatBoostModel_Alpha158_csi300_custom_step0_s_20260909_19,88bbaf3ab76349b8af4781a634f8b011,0.035,,,
2271,2026-09-09,SZ002179,-0.002898250203958895,EXP_CatBoostModel_Alpha158_csi300_custom_step0_s_20260909_19,88bbaf3ab76349b8af4781a634f8b011,0.035,,,
2272,2026-09-09,SZ002202,-0.00796863407211408,EXP_CatBoostModel_Alpha158_csi300_custom_step0_s_20260909_19,88bbaf3ab76349b8af4781a634f8b011,0.035,,,
2273,2026-09-09,SZ002230,0.0004721692700885711,EXP_CatBoostModel_Alpha158_csi300_custom_step0_s_20260909_19,88bbaf3ab76349b8af4781a634f8b011,0.035,,,
2274,2026-09-09,SZ002236,0.005181668423107963,EXP_CatBoostModel_Alpha158_csi300_custom_step0_s_20260909_19,88bbaf3ab76349b8af4781a634f8b011,0.035,,,
2275,2026-09-09,SZ002241,-0.011853982903796394,EXP_CatBoostModel_Alpha158_csi300_custom_step0_s_20260909_19,88bbaf3ab76349b8af4781a634f8b011,0.035,,,
2276,2026-09-09,SZ002304,0.008385117269113427,EXP_CatBoostModel_Alpha158_csi300_custom_step0_s_20260909_19,88bbaf3ab76349b8af4781a634f8b011,0.035,,,
2277,2026-09-09,SZ002311,-0.0038989469881320214,EXP_CatBoostModel_Alpha158_csi300_custom_step0_s_20260909_19,88bbaf3ab76349b8af4781a634f8b011,0.035,,,
2278,2026-09-09,SZ002352,-0.0038036058740509577,EXP_CatBoostModel_Alpha158_csi300_custom_step0_s_20260909_19,88bbaf3ab76349b8af4781a634f8b011,0.035,,,
2279,2026-09-09,SZ002353,0.006676764167927589,EXP_CatBoostModel_Alpha158_csi300_custom_step0_s_20260909_19,88bbaf3ab76349b8af4781a634f8b011,0.035,,,
2280,2026-09-09,SZ002371,-0.009498104907364123,EXP_CatBoostModel_Alpha158_csi300_custom_step0_s_20260909_19,88bbaf3ab76349b8af4781a634f8b011,0.035,,,
2281,2026-09-09,SZ002384,-0.013201779151878134,EXP_CatBoostModel_Alpha158_csi300_custom_step0_s_20260909_19,88bbaf3ab76349b8af4781a634f8b011,0.035,,,
2282,2026-09-09,SZ002415,-0.003510395661943404,EXP_CatBoostModel_Alpha158_csi300_custom_step0_s_20260909_19,88bbaf3ab76349b8af4781a634f8b011,0.035,,,
2283,2026-09-09,SZ002422,-0.0067295222645688615,EXP_CatBoostModel_Alpha158_csi300_custom_step0_s_20260909_19,88bbaf3ab76349b8af4781a634f8b011,0.035,,,
2284,2026-09-09,SZ002460,-0.012890153020018542,EXP_CatBoostModel_Alpha158_csi300_custom_step0_s_20260909_19,88bbaf3ab76349b8af4781a634f8b011,0.035,,,
2285,2026-09-09,SZ002463,-0.01931755877070818,EXP_CatBoostModel_Alpha158_csi300_custom_step0_s_20260909_19,88bbaf3ab76349b8af4781a634f8b011,0.035,,,
2286,2026-09-09,SZ002466,-0.013080634932724848,EXP_CatBoostModel_Alpha158_csi300_custom_step0_s_20260909_19,88bbaf3ab76349b8af4781a634f8b011,0.035,,,
2287,2026-09-09,SZ002475,-0.004699227060517993,EXP_CatBoostModel_Alpha158_csi300_custom_step0_s_20260909_19,88bbaf3ab76349b8af4781a634f8b011,0.035,,,
2288,2026-09-09,SZ002493,0.006409030312488546,EXP_CatBoostModel_Alpha158_csi300_custom_step0_s_20260909_19,88bbaf3ab76349b8af4781a634f8b011,0.035,,,
2289,2026-09-09,SZ002532,0.0016480886296537695,EXP_CatBoostModel_Alpha158_csi300_custom_step0_s_20260909_19,88bbaf3ab76349b8af4781a634f8b011,0.035,,,
2290,2026-09-09,SZ002558,-0.017789562578475002,EXP_CatBoostModel_Alpha158_csi300_custom_step0_s_20260909_19,88bbaf3ab76349b8af4781a634f8b011,0.035,,,
2291,2026-09-09,SZ002594,-0.007303585630622008,EXP_CatBoostModel_Alpha158_csi300_custom_step0_s_20260909_19,88bbaf3ab76349b8af4781a634f8b011,0.035,,,
2292,2026-09-09,SZ002600,0.00024339551828065354,EXP_CatBoostModel_Alpha158_csi300_custom_step0_s_20260909_19,88bbaf3ab76349b8af4781a634f8b011,0.035,,,
2293,2026-09-09,SZ300661,-0.013516251086431652,EXP_CatBoostModel_Alpha158_csi300_custom_step0_s_20260909_19,88bbaf3ab76349b8af4781a634f8b011,0.035,,,
2294,2026-09-09,SZ300750,-0.012531639355209801,EXP_CatBoostModel_Alpha158_csi300_custom_step0_s_20260909_19,88bbaf3ab76349b8af4781a634f8b011,0.035,,,
2295,2026-09-09,SZ300760,0.011272262310355871,EXP_CatBoostModel_Alpha158_csi300_custom_step0_s_20260909_19,88bbaf3ab76349b8af4781a634f8b011,0.035,,,
2296,2026-09-09,SZ300803,-0.00987703441951849,EXP_CatBoostModel_Alpha158_csi300_custom_step0_s_20260909_19,88bbaf3ab76349b8af4781a634f8b011,0.035,,,
2297,2026-09-09,SH600104,-9.219001175672754e-11,EXP_LGBModel_Alpha158_csi300_custom_step0_s_20260909_19,73e27338401e4cd2997f0bdea29e865c,0.076,,,
2298,2026-09-09,SH600111,-9.219001175672754e-11,EXP_LGBModel_Alpha158_csi300_custom_step0_s_20260909_19,73e27338401e4cd2997f0bdea29e865c,0.076,,,
2299,2026-09-09,SH600115,0.001524704601337579,EXP_LGBModel_Alpha158_csi300_custom_step0_s_20260909_19,73e27338401e4cd2997f0bdea29e865c,0.076,,,
2300,2026-09-09,SH600118,-9.219001175672754e-11,EXP_LGBModel_Alpha158_csi300_custom_step0_s_20260909_19,73e27338401e4cd2997f0bdea29e865c,0.076,,,
2301,2026-09-09,SH600150,-0.002375946090666767,EXP_LGBModel_Alpha158_csi300_custom_step0_s_20260909_19,73e27338401e4cd2997f0bdea29e865c,0.076,,,
2302,2026-09-09,SH600160,0.001524704601337579,EXP_LGBModel_Alpha158_csi300_custom_step0_s_20260909_19,73e27338401e4cd2997f0bdea29e865c,0.076,,,
2303,2026-09-09,SH600176,0.004289958848091926,EXP_LGBModel_Alpha158_csi300_custom_step0_s_20260909_19,73e27338401e4cd2997f0bdea29e865c,0.076,,,
2304,2026-09-09,SH600183,-0.0016778937143750307,EXP_LGBModel_Alpha158_csi300_custom_step0_s_20260909_19,73e27338401e4cd2997f0bdea29e865c,0.076,,,
2305,2026-09-09,SH600188,-0.0016778937143750307,EXP_LGBModel_Alpha158_csi300_custom_step0_s_20260909_19,73e27338401e4cd2997f0bdea29e865c,0.076,,,
2306,2026-09-09,SH600196,-0.0016100712807997173,EXP_LGBModel_Alpha158_csi300_custom_step0_s_20260909_19,73e27338401e4cd2997f0bdea29e865c,0.076,,,
2307,2026-09-09,SH600219,-9.219001175672754e-11,EXP_LGBModel_Alpha158_csi300_custom_step0_s_20260909_19,73e27338401e4cd2997f0bdea29e865c,0.076,,,
2308,2026-09-09,SH600221,0.0026782813566350173,EXP_LGBModel_Alpha158_csi300_custom_step0_s_20260909_19,73e27338401e4cd2997f0bdea29e865c,0.076,,,
2309,2026-09-09,SH600233,0.001524704601337579,EXP_LGBModel_Alpha158_csi300_custom_step0_s_20260909_19,73e27338401e4cd2997f0bdea29e865c,0.076,,,
2310,2026-09-09,SH600276,0.001524704601337579,EXP_LGBModel_Alpha158_csi300_custom_step0_s_20260909_19,73e27338401e4cd2997f0bdea29e865c,0.076,,,
2311,2026-09-09,SH600309,-9.219001175672754e-11,EXP_LGBModel_Alpha158_csi300_custom_step0_s_20260909_19,73e27338401e4cd2997f0bdea29e865c,0.076,,,
2312,2026-09-09,SH600346,-0.0016778937143750307,EXP_LGBModel_Alpha158_csi300_custom_step0_s_20260909_19,73e27338401e4cd2997f0bdea29e865c,0.076,,,
2313,2026-09-09,SH600362,0.001621763780230828,EXP_LGBModel_Alpha158_csi300_custom_step0_s_20260909_19,73e27338401e4cd2997f0bdea29e865c,0.076,,,
2314,2026-09-09,SH600372,0.001621763780230828,EXP_LGBModel_Alpha158_csi300_custom_step0_s_20260909_19,73e27338401e4cd2997f0bdea29e865c,0.076,,,
2315,2026-09-09,SH600406,-9.219001175672754e-11,EXP_LGBModel_Alpha158_csi300_custom_step0_s_20260909_19,73e27338401e4cd2997f0bdea29e865c,0.076,,,
2316,2026-09-09,SH600415,-9.219001175672754e-11,EXP_LGBModel_Alpha158_csi300_custom_step0_s_20260909_19,73e27338401e4cd2997f0bdea29e865c,0.076,,,
2317,2026-09-09,SH600426,-0.0016778937143750307,EXP_LGBModel_Alpha158_csi300_custom_step0_s_20260909_19,73e27338401e4cd2997f0bdea29e865c,0.076,,,
2318,2026-09-09,SH600436,-9.219001175672754e-11,EXP_LGBModel_Alpha158_csi300_custom_step0_s_20260909_19,73e27338401e4cd2997f0bdea29e865c,0.076,,,
2319,2026-09-09,SH600438,-0.0016778937143750307,EXP_LGBModel_Alpha158_csi300_custom_step0_s_20260909_19,73e27338401e4cd2997f0bdea29e865c,0.076,,,
2320,2026-09-09,SH600460,-9.219001175672754e-11,EXP_LGBModel_Alpha158_csi300_custom_step0_s_20260909_19,73e27338401e4cd2997f0bdea29e865c,0.076,,,
2321,2026-09-09,SH600482,-0.002375946090666767,EXP_LGBModel_Alpha158_csi300_custom_step0_s_20260909_19,73e27338401e4cd2997f0bdea29e865c,0.076,,,
2322,2026-09-09,SH600489,-0.0016778937143750307,EXP_LGBModel_Alpha158_csi300_custom_step0_s_20260909_19,73e27338401e4cd2997f0bdea29e865c,0.076,,,
2323,2026-09-09,SH600515,0.001524704601337579,EXP_LGBModel_Alpha158_csi300_custom_step0_s_20260909_19,73e27338401e4cd2997f0bdea29e865c,0.076,,,
2324,2026-09-09,SH600519,0.0026782813566350173,EXP_LGBModel_Alpha158_csi300_custom_step0_s_20260909_19,73e27338401e4cd2997f0bdea29e865c,0.076,,,
2325,2026-09-09,SH600522,-9.219001175672754e-11,EXP_LGBModel_Alpha158_csi300_custom_step0_s_20260909_19,73e27338401e4cd2997f0bdea29e865c,0.076,,,
2326,2026-09-09,SH600089,0.001524704601337579,EXP_LGBModel_Alpha158_csi300_custom_step0_s_20260909_19,73e27338401e4cd2997f0bdea29e865c,0.076,,,
2327,2026-09-09,SH600549,0.004289958848091926,EXP_LGBModel_Alpha158_csi300_custom_step0_s_20260909_19,73e27338401e4cd2997f0bdea29e865c,0.076,,,
2328,2026-09-09,SH600085,-9.219001175672754e-11,EXP_LGBModel_Alpha158_csi300_custom_step0_s_20260909_19,73e27338401e4cd2997f0bdea29e865c,0.076,,,
2329,2026-09-09,SH600061,0.0026782813566350173,EXP_LGBModel_Alpha158_csi300_custom_step0_s_20260909_19,73e27338401e4cd2997f0bdea29e865c,0.076,,,
2330,2026-09-09,SZ300832,-0.010269299087086065,EXP_CatBoostModel_Alpha158_csi300_custom_step0_s_20260909_19,88bbaf3ab76349b8af4781a634f8b011,0.035,,,
2331,2026-09-09,SZ300866,-0.01127186198295547,EXP_CatBoostModel_Alpha158_csi300_custom_step0_s_20260909_19,88bbaf3ab76349b8af4781a634f8b011,0.035,,,
2332,2026-09-09,SZ300896,-0.004642108070667025,EXP_CatBoostModel_Alpha158_csi300_custom_step0_s_20260909_19,88bbaf3ab76349b8af4781a634f8b011,0.035,,,
2333,2026-09-09,SZ300999,-0.005757980394932817,EXP_CatBoostModel_Alpha158_csi300_custom_step0_s_20260909_19,88bbaf3ab76349b8af4781a634f8b011,0.035,,,
2334,2026-09-09,SZ301165,0.011358634338655268,EXP_CatBoostModel_Alpha158_csi300_custom_step0_s_20260909_19,88bbaf3ab76349b8af4781a634f8b011,0.035,,,
2335,2026-09-09,SZ301236,-0.02615306956824916,EXP_CatBoostModel_Alpha158_csi300_custom_step0_s_20260909_19,88bbaf3ab76349b8af4781a634f8b011,0.035,,,
2336,2026-09-09,SZ301269,-0.01697834345068412,EXP_CatBoostModel_Alpha158_csi300_custom_step0_s_20260909_19,88bbaf3ab76349b8af4781a634f8b011,0.035,,,
2337,2026-09-09,SZ301308,0.03737879659570129,EXP_CatBoostModel_Alpha158_csi300_custom_step0_s_20260909_19,88bbaf3ab76349b8af4781a634f8b011,0.035,,,
2338,2026-09-09,SZ302132,0.004138011742578319,EXP_CatBoostModel_Alpha158_csi300_custom_step0_s_20260909_19,88bbaf3ab76349b8af4781a634f8b011,0.035,,,
2339,2026-09-09,SH600000,0.0026782813566350173,EXP_LGBModel_Alpha158_csi300_custom_step0_s_20260909_19,73e27338401e4cd2997f0bdea29e865c,0.076,,,
2340,2026-09-09,SH600009,0.0026782813566350173,EXP_LGBModel_Alpha158_csi300_custom_step0_s_20260909_19,73e27338401e4cd2997f0bdea29e865c,0.076,,,
2341,2026-09-09,SH600010,0.0026782813566350173,EXP_LGBModel_Alpha158_csi300_custom_step0_s_20260909_19,73e27338401e4cd2997f0bdea29e865c,0.076,,,
2342,2026-09-09,SH600011,0.0012381257933205912,EXP_LGBModel_Alpha158_csi300_custom_step0_s_20260909_19,73e27338401e4cd2997f0bdea29e865c,0.076,,,
2343,2026-09-09,SH600015,0.001524704601337579,EXP_LGBModel_Alpha158_csi300_custom_step0_s_20260909_19,73e27338401e4cd2997f0bdea29e865c,0.076,,,
2344,2026-09-09,SH600016,0.0026782813566350173,EXP_LGBModel_Alpha158_csi300_custom_step0_s_20260909_19,73e27338401e4cd2997f0bdea29e865c,0.076,,,
2345,2026-09-09,SH600018,-0.0016778937143750307,EXP_LGBModel_Alpha158_csi300_custom_step0_s_20260909_19,73e27338401e4cd2997f0bdea29e865c,0.076,,,
2346,2026-09-09,SH600019,0.0026782813566350173,EXP_LGBModel_Alpha158_csi300_custom_step0_s_20260909_19,73e27338401e4cd2997f0bdea29e865c,0.076,,,
2347,2026-09-09,SH600023,-9.219001175672754e-11,EXP_LGBModel_Alpha158_csi300_custom_step0_s_20260909_19,73e27338401e4cd2997f0bdea29e865c,0.076,,,
2348,2026-09-09,SH600025,0.0026782813566350173,EXP_LGBModel_Alpha158_csi300_custom_step0_s_20260909_19,73e27338401e4cd2997f0bdea29e865c,0.076,,,
2349,2026-09-09,SH600026,-0.002375946090666767,EXP_LGBModel_Alpha158_csi300_custom_step0_s_20260909_19,73e27338401e4cd2997f0bdea29e865c,0.076,,,
2350,2026-09-09,SH600027,0.001524704601337579,EXP_LGBModel_Alpha158_csi300_custom_step0_s_20260909_19,73e27338401e4cd2997f0bdea29e865c,0.076,,,
2351,2026-09-09,SH600028,0.001524704601337579,EXP_LGBModel_Alpha158_csi300_custom_step0_s_20260909_19,73e27338401e4cd2997f0bdea29e865c,0.076,,,
2352,2026-09-09,SH600029,0.0026782813566350173,EXP_LGBModel_Alpha158_csi300_custom_step0_s_20260909_19,73e27338401e4cd2997f0bdea29e865c,0.076,,,
2353,2026-09-09,SH600030,0.0026782813566350173,EXP_LGBModel_Alpha158_csi300_custom_step0_s_20260909_19,73e27338401e4cd2997f0bdea29e865c,0.076,,,
2354,2026-09-09,SH600031,-0.002375946090666767,EXP_LGBModel_Alpha158_csi300_custom_step0_s_20260909_19,73e27338401e4cd2997f0bdea29e865c,0.076,,,
2355,2026-09-09,SH600036,0.001524704601337579,EXP_LGBModel_Alpha158_csi300_custom_step0_s_20260909_19,73e27338401e4cd2997f0bdea29e865c,0.076,,,
2356,2026-09-09,SH600039,-0.0016100712807997173,EXP_LGBModel_Alpha158_csi300_custom_step0_s_20260909_19,73e27338401e4cd2997f0bdea29e865c,0.076,,,
2357,2026-09-09,SH600048,-9.219001175672754e-11,EXP_LGBModel_Alpha158_csi300_custom_step0_s_20260909_19,73e27338401e4cd2997f0bdea29e865c,0.076,,,
2358,2026-09-09,SH600050,0.0026782813566350173,EXP_LGBModel_Alpha158_csi300_custom_step0_s_20260909_19,73e27338401e4cd2997f0bdea29e865c,0.076,,,
2359,2026-09-09,SH600066,-9.219001175672754e-11,EXP_LGBModel_Alpha158_csi300_custom_step0_s_20260909_19,73e27338401e4cd2997f0bdea29e865c,0.076,,,
2360,2026-09-09,SH688472,-9.219001175672754e-11,EXP_LGBModel_Alpha158_csi300_custom_step0_s_20260909_19,73e27338401e4cd2997f0bdea29e865c,0.076,,,
2361,2026-09-09,SH688506,0.004289958848091926,EXP_LGBModel_Alpha158_csi300_custom_step0_s_20260909_19,73e27338401e4cd2997f0bdea29e865c,0.076,,,
2362,2026-09-09,SH688521,0.004289958848091926,EXP_LGBModel_Alpha158_csi300_custom_step0_s_20260909_19,73e27338401e4cd2997f0bdea29e865c,0.076,,,
2363,2026-09-09,SH600547,0.004008820052082439,EXP_LGBModel_Alpha158_csi300_custom_step0_s_20260909_19,6f42c799d62142c0aab2d94aa0b563a5,0.113,,,
2364,2026-09-09,SH600549,-0.0023660200673193093,EXP_LGBModel_Alpha158_csi300_custom_step0_s_20260909_19,6f42c799d62142c0aab2d94aa0b563a5,0.113,,,
2365,2026-09-09,SH600570,0.0017760270728628617,EXP_LGBModel_Alpha158_csi300_custom_step0_s_20260909_19,6f42c799d62142c0aab2d94aa0b563a5,0.113,,,
2366,2026-09-09,SH600584,-1.6153839834396572e-10,EXP_LGBModel_Alpha158_csi300_custom_step0_s_20260909_19,6f42c799d62142c0aab2d94aa0b563a5,0.113,,,
2367,2026-09-09,SH600585,0.0017760270728628617,EXP_LGBModel_Alpha158_csi300_custom_step0_s_20260909_19,6f42c799d62142c0aab2d94aa0b563a5,0.113,,,
2368,2026-09-09,SH600588,-0.0023660200673193093,EXP_LGBModel_Alpha158_csi300_custom_step0_s_20260909_19,6f42c799d62142c0aab2d94aa0b563a5,0.113,,,
2369,2026-09-09,SH600600,0.0017760270728628617,EXP_LGBModel_Alpha158_csi300_custom_step0_s_20260909_19,6f42c799d62142c0aab2d94aa0b563a5,0.113,,,
2370,2026-09-09,SH600660,-0.0023660200673193093,EXP_LGBModel_Alpha158_csi300_custom_step0_s_20260909_19,6f42c799d62142c0aab2d94aa0b563a5,0.113,,,
2371,2026-09-09,SH600674,0.003144355779797505,EXP_LGBModel_Alpha158_csi300_custom_step0_s_20260909_19,6f42c799d62142c0aab2d94aa0b563a5,0.113,,,
2372,2026-09-09,SH600690,0.0017760270728628617,EXP_LGBModel_Alpha158_csi300_custom_step0_s_20260909_19,6f42c799d62142c0aab2d94aa0b563a5,0.113,,,
2373,2026-09-09,SH600741,0.0017760270728628617,EXP_LGBModel_Alpha158_csi300_custom_step0_s_20260909_19,6f42c799d62142c0aab2d94aa0b563a5,0.113,,,
2374,2026-09-09,SH600760,-0.0031688240626790236,EXP_LGBModel_Alpha158_csi300_custom_step0_s_20260909_19,6f42c799d62142c0aab2d94aa0b563a5,0.113,,,
2375,2026-09-09,SH600795,0.003144355779797505,EXP_LGBModel_Alpha158_csi300_custom_step0_s_20260909_19,6f42c799d62142c0aab2d94aa0b563a5,0.113,,,
2376,2026-09-09,SH600522,-0.0023660200673193093,EXP_LGBModel_Alpha158_csi300_custom_step0_s_20260909_19,6f42c799d62142c0aab2d94aa0b563a5,0.113,,,
2377,2026-09-09,SH600803,-0.0031688240626790236,EXP_LGBModel_Alpha158_csi300_custom_step0_s_20260909_19,6f42c799d62142c0aab2d94aa0b563a5,0.113,,,
2378,2026-09-09,SH600845,-1.6153839834396572e-10,EXP_LGBModel_Alpha158_csi300_custom_step0_s_20260909_19,6f42c799d62142c0aab2d94aa0b563a5,0.113,,,
2379,2026-09-09,SH600875,-1.6153839834396572e-10,EXP_LGBModel_Alpha158_csi300_custom_step0_s_20260909_19,6f42c799d62142c0aab2d94aa0b563a5,0.113,,,
2380,2026-09-09,SH600886,-1.6153839834396572e-10,EXP_LGBModel_Alpha158_csi300_custom_step0_s_20260909_19,6f42c799d62142c0aab2d94aa0b563a5,0.113,,,
2381,2026-09-09,SH600887,0.0017760270728628617,EXP_LGBModel_Alpha158_csi300_custom_step0_s_20260909_19,6f42c799d62142c0aab2d94aa0b563a5,0.113,,,
2382,2026-09-09,SH600893,-1.6153839834396572e-10,EXP_LGBModel_Alpha158_csi300_custom_step0_s_20260909_19,6f42c799d62142c0aab2d94aa0b563a5,0.113,,,
2383,2026-09-09,SH600900,0.0017760270728628617,EXP_LGBModel_Alpha158_csi300_custom_step0_s_20260909_19,6f42c799d62142c0aab2d94aa0b563a5,0.113,,,
2384,2026-09-09,SH600905,0.0017760270728628617,EXP_LGBModel_Alpha158_csi300_custom_step0_s_20260909_19,6f42c799d62142c0aab2d94aa0b563a5,0.113,,,
2385,2026-09-09,SH600918,0.0017760270728628617,EXP_LGBModel_Alpha158_csi300_custom_step0_s_20260909_19,6f42c799d62142c0aab2d94aa0b563a5,0.113,,,
2386,2026-09-09,SH600919,0.003144355779797505,EXP_LGBModel_Alpha158_csi300_custom_step0_s_20260909_19,6f42c799d62142c0aab2d94aa0b563a5,0.113,,,
2387,2026-09-09,SH600926,0.003144355779797505,EXP_LGBModel_Alpha158_csi300_custom_step0_s_20260909_19,6f42c799d62142c0aab2d94aa0b563a5,0.113,,,
2388,2026-09-09,SH600930,-1.6153839834396572e-10,EXP_LGBModel_Alpha158_csi300_custom_step0_s_20260909_19,6f42c799d62142c0aab2d94aa0b563a5,0.113,,,
2389,2026-09-09,SH600938,0.003144355779797505,EXP_LGBModel_Alpha158_csi300_custom_step0_s_20260909_19,6f42c799d62142c0aab2d94aa0b563a5,0.113,,,
2390,2026-09-09,SH600941,0.0017760270728628617,EXP_LGBModel_Alpha158_csi300_custom_step0_s_20260909_19,6f42c799d62142c0aab2d94aa0b563a5,0.113,,,
2391,2026-09-09,SH600809,-0.0023660200673193093,EXP_LGBModel_Alpha158_csi300_custom_step0_s_20260909_19,6f42c799d62142c0aab2d94aa0b563a5,0.113,,,
2392,2026-09-09,SH600519,0.0017760270728628617,EXP_LGBModel_Alpha158_csi300_custom_step0_s_20260909_19,6f42c799d62142c0aab2d94aa0b563a5,0.113,,,
2393,2026-09-09,SH600515,-1.6153839834396572e-10,EXP_LGBModel_Alpha158_csi300_custom_step0_s_20260909_19,6f42c799d62142c0aab2d94aa0b563a5,0.113,,,
2394,2026-09-09,SH600489,-1.6153839834396572e-10,EXP_LGBModel_Alpha158_csi300_custom_step0_s_20260909_19,6f42c799d62142c0aab2d94aa0b563a5,0.113,,,
2395,2026-09-09,SH600061,0.003144355779797505,EXP_LGBModel_Alpha158_csi300_custom_step0_s_20260909_19,6f42c799d62142c0aab2d94aa0b563a5,0.113,,,
2396,2026-09-09,SH600066,-0.0023660200673193093,EXP_LGBModel_Alpha158_csi300_custom_step0_s_20260909_19,6f42c799d62142c0aab2d94aa0b563a5,0.113,,,
2397,2026-09-09,SH600085,0.0017760270728628617,EXP_LGBModel_Alpha158_csi300_custom_step0_s_20260909_19,6f42c799d62142c0aab2d94aa0b563a5,0.113,,,
2398,2026-09-09,SH600089,-1.6153839834396572e-10,EXP_LGBModel_Alpha158_csi300_custom_step0_s_20260909_19,6f42c799d62142c0aab2d94aa0b563a5,0.113,,,
2399,2026-09-09,SH600104,-1.6153839834396572e-10,EXP_LGBModel_Alpha158_csi300_custom_step0_s_20260909_19,6f42c799d62142c0aab2d94aa0b563a5,0.113,,,
2400,2026-09-09,SH600111,-0.0023660200673193093,EXP_LGBModel_Alpha158_csi300_custom_step0_s_20260909_19,6f42c799d62142c0aab2d94aa0b563a5,0.113,,,
2401,2026-09-09,SH600115,0.0017760270728628617,EXP_LGBModel_Alpha158_csi300_custom_step0_s_20260909_19,6f42c799d62142c0aab2d94aa0b563a5,0.113,,,
2402,2026-09-09,SH600118,-0.0023660200673193093,EXP_LGBModel_Alpha158_csi300_custom_step0_s_20260909_19,6f42c799d62142c0aab2d94aa0b563a5,0.113,,,
2403,2026-09-09,SH600150,0.0008891656192613738,EXP_LGBModel_Alpha158_csi300_custom_step0_s_20260909_19,6f42c799d62142c0aab2d94aa0b563a5,0.113,,,
2404,2026-09-09,SH600160,-0.0023660200673193093,EXP_LGBModel_Alpha158_csi300_custom_step0_s_20260909_19,6f42c799d62142c0aab2d94aa0b563a5,0.113,,,
2405,2026-09-09,SH600176,-0.0023660200673193093,EXP_LGBModel_Alpha158_csi300_custom_step0_s_20260909_19,6f42c799d62142c0aab2d94aa0b563a5,0.113,,,
2406,2026-09-09,SH600183,0.004008820052082439,EXP_LGBModel_Alpha158_csi300_custom_step0_s_20260909_19,6f42c799d62142c0aab2d94aa0b563a5,0.113,,,
2407,2026-09-09,SH600188,-0.0031688240626790236,EXP_LGBModel_Alpha158_csi300_custom_step0_s_20260909_19,6f42c799d62142c0aab2d94aa0b563a5,0.113,,,
2408,2026-09-09,SH600196,-1.6153839834396572e-10,EXP_LGBModel_Alpha158_csi300_custom_step0_s_20260909_19,6f42c799d62142c0aab2d94aa0b563a5,0.113,,,
2409,2026-09-09,SH600219,0.003144355779797505,EXP_LGBModel_Alpha158_csi300_custom_step0_s_20260909_19,6f42c799d62142c0aab2d94aa0b563a5,0.113,,,
2410,2026-09-09,SH600221,-1.6153839834396572e-10,EXP_LGBModel_Alpha158_csi300_custom_step0_s_20260909_19,6f42c799d62142c0aab2d94aa0b563a5,0.113,,,
2411,2026-09-09,SH600233,0.0017760270728628617,EXP_LGBModel_Alpha158_csi300_custom_step0_s_20260909_19,6f42c799d62142c0aab2d94aa0b563a5,0.113,,,
2412,2026-09-09,SH600276,-1.6153839834396572e-10,EXP_LGBModel_Alpha158_csi300_custom_step0_s_20260909_19,6f42c799d62142c0aab2d94aa0b563a5,0.113,,,
2413,2026-09-09,SH600309,0.003144355779797505,EXP_LGBModel_Alpha158_csi300_custom_step0_s_20260909_19,6f42c799d62142c0aab2d94aa0b563a5,0.113,,,
2414,2026-09-09,SH600346,-0.0031688240626790236,EXP_LGBModel_Alpha158_csi300_custom_step0_s_20260909_19,6f42c799d62142c0aab2d94aa0b563a5,0.113,,,
2415,2026-09-09,SH600362,-0.0023660200673193093,EXP_LGBModel_Alpha158_csi300_custom_step0_s_20260909_19,6f42c799d62142c0aab2d94aa0b563a5,0.113,,,
2416,2026-09-09,SH600372,-1.6153839834396572e-10,EXP_LGBModel_Alpha158_csi300_custom_step0_s_20260909_19,6f42c799d62142c0aab2d94aa0b563a5,0.113,,,
2417,2026-09-09,SH600406,0.0017760270728628617,EXP_LGBModel_Alpha158_csi300_custom_step0_s_20260909_19,6f42c799d62142c0aab2d94aa0b563a5,0.113,,,
2418,2026-09-09,SH600415,0.002322381083470018,EXP_LGBModel_Alpha158_csi300_custom_step0_s_20260909_19,6f42c799d62142c0aab2d94aa0b563a5,0.113,,,
2419,2026-09-09,SH600426,-1.6153839834396572e-10,EXP_LGBModel_Alpha158_csi300_custom_step0_s_20260909_19,6f42c799d62142c0aab2d94aa0b563a5,0.113,,,
2420,2026-09-09,SH600436,0.0017760270728628617,EXP_LGBModel_Alpha158_csi300_custom_step0_s_20260909_19,6f42c799d62142c0aab2d94aa0b563a5,0.113,,,
2421,2026-09-09,SH600438,-0.0023660200673193093,EXP_LGBModel_Alpha158_csi300_custom_step0_s_20260909_19,6f42c799d62142c0aab2d94aa0b563a5,0.113,,,
2422,2026-09-09,SH600460,0.0008329982210972241,EXP_LGBModel_Alpha158_csi300_custom_step0_s_20260909_19,6f42c799d62142c0aab2d94aa0b563a5,0.113,,,
2423,2026-09-09,SH600482,-0.0031688240626790236,EXP_LGBModel_Alpha158_csi300_custom_step0_s_20260909_19,6f42c799d62142c0aab2d94aa0b563a5,0.113,,,
2424,2026-09-09,SH600958,0.003144355779797505,EXP_LGBModel_Alpha158_csi300_custom_step0_s_20260909_19,6f42c799d62142c0aab2d94aa0b563a5,0.113,,,
2425,2026-09-09,SH600989,-0.0031688240626790236,EXP_LGBModel_Alpha158_csi300_custom_step0_s_20260909_19,6f42c799d62142c0aab2d94aa0b563a5,0.113,,,
2426,2026-09-09,SH600999,-0.0023660200673193093,EXP_LGBModel_Alpha158_csi300_custom_step0_s_20260909_19,6f42c799d62142c0aab2d94aa0b563a5,0.113,,,
2427,2026-09-09,SH601006,0.0017760270728628617,EXP_LGBModel_Alpha158_csi300_custom_step0_s_20260909_19,6f42c799d62142c0aab2d94aa0b563a5,0.113,,,
2428,2026-09-09,SH601601,0.002322381083470018,EXP_LGBModel_Alpha158_csi300_custom_step0_s_20260909_19,6f42c799d62142c0aab2d94aa0b563a5,0.113,,,
2429,2026-09-09,SH601607,0.003144355779797505,EXP_LGBModel_Alpha158_csi300_custom_step0_s_20260909_19,6f42c799d62142c0aab2d94aa0b563a5,0.113,,,
2430,2026-09-09,SH601618,-1.6153839834396572e-10,EXP_LGBModel_Alpha158_csi300_custom_step0_s_20260909_19,6f42c799d62142c0aab2d94aa0b563a5,0.113,,,
2431,2026-09-09,SH601628,0.0017760270728628617,EXP_LGBModel_Alpha158_csi300_custom_step0_s_20260909_19,6f42c799d62142c0aab2d94aa0b563a5,0.113,,,
2432,2026-09-09,SH601633,0.0017760270728628617,EXP_LGBModel_Alpha158_csi300_custom_step0_s_20260909_19,6f42c799d62142c0aab2d94aa0b563a5,0.113,,,
2433,2026-09-09,SH601658,-0.00030436299078269365,EXP_LGBModel_Alpha158_csi300_custom_step0_s_20260909_19,6f42c799d62142c0aab2d94aa0b563a5,0.113,,,
2434,2026-09-09,SH601668,0.0017760270728628617,EXP_LGBModel_Alpha158_csi300_custom_step0_s_20260909_19,6f42c799d62142c0aab2d94aa0b563a5,0.113,,,
2435,2026-09-09,SH601669,-1.6153839834396572e-10,EXP_LGBModel_Alpha158_csi300_custom_step0_s_20260909_19,6f42c799d62142c0aab2d94aa0b563a5,0.113,,,
2436,2026-09-09,SH601688,0.003144355779797505,EXP_LGBModel_Alpha158_csi300_custom_step0_s_20260909_19,6f42c799d62142c0aab2d94aa0b563a5,0.113,,,
2437,2026-09-09,SH601689,0.0017760270728628617,EXP_LGBModel_Alpha158_csi300_custom_step0_s_20260909_19,6f42c799d62142c0aab2d94aa0b563a5,0.113,,,
2438,2026-09-09,SH601698,0.0017760270728628617,EXP_LGBModel_Alpha158_csi300_custom_step0_s_20260909_19,6f42c799d62142c0aab2d94aa0b563a5,0.113,,,
2439,2026-09-09,SH601727,-1.6153839834396572e-10,EXP_LGBModel_Alpha158_csi300_custom_step0_s_20260909_19,6f42c799d62142c0aab2d94aa0b563a5,0.113,,,
2440,2026-09-09,SH601728,0.0017760270728628617,EXP_LGBModel_Alpha158_csi300_custom_step0_s_20260909_19,6f42c799d62142c0aab2d94aa0b563a5,0.113,,,
2441,2026-09-09,SH601766,0.003144355779797505,EXP_LGBModel_Alpha158_csi300_custom_step0_s_20260909_19,6f42c799d62142c0aab2d94aa0b563a5,0.113,,,
2442,2026-09-09,SH601788,0.0017760270728628617,EXP_LGBModel_Alpha158_csi300_custom_step0_s_20260909_19,6f42c799d62142c0aab2d94aa0b563a5,0.113,,,
2443,2026-09-09,SH601800,-1.6153839834396572e-10,EXP_LGBModel_Alpha158_csi300_custom_step0_s_20260909_19,6f42c799d62142c0aab2d94aa0b563a5,0.113,,,
2444,2026-09-09,SH601816,0.0017760270728628617,EXP_LGBModel_Alpha158_csi300_custom_step0_s_20260909_19,6f42c799d62142c0aab2d94aa0b563a5,0.113,,,
2445,2026-09-09,SH601818,0.0017760270728628617,EXP_LGBModel_Alpha158_csi300_custom_step0_s_20260909_19,6f42c799d62142c0aab2d94aa0b563a5,0.113,,,
2446,2026-09-09,SH601825,0.003144355779797505,EXP_LGBModel_Alpha158_csi300_custom_step0_s_20260909_19,6f42c799d62142c0aab2d94aa0b563a5,0.113,,,
2447,2026-09-09,SH601838,-1.6153839834396572e-10,EXP_LGBModel_Alpha158_csi300_custom_step0_s_20260909_19,6f42c799d62142c0aab2d94aa0b563a5,0.113,,,
2448,2026-09-09,SH601857,0.003144355779797505,EXP_LGBModel_Alpha158_csi300_custom_step0_s_20260909_19,6f42c799d62142c0aab2d94aa0b563a5,0.113,,,
2449,2026-09-09,SH601868,-1.6153839834396572e-10,EXP_LGBModel_Alpha158_csi300_custom_step0_s_20260909_19,6f42c799d62142c0aab2d94aa0b563a5,0.113,,,
2450,2026-09-09,SH601872,-1.6153839834396572e-10,EXP_LGBModel_Alpha158_csi300_custom_step0_s_20260909_19,6f42c799d62142c0aab2d94aa0b563a5,0.113,,,
2451,2026-09-09,SH601877,0.0017760270728628617,EXP_LGBModel_Alpha158_csi300_custom_step0_s_20260909_19,6f42c799d62142c0aab2d94aa0b563a5,0.113,,,
2452,2026-09-09,SH601878,0.003144355779797505,EXP_LGBModel_Alpha158_csi300_custom_step0_s_20260909_19,6f42c799d62142c0aab2d94aa0b563a5,0.113,,,
2453,2026-09-09,SH601881,0.0017760270728628617,EXP_LGBModel_Alpha158_csi300_custom_step0_s_20260909_19,6f42c799d62142c0aab2d94aa0b563a5,0.113,,,
2454,2026-09-09,SH601888,0.0017760270728628617,EXP_LGBModel_Alpha158_csi300_custom_step0_s_20260909_19,6f42c799d62142c0aab2d94aa0b563a5,0.113,,,
2455,2026-09-09,SH601898,-0.0031688240626790236,EXP_LGBModel_Alpha158_csi300_custom_step0_s_20260909_19,6f42c799d62142c0aab2d94aa0b563a5,0.113,,,
2456,2026-09-09,SH601899,-0.0031688240626790236,EXP_LGBModel_Alpha158_csi300_custom_step0_s_20260909_19,6f42c799d62142c0aab2d94aa0b563a5,0.113,,,
2457,2026-09-09,SH601600,-1.6153839834396572e-10,EXP_LGBModel_Alpha158_csi300_custom_step0_s_20260909_19,6f42c799d62142c0aab2d94aa0b563a5,0.113,,,
2458,2026-09-09,SH600050,0.0017760270728628617,EXP_LGBModel_Alpha158_csi300_custom_step0_s_20260909_19,6f42c799d62142c0aab2d94aa0b563a5,0.113,,,
2459,2026-09-09,SH601456,0.003144355779797505,EXP_LGBModel_Alpha158_csi300_custom_step0_s_20260909_19,6f42c799d62142c0aab2d94aa0b563a5,0.113,,,
2460,2026-09-09,SH601390,-1.6153839834396572e-10,EXP_LGBModel_Alpha158_csi300_custom_step0_s_20260909_19,6f42c799d62142c0aab2d94aa0b563a5,0.113,,,
2461,2026-09-09,SH601009,0.003144355779797505,EXP_LGBModel_Alpha158_csi300_custom_step0_s_20260909_19,6f42c799d62142c0aab2d94aa0b563a5,0.113,,,
2462,2026-09-09,SH601012,-1.6153839834396572e-10,EXP_LGBModel_Alpha158_csi300_custom_step0_s_20260909_19,6f42c799d62142c0aab2d94aa0b563a5,0.113,,,
2463,2026-09-09,SH601018,0.003144355779797505,EXP_LGBModel_Alpha158_csi300_custom_step0_s_20260909_19,6f42c799d62142c0aab2d94aa0b563a5,0.113,,,
2464,2026-09-09,SH601021,-1.6153839834396572e-10,EXP_LGBModel_Alpha158_csi300_custom_step0_s_20260909_19,6f42c799d62142c0aab2d94aa0b563a5,0.113,,,
2465,2026-09-09,SH601058,-1.6153839834396572e-10,EXP_LGBModel_Alpha158_csi300_custom_step0_s_20260909_19,6f42c799d62142c0aab2d94aa0b563a5,0.113,,,
2466,2026-09-09,SH601059,-0.0021424339593450214,EXP_LGBModel_Alpha158_csi300_custom_step0_s_20260909_19,6f42c799d62142c0aab2d94aa0b563a5,0.113,,,
2467,2026-09-09,SH601066,-0.0023660200673193093,EXP_LGBModel_Alpha158_csi300_custom_step0_s_20260909_19,6f42c799d62142c0aab2d94aa0b563a5,0.113,,,
2468,2026-09-09,SH601077,0.0017760270728628617,EXP_LGBModel_Alpha158_csi300_custom_step0_s_20260909_19,6f42c799d62142c0aab2d94aa0b563a5,0.113,,,
2469,2026-09-09,SH601088,-1.6153839834396572e-10,EXP_LGBModel_Alpha158_csi300_custom_step0_s_20260909_19,6f42c799d62142c0aab2d94aa0b563a5,0.113,,,
2470,2026-09-09,SH601100,0.0017760270728628617,EXP_LGBModel_Alpha158_csi300_custom_step0_s_20260909_19,6f42c799d62142c0aab2d94aa0b563a5,0.113,,,
2471,2026-09-09,SH601111,-1.6153839834396572e-10,EXP_LGBModel_Alpha158_csi300_custom_step0_s_20260909_19,6f42c799d62142c0aab2d94aa0b563a5,0.113,,,
2472,2026-09-09,SH601117,0.0017760270728628617,EXP_LGBModel_Alpha158_csi300_custom_step0_s_20260909_19,6f42c799d62142c0aab2d94aa0b563a5,0.113,,,
2473,2026-09-09,SH601127,-1.6153839834396572e-10,EXP_LGBModel_Alpha158_csi300_custom_step0_s_20260909_19,6f42c799d62142c0aab2d94aa0b563a5,0.113,,,
2474,2026-09-09,SH601136,-1.6153839834396572e-10,EXP_LGBModel_Alpha158_csi300_custom_step0_s_20260909_19,6f42c799d62142c0aab2d94aa0b563a5,0.113,,,
2475,2026-09-09,SH601138,-0.0023660200673193093,EXP_LGBModel_Alpha158_csi300_custom_step0_s_20260909_19,6f42c799d62142c0aab2d94aa0b563a5,0.113,,,
2476,2026-09-09,SH601166,-1.6153839834396572e-10,EXP_LGBModel_Alpha158_csi300_custom_step0_s_20260909_19,6f42c799d62142c0aab2d94aa0b563a5,0.113,,,
2477,2026-09-09,SH601169,-1.6153839834396572e-10,EXP_LGBModel_Alpha158_csi300_custom_step0_s_20260909_19,6f42c799d62142c0aab2d94aa0b563a5,0.113,,,
2478,2026-09-09,SH601186,-1.6153839834396572e-10,EXP_LGBModel_Alpha158_csi300_custom_step0_s_20260909_19,6f42c799d62142c0aab2d94aa0b563a5,0.113,,,
2479,2026-09-09,SH601211,0.0017760270728628617,EXP_LGBModel_Alpha158_csi300_custom_step0_s_20260909_19,6f42c799d62142c0aab2d94aa0b563a5,0.113,,,
2480,2026-09-09,SH601225,-1.6153839834396572e-10,EXP_LGBModel_Alpha158_csi300_custom_step0_s_20260909_19,6f42c799d62142c0aab2d94aa0b563a5,0.113,,,
2481,2026-09-09,SH601229,0.0017760270728628617,EXP_LGBModel_Alpha158_csi300_custom_step0_s_20260909_19,6f42c799d62142c0aab2d94aa0b563a5,0.113,,,
2482,2026-09-09,SH601238,0.0017760270728628617,EXP_LGBModel_Alpha158_csi300_custom_step0_s_20260909_19,6f42c799d62142c0aab2d94aa0b563a5,0.113,,,
2483,2026-09-09,SH601288,0.0017760270728628617,EXP_LGBModel_Alpha158_csi300_custom_step0_s_20260909_19,6f42c799d62142c0aab2d94aa0b563a5,0.113,,,
2484,2026-09-09,SH601318,0.0004707106607777061,EXP_LGBModel_Alpha158_csi300_custom_step0_s_20260909_19,6f42c799d62142c0aab2d94aa0b563a5,0.113,,,
2485,2026-09-09,SH601319,-0.00030436299078269365,EXP_LGBModel_Alpha158_csi300_custom_step0_s_20260909_19,6f42c799d62142c0aab2d94aa0b563a5,0.113,,,
2486,2026-09-09,SH601328,0.003144355779797505,EXP_LGBModel_Alpha158_csi300_custom_step0_s_20260909_19,6f42c799d62142c0aab2d94aa0b563a5,0.113,,,
2487,2026-09-09,SH601336,-1.6153839834396572e-10,EXP_LGBModel_Alpha158_csi300_custom_step0_s_20260909_19,6f42c799d62142c0aab2d94aa0b563a5,0.113,,,
2488,2026-09-09,SH601360,-0.0023660200673193093,EXP_LGBModel_Alpha158_csi300_custom_step0_s_20260909_19,6f42c799d62142c0aab2d94aa0b563a5,0.113,,,
2489,2026-09-09,SH601377,0.003144355779797505,EXP_LGBModel_Alpha158_csi300_custom_step0_s_20260909_19,6f42c799d62142c0aab2d94aa0b563a5,0.113,,,
2490,2026-09-09,SH601398,0.003144355779797505,EXP_LGBModel_Alpha158_csi300_custom_step0_s_20260909_19,6f42c799d62142c0aab2d94aa0b563a5,0.113,,,
2491,2026-09-09,SH600048,-1.6153839834396572e-10,EXP_LGBModel_Alpha158_csi300_custom_step0_s_20260909_19,6f42c799d62142c0aab2d94aa0b563a5,0.113,,,
2492,2026-09-09,SH600039,-0.0031688240626790236,EXP_LGBModel_Alpha158_csi300_custom_step0_s_20260909_19,6f42c799d62142c0aab2d94aa0b563a5,0.113,,,
2493,2026-09-09,SH600036,-0.00030436299078269365,EXP_LGBModel_Alpha158_csi300_custom_step0_s_20260909_19,6f42c799d62142c0aab2d94aa0b563a5,0.113,,,
2494,2026-09-09,SZ000999,-9.219001175672754e-11,EXP_LGBModel_Alpha158_csi300_custom_step0_s_20260909_19,73e27338401e4cd2997f0bdea29e865c,0.076,,,
2495,2026-09-09,SZ001280,0.001621763780230828,EXP_LGBModel_Alpha158_csi300_custom_step0_s_20260909_19,73e27338401e4cd2997f0bdea29e865c,0.076,,,
2496,2026-09-09,SZ001391,0.001524704601337579,EXP_LGBModel_Alpha158_csi300_custom_step0_s_20260909_19,73e27338401e4cd2997f0bdea29e865c,0.076,,,
2497,2026-09-09,SZ001965,-9.219001175672754e-11,EXP_LGBModel_Alpha158_csi300_custom_step0_s_20260909_19,73e27338401e4cd2997f0bdea29e865c,0.076,,,
2498,2026-09-09,SZ001979,-9.219001175672754e-11,EXP_LGBModel_Alpha158_csi300_custom_step0_s_20260909_19,73e27338401e4cd2997f0bdea29e865c,0.076,,,
2499,2026-09-09,SZ002001,-0.0016100712807997173,EXP_LGBModel_Alpha158_csi300_custom_step0_s_20260909_19,73e27338401e4cd2997f0bdea29e865c,0.076,,,
2500,2026-09-09,SZ002027,0.001524704601337579,EXP_LGBModel_Alpha158_csi300_custom_step0_s_20260909_19,73e27338401e4cd2997f0bdea29e865c,0.076,,,
2501,2026-09-09,SZ002028,0.004289958848091926,EXP_LGBModel_Alpha158_csi300_custom_step0_s_20260909_19,73e27338401e4cd2997f0bdea29e865c,0.076,,,
2502,2026-09-09,SZ002049,-9.219001175672754e-11,EXP_LGBModel_Alpha158_csi300_custom_step0_s_20260909_19,73e27338401e4cd2997f0bdea29e865c,0.076,,,
2503,2026-09-09,SZ002050,-9.219001175672754e-11,EXP_LGBModel_Alpha158_csi300_custom_step0_s_20260909_19,73e27338401e4cd2997f0bdea29e865c,0.076,,,
2504,2026-09-09,SZ002074,0.001524704601337579,EXP_LGBModel_Alpha158_csi300_custom_step0_s_20260909_19,73e27338401e4cd2997f0bdea29e865c,0.076,,,
2505,2026-09-09,SZ002142,-9.219001175672754e-11,EXP_LGBModel_Alpha158_csi300_custom_step0_s_20260909_19,73e27338401e4cd2997f0bdea29e865c,0.076,,,
2506,2026-09-09,SZ002179,-0.002375946090666767,EXP_LGBModel_Alpha158_csi300_custom_step0_s_20260909_19,73e27338401e4cd2997f0bdea29e865c,0.076,,,
2507,2026-09-09,SZ002202,-9.219001175672754e-11,EXP_LGBModel_Alpha158_csi300_custom_step0_s_20260909_19,73e27338401e4cd2997f0bdea29e865c,0.076,,,
2508,2026-09-09,SZ002230,-0.0016100712807997173,EXP_LGBModel_Alpha158_csi300_custom_step0_s_20260909_19,73e27338401e4cd2997f0bdea29e865c,0.076,,,
2509,2026-09-09,SZ002236,0.0026782813566350173,EXP_LGBModel_Alpha158_csi300_custom_step0_s_20260909_19,73e27338401e4cd2997f0bdea29e865c,0.076,,,
2510,2026-09-09,SZ002241,-9.219001175672754e-11,EXP_LGBModel_Alpha158_csi300_custom_step0_s_20260909_19,73e27338401e4cd2997f0bdea29e865c,0.076,,,
2511,2026-09-09,SZ002304,0.001524704601337579,EXP_LGBModel_Alpha158_csi300_custom_step0_s_20260909_19,73e27338401e4cd2997f0bdea29e865c,0.076,,,
2512,2026-09-09,SZ002311,-9.219001175672754e-11,EXP_LGBModel_Alpha158_csi300_custom_step0_s_20260909_19,73e27338401e4cd2997f0bdea29e865c,0.076,,,
2513,2026-09-09,SZ002352,0.001524704601337579,EXP_LGBModel_Alpha158_csi300_custom_step0_s_20260909_19,73e27338401e4cd2997f0bdea29e865c,0.076,,,
2514,2026-09-09,SZ002353,-9.219001175672754e-11,EXP_LGBModel_Alpha158_csi300_custom_step0_s_20260909_19,73e27338401e4cd2997f0bdea29e865c,0.076,,,
2515,2026-09-09,SZ002371,-9.219001175672754e-11,EXP_LGBModel_Alpha158_csi300_custom_step0_s_20260909_19,73e27338401e4cd2997f0bdea29e865c,0.076,,,
2516,2026-09-09,SZ002384,-9.219001175672754e-11,EXP_LGBModel_Alpha158_csi300_custom_step0_s_20260909_19,73e27338401e4cd2997f0bdea29e865c,0.076,,,
2517,2026-09-09,SZ002415,-9.219001175672754e-11,EXP_LGBModel_Alpha158_csi300_custom_step0_s_20260909_19,73e27338401e4cd2997f0bdea29e865c,0.076,,,
2518,2026-09-09,SZ002422,-9.219001175672754e-11,EXP_LGBModel_Alpha158_csi300_custom_step0_s_20260909_19,73e27338401e4cd2997f0bdea29e865c,0.076,,,
2519,2026-09-09,SZ002460,0.004289958848091926,EXP_LGBModel_Alpha158_csi300_custom_step0_s_20260909_19,73e27338401e4cd2997f0bdea29e865c,0.076,,,
2520,2026-09-09,SZ002463,-0.002375946090666767,EXP_LGBModel_Alpha158_csi300_custom_step0_s_20260909_19,73e27338401e4cd2997f0bdea29e865c,0.076,,,
2521,2026-09-09,SZ002466,0.004289958848091926,EXP_LGBModel_Alpha158_csi300_custom_step0_s_20260909_19,73e27338401e4cd2997f0bdea29e865c,0.076,,,
2522,2026-09-09,SZ002475,-9.219001175672754e-11,EXP_LGBModel_Alpha158_csi300_custom_step0_s_20260909_19,73e27338401e4cd2997f0bdea29e865c,0.076,,,
2523,2026-09-09,SZ000988,-9.219001175672754e-11,EXP_LGBModel_Alpha158_csi300_custom_step0_s_20260909_19,73e27338401e4cd2997f0bdea29e865c,0.076,,,
2524,2026-09-09,SZ002493,-0.002375946090666767,EXP_LGBModel_Alpha158_csi300_custom_step0_s_20260909_19,73e27338401e4cd2997f0bdea29e865c,0.076,,,
2525,2026-09-09,SZ000977,-0.002375946090666767,EXP_LGBModel_Alpha158_csi300_custom_step0_s_20260909_19,73e27338401e4cd2997f0bdea29e865c,0.076,,,
2526,2026-09-09,SZ000963,-0.0016100712807997173,EXP_LGBModel_Alpha158_csi300_custom_step0_s_20260909_19,73e27338401e4cd2997f0bdea29e865c,0.076,,,
2527,2026-09-09,SH688981,-9.219001175672754e-11,EXP_LGBModel_Alpha158_csi300_custom_step0_s_20260909_19,73e27338401e4cd2997f0bdea29e865c,0.076,,,
2528,2026-09-09,SZ000001,-9.219001175672754e-11,EXP_LGBModel_Alpha158_csi300_custom_step0_s_20260909_19,73e27338401e4cd2997f0bdea29e865c,0.076,,,
2529,2026-09-09,SZ000002,-9.219001175672754e-11,EXP_LGBModel_Alpha158_csi300_custom_step0_s_20260909_19,73e27338401e4cd2997f0bdea29e865c,0.076,,,
2530,2026-09-09,SZ000063,-0.0016100712807997173,EXP_LGBModel_Alpha158_csi300_custom_step0_s_20260909_19,73e27338401e4cd2997f0bdea29e865c,0.076,,,
2531,2026-09-09,SZ000100,-0.0004133532530335399,EXP_LGBModel_Alpha158_csi300_custom_step0_s_20260909_19,73e27338401e4cd2997f0bdea29e865c,0.076,,,
2532,2026-09-09,SZ000157,0.001524704601337579,EXP_LGBModel_Alpha158_csi300_custom_step0_s_20260909_19,73e27338401e4cd2997f0bdea29e865c,0.076,,,
2533,2026-09-09,SZ000166,0.0026782813566350173,EXP_LGBModel_Alpha158_csi300_custom_step0_s_20260909_19,73e27338401e4cd2997f0bdea29e865c,0.076,,,
2534,2026-09-09,SZ000301,-0.002375946090666767,EXP_LGBModel_Alpha158_csi300_custom_step0_s_20260909_19,73e27338401e4cd2997f0bdea29e865c,0.076,,,
2535,2026-09-09,SZ000333,0.0026782813566350173,EXP_LGBModel_Alpha158_csi300_custom_step0_s_20260909_19,73e27338401e4cd2997f0bdea29e865c,0.076,,,
2536,2026-09-09,SZ000338,-0.002375946090666767,EXP_LGBModel_Alpha158_csi300_custom_step0_s_20260909_19,73e27338401e4cd2997f0bdea29e865c,0.076,,,
2537,2026-09-09,SZ000408,-0.002375946090666767,EXP_LGBModel_Alpha158_csi300_custom_step0_s_20260909_19,73e27338401e4cd2997f0bdea29e865c,0.076,,,
2538,2026-09-09,SZ000425,0.001524704601337579,EXP_LGBModel_Alpha158_csi300_custom_step0_s_20260909_19,73e27338401e4cd2997f0bdea29e865c,0.076,,,
2539,2026-09-09,SZ000538,0.0026782813566350173,EXP_LGBModel_Alpha158_csi300_custom_step0_s_20260909_19,73e27338401e4cd2997f0bdea29e865c,0.076,,,
2540,2026-09-09,SZ000568,0.001524704601337579,EXP_LGBModel_Alpha158_csi300_custom_step0_s_20260909_19,73e27338401e4cd2997f0bdea29e865c,0.076,,,
2541,2026-09-09,SZ000596,-0.0016778937143750307,EXP_LGBModel_Alpha158_csi300_custom_step0_s_20260909_19,73e27338401e4cd2997f0bdea29e865c,0.076,,,
2542,2026-09-09,SZ000617,-9.219001175672754e-11,EXP_LGBModel_Alpha158_csi300_custom_step0_s_20260909_19,73e27338401e4cd2997f0bdea29e865c,0.076,,,
2543,2026-09-09,SZ000625,-0.0016100712807997173,EXP_LGBModel_Alpha158_csi300_custom_step0_s_20260909_19,73e27338401e4cd2997f0bdea29e865c,0.076,,,
2544,2026-09-09,SZ000630,-0.002375946090666767,EXP_LGBModel_Alpha158_csi300_custom_step0_s_20260909_19,73e27338401e4cd2997f0bdea29e865c,0.076,,,
2545,2026-09-09,SZ000651,0.0026782813566350173,EXP_LGBModel_Alpha158_csi300_custom_step0_s_20260909_19,73e27338401e4cd2997f0bdea29e865c,0.076,,,
2546,2026-09-09,SZ000657,0.004289958848091926,EXP_LGBModel_Alpha158_csi300_custom_step0_s_20260909_19,73e27338401e4cd2997f0bdea29e865c,0.076,,,
2547,2026-09-09,SZ000708,0.001524704601337579,EXP_LGBModel_Alpha158_csi300_custom_step0_s_20260909_19,73e27338401e4cd2997f0bdea29e865c,0.076,,,
2548,2026-09-09,SZ000725,-9.219001175672754e-11,EXP_LGBModel_Alpha158_csi300_custom_step0_s_20260909_19,73e27338401e4cd2997f0bdea29e865c,0.076,,,
2549,2026-09-09,SZ000768,-0.0016778937143750307,EXP_LGBModel_Alpha158_csi300_custom_step0_s_20260909_19,73e27338401e4cd2997f0bdea29e865c,0.076,,,
2550,2026-09-09,SZ000776,0.001524704601337579,EXP_LGBModel_Alpha158_csi300_custom_step0_s_20260909_19,73e27338401e4cd2997f0bdea29e865c,0.076,,,
2551,2026-09-09,SZ000792,-0.0004133532530335399,EXP_LGBModel_Alpha158_csi300_custom_step0_s_20260909_19,73e27338401e4cd2997f0bdea29e865c,0.076,,,
2552,2026-09-09,SZ000807,0.001621763780230828,EXP_LGBModel_Alpha158_csi300_custom_step0_s_20260909_19,73e27338401e4cd2997f0bdea29e865c,0.076,,,
2553,2026-09-09,SZ000858,0.001524704601337579,EXP_LGBModel_Alpha158_csi300_custom_step0_s_20260909_19,73e27338401e4cd2997f0bdea29e865c,0.076,,,
2554,2026-09-09,SZ000895,0.001524704601337579,EXP_LGBModel_Alpha158_csi300_custom_step0_s_20260909_19,73e27338401e4cd2997f0bdea29e865c,0.076,,,
2555,2026-09-09,SZ000938,-0.002375946090666767,EXP_LGBModel_Alpha158_csi300_custom_step0_s_20260909_19,73e27338401e4cd2997f0bdea29e865c,0.076,,,
2556,2026-09-09,SZ000975,-0.0016778937143750307,EXP_LGBModel_Alpha158_csi300_custom_step0_s_20260909_19,73e27338401e4cd2997f0bdea29e865c,0.076,,,
2557,2026-09-09,SZ001979,-0.009973936970493534,EXP_CatBoostModel_Alpha158_csi300_custom_step0_s_20260909_19,88bbaf3ab76349b8af4781a634f8b011,0.035,,,
2558,2026-09-09,SZ002532,-0.002375946090666767,EXP_LGBModel_Alpha158_csi300_custom_step0_s_20260909_19,73e27338401e4cd2997f0bdea29e865c,0.076,,,
2559,2026-09-09,SZ002594,-9.219001175672754e-11,EXP_LGBModel_Alpha158_csi300_custom_step0_s_20260909_19,73e27338401e4cd2997f0bdea29e865c,0.076,,,
2560,2026-09-09,SZ300661,-0.002375946090666767,EXP_LGBModel_Alpha158_csi300_custom_step0_s_20260909_19,73e27338401e4cd2997f0bdea29e865c,0.076,,,
2561,2026-09-09,SZ300750,-0.00019066031066359185,EXP_LGBModel_Alpha158_csi300_custom_step0_s_20260909_19,73e27338401e4cd2997f0bdea29e865c,0.076,,,
2562,2026-09-09,SZ300760,-0.002375946090666767,EXP_LGBModel_Alpha158_csi300_custom_step0_s_20260909_19,73e27338401e4cd2997f0bdea29e865c,0.076,,,
2563,2026-09-09,SZ300803,-9.219001175672754e-11,EXP_LGBModel_Alpha158_csi300_custom_step0_s_20260909_19,73e27338401e4cd2997f0bdea29e865c,0.076,,,
2564,2026-09-09,SZ300832,-0.0016100712807997173,EXP_LGBModel_Alpha158_csi300_custom_step0_s_20260909_19,73e27338401e4cd2997f0bdea29e865c,0.076,,,
2565,2026-09-09,SZ300866,-9.219001175672754e-11,EXP_LGBModel_Alpha158_csi300_custom_step0_s_20260909_19,73e27338401e4cd2997f0bdea29e865c,0.076,,,
2566,2026-09-09,SZ300896,-9.219001175672754e-11,EXP_LGBModel_Alpha158_csi300_custom_step0_s_20260909_19,73e27338401e4cd2997f0bdea29e865c,0.076,,,
2567,2026-09-09,SZ300999,-9.219001175672754e-11,EXP_LGBModel_Alpha158_csi300_custom_step0_s_20260909_19,73e27338401e4cd2997f0bdea29e865c,0.076,,,
2568,2026-09-09,SZ301165,-9.219001175672754e-11,EXP_LGBModel_Alpha158_csi300_custom_step0_s_20260909_19,73e27338401e4cd2997f0bdea29e865c,0.076,,,
2569,2026-09-09,SZ301236,-0.002375946090666767,EXP_LGBModel_Alpha158_csi300_custom_step0_s_20260909_19,73e27338401e4cd2997f0bdea29e865c,0.076,,,
2570,2026-09-09,SZ301269,-0.0004133532530335399,EXP_LGBModel_Alpha158_csi300_custom_step0_s_20260909_19,73e27338401e4cd2997f0bdea29e865c,0.076,,,
2571,2026-09-09,SZ301308,-9.219001175672754e-11,EXP_LGBModel_Alpha158_csi300_custom_step0_s_20260909_19,73e27338401e4cd2997f0bdea29e865c,0.076,,,
2572,2026-09-09,SZ302132,0.001621763780230828,EXP_LGBModel_Alpha158_csi300_custom_step0_s_20260909_19,73e27338401e4cd2997f0bdea29e865c,0.076,,,
2573,2026-09-09,SH600000,0.0017760270728628617,EXP_LGBModel_Alpha158_csi300_custom_step0_s_20260909_19,6f42c799d62142c0aab2d94aa0b563a5,0.113,,,
2574,2026-09-09,SH600009,0.0017760270728628617,EXP_LGBModel_Alpha158_csi300_custom_step0_s_20260909_19,6f42c799d62142c0aab2d94aa0b563a5,0.113,,,
2575,2026-09-09,SH600010,0.0017760270728628617,EXP_LGBModel_Alpha158_csi300_custom_step0_s_20260909_19,6f42c799d62142c0aab2d94aa0b563a5,0.113,,,
2576,2026-09-09,SH600011,-0.002474039480098714,EXP_LGBModel_Alpha158_csi300_custom_step0_s_20260909_19,6f42c799d62142c0aab2d94aa0b563a5,0.113,,,
2577,2026-09-09,SH600015,-1.6153839834396572e-10,EXP_LGBModel_Alpha158_csi300_custom_step0_s_20260909_19,6f42c799d62142c0aab2d94aa0b563a5,0.113,,,
2578,2026-09-09,SH600016,-0.00030436299078269365,EXP_LGBModel_Alpha158_csi300_custom_step0_s_20260909_19,6f42c799d62142c0aab2d94aa0b563a5,0.113,,,
2579,2026-09-09,SH600018,-0.00030436299078269365,EXP_LGBModel_Alpha158_csi300_custom_step0_s_20260909_19,6f42c799d62142c0aab2d94aa0b563a5,0.113,,,
2580,2026-09-09,SH600019,-1.6153839834396572e-10,EXP_LGBModel_Alpha158_csi300_custom_step0_s_20260909_19,6f42c799d62142c0aab2d94aa0b563a5,0.113,,,
2581,2026-09-09,SH600023,-1.6153839834396572e-10,EXP_LGBModel_Alpha158_csi300_custom_step0_s_20260909_19,6f42c799d62142c0aab2d94aa0b563a5,0.113,,,
2582,2026-09-09,SH600025,-1.6153839834396572e-10,EXP_LGBModel_Alpha158_csi300_custom_step0_s_20260909_19,6f42c799d62142c0aab2d94aa0b563a5,0.113,,,
2583,2026-09-09,SH600026,-0.0031688240626790236,EXP_LGBModel_Alpha158_csi300_custom_step0_s_20260909_19,6f42c799d62142c0aab2d94aa0b563a5,0.113,,,
2584,2026-09-09,SH600027,-1.6153839834396572e-10,EXP_LGBModel_Alpha158_csi300_custom_step0_s_20260909_19,6f42c799d62142c0aab2d94aa0b563a5,0.113,,,
2585,2026-09-09,SH600028,-0.00030436299078269365,EXP_LGBModel_Alpha158_csi300_custom_step0_s_20260909_19,6f42c799d62142c0aab2d94aa0b563a5,0.113,,,
2586,2026-09-09,SH600029,-1.6153839834396572e-10,EXP_LGBModel_Alpha158_csi300_custom_step0_s_20260909_19,6f42c799d62142c0aab2d94aa0b563a5,0.113,,,
2587,2026-09-09,SH600030,0.0017760270728628617,EXP_LGBModel_Alpha158_csi300_custom_step0_s_20260909_19,6f42c799d62142c0aab2d94aa0b563a5,0.113,,,
2588,2026-09-09,SH600031,-0.00030436299078269365,EXP_LGBModel_Alpha158_csi300_custom_step0_s_20260909_19,6f42c799d62142c0aab2d94aa0b563a5,0.113,,,
2589,2026-09-09,SZ300628,-9.219001175672754e-11,EXP_LGBModel_Alpha158_csi300_custom_step0_s_20260909_19,73e27338401e4cd2997f0bdea29e865c,0.076,,,
2590,2026-09-09,SZ002558,-0.002375946090666767,EXP_LGBModel_Alpha158_csi300_custom_step0_s_20260909_19,73e27338401e4cd2997f0bdea29e865c,0.076,,,
2591,2026-09-09,SZ300502,-9.219001175672754e-11,EXP_LGBModel_Alpha158_csi300_custom_step0_s_20260909_19,73e27338401e4cd2997f0bdea29e865c,0.076,,,
2592,2026-09-09,SZ300476,-9.219001175672754e-11,EXP_LGBModel_Alpha158_csi300_custom_step0_s_20260909_19,73e27338401e4cd2997f0bdea29e865c,0.076,,,
2593,2026-09-09,SZ002600,-9.219001175672754e-11,EXP_LGBModel_Alpha158_csi300_custom_step0_s_20260909_19,73e27338401e4cd2997f0bdea29e865c,0.076,,,
2594,2026-09-09,SZ002602,-0.0016778937143750307,EXP_LGBModel_Alpha158_csi300_custom_step0_s_20260909_19,73e27338401e4cd2997f0bdea29e865c,0.076,,,
2595,2026-09-09,SZ002625,-9.219001175672754e-11,EXP_LGBModel_Alpha158_csi300_custom_step0_s_20260909_19,73e27338401e4cd2997f0bdea29e865c,0.076,,,
2596,2026-09-09,SZ002648,-0.0016778937143750307,EXP_LGBModel_Alpha158_csi300_custom_step0_s_20260909_19,73e27338401e4cd2997f0bdea29e865c,0.076,,,
2597,2026-09-09,SZ002709,0.004289958848091926,EXP_LGBModel_Alpha158_csi300_custom_step0_s_20260909_19,73e27338401e4cd2997f0bdea29e865c,0.076,,,
2598,2026-09-09,SZ002714,-9.219001175672754e-11,EXP_LGBModel_Alpha158_csi300_custom_step0_s_20260909_19,73e27338401e4cd2997f0bdea29e865c,0.076,,,
2599,2026-09-09,SZ002736,0.0026782813566350173,EXP_LGBModel_Alpha158_csi300_custom_step0_s_20260909_19,73e27338401e4cd2997f0bdea29e865c,0.076,,,
2600,2026-09-09,SZ002837,-9.219001175672754e-11,EXP_LGBModel_Alpha158_csi300_custom_step0_s_20260909_19,73e27338401e4cd2997f0bdea29e865c,0.076,,,
2601,2026-09-09,SZ002916,-0.002375946090666767,EXP_LGBModel_Alpha158_csi300_custom_step0_s_20260909_19,73e27338401e4cd2997f0bdea29e865c,0.076,,,
2602,2026-09-09,SZ002920,-0.0016100712807997173,EXP_LGBModel_Alpha158_csi300_custom_step0_s_20260909_19,73e27338401e4cd2997f0bdea29e865c,0.076,,,
2603,2026-09-09,SZ002938,-0.002375946090666767,EXP_LGBModel_Alpha158_csi300_custom_step0_s_20260909_19,73e27338401e4cd2997f0bdea29e865c,0.076,,,
2604,2026-09-09,SZ003816,0.001524704601337579,EXP_LGBModel_Alpha158_csi300_custom_step0_s_20260909_19,73e27338401e4cd2997f0bdea29e865c,0.076,,,
2605,2026-09-09,SZ300014,-9.219001175672754e-11,EXP_LGBModel_Alpha158_csi300_custom_step0_s_20260909_19,73e27338401e4cd2997f0bdea29e865c,0.076,,,
2606,2026-09-09,SZ300015,-9.219001175672754e-11,EXP_LGBModel_Alpha158_csi300_custom_step0_s_20260909_19,73e27338401e4cd2997f0bdea29e865c,0.076,,,
2607,2026-09-09,SZ300033,-0.0004133532530335399,EXP_LGBModel_Alpha158_csi300_custom_step0_s_20260909_19,73e27338401e4cd2997f0bdea29e865c,0.076,,,
2608,2026-09-09,SZ300059,0.001524704601337579,EXP_LGBModel_Alpha158_csi300_custom_step0_s_20260909_19,73e27338401e4cd2997f0bdea29e865c,0.076,,,
2609,2026-09-09,SZ300122,-9.219001175672754e-11,EXP_LGBModel_Alpha158_csi300_custom_step0_s_20260909_19,73e27338401e4cd2997f0bdea29e865c,0.076,,,
2610,2026-09-09,SZ300124,-0.002375946090666767,EXP_LGBModel_Alpha158_csi300_custom_step0_s_20260909_19,73e27338401e4cd2997f0bdea29e865c,0.076,,,
2611,2026-09-09,SZ300251,-0.002375946090666767,EXP_LGBModel_Alpha158_csi300_custom_step0_s_20260909_19,73e27338401e4cd2997f0bdea29e865c,0.076,,,
2612,2026-09-09,SZ300274,-9.219001175672754e-11,EXP_LGBModel_Alpha158_csi300_custom_step0_s_20260909_19,73e27338401e4cd2997f0bdea29e865c,0.076,,,
2613,2026-09-09,SZ300308,-9.219001175672754e-11,EXP_LGBModel_Alpha158_csi300_custom_step0_s_20260909_19,73e27338401e4cd2997f0bdea29e865c,0.076,,,
2614,2026-09-09,SZ300316,-9.219001175672754e-11,EXP_LGBModel_Alpha158_csi300_custom_step0_s_20260909_19,73e27338401e4cd2997f0bdea29e865c,0.076,,,
2615,2026-09-09,SZ300394,-0.0016778937143750307,EXP_LGBModel_Alpha158_csi300_custom_step0_s_20260909_19,73e27338401e4cd2997f0bdea29e865c,0.076,,,
2616,2026-09-09,SZ300408,-0.002375946090666767,EXP_LGBModel_Alpha158_csi300_custom_step0_s_20260909_19,73e27338401e4cd2997f0bdea29e865c,0.076,,,
2617,2026-09-09,SZ300413,0.001621763780230828,EXP_LGBModel_Alpha158_csi300_custom_step0_s_20260909_19,73e27338401e4cd2997f0bdea29e865c,0.076,,,
2618,2026-09-09,SZ300418,-0.0016778937143750307,EXP_LGBModel_Alpha158_csi300_custom_step0_s_20260909_19,73e27338401e4cd2997f0bdea29e865c,0.076,,,
2619,2026-09-09,SZ300433,0.004289958848091926,EXP_LGBModel_Alpha158_csi300_custom_step0_s_20260909_19,73e27338401e4cd2997f0bdea29e865c,0.076,,,
2620,2026-09-09,SZ300442,-9.219001175672754e-11,EXP_LGBModel_Alpha158_csi300_custom_step0_s_20260909_19,73e27338401e4cd2997f0bdea29e865c,0.076,,,
2621,2026-09-09,SZ300450,-0.0004133532530335399,EXP_LGBModel_Alpha158_csi300_custom_step0_s_20260909_19,73e27338401e4cd2997f0bdea29e865c,0.076,,,
2622,2026-09-09,SZ300498,-9.219001175672754e-11,EXP_LGBModel_Alpha158_csi300_custom_step0_s_20260909_19,73e27338401e4cd2997f0bdea29e865c,0.076,,,
2623,2026-09-09,SH601901,0.003144355779797505,EXP_LGBModel_Alpha158_csi300_custom_step0_s_20260909_19,6f42c799d62142c0aab2d94aa0b563a5,0.113,,,
2624,2026-09-09,SZ001965,0.006790973489979592,EXP_CatBoostModel_Alpha158_csi300_custom_step0_s_20260909_19,88bbaf3ab76349b8af4781a634f8b011,0.035,,,
2625,2026-09-09,SZ001280,-0.0008820217442400879,EXP_CatBoostModel_Alpha158_csi300_custom_step0_s_20260909_19,88bbaf3ab76349b8af4781a634f8b011,0.035,,,
2626,2026-09-09,SH603986,-0.007302719626053018,EXP_CatBoostModel_Alpha158_csi300_custom_step0_s_20260909_19,2be6e40739b444d2b2670912562f99e8,0.104,,,
2627,2026-09-09,SH603993,-0.006475445642282954,EXP_CatBoostModel_Alpha158_csi300_custom_step0_s_20260909_19,2be6e40739b444d2b2670912562f99e8,0.104,,,
2628,2026-09-09,SH605117,-0.009430156665233943,EXP_CatBoostModel_Alpha158_csi300_custom_step0_s_20260909_19,2be6e40739b444d2b2670912562f99e8,0.104,,,
2629,2026-09-09,SH605499,-0.0006959688793139883,EXP_CatBoostModel_Alpha158_csi300_custom_step0_s_20260909_19,2be6e40739b444d2b2670912562f99e8,0.104,,,
2630,2026-09-09,SH688008,-0.007302719626053018,EXP_CatBoostModel_Alpha158_csi300_custom_step0_s_20260909_19,2be6e40739b444d2b2670912562f99e8,0.104,,,
2631,2026-09-09,SH688009,0.009930759064837182,EXP_CatBoostModel_Alpha158_csi300_custom_step0_s_20260909_19,2be6e40739b444d2b2670912562f99e8,0.104,,,
2632,2026-09-09,SH688012,-0.005735721018294304,EXP_CatBoostModel_Alpha158_csi300_custom_step0_s_20260909_19,2be6e40739b444d2b2670912562f99e8,0.104,,,
2633,2026-09-09,SH688036,-0.014217620581466939,EXP_CatBoostModel_Alpha158_csi300_custom_step0_s_20260909_19,2be6e40739b444d2b2670912562f99e8,0.104,,,
2634,2026-09-09,SH688041,0.0035689339025592607,EXP_CatBoostModel_Alpha158_csi300_custom_step0_s_20260909_19,2be6e40739b444d2b2670912562f99e8,0.104,,,
2635,2026-09-09,SH688047,-0.007503784702981483,EXP_CatBoostModel_Alpha158_csi300_custom_step0_s_20260909_19,2be6e40739b444d2b2670912562f99e8,0.104,,,
2636,2026-09-09,SH688072,-0.008162227786178984,EXP_CatBoostModel_Alpha158_csi300_custom_step0_s_20260909_19,2be6e40739b444d2b2670912562f99e8,0.104,,,
2637,2026-09-09,SH688082,-0.008162227786178984,EXP_CatBoostModel_Alpha158_csi300_custom_step0_s_20260909_19,2be6e40739b444d2b2670912562f99e8,0.104,,,
2638,2026-09-09,SH688111,-0.0049128275989352285,EXP_CatBoostModel_Alpha158_csi300_custom_step0_s_20260909_19,2be6e40739b444d2b2670912562f99e8,0.104,,,
2639,2026-09-09,SH603893,-0.008652045986405012,EXP_CatBoostModel_Alpha158_csi300_custom_step0_s_20260909_19,2be6e40739b444d2b2670912562f99e8,0.104,,,
2640,2026-09-09,SH688126,-0.007329513141508536,EXP_CatBoostModel_Alpha158_csi300_custom_step0_s_20260909_19,2be6e40739b444d2b2670912562f99e8,0.104,,,
2641,2026-09-09,SH688223,0.00011665988813522408,EXP_CatBoostModel_Alpha158_csi300_custom_step0_s_20260909_19,2be6e40739b444d2b2670912562f99e8,0.104,,,
2642,2026-09-09,SH688256,-0.005938506574936997,EXP_CatBoostModel_Alpha158_csi300_custom_step0_s_20260909_19,2be6e40739b444d2b2670912562f99e8,0.104,,,
2643,2026-09-09,SH688271,0.002473552135548545,EXP_CatBoostModel_Alpha158_csi300_custom_step0_s_20260909_19,2be6e40739b444d2b2670912562f99e8,0.104,,,
2644,2026-09-09,SH688303,-0.00452747855497504,EXP_CatBoostModel_Alpha158_csi300_custom_step0_s_20260909_19,2be6e40739b444d2b2670912562f99e8,0.104,,,
2645,2026-09-09,SH688396,-0.007302719626053018,EXP_CatBoostModel_Alpha158_csi300_custom_step0_s_20260909_19,2be6e40739b444d2b2670912562f99e8,0.104,,,
2646,2026-09-09,SH688472,-0.007082605991216758,EXP_CatBoostModel_Alpha158_csi300_custom_step0_s_20260909_19,2be6e40739b444d2b2670912562f99e8,0.104,,,
2647,2026-09-09,SH688506,0.002584755719934891,EXP_CatBoostModel_Alpha158_csi300_custom_step0_s_20260909_19,2be6e40739b444d2b2670912562f99e8,0.104,,,
2648,2026-09-09,SH688521,-0.0010874383910160607,EXP_CatBoostModel_Alpha158_csi300_custom_step0_s_20260909_19,2be6e40739b444d2b2670912562f99e8,0.104,,,
2649,2026-09-09,SH688981,-0.009613724170892254,EXP_CatBoostModel_Alpha158_csi300_custom_step0_s_20260909_19,2be6e40739b444d2b2670912562f99e8,0.104,,,
2650,2026-09-09,SZ000001,0.004883594907342236,EXP_CatBoostModel_Alpha158_csi300_custom_step0_s_20260909_19,2be6e40739b444d2b2670912562f99e8,0.104,,,
2651,2026-09-09,SZ000002,0.0005262762883747245,EXP_CatBoostModel_Alpha158_csi300_custom_step0_s_20260909_19,2be6e40739b444d2b2670912562f99e8,0.104,,,
2652,2026-09-09,SZ000063,-0.003415233211490669,EXP_CatBoostModel_Alpha158_csi300_custom_step0_s_20260909_19,2be6e40739b444d2b2670912562f99e8,0.104,,,
2653,2026-09-09,SZ000100,-0.004542885646508109,EXP_CatBoostModel_Alpha158_csi300_custom_step0_s_20260909_19,2be6e40739b444d2b2670912562f99e8,0.104,,,
2654,2026-09-09,SH688183,-0.0014747124498874775,EXP_CatBoostModel_Alpha158_csi300_custom_step0_s_20260909_19,2be6e40739b444d2b2670912562f99e8,0.104,,,
2655,2026-09-09,SH603799,-0.005921755235903175,EXP_CatBoostModel_Alpha158_csi300_custom_step0_s_20260909_19,2be6e40739b444d2b2670912562f99e8,0.104,,,
2656,2026-09-09,SH603501,-0.003407873877023961,EXP_CatBoostModel_Alpha158_csi300_custom_step0_s_20260909_19,2be6e40739b444d2b2670912562f99e8,0.104,,,
2657,2026-09-09,SH603392,-0.007164871781364141,EXP_CatBoostModel_Alpha158_csi300_custom_step0_s_20260909_19,2be6e40739b444d2b2670912562f99e8,0.104,,,
2658,2026-09-09,SH601788,0.01085193844350105,EXP_CatBoostModel_Alpha158_csi300_custom_step0_s_20260909_19,2be6e40739b444d2b2670912562f99e8,0.104,,,
2659,2026-09-09,SH601800,0.0073528296622108425,EXP_CatBoostModel_Alpha158_csi300_custom_step0_s_20260909_19,2be6e40739b444d2b2670912562f99e8,0.104,,,
2660,2026-09-09,SH601816,0.009564686435909983,EXP_CatBoostModel_Alpha158_csi300_custom_step0_s_20260909_19,2be6e40739b444d2b2670912562f99e8,0.104,,,
2661,2026-09-09,SH601818,0.011653690887174821,EXP_CatBoostModel_Alpha158_csi300_custom_step0_s_20260909_19,2be6e40739b444d2b2670912562f99e8,0.104,,,
2662,2026-09-09,SH601825,0.01567382165519135,EXP_CatBoostModel_Alpha158_csi300_custom_step0_s_20260909_19,2be6e40739b444d2b2670912562f99e8,0.104,,,
2663,2026-09-09,SH601838,0.0006819678626967994,EXP_CatBoostModel_Alpha158_csi300_custom_step0_s_20260909_19,2be6e40739b444d2b2670912562f99e8,0.104,,,
2664,2026-09-09,SH601857,0.0038386740923396718,EXP_CatBoostModel_Alpha158_csi300_custom_step0_s_20260909_19,2be6e40739b444d2b2670912562f99e8,0.104,,,
2665,2026-09-09,SH601868,0.009792764619456867,EXP_CatBoostModel_Alpha158_csi300_custom_step0_s_20260909_19,2be6e40739b444d2b2670912562f99e8,0.104,,,
2666,2026-09-09,SH601872,0.008454894769190879,EXP_CatBoostModel_Alpha158_csi300_custom_step0_s_20260909_19,2be6e40739b444d2b2670912562f99e8,0.104,,,
2667,2026-09-09,SH601877,-0.0015298923971215168,EXP_CatBoostModel_Alpha158_csi300_custom_step0_s_20260909_19,2be6e40739b444d2b2670912562f99e8,0.104,,,
2668,2026-09-09,SH601878,0.011676176910957481,EXP_CatBoostModel_Alpha158_csi300_custom_step0_s_20260909_19,2be6e40739b444d2b2670912562f99e8,0.104,,,
2669,2026-09-09,SH601881,0.011155989982914082,EXP_CatBoostModel_Alpha158_csi300_custom_step0_s_20260909_19,2be6e40739b444d2b2670912562f99e8,0.104,,,
2670,2026-09-09,SH601888,-0.0004979416626707027,EXP_CatBoostModel_Alpha158_csi300_custom_step0_s_20260909_19,2be6e40739b444d2b2670912562f99e8,0.104,,,
2671,2026-09-09,SH601898,-0.005034106233322977,EXP_CatBoostModel_Alpha158_csi300_custom_step0_s_20260909_19,2be6e40739b444d2b2670912562f99e8,0.104,,,
2672,2026-09-09,SH601899,-0.007971617179782235,EXP_CatBoostModel_Alpha158_csi300_custom_step0_s_20260909_19,2be6e40739b444d2b2670912562f99e8,0.104,,,
2673,2026-09-09,SH601901,0.014596792775623861,EXP_CatBoostModel_Alpha158_csi300_custom_step0_s_20260909_19,2be6e40739b444d2b2670912562f99e8,0.104,,,
2674,2026-09-09,SH601916,0.014313795194726694,EXP_CatBoostModel_Alpha158_csi300_custom_step0_s_20260909_19,2be6e40739b444d2b2670912562f99e8,0.104,,,
2675,2026-09-09,SH601919,-0.008228044033228273,EXP_CatBoostModel_Alpha158_csi300_custom_step0_s_20260909_19,2be6e40739b444d2b2670912562f99e8,0.104,,,
2676,2026-09-09,SH601939,-0.0056932564207659644,EXP_CatBoostModel_Alpha158_csi300_custom_step0_s_20260909_19,2be6e40739b444d2b2670912562f99e8,0.104,,,
2677,2026-09-09,SH601985,0.014596792775623861,EXP_CatBoostModel_Alpha158_csi300_custom_step0_s_20260909_19,2be6e40739b444d2b2670912562f99e8,0.104,,,
2678,2026-09-09,SH601988,-0.0025667774537884588,EXP_CatBoostModel_Alpha158_csi300_custom_step0_s_20260909_19,2be6e40739b444d2b2670912562f99e8,0.104,,,
2679,2026-09-09,SH601995,-0.011662905999130193,EXP_CatBoostModel_Alpha158_csi300_custom_step0_s_20260909_19,2be6e40739b444d2b2670912562f99e8,0.104,,,
2680,2026-09-09,SH601998,0.005664145389857721,EXP_CatBoostModel_Alpha158_csi300_custom_step0_s_20260909_19,2be6e40739b444d2b2670912562f99e8,0.104,,,
2681,2026-09-09,SH603019,-0.009242689478058681,EXP_CatBoostModel_Alpha158_csi300_custom_step0_s_20260909_19,2be6e40739b444d2b2670912562f99e8,0.104,,,
2682,2026-09-09,SH603259,0.003483160620294629,EXP_CatBoostModel_Alpha158_csi300_custom_step0_s_20260909_19,2be6e40739b444d2b2670912562f99e8,0.104,,,
2683,2026-09-09,SH603260,-0.0076966347151902394,EXP_CatBoostModel_Alpha158_csi300_custom_step0_s_20260909_19,2be6e40739b444d2b2670912562f99e8,0.104,,,
2684,2026-09-09,SH603288,0.004002281924643072,EXP_CatBoostModel_Alpha158_csi300_custom_step0_s_20260909_19,2be6e40739b444d2b2670912562f99e8,0.104,,,
2685,2026-09-09,SH603296,-0.0059374431065500975,EXP_CatBoostModel_Alpha158_csi300_custom_step0_s_20260909_19,2be6e40739b444d2b2670912562f99e8,0.104,,,
2686,2026-09-09,SH603369,-0.005672906666281258,EXP_CatBoostModel_Alpha158_csi300_custom_step0_s_20260909_19,2be6e40739b444d2b2670912562f99e8,0.104,,,
2687,2026-09-09,SZ000157,-0.00479728608940867,EXP_CatBoostModel_Alpha158_csi300_custom_step0_s_20260909_19,2be6e40739b444d2b2670912562f99e8,0.104,,,
2688,2026-09-09,SZ000166,0.014667558903279311,EXP_CatBoostModel_Alpha158_csi300_custom_step0_s_20260909_19,2be6e40739b444d2b2670912562f99e8,0.104,,,
2689,2026-09-09,SZ000301,-0.0025667774537884588,EXP_CatBoostModel_Alpha158_csi300_custom_step0_s_20260909_19,2be6e40739b444d2b2670912562f99e8,0.104,,,
2690,2026-09-09,SZ000333,0.011231888229336004,EXP_CatBoostModel_Alpha158_csi300_custom_step0_s_20260909_19,2be6e40739b444d2b2670912562f99e8,0.104,,,
2691,2026-09-09,SZ002050,0.001823691870216265,EXP_CatBoostModel_Alpha158_csi300_custom_step0_s_20260909_19,2be6e40739b444d2b2670912562f99e8,0.104,,,
2692,2026-09-09,SZ002074,-0.007366466012376775,EXP_CatBoostModel_Alpha158_csi300_custom_step0_s_20260909_19,2be6e40739b444d2b2670912562f99e8,0.104,,,
2693,2026-09-09,SZ002142,0.003074340539055679,EXP_CatBoostModel_Alpha158_csi300_custom_step0_s_20260909_19,2be6e40739b444d2b2670912562f99e8,0.104,,,
2694,2026-09-09,SZ002179,0.00022759708955575123,EXP_CatBoostModel_Alpha158_csi300_custom_step0_s_20260909_19,2be6e40739b444d2b2670912562f99e8,0.104,,,
2695,2026-09-09,SZ002202,0.014702220840438218,EXP_CatBoostModel_Alpha158_csi300_custom_step0_s_20260909_19,2be6e40739b444d2b2670912562f99e8,0.104,,,
2696,2026-09-09,SZ002230,0.00219580427422189,EXP_CatBoostModel_Alpha158_csi300_custom_step0_s_20260909_19,2be6e40739b444d2b2670912562f99e8,0.104,,,
2697,2026-09-09,SZ002236,0.009527893532917121,EXP_CatBoostModel_Alpha158_csi300_custom_step0_s_20260909_19,2be6e40739b444d2b2670912562f99e8,0.104,,,
2698,2026-09-09,SZ002241,-0.003962942551153161,EXP_CatBoostModel_Alpha158_csi300_custom_step0_s_20260909_19,2be6e40739b444d2b2670912562f99e8,0.104,,,
2699,2026-09-09,SZ002304,0.0011527916974135995,EXP_CatBoostModel_Alpha158_csi300_custom_step0_s_20260909_19,2be6e40739b444d2b2670912562f99e8,0.104,,,
2700,2026-09-09,SZ002311,0.00038683871910903634,EXP_CatBoostModel_Alpha158_csi300_custom_step0_s_20260909_19,2be6e40739b444d2b2670912562f99e8,0.104,,,
2701,2026-09-09,SZ002352,0.002099376503055991,EXP_CatBoostModel_Alpha158_csi300_custom_step0_s_20260909_19,2be6e40739b444d2b2670912562f99e8,0.104,,,
2702,2026-09-09,SZ002353,-0.005786800556160752,EXP_CatBoostModel_Alpha158_csi300_custom_step0_s_20260909_19,2be6e40739b444d2b2670912562f99e8,0.104,,,
2703,2026-09-09,SZ002371,-0.007011091784336817,EXP_CatBoostModel_Alpha158_csi300_custom_step0_s_20260909_19,2be6e40739b444d2b2670912562f99e8,0.104,,,
2704,2026-09-09,SZ002384,-0.004998257717102486,EXP_CatBoostModel_Alpha158_csi300_custom_step0_s_20260909_19,2be6e40739b444d2b2670912562f99e8,0.104,,,
2705,2026-09-09,SZ002415,-0.0010280684954176583,EXP_CatBoostModel_Alpha158_csi300_custom_step0_s_20260909_19,2be6e40739b444d2b2670912562f99e8,0.104,,,
2706,2026-09-09,SZ002422,-0.0020545690715857382,EXP_CatBoostModel_Alpha158_csi300_custom_step0_s_20260909_19,2be6e40739b444d2b2670912562f99e8,0.104,,,
2707,2026-09-09,SZ002460,-0.011406771234510988,EXP_CatBoostModel_Alpha158_csi300_custom_step0_s_20260909_19,2be6e40739b444d2b2670912562f99e8,0.104,,,
2708,2026-09-09,SZ002463,-0.009000293239917155,EXP_CatBoostModel_Alpha158_csi300_custom_step0_s_20260909_19,2be6e40739b444d2b2670912562f99e8,0.104,,,
2709,2026-09-09,SZ002466,-0.011915494884524062,EXP_CatBoostModel_Alpha158_csi300_custom_step0_s_20260909_19,2be6e40739b444d2b2670912562f99e8,0.104,,,
2710,2026-09-09,SZ002475,-0.007304593256544632,EXP_CatBoostModel_Alpha158_csi300_custom_step0_s_20260909_19,2be6e40739b444d2b2670912562f99e8,0.104,,,
2711,2026-09-09,SZ002493,-0.007009468443844976,EXP_CatBoostModel_Alpha158_csi300_custom_step0_s_20260909_19,2be6e40739b444d2b2670912562f99e8,0.104,,,
2712,2026-09-09,SZ002532,-0.004777679379876939,EXP_CatBoostModel_Alpha158_csi300_custom_step0_s_20260909_19,2be6e40739b444d2b2670912562f99e8,0.104,,,
2713,2026-09-09,SZ002558,-0.006522787635636805,EXP_CatBoostModel_Alpha158_csi300_custom_step0_s_20260909_19,2be6e40739b444d2b2670912562f99e8,0.104,,,
2714,2026-09-09,SZ002594,-0.0058838294203032325,EXP_CatBoostModel_Alpha158_csi300_custom_step0_s_20260909_19,2be6e40739b444d2b2670912562f99e8,0.104,,,
2715,2026-09-09,SZ002600,0.003760955268504135,EXP_CatBoostModel_Alpha158_csi300_custom_step0_s_20260909_19,2be6e40739b444d2b2670912562f99e8,0.104,,,
2716,2026-09-09,SZ002602,-0.0023572249789875683,EXP_CatBoostModel_Alpha158_csi300_custom_step0_s_20260909_19,2be6e40739b444d2b2670912562f99e8,0.104,,,
2717,2026-09-09,SZ002625,0.0011586732964037742,EXP_CatBoostModel_Alpha158_csi300_custom_step0_s_20260909_19,2be6e40739b444d2b2670912562f99e8,0.104,,,
2718,2026-09-09,SZ002648,-0.005034106233322977,EXP_CatBoostModel_Alpha158_csi300_custom_step0_s_20260909_19,2be6e40739b444d2b2670912562f99e8,0.104,,,
2719,2026-09-09,SZ002709,-0.005597764241245799,EXP_CatBoostModel_Alpha158_csi300_custom_step0_s_20260909_19,2be6e40739b444d2b2670912562f99e8,0.104,,,
2720,2026-09-09,SZ002049,-0.00011968450245288377,EXP_CatBoostModel_Alpha158_csi300_custom_step0_s_20260909_19,2be6e40739b444d2b2670912562f99e8,0.104,,,
2721,2026-09-09,SH601766,0.014020235695894294,EXP_CatBoostModel_Alpha158_csi300_custom_step0_s_20260909_19,2be6e40739b444d2b2670912562f99e8,0.104,,,
2722,2026-09-09,SZ002028,0.03198987906158222,EXP_CatBoostModel_Alpha158_csi300_custom_step0_s_20260909_19,2be6e40739b444d2b2670912562f99e8,0.104,,,
2723,2026-09-09,SZ002001,0.0025569915041828094,EXP_CatBoostModel_Alpha158_csi300_custom_step0_s_20260909_19,2be6e40739b444d2b2670912562f99e8,0.104,,,
2724,2026-09-09,SZ000338,-0.004777679379876939,EXP_CatBoostModel_Alpha158_csi300_custom_step0_s_20260909_19,2be6e40739b444d2b2670912562f99e8,0.104,,,
2725,2026-09-09,SZ000408,0.0009658494197274622,EXP_CatBoostModel_Alpha158_csi300_custom_step0_s_20260909_19,2be6e40739b444d2b2670912562f99e8,0.104,,,
2726,2026-09-09,SZ000425,4.902570121919194e-05,EXP_CatBoostModel_Alpha158_csi300_custom_step0_s_20260909_19,2be6e40739b444d2b2670912562f99e8,0.104,,,
2727,2026-09-09,SZ000538,0.01137167913797727,EXP_CatBoostModel_Alpha158_csi300_custom_step0_s_20260909_19,2be6e40739b444d2b2670912562f99e8,0.104,,,
2728,2026-09-09,SZ000568,0.0020329313000700565,EXP_CatBoostModel_Alpha158_csi300_custom_step0_s_20260909_19,2be6e40739b444d2b2670912562f99e8,0.104,,,
2729,2026-09-09,SZ000596,-0.005672906666281258,EXP_CatBoostModel_Alpha158_csi300_custom_step0_s_20260909_19,2be6e40739b444d2b2670912562f99e8,0.104,,,
2730,2026-09-09,SZ000617,-0.001737806627861029,EXP_CatBoostModel_Alpha158_csi300_custom_step0_s_20260909_19,2be6e40739b444d2b2670912562f99e8,0.104,,,
2731,2026-09-09,SZ000625,0.004626761104176163,EXP_CatBoostModel_Alpha158_csi300_custom_step0_s_20260909_19,2be6e40739b444d2b2670912562f99e8,0.104,,,
2732,2026-09-09,SZ000630,-0.007576784412870682,EXP_CatBoostModel_Alpha158_csi300_custom_step0_s_20260909_19,2be6e40739b444d2b2670912562f99e8,0.104,,,
2733,2026-09-09,SZ000651,0.0085254642811207,EXP_CatBoostModel_Alpha158_csi300_custom_step0_s_20260909_19,2be6e40739b444d2b2670912562f99e8,0.104,,,
2734,2026-09-09,SZ000657,0.0029286220983386593,EXP_CatBoostModel_Alpha158_csi300_custom_step0_s_20260909_19,2be6e40739b444d2b2670912562f99e8,0.104,,,
2735,2026-09-09,SZ000708,0.007969883264989926,EXP_CatBoostModel_Alpha158_csi300_custom_step0_s_20260909_19,2be6e40739b444d2b2670912562f99e8,0.104,,,
2736,2026-09-09,SZ000725,-0.010852649514760258,EXP_CatBoostModel_Alpha158_csi300_custom_step0_s_20260909_19,2be6e40739b444d2b2670912562f99e8,0.104,,,
2737,2026-09-09,SZ000768,0.004113690076802477,EXP_CatBoostModel_Alpha158_csi300_custom_step0_s_20260909_19,2be6e40739b444d2b2670912562f99e8,0.104,,,
2738,2026-09-09,SZ000776,0.004647517808380903,EXP_CatBoostModel_Alpha158_csi300_custom_step0_s_20260909_19,2be6e40739b444d2b2670912562f99e8,0.104,,,
2739,2026-09-09,SZ000792,-0.007110039158930737,EXP_CatBoostModel_Alpha158_csi300_custom_step0_s_20260909_19,2be6e40739b444d2b2670912562f99e8,0.104,,,
2740,2026-09-09,SZ000807,-0.004777679379876939,EXP_CatBoostModel_Alpha158_csi300_custom_step0_s_20260909_19,2be6e40739b444d2b2670912562f99e8,0.104,,,
2741,2026-09-09,SZ000858,0.0014756128668805342,EXP_CatBoostModel_Alpha158_csi300_custom_step0_s_20260909_19,2be6e40739b444d2b2670912562f99e8,0.104,,,
2742,2026-09-09,SZ000895,-0.0037331255071016527,EXP_CatBoostModel_Alpha158_csi300_custom_step0_s_20260909_19,2be6e40739b444d2b2670912562f99e8,0.104,,,
2743,2026-09-09,SZ000938,-0.006121581963007151,EXP_CatBoostModel_Alpha158_csi300_custom_step0_s_20260909_19,2be6e40739b444d2b2670912562f99e8,0.104,,,
2744,2026-09-09,SZ000963,-0.0003606141814174222,EXP_CatBoostModel_Alpha158_csi300_custom_step0_s_20260909_19,2be6e40739b444d2b2670912562f99e8,0.104,,,
2745,2026-09-09,SZ000975,-0.008681880508476746,EXP_CatBoostModel_Alpha158_csi300_custom_step0_s_20260909_19,2be6e40739b444d2b2670912562f99e8,0.104,,,
2746,2026-09-09,SZ000977,-0.006121581963007151,EXP_CatBoostModel_Alpha158_csi300_custom_step0_s_20260909_19,2be6e40739b444d2b2670912562f99e8,0.104,,,
2747,2026-09-09,SZ000988,-0.006608217753804064,EXP_CatBoostModel_Alpha158_csi300_custom_step0_s_20260909_19,2be6e40739b444d2b2670912562f99e8,0.104,,,
2748,2026-09-09,SZ000999,0.006179918543388328,EXP_CatBoostModel_Alpha158_csi300_custom_step0_s_20260909_19,2be6e40739b444d2b2670912562f99e8,0.104,,,
2749,2026-09-09,SZ001280,-0.0032471283882856373,EXP_CatBoostModel_Alpha158_csi300_custom_step0_s_20260909_19,2be6e40739b444d2b2670912562f99e8,0.104,,,
2750,2026-09-09,SZ001391,0.008158962276358957,EXP_CatBoostModel_Alpha158_csi300_custom_step0_s_20260909_19,2be6e40739b444d2b2670912562f99e8,0.104,,,
2751,2026-09-09,SZ001965,0.0031172475178628672,EXP_CatBoostModel_Alpha158_csi300_custom_step0_s_20260909_19,2be6e40739b444d2b2670912562f99e8,0.104,,,
2752,2026-09-09,SZ001979,-0.00372921163701186,EXP_CatBoostModel_Alpha158_csi300_custom_step0_s_20260909_19,2be6e40739b444d2b2670912562f99e8,0.104,,,
2753,2026-09-09,SZ002027,0.00759902516873223,EXP_CatBoostModel_Alpha158_csi300_custom_step0_s_20260909_19,2be6e40739b444d2b2670912562f99e8,0.104,,,
2754,2026-09-09,SZ002714,-0.002586715818948875,EXP_CatBoostModel_Alpha158_csi300_custom_step0_s_20260909_19,2be6e40739b444d2b2670912562f99e8,0.104,,,
2755,2026-09-09,SH601728,0.011923356194456955,EXP_CatBoostModel_Alpha158_csi300_custom_step0_s_20260909_19,2be6e40739b444d2b2670912562f99e8,0.104,,,
2756,2026-09-09,SH601698,-0.003712116444410099,EXP_CatBoostModel_Alpha158_csi300_custom_step0_s_20260909_19,2be6e40739b444d2b2670912562f99e8,0.104,,,
2757,2026-09-09,SH600219,0.006229880461859812,EXP_CatBoostModel_Alpha158_csi300_custom_step0_s_20260909_19,2be6e40739b444d2b2670912562f99e8,0.104,,,
2758,2026-09-09,SH600221,0.0028832676488895316,EXP_CatBoostModel_Alpha158_csi300_custom_step0_s_20260909_19,2be6e40739b444d2b2670912562f99e8,0.104,,,
2759,2026-09-09,SH600233,0.005891109129139802,EXP_CatBoostModel_Alpha158_csi300_custom_step0_s_20260909_19,2be6e40739b444d2b2670912562f99e8,0.104,,,
2760,2026-09-09,SH600276,-0.0024374702751740096,EXP_CatBoostModel_Alpha158_csi300_custom_step0_s_20260909_19,2be6e40739b444d2b2670912562f99e8,0.104,,,
2761,2026-09-09,SH600309,0.00167125475062933,EXP_CatBoostModel_Alpha158_csi300_custom_step0_s_20260909_19,2be6e40739b444d2b2670912562f99e8,0.104,,,
2762,2026-09-09,SH600346,-0.005034106233322977,EXP_CatBoostModel_Alpha158_csi300_custom_step0_s_20260909_19,2be6e40739b444d2b2670912562f99e8,0.104,,,
2763,2026-09-09,SH600362,0.011905259422542214,EXP_CatBoostModel_Alpha158_csi300_custom_step0_s_20260909_19,2be6e40739b444d2b2670912562f99e8,0.104,,,
2764,2026-09-09,SH600372,0.00804591289592668,EXP_CatBoostModel_Alpha158_csi300_custom_step0_s_20260909_19,2be6e40739b444d2b2670912562f99e8,0.104,,,
2765,2026-09-09,SH600406,0.0088764053679652,EXP_CatBoostModel_Alpha158_csi300_custom_step0_s_20260909_19,2be6e40739b444d2b2670912562f99e8,0.104,,,
2766,2026-09-09,SH600415,-0.0023103506003424204,EXP_CatBoostModel_Alpha158_csi300_custom_step0_s_20260909_19,2be6e40739b444d2b2670912562f99e8,0.104,,,
2767,2026-09-09,SH600426,-0.0031742584381327203,EXP_CatBoostModel_Alpha158_csi300_custom_step0_s_20260909_19,2be6e40739b444d2b2670912562f99e8,0.104,,,
2768,2026-09-09,SH600436,0.004144011083010682,EXP_CatBoostModel_Alpha158_csi300_custom_step0_s_20260909_19,2be6e40739b444d2b2670912562f99e8,0.104,,,
2769,2026-09-09,SH600438,-0.0027045961293969915,EXP_CatBoostModel_Alpha158_csi300_custom_step0_s_20260909_19,2be6e40739b444d2b2670912562f99e8,0.104,,,
2770,2026-09-09,SH600196,0.0036847448170603276,EXP_CatBoostModel_Alpha158_csi300_custom_step0_s_20260909_19,2be6e40739b444d2b2670912562f99e8,0.104,,,
2771,2026-09-09,SH600460,-0.000578414081262962,EXP_CatBoostModel_Alpha158_csi300_custom_step0_s_20260909_19,2be6e40739b444d2b2670912562f99e8,0.104,,,
2772,2026-09-09,SH600489,-0.007971617179782235,EXP_CatBoostModel_Alpha158_csi300_custom_step0_s_20260909_19,2be6e40739b444d2b2670912562f99e8,0.104,,,
2773,2026-09-09,SH600515,-0.014750359463872665,EXP_CatBoostModel_Alpha158_csi300_custom_step0_s_20260909_19,2be6e40739b444d2b2670912562f99e8,0.104,,,
2774,2026-09-09,SH600519,0.010751749259483006,EXP_CatBoostModel_Alpha158_csi300_custom_step0_s_20260909_19,2be6e40739b444d2b2670912562f99e8,0.104,,,
2775,2026-09-09,SH600522,-0.0067736887795702035,EXP_CatBoostModel_Alpha158_csi300_custom_step0_s_20260909_19,2be6e40739b444d2b2670912562f99e8,0.104,,,
2776,2026-09-09,SH600547,0.002223045213699923,EXP_CatBoostModel_Alpha158_csi300_custom_step0_s_20260909_19,2be6e40739b444d2b2670912562f99e8,0.104,,,
2777,2026-09-09,SH600549,-0.009934925095313012,EXP_CatBoostModel_Alpha158_csi300_custom_step0_s_20260909_19,2be6e40739b444d2b2670912562f99e8,0.104,,,
2778,2026-09-09,SH600570,0.004079843396067505,EXP_CatBoostModel_Alpha158_csi300_custom_step0_s_20260909_19,2be6e40739b444d2b2670912562f99e8,0.104,,,
2779,2026-09-09,SH600584,-0.0035422135320496654,EXP_CatBoostModel_Alpha158_csi300_custom_step0_s_20260909_19,2be6e40739b444d2b2670912562f99e8,0.104,,,
2780,2026-09-09,SH600585,0.010738005685159735,EXP_CatBoostModel_Alpha158_csi300_custom_step0_s_20260909_19,2be6e40739b444d2b2670912562f99e8,0.104,,,
2781,2026-09-09,SH600588,-0.00864056393836316,EXP_CatBoostModel_Alpha158_csi300_custom_step0_s_20260909_19,2be6e40739b444d2b2670912562f99e8,0.104,,,
2782,2026-09-09,SH600600,0.0020495768279093175,EXP_CatBoostModel_Alpha158_csi300_custom_step0_s_20260909_19,2be6e40739b444d2b2670912562f99e8,0.104,,,
2783,2026-09-09,SH600660,0.0006458071352114786,EXP_CatBoostModel_Alpha158_csi300_custom_step0_s_20260909_19,2be6e40739b444d2b2670912562f99e8,0.104,,,
2784,2026-09-09,SH600674,0.013211030489665834,EXP_CatBoostModel_Alpha158_csi300_custom_step0_s_20260909_19,2be6e40739b444d2b2670912562f99e8,0.104,,,
2785,2026-09-09,SH600482,-0.0027231016884837395,EXP_CatBoostModel_Alpha158_csi300_custom_step0_s_20260909_19,2be6e40739b444d2b2670912562f99e8,0.104,,,
2786,2026-09-09,SH600188,-0.007951678814621818,EXP_CatBoostModel_Alpha158_csi300_custom_step0_s_20260909_19,2be6e40739b444d2b2670912562f99e8,0.104,,,
2787,2026-09-09,SH600183,-0.010773668230494492,EXP_CatBoostModel_Alpha158_csi300_custom_step0_s_20260909_19,2be6e40739b444d2b2670912562f99e8,0.104,,,
2788,2026-09-09,SH600176,-0.004998257717102486,EXP_CatBoostModel_Alpha158_csi300_custom_step0_s_20260909_19,2be6e40739b444d2b2670912562f99e8,0.104,,,
2789,2026-09-09,SH600009,0.007896639827448105,EXP_CatBoostModel_Alpha158_csi300_custom_step0_s_20260909_19,2be6e40739b444d2b2670912562f99e8,0.104,,,
2790,2026-09-09,SH600010,0.009775779181534149,EXP_CatBoostModel_Alpha158_csi300_custom_step0_s_20260909_19,2be6e40739b444d2b2670912562f99e8,0.104,,,
2791,2026-09-09,SH600011,0.010460430341627594,EXP_CatBoostModel_Alpha158_csi300_custom_step0_s_20260909_19,2be6e40739b444d2b2670912562f99e8,0.104,,,
2792,2026-09-09,SH600015,-0.004883831353002449,EXP_CatBoostModel_Alpha158_csi300_custom_step0_s_20260909_19,2be6e40739b444d2b2670912562f99e8,0.104,,,
2793,2026-09-09,SH600016,-0.0006113945794319622,EXP_CatBoostModel_Alpha158_csi300_custom_step0_s_20260909_19,2be6e40739b444d2b2670912562f99e8,0.104,,,
2794,2026-09-09,SH600018,-0.002586715818948875,EXP_CatBoostModel_Alpha158_csi300_custom_step0_s_20260909_19,2be6e40739b444d2b2670912562f99e8,0.104,,,
2795,2026-09-09,SH600019,0.007927991858894668,EXP_CatBoostModel_Alpha158_csi300_custom_step0_s_20260909_19,2be6e40739b444d2b2670912562f99e8,0.104,,,
2796,2026-09-09,SH600023,0.007240083544891033,EXP_CatBoostModel_Alpha158_csi300_custom_step0_s_20260909_19,2be6e40739b444d2b2670912562f99e8,0.104,,,
2797,2026-09-09,SH600025,0.011164786505091017,EXP_CatBoostModel_Alpha158_csi300_custom_step0_s_20260909_19,2be6e40739b444d2b2670912562f99e8,0.104,,,
2798,2026-09-09,SH600026,0.008454894769190879,EXP_CatBoostModel_Alpha158_csi300_custom_step0_s_20260909_19,2be6e40739b444d2b2670912562f99e8,0.104,,,
2799,2026-09-09,SH600027,-0.001947834605227281,EXP_CatBoostModel_Alpha158_csi300_custom_step0_s_20260909_19,2be6e40739b444d2b2670912562f99e8,0.104,,,
2800,2026-09-09,SH600028,-0.0001579306405622859,EXP_CatBoostModel_Alpha158_csi300_custom_step0_s_20260909_19,2be6e40739b444d2b2670912562f99e8,0.104,,,
2801,2026-09-09,SH600029,0.010404175149297324,EXP_CatBoostModel_Alpha158_csi300_custom_step0_s_20260909_19,2be6e40739b444d2b2670912562f99e8,0.104,,,
2802,2026-09-09,SH600030,0.009707984880469877,EXP_CatBoostModel_Alpha158_csi300_custom_step0_s_20260909_19,2be6e40739b444d2b2670912562f99e8,0.104,,,
2803,2026-09-09,SH600031,0.003141302105257712,EXP_CatBoostModel_Alpha158_csi300_custom_step0_s_20260909_19,2be6e40739b444d2b2670912562f99e8,0.104,,,
2804,2026-09-09,SH600036,-0.0023302889655028368,EXP_CatBoostModel_Alpha158_csi300_custom_step0_s_20260909_19,2be6e40739b444d2b2670912562f99e8,0.104,,,
2805,2026-09-09,SH600039,-0.003549275944210424,EXP_CatBoostModel_Alpha158_csi300_custom_step0_s_20260909_19,2be6e40739b444d2b2670912562f99e8,0.104,,,
2806,2026-09-09,SH600048,-0.004777679379876939,EXP_CatBoostModel_Alpha158_csi300_custom_step0_s_20260909_19,2be6e40739b444d2b2670912562f99e8,0.104,,,
2807,2026-09-09,SH600050,0.0060685223691687076,EXP_CatBoostModel_Alpha158_csi300_custom_step0_s_20260909_19,2be6e40739b444d2b2670912562f99e8,0.104,,,
2808,2026-09-09,SH600061,0.014667558903279311,EXP_CatBoostModel_Alpha158_csi300_custom_step0_s_20260909_19,2be6e40739b444d2b2670912562f99e8,0.104,,,
2809,2026-09-09,SH600066,-0.0034979203844085344,EXP_CatBoostModel_Alpha158_csi300_custom_step0_s_20260909_19,2be6e40739b444d2b2670912562f99e8,0.104,,,
2810,2026-09-09,SH600085,0.007260569832118742,EXP_CatBoostModel_Alpha158_csi300_custom_step0_s_20260909_19,2be6e40739b444d2b2670912562f99e8,0.104,,,
2811,2026-09-09,SH600089,0.002293105948903018,EXP_CatBoostModel_Alpha158_csi300_custom_step0_s_20260909_19,2be6e40739b444d2b2670912562f99e8,0.104,,,
2812,2026-09-09,SH600104,0.001971025569024635,EXP_CatBoostModel_Alpha158_csi300_custom_step0_s_20260909_19,2be6e40739b444d2b2670912562f99e8,0.104,,,
2813,2026-09-09,SH600111,-0.008715911839133115,EXP_CatBoostModel_Alpha158_csi300_custom_step0_s_20260909_19,2be6e40739b444d2b2670912562f99e8,0.104,,,
2814,2026-09-09,SH600115,0.0066784762123549,EXP_CatBoostModel_Alpha158_csi300_custom_step0_s_20260909_19,2be6e40739b444d2b2670912562f99e8,0.104,,,
2815,2026-09-09,SH600118,0.0006807614453257204,EXP_CatBoostModel_Alpha158_csi300_custom_step0_s_20260909_19,2be6e40739b444d2b2670912562f99e8,0.104,,,
2816,2026-09-09,SH600150,0.003141302105257712,EXP_CatBoostModel_Alpha158_csi300_custom_step0_s_20260909_19,2be6e40739b444d2b2670912562f99e8,0.104,,,
2817,2026-09-09,SH600160,-0.0054690522321251015,EXP_CatBoostModel_Alpha158_csi300_custom_step0_s_20260909_19,2be6e40739b444d2b2670912562f99e8,0.104,,,
2818,2026-09-09,SH600690,0.008838153207896268,EXP_CatBoostModel_Alpha158_csi300_custom_step0_s_20260909_19,2be6e40739b444d2b2670912562f99e8,0.104,,,
2819,2026-09-09,SH600741,0.0091061723965948,EXP_CatBoostModel_Alpha158_csi300_custom_step0_s_20260909_19,2be6e40739b444d2b2670912562f99e8,0.104,,,
2820,2026-09-09,SH600760,0.002884875251811674,EXP_CatBoostModel_Alpha158_csi300_custom_step0_s_20260909_19,2be6e40739b444d2b2670912562f99e8,0.104,,,
2821,2026-09-09,SH600795,0.0044625956630713086,EXP_CatBoostModel_Alpha158_csi300_custom_step0_s_20260909_19,2be6e40739b444d2b2670912562f99e8,0.104,,,
2822,2026-09-09,SH601138,-0.009434178319495133,EXP_CatBoostModel_Alpha158_csi300_custom_step0_s_20260909_19,2be6e40739b444d2b2670912562f99e8,0.104,,,
2823,2026-09-09,SH601166,0.011653690887174821,EXP_CatBoostModel_Alpha158_csi300_custom_step0_s_20260909_19,2be6e40739b444d2b2670912562f99e8,0.104,,,
2824,2026-09-09,SH601169,-0.002586715818948875,EXP_CatBoostModel_Alpha158_csi300_custom_step0_s_20260909_19,2be6e40739b444d2b2670912562f99e8,0.104,,,
2825,2026-09-09,SH601186,0.0020893101518807875,EXP_CatBoostModel_Alpha158_csi300_custom_step0_s_20260909_19,2be6e40739b444d2b2670912562f99e8,0.104,,,
2826,2026-09-09,SH601211,0.0030226414464174308,EXP_CatBoostModel_Alpha158_csi300_custom_step0_s_20260909_19,2be6e40739b444d2b2670912562f99e8,0.104,,,
2827,2026-09-09,SH601225,-0.005034106233322977,EXP_CatBoostModel_Alpha158_csi300_custom_step0_s_20260909_19,2be6e40739b444d2b2670912562f99e8,0.104,,,
2828,2026-09-09,SH601229,0.012750881577024125,EXP_CatBoostModel_Alpha158_csi300_custom_step0_s_20260909_19,2be6e40739b444d2b2670912562f99e8,0.104,,,
2829,2026-09-09,SH601238,0.008158962276358957,EXP_CatBoostModel_Alpha158_csi300_custom_step0_s_20260909_19,2be6e40739b444d2b2670912562f99e8,0.104,,,
2830,2026-09-09,SH601288,-0.0036897528678155496,EXP_CatBoostModel_Alpha158_csi300_custom_step0_s_20260909_19,2be6e40739b444d2b2670912562f99e8,0.104,,,
2831,2026-09-09,SH601318,-0.0005028343028628948,EXP_CatBoostModel_Alpha158_csi300_custom_step0_s_20260909_19,2be6e40739b444d2b2670912562f99e8,0.104,,,
2832,2026-09-09,SH601319,-0.0023103506003424204,EXP_CatBoostModel_Alpha158_csi300_custom_step0_s_20260909_19,2be6e40739b444d2b2670912562f99e8,0.104,,,
2833,2026-09-09,SH601328,-0.0004828959377024784,EXP_CatBoostModel_Alpha158_csi300_custom_step0_s_20260909_19,2be6e40739b444d2b2670912562f99e8,0.104,,,
2834,2026-09-09,SH601336,0.0013512302842331862,EXP_CatBoostModel_Alpha158_csi300_custom_step0_s_20260909_19,2be6e40739b444d2b2670912562f99e8,0.104,,,
2835,2026-09-09,SH601360,-0.009376499264076918,EXP_CatBoostModel_Alpha158_csi300_custom_step0_s_20260909_19,2be6e40739b444d2b2670912562f99e8,0.104,,,
2836,2026-09-09,SH601377,0.014757019446591794,EXP_CatBoostModel_Alpha158_csi300_custom_step0_s_20260909_19,2be6e40739b444d2b2670912562f99e8,0.104,,,
2837,2026-09-09,SH601390,0.006871458607175038,EXP_CatBoostModel_Alpha158_csi300_custom_step0_s_20260909_19,2be6e40739b444d2b2670912562f99e8,0.104,,,
2838,2026-09-09,SH601398,-0.0017218212815704815,EXP_CatBoostModel_Alpha158_csi300_custom_step0_s_20260909_19,2be6e40739b444d2b2670912562f99e8,0.104,,,
2839,2026-09-09,SH601456,0.007406574848319487,EXP_CatBoostModel_Alpha158_csi300_custom_step0_s_20260909_19,2be6e40739b444d2b2670912562f99e8,0.104,,,
2840,2026-09-09,SH601600,0.00167125475062933,EXP_CatBoostModel_Alpha158_csi300_custom_step0_s_20260909_19,2be6e40739b444d2b2670912562f99e8,0.104,,,
2841,2026-09-09,SH601601,-0.0023302889655028368,EXP_CatBoostModel_Alpha158_csi300_custom_step0_s_20260909_19,2be6e40739b444d2b2670912562f99e8,0.104,,,
2842,2026-09-09,SH601607,0.014202195209454458,EXP_CatBoostModel_Alpha158_csi300_custom_step0_s_20260909_19,2be6e40739b444d2b2670912562f99e8,0.104,,,
2843,2026-09-09,SH601618,0.007462655208919642,EXP_CatBoostModel_Alpha158_csi300_custom_step0_s_20260909_19,2be6e40739b444d2b2670912562f99e8,0.104,,,
2844,2026-09-09,SH601628,0.004545445026342966,EXP_CatBoostModel_Alpha158_csi300_custom_step0_s_20260909_19,2be6e40739b444d2b2670912562f99e8,0.104,,,
2845,2026-09-09,SH601633,0.0024241801836954943,EXP_CatBoostModel_Alpha158_csi300_custom_step0_s_20260909_19,2be6e40739b444d2b2670912562f99e8,0.104,,,
2846,2026-09-09,SH601658,-0.0018303815581395487,EXP_CatBoostModel_Alpha158_csi300_custom_step0_s_20260909_19,2be6e40739b444d2b2670912562f99e8,0.104,,,
2847,2026-09-09,SH601668,0.008332103476893836,EXP_CatBoostModel_Alpha158_csi300_custom_step0_s_20260909_19,2be6e40739b444d2b2670912562f99e8,0.104,,,
2848,2026-09-09,SH601669,0.013107485274173415,EXP_CatBoostModel_Alpha158_csi300_custom_step0_s_20260909_19,2be6e40739b444d2b2670912562f99e8,0.104,,,
2849,2026-09-09,SH601688,0.015392444323907364,EXP_CatBoostModel_Alpha158_csi300_custom_step0_s_20260909_19,2be6e40739b444d2b2670912562f99e8,0.104,,,
2850,2026-09-09,SH601689,-0.0055188878967635385,EXP_CatBoostModel_Alpha158_csi300_custom_step0_s_20260909_19,2be6e40739b444d2b2670912562f99e8,0.104,,,
2851,2026-09-09,SH601136,-0.0039739506453708,EXP_CatBoostModel_Alpha158_csi300_custom_step0_s_20260909_19,2be6e40739b444d2b2670912562f99e8,0.104,,,
2852,2026-09-09,SH601727,0.004797045907789028,EXP_CatBoostModel_Alpha158_csi300_custom_step0_s_20260909_19,2be6e40739b444d2b2670912562f99e8,0.104,,,
2853,2026-09-09,SH601127,0.0048314859952434215,EXP_CatBoostModel_Alpha158_csi300_custom_step0_s_20260909_19,2be6e40739b444d2b2670912562f99e8,0.104,,,
2854,2026-09-09,SH601111,0.008813298529598126,EXP_CatBoostModel_Alpha158_csi300_custom_step0_s_20260909_19,2be6e40739b444d2b2670912562f99e8,0.104,,,
2855,2026-09-09,SH600803,0.004113690076802477,EXP_CatBoostModel_Alpha158_csi300_custom_step0_s_20260909_19,2be6e40739b444d2b2670912562f99e8,0.104,,,
2856,2026-09-09,SH600809,-0.005672906666281258,EXP_CatBoostModel_Alpha158_csi300_custom_step0_s_20260909_19,2be6e40739b444d2b2670912562f99e8,0.104,,,
2857,2026-09-09,SH600845,0.001742601850796327,EXP_CatBoostModel_Alpha158_csi300_custom_step0_s_20260909_19,2be6e40739b444d2b2670912562f99e8,0.104,,,
2858,2026-09-09,SH600875,-0.003031861630752935,EXP_CatBoostModel_Alpha158_csi300_custom_step0_s_20260909_19,2be6e40739b444d2b2670912562f99e8,0.104,,,
2859,2026-09-09,SH600886,0.0044490291148466445,EXP_CatBoostModel_Alpha158_csi300_custom_step0_s_20260909_19,2be6e40739b444d2b2670912562f99e8,0.104,,,
2860,2026-09-09,SH600887,0.010998409691212694,EXP_CatBoostModel_Alpha158_csi300_custom_step0_s_20260909_19,2be6e40739b444d2b2670912562f99e8,0.104,,,
2861,2026-09-09,SH600893,0.002884875251811674,EXP_CatBoostModel_Alpha158_csi300_custom_step0_s_20260909_19,2be6e40739b444d2b2670912562f99e8,0.104,,,
2862,2026-09-09,SH600900,0.012918886302061788,EXP_CatBoostModel_Alpha158_csi300_custom_step0_s_20260909_19,2be6e40739b444d2b2670912562f99e8,0.104,,,
2863,2026-09-09,SH600905,0.007815847238447918,EXP_CatBoostModel_Alpha158_csi300_custom_step0_s_20260909_19,2be6e40739b444d2b2670912562f99e8,0.104,,,
2864,2026-09-09,SH600918,0.01010258244663928,EXP_CatBoostModel_Alpha158_csi300_custom_step0_s_20260909_19,2be6e40739b444d2b2670912562f99e8,0.104,,,
2865,2026-09-09,SH600919,0.013211030489665834,EXP_CatBoostModel_Alpha158_csi300_custom_step0_s_20260909_19,2be6e40739b444d2b2670912562f99e8,0.104,,,
2866,2026-09-09,SH600926,0.014684077001157895,EXP_CatBoostModel_Alpha158_csi300_custom_step0_s_20260909_19,2be6e40739b444d2b2670912562f99e8,0.104,,,
2867,2026-09-09,SH600930,0.003401510952373139,EXP_CatBoostModel_Alpha158_csi300_custom_step0_s_20260909_19,2be6e40739b444d2b2670912562f99e8,0.104,,,
2868,2026-09-09,SH600938,0.002053462184062954,EXP_CatBoostModel_Alpha158_csi300_custom_step0_s_20260909_19,2be6e40739b444d2b2670912562f99e8,0.104,,,
2869,2026-09-09,SH600941,0.0073275899037568825,EXP_CatBoostModel_Alpha158_csi300_custom_step0_s_20260909_19,2be6e40739b444d2b2670912562f99e8,0.104,,,
2870,2026-09-09,SH600958,0.014757019446591794,EXP_CatBoostModel_Alpha158_csi300_custom_step0_s_20260909_19,2be6e40739b444d2b2670912562f99e8,0.104,,,
2871,2026-09-09,SH600989,0.005770255466512805,EXP_CatBoostModel_Alpha158_csi300_custom_step0_s_20260909_19,2be6e40739b444d2b2670912562f99e8,0.104,,,
2872,2026-09-09,SH600999,-0.005245834246677407,EXP_CatBoostModel_Alpha158_csi300_custom_step0_s_20260909_19,2be6e40739b444d2b2670912562f99e8,0.104,,,
2873,2026-09-09,SH601006,0.009500769962764201,EXP_CatBoostModel_Alpha158_csi300_custom_step0_s_20260909_19,2be6e40739b444d2b2670912562f99e8,0.104,,,
2874,2026-09-09,SH601009,0.0067752896805228615,EXP_CatBoostModel_Alpha158_csi300_custom_step0_s_20260909_19,2be6e40739b444d2b2670912562f99e8,0.104,,,
2875,2026-09-09,SH601012,-0.0027045961293969915,EXP_CatBoostModel_Alpha158_csi300_custom_step0_s_20260909_19,2be6e40739b444d2b2670912562f99e8,0.104,,,
2876,2026-09-09,SH601018,0.022037185401732756,EXP_CatBoostModel_Alpha158_csi300_custom_step0_s_20260909_19,2be6e40739b444d2b2670912562f99e8,0.104,,,
2877,2026-09-09,SH601021,0.008236486480282095,EXP_CatBoostModel_Alpha158_csi300_custom_step0_s_20260909_19,2be6e40739b444d2b2670912562f99e8,0.104,,,
2878,2026-09-09,SH601058,-0.005929333519727296,EXP_CatBoostModel_Alpha158_csi300_custom_step0_s_20260909_19,2be6e40739b444d2b2670912562f99e8,0.104,,,
2879,2026-09-09,SH601059,-0.0008737971356182706,EXP_CatBoostModel_Alpha158_csi300_custom_step0_s_20260909_19,2be6e40739b444d2b2670912562f99e8,0.104,,,
2880,2026-09-09,SH601066,-0.006254589438619291,EXP_CatBoostModel_Alpha158_csi300_custom_step0_s_20260909_19,2be6e40739b444d2b2670912562f99e8,0.104,,,
2881,2026-09-09,SH601077,0.0052304529801668435,EXP_CatBoostModel_Alpha158_csi300_custom_step0_s_20260909_19,2be6e40739b444d2b2670912562f99e8,0.104,,,
2882,2026-09-09,SH601088,-0.0043896308110804635,EXP_CatBoostModel_Alpha158_csi300_custom_step0_s_20260909_19,2be6e40739b444d2b2670912562f99e8,0.104,,,
2883,2026-09-09,SH601100,-0.0028581312488278835,EXP_CatBoostModel_Alpha158_csi300_custom_step0_s_20260909_19,2be6e40739b444d2b2670912562f99e8,0.104,,,
2884,2026-09-09,SH601117,0.011141912109347672,EXP_CatBoostModel_Alpha158_csi300_custom_step0_s_20260909_19,2be6e40739b444d2b2670912562f99e8,0.104,,,
2885,2026-09-09,SZ002736,0.010947726069827263,EXP_CatBoostModel_Alpha158_csi300_custom_step0_s_20260909_19,2be6e40739b444d2b2670912562f99e8,0.104,,,
2886,2026-09-09,SZ002837,-0.005223072188166877,EXP_CatBoostModel_Alpha158_csi300_custom_step0_s_20260909_19,2be6e40739b444d2b2670912562f99e8,0.104,,,
2887,2026-09-09,SZ002916,-0.009000293239917155,EXP_CatBoostModel_Alpha158_csi300_custom_step0_s_20260909_19,2be6e40739b444d2b2670912562f99e8,0.104,,,
2888,2026-09-09,SH601698,0.000626852822505358,EXP_CatBoostModel_Alpha158_csi300_custom_step0_s_20260909_19,88bbaf3ab76349b8af4781a634f8b011,0.035,,,
2889,2026-09-09,SH601727,0.004131084370363881,EXP_CatBoostModel_Alpha158_csi300_custom_step0_s_20260909_19,88bbaf3ab76349b8af4781a634f8b011,0.035,,,
2890,2026-09-09,SH601728,0.00830501448202639,EXP_CatBoostModel_Alpha158_csi300_custom_step0_s_20260909_19,88bbaf3ab76349b8af4781a634f8b011,0.035,,,
2891,2026-09-09,SH601766,0.017234480419243112,EXP_CatBoostModel_Alpha158_csi300_custom_step0_s_20260909_19,88bbaf3ab76349b8af4781a634f8b011,0.035,,,
2892,2026-09-09,SH601788,0.016200810261357057,EXP_CatBoostModel_Alpha158_csi300_custom_step0_s_20260909_19,88bbaf3ab76349b8af4781a634f8b011,0.035,,,
2893,2026-09-09,SH601800,0.010969173604376863,EXP_CatBoostModel_Alpha158_csi300_custom_step0_s_20260909_19,88bbaf3ab76349b8af4781a634f8b011,0.035,,,
2894,2026-09-09,SH601816,0.010208861184221436,EXP_CatBoostModel_Alpha158_csi300_custom_step0_s_20260909_19,88bbaf3ab76349b8af4781a634f8b011,0.035,,,
2895,2026-09-09,SH601818,0.007707167275993863,EXP_CatBoostModel_Alpha158_csi300_custom_step0_s_20260909_19,88bbaf3ab76349b8af4781a634f8b011,0.035,,,
2896,2026-09-09,SH601825,0.017508435460020254,EXP_CatBoostModel_Alpha158_csi300_custom_step0_s_20260909_19,88bbaf3ab76349b8af4781a634f8b011,0.035,,,
2897,2026-09-09,SH601838,0.003513647299049787,EXP_CatBoostModel_Alpha158_csi300_custom_step0_s_20260909_19,88bbaf3ab76349b8af4781a634f8b011,0.035,,,
2898,2026-09-09,SH601857,0.018280233853871272,EXP_CatBoostModel_Alpha158_csi300_custom_step0_s_20260909_19,88bbaf3ab76349b8af4781a634f8b011,0.035,,,
2899,2026-09-09,SH601868,0.004886309585598275,EXP_CatBoostModel_Alpha158_csi300_custom_step0_s_20260909_19,88bbaf3ab76349b8af4781a634f8b011,0.035,,,
2900,2026-09-09,SH601872,0.02778036171765449,EXP_CatBoostModel_Alpha158_csi300_custom_step0_s_20260909_19,88bbaf3ab76349b8af4781a634f8b011,0.035,,,
2901,2026-09-09,SH601689,-0.004435028453409343,EXP_CatBoostModel_Alpha158_csi300_custom_step0_s_20260909_19,88bbaf3ab76349b8af4781a634f8b011,0.035,,,
2902,2026-09-09,SH601877,0.007962700154718543,EXP_CatBoostModel_Alpha158_csi300_custom_step0_s_20260909_19,88bbaf3ab76349b8af4781a634f8b011,0.035,,,
2903,2026-09-09,SH601881,0.003717681329272658,EXP_CatBoostModel_Alpha158_csi300_custom_step0_s_20260909_19,88bbaf3ab76349b8af4781a634f8b011,0.035,,,
2904,2026-09-09,SH601888,-0.0013959464623770376,EXP_CatBoostModel_Alpha158_csi300_custom_step0_s_20260909_19,88bbaf3ab76349b8af4781a634f8b011,0.035,,,
2905,2026-09-09,SH601898,-0.006042995444413876,EXP_CatBoostModel_Alpha158_csi300_custom_step0_s_20260909_19,88bbaf3ab76349b8af4781a634f8b011,0.035,,,
2906,2026-09-09,SH601899,0.04486212140780412,EXP_CatBoostModel_Alpha158_csi300_custom_step0_s_20260909_19,88bbaf3ab76349b8af4781a634f8b011,0.035,,,
2907,2026-09-09,SH601901,0.01105340557243599,EXP_CatBoostModel_Alpha158_csi300_custom_step0_s_20260909_19,88bbaf3ab76349b8af4781a634f8b011,0.035,,,
2908,2026-09-09,SH601916,0.02107414373699407,EXP_CatBoostModel_Alpha158_csi300_custom_step0_s_20260909_19,88bbaf3ab76349b8af4781a634f8b011,0.035,,,
2909,2026-09-09,SH601919,0.0007350494041400954,EXP_CatBoostModel_Alpha158_csi300_custom_step0_s_20260909_19,88bbaf3ab76349b8af4781a634f8b011,0.035,,,
2910,2026-09-09,SH601939,0.0030520830989328547,EXP_CatBoostModel_Alpha158_csi300_custom_step0_s_20260909_19,88bbaf3ab76349b8af4781a634f8b011,0.035,,,
2911,2026-09-09,SH601985,0.01982617258186653,EXP_CatBoostModel_Alpha158_csi300_custom_step0_s_20260909_19,88bbaf3ab76349b8af4781a634f8b011,0.035,,,
2912,2026-09-09,SH601988,-0.002778425884330076,EXP_CatBoostModel_Alpha158_csi300_custom_step0_s_20260909_19,88bbaf3ab76349b8af4781a634f8b011,0.035,,,
2913,2026-09-09,SH601995,-0.024378019274409374,EXP_CatBoostModel_Alpha158_csi300_custom_step0_s_20260909_19,88bbaf3ab76349b8af4781a634f8b011,0.035,,,
2914,2026-09-09,SH601998,0.01859930509265434,EXP_CatBoostModel_Alpha158_csi300_custom_step0_s_20260909_19,88bbaf3ab76349b8af4781a634f8b011,0.035,,,
2915,2026-09-09,SH603019,-0.011473145267028454,EXP_CatBoostModel_Alpha158_csi300_custom_step0_s_20260909_19,88bbaf3ab76349b8af4781a634f8b011,0.035,,,
2916,2026-09-09,SH601878,0.01298002262295965,EXP_CatBoostModel_Alpha158_csi300_custom_step0_s_20260909_19,88bbaf3ab76349b8af4781a634f8b011,0.035,,,
2917,2026-09-09,SH601688,0.005510654854399597,EXP_CatBoostModel_Alpha158_csi300_custom_step0_s_20260909_19,88bbaf3ab76349b8af4781a634f8b011,0.035,,,
2918,2026-09-09,SH601669,0.00932717861780413,EXP_CatBoostModel_Alpha158_csi300_custom_step0_s_20260909_19,88bbaf3ab76349b8af4781a634f8b011,0.035,,,
2919,2026-09-09,SH601668,0.008794615396672185,EXP_CatBoostModel_Alpha158_csi300_custom_step0_s_20260909_19,88bbaf3ab76349b8af4781a634f8b011,0.035,,,
2920,2026-09-09,SH601111,0.002885404229813492,EXP_CatBoostModel_Alpha158_csi300_custom_step0_s_20260909_19,88bbaf3ab76349b8af4781a634f8b011,0.035,,,
2921,2026-09-09,SH601117,0.011115021914224268,EXP_CatBoostModel_Alpha158_csi300_custom_step0_s_20260909_19,88bbaf3ab76349b8af4781a634f8b011,0.035,,,
2922,2026-09-09,SH601127,-0.006441915968148712,EXP_CatBoostModel_Alpha158_csi300_custom_step0_s_20260909_19,88bbaf3ab76349b8af4781a634f8b011,0.035,,,
2923,2026-09-09,SH601136,-0.01215807241256268,EXP_CatBoostModel_Alpha158_csi300_custom_step0_s_20260909_19,88bbaf3ab76349b8af4781a634f8b011,0.035,,,
2924,2026-09-09,SH601138,-0.011121057404240417,EXP_CatBoostModel_Alpha158_csi300_custom_step0_s_20260909_19,88bbaf3ab76349b8af4781a634f8b011,0.035,,,
2925,2026-09-09,SH601166,0.008614131644793034,EXP_CatBoostModel_Alpha158_csi300_custom_step0_s_20260909_19,88bbaf3ab76349b8af4781a634f8b011,0.035,,,
2926,2026-09-09,SH601169,-0.004407799378882142,EXP_CatBoostModel_Alpha158_csi300_custom_step0_s_20260909_19,88bbaf3ab76349b8af4781a634f8b011,0.035,,,
2927,2026-09-09,SH601186,0.0182310620034638,EXP_CatBoostModel_Alpha158_csi300_custom_step0_s_20260909_19,88bbaf3ab76349b8af4781a634f8b011,0.035,,,
2928,2026-09-09,SH601211,0.005735612276522472,EXP_CatBoostModel_Alpha158_csi300_custom_step0_s_20260909_19,88bbaf3ab76349b8af4781a634f8b011,0.035,,,
2929,2026-09-09,SH601225,-0.00486396042742097,EXP_CatBoostModel_Alpha158_csi300_custom_step0_s_20260909_19,88bbaf3ab76349b8af4781a634f8b011,0.035,,,
2930,2026-09-09,SH601229,0.029066275438300794,EXP_CatBoostModel_Alpha158_csi300_custom_step0_s_20260909_19,88bbaf3ab76349b8af4781a634f8b011,0.035,,,
2931,2026-09-09,SH601238,0.003865459473678498,EXP_CatBoostModel_Alpha158_csi300_custom_step0_s_20260909_19,88bbaf3ab76349b8af4781a634f8b011,0.035,,,
2932,2026-09-09,SH601288,0.005193239284769027,EXP_CatBoostModel_Alpha158_csi300_custom_step0_s_20260909_19,88bbaf3ab76349b8af4781a634f8b011,0.035,,,
2933,2026-09-09,SH601318,0.003379603169511988,EXP_CatBoostModel_Alpha158_csi300_custom_step0_s_20260909_19,88bbaf3ab76349b8af4781a634f8b011,0.035,,,
2934,2026-09-09,SH601319,-0.003010092023127115,EXP_CatBoostModel_Alpha158_csi300_custom_step0_s_20260909_19,88bbaf3ab76349b8af4781a634f8b011,0.035,,,
2935,2026-09-09,SH601328,0.009552286793932814,EXP_CatBoostModel_Alpha158_csi300_custom_step0_s_20260909_19,88bbaf3ab76349b8af4781a634f8b011,0.035,,,
2936,2026-09-09,SH601336,-0.0013252358418098,EXP_CatBoostModel_Alpha158_csi300_custom_step0_s_20260909_19,88bbaf3ab76349b8af4781a634f8b011,0.035,,,
2937,2026-09-09,SH601360,-0.012836064605147414,EXP_CatBoostModel_Alpha158_csi300_custom_step0_s_20260909_19,88bbaf3ab76349b8af4781a634f8b011,0.035,,,
2938,2026-09-09,SH601377,0.016094659756141147,EXP_CatBoostModel_Alpha158_csi300_custom_step0_s_20260909_19,88bbaf3ab76349b8af4781a634f8b011,0.035,,,
2939,2026-09-09,SH601390,0.017151934818685766,EXP_CatBoostModel_Alpha158_csi300_custom_step0_s_20260909_19,88bbaf3ab76349b8af4781a634f8b011,0.035,,,
2940,2026-09-09,SH601398,0.006937567521150356,EXP_CatBoostModel_Alpha158_csi300_custom_step0_s_20260909_19,88bbaf3ab76349b8af4781a634f8b011,0.035,,,
2941,2026-09-09,SH601456,0.010413754328379751,EXP_CatBoostModel_Alpha158_csi300_custom_step0_s_20260909_19,88bbaf3ab76349b8af4781a634f8b011,0.035,,,
2942,2026-09-09,SH601600,0.009077705471708213,EXP_CatBoostModel_Alpha158_csi300_custom_step0_s_20260909_19,88bbaf3ab76349b8af4781a634f8b011,0.035,,,
2943,2026-09-09,SH601601,-0.005343925805455235,EXP_CatBoostModel_Alpha158_csi300_custom_step0_s_20260909_19,88bbaf3ab76349b8af4781a634f8b011,0.035,,,
2944,2026-09-09,SH601607,0.02001860742759981,EXP_CatBoostModel_Alpha158_csi300_custom_step0_s_20260909_19,88bbaf3ab76349b8af4781a634f8b011,0.035,,,
2945,2026-09-09,SH601618,0.0023470398316144925,EXP_CatBoostModel_Alpha158_csi300_custom_step0_s_20260909_19,88bbaf3ab76349b8af4781a634f8b011,0.035,,,
2946,2026-09-09,SH601628,0.004368651912478076,EXP_CatBoostModel_Alpha158_csi300_custom_step0_s_20260909_19,88bbaf3ab76349b8af4781a634f8b011,0.035,,,
2947,2026-09-09,SH601633,-0.003522610680464566,EXP_CatBoostModel_Alpha158_csi300_custom_step0_s_20260909_19,88bbaf3ab76349b8af4781a634f8b011,0.035,,,
2948,2026-09-09,SH601658,-0.003599193899691213,EXP_CatBoostModel_Alpha158_csi300_custom_step0_s_20260909_19,88bbaf3ab76349b8af4781a634f8b011,0.035,,,
2949,2026-09-09,SH603259,-8.954765637836232e-05,EXP_CatBoostModel_Alpha158_csi300_custom_step0_s_20260909_19,88bbaf3ab76349b8af4781a634f8b011,0.035,,,
2950,2026-09-09,SH603260,-0.008998962120032115,EXP_CatBoostModel_Alpha158_csi300_custom_step0_s_20260909_19,88bbaf3ab76349b8af4781a634f8b011,0.035,,,
2951,2026-09-09,SH603288,0.005227777263826831,EXP_CatBoostModel_Alpha158_csi300_custom_step0_s_20260909_19,88bbaf3ab76349b8af4781a634f8b011,0.035,,,
2952,2026-09-09,SH603296,-0.008747004952172434,EXP_CatBoostModel_Alpha158_csi300_custom_step0_s_20260909_19,88bbaf3ab76349b8af4781a634f8b011,0.035,,,
2953,2026-09-09,SZ000157,-0.010265660362038714,EXP_CatBoostModel_Alpha158_csi300_custom_step0_s_20260909_19,88bbaf3ab76349b8af4781a634f8b011,0.035,,,
2954,2026-09-09,SZ000166,0.01567009199266821,EXP_CatBoostModel_Alpha158_csi300_custom_step0_s_20260909_19,88bbaf3ab76349b8af4781a634f8b011,0.035,,,
2955,2026-09-09,SZ000301,-0.01077459348339857,EXP_CatBoostModel_Alpha158_csi300_custom_step0_s_20260909_19,88bbaf3ab76349b8af4781a634f8b011,0.035,,,
2956,2026-09-09,SZ000333,0.013012814530608145,EXP_CatBoostModel_Alpha158_csi300_custom_step0_s_20260909_19,88bbaf3ab76349b8af4781a634f8b011,0.035,,,
2957,2026-09-09,SZ000338,-0.012346605480060066,EXP_CatBoostModel_Alpha158_csi300_custom_step0_s_20260909_19,88bbaf3ab76349b8af4781a634f8b011,0.035,,,
2958,2026-09-09,SZ000408,-0.008168648715511899,EXP_CatBoostModel_Alpha158_csi300_custom_step0_s_20260909_19,88bbaf3ab76349b8af4781a634f8b011,0.035,,,
2959,2026-09-09,SZ000425,-0.008055535328178784,EXP_CatBoostModel_Alpha158_csi300_custom_step0_s_20260909_19,88bbaf3ab76349b8af4781a634f8b011,0.035,,,
2960,2026-09-09,SZ000538,0.011153688562983646,EXP_CatBoostModel_Alpha158_csi300_custom_step0_s_20260909_19,88bbaf3ab76349b8af4781a634f8b011,0.035,,,
2961,2026-09-09,SZ000568,-0.004539362953851564,EXP_CatBoostModel_Alpha158_csi300_custom_step0_s_20260909_19,88bbaf3ab76349b8af4781a634f8b011,0.035,,,
2962,2026-09-09,SZ000596,-0.009712022512819187,EXP_CatBoostModel_Alpha158_csi300_custom_step0_s_20260909_19,88bbaf3ab76349b8af4781a634f8b011,0.035,,,
2963,2026-09-09,SZ000617,-0.002051986807315196,EXP_CatBoostModel_Alpha158_csi300_custom_step0_s_20260909_19,88bbaf3ab76349b8af4781a634f8b011,0.035,,,
2964,2026-09-09,SZ000625,0.0025899946999173524,EXP_CatBoostModel_Alpha158_csi300_custom_step0_s_20260909_19,88bbaf3ab76349b8af4781a634f8b011,0.035,,,
2965,2026-09-09,SZ000630,-0.011879929764438494,EXP_CatBoostModel_Alpha158_csi300_custom_step0_s_20260909_19,88bbaf3ab76349b8af4781a634f8b011,0.035,,,
2966,2026-09-09,SZ000651,0.013934670243975529,EXP_CatBoostModel_Alpha158_csi300_custom_step0_s_20260909_19,88bbaf3ab76349b8af4781a634f8b011,0.035,,,
2967,2026-09-09,SZ000657,0.022123436664344506,EXP_CatBoostModel_Alpha158_csi300_custom_step0_s_20260909_19,88bbaf3ab76349b8af4781a634f8b011,0.035,,,
2968,2026-09-09,SZ000708,0.007768405921975056,EXP_CatBoostModel_Alpha158_csi300_custom_step0_s_20260909_19,88bbaf3ab76349b8af4781a634f8b011,0.035,,,
2969,2026-09-09,SZ000725,-0.01507450805604074,EXP_CatBoostModel_Alpha158_csi300_custom_step0_s_20260909_19,88bbaf3ab76349b8af4781a634f8b011,0.035,,,
2970,2026-09-09,SZ000768,0.005917201828721305,EXP_CatBoostModel_Alpha158_csi300_custom_step0_s_20260909_19,88bbaf3ab76349b8af4781a634f8b011,0.035,,,
2971,2026-09-09,SZ000776,0.0011683179377994825,EXP_CatBoostModel_Alpha158_csi300_custom_step0_s_20260909_19,88bbaf3ab76349b8af4781a634f8b011,0.035,,,
2972,2026-09-09,SZ000792,-0.011188003123040234,EXP_CatBoostModel_Alpha158_csi300_custom_step0_s_20260909_19,88bbaf3ab76349b8af4781a634f8b011,0.035,,,
2973,2026-09-09,SZ000807,0.010555603988181745,EXP_CatBoostModel_Alpha158_csi300_custom_step0_s_20260909_19,88bbaf3ab76349b8af4781a634f8b011,0.035,,,
2974,2026-09-09,SZ000858,-0.0002905000295006779,EXP_CatBoostModel_Alpha158_csi300_custom_step0_s_20260909_19,88bbaf3ab76349b8af4781a634f8b011,0.035,,,
2975,2026-09-09,SZ000895,-0.0041938143143250145,EXP_CatBoostModel_Alpha158_csi300_custom_step0_s_20260909_19,88bbaf3ab76349b8af4781a634f8b011,0.035,,,
2976,2026-09-09,SZ000938,-0.017897320608669467,EXP_CatBoostModel_Alpha158_csi300_custom_step0_s_20260909_19,88bbaf3ab76349b8af4781a634f8b011,0.035,,,
2977,2026-09-09,SZ000963,-0.002530770048007466,EXP_CatBoostModel_Alpha158_csi300_custom_step0_s_20260909_19,88bbaf3ab76349b8af4781a634f8b011,0.035,,,
2978,2026-09-09,SZ000975,-0.008631569169410134,EXP_CatBoostModel_Alpha158_csi300_custom_step0_s_20260909_19,88bbaf3ab76349b8af4781a634f8b011,0.035,,,
2979,2026-09-09,SZ000977,-0.006978814645674094,EXP_CatBoostModel_Alpha158_csi300_custom_step0_s_20260909_19,88bbaf3ab76349b8af4781a634f8b011,0.035,,,
2980,2026-09-09,SZ000988,-0.026090896222560608,EXP_CatBoostModel_Alpha158_csi300_custom_step0_s_20260909_19,88bbaf3ab76349b8af4781a634f8b011,0.035,,,
2981,2026-09-09,SZ000999,0.011001846759144373,EXP_CatBoostModel_Alpha158_csi300_custom_step0_s_20260909_19,88bbaf3ab76349b8af4781a634f8b011,0.035,,,
2982,2026-09-09,SZ000100,-0.01382606247007998,EXP_CatBoostModel_Alpha158_csi300_custom_step0_s_20260909_19,88bbaf3ab76349b8af4781a634f8b011,0.035,,,
2983,2026-09-09,SH601100,-0.0027587791308744313,EXP_CatBoostModel_Alpha158_csi300_custom_step0_s_20260909_19,88bbaf3ab76349b8af4781a634f8b011,0.035,,,
2984,2026-09-09,SZ000063,-0.005066656189205984,EXP_CatBoostModel_Alpha158_csi300_custom_step0_s_20260909_19,88bbaf3ab76349b8af4781a634f8b011,0.035,,,
2985,2026-09-09,SZ000001,0.015430730997989346,EXP_CatBoostModel_Alpha158_csi300_custom_step0_s_20260909_19,88bbaf3ab76349b8af4781a634f8b011,0.035,,,
2986,2026-09-09,SH603369,-0.00399925428435065,EXP_CatBoostModel_Alpha158_csi300_custom_step0_s_20260909_19,88bbaf3ab76349b8af4781a634f8b011,0.035,,,
2987,2026-09-09,SH603392,-0.009460442228384316,EXP_CatBoostModel_Alpha158_csi300_custom_step0_s_20260909_19,88bbaf3ab76349b8af4781a634f8b011,0.035,,,
2988,2026-09-09,SH603501,-0.009913373888484919,EXP_CatBoostModel_Alpha158_csi300_custom_step0_s_20260909_19,88bbaf3ab76349b8af4781a634f8b011,0.035,,,
2989,2026-09-09,SH603799,-0.010123000096860322,EXP_CatBoostModel_Alpha158_csi300_custom_step0_s_20260909_19,88bbaf3ab76349b8af4781a634f8b011,0.035,,,
2990,2026-09-09,SH603893,-0.015596237706854477,EXP_CatBoostModel_Alpha158_csi300_custom_step0_s_20260909_19,88bbaf3ab76349b8af4781a634f8b011,0.035,,,
2991,2026-09-09,SH603986,-0.016829887750935787,EXP_CatBoostModel_Alpha158_csi300_custom_step0_s_20260909_19,88bbaf3ab76349b8af4781a634f8b011,0.035,,,
2992,2026-09-09,SH603993,-0.015196012443147904,EXP_CatBoostModel_Alpha158_csi300_custom_step0_s_20260909_19,88bbaf3ab76349b8af4781a634f8b011,0.035,,,
2993,2026-09-09,SH605117,-0.012226132444654219,EXP_CatBoostModel_Alpha158_csi300_custom_step0_s_20260909_19,88bbaf3ab76349b8af4781a634f8b011,0.035,,,
2994,2026-09-09,SH605499,-0.0012158348414045175,EXP_CatBoostModel_Alpha158_csi300_custom_step0_s_20260909_19,88bbaf3ab76349b8af4781a634f8b011,0.035,,,
2995,2026-09-09,SH688008,-0.01392056081593243,EXP_CatBoostModel_Alpha158_csi300_custom_step0_s_20260909_19,88bbaf3ab76349b8af4781a634f8b011,0.035,,,
2996,2026-09-09,SH688009,0.013905201615664924,EXP_CatBoostModel_Alpha158_csi300_custom_step0_s_20260909_19,88bbaf3ab76349b8af4781a634f8b011,0.035,,,
2997,2026-09-09,SH688012,-0.013046354306676366,EXP_CatBoostModel_Alpha158_csi300_custom_step0_s_20260909_19,88bbaf3ab76349b8af4781a634f8b011,0.035,,,
2998,2026-09-09,SH688036,-0.014415836713542112,EXP_CatBoostModel_Alpha158_csi300_custom_step0_s_20260909_19,88bbaf3ab76349b8af4781a634f8b011,0.035,,,
2999,2026-09-09,SH688041,0.008713751547617414,EXP_CatBoostModel_Alpha158_csi300_custom_step0_s_20260909_19,88bbaf3ab76349b8af4781a634f8b011,0.035,,,
3000,2026-09-09,SH688047,-0.013382320649164626,EXP_CatBoostModel_Alpha158_csi300_custom_step0_s_20260909_19,88bbaf3ab76349b8af4781a634f8b011,0.035,,,
3001,2026-09-09,SH688072,-0.01313313836492054,EXP_CatBoostModel_Alpha158_csi300_custom_step0_s_20260909_19,88bbaf3ab76349b8af4781a634f8b011,0.035,,,
3002,2026-09-09,SH688082,-0.012588455198466462,EXP_CatBoostModel_Alpha158_csi300_custom_step0_s_20260909_19,88bbaf3ab76349b8af4781a634f8b011,0.035,,,
3003,2026-09-09,SH688111,-0.014395715088795296,EXP_CatBoostModel_Alpha158_csi300_custom_step0_s_20260909_19,88bbaf3ab76349b8af4781a634f8b011,0.035,,,
3004,2026-09-09,SH688126,-0.012570285171569703,EXP_CatBoostModel_Alpha158_csi300_custom_step0_s_20260909_19,88bbaf3ab76349b8af4781a634f8b011,0.035,,,
3005,2026-09-09,SH688183,-0.010616120103571441,EXP_CatBoostModel_Alpha158_csi300_custom_step0_s_20260909_19,88bbaf3ab76349b8af4781a634f8b011,0.035,,,
3006,2026-09-09,SH688223,-0.006037541227410331,EXP_CatBoostModel_Alpha158_csi300_custom_step0_s_20260909_19,88bbaf3ab76349b8af4781a634f8b011,0.035,,,
3007,2026-09-09,SH688256,-0.0085789631688013,EXP_CatBoostModel_Alpha158_csi300_custom_step0_s_20260909_19,88bbaf3ab76349b8af4781a634f8b011,0.035,,,
3008,2026-09-09,SH688271,0.0015326952542599908,EXP_CatBoostModel_Alpha158_csi300_custom_step0_s_20260909_19,88bbaf3ab76349b8af4781a634f8b011,0.035,,,
3009,2026-09-09,SH688303,-0.009661744891434745,EXP_CatBoostModel_Alpha158_csi300_custom_step0_s_20260909_19,88bbaf3ab76349b8af4781a634f8b011,0.035,,,
3010,2026-09-09,SH688396,-0.011846840797276955,EXP_CatBoostModel_Alpha158_csi300_custom_step0_s_20260909_19,88bbaf3ab76349b8af4781a634f8b011,0.035,,,
3011,2026-09-09,SH688472,-0.0076056788776835554,EXP_CatBoostModel_Alpha158_csi300_custom_step0_s_20260909_19,88bbaf3ab76349b8af4781a634f8b011,0.035,,,
3012,2026-09-09,SH688506,-0.0003369875706273266,EXP_CatBoostModel_Alpha158_csi300_custom_step0_s_20260909_19,88bbaf3ab76349b8af4781a634f8b011,0.035,,,
3013,2026-09-09,SH688521,0.04722202238231451,EXP_CatBoostModel_Alpha158_csi300_custom_step0_s_20260909_19,88bbaf3ab76349b8af4781a634f8b011,0.035,,,
3014,2026-09-09,SH688981,-0.01300850734004765,EXP_CatBoostModel_Alpha158_csi300_custom_step0_s_20260909_19,88bbaf3ab76349b8af4781a634f8b011,0.035,,,
3015,2026-09-09,SZ000002,0.0024403512290123875,EXP_CatBoostModel_Alpha158_csi300_custom_step0_s_20260909_19,88bbaf3ab76349b8af4781a634f8b011,0.035,,,
3016,2026-09-09,SH601088,-0.0013459079823379253,EXP_CatBoostModel_Alpha158_csi300_custom_step0_s_20260909_19,88bbaf3ab76349b8af4781a634f8b011,0.035,,,
3017,2026-09-09,SH601077,0.012601329738023564,EXP_CatBoostModel_Alpha158_csi300_custom_step0_s_20260909_19,88bbaf3ab76349b8af4781a634f8b011,0.035,,,
3018,2026-09-09,SH601066,-0.021255744480741315,EXP_CatBoostModel_Alpha158_csi300_custom_step0_s_20260909_19,88bbaf3ab76349b8af4781a634f8b011,0.035,,,
3019,2026-09-09,SZ301236,-0.0066145951534162,EXP_CatBoostModel_Alpha158_csi300_custom_step0_s_20260909_19,2be6e40739b444d2b2670912562f99e8,0.104,,,
3020,2026-09-09,SZ301269,-0.012385588702024861,EXP_CatBoostModel_Alpha158_csi300_custom_step0_s_20260909_19,2be6e40739b444d2b2670912562f99e8,0.104,,,
3021,2026-09-09,SZ301308,-0.008162227786178984,EXP_CatBoostModel_Alpha158_csi300_custom_step0_s_20260909_19,2be6e40739b444d2b2670912562f99e8,0.104,,,
3022,2026-09-09,SZ302132,-0.0027231016884837395,EXP_CatBoostModel_Alpha158_csi300_custom_step0_s_20260909_19,2be6e40739b444d2b2670912562f99e8,0.104,,,
3023,2026-09-09,SH600000,0.00901476981173337,EXP_CatBoostModel_Alpha158_csi300_custom_step0_s_20260909_19,88bbaf3ab76349b8af4781a634f8b011,0.035,,,
3024,2026-09-09,SH600009,0.016320101510763404,EXP_CatBoostModel_Alpha158_csi300_custom_step0_s_20260909_19,88bbaf3ab76349b8af4781a634f8b011,0.035,,,
3025,2026-09-09,SH600010,0.010516746197875187,EXP_CatBoostModel_Alpha158_csi300_custom_step0_s_20260909_19,88bbaf3ab76349b8af4781a634f8b011,0.035,,,
3026,2026-09-09,SH600011,0.00824803211719872,EXP_CatBoostModel_Alpha158_csi300_custom_step0_s_20260909_19,88bbaf3ab76349b8af4781a634f8b011,0.035,,,
3027,2026-09-09,SH600015,-0.009176003308239061,EXP_CatBoostModel_Alpha158_csi300_custom_step0_s_20260909_19,88bbaf3ab76349b8af4781a634f8b011,0.035,,,
3028,2026-09-09,SH600016,0.0009045741935394112,EXP_CatBoostModel_Alpha158_csi300_custom_step0_s_20260909_19,88bbaf3ab76349b8af4781a634f8b011,0.035,,,
3029,2026-09-09,SH600018,-0.004552340079279722,EXP_CatBoostModel_Alpha158_csi300_custom_step0_s_20260909_19,88bbaf3ab76349b8af4781a634f8b011,0.035,,,
3030,2026-09-09,SH600019,0.01046669971362301,EXP_CatBoostModel_Alpha158_csi300_custom_step0_s_20260909_19,88bbaf3ab76349b8af4781a634f8b011,0.035,,,
3031,2026-09-09,SH600023,0.011178590671087006,EXP_CatBoostModel_Alpha158_csi300_custom_step0_s_20260909_19,88bbaf3ab76349b8af4781a634f8b011,0.035,,,
3032,2026-09-09,SH600025,0.014000575755284175,EXP_CatBoostModel_Alpha158_csi300_custom_step0_s_20260909_19,88bbaf3ab76349b8af4781a634f8b011,0.035,,,
3033,2026-09-09,SH600026,0.011482580505895783,EXP_CatBoostModel_Alpha158_csi300_custom_step0_s_20260909_19,88bbaf3ab76349b8af4781a634f8b011,0.035,,,
3034,2026-09-09,SH600027,0.0010827724544396505,EXP_CatBoostModel_Alpha158_csi300_custom_step0_s_20260909_19,88bbaf3ab76349b8af4781a634f8b011,0.035,,,
3035,2026-09-09,SH600028,0.002528057835283893,EXP_CatBoostModel_Alpha158_csi300_custom_step0_s_20260909_19,88bbaf3ab76349b8af4781a634f8b011,0.035,,,
3036,2026-09-09,SH600029,0.004895745536533145,EXP_CatBoostModel_Alpha158_csi300_custom_step0_s_20260909_19,88bbaf3ab76349b8af4781a634f8b011,0.035,,,
3037,2026-09-09,SH600030,0.005429939545967831,EXP_CatBoostModel_Alpha158_csi300_custom_step0_s_20260909_19,88bbaf3ab76349b8af4781a634f8b011,0.035,,,
3038,2026-09-09,SH600031,-0.0022871045649024307,EXP_CatBoostModel_Alpha158_csi300_custom_step0_s_20260909_19,88bbaf3ab76349b8af4781a634f8b011,0.035,,,
3039,2026-09-09,SH600036,0.0034378307211320423,EXP_CatBoostModel_Alpha158_csi300_custom_step0_s_20260909_19,88bbaf3ab76349b8af4781a634f8b011,0.035,,,
3040,2026-09-09,SH600039,-0.004640775344179736,EXP_CatBoostModel_Alpha158_csi300_custom_step0_s_20260909_19,88bbaf3ab76349b8af4781a634f8b011,0.035,,,
3041,2026-09-09,SH600048,-0.003993440348850038,EXP_CatBoostModel_Alpha158_csi300_custom_step0_s_20260909_19,88bbaf3ab76349b8af4781a634f8b011,0.035,,,
3042,2026-09-09,SH600050,0.00775100924556129,EXP_CatBoostModel_Alpha158_csi300_custom_step0_s_20260909_19,88bbaf3ab76349b8af4781a634f8b011,0.035,,,
3043,2026-09-09,SH600061,0.019562270151221806,EXP_CatBoostModel_Alpha158_csi300_custom_step0_s_20260909_19,88bbaf3ab76349b8af4781a634f8b011,0.035,,,
3044,2026-09-09,SH600066,-0.005004322682199381,EXP_CatBoostModel_Alpha158_csi300_custom_step0_s_20260909_19,88bbaf3ab76349b8af4781a634f8b011,0.035,,,
3045,2026-09-09,SH600085,0.010915902575184844,EXP_CatBoostModel_Alpha158_csi300_custom_step0_s_20260909_19,88bbaf3ab76349b8af4781a634f8b011,0.035,,,
3046,2026-09-09,SH600089,-0.0008864806817600111,EXP_CatBoostModel_Alpha158_csi300_custom_step0_s_20260909_19,88bbaf3ab76349b8af4781a634f8b011,0.035,,,
3047,2026-09-09,SH600104,0.0006545600869296786,EXP_CatBoostModel_Alpha158_csi300_custom_step0_s_20260909_19,88bbaf3ab76349b8af4781a634f8b011,0.035,,,
3048,2026-09-09,SZ301165,0.02164206016194861,EXP_CatBoostModel_Alpha158_csi300_custom_step0_s_20260909_19,2be6e40739b444d2b2670912562f99e8,0.104,,,
3049,2026-09-09,SH600111,-0.011604410729808678,EXP_CatBoostModel_Alpha158_csi300_custom_step0_s_20260909_19,88bbaf3ab76349b8af4781a634f8b011,0.035,,,
3050,2026-09-09,SZ300999,-0.0035591037904936416,EXP_CatBoostModel_Alpha158_csi300_custom_step0_s_20260909_19,2be6e40739b444d2b2670912562f99e8,0.104,,,
3051,2026-09-09,SZ300866,-0.0012857350927275519,EXP_CatBoostModel_Alpha158_csi300_custom_step0_s_20260909_19,2be6e40739b444d2b2670912562f99e8,0.104,,,
3052,2026-09-09,SZ002920,-0.012842865667458481,EXP_CatBoostModel_Alpha158_csi300_custom_step0_s_20260909_19,2be6e40739b444d2b2670912562f99e8,0.104,,,
3053,2026-09-09,SZ002938,-0.007701042361209471,EXP_CatBoostModel_Alpha158_csi300_custom_step0_s_20260909_19,2be6e40739b444d2b2670912562f99e8,0.104,,,
3054,2026-09-09,SZ003816,0.006122520251210239,EXP_CatBoostModel_Alpha158_csi300_custom_step0_s_20260909_19,2be6e40739b444d2b2670912562f99e8,0.104,,,
3055,2026-09-09,SZ300014,-0.005405863378301381,EXP_CatBoostModel_Alpha158_csi300_custom_step0_s_20260909_19,2be6e40739b444d2b2670912562f99e8,0.104,,,
3056,2026-09-09,SZ300015,0.0042631147744094135,EXP_CatBoostModel_Alpha158_csi300_custom_step0_s_20260909_19,2be6e40739b444d2b2670912562f99e8,0.104,,,
3057,2026-09-09,SZ300033,-0.005157938491994256,EXP_CatBoostModel_Alpha158_csi300_custom_step0_s_20260909_19,2be6e40739b444d2b2670912562f99e8,0.104,,,
3058,2026-09-09,SZ300059,0.009588990134166699,EXP_CatBoostModel_Alpha158_csi300_custom_step0_s_20260909_19,2be6e40739b444d2b2670912562f99e8,0.104,,,
3059,2026-09-09,SZ300122,-0.004249017364703448,EXP_CatBoostModel_Alpha158_csi300_custom_step0_s_20260909_19,2be6e40739b444d2b2670912562f99e8,0.104,,,
3060,2026-09-09,SZ300124,-0.007180213703504276,EXP_CatBoostModel_Alpha158_csi300_custom_step0_s_20260909_19,2be6e40739b444d2b2670912562f99e8,0.104,,,
3061,2026-09-09,SZ300251,-0.007422565599714256,EXP_CatBoostModel_Alpha158_csi300_custom_step0_s_20260909_19,2be6e40739b444d2b2670912562f99e8,0.104,,,
3062,2026-09-09,SZ300274,0.029176310946216148,EXP_CatBoostModel_Alpha158_csi300_custom_step0_s_20260909_19,2be6e40739b444d2b2670912562f99e8,0.104,,,
3063,2026-09-09,SZ300308,-0.008672001235244035,EXP_CatBoostModel_Alpha158_csi300_custom_step0_s_20260909_19,2be6e40739b444d2b2670912562f99e8,0.104,,,
3064,2026-09-09,SZ300316,-0.013624514045892865,EXP_CatBoostModel_Alpha158_csi300_custom_step0_s_20260909_19,2be6e40739b444d2b2670912562f99e8,0.104,,,
3065,2026-09-09,SZ300394,0.00972803380092914,EXP_CatBoostModel_Alpha158_csi300_custom_step0_s_20260909_19,2be6e40739b444d2b2670912562f99e8,0.104,,,
3066,2026-09-09,SZ300408,-0.004556516130426026,EXP_CatBoostModel_Alpha158_csi300_custom_step0_s_20260909_19,2be6e40739b444d2b2670912562f99e8,0.104,,,
3067,2026-09-09,SZ300413,0.06867301790226113,EXP_CatBoostModel_Alpha158_csi300_custom_step0_s_20260909_19,2be6e40739b444d2b2670912562f99e8,0.104,,,
3068,2026-09-09,SZ300418,-0.005672906666281258,EXP_CatBoostModel_Alpha158_csi300_custom_step0_s_20260909_19,2be6e40739b444d2b2670912562f99e8,0.104,,,
3069,2026-09-09,SZ300433,-0.01468735941565667,EXP_CatBoostModel_Alpha158_csi300_custom_step0_s_20260909_19,2be6e40739b444d2b2670912562f99e8,0.104,,,
3070,2026-09-09,SZ300442,-0.01144575605033433,EXP_CatBoostModel_Alpha158_csi300_custom_step0_s_20260909_19,2be6e40739b444d2b2670912562f99e8,0.104,,,
3071,2026-09-09,SZ300450,-0.006686905739362288,EXP_CatBoostModel_Alpha158_csi300_custom_step0_s_20260909_19,2be6e40739b444d2b2670912562f99e8,0.104,,,
3072,2026-09-09,SZ300476,0.00470533140154245,EXP_CatBoostModel_Alpha158_csi300_custom_step0_s_20260909_19,2be6e40739b444d2b2670912562f99e8,0.104,,,
3073,2026-09-09,SZ300498,-0.0025667774537884588,EXP_CatBoostModel_Alpha158_csi300_custom_step0_s_20260909_19,2be6e40739b444d2b2670912562f99e8,0.104,,,
3074,2026-09-09,SZ300502,-0.006608217753804064,EXP_CatBoostModel_Alpha158_csi300_custom_step0_s_20260909_19,2be6e40739b444d2b2670912562f99e8,0.104,,,
3075,2026-09-09,SZ300628,-0.006192586594403632,EXP_CatBoostModel_Alpha158_csi300_custom_step0_s_20260909_19,2be6e40739b444d2b2670912562f99e8,0.104,,,
3076,2026-09-09,SZ300661,-0.012385588702024861,EXP_CatBoostModel_Alpha158_csi300_custom_step0_s_20260909_19,2be6e40739b444d2b2670912562f99e8,0.104,,,
3077,2026-09-09,SZ300750,-0.003714500642165153,EXP_CatBoostModel_Alpha158_csi300_custom_step0_s_20260909_19,2be6e40739b444d2b2670912562f99e8,0.104,,,
3078,2026-09-09,SZ300760,0.0005417195699123906,EXP_CatBoostModel_Alpha158_csi300_custom_step0_s_20260909_19,2be6e40739b444d2b2670912562f99e8,0.104,,,
3079,2026-09-09,SZ300803,-0.011434196010073344,EXP_CatBoostModel_Alpha158_csi300_custom_step0_s_20260909_19,2be6e40739b444d2b2670912562f99e8,0.104,,,
3080,2026-09-09,SZ300832,-0.0030911968336412247,EXP_CatBoostModel_Alpha158_csi300_custom_step0_s_20260909_19,2be6e40739b444d2b2670912562f99e8,0.104,,,
3081,2026-09-09,SZ300896,-0.0006914903742628306,EXP_CatBoostModel_Alpha158_csi300_custom_step0_s_20260909_19,2be6e40739b444d2b2670912562f99e8,0.104,,,
3082,2026-09-09,SZ001391,0.00711285678428296,EXP_CatBoostModel_Alpha158_csi300_custom_step0_s_20260909_19,88bbaf3ab76349b8af4781a634f8b011,0.035,,,
3083,2026-09-09,SH600115,0.005793296239289489,EXP_CatBoostModel_Alpha158_csi300_custom_step0_s_20260909_19,88bbaf3ab76349b8af4781a634f8b011,0.035,,,
3084,2026-09-09,SH600150,0.0013918272396560938,EXP_CatBoostModel_Alpha158_csi300_custom_step0_s_20260909_19,88bbaf3ab76349b8af4781a634f8b011,0.035,,,
3085,2026-09-09,SH600690,0.01130190860918296,EXP_CatBoostModel_Alpha158_csi300_custom_step0_s_20260909_19,88bbaf3ab76349b8af4781a634f8b011,0.035,,,
3086,2026-09-09,SH600741,0.0064455805281923954,EXP_CatBoostModel_Alpha158_csi300_custom_step0_s_20260909_19,88bbaf3ab76349b8af4781a634f8b011,0.035,,,
3087,2026-09-09,SH600760,0.002710569619465681,EXP_CatBoostModel_Alpha158_csi300_custom_step0_s_20260909_19,88bbaf3ab76349b8af4781a634f8b011,0.035,,,
3088,2026-09-09,SH600795,0.008909222667105388,EXP_CatBoostModel_Alpha158_csi300_custom_step0_s_20260909_19,88bbaf3ab76349b8af4781a634f8b011,0.035,,,
3089,2026-09-09,SH600803,-0.0013744023612452753,EXP_CatBoostModel_Alpha158_csi300_custom_step0_s_20260909_19,88bbaf3ab76349b8af4781a634f8b011,0.035,,,
3090,2026-09-09,SH600809,-0.014253694051346728,EXP_CatBoostModel_Alpha158_csi300_custom_step0_s_20260909_19,88bbaf3ab76349b8af4781a634f8b011,0.035,,,
3091,2026-09-09,SH600845,-0.003102491828458507,EXP_CatBoostModel_Alpha158_csi300_custom_step0_s_20260909_19,88bbaf3ab76349b8af4781a634f8b011,0.035,,,
3092,2026-09-09,SH600875,-0.0037195848456577016,EXP_CatBoostModel_Alpha158_csi300_custom_step0_s_20260909_19,88bbaf3ab76349b8af4781a634f8b011,0.035,,,
3093,2026-09-09,SH600886,-0.0012497154640181522,EXP_CatBoostModel_Alpha158_csi300_custom_step0_s_20260909_19,88bbaf3ab76349b8af4781a634f8b011,0.035,,,
3094,2026-09-09,SH600887,0.012020228738832333,EXP_CatBoostModel_Alpha158_csi300_custom_step0_s_20260909_19,88bbaf3ab76349b8af4781a634f8b011,0.035,,,
3095,2026-09-09,SH600893,0.002167680576845857,EXP_CatBoostModel_Alpha158_csi300_custom_step0_s_20260909_19,88bbaf3ab76349b8af4781a634f8b011,0.035,,,
3096,2026-09-09,SH600900,0.01362474569717342,EXP_CatBoostModel_Alpha158_csi300_custom_step0_s_20260909_19,88bbaf3ab76349b8af4781a634f8b011,0.035,,,
3097,2026-09-09,SH600905,0.0055051471604059335,EXP_CatBoostModel_Alpha158_csi300_custom_step0_s_20260909_19,88bbaf3ab76349b8af4781a634f8b011,0.035,,,
3098,2026-09-09,SH600918,0.008222998434808575,EXP_CatBoostModel_Alpha158_csi300_custom_step0_s_20260909_19,88bbaf3ab76349b8af4781a634f8b011,0.035,,,
3099,2026-09-09,SH600919,0.019945532902846244,EXP_CatBoostModel_Alpha158_csi300_custom_step0_s_20260909_19,88bbaf3ab76349b8af4781a634f8b011,0.035,,,
3100,2026-09-09,SH600926,0.01995206172817835,EXP_CatBoostModel_Alpha158_csi300_custom_step0_s_20260909_19,88bbaf3ab76349b8af4781a634f8b011,0.035,,,
3101,2026-09-09,SH600930,0.003490106346780971,EXP_CatBoostModel_Alpha158_csi300_custom_step0_s_20260909_19,88bbaf3ab76349b8af4781a634f8b011,0.035,,,
3102,2026-09-09,SH600938,0.008420208383082928,EXP_CatBoostModel_Alpha158_csi300_custom_step0_s_20260909_19,88bbaf3ab76349b8af4781a634f8b011,0.035,,,
3103,2026-09-09,SH600941,0.016635740266400925,EXP_CatBoostModel_Alpha158_csi300_custom_step0_s_20260909_19,88bbaf3ab76349b8af4781a634f8b011,0.035,,,
3104,2026-09-09,SH600958,0.014612324673531667,EXP_CatBoostModel_Alpha158_csi300_custom_step0_s_20260909_19,88bbaf3ab76349b8af4781a634f8b011,0.035,,,
3105,2026-09-09,SH600989,-0.010586572331232105,EXP_CatBoostModel_Alpha158_csi300_custom_step0_s_20260909_19,88bbaf3ab76349b8af4781a634f8b011,0.035,,,
3106,2026-09-09,SH600999,-0.0020734034815378306,EXP_CatBoostModel_Alpha158_csi300_custom_step0_s_20260909_19,88bbaf3ab76349b8af4781a634f8b011,0.035,,,
3107,2026-09-09,SH601006,0.01356497112681704,EXP_CatBoostModel_Alpha158_csi300_custom_step0_s_20260909_19,88bbaf3ab76349b8af4781a634f8b011,0.035,,,
3108,2026-09-09,SH601009,0.01318800272063337,EXP_CatBoostModel_Alpha158_csi300_custom_step0_s_20260909_19,88bbaf3ab76349b8af4781a634f8b011,0.035,,,
3109,2026-09-09,SH601012,-0.01062642700911964,EXP_CatBoostModel_Alpha158_csi300_custom_step0_s_20260909_19,88bbaf3ab76349b8af4781a634f8b011,0.035,,,
3110,2026-09-09,SH601018,0.03539573771592155,EXP_CatBoostModel_Alpha158_csi300_custom_step0_s_20260909_19,88bbaf3ab76349b8af4781a634f8b011,0.035,,,
3111,2026-09-09,SH601021,0.004126765450187926,EXP_CatBoostModel_Alpha158_csi300_custom_step0_s_20260909_19,88bbaf3ab76349b8af4781a634f8b011,0.035,,,
3112,2026-09-09,SH601058,-0.010775410945778168,EXP_CatBoostModel_Alpha158_csi300_custom_step0_s_20260909_19,88bbaf3ab76349b8af4781a634f8b011,0.035,,,
3113,2026-09-09,SH601059,-0.009690565580504332,EXP_CatBoostModel_Alpha158_csi300_custom_step0_s_20260909_19,88bbaf3ab76349b8af4781a634f8b011,0.035,,,
3114,2026-09-09,SH600674,0.022740957863977437,EXP_CatBoostModel_Alpha158_csi300_custom_step0_s_20260909_19,88bbaf3ab76349b8af4781a634f8b011,0.035,,,
3115,2026-09-09,SH600118,-0.012521247366153848,EXP_CatBoostModel_Alpha158_csi300_custom_step0_s_20260909_19,88bbaf3ab76349b8af4781a634f8b011,0.035,,,
3116,2026-09-09,SH600660,-0.009148792879062189,EXP_CatBoostModel_Alpha158_csi300_custom_step0_s_20260909_19,88bbaf3ab76349b8af4781a634f8b011,0.035,,,
3117,2026-09-09,SH600588,-0.013414925524634153,EXP_CatBoostModel_Alpha158_csi300_custom_step0_s_20260909_19,88bbaf3ab76349b8af4781a634f8b011,0.035,,,
3118,2026-09-09,SH600160,-0.012521247366153848,EXP_CatBoostModel_Alpha158_csi300_custom_step0_s_20260909_19,88bbaf3ab76349b8af4781a634f8b011,0.035,,,
3119,2026-09-09,SH600176,-0.04511368048946581,EXP_CatBoostModel_Alpha158_csi300_custom_step0_s_20260909_19,88bbaf3ab76349b8af4781a634f8b011,0.035,,,
3120,2026-09-09,SH600183,-0.00013307743372741008,EXP_CatBoostModel_Alpha158_csi300_custom_step0_s_20260909_19,88bbaf3ab76349b8af4781a634f8b011,0.035,,,
3121,2026-09-09,SH600188,-0.004573221580986,EXP_CatBoostModel_Alpha158_csi300_custom_step0_s_20260909_19,88bbaf3ab76349b8af4781a634f8b011,0.035,,,
3122,2026-09-09,SH600196,-0.001970226881874178,EXP_CatBoostModel_Alpha158_csi300_custom_step0_s_20260909_19,88bbaf3ab76349b8af4781a634f8b011,0.035,,,
3123,2026-09-09,SH600219,0.006160308028413872,EXP_CatBoostModel_Alpha158_csi300_custom_step0_s_20260909_19,88bbaf3ab76349b8af4781a634f8b011,0.035,,,
3124,2026-09-09,SH600221,0.00789030498774803,EXP_CatBoostModel_Alpha158_csi300_custom_step0_s_20260909_19,88bbaf3ab76349b8af4781a634f8b011,0.035,,,
3125,2026-09-09,SH600233,0.0010093157072062291,EXP_CatBoostModel_Alpha158_csi300_custom_step0_s_20260909_19,88bbaf3ab76349b8af4781a634f8b011,0.035,,,
3126,2026-09-09,SH600276,-0.008806424598322439,EXP_CatBoostModel_Alpha158_csi300_custom_step0_s_20260909_19,88bbaf3ab76349b8af4781a634f8b011,0.035,,,
3127,2026-09-09,SH600309,0.00714507125822802,EXP_CatBoostModel_Alpha158_csi300_custom_step0_s_20260909_19,88bbaf3ab76349b8af4781a634f8b011,0.035,,,
3128,2026-09-09,SH600346,-0.005029154352915508,EXP_CatBoostModel_Alpha158_csi300_custom_step0_s_20260909_19,88bbaf3ab76349b8af4781a634f8b011,0.035,,,
3129,2026-09-09,SH600362,0.00020348479253920977,EXP_CatBoostModel_Alpha158_csi300_custom_step0_s_20260909_19,88bbaf3ab76349b8af4781a634f8b011,0.035,,,
3130,2026-09-09,SH600372,0.0069137218440434405,EXP_CatBoostModel_Alpha158_csi300_custom_step0_s_20260909_19,88bbaf3ab76349b8af4781a634f8b011,0.035,,,
3131,2026-09-09,SH600406,0.002893645989806403,EXP_CatBoostModel_Alpha158_csi300_custom_step0_s_20260909_19,88bbaf3ab76349b8af4781a634f8b011,0.035,,,
3132,2026-09-09,SH600415,-0.006242125552798482,EXP_CatBoostModel_Alpha158_csi300_custom_step0_s_20260909_19,88bbaf3ab76349b8af4781a634f8b011,0.035,,,
3133,2026-09-09,SH600426,-0.00766777256646881,EXP_CatBoostModel_Alpha158_csi300_custom_step0_s_20260909_19,88bbaf3ab76349b8af4781a634f8b011,0.035,,,
3134,2026-09-09,SH600436,-0.003375319320778833,EXP_CatBoostModel_Alpha158_csi300_custom_step0_s_20260909_19,88bbaf3ab76349b8af4781a634f8b011,0.035,,,
3135,2026-09-09,SH600438,-0.013731499648853349,EXP_CatBoostModel_Alpha158_csi300_custom_step0_s_20260909_19,88bbaf3ab76349b8af4781a634f8b011,0.035,,,
3136,2026-09-09,SH600460,0.0024871250297402864,EXP_CatBoostModel_Alpha158_csi300_custom_step0_s_20260909_19,88bbaf3ab76349b8af4781a634f8b011,0.035,,,
3137,2026-09-09,SH600482,0.001988314221502876,EXP_CatBoostModel_Alpha158_csi300_custom_step0_s_20260909_19,88bbaf3ab76349b8af4781a634f8b011,0.035,,,
3138,2026-09-09,SH600489,-0.0030735743424774756,EXP_CatBoostModel_Alpha158_csi300_custom_step0_s_20260909_19,88bbaf3ab76349b8af4781a634f8b011,0.035,,,
3139,2026-09-09,SH600515,0.0057109136447252495,EXP_CatBoostModel_Alpha158_csi300_custom_step0_s_20260909_19,88bbaf3ab76349b8af4781a634f8b011,0.035,,,
3140,2026-09-09,SH600519,0.013585599666837218,EXP_CatBoostModel_Alpha158_csi300_custom_step0_s_20260909_19,88bbaf3ab76349b8af4781a634f8b011,0.035,,,
3141,2026-09-09,SH600522,-0.029659178641327503,EXP_CatBoostModel_Alpha158_csi300_custom_step0_s_20260909_19,88bbaf3ab76349b8af4781a634f8b011,0.035,,,
3142,2026-09-09,SH600547,0.013717428198729393,EXP_CatBoostModel_Alpha158_csi300_custom_step0_s_20260909_19,88bbaf3ab76349b8af4781a634f8b011,0.035,,,
3143,2026-09-09,SH600549,-0.027216280917579497,EXP_CatBoostModel_Alpha158_csi300_custom_step0_s_20260909_19,88bbaf3ab76349b8af4781a634f8b011,0.035,,,
3144,2026-09-09,SH600570,-0.00982508606785279,EXP_CatBoostModel_Alpha158_csi300_custom_step0_s_20260909_19,88bbaf3ab76349b8af4781a634f8b011,0.035,,,
3145,2026-09-09,SH600584,-0.008590355786959622,EXP_CatBoostModel_Alpha158_csi300_custom_step0_s_20260909_19,88bbaf3ab76349b8af4781a634f8b011,0.035,,,
3146,2026-09-09,SH600585,0.01730347715705004,EXP_CatBoostModel_Alpha158_csi300_custom_step0_s_20260909_19,88bbaf3ab76349b8af4781a634f8b011,0.035,,,
3147,2026-09-09,SH600600,0.0008336684891746182,EXP_CatBoostModel_Alpha158_csi300_custom_step0_s_20260909_19,88bbaf3ab76349b8af4781a634f8b011,0.035,,,
3148,2026-09-09,SH601916,0.003144355779797505,EXP_LGBModel_Alpha158_csi300_custom_step0_s_20260909_19,6f42c799d62142c0aab2d94aa0b563a5,0.113,,,
3149,2026-09-09,SH601919,-0.0031688240626790236,EXP_LGBModel_Alpha158_csi300_custom_step0_s_20260909_19,6f42c799d62142c0aab2d94aa0b563a5,0.113,,,
3150,2026-09-09,SH601939,-0.00030436299078269365,EXP_LGBModel_Alpha158_csi300_custom_step0_s_20260909_19,6f42c799d62142c0aab2d94aa0b563a5,0.113,,,
3151,2026-09-09,SZ002353,-0.01922420855303352,EXP_DEnsembleModel_Alpha158_csi300_custom_step0_s_20260909_16,f065883b84124941aadef0590f7eef65,0.091,,,
3152,2026-09-09,SZ002371,0.024521940767209514,EXP_DEnsembleModel_Alpha158_csi300_custom_step0_s_20260909_16,f065883b84124941aadef0590f7eef65,0.091,,,
3153,2026-09-09,SZ002384,-0.09352980433698677,EXP_DEnsembleModel_Alpha158_csi300_custom_step0_s_20260909_16,f065883b84124941aadef0590f7eef65,0.091,,,
3154,2026-09-09,SZ002415,0.0742512796150515,EXP_DEnsembleModel_Alpha158_csi300_custom_step0_s_20260909_16,f065883b84124941aadef0590f7eef65,0.091,,,
3155,2026-09-09,SZ002422,0.0795656156410697,EXP_DEnsembleModel_Alpha158_csi300_custom_step0_s_20260909_16,f065883b84124941aadef0590f7eef65,0.091,,,
3156,2026-09-09,SZ002460,-0.07846726073854855,EXP_DEnsembleModel_Alpha158_csi300_custom_step0_s_20260909_16,f065883b84124941aadef0590f7eef65,0.091,,,
3157,2026-09-09,SZ002463,-0.1603381630899512,EXP_DEnsembleModel_Alpha158_csi300_custom_step0_s_20260909_16,f065883b84124941aadef0590f7eef65,0.091,,,
3158,2026-09-09,SZ002466,-0.01838596908367105,EXP_DEnsembleModel_Alpha158_csi300_custom_step0_s_20260909_16,f065883b84124941aadef0590f7eef65,0.091,,,
3159,2026-09-09,SZ002475,-0.00963413411691034,EXP_DEnsembleModel_Alpha158_csi300_custom_step0_s_20260909_16,f065883b84124941aadef0590f7eef65,0.091,,,
3160,2026-09-09,SZ002493,-0.15688861761466985,EXP_DEnsembleModel_Alpha158_csi300_custom_step0_s_20260909_16,f065883b84124941aadef0590f7eef65,0.091,,,
3161,2026-09-09,SZ002532,-0.03714674191719722,EXP_DEnsembleModel_Alpha158_csi300_custom_step0_s_20260909_16,f065883b84124941aadef0590f7eef65,0.091,,,
3162,2026-09-09,SZ002558,-0.04413966666033707,EXP_DEnsembleModel_Alpha158_csi300_custom_step0_s_20260909_16,f065883b84124941aadef0590f7eef65,0.091,,,
3163,2026-09-09,SZ002594,0.02153074742382369,EXP_DEnsembleModel_Alpha158_csi300_custom_step0_s_20260909_16,f065883b84124941aadef0590f7eef65,0.091,,,
3164,2026-09-09,SZ002352,0.046399376485777695,EXP_DEnsembleModel_Alpha158_csi300_custom_step0_s_20260909_16,f065883b84124941aadef0590f7eef65,0.091,,,
3165,2026-09-09,SZ002600,0.06388036142666491,EXP_DEnsembleModel_Alpha158_csi300_custom_step0_s_20260909_16,f065883b84124941aadef0590f7eef65,0.091,,,
3166,2026-09-09,SZ002625,-0.011276647580593576,EXP_DEnsembleModel_Alpha158_csi300_custom_step0_s_20260909_16,f065883b84124941aadef0590f7eef65,0.091,,,
3167,2026-09-09,SZ002648,-0.0880438871969378,EXP_DEnsembleModel_Alpha158_csi300_custom_step0_s_20260909_16,f065883b84124941aadef0590f7eef65,0.091,,,
3168,2026-09-09,SZ002709,0.009478545061837844,EXP_DEnsembleModel_Alpha158_csi300_custom_step0_s_20260909_16,f065883b84124941aadef0590f7eef65,0.091,,,
3169,2026-09-09,SZ002714,-0.05601853919478432,EXP_DEnsembleModel_Alpha158_csi300_custom_step0_s_20260909_16,f065883b84124941aadef0590f7eef65,0.091,,,
3170,2026-09-09,SZ002736,0.0718493065118878,EXP_DEnsembleModel_Alpha158_csi300_custom_step0_s_20260909_16,f065883b84124941aadef0590f7eef65,0.091,,,
3171,2026-09-09,SZ002837,0.035659258343607676,EXP_DEnsembleModel_Alpha158_csi300_custom_step0_s_20260909_16,f065883b84124941aadef0590f7eef65,0.091,,,
3172,2026-09-09,SZ002916,-0.14115526851728236,EXP_DEnsembleModel_Alpha158_csi300_custom_step0_s_20260909_16,f065883b84124941aadef0590f7eef65,0.091,,,
3173,2026-09-09,SZ002920,-0.06450203833631447,EXP_DEnsembleModel_Alpha158_csi300_custom_step0_s_20260909_16,f065883b84124941aadef0590f7eef65,0.091,,,
3174,2026-09-09,SZ002938,-0.0990831127749528,EXP_DEnsembleModel_Alpha158_csi300_custom_step0_s_20260909_16,f065883b84124941aadef0590f7eef65,0.091,,,
3175,2026-09-09,SZ003816,0.0784206155996004,EXP_DEnsembleModel_Alpha158_csi300_custom_step0_s_20260909_16,f065883b84124941aadef0590f7eef65,0.091,,,
3176,2026-09-09,SZ300014,-0.03888107744706536,EXP_DEnsembleModel_Alpha158_csi300_custom_step0_s_20260909_16,f065883b84124941aadef0590f7eef65,0.091,,,
3177,2026-09-09,SZ300015,0.07387958270824112,EXP_DEnsembleModel_Alpha158_csi300_custom_step0_s_20260909_16,f065883b84124941aadef0590f7eef65,0.091,,,
3178,2026-09-09,SZ300033,-0.09030637264323328,EXP_DEnsembleModel_Alpha158_csi300_custom_step0_s_20260909_16,f065883b84124941aadef0590f7eef65,0.091,,,
3179,2026-09-09,SZ002602,-0.060414491257432014,EXP_DEnsembleModel_Alpha158_csi300_custom_step0_s_20260909_16,f065883b84124941aadef0590f7eef65,0.091,,,
3180,2026-09-09,SZ002311,0.030251314035767432,EXP_DEnsembleModel_Alpha158_csi300_custom_step0_s_20260909_16,f065883b84124941aadef0590f7eef65,0.091,,,
3181,2026-09-09,SZ002304,0.0013929629858974817,EXP_DEnsembleModel_Alpha158_csi300_custom_step0_s_20260909_16,f065883b84124941aadef0590f7eef65,0.091,,,
3182,2026-09-09,SZ002241,-0.042380016423136165,EXP_DEnsembleModel_Alpha158_csi300_custom_step0_s_20260909_16,f065883b84124941aadef0590f7eef65,0.091,,,
3183,2026-09-09,SZ000708,0.08663553707965696,EXP_DEnsembleModel_Alpha158_csi300_custom_step0_s_20260909_16,f065883b84124941aadef0590f7eef65,0.091,,,
3184,2026-09-09,SZ000725,0.015462479473730502,EXP_DEnsembleModel_Alpha158_csi300_custom_step0_s_20260909_16,f065883b84124941aadef0590f7eef65,0.091,,,
3185,2026-09-09,SZ000768,0.07197361057749746,EXP_DEnsembleModel_Alpha158_csi300_custom_step0_s_20260909_16,f065883b84124941aadef0590f7eef65,0.091,,,
3186,2026-09-09,SZ000776,0.029894645851605946,EXP_DEnsembleModel_Alpha158_csi300_custom_step0_s_20260909_16,f065883b84124941aadef0590f7eef65,0.091,,,
3187,2026-09-09,SZ000792,-0.014817084903106615,EXP_DEnsembleModel_Alpha158_csi300_custom_step0_s_20260909_16,f065883b84124941aadef0590f7eef65,0.091,,,
3188,2026-09-09,SZ000807,0.018126313064664716,EXP_DEnsembleModel_Alpha158_csi300_custom_step0_s_20260909_16,f065883b84124941aadef0590f7eef65,0.091,,,
3189,2026-09-09,SZ000858,0.033839614874444486,EXP_DEnsembleModel_Alpha158_csi300_custom_step0_s_20260909_16,f065883b84124941aadef0590f7eef65,0.091,,,
3190,2026-09-09,SZ000895,0.07671067259325204,EXP_DEnsembleModel_Alpha158_csi300_custom_step0_s_20260909_16,f065883b84124941aadef0590f7eef65,0.091,,,
3191,2026-09-09,SZ000938,-0.03799254601320256,EXP_DEnsembleModel_Alpha158_csi300_custom_step0_s_20260909_16,f065883b84124941aadef0590f7eef65,0.091,,,
3192,2026-09-09,SZ000963,0.015089538485348494,EXP_DEnsembleModel_Alpha158_csi300_custom_step0_s_20260909_16,f065883b84124941aadef0590f7eef65,0.091,,,
3193,2026-09-09,SZ000975,-0.05140153994906221,EXP_DEnsembleModel_Alpha158_csi300_custom_step0_s_20260909_16,f065883b84124941aadef0590f7eef65,0.091,,,
3194,2026-09-09,SZ000977,0.00789336936635861,EXP_DEnsembleModel_Alpha158_csi300_custom_step0_s_20260909_16,f065883b84124941aadef0590f7eef65,0.091,,,
3195,2026-09-09,SZ000988,-0.01018362293135939,EXP_DEnsembleModel_Alpha158_csi300_custom_step0_s_20260909_16,f065883b84124941aadef0590f7eef65,0.091,,,
3196,2026-09-09,SZ000999,0.06380186762463481,EXP_DEnsembleModel_Alpha158_csi300_custom_step0_s_20260909_16,f065883b84124941aadef0590f7eef65,0.091,,,
3197,2026-09-09,SZ001280,-0.05968155900329029,EXP_DEnsembleModel_Alpha158_csi300_custom_step0_s_20260909_16,f065883b84124941aadef0590f7eef65,0.091,,,
3198,2026-09-09,SZ001391,0.07205591595759614,EXP_DEnsembleModel_Alpha158_csi300_custom_step0_s_20260909_16,f065883b84124941aadef0590f7eef65,0.091,,,
3199,2026-09-09,SZ001965,0.08406255228037338,EXP_DEnsembleModel_Alpha158_csi300_custom_step0_s_20260909_16,f065883b84124941aadef0590f7eef65,0.091,,,
3200,2026-09-09,SZ001979,0.05252846622834294,EXP_DEnsembleModel_Alpha158_csi300_custom_step0_s_20260909_16,f065883b84124941aadef0590f7eef65,0.091,,,
3201,2026-09-09,SZ002001,-0.0005130214547403993,EXP_DEnsembleModel_Alpha158_csi300_custom_step0_s_20260909_16,f065883b84124941aadef0590f7eef65,0.091,,,
3202,2026-09-09,SZ002027,0.10886576651549648,EXP_DEnsembleModel_Alpha158_csi300_custom_step0_s_20260909_16,f065883b84124941aadef0590f7eef65,0.091,,,
3203,2026-09-09,SZ002028,0.09659301610439013,EXP_DEnsembleModel_Alpha158_csi300_custom_step0_s_20260909_16,f065883b84124941aadef0590f7eef65,0.091,,,
3204,2026-09-09,SZ002049,-0.026678434360470522,EXP_DEnsembleModel_Alpha158_csi300_custom_step0_s_20260909_16,f065883b84124941aadef0590f7eef65,0.091,,,
3205,2026-09-09,SZ002050,0.06352267682886885,EXP_DEnsembleModel_Alpha158_csi300_custom_step0_s_20260909_16,f065883b84124941aadef0590f7eef65,0.091,,,
3206,2026-09-09,SZ002074,-0.03989538383320271,EXP_DEnsembleModel_Alpha158_csi300_custom_step0_s_20260909_16,f065883b84124941aadef0590f7eef65,0.091,,,
3207,2026-09-09,SZ002142,0.06386297215625761,EXP_DEnsembleModel_Alpha158_csi300_custom_step0_s_20260909_16,f065883b84124941aadef0590f7eef65,0.091,,,
3208,2026-09-09,SZ002179,-0.03612060679142854,EXP_DEnsembleModel_Alpha158_csi300_custom_step0_s_20260909_16,f065883b84124941aadef0590f7eef65,0.091,,,
3209,2026-09-09,SZ002202,-0.0038150784477276444,EXP_DEnsembleModel_Alpha158_csi300_custom_step0_s_20260909_16,f065883b84124941aadef0590f7eef65,0.091,,,
3210,2026-09-09,SZ002230,-0.018122120868625628,EXP_DEnsembleModel_Alpha158_csi300_custom_step0_s_20260909_16,f065883b84124941aadef0590f7eef65,0.091,,,
3211,2026-09-09,SZ002236,0.10615861886778173,EXP_DEnsembleModel_Alpha158_csi300_custom_step0_s_20260909_16,f065883b84124941aadef0590f7eef65,0.091,,,
3212,2026-09-09,SZ300059,-0.005947667726267307,EXP_DEnsembleModel_Alpha158_csi300_custom_step0_s_20260909_16,f065883b84124941aadef0590f7eef65,0.091,,,
3213,2026-09-09,SZ300122,-0.1065594354221455,EXP_DEnsembleModel_Alpha158_csi300_custom_step0_s_20260909_16,f065883b84124941aadef0590f7eef65,0.091,,,
3214,2026-09-09,SZ300124,-0.031972275977013166,EXP_DEnsembleModel_Alpha158_csi300_custom_step0_s_20260909_16,f065883b84124941aadef0590f7eef65,0.091,,,
3215,2026-09-09,SZ300251,-0.06567858098313557,EXP_DEnsembleModel_Alpha158_csi300_custom_step0_s_20260909_16,f065883b84124941aadef0590f7eef65,0.091,,,
3216,2026-09-09,SH600018,-0.007406687141574878,EXP_DEnsembleModel_Alpha158_csi300_custom_step0_s_20260909_16,996af9311e244433bc969c9d87d87094,0.106,,,
3217,2026-09-09,SH600019,0.08152630999815937,EXP_DEnsembleModel_Alpha158_csi300_custom_step0_s_20260909_16,996af9311e244433bc969c9d87d87094,0.106,,,
3218,2026-09-09,SH600023,0.011442958288231735,EXP_DEnsembleModel_Alpha158_csi300_custom_step0_s_20260909_16,996af9311e244433bc969c9d87d87094,0.106,,,
3219,2026-09-09,SH600025,0.0915993118186404,EXP_DEnsembleModel_Alpha158_csi300_custom_step0_s_20260909_16,996af9311e244433bc969c9d87d87094,0.106,,,
3220,2026-09-09,SH600026,-0.036885185181367464,EXP_DEnsembleModel_Alpha158_csi300_custom_step0_s_20260909_16,996af9311e244433bc969c9d87d87094,0.106,,,
3221,2026-09-09,SH600027,0.010379061307703465,EXP_DEnsembleModel_Alpha158_csi300_custom_step0_s_20260909_16,996af9311e244433bc969c9d87d87094,0.106,,,
3222,2026-09-09,SH600028,0.05062038509897083,EXP_DEnsembleModel_Alpha158_csi300_custom_step0_s_20260909_16,996af9311e244433bc969c9d87d87094,0.106,,,
3223,2026-09-09,SH600029,0.10831692625409337,EXP_DEnsembleModel_Alpha158_csi300_custom_step0_s_20260909_16,996af9311e244433bc969c9d87d87094,0.106,,,
3224,2026-09-09,SH600030,0.06793690637021457,EXP_DEnsembleModel_Alpha158_csi300_custom_step0_s_20260909_16,996af9311e244433bc969c9d87d87094,0.106,,,
3225,2026-09-09,SH600031,-0.03847373368078776,EXP_DEnsembleModel_Alpha158_csi300_custom_step0_s_20260909_16,996af9311e244433bc969c9d87d87094,0.106,,,
3226,2026-09-09,SH600036,-0.021166521060662837,EXP_DEnsembleModel_Alpha158_csi300_custom_step0_s_20260909_16,996af9311e244433bc969c9d87d87094,0.106,,,
3227,2026-09-09,SH600039,-0.04286083776769938,EXP_DEnsembleModel_Alpha158_csi300_custom_step0_s_20260909_16,996af9311e244433bc969c9d87d87094,0.106,,,
3228,2026-09-09,SH600048,0.027280627803223278,EXP_DEnsembleModel_Alpha158_csi300_custom_step0_s_20260909_16,996af9311e244433bc969c9d87d87094,0.106,,,
3229,2026-09-09,SH600050,0.08935568756066338,EXP_DEnsembleModel_Alpha158_csi300_custom_step0_s_20260909_16,996af9311e244433bc969c9d87d87094,0.106,,,
3230,2026-09-09,SH600061,0.12371193146703818,EXP_DEnsembleModel_Alpha158_csi300_custom_step0_s_20260909_16,996af9311e244433bc969c9d87d87094,0.106,,,
3231,2026-09-09,SH600066,0.003153938004778372,EXP_DEnsembleModel_Alpha158_csi300_custom_step0_s_20260909_16,996af9311e244433bc969c9d87d87094,0.106,,,
3232,2026-09-09,SH600085,0.05569612956667348,EXP_DEnsembleModel_Alpha158_csi300_custom_step0_s_20260909_16,996af9311e244433bc969c9d87d87094,0.106,,,
3233,2026-09-09,SH600089,-0.046674474566511324,EXP_DEnsembleModel_Alpha158_csi300_custom_step0_s_20260909_16,996af9311e244433bc969c9d87d87094,0.106,,,
3234,2026-09-09,SH600104,0.05123675155000719,EXP_DEnsembleModel_Alpha158_csi300_custom_step0_s_20260909_16,996af9311e244433bc969c9d87d87094,0.106,,,
3235,2026-09-09,SH600111,-0.07615073289664819,EXP_DEnsembleModel_Alpha158_csi300_custom_step0_s_20260909_16,996af9311e244433bc969c9d87d87094,0.106,,,
3236,2026-09-09,SH600115,0.08900444413677033,EXP_DEnsembleModel_Alpha158_csi300_custom_step0_s_20260909_16,996af9311e244433bc969c9d87d87094,0.106,,,
3237,2026-09-09,SH600118,-0.01754045434059307,EXP_DEnsembleModel_Alpha158_csi300_custom_step0_s_20260909_16,996af9311e244433bc969c9d87d87094,0.106,,,
3238,2026-09-09,SH600150,0.022313424034351933,EXP_DEnsembleModel_Alpha158_csi300_custom_step0_s_20260909_16,996af9311e244433bc969c9d87d87094,0.106,,,
3239,2026-09-09,SH600160,-0.05650826563283092,EXP_DEnsembleModel_Alpha158_csi300_custom_step0_s_20260909_16,996af9311e244433bc969c9d87d87094,0.106,,,
3240,2026-09-09,SH600176,-0.15214118363141804,EXP_DEnsembleModel_Alpha158_csi300_custom_step0_s_20260909_16,996af9311e244433bc969c9d87d87094,0.106,,,
3241,2026-09-09,SH600183,-0.026441813131208785,EXP_DEnsembleModel_Alpha158_csi300_custom_step0_s_20260909_16,996af9311e244433bc969c9d87d87094,0.106,,,
3242,2026-09-09,SH600188,-0.17286722785327802,EXP_DEnsembleModel_Alpha158_csi300_custom_step0_s_20260909_16,996af9311e244433bc969c9d87d87094,0.106,,,
3243,2026-09-09,SH600196,0.07405676353764593,EXP_DEnsembleModel_Alpha158_csi300_custom_step0_s_20260909_16,996af9311e244433bc969c9d87d87094,0.106,,,
3244,2026-09-09,SH600219,0.0071024542881833455,EXP_DEnsembleModel_Alpha158_csi300_custom_step0_s_20260909_16,996af9311e244433bc969c9d87d87094,0.106,,,
3245,2026-09-09,SH600016,0.05754966306389437,EXP_DEnsembleModel_Alpha158_csi300_custom_step0_s_20260909_16,996af9311e244433bc969c9d87d87094,0.106,,,
3246,2026-09-09,SZ000657,-0.002391219705138153,EXP_DEnsembleModel_Alpha158_csi300_custom_step0_s_20260909_16,f065883b84124941aadef0590f7eef65,0.091,,,
3247,2026-09-09,SH600015,0.06977161098585205,EXP_DEnsembleModel_Alpha158_csi300_custom_step0_s_20260909_16,996af9311e244433bc969c9d87d87094,0.106,,,
3248,2026-09-09,SH600010,0.060454214781305256,EXP_DEnsembleModel_Alpha158_csi300_custom_step0_s_20260909_16,996af9311e244433bc969c9d87d87094,0.106,,,
3249,2026-09-09,SZ300274,0.09452201016755465,EXP_DEnsembleModel_Alpha158_csi300_custom_step0_s_20260909_16,f065883b84124941aadef0590f7eef65,0.091,,,
3250,2026-09-09,SZ300308,-0.0696301799199149,EXP_DEnsembleModel_Alpha158_csi300_custom_step0_s_20260909_16,f065883b84124941aadef0590f7eef65,0.091,,,
3251,2026-09-09,SZ300316,0.056705628625322115,EXP_DEnsembleModel_Alpha158_csi300_custom_step0_s_20260909_16,f065883b84124941aadef0590f7eef65,0.091,,,
3252,2026-09-09,SZ300394,-0.002584764447950191,EXP_DEnsembleModel_Alpha158_csi300_custom_step0_s_20260909_16,f065883b84124941aadef0590f7eef65,0.091,,,
3253,2026-09-09,SZ300408,-0.12203136920430453,EXP_DEnsembleModel_Alpha158_csi300_custom_step0_s_20260909_16,f065883b84124941aadef0590f7eef65,0.091,,,
3254,2026-09-09,SZ300413,0.3026542454212233,EXP_DEnsembleModel_Alpha158_csi300_custom_step0_s_20260909_16,f065883b84124941aadef0590f7eef65,0.091,,,
3255,2026-09-09,SZ300418,-0.06677558231301259,EXP_DEnsembleModel_Alpha158_csi300_custom_step0_s_20260909_16,f065883b84124941aadef0590f7eef65,0.091,,,
3256,2026-09-09,SZ300433,-0.017458105284014286,EXP_DEnsembleModel_Alpha158_csi300_custom_step0_s_20260909_16,f065883b84124941aadef0590f7eef65,0.091,,,
3257,2026-09-09,SZ300442,-0.04838975068507324,EXP_DEnsembleModel_Alpha158_csi300_custom_step0_s_20260909_16,f065883b84124941aadef0590f7eef65,0.091,,,
3258,2026-09-09,SZ300450,0.00987151512063444,EXP_DEnsembleModel_Alpha158_csi300_custom_step0_s_20260909_16,f065883b84124941aadef0590f7eef65,0.091,,,
3259,2026-09-09,SZ300476,0.06838250041790415,EXP_DEnsembleModel_Alpha158_csi300_custom_step0_s_20260909_16,f065883b84124941aadef0590f7eef65,0.091,,,
3260,2026-09-09,SZ300498,-0.02394117374067409,EXP_DEnsembleModel_Alpha158_csi300_custom_step0_s_20260909_16,f065883b84124941aadef0590f7eef65,0.091,,,
3261,2026-09-09,SZ300502,-0.0951991823957112,EXP_DEnsembleModel_Alpha158_csi300_custom_step0_s_20260909_16,f065883b84124941aadef0590f7eef65,0.091,,,
3262,2026-09-09,SZ300628,0.03209079528898793,EXP_DEnsembleModel_Alpha158_csi300_custom_step0_s_20260909_16,f065883b84124941aadef0590f7eef65,0.091,,,
3263,2026-09-09,SZ300661,-0.08641012510387158,EXP_DEnsembleModel_Alpha158_csi300_custom_step0_s_20260909_16,f065883b84124941aadef0590f7eef65,0.091,,,
3264,2026-09-09,SZ300750,-0.0839725703018092,EXP_DEnsembleModel_Alpha158_csi300_custom_step0_s_20260909_16,f065883b84124941aadef0590f7eef65,0.091,,,
3265,2026-09-09,SZ300760,0.12580164862256613,EXP_DEnsembleModel_Alpha158_csi300_custom_step0_s_20260909_16,f065883b84124941aadef0590f7eef65,0.091,,,
3266,2026-09-09,SZ300803,-0.10892216614040125,EXP_DEnsembleModel_Alpha158_csi300_custom_step0_s_20260909_16,f065883b84124941aadef0590f7eef65,0.091,,,
3267,2026-09-09,SZ300832,0.06044761051624177,EXP_DEnsembleModel_Alpha158_csi300_custom_step0_s_20260909_16,f065883b84124941aadef0590f7eef65,0.091,,,
3268,2026-09-09,SZ300866,0.021363392517682895,EXP_DEnsembleModel_Alpha158_csi300_custom_step0_s_20260909_16,f065883b84124941aadef0590f7eef65,0.091,,,
3269,2026-09-09,SZ300896,-0.09583958135149163,EXP_DEnsembleModel_Alpha158_csi300_custom_step0_s_20260909_16,f065883b84124941aadef0590f7eef65,0.091,,,
3270,2026-09-09,SZ300999,0.006419440623015359,EXP_DEnsembleModel_Alpha158_csi300_custom_step0_s_20260909_16,f065883b84124941aadef0590f7eef65,0.091,,,
3271,2026-09-09,SZ301165,0.018495733316753103,EXP_DEnsembleModel_Alpha158_csi300_custom_step0_s_20260909_16,f065883b84124941aadef0590f7eef65,0.091,,,
3272,2026-09-09,SZ301236,-0.07657139035898536,EXP_DEnsembleModel_Alpha158_csi300_custom_step0_s_20260909_16,f065883b84124941aadef0590f7eef65,0.091,,,
3273,2026-09-09,SZ301269,-0.03432299493574427,EXP_DEnsembleModel_Alpha158_csi300_custom_step0_s_20260909_16,f065883b84124941aadef0590f7eef65,0.091,,,
3274,2026-09-09,SZ301308,0.022838918526733,EXP_DEnsembleModel_Alpha158_csi300_custom_step0_s_20260909_16,f065883b84124941aadef0590f7eef65,0.091,,,
3275,2026-09-09,SZ302132,0.07259763388411807,EXP_DEnsembleModel_Alpha158_csi300_custom_step0_s_20260909_16,f065883b84124941aadef0590f7eef65,0.091,,,
3276,2026-09-09,SH600000,0.07030033264241815,EXP_DEnsembleModel_Alpha158_csi300_custom_step0_s_20260909_16,996af9311e244433bc969c9d87d87094,0.106,,,
3277,2026-09-09,SH600009,0.05662902644747848,EXP_DEnsembleModel_Alpha158_csi300_custom_step0_s_20260909_16,996af9311e244433bc969c9d87d87094,0.106,,,
3278,2026-09-09,SH600011,-0.005261404077295383,EXP_DEnsembleModel_Alpha158_csi300_custom_step0_s_20260909_16,996af9311e244433bc969c9d87d87094,0.106,,,
3279,2026-09-09,SH600221,0.08894421023511764,EXP_DEnsembleModel_Alpha158_csi300_custom_step0_s_20260909_16,996af9311e244433bc969c9d87d87094,0.106,,,
3280,2026-09-09,SZ000651,0.09175054521934059,EXP_DEnsembleModel_Alpha158_csi300_custom_step0_s_20260909_16,f065883b84124941aadef0590f7eef65,0.091,,,
3281,2026-09-09,SZ000625,-0.013898566769188292,EXP_DEnsembleModel_Alpha158_csi300_custom_step0_s_20260909_16,f065883b84124941aadef0590f7eef65,0.091,,,
3282,2026-09-09,SH601328,0.04671266862510569,EXP_DEnsembleModel_Alpha158_csi300_custom_step0_s_20260909_16,f065883b84124941aadef0590f7eef65,0.091,,,
3283,2026-09-09,SH601336,0.023429189977542158,EXP_DEnsembleModel_Alpha158_csi300_custom_step0_s_20260909_16,f065883b84124941aadef0590f7eef65,0.091,,,
3284,2026-09-09,SH601360,-0.02608832826850449,EXP_DEnsembleModel_Alpha158_csi300_custom_step0_s_20260909_16,f065883b84124941aadef0590f7eef65,0.091,,,
3285,2026-09-09,SH601377,0.07115608317582843,EXP_DEnsembleModel_Alpha158_csi300_custom_step0_s_20260909_16,f065883b84124941aadef0590f7eef65,0.091,,,
3286,2026-09-09,SH601390,0.05698267912737672,EXP_DEnsembleModel_Alpha158_csi300_custom_step0_s_20260909_16,f065883b84124941aadef0590f7eef65,0.091,,,
3287,2026-09-09,SH601398,0.04774144241216007,EXP_DEnsembleModel_Alpha158_csi300_custom_step0_s_20260909_16,f065883b84124941aadef0590f7eef65,0.091,,,
3288,2026-09-09,SH601456,0.057920132746187604,EXP_DEnsembleModel_Alpha158_csi300_custom_step0_s_20260909_16,f065883b84124941aadef0590f7eef65,0.091,,,
3289,2026-09-09,SH601600,-0.004612975628972966,EXP_DEnsembleModel_Alpha158_csi300_custom_step0_s_20260909_16,f065883b84124941aadef0590f7eef65,0.091,,,
3290,2026-09-09,SH601601,0.005578172106043962,EXP_DEnsembleModel_Alpha158_csi300_custom_step0_s_20260909_16,f065883b84124941aadef0590f7eef65,0.091,,,
3291,2026-09-09,SH601607,0.1005988138230661,EXP_DEnsembleModel_Alpha158_csi300_custom_step0_s_20260909_16,f065883b84124941aadef0590f7eef65,0.091,,,
3292,2026-09-09,SH601618,0.05450947747784099,EXP_DEnsembleModel_Alpha158_csi300_custom_step0_s_20260909_16,f065883b84124941aadef0590f7eef65,0.091,,,
3293,2026-09-09,SH601628,-0.04398791642790625,EXP_DEnsembleModel_Alpha158_csi300_custom_step0_s_20260909_16,f065883b84124941aadef0590f7eef65,0.091,,,
3294,2026-09-09,SH601633,-0.054692803306108255,EXP_DEnsembleModel_Alpha158_csi300_custom_step0_s_20260909_16,f065883b84124941aadef0590f7eef65,0.091,,,
3295,2026-09-09,SH601319,0.038059518165043556,EXP_DEnsembleModel_Alpha158_csi300_custom_step0_s_20260909_16,f065883b84124941aadef0590f7eef65,0.091,,,
3296,2026-09-09,SH601658,0.06854031230576026,EXP_DEnsembleModel_Alpha158_csi300_custom_step0_s_20260909_16,f065883b84124941aadef0590f7eef65,0.091,,,
3297,2026-09-09,SH601669,0.031000044380472592,EXP_DEnsembleModel_Alpha158_csi300_custom_step0_s_20260909_16,f065883b84124941aadef0590f7eef65,0.091,,,
3298,2026-09-09,SH601688,0.08512251646784229,EXP_DEnsembleModel_Alpha158_csi300_custom_step0_s_20260909_16,f065883b84124941aadef0590f7eef65,0.091,,,
3299,2026-09-09,SH601689,0.041961573016226286,EXP_DEnsembleModel_Alpha158_csi300_custom_step0_s_20260909_16,f065883b84124941aadef0590f7eef65,0.091,,,
3300,2026-09-09,SH601698,0.044201494972044245,EXP_DEnsembleModel_Alpha158_csi300_custom_step0_s_20260909_16,f065883b84124941aadef0590f7eef65,0.091,,,
3301,2026-09-09,SH601727,0.03459770480956099,EXP_DEnsembleModel_Alpha158_csi300_custom_step0_s_20260909_16,f065883b84124941aadef0590f7eef65,0.091,,,
3302,2026-09-09,SH601728,0.08356384425650462,EXP_DEnsembleModel_Alpha158_csi300_custom_step0_s_20260909_16,f065883b84124941aadef0590f7eef65,0.091,,,
3303,2026-09-09,SH601766,0.07490098665587758,EXP_DEnsembleModel_Alpha158_csi300_custom_step0_s_20260909_16,f065883b84124941aadef0590f7eef65,0.091,,,
3304,2026-09-09,SH601788,0.10618025421967711,EXP_DEnsembleModel_Alpha158_csi300_custom_step0_s_20260909_16,f065883b84124941aadef0590f7eef65,0.091,,,
3305,2026-09-09,SH601800,0.042293327296114555,EXP_DEnsembleModel_Alpha158_csi300_custom_step0_s_20260909_16,f065883b84124941aadef0590f7eef65,0.091,,,
3306,2026-09-09,SH601816,0.11879120743849526,EXP_DEnsembleModel_Alpha158_csi300_custom_step0_s_20260909_16,f065883b84124941aadef0590f7eef65,0.091,,,
3307,2026-09-09,SH601818,0.14298256280392158,EXP_DEnsembleModel_Alpha158_csi300_custom_step0_s_20260909_16,f065883b84124941aadef0590f7eef65,0.091,,,
3308,2026-09-09,SH601825,0.059779874507201056,EXP_DEnsembleModel_Alpha158_csi300_custom_step0_s_20260909_16,f065883b84124941aadef0590f7eef65,0.091,,,
3309,2026-09-09,SH601838,0.052302454785830045,EXP_DEnsembleModel_Alpha158_csi300_custom_step0_s_20260909_16,f065883b84124941aadef0590f7eef65,0.091,,,
3310,2026-09-09,SH601668,0.1105663418516539,EXP_DEnsembleModel_Alpha158_csi300_custom_step0_s_20260909_16,f065883b84124941aadef0590f7eef65,0.091,,,
3311,2026-09-09,SH601318,-0.008120667484658804,EXP_DEnsembleModel_Alpha158_csi300_custom_step0_s_20260909_16,f065883b84124941aadef0590f7eef65,0.091,,,
3312,2026-09-09,SH601288,0.051484769055646605,EXP_DEnsembleModel_Alpha158_csi300_custom_step0_s_20260909_16,f065883b84124941aadef0590f7eef65,0.091,,,
3313,2026-09-09,SH601238,0.029937656081902967,EXP_DEnsembleModel_Alpha158_csi300_custom_step0_s_20260909_16,f065883b84124941aadef0590f7eef65,0.091,,,
3314,2026-09-09,SH600926,0.06205775675008558,EXP_DEnsembleModel_Alpha158_csi300_custom_step0_s_20260909_16,f065883b84124941aadef0590f7eef65,0.091,,,
3315,2026-09-09,SH600930,-0.01049750350207492,EXP_DEnsembleModel_Alpha158_csi300_custom_step0_s_20260909_16,f065883b84124941aadef0590f7eef65,0.091,,,
3316,2026-09-09,SH600938,0.02149922068400417,EXP_DEnsembleModel_Alpha158_csi300_custom_step0_s_20260909_16,f065883b84124941aadef0590f7eef65,0.091,,,
3317,2026-09-09,SH600941,0.08800973047886307,EXP_DEnsembleModel_Alpha158_csi300_custom_step0_s_20260909_16,f065883b84124941aadef0590f7eef65,0.091,,,
3318,2026-09-09,SH600958,0.07055878987822693,EXP_DEnsembleModel_Alpha158_csi300_custom_step0_s_20260909_16,f065883b84124941aadef0590f7eef65,0.091,,,
3319,2026-09-09,SH600989,-0.015688403802552497,EXP_DEnsembleModel_Alpha158_csi300_custom_step0_s_20260909_16,f065883b84124941aadef0590f7eef65,0.091,,,
3320,2026-09-09,SH600999,-0.02082545236904846,EXP_DEnsembleModel_Alpha158_csi300_custom_step0_s_20260909_16,f065883b84124941aadef0590f7eef65,0.091,,,
3321,2026-09-09,SH601006,0.11720627426891213,EXP_DEnsembleModel_Alpha158_csi300_custom_step0_s_20260909_16,f065883b84124941aadef0590f7eef65,0.091,,,
3322,2026-09-09,SH601009,0.09062160311085143,EXP_DEnsembleModel_Alpha158_csi300_custom_step0_s_20260909_16,f065883b84124941aadef0590f7eef65,0.091,,,
3323,2026-09-09,SH601012,0.033985940960451655,EXP_DEnsembleModel_Alpha158_csi300_custom_step0_s_20260909_16,f065883b84124941aadef0590f7eef65,0.091,,,
3324,2026-09-09,SH601018,0.16930833921413171,EXP_DEnsembleModel_Alpha158_csi300_custom_step0_s_20260909_16,f065883b84124941aadef0590f7eef65,0.091,,,
3325,2026-09-09,SH601021,0.0615456969795088,EXP_DEnsembleModel_Alpha158_csi300_custom_step0_s_20260909_16,f065883b84124941aadef0590f7eef65,0.091,,,
3326,2026-09-09,SH601058,-0.02738201949242995,EXP_DEnsembleModel_Alpha158_csi300_custom_step0_s_20260909_16,f065883b84124941aadef0590f7eef65,0.091,,,
3327,2026-09-09,SH601059,-0.012321181588553188,EXP_DEnsembleModel_Alpha158_csi300_custom_step0_s_20260909_16,f065883b84124941aadef0590f7eef65,0.091,,,
3328,2026-09-09,SH601066,-0.03343894917120989,EXP_DEnsembleModel_Alpha158_csi300_custom_step0_s_20260909_16,f065883b84124941aadef0590f7eef65,0.091,,,
3329,2026-09-09,SH601077,0.0766006503085921,EXP_DEnsembleModel_Alpha158_csi300_custom_step0_s_20260909_16,f065883b84124941aadef0590f7eef65,0.091,,,
3330,2026-09-09,SH601088,-0.05768998404195517,EXP_DEnsembleModel_Alpha158_csi300_custom_step0_s_20260909_16,f065883b84124941aadef0590f7eef65,0.091,,,
3331,2026-09-09,SH601100,0.04697000938376079,EXP_DEnsembleModel_Alpha158_csi300_custom_step0_s_20260909_16,f065883b84124941aadef0590f7eef65,0.091,,,
3332,2026-09-09,SH601111,0.09790646626041093,EXP_DEnsembleModel_Alpha158_csi300_custom_step0_s_20260909_16,f065883b84124941aadef0590f7eef65,0.091,,,
3333,2026-09-09,SH601117,0.1100368718454522,EXP_DEnsembleModel_Alpha158_csi300_custom_step0_s_20260909_16,f065883b84124941aadef0590f7eef65,0.091,,,
3334,2026-09-09,SH601127,0.010312393299320382,EXP_DEnsembleModel_Alpha158_csi300_custom_step0_s_20260909_16,f065883b84124941aadef0590f7eef65,0.091,,,
3335,2026-09-09,SH601136,-0.026527263060147136,EXP_DEnsembleModel_Alpha158_csi300_custom_step0_s_20260909_16,f065883b84124941aadef0590f7eef65,0.091,,,
3336,2026-09-09,SH601138,-0.208672760367755,EXP_DEnsembleModel_Alpha158_csi300_custom_step0_s_20260909_16,f065883b84124941aadef0590f7eef65,0.091,,,
3337,2026-09-09,SH601166,0.10397988179538532,EXP_DEnsembleModel_Alpha158_csi300_custom_step0_s_20260909_16,f065883b84124941aadef0590f7eef65,0.091,,,
3338,2026-09-09,SH601169,0.037492084497081725,EXP_DEnsembleModel_Alpha158_csi300_custom_step0_s_20260909_16,f065883b84124941aadef0590f7eef65,0.091,,,
3339,2026-09-09,SH601186,0.10501343458696351,EXP_DEnsembleModel_Alpha158_csi300_custom_step0_s_20260909_16,f065883b84124941aadef0590f7eef65,0.091,,,
3340,2026-09-09,SH601211,0.0707933099077074,EXP_DEnsembleModel_Alpha158_csi300_custom_step0_s_20260909_16,f065883b84124941aadef0590f7eef65,0.091,,,
3341,2026-09-09,SH601225,-0.1148797463571934,EXP_DEnsembleModel_Alpha158_csi300_custom_step0_s_20260909_16,f065883b84124941aadef0590f7eef65,0.091,,,
3342,2026-09-09,SH601229,0.11621135946115062,EXP_DEnsembleModel_Alpha158_csi300_custom_step0_s_20260909_16,f065883b84124941aadef0590f7eef65,0.091,,,
3343,2026-09-09,SH601857,-0.037213686597543906,EXP_DEnsembleModel_Alpha158_csi300_custom_step0_s_20260909_16,f065883b84124941aadef0590f7eef65,0.091,,,
3344,2026-09-09,SH601868,0.014077249700934115,EXP_DEnsembleModel_Alpha158_csi300_custom_step0_s_20260909_16,f065883b84124941aadef0590f7eef65,0.091,,,
3345,2026-09-09,SH601872,-0.14144769120348874,EXP_DEnsembleModel_Alpha158_csi300_custom_step0_s_20260909_16,f065883b84124941aadef0590f7eef65,0.091,,,
3346,2026-09-09,SH601877,0.057883479771814544,EXP_DEnsembleModel_Alpha158_csi300_custom_step0_s_20260909_16,f065883b84124941aadef0590f7eef65,0.091,,,
3347,2026-09-09,SH688072,-0.052774099316403304,EXP_DEnsembleModel_Alpha158_csi300_custom_step0_s_20260909_16,f065883b84124941aadef0590f7eef65,0.091,,,
3348,2026-09-09,SH688082,0.02542707498178745,EXP_DEnsembleModel_Alpha158_csi300_custom_step0_s_20260909_16,f065883b84124941aadef0590f7eef65,0.091,,,
3349,2026-09-09,SH688111,-0.0642466015919325,EXP_DEnsembleModel_Alpha158_csi300_custom_step0_s_20260909_16,f065883b84124941aadef0590f7eef65,0.091,,,
3350,2026-09-09,SH688126,0.09724474397262213,EXP_DEnsembleModel_Alpha158_csi300_custom_step0_s_20260909_16,f065883b84124941aadef0590f7eef65,0.091,,,
3351,2026-09-09,SH688183,-0.10328597042287124,EXP_DEnsembleModel_Alpha158_csi300_custom_step0_s_20260909_16,f065883b84124941aadef0590f7eef65,0.091,,,
3352,2026-09-09,SH688223,0.026387322784808237,EXP_DEnsembleModel_Alpha158_csi300_custom_step0_s_20260909_16,f065883b84124941aadef0590f7eef65,0.091,,,
3353,2026-09-09,SH688256,0.17317698253273267,EXP_DEnsembleModel_Alpha158_csi300_custom_step0_s_20260909_16,f065883b84124941aadef0590f7eef65,0.091,,,
3354,2026-09-09,SH688271,-0.056070860997736775,EXP_DEnsembleModel_Alpha158_csi300_custom_step0_s_20260909_16,f065883b84124941aadef0590f7eef65,0.091,,,
3355,2026-09-09,SH688303,0.03504447287436387,EXP_DEnsembleModel_Alpha158_csi300_custom_step0_s_20260909_16,f065883b84124941aadef0590f7eef65,0.091,,,
3356,2026-09-09,SH688396,0.06875531698990037,EXP_DEnsembleModel_Alpha158_csi300_custom_step0_s_20260909_16,f065883b84124941aadef0590f7eef65,0.091,,,
3357,2026-09-09,SH688472,0.060802159830228804,EXP_DEnsembleModel_Alpha158_csi300_custom_step0_s_20260909_16,f065883b84124941aadef0590f7eef65,0.091,,,
3358,2026-09-09,SH688506,0.044960506120865745,EXP_DEnsembleModel_Alpha158_csi300_custom_step0_s_20260909_16,f065883b84124941aadef0590f7eef65,0.091,,,
3359,2026-09-09,SH688521,-0.0031005854363858583,EXP_DEnsembleModel_Alpha158_csi300_custom_step0_s_20260909_16,f065883b84124941aadef0590f7eef65,0.091,,,
3360,2026-09-09,SH688981,0.02630880290708637,EXP_DEnsembleModel_Alpha158_csi300_custom_step0_s_20260909_16,f065883b84124941aadef0590f7eef65,0.091,,,
3361,2026-09-09,SZ000001,0.08722013414090497,EXP_DEnsembleModel_Alpha158_csi300_custom_step0_s_20260909_16,f065883b84124941aadef0590f7eef65,0.091,,,
3362,2026-09-09,SZ000002,-0.03616187155565202,EXP_DEnsembleModel_Alpha158_csi300_custom_step0_s_20260909_16,f065883b84124941aadef0590f7eef65,0.091,,,
3363,2026-09-09,SZ000063,-0.04055078380513898,EXP_DEnsembleModel_Alpha158_csi300_custom_step0_s_20260909_16,f065883b84124941aadef0590f7eef65,0.091,,,
3364,2026-09-09,SZ000100,-0.037289160674659746,EXP_DEnsembleModel_Alpha158_csi300_custom_step0_s_20260909_16,f065883b84124941aadef0590f7eef65,0.091,,,
3365,2026-09-09,SZ000157,0.026359000398393048,EXP_DEnsembleModel_Alpha158_csi300_custom_step0_s_20260909_16,f065883b84124941aadef0590f7eef65,0.091,,,
3366,2026-09-09,SZ000166,0.10372901929662348,EXP_DEnsembleModel_Alpha158_csi300_custom_step0_s_20260909_16,f065883b84124941aadef0590f7eef65,0.091,,,
3367,2026-09-09,SZ000301,-0.09831597607723973,EXP_DEnsembleModel_Alpha158_csi300_custom_step0_s_20260909_16,f065883b84124941aadef0590f7eef65,0.091,,,
3368,2026-09-09,SZ000333,0.018704722514099437,EXP_DEnsembleModel_Alpha158_csi300_custom_step0_s_20260909_16,f065883b84124941aadef0590f7eef65,0.091,,,
3369,2026-09-09,SZ000338,-0.10888463159027104,EXP_DEnsembleModel_Alpha158_csi300_custom_step0_s_20260909_16,f065883b84124941aadef0590f7eef65,0.091,,,
3370,2026-09-09,SZ000408,-0.09198920996555864,EXP_DEnsembleModel_Alpha158_csi300_custom_step0_s_20260909_16,f065883b84124941aadef0590f7eef65,0.091,,,
3371,2026-09-09,SZ000425,-0.015637267274393574,EXP_DEnsembleModel_Alpha158_csi300_custom_step0_s_20260909_16,f065883b84124941aadef0590f7eef65,0.091,,,
3372,2026-09-09,SZ000538,0.11314358717200214,EXP_DEnsembleModel_Alpha158_csi300_custom_step0_s_20260909_16,f065883b84124941aadef0590f7eef65,0.091,,,
3373,2026-09-09,SZ000568,0.022779520181744024,EXP_DEnsembleModel_Alpha158_csi300_custom_step0_s_20260909_16,f065883b84124941aadef0590f7eef65,0.091,,,
3374,2026-09-09,SZ000596,-0.09007171756715696,EXP_DEnsembleModel_Alpha158_csi300_custom_step0_s_20260909_16,f065883b84124941aadef0590f7eef65,0.091,,,
3375,2026-09-09,SZ000617,-0.03505694891460708,EXP_DEnsembleModel_Alpha158_csi300_custom_step0_s_20260909_16,f065883b84124941aadef0590f7eef65,0.091,,,
3376,2026-09-09,SH688047,0.07634636729515958,EXP_DEnsembleModel_Alpha158_csi300_custom_step0_s_20260909_16,f065883b84124941aadef0590f7eef65,0.091,,,
3377,2026-09-09,SZ000630,-0.16547382611909697,EXP_DEnsembleModel_Alpha158_csi300_custom_step0_s_20260909_16,f065883b84124941aadef0590f7eef65,0.091,,,
3378,2026-09-09,SH688041,0.007367907697271914,EXP_DEnsembleModel_Alpha158_csi300_custom_step0_s_20260909_16,f065883b84124941aadef0590f7eef65,0.091,,,
3379,2026-09-09,SH688012,-0.042365374131323796,EXP_DEnsembleModel_Alpha158_csi300_custom_step0_s_20260909_16,f065883b84124941aadef0590f7eef65,0.091,,,
3380,2026-09-09,SH601878,0.084476329263622,EXP_DEnsembleModel_Alpha158_csi300_custom_step0_s_20260909_16,f065883b84124941aadef0590f7eef65,0.091,,,
3381,2026-09-09,SH601881,0.09624318966268659,EXP_DEnsembleModel_Alpha158_csi300_custom_step0_s_20260909_16,f065883b84124941aadef0590f7eef65,0.091,,,
3382,2026-09-09,SH601888,-0.043903578257395125,EXP_DEnsembleModel_Alpha158_csi300_custom_step0_s_20260909_16,f065883b84124941aadef0590f7eef65,0.091,,,
3383,2026-09-09,SH601898,-0.14379944250621285,EXP_DEnsembleModel_Alpha158_csi300_custom_step0_s_20260909_16,f065883b84124941aadef0590f7eef65,0.091,,,
3384,2026-09-09,SH601899,-0.1145582425436575,EXP_DEnsembleModel_Alpha158_csi300_custom_step0_s_20260909_16,f065883b84124941aadef0590f7eef65,0.091,,,
3385,2026-09-09,SH601901,0.09669479499215695,EXP_DEnsembleModel_Alpha158_csi300_custom_step0_s_20260909_16,f065883b84124941aadef0590f7eef65,0.091,,,
3386,2026-09-09,SH601916,0.12561112916997444,EXP_DEnsembleModel_Alpha158_csi300_custom_step0_s_20260909_16,f065883b84124941aadef0590f7eef65,0.091,,,
3387,2026-09-09,SH601919,-0.09045594276373252,EXP_DEnsembleModel_Alpha158_csi300_custom_step0_s_20260909_16,f065883b84124941aadef0590f7eef65,0.091,,,
3388,2026-09-09,SH601939,0.006023823658023936,EXP_DEnsembleModel_Alpha158_csi300_custom_step0_s_20260909_16,f065883b84124941aadef0590f7eef65,0.091,,,
3389,2026-09-09,SH601985,0.11453323839368543,EXP_DEnsembleModel_Alpha158_csi300_custom_step0_s_20260909_16,f065883b84124941aadef0590f7eef65,0.091,,,
3390,2026-09-09,SH601988,0.029110770870770606,EXP_DEnsembleModel_Alpha158_csi300_custom_step0_s_20260909_16,f065883b84124941aadef0590f7eef65,0.091,,,
3391,2026-09-09,SH601995,-0.05098805695686387,EXP_DEnsembleModel_Alpha158_csi300_custom_step0_s_20260909_16,f065883b84124941aadef0590f7eef65,0.091,,,
3392,2026-09-09,SH601998,0.024261588963244634,EXP_DEnsembleModel_Alpha158_csi300_custom_step0_s_20260909_16,f065883b84124941aadef0590f7eef65,0.091,,,
3393,2026-09-09,SH603019,-0.07177765223175085,EXP_DEnsembleModel_Alpha158_csi300_custom_step0_s_20260909_16,f065883b84124941aadef0590f7eef65,0.091,,,
3394,2026-09-09,SH603259,-0.16396587479457814,EXP_DEnsembleModel_Alpha158_csi300_custom_step0_s_20260909_16,f065883b84124941aadef0590f7eef65,0.091,,,
3395,2026-09-09,SH603260,0.0486291183833103,EXP_DEnsembleModel_Alpha158_csi300_custom_step0_s_20260909_16,f065883b84124941aadef0590f7eef65,0.091,,,
3396,2026-09-09,SH603288,0.05046926962800841,EXP_DEnsembleModel_Alpha158_csi300_custom_step0_s_20260909_16,f065883b84124941aadef0590f7eef65,0.091,,,
3397,2026-09-09,SH603296,-0.08908571354457014,EXP_DEnsembleModel_Alpha158_csi300_custom_step0_s_20260909_16,f065883b84124941aadef0590f7eef65,0.091,,,
3398,2026-09-09,SH603369,-0.03220330343508906,EXP_DEnsembleModel_Alpha158_csi300_custom_step0_s_20260909_16,f065883b84124941aadef0590f7eef65,0.091,,,
3399,2026-09-09,SH603392,-0.06146363800745263,EXP_DEnsembleModel_Alpha158_csi300_custom_step0_s_20260909_16,f065883b84124941aadef0590f7eef65,0.091,,,
3400,2026-09-09,SH603501,-0.04778358937401763,EXP_DEnsembleModel_Alpha158_csi300_custom_step0_s_20260909_16,f065883b84124941aadef0590f7eef65,0.091,,,
3401,2026-09-09,SH603799,-0.09328696181961453,EXP_DEnsembleModel_Alpha158_csi300_custom_step0_s_20260909_16,f065883b84124941aadef0590f7eef65,0.091,,,
3402,2026-09-09,SH603893,-0.07854765463919433,EXP_DEnsembleModel_Alpha158_csi300_custom_step0_s_20260909_16,f065883b84124941aadef0590f7eef65,0.091,,,
3403,2026-09-09,SH603986,0.02364144576994164,EXP_DEnsembleModel_Alpha158_csi300_custom_step0_s_20260909_16,f065883b84124941aadef0590f7eef65,0.091,,,
3404,2026-09-09,SH603993,-0.1618301619641202,EXP_DEnsembleModel_Alpha158_csi300_custom_step0_s_20260909_16,f065883b84124941aadef0590f7eef65,0.091,,,
3405,2026-09-09,SH605117,-0.061348776591143336,EXP_DEnsembleModel_Alpha158_csi300_custom_step0_s_20260909_16,f065883b84124941aadef0590f7eef65,0.091,,,
3406,2026-09-09,SH605499,-0.059308297853252936,EXP_DEnsembleModel_Alpha158_csi300_custom_step0_s_20260909_16,f065883b84124941aadef0590f7eef65,0.091,,,
3407,2026-09-09,SH688008,0.04946390802547514,EXP_DEnsembleModel_Alpha158_csi300_custom_step0_s_20260909_16,f065883b84124941aadef0590f7eef65,0.091,,,
3408,2026-09-09,SH688009,0.07880044782561345,EXP_DEnsembleModel_Alpha158_csi300_custom_step0_s_20260909_16,f065883b84124941aadef0590f7eef65,0.091,,,
3409,2026-09-09,SH688036,-0.04539854554189943,EXP_DEnsembleModel_Alpha158_csi300_custom_step0_s_20260909_16,f065883b84124941aadef0590f7eef65,0.091,,,
3410,2026-09-09,SH600233,0.039404628161365564,EXP_DEnsembleModel_Alpha158_csi300_custom_step0_s_20260909_16,996af9311e244433bc969c9d87d87094,0.106,,,
3411,2026-09-09,SH600276,0.0693661803110902,EXP_DEnsembleModel_Alpha158_csi300_custom_step0_s_20260909_16,996af9311e244433bc969c9d87d87094,0.106,,,
3412,2026-09-09,SH600309,-0.00680090523173671,EXP_DEnsembleModel_Alpha158_csi300_custom_step0_s_20260909_16,996af9311e244433bc969c9d87d87094,0.106,,,
3413,2026-09-09,SZ000625,-0.004789985757131022,EXP_DEnsembleModel_Alpha158_csi300_custom_step0_s_20260909_16,996af9311e244433bc969c9d87d87094,0.106,,,
3414,2026-09-09,SZ000630,-0.1296279814795322,EXP_DEnsembleModel_Alpha158_csi300_custom_step0_s_20260909_16,996af9311e244433bc969c9d87d87094,0.106,,,
3415,2026-09-09,SZ000651,0.08624958154043984,EXP_DEnsembleModel_Alpha158_csi300_custom_step0_s_20260909_16,996af9311e244433bc969c9d87d87094,0.106,,,
3416,2026-09-09,SZ000657,0.012647662919075285,EXP_DEnsembleModel_Alpha158_csi300_custom_step0_s_20260909_16,996af9311e244433bc969c9d87d87094,0.106,,,
3417,2026-09-09,SZ000708,0.06107017134098913,EXP_DEnsembleModel_Alpha158_csi300_custom_step0_s_20260909_16,996af9311e244433bc969c9d87d87094,0.106,,,
3418,2026-09-09,SZ000725,-0.06299773525010129,EXP_DEnsembleModel_Alpha158_csi300_custom_step0_s_20260909_16,996af9311e244433bc969c9d87d87094,0.106,,,
3419,2026-09-09,SZ000768,0.051365890410132314,EXP_DEnsembleModel_Alpha158_csi300_custom_step0_s_20260909_16,996af9311e244433bc969c9d87d87094,0.106,,,
3420,2026-09-09,SZ000776,0.0523833396460689,EXP_DEnsembleModel_Alpha158_csi300_custom_step0_s_20260909_16,996af9311e244433bc969c9d87d87094,0.106,,,
3421,2026-09-09,SZ000792,-0.0518105871129401,EXP_DEnsembleModel_Alpha158_csi300_custom_step0_s_20260909_16,996af9311e244433bc969c9d87d87094,0.106,,,
3422,2026-09-09,SZ000807,-0.014573884792728191,EXP_DEnsembleModel_Alpha158_csi300_custom_step0_s_20260909_16,996af9311e244433bc969c9d87d87094,0.106,,,
3423,2026-09-09,SZ000858,0.056691004195849194,EXP_DEnsembleModel_Alpha158_csi300_custom_step0_s_20260909_16,996af9311e244433bc969c9d87d87094,0.106,,,
3424,2026-09-09,SZ000895,0.05575710144752988,EXP_DEnsembleModel_Alpha158_csi300_custom_step0_s_20260909_16,996af9311e244433bc969c9d87d87094,0.106,,,
3425,2026-09-09,SZ000938,-0.018022629867400077,EXP_DEnsembleModel_Alpha158_csi300_custom_step0_s_20260909_16,996af9311e244433bc969c9d87d87094,0.106,,,
3426,2026-09-09,SZ000617,-0.029135382016541533,EXP_DEnsembleModel_Alpha158_csi300_custom_step0_s_20260909_16,996af9311e244433bc969c9d87d87094,0.106,,,
3427,2026-09-09,SZ000963,0.012731841268143767,EXP_DEnsembleModel_Alpha158_csi300_custom_step0_s_20260909_16,996af9311e244433bc969c9d87d87094,0.106,,,
3428,2026-09-09,SZ000977,-0.004361486289768834,EXP_DEnsembleModel_Alpha158_csi300_custom_step0_s_20260909_16,996af9311e244433bc969c9d87d87094,0.106,,,
3429,2026-09-09,SZ000988,-0.07128974753133682,EXP_DEnsembleModel_Alpha158_csi300_custom_step0_s_20260909_16,996af9311e244433bc969c9d87d87094,0.106,,,
3430,2026-09-09,SZ000999,0.09444209273823458,EXP_DEnsembleModel_Alpha158_csi300_custom_step0_s_20260909_16,996af9311e244433bc969c9d87d87094,0.106,,,
3431,2026-09-09,SZ001280,-0.0595175464218688,EXP_DEnsembleModel_Alpha158_csi300_custom_step0_s_20260909_16,996af9311e244433bc969c9d87d87094,0.106,,,
3432,2026-09-09,SZ001391,0.09456520310142713,EXP_DEnsembleModel_Alpha158_csi300_custom_step0_s_20260909_16,996af9311e244433bc969c9d87d87094,0.106,,,
3433,2026-09-09,SZ001965,0.0930897563717344,EXP_DEnsembleModel_Alpha158_csi300_custom_step0_s_20260909_16,996af9311e244433bc969c9d87d87094,0.106,,,
3434,2026-09-09,SZ001979,0.0631707646637,EXP_DEnsembleModel_Alpha158_csi300_custom_step0_s_20260909_16,996af9311e244433bc969c9d87d87094,0.106,,,
3435,2026-09-09,SZ002001,0.0014311681029702708,EXP_DEnsembleModel_Alpha158_csi300_custom_step0_s_20260909_16,996af9311e244433bc969c9d87d87094,0.106,,,
3436,2026-09-09,SZ002027,0.09500273997223506,EXP_DEnsembleModel_Alpha158_csi300_custom_step0_s_20260909_16,996af9311e244433bc969c9d87d87094,0.106,,,
3437,2026-09-09,SZ002028,0.14212091981029895,EXP_DEnsembleModel_Alpha158_csi300_custom_step0_s_20260909_16,996af9311e244433bc969c9d87d87094,0.106,,,
3438,2026-09-09,SZ002049,-0.013610261932402237,EXP_DEnsembleModel_Alpha158_csi300_custom_step0_s_20260909_16,996af9311e244433bc969c9d87d87094,0.106,,,
3439,2026-09-09,SZ002050,0.0505206148940724,EXP_DEnsembleModel_Alpha158_csi300_custom_step0_s_20260909_16,996af9311e244433bc969c9d87d87094,0.106,,,
3440,2026-09-09,SZ002074,-0.11177098609498153,EXP_DEnsembleModel_Alpha158_csi300_custom_step0_s_20260909_16,996af9311e244433bc969c9d87d87094,0.106,,,
3441,2026-09-09,SZ000975,-0.06567816745989344,EXP_DEnsembleModel_Alpha158_csi300_custom_step0_s_20260909_16,996af9311e244433bc969c9d87d87094,0.106,,,
3442,2026-09-09,SZ000596,-0.042093121748933884,EXP_DEnsembleModel_Alpha158_csi300_custom_step0_s_20260909_16,996af9311e244433bc969c9d87d87094,0.106,,,
3443,2026-09-09,SZ000568,0.04242238997557541,EXP_DEnsembleModel_Alpha158_csi300_custom_step0_s_20260909_16,996af9311e244433bc969c9d87d87094,0.106,,,
3444,2026-09-09,SZ000538,0.11187537973749358,EXP_DEnsembleModel_Alpha158_csi300_custom_step0_s_20260909_16,996af9311e244433bc969c9d87d87094,0.106,,,
3445,2026-09-09,SH688012,-0.11284706627908378,EXP_DEnsembleModel_Alpha158_csi300_custom_step0_s_20260909_16,996af9311e244433bc969c9d87d87094,0.106,,,
3446,2026-09-09,SH688036,-0.06487810540362239,EXP_DEnsembleModel_Alpha158_csi300_custom_step0_s_20260909_16,996af9311e244433bc969c9d87d87094,0.106,,,
3447,2026-09-09,SH688041,0.11520730448908786,EXP_DEnsembleModel_Alpha158_csi300_custom_step0_s_20260909_16,996af9311e244433bc969c9d87d87094,0.106,,,
3448,2026-09-09,SH688047,0.006441823222923013,EXP_DEnsembleModel_Alpha158_csi300_custom_step0_s_20260909_16,996af9311e244433bc969c9d87d87094,0.106,,,
3449,2026-09-09,SH688072,-0.11168196205355327,EXP_DEnsembleModel_Alpha158_csi300_custom_step0_s_20260909_16,996af9311e244433bc969c9d87d87094,0.106,,,
3450,2026-09-09,SH688082,-0.08607071143670203,EXP_DEnsembleModel_Alpha158_csi300_custom_step0_s_20260909_16,996af9311e244433bc969c9d87d87094,0.106,,,
3451,2026-09-09,SH688111,-0.06799860078658773,EXP_DEnsembleModel_Alpha158_csi300_custom_step0_s_20260909_16,996af9311e244433bc969c9d87d87094,0.106,,,
3452,2026-09-09,SH688126,-0.05611237411392767,EXP_DEnsembleModel_Alpha158_csi300_custom_step0_s_20260909_16,996af9311e244433bc969c9d87d87094,0.106,,,
3453,2026-09-09,SH688183,-0.007618620966748239,EXP_DEnsembleModel_Alpha158_csi300_custom_step0_s_20260909_16,996af9311e244433bc969c9d87d87094,0.106,,,
3454,2026-09-09,SH688223,0.051463585211074005,EXP_DEnsembleModel_Alpha158_csi300_custom_step0_s_20260909_16,996af9311e244433bc969c9d87d87094,0.106,,,
3455,2026-09-09,SH688256,0.021086948988752918,EXP_DEnsembleModel_Alpha158_csi300_custom_step0_s_20260909_16,996af9311e244433bc969c9d87d87094,0.106,,,
3456,2026-09-09,SH688271,-0.05378278266548016,EXP_DEnsembleModel_Alpha158_csi300_custom_step0_s_20260909_16,996af9311e244433bc969c9d87d87094,0.106,,,
3457,2026-09-09,SH688303,0.009448358552781021,EXP_DEnsembleModel_Alpha158_csi300_custom_step0_s_20260909_16,996af9311e244433bc969c9d87d87094,0.106,,,
3458,2026-09-09,SH688396,-0.07019281055817317,EXP_DEnsembleModel_Alpha158_csi300_custom_step0_s_20260909_16,996af9311e244433bc969c9d87d87094,0.106,,,
3459,2026-09-09,SH688472,0.042624024595679925,EXP_DEnsembleModel_Alpha158_csi300_custom_step0_s_20260909_16,996af9311e244433bc969c9d87d87094,0.106,,,
3460,2026-09-09,SH688506,0.1143778351115362,EXP_DEnsembleModel_Alpha158_csi300_custom_step0_s_20260909_16,996af9311e244433bc969c9d87d87094,0.106,,,
3461,2026-09-09,SH688521,0.03565520259469684,EXP_DEnsembleModel_Alpha158_csi300_custom_step0_s_20260909_16,996af9311e244433bc969c9d87d87094,0.106,,,
3462,2026-09-09,SH688981,-0.04506477710257266,EXP_DEnsembleModel_Alpha158_csi300_custom_step0_s_20260909_16,996af9311e244433bc969c9d87d87094,0.106,,,
3463,2026-09-09,SZ000001,0.12117111480028267,EXP_DEnsembleModel_Alpha158_csi300_custom_step0_s_20260909_16,996af9311e244433bc969c9d87d87094,0.106,,,
3464,2026-09-09,SZ000002,-0.03508642909392802,EXP_DEnsembleModel_Alpha158_csi300_custom_step0_s_20260909_16,996af9311e244433bc969c9d87d87094,0.106,,,
3465,2026-09-09,SZ000063,0.012003302645415125,EXP_DEnsembleModel_Alpha158_csi300_custom_step0_s_20260909_16,996af9311e244433bc969c9d87d87094,0.106,,,
3466,2026-09-09,SZ000100,-0.06080847216332504,EXP_DEnsembleModel_Alpha158_csi300_custom_step0_s_20260909_16,996af9311e244433bc969c9d87d87094,0.106,,,
3467,2026-09-09,SZ000157,0.02867987107421796,EXP_DEnsembleModel_Alpha158_csi300_custom_step0_s_20260909_16,996af9311e244433bc969c9d87d87094,0.106,,,
3468,2026-09-09,SZ000166,0.10803912797807154,EXP_DEnsembleModel_Alpha158_csi300_custom_step0_s_20260909_16,996af9311e244433bc969c9d87d87094,0.106,,,
3469,2026-09-09,SZ000301,-0.04922507056287675,EXP_DEnsembleModel_Alpha158_csi300_custom_step0_s_20260909_16,996af9311e244433bc969c9d87d87094,0.106,,,
3470,2026-09-09,SZ000333,0.04821997543001322,EXP_DEnsembleModel_Alpha158_csi300_custom_step0_s_20260909_16,996af9311e244433bc969c9d87d87094,0.106,,,
3471,2026-09-09,SZ000338,-0.09625969958199454,EXP_DEnsembleModel_Alpha158_csi300_custom_step0_s_20260909_16,996af9311e244433bc969c9d87d87094,0.106,,,
3472,2026-09-09,SZ000408,-0.07703293903405639,EXP_DEnsembleModel_Alpha158_csi300_custom_step0_s_20260909_16,996af9311e244433bc969c9d87d87094,0.106,,,
3473,2026-09-09,SZ000425,-0.024339314135202416,EXP_DEnsembleModel_Alpha158_csi300_custom_step0_s_20260909_16,996af9311e244433bc969c9d87d87094,0.106,,,
3474,2026-09-09,SZ002142,0.10774172165964403,EXP_DEnsembleModel_Alpha158_csi300_custom_step0_s_20260909_16,996af9311e244433bc969c9d87d87094,0.106,,,
3475,2026-09-09,SZ002179,-0.01667544769815857,EXP_DEnsembleModel_Alpha158_csi300_custom_step0_s_20260909_16,996af9311e244433bc969c9d87d87094,0.106,,,
3476,2026-09-09,SZ002202,-0.011567042293582065,EXP_DEnsembleModel_Alpha158_csi300_custom_step0_s_20260909_16,996af9311e244433bc969c9d87d87094,0.106,,,
3477,2026-09-09,SZ002230,0.017443237852967756,EXP_DEnsembleModel_Alpha158_csi300_custom_step0_s_20260909_16,996af9311e244433bc969c9d87d87094,0.106,,,
3478,2026-09-09,SZ300059,0.013661509298224047,EXP_DEnsembleModel_Alpha158_csi300_custom_step0_s_20260909_16,996af9311e244433bc969c9d87d87094,0.106,,,
3479,2026-09-09,SZ300122,-0.04300905892133858,EXP_DEnsembleModel_Alpha158_csi300_custom_step0_s_20260909_16,996af9311e244433bc969c9d87d87094,0.106,,,
3480,2026-09-09,SZ300124,-0.04924736539343282,EXP_DEnsembleModel_Alpha158_csi300_custom_step0_s_20260909_16,996af9311e244433bc969c9d87d87094,0.106,,,
3481,2026-09-09,SZ300251,-0.09369672123623024,EXP_DEnsembleModel_Alpha158_csi300_custom_step0_s_20260909_16,996af9311e244433bc969c9d87d87094,0.106,,,
3482,2026-09-09,SZ300274,0.1444687190642315,EXP_DEnsembleModel_Alpha158_csi300_custom_step0_s_20260909_16,996af9311e244433bc969c9d87d87094,0.106,,,
3483,2026-09-09,SZ300308,-0.16099027712149216,EXP_DEnsembleModel_Alpha158_csi300_custom_step0_s_20260909_16,996af9311e244433bc969c9d87d87094,0.106,,,
3484,2026-09-09,SZ300316,-0.0664579093340773,EXP_DEnsembleModel_Alpha158_csi300_custom_step0_s_20260909_16,996af9311e244433bc969c9d87d87094,0.106,,,
3485,2026-09-09,SZ300394,0.0916260150115319,EXP_DEnsembleModel_Alpha158_csi300_custom_step0_s_20260909_16,996af9311e244433bc969c9d87d87094,0.106,,,
3486,2026-09-09,SZ300408,-0.1840850042715186,EXP_DEnsembleModel_Alpha158_csi300_custom_step0_s_20260909_16,996af9311e244433bc969c9d87d87094,0.106,,,
3487,2026-09-09,SZ300413,0.2600263144241218,EXP_DEnsembleModel_Alpha158_csi300_custom_step0_s_20260909_16,996af9311e244433bc969c9d87d87094,0.106,,,
3488,2026-09-09,SZ300418,-0.051498283599788586,EXP_DEnsembleModel_Alpha158_csi300_custom_step0_s_20260909_16,996af9311e244433bc969c9d87d87094,0.106,,,
3489,2026-09-09,SZ300433,-0.11435419439201017,EXP_DEnsembleModel_Alpha158_csi300_custom_step0_s_20260909_16,996af9311e244433bc969c9d87d87094,0.106,,,
3490,2026-09-09,SZ300442,-0.09834368294138918,EXP_DEnsembleModel_Alpha158_csi300_custom_step0_s_20260909_16,996af9311e244433bc969c9d87d87094,0.106,,,
3491,2026-09-09,SZ300450,-0.08112163394488409,EXP_DEnsembleModel_Alpha158_csi300_custom_step0_s_20260909_16,996af9311e244433bc969c9d87d87094,0.106,,,
3492,2026-09-09,SZ300476,0.05364549150955992,EXP_DEnsembleModel_Alpha158_csi300_custom_step0_s_20260909_16,996af9311e244433bc969c9d87d87094,0.106,,,
3493,2026-09-09,SZ300498,-0.04452857442122461,EXP_DEnsembleModel_Alpha158_csi300_custom_step0_s_20260909_16,996af9311e244433bc969c9d87d87094,0.106,,,
3494,2026-09-09,SZ300502,-0.15617045148788763,EXP_DEnsembleModel_Alpha158_csi300_custom_step0_s_20260909_16,996af9311e244433bc969c9d87d87094,0.106,,,
3495,2026-09-09,SZ300628,0.03516075123336325,EXP_DEnsembleModel_Alpha158_csi300_custom_step0_s_20260909_16,996af9311e244433bc969c9d87d87094,0.106,,,
3496,2026-09-09,SZ300661,-0.14864188580678714,EXP_DEnsembleModel_Alpha158_csi300_custom_step0_s_20260909_16,996af9311e244433bc969c9d87d87094,0.106,,,
3497,2026-09-09,SZ300750,-0.07658495822955093,EXP_DEnsembleModel_Alpha158_csi300_custom_step0_s_20260909_16,996af9311e244433bc969c9d87d87094,0.106,,,
3498,2026-09-09,SZ300760,0.09110030997880551,EXP_DEnsembleModel_Alpha158_csi300_custom_step0_s_20260909_16,996af9311e244433bc969c9d87d87094,0.106,,,
3499,2026-09-09,SZ300803,-0.10404015409375876,EXP_DEnsembleModel_Alpha158_csi300_custom_step0_s_20260909_16,996af9311e244433bc969c9d87d87094,0.106,,,
3500,2026-09-09,SZ300832,0.02100740407105554,EXP_DEnsembleModel_Alpha158_csi300_custom_step0_s_20260909_16,996af9311e244433bc969c9d87d87094,0.106,,,
3501,2026-09-09,SZ300866,0.0061029047378510365,EXP_DEnsembleModel_Alpha158_csi300_custom_step0_s_20260909_16,996af9311e244433bc969c9d87d87094,0.106,,,
3502,2026-09-09,SZ300896,-0.025448892160683943,EXP_DEnsembleModel_Alpha158_csi300_custom_step0_s_20260909_16,996af9311e244433bc969c9d87d87094,0.106,,,
3503,2026-09-09,SZ300999,-0.021478450896513276,EXP_DEnsembleModel_Alpha158_csi300_custom_step0_s_20260909_16,996af9311e244433bc969c9d87d87094,0.106,,,
3504,2026-09-09,SZ301165,0.06270041868455133,EXP_DEnsembleModel_Alpha158_csi300_custom_step0_s_20260909_16,996af9311e244433bc969c9d87d87094,0.106,,,
3505,2026-09-09,SZ301236,0.0028369552228827894,EXP_DEnsembleModel_Alpha158_csi300_custom_step0_s_20260909_16,996af9311e244433bc969c9d87d87094,0.106,,,
3506,2026-09-09,SZ301269,-0.07187493662358871,EXP_DEnsembleModel_Alpha158_csi300_custom_step0_s_20260909_16,996af9311e244433bc969c9d87d87094,0.106,,,
3507,2026-09-09,SZ300033,-0.15213598844307136,EXP_DEnsembleModel_Alpha158_csi300_custom_step0_s_20260909_16,996af9311e244433bc969c9d87d87094,0.106,,,
3508,2026-09-09,SH688009,0.05433933164107669,EXP_DEnsembleModel_Alpha158_csi300_custom_step0_s_20260909_16,996af9311e244433bc969c9d87d87094,0.106,,,
3509,2026-09-09,SZ300015,0.058977993005437726,EXP_DEnsembleModel_Alpha158_csi300_custom_step0_s_20260909_16,996af9311e244433bc969c9d87d87094,0.106,,,
3510,2026-09-09,SZ003816,0.03788886416126189,EXP_DEnsembleModel_Alpha158_csi300_custom_step0_s_20260909_16,996af9311e244433bc969c9d87d87094,0.106,,,
3511,2026-09-09,SZ002236,0.09134378499950103,EXP_DEnsembleModel_Alpha158_csi300_custom_step0_s_20260909_16,996af9311e244433bc969c9d87d87094,0.106,,,
3512,2026-09-09,SZ002241,-0.013672562415042482,EXP_DEnsembleModel_Alpha158_csi300_custom_step0_s_20260909_16,996af9311e244433bc969c9d87d87094,0.106,,,
3513,2026-09-09,SZ002304,0.03513810765446426,EXP_DEnsembleModel_Alpha158_csi300_custom_step0_s_20260909_16,996af9311e244433bc969c9d87d87094,0.106,,,
3514,2026-09-09,SZ002311,0.05099249040368078,EXP_DEnsembleModel_Alpha158_csi300_custom_step0_s_20260909_16,996af9311e244433bc969c9d87d87094,0.106,,,
3515,2026-09-09,SZ002352,0.055427331367944796,EXP_DEnsembleModel_Alpha158_csi300_custom_step0_s_20260909_16,996af9311e244433bc969c9d87d87094,0.106,,,
3516,2026-09-09,SZ002353,0.08984924449388892,EXP_DEnsembleModel_Alpha158_csi300_custom_step0_s_20260909_16,996af9311e244433bc969c9d87d87094,0.106,,,
3517,2026-09-09,SZ002371,-0.010572604566181051,EXP_DEnsembleModel_Alpha158_csi300_custom_step0_s_20260909_16,996af9311e244433bc969c9d87d87094,0.106,,,
3518,2026-09-09,SZ002384,-0.11109157247585318,EXP_DEnsembleModel_Alpha158_csi300_custom_step0_s_20260909_16,996af9311e244433bc969c9d87d87094,0.106,,,
3519,2026-09-09,SZ002415,0.051853433652860784,EXP_DEnsembleModel_Alpha158_csi300_custom_step0_s_20260909_16,996af9311e244433bc969c9d87d87094,0.106,,,
3520,2026-09-09,SZ002422,0.08208987809937238,EXP_DEnsembleModel_Alpha158_csi300_custom_step0_s_20260909_16,996af9311e244433bc969c9d87d87094,0.106,,,
3521,2026-09-09,SZ002460,-0.15035638917162397,EXP_DEnsembleModel_Alpha158_csi300_custom_step0_s_20260909_16,996af9311e244433bc969c9d87d87094,0.106,,,
3522,2026-09-09,SZ002463,-0.1468505651811386,EXP_DEnsembleModel_Alpha158_csi300_custom_step0_s_20260909_16,996af9311e244433bc969c9d87d87094,0.106,,,
3523,2026-09-09,SZ002466,-0.10220615895526006,EXP_DEnsembleModel_Alpha158_csi300_custom_step0_s_20260909_16,996af9311e244433bc969c9d87d87094,0.106,,,
3524,2026-09-09,SZ002475,-0.0743779721962909,EXP_DEnsembleModel_Alpha158_csi300_custom_step0_s_20260909_16,996af9311e244433bc969c9d87d87094,0.106,,,
3525,2026-09-09,SZ002493,-0.052370940893303415,EXP_DEnsembleModel_Alpha158_csi300_custom_step0_s_20260909_16,996af9311e244433bc969c9d87d87094,0.106,,,
3526,2026-09-09,SZ002532,-0.04834139536843735,EXP_DEnsembleModel_Alpha158_csi300_custom_step0_s_20260909_16,996af9311e244433bc969c9d87d87094,0.106,,,
3527,2026-09-09,SZ002558,-0.13388543185025256,EXP_DEnsembleModel_Alpha158_csi300_custom_step0_s_20260909_16,996af9311e244433bc969c9d87d87094,0.106,,,
3528,2026-09-09,SZ002594,0.0403720772770164,EXP_DEnsembleModel_Alpha158_csi300_custom_step0_s_20260909_16,996af9311e244433bc969c9d87d87094,0.106,,,
3529,2026-09-09,SZ002600,0.041485295072112176,EXP_DEnsembleModel_Alpha158_csi300_custom_step0_s_20260909_16,996af9311e244433bc969c9d87d87094,0.106,,,
3530,2026-09-09,SZ002602,-0.08912346917107368,EXP_DEnsembleModel_Alpha158_csi300_custom_step0_s_20260909_16,996af9311e244433bc969c9d87d87094,0.106,,,
3531,2026-09-09,SZ002625,-0.010627910230916039,EXP_DEnsembleModel_Alpha158_csi300_custom_step0_s_20260909_16,996af9311e244433bc969c9d87d87094,0.106,,,
3532,2026-09-09,SZ002648,-0.15441198528580133,EXP_DEnsembleModel_Alpha158_csi300_custom_step0_s_20260909_16,996af9311e244433bc969c9d87d87094,0.106,,,
3533,2026-09-09,SZ002709,-0.08368960798769981,EXP_DEnsembleModel_Alpha158_csi300_custom_step0_s_20260909_16,996af9311e244433bc969c9d87d87094,0.106,,,
3534,2026-09-09,SZ002714,-0.05767791899566457,EXP_DEnsembleModel_Alpha158_csi300_custom_step0_s_20260909_16,996af9311e244433bc969c9d87d87094,0.106,,,
3535,2026-09-09,SZ002736,0.07401189267801041,EXP_DEnsembleModel_Alpha158_csi300_custom_step0_s_20260909_16,996af9311e244433bc969c9d87d87094,0.106,,,
3536,2026-09-09,SZ002837,0.022632984813086714,EXP_DEnsembleModel_Alpha158_csi300_custom_step0_s_20260909_16,996af9311e244433bc969c9d87d87094,0.106,,,
3537,2026-09-09,SZ002916,-0.21671122452640854,EXP_DEnsembleModel_Alpha158_csi300_custom_step0_s_20260909_16,996af9311e244433bc969c9d87d87094,0.106,,,
3538,2026-09-09,SZ002920,-0.07441362370916639,EXP_DEnsembleModel_Alpha158_csi300_custom_step0_s_20260909_16,996af9311e244433bc969c9d87d87094,0.106,,,
3539,2026-09-09,SZ002938,-0.08049168770647981,EXP_DEnsembleModel_Alpha158_csi300_custom_step0_s_20260909_16,996af9311e244433bc969c9d87d87094,0.106,,,
3540,2026-09-09,SZ300014,-0.034695272153493176,EXP_DEnsembleModel_Alpha158_csi300_custom_step0_s_20260909_16,996af9311e244433bc969c9d87d87094,0.106,,,
3541,2026-09-09,SH688008,-0.04981608527288942,EXP_DEnsembleModel_Alpha158_csi300_custom_step0_s_20260909_16,996af9311e244433bc969c9d87d87094,0.106,,,
3542,2026-09-09,SH605499,-0.015821870272976647,EXP_DEnsembleModel_Alpha158_csi300_custom_step0_s_20260909_16,996af9311e244433bc969c9d87d87094,0.106,,,
3543,2026-09-09,SH605117,-0.09112878898588567,EXP_DEnsembleModel_Alpha158_csi300_custom_step0_s_20260909_16,996af9311e244433bc969c9d87d87094,0.106,,,
3544,2026-09-09,SH600893,0.09725506097052007,EXP_DEnsembleModel_Alpha158_csi300_custom_step0_s_20260909_16,996af9311e244433bc969c9d87d87094,0.106,,,
3545,2026-09-09,SH600900,0.09619491531400735,EXP_DEnsembleModel_Alpha158_csi300_custom_step0_s_20260909_16,996af9311e244433bc969c9d87d87094,0.106,,,
3546,2026-09-09,SH600905,0.07069030872590262,EXP_DEnsembleModel_Alpha158_csi300_custom_step0_s_20260909_16,996af9311e244433bc969c9d87d87094,0.106,,,
3547,2026-09-09,SH600918,0.06284464989883247,EXP_DEnsembleModel_Alpha158_csi300_custom_step0_s_20260909_16,996af9311e244433bc969c9d87d87094,0.106,,,
3548,2026-09-09,SH600919,0.10196259023643618,EXP_DEnsembleModel_Alpha158_csi300_custom_step0_s_20260909_16,996af9311e244433bc969c9d87d87094,0.106,,,
3549,2026-09-09,SH600926,0.07798703605644973,EXP_DEnsembleModel_Alpha158_csi300_custom_step0_s_20260909_16,996af9311e244433bc969c9d87d87094,0.106,,,
3550,2026-09-09,SH600930,-0.0005095589850082229,EXP_DEnsembleModel_Alpha158_csi300_custom_step0_s_20260909_16,996af9311e244433bc969c9d87d87094,0.106,,,
3551,2026-09-09,SH600938,0.05081756045774625,EXP_DEnsembleModel_Alpha158_csi300_custom_step0_s_20260909_16,996af9311e244433bc969c9d87d87094,0.106,,,
3552,2026-09-09,SH600941,0.07105103884040698,EXP_DEnsembleModel_Alpha158_csi300_custom_step0_s_20260909_16,996af9311e244433bc969c9d87d87094,0.106,,,
3553,2026-09-09,SH600958,0.07290913516672827,EXP_DEnsembleModel_Alpha158_csi300_custom_step0_s_20260909_16,996af9311e244433bc969c9d87d87094,0.106,,,
3554,2026-09-09,SH600989,-0.0658913721336527,EXP_DEnsembleModel_Alpha158_csi300_custom_step0_s_20260909_16,996af9311e244433bc969c9d87d87094,0.106,,,
3555,2026-09-09,SH600999,-0.022292925167813633,EXP_DEnsembleModel_Alpha158_csi300_custom_step0_s_20260909_16,996af9311e244433bc969c9d87d87094,0.106,,,
3556,2026-09-09,SH601006,0.10988996288683195,EXP_DEnsembleModel_Alpha158_csi300_custom_step0_s_20260909_16,996af9311e244433bc969c9d87d87094,0.106,,,
3557,2026-09-09,SH601009,0.07869631418130708,EXP_DEnsembleModel_Alpha158_csi300_custom_step0_s_20260909_16,996af9311e244433bc969c9d87d87094,0.106,,,
3558,2026-09-09,SH601012,0.0053355404206147745,EXP_DEnsembleModel_Alpha158_csi300_custom_step0_s_20260909_16,996af9311e244433bc969c9d87d87094,0.106,,,
3559,2026-09-09,SH601018,0.19009969215314929,EXP_DEnsembleModel_Alpha158_csi300_custom_step0_s_20260909_16,996af9311e244433bc969c9d87d87094,0.106,,,
3560,2026-09-09,SH601021,0.08170928093665626,EXP_DEnsembleModel_Alpha158_csi300_custom_step0_s_20260909_16,996af9311e244433bc969c9d87d87094,0.106,,,
3561,2026-09-09,SH601058,-0.023900999240717053,EXP_DEnsembleModel_Alpha158_csi300_custom_step0_s_20260909_16,996af9311e244433bc969c9d87d87094,0.106,,,
3562,2026-09-09,SH601059,-0.03750893030957539,EXP_DEnsembleModel_Alpha158_csi300_custom_step0_s_20260909_16,996af9311e244433bc969c9d87d87094,0.106,,,
3563,2026-09-09,SH601066,-0.038924128728496474,EXP_DEnsembleModel_Alpha158_csi300_custom_step0_s_20260909_16,996af9311e244433bc969c9d87d87094,0.106,,,
3564,2026-09-09,SH601077,0.11554590419501261,EXP_DEnsembleModel_Alpha158_csi300_custom_step0_s_20260909_16,996af9311e244433bc969c9d87d87094,0.106,,,
3565,2026-09-09,SH601088,-0.10996552660323232,EXP_DEnsembleModel_Alpha158_csi300_custom_step0_s_20260909_16,996af9311e244433bc969c9d87d87094,0.106,,,
3566,2026-09-09,SH601100,0.03150773666763469,EXP_DEnsembleModel_Alpha158_csi300_custom_step0_s_20260909_16,996af9311e244433bc969c9d87d87094,0.106,,,
3567,2026-09-09,SH601111,0.08972409453970977,EXP_DEnsembleModel_Alpha158_csi300_custom_step0_s_20260909_16,996af9311e244433bc969c9d87d87094,0.106,,,
3568,2026-09-09,SH601117,0.08817388808445335,EXP_DEnsembleModel_Alpha158_csi300_custom_step0_s_20260909_16,996af9311e244433bc969c9d87d87094,0.106,,,
3569,2026-09-09,SH601127,-0.001592507062707752,EXP_DEnsembleModel_Alpha158_csi300_custom_step0_s_20260909_16,996af9311e244433bc969c9d87d87094,0.106,,,
3570,2026-09-09,SH601136,-0.045049260839124326,EXP_DEnsembleModel_Alpha158_csi300_custom_step0_s_20260909_16,996af9311e244433bc969c9d87d87094,0.106,,,
3571,2026-09-09,SH601138,-0.18002790223073395,EXP_DEnsembleModel_Alpha158_csi300_custom_step0_s_20260909_16,996af9311e244433bc969c9d87d87094,0.106,,,
3572,2026-09-09,SH601166,0.07693332458733132,EXP_DEnsembleModel_Alpha158_csi300_custom_step0_s_20260909_16,996af9311e244433bc969c9d87d87094,0.106,,,
3573,2026-09-09,SH600887,0.05932055173521386,EXP_DEnsembleModel_Alpha158_csi300_custom_step0_s_20260909_16,996af9311e244433bc969c9d87d87094,0.106,,,
3574,2026-09-09,SH601169,0.021794281501185675,EXP_DEnsembleModel_Alpha158_csi300_custom_step0_s_20260909_16,996af9311e244433bc969c9d87d87094,0.106,,,
3575,2026-09-09,SH600886,-0.01933068953167433,EXP_DEnsembleModel_Alpha158_csi300_custom_step0_s_20260909_16,996af9311e244433bc969c9d87d87094,0.106,,,
3576,2026-09-09,SH600845,0.034163537296972434,EXP_DEnsembleModel_Alpha158_csi300_custom_step0_s_20260909_16,996af9311e244433bc969c9d87d87094,0.106,,,
3577,2026-09-09,SH600346,-0.14259608584777234,EXP_DEnsembleModel_Alpha158_csi300_custom_step0_s_20260909_16,996af9311e244433bc969c9d87d87094,0.106,,,
3578,2026-09-09,SH600362,-0.022249076378325492,EXP_DEnsembleModel_Alpha158_csi300_custom_step0_s_20260909_16,996af9311e244433bc969c9d87d87094,0.106,,,
3579,2026-09-09,SH600372,0.08740166732159523,EXP_DEnsembleModel_Alpha158_csi300_custom_step0_s_20260909_16,996af9311e244433bc969c9d87d87094,0.106,,,
3580,2026-09-09,SH600406,-0.0027176571593143122,EXP_DEnsembleModel_Alpha158_csi300_custom_step0_s_20260909_16,996af9311e244433bc969c9d87d87094,0.106,,,
3581,2026-09-09,SH600415,-0.06038096254533018,EXP_DEnsembleModel_Alpha158_csi300_custom_step0_s_20260909_16,996af9311e244433bc969c9d87d87094,0.106,,,
3582,2026-09-09,SH600426,-0.05079714546902701,EXP_DEnsembleModel_Alpha158_csi300_custom_step0_s_20260909_16,996af9311e244433bc969c9d87d87094,0.106,,,
3583,2026-09-09,SH600436,0.004382155035384114,EXP_DEnsembleModel_Alpha158_csi300_custom_step0_s_20260909_16,996af9311e244433bc969c9d87d87094,0.106,,,
3584,2026-09-09,SH600438,-0.013970450258744741,EXP_DEnsembleModel_Alpha158_csi300_custom_step0_s_20260909_16,996af9311e244433bc969c9d87d87094,0.106,,,
3585,2026-09-09,SH600460,-0.05773135142433629,EXP_DEnsembleModel_Alpha158_csi300_custom_step0_s_20260909_16,996af9311e244433bc969c9d87d87094,0.106,,,
3586,2026-09-09,SH600482,-0.026522260961596347,EXP_DEnsembleModel_Alpha158_csi300_custom_step0_s_20260909_16,996af9311e244433bc969c9d87d87094,0.106,,,
3587,2026-09-09,SH600489,-0.16392119617321826,EXP_DEnsembleModel_Alpha158_csi300_custom_step0_s_20260909_16,996af9311e244433bc969c9d87d87094,0.106,,,
3588,2026-09-09,SH600515,0.03921444134937349,EXP_DEnsembleModel_Alpha158_csi300_custom_step0_s_20260909_16,996af9311e244433bc969c9d87d87094,0.106,,,
3589,2026-09-09,SH600519,0.10349232598580647,EXP_DEnsembleModel_Alpha158_csi300_custom_step0_s_20260909_16,996af9311e244433bc969c9d87d87094,0.106,,,
3590,2026-09-09,SH600522,-0.13432937421200175,EXP_DEnsembleModel_Alpha158_csi300_custom_step0_s_20260909_16,996af9311e244433bc969c9d87d87094,0.106,,,
3591,2026-09-09,SH600547,-0.022725561261054086,EXP_DEnsembleModel_Alpha158_csi300_custom_step0_s_20260909_16,996af9311e244433bc969c9d87d87094,0.106,,,
3592,2026-09-09,SH600549,-0.14032021858072427,EXP_DEnsembleModel_Alpha158_csi300_custom_step0_s_20260909_16,996af9311e244433bc969c9d87d87094,0.106,,,
3593,2026-09-09,SH600570,0.004357643678677523,EXP_DEnsembleModel_Alpha158_csi300_custom_step0_s_20260909_16,996af9311e244433bc969c9d87d87094,0.106,,,
3594,2026-09-09,SH600584,0.035385943396652346,EXP_DEnsembleModel_Alpha158_csi300_custom_step0_s_20260909_16,996af9311e244433bc969c9d87d87094,0.106,,,
3595,2026-09-09,SH600585,0.06727504184125725,EXP_DEnsembleModel_Alpha158_csi300_custom_step0_s_20260909_16,996af9311e244433bc969c9d87d87094,0.106,,,
3596,2026-09-09,SH600588,0.045682894559576644,EXP_DEnsembleModel_Alpha158_csi300_custom_step0_s_20260909_16,996af9311e244433bc969c9d87d87094,0.106,,,
3597,2026-09-09,SH600600,0.021458337744607366,EXP_DEnsembleModel_Alpha158_csi300_custom_step0_s_20260909_16,996af9311e244433bc969c9d87d87094,0.106,,,
3598,2026-09-09,SH600660,-0.05513232632025973,EXP_DEnsembleModel_Alpha158_csi300_custom_step0_s_20260909_16,996af9311e244433bc969c9d87d87094,0.106,,,
3599,2026-09-09,SH600674,0.06731743899408861,EXP_DEnsembleModel_Alpha158_csi300_custom_step0_s_20260909_16,996af9311e244433bc969c9d87d87094,0.106,,,
3600,2026-09-09,SH600690,0.04067880899379549,EXP_DEnsembleModel_Alpha158_csi300_custom_step0_s_20260909_16,996af9311e244433bc969c9d87d87094,0.106,,,
3601,2026-09-09,SH600741,0.00743917453830053,EXP_DEnsembleModel_Alpha158_csi300_custom_step0_s_20260909_16,996af9311e244433bc969c9d87d87094,0.106,,,
3602,2026-09-09,SH600760,0.06908949056443586,EXP_DEnsembleModel_Alpha158_csi300_custom_step0_s_20260909_16,996af9311e244433bc969c9d87d87094,0.106,,,
3603,2026-09-09,SH600795,0.021030384969724886,EXP_DEnsembleModel_Alpha158_csi300_custom_step0_s_20260909_16,996af9311e244433bc969c9d87d87094,0.106,,,
3604,2026-09-09,SH600803,-0.04610119012590248,EXP_DEnsembleModel_Alpha158_csi300_custom_step0_s_20260909_16,996af9311e244433bc969c9d87d87094,0.106,,,
3605,2026-09-09,SH600809,-0.14103607964805864,EXP_DEnsembleModel_Alpha158_csi300_custom_step0_s_20260909_16,996af9311e244433bc969c9d87d87094,0.106,,,
3606,2026-09-09,SH600875,-0.026574104973174126,EXP_DEnsembleModel_Alpha158_csi300_custom_step0_s_20260909_16,996af9311e244433bc969c9d87d87094,0.106,,,
3607,2026-09-09,SH600919,0.10347536637056365,EXP_DEnsembleModel_Alpha158_csi300_custom_step0_s_20260909_16,f065883b84124941aadef0590f7eef65,0.091,,,
3608,2026-09-09,SH601186,0.0896236016841501,EXP_DEnsembleModel_Alpha158_csi300_custom_step0_s_20260909_16,996af9311e244433bc969c9d87d87094,0.106,,,
3609,2026-09-09,SH601225,-0.1186595699322419,EXP_DEnsembleModel_Alpha158_csi300_custom_step0_s_20260909_16,996af9311e244433bc969c9d87d87094,0.106,,,
3610,2026-09-09,SH601857,0.027703147982330416,EXP_DEnsembleModel_Alpha158_csi300_custom_step0_s_20260909_16,996af9311e244433bc969c9d87d87094,0.106,,,
3611,2026-09-09,SH601868,0.04546751187385855,EXP_DEnsembleModel_Alpha158_csi300_custom_step0_s_20260909_16,996af9311e244433bc969c9d87d87094,0.106,,,
3612,2026-09-09,SH601872,-0.04543362522442191,EXP_DEnsembleModel_Alpha158_csi300_custom_step0_s_20260909_16,996af9311e244433bc969c9d87d87094,0.106,,,
3613,2026-09-09,SH601877,0.026574333152406374,EXP_DEnsembleModel_Alpha158_csi300_custom_step0_s_20260909_16,996af9311e244433bc969c9d87d87094,0.106,,,
3614,2026-09-09,SH601878,0.10066782175007265,EXP_DEnsembleModel_Alpha158_csi300_custom_step0_s_20260909_16,996af9311e244433bc969c9d87d87094,0.106,,,
3615,2026-09-09,SH601881,0.0945584592520624,EXP_DEnsembleModel_Alpha158_csi300_custom_step0_s_20260909_16,996af9311e244433bc969c9d87d87094,0.106,,,
3616,2026-09-09,SH601888,-0.0491070170659616,EXP_DEnsembleModel_Alpha158_csi300_custom_step0_s_20260909_16,996af9311e244433bc969c9d87d87094,0.106,,,
3617,2026-09-09,SH601898,-0.1784548434106857,EXP_DEnsembleModel_Alpha158_csi300_custom_step0_s_20260909_16,996af9311e244433bc969c9d87d87094,0.106,,,
3618,2026-09-09,SH601899,-0.11355539401808565,EXP_DEnsembleModel_Alpha158_csi300_custom_step0_s_20260909_16,996af9311e244433bc969c9d87d87094,0.106,,,
3619,2026-09-09,SH601901,0.13016652831654088,EXP_DEnsembleModel_Alpha158_csi300_custom_step0_s_20260909_16,996af9311e244433bc969c9d87d87094,0.106,,,
3620,2026-09-09,SH601916,0.14713754227486492,EXP_DEnsembleModel_Alpha158_csi300_custom_step0_s_20260909_16,996af9311e244433bc969c9d87d87094,0.106,,,
3621,2026-09-09,SH601919,-0.10875554223917427,EXP_DEnsembleModel_Alpha158_csi300_custom_step0_s_20260909_16,996af9311e244433bc969c9d87d87094,0.106,,,
3622,2026-09-09,SH601939,-0.03317435597222694,EXP_DEnsembleModel_Alpha158_csi300_custom_step0_s_20260909_16,996af9311e244433bc969c9d87d87094,0.106,,,
3623,2026-09-09,SH601985,0.11307263075937206,EXP_DEnsembleModel_Alpha158_csi300_custom_step0_s_20260909_16,996af9311e244433bc969c9d87d87094,0.106,,,
3624,2026-09-09,SH601988,-0.06225624877008497,EXP_DEnsembleModel_Alpha158_csi300_custom_step0_s_20260909_16,996af9311e244433bc969c9d87d87094,0.106,,,
3625,2026-09-09,SH601995,-0.0630662351579618,EXP_DEnsembleModel_Alpha158_csi300_custom_step0_s_20260909_16,996af9311e244433bc969c9d87d87094,0.106,,,
3626,2026-09-09,SH601998,0.023557980998347508,EXP_DEnsembleModel_Alpha158_csi300_custom_step0_s_20260909_16,996af9311e244433bc969c9d87d87094,0.106,,,
3627,2026-09-09,SH603019,-0.110599394952659,EXP_DEnsembleModel_Alpha158_csi300_custom_step0_s_20260909_16,996af9311e244433bc969c9d87d87094,0.106,,,
3628,2026-09-09,SH603259,0.011613727263759093,EXP_DEnsembleModel_Alpha158_csi300_custom_step0_s_20260909_16,996af9311e244433bc969c9d87d87094,0.106,,,
3629,2026-09-09,SH603260,-0.04997234342507728,EXP_DEnsembleModel_Alpha158_csi300_custom_step0_s_20260909_16,996af9311e244433bc969c9d87d87094,0.106,,,
3630,2026-09-09,SH603288,0.07161608622967092,EXP_DEnsembleModel_Alpha158_csi300_custom_step0_s_20260909_16,996af9311e244433bc969c9d87d87094,0.106,,,
3631,2026-09-09,SH603296,-0.13829788071213434,EXP_DEnsembleModel_Alpha158_csi300_custom_step0_s_20260909_16,996af9311e244433bc969c9d87d87094,0.106,,,
3632,2026-09-09,SH603369,0.031489075117988756,EXP_DEnsembleModel_Alpha158_csi300_custom_step0_s_20260909_16,996af9311e244433bc969c9d87d87094,0.106,,,
3633,2026-09-09,SH603392,-0.06394275698046667,EXP_DEnsembleModel_Alpha158_csi300_custom_step0_s_20260909_16,996af9311e244433bc969c9d87d87094,0.106,,,
3634,2026-09-09,SH603501,0.024051535896204543,EXP_DEnsembleModel_Alpha158_csi300_custom_step0_s_20260909_16,996af9311e244433bc969c9d87d87094,0.106,,,
3635,2026-09-09,SH603799,-0.12047441266348725,EXP_DEnsembleModel_Alpha158_csi300_custom_step0_s_20260909_16,996af9311e244433bc969c9d87d87094,0.106,,,
3636,2026-09-09,SH603893,-0.05290618959368065,EXP_DEnsembleModel_Alpha158_csi300_custom_step0_s_20260909_16,996af9311e244433bc969c9d87d87094,0.106,,,
3637,2026-09-09,SH603986,-0.0911463335937768,EXP_DEnsembleModel_Alpha158_csi300_custom_step0_s_20260909_16,996af9311e244433bc969c9d87d87094,0.106,,,
3638,2026-09-09,SH603993,-0.14037411627459057,EXP_DEnsembleModel_Alpha158_csi300_custom_step0_s_20260909_16,996af9311e244433bc969c9d87d87094,0.106,,,
3639,2026-09-09,SH601838,0.03623650768376362,EXP_DEnsembleModel_Alpha158_csi300_custom_step0_s_20260909_16,996af9311e244433bc969c9d87d87094,0.106,,,
3640,2026-09-09,SH601211,0.08194181102081112,EXP_DEnsembleModel_Alpha158_csi300_custom_step0_s_20260909_16,996af9311e244433bc969c9d87d87094,0.106,,,
3641,2026-09-09,SH601825,0.09163772861359924,EXP_DEnsembleModel_Alpha158_csi300_custom_step0_s_20260909_16,996af9311e244433bc969c9d87d87094,0.106,,,
3642,2026-09-09,SH601816,0.07469890211828889,EXP_DEnsembleModel_Alpha158_csi300_custom_step0_s_20260909_16,996af9311e244433bc969c9d87d87094,0.106,,,
3643,2026-09-09,SH601229,0.10243732786280894,EXP_DEnsembleModel_Alpha158_csi300_custom_step0_s_20260909_16,996af9311e244433bc969c9d87d87094,0.106,,,
3644,2026-09-09,SH601238,0.0631459142716107,EXP_DEnsembleModel_Alpha158_csi300_custom_step0_s_20260909_16,996af9311e244433bc969c9d87d87094,0.106,,,
3645,2026-09-09,SH601288,0.051699489383250065,EXP_DEnsembleModel_Alpha158_csi300_custom_step0_s_20260909_16,996af9311e244433bc969c9d87d87094,0.106,,,
3646,2026-09-09,SH601318,0.006796593101762068,EXP_DEnsembleModel_Alpha158_csi300_custom_step0_s_20260909_16,996af9311e244433bc969c9d87d87094,0.106,,,
3647,2026-09-09,SH601319,-0.012319911887854453,EXP_DEnsembleModel_Alpha158_csi300_custom_step0_s_20260909_16,996af9311e244433bc969c9d87d87094,0.106,,,
3648,2026-09-09,SH601328,0.013306462558261402,EXP_DEnsembleModel_Alpha158_csi300_custom_step0_s_20260909_16,996af9311e244433bc969c9d87d87094,0.106,,,
3649,2026-09-09,SH601336,-0.01205881065193133,EXP_DEnsembleModel_Alpha158_csi300_custom_step0_s_20260909_16,996af9311e244433bc969c9d87d87094,0.106,,,
3650,2026-09-09,SH601360,-0.03619283004065467,EXP_DEnsembleModel_Alpha158_csi300_custom_step0_s_20260909_16,996af9311e244433bc969c9d87d87094,0.106,,,
3651,2026-09-09,SH601377,0.10240330295775746,EXP_DEnsembleModel_Alpha158_csi300_custom_step0_s_20260909_16,996af9311e244433bc969c9d87d87094,0.106,,,
3652,2026-09-09,SH601390,0.06462253414796718,EXP_DEnsembleModel_Alpha158_csi300_custom_step0_s_20260909_16,996af9311e244433bc969c9d87d87094,0.106,,,
3653,2026-09-09,SH601398,0.0346608070459195,EXP_DEnsembleModel_Alpha158_csi300_custom_step0_s_20260909_16,996af9311e244433bc969c9d87d87094,0.106,,,
3654,2026-09-09,SH601456,0.07446278629981949,EXP_DEnsembleModel_Alpha158_csi300_custom_step0_s_20260909_16,996af9311e244433bc969c9d87d87094,0.106,,,
3655,2026-09-09,SH601600,-0.020858280569116965,EXP_DEnsembleModel_Alpha158_csi300_custom_step0_s_20260909_16,996af9311e244433bc969c9d87d87094,0.106,,,
3656,2026-09-09,SH601601,0.007673659990290815,EXP_DEnsembleModel_Alpha158_csi300_custom_step0_s_20260909_16,996af9311e244433bc969c9d87d87094,0.106,,,
3657,2026-09-09,SH601607,0.1133602517429441,EXP_DEnsembleModel_Alpha158_csi300_custom_step0_s_20260909_16,996af9311e244433bc969c9d87d87094,0.106,,,
3658,2026-09-09,SH601618,0.04771317457828745,EXP_DEnsembleModel_Alpha158_csi300_custom_step0_s_20260909_16,996af9311e244433bc969c9d87d87094,0.106,,,
3659,2026-09-09,SH601628,0.055373012381222136,EXP_DEnsembleModel_Alpha158_csi300_custom_step0_s_20260909_16,996af9311e244433bc969c9d87d87094,0.106,,,
3660,2026-09-09,SH601633,-0.009046750765456026,EXP_DEnsembleModel_Alpha158_csi300_custom_step0_s_20260909_16,996af9311e244433bc969c9d87d87094,0.106,,,
3661,2026-09-09,SH601658,0.01336332872452373,EXP_DEnsembleModel_Alpha158_csi300_custom_step0_s_20260909_16,996af9311e244433bc969c9d87d87094,0.106,,,
3662,2026-09-09,SH601668,0.08157290686169273,EXP_DEnsembleModel_Alpha158_csi300_custom_step0_s_20260909_16,996af9311e244433bc969c9d87d87094,0.106,,,
3663,2026-09-09,SH601669,0.040532346079436156,EXP_DEnsembleModel_Alpha158_csi300_custom_step0_s_20260909_16,996af9311e244433bc969c9d87d87094,0.106,,,
3664,2026-09-09,SH601688,0.09620839919957754,EXP_DEnsembleModel_Alpha158_csi300_custom_step0_s_20260909_16,996af9311e244433bc969c9d87d87094,0.106,,,
3665,2026-09-09,SH601689,0.0036845649068691266,EXP_DEnsembleModel_Alpha158_csi300_custom_step0_s_20260909_16,996af9311e244433bc969c9d87d87094,0.106,,,
3666,2026-09-09,SH601698,0.03049910118079811,EXP_DEnsembleModel_Alpha158_csi300_custom_step0_s_20260909_16,996af9311e244433bc969c9d87d87094,0.106,,,
3667,2026-09-09,SH601727,0.035788649839280144,EXP_DEnsembleModel_Alpha158_csi300_custom_step0_s_20260909_16,996af9311e244433bc969c9d87d87094,0.106,,,
3668,2026-09-09,SH601728,0.09732433437722281,EXP_DEnsembleModel_Alpha158_csi300_custom_step0_s_20260909_16,996af9311e244433bc969c9d87d87094,0.106,,,
3669,2026-09-09,SH601766,0.0834175250524442,EXP_DEnsembleModel_Alpha158_csi300_custom_step0_s_20260909_16,996af9311e244433bc969c9d87d87094,0.106,,,
3670,2026-09-09,SH601788,0.08756566056700828,EXP_DEnsembleModel_Alpha158_csi300_custom_step0_s_20260909_16,996af9311e244433bc969c9d87d87094,0.106,,,
3671,2026-09-09,SH601800,0.01145272002355778,EXP_DEnsembleModel_Alpha158_csi300_custom_step0_s_20260909_16,996af9311e244433bc969c9d87d87094,0.106,,,
3672,2026-09-09,SH601818,0.13943619670587964,EXP_DEnsembleModel_Alpha158_csi300_custom_step0_s_20260909_16,996af9311e244433bc969c9d87d87094,0.106,,,
3673,2026-09-09,SH600918,0.06184812152464244,EXP_DEnsembleModel_Alpha158_csi300_custom_step0_s_20260909_16,f065883b84124941aadef0590f7eef65,0.091,,,
3674,2026-09-09,SH600905,0.06433976891946287,EXP_DEnsembleModel_Alpha158_csi300_custom_step0_s_20260909_16,f065883b84124941aadef0590f7eef65,0.091,,,
3675,2026-09-09,SH600900,0.11146287460759463,EXP_DEnsembleModel_Alpha158_csi300_custom_step0_s_20260909_16,f065883b84124941aadef0590f7eef65,0.091,,,
3676,2026-09-09,SH600036,-0.00678667665025235,EXP_LGBModel_Alpha158_csi300_custom_step0_s_20260909_19,0efad3da2ebe4e23981a13d822b4b0fe,0.019,,,
3677,2026-09-09,SH600039,-0.00856096745020891,EXP_LGBModel_Alpha158_csi300_custom_step0_s_20260909_19,0efad3da2ebe4e23981a13d822b4b0fe,0.019,,,
3678,2026-09-09,SH600048,-0.005412028149035419,EXP_LGBModel_Alpha158_csi300_custom_step0_s_20260909_19,0efad3da2ebe4e23981a13d822b4b0fe,0.019,,,
3679,2026-09-09,SH600050,0.009938540833800531,EXP_LGBModel_Alpha158_csi300_custom_step0_s_20260909_19,0efad3da2ebe4e23981a13d822b4b0fe,0.019,,,
3680,2026-09-09,SH600061,0.011788689536101828,EXP_LGBModel_Alpha158_csi300_custom_step0_s_20260909_19,0efad3da2ebe4e23981a13d822b4b0fe,0.019,,,
3681,2026-09-09,SH600066,-0.00475477324882351,EXP_LGBModel_Alpha158_csi300_custom_step0_s_20260909_19,0efad3da2ebe4e23981a13d822b4b0fe,0.019,,,
3682,2026-09-09,SH600085,0.010949253682544919,EXP_LGBModel_Alpha158_csi300_custom_step0_s_20260909_19,0efad3da2ebe4e23981a13d822b4b0fe,0.019,,,
3683,2026-09-09,SH600089,-0.0036740434580761544,EXP_LGBModel_Alpha158_csi300_custom_step0_s_20260909_19,0efad3da2ebe4e23981a13d822b4b0fe,0.019,,,
3684,2026-09-09,SH600104,0.01324761849295077,EXP_LGBModel_Alpha158_csi300_custom_step0_s_20260909_19,0efad3da2ebe4e23981a13d822b4b0fe,0.019,,,
3685,2026-09-09,SH600111,-0.009126893039321207,EXP_LGBModel_Alpha158_csi300_custom_step0_s_20260909_19,0efad3da2ebe4e23981a13d822b4b0fe,0.019,,,
3686,2026-09-09,SH600115,0.0010674196765360954,EXP_LGBModel_Alpha158_csi300_custom_step0_s_20260909_19,0efad3da2ebe4e23981a13d822b4b0fe,0.019,,,
3687,2026-09-09,SH600118,-0.011042744504782908,EXP_LGBModel_Alpha158_csi300_custom_step0_s_20260909_19,0efad3da2ebe4e23981a13d822b4b0fe,0.019,,,
3688,2026-09-09,SH600150,-0.0024000748581485512,EXP_LGBModel_Alpha158_csi300_custom_step0_s_20260909_19,0efad3da2ebe4e23981a13d822b4b0fe,0.019,,,
3689,2026-09-09,SH600031,-0.014248816888147218,EXP_LGBModel_Alpha158_csi300_custom_step0_s_20260909_19,0efad3da2ebe4e23981a13d822b4b0fe,0.019,,,
3690,2026-09-09,SH600160,-0.011871473140204803,EXP_LGBModel_Alpha158_csi300_custom_step0_s_20260909_19,0efad3da2ebe4e23981a13d822b4b0fe,0.019,,,
3691,2026-09-09,SH600183,0.0032837450998420927,EXP_LGBModel_Alpha158_csi300_custom_step0_s_20260909_19,0efad3da2ebe4e23981a13d822b4b0fe,0.019,,,
3692,2026-09-09,SH600188,-0.0054726613267648775,EXP_LGBModel_Alpha158_csi300_custom_step0_s_20260909_19,0efad3da2ebe4e23981a13d822b4b0fe,0.019,,,
3693,2026-09-09,SH600196,0.0001792163384957508,EXP_LGBModel_Alpha158_csi300_custom_step0_s_20260909_19,0efad3da2ebe4e23981a13d822b4b0fe,0.019,,,
3694,2026-09-09,SH600219,0.009137000506655984,EXP_LGBModel_Alpha158_csi300_custom_step0_s_20260909_19,0efad3da2ebe4e23981a13d822b4b0fe,0.019,,,
3695,2026-09-09,SH600221,0.010071193153880156,EXP_LGBModel_Alpha158_csi300_custom_step0_s_20260909_19,0efad3da2ebe4e23981a13d822b4b0fe,0.019,,,
3696,2026-09-09,SH600233,0.00426907851622884,EXP_LGBModel_Alpha158_csi300_custom_step0_s_20260909_19,0efad3da2ebe4e23981a13d822b4b0fe,0.019,,,
3697,2026-09-09,SH600276,0.00010857751297428599,EXP_LGBModel_Alpha158_csi300_custom_step0_s_20260909_19,0efad3da2ebe4e23981a13d822b4b0fe,0.019,,,
3698,2026-09-09,SH600309,0.00699803935941066,EXP_LGBModel_Alpha158_csi300_custom_step0_s_20260909_19,0efad3da2ebe4e23981a13d822b4b0fe,0.019,,,
3699,2026-09-09,SH600346,-0.007629485004736098,EXP_LGBModel_Alpha158_csi300_custom_step0_s_20260909_19,0efad3da2ebe4e23981a13d822b4b0fe,0.019,,,
3700,2026-09-09,SH600362,0.0033299932232206653,EXP_LGBModel_Alpha158_csi300_custom_step0_s_20260909_19,0efad3da2ebe4e23981a13d822b4b0fe,0.019,,,
3701,2026-09-09,SH600372,0.004957195292044173,EXP_LGBModel_Alpha158_csi300_custom_step0_s_20260909_19,0efad3da2ebe4e23981a13d822b4b0fe,0.019,,,
3702,2026-09-09,SH600406,0.006723229466064637,EXP_LGBModel_Alpha158_csi300_custom_step0_s_20260909_19,0efad3da2ebe4e23981a13d822b4b0fe,0.019,,,
3703,2026-09-09,SH600415,-0.012257129887585549,EXP_LGBModel_Alpha158_csi300_custom_step0_s_20260909_19,0efad3da2ebe4e23981a13d822b4b0fe,0.019,,,
3704,2026-09-09,SH600176,-0.008018888226554001,EXP_LGBModel_Alpha158_csi300_custom_step0_s_20260909_19,0efad3da2ebe4e23981a13d822b4b0fe,0.019,,,
3705,2026-09-09,SH600030,0.0073608604004014025,EXP_LGBModel_Alpha158_csi300_custom_step0_s_20260909_19,0efad3da2ebe4e23981a13d822b4b0fe,0.019,,,
3706,2026-09-09,SH600029,0.010071193153880156,EXP_LGBModel_Alpha158_csi300_custom_step0_s_20260909_19,0efad3da2ebe4e23981a13d822b4b0fe,0.019,,,
3707,2026-09-09,SH600028,0.005448436910056481,EXP_LGBModel_Alpha158_csi300_custom_step0_s_20260909_19,0efad3da2ebe4e23981a13d822b4b0fe,0.019,,,
3708,2026-09-09,SZ300476,0.004008820052082439,EXP_LGBModel_Alpha158_csi300_custom_step0_s_20260909_19,6f42c799d62142c0aab2d94aa0b563a5,0.113,,,
3709,2026-09-09,SZ300498,-0.0031688240626790236,EXP_LGBModel_Alpha158_csi300_custom_step0_s_20260909_19,6f42c799d62142c0aab2d94aa0b563a5,0.113,,,
3710,2026-09-09,SZ300502,-1.6153839834396572e-10,EXP_LGBModel_Alpha158_csi300_custom_step0_s_20260909_19,6f42c799d62142c0aab2d94aa0b563a5,0.113,,,
3711,2026-09-09,SZ300628,-1.6153839834396572e-10,EXP_LGBModel_Alpha158_csi300_custom_step0_s_20260909_19,6f42c799d62142c0aab2d94aa0b563a5,0.113,,,
3712,2026-09-09,SZ300661,-0.0023660200673193093,EXP_LGBModel_Alpha158_csi300_custom_step0_s_20260909_19,6f42c799d62142c0aab2d94aa0b563a5,0.113,,,
3713,2026-09-09,SZ300750,-0.0021424339593450214,EXP_LGBModel_Alpha158_csi300_custom_step0_s_20260909_19,6f42c799d62142c0aab2d94aa0b563a5,0.113,,,
3714,2026-09-09,SZ300760,0.002322381083470018,EXP_LGBModel_Alpha158_csi300_custom_step0_s_20260909_19,6f42c799d62142c0aab2d94aa0b563a5,0.113,,,
3715,2026-09-09,SZ300803,-1.6153839834396572e-10,EXP_LGBModel_Alpha158_csi300_custom_step0_s_20260909_19,6f42c799d62142c0aab2d94aa0b563a5,0.113,,,
3716,2026-09-09,SZ300832,-1.6153839834396572e-10,EXP_LGBModel_Alpha158_csi300_custom_step0_s_20260909_19,6f42c799d62142c0aab2d94aa0b563a5,0.113,,,
3717,2026-09-09,SZ300866,-0.0023660200673193093,EXP_LGBModel_Alpha158_csi300_custom_step0_s_20260909_19,6f42c799d62142c0aab2d94aa0b563a5,0.113,,,
3718,2026-09-09,SZ300896,0.0017760270728628617,EXP_LGBModel_Alpha158_csi300_custom_step0_s_20260909_19,6f42c799d62142c0aab2d94aa0b563a5,0.113,,,
3719,2026-09-09,SZ300999,-1.6153839834396572e-10,EXP_LGBModel_Alpha158_csi300_custom_step0_s_20260909_19,6f42c799d62142c0aab2d94aa0b563a5,0.113,,,
3720,2026-09-09,SZ301165,0.004008820052082439,EXP_LGBModel_Alpha158_csi300_custom_step0_s_20260909_19,6f42c799d62142c0aab2d94aa0b563a5,0.113,,,
3721,2026-09-09,SZ301236,0.0017760270728628617,EXP_LGBModel_Alpha158_csi300_custom_step0_s_20260909_19,6f42c799d62142c0aab2d94aa0b563a5,0.113,,,
3722,2026-09-09,SZ301269,-0.0023660200673193093,EXP_LGBModel_Alpha158_csi300_custom_step0_s_20260909_19,6f42c799d62142c0aab2d94aa0b563a5,0.113,,,
3723,2026-09-09,SZ301308,-0.0023660200673193093,EXP_LGBModel_Alpha158_csi300_custom_step0_s_20260909_19,6f42c799d62142c0aab2d94aa0b563a5,0.113,,,
3724,2026-09-09,SZ302132,0.0008891656192613738,EXP_LGBModel_Alpha158_csi300_custom_step0_s_20260909_19,6f42c799d62142c0aab2d94aa0b563a5,0.113,,,
3725,2026-09-09,SH600000,0.01813739620188754,EXP_LGBModel_Alpha158_csi300_custom_step0_s_20260909_19,0efad3da2ebe4e23981a13d822b4b0fe,0.019,,,
3726,2026-09-09,SH600009,0.01813739620188754,EXP_LGBModel_Alpha158_csi300_custom_step0_s_20260909_19,0efad3da2ebe4e23981a13d822b4b0fe,0.019,,,
3727,2026-09-09,SH600010,0.008625276246376299,EXP_LGBModel_Alpha158_csi300_custom_step0_s_20260909_19,0efad3da2ebe4e23981a13d822b4b0fe,0.019,,,
3728,2026-09-09,SH600011,0.011767515232437176,EXP_LGBModel_Alpha158_csi300_custom_step0_s_20260909_19,0efad3da2ebe4e23981a13d822b4b0fe,0.019,,,
3729,2026-09-09,SH600015,-0.003883144580808676,EXP_LGBModel_Alpha158_csi300_custom_step0_s_20260909_19,0efad3da2ebe4e23981a13d822b4b0fe,0.019,,,
3730,2026-09-09,SH600016,-0.0057377184252414845,EXP_LGBModel_Alpha158_csi300_custom_step0_s_20260909_19,0efad3da2ebe4e23981a13d822b4b0fe,0.019,,,
3731,2026-09-09,SH600018,0.00016211497215295654,EXP_LGBModel_Alpha158_csi300_custom_step0_s_20260909_19,0efad3da2ebe4e23981a13d822b4b0fe,0.019,,,
3732,2026-09-09,SH600019,0.008775916285343667,EXP_LGBModel_Alpha158_csi300_custom_step0_s_20260909_19,0efad3da2ebe4e23981a13d822b4b0fe,0.019,,,
3733,2026-09-09,SH600023,0.004226024503637382,EXP_LGBModel_Alpha158_csi300_custom_step0_s_20260909_19,0efad3da2ebe4e23981a13d822b4b0fe,0.019,,,
3734,2026-09-09,SH600025,0.01267004101194785,EXP_LGBModel_Alpha158_csi300_custom_step0_s_20260909_19,0efad3da2ebe4e23981a13d822b4b0fe,0.019,,,
3735,2026-09-09,SH600026,0.00662751138296108,EXP_LGBModel_Alpha158_csi300_custom_step0_s_20260909_19,0efad3da2ebe4e23981a13d822b4b0fe,0.019,,,
3736,2026-09-09,SH600027,0.003955358197644047,EXP_LGBModel_Alpha158_csi300_custom_step0_s_20260909_19,0efad3da2ebe4e23981a13d822b4b0fe,0.019,,,
3737,2026-09-09,SH600426,-0.01043138306505919,EXP_LGBModel_Alpha158_csi300_custom_step0_s_20260909_19,0efad3da2ebe4e23981a13d822b4b0fe,0.019,,,
3738,2026-09-09,SH600436,0.0003347357623749059,EXP_LGBModel_Alpha158_csi300_custom_step0_s_20260909_19,0efad3da2ebe4e23981a13d822b4b0fe,0.019,,,
3739,2026-09-09,SH600438,-0.020432857469878593,EXP_LGBModel_Alpha158_csi300_custom_step0_s_20260909_19,0efad3da2ebe4e23981a13d822b4b0fe,0.019,,,
3740,2026-09-09,SH600460,-0.009309383121604651,EXP_LGBModel_Alpha158_csi300_custom_step0_s_20260909_19,0efad3da2ebe4e23981a13d822b4b0fe,0.019,,,
3741,2026-09-09,SH600958,0.017256044726041517,EXP_LGBModel_Alpha158_csi300_custom_step0_s_20260909_19,0efad3da2ebe4e23981a13d822b4b0fe,0.019,,,
3742,2026-09-09,SH600989,-0.0011630129832479442,EXP_LGBModel_Alpha158_csi300_custom_step0_s_20260909_19,0efad3da2ebe4e23981a13d822b4b0fe,0.019,,,
3743,2026-09-09,SH600999,-0.01257079443255635,EXP_LGBModel_Alpha158_csi300_custom_step0_s_20260909_19,0efad3da2ebe4e23981a13d822b4b0fe,0.019,,,
3744,2026-09-09,SH601006,0.019395005873286842,EXP_LGBModel_Alpha158_csi300_custom_step0_s_20260909_19,0efad3da2ebe4e23981a13d822b4b0fe,0.019,,,
3745,2026-09-09,SH601009,0.01669141876583063,EXP_LGBModel_Alpha158_csi300_custom_step0_s_20260909_19,0efad3da2ebe4e23981a13d822b4b0fe,0.019,,,
3746,2026-09-09,SH601012,-0.005346394712040357,EXP_LGBModel_Alpha158_csi300_custom_step0_s_20260909_19,0efad3da2ebe4e23981a13d822b4b0fe,0.019,,,
3747,2026-09-09,SH601018,0.019395005873286842,EXP_LGBModel_Alpha158_csi300_custom_step0_s_20260909_19,0efad3da2ebe4e23981a13d822b4b0fe,0.019,,,
3748,2026-09-09,SH601021,0.0012680097688961463,EXP_LGBModel_Alpha158_csi300_custom_step0_s_20260909_19,0efad3da2ebe4e23981a13d822b4b0fe,0.019,,,
3749,2026-09-09,SH601058,-0.005220605105216205,EXP_LGBModel_Alpha158_csi300_custom_step0_s_20260909_19,0efad3da2ebe4e23981a13d822b4b0fe,0.019,,,
3750,2026-09-09,SH601059,-0.0051621919981899075,EXP_LGBModel_Alpha158_csi300_custom_step0_s_20260909_19,0efad3da2ebe4e23981a13d822b4b0fe,0.019,,,
3751,2026-09-09,SH601066,-0.011023730344918334,EXP_LGBModel_Alpha158_csi300_custom_step0_s_20260909_19,0efad3da2ebe4e23981a13d822b4b0fe,0.019,,,
3752,2026-09-09,SH601077,0.019395005873286842,EXP_LGBModel_Alpha158_csi300_custom_step0_s_20260909_19,0efad3da2ebe4e23981a13d822b4b0fe,0.019,,,
3753,2026-09-09,SH601088,0.005852622095978132,EXP_LGBModel_Alpha158_csi300_custom_step0_s_20260909_19,0efad3da2ebe4e23981a13d822b4b0fe,0.019,,,
3754,2026-09-09,SH601100,0.003896948591670192,EXP_LGBModel_Alpha158_csi300_custom_step0_s_20260909_19,0efad3da2ebe4e23981a13d822b4b0fe,0.019,,,
3755,2026-09-09,SH601111,0.007324568857216479,EXP_LGBModel_Alpha158_csi300_custom_step0_s_20260909_19,0efad3da2ebe4e23981a13d822b4b0fe,0.019,,,
3756,2026-09-09,SH601117,0.007702382317519563,EXP_LGBModel_Alpha158_csi300_custom_step0_s_20260909_19,0efad3da2ebe4e23981a13d822b4b0fe,0.019,,,
3757,2026-09-09,SH601127,-0.00408426333069554,EXP_LGBModel_Alpha158_csi300_custom_step0_s_20260909_19,0efad3da2ebe4e23981a13d822b4b0fe,0.019,,,
3758,2026-09-09,SH601136,-0.00856096745020891,EXP_LGBModel_Alpha158_csi300_custom_step0_s_20260909_19,0efad3da2ebe4e23981a13d822b4b0fe,0.019,,,
3759,2026-09-09,SH601138,-0.020432857469878593,EXP_LGBModel_Alpha158_csi300_custom_step0_s_20260909_19,0efad3da2ebe4e23981a13d822b4b0fe,0.019,,,
3760,2026-09-09,SH601166,0.012722882183325998,EXP_LGBModel_Alpha158_csi300_custom_step0_s_20260909_19,0efad3da2ebe4e23981a13d822b4b0fe,0.019,,,
3761,2026-09-09,SH601169,-0.0034337759426470303,EXP_LGBModel_Alpha158_csi300_custom_step0_s_20260909_19,0efad3da2ebe4e23981a13d822b4b0fe,0.019,,,
3762,2026-09-09,SH601186,0.01669141876583063,EXP_LGBModel_Alpha158_csi300_custom_step0_s_20260909_19,0efad3da2ebe4e23981a13d822b4b0fe,0.019,,,
3763,2026-09-09,SH601211,0.008810292535299594,EXP_LGBModel_Alpha158_csi300_custom_step0_s_20260909_19,0efad3da2ebe4e23981a13d822b4b0fe,0.019,,,
3764,2026-09-09,SH601225,0.008199661184318514,EXP_LGBModel_Alpha158_csi300_custom_step0_s_20260909_19,0efad3da2ebe4e23981a13d822b4b0fe,0.019,,,
3765,2026-09-09,SH601229,0.010258005653787958,EXP_LGBModel_Alpha158_csi300_custom_step0_s_20260909_19,0efad3da2ebe4e23981a13d822b4b0fe,0.019,,,
3766,2026-09-09,SH601238,0.006979757663459543,EXP_LGBModel_Alpha158_csi300_custom_step0_s_20260909_19,0efad3da2ebe4e23981a13d822b4b0fe,0.019,,,
3767,2026-09-09,SH601288,0.011578222118708245,EXP_LGBModel_Alpha158_csi300_custom_step0_s_20260909_19,0efad3da2ebe4e23981a13d822b4b0fe,0.019,,,
3768,2026-09-09,SH601318,0.0046232262856288325,EXP_LGBModel_Alpha158_csi300_custom_step0_s_20260909_19,0efad3da2ebe4e23981a13d822b4b0fe,0.019,,,
3769,2026-09-09,SH601319,-0.007018641860301596,EXP_LGBModel_Alpha158_csi300_custom_step0_s_20260909_19,0efad3da2ebe4e23981a13d822b4b0fe,0.019,,,
3770,2026-09-09,SH600941,0.005997917321987008,EXP_LGBModel_Alpha158_csi300_custom_step0_s_20260909_19,0efad3da2ebe4e23981a13d822b4b0fe,0.019,,,
3771,2026-09-09,SZ300450,-1.6153839834396572e-10,EXP_LGBModel_Alpha158_csi300_custom_step0_s_20260909_19,6f42c799d62142c0aab2d94aa0b563a5,0.113,,,
3772,2026-09-09,SH600938,0.011712978649867738,EXP_LGBModel_Alpha158_csi300_custom_step0_s_20260909_19,0efad3da2ebe4e23981a13d822b4b0fe,0.019,,,
3773,2026-09-09,SH600926,0.008844553464005537,EXP_LGBModel_Alpha158_csi300_custom_step0_s_20260909_19,0efad3da2ebe4e23981a13d822b4b0fe,0.019,,,
3774,2026-09-09,SH600482,-0.010594200873542037,EXP_LGBModel_Alpha158_csi300_custom_step0_s_20260909_19,0efad3da2ebe4e23981a13d822b4b0fe,0.019,,,
3775,2026-09-09,SH600489,0.002145337791709036,EXP_LGBModel_Alpha158_csi300_custom_step0_s_20260909_19,0efad3da2ebe4e23981a13d822b4b0fe,0.019,,,
3776,2026-09-09,SH600515,0.010331235415089377,EXP_LGBModel_Alpha158_csi300_custom_step0_s_20260909_19,0efad3da2ebe4e23981a13d822b4b0fe,0.019,,,
3777,2026-09-09,SH600519,0.012203571857353353,EXP_LGBModel_Alpha158_csi300_custom_step0_s_20260909_19,0efad3da2ebe4e23981a13d822b4b0fe,0.019,,,
3778,2026-09-09,SH600522,-0.0060065871063060255,EXP_LGBModel_Alpha158_csi300_custom_step0_s_20260909_19,0efad3da2ebe4e23981a13d822b4b0fe,0.019,,,
3779,2026-09-09,SH600547,0.00880126059205038,EXP_LGBModel_Alpha158_csi300_custom_step0_s_20260909_19,0efad3da2ebe4e23981a13d822b4b0fe,0.019,,,
3780,2026-09-09,SH600549,-0.018373976099563726,EXP_LGBModel_Alpha158_csi300_custom_step0_s_20260909_19,0efad3da2ebe4e23981a13d822b4b0fe,0.019,,,
3781,2026-09-09,SH600570,-0.0013575420890425153,EXP_LGBModel_Alpha158_csi300_custom_step0_s_20260909_19,0efad3da2ebe4e23981a13d822b4b0fe,0.019,,,
3782,2026-09-09,SH600584,-0.0019059115073373873,EXP_LGBModel_Alpha158_csi300_custom_step0_s_20260909_19,0efad3da2ebe4e23981a13d822b4b0fe,0.019,,,
3783,2026-09-09,SH600585,0.011840587614112193,EXP_LGBModel_Alpha158_csi300_custom_step0_s_20260909_19,0efad3da2ebe4e23981a13d822b4b0fe,0.019,,,
3784,2026-09-09,SH600588,-0.012292224034156423,EXP_LGBModel_Alpha158_csi300_custom_step0_s_20260909_19,0efad3da2ebe4e23981a13d822b4b0fe,0.019,,,
3785,2026-09-09,SH600600,0.006723229466064637,EXP_LGBModel_Alpha158_csi300_custom_step0_s_20260909_19,0efad3da2ebe4e23981a13d822b4b0fe,0.019,,,
3786,2026-09-09,SH600660,0.0010438086709649804,EXP_LGBModel_Alpha158_csi300_custom_step0_s_20260909_19,0efad3da2ebe4e23981a13d822b4b0fe,0.019,,,
3787,2026-09-09,SH600674,0.0067574903947705805,EXP_LGBModel_Alpha158_csi300_custom_step0_s_20260909_19,0efad3da2ebe4e23981a13d822b4b0fe,0.019,,,
3788,2026-09-09,SH600690,0.01146277415380911,EXP_LGBModel_Alpha158_csi300_custom_step0_s_20260909_19,0efad3da2ebe4e23981a13d822b4b0fe,0.019,,,
3789,2026-09-09,SH600741,0.003938755899188719,EXP_LGBModel_Alpha158_csi300_custom_step0_s_20260909_19,0efad3da2ebe4e23981a13d822b4b0fe,0.019,,,
3790,2026-09-09,SH600760,0.001521670417625552,EXP_LGBModel_Alpha158_csi300_custom_step0_s_20260909_19,0efad3da2ebe4e23981a13d822b4b0fe,0.019,,,
3791,2026-09-09,SH600795,0.004618529247525257,EXP_LGBModel_Alpha158_csi300_custom_step0_s_20260909_19,0efad3da2ebe4e23981a13d822b4b0fe,0.019,,,
3792,2026-09-09,SH600803,-0.008684605553726122,EXP_LGBModel_Alpha158_csi300_custom_step0_s_20260909_19,0efad3da2ebe4e23981a13d822b4b0fe,0.019,,,
3793,2026-09-09,SH600809,-0.010048608093348631,EXP_LGBModel_Alpha158_csi300_custom_step0_s_20260909_19,0efad3da2ebe4e23981a13d822b4b0fe,0.019,,,
3794,2026-09-09,SH600845,-0.0019078467307392065,EXP_LGBModel_Alpha158_csi300_custom_step0_s_20260909_19,0efad3da2ebe4e23981a13d822b4b0fe,0.019,,,
3795,2026-09-09,SH600875,0.005158121682100293,EXP_LGBModel_Alpha158_csi300_custom_step0_s_20260909_19,0efad3da2ebe4e23981a13d822b4b0fe,0.019,,,
3796,2026-09-09,SH600886,0.003485177329970169,EXP_LGBModel_Alpha158_csi300_custom_step0_s_20260909_19,0efad3da2ebe4e23981a13d822b4b0fe,0.019,,,
3797,2026-09-09,SH600887,0.004903145805934246,EXP_LGBModel_Alpha158_csi300_custom_step0_s_20260909_19,0efad3da2ebe4e23981a13d822b4b0fe,0.019,,,
3798,2026-09-09,SH600893,0.01315959738118743,EXP_LGBModel_Alpha158_csi300_custom_step0_s_20260909_19,0efad3da2ebe4e23981a13d822b4b0fe,0.019,,,
3799,2026-09-09,SH600900,0.011840587614112193,EXP_LGBModel_Alpha158_csi300_custom_step0_s_20260909_19,0efad3da2ebe4e23981a13d822b4b0fe,0.019,,,
3800,2026-09-09,SH600905,0.013833242112658333,EXP_LGBModel_Alpha158_csi300_custom_step0_s_20260909_19,0efad3da2ebe4e23981a13d822b4b0fe,0.019,,,
3801,2026-09-09,SH600918,0.004240715787222172,EXP_LGBModel_Alpha158_csi300_custom_step0_s_20260909_19,0efad3da2ebe4e23981a13d822b4b0fe,0.019,,,
3802,2026-09-09,SH600919,0.019395005873286842,EXP_LGBModel_Alpha158_csi300_custom_step0_s_20260909_19,0efad3da2ebe4e23981a13d822b4b0fe,0.019,,,
3803,2026-09-09,SH600930,0.0037133408067769533,EXP_LGBModel_Alpha158_csi300_custom_step0_s_20260909_19,0efad3da2ebe4e23981a13d822b4b0fe,0.019,,,
3804,2026-09-09,SZ300442,-0.0023660200673193093,EXP_LGBModel_Alpha158_csi300_custom_step0_s_20260909_19,6f42c799d62142c0aab2d94aa0b563a5,0.113,,,
3805,2026-09-09,SZ300433,-0.0023660200673193093,EXP_LGBModel_Alpha158_csi300_custom_step0_s_20260909_19,6f42c799d62142c0aab2d94aa0b563a5,0.113,,,
3806,2026-09-09,SZ300418,-0.0023660200673193093,EXP_LGBModel_Alpha158_csi300_custom_step0_s_20260909_19,6f42c799d62142c0aab2d94aa0b563a5,0.113,,,
3807,2026-09-09,SH688396,-0.0023660200673193093,EXP_LGBModel_Alpha158_csi300_custom_step0_s_20260909_19,6f42c799d62142c0aab2d94aa0b563a5,0.113,,,
3808,2026-09-09,SH688472,0.0008329982210972241,EXP_LGBModel_Alpha158_csi300_custom_step0_s_20260909_19,6f42c799d62142c0aab2d94aa0b563a5,0.113,,,
3809,2026-09-09,SH688506,0.004008820052082439,EXP_LGBModel_Alpha158_csi300_custom_step0_s_20260909_19,6f42c799d62142c0aab2d94aa0b563a5,0.113,,,
3810,2026-09-09,SH688521,-0.0023660200673193093,EXP_LGBModel_Alpha158_csi300_custom_step0_s_20260909_19,6f42c799d62142c0aab2d94aa0b563a5,0.113,,,
3811,2026-09-09,SH688981,-0.0023660200673193093,EXP_LGBModel_Alpha158_csi300_custom_step0_s_20260909_19,6f42c799d62142c0aab2d94aa0b563a5,0.113,,,
3812,2026-09-09,SZ000001,0.003144355779797505,EXP_LGBModel_Alpha158_csi300_custom_step0_s_20260909_19,6f42c799d62142c0aab2d94aa0b563a5,0.113,,,
3813,2026-09-09,SZ000002,-1.6153839834396572e-10,EXP_LGBModel_Alpha158_csi300_custom_step0_s_20260909_19,6f42c799d62142c0aab2d94aa0b563a5,0.113,,,
3814,2026-09-09,SZ000063,-1.6153839834396572e-10,EXP_LGBModel_Alpha158_csi300_custom_step0_s_20260909_19,6f42c799d62142c0aab2d94aa0b563a5,0.113,,,
3815,2026-09-09,SZ000100,-1.6153839834396572e-10,EXP_LGBModel_Alpha158_csi300_custom_step0_s_20260909_19,6f42c799d62142c0aab2d94aa0b563a5,0.113,,,
3816,2026-09-09,SZ000157,-1.6153839834396572e-10,EXP_LGBModel_Alpha158_csi300_custom_step0_s_20260909_19,6f42c799d62142c0aab2d94aa0b563a5,0.113,,,
3817,2026-09-09,SZ000166,0.003144355779797505,EXP_LGBModel_Alpha158_csi300_custom_step0_s_20260909_19,6f42c799d62142c0aab2d94aa0b563a5,0.113,,,
3818,2026-09-09,SZ000301,-0.0031688240626790236,EXP_LGBModel_Alpha158_csi300_custom_step0_s_20260909_19,6f42c799d62142c0aab2d94aa0b563a5,0.113,,,
3819,2026-09-09,SZ000333,0.0017760270728628617,EXP_LGBModel_Alpha158_csi300_custom_step0_s_20260909_19,6f42c799d62142c0aab2d94aa0b563a5,0.113,,,
3820,2026-09-09,SZ000338,-1.6153839834396572e-10,EXP_LGBModel_Alpha158_csi300_custom_step0_s_20260909_19,6f42c799d62142c0aab2d94aa0b563a5,0.113,,,
3821,2026-09-09,SZ000408,-0.0023660200673193093,EXP_LGBModel_Alpha158_csi300_custom_step0_s_20260909_19,6f42c799d62142c0aab2d94aa0b563a5,0.113,,,
3822,2026-09-09,SZ000425,-1.6153839834396572e-10,EXP_LGBModel_Alpha158_csi300_custom_step0_s_20260909_19,6f42c799d62142c0aab2d94aa0b563a5,0.113,,,
3823,2026-09-09,SZ000538,0.0017760270728628617,EXP_LGBModel_Alpha158_csi300_custom_step0_s_20260909_19,6f42c799d62142c0aab2d94aa0b563a5,0.113,,,
3824,2026-09-09,SZ000568,0.0017760270728628617,EXP_LGBModel_Alpha158_csi300_custom_step0_s_20260909_19,6f42c799d62142c0aab2d94aa0b563a5,0.113,,,
3825,2026-09-09,SZ000596,-1.6153839834396572e-10,EXP_LGBModel_Alpha158_csi300_custom_step0_s_20260909_19,6f42c799d62142c0aab2d94aa0b563a5,0.113,,,
3826,2026-09-09,SZ000617,-0.0014999849249290253,EXP_LGBModel_Alpha158_csi300_custom_step0_s_20260909_19,6f42c799d62142c0aab2d94aa0b563a5,0.113,,,
3827,2026-09-09,SZ000625,-1.6153839834396572e-10,EXP_LGBModel_Alpha158_csi300_custom_step0_s_20260909_19,6f42c799d62142c0aab2d94aa0b563a5,0.113,,,
3828,2026-09-09,SZ000630,-0.0023660200673193093,EXP_LGBModel_Alpha158_csi300_custom_step0_s_20260909_19,6f42c799d62142c0aab2d94aa0b563a5,0.113,,,
3829,2026-09-09,SZ000651,0.0017760270728628617,EXP_LGBModel_Alpha158_csi300_custom_step0_s_20260909_19,6f42c799d62142c0aab2d94aa0b563a5,0.113,,,
3830,2026-09-09,SZ000657,0.004008820052082439,EXP_LGBModel_Alpha158_csi300_custom_step0_s_20260909_19,6f42c799d62142c0aab2d94aa0b563a5,0.113,,,
3831,2026-09-09,SZ000708,0.0017760270728628617,EXP_LGBModel_Alpha158_csi300_custom_step0_s_20260909_19,6f42c799d62142c0aab2d94aa0b563a5,0.113,,,
3832,2026-09-09,SZ000725,-0.0023660200673193093,EXP_LGBModel_Alpha158_csi300_custom_step0_s_20260909_19,6f42c799d62142c0aab2d94aa0b563a5,0.113,,,
3833,2026-09-09,SZ000768,-0.00030436299078269365,EXP_LGBModel_Alpha158_csi300_custom_step0_s_20260909_19,6f42c799d62142c0aab2d94aa0b563a5,0.113,,,
3834,2026-09-09,SZ000776,0.0017760270728628617,EXP_LGBModel_Alpha158_csi300_custom_step0_s_20260909_19,6f42c799d62142c0aab2d94aa0b563a5,0.113,,,
3835,2026-09-09,SZ000792,-1.6153839834396572e-10,EXP_LGBModel_Alpha158_csi300_custom_step0_s_20260909_19,6f42c799d62142c0aab2d94aa0b563a5,0.113,,,
3836,2026-09-09,SH688303,-1.6153839834396572e-10,EXP_LGBModel_Alpha158_csi300_custom_step0_s_20260909_19,6f42c799d62142c0aab2d94aa0b563a5,0.113,,,
3837,2026-09-09,SZ000807,-1.6153839834396572e-10,EXP_LGBModel_Alpha158_csi300_custom_step0_s_20260909_19,6f42c799d62142c0aab2d94aa0b563a5,0.113,,,
3838,2026-09-09,SH688271,0.0017760270728628617,EXP_LGBModel_Alpha158_csi300_custom_step0_s_20260909_19,6f42c799d62142c0aab2d94aa0b563a5,0.113,,,
3839,2026-09-09,SH688223,0.0017760270728628617,EXP_LGBModel_Alpha158_csi300_custom_step0_s_20260909_19,6f42c799d62142c0aab2d94aa0b563a5,0.113,,,
3840,2026-09-09,SH601985,0.003144355779797505,EXP_LGBModel_Alpha158_csi300_custom_step0_s_20260909_19,6f42c799d62142c0aab2d94aa0b563a5,0.113,,,
3841,2026-09-09,SH601988,-0.00030436299078269365,EXP_LGBModel_Alpha158_csi300_custom_step0_s_20260909_19,6f42c799d62142c0aab2d94aa0b563a5,0.113,,,
3842,2026-09-09,SH601995,-0.0023660200673193093,EXP_LGBModel_Alpha158_csi300_custom_step0_s_20260909_19,6f42c799d62142c0aab2d94aa0b563a5,0.113,,,
3843,2026-09-09,SH601998,-1.6153839834396572e-10,EXP_LGBModel_Alpha158_csi300_custom_step0_s_20260909_19,6f42c799d62142c0aab2d94aa0b563a5,0.113,,,
3844,2026-09-09,SH603019,-0.0023660200673193093,EXP_LGBModel_Alpha158_csi300_custom_step0_s_20260909_19,6f42c799d62142c0aab2d94aa0b563a5,0.113,,,
3845,2026-09-09,SH603259,-1.6153839834396572e-10,EXP_LGBModel_Alpha158_csi300_custom_step0_s_20260909_19,6f42c799d62142c0aab2d94aa0b563a5,0.113,,,
3846,2026-09-09,SH603260,-0.0021424339593450214,EXP_LGBModel_Alpha158_csi300_custom_step0_s_20260909_19,6f42c799d62142c0aab2d94aa0b563a5,0.113,,,
3847,2026-09-09,SH603288,-1.6153839834396572e-10,EXP_LGBModel_Alpha158_csi300_custom_step0_s_20260909_19,6f42c799d62142c0aab2d94aa0b563a5,0.113,,,
3848,2026-09-09,SH603296,-0.0023660200673193093,EXP_LGBModel_Alpha158_csi300_custom_step0_s_20260909_19,6f42c799d62142c0aab2d94aa0b563a5,0.113,,,
3849,2026-09-09,SH603369,0.002322381083470018,EXP_LGBModel_Alpha158_csi300_custom_step0_s_20260909_19,6f42c799d62142c0aab2d94aa0b563a5,0.113,,,
3850,2026-09-09,SH603392,-0.0023660200673193093,EXP_LGBModel_Alpha158_csi300_custom_step0_s_20260909_19,6f42c799d62142c0aab2d94aa0b563a5,0.113,,,
3851,2026-09-09,SH603501,-1.6153839834396572e-10,EXP_LGBModel_Alpha158_csi300_custom_step0_s_20260909_19,6f42c799d62142c0aab2d94aa0b563a5,0.113,,,
3852,2026-09-09,SH603799,-1.6153839834396572e-10,EXP_LGBModel_Alpha158_csi300_custom_step0_s_20260909_19,6f42c799d62142c0aab2d94aa0b563a5,0.113,,,
3853,2026-09-09,SH603893,-0.0023660200673193093,EXP_LGBModel_Alpha158_csi300_custom_step0_s_20260909_19,6f42c799d62142c0aab2d94aa0b563a5,0.113,,,
3854,2026-09-09,SH603986,-0.0023660200673193093,EXP_LGBModel_Alpha158_csi300_custom_step0_s_20260909_19,6f42c799d62142c0aab2d94aa0b563a5,0.113,,,
3855,2026-09-09,SH603993,-0.0023660200673193093,EXP_LGBModel_Alpha158_csi300_custom_step0_s_20260909_19,6f42c799d62142c0aab2d94aa0b563a5,0.113,,,
3856,2026-09-09,SH605117,-1.6153839834396572e-10,EXP_LGBModel_Alpha158_csi300_custom_step0_s_20260909_19,6f42c799d62142c0aab2d94aa0b563a5,0.113,,,
3857,2026-09-09,SH605499,0.0017760270728628617,EXP_LGBModel_Alpha158_csi300_custom_step0_s_20260909_19,6f42c799d62142c0aab2d94aa0b563a5,0.113,,,
3858,2026-09-09,SH688008,-0.0023660200673193093,EXP_LGBModel_Alpha158_csi300_custom_step0_s_20260909_19,6f42c799d62142c0aab2d94aa0b563a5,0.113,,,
3859,2026-09-09,SH688009,0.0017760270728628617,EXP_LGBModel_Alpha158_csi300_custom_step0_s_20260909_19,6f42c799d62142c0aab2d94aa0b563a5,0.113,,,
3860,2026-09-09,SH688012,-0.0023660200673193093,EXP_LGBModel_Alpha158_csi300_custom_step0_s_20260909_19,6f42c799d62142c0aab2d94aa0b563a5,0.113,,,
3861,2026-09-09,SH688036,-0.0023660200673193093,EXP_LGBModel_Alpha158_csi300_custom_step0_s_20260909_19,6f42c799d62142c0aab2d94aa0b563a5,0.113,,,
3862,2026-09-09,SH688041,0.004008820052082439,EXP_LGBModel_Alpha158_csi300_custom_step0_s_20260909_19,6f42c799d62142c0aab2d94aa0b563a5,0.113,,,
3863,2026-09-09,SH688047,-0.0023660200673193093,EXP_LGBModel_Alpha158_csi300_custom_step0_s_20260909_19,6f42c799d62142c0aab2d94aa0b563a5,0.113,,,
3864,2026-09-09,SH688072,-0.0023660200673193093,EXP_LGBModel_Alpha158_csi300_custom_step0_s_20260909_19,6f42c799d62142c0aab2d94aa0b563a5,0.113,,,
3865,2026-09-09,SH688082,-0.0023660200673193093,EXP_LGBModel_Alpha158_csi300_custom_step0_s_20260909_19,6f42c799d62142c0aab2d94aa0b563a5,0.113,,,
3866,2026-09-09,SH688111,-0.0023660200673193093,EXP_LGBModel_Alpha158_csi300_custom_step0_s_20260909_19,6f42c799d62142c0aab2d94aa0b563a5,0.113,,,
3867,2026-09-09,SH688126,-0.0023660200673193093,EXP_LGBModel_Alpha158_csi300_custom_step0_s_20260909_19,6f42c799d62142c0aab2d94aa0b563a5,0.113,,,
3868,2026-09-09,SH688183,-1.6153839834396572e-10,EXP_LGBModel_Alpha158_csi300_custom_step0_s_20260909_19,6f42c799d62142c0aab2d94aa0b563a5,0.113,,,
3869,2026-09-09,SH688256,-1.6153839834396572e-10,EXP_LGBModel_Alpha158_csi300_custom_step0_s_20260909_19,6f42c799d62142c0aab2d94aa0b563a5,0.113,,,
3870,2026-09-09,SH601328,0.00553380332770912,EXP_LGBModel_Alpha158_csi300_custom_step0_s_20260909_19,0efad3da2ebe4e23981a13d822b4b0fe,0.019,,,
3871,2026-09-09,SZ000858,0.0017760270728628617,EXP_LGBModel_Alpha158_csi300_custom_step0_s_20260909_19,6f42c799d62142c0aab2d94aa0b563a5,0.113,,,
3872,2026-09-09,SZ000938,-0.0023660200673193093,EXP_LGBModel_Alpha158_csi300_custom_step0_s_20260909_19,6f42c799d62142c0aab2d94aa0b563a5,0.113,,,
3873,2026-09-09,SZ002493,-1.6153839834396572e-10,EXP_LGBModel_Alpha158_csi300_custom_step0_s_20260909_19,6f42c799d62142c0aab2d94aa0b563a5,0.113,,,
3874,2026-09-09,SZ002532,-0.0031688240626790236,EXP_LGBModel_Alpha158_csi300_custom_step0_s_20260909_19,6f42c799d62142c0aab2d94aa0b563a5,0.113,,,
3875,2026-09-09,SZ002558,-0.0023660200673193093,EXP_LGBModel_Alpha158_csi300_custom_step0_s_20260909_19,6f42c799d62142c0aab2d94aa0b563a5,0.113,,,
3876,2026-09-09,SZ002594,-1.6153839834396572e-10,EXP_LGBModel_Alpha158_csi300_custom_step0_s_20260909_19,6f42c799d62142c0aab2d94aa0b563a5,0.113,,,
3877,2026-09-09,SZ002600,0.0017760270728628617,EXP_LGBModel_Alpha158_csi300_custom_step0_s_20260909_19,6f42c799d62142c0aab2d94aa0b563a5,0.113,,,
3878,2026-09-09,SZ002602,-1.6153839834396572e-10,EXP_LGBModel_Alpha158_csi300_custom_step0_s_20260909_19,6f42c799d62142c0aab2d94aa0b563a5,0.113,,,
3879,2026-09-09,SZ002625,0.0017760270728628617,EXP_LGBModel_Alpha158_csi300_custom_step0_s_20260909_19,6f42c799d62142c0aab2d94aa0b563a5,0.113,,,
3880,2026-09-09,SZ002648,-0.0031688240626790236,EXP_LGBModel_Alpha158_csi300_custom_step0_s_20260909_19,6f42c799d62142c0aab2d94aa0b563a5,0.113,,,
3881,2026-09-09,SZ002709,0.0008329982210972241,EXP_LGBModel_Alpha158_csi300_custom_step0_s_20260909_19,6f42c799d62142c0aab2d94aa0b563a5,0.113,,,
3882,2026-09-09,SZ002714,-0.0031688240626790236,EXP_LGBModel_Alpha158_csi300_custom_step0_s_20260909_19,6f42c799d62142c0aab2d94aa0b563a5,0.113,,,
3883,2026-09-09,SZ002736,0.003144355779797505,EXP_LGBModel_Alpha158_csi300_custom_step0_s_20260909_19,6f42c799d62142c0aab2d94aa0b563a5,0.113,,,
3884,2026-09-09,SZ002837,0.004008820052082439,EXP_LGBModel_Alpha158_csi300_custom_step0_s_20260909_19,6f42c799d62142c0aab2d94aa0b563a5,0.113,,,
3885,2026-09-09,SZ002916,-0.0023660200673193093,EXP_LGBModel_Alpha158_csi300_custom_step0_s_20260909_19,6f42c799d62142c0aab2d94aa0b563a5,0.113,,,
3886,2026-09-09,SZ002920,-0.0023660200673193093,EXP_LGBModel_Alpha158_csi300_custom_step0_s_20260909_19,6f42c799d62142c0aab2d94aa0b563a5,0.113,,,
3887,2026-09-09,SZ002938,-0.0023660200673193093,EXP_LGBModel_Alpha158_csi300_custom_step0_s_20260909_19,6f42c799d62142c0aab2d94aa0b563a5,0.113,,,
3888,2026-09-09,SZ003816,0.0004707106607777061,EXP_LGBModel_Alpha158_csi300_custom_step0_s_20260909_19,6f42c799d62142c0aab2d94aa0b563a5,0.113,,,
3889,2026-09-09,SZ300014,0.0008329982210972241,EXP_LGBModel_Alpha158_csi300_custom_step0_s_20260909_19,6f42c799d62142c0aab2d94aa0b563a5,0.113,,,
3890,2026-09-09,SZ300015,0.0017760270728628617,EXP_LGBModel_Alpha158_csi300_custom_step0_s_20260909_19,6f42c799d62142c0aab2d94aa0b563a5,0.113,,,
3891,2026-09-09,SZ300033,-0.0023660200673193093,EXP_LGBModel_Alpha158_csi300_custom_step0_s_20260909_19,6f42c799d62142c0aab2d94aa0b563a5,0.113,,,
3892,2026-09-09,SZ300059,0.0017760270728628617,EXP_LGBModel_Alpha158_csi300_custom_step0_s_20260909_19,6f42c799d62142c0aab2d94aa0b563a5,0.113,,,
3893,2026-09-09,SZ300122,-0.0023660200673193093,EXP_LGBModel_Alpha158_csi300_custom_step0_s_20260909_19,6f42c799d62142c0aab2d94aa0b563a5,0.113,,,
3894,2026-09-09,SZ300124,-0.0023660200673193093,EXP_LGBModel_Alpha158_csi300_custom_step0_s_20260909_19,6f42c799d62142c0aab2d94aa0b563a5,0.113,,,
3895,2026-09-09,SZ300251,-0.0023660200673193093,EXP_LGBModel_Alpha158_csi300_custom_step0_s_20260909_19,6f42c799d62142c0aab2d94aa0b563a5,0.113,,,
3896,2026-09-09,SZ300274,-1.6153839834396572e-10,EXP_LGBModel_Alpha158_csi300_custom_step0_s_20260909_19,6f42c799d62142c0aab2d94aa0b563a5,0.113,,,
3897,2026-09-09,SZ300308,-1.6153839834396572e-10,EXP_LGBModel_Alpha158_csi300_custom_step0_s_20260909_19,6f42c799d62142c0aab2d94aa0b563a5,0.113,,,
3898,2026-09-09,SZ300316,-0.0023660200673193093,EXP_LGBModel_Alpha158_csi300_custom_step0_s_20260909_19,6f42c799d62142c0aab2d94aa0b563a5,0.113,,,
3899,2026-09-09,SZ300394,0.004008820052082439,EXP_LGBModel_Alpha158_csi300_custom_step0_s_20260909_19,6f42c799d62142c0aab2d94aa0b563a5,0.113,,,
3900,2026-09-09,SZ300408,-1.6153839834396572e-10,EXP_LGBModel_Alpha158_csi300_custom_step0_s_20260909_19,6f42c799d62142c0aab2d94aa0b563a5,0.113,,,
3901,2026-09-09,SZ300413,0.004008820052082439,EXP_LGBModel_Alpha158_csi300_custom_step0_s_20260909_19,6f42c799d62142c0aab2d94aa0b563a5,0.113,,,
3902,2026-09-09,SZ002475,-0.0023660200673193093,EXP_LGBModel_Alpha158_csi300_custom_step0_s_20260909_19,6f42c799d62142c0aab2d94aa0b563a5,0.113,,,
3903,2026-09-09,SZ000895,-1.6153839834396572e-10,EXP_LGBModel_Alpha158_csi300_custom_step0_s_20260909_19,6f42c799d62142c0aab2d94aa0b563a5,0.113,,,
3904,2026-09-09,SZ002466,-0.0023660200673193093,EXP_LGBModel_Alpha158_csi300_custom_step0_s_20260909_19,6f42c799d62142c0aab2d94aa0b563a5,0.113,,,
3905,2026-09-09,SZ002460,-0.0023660200673193093,EXP_LGBModel_Alpha158_csi300_custom_step0_s_20260909_19,6f42c799d62142c0aab2d94aa0b563a5,0.113,,,
3906,2026-09-09,SZ000963,-1.6153839834396572e-10,EXP_LGBModel_Alpha158_csi300_custom_step0_s_20260909_19,6f42c799d62142c0aab2d94aa0b563a5,0.113,,,
3907,2026-09-09,SZ000975,-0.0023660200673193093,EXP_LGBModel_Alpha158_csi300_custom_step0_s_20260909_19,6f42c799d62142c0aab2d94aa0b563a5,0.113,,,
3908,2026-09-09,SZ000977,-0.0023660200673193093,EXP_LGBModel_Alpha158_csi300_custom_step0_s_20260909_19,6f42c799d62142c0aab2d94aa0b563a5,0.113,,,
3909,2026-09-09,SZ000988,-0.0023660200673193093,EXP_LGBModel_Alpha158_csi300_custom_step0_s_20260909_19,6f42c799d62142c0aab2d94aa0b563a5,0.113,,,
3910,2026-09-09,SZ000999,0.0017760270728628617,EXP_LGBModel_Alpha158_csi300_custom_step0_s_20260909_19,6f42c799d62142c0aab2d94aa0b563a5,0.113,,,
3911,2026-09-09,SZ001280,-0.0031688240626790236,EXP_LGBModel_Alpha158_csi300_custom_step0_s_20260909_19,6f42c799d62142c0aab2d94aa0b563a5,0.113,,,
3912,2026-09-09,SZ001391,-1.6153839834396572e-10,EXP_LGBModel_Alpha158_csi300_custom_step0_s_20260909_19,6f42c799d62142c0aab2d94aa0b563a5,0.113,,,
3913,2026-09-09,SZ001965,0.0017760270728628617,EXP_LGBModel_Alpha158_csi300_custom_step0_s_20260909_19,6f42c799d62142c0aab2d94aa0b563a5,0.113,,,
3914,2026-09-09,SZ001979,-1.6153839834396572e-10,EXP_LGBModel_Alpha158_csi300_custom_step0_s_20260909_19,6f42c799d62142c0aab2d94aa0b563a5,0.113,,,
3915,2026-09-09,SZ002001,0.0017760270728628617,EXP_LGBModel_Alpha158_csi300_custom_step0_s_20260909_19,6f42c799d62142c0aab2d94aa0b563a5,0.113,,,
3916,2026-09-09,SZ002027,0.0017760270728628617,EXP_LGBModel_Alpha158_csi300_custom_step0_s_20260909_19,6f42c799d62142c0aab2d94aa0b563a5,0.113,,,
3917,2026-09-09,SZ002028,0.004008820052082439,EXP_LGBModel_Alpha158_csi300_custom_step0_s_20260909_19,6f42c799d62142c0aab2d94aa0b563a5,0.113,,,
3918,2026-09-09,SZ002049,-1.6153839834396572e-10,EXP_LGBModel_Alpha158_csi300_custom_step0_s_20260909_19,6f42c799d62142c0aab2d94aa0b563a5,0.113,,,
3919,2026-09-09,SZ002050,0.0017760270728628617,EXP_LGBModel_Alpha158_csi300_custom_step0_s_20260909_19,6f42c799d62142c0aab2d94aa0b563a5,0.113,,,
3920,2026-09-09,SZ002074,-0.0023660200673193093,EXP_LGBModel_Alpha158_csi300_custom_step0_s_20260909_19,6f42c799d62142c0aab2d94aa0b563a5,0.113,,,
3921,2026-09-09,SZ002142,0.003144355779797505,EXP_LGBModel_Alpha158_csi300_custom_step0_s_20260909_19,6f42c799d62142c0aab2d94aa0b563a5,0.113,,,
3922,2026-09-09,SZ002179,-1.6153839834396572e-10,EXP_LGBModel_Alpha158_csi300_custom_step0_s_20260909_19,6f42c799d62142c0aab2d94aa0b563a5,0.113,,,
3923,2026-09-09,SZ002202,-0.0023660200673193093,EXP_LGBModel_Alpha158_csi300_custom_step0_s_20260909_19,6f42c799d62142c0aab2d94aa0b563a5,0.113,,,
3924,2026-09-09,SZ002230,-1.6153839834396572e-10,EXP_LGBModel_Alpha158_csi300_custom_step0_s_20260909_19,6f42c799d62142c0aab2d94aa0b563a5,0.113,,,
3925,2026-09-09,SZ002236,0.0017760270728628617,EXP_LGBModel_Alpha158_csi300_custom_step0_s_20260909_19,6f42c799d62142c0aab2d94aa0b563a5,0.113,,,
3926,2026-09-09,SZ002241,0.0017760270728628617,EXP_LGBModel_Alpha158_csi300_custom_step0_s_20260909_19,6f42c799d62142c0aab2d94aa0b563a5,0.113,,,
3927,2026-09-09,SZ002304,0.0017760270728628617,EXP_LGBModel_Alpha158_csi300_custom_step0_s_20260909_19,6f42c799d62142c0aab2d94aa0b563a5,0.113,,,
3928,2026-09-09,SZ002311,-1.6153839834396572e-10,EXP_LGBModel_Alpha158_csi300_custom_step0_s_20260909_19,6f42c799d62142c0aab2d94aa0b563a5,0.113,,,
3929,2026-09-09,SZ002352,-1.6153839834396572e-10,EXP_LGBModel_Alpha158_csi300_custom_step0_s_20260909_19,6f42c799d62142c0aab2d94aa0b563a5,0.113,,,
3930,2026-09-09,SZ002353,0.004008820052082439,EXP_LGBModel_Alpha158_csi300_custom_step0_s_20260909_19,6f42c799d62142c0aab2d94aa0b563a5,0.113,,,
3931,2026-09-09,SZ002371,-1.6153839834396572e-10,EXP_LGBModel_Alpha158_csi300_custom_step0_s_20260909_19,6f42c799d62142c0aab2d94aa0b563a5,0.113,,,
3932,2026-09-09,SZ002384,-0.0023660200673193093,EXP_LGBModel_Alpha158_csi300_custom_step0_s_20260909_19,6f42c799d62142c0aab2d94aa0b563a5,0.113,,,
3933,2026-09-09,SZ002415,-1.6153839834396572e-10,EXP_LGBModel_Alpha158_csi300_custom_step0_s_20260909_19,6f42c799d62142c0aab2d94aa0b563a5,0.113,,,
3934,2026-09-09,SZ002422,0.0017760270728628617,EXP_LGBModel_Alpha158_csi300_custom_step0_s_20260909_19,6f42c799d62142c0aab2d94aa0b563a5,0.113,,,
3935,2026-09-09,SZ002463,-0.0023660200673193093,EXP_LGBModel_Alpha158_csi300_custom_step0_s_20260909_19,6f42c799d62142c0aab2d94aa0b563a5,0.113,,,
3936,2026-09-09,SZ301308,0.006926130503416061,EXP_XGBModel_Alpha158_csi300_custom_step0_s_20260909_16,8e0bcf35971a4a9bb74333db97acff8e,0.124,,,
3937,2026-09-09,SH601336,0.0022028987499579083,EXP_LGBModel_Alpha158_csi300_custom_step0_s_20260909_19,0efad3da2ebe4e23981a13d822b4b0fe,0.019,,,
3938,2026-09-09,SH601377,0.019395005873286842,EXP_LGBModel_Alpha158_csi300_custom_step0_s_20260909_19,0efad3da2ebe4e23981a13d822b4b0fe,0.019,,,
3939,2026-09-09,SZ300418,-0.018373976099563726,EXP_LGBModel_Alpha158_csi300_custom_step0_s_20260909_19,0efad3da2ebe4e23981a13d822b4b0fe,0.019,,,
3940,2026-09-09,SZ300433,-0.005351782675963445,EXP_LGBModel_Alpha158_csi300_custom_step0_s_20260909_19,0efad3da2ebe4e23981a13d822b4b0fe,0.019,,,
3941,2026-09-09,SZ300442,-0.016161011843667618,EXP_LGBModel_Alpha158_csi300_custom_step0_s_20260909_19,0efad3da2ebe4e23981a13d822b4b0fe,0.019,,,
3942,2026-09-09,SZ300450,-0.016875442229197905,EXP_LGBModel_Alpha158_csi300_custom_step0_s_20260909_19,0efad3da2ebe4e23981a13d822b4b0fe,0.019,,,
3943,2026-09-09,SZ300476,0.030886423930931318,EXP_LGBModel_Alpha158_csi300_custom_step0_s_20260909_19,0efad3da2ebe4e23981a13d822b4b0fe,0.019,,,
3944,2026-09-09,SZ300498,2.871571000840402e-10,EXP_LGBModel_Alpha158_csi300_custom_step0_s_20260909_19,0efad3da2ebe4e23981a13d822b4b0fe,0.019,,,
3945,2026-09-09,SZ300502,-0.01764865248680734,EXP_LGBModel_Alpha158_csi300_custom_step0_s_20260909_19,0efad3da2ebe4e23981a13d822b4b0fe,0.019,,,
3946,2026-09-09,SZ300628,-0.005027582596755808,EXP_LGBModel_Alpha158_csi300_custom_step0_s_20260909_19,0efad3da2ebe4e23981a13d822b4b0fe,0.019,,,
3947,2026-09-09,SZ300661,-0.013309418596863536,EXP_LGBModel_Alpha158_csi300_custom_step0_s_20260909_19,0efad3da2ebe4e23981a13d822b4b0fe,0.019,,,
3948,2026-09-09,SZ300750,-0.0005628589477421773,EXP_LGBModel_Alpha158_csi300_custom_step0_s_20260909_19,0efad3da2ebe4e23981a13d822b4b0fe,0.019,,,
3949,2026-09-09,SZ300760,0.0044568673506660515,EXP_LGBModel_Alpha158_csi300_custom_step0_s_20260909_19,0efad3da2ebe4e23981a13d822b4b0fe,0.019,,,
3950,2026-09-09,SZ300803,-0.006616800922093431,EXP_LGBModel_Alpha158_csi300_custom_step0_s_20260909_19,0efad3da2ebe4e23981a13d822b4b0fe,0.019,,,
3951,2026-09-09,SZ300832,-0.002976278800722259,EXP_LGBModel_Alpha158_csi300_custom_step0_s_20260909_19,0efad3da2ebe4e23981a13d822b4b0fe,0.019,,,
3952,2026-09-09,SZ300413,0.02632790567952653,EXP_LGBModel_Alpha158_csi300_custom_step0_s_20260909_19,0efad3da2ebe4e23981a13d822b4b0fe,0.019,,,
3953,2026-09-09,SZ300866,-0.014338146796811446,EXP_LGBModel_Alpha158_csi300_custom_step0_s_20260909_19,0efad3da2ebe4e23981a13d822b4b0fe,0.019,,,
3954,2026-09-09,SZ300999,0.003949562255029028,EXP_LGBModel_Alpha158_csi300_custom_step0_s_20260909_19,0efad3da2ebe4e23981a13d822b4b0fe,0.019,,,
3955,2026-09-09,SZ301165,0.016693587380920576,EXP_LGBModel_Alpha158_csi300_custom_step0_s_20260909_19,0efad3da2ebe4e23981a13d822b4b0fe,0.019,,,
3956,2026-09-09,SZ301236,0.0002846168455660893,EXP_LGBModel_Alpha158_csi300_custom_step0_s_20260909_19,0efad3da2ebe4e23981a13d822b4b0fe,0.019,,,
3957,2026-09-09,SZ301269,-0.018945216826738873,EXP_LGBModel_Alpha158_csi300_custom_step0_s_20260909_19,0efad3da2ebe4e23981a13d822b4b0fe,0.019,,,
3958,2026-09-09,SZ301308,-0.018945216826738873,EXP_LGBModel_Alpha158_csi300_custom_step0_s_20260909_19,0efad3da2ebe4e23981a13d822b4b0fe,0.019,,,
3959,2026-09-09,SZ302132,0.015713806093273976,EXP_LGBModel_Alpha158_csi300_custom_step0_s_20260909_19,0efad3da2ebe4e23981a13d822b4b0fe,0.019,,,
3960,2026-09-09,SH600000,0.1099484699790701,EXP_DEnsembleModel_Alpha158_csi300_custom_step0_s_20260909_16,f065883b84124941aadef0590f7eef65,0.091,,,
3961,2026-09-09,SH600009,0.07725216995216759,EXP_DEnsembleModel_Alpha158_csi300_custom_step0_s_20260909_16,f065883b84124941aadef0590f7eef65,0.091,,,
3962,2026-09-09,SH600010,0.05988291427862067,EXP_DEnsembleModel_Alpha158_csi300_custom_step0_s_20260909_16,f065883b84124941aadef0590f7eef65,0.091,,,
3963,2026-09-09,SH600011,0.01470507218644458,EXP_DEnsembleModel_Alpha158_csi300_custom_step0_s_20260909_16,f065883b84124941aadef0590f7eef65,0.091,,,
3964,2026-09-09,SH600015,0.07172015061924016,EXP_DEnsembleModel_Alpha158_csi300_custom_step0_s_20260909_16,f065883b84124941aadef0590f7eef65,0.091,,,
3965,2026-09-09,SH600016,0.10332241257807888,EXP_DEnsembleModel_Alpha158_csi300_custom_step0_s_20260909_16,f065883b84124941aadef0590f7eef65,0.091,,,
3966,2026-09-09,SH600018,0.03246895244720568,EXP_DEnsembleModel_Alpha158_csi300_custom_step0_s_20260909_16,f065883b84124941aadef0590f7eef65,0.091,,,
3967,2026-09-09,SZ300896,-0.0019078467307392065,EXP_LGBModel_Alpha158_csi300_custom_step0_s_20260909_19,0efad3da2ebe4e23981a13d822b4b0fe,0.019,,,
3968,2026-09-09,SZ300408,-0.017077411759632195,EXP_LGBModel_Alpha158_csi300_custom_step0_s_20260909_19,0efad3da2ebe4e23981a13d822b4b0fe,0.019,,,
3969,2026-09-09,SZ300394,0.031896373127095055,EXP_LGBModel_Alpha158_csi300_custom_step0_s_20260909_19,0efad3da2ebe4e23981a13d822b4b0fe,0.019,,,
3970,2026-09-09,SZ300316,-0.014358565332841649,EXP_LGBModel_Alpha158_csi300_custom_step0_s_20260909_19,0efad3da2ebe4e23981a13d822b4b0fe,0.019,,,
3971,2026-09-09,SZ002460,-0.018945216826738873,EXP_LGBModel_Alpha158_csi300_custom_step0_s_20260909_19,0efad3da2ebe4e23981a13d822b4b0fe,0.019,,,
3972,2026-09-09,SZ002463,-0.015572078039240633,EXP_LGBModel_Alpha158_csi300_custom_step0_s_20260909_19,0efad3da2ebe4e23981a13d822b4b0fe,0.019,,,
3973,2026-09-09,SZ002466,-0.016161011843667618,EXP_LGBModel_Alpha158_csi300_custom_step0_s_20260909_19,0efad3da2ebe4e23981a13d822b4b0fe,0.019,,,
3974,2026-09-09,SZ002475,-0.006928224415380765,EXP_LGBModel_Alpha158_csi300_custom_step0_s_20260909_19,0efad3da2ebe4e23981a13d822b4b0fe,0.019,,,
3975,2026-09-09,SZ002493,-0.009476622171534768,EXP_LGBModel_Alpha158_csi300_custom_step0_s_20260909_19,0efad3da2ebe4e23981a13d822b4b0fe,0.019,,,
3976,2026-09-09,SZ002532,-0.0024551481907164377,EXP_LGBModel_Alpha158_csi300_custom_step0_s_20260909_19,0efad3da2ebe4e23981a13d822b4b0fe,0.019,,,
3977,2026-09-09,SZ002558,-0.020432857469878593,EXP_LGBModel_Alpha158_csi300_custom_step0_s_20260909_19,0efad3da2ebe4e23981a13d822b4b0fe,0.019,,,
3978,2026-09-09,SZ002594,-0.004446003815707953,EXP_LGBModel_Alpha158_csi300_custom_step0_s_20260909_19,0efad3da2ebe4e23981a13d822b4b0fe,0.019,,,
3979,2026-09-09,SZ002600,0.0019108942959509849,EXP_LGBModel_Alpha158_csi300_custom_step0_s_20260909_19,0efad3da2ebe4e23981a13d822b4b0fe,0.019,,,
3980,2026-09-09,SZ002602,-0.008967042733619859,EXP_LGBModel_Alpha158_csi300_custom_step0_s_20260909_19,0efad3da2ebe4e23981a13d822b4b0fe,0.019,,,
3981,2026-09-09,SZ002625,0.00960721789617805,EXP_LGBModel_Alpha158_csi300_custom_step0_s_20260909_19,0efad3da2ebe4e23981a13d822b4b0fe,0.019,,,
3982,2026-09-09,SZ002648,-0.010132785562661891,EXP_LGBModel_Alpha158_csi300_custom_step0_s_20260909_19,0efad3da2ebe4e23981a13d822b4b0fe,0.019,,,
3983,2026-09-09,SZ002709,-0.004289538416305715,EXP_LGBModel_Alpha158_csi300_custom_step0_s_20260909_19,0efad3da2ebe4e23981a13d822b4b0fe,0.019,,,
3984,2026-09-09,SZ002714,-0.00823160267798587,EXP_LGBModel_Alpha158_csi300_custom_step0_s_20260909_19,0efad3da2ebe4e23981a13d822b4b0fe,0.019,,,
3985,2026-09-09,SZ002736,0.005168463924151352,EXP_LGBModel_Alpha158_csi300_custom_step0_s_20260909_19,0efad3da2ebe4e23981a13d822b4b0fe,0.019,,,
3986,2026-09-09,SZ002837,0.02633725349272595,EXP_LGBModel_Alpha158_csi300_custom_step0_s_20260909_19,0efad3da2ebe4e23981a13d822b4b0fe,0.019,,,
3987,2026-09-09,SZ002916,-0.020432857469878593,EXP_LGBModel_Alpha158_csi300_custom_step0_s_20260909_19,0efad3da2ebe4e23981a13d822b4b0fe,0.019,,,
3988,2026-09-09,SZ002920,-0.01764865248680734,EXP_LGBModel_Alpha158_csi300_custom_step0_s_20260909_19,0efad3da2ebe4e23981a13d822b4b0fe,0.019,,,
3989,2026-09-09,SZ002938,-0.020432857469878593,EXP_LGBModel_Alpha158_csi300_custom_step0_s_20260909_19,0efad3da2ebe4e23981a13d822b4b0fe,0.019,,,
3990,2026-09-09,SZ003816,0.011224063575890942,EXP_LGBModel_Alpha158_csi300_custom_step0_s_20260909_19,0efad3da2ebe4e23981a13d822b4b0fe,0.019,,,
3991,2026-09-09,SZ300014,-0.006359313013846681,EXP_LGBModel_Alpha158_csi300_custom_step0_s_20260909_19,0efad3da2ebe4e23981a13d822b4b0fe,0.019,,,
3992,2026-09-09,SZ300015,0.003896948591670192,EXP_LGBModel_Alpha158_csi300_custom_step0_s_20260909_19,0efad3da2ebe4e23981a13d822b4b0fe,0.019,,,
3993,2026-09-09,SZ300033,-0.013797557754547983,EXP_LGBModel_Alpha158_csi300_custom_step0_s_20260909_19,0efad3da2ebe4e23981a13d822b4b0fe,0.019,,,
3994,2026-09-09,SZ300059,0.005606347674650158,EXP_LGBModel_Alpha158_csi300_custom_step0_s_20260909_19,0efad3da2ebe4e23981a13d822b4b0fe,0.019,,,
3995,2026-09-09,SZ300122,-0.013797557754547983,EXP_LGBModel_Alpha158_csi300_custom_step0_s_20260909_19,0efad3da2ebe4e23981a13d822b4b0fe,0.019,,,
3996,2026-09-09,SZ300124,-0.007007215510462744,EXP_LGBModel_Alpha158_csi300_custom_step0_s_20260909_19,0efad3da2ebe4e23981a13d822b4b0fe,0.019,,,
3997,2026-09-09,SZ300251,-0.018945216826738873,EXP_LGBModel_Alpha158_csi300_custom_step0_s_20260909_19,0efad3da2ebe4e23981a13d822b4b0fe,0.019,,,
3998,2026-09-09,SZ300274,0.04242663645219385,EXP_LGBModel_Alpha158_csi300_custom_step0_s_20260909_19,0efad3da2ebe4e23981a13d822b4b0fe,0.019,,,
3999,2026-09-09,SZ300308,-0.007169514233612523,EXP_LGBModel_Alpha158_csi300_custom_step0_s_20260909_19,0efad3da2ebe4e23981a13d822b4b0fe,0.019,,,
4000,2026-09-09,SH600019,0.09832836988930331,EXP_DEnsembleModel_Alpha158_csi300_custom_step0_s_20260909_16,f065883b84124941aadef0590f7eef65,0.091,,,
4001,2026-09-09,SH600023,0.06735784848736018,EXP_DEnsembleModel_Alpha158_csi300_custom_step0_s_20260909_16,f065883b84124941aadef0590f7eef65,0.091,,,
4002,2026-09-09,SH600025,0.0455845615982902,EXP_DEnsembleModel_Alpha158_csi300_custom_step0_s_20260909_16,f065883b84124941aadef0590f7eef65,0.091,,,
4003,2026-09-09,SH600026,-0.19308938396637113,EXP_DEnsembleModel_Alpha158_csi300_custom_step0_s_20260909_16,f065883b84124941aadef0590f7eef65,0.091,,,
4004,2026-09-09,SH600426,-0.07852457469779277,EXP_DEnsembleModel_Alpha158_csi300_custom_step0_s_20260909_16,f065883b84124941aadef0590f7eef65,0.091,,,
4005,2026-09-09,SH600436,0.028468770484052146,EXP_DEnsembleModel_Alpha158_csi300_custom_step0_s_20260909_16,f065883b84124941aadef0590f7eef65,0.091,,,
4006,2026-09-09,SH600438,-0.08046852001233616,EXP_DEnsembleModel_Alpha158_csi300_custom_step0_s_20260909_16,f065883b84124941aadef0590f7eef65,0.091,,,
4007,2026-09-09,SH600460,0.03625131521290123,EXP_DEnsembleModel_Alpha158_csi300_custom_step0_s_20260909_16,f065883b84124941aadef0590f7eef65,0.091,,,
4008,2026-09-09,SH600482,-0.1719348383071038,EXP_DEnsembleModel_Alpha158_csi300_custom_step0_s_20260909_16,f065883b84124941aadef0590f7eef65,0.091,,,
4009,2026-09-09,SH600489,-0.19525035862951587,EXP_DEnsembleModel_Alpha158_csi300_custom_step0_s_20260909_16,f065883b84124941aadef0590f7eef65,0.091,,,
4010,2026-09-09,SH600515,0.04190390912177632,EXP_DEnsembleModel_Alpha158_csi300_custom_step0_s_20260909_16,f065883b84124941aadef0590f7eef65,0.091,,,
4011,2026-09-09,SH600519,0.13546369950801046,EXP_DEnsembleModel_Alpha158_csi300_custom_step0_s_20260909_16,f065883b84124941aadef0590f7eef65,0.091,,,
4012,2026-09-09,SH600522,-0.057700362020050605,EXP_DEnsembleModel_Alpha158_csi300_custom_step0_s_20260909_16,f065883b84124941aadef0590f7eef65,0.091,,,
4013,2026-09-09,SH600547,-0.0401485781993348,EXP_DEnsembleModel_Alpha158_csi300_custom_step0_s_20260909_16,f065883b84124941aadef0590f7eef65,0.091,,,
4014,2026-09-09,SH600549,-0.022273088837965388,EXP_DEnsembleModel_Alpha158_csi300_custom_step0_s_20260909_16,f065883b84124941aadef0590f7eef65,0.091,,,
4015,2026-09-09,SH600570,-0.02738370280384517,EXP_DEnsembleModel_Alpha158_csi300_custom_step0_s_20260909_16,f065883b84124941aadef0590f7eef65,0.091,,,
4016,2026-09-09,SH600584,0.0851956836678044,EXP_DEnsembleModel_Alpha158_csi300_custom_step0_s_20260909_16,f065883b84124941aadef0590f7eef65,0.091,,,
4017,2026-09-09,SH600585,0.0915659429451664,EXP_DEnsembleModel_Alpha158_csi300_custom_step0_s_20260909_16,f065883b84124941aadef0590f7eef65,0.091,,,
4018,2026-09-09,SH600588,-0.007441437353714724,EXP_DEnsembleModel_Alpha158_csi300_custom_step0_s_20260909_16,f065883b84124941aadef0590f7eef65,0.091,,,
4019,2026-09-09,SH600600,0.0059253385769490645,EXP_DEnsembleModel_Alpha158_csi300_custom_step0_s_20260909_16,f065883b84124941aadef0590f7eef65,0.091,,,
4020,2026-09-09,SH600660,-0.04294704870100483,EXP_DEnsembleModel_Alpha158_csi300_custom_step0_s_20260909_16,f065883b84124941aadef0590f7eef65,0.091,,,
4021,2026-09-09,SH600674,0.04507190308136354,EXP_DEnsembleModel_Alpha158_csi300_custom_step0_s_20260909_16,f065883b84124941aadef0590f7eef65,0.091,,,
4022,2026-09-09,SH600690,0.0840354125026609,EXP_DEnsembleModel_Alpha158_csi300_custom_step0_s_20260909_16,f065883b84124941aadef0590f7eef65,0.091,,,
4023,2026-09-09,SH600741,0.03606831614684858,EXP_DEnsembleModel_Alpha158_csi300_custom_step0_s_20260909_16,f065883b84124941aadef0590f7eef65,0.091,,,
4024,2026-09-09,SH600760,0.038695014738981744,EXP_DEnsembleModel_Alpha158_csi300_custom_step0_s_20260909_16,f065883b84124941aadef0590f7eef65,0.091,,,
4025,2026-09-09,SH600795,0.04051167992100182,EXP_DEnsembleModel_Alpha158_csi300_custom_step0_s_20260909_16,f065883b84124941aadef0590f7eef65,0.091,,,
4026,2026-09-09,SH600803,0.05633208755444526,EXP_DEnsembleModel_Alpha158_csi300_custom_step0_s_20260909_16,f065883b84124941aadef0590f7eef65,0.091,,,
4027,2026-09-09,SH600809,-0.11091401111255426,EXP_DEnsembleModel_Alpha158_csi300_custom_step0_s_20260909_16,f065883b84124941aadef0590f7eef65,0.091,,,
4028,2026-09-09,SH600845,0.011124301947984942,EXP_DEnsembleModel_Alpha158_csi300_custom_step0_s_20260909_16,f065883b84124941aadef0590f7eef65,0.091,,,
4029,2026-09-09,SH600875,-0.0513934376629918,EXP_DEnsembleModel_Alpha158_csi300_custom_step0_s_20260909_16,f065883b84124941aadef0590f7eef65,0.091,,,
4030,2026-09-09,SH600886,0.0005470165216016485,EXP_DEnsembleModel_Alpha158_csi300_custom_step0_s_20260909_16,f065883b84124941aadef0590f7eef65,0.091,,,
4031,2026-09-09,SH600887,0.07925075723824583,EXP_DEnsembleModel_Alpha158_csi300_custom_step0_s_20260909_16,f065883b84124941aadef0590f7eef65,0.091,,,
4032,2026-09-09,SH600893,0.11052857183943587,EXP_DEnsembleModel_Alpha158_csi300_custom_step0_s_20260909_16,f065883b84124941aadef0590f7eef65,0.091,,,
4033,2026-09-09,SH600415,-0.029394255403135425,EXP_DEnsembleModel_Alpha158_csi300_custom_step0_s_20260909_16,f065883b84124941aadef0590f7eef65,0.091,,,
4034,2026-09-09,SZ002422,0.004415366451629944,EXP_LGBModel_Alpha158_csi300_custom_step0_s_20260909_19,0efad3da2ebe4e23981a13d822b4b0fe,0.019,,,
4035,2026-09-09,SH600406,0.0668800486222053,EXP_DEnsembleModel_Alpha158_csi300_custom_step0_s_20260909_16,f065883b84124941aadef0590f7eef65,0.091,,,
4036,2026-09-09,SH600362,-0.08722407045584082,EXP_DEnsembleModel_Alpha158_csi300_custom_step0_s_20260909_16,f065883b84124941aadef0590f7eef65,0.091,,,
4037,2026-09-09,SH600027,0.031018592283161728,EXP_DEnsembleModel_Alpha158_csi300_custom_step0_s_20260909_16,f065883b84124941aadef0590f7eef65,0.091,,,
4038,2026-09-09,SH600028,-0.002562856883297811,EXP_DEnsembleModel_Alpha158_csi300_custom_step0_s_20260909_16,f065883b84124941aadef0590f7eef65,0.091,,,
4039,2026-09-09,SH600029,0.081574804888205,EXP_DEnsembleModel_Alpha158_csi300_custom_step0_s_20260909_16,f065883b84124941aadef0590f7eef65,0.091,,,
4040,2026-09-09,SH600030,0.08135268639479816,EXP_DEnsembleModel_Alpha158_csi300_custom_step0_s_20260909_16,f065883b84124941aadef0590f7eef65,0.091,,,
4041,2026-09-09,SH600031,0.021269688709617884,EXP_DEnsembleModel_Alpha158_csi300_custom_step0_s_20260909_16,f065883b84124941aadef0590f7eef65,0.091,,,
4042,2026-09-09,SH600036,0.05052401884125284,EXP_DEnsembleModel_Alpha158_csi300_custom_step0_s_20260909_16,f065883b84124941aadef0590f7eef65,0.091,,,
4043,2026-09-09,SH600039,-0.034365377980478805,EXP_DEnsembleModel_Alpha158_csi300_custom_step0_s_20260909_16,f065883b84124941aadef0590f7eef65,0.091,,,
4044,2026-09-09,SH600048,0.01976525915653298,EXP_DEnsembleModel_Alpha158_csi300_custom_step0_s_20260909_16,f065883b84124941aadef0590f7eef65,0.091,,,
4045,2026-09-09,SH600050,0.11583083804067108,EXP_DEnsembleModel_Alpha158_csi300_custom_step0_s_20260909_16,f065883b84124941aadef0590f7eef65,0.091,,,
4046,2026-09-09,SH600061,0.08347615596205796,EXP_DEnsembleModel_Alpha158_csi300_custom_step0_s_20260909_16,f065883b84124941aadef0590f7eef65,0.091,,,
4047,2026-09-09,SH600066,0.04356817021268297,EXP_DEnsembleModel_Alpha158_csi300_custom_step0_s_20260909_16,f065883b84124941aadef0590f7eef65,0.091,,,
4048,2026-09-09,SH600085,0.045908064842747016,EXP_DEnsembleModel_Alpha158_csi300_custom_step0_s_20260909_16,f065883b84124941aadef0590f7eef65,0.091,,,
4049,2026-09-09,SH600089,-0.014060931698165831,EXP_DEnsembleModel_Alpha158_csi300_custom_step0_s_20260909_16,f065883b84124941aadef0590f7eef65,0.091,,,
4050,2026-09-09,SH600104,0.09336228667432307,EXP_DEnsembleModel_Alpha158_csi300_custom_step0_s_20260909_16,f065883b84124941aadef0590f7eef65,0.091,,,
4051,2026-09-09,SH600111,-0.06920831005258661,EXP_DEnsembleModel_Alpha158_csi300_custom_step0_s_20260909_16,f065883b84124941aadef0590f7eef65,0.091,,,
4052,2026-09-09,SH600115,0.05687884721365597,EXP_DEnsembleModel_Alpha158_csi300_custom_step0_s_20260909_16,f065883b84124941aadef0590f7eef65,0.091,,,
4053,2026-09-09,SH600118,0.022808066739061564,EXP_DEnsembleModel_Alpha158_csi300_custom_step0_s_20260909_16,f065883b84124941aadef0590f7eef65,0.091,,,
4054,2026-09-09,SH600150,-0.03631629956652357,EXP_DEnsembleModel_Alpha158_csi300_custom_step0_s_20260909_16,f065883b84124941aadef0590f7eef65,0.091,,,
4055,2026-09-09,SH600160,-0.037354920344829755,EXP_DEnsembleModel_Alpha158_csi300_custom_step0_s_20260909_16,f065883b84124941aadef0590f7eef65,0.091,,,
4056,2026-09-09,SH600176,-0.023865808111874876,EXP_DEnsembleModel_Alpha158_csi300_custom_step0_s_20260909_16,f065883b84124941aadef0590f7eef65,0.091,,,
4057,2026-09-09,SH600183,-0.1231828187465221,EXP_DEnsembleModel_Alpha158_csi300_custom_step0_s_20260909_16,f065883b84124941aadef0590f7eef65,0.091,,,
4058,2026-09-09,SH600188,-0.15672880133899542,EXP_DEnsembleModel_Alpha158_csi300_custom_step0_s_20260909_16,f065883b84124941aadef0590f7eef65,0.091,,,
4059,2026-09-09,SH600196,0.01668289223161303,EXP_DEnsembleModel_Alpha158_csi300_custom_step0_s_20260909_16,f065883b84124941aadef0590f7eef65,0.091,,,
4060,2026-09-09,SH600219,-0.03583754282471747,EXP_DEnsembleModel_Alpha158_csi300_custom_step0_s_20260909_16,f065883b84124941aadef0590f7eef65,0.091,,,
4061,2026-09-09,SH600221,0.08051513940059496,EXP_DEnsembleModel_Alpha158_csi300_custom_step0_s_20260909_16,f065883b84124941aadef0590f7eef65,0.091,,,
4062,2026-09-09,SH600233,0.058752850882015616,EXP_DEnsembleModel_Alpha158_csi300_custom_step0_s_20260909_16,f065883b84124941aadef0590f7eef65,0.091,,,
4063,2026-09-09,SH600276,-0.005306973002027051,EXP_DEnsembleModel_Alpha158_csi300_custom_step0_s_20260909_16,f065883b84124941aadef0590f7eef65,0.091,,,
4064,2026-09-09,SH600309,-0.015587402498211883,EXP_DEnsembleModel_Alpha158_csi300_custom_step0_s_20260909_16,f065883b84124941aadef0590f7eef65,0.091,,,
4065,2026-09-09,SH600346,-0.136127529818206,EXP_DEnsembleModel_Alpha158_csi300_custom_step0_s_20260909_16,f065883b84124941aadef0590f7eef65,0.091,,,
4066,2026-09-09,SH600372,0.2014205326119853,EXP_DEnsembleModel_Alpha158_csi300_custom_step0_s_20260909_16,f065883b84124941aadef0590f7eef65,0.091,,,
4067,2026-09-09,SZ002415,0.0015962552463974781,EXP_LGBModel_Alpha158_csi300_custom_step0_s_20260909_19,0efad3da2ebe4e23981a13d822b4b0fe,0.019,,,
4068,2026-09-09,SZ002384,-0.0018923346663597448,EXP_LGBModel_Alpha158_csi300_custom_step0_s_20260909_19,0efad3da2ebe4e23981a13d822b4b0fe,0.019,,,
4069,2026-09-09,SZ002371,-0.005609082816959011,EXP_LGBModel_Alpha158_csi300_custom_step0_s_20260909_19,0efad3da2ebe4e23981a13d822b4b0fe,0.019,,,
4070,2026-09-09,SH601901,0.006751142536755747,EXP_LGBModel_Alpha158_csi300_custom_step0_s_20260909_19,0efad3da2ebe4e23981a13d822b4b0fe,0.019,,,
4071,2026-09-09,SH601916,0.01392765068334715,EXP_LGBModel_Alpha158_csi300_custom_step0_s_20260909_19,0efad3da2ebe4e23981a13d822b4b0fe,0.019,,,
4072,2026-09-09,SH601919,0.00569112416318628,EXP_LGBModel_Alpha158_csi300_custom_step0_s_20260909_19,0efad3da2ebe4e23981a13d822b4b0fe,0.019,,,
4073,2026-09-09,SH601939,-0.00116032754199289,EXP_LGBModel_Alpha158_csi300_custom_step0_s_20260909_19,0efad3da2ebe4e23981a13d822b4b0fe,0.019,,,
4074,2026-09-09,SH601985,0.011548140571461748,EXP_LGBModel_Alpha158_csi300_custom_step0_s_20260909_19,0efad3da2ebe4e23981a13d822b4b0fe,0.019,,,
4075,2026-09-09,SH601988,-0.00668055985537649,EXP_LGBModel_Alpha158_csi300_custom_step0_s_20260909_19,0efad3da2ebe4e23981a13d822b4b0fe,0.019,,,
4076,2026-09-09,SH601995,-0.012438075675268303,EXP_LGBModel_Alpha158_csi300_custom_step0_s_20260909_19,0efad3da2ebe4e23981a13d822b4b0fe,0.019,,,
4077,2026-09-09,SH601998,0.006379676934467496,EXP_LGBModel_Alpha158_csi300_custom_step0_s_20260909_19,0efad3da2ebe4e23981a13d822b4b0fe,0.019,,,
4078,2026-09-09,SH603019,-0.01409123724612665,EXP_LGBModel_Alpha158_csi300_custom_step0_s_20260909_19,0efad3da2ebe4e23981a13d822b4b0fe,0.019,,,
4079,2026-09-09,SH603259,-0.00010540021991323846,EXP_LGBModel_Alpha158_csi300_custom_step0_s_20260909_19,0efad3da2ebe4e23981a13d822b4b0fe,0.019,,,
4080,2026-09-09,SH603260,-0.014350183840565784,EXP_LGBModel_Alpha158_csi300_custom_step0_s_20260909_19,0efad3da2ebe4e23981a13d822b4b0fe,0.019,,,
4081,2026-09-09,SH603288,-0.0037131014771809258,EXP_LGBModel_Alpha158_csi300_custom_step0_s_20260909_19,0efad3da2ebe4e23981a13d822b4b0fe,0.019,,,
4082,2026-09-09,SH603296,-0.005786530694328502,EXP_LGBModel_Alpha158_csi300_custom_step0_s_20260909_19,0efad3da2ebe4e23981a13d822b4b0fe,0.019,,,
4083,2026-09-09,SH603369,-0.0005645702236349419,EXP_LGBModel_Alpha158_csi300_custom_step0_s_20260909_19,0efad3da2ebe4e23981a13d822b4b0fe,0.019,,,
4084,2026-09-09,SH603392,-0.018945216826738873,EXP_LGBModel_Alpha158_csi300_custom_step0_s_20260909_19,0efad3da2ebe4e23981a13d822b4b0fe,0.019,,,
4085,2026-09-09,SH603501,-0.009898621520421827,EXP_LGBModel_Alpha158_csi300_custom_step0_s_20260909_19,0efad3da2ebe4e23981a13d822b4b0fe,0.019,,,
4086,2026-09-09,SH603799,-0.010448047156084,EXP_LGBModel_Alpha158_csi300_custom_step0_s_20260909_19,0efad3da2ebe4e23981a13d822b4b0fe,0.019,,,
4087,2026-09-09,SH603893,-0.018945216826738873,EXP_LGBModel_Alpha158_csi300_custom_step0_s_20260909_19,0efad3da2ebe4e23981a13d822b4b0fe,0.019,,,
4088,2026-09-09,SH603986,-0.0171427703159129,EXP_LGBModel_Alpha158_csi300_custom_step0_s_20260909_19,0efad3da2ebe4e23981a13d822b4b0fe,0.019,,,
4089,2026-09-09,SH603993,-0.014511988140078272,EXP_LGBModel_Alpha158_csi300_custom_step0_s_20260909_19,0efad3da2ebe4e23981a13d822b4b0fe,0.019,,,
4090,2026-09-09,SH605117,-0.010553295804338138,EXP_LGBModel_Alpha158_csi300_custom_step0_s_20260909_19,0efad3da2ebe4e23981a13d822b4b0fe,0.019,,,
4091,2026-09-09,SH605499,0.001830535158997152,EXP_LGBModel_Alpha158_csi300_custom_step0_s_20260909_19,0efad3da2ebe4e23981a13d822b4b0fe,0.019,,,
4092,2026-09-09,SH688008,-0.014358565332841649,EXP_LGBModel_Alpha158_csi300_custom_step0_s_20260909_19,0efad3da2ebe4e23981a13d822b4b0fe,0.019,,,
4093,2026-09-09,SH688009,0.002834211945768551,EXP_LGBModel_Alpha158_csi300_custom_step0_s_20260909_19,0efad3da2ebe4e23981a13d822b4b0fe,0.019,,,
4094,2026-09-09,SH688012,-0.016581762737619236,EXP_LGBModel_Alpha158_csi300_custom_step0_s_20260909_19,0efad3da2ebe4e23981a13d822b4b0fe,0.019,,,
4095,2026-09-09,SH688036,-0.008538806784026466,EXP_LGBModel_Alpha158_csi300_custom_step0_s_20260909_19,0efad3da2ebe4e23981a13d822b4b0fe,0.019,,,
4096,2026-09-09,SH688041,0.0025691375111027495,EXP_LGBModel_Alpha158_csi300_custom_step0_s_20260909_19,0efad3da2ebe4e23981a13d822b4b0fe,0.019,,,
4097,2026-09-09,SH688047,-0.015595706228274888,EXP_LGBModel_Alpha158_csi300_custom_step0_s_20260909_19,0efad3da2ebe4e23981a13d822b4b0fe,0.019,,,
4098,2026-09-09,SH688072,-0.00950801905108517,EXP_LGBModel_Alpha158_csi300_custom_step0_s_20260909_19,0efad3da2ebe4e23981a13d822b4b0fe,0.019,,,
4099,2026-09-09,SH601899,-0.003507948480948855,EXP_LGBModel_Alpha158_csi300_custom_step0_s_20260909_19,0efad3da2ebe4e23981a13d822b4b0fe,0.019,,,
4100,2026-09-09,SH688082,-0.011871473140204803,EXP_LGBModel_Alpha158_csi300_custom_step0_s_20260909_19,0efad3da2ebe4e23981a13d822b4b0fe,0.019,,,
4101,2026-09-09,SH601898,-1.5792321569527124e-05,EXP_LGBModel_Alpha158_csi300_custom_step0_s_20260909_19,0efad3da2ebe4e23981a13d822b4b0fe,0.019,,,
4102,2026-09-09,SH601881,0.005595773756627372,EXP_LGBModel_Alpha158_csi300_custom_step0_s_20260909_19,0efad3da2ebe4e23981a13d822b4b0fe,0.019,,,
4103,2026-09-09,SH601390,0.019395005873286842,EXP_LGBModel_Alpha158_csi300_custom_step0_s_20260909_19,0efad3da2ebe4e23981a13d822b4b0fe,0.019,,,
4104,2026-09-09,SH601398,0.00553380332770912,EXP_LGBModel_Alpha158_csi300_custom_step0_s_20260909_19,0efad3da2ebe4e23981a13d822b4b0fe,0.019,,,
4105,2026-09-09,SH601456,0.00699803935941066,EXP_LGBModel_Alpha158_csi300_custom_step0_s_20260909_19,0efad3da2ebe4e23981a13d822b4b0fe,0.019,,,
4106,2026-09-09,SH601600,0.002379510399042503,EXP_LGBModel_Alpha158_csi300_custom_step0_s_20260909_19,0efad3da2ebe4e23981a13d822b4b0fe,0.019,,,
4107,2026-09-09,SH601601,-0.012850506153671722,EXP_LGBModel_Alpha158_csi300_custom_step0_s_20260909_19,0efad3da2ebe4e23981a13d822b4b0fe,0.019,,,
4108,2026-09-09,SH601607,0.009375711084574152,EXP_LGBModel_Alpha158_csi300_custom_step0_s_20260909_19,0efad3da2ebe4e23981a13d822b4b0fe,0.019,,,
4109,2026-09-09,SH601618,0.010944659465391856,EXP_LGBModel_Alpha158_csi300_custom_step0_s_20260909_19,0efad3da2ebe4e23981a13d822b4b0fe,0.019,,,
4110,2026-09-09,SH601628,0.009737725508358379,EXP_LGBModel_Alpha158_csi300_custom_step0_s_20260909_19,0efad3da2ebe4e23981a13d822b4b0fe,0.019,,,
4111,2026-09-09,SH601633,-0.0067639455653502375,EXP_LGBModel_Alpha158_csi300_custom_step0_s_20260909_19,0efad3da2ebe4e23981a13d822b4b0fe,0.019,,,
4112,2026-09-09,SH601658,-0.00938209594942123,EXP_LGBModel_Alpha158_csi300_custom_step0_s_20260909_19,0efad3da2ebe4e23981a13d822b4b0fe,0.019,,,
4113,2026-09-09,SH601668,0.00755903072191513,EXP_LGBModel_Alpha158_csi300_custom_step0_s_20260909_19,0efad3da2ebe4e23981a13d822b4b0fe,0.019,,,
4114,2026-09-09,SH601669,0.006811885160356051,EXP_LGBModel_Alpha158_csi300_custom_step0_s_20260909_19,0efad3da2ebe4e23981a13d822b4b0fe,0.019,,,
4115,2026-09-09,SH601688,0.008950846307601375,EXP_LGBModel_Alpha158_csi300_custom_step0_s_20260909_19,0efad3da2ebe4e23981a13d822b4b0fe,0.019,,,
4116,2026-09-09,SH601689,0.004240059457882788,EXP_LGBModel_Alpha158_csi300_custom_step0_s_20260909_19,0efad3da2ebe4e23981a13d822b4b0fe,0.019,,,
4117,2026-09-09,SH601698,0.007616885341083285,EXP_LGBModel_Alpha158_csi300_custom_step0_s_20260909_19,0efad3da2ebe4e23981a13d822b4b0fe,0.019,,,
4118,2026-09-09,SH601727,0.010540774238364334,EXP_LGBModel_Alpha158_csi300_custom_step0_s_20260909_19,0efad3da2ebe4e23981a13d822b4b0fe,0.019,,,
4119,2026-09-09,SH601728,0.005686693223279082,EXP_LGBModel_Alpha158_csi300_custom_step0_s_20260909_19,0efad3da2ebe4e23981a13d822b4b0fe,0.019,,,
4120,2026-09-09,SH601766,0.006705592316760214,EXP_LGBModel_Alpha158_csi300_custom_step0_s_20260909_19,0efad3da2ebe4e23981a13d822b4b0fe,0.019,,,
4121,2026-09-09,SH601788,0.002464876816695142,EXP_LGBModel_Alpha158_csi300_custom_step0_s_20260909_19,0efad3da2ebe4e23981a13d822b4b0fe,0.019,,,
4122,2026-09-09,SH601800,0.008080267370674108,EXP_LGBModel_Alpha158_csi300_custom_step0_s_20260909_19,0efad3da2ebe4e23981a13d822b4b0fe,0.019,,,
4123,2026-09-09,SH601816,0.008928018986037133,EXP_LGBModel_Alpha158_csi300_custom_step0_s_20260909_19,0efad3da2ebe4e23981a13d822b4b0fe,0.019,,,
4124,2026-09-09,SH601818,0.00837808430941104,EXP_LGBModel_Alpha158_csi300_custom_step0_s_20260909_19,0efad3da2ebe4e23981a13d822b4b0fe,0.019,,,
4125,2026-09-09,SH601825,0.017256044726041517,EXP_LGBModel_Alpha158_csi300_custom_step0_s_20260909_19,0efad3da2ebe4e23981a13d822b4b0fe,0.019,,,
4126,2026-09-09,SH601838,-0.00043054840992628714,EXP_LGBModel_Alpha158_csi300_custom_step0_s_20260909_19,0efad3da2ebe4e23981a13d822b4b0fe,0.019,,,
4127,2026-09-09,SH601857,0.011224063575890942,EXP_LGBModel_Alpha158_csi300_custom_step0_s_20260909_19,0efad3da2ebe4e23981a13d822b4b0fe,0.019,,,
4128,2026-09-09,SH601868,0.01001929507586979,EXP_LGBModel_Alpha158_csi300_custom_step0_s_20260909_19,0efad3da2ebe4e23981a13d822b4b0fe,0.019,,,
4129,2026-09-09,SH601872,0.019915223095957488,EXP_LGBModel_Alpha158_csi300_custom_step0_s_20260909_19,0efad3da2ebe4e23981a13d822b4b0fe,0.019,,,
4130,2026-09-09,SH601877,0.009598195700059358,EXP_LGBModel_Alpha158_csi300_custom_step0_s_20260909_19,0efad3da2ebe4e23981a13d822b4b0fe,0.019,,,
4131,2026-09-09,SH601878,0.002464876816695142,EXP_LGBModel_Alpha158_csi300_custom_step0_s_20260909_19,0efad3da2ebe4e23981a13d822b4b0fe,0.019,,,
4132,2026-09-09,SH601888,-0.003293477467952906,EXP_LGBModel_Alpha158_csi300_custom_step0_s_20260909_19,0efad3da2ebe4e23981a13d822b4b0fe,0.019,,,
4133,2026-09-09,SH601360,-0.01686419991751297,EXP_LGBModel_Alpha158_csi300_custom_step0_s_20260909_19,0efad3da2ebe4e23981a13d822b4b0fe,0.019,,,
4134,2026-09-09,SH688111,-0.018373976099563726,EXP_LGBModel_Alpha158_csi300_custom_step0_s_20260909_19,0efad3da2ebe4e23981a13d822b4b0fe,0.019,,,
4135,2026-09-09,SH688183,-0.008016073144794187,EXP_LGBModel_Alpha158_csi300_custom_step0_s_20260909_19,0efad3da2ebe4e23981a13d822b4b0fe,0.019,,,
4136,2026-09-09,SZ000807,0.005824043173330573,EXP_LGBModel_Alpha158_csi300_custom_step0_s_20260909_19,0efad3da2ebe4e23981a13d822b4b0fe,0.019,,,
4137,2026-09-09,SZ000858,0.0034568126093820475,EXP_LGBModel_Alpha158_csi300_custom_step0_s_20260909_19,0efad3da2ebe4e23981a13d822b4b0fe,0.019,,,
4138,2026-09-09,SZ000895,0.0002659381905268845,EXP_LGBModel_Alpha158_csi300_custom_step0_s_20260909_19,0efad3da2ebe4e23981a13d822b4b0fe,0.019,,,
4139,2026-09-09,SZ000938,-0.0057623035867067456,EXP_LGBModel_Alpha158_csi300_custom_step0_s_20260909_19,0efad3da2ebe4e23981a13d822b4b0fe,0.019,,,
4140,2026-09-09,SZ000963,-0.0019078467307392065,EXP_LGBModel_Alpha158_csi300_custom_step0_s_20260909_19,0efad3da2ebe4e23981a13d822b4b0fe,0.019,,,
4141,2026-09-09,SZ000975,-0.006049582785885714,EXP_LGBModel_Alpha158_csi300_custom_step0_s_20260909_19,0efad3da2ebe4e23981a13d822b4b0fe,0.019,,,
4142,2026-09-09,SZ000977,-0.01068915963400417,EXP_LGBModel_Alpha158_csi300_custom_step0_s_20260909_19,0efad3da2ebe4e23981a13d822b4b0fe,0.019,,,
4143,2026-09-09,SZ000988,-0.0013607165180062383,EXP_LGBModel_Alpha158_csi300_custom_step0_s_20260909_19,0efad3da2ebe4e23981a13d822b4b0fe,0.019,,,
4144,2026-09-09,SZ000999,0.017613179440605115,EXP_LGBModel_Alpha158_csi300_custom_step0_s_20260909_19,0efad3da2ebe4e23981a13d822b4b0fe,0.019,,,
4145,2026-09-09,SZ001280,0.0017936092432846488,EXP_LGBModel_Alpha158_csi300_custom_step0_s_20260909_19,0efad3da2ebe4e23981a13d822b4b0fe,0.019,,,
4146,2026-09-09,SZ001391,0.010949253682544919,EXP_LGBModel_Alpha158_csi300_custom_step0_s_20260909_19,0efad3da2ebe4e23981a13d822b4b0fe,0.019,,,
4147,2026-09-09,SZ001965,0.0014752630045396689,EXP_LGBModel_Alpha158_csi300_custom_step0_s_20260909_19,0efad3da2ebe4e23981a13d822b4b0fe,0.019,,,
4148,2026-09-09,SZ001979,-0.004184533366400869,EXP_LGBModel_Alpha158_csi300_custom_step0_s_20260909_19,0efad3da2ebe4e23981a13d822b4b0fe,0.019,,,
4149,2026-09-09,SZ002001,0.005916005603175653,EXP_LGBModel_Alpha158_csi300_custom_step0_s_20260909_19,0efad3da2ebe4e23981a13d822b4b0fe,0.019,,,
4150,2026-09-09,SZ002027,0.010875227377917096,EXP_LGBModel_Alpha158_csi300_custom_step0_s_20260909_19,0efad3da2ebe4e23981a13d822b4b0fe,0.019,,,
4151,2026-09-09,SZ002028,0.037049747699596,EXP_LGBModel_Alpha158_csi300_custom_step0_s_20260909_19,0efad3da2ebe4e23981a13d822b4b0fe,0.019,,,
4152,2026-09-09,SZ002049,2.871571000840402e-10,EXP_LGBModel_Alpha158_csi300_custom_step0_s_20260909_19,0efad3da2ebe4e23981a13d822b4b0fe,0.019,,,
4153,2026-09-09,SZ002050,0.0037273757610223595,EXP_LGBModel_Alpha158_csi300_custom_step0_s_20260909_19,0efad3da2ebe4e23981a13d822b4b0fe,0.019,,,
4154,2026-09-09,SZ002074,-0.005351782675963445,EXP_LGBModel_Alpha158_csi300_custom_step0_s_20260909_19,0efad3da2ebe4e23981a13d822b4b0fe,0.019,,,
4155,2026-09-09,SZ002142,0.011224063575890942,EXP_LGBModel_Alpha158_csi300_custom_step0_s_20260909_19,0efad3da2ebe4e23981a13d822b4b0fe,0.019,,,
4156,2026-09-09,SZ002179,-0.008094645117540362,EXP_LGBModel_Alpha158_csi300_custom_step0_s_20260909_19,0efad3da2ebe4e23981a13d822b4b0fe,0.019,,,
4157,2026-09-09,SZ002202,-0.005337284205859333,EXP_LGBModel_Alpha158_csi300_custom_step0_s_20260909_19,0efad3da2ebe4e23981a13d822b4b0fe,0.019,,,
4158,2026-09-09,SZ002230,-0.00010540021991323846,EXP_LGBModel_Alpha158_csi300_custom_step0_s_20260909_19,0efad3da2ebe4e23981a13d822b4b0fe,0.019,,,
4159,2026-09-09,SZ002236,0.007552682863900295,EXP_LGBModel_Alpha158_csi300_custom_step0_s_20260909_19,0efad3da2ebe4e23981a13d822b4b0fe,0.019,,,
4160,2026-09-09,SZ002241,-0.0059125371725786986,EXP_LGBModel_Alpha158_csi300_custom_step0_s_20260909_19,0efad3da2ebe4e23981a13d822b4b0fe,0.019,,,
4161,2026-09-09,SZ002304,0.004286266007217704,EXP_LGBModel_Alpha158_csi300_custom_step0_s_20260909_19,0efad3da2ebe4e23981a13d822b4b0fe,0.019,,,
4162,2026-09-09,SZ002311,0.0005727826066752794,EXP_LGBModel_Alpha158_csi300_custom_step0_s_20260909_19,0efad3da2ebe4e23981a13d822b4b0fe,0.019,,,
4163,2026-09-09,SZ002352,-0.0026776180037591797,EXP_LGBModel_Alpha158_csi300_custom_step0_s_20260909_19,0efad3da2ebe4e23981a13d822b4b0fe,0.019,,,
4164,2026-09-09,SZ002353,0.0014031994352286972,EXP_LGBModel_Alpha158_csi300_custom_step0_s_20260909_19,0efad3da2ebe4e23981a13d822b4b0fe,0.019,,,
4165,2026-09-09,SZ000792,-0.005346394712040357,EXP_LGBModel_Alpha158_csi300_custom_step0_s_20260909_19,0efad3da2ebe4e23981a13d822b4b0fe,0.019,,,
4166,2026-09-09,SH688126,-0.016161011843667618,EXP_LGBModel_Alpha158_csi300_custom_step0_s_20260909_19,0efad3da2ebe4e23981a13d822b4b0fe,0.019,,,
4167,2026-09-09,SZ000776,0.011673660887268768,EXP_LGBModel_Alpha158_csi300_custom_step0_s_20260909_19,0efad3da2ebe4e23981a13d822b4b0fe,0.019,,,
4168,2026-09-09,SZ000725,-0.016161011843667618,EXP_LGBModel_Alpha158_csi300_custom_step0_s_20260909_19,0efad3da2ebe4e23981a13d822b4b0fe,0.019,,,
4169,2026-09-09,SH688223,0.0038289425339406956,EXP_LGBModel_Alpha158_csi300_custom_step0_s_20260909_19,0efad3da2ebe4e23981a13d822b4b0fe,0.019,,,
4170,2026-09-09,SH688256,-0.008660709738436771,EXP_LGBModel_Alpha158_csi300_custom_step0_s_20260909_19,0efad3da2ebe4e23981a13d822b4b0fe,0.019,,,
4171,2026-09-09,SH688271,0.0028630143251677427,EXP_LGBModel_Alpha158_csi300_custom_step0_s_20260909_19,0efad3da2ebe4e23981a13d822b4b0fe,0.019,,,
4172,2026-09-09,SH688303,-0.007420639833966003,EXP_LGBModel_Alpha158_csi300_custom_step0_s_20260909_19,0efad3da2ebe4e23981a13d822b4b0fe,0.019,,,
4173,2026-09-09,SH688396,-0.016161011843667618,EXP_LGBModel_Alpha158_csi300_custom_step0_s_20260909_19,0efad3da2ebe4e23981a13d822b4b0fe,0.019,,,
4174,2026-09-09,SH688472,-0.003534837695033365,EXP_LGBModel_Alpha158_csi300_custom_step0_s_20260909_19,0efad3da2ebe4e23981a13d822b4b0fe,0.019,,,
4175,2026-09-09,SH688506,0.005800041221103645,EXP_LGBModel_Alpha158_csi300_custom_step0_s_20260909_19,0efad3da2ebe4e23981a13d822b4b0fe,0.019,,,
4176,2026-09-09,SH688521,0.0007283939318860669,EXP_LGBModel_Alpha158_csi300_custom_step0_s_20260909_19,0efad3da2ebe4e23981a13d822b4b0fe,0.019,,,
4177,2026-09-09,SH688981,-0.011995111243722016,EXP_LGBModel_Alpha158_csi300_custom_step0_s_20260909_19,0efad3da2ebe4e23981a13d822b4b0fe,0.019,,,
4178,2026-09-09,SZ000001,0.011224063575890942,EXP_LGBModel_Alpha158_csi300_custom_step0_s_20260909_19,0efad3da2ebe4e23981a13d822b4b0fe,0.019,,,
4179,2026-09-09,SZ000002,-0.00324473261216089,EXP_LGBModel_Alpha158_csi300_custom_step0_s_20260909_19,0efad3da2ebe4e23981a13d822b4b0fe,0.019,,,
4180,2026-09-09,SZ000063,-0.001802446223668868,EXP_LGBModel_Alpha158_csi300_custom_step0_s_20260909_19,0efad3da2ebe4e23981a13d822b4b0fe,0.019,,,
4181,2026-09-09,SZ000100,-0.016875442229197905,EXP_LGBModel_Alpha158_csi300_custom_step0_s_20260909_19,0efad3da2ebe4e23981a13d822b4b0fe,0.019,,,
4182,2026-09-09,SZ000157,-0.008387235633395457,EXP_LGBModel_Alpha158_csi300_custom_step0_s_20260909_19,0efad3da2ebe4e23981a13d822b4b0fe,0.019,,,
4183,2026-09-09,SZ000166,0.017256044726041517,EXP_LGBModel_Alpha158_csi300_custom_step0_s_20260909_19,0efad3da2ebe4e23981a13d822b4b0fe,0.019,,,
4184,2026-09-09,SZ000301,-0.017538904042112908,EXP_LGBModel_Alpha158_csi300_custom_step0_s_20260909_19,0efad3da2ebe4e23981a13d822b4b0fe,0.019,,,
4185,2026-09-09,SZ000333,0.017307942804051884,EXP_LGBModel_Alpha158_csi300_custom_step0_s_20260909_19,0efad3da2ebe4e23981a13d822b4b0fe,0.019,,,
4186,2026-09-09,SZ000338,-0.008991607890205578,EXP_LGBModel_Alpha158_csi300_custom_step0_s_20260909_19,0efad3da2ebe4e23981a13d822b4b0fe,0.019,,,
4187,2026-09-09,SZ000408,-0.007109194281599376,EXP_LGBModel_Alpha158_csi300_custom_step0_s_20260909_19,0efad3da2ebe4e23981a13d822b4b0fe,0.019,,,
4188,2026-09-09,SZ000425,-0.005983518515645608,EXP_LGBModel_Alpha158_csi300_custom_step0_s_20260909_19,0efad3da2ebe4e23981a13d822b4b0fe,0.019,,,
4189,2026-09-09,SZ000538,0.01146277415380911,EXP_LGBModel_Alpha158_csi300_custom_step0_s_20260909_19,0efad3da2ebe4e23981a13d822b4b0fe,0.019,,,
4190,2026-09-09,SZ000568,-0.004275499318449558,EXP_LGBModel_Alpha158_csi300_custom_step0_s_20260909_19,0efad3da2ebe4e23981a13d822b4b0fe,0.019,,,
4191,2026-09-09,SZ000596,-0.012353139201773111,EXP_LGBModel_Alpha158_csi300_custom_step0_s_20260909_19,0efad3da2ebe4e23981a13d822b4b0fe,0.019,,,
4192,2026-09-09,SZ000617,-0.004997263092394836,EXP_LGBModel_Alpha158_csi300_custom_step0_s_20260909_19,0efad3da2ebe4e23981a13d822b4b0fe,0.019,,,
4193,2026-09-09,SZ000625,0.0023503306283073145,EXP_LGBModel_Alpha158_csi300_custom_step0_s_20260909_19,0efad3da2ebe4e23981a13d822b4b0fe,0.019,,,
4194,2026-09-09,SZ000630,-0.018373976099563726,EXP_LGBModel_Alpha158_csi300_custom_step0_s_20260909_19,0efad3da2ebe4e23981a13d822b4b0fe,0.019,,,
4195,2026-09-09,SZ000651,0.01516898165680656,EXP_LGBModel_Alpha158_csi300_custom_step0_s_20260909_19,0efad3da2ebe4e23981a13d822b4b0fe,0.019,,,
4196,2026-09-09,SZ000657,0.009717280740131817,EXP_LGBModel_Alpha158_csi300_custom_step0_s_20260909_19,0efad3da2ebe4e23981a13d822b4b0fe,0.019,,,
4197,2026-09-09,SZ000708,0.013833242112658333,EXP_LGBModel_Alpha158_csi300_custom_step0_s_20260909_19,0efad3da2ebe4e23981a13d822b4b0fe,0.019,,,
4198,2026-09-09,SZ000768,0.01315959738118743,EXP_LGBModel_Alpha158_csi300_custom_step0_s_20260909_19,0efad3da2ebe4e23981a13d822b4b0fe,0.019,,,
4199,2026-09-09,SZ302132,0.0279625803232193,EXP_XGBModel_Alpha158_csi300_custom_step0_s_20260909_16,8e0bcf35971a4a9bb74333db97acff8e,0.124,,,
