,datetime,instrument,score,exp_name,rid,weight,real_label,error,abs_error
0,2026-08-07,SH600000,-0.005685053285743554,EXP_CatBoostModel_Alpha158_csi300_custom_step0_s_20260807_16,c57f3d80eb9245679b6a4403c48a6c85,0.122,,,
1,2026-08-07,SH601100,0.04293545335531235,EXP_LinearModel_Alpha158_csi300_custom_step0_s_20260807_13,aa0e3e5a9b8a473a88773a8ea52e3f85,0.096,,,
2,2026-08-07,SH601111,0.00888126716017723,EXP_LinearModel_Alpha158_csi300_custom_step0_s_20260807_13,aa0e3e5a9b8a473a88773a8ea52e3f85,0.096,,,
3,2026-08-07,SH601117,0.0033598069567233324,EXP_LinearModel_Alpha158_csi300_custom_step0_s_20260807_13,aa0e3e5a9b8a473a88773a8ea52e3f85,0.096,,,
4,2026-08-07,SH601127,-0.013383232057094574,EXP_LinearModel_Alpha158_csi300_custom_step0_s_20260807_13,aa0e3e5a9b8a473a88773a8ea52e3f85,0.096,,,
5,2026-08-07,SH601136,-0.01915658451616764,EXP_LinearModel_Alpha158_csi300_custom_step0_s_20260807_13,aa0e3e5a9b8a473a88773a8ea52e3f85,0.096,,,
6,2026-08-07,SH601138,-0.09113539755344391,EXP_LinearModel_Alpha158_csi300_custom_step0_s_20260807_13,aa0e3e5a9b8a473a88773a8ea52e3f85,0.096,,,
7,2026-08-07,SH601166,-0.001465372508391738,EXP_LinearModel_Alpha158_csi300_custom_step0_s_20260807_13,aa0e3e5a9b8a473a88773a8ea52e3f85,0.096,,,
8,2026-08-07,SH601169,0.08380139619112015,EXP_LinearModel_Alpha158_csi300_custom_step0_s_20260807_13,aa0e3e5a9b8a473a88773a8ea52e3f85,0.096,,,
9,2026-08-07,SH601186,0.023533625528216362,EXP_LinearModel_Alpha158_csi300_custom_step0_s_20260807_13,aa0e3e5a9b8a473a88773a8ea52e3f85,0.096,,,
10,2026-08-07,SH601211,-0.07095149904489517,EXP_LinearModel_Alpha158_csi300_custom_step0_s_20260807_13,aa0e3e5a9b8a473a88773a8ea52e3f85,0.096,,,
11,2026-08-07,SH601225,-0.012214955873787403,EXP_LinearModel_Alpha158_csi300_custom_step0_s_20260807_13,aa0e3e5a9b8a473a88773a8ea52e3f85,0.096,,,
12,2026-08-07,SH601229,0.013297736644744873,EXP_LinearModel_Alpha158_csi300_custom_step0_s_20260807_13,aa0e3e5a9b8a473a88773a8ea52e3f85,0.096,,,
13,2026-08-07,SH601238,-0.023048153147101402,EXP_LinearModel_Alpha158_csi300_custom_step0_s_20260807_13,aa0e3e5a9b8a473a88773a8ea52e3f85,0.096,,,
14,2026-08-07,SH601288,-0.020702587440609932,EXP_LinearModel_Alpha158_csi300_custom_step0_s_20260807_13,aa0e3e5a9b8a473a88773a8ea52e3f85,0.096,,,
15,2026-08-07,SH601318,-0.007773193530738354,EXP_LinearModel_Alpha158_csi300_custom_step0_s_20260807_13,aa0e3e5a9b8a473a88773a8ea52e3f85,0.096,,,
16,2026-08-07,SH601319,0.034140102565288544,EXP_LinearModel_Alpha158_csi300_custom_step0_s_20260807_13,aa0e3e5a9b8a473a88773a8ea52e3f85,0.096,,,
17,2026-08-07,SH601328,0.011799764819443226,EXP_LinearModel_Alpha158_csi300_custom_step0_s_20260807_13,aa0e3e5a9b8a473a88773a8ea52e3f85,0.096,,,
18,2026-08-07,SH601336,-0.004578765947371721,EXP_LinearModel_Alpha158_csi300_custom_step0_s_20260807_13,aa0e3e5a9b8a473a88773a8ea52e3f85,0.096,,,
19,2026-08-07,SH601360,0.004627978429198265,EXP_LinearModel_Alpha158_csi300_custom_step0_s_20260807_13,aa0e3e5a9b8a473a88773a8ea52e3f85,0.096,,,
20,2026-08-07,SH601377,0.042568691074848175,EXP_LinearModel_Alpha158_csi300_custom_step0_s_20260807_13,aa0e3e5a9b8a473a88773a8ea52e3f85,0.096,,,
21,2026-08-07,SH601390,0.010132553055882454,EXP_LinearModel_Alpha158_csi300_custom_step0_s_20260807_13,aa0e3e5a9b8a473a88773a8ea52e3f85,0.096,,,
22,2026-08-07,SH601088,-0.046824898570775986,EXP_LinearModel_Alpha158_csi300_custom_step0_s_20260807_13,aa0e3e5a9b8a473a88773a8ea52e3f85,0.096,,,
23,2026-08-07,SH601077,0.006205706857144833,EXP_LinearModel_Alpha158_csi300_custom_step0_s_20260807_13,aa0e3e5a9b8a473a88773a8ea52e3f85,0.096,,,
24,2026-08-07,SH601066,-0.0014618244022130966,EXP_LinearModel_Alpha158_csi300_custom_step0_s_20260807_13,aa0e3e5a9b8a473a88773a8ea52e3f85,0.096,,,
25,2026-08-07,SH601059,-0.01128009520471096,EXP_LinearModel_Alpha158_csi300_custom_step0_s_20260807_13,aa0e3e5a9b8a473a88773a8ea52e3f85,0.096,,,
26,2026-08-07,SH600845,-0.027777044102549553,EXP_LinearModel_Alpha158_csi300_custom_step0_s_20260807_13,aa0e3e5a9b8a473a88773a8ea52e3f85,0.096,,,
27,2026-08-07,SH600875,-0.07070852071046829,EXP_LinearModel_Alpha158_csi300_custom_step0_s_20260807_13,aa0e3e5a9b8a473a88773a8ea52e3f85,0.096,,,
28,2026-08-07,SH600886,0.03445930406451225,EXP_LinearModel_Alpha158_csi300_custom_step0_s_20260807_13,aa0e3e5a9b8a473a88773a8ea52e3f85,0.096,,,
29,2026-08-07,SH600887,0.008702278137207031,EXP_LinearModel_Alpha158_csi300_custom_step0_s_20260807_13,aa0e3e5a9b8a473a88773a8ea52e3f85,0.096,,,
30,2026-08-07,SH600893,-0.0714537650346756,EXP_LinearModel_Alpha158_csi300_custom_step0_s_20260807_13,aa0e3e5a9b8a473a88773a8ea52e3f85,0.096,,,
31,2026-08-07,SH600900,0.018016641959547997,EXP_LinearModel_Alpha158_csi300_custom_step0_s_20260807_13,aa0e3e5a9b8a473a88773a8ea52e3f85,0.096,,,
32,2026-08-07,SH600905,0.05356702581048012,EXP_LinearModel_Alpha158_csi300_custom_step0_s_20260807_13,aa0e3e5a9b8a473a88773a8ea52e3f85,0.096,,,
33,2026-08-07,SH600918,-0.03398088365793228,EXP_LinearModel_Alpha158_csi300_custom_step0_s_20260807_13,aa0e3e5a9b8a473a88773a8ea52e3f85,0.096,,,
34,2026-08-07,SH600919,0.019867034628987312,EXP_LinearModel_Alpha158_csi300_custom_step0_s_20260807_13,aa0e3e5a9b8a473a88773a8ea52e3f85,0.096,,,
35,2026-08-07,SH600926,0.0317951999604702,EXP_LinearModel_Alpha158_csi300_custom_step0_s_20260807_13,aa0e3e5a9b8a473a88773a8ea52e3f85,0.096,,,
36,2026-08-07,SH601398,-0.001960641937330365,EXP_LinearModel_Alpha158_csi300_custom_step0_s_20260807_13,aa0e3e5a9b8a473a88773a8ea52e3f85,0.096,,,
37,2026-08-07,SH600930,0.05390103533864021,EXP_LinearModel_Alpha158_csi300_custom_step0_s_20260807_13,aa0e3e5a9b8a473a88773a8ea52e3f85,0.096,,,
38,2026-08-07,SH600941,-0.027226587757468224,EXP_LinearModel_Alpha158_csi300_custom_step0_s_20260807_13,aa0e3e5a9b8a473a88773a8ea52e3f85,0.096,,,
39,2026-08-07,SH600958,-0.0018187109380960464,EXP_LinearModel_Alpha158_csi300_custom_step0_s_20260807_13,aa0e3e5a9b8a473a88773a8ea52e3f85,0.096,,,
40,2026-08-07,SH600989,-0.06795765459537506,EXP_LinearModel_Alpha158_csi300_custom_step0_s_20260807_13,aa0e3e5a9b8a473a88773a8ea52e3f85,0.096,,,
41,2026-08-07,SH600999,0.008386662229895592,EXP_LinearModel_Alpha158_csi300_custom_step0_s_20260807_13,aa0e3e5a9b8a473a88773a8ea52e3f85,0.096,,,
42,2026-08-07,SH601006,0.008780783973634243,EXP_LinearModel_Alpha158_csi300_custom_step0_s_20260807_13,aa0e3e5a9b8a473a88773a8ea52e3f85,0.096,,,
43,2026-08-07,SH601009,0.044704753905534744,EXP_LinearModel_Alpha158_csi300_custom_step0_s_20260807_13,aa0e3e5a9b8a473a88773a8ea52e3f85,0.096,,,
44,2026-08-07,SH601012,-0.021235905587673187,EXP_LinearModel_Alpha158_csi300_custom_step0_s_20260807_13,aa0e3e5a9b8a473a88773a8ea52e3f85,0.096,,,
45,2026-08-07,SH601018,0.047362372279167175,EXP_LinearModel_Alpha158_csi300_custom_step0_s_20260807_13,aa0e3e5a9b8a473a88773a8ea52e3f85,0.096,,,
46,2026-08-07,SH601021,0.01009068638086319,EXP_LinearModel_Alpha158_csi300_custom_step0_s_20260807_13,aa0e3e5a9b8a473a88773a8ea52e3f85,0.096,,,
47,2026-08-07,SH601058,-0.01660037785768509,EXP_LinearModel_Alpha158_csi300_custom_step0_s_20260807_13,aa0e3e5a9b8a473a88773a8ea52e3f85,0.096,,,
48,2026-08-07,SH600938,-0.054895684123039246,EXP_LinearModel_Alpha158_csi300_custom_step0_s_20260807_13,aa0e3e5a9b8a473a88773a8ea52e3f85,0.096,,,
49,2026-08-07,SH601456,0.05363224074244499,EXP_LinearModel_Alpha158_csi300_custom_step0_s_20260807_13,aa0e3e5a9b8a473a88773a8ea52e3f85,0.096,,,
50,2026-08-07,SH601600,-0.0481853149831295,EXP_LinearModel_Alpha158_csi300_custom_step0_s_20260807_13,aa0e3e5a9b8a473a88773a8ea52e3f85,0.096,,,
51,2026-08-07,SH601601,-0.030632367357611656,EXP_LinearModel_Alpha158_csi300_custom_step0_s_20260807_13,aa0e3e5a9b8a473a88773a8ea52e3f85,0.096,,,
52,2026-08-07,SH601898,0.004234829917550087,EXP_LinearModel_Alpha158_csi300_custom_step0_s_20260807_13,aa0e3e5a9b8a473a88773a8ea52e3f85,0.096,,,
53,2026-08-07,SH601899,-0.10259927064180374,EXP_LinearModel_Alpha158_csi300_custom_step0_s_20260807_13,aa0e3e5a9b8a473a88773a8ea52e3f85,0.096,,,
54,2026-08-07,SH601901,-0.025687187910079956,EXP_LinearModel_Alpha158_csi300_custom_step0_s_20260807_13,aa0e3e5a9b8a473a88773a8ea52e3f85,0.096,,,
55,2026-08-07,SH601916,0.04185163974761963,EXP_LinearModel_Alpha158_csi300_custom_step0_s_20260807_13,aa0e3e5a9b8a473a88773a8ea52e3f85,0.096,,,
56,2026-08-07,SH601919,-0.007890336215496063,EXP_LinearModel_Alpha158_csi300_custom_step0_s_20260807_13,aa0e3e5a9b8a473a88773a8ea52e3f85,0.096,,,
57,2026-08-07,SH601939,0.02471756748855114,EXP_LinearModel_Alpha158_csi300_custom_step0_s_20260807_13,aa0e3e5a9b8a473a88773a8ea52e3f85,0.096,,,
58,2026-08-07,SH601985,0.055683404207229614,EXP_LinearModel_Alpha158_csi300_custom_step0_s_20260807_13,aa0e3e5a9b8a473a88773a8ea52e3f85,0.096,,,
59,2026-08-07,SH601988,-0.022805092856287956,EXP_LinearModel_Alpha158_csi300_custom_step0_s_20260807_13,aa0e3e5a9b8a473a88773a8ea52e3f85,0.096,,,
60,2026-08-07,SH601995,0.012317792512476444,EXP_LinearModel_Alpha158_csi300_custom_step0_s_20260807_13,aa0e3e5a9b8a473a88773a8ea52e3f85,0.096,,,
61,2026-08-07,SH601998,-0.027617530897259712,EXP_LinearModel_Alpha158_csi300_custom_step0_s_20260807_13,aa0e3e5a9b8a473a88773a8ea52e3f85,0.096,,,
62,2026-08-07,SH601888,-0.03398669511079788,EXP_LinearModel_Alpha158_csi300_custom_step0_s_20260807_13,aa0e3e5a9b8a473a88773a8ea52e3f85,0.096,,,
63,2026-08-07,SH603019,-0.00643518939614296,EXP_LinearModel_Alpha158_csi300_custom_step0_s_20260807_13,aa0e3e5a9b8a473a88773a8ea52e3f85,0.096,,,
64,2026-08-07,SH603260,-0.043809764087200165,EXP_LinearModel_Alpha158_csi300_custom_step0_s_20260807_13,aa0e3e5a9b8a473a88773a8ea52e3f85,0.096,,,
65,2026-08-07,SH603288,-0.004183224402368069,EXP_LinearModel_Alpha158_csi300_custom_step0_s_20260807_13,aa0e3e5a9b8a473a88773a8ea52e3f85,0.096,,,
66,2026-08-07,SH603296,0.008255860768258572,EXP_LinearModel_Alpha158_csi300_custom_step0_s_20260807_13,aa0e3e5a9b8a473a88773a8ea52e3f85,0.096,,,
67,2026-08-07,SH603369,-0.031146647408604622,EXP_LinearModel_Alpha158_csi300_custom_step0_s_20260807_13,aa0e3e5a9b8a473a88773a8ea52e3f85,0.096,,,
68,2026-08-07,SH603392,-0.0766918882727623,EXP_LinearModel_Alpha158_csi300_custom_step0_s_20260807_13,aa0e3e5a9b8a473a88773a8ea52e3f85,0.096,,,
69,2026-08-07,SH603501,-0.04447194188833237,EXP_LinearModel_Alpha158_csi300_custom_step0_s_20260807_13,aa0e3e5a9b8a473a88773a8ea52e3f85,0.096,,,
70,2026-08-07,SH603799,-0.0691009983420372,EXP_LinearModel_Alpha158_csi300_custom_step0_s_20260807_13,aa0e3e5a9b8a473a88773a8ea52e3f85,0.096,,,
71,2026-08-07,SH603893,-0.014091404154896736,EXP_LinearModel_Alpha158_csi300_custom_step0_s_20260807_13,aa0e3e5a9b8a473a88773a8ea52e3f85,0.096,,,
72,2026-08-07,SH603986,0.15024815499782562,EXP_LinearModel_Alpha158_csi300_custom_step0_s_20260807_13,aa0e3e5a9b8a473a88773a8ea52e3f85,0.096,,,
73,2026-08-07,SH603993,-0.0661720260977745,EXP_LinearModel_Alpha158_csi300_custom_step0_s_20260807_13,aa0e3e5a9b8a473a88773a8ea52e3f85,0.096,,,
74,2026-08-07,SH603259,-0.1335946023464203,EXP_LinearModel_Alpha158_csi300_custom_step0_s_20260807_13,aa0e3e5a9b8a473a88773a8ea52e3f85,0.096,,,
75,2026-08-07,SH600809,-0.03656373172998428,EXP_LinearModel_Alpha158_csi300_custom_step0_s_20260807_13,aa0e3e5a9b8a473a88773a8ea52e3f85,0.096,,,
76,2026-08-07,SH601881,-0.026739414781332016,EXP_LinearModel_Alpha158_csi300_custom_step0_s_20260807_13,aa0e3e5a9b8a473a88773a8ea52e3f85,0.096,,,
77,2026-08-07,SH601877,0.025143736973404884,EXP_LinearModel_Alpha158_csi300_custom_step0_s_20260807_13,aa0e3e5a9b8a473a88773a8ea52e3f85,0.096,,,
78,2026-08-07,SH601607,0.029018886387348175,EXP_LinearModel_Alpha158_csi300_custom_step0_s_20260807_13,aa0e3e5a9b8a473a88773a8ea52e3f85,0.096,,,
79,2026-08-07,SH601618,-0.0021084914915263653,EXP_LinearModel_Alpha158_csi300_custom_step0_s_20260807_13,aa0e3e5a9b8a473a88773a8ea52e3f85,0.096,,,
80,2026-08-07,SH601628,-0.033745478838682175,EXP_LinearModel_Alpha158_csi300_custom_step0_s_20260807_13,aa0e3e5a9b8a473a88773a8ea52e3f85,0.096,,,
81,2026-08-07,SH601633,-0.031239526346325874,EXP_LinearModel_Alpha158_csi300_custom_step0_s_20260807_13,aa0e3e5a9b8a473a88773a8ea52e3f85,0.096,,,
82,2026-08-07,SH601658,0.030658869072794914,EXP_LinearModel_Alpha158_csi300_custom_step0_s_20260807_13,aa0e3e5a9b8a473a88773a8ea52e3f85,0.096,,,
83,2026-08-07,SH601668,0.07076147943735123,EXP_LinearModel_Alpha158_csi300_custom_step0_s_20260807_13,aa0e3e5a9b8a473a88773a8ea52e3f85,0.096,,,
84,2026-08-07,SH601669,-0.009382368996739388,EXP_LinearModel_Alpha158_csi300_custom_step0_s_20260807_13,aa0e3e5a9b8a473a88773a8ea52e3f85,0.096,,,
85,2026-08-07,SH601688,-0.03984419256448746,EXP_LinearModel_Alpha158_csi300_custom_step0_s_20260807_13,aa0e3e5a9b8a473a88773a8ea52e3f85,0.096,,,
86,2026-08-07,SH601689,-0.04229089617729187,EXP_LinearModel_Alpha158_csi300_custom_step0_s_20260807_13,aa0e3e5a9b8a473a88773a8ea52e3f85,0.096,,,
87,2026-08-07,SH601698,-0.09972153604030609,EXP_LinearModel_Alpha158_csi300_custom_step0_s_20260807_13,aa0e3e5a9b8a473a88773a8ea52e3f85,0.096,,,
88,2026-08-07,SH601878,0.03768954426050186,EXP_LinearModel_Alpha158_csi300_custom_step0_s_20260807_13,aa0e3e5a9b8a473a88773a8ea52e3f85,0.096,,,
89,2026-08-07,SH601727,0.03898634761571884,EXP_LinearModel_Alpha158_csi300_custom_step0_s_20260807_13,aa0e3e5a9b8a473a88773a8ea52e3f85,0.096,,,
90,2026-08-07,SH601766,-0.0021730116568505764,EXP_LinearModel_Alpha158_csi300_custom_step0_s_20260807_13,aa0e3e5a9b8a473a88773a8ea52e3f85,0.096,,,
91,2026-08-07,SH601788,-0.00431835325434804,EXP_LinearModel_Alpha158_csi300_custom_step0_s_20260807_13,aa0e3e5a9b8a473a88773a8ea52e3f85,0.096,,,
92,2026-08-07,SH601800,0.010890147648751736,EXP_LinearModel_Alpha158_csi300_custom_step0_s_20260807_13,aa0e3e5a9b8a473a88773a8ea52e3f85,0.096,,,
93,2026-08-07,SH601816,0.03354034945368767,EXP_LinearModel_Alpha158_csi300_custom_step0_s_20260807_13,aa0e3e5a9b8a473a88773a8ea52e3f85,0.096,,,
94,2026-08-07,SH601818,0.05310514196753502,EXP_LinearModel_Alpha158_csi300_custom_step0_s_20260807_13,aa0e3e5a9b8a473a88773a8ea52e3f85,0.096,,,
95,2026-08-07,SH601825,-0.04422755539417267,EXP_LinearModel_Alpha158_csi300_custom_step0_s_20260807_13,aa0e3e5a9b8a473a88773a8ea52e3f85,0.096,,,
96,2026-08-07,SH601838,0.016158878803253174,EXP_LinearModel_Alpha158_csi300_custom_step0_s_20260807_13,aa0e3e5a9b8a473a88773a8ea52e3f85,0.096,,,
97,2026-08-07,SH601857,-0.01782270148396492,EXP_LinearModel_Alpha158_csi300_custom_step0_s_20260807_13,aa0e3e5a9b8a473a88773a8ea52e3f85,0.096,,,
98,2026-08-07,SH601868,-0.03130365535616875,EXP_LinearModel_Alpha158_csi300_custom_step0_s_20260807_13,aa0e3e5a9b8a473a88773a8ea52e3f85,0.096,,,
99,2026-08-07,SH601872,-0.014626765623688698,EXP_LinearModel_Alpha158_csi300_custom_step0_s_20260807_13,aa0e3e5a9b8a473a88773a8ea52e3f85,0.096,,,
100,2026-08-07,SH601728,0.003961396403610706,EXP_LinearModel_Alpha158_csi300_custom_step0_s_20260807_13,aa0e3e5a9b8a473a88773a8ea52e3f85,0.096,,,
101,2026-08-07,SH605117,0.009301308542490005,EXP_LinearModel_Alpha158_csi300_custom_step0_s_20260807_13,aa0e3e5a9b8a473a88773a8ea52e3f85,0.096,,,
102,2026-08-07,SH600803,-0.061386190354824066,EXP_LinearModel_Alpha158_csi300_custom_step0_s_20260807_13,aa0e3e5a9b8a473a88773a8ea52e3f85,0.096,,,
103,2026-08-07,SH600760,-0.049511753022670746,EXP_LinearModel_Alpha158_csi300_custom_step0_s_20260807_13,aa0e3e5a9b8a473a88773a8ea52e3f85,0.096,,,
104,2026-08-07,SZ300832,0.029275300704796007,EXP_DEnsembleModel_Alpha158_csi300_custom_step0_s_20260807_13,7d937721f61d4a179e670888d0641c2e,0.053,,,
105,2026-08-07,SZ300866,-0.12160733240285958,EXP_DEnsembleModel_Alpha158_csi300_custom_step0_s_20260807_13,7d937721f61d4a179e670888d0641c2e,0.053,,,
106,2026-08-07,SZ300896,-0.1587508418031918,EXP_DEnsembleModel_Alpha158_csi300_custom_step0_s_20260807_13,7d937721f61d4a179e670888d0641c2e,0.053,,,
107,2026-08-07,SZ300999,-0.03271696382024628,EXP_DEnsembleModel_Alpha158_csi300_custom_step0_s_20260807_13,7d937721f61d4a179e670888d0641c2e,0.053,,,
108,2026-08-07,SZ301165,0.18557527682721933,EXP_DEnsembleModel_Alpha158_csi300_custom_step0_s_20260807_13,7d937721f61d4a179e670888d0641c2e,0.053,,,
109,2026-08-07,SZ301236,-0.14704818145291187,EXP_DEnsembleModel_Alpha158_csi300_custom_step0_s_20260807_13,7d937721f61d4a179e670888d0641c2e,0.053,,,
110,2026-08-07,SZ301269,0.06319374607912852,EXP_DEnsembleModel_Alpha158_csi300_custom_step0_s_20260807_13,7d937721f61d4a179e670888d0641c2e,0.053,,,
111,2026-08-07,SZ301308,0.2674308877383231,EXP_DEnsembleModel_Alpha158_csi300_custom_step0_s_20260807_13,7d937721f61d4a179e670888d0641c2e,0.053,,,
112,2026-08-07,SZ302132,-0.0338714517904641,EXP_DEnsembleModel_Alpha158_csi300_custom_step0_s_20260807_13,7d937721f61d4a179e670888d0641c2e,0.053,,,
113,2026-08-07,SH600000,-0.0030367858707904816,EXP_LinearModel_Alpha158_csi300_custom_step0_s_20260807_13,aa0e3e5a9b8a473a88773a8ea52e3f85,0.096,,,
114,2026-08-07,SH600009,-0.027796143665909767,EXP_LinearModel_Alpha158_csi300_custom_step0_s_20260807_13,aa0e3e5a9b8a473a88773a8ea52e3f85,0.096,,,
115,2026-08-07,SH600010,-0.012836757116019726,EXP_LinearModel_Alpha158_csi300_custom_step0_s_20260807_13,aa0e3e5a9b8a473a88773a8ea52e3f85,0.096,,,
116,2026-08-07,SH600011,0.01843997649848461,EXP_LinearModel_Alpha158_csi300_custom_step0_s_20260807_13,aa0e3e5a9b8a473a88773a8ea52e3f85,0.096,,,
117,2026-08-07,SH600015,0.0376228392124176,EXP_LinearModel_Alpha158_csi300_custom_step0_s_20260807_13,aa0e3e5a9b8a473a88773a8ea52e3f85,0.096,,,
118,2026-08-07,SH600016,0.05259551480412483,EXP_LinearModel_Alpha158_csi300_custom_step0_s_20260807_13,aa0e3e5a9b8a473a88773a8ea52e3f85,0.096,,,
119,2026-08-07,SH600018,0.07190592586994171,EXP_LinearModel_Alpha158_csi300_custom_step0_s_20260807_13,aa0e3e5a9b8a473a88773a8ea52e3f85,0.096,,,
120,2026-08-07,SH600019,-0.016061531379818916,EXP_LinearModel_Alpha158_csi300_custom_step0_s_20260807_13,aa0e3e5a9b8a473a88773a8ea52e3f85,0.096,,,
121,2026-08-07,SH600023,0.10400841385126114,EXP_LinearModel_Alpha158_csi300_custom_step0_s_20260807_13,aa0e3e5a9b8a473a88773a8ea52e3f85,0.096,,,
122,2026-08-07,SH600025,0.04062843322753906,EXP_LinearModel_Alpha158_csi300_custom_step0_s_20260807_13,aa0e3e5a9b8a473a88773a8ea52e3f85,0.096,,,
123,2026-08-07,SH600026,0.0034057616721838713,EXP_LinearModel_Alpha158_csi300_custom_step0_s_20260807_13,aa0e3e5a9b8a473a88773a8ea52e3f85,0.096,,,
124,2026-08-07,SH600027,0.0219967532902956,EXP_LinearModel_Alpha158_csi300_custom_step0_s_20260807_13,aa0e3e5a9b8a473a88773a8ea52e3f85,0.096,,,
125,2026-08-07,SZ300803,-0.1286420039240545,EXP_DEnsembleModel_Alpha158_csi300_custom_step0_s_20260807_13,7d937721f61d4a179e670888d0641c2e,0.053,,,
126,2026-08-07,SZ300760,-0.05793675616217069,EXP_DEnsembleModel_Alpha158_csi300_custom_step0_s_20260807_13,7d937721f61d4a179e670888d0641c2e,0.053,,,
127,2026-08-07,SZ300750,0.03139928204042247,EXP_DEnsembleModel_Alpha158_csi300_custom_step0_s_20260807_13,7d937721f61d4a179e670888d0641c2e,0.053,,,
128,2026-08-07,SZ300661,0.15581126829698508,EXP_DEnsembleModel_Alpha158_csi300_custom_step0_s_20260807_13,7d937721f61d4a179e670888d0641c2e,0.053,,,
129,2026-08-07,SZ003816,-0.034981103696342615,EXP_DEnsembleModel_Alpha158_csi300_custom_step0_s_20260807_13,7d937721f61d4a179e670888d0641c2e,0.053,,,
130,2026-08-07,SZ300014,-0.08979819323362079,EXP_DEnsembleModel_Alpha158_csi300_custom_step0_s_20260807_13,7d937721f61d4a179e670888d0641c2e,0.053,,,
131,2026-08-07,SZ300015,-0.1411459413678346,EXP_DEnsembleModel_Alpha158_csi300_custom_step0_s_20260807_13,7d937721f61d4a179e670888d0641c2e,0.053,,,
132,2026-08-07,SZ300033,-0.12671132167032345,EXP_DEnsembleModel_Alpha158_csi300_custom_step0_s_20260807_13,7d937721f61d4a179e670888d0641c2e,0.053,,,
133,2026-08-07,SZ300059,0.005673659712597548,EXP_DEnsembleModel_Alpha158_csi300_custom_step0_s_20260807_13,7d937721f61d4a179e670888d0641c2e,0.053,,,
134,2026-08-07,SZ300122,0.024470809948476203,EXP_DEnsembleModel_Alpha158_csi300_custom_step0_s_20260807_13,7d937721f61d4a179e670888d0641c2e,0.053,,,
135,2026-08-07,SZ300124,-0.07240739086256252,EXP_DEnsembleModel_Alpha158_csi300_custom_step0_s_20260807_13,7d937721f61d4a179e670888d0641c2e,0.053,,,
136,2026-08-07,SZ300251,-0.13631990032469415,EXP_DEnsembleModel_Alpha158_csi300_custom_step0_s_20260807_13,7d937721f61d4a179e670888d0641c2e,0.053,,,
137,2026-08-07,SZ300274,0.36758569105609895,EXP_DEnsembleModel_Alpha158_csi300_custom_step0_s_20260807_13,7d937721f61d4a179e670888d0641c2e,0.053,,,
138,2026-08-07,SZ300308,0.38572315804093754,EXP_DEnsembleModel_Alpha158_csi300_custom_step0_s_20260807_13,7d937721f61d4a179e670888d0641c2e,0.053,,,
139,2026-08-07,SH600028,-0.02349408157169819,EXP_LinearModel_Alpha158_csi300_custom_step0_s_20260807_13,aa0e3e5a9b8a473a88773a8ea52e3f85,0.096,,,
140,2026-08-07,SZ300316,0.10221615224137519,EXP_DEnsembleModel_Alpha158_csi300_custom_step0_s_20260807_13,7d937721f61d4a179e670888d0641c2e,0.053,,,
141,2026-08-07,SZ300408,0.11388551525592808,EXP_DEnsembleModel_Alpha158_csi300_custom_step0_s_20260807_13,7d937721f61d4a179e670888d0641c2e,0.053,,,
142,2026-08-07,SZ300413,-0.13211542736152626,EXP_DEnsembleModel_Alpha158_csi300_custom_step0_s_20260807_13,7d937721f61d4a179e670888d0641c2e,0.053,,,
143,2026-08-07,SZ300418,-0.024495254628843787,EXP_DEnsembleModel_Alpha158_csi300_custom_step0_s_20260807_13,7d937721f61d4a179e670888d0641c2e,0.053,,,
144,2026-08-07,SZ300433,0.2429674220852068,EXP_DEnsembleModel_Alpha158_csi300_custom_step0_s_20260807_13,7d937721f61d4a179e670888d0641c2e,0.053,,,
145,2026-08-07,SZ300442,0.09750196820301003,EXP_DEnsembleModel_Alpha158_csi300_custom_step0_s_20260807_13,7d937721f61d4a179e670888d0641c2e,0.053,,,
146,2026-08-07,SZ300450,-0.05361168328589725,EXP_DEnsembleModel_Alpha158_csi300_custom_step0_s_20260807_13,7d937721f61d4a179e670888d0641c2e,0.053,,,
147,2026-08-07,SZ300476,0.3822167142354693,EXP_DEnsembleModel_Alpha158_csi300_custom_step0_s_20260807_13,7d937721f61d4a179e670888d0641c2e,0.053,,,
148,2026-08-07,SZ300498,-0.06845330769712259,EXP_DEnsembleModel_Alpha158_csi300_custom_step0_s_20260807_13,7d937721f61d4a179e670888d0641c2e,0.053,,,
149,2026-08-07,SZ300502,0.32305896052321,EXP_DEnsembleModel_Alpha158_csi300_custom_step0_s_20260807_13,7d937721f61d4a179e670888d0641c2e,0.053,,,
150,2026-08-07,SZ300628,-0.02706148507037743,EXP_DEnsembleModel_Alpha158_csi300_custom_step0_s_20260807_13,7d937721f61d4a179e670888d0641c2e,0.053,,,
151,2026-08-07,SZ300394,0.054063984733556204,EXP_DEnsembleModel_Alpha158_csi300_custom_step0_s_20260807_13,7d937721f61d4a179e670888d0641c2e,0.053,,,
152,2026-08-07,SH600029,0.04134191945195198,EXP_LinearModel_Alpha158_csi300_custom_step0_s_20260807_13,aa0e3e5a9b8a473a88773a8ea52e3f85,0.096,,,
153,2026-08-07,SH600030,-0.045764949172735214,EXP_LinearModel_Alpha158_csi300_custom_step0_s_20260807_13,aa0e3e5a9b8a473a88773a8ea52e3f85,0.096,,,
154,2026-08-07,SH600031,-0.02408350631594658,EXP_LinearModel_Alpha158_csi300_custom_step0_s_20260807_13,aa0e3e5a9b8a473a88773a8ea52e3f85,0.096,,,
155,2026-08-07,SH600406,-0.019485559314489365,EXP_LinearModel_Alpha158_csi300_custom_step0_s_20260807_13,aa0e3e5a9b8a473a88773a8ea52e3f85,0.096,,,
156,2026-08-07,SH600415,0.02196584641933441,EXP_LinearModel_Alpha158_csi300_custom_step0_s_20260807_13,aa0e3e5a9b8a473a88773a8ea52e3f85,0.096,,,
157,2026-08-07,SH600426,-0.06232166662812233,EXP_LinearModel_Alpha158_csi300_custom_step0_s_20260807_13,aa0e3e5a9b8a473a88773a8ea52e3f85,0.096,,,
158,2026-08-07,SH600436,-0.03939255326986313,EXP_LinearModel_Alpha158_csi300_custom_step0_s_20260807_13,aa0e3e5a9b8a473a88773a8ea52e3f85,0.096,,,
159,2026-08-07,SH600438,-0.10407999157905579,EXP_LinearModel_Alpha158_csi300_custom_step0_s_20260807_13,aa0e3e5a9b8a473a88773a8ea52e3f85,0.096,,,
160,2026-08-07,SH600460,-0.017163224518299103,EXP_LinearModel_Alpha158_csi300_custom_step0_s_20260807_13,aa0e3e5a9b8a473a88773a8ea52e3f85,0.096,,,
161,2026-08-07,SH600482,-0.08564251661300659,EXP_LinearModel_Alpha158_csi300_custom_step0_s_20260807_13,aa0e3e5a9b8a473a88773a8ea52e3f85,0.096,,,
162,2026-08-07,SH600489,-0.11176811903715134,EXP_LinearModel_Alpha158_csi300_custom_step0_s_20260807_13,aa0e3e5a9b8a473a88773a8ea52e3f85,0.096,,,
163,2026-08-07,SH600515,-0.014615477994084358,EXP_LinearModel_Alpha158_csi300_custom_step0_s_20260807_13,aa0e3e5a9b8a473a88773a8ea52e3f85,0.096,,,
164,2026-08-07,SH600519,-0.03192400559782982,EXP_LinearModel_Alpha158_csi300_custom_step0_s_20260807_13,aa0e3e5a9b8a473a88773a8ea52e3f85,0.096,,,
165,2026-08-07,SH600372,-0.04783354699611664,EXP_LinearModel_Alpha158_csi300_custom_step0_s_20260807_13,aa0e3e5a9b8a473a88773a8ea52e3f85,0.096,,,
166,2026-08-07,SH600522,0.023444663733243942,EXP_LinearModel_Alpha158_csi300_custom_step0_s_20260807_13,aa0e3e5a9b8a473a88773a8ea52e3f85,0.096,,,
167,2026-08-07,SH600549,-0.11112521588802338,EXP_LinearModel_Alpha158_csi300_custom_step0_s_20260807_13,aa0e3e5a9b8a473a88773a8ea52e3f85,0.096,,,
168,2026-08-07,SH600570,-0.005322036799043417,EXP_LinearModel_Alpha158_csi300_custom_step0_s_20260807_13,aa0e3e5a9b8a473a88773a8ea52e3f85,0.096,,,
169,2026-08-07,SH600584,-0.054103121161460876,EXP_LinearModel_Alpha158_csi300_custom_step0_s_20260807_13,aa0e3e5a9b8a473a88773a8ea52e3f85,0.096,,,
170,2026-08-07,SH600585,-0.026394763961434364,EXP_LinearModel_Alpha158_csi300_custom_step0_s_20260807_13,aa0e3e5a9b8a473a88773a8ea52e3f85,0.096,,,
171,2026-08-07,SH600588,0.06917119026184082,EXP_LinearModel_Alpha158_csi300_custom_step0_s_20260807_13,aa0e3e5a9b8a473a88773a8ea52e3f85,0.096,,,
172,2026-08-07,SH600600,-0.081003338098526,EXP_LinearModel_Alpha158_csi300_custom_step0_s_20260807_13,aa0e3e5a9b8a473a88773a8ea52e3f85,0.096,,,
173,2026-08-07,SH600660,-0.010106584057211876,EXP_LinearModel_Alpha158_csi300_custom_step0_s_20260807_13,aa0e3e5a9b8a473a88773a8ea52e3f85,0.096,,,
174,2026-08-07,SH600674,0.018474960699677467,EXP_LinearModel_Alpha158_csi300_custom_step0_s_20260807_13,aa0e3e5a9b8a473a88773a8ea52e3f85,0.096,,,
175,2026-08-07,SH600690,0.011180133558809757,EXP_LinearModel_Alpha158_csi300_custom_step0_s_20260807_13,aa0e3e5a9b8a473a88773a8ea52e3f85,0.096,,,
176,2026-08-07,SH600741,0.038231659680604935,EXP_LinearModel_Alpha158_csi300_custom_step0_s_20260807_13,aa0e3e5a9b8a473a88773a8ea52e3f85,0.096,,,
177,2026-08-07,SH600547,-0.11127173900604248,EXP_LinearModel_Alpha158_csi300_custom_step0_s_20260807_13,aa0e3e5a9b8a473a88773a8ea52e3f85,0.096,,,
178,2026-08-07,SH600795,0.046254873275756836,EXP_LinearModel_Alpha158_csi300_custom_step0_s_20260807_13,aa0e3e5a9b8a473a88773a8ea52e3f85,0.096,,,
179,2026-08-07,SH600362,-0.09702791273593903,EXP_LinearModel_Alpha158_csi300_custom_step0_s_20260807_13,aa0e3e5a9b8a473a88773a8ea52e3f85,0.096,,,
180,2026-08-07,SH600309,-0.06711867451667786,EXP_LinearModel_Alpha158_csi300_custom_step0_s_20260807_13,aa0e3e5a9b8a473a88773a8ea52e3f85,0.096,,,
181,2026-08-07,SH600036,0.02377379685640335,EXP_LinearModel_Alpha158_csi300_custom_step0_s_20260807_13,aa0e3e5a9b8a473a88773a8ea52e3f85,0.096,,,
182,2026-08-07,SH600039,0.054971158504486084,EXP_LinearModel_Alpha158_csi300_custom_step0_s_20260807_13,aa0e3e5a9b8a473a88773a8ea52e3f85,0.096,,,
183,2026-08-07,SH600048,-0.04449795186519623,EXP_LinearModel_Alpha158_csi300_custom_step0_s_20260807_13,aa0e3e5a9b8a473a88773a8ea52e3f85,0.096,,,
184,2026-08-07,SH600050,0.014046269468963146,EXP_LinearModel_Alpha158_csi300_custom_step0_s_20260807_13,aa0e3e5a9b8a473a88773a8ea52e3f85,0.096,,,
185,2026-08-07,SH600061,0.014576184563338757,EXP_LinearModel_Alpha158_csi300_custom_step0_s_20260807_13,aa0e3e5a9b8a473a88773a8ea52e3f85,0.096,,,
186,2026-08-07,SH600066,-0.0535549558699131,EXP_LinearModel_Alpha158_csi300_custom_step0_s_20260807_13,aa0e3e5a9b8a473a88773a8ea52e3f85,0.096,,,
187,2026-08-07,SH600085,-0.0040263887494802475,EXP_LinearModel_Alpha158_csi300_custom_step0_s_20260807_13,aa0e3e5a9b8a473a88773a8ea52e3f85,0.096,,,
188,2026-08-07,SH600089,0.015189304947853088,EXP_LinearModel_Alpha158_csi300_custom_step0_s_20260807_13,aa0e3e5a9b8a473a88773a8ea52e3f85,0.096,,,
189,2026-08-07,SH600104,-0.05582202598452568,EXP_LinearModel_Alpha158_csi300_custom_step0_s_20260807_13,aa0e3e5a9b8a473a88773a8ea52e3f85,0.096,,,
190,2026-08-07,SH600111,0.008730806410312653,EXP_LinearModel_Alpha158_csi300_custom_step0_s_20260807_13,aa0e3e5a9b8a473a88773a8ea52e3f85,0.096,,,
191,2026-08-07,SH600346,-0.06717882305383682,EXP_LinearModel_Alpha158_csi300_custom_step0_s_20260807_13,aa0e3e5a9b8a473a88773a8ea52e3f85,0.096,,,
192,2026-08-07,SH600115,-0.015265687368810177,EXP_LinearModel_Alpha158_csi300_custom_step0_s_20260807_13,aa0e3e5a9b8a473a88773a8ea52e3f85,0.096,,,
193,2026-08-07,SH600150,-0.02713504247367382,EXP_LinearModel_Alpha158_csi300_custom_step0_s_20260807_13,aa0e3e5a9b8a473a88773a8ea52e3f85,0.096,,,
194,2026-08-07,SH600160,-0.08474188297986984,EXP_LinearModel_Alpha158_csi300_custom_step0_s_20260807_13,aa0e3e5a9b8a473a88773a8ea52e3f85,0.096,,,
195,2026-08-07,SH600176,0.03742649033665657,EXP_LinearModel_Alpha158_csi300_custom_step0_s_20260807_13,aa0e3e5a9b8a473a88773a8ea52e3f85,0.096,,,
196,2026-08-07,SH600183,-0.11166993528604507,EXP_LinearModel_Alpha158_csi300_custom_step0_s_20260807_13,aa0e3e5a9b8a473a88773a8ea52e3f85,0.096,,,
197,2026-08-07,SH600188,-0.07209684699773788,EXP_LinearModel_Alpha158_csi300_custom_step0_s_20260807_13,aa0e3e5a9b8a473a88773a8ea52e3f85,0.096,,,
198,2026-08-07,SH600196,-0.027814486995339394,EXP_LinearModel_Alpha158_csi300_custom_step0_s_20260807_13,aa0e3e5a9b8a473a88773a8ea52e3f85,0.096,,,
199,2026-08-07,SH600219,-0.0189892016351223,EXP_LinearModel_Alpha158_csi300_custom_step0_s_20260807_13,aa0e3e5a9b8a473a88773a8ea52e3f85,0.096,,,
200,2026-08-07,SH600221,0.10168132185935974,EXP_LinearModel_Alpha158_csi300_custom_step0_s_20260807_13,aa0e3e5a9b8a473a88773a8ea52e3f85,0.096,,,
201,2026-08-07,SH600233,-0.025687823072075844,EXP_LinearModel_Alpha158_csi300_custom_step0_s_20260807_13,aa0e3e5a9b8a473a88773a8ea52e3f85,0.096,,,
202,2026-08-07,SH600276,-0.010196415707468987,EXP_LinearModel_Alpha158_csi300_custom_step0_s_20260807_13,aa0e3e5a9b8a473a88773a8ea52e3f85,0.096,,,
203,2026-08-07,SH600118,-0.09069637209177017,EXP_LinearModel_Alpha158_csi300_custom_step0_s_20260807_13,aa0e3e5a9b8a473a88773a8ea52e3f85,0.096,,,
204,2026-08-07,SZ002938,0.014179865357015257,EXP_DEnsembleModel_Alpha158_csi300_custom_step0_s_20260807_13,7d937721f61d4a179e670888d0641c2e,0.053,,,
205,2026-08-07,SH605499,-0.07340298593044281,EXP_LinearModel_Alpha158_csi300_custom_step0_s_20260807_13,aa0e3e5a9b8a473a88773a8ea52e3f85,0.096,,,
206,2026-08-07,SH688009,0.04977778345346451,EXP_LinearModel_Alpha158_csi300_custom_step0_s_20260807_13,aa0e3e5a9b8a473a88773a8ea52e3f85,0.096,,,
207,2026-08-07,SH600000,0.017223520204424858,EXP_LinearModel_Alpha158_csi300_custom_step0_s_20260807_13,b30c126473f74b2891555c4844ca7284,0.073,,,
208,2026-08-07,SH600009,-0.05618298798799515,EXP_LinearModel_Alpha158_csi300_custom_step0_s_20260807_13,b30c126473f74b2891555c4844ca7284,0.073,,,
209,2026-08-07,SH600010,-0.034943606704473495,EXP_LinearModel_Alpha158_csi300_custom_step0_s_20260807_13,b30c126473f74b2891555c4844ca7284,0.073,,,
210,2026-08-07,SH600011,-0.0023846570402383804,EXP_LinearModel_Alpha158_csi300_custom_step0_s_20260807_13,b30c126473f74b2891555c4844ca7284,0.073,,,
211,2026-08-07,SH600015,0.05842944607138634,EXP_LinearModel_Alpha158_csi300_custom_step0_s_20260807_13,b30c126473f74b2891555c4844ca7284,0.073,,,
212,2026-08-07,SH600016,0.04273030161857605,EXP_LinearModel_Alpha158_csi300_custom_step0_s_20260807_13,b30c126473f74b2891555c4844ca7284,0.073,,,
213,2026-08-07,SH600018,0.0850999504327774,EXP_LinearModel_Alpha158_csi300_custom_step0_s_20260807_13,b30c126473f74b2891555c4844ca7284,0.073,,,
214,2026-08-07,SH600019,-0.03440038114786148,EXP_LinearModel_Alpha158_csi300_custom_step0_s_20260807_13,b30c126473f74b2891555c4844ca7284,0.073,,,
215,2026-08-07,SH600023,0.05902605503797531,EXP_LinearModel_Alpha158_csi300_custom_step0_s_20260807_13,b30c126473f74b2891555c4844ca7284,0.073,,,
216,2026-08-07,SH600025,0.049648217856884,EXP_LinearModel_Alpha158_csi300_custom_step0_s_20260807_13,b30c126473f74b2891555c4844ca7284,0.073,,,
217,2026-08-07,SH600026,-0.03721769154071808,EXP_LinearModel_Alpha158_csi300_custom_step0_s_20260807_13,b30c126473f74b2891555c4844ca7284,0.073,,,
218,2026-08-07,SH600027,0.011785890907049179,EXP_LinearModel_Alpha158_csi300_custom_step0_s_20260807_13,b30c126473f74b2891555c4844ca7284,0.073,,,
219,2026-08-07,SH600028,0.00515918992459774,EXP_LinearModel_Alpha158_csi300_custom_step0_s_20260807_13,b30c126473f74b2891555c4844ca7284,0.073,,,
220,2026-08-07,SH600029,0.033572353422641754,EXP_LinearModel_Alpha158_csi300_custom_step0_s_20260807_13,b30c126473f74b2891555c4844ca7284,0.073,,,
221,2026-08-07,SH600030,-0.05340711399912834,EXP_LinearModel_Alpha158_csi300_custom_step0_s_20260807_13,b30c126473f74b2891555c4844ca7284,0.073,,,
222,2026-08-07,SH600031,-0.023266838863492012,EXP_LinearModel_Alpha158_csi300_custom_step0_s_20260807_13,b30c126473f74b2891555c4844ca7284,0.073,,,
223,2026-08-07,SH600036,0.04122934490442276,EXP_LinearModel_Alpha158_csi300_custom_step0_s_20260807_13,b30c126473f74b2891555c4844ca7284,0.073,,,
224,2026-08-07,SH600039,0.03880075737833977,EXP_LinearModel_Alpha158_csi300_custom_step0_s_20260807_13,b30c126473f74b2891555c4844ca7284,0.073,,,
225,2026-08-07,SH600048,-0.035653602331876755,EXP_LinearModel_Alpha158_csi300_custom_step0_s_20260807_13,b30c126473f74b2891555c4844ca7284,0.073,,,
226,2026-08-07,SH600050,0.021815506741404533,EXP_LinearModel_Alpha158_csi300_custom_step0_s_20260807_13,b30c126473f74b2891555c4844ca7284,0.073,,,
227,2026-08-07,SH600061,0.016089675948023796,EXP_LinearModel_Alpha158_csi300_custom_step0_s_20260807_13,b30c126473f74b2891555c4844ca7284,0.073,,,
228,2026-08-07,SZ302132,-0.027811571955680847,EXP_LinearModel_Alpha158_csi300_custom_step0_s_20260807_13,aa0e3e5a9b8a473a88773a8ea52e3f85,0.096,,,
229,2026-08-07,SZ301308,0.0751601830124855,EXP_LinearModel_Alpha158_csi300_custom_step0_s_20260807_13,aa0e3e5a9b8a473a88773a8ea52e3f85,0.096,,,
230,2026-08-07,SZ301269,-0.0323018878698349,EXP_LinearModel_Alpha158_csi300_custom_step0_s_20260807_13,aa0e3e5a9b8a473a88773a8ea52e3f85,0.096,,,
231,2026-08-07,SZ301236,-0.048967041075229645,EXP_LinearModel_Alpha158_csi300_custom_step0_s_20260807_13,aa0e3e5a9b8a473a88773a8ea52e3f85,0.096,,,
232,2026-08-07,SZ300308,0.056973591446876526,EXP_LinearModel_Alpha158_csi300_custom_step0_s_20260807_13,aa0e3e5a9b8a473a88773a8ea52e3f85,0.096,,,
233,2026-08-07,SZ300316,-0.05244462192058563,EXP_LinearModel_Alpha158_csi300_custom_step0_s_20260807_13,aa0e3e5a9b8a473a88773a8ea52e3f85,0.096,,,
234,2026-08-07,SZ300394,-0.18567773699760437,EXP_LinearModel_Alpha158_csi300_custom_step0_s_20260807_13,aa0e3e5a9b8a473a88773a8ea52e3f85,0.096,,,
235,2026-08-07,SZ300408,-0.10763032734394073,EXP_LinearModel_Alpha158_csi300_custom_step0_s_20260807_13,aa0e3e5a9b8a473a88773a8ea52e3f85,0.096,,,
236,2026-08-07,SZ300413,-0.02980540506541729,EXP_LinearModel_Alpha158_csi300_custom_step0_s_20260807_13,aa0e3e5a9b8a473a88773a8ea52e3f85,0.096,,,
237,2026-08-07,SZ300418,-0.09487266093492508,EXP_LinearModel_Alpha158_csi300_custom_step0_s_20260807_13,aa0e3e5a9b8a473a88773a8ea52e3f85,0.096,,,
238,2026-08-07,SZ300433,-0.030707750469446182,EXP_LinearModel_Alpha158_csi300_custom_step0_s_20260807_13,aa0e3e5a9b8a473a88773a8ea52e3f85,0.096,,,
239,2026-08-07,SZ300442,-0.11252838373184204,EXP_LinearModel_Alpha158_csi300_custom_step0_s_20260807_13,aa0e3e5a9b8a473a88773a8ea52e3f85,0.096,,,
240,2026-08-07,SZ300450,-0.026631593704223633,EXP_LinearModel_Alpha158_csi300_custom_step0_s_20260807_13,aa0e3e5a9b8a473a88773a8ea52e3f85,0.096,,,
241,2026-08-07,SZ300476,-0.13599622249603271,EXP_LinearModel_Alpha158_csi300_custom_step0_s_20260807_13,aa0e3e5a9b8a473a88773a8ea52e3f85,0.096,,,
242,2026-08-07,SH600066,-0.039626240730285645,EXP_LinearModel_Alpha158_csi300_custom_step0_s_20260807_13,b30c126473f74b2891555c4844ca7284,0.073,,,
243,2026-08-07,SZ300498,-0.05864456295967102,EXP_LinearModel_Alpha158_csi300_custom_step0_s_20260807_13,aa0e3e5a9b8a473a88773a8ea52e3f85,0.096,,,
244,2026-08-07,SZ300628,0.033247336745262146,EXP_LinearModel_Alpha158_csi300_custom_step0_s_20260807_13,aa0e3e5a9b8a473a88773a8ea52e3f85,0.096,,,
245,2026-08-07,SZ300661,-0.1465809941291809,EXP_LinearModel_Alpha158_csi300_custom_step0_s_20260807_13,aa0e3e5a9b8a473a88773a8ea52e3f85,0.096,,,
246,2026-08-07,SZ300750,-0.07956381142139435,EXP_LinearModel_Alpha158_csi300_custom_step0_s_20260807_13,aa0e3e5a9b8a473a88773a8ea52e3f85,0.096,,,
247,2026-08-07,SZ300760,-0.027402283623814583,EXP_LinearModel_Alpha158_csi300_custom_step0_s_20260807_13,aa0e3e5a9b8a473a88773a8ea52e3f85,0.096,,,
248,2026-08-07,SZ300803,0.0035854182206094265,EXP_LinearModel_Alpha158_csi300_custom_step0_s_20260807_13,aa0e3e5a9b8a473a88773a8ea52e3f85,0.096,,,
249,2026-08-07,SZ300832,0.02635379508137703,EXP_LinearModel_Alpha158_csi300_custom_step0_s_20260807_13,aa0e3e5a9b8a473a88773a8ea52e3f85,0.096,,,
250,2026-08-07,SZ300866,-0.05619635432958603,EXP_LinearModel_Alpha158_csi300_custom_step0_s_20260807_13,aa0e3e5a9b8a473a88773a8ea52e3f85,0.096,,,
251,2026-08-07,SZ300896,-0.02554776892066002,EXP_LinearModel_Alpha158_csi300_custom_step0_s_20260807_13,aa0e3e5a9b8a473a88773a8ea52e3f85,0.096,,,
252,2026-08-07,SZ300999,0.00040714419446885586,EXP_LinearModel_Alpha158_csi300_custom_step0_s_20260807_13,aa0e3e5a9b8a473a88773a8ea52e3f85,0.096,,,
253,2026-08-07,SZ301165,-0.10876607894897461,EXP_LinearModel_Alpha158_csi300_custom_step0_s_20260807_13,aa0e3e5a9b8a473a88773a8ea52e3f85,0.096,,,
254,2026-08-07,SZ300502,0.00827601458877325,EXP_LinearModel_Alpha158_csi300_custom_step0_s_20260807_13,aa0e3e5a9b8a473a88773a8ea52e3f85,0.096,,,
255,2026-08-07,SH600085,-0.02834472432732582,EXP_LinearModel_Alpha158_csi300_custom_step0_s_20260807_13,b30c126473f74b2891555c4844ca7284,0.073,,,
256,2026-08-07,SH600089,0.007732434198260307,EXP_LinearModel_Alpha158_csi300_custom_step0_s_20260807_13,b30c126473f74b2891555c4844ca7284,0.073,,,
257,2026-08-07,SH600104,-0.06530502438545227,EXP_LinearModel_Alpha158_csi300_custom_step0_s_20260807_13,b30c126473f74b2891555c4844ca7284,0.073,,,
258,2026-08-07,SH600519,-0.029428331181406975,EXP_LinearModel_Alpha158_csi300_custom_step0_s_20260807_13,b30c126473f74b2891555c4844ca7284,0.073,,,
259,2026-08-07,SH600522,0.11344517767429352,EXP_LinearModel_Alpha158_csi300_custom_step0_s_20260807_13,b30c126473f74b2891555c4844ca7284,0.073,,,
260,2026-08-07,SH600547,-0.11737480759620667,EXP_LinearModel_Alpha158_csi300_custom_step0_s_20260807_13,b30c126473f74b2891555c4844ca7284,0.073,,,
261,2026-08-07,SH600549,-0.0804423987865448,EXP_LinearModel_Alpha158_csi300_custom_step0_s_20260807_13,b30c126473f74b2891555c4844ca7284,0.073,,,
262,2026-08-07,SH600570,-0.03572983667254448,EXP_LinearModel_Alpha158_csi300_custom_step0_s_20260807_13,b30c126473f74b2891555c4844ca7284,0.073,,,
263,2026-08-07,SH600584,-0.006315663456916809,EXP_LinearModel_Alpha158_csi300_custom_step0_s_20260807_13,b30c126473f74b2891555c4844ca7284,0.073,,,
264,2026-08-07,SH600585,-0.032143495976924896,EXP_LinearModel_Alpha158_csi300_custom_step0_s_20260807_13,b30c126473f74b2891555c4844ca7284,0.073,,,
265,2026-08-07,SH600588,0.08380039781332016,EXP_LinearModel_Alpha158_csi300_custom_step0_s_20260807_13,b30c126473f74b2891555c4844ca7284,0.073,,,
266,2026-08-07,SH600600,-0.09088645875453949,EXP_LinearModel_Alpha158_csi300_custom_step0_s_20260807_13,b30c126473f74b2891555c4844ca7284,0.073,,,
267,2026-08-07,SH600660,-0.028859153389930725,EXP_LinearModel_Alpha158_csi300_custom_step0_s_20260807_13,b30c126473f74b2891555c4844ca7284,0.073,,,
268,2026-08-07,SH600515,0.0001120222732424736,EXP_LinearModel_Alpha158_csi300_custom_step0_s_20260807_13,b30c126473f74b2891555c4844ca7284,0.073,,,
269,2026-08-07,SH600674,0.03134031966328621,EXP_LinearModel_Alpha158_csi300_custom_step0_s_20260807_13,b30c126473f74b2891555c4844ca7284,0.073,,,
270,2026-08-07,SH600741,0.04965798556804657,EXP_LinearModel_Alpha158_csi300_custom_step0_s_20260807_13,b30c126473f74b2891555c4844ca7284,0.073,,,
271,2026-08-07,SH600760,-0.032942019402980804,EXP_LinearModel_Alpha158_csi300_custom_step0_s_20260807_13,b30c126473f74b2891555c4844ca7284,0.073,,,
272,2026-08-07,SH600795,0.044940751045942307,EXP_LinearModel_Alpha158_csi300_custom_step0_s_20260807_13,b30c126473f74b2891555c4844ca7284,0.073,,,
273,2026-08-07,SH600803,-0.022553717717528343,EXP_LinearModel_Alpha158_csi300_custom_step0_s_20260807_13,b30c126473f74b2891555c4844ca7284,0.073,,,
274,2026-08-07,SH600809,-0.06506422907114029,EXP_LinearModel_Alpha158_csi300_custom_step0_s_20260807_13,b30c126473f74b2891555c4844ca7284,0.073,,,
275,2026-08-07,SH600845,-0.058529384434223175,EXP_LinearModel_Alpha158_csi300_custom_step0_s_20260807_13,b30c126473f74b2891555c4844ca7284,0.073,,,
276,2026-08-07,SH600875,-0.09601880609989166,EXP_LinearModel_Alpha158_csi300_custom_step0_s_20260807_13,b30c126473f74b2891555c4844ca7284,0.073,,,
277,2026-08-07,SH600886,0.03871305286884308,EXP_LinearModel_Alpha158_csi300_custom_step0_s_20260807_13,b30c126473f74b2891555c4844ca7284,0.073,,,
278,2026-08-07,SH600887,0.011393331922590733,EXP_LinearModel_Alpha158_csi300_custom_step0_s_20260807_13,b30c126473f74b2891555c4844ca7284,0.073,,,
279,2026-08-07,SH600893,-0.06855670362710953,EXP_LinearModel_Alpha158_csi300_custom_step0_s_20260807_13,b30c126473f74b2891555c4844ca7284,0.073,,,
280,2026-08-07,SH600690,0.011343554593622684,EXP_LinearModel_Alpha158_csi300_custom_step0_s_20260807_13,b30c126473f74b2891555c4844ca7284,0.073,,,
281,2026-08-07,SZ300274,0.09580414742231369,EXP_LinearModel_Alpha158_csi300_custom_step0_s_20260807_13,aa0e3e5a9b8a473a88773a8ea52e3f85,0.096,,,
282,2026-08-07,SH600489,-0.15061698853969574,EXP_LinearModel_Alpha158_csi300_custom_step0_s_20260807_13,b30c126473f74b2891555c4844ca7284,0.073,,,
283,2026-08-07,SH600460,0.14484676718711853,EXP_LinearModel_Alpha158_csi300_custom_step0_s_20260807_13,b30c126473f74b2891555c4844ca7284,0.073,,,
284,2026-08-07,SH600111,0.019572222605347633,EXP_LinearModel_Alpha158_csi300_custom_step0_s_20260807_13,b30c126473f74b2891555c4844ca7284,0.073,,,
285,2026-08-07,SH600115,-0.03416804224252701,EXP_LinearModel_Alpha158_csi300_custom_step0_s_20260807_13,b30c126473f74b2891555c4844ca7284,0.073,,,
286,2026-08-07,SH600118,-0.015939150005578995,EXP_LinearModel_Alpha158_csi300_custom_step0_s_20260807_13,b30c126473f74b2891555c4844ca7284,0.073,,,
287,2026-08-07,SH600150,-0.02058115415275097,EXP_LinearModel_Alpha158_csi300_custom_step0_s_20260807_13,b30c126473f74b2891555c4844ca7284,0.073,,,
288,2026-08-07,SH600160,-0.029670262709259987,EXP_LinearModel_Alpha158_csi300_custom_step0_s_20260807_13,b30c126473f74b2891555c4844ca7284,0.073,,,
289,2026-08-07,SH600176,0.16536520421504974,EXP_LinearModel_Alpha158_csi300_custom_step0_s_20260807_13,b30c126473f74b2891555c4844ca7284,0.073,,,
290,2026-08-07,SH600183,-0.12766072154045105,EXP_LinearModel_Alpha158_csi300_custom_step0_s_20260807_13,b30c126473f74b2891555c4844ca7284,0.073,,,
291,2026-08-07,SH600188,-0.09442126750946045,EXP_LinearModel_Alpha158_csi300_custom_step0_s_20260807_13,b30c126473f74b2891555c4844ca7284,0.073,,,
292,2026-08-07,SH600196,-0.05045173317193985,EXP_LinearModel_Alpha158_csi300_custom_step0_s_20260807_13,b30c126473f74b2891555c4844ca7284,0.073,,,
293,2026-08-07,SH600219,-0.019480057060718536,EXP_LinearModel_Alpha158_csi300_custom_step0_s_20260807_13,b30c126473f74b2891555c4844ca7284,0.073,,,
294,2026-08-07,SH600482,-0.06145124509930611,EXP_LinearModel_Alpha158_csi300_custom_step0_s_20260807_13,b30c126473f74b2891555c4844ca7284,0.073,,,
295,2026-08-07,SH600221,0.10043878853321075,EXP_LinearModel_Alpha158_csi300_custom_step0_s_20260807_13,b30c126473f74b2891555c4844ca7284,0.073,,,
296,2026-08-07,SH600276,-0.04828202724456787,EXP_LinearModel_Alpha158_csi300_custom_step0_s_20260807_13,b30c126473f74b2891555c4844ca7284,0.073,,,
297,2026-08-07,SH600309,-0.05356840416789055,EXP_LinearModel_Alpha158_csi300_custom_step0_s_20260807_13,b30c126473f74b2891555c4844ca7284,0.073,,,
298,2026-08-07,SH600346,-0.04533061757683754,EXP_LinearModel_Alpha158_csi300_custom_step0_s_20260807_13,b30c126473f74b2891555c4844ca7284,0.073,,,
299,2026-08-07,SH600362,-0.1482640653848648,EXP_LinearModel_Alpha158_csi300_custom_step0_s_20260807_13,b30c126473f74b2891555c4844ca7284,0.073,,,
300,2026-08-07,SH600372,-0.04247984662652016,EXP_LinearModel_Alpha158_csi300_custom_step0_s_20260807_13,b30c126473f74b2891555c4844ca7284,0.073,,,
301,2026-08-07,SH600406,-0.026389338076114655,EXP_LinearModel_Alpha158_csi300_custom_step0_s_20260807_13,b30c126473f74b2891555c4844ca7284,0.073,,,
302,2026-08-07,SH600415,-0.030876826494932175,EXP_LinearModel_Alpha158_csi300_custom_step0_s_20260807_13,b30c126473f74b2891555c4844ca7284,0.073,,,
303,2026-08-07,SH600426,-0.06374291330575943,EXP_LinearModel_Alpha158_csi300_custom_step0_s_20260807_13,b30c126473f74b2891555c4844ca7284,0.073,,,
304,2026-08-07,SH600436,-0.05589555576443672,EXP_LinearModel_Alpha158_csi300_custom_step0_s_20260807_13,b30c126473f74b2891555c4844ca7284,0.073,,,
305,2026-08-07,SH600438,-0.11295030266046524,EXP_LinearModel_Alpha158_csi300_custom_step0_s_20260807_13,b30c126473f74b2891555c4844ca7284,0.073,,,
306,2026-08-07,SH600233,-0.03037428669631481,EXP_LinearModel_Alpha158_csi300_custom_step0_s_20260807_13,b30c126473f74b2891555c4844ca7284,0.073,,,
307,2026-08-07,SH688008,-0.028851158916950226,EXP_LinearModel_Alpha158_csi300_custom_step0_s_20260807_13,aa0e3e5a9b8a473a88773a8ea52e3f85,0.096,,,
308,2026-08-07,SZ300251,-0.08019041270017624,EXP_LinearModel_Alpha158_csi300_custom_step0_s_20260807_13,aa0e3e5a9b8a473a88773a8ea52e3f85,0.096,,,
309,2026-08-07,SZ300122,-0.05357993021607399,EXP_LinearModel_Alpha158_csi300_custom_step0_s_20260807_13,aa0e3e5a9b8a473a88773a8ea52e3f85,0.096,,,
310,2026-08-07,SZ000338,0.004324601963162422,EXP_LinearModel_Alpha158_csi300_custom_step0_s_20260807_13,aa0e3e5a9b8a473a88773a8ea52e3f85,0.096,,,
311,2026-08-07,SZ000408,-0.08995507657527924,EXP_LinearModel_Alpha158_csi300_custom_step0_s_20260807_13,aa0e3e5a9b8a473a88773a8ea52e3f85,0.096,,,
312,2026-08-07,SZ000425,-0.02482043020427227,EXP_LinearModel_Alpha158_csi300_custom_step0_s_20260807_13,aa0e3e5a9b8a473a88773a8ea52e3f85,0.096,,,
313,2026-08-07,SZ000538,0.01739952526986599,EXP_LinearModel_Alpha158_csi300_custom_step0_s_20260807_13,aa0e3e5a9b8a473a88773a8ea52e3f85,0.096,,,
314,2026-08-07,SZ000568,-0.038045499473810196,EXP_LinearModel_Alpha158_csi300_custom_step0_s_20260807_13,aa0e3e5a9b8a473a88773a8ea52e3f85,0.096,,,
315,2026-08-07,SZ000596,0.0007990351878106594,EXP_LinearModel_Alpha158_csi300_custom_step0_s_20260807_13,aa0e3e5a9b8a473a88773a8ea52e3f85,0.096,,,
316,2026-08-07,SZ000617,-0.013885248452425003,EXP_LinearModel_Alpha158_csi300_custom_step0_s_20260807_13,aa0e3e5a9b8a473a88773a8ea52e3f85,0.096,,,
317,2026-08-07,SZ000625,-0.039885278791189194,EXP_LinearModel_Alpha158_csi300_custom_step0_s_20260807_13,aa0e3e5a9b8a473a88773a8ea52e3f85,0.096,,,
318,2026-08-07,SZ000630,-0.03953972086310387,EXP_LinearModel_Alpha158_csi300_custom_step0_s_20260807_13,aa0e3e5a9b8a473a88773a8ea52e3f85,0.096,,,
319,2026-08-07,SZ000651,0.03711026534438133,EXP_LinearModel_Alpha158_csi300_custom_step0_s_20260807_13,aa0e3e5a9b8a473a88773a8ea52e3f85,0.096,,,
320,2026-08-07,SZ000657,-0.09963687509298325,EXP_LinearModel_Alpha158_csi300_custom_step0_s_20260807_13,aa0e3e5a9b8a473a88773a8ea52e3f85,0.096,,,
321,2026-08-07,SZ000708,0.005380601622164249,EXP_LinearModel_Alpha158_csi300_custom_step0_s_20260807_13,aa0e3e5a9b8a473a88773a8ea52e3f85,0.096,,,
322,2026-08-07,SZ000725,-0.07849610596895218,EXP_LinearModel_Alpha158_csi300_custom_step0_s_20260807_13,aa0e3e5a9b8a473a88773a8ea52e3f85,0.096,,,
323,2026-08-07,SZ000768,0.017172537744045258,EXP_LinearModel_Alpha158_csi300_custom_step0_s_20260807_13,aa0e3e5a9b8a473a88773a8ea52e3f85,0.096,,,
324,2026-08-07,SZ000776,-0.016332708299160004,EXP_LinearModel_Alpha158_csi300_custom_step0_s_20260807_13,aa0e3e5a9b8a473a88773a8ea52e3f85,0.096,,,
325,2026-08-07,SZ000792,-0.045408062636852264,EXP_LinearModel_Alpha158_csi300_custom_step0_s_20260807_13,aa0e3e5a9b8a473a88773a8ea52e3f85,0.096,,,
326,2026-08-07,SZ000807,-0.0868355929851532,EXP_LinearModel_Alpha158_csi300_custom_step0_s_20260807_13,aa0e3e5a9b8a473a88773a8ea52e3f85,0.096,,,
327,2026-08-07,SZ000858,-0.056940723210573196,EXP_LinearModel_Alpha158_csi300_custom_step0_s_20260807_13,aa0e3e5a9b8a473a88773a8ea52e3f85,0.096,,,
328,2026-08-07,SZ000895,0.03258389234542847,EXP_LinearModel_Alpha158_csi300_custom_step0_s_20260807_13,aa0e3e5a9b8a473a88773a8ea52e3f85,0.096,,,
329,2026-08-07,SZ000938,-0.07787592709064484,EXP_LinearModel_Alpha158_csi300_custom_step0_s_20260807_13,aa0e3e5a9b8a473a88773a8ea52e3f85,0.096,,,
330,2026-08-07,SZ000963,0.0019548218697309494,EXP_LinearModel_Alpha158_csi300_custom_step0_s_20260807_13,aa0e3e5a9b8a473a88773a8ea52e3f85,0.096,,,
331,2026-08-07,SZ000333,0.00956013798713684,EXP_LinearModel_Alpha158_csi300_custom_step0_s_20260807_13,aa0e3e5a9b8a473a88773a8ea52e3f85,0.096,,,
332,2026-08-07,SZ000301,-0.0526103749871254,EXP_LinearModel_Alpha158_csi300_custom_step0_s_20260807_13,aa0e3e5a9b8a473a88773a8ea52e3f85,0.096,,,
333,2026-08-07,SZ000166,0.0014213512185961008,EXP_LinearModel_Alpha158_csi300_custom_step0_s_20260807_13,aa0e3e5a9b8a473a88773a8ea52e3f85,0.096,,,
334,2026-08-07,SZ000157,-0.025990890339016914,EXP_LinearModel_Alpha158_csi300_custom_step0_s_20260807_13,aa0e3e5a9b8a473a88773a8ea52e3f85,0.096,,,
335,2026-08-07,SH688012,-0.03786401450634003,EXP_LinearModel_Alpha158_csi300_custom_step0_s_20260807_13,aa0e3e5a9b8a473a88773a8ea52e3f85,0.096,,,
336,2026-08-07,SH688036,0.0027779985684901476,EXP_LinearModel_Alpha158_csi300_custom_step0_s_20260807_13,aa0e3e5a9b8a473a88773a8ea52e3f85,0.096,,,
337,2026-08-07,SH688041,-0.06051566079258919,EXP_LinearModel_Alpha158_csi300_custom_step0_s_20260807_13,aa0e3e5a9b8a473a88773a8ea52e3f85,0.096,,,
338,2026-08-07,SH688047,0.03916528448462486,EXP_LinearModel_Alpha158_csi300_custom_step0_s_20260807_13,aa0e3e5a9b8a473a88773a8ea52e3f85,0.096,,,
339,2026-08-07,SH688072,,EXP_LinearModel_Alpha158_csi300_custom_step0_s_20260807_13,aa0e3e5a9b8a473a88773a8ea52e3f85,0.096,,,
340,2026-08-07,SH688082,-0.014089290983974934,EXP_LinearModel_Alpha158_csi300_custom_step0_s_20260807_13,aa0e3e5a9b8a473a88773a8ea52e3f85,0.096,,,
341,2026-08-07,SH688111,0.025344431400299072,EXP_LinearModel_Alpha158_csi300_custom_step0_s_20260807_13,aa0e3e5a9b8a473a88773a8ea52e3f85,0.096,,,
342,2026-08-07,SH688126,-0.028068069368600845,EXP_LinearModel_Alpha158_csi300_custom_step0_s_20260807_13,aa0e3e5a9b8a473a88773a8ea52e3f85,0.096,,,
343,2026-08-07,SH688183,-0.0760892778635025,EXP_LinearModel_Alpha158_csi300_custom_step0_s_20260807_13,aa0e3e5a9b8a473a88773a8ea52e3f85,0.096,,,
344,2026-08-07,SH688223,-0.013059932738542557,EXP_LinearModel_Alpha158_csi300_custom_step0_s_20260807_13,aa0e3e5a9b8a473a88773a8ea52e3f85,0.096,,,
345,2026-08-07,SZ000975,-0.16139326989650726,EXP_LinearModel_Alpha158_csi300_custom_step0_s_20260807_13,aa0e3e5a9b8a473a88773a8ea52e3f85,0.096,,,
346,2026-08-07,SH688256,-0.03211851790547371,EXP_LinearModel_Alpha158_csi300_custom_step0_s_20260807_13,aa0e3e5a9b8a473a88773a8ea52e3f85,0.096,,,
347,2026-08-07,SH688303,-0.014381615445017815,EXP_LinearModel_Alpha158_csi300_custom_step0_s_20260807_13,aa0e3e5a9b8a473a88773a8ea52e3f85,0.096,,,
348,2026-08-07,SH688396,-0.040867481380701065,EXP_LinearModel_Alpha158_csi300_custom_step0_s_20260807_13,aa0e3e5a9b8a473a88773a8ea52e3f85,0.096,,,
349,2026-08-07,SH688472,0.03453114628791809,EXP_LinearModel_Alpha158_csi300_custom_step0_s_20260807_13,aa0e3e5a9b8a473a88773a8ea52e3f85,0.096,,,
350,2026-08-07,SH688506,-0.08030997216701508,EXP_LinearModel_Alpha158_csi300_custom_step0_s_20260807_13,aa0e3e5a9b8a473a88773a8ea52e3f85,0.096,,,
351,2026-08-07,SH688521,-0.06231044977903366,EXP_LinearModel_Alpha158_csi300_custom_step0_s_20260807_13,aa0e3e5a9b8a473a88773a8ea52e3f85,0.096,,,
352,2026-08-07,SH688981,-0.0012059449218213558,EXP_LinearModel_Alpha158_csi300_custom_step0_s_20260807_13,aa0e3e5a9b8a473a88773a8ea52e3f85,0.096,,,
353,2026-08-07,SZ000001,0.0239572711288929,EXP_LinearModel_Alpha158_csi300_custom_step0_s_20260807_13,aa0e3e5a9b8a473a88773a8ea52e3f85,0.096,,,
354,2026-08-07,SZ000002,-0.061511583626270294,EXP_LinearModel_Alpha158_csi300_custom_step0_s_20260807_13,aa0e3e5a9b8a473a88773a8ea52e3f85,0.096,,,
355,2026-08-07,SZ000063,-0.016774332150816917,EXP_LinearModel_Alpha158_csi300_custom_step0_s_20260807_13,aa0e3e5a9b8a473a88773a8ea52e3f85,0.096,,,
356,2026-08-07,SZ000100,-0.006488886196166277,EXP_LinearModel_Alpha158_csi300_custom_step0_s_20260807_13,aa0e3e5a9b8a473a88773a8ea52e3f85,0.096,,,
357,2026-08-07,SH688271,-0.029990190640091896,EXP_LinearModel_Alpha158_csi300_custom_step0_s_20260807_13,aa0e3e5a9b8a473a88773a8ea52e3f85,0.096,,,
358,2026-08-07,SZ000977,-0.0515652559697628,EXP_LinearModel_Alpha158_csi300_custom_step0_s_20260807_13,aa0e3e5a9b8a473a88773a8ea52e3f85,0.096,,,
359,2026-08-07,SZ000988,0.16402778029441833,EXP_LinearModel_Alpha158_csi300_custom_step0_s_20260807_13,aa0e3e5a9b8a473a88773a8ea52e3f85,0.096,,,
360,2026-08-07,SZ000999,0.01908211037516594,EXP_LinearModel_Alpha158_csi300_custom_step0_s_20260807_13,aa0e3e5a9b8a473a88773a8ea52e3f85,0.096,,,
361,2026-08-07,SZ002466,-0.09811152517795563,EXP_LinearModel_Alpha158_csi300_custom_step0_s_20260807_13,aa0e3e5a9b8a473a88773a8ea52e3f85,0.096,,,
362,2026-08-07,SZ002475,-0.013101925142109394,EXP_LinearModel_Alpha158_csi300_custom_step0_s_20260807_13,aa0e3e5a9b8a473a88773a8ea52e3f85,0.096,,,
363,2026-08-07,SZ002493,-0.08765453100204468,EXP_LinearModel_Alpha158_csi300_custom_step0_s_20260807_13,aa0e3e5a9b8a473a88773a8ea52e3f85,0.096,,,
364,2026-08-07,SZ002532,-0.1042923703789711,EXP_LinearModel_Alpha158_csi300_custom_step0_s_20260807_13,aa0e3e5a9b8a473a88773a8ea52e3f85,0.096,,,
365,2026-08-07,SZ002558,0.05536510422825813,EXP_LinearModel_Alpha158_csi300_custom_step0_s_20260807_13,aa0e3e5a9b8a473a88773a8ea52e3f85,0.096,,,
366,2026-08-07,SZ002594,-0.0382254533469677,EXP_LinearModel_Alpha158_csi300_custom_step0_s_20260807_13,aa0e3e5a9b8a473a88773a8ea52e3f85,0.096,,,
367,2026-08-07,SZ002600,-0.03924097865819931,EXP_LinearModel_Alpha158_csi300_custom_step0_s_20260807_13,aa0e3e5a9b8a473a88773a8ea52e3f85,0.096,,,
368,2026-08-07,SZ002602,-0.008233795873820782,EXP_LinearModel_Alpha158_csi300_custom_step0_s_20260807_13,aa0e3e5a9b8a473a88773a8ea52e3f85,0.096,,,
369,2026-08-07,SZ002625,0.024971546605229378,EXP_LinearModel_Alpha158_csi300_custom_step0_s_20260807_13,aa0e3e5a9b8a473a88773a8ea52e3f85,0.096,,,
370,2026-08-07,SZ002648,0.017025861889123917,EXP_LinearModel_Alpha158_csi300_custom_step0_s_20260807_13,aa0e3e5a9b8a473a88773a8ea52e3f85,0.096,,,
371,2026-08-07,SZ002463,-0.1235312893986702,EXP_LinearModel_Alpha158_csi300_custom_step0_s_20260807_13,aa0e3e5a9b8a473a88773a8ea52e3f85,0.096,,,
372,2026-08-07,SZ002709,-0.0406523160636425,EXP_LinearModel_Alpha158_csi300_custom_step0_s_20260807_13,aa0e3e5a9b8a473a88773a8ea52e3f85,0.096,,,
373,2026-08-07,SZ002736,0.025600098073482513,EXP_LinearModel_Alpha158_csi300_custom_step0_s_20260807_13,aa0e3e5a9b8a473a88773a8ea52e3f85,0.096,,,
374,2026-08-07,SZ002837,0.036853667348623276,EXP_LinearModel_Alpha158_csi300_custom_step0_s_20260807_13,aa0e3e5a9b8a473a88773a8ea52e3f85,0.096,,,
375,2026-08-07,SZ002916,-0.11622574180364609,EXP_LinearModel_Alpha158_csi300_custom_step0_s_20260807_13,aa0e3e5a9b8a473a88773a8ea52e3f85,0.096,,,
376,2026-08-07,SZ002920,0.017880374565720558,EXP_LinearModel_Alpha158_csi300_custom_step0_s_20260807_13,aa0e3e5a9b8a473a88773a8ea52e3f85,0.096,,,
377,2026-08-07,SZ002938,-0.08330727368593216,EXP_LinearModel_Alpha158_csi300_custom_step0_s_20260807_13,aa0e3e5a9b8a473a88773a8ea52e3f85,0.096,,,
378,2026-08-07,SZ003816,0.02243032120168209,EXP_LinearModel_Alpha158_csi300_custom_step0_s_20260807_13,aa0e3e5a9b8a473a88773a8ea52e3f85,0.096,,,
379,2026-08-07,SZ300014,-0.010314546525478363,EXP_LinearModel_Alpha158_csi300_custom_step0_s_20260807_13,aa0e3e5a9b8a473a88773a8ea52e3f85,0.096,,,
380,2026-08-07,SZ300015,-0.02398950606584549,EXP_LinearModel_Alpha158_csi300_custom_step0_s_20260807_13,aa0e3e5a9b8a473a88773a8ea52e3f85,0.096,,,
381,2026-08-07,SZ300033,-0.007872122339904308,EXP_LinearModel_Alpha158_csi300_custom_step0_s_20260807_13,aa0e3e5a9b8a473a88773a8ea52e3f85,0.096,,,
382,2026-08-07,SZ300059,-0.026666203513741493,EXP_LinearModel_Alpha158_csi300_custom_step0_s_20260807_13,aa0e3e5a9b8a473a88773a8ea52e3f85,0.096,,,
383,2026-08-07,SZ002714,-0.059384722262620926,EXP_LinearModel_Alpha158_csi300_custom_step0_s_20260807_13,aa0e3e5a9b8a473a88773a8ea52e3f85,0.096,,,
384,2026-08-07,SZ300124,-0.006285138428211212,EXP_LinearModel_Alpha158_csi300_custom_step0_s_20260807_13,aa0e3e5a9b8a473a88773a8ea52e3f85,0.096,,,
385,2026-08-07,SZ002460,-0.05541714280843735,EXP_LinearModel_Alpha158_csi300_custom_step0_s_20260807_13,aa0e3e5a9b8a473a88773a8ea52e3f85,0.096,,,
386,2026-08-07,SZ002415,0.012998396530747414,EXP_LinearModel_Alpha158_csi300_custom_step0_s_20260807_13,aa0e3e5a9b8a473a88773a8ea52e3f85,0.096,,,
387,2026-08-07,SZ001280,0.0009298408403992653,EXP_LinearModel_Alpha158_csi300_custom_step0_s_20260807_13,aa0e3e5a9b8a473a88773a8ea52e3f85,0.096,,,
388,2026-08-07,SZ001391,-0.029126593843102455,EXP_LinearModel_Alpha158_csi300_custom_step0_s_20260807_13,aa0e3e5a9b8a473a88773a8ea52e3f85,0.096,,,
389,2026-08-07,SZ001965,-0.004561596550047398,EXP_LinearModel_Alpha158_csi300_custom_step0_s_20260807_13,aa0e3e5a9b8a473a88773a8ea52e3f85,0.096,,,
390,2026-08-07,SZ001979,0.0034641753882169724,EXP_LinearModel_Alpha158_csi300_custom_step0_s_20260807_13,aa0e3e5a9b8a473a88773a8ea52e3f85,0.096,,,
391,2026-08-07,SZ002001,-0.03468278795480728,EXP_LinearModel_Alpha158_csi300_custom_step0_s_20260807_13,aa0e3e5a9b8a473a88773a8ea52e3f85,0.096,,,
392,2026-08-07,SZ002027,0.02424238622188568,EXP_LinearModel_Alpha158_csi300_custom_step0_s_20260807_13,aa0e3e5a9b8a473a88773a8ea52e3f85,0.096,,,
393,2026-08-07,SZ002028,-0.03656572476029396,EXP_LinearModel_Alpha158_csi300_custom_step0_s_20260807_13,aa0e3e5a9b8a473a88773a8ea52e3f85,0.096,,,
394,2026-08-07,SZ002049,-0.015026349574327469,EXP_LinearModel_Alpha158_csi300_custom_step0_s_20260807_13,aa0e3e5a9b8a473a88773a8ea52e3f85,0.096,,,
395,2026-08-07,SZ002050,-0.0027162714395672083,EXP_LinearModel_Alpha158_csi300_custom_step0_s_20260807_13,aa0e3e5a9b8a473a88773a8ea52e3f85,0.096,,,
396,2026-08-07,SZ002074,-0.02800491265952587,EXP_LinearModel_Alpha158_csi300_custom_step0_s_20260807_13,aa0e3e5a9b8a473a88773a8ea52e3f85,0.096,,,
397,2026-08-07,SZ002422,-0.021303541958332062,EXP_LinearModel_Alpha158_csi300_custom_step0_s_20260807_13,aa0e3e5a9b8a473a88773a8ea52e3f85,0.096,,,
398,2026-08-07,SZ002142,0.03424164652824402,EXP_LinearModel_Alpha158_csi300_custom_step0_s_20260807_13,aa0e3e5a9b8a473a88773a8ea52e3f85,0.096,,,
399,2026-08-07,SZ002202,-0.0460650771856308,EXP_LinearModel_Alpha158_csi300_custom_step0_s_20260807_13,aa0e3e5a9b8a473a88773a8ea52e3f85,0.096,,,
400,2026-08-07,SZ002230,-0.001421920140273869,EXP_LinearModel_Alpha158_csi300_custom_step0_s_20260807_13,aa0e3e5a9b8a473a88773a8ea52e3f85,0.096,,,
401,2026-08-07,SZ002236,-0.04011759161949158,EXP_LinearModel_Alpha158_csi300_custom_step0_s_20260807_13,aa0e3e5a9b8a473a88773a8ea52e3f85,0.096,,,
402,2026-08-07,SZ002241,0.003104116767644882,EXP_LinearModel_Alpha158_csi300_custom_step0_s_20260807_13,aa0e3e5a9b8a473a88773a8ea52e3f85,0.096,,,
403,2026-08-07,SZ002304,-0.04485631361603737,EXP_LinearModel_Alpha158_csi300_custom_step0_s_20260807_13,aa0e3e5a9b8a473a88773a8ea52e3f85,0.096,,,
404,2026-08-07,SZ002311,0.02630665898323059,EXP_LinearModel_Alpha158_csi300_custom_step0_s_20260807_13,aa0e3e5a9b8a473a88773a8ea52e3f85,0.096,,,
405,2026-08-07,SZ002352,-0.005803641863167286,EXP_LinearModel_Alpha158_csi300_custom_step0_s_20260807_13,aa0e3e5a9b8a473a88773a8ea52e3f85,0.096,,,
406,2026-08-07,SZ002353,-0.16918493807315826,EXP_LinearModel_Alpha158_csi300_custom_step0_s_20260807_13,aa0e3e5a9b8a473a88773a8ea52e3f85,0.096,,,
407,2026-08-07,SZ002371,-0.0768377035856247,EXP_LinearModel_Alpha158_csi300_custom_step0_s_20260807_13,aa0e3e5a9b8a473a88773a8ea52e3f85,0.096,,,
408,2026-08-07,SZ002384,-0.05979420617222786,EXP_LinearModel_Alpha158_csi300_custom_step0_s_20260807_13,aa0e3e5a9b8a473a88773a8ea52e3f85,0.096,,,
409,2026-08-07,SZ002179,-0.06822700053453445,EXP_LinearModel_Alpha158_csi300_custom_step0_s_20260807_13,aa0e3e5a9b8a473a88773a8ea52e3f85,0.096,,,
410,2026-08-07,SZ002920,-0.1179518354634582,EXP_DEnsembleModel_Alpha158_csi300_custom_step0_s_20260807_13,7d937721f61d4a179e670888d0641c2e,0.053,,,
411,2026-08-07,SZ002916,0.23255081162355337,EXP_DEnsembleModel_Alpha158_csi300_custom_step0_s_20260807_13,7d937721f61d4a179e670888d0641c2e,0.053,,,
412,2026-08-07,SZ002837,0.16394538534827083,EXP_DEnsembleModel_Alpha158_csi300_custom_step0_s_20260807_13,7d937721f61d4a179e670888d0641c2e,0.053,,,
413,2026-08-07,SZ300442,0.21901482534413244,EXP_DEnsembleModel_Alpha158_csi300_custom_step0_s_20260807_13,60f2d98061524dda8862012dacffda18,0.068,,,
414,2026-08-07,SZ300450,-0.027173601697616265,EXP_DEnsembleModel_Alpha158_csi300_custom_step0_s_20260807_13,60f2d98061524dda8862012dacffda18,0.068,,,
415,2026-08-07,SZ300476,0.20016582493935525,EXP_DEnsembleModel_Alpha158_csi300_custom_step0_s_20260807_13,60f2d98061524dda8862012dacffda18,0.068,,,
416,2026-08-07,SZ300498,-0.12417929085046008,EXP_DEnsembleModel_Alpha158_csi300_custom_step0_s_20260807_13,60f2d98061524dda8862012dacffda18,0.068,,,
417,2026-08-07,SZ300502,0.40275647575336226,EXP_DEnsembleModel_Alpha158_csi300_custom_step0_s_20260807_13,60f2d98061524dda8862012dacffda18,0.068,,,
418,2026-08-07,SZ300628,0.04605925643808887,EXP_DEnsembleModel_Alpha158_csi300_custom_step0_s_20260807_13,60f2d98061524dda8862012dacffda18,0.068,,,
419,2026-08-07,SZ300661,0.15308957995736486,EXP_DEnsembleModel_Alpha158_csi300_custom_step0_s_20260807_13,60f2d98061524dda8862012dacffda18,0.068,,,
420,2026-08-07,SZ300750,-0.031073281638422975,EXP_DEnsembleModel_Alpha158_csi300_custom_step0_s_20260807_13,60f2d98061524dda8862012dacffda18,0.068,,,
421,2026-08-07,SZ300760,-0.11481262110283219,EXP_DEnsembleModel_Alpha158_csi300_custom_step0_s_20260807_13,60f2d98061524dda8862012dacffda18,0.068,,,
422,2026-08-07,SZ300803,-0.13688856394863416,EXP_DEnsembleModel_Alpha158_csi300_custom_step0_s_20260807_13,60f2d98061524dda8862012dacffda18,0.068,,,
423,2026-08-07,SZ300832,-0.05378720647336,EXP_DEnsembleModel_Alpha158_csi300_custom_step0_s_20260807_13,60f2d98061524dda8862012dacffda18,0.068,,,
424,2026-08-07,SZ300866,-0.20552453432679682,EXP_DEnsembleModel_Alpha158_csi300_custom_step0_s_20260807_13,60f2d98061524dda8862012dacffda18,0.068,,,
425,2026-08-07,SZ300896,-0.19652430402387883,EXP_DEnsembleModel_Alpha158_csi300_custom_step0_s_20260807_13,60f2d98061524dda8862012dacffda18,0.068,,,
426,2026-08-07,SZ300999,-0.0606882385617723,EXP_DEnsembleModel_Alpha158_csi300_custom_step0_s_20260807_13,60f2d98061524dda8862012dacffda18,0.068,,,
427,2026-08-07,SZ301165,-0.07916135907760817,EXP_DEnsembleModel_Alpha158_csi300_custom_step0_s_20260807_13,60f2d98061524dda8862012dacffda18,0.068,,,
428,2026-08-07,SZ301236,-0.03427804746782387,EXP_DEnsembleModel_Alpha158_csi300_custom_step0_s_20260807_13,60f2d98061524dda8862012dacffda18,0.068,,,
429,2026-08-07,SZ301269,0.23515053338124334,EXP_DEnsembleModel_Alpha158_csi300_custom_step0_s_20260807_13,60f2d98061524dda8862012dacffda18,0.068,,,
430,2026-08-07,SZ301308,0.25476959742241356,EXP_DEnsembleModel_Alpha158_csi300_custom_step0_s_20260807_13,60f2d98061524dda8862012dacffda18,0.068,,,
431,2026-08-07,SZ302132,-0.0336072830215075,EXP_DEnsembleModel_Alpha158_csi300_custom_step0_s_20260807_13,60f2d98061524dda8862012dacffda18,0.068,,,
432,2026-08-07,SH600000,-0.05303178105740497,EXP_DEnsembleModel_Alpha158_csi300_custom_step0_s_20260807_13,7d937721f61d4a179e670888d0641c2e,0.053,,,
433,2026-08-07,SH600009,-0.002234481266805662,EXP_DEnsembleModel_Alpha158_csi300_custom_step0_s_20260807_13,7d937721f61d4a179e670888d0641c2e,0.053,,,
434,2026-08-07,SZ300433,0.11805847156795786,EXP_DEnsembleModel_Alpha158_csi300_custom_step0_s_20260807_13,60f2d98061524dda8862012dacffda18,0.068,,,
435,2026-08-07,SZ300418,-0.0185095629653901,EXP_DEnsembleModel_Alpha158_csi300_custom_step0_s_20260807_13,60f2d98061524dda8862012dacffda18,0.068,,,
436,2026-08-07,SZ300413,-0.1416967166180636,EXP_DEnsembleModel_Alpha158_csi300_custom_step0_s_20260807_13,60f2d98061524dda8862012dacffda18,0.068,,,
437,2026-08-07,SZ300408,0.14379920659679285,EXP_DEnsembleModel_Alpha158_csi300_custom_step0_s_20260807_13,60f2d98061524dda8862012dacffda18,0.068,,,
438,2026-08-07,SZ002602,-0.015485668340967705,EXP_DEnsembleModel_Alpha158_csi300_custom_step0_s_20260807_13,60f2d98061524dda8862012dacffda18,0.068,,,
439,2026-08-07,SZ002625,-0.01873677675256757,EXP_DEnsembleModel_Alpha158_csi300_custom_step0_s_20260807_13,60f2d98061524dda8862012dacffda18,0.068,,,
440,2026-08-07,SZ002648,-0.03838922885372688,EXP_DEnsembleModel_Alpha158_csi300_custom_step0_s_20260807_13,60f2d98061524dda8862012dacffda18,0.068,,,
441,2026-08-07,SZ002709,0.18470910853088185,EXP_DEnsembleModel_Alpha158_csi300_custom_step0_s_20260807_13,60f2d98061524dda8862012dacffda18,0.068,,,
442,2026-08-07,SZ002714,-0.10379443655211772,EXP_DEnsembleModel_Alpha158_csi300_custom_step0_s_20260807_13,60f2d98061524dda8862012dacffda18,0.068,,,
443,2026-08-07,SZ002736,0.07584685489171841,EXP_DEnsembleModel_Alpha158_csi300_custom_step0_s_20260807_13,60f2d98061524dda8862012dacffda18,0.068,,,
444,2026-08-07,SZ002837,0.09377577690413114,EXP_DEnsembleModel_Alpha158_csi300_custom_step0_s_20260807_13,60f2d98061524dda8862012dacffda18,0.068,,,
445,2026-08-07,SZ002916,0.17039516041331174,EXP_DEnsembleModel_Alpha158_csi300_custom_step0_s_20260807_13,60f2d98061524dda8862012dacffda18,0.068,,,
446,2026-08-07,SZ002920,-0.12741282581761143,EXP_DEnsembleModel_Alpha158_csi300_custom_step0_s_20260807_13,60f2d98061524dda8862012dacffda18,0.068,,,
447,2026-08-07,SZ002938,0.023846518000809492,EXP_DEnsembleModel_Alpha158_csi300_custom_step0_s_20260807_13,60f2d98061524dda8862012dacffda18,0.068,,,
448,2026-08-07,SH600010,-0.027715925528357714,EXP_DEnsembleModel_Alpha158_csi300_custom_step0_s_20260807_13,7d937721f61d4a179e670888d0641c2e,0.053,,,
449,2026-08-07,SZ003816,-0.04947809366428325,EXP_DEnsembleModel_Alpha158_csi300_custom_step0_s_20260807_13,60f2d98061524dda8862012dacffda18,0.068,,,
450,2026-08-07,SZ300015,-0.1561592644304667,EXP_DEnsembleModel_Alpha158_csi300_custom_step0_s_20260807_13,60f2d98061524dda8862012dacffda18,0.068,,,
451,2026-08-07,SZ300033,-0.13605178772728374,EXP_DEnsembleModel_Alpha158_csi300_custom_step0_s_20260807_13,60f2d98061524dda8862012dacffda18,0.068,,,
452,2026-08-07,SZ300059,-0.011524400722973316,EXP_DEnsembleModel_Alpha158_csi300_custom_step0_s_20260807_13,60f2d98061524dda8862012dacffda18,0.068,,,
453,2026-08-07,SZ300122,-0.01517470939389789,EXP_DEnsembleModel_Alpha158_csi300_custom_step0_s_20260807_13,60f2d98061524dda8862012dacffda18,0.068,,,
454,2026-08-07,SZ300124,-0.01224030426223903,EXP_DEnsembleModel_Alpha158_csi300_custom_step0_s_20260807_13,60f2d98061524dda8862012dacffda18,0.068,,,
455,2026-08-07,SZ300251,-0.19657185991563023,EXP_DEnsembleModel_Alpha158_csi300_custom_step0_s_20260807_13,60f2d98061524dda8862012dacffda18,0.068,,,
456,2026-08-07,SZ300274,0.3510999349403892,EXP_DEnsembleModel_Alpha158_csi300_custom_step0_s_20260807_13,60f2d98061524dda8862012dacffda18,0.068,,,
457,2026-08-07,SZ300308,0.4236097658531088,EXP_DEnsembleModel_Alpha158_csi300_custom_step0_s_20260807_13,60f2d98061524dda8862012dacffda18,0.068,,,
458,2026-08-07,SZ300316,0.23692529101273907,EXP_DEnsembleModel_Alpha158_csi300_custom_step0_s_20260807_13,60f2d98061524dda8862012dacffda18,0.068,,,
459,2026-08-07,SZ300394,0.057786101748096744,EXP_DEnsembleModel_Alpha158_csi300_custom_step0_s_20260807_13,60f2d98061524dda8862012dacffda18,0.068,,,
460,2026-08-07,SZ300014,-0.10233490717271522,EXP_DEnsembleModel_Alpha158_csi300_custom_step0_s_20260807_13,60f2d98061524dda8862012dacffda18,0.068,,,
461,2026-08-07,SH600011,-0.016089994289922804,EXP_DEnsembleModel_Alpha158_csi300_custom_step0_s_20260807_13,7d937721f61d4a179e670888d0641c2e,0.053,,,
462,2026-08-07,SH600015,-0.007297902793458356,EXP_DEnsembleModel_Alpha158_csi300_custom_step0_s_20260807_13,7d937721f61d4a179e670888d0641c2e,0.053,,,
463,2026-08-07,SH600016,0.051131662839859045,EXP_DEnsembleModel_Alpha158_csi300_custom_step0_s_20260807_13,7d937721f61d4a179e670888d0641c2e,0.053,,,
464,2026-08-07,SH600188,-0.07832666894177648,EXP_DEnsembleModel_Alpha158_csi300_custom_step0_s_20260807_13,7d937721f61d4a179e670888d0641c2e,0.053,,,
465,2026-08-07,SH600196,0.014313670380929825,EXP_DEnsembleModel_Alpha158_csi300_custom_step0_s_20260807_13,7d937721f61d4a179e670888d0641c2e,0.053,,,
466,2026-08-07,SH600219,-0.06333775639653805,EXP_DEnsembleModel_Alpha158_csi300_custom_step0_s_20260807_13,7d937721f61d4a179e670888d0641c2e,0.053,,,
467,2026-08-07,SH600221,0.04951597090507648,EXP_DEnsembleModel_Alpha158_csi300_custom_step0_s_20260807_13,7d937721f61d4a179e670888d0641c2e,0.053,,,
468,2026-08-07,SH600233,-0.05305867173221145,EXP_DEnsembleModel_Alpha158_csi300_custom_step0_s_20260807_13,7d937721f61d4a179e670888d0641c2e,0.053,,,
469,2026-08-07,SH600276,-0.0316271513166225,EXP_DEnsembleModel_Alpha158_csi300_custom_step0_s_20260807_13,7d937721f61d4a179e670888d0641c2e,0.053,,,
470,2026-08-07,SH600309,0.04605935753980999,EXP_DEnsembleModel_Alpha158_csi300_custom_step0_s_20260807_13,7d937721f61d4a179e670888d0641c2e,0.053,,,
471,2026-08-07,SH600346,-0.03038917810977583,EXP_DEnsembleModel_Alpha158_csi300_custom_step0_s_20260807_13,7d937721f61d4a179e670888d0641c2e,0.053,,,
472,2026-08-07,SH600362,0.1578597302771252,EXP_DEnsembleModel_Alpha158_csi300_custom_step0_s_20260807_13,7d937721f61d4a179e670888d0641c2e,0.053,,,
473,2026-08-07,SH600372,0.030492179095483574,EXP_DEnsembleModel_Alpha158_csi300_custom_step0_s_20260807_13,7d937721f61d4a179e670888d0641c2e,0.053,,,
474,2026-08-07,SH600183,0.11295616835016585,EXP_DEnsembleModel_Alpha158_csi300_custom_step0_s_20260807_13,7d937721f61d4a179e670888d0641c2e,0.053,,,
475,2026-08-07,SH600406,-0.06716587653178051,EXP_DEnsembleModel_Alpha158_csi300_custom_step0_s_20260807_13,7d937721f61d4a179e670888d0641c2e,0.053,,,
476,2026-08-07,SH600426,-0.10705592118120896,EXP_DEnsembleModel_Alpha158_csi300_custom_step0_s_20260807_13,7d937721f61d4a179e670888d0641c2e,0.053,,,
477,2026-08-07,SH600436,-0.13228532492726122,EXP_DEnsembleModel_Alpha158_csi300_custom_step0_s_20260807_13,7d937721f61d4a179e670888d0641c2e,0.053,,,
478,2026-08-07,SH600438,-0.07468750175792684,EXP_DEnsembleModel_Alpha158_csi300_custom_step0_s_20260807_13,7d937721f61d4a179e670888d0641c2e,0.053,,,
479,2026-08-07,SH600460,0.14232780782426535,EXP_DEnsembleModel_Alpha158_csi300_custom_step0_s_20260807_13,7d937721f61d4a179e670888d0641c2e,0.053,,,
480,2026-08-07,SH600482,-0.03348563218751309,EXP_DEnsembleModel_Alpha158_csi300_custom_step0_s_20260807_13,7d937721f61d4a179e670888d0641c2e,0.053,,,
481,2026-08-07,SH600489,-0.05959171503333145,EXP_DEnsembleModel_Alpha158_csi300_custom_step0_s_20260807_13,7d937721f61d4a179e670888d0641c2e,0.053,,,
482,2026-08-07,SH600515,-0.0474879706854681,EXP_DEnsembleModel_Alpha158_csi300_custom_step0_s_20260807_13,7d937721f61d4a179e670888d0641c2e,0.053,,,
483,2026-08-07,SH600519,-0.07778853087894302,EXP_DEnsembleModel_Alpha158_csi300_custom_step0_s_20260807_13,7d937721f61d4a179e670888d0641c2e,0.053,,,
484,2026-08-07,SH600522,0.18038784481177847,EXP_DEnsembleModel_Alpha158_csi300_custom_step0_s_20260807_13,7d937721f61d4a179e670888d0641c2e,0.053,,,
485,2026-08-07,SH600547,-0.1128898568371805,EXP_DEnsembleModel_Alpha158_csi300_custom_step0_s_20260807_13,7d937721f61d4a179e670888d0641c2e,0.053,,,
486,2026-08-07,SH600415,-0.029776436566762106,EXP_DEnsembleModel_Alpha158_csi300_custom_step0_s_20260807_13,7d937721f61d4a179e670888d0641c2e,0.053,,,
487,2026-08-07,SZ002600,0.2224623316621793,EXP_DEnsembleModel_Alpha158_csi300_custom_step0_s_20260807_13,60f2d98061524dda8862012dacffda18,0.068,,,
488,2026-08-07,SH600176,0.20180433135942094,EXP_DEnsembleModel_Alpha158_csi300_custom_step0_s_20260807_13,7d937721f61d4a179e670888d0641c2e,0.053,,,
489,2026-08-07,SH600150,-0.07131722973341274,EXP_DEnsembleModel_Alpha158_csi300_custom_step0_s_20260807_13,7d937721f61d4a179e670888d0641c2e,0.053,,,
490,2026-08-07,SH600018,0.045691218781678276,EXP_DEnsembleModel_Alpha158_csi300_custom_step0_s_20260807_13,7d937721f61d4a179e670888d0641c2e,0.053,,,
491,2026-08-07,SH600019,-0.049956819125343124,EXP_DEnsembleModel_Alpha158_csi300_custom_step0_s_20260807_13,7d937721f61d4a179e670888d0641c2e,0.053,,,
492,2026-08-07,SH600023,0.007140489531419316,EXP_DEnsembleModel_Alpha158_csi300_custom_step0_s_20260807_13,7d937721f61d4a179e670888d0641c2e,0.053,,,
493,2026-08-07,SH600025,0.01274896229869891,EXP_DEnsembleModel_Alpha158_csi300_custom_step0_s_20260807_13,7d937721f61d4a179e670888d0641c2e,0.053,,,
494,2026-08-07,SH600026,-0.06165653176251727,EXP_DEnsembleModel_Alpha158_csi300_custom_step0_s_20260807_13,7d937721f61d4a179e670888d0641c2e,0.053,,,
495,2026-08-07,SH600027,-0.023951104682290076,EXP_DEnsembleModel_Alpha158_csi300_custom_step0_s_20260807_13,7d937721f61d4a179e670888d0641c2e,0.053,,,
496,2026-08-07,SH600028,-0.01892055421870046,EXP_DEnsembleModel_Alpha158_csi300_custom_step0_s_20260807_13,7d937721f61d4a179e670888d0641c2e,0.053,,,
497,2026-08-07,SH600029,0.04280908458130419,EXP_DEnsembleModel_Alpha158_csi300_custom_step0_s_20260807_13,7d937721f61d4a179e670888d0641c2e,0.053,,,
498,2026-08-07,SH600030,0.029873752206346225,EXP_DEnsembleModel_Alpha158_csi300_custom_step0_s_20260807_13,7d937721f61d4a179e670888d0641c2e,0.053,,,
499,2026-08-07,SH600031,-0.021017393743050176,EXP_DEnsembleModel_Alpha158_csi300_custom_step0_s_20260807_13,7d937721f61d4a179e670888d0641c2e,0.053,,,
500,2026-08-07,SH600160,-0.10408324598723293,EXP_DEnsembleModel_Alpha158_csi300_custom_step0_s_20260807_13,7d937721f61d4a179e670888d0641c2e,0.053,,,
501,2026-08-07,SH600036,0.008416940780697116,EXP_DEnsembleModel_Alpha158_csi300_custom_step0_s_20260807_13,7d937721f61d4a179e670888d0641c2e,0.053,,,
502,2026-08-07,SH600048,-0.11130520665149522,EXP_DEnsembleModel_Alpha158_csi300_custom_step0_s_20260807_13,7d937721f61d4a179e670888d0641c2e,0.053,,,
503,2026-08-07,SH600050,-0.004617751538882667,EXP_DEnsembleModel_Alpha158_csi300_custom_step0_s_20260807_13,7d937721f61d4a179e670888d0641c2e,0.053,,,
504,2026-08-07,SH600061,0.040588868578438034,EXP_DEnsembleModel_Alpha158_csi300_custom_step0_s_20260807_13,7d937721f61d4a179e670888d0641c2e,0.053,,,
505,2026-08-07,SH600066,-0.008493397903677232,EXP_DEnsembleModel_Alpha158_csi300_custom_step0_s_20260807_13,7d937721f61d4a179e670888d0641c2e,0.053,,,
506,2026-08-07,SH600085,-0.050572560791652496,EXP_DEnsembleModel_Alpha158_csi300_custom_step0_s_20260807_13,7d937721f61d4a179e670888d0641c2e,0.053,,,
507,2026-08-07,SH600089,-0.018721063666671336,EXP_DEnsembleModel_Alpha158_csi300_custom_step0_s_20260807_13,7d937721f61d4a179e670888d0641c2e,0.053,,,
508,2026-08-07,SH600104,-0.12768724907389842,EXP_DEnsembleModel_Alpha158_csi300_custom_step0_s_20260807_13,7d937721f61d4a179e670888d0641c2e,0.053,,,
509,2026-08-07,SH600111,0.2079291677171022,EXP_DEnsembleModel_Alpha158_csi300_custom_step0_s_20260807_13,7d937721f61d4a179e670888d0641c2e,0.053,,,
510,2026-08-07,SH600115,-0.0015030902414981556,EXP_DEnsembleModel_Alpha158_csi300_custom_step0_s_20260807_13,7d937721f61d4a179e670888d0641c2e,0.053,,,
511,2026-08-07,SH600118,0.24551273858806805,EXP_DEnsembleModel_Alpha158_csi300_custom_step0_s_20260807_13,7d937721f61d4a179e670888d0641c2e,0.053,,,
512,2026-08-07,SH600039,-0.02149575393568511,EXP_DEnsembleModel_Alpha158_csi300_custom_step0_s_20260807_13,7d937721f61d4a179e670888d0641c2e,0.053,,,
513,2026-08-07,SH600549,0.25278073263351,EXP_DEnsembleModel_Alpha158_csi300_custom_step0_s_20260807_13,7d937721f61d4a179e670888d0641c2e,0.053,,,
514,2026-08-07,SZ002594,-0.054645024409500004,EXP_DEnsembleModel_Alpha158_csi300_custom_step0_s_20260807_13,60f2d98061524dda8862012dacffda18,0.068,,,
515,2026-08-07,SZ002532,-0.07877688666234337,EXP_DEnsembleModel_Alpha158_csi300_custom_step0_s_20260807_13,60f2d98061524dda8862012dacffda18,0.068,,,
516,2026-08-07,SH688126,0.16843240909785023,EXP_DEnsembleModel_Alpha158_csi300_custom_step0_s_20260807_13,60f2d98061524dda8862012dacffda18,0.068,,,
517,2026-08-07,SH688183,0.17155062878599278,EXP_DEnsembleModel_Alpha158_csi300_custom_step0_s_20260807_13,60f2d98061524dda8862012dacffda18,0.068,,,
518,2026-08-07,SH688223,-0.10143187971826297,EXP_DEnsembleModel_Alpha158_csi300_custom_step0_s_20260807_13,60f2d98061524dda8862012dacffda18,0.068,,,
519,2026-08-07,SH688256,0.07901415960810829,EXP_DEnsembleModel_Alpha158_csi300_custom_step0_s_20260807_13,60f2d98061524dda8862012dacffda18,0.068,,,
520,2026-08-07,SH688271,-0.11901898019304945,EXP_DEnsembleModel_Alpha158_csi300_custom_step0_s_20260807_13,60f2d98061524dda8862012dacffda18,0.068,,,
521,2026-08-07,SH688303,0.05881382861176646,EXP_DEnsembleModel_Alpha158_csi300_custom_step0_s_20260807_13,60f2d98061524dda8862012dacffda18,0.068,,,
522,2026-08-07,SH688396,0.09588770913743416,EXP_DEnsembleModel_Alpha158_csi300_custom_step0_s_20260807_13,60f2d98061524dda8862012dacffda18,0.068,,,
523,2026-08-07,SH688472,-0.07466623152127154,EXP_DEnsembleModel_Alpha158_csi300_custom_step0_s_20260807_13,60f2d98061524dda8862012dacffda18,0.068,,,
524,2026-08-07,SH688506,-0.14539913856451223,EXP_DEnsembleModel_Alpha158_csi300_custom_step0_s_20260807_13,60f2d98061524dda8862012dacffda18,0.068,,,
525,2026-08-07,SH688521,0.2707162193332873,EXP_DEnsembleModel_Alpha158_csi300_custom_step0_s_20260807_13,60f2d98061524dda8862012dacffda18,0.068,,,
526,2026-08-07,SH688981,0.11693965759648109,EXP_DEnsembleModel_Alpha158_csi300_custom_step0_s_20260807_13,60f2d98061524dda8862012dacffda18,0.068,,,
527,2026-08-07,SZ000001,0.057295752814077984,EXP_DEnsembleModel_Alpha158_csi300_custom_step0_s_20260807_13,60f2d98061524dda8862012dacffda18,0.068,,,
528,2026-08-07,SZ000002,-0.15125611554370436,EXP_DEnsembleModel_Alpha158_csi300_custom_step0_s_20260807_13,60f2d98061524dda8862012dacffda18,0.068,,,
529,2026-08-07,SZ000063,-0.02053574912267046,EXP_DEnsembleModel_Alpha158_csi300_custom_step0_s_20260807_13,60f2d98061524dda8862012dacffda18,0.068,,,
530,2026-08-07,SZ000100,0.010154817770486288,EXP_DEnsembleModel_Alpha158_csi300_custom_step0_s_20260807_13,60f2d98061524dda8862012dacffda18,0.068,,,
531,2026-08-07,SZ000157,0.010956997310886684,EXP_DEnsembleModel_Alpha158_csi300_custom_step0_s_20260807_13,60f2d98061524dda8862012dacffda18,0.068,,,
532,2026-08-07,SZ000166,0.09225212309196869,EXP_DEnsembleModel_Alpha158_csi300_custom_step0_s_20260807_13,60f2d98061524dda8862012dacffda18,0.068,,,
533,2026-08-07,SZ000301,-0.09465312983464905,EXP_DEnsembleModel_Alpha158_csi300_custom_step0_s_20260807_13,60f2d98061524dda8862012dacffda18,0.068,,,
534,2026-08-07,SZ000333,0.05302845838334301,EXP_DEnsembleModel_Alpha158_csi300_custom_step0_s_20260807_13,60f2d98061524dda8862012dacffda18,0.068,,,
535,2026-08-07,SZ000338,-0.0829604515996104,EXP_DEnsembleModel_Alpha158_csi300_custom_step0_s_20260807_13,60f2d98061524dda8862012dacffda18,0.068,,,
536,2026-08-07,SZ000408,-0.1151058859522377,EXP_DEnsembleModel_Alpha158_csi300_custom_step0_s_20260807_13,60f2d98061524dda8862012dacffda18,0.068,,,
537,2026-08-07,SH688111,0.03545763532830475,EXP_DEnsembleModel_Alpha158_csi300_custom_step0_s_20260807_13,60f2d98061524dda8862012dacffda18,0.068,,,
538,2026-08-07,SH688082,0.06200466025970693,EXP_DEnsembleModel_Alpha158_csi300_custom_step0_s_20260807_13,60f2d98061524dda8862012dacffda18,0.068,,,
539,2026-08-07,SH688072,-0.038461033154793635,EXP_DEnsembleModel_Alpha158_csi300_custom_step0_s_20260807_13,60f2d98061524dda8862012dacffda18,0.068,,,
540,2026-08-07,SH688047,0.2889292014365336,EXP_DEnsembleModel_Alpha158_csi300_custom_step0_s_20260807_13,60f2d98061524dda8862012dacffda18,0.068,,,
541,2026-08-07,SH601988,0.08107794424246999,EXP_DEnsembleModel_Alpha158_csi300_custom_step0_s_20260807_13,60f2d98061524dda8862012dacffda18,0.068,,,
542,2026-08-07,SH601995,0.04058277716575298,EXP_DEnsembleModel_Alpha158_csi300_custom_step0_s_20260807_13,60f2d98061524dda8862012dacffda18,0.068,,,
543,2026-08-07,SH601998,-0.0005446457688999539,EXP_DEnsembleModel_Alpha158_csi300_custom_step0_s_20260807_13,60f2d98061524dda8862012dacffda18,0.068,,,
544,2026-08-07,SH603019,-0.017518700552637087,EXP_DEnsembleModel_Alpha158_csi300_custom_step0_s_20260807_13,60f2d98061524dda8862012dacffda18,0.068,,,
545,2026-08-07,SH603259,-0.29798104426280286,EXP_DEnsembleModel_Alpha158_csi300_custom_step0_s_20260807_13,60f2d98061524dda8862012dacffda18,0.068,,,
546,2026-08-07,SH603260,0.23450655024838868,EXP_DEnsembleModel_Alpha158_csi300_custom_step0_s_20260807_13,60f2d98061524dda8862012dacffda18,0.068,,,
547,2026-08-07,SH603288,-0.02251162247462059,EXP_DEnsembleModel_Alpha158_csi300_custom_step0_s_20260807_13,60f2d98061524dda8862012dacffda18,0.068,,,
548,2026-08-07,SH603296,-0.1410076169851367,EXP_DEnsembleModel_Alpha158_csi300_custom_step0_s_20260807_13,60f2d98061524dda8862012dacffda18,0.068,,,
549,2026-08-07,SH603369,-0.11578138089353103,EXP_DEnsembleModel_Alpha158_csi300_custom_step0_s_20260807_13,60f2d98061524dda8862012dacffda18,0.068,,,
550,2026-08-07,SH603392,-0.1296168488820172,EXP_DEnsembleModel_Alpha158_csi300_custom_step0_s_20260807_13,60f2d98061524dda8862012dacffda18,0.068,,,
551,2026-08-07,SZ000425,-0.09190917379178101,EXP_DEnsembleModel_Alpha158_csi300_custom_step0_s_20260807_13,60f2d98061524dda8862012dacffda18,0.068,,,
552,2026-08-07,SH603501,-0.007485632909652001,EXP_DEnsembleModel_Alpha158_csi300_custom_step0_s_20260807_13,60f2d98061524dda8862012dacffda18,0.068,,,
553,2026-08-07,SH603893,-0.04466887281672245,EXP_DEnsembleModel_Alpha158_csi300_custom_step0_s_20260807_13,60f2d98061524dda8862012dacffda18,0.068,,,
554,2026-08-07,SH603986,0.1466245564695263,EXP_DEnsembleModel_Alpha158_csi300_custom_step0_s_20260807_13,60f2d98061524dda8862012dacffda18,0.068,,,
555,2026-08-07,SH603993,-0.06151430783780311,EXP_DEnsembleModel_Alpha158_csi300_custom_step0_s_20260807_13,60f2d98061524dda8862012dacffda18,0.068,,,
556,2026-08-07,SH605117,0.0203682772946532,EXP_DEnsembleModel_Alpha158_csi300_custom_step0_s_20260807_13,60f2d98061524dda8862012dacffda18,0.068,,,
557,2026-08-07,SH605499,-0.10949447648686507,EXP_DEnsembleModel_Alpha158_csi300_custom_step0_s_20260807_13,60f2d98061524dda8862012dacffda18,0.068,,,
558,2026-08-07,SH688008,0.19859547452665405,EXP_DEnsembleModel_Alpha158_csi300_custom_step0_s_20260807_13,60f2d98061524dda8862012dacffda18,0.068,,,
559,2026-08-07,SH688009,-0.004025497271061731,EXP_DEnsembleModel_Alpha158_csi300_custom_step0_s_20260807_13,60f2d98061524dda8862012dacffda18,0.068,,,
560,2026-08-07,SH688012,0.049035530027052916,EXP_DEnsembleModel_Alpha158_csi300_custom_step0_s_20260807_13,60f2d98061524dda8862012dacffda18,0.068,,,
561,2026-08-07,SH688036,-0.03571459808583777,EXP_DEnsembleModel_Alpha158_csi300_custom_step0_s_20260807_13,60f2d98061524dda8862012dacffda18,0.068,,,
562,2026-08-07,SH688041,0.02813579950340842,EXP_DEnsembleModel_Alpha158_csi300_custom_step0_s_20260807_13,60f2d98061524dda8862012dacffda18,0.068,,,
563,2026-08-07,SH603799,0.05305175809443818,EXP_DEnsembleModel_Alpha158_csi300_custom_step0_s_20260807_13,60f2d98061524dda8862012dacffda18,0.068,,,
564,2026-08-07,SZ000538,0.017180969352801702,EXP_DEnsembleModel_Alpha158_csi300_custom_step0_s_20260807_13,60f2d98061524dda8862012dacffda18,0.068,,,
565,2026-08-07,SZ000568,-0.15899512882926936,EXP_DEnsembleModel_Alpha158_csi300_custom_step0_s_20260807_13,60f2d98061524dda8862012dacffda18,0.068,,,
566,2026-08-07,SZ000596,-0.1332218220472931,EXP_DEnsembleModel_Alpha158_csi300_custom_step0_s_20260807_13,60f2d98061524dda8862012dacffda18,0.068,,,
567,2026-08-07,SZ002049,0.2455679617502256,EXP_DEnsembleModel_Alpha158_csi300_custom_step0_s_20260807_13,60f2d98061524dda8862012dacffda18,0.068,,,
568,2026-08-07,SZ002050,0.09476026188485416,EXP_DEnsembleModel_Alpha158_csi300_custom_step0_s_20260807_13,60f2d98061524dda8862012dacffda18,0.068,,,
569,2026-08-07,SZ002074,-0.08018228708529572,EXP_DEnsembleModel_Alpha158_csi300_custom_step0_s_20260807_13,60f2d98061524dda8862012dacffda18,0.068,,,
570,2026-08-07,SZ002142,0.10234964137587249,EXP_DEnsembleModel_Alpha158_csi300_custom_step0_s_20260807_13,60f2d98061524dda8862012dacffda18,0.068,,,
571,2026-08-07,SZ002179,0.2058079052373318,EXP_DEnsembleModel_Alpha158_csi300_custom_step0_s_20260807_13,60f2d98061524dda8862012dacffda18,0.068,,,
572,2026-08-07,SZ002202,0.20114662910488756,EXP_DEnsembleModel_Alpha158_csi300_custom_step0_s_20260807_13,60f2d98061524dda8862012dacffda18,0.068,,,
573,2026-08-07,SZ002230,-0.11159483534693913,EXP_DEnsembleModel_Alpha158_csi300_custom_step0_s_20260807_13,60f2d98061524dda8862012dacffda18,0.068,,,
574,2026-08-07,SZ002236,0.009387296047103791,EXP_DEnsembleModel_Alpha158_csi300_custom_step0_s_20260807_13,60f2d98061524dda8862012dacffda18,0.068,,,
575,2026-08-07,SZ002241,-0.06972086773143601,EXP_DEnsembleModel_Alpha158_csi300_custom_step0_s_20260807_13,60f2d98061524dda8862012dacffda18,0.068,,,
576,2026-08-07,SZ002304,-0.1099913207418922,EXP_DEnsembleModel_Alpha158_csi300_custom_step0_s_20260807_13,60f2d98061524dda8862012dacffda18,0.068,,,
577,2026-08-07,SZ002028,-0.03310359015122628,EXP_DEnsembleModel_Alpha158_csi300_custom_step0_s_20260807_13,60f2d98061524dda8862012dacffda18,0.068,,,
578,2026-08-07,SZ002311,-0.022092404238608077,EXP_DEnsembleModel_Alpha158_csi300_custom_step0_s_20260807_13,60f2d98061524dda8862012dacffda18,0.068,,,
579,2026-08-07,SZ002353,0.00018732558096757997,EXP_DEnsembleModel_Alpha158_csi300_custom_step0_s_20260807_13,60f2d98061524dda8862012dacffda18,0.068,,,
580,2026-08-07,SZ002371,-0.0538395368447962,EXP_DEnsembleModel_Alpha158_csi300_custom_step0_s_20260807_13,60f2d98061524dda8862012dacffda18,0.068,,,
581,2026-08-07,SZ002384,0.05463598750660035,EXP_DEnsembleModel_Alpha158_csi300_custom_step0_s_20260807_13,60f2d98061524dda8862012dacffda18,0.068,,,
582,2026-08-07,SZ002415,0.023655807504630182,EXP_DEnsembleModel_Alpha158_csi300_custom_step0_s_20260807_13,60f2d98061524dda8862012dacffda18,0.068,,,
583,2026-08-07,SZ002422,-0.14978479380716062,EXP_DEnsembleModel_Alpha158_csi300_custom_step0_s_20260807_13,60f2d98061524dda8862012dacffda18,0.068,,,
584,2026-08-07,SZ002460,0.1666461470856728,EXP_DEnsembleModel_Alpha158_csi300_custom_step0_s_20260807_13,60f2d98061524dda8862012dacffda18,0.068,,,
585,2026-08-07,SZ002463,0.13547535017367518,EXP_DEnsembleModel_Alpha158_csi300_custom_step0_s_20260807_13,60f2d98061524dda8862012dacffda18,0.068,,,
586,2026-08-07,SZ002466,0.2021486879187058,EXP_DEnsembleModel_Alpha158_csi300_custom_step0_s_20260807_13,60f2d98061524dda8862012dacffda18,0.068,,,
587,2026-08-07,SZ002475,-0.040773998125257276,EXP_DEnsembleModel_Alpha158_csi300_custom_step0_s_20260807_13,60f2d98061524dda8862012dacffda18,0.068,,,
588,2026-08-07,SZ002493,-0.010783557521968565,EXP_DEnsembleModel_Alpha158_csi300_custom_step0_s_20260807_13,60f2d98061524dda8862012dacffda18,0.068,,,
589,2026-08-07,SZ002352,-0.03207789973203,EXP_DEnsembleModel_Alpha158_csi300_custom_step0_s_20260807_13,60f2d98061524dda8862012dacffda18,0.068,,,
590,2026-08-07,SZ002558,-0.018007367762622233,EXP_DEnsembleModel_Alpha158_csi300_custom_step0_s_20260807_13,60f2d98061524dda8862012dacffda18,0.068,,,
591,2026-08-07,SZ002027,-0.13535956914836225,EXP_DEnsembleModel_Alpha158_csi300_custom_step0_s_20260807_13,60f2d98061524dda8862012dacffda18,0.068,,,
592,2026-08-07,SZ001979,-0.09308938367945013,EXP_DEnsembleModel_Alpha158_csi300_custom_step0_s_20260807_13,60f2d98061524dda8862012dacffda18,0.068,,,
593,2026-08-07,SZ000617,-0.049854967244471506,EXP_DEnsembleModel_Alpha158_csi300_custom_step0_s_20260807_13,60f2d98061524dda8862012dacffda18,0.068,,,
594,2026-08-07,SZ000625,-0.10276874610491733,EXP_DEnsembleModel_Alpha158_csi300_custom_step0_s_20260807_13,60f2d98061524dda8862012dacffda18,0.068,,,
595,2026-08-07,SZ000630,-0.05911681299904079,EXP_DEnsembleModel_Alpha158_csi300_custom_step0_s_20260807_13,60f2d98061524dda8862012dacffda18,0.068,,,
596,2026-08-07,SZ000651,0.007423097153730418,EXP_DEnsembleModel_Alpha158_csi300_custom_step0_s_20260807_13,60f2d98061524dda8862012dacffda18,0.068,,,
597,2026-08-07,SZ000657,0.19435241070520592,EXP_DEnsembleModel_Alpha158_csi300_custom_step0_s_20260807_13,60f2d98061524dda8862012dacffda18,0.068,,,
598,2026-08-07,SZ000708,-0.008528854305060845,EXP_DEnsembleModel_Alpha158_csi300_custom_step0_s_20260807_13,60f2d98061524dda8862012dacffda18,0.068,,,
599,2026-08-07,SZ000725,0.17604859030238065,EXP_DEnsembleModel_Alpha158_csi300_custom_step0_s_20260807_13,60f2d98061524dda8862012dacffda18,0.068,,,
600,2026-08-07,SZ000768,0.01940982941212397,EXP_DEnsembleModel_Alpha158_csi300_custom_step0_s_20260807_13,60f2d98061524dda8862012dacffda18,0.068,,,
601,2026-08-07,SZ000776,-0.03749477336301527,EXP_DEnsembleModel_Alpha158_csi300_custom_step0_s_20260807_13,60f2d98061524dda8862012dacffda18,0.068,,,
602,2026-08-07,SZ000792,0.02663443204583465,EXP_DEnsembleModel_Alpha158_csi300_custom_step0_s_20260807_13,60f2d98061524dda8862012dacffda18,0.068,,,
603,2026-08-07,SZ002001,-0.05201202395332178,EXP_DEnsembleModel_Alpha158_csi300_custom_step0_s_20260807_13,60f2d98061524dda8862012dacffda18,0.068,,,
604,2026-08-07,SZ000807,-0.10441028974733343,EXP_DEnsembleModel_Alpha158_csi300_custom_step0_s_20260807_13,60f2d98061524dda8862012dacffda18,0.068,,,
605,2026-08-07,SZ000895,-0.08432581232575104,EXP_DEnsembleModel_Alpha158_csi300_custom_step0_s_20260807_13,60f2d98061524dda8862012dacffda18,0.068,,,
606,2026-08-07,SZ000938,0.026879688403616597,EXP_DEnsembleModel_Alpha158_csi300_custom_step0_s_20260807_13,60f2d98061524dda8862012dacffda18,0.068,,,
607,2026-08-07,SZ000963,-0.10663884733884464,EXP_DEnsembleModel_Alpha158_csi300_custom_step0_s_20260807_13,60f2d98061524dda8862012dacffda18,0.068,,,
608,2026-08-07,SZ000975,-0.05648254444109345,EXP_DEnsembleModel_Alpha158_csi300_custom_step0_s_20260807_13,60f2d98061524dda8862012dacffda18,0.068,,,
609,2026-08-07,SZ000977,0.020090317645857832,EXP_DEnsembleModel_Alpha158_csi300_custom_step0_s_20260807_13,60f2d98061524dda8862012dacffda18,0.068,,,
610,2026-08-07,SZ000988,0.18729557725012871,EXP_DEnsembleModel_Alpha158_csi300_custom_step0_s_20260807_13,60f2d98061524dda8862012dacffda18,0.068,,,
611,2026-08-07,SZ000999,0.027622900737478442,EXP_DEnsembleModel_Alpha158_csi300_custom_step0_s_20260807_13,60f2d98061524dda8862012dacffda18,0.068,,,
612,2026-08-07,SZ001280,-0.15326219134972344,EXP_DEnsembleModel_Alpha158_csi300_custom_step0_s_20260807_13,60f2d98061524dda8862012dacffda18,0.068,,,
613,2026-08-07,SZ001391,0.05259747296841898,EXP_DEnsembleModel_Alpha158_csi300_custom_step0_s_20260807_13,60f2d98061524dda8862012dacffda18,0.068,,,
614,2026-08-07,SZ001965,-0.025446474037892578,EXP_DEnsembleModel_Alpha158_csi300_custom_step0_s_20260807_13,60f2d98061524dda8862012dacffda18,0.068,,,
615,2026-08-07,SZ000858,-0.12098653459236332,EXP_DEnsembleModel_Alpha158_csi300_custom_step0_s_20260807_13,60f2d98061524dda8862012dacffda18,0.068,,,
616,2026-08-07,SH600570,-0.061202045684436775,EXP_DEnsembleModel_Alpha158_csi300_custom_step0_s_20260807_13,7d937721f61d4a179e670888d0641c2e,0.053,,,
617,2026-08-07,SH600584,0.14296963717190428,EXP_DEnsembleModel_Alpha158_csi300_custom_step0_s_20260807_13,7d937721f61d4a179e670888d0641c2e,0.053,,,
618,2026-08-07,SH600585,-0.03320662783529481,EXP_DEnsembleModel_Alpha158_csi300_custom_step0_s_20260807_13,7d937721f61d4a179e670888d0641c2e,0.053,,,
619,2026-08-07,SH688981,-0.00041150172152745604,EXP_DEnsembleModel_Alpha158_csi300_custom_step0_s_20260807_13,7d937721f61d4a179e670888d0641c2e,0.053,,,
620,2026-08-07,SZ000001,0.0017715237383896213,EXP_DEnsembleModel_Alpha158_csi300_custom_step0_s_20260807_13,7d937721f61d4a179e670888d0641c2e,0.053,,,
621,2026-08-07,SZ000002,-0.08775804867004552,EXP_DEnsembleModel_Alpha158_csi300_custom_step0_s_20260807_13,7d937721f61d4a179e670888d0641c2e,0.053,,,
622,2026-08-07,SZ000063,-0.007603638545723019,EXP_DEnsembleModel_Alpha158_csi300_custom_step0_s_20260807_13,7d937721f61d4a179e670888d0641c2e,0.053,,,
623,2026-08-07,SZ000100,-0.028553803184524208,EXP_DEnsembleModel_Alpha158_csi300_custom_step0_s_20260807_13,7d937721f61d4a179e670888d0641c2e,0.053,,,
624,2026-08-07,SZ000157,-0.003212158888772425,EXP_DEnsembleModel_Alpha158_csi300_custom_step0_s_20260807_13,7d937721f61d4a179e670888d0641c2e,0.053,,,
625,2026-08-07,SZ000166,0.07597451540807913,EXP_DEnsembleModel_Alpha158_csi300_custom_step0_s_20260807_13,7d937721f61d4a179e670888d0641c2e,0.053,,,
626,2026-08-07,SZ000301,-0.1128325456693749,EXP_DEnsembleModel_Alpha158_csi300_custom_step0_s_20260807_13,7d937721f61d4a179e670888d0641c2e,0.053,,,
627,2026-08-07,SZ000333,0.04640179809170895,EXP_DEnsembleModel_Alpha158_csi300_custom_step0_s_20260807_13,7d937721f61d4a179e670888d0641c2e,0.053,,,
628,2026-08-07,SZ000338,-0.07216417564593802,EXP_DEnsembleModel_Alpha158_csi300_custom_step0_s_20260807_13,7d937721f61d4a179e670888d0641c2e,0.053,,,
629,2026-08-07,SZ000408,0.10280645891416662,EXP_DEnsembleModel_Alpha158_csi300_custom_step0_s_20260807_13,7d937721f61d4a179e670888d0641c2e,0.053,,,
630,2026-08-07,SZ000425,-0.07259545469908214,EXP_DEnsembleModel_Alpha158_csi300_custom_step0_s_20260807_13,7d937721f61d4a179e670888d0641c2e,0.053,,,
631,2026-08-07,SZ000538,0.016551114084712423,EXP_DEnsembleModel_Alpha158_csi300_custom_step0_s_20260807_13,7d937721f61d4a179e670888d0641c2e,0.053,,,
632,2026-08-07,SZ000568,-0.11279264434136589,EXP_DEnsembleModel_Alpha158_csi300_custom_step0_s_20260807_13,7d937721f61d4a179e670888d0641c2e,0.053,,,
633,2026-08-07,SZ000596,-0.08215489052494972,EXP_DEnsembleModel_Alpha158_csi300_custom_step0_s_20260807_13,7d937721f61d4a179e670888d0641c2e,0.053,,,
634,2026-08-07,SZ000617,-0.08573051237281003,EXP_DEnsembleModel_Alpha158_csi300_custom_step0_s_20260807_13,7d937721f61d4a179e670888d0641c2e,0.053,,,
635,2026-08-07,SZ000625,-0.10228365769452999,EXP_DEnsembleModel_Alpha158_csi300_custom_step0_s_20260807_13,7d937721f61d4a179e670888d0641c2e,0.053,,,
636,2026-08-07,SZ000630,0.07605973821371018,EXP_DEnsembleModel_Alpha158_csi300_custom_step0_s_20260807_13,7d937721f61d4a179e670888d0641c2e,0.053,,,
637,2026-08-07,SZ000651,0.0034620928434961735,EXP_DEnsembleModel_Alpha158_csi300_custom_step0_s_20260807_13,7d937721f61d4a179e670888d0641c2e,0.053,,,
638,2026-08-07,SZ000657,0.3024301521820017,EXP_DEnsembleModel_Alpha158_csi300_custom_step0_s_20260807_13,7d937721f61d4a179e670888d0641c2e,0.053,,,
639,2026-08-07,SZ000708,0.007910712910492241,EXP_DEnsembleModel_Alpha158_csi300_custom_step0_s_20260807_13,7d937721f61d4a179e670888d0641c2e,0.053,,,
640,2026-08-07,SH688521,0.29206848834377974,EXP_DEnsembleModel_Alpha158_csi300_custom_step0_s_20260807_13,7d937721f61d4a179e670888d0641c2e,0.053,,,
641,2026-08-07,SH688506,-0.12328612642266376,EXP_DEnsembleModel_Alpha158_csi300_custom_step0_s_20260807_13,7d937721f61d4a179e670888d0641c2e,0.053,,,
642,2026-08-07,SH688472,-0.07969608740676772,EXP_DEnsembleModel_Alpha158_csi300_custom_step0_s_20260807_13,7d937721f61d4a179e670888d0641c2e,0.053,,,
643,2026-08-07,SH688396,0.1677452030474999,EXP_DEnsembleModel_Alpha158_csi300_custom_step0_s_20260807_13,7d937721f61d4a179e670888d0641c2e,0.053,,,
644,2026-08-07,SH603501,0.03710566978422423,EXP_DEnsembleModel_Alpha158_csi300_custom_step0_s_20260807_13,7d937721f61d4a179e670888d0641c2e,0.053,,,
645,2026-08-07,SH603799,0.000318222387444661,EXP_DEnsembleModel_Alpha158_csi300_custom_step0_s_20260807_13,7d937721f61d4a179e670888d0641c2e,0.053,,,
646,2026-08-07,SH603893,-0.03459322385593442,EXP_DEnsembleModel_Alpha158_csi300_custom_step0_s_20260807_13,7d937721f61d4a179e670888d0641c2e,0.053,,,
647,2026-08-07,SH603986,0.1744476758590587,EXP_DEnsembleModel_Alpha158_csi300_custom_step0_s_20260807_13,7d937721f61d4a179e670888d0641c2e,0.053,,,
648,2026-08-07,SH603993,-0.043279407924374895,EXP_DEnsembleModel_Alpha158_csi300_custom_step0_s_20260807_13,7d937721f61d4a179e670888d0641c2e,0.053,,,
649,2026-08-07,SH605117,0.056291679033038104,EXP_DEnsembleModel_Alpha158_csi300_custom_step0_s_20260807_13,7d937721f61d4a179e670888d0641c2e,0.053,,,
650,2026-08-07,SH605499,-0.11887417396199405,EXP_DEnsembleModel_Alpha158_csi300_custom_step0_s_20260807_13,7d937721f61d4a179e670888d0641c2e,0.053,,,
651,2026-08-07,SH688008,0.201221413934981,EXP_DEnsembleModel_Alpha158_csi300_custom_step0_s_20260807_13,7d937721f61d4a179e670888d0641c2e,0.053,,,
652,2026-08-07,SH688009,-0.0183868130358094,EXP_DEnsembleModel_Alpha158_csi300_custom_step0_s_20260807_13,7d937721f61d4a179e670888d0641c2e,0.053,,,
653,2026-08-07,SH688012,0.010500267696931806,EXP_DEnsembleModel_Alpha158_csi300_custom_step0_s_20260807_13,7d937721f61d4a179e670888d0641c2e,0.053,,,
654,2026-08-07,SZ000725,0.07446846977849729,EXP_DEnsembleModel_Alpha158_csi300_custom_step0_s_20260807_13,7d937721f61d4a179e670888d0641c2e,0.053,,,
655,2026-08-07,SH688036,-0.021196586485266178,EXP_DEnsembleModel_Alpha158_csi300_custom_step0_s_20260807_13,7d937721f61d4a179e670888d0641c2e,0.053,,,
656,2026-08-07,SH688047,0.20069113739091984,EXP_DEnsembleModel_Alpha158_csi300_custom_step0_s_20260807_13,7d937721f61d4a179e670888d0641c2e,0.053,,,
657,2026-08-07,SH688072,-0.03914492188117039,EXP_DEnsembleModel_Alpha158_csi300_custom_step0_s_20260807_13,7d937721f61d4a179e670888d0641c2e,0.053,,,
658,2026-08-07,SH688082,0.12183033047268192,EXP_DEnsembleModel_Alpha158_csi300_custom_step0_s_20260807_13,7d937721f61d4a179e670888d0641c2e,0.053,,,
659,2026-08-07,SH688111,0.011435676927365065,EXP_DEnsembleModel_Alpha158_csi300_custom_step0_s_20260807_13,7d937721f61d4a179e670888d0641c2e,0.053,,,
660,2026-08-07,SH688126,0.11601860434375702,EXP_DEnsembleModel_Alpha158_csi300_custom_step0_s_20260807_13,7d937721f61d4a179e670888d0641c2e,0.053,,,
661,2026-08-07,SH688183,0.21856797997228525,EXP_DEnsembleModel_Alpha158_csi300_custom_step0_s_20260807_13,7d937721f61d4a179e670888d0641c2e,0.053,,,
662,2026-08-07,SH688223,-0.07744492452152162,EXP_DEnsembleModel_Alpha158_csi300_custom_step0_s_20260807_13,7d937721f61d4a179e670888d0641c2e,0.053,,,
663,2026-08-07,SH688256,0.05552596017461008,EXP_DEnsembleModel_Alpha158_csi300_custom_step0_s_20260807_13,7d937721f61d4a179e670888d0641c2e,0.053,,,
664,2026-08-07,SH688271,-0.1176663775574508,EXP_DEnsembleModel_Alpha158_csi300_custom_step0_s_20260807_13,7d937721f61d4a179e670888d0641c2e,0.053,,,
665,2026-08-07,SH688303,-0.06020525815573428,EXP_DEnsembleModel_Alpha158_csi300_custom_step0_s_20260807_13,7d937721f61d4a179e670888d0641c2e,0.053,,,
666,2026-08-07,SH688041,0.07116648196465479,EXP_DEnsembleModel_Alpha158_csi300_custom_step0_s_20260807_13,7d937721f61d4a179e670888d0641c2e,0.053,,,
667,2026-08-07,SZ000768,0.02599217131269947,EXP_DEnsembleModel_Alpha158_csi300_custom_step0_s_20260807_13,7d937721f61d4a179e670888d0641c2e,0.053,,,
668,2026-08-07,SZ000776,-0.0363945016545359,EXP_DEnsembleModel_Alpha158_csi300_custom_step0_s_20260807_13,7d937721f61d4a179e670888d0641c2e,0.053,,,
669,2026-08-07,SZ000792,0.06519579368135274,EXP_DEnsembleModel_Alpha158_csi300_custom_step0_s_20260807_13,7d937721f61d4a179e670888d0641c2e,0.053,,,
670,2026-08-07,SZ002311,0.02343222919692595,EXP_DEnsembleModel_Alpha158_csi300_custom_step0_s_20260807_13,7d937721f61d4a179e670888d0641c2e,0.053,,,
671,2026-08-07,SZ002352,-0.02582723550564162,EXP_DEnsembleModel_Alpha158_csi300_custom_step0_s_20260807_13,7d937721f61d4a179e670888d0641c2e,0.053,,,
672,2026-08-07,SZ002353,0.008731439547625716,EXP_DEnsembleModel_Alpha158_csi300_custom_step0_s_20260807_13,7d937721f61d4a179e670888d0641c2e,0.053,,,
673,2026-08-07,SZ002371,-0.05980170746213376,EXP_DEnsembleModel_Alpha158_csi300_custom_step0_s_20260807_13,7d937721f61d4a179e670888d0641c2e,0.053,,,
674,2026-08-07,SZ002384,0.14255555501533204,EXP_DEnsembleModel_Alpha158_csi300_custom_step0_s_20260807_13,7d937721f61d4a179e670888d0641c2e,0.053,,,
675,2026-08-07,SZ002415,-0.015795538664774844,EXP_DEnsembleModel_Alpha158_csi300_custom_step0_s_20260807_13,7d937721f61d4a179e670888d0641c2e,0.053,,,
676,2026-08-07,SZ002422,-0.1250341485304586,EXP_DEnsembleModel_Alpha158_csi300_custom_step0_s_20260807_13,7d937721f61d4a179e670888d0641c2e,0.053,,,
677,2026-08-07,SZ002460,0.11460262093806392,EXP_DEnsembleModel_Alpha158_csi300_custom_step0_s_20260807_13,7d937721f61d4a179e670888d0641c2e,0.053,,,
678,2026-08-07,SZ002463,0.15418965741448737,EXP_DEnsembleModel_Alpha158_csi300_custom_step0_s_20260807_13,7d937721f61d4a179e670888d0641c2e,0.053,,,
679,2026-08-07,SZ002466,0.15191668577897802,EXP_DEnsembleModel_Alpha158_csi300_custom_step0_s_20260807_13,7d937721f61d4a179e670888d0641c2e,0.053,,,
680,2026-08-07,SZ002304,-0.09693185776932062,EXP_DEnsembleModel_Alpha158_csi300_custom_step0_s_20260807_13,7d937721f61d4a179e670888d0641c2e,0.053,,,
681,2026-08-07,SZ002475,-0.09573985535967022,EXP_DEnsembleModel_Alpha158_csi300_custom_step0_s_20260807_13,7d937721f61d4a179e670888d0641c2e,0.053,,,
682,2026-08-07,SZ002532,-0.08758281261033836,EXP_DEnsembleModel_Alpha158_csi300_custom_step0_s_20260807_13,7d937721f61d4a179e670888d0641c2e,0.053,,,
683,2026-08-07,SZ002558,-0.11309662014202157,EXP_DEnsembleModel_Alpha158_csi300_custom_step0_s_20260807_13,7d937721f61d4a179e670888d0641c2e,0.053,,,
684,2026-08-07,SZ002594,-0.0742632593337623,EXP_DEnsembleModel_Alpha158_csi300_custom_step0_s_20260807_13,7d937721f61d4a179e670888d0641c2e,0.053,,,
685,2026-08-07,SZ002600,0.03515948394881045,EXP_DEnsembleModel_Alpha158_csi300_custom_step0_s_20260807_13,7d937721f61d4a179e670888d0641c2e,0.053,,,
686,2026-08-07,SZ002602,-0.07588764480514038,EXP_DEnsembleModel_Alpha158_csi300_custom_step0_s_20260807_13,7d937721f61d4a179e670888d0641c2e,0.053,,,
687,2026-08-07,SZ002625,0.027260588040659367,EXP_DEnsembleModel_Alpha158_csi300_custom_step0_s_20260807_13,7d937721f61d4a179e670888d0641c2e,0.053,,,
688,2026-08-07,SZ002648,0.023880567341372474,EXP_DEnsembleModel_Alpha158_csi300_custom_step0_s_20260807_13,7d937721f61d4a179e670888d0641c2e,0.053,,,
689,2026-08-07,SZ002709,0.13284803853938593,EXP_DEnsembleModel_Alpha158_csi300_custom_step0_s_20260807_13,7d937721f61d4a179e670888d0641c2e,0.053,,,
690,2026-08-07,SZ002714,-0.039788630162383126,EXP_DEnsembleModel_Alpha158_csi300_custom_step0_s_20260807_13,7d937721f61d4a179e670888d0641c2e,0.053,,,
691,2026-08-07,SZ002736,0.045299889167407605,EXP_DEnsembleModel_Alpha158_csi300_custom_step0_s_20260807_13,7d937721f61d4a179e670888d0641c2e,0.053,,,
692,2026-08-07,SZ002493,0.048002570828268344,EXP_DEnsembleModel_Alpha158_csi300_custom_step0_s_20260807_13,7d937721f61d4a179e670888d0641c2e,0.053,,,
693,2026-08-07,SH603392,-0.05958448299662372,EXP_DEnsembleModel_Alpha158_csi300_custom_step0_s_20260807_13,7d937721f61d4a179e670888d0641c2e,0.053,,,
694,2026-08-07,SZ002241,-0.042880900310507494,EXP_DEnsembleModel_Alpha158_csi300_custom_step0_s_20260807_13,7d937721f61d4a179e670888d0641c2e,0.053,,,
695,2026-08-07,SZ002230,-0.06449163333047746,EXP_DEnsembleModel_Alpha158_csi300_custom_step0_s_20260807_13,7d937721f61d4a179e670888d0641c2e,0.053,,,
696,2026-08-07,SZ000807,-0.07631180019777396,EXP_DEnsembleModel_Alpha158_csi300_custom_step0_s_20260807_13,7d937721f61d4a179e670888d0641c2e,0.053,,,
697,2026-08-07,SZ000858,-0.10321247141120286,EXP_DEnsembleModel_Alpha158_csi300_custom_step0_s_20260807_13,7d937721f61d4a179e670888d0641c2e,0.053,,,
698,2026-08-07,SZ000895,-0.004673069417053636,EXP_DEnsembleModel_Alpha158_csi300_custom_step0_s_20260807_13,7d937721f61d4a179e670888d0641c2e,0.053,,,
699,2026-08-07,SZ000938,0.04312743609208551,EXP_DEnsembleModel_Alpha158_csi300_custom_step0_s_20260807_13,7d937721f61d4a179e670888d0641c2e,0.053,,,
700,2026-08-07,SZ000963,-0.07715150367069887,EXP_DEnsembleModel_Alpha158_csi300_custom_step0_s_20260807_13,7d937721f61d4a179e670888d0641c2e,0.053,,,
701,2026-08-07,SZ000975,0.009306409145629559,EXP_DEnsembleModel_Alpha158_csi300_custom_step0_s_20260807_13,7d937721f61d4a179e670888d0641c2e,0.053,,,
702,2026-08-07,SZ000977,0.06930531967807464,EXP_DEnsembleModel_Alpha158_csi300_custom_step0_s_20260807_13,7d937721f61d4a179e670888d0641c2e,0.053,,,
703,2026-08-07,SZ000988,0.15424027156077827,EXP_DEnsembleModel_Alpha158_csi300_custom_step0_s_20260807_13,7d937721f61d4a179e670888d0641c2e,0.053,,,
704,2026-08-07,SZ000999,-0.0031401454223856894,EXP_DEnsembleModel_Alpha158_csi300_custom_step0_s_20260807_13,7d937721f61d4a179e670888d0641c2e,0.053,,,
705,2026-08-07,SZ001280,-0.04902711067443163,EXP_DEnsembleModel_Alpha158_csi300_custom_step0_s_20260807_13,7d937721f61d4a179e670888d0641c2e,0.053,,,
706,2026-08-07,SZ002236,0.008121577579794278,EXP_DEnsembleModel_Alpha158_csi300_custom_step0_s_20260807_13,7d937721f61d4a179e670888d0641c2e,0.053,,,
707,2026-08-07,SZ001391,-0.01633997529522867,EXP_DEnsembleModel_Alpha158_csi300_custom_step0_s_20260807_13,7d937721f61d4a179e670888d0641c2e,0.053,,,
708,2026-08-07,SZ001979,-0.04927347135933295,EXP_DEnsembleModel_Alpha158_csi300_custom_step0_s_20260807_13,7d937721f61d4a179e670888d0641c2e,0.053,,,
709,2026-08-07,SZ002001,-0.04389807532066616,EXP_DEnsembleModel_Alpha158_csi300_custom_step0_s_20260807_13,7d937721f61d4a179e670888d0641c2e,0.053,,,
710,2026-08-07,SZ002027,-0.0859284959741362,EXP_DEnsembleModel_Alpha158_csi300_custom_step0_s_20260807_13,7d937721f61d4a179e670888d0641c2e,0.053,,,
711,2026-08-07,SZ002028,-0.04191194565250722,EXP_DEnsembleModel_Alpha158_csi300_custom_step0_s_20260807_13,7d937721f61d4a179e670888d0641c2e,0.053,,,
712,2026-08-07,SZ002049,0.09784184205310804,EXP_DEnsembleModel_Alpha158_csi300_custom_step0_s_20260807_13,7d937721f61d4a179e670888d0641c2e,0.053,,,
713,2026-08-07,SZ002050,0.03956582129767671,EXP_DEnsembleModel_Alpha158_csi300_custom_step0_s_20260807_13,7d937721f61d4a179e670888d0641c2e,0.053,,,
714,2026-08-07,SZ002074,-0.07827775180446496,EXP_DEnsembleModel_Alpha158_csi300_custom_step0_s_20260807_13,7d937721f61d4a179e670888d0641c2e,0.053,,,
715,2026-08-07,SZ002142,0.0529977646516131,EXP_DEnsembleModel_Alpha158_csi300_custom_step0_s_20260807_13,7d937721f61d4a179e670888d0641c2e,0.053,,,
716,2026-08-07,SZ002179,0.11489952749490148,EXP_DEnsembleModel_Alpha158_csi300_custom_step0_s_20260807_13,7d937721f61d4a179e670888d0641c2e,0.053,,,
717,2026-08-07,SZ002202,0.2719262703240014,EXP_DEnsembleModel_Alpha158_csi300_custom_step0_s_20260807_13,7d937721f61d4a179e670888d0641c2e,0.053,,,
718,2026-08-07,SZ001965,-0.02552835067902739,EXP_DEnsembleModel_Alpha158_csi300_custom_step0_s_20260807_13,7d937721f61d4a179e670888d0641c2e,0.053,,,
719,2026-08-07,SH603369,-0.1312644255869625,EXP_DEnsembleModel_Alpha158_csi300_custom_step0_s_20260807_13,7d937721f61d4a179e670888d0641c2e,0.053,,,
720,2026-08-07,SH603296,-0.06984488398459669,EXP_DEnsembleModel_Alpha158_csi300_custom_step0_s_20260807_13,7d937721f61d4a179e670888d0641c2e,0.053,,,
721,2026-08-07,SH603288,-0.006155576507035837,EXP_DEnsembleModel_Alpha158_csi300_custom_step0_s_20260807_13,7d937721f61d4a179e670888d0641c2e,0.053,,,
722,2026-08-07,SH601006,-0.004825985627914001,EXP_DEnsembleModel_Alpha158_csi300_custom_step0_s_20260807_13,7d937721f61d4a179e670888d0641c2e,0.053,,,
723,2026-08-07,SH601009,0.01995245499035496,EXP_DEnsembleModel_Alpha158_csi300_custom_step0_s_20260807_13,7d937721f61d4a179e670888d0641c2e,0.053,,,
724,2026-08-07,SH601012,-0.033732470647040366,EXP_DEnsembleModel_Alpha158_csi300_custom_step0_s_20260807_13,7d937721f61d4a179e670888d0641c2e,0.053,,,
725,2026-08-07,SH601018,0.05378911335869959,EXP_DEnsembleModel_Alpha158_csi300_custom_step0_s_20260807_13,7d937721f61d4a179e670888d0641c2e,0.053,,,
726,2026-08-07,SH601021,0.07978735299421877,EXP_DEnsembleModel_Alpha158_csi300_custom_step0_s_20260807_13,7d937721f61d4a179e670888d0641c2e,0.053,,,
727,2026-08-07,SH601058,-0.011824055121412847,EXP_DEnsembleModel_Alpha158_csi300_custom_step0_s_20260807_13,7d937721f61d4a179e670888d0641c2e,0.053,,,
728,2026-08-07,SH601059,0.014201147328477647,EXP_DEnsembleModel_Alpha158_csi300_custom_step0_s_20260807_13,7d937721f61d4a179e670888d0641c2e,0.053,,,
729,2026-08-07,SH601066,0.007527513281072968,EXP_DEnsembleModel_Alpha158_csi300_custom_step0_s_20260807_13,7d937721f61d4a179e670888d0641c2e,0.053,,,
730,2026-08-07,SH601077,0.06783634631437359,EXP_DEnsembleModel_Alpha158_csi300_custom_step0_s_20260807_13,7d937721f61d4a179e670888d0641c2e,0.053,,,
731,2026-08-07,SH601088,-0.059467012746744825,EXP_DEnsembleModel_Alpha158_csi300_custom_step0_s_20260807_13,7d937721f61d4a179e670888d0641c2e,0.053,,,
732,2026-08-07,SH600999,-0.0012692097346595759,EXP_DEnsembleModel_Alpha158_csi300_custom_step0_s_20260807_13,7d937721f61d4a179e670888d0641c2e,0.053,,,
733,2026-08-07,SH601100,-0.024752764468011734,EXP_DEnsembleModel_Alpha158_csi300_custom_step0_s_20260807_13,7d937721f61d4a179e670888d0641c2e,0.053,,,
734,2026-08-07,SH601117,0.057781197487663465,EXP_DEnsembleModel_Alpha158_csi300_custom_step0_s_20260807_13,7d937721f61d4a179e670888d0641c2e,0.053,,,
735,2026-08-07,SH601127,-0.09794812185627923,EXP_DEnsembleModel_Alpha158_csi300_custom_step0_s_20260807_13,7d937721f61d4a179e670888d0641c2e,0.053,,,
736,2026-08-07,SH601136,-0.021478563450638904,EXP_DEnsembleModel_Alpha158_csi300_custom_step0_s_20260807_13,7d937721f61d4a179e670888d0641c2e,0.053,,,
737,2026-08-07,SH601138,-0.12873395467665966,EXP_DEnsembleModel_Alpha158_csi300_custom_step0_s_20260807_13,7d937721f61d4a179e670888d0641c2e,0.053,,,
738,2026-08-07,SH601166,-0.011354493629246653,EXP_DEnsembleModel_Alpha158_csi300_custom_step0_s_20260807_13,7d937721f61d4a179e670888d0641c2e,0.053,,,
739,2026-08-07,SH601169,0.039911785979558266,EXP_DEnsembleModel_Alpha158_csi300_custom_step0_s_20260807_13,7d937721f61d4a179e670888d0641c2e,0.053,,,
740,2026-08-07,SH601186,0.03125628700242374,EXP_DEnsembleModel_Alpha158_csi300_custom_step0_s_20260807_13,7d937721f61d4a179e670888d0641c2e,0.053,,,
741,2026-08-07,SH601211,0.016937059316425074,EXP_DEnsembleModel_Alpha158_csi300_custom_step0_s_20260807_13,7d937721f61d4a179e670888d0641c2e,0.053,,,
742,2026-08-07,SH601225,-0.007353993476687652,EXP_DEnsembleModel_Alpha158_csi300_custom_step0_s_20260807_13,7d937721f61d4a179e670888d0641c2e,0.053,,,
743,2026-08-07,SH601229,0.027593633180200465,EXP_DEnsembleModel_Alpha158_csi300_custom_step0_s_20260807_13,7d937721f61d4a179e670888d0641c2e,0.053,,,
744,2026-08-07,SH601111,0.04366949676756425,EXP_DEnsembleModel_Alpha158_csi300_custom_step0_s_20260807_13,7d937721f61d4a179e670888d0641c2e,0.053,,,
745,2026-08-07,SH601238,-0.07243180515047586,EXP_DEnsembleModel_Alpha158_csi300_custom_step0_s_20260807_13,7d937721f61d4a179e670888d0641c2e,0.053,,,
746,2026-08-07,SH600989,-0.05752789733111239,EXP_DEnsembleModel_Alpha158_csi300_custom_step0_s_20260807_13,7d937721f61d4a179e670888d0641c2e,0.053,,,
747,2026-08-07,SH600941,0.0012280187228444935,EXP_DEnsembleModel_Alpha158_csi300_custom_step0_s_20260807_13,7d937721f61d4a179e670888d0641c2e,0.053,,,
748,2026-08-07,SH600588,-0.004549929585523467,EXP_DEnsembleModel_Alpha158_csi300_custom_step0_s_20260807_13,7d937721f61d4a179e670888d0641c2e,0.053,,,
749,2026-08-07,SH600600,-0.09656860310354315,EXP_DEnsembleModel_Alpha158_csi300_custom_step0_s_20260807_13,7d937721f61d4a179e670888d0641c2e,0.053,,,
750,2026-08-07,SH600660,-0.01965694208392306,EXP_DEnsembleModel_Alpha158_csi300_custom_step0_s_20260807_13,7d937721f61d4a179e670888d0641c2e,0.053,,,
751,2026-08-07,SH600674,-0.005995478481339823,EXP_DEnsembleModel_Alpha158_csi300_custom_step0_s_20260807_13,7d937721f61d4a179e670888d0641c2e,0.053,,,
752,2026-08-07,SH600690,-0.009919006969688669,EXP_DEnsembleModel_Alpha158_csi300_custom_step0_s_20260807_13,7d937721f61d4a179e670888d0641c2e,0.053,,,
753,2026-08-07,SH600741,0.008840776704235501,EXP_DEnsembleModel_Alpha158_csi300_custom_step0_s_20260807_13,7d937721f61d4a179e670888d0641c2e,0.053,,,
754,2026-08-07,SH600760,0.0002771074077844117,EXP_DEnsembleModel_Alpha158_csi300_custom_step0_s_20260807_13,7d937721f61d4a179e670888d0641c2e,0.053,,,
755,2026-08-07,SH600795,0.009057788286579499,EXP_DEnsembleModel_Alpha158_csi300_custom_step0_s_20260807_13,7d937721f61d4a179e670888d0641c2e,0.053,,,
756,2026-08-07,SH600803,-0.09733046989377026,EXP_DEnsembleModel_Alpha158_csi300_custom_step0_s_20260807_13,7d937721f61d4a179e670888d0641c2e,0.053,,,
757,2026-08-07,SH600809,-0.11319971699129106,EXP_DEnsembleModel_Alpha158_csi300_custom_step0_s_20260807_13,7d937721f61d4a179e670888d0641c2e,0.053,,,
758,2026-08-07,SH600958,0.05763795096999826,EXP_DEnsembleModel_Alpha158_csi300_custom_step0_s_20260807_13,7d937721f61d4a179e670888d0641c2e,0.053,,,
759,2026-08-07,SH600845,-0.12999164936260618,EXP_DEnsembleModel_Alpha158_csi300_custom_step0_s_20260807_13,7d937721f61d4a179e670888d0641c2e,0.053,,,
760,2026-08-07,SH600886,0.03540063172004413,EXP_DEnsembleModel_Alpha158_csi300_custom_step0_s_20260807_13,7d937721f61d4a179e670888d0641c2e,0.053,,,
761,2026-08-07,SH600887,-0.02563869547445072,EXP_DEnsembleModel_Alpha158_csi300_custom_step0_s_20260807_13,7d937721f61d4a179e670888d0641c2e,0.053,,,
762,2026-08-07,SH600893,0.011390214425913323,EXP_DEnsembleModel_Alpha158_csi300_custom_step0_s_20260807_13,7d937721f61d4a179e670888d0641c2e,0.053,,,
763,2026-08-07,SH600900,0.009532057912670528,EXP_DEnsembleModel_Alpha158_csi300_custom_step0_s_20260807_13,7d937721f61d4a179e670888d0641c2e,0.053,,,
764,2026-08-07,SH600905,0.050044986515401325,EXP_DEnsembleModel_Alpha158_csi300_custom_step0_s_20260807_13,7d937721f61d4a179e670888d0641c2e,0.053,,,
765,2026-08-07,SH600918,0.03389154389836774,EXP_DEnsembleModel_Alpha158_csi300_custom_step0_s_20260807_13,7d937721f61d4a179e670888d0641c2e,0.053,,,
766,2026-08-07,SH600919,0.08342786008618704,EXP_DEnsembleModel_Alpha158_csi300_custom_step0_s_20260807_13,7d937721f61d4a179e670888d0641c2e,0.053,,,
767,2026-08-07,SH600926,0.03618985842800713,EXP_DEnsembleModel_Alpha158_csi300_custom_step0_s_20260807_13,7d937721f61d4a179e670888d0641c2e,0.053,,,
768,2026-08-07,SH600930,-0.02967673228678795,EXP_DEnsembleModel_Alpha158_csi300_custom_step0_s_20260807_13,7d937721f61d4a179e670888d0641c2e,0.053,,,
769,2026-08-07,SH600938,-0.0855105024779979,EXP_DEnsembleModel_Alpha158_csi300_custom_step0_s_20260807_13,7d937721f61d4a179e670888d0641c2e,0.053,,,
770,2026-08-07,SH600875,-0.015447144732120164,EXP_DEnsembleModel_Alpha158_csi300_custom_step0_s_20260807_13,7d937721f61d4a179e670888d0641c2e,0.053,,,
771,2026-08-07,SH600900,0.020833710208535194,EXP_LinearModel_Alpha158_csi300_custom_step0_s_20260807_13,b30c126473f74b2891555c4844ca7284,0.073,,,
772,2026-08-07,SH601288,-0.0018227357316153976,EXP_DEnsembleModel_Alpha158_csi300_custom_step0_s_20260807_13,7d937721f61d4a179e670888d0641c2e,0.053,,,
773,2026-08-07,SH601319,0.07546521853062463,EXP_DEnsembleModel_Alpha158_csi300_custom_step0_s_20260807_13,7d937721f61d4a179e670888d0641c2e,0.053,,,
774,2026-08-07,SH601825,-0.04327713134307512,EXP_DEnsembleModel_Alpha158_csi300_custom_step0_s_20260807_13,7d937721f61d4a179e670888d0641c2e,0.053,,,
775,2026-08-07,SH601838,0.048639446617065187,EXP_DEnsembleModel_Alpha158_csi300_custom_step0_s_20260807_13,7d937721f61d4a179e670888d0641c2e,0.053,,,
776,2026-08-07,SH601857,-0.0234107513736195,EXP_DEnsembleModel_Alpha158_csi300_custom_step0_s_20260807_13,7d937721f61d4a179e670888d0641c2e,0.053,,,
777,2026-08-07,SH601868,-0.004468226083918922,EXP_DEnsembleModel_Alpha158_csi300_custom_step0_s_20260807_13,7d937721f61d4a179e670888d0641c2e,0.053,,,
778,2026-08-07,SH601872,-0.1831870455231213,EXP_DEnsembleModel_Alpha158_csi300_custom_step0_s_20260807_13,7d937721f61d4a179e670888d0641c2e,0.053,,,
779,2026-08-07,SH601877,-0.06156775291349734,EXP_DEnsembleModel_Alpha158_csi300_custom_step0_s_20260807_13,7d937721f61d4a179e670888d0641c2e,0.053,,,
780,2026-08-07,SH601878,0.07202605830166033,EXP_DEnsembleModel_Alpha158_csi300_custom_step0_s_20260807_13,7d937721f61d4a179e670888d0641c2e,0.053,,,
781,2026-08-07,SH601881,0.053686975987430725,EXP_DEnsembleModel_Alpha158_csi300_custom_step0_s_20260807_13,7d937721f61d4a179e670888d0641c2e,0.053,,,
782,2026-08-07,SH601888,-0.09589069827453446,EXP_DEnsembleModel_Alpha158_csi300_custom_step0_s_20260807_13,7d937721f61d4a179e670888d0641c2e,0.053,,,
783,2026-08-07,SH601898,-0.11872539912165615,EXP_DEnsembleModel_Alpha158_csi300_custom_step0_s_20260807_13,7d937721f61d4a179e670888d0641c2e,0.053,,,
784,2026-08-07,SH601818,0.03464490538595575,EXP_DEnsembleModel_Alpha158_csi300_custom_step0_s_20260807_13,7d937721f61d4a179e670888d0641c2e,0.053,,,
785,2026-08-07,SH601899,-0.0627442116543115,EXP_DEnsembleModel_Alpha158_csi300_custom_step0_s_20260807_13,7d937721f61d4a179e670888d0641c2e,0.053,,,
786,2026-08-07,SH601916,-0.007569196256393156,EXP_DEnsembleModel_Alpha158_csi300_custom_step0_s_20260807_13,7d937721f61d4a179e670888d0641c2e,0.053,,,
787,2026-08-07,SH601919,0.0343591723702144,EXP_DEnsembleModel_Alpha158_csi300_custom_step0_s_20260807_13,7d937721f61d4a179e670888d0641c2e,0.053,,,
788,2026-08-07,SH601939,0.03978915495315814,EXP_DEnsembleModel_Alpha158_csi300_custom_step0_s_20260807_13,7d937721f61d4a179e670888d0641c2e,0.053,,,
789,2026-08-07,SH601985,0.09380366537253823,EXP_DEnsembleModel_Alpha158_csi300_custom_step0_s_20260807_13,7d937721f61d4a179e670888d0641c2e,0.053,,,
790,2026-08-07,SH601988,0.058022399206511886,EXP_DEnsembleModel_Alpha158_csi300_custom_step0_s_20260807_13,7d937721f61d4a179e670888d0641c2e,0.053,,,
791,2026-08-07,SH601995,0.02568947373893052,EXP_DEnsembleModel_Alpha158_csi300_custom_step0_s_20260807_13,7d937721f61d4a179e670888d0641c2e,0.053,,,
792,2026-08-07,SH601998,-0.00280710880236176,EXP_DEnsembleModel_Alpha158_csi300_custom_step0_s_20260807_13,7d937721f61d4a179e670888d0641c2e,0.053,,,
793,2026-08-07,SH603019,-0.04381202137498644,EXP_DEnsembleModel_Alpha158_csi300_custom_step0_s_20260807_13,7d937721f61d4a179e670888d0641c2e,0.053,,,
794,2026-08-07,SH603259,-0.18489465570258962,EXP_DEnsembleModel_Alpha158_csi300_custom_step0_s_20260807_13,7d937721f61d4a179e670888d0641c2e,0.053,,,
795,2026-08-07,SH603260,0.0007570239451729389,EXP_DEnsembleModel_Alpha158_csi300_custom_step0_s_20260807_13,7d937721f61d4a179e670888d0641c2e,0.053,,,
796,2026-08-07,SH601901,0.06012912838370942,EXP_DEnsembleModel_Alpha158_csi300_custom_step0_s_20260807_13,7d937721f61d4a179e670888d0641c2e,0.053,,,
797,2026-08-07,SH601318,-0.03712724550629829,EXP_DEnsembleModel_Alpha158_csi300_custom_step0_s_20260807_13,7d937721f61d4a179e670888d0641c2e,0.053,,,
798,2026-08-07,SH601816,0.03923815070434365,EXP_DEnsembleModel_Alpha158_csi300_custom_step0_s_20260807_13,7d937721f61d4a179e670888d0641c2e,0.053,,,
799,2026-08-07,SH601788,0.08301398661164054,EXP_DEnsembleModel_Alpha158_csi300_custom_step0_s_20260807_13,7d937721f61d4a179e670888d0641c2e,0.053,,,
800,2026-08-07,SH601328,-0.038053126885786534,EXP_DEnsembleModel_Alpha158_csi300_custom_step0_s_20260807_13,7d937721f61d4a179e670888d0641c2e,0.053,,,
801,2026-08-07,SH601336,0.05817669975244424,EXP_DEnsembleModel_Alpha158_csi300_custom_step0_s_20260807_13,7d937721f61d4a179e670888d0641c2e,0.053,,,
802,2026-08-07,SH601360,-0.0375165891257018,EXP_DEnsembleModel_Alpha158_csi300_custom_step0_s_20260807_13,7d937721f61d4a179e670888d0641c2e,0.053,,,
803,2026-08-07,SH601377,0.09532572706281636,EXP_DEnsembleModel_Alpha158_csi300_custom_step0_s_20260807_13,7d937721f61d4a179e670888d0641c2e,0.053,,,
804,2026-08-07,SH601390,-0.0401307001441181,EXP_DEnsembleModel_Alpha158_csi300_custom_step0_s_20260807_13,7d937721f61d4a179e670888d0641c2e,0.053,,,
805,2026-08-07,SH601398,0.0017177591600598381,EXP_DEnsembleModel_Alpha158_csi300_custom_step0_s_20260807_13,7d937721f61d4a179e670888d0641c2e,0.053,,,
806,2026-08-07,SH601456,0.05815913212432296,EXP_DEnsembleModel_Alpha158_csi300_custom_step0_s_20260807_13,7d937721f61d4a179e670888d0641c2e,0.053,,,
807,2026-08-07,SH601600,-0.08027119341395632,EXP_DEnsembleModel_Alpha158_csi300_custom_step0_s_20260807_13,7d937721f61d4a179e670888d0641c2e,0.053,,,
808,2026-08-07,SH601601,-0.060730153818762504,EXP_DEnsembleModel_Alpha158_csi300_custom_step0_s_20260807_13,7d937721f61d4a179e670888d0641c2e,0.053,,,
809,2026-08-07,SH601607,0.057977128690496316,EXP_DEnsembleModel_Alpha158_csi300_custom_step0_s_20260807_13,7d937721f61d4a179e670888d0641c2e,0.053,,,
810,2026-08-07,SH601800,-0.060538392278442106,EXP_DEnsembleModel_Alpha158_csi300_custom_step0_s_20260807_13,7d937721f61d4a179e670888d0641c2e,0.053,,,
811,2026-08-07,SH601618,0.0058800053671561325,EXP_DEnsembleModel_Alpha158_csi300_custom_step0_s_20260807_13,7d937721f61d4a179e670888d0641c2e,0.053,,,
812,2026-08-07,SH601633,-0.07468540227896368,EXP_DEnsembleModel_Alpha158_csi300_custom_step0_s_20260807_13,7d937721f61d4a179e670888d0641c2e,0.053,,,
813,2026-08-07,SH601658,0.024512023226879884,EXP_DEnsembleModel_Alpha158_csi300_custom_step0_s_20260807_13,7d937721f61d4a179e670888d0641c2e,0.053,,,
814,2026-08-07,SH601668,-0.009252461095779844,EXP_DEnsembleModel_Alpha158_csi300_custom_step0_s_20260807_13,7d937721f61d4a179e670888d0641c2e,0.053,,,
815,2026-08-07,SH601669,-0.015284617881229458,EXP_DEnsembleModel_Alpha158_csi300_custom_step0_s_20260807_13,7d937721f61d4a179e670888d0641c2e,0.053,,,
816,2026-08-07,SH601688,-0.019700688341179835,EXP_DEnsembleModel_Alpha158_csi300_custom_step0_s_20260807_13,7d937721f61d4a179e670888d0641c2e,0.053,,,
817,2026-08-07,SH601689,0.17831889633954837,EXP_DEnsembleModel_Alpha158_csi300_custom_step0_s_20260807_13,7d937721f61d4a179e670888d0641c2e,0.053,,,
818,2026-08-07,SH601698,-0.04096777487365704,EXP_DEnsembleModel_Alpha158_csi300_custom_step0_s_20260807_13,7d937721f61d4a179e670888d0641c2e,0.053,,,
819,2026-08-07,SH601727,-0.07299979255298002,EXP_DEnsembleModel_Alpha158_csi300_custom_step0_s_20260807_13,7d937721f61d4a179e670888d0641c2e,0.053,,,
820,2026-08-07,SH601728,-0.09655286494333859,EXP_DEnsembleModel_Alpha158_csi300_custom_step0_s_20260807_13,7d937721f61d4a179e670888d0641c2e,0.053,,,
821,2026-08-07,SH601766,-0.013483440008248717,EXP_DEnsembleModel_Alpha158_csi300_custom_step0_s_20260807_13,7d937721f61d4a179e670888d0641c2e,0.053,,,
822,2026-08-07,SH601628,-0.04898668616490606,EXP_DEnsembleModel_Alpha158_csi300_custom_step0_s_20260807_13,7d937721f61d4a179e670888d0641c2e,0.053,,,
823,2026-08-07,SH601985,0.08646812927563763,EXP_DEnsembleModel_Alpha158_csi300_custom_step0_s_20260807_13,60f2d98061524dda8862012dacffda18,0.068,,,
824,2026-08-07,SH600905,0.05897684767842293,EXP_LinearModel_Alpha158_csi300_custom_step0_s_20260807_13,b30c126473f74b2891555c4844ca7284,0.073,,,
825,2026-08-07,SH600919,0.03255034238100052,EXP_LinearModel_Alpha158_csi300_custom_step0_s_20260807_13,b30c126473f74b2891555c4844ca7284,0.073,,,
826,2026-08-07,SH600050,-0.007033391855657101,EXP_XGBModel_Alpha158_csi300_custom_step0_s_20260807_13,a208273b295d49d28edfebe804c6005f,0.052,,,
827,2026-08-07,SH600061,0.031014377251267433,EXP_XGBModel_Alpha158_csi300_custom_step0_s_20260807_13,a208273b295d49d28edfebe804c6005f,0.052,,,
828,2026-08-07,SH600066,-0.010015729814767838,EXP_XGBModel_Alpha158_csi300_custom_step0_s_20260807_13,a208273b295d49d28edfebe804c6005f,0.052,,,
829,2026-08-07,SH600085,-0.004777190741151571,EXP_XGBModel_Alpha158_csi300_custom_step0_s_20260807_13,a208273b295d49d28edfebe804c6005f,0.052,,,
830,2026-08-07,SH600089,-0.01130674034357071,EXP_XGBModel_Alpha158_csi300_custom_step0_s_20260807_13,a208273b295d49d28edfebe804c6005f,0.052,,,
831,2026-08-07,SH600104,-0.053893834352493286,EXP_XGBModel_Alpha158_csi300_custom_step0_s_20260807_13,a208273b295d49d28edfebe804c6005f,0.052,,,
832,2026-08-07,SH600111,0.03244500234723091,EXP_XGBModel_Alpha158_csi300_custom_step0_s_20260807_13,a208273b295d49d28edfebe804c6005f,0.052,,,
833,2026-08-07,SH600115,0.007729168049991131,EXP_XGBModel_Alpha158_csi300_custom_step0_s_20260807_13,a208273b295d49d28edfebe804c6005f,0.052,,,
834,2026-08-07,SH600118,0.5901575684547424,EXP_XGBModel_Alpha158_csi300_custom_step0_s_20260807_13,a208273b295d49d28edfebe804c6005f,0.052,,,
835,2026-08-07,SH600150,-0.027034619823098183,EXP_XGBModel_Alpha158_csi300_custom_step0_s_20260807_13,a208273b295d49d28edfebe804c6005f,0.052,,,
836,2026-08-07,SH600160,-0.01093316450715065,EXP_XGBModel_Alpha158_csi300_custom_step0_s_20260807_13,a208273b295d49d28edfebe804c6005f,0.052,,,
837,2026-08-07,SH600176,0.20653879642486572,EXP_XGBModel_Alpha158_csi300_custom_step0_s_20260807_13,a208273b295d49d28edfebe804c6005f,0.052,,,
838,2026-08-07,SH600183,0.21885885298252106,EXP_XGBModel_Alpha158_csi300_custom_step0_s_20260807_13,a208273b295d49d28edfebe804c6005f,0.052,,,
839,2026-08-07,SH600188,-0.10225560516119003,EXP_XGBModel_Alpha158_csi300_custom_step0_s_20260807_13,a208273b295d49d28edfebe804c6005f,0.052,,,
840,2026-08-07,SH600196,0.049562737345695496,EXP_XGBModel_Alpha158_csi300_custom_step0_s_20260807_13,a208273b295d49d28edfebe804c6005f,0.052,,,
841,2026-08-07,SH600219,-0.019451210275292397,EXP_XGBModel_Alpha158_csi300_custom_step0_s_20260807_13,a208273b295d49d28edfebe804c6005f,0.052,,,
842,2026-08-07,SH600221,0.03038051910698414,EXP_XGBModel_Alpha158_csi300_custom_step0_s_20260807_13,a208273b295d49d28edfebe804c6005f,0.052,,,
843,2026-08-07,SH600233,-0.03641349449753761,EXP_XGBModel_Alpha158_csi300_custom_step0_s_20260807_13,a208273b295d49d28edfebe804c6005f,0.052,,,
844,2026-08-07,SH600276,-0.0009607441024854779,EXP_XGBModel_Alpha158_csi300_custom_step0_s_20260807_13,a208273b295d49d28edfebe804c6005f,0.052,,,
845,2026-08-07,SH600309,0.06373433023691177,EXP_XGBModel_Alpha158_csi300_custom_step0_s_20260807_13,a208273b295d49d28edfebe804c6005f,0.052,,,
846,2026-08-07,SH600346,-0.005840251222252846,EXP_XGBModel_Alpha158_csi300_custom_step0_s_20260807_13,a208273b295d49d28edfebe804c6005f,0.052,,,
847,2026-08-07,SH600048,-0.02725451998412609,EXP_XGBModel_Alpha158_csi300_custom_step0_s_20260807_13,a208273b295d49d28edfebe804c6005f,0.052,,,
848,2026-08-07,SH600039,-0.02770465612411499,EXP_XGBModel_Alpha158_csi300_custom_step0_s_20260807_13,a208273b295d49d28edfebe804c6005f,0.052,,,
849,2026-08-07,SH600036,0.01458686776459217,EXP_XGBModel_Alpha158_csi300_custom_step0_s_20260807_13,a208273b295d49d28edfebe804c6005f,0.052,,,
850,2026-08-07,SH600031,0.004159233067184687,EXP_XGBModel_Alpha158_csi300_custom_step0_s_20260807_13,a208273b295d49d28edfebe804c6005f,0.052,,,
851,2026-08-07,SZ300896,-0.10907206684350967,EXP_XGBModel_Alpha158_csi300_custom_step0_s_20260807_13,7c4916240aa44e45803266c536700f7e,0.13,,,
852,2026-08-07,SZ300999,0.0038730427622795105,EXP_XGBModel_Alpha158_csi300_custom_step0_s_20260807_13,7c4916240aa44e45803266c536700f7e,0.13,,,
853,2026-08-07,SZ301165,-0.12266241014003754,EXP_XGBModel_Alpha158_csi300_custom_step0_s_20260807_13,7c4916240aa44e45803266c536700f7e,0.13,,,
854,2026-08-07,SZ301236,-0.053258102387189865,EXP_XGBModel_Alpha158_csi300_custom_step0_s_20260807_13,7c4916240aa44e45803266c536700f7e,0.13,,,
855,2026-08-07,SZ301269,0.08042551577091217,EXP_XGBModel_Alpha158_csi300_custom_step0_s_20260807_13,7c4916240aa44e45803266c536700f7e,0.13,,,
856,2026-08-07,SZ301308,0.6301181316375732,EXP_XGBModel_Alpha158_csi300_custom_step0_s_20260807_13,7c4916240aa44e45803266c536700f7e,0.13,,,
857,2026-08-07,SZ302132,-0.010630261152982712,EXP_XGBModel_Alpha158_csi300_custom_step0_s_20260807_13,7c4916240aa44e45803266c536700f7e,0.13,,,
858,2026-08-07,SH600000,-0.001759702106937766,EXP_XGBModel_Alpha158_csi300_custom_step0_s_20260807_13,a208273b295d49d28edfebe804c6005f,0.052,,,
859,2026-08-07,SH600009,0.002093006856739521,EXP_XGBModel_Alpha158_csi300_custom_step0_s_20260807_13,a208273b295d49d28edfebe804c6005f,0.052,,,
860,2026-08-07,SH600010,-0.01863730140030384,EXP_XGBModel_Alpha158_csi300_custom_step0_s_20260807_13,a208273b295d49d28edfebe804c6005f,0.052,,,
861,2026-08-07,SH600362,0.025900159031152725,EXP_XGBModel_Alpha158_csi300_custom_step0_s_20260807_13,a208273b295d49d28edfebe804c6005f,0.052,,,
862,2026-08-07,SH600011,-0.004370872396975756,EXP_XGBModel_Alpha158_csi300_custom_step0_s_20260807_13,a208273b295d49d28edfebe804c6005f,0.052,,,
863,2026-08-07,SH600016,0.02640329860150814,EXP_XGBModel_Alpha158_csi300_custom_step0_s_20260807_13,a208273b295d49d28edfebe804c6005f,0.052,,,
864,2026-08-07,SH600018,0.04975089803338051,EXP_XGBModel_Alpha158_csi300_custom_step0_s_20260807_13,a208273b295d49d28edfebe804c6005f,0.052,,,
865,2026-08-07,SH600019,-0.026666922494769096,EXP_XGBModel_Alpha158_csi300_custom_step0_s_20260807_13,a208273b295d49d28edfebe804c6005f,0.052,,,
866,2026-08-07,SH600023,0.005325500387698412,EXP_XGBModel_Alpha158_csi300_custom_step0_s_20260807_13,a208273b295d49d28edfebe804c6005f,0.052,,,
867,2026-08-07,SH600025,-0.0012177403550595045,EXP_XGBModel_Alpha158_csi300_custom_step0_s_20260807_13,a208273b295d49d28edfebe804c6005f,0.052,,,
868,2026-08-07,SH600026,-0.09084966033697128,EXP_XGBModel_Alpha158_csi300_custom_step0_s_20260807_13,a208273b295d49d28edfebe804c6005f,0.052,,,
869,2026-08-07,SH600027,0.0077339536510407925,EXP_XGBModel_Alpha158_csi300_custom_step0_s_20260807_13,a208273b295d49d28edfebe804c6005f,0.052,,,
870,2026-08-07,SH600028,-0.008095755241811275,EXP_XGBModel_Alpha158_csi300_custom_step0_s_20260807_13,a208273b295d49d28edfebe804c6005f,0.052,,,
871,2026-08-07,SH600029,0.01811845973134041,EXP_XGBModel_Alpha158_csi300_custom_step0_s_20260807_13,a208273b295d49d28edfebe804c6005f,0.052,,,
872,2026-08-07,SH600030,0.028775345534086227,EXP_XGBModel_Alpha158_csi300_custom_step0_s_20260807_13,a208273b295d49d28edfebe804c6005f,0.052,,,
873,2026-08-07,SH600015,0.0049546854570508,EXP_XGBModel_Alpha158_csi300_custom_step0_s_20260807_13,a208273b295d49d28edfebe804c6005f,0.052,,,
874,2026-08-07,SH600372,0.017689738422632217,EXP_XGBModel_Alpha158_csi300_custom_step0_s_20260807_13,a208273b295d49d28edfebe804c6005f,0.052,,,
875,2026-08-07,SH600406,-0.0038312405813485384,EXP_XGBModel_Alpha158_csi300_custom_step0_s_20260807_13,a208273b295d49d28edfebe804c6005f,0.052,,,
876,2026-08-07,SH600415,-0.03501012176275253,EXP_XGBModel_Alpha158_csi300_custom_step0_s_20260807_13,a208273b295d49d28edfebe804c6005f,0.052,,,
877,2026-08-07,SH600886,0.008703351952135563,EXP_XGBModel_Alpha158_csi300_custom_step0_s_20260807_13,a208273b295d49d28edfebe804c6005f,0.052,,,
878,2026-08-07,SH600887,0.0033546716440469027,EXP_XGBModel_Alpha158_csi300_custom_step0_s_20260807_13,a208273b295d49d28edfebe804c6005f,0.052,,,
879,2026-08-07,SH600893,0.15744446218013763,EXP_XGBModel_Alpha158_csi300_custom_step0_s_20260807_13,a208273b295d49d28edfebe804c6005f,0.052,,,
880,2026-08-07,SH600900,0.00960809551179409,EXP_XGBModel_Alpha158_csi300_custom_step0_s_20260807_13,a208273b295d49d28edfebe804c6005f,0.052,,,
881,2026-08-07,SH600905,0.026600457727909088,EXP_XGBModel_Alpha158_csi300_custom_step0_s_20260807_13,a208273b295d49d28edfebe804c6005f,0.052,,,
882,2026-08-07,SH600918,0.03355863690376282,EXP_XGBModel_Alpha158_csi300_custom_step0_s_20260807_13,a208273b295d49d28edfebe804c6005f,0.052,,,
883,2026-08-07,SH600919,0.05059769004583359,EXP_XGBModel_Alpha158_csi300_custom_step0_s_20260807_13,a208273b295d49d28edfebe804c6005f,0.052,,,
884,2026-08-07,SH600926,0.030128560960292816,EXP_XGBModel_Alpha158_csi300_custom_step0_s_20260807_13,a208273b295d49d28edfebe804c6005f,0.052,,,
885,2026-08-07,SH600930,-0.04724453017115593,EXP_XGBModel_Alpha158_csi300_custom_step0_s_20260807_13,a208273b295d49d28edfebe804c6005f,0.052,,,
886,2026-08-07,SH600938,-0.02190827578306198,EXP_XGBModel_Alpha158_csi300_custom_step0_s_20260807_13,a208273b295d49d28edfebe804c6005f,0.052,,,
887,2026-08-07,SH600875,-0.0279969684779644,EXP_XGBModel_Alpha158_csi300_custom_step0_s_20260807_13,a208273b295d49d28edfebe804c6005f,0.052,,,
888,2026-08-07,SH600941,0.006231248378753662,EXP_XGBModel_Alpha158_csi300_custom_step0_s_20260807_13,a208273b295d49d28edfebe804c6005f,0.052,,,
889,2026-08-07,SH600989,-0.03655850887298584,EXP_XGBModel_Alpha158_csi300_custom_step0_s_20260807_13,a208273b295d49d28edfebe804c6005f,0.052,,,
890,2026-08-07,SH600999,-0.013181144371628761,EXP_XGBModel_Alpha158_csi300_custom_step0_s_20260807_13,a208273b295d49d28edfebe804c6005f,0.052,,,
891,2026-08-07,SH601006,-0.014044179581105709,EXP_XGBModel_Alpha158_csi300_custom_step0_s_20260807_13,a208273b295d49d28edfebe804c6005f,0.052,,,
892,2026-08-07,SH601009,0.012525754049420357,EXP_XGBModel_Alpha158_csi300_custom_step0_s_20260807_13,a208273b295d49d28edfebe804c6005f,0.052,,,
893,2026-08-07,SH601012,0.00582616962492466,EXP_XGBModel_Alpha158_csi300_custom_step0_s_20260807_13,a208273b295d49d28edfebe804c6005f,0.052,,,
894,2026-08-07,SH601018,0.01373275462538004,EXP_XGBModel_Alpha158_csi300_custom_step0_s_20260807_13,a208273b295d49d28edfebe804c6005f,0.052,,,
895,2026-08-07,SH601021,0.03297051414847374,EXP_XGBModel_Alpha158_csi300_custom_step0_s_20260807_13,a208273b295d49d28edfebe804c6005f,0.052,,,
896,2026-08-07,SH601058,-0.013619039207696915,EXP_XGBModel_Alpha158_csi300_custom_step0_s_20260807_13,a208273b295d49d28edfebe804c6005f,0.052,,,
897,2026-08-07,SH601059,0.044080983847379684,EXP_XGBModel_Alpha158_csi300_custom_step0_s_20260807_13,a208273b295d49d28edfebe804c6005f,0.052,,,
898,2026-08-07,SH601066,-0.015076464973390102,EXP_XGBModel_Alpha158_csi300_custom_step0_s_20260807_13,a208273b295d49d28edfebe804c6005f,0.052,,,
899,2026-08-07,SH600958,0.02529238350689411,EXP_XGBModel_Alpha158_csi300_custom_step0_s_20260807_13,a208273b295d49d28edfebe804c6005f,0.052,,,
900,2026-08-07,SZ300866,-0.050543345510959625,EXP_XGBModel_Alpha158_csi300_custom_step0_s_20260807_13,7c4916240aa44e45803266c536700f7e,0.13,,,
901,2026-08-07,SH600845,-0.052394989877939224,EXP_XGBModel_Alpha158_csi300_custom_step0_s_20260807_13,a208273b295d49d28edfebe804c6005f,0.052,,,
902,2026-08-07,SH600803,-0.025545816868543625,EXP_XGBModel_Alpha158_csi300_custom_step0_s_20260807_13,a208273b295d49d28edfebe804c6005f,0.052,,,
903,2026-08-07,SH600426,-0.012607663869857788,EXP_XGBModel_Alpha158_csi300_custom_step0_s_20260807_13,a208273b295d49d28edfebe804c6005f,0.052,,,
904,2026-08-07,SH600436,-0.02026202529668808,EXP_XGBModel_Alpha158_csi300_custom_step0_s_20260807_13,a208273b295d49d28edfebe804c6005f,0.052,,,
905,2026-08-07,SH600438,-0.11497791856527328,EXP_XGBModel_Alpha158_csi300_custom_step0_s_20260807_13,a208273b295d49d28edfebe804c6005f,0.052,,,
906,2026-08-07,SH600460,0.4343901574611664,EXP_XGBModel_Alpha158_csi300_custom_step0_s_20260807_13,a208273b295d49d28edfebe804c6005f,0.052,,,
907,2026-08-07,SH600482,-0.033841781318187714,EXP_XGBModel_Alpha158_csi300_custom_step0_s_20260807_13,a208273b295d49d28edfebe804c6005f,0.052,,,
908,2026-08-07,SH600489,-0.05842142552137375,EXP_XGBModel_Alpha158_csi300_custom_step0_s_20260807_13,a208273b295d49d28edfebe804c6005f,0.052,,,
909,2026-08-07,SH600515,-0.00912044569849968,EXP_XGBModel_Alpha158_csi300_custom_step0_s_20260807_13,a208273b295d49d28edfebe804c6005f,0.052,,,
910,2026-08-07,SH600519,-0.0016239273827522993,EXP_XGBModel_Alpha158_csi300_custom_step0_s_20260807_13,a208273b295d49d28edfebe804c6005f,0.052,,,
911,2026-08-07,SH600522,0.6607825756072998,EXP_XGBModel_Alpha158_csi300_custom_step0_s_20260807_13,a208273b295d49d28edfebe804c6005f,0.052,,,
912,2026-08-07,SH600547,-0.07073500752449036,EXP_XGBModel_Alpha158_csi300_custom_step0_s_20260807_13,a208273b295d49d28edfebe804c6005f,0.052,,,
913,2026-08-07,SH600809,-0.012976203113794327,EXP_XGBModel_Alpha158_csi300_custom_step0_s_20260807_13,a208273b295d49d28edfebe804c6005f,0.052,,,
914,2026-08-07,SH600549,0.2623103857040405,EXP_XGBModel_Alpha158_csi300_custom_step0_s_20260807_13,a208273b295d49d28edfebe804c6005f,0.052,,,
915,2026-08-07,SH600584,0.4681648910045624,EXP_XGBModel_Alpha158_csi300_custom_step0_s_20260807_13,a208273b295d49d28edfebe804c6005f,0.052,,,
916,2026-08-07,SH600585,-0.013555367477238178,EXP_XGBModel_Alpha158_csi300_custom_step0_s_20260807_13,a208273b295d49d28edfebe804c6005f,0.052,,,
917,2026-08-07,SH600588,-0.04240753874182701,EXP_XGBModel_Alpha158_csi300_custom_step0_s_20260807_13,a208273b295d49d28edfebe804c6005f,0.052,,,
918,2026-08-07,SH600600,-0.035833731293678284,EXP_XGBModel_Alpha158_csi300_custom_step0_s_20260807_13,a208273b295d49d28edfebe804c6005f,0.052,,,
919,2026-08-07,SH600660,0.008287475444376469,EXP_XGBModel_Alpha158_csi300_custom_step0_s_20260807_13,a208273b295d49d28edfebe804c6005f,0.052,,,
920,2026-08-07,SH600674,-0.003729331772774458,EXP_XGBModel_Alpha158_csi300_custom_step0_s_20260807_13,a208273b295d49d28edfebe804c6005f,0.052,,,
921,2026-08-07,SH600690,0.009403633885085583,EXP_XGBModel_Alpha158_csi300_custom_step0_s_20260807_13,a208273b295d49d28edfebe804c6005f,0.052,,,
922,2026-08-07,SH600741,0.008208871819078922,EXP_XGBModel_Alpha158_csi300_custom_step0_s_20260807_13,a208273b295d49d28edfebe804c6005f,0.052,,,
923,2026-08-07,SH600760,0.005699104629456997,EXP_XGBModel_Alpha158_csi300_custom_step0_s_20260807_13,a208273b295d49d28edfebe804c6005f,0.052,,,
924,2026-08-07,SH600795,0.016050910577178,EXP_XGBModel_Alpha158_csi300_custom_step0_s_20260807_13,a208273b295d49d28edfebe804c6005f,0.052,,,
925,2026-08-07,SH600570,-0.029313215985894203,EXP_XGBModel_Alpha158_csi300_custom_step0_s_20260807_13,a208273b295d49d28edfebe804c6005f,0.052,,,
926,2026-08-07,SH601077,0.008668459951877594,EXP_XGBModel_Alpha158_csi300_custom_step0_s_20260807_13,a208273b295d49d28edfebe804c6005f,0.052,,,
927,2026-08-07,SZ300832,-0.033019792288541794,EXP_XGBModel_Alpha158_csi300_custom_step0_s_20260807_13,7c4916240aa44e45803266c536700f7e,0.13,,,
928,2026-08-07,SZ300760,-0.027379760518670082,EXP_XGBModel_Alpha158_csi300_custom_step0_s_20260807_13,7c4916240aa44e45803266c536700f7e,0.13,,,
929,2026-08-07,SZ000938,-0.09268858283758163,EXP_XGBModel_Alpha158_csi300_custom_step0_s_20260807_13,7c4916240aa44e45803266c536700f7e,0.13,,,
930,2026-08-07,SZ000963,-0.017061080783605576,EXP_XGBModel_Alpha158_csi300_custom_step0_s_20260807_13,7c4916240aa44e45803266c536700f7e,0.13,,,
931,2026-08-07,SZ000975,-0.1918332427740097,EXP_XGBModel_Alpha158_csi300_custom_step0_s_20260807_13,7c4916240aa44e45803266c536700f7e,0.13,,,
932,2026-08-07,SZ000977,-0.09514749050140381,EXP_XGBModel_Alpha158_csi300_custom_step0_s_20260807_13,7c4916240aa44e45803266c536700f7e,0.13,,,
933,2026-08-07,SZ000988,0.2731844186782837,EXP_XGBModel_Alpha158_csi300_custom_step0_s_20260807_13,7c4916240aa44e45803266c536700f7e,0.13,,,
934,2026-08-07,SZ000999,0.018176088109612465,EXP_XGBModel_Alpha158_csi300_custom_step0_s_20260807_13,7c4916240aa44e45803266c536700f7e,0.13,,,
935,2026-08-07,SZ001280,-0.04611939191818237,EXP_XGBModel_Alpha158_csi300_custom_step0_s_20260807_13,7c4916240aa44e45803266c536700f7e,0.13,,,
936,2026-08-07,SZ001391,0.024037735536694527,EXP_XGBModel_Alpha158_csi300_custom_step0_s_20260807_13,7c4916240aa44e45803266c536700f7e,0.13,,,
937,2026-08-07,SZ001965,-0.012156632728874683,EXP_XGBModel_Alpha158_csi300_custom_step0_s_20260807_13,7c4916240aa44e45803266c536700f7e,0.13,,,
938,2026-08-07,SZ001979,-0.02549581415951252,EXP_XGBModel_Alpha158_csi300_custom_step0_s_20260807_13,7c4916240aa44e45803266c536700f7e,0.13,,,
939,2026-08-07,SZ002001,0.00874900259077549,EXP_XGBModel_Alpha158_csi300_custom_step0_s_20260807_13,7c4916240aa44e45803266c536700f7e,0.13,,,
940,2026-08-07,SZ002027,-0.03540031239390373,EXP_XGBModel_Alpha158_csi300_custom_step0_s_20260807_13,7c4916240aa44e45803266c536700f7e,0.13,,,
941,2026-08-07,SZ002028,-0.014371218159794807,EXP_XGBModel_Alpha158_csi300_custom_step0_s_20260807_13,7c4916240aa44e45803266c536700f7e,0.13,,,
942,2026-08-07,SZ002049,0.133313849568367,EXP_XGBModel_Alpha158_csi300_custom_step0_s_20260807_13,7c4916240aa44e45803266c536700f7e,0.13,,,
943,2026-08-07,SZ002050,0.010668809525668621,EXP_XGBModel_Alpha158_csi300_custom_step0_s_20260807_13,7c4916240aa44e45803266c536700f7e,0.13,,,
944,2026-08-07,SZ002074,-0.023524200543761253,EXP_XGBModel_Alpha158_csi300_custom_step0_s_20260807_13,7c4916240aa44e45803266c536700f7e,0.13,,,
945,2026-08-07,SZ002142,0.03932467848062515,EXP_XGBModel_Alpha158_csi300_custom_step0_s_20260807_13,7c4916240aa44e45803266c536700f7e,0.13,,,
946,2026-08-07,SZ002179,0.028973378241062164,EXP_XGBModel_Alpha158_csi300_custom_step0_s_20260807_13,7c4916240aa44e45803266c536700f7e,0.13,,,
947,2026-08-07,SZ002202,0.21733570098876953,EXP_XGBModel_Alpha158_csi300_custom_step0_s_20260807_13,7c4916240aa44e45803266c536700f7e,0.13,,,
948,2026-08-07,SZ002230,-0.04767301306128502,EXP_XGBModel_Alpha158_csi300_custom_step0_s_20260807_13,7c4916240aa44e45803266c536700f7e,0.13,,,
949,2026-08-07,SZ002236,0.011320125311613083,EXP_XGBModel_Alpha158_csi300_custom_step0_s_20260807_13,7c4916240aa44e45803266c536700f7e,0.13,,,
950,2026-08-07,SZ000895,-0.008599967695772648,EXP_XGBModel_Alpha158_csi300_custom_step0_s_20260807_13,7c4916240aa44e45803266c536700f7e,0.13,,,
951,2026-08-07,SZ000858,-0.027310680598020554,EXP_XGBModel_Alpha158_csi300_custom_step0_s_20260807_13,7c4916240aa44e45803266c536700f7e,0.13,,,
952,2026-08-07,SZ000807,-0.06619980931282043,EXP_XGBModel_Alpha158_csi300_custom_step0_s_20260807_13,7c4916240aa44e45803266c536700f7e,0.13,,,
953,2026-08-07,SZ000792,-0.010900136083364487,EXP_XGBModel_Alpha158_csi300_custom_step0_s_20260807_13,7c4916240aa44e45803266c536700f7e,0.13,,,
954,2026-08-07,SZ000002,-0.03162330761551857,EXP_XGBModel_Alpha158_csi300_custom_step0_s_20260807_13,7c4916240aa44e45803266c536700f7e,0.13,,,
955,2026-08-07,SZ000063,-0.01983647421002388,EXP_XGBModel_Alpha158_csi300_custom_step0_s_20260807_13,7c4916240aa44e45803266c536700f7e,0.13,,,
956,2026-08-07,SZ000100,-0.02868988737463951,EXP_XGBModel_Alpha158_csi300_custom_step0_s_20260807_13,7c4916240aa44e45803266c536700f7e,0.13,,,
957,2026-08-07,SZ000157,-0.005529371555894613,EXP_XGBModel_Alpha158_csi300_custom_step0_s_20260807_13,7c4916240aa44e45803266c536700f7e,0.13,,,
958,2026-08-07,SZ000166,0.03408189117908478,EXP_XGBModel_Alpha158_csi300_custom_step0_s_20260807_13,7c4916240aa44e45803266c536700f7e,0.13,,,
959,2026-08-07,SZ000301,-0.027593152597546577,EXP_XGBModel_Alpha158_csi300_custom_step0_s_20260807_13,7c4916240aa44e45803266c536700f7e,0.13,,,
960,2026-08-07,SZ000333,-0.0006870217039249837,EXP_XGBModel_Alpha158_csi300_custom_step0_s_20260807_13,7c4916240aa44e45803266c536700f7e,0.13,,,
961,2026-08-07,SZ000338,-0.055639561265707016,EXP_XGBModel_Alpha158_csi300_custom_step0_s_20260807_13,7c4916240aa44e45803266c536700f7e,0.13,,,
962,2026-08-07,SZ000408,-0.11148902773857117,EXP_XGBModel_Alpha158_csi300_custom_step0_s_20260807_13,7c4916240aa44e45803266c536700f7e,0.13,,,
963,2026-08-07,SZ000425,-0.027715710923075676,EXP_XGBModel_Alpha158_csi300_custom_step0_s_20260807_13,7c4916240aa44e45803266c536700f7e,0.13,,,
964,2026-08-07,SZ002241,-0.011019298806786537,EXP_XGBModel_Alpha158_csi300_custom_step0_s_20260807_13,7c4916240aa44e45803266c536700f7e,0.13,,,
965,2026-08-07,SZ000538,0.007613088935613632,EXP_XGBModel_Alpha158_csi300_custom_step0_s_20260807_13,7c4916240aa44e45803266c536700f7e,0.13,,,
966,2026-08-07,SZ000596,-0.07063715159893036,EXP_XGBModel_Alpha158_csi300_custom_step0_s_20260807_13,7c4916240aa44e45803266c536700f7e,0.13,,,
967,2026-08-07,SZ000617,-0.014914129860699177,EXP_XGBModel_Alpha158_csi300_custom_step0_s_20260807_13,7c4916240aa44e45803266c536700f7e,0.13,,,
968,2026-08-07,SZ000625,-0.005833700764924288,EXP_XGBModel_Alpha158_csi300_custom_step0_s_20260807_13,7c4916240aa44e45803266c536700f7e,0.13,,,
969,2026-08-07,SZ000630,-0.05511634796857834,EXP_XGBModel_Alpha158_csi300_custom_step0_s_20260807_13,7c4916240aa44e45803266c536700f7e,0.13,,,
970,2026-08-07,SZ000651,0.012103714980185032,EXP_XGBModel_Alpha158_csi300_custom_step0_s_20260807_13,7c4916240aa44e45803266c536700f7e,0.13,,,
971,2026-08-07,SZ000657,0.3216682970523834,EXP_XGBModel_Alpha158_csi300_custom_step0_s_20260807_13,7c4916240aa44e45803266c536700f7e,0.13,,,
972,2026-08-07,SZ000708,-0.005917466711252928,EXP_XGBModel_Alpha158_csi300_custom_step0_s_20260807_13,7c4916240aa44e45803266c536700f7e,0.13,,,
973,2026-08-07,SZ000725,0.04757854342460632,EXP_XGBModel_Alpha158_csi300_custom_step0_s_20260807_13,7c4916240aa44e45803266c536700f7e,0.13,,,
974,2026-08-07,SZ000768,0.011679548770189285,EXP_XGBModel_Alpha158_csi300_custom_step0_s_20260807_13,7c4916240aa44e45803266c536700f7e,0.13,,,
975,2026-08-07,SZ000776,-0.01964667998254299,EXP_XGBModel_Alpha158_csi300_custom_step0_s_20260807_13,7c4916240aa44e45803266c536700f7e,0.13,,,
976,2026-08-07,SZ000568,-0.031234709545969963,EXP_XGBModel_Alpha158_csi300_custom_step0_s_20260807_13,7c4916240aa44e45803266c536700f7e,0.13,,,
977,2026-08-07,SZ002304,-0.021601051092147827,EXP_XGBModel_Alpha158_csi300_custom_step0_s_20260807_13,7c4916240aa44e45803266c536700f7e,0.13,,,
978,2026-08-07,SZ002311,-0.00102635205257684,EXP_XGBModel_Alpha158_csi300_custom_step0_s_20260807_13,7c4916240aa44e45803266c536700f7e,0.13,,,
979,2026-08-07,SZ002352,-0.00464598648250103,EXP_XGBModel_Alpha158_csi300_custom_step0_s_20260807_13,7c4916240aa44e45803266c536700f7e,0.13,,,
980,2026-08-07,SZ300015,-0.05131477862596512,EXP_XGBModel_Alpha158_csi300_custom_step0_s_20260807_13,7c4916240aa44e45803266c536700f7e,0.13,,,
981,2026-08-07,SZ300033,-0.036318305879831314,EXP_XGBModel_Alpha158_csi300_custom_step0_s_20260807_13,7c4916240aa44e45803266c536700f7e,0.13,,,
982,2026-08-07,SZ300059,-0.0052255308255553246,EXP_XGBModel_Alpha158_csi300_custom_step0_s_20260807_13,7c4916240aa44e45803266c536700f7e,0.13,,,
983,2026-08-07,SZ300122,-0.036620188504457474,EXP_XGBModel_Alpha158_csi300_custom_step0_s_20260807_13,7c4916240aa44e45803266c536700f7e,0.13,,,
984,2026-08-07,SZ300124,-0.014043989591300488,EXP_XGBModel_Alpha158_csi300_custom_step0_s_20260807_13,7c4916240aa44e45803266c536700f7e,0.13,,,
985,2026-08-07,SZ300251,-0.04107450693845749,EXP_XGBModel_Alpha158_csi300_custom_step0_s_20260807_13,7c4916240aa44e45803266c536700f7e,0.13,,,
986,2026-08-07,SZ300274,0.494620680809021,EXP_XGBModel_Alpha158_csi300_custom_step0_s_20260807_13,7c4916240aa44e45803266c536700f7e,0.13,,,
987,2026-08-07,SZ300308,0.3587762415409088,EXP_XGBModel_Alpha158_csi300_custom_step0_s_20260807_13,7c4916240aa44e45803266c536700f7e,0.13,,,
988,2026-08-07,SZ300316,0.2169947773218155,EXP_XGBModel_Alpha158_csi300_custom_step0_s_20260807_13,7c4916240aa44e45803266c536700f7e,0.13,,,
989,2026-08-07,SZ300394,0.43059101700782776,EXP_XGBModel_Alpha158_csi300_custom_step0_s_20260807_13,7c4916240aa44e45803266c536700f7e,0.13,,,
990,2026-08-07,SZ300014,-0.023822106420993805,EXP_XGBModel_Alpha158_csi300_custom_step0_s_20260807_13,7c4916240aa44e45803266c536700f7e,0.13,,,
991,2026-08-07,SZ300408,0.10003621131181717,EXP_XGBModel_Alpha158_csi300_custom_step0_s_20260807_13,7c4916240aa44e45803266c536700f7e,0.13,,,
992,2026-08-07,SZ300418,0.022451533004641533,EXP_XGBModel_Alpha158_csi300_custom_step0_s_20260807_13,7c4916240aa44e45803266c536700f7e,0.13,,,
993,2026-08-07,SZ300433,0.19508036971092224,EXP_XGBModel_Alpha158_csi300_custom_step0_s_20260807_13,7c4916240aa44e45803266c536700f7e,0.13,,,
994,2026-08-07,SZ300442,0.1364823877811432,EXP_XGBModel_Alpha158_csi300_custom_step0_s_20260807_13,7c4916240aa44e45803266c536700f7e,0.13,,,
995,2026-08-07,SZ300450,-0.01795639656484127,EXP_XGBModel_Alpha158_csi300_custom_step0_s_20260807_13,7c4916240aa44e45803266c536700f7e,0.13,,,
996,2026-08-07,SZ300476,0.023252014070749283,EXP_XGBModel_Alpha158_csi300_custom_step0_s_20260807_13,7c4916240aa44e45803266c536700f7e,0.13,,,
997,2026-08-07,SZ300498,-0.03723013773560524,EXP_XGBModel_Alpha158_csi300_custom_step0_s_20260807_13,7c4916240aa44e45803266c536700f7e,0.13,,,
998,2026-08-07,SZ300502,0.38106706738471985,EXP_XGBModel_Alpha158_csi300_custom_step0_s_20260807_13,7c4916240aa44e45803266c536700f7e,0.13,,,
999,2026-08-07,SZ300628,-0.09939248114824295,EXP_XGBModel_Alpha158_csi300_custom_step0_s_20260807_13,7c4916240aa44e45803266c536700f7e,0.13,,,
1000,2026-08-07,SZ300661,0.1644592583179474,EXP_XGBModel_Alpha158_csi300_custom_step0_s_20260807_13,7c4916240aa44e45803266c536700f7e,0.13,,,
1001,2026-08-07,SZ300750,-0.005919293500483036,EXP_XGBModel_Alpha158_csi300_custom_step0_s_20260807_13,7c4916240aa44e45803266c536700f7e,0.13,,,
1002,2026-08-07,SZ300413,-0.04857791215181351,EXP_XGBModel_Alpha158_csi300_custom_step0_s_20260807_13,7c4916240aa44e45803266c536700f7e,0.13,,,
1003,2026-08-07,SZ300803,-0.03247631713747978,EXP_XGBModel_Alpha158_csi300_custom_step0_s_20260807_13,7c4916240aa44e45803266c536700f7e,0.13,,,
1004,2026-08-07,SZ003816,-0.030248146504163742,EXP_XGBModel_Alpha158_csi300_custom_step0_s_20260807_13,7c4916240aa44e45803266c536700f7e,0.13,,,
1005,2026-08-07,SZ002920,-0.02789316512644291,EXP_XGBModel_Alpha158_csi300_custom_step0_s_20260807_13,7c4916240aa44e45803266c536700f7e,0.13,,,
1006,2026-08-07,SZ002353,-0.024468014016747475,EXP_XGBModel_Alpha158_csi300_custom_step0_s_20260807_13,7c4916240aa44e45803266c536700f7e,0.13,,,
1007,2026-08-07,SZ002371,-0.06069521605968475,EXP_XGBModel_Alpha158_csi300_custom_step0_s_20260807_13,7c4916240aa44e45803266c536700f7e,0.13,,,
1008,2026-08-07,SZ002384,0.15313822031021118,EXP_XGBModel_Alpha158_csi300_custom_step0_s_20260807_13,7c4916240aa44e45803266c536700f7e,0.13,,,
1009,2026-08-07,SZ002415,0.0329771526157856,EXP_XGBModel_Alpha158_csi300_custom_step0_s_20260807_13,7c4916240aa44e45803266c536700f7e,0.13,,,
1010,2026-08-07,SZ002422,-0.10823366045951843,EXP_XGBModel_Alpha158_csi300_custom_step0_s_20260807_13,7c4916240aa44e45803266c536700f7e,0.13,,,
1011,2026-08-07,SZ002460,0.15663762390613556,EXP_XGBModel_Alpha158_csi300_custom_step0_s_20260807_13,7c4916240aa44e45803266c536700f7e,0.13,,,
1012,2026-08-07,SZ002463,0.2558489143848419,EXP_XGBModel_Alpha158_csi300_custom_step0_s_20260807_13,7c4916240aa44e45803266c536700f7e,0.13,,,
1013,2026-08-07,SZ002466,0.07338784635066986,EXP_XGBModel_Alpha158_csi300_custom_step0_s_20260807_13,7c4916240aa44e45803266c536700f7e,0.13,,,
1014,2026-08-07,SZ002475,0.017041636630892754,EXP_XGBModel_Alpha158_csi300_custom_step0_s_20260807_13,7c4916240aa44e45803266c536700f7e,0.13,,,
1015,2026-08-07,SZ002493,-0.035118717700242996,EXP_XGBModel_Alpha158_csi300_custom_step0_s_20260807_13,7c4916240aa44e45803266c536700f7e,0.13,,,
1016,2026-08-07,SZ002938,0.11930719017982483,EXP_XGBModel_Alpha158_csi300_custom_step0_s_20260807_13,7c4916240aa44e45803266c536700f7e,0.13,,,
1017,2026-08-07,SZ002532,-0.06023646891117096,EXP_XGBModel_Alpha158_csi300_custom_step0_s_20260807_13,7c4916240aa44e45803266c536700f7e,0.13,,,
1018,2026-08-07,SZ002594,-0.03268022462725639,EXP_XGBModel_Alpha158_csi300_custom_step0_s_20260807_13,7c4916240aa44e45803266c536700f7e,0.13,,,
1019,2026-08-07,SZ002600,0.14005975425243378,EXP_XGBModel_Alpha158_csi300_custom_step0_s_20260807_13,7c4916240aa44e45803266c536700f7e,0.13,,,
1020,2026-08-07,SZ002602,-0.000855758844409138,EXP_XGBModel_Alpha158_csi300_custom_step0_s_20260807_13,7c4916240aa44e45803266c536700f7e,0.13,,,
1021,2026-08-07,SZ002625,0.06935743242502213,EXP_XGBModel_Alpha158_csi300_custom_step0_s_20260807_13,7c4916240aa44e45803266c536700f7e,0.13,,,
1022,2026-08-07,SZ002648,-0.0305233933031559,EXP_XGBModel_Alpha158_csi300_custom_step0_s_20260807_13,7c4916240aa44e45803266c536700f7e,0.13,,,
1023,2026-08-07,SZ002709,0.11674487590789795,EXP_XGBModel_Alpha158_csi300_custom_step0_s_20260807_13,7c4916240aa44e45803266c536700f7e,0.13,,,
1024,2026-08-07,SZ002714,-0.02833693102002144,EXP_XGBModel_Alpha158_csi300_custom_step0_s_20260807_13,7c4916240aa44e45803266c536700f7e,0.13,,,
1025,2026-08-07,SZ002736,0.037128936499357224,EXP_XGBModel_Alpha158_csi300_custom_step0_s_20260807_13,7c4916240aa44e45803266c536700f7e,0.13,,,
1026,2026-08-07,SZ002837,0.288300484418869,EXP_XGBModel_Alpha158_csi300_custom_step0_s_20260807_13,7c4916240aa44e45803266c536700f7e,0.13,,,
1027,2026-08-07,SZ002916,0.30455392599105835,EXP_XGBModel_Alpha158_csi300_custom_step0_s_20260807_13,7c4916240aa44e45803266c536700f7e,0.13,,,
1028,2026-08-07,SZ002558,-0.008490461856126785,EXP_XGBModel_Alpha158_csi300_custom_step0_s_20260807_13,7c4916240aa44e45803266c536700f7e,0.13,,,
1029,2026-08-07,SZ000001,0.01746983639895916,EXP_XGBModel_Alpha158_csi300_custom_step0_s_20260807_13,7c4916240aa44e45803266c536700f7e,0.13,,,
1030,2026-08-07,SH601088,-0.01923833042383194,EXP_XGBModel_Alpha158_csi300_custom_step0_s_20260807_13,a208273b295d49d28edfebe804c6005f,0.052,,,
1031,2026-08-07,SH601111,0.017932463437318802,EXP_XGBModel_Alpha158_csi300_custom_step0_s_20260807_13,a208273b295d49d28edfebe804c6005f,0.052,,,
1032,2026-08-07,SZ001979,0.001202970277518034,EXP_XGBModel_Alpha158_csi300_custom_step0_s_20260807_13,a208273b295d49d28edfebe804c6005f,0.052,,,
1033,2026-08-07,SZ002001,-0.005693067796528339,EXP_XGBModel_Alpha158_csi300_custom_step0_s_20260807_13,a208273b295d49d28edfebe804c6005f,0.052,,,
1034,2026-08-07,SZ002027,-0.005399983376264572,EXP_XGBModel_Alpha158_csi300_custom_step0_s_20260807_13,a208273b295d49d28edfebe804c6005f,0.052,,,
1035,2026-08-07,SZ002028,-0.018669195473194122,EXP_XGBModel_Alpha158_csi300_custom_step0_s_20260807_13,a208273b295d49d28edfebe804c6005f,0.052,,,
1036,2026-08-07,SZ002049,0.07305245101451874,EXP_XGBModel_Alpha158_csi300_custom_step0_s_20260807_13,a208273b295d49d28edfebe804c6005f,0.052,,,
1037,2026-08-07,SZ002050,0.03862125799059868,EXP_XGBModel_Alpha158_csi300_custom_step0_s_20260807_13,a208273b295d49d28edfebe804c6005f,0.052,,,
1038,2026-08-07,SZ002074,-0.032236531376838684,EXP_XGBModel_Alpha158_csi300_custom_step0_s_20260807_13,a208273b295d49d28edfebe804c6005f,0.052,,,
1039,2026-08-07,SZ002142,0.025870593264698982,EXP_XGBModel_Alpha158_csi300_custom_step0_s_20260807_13,a208273b295d49d28edfebe804c6005f,0.052,,,
1040,2026-08-07,SZ002179,0.21809394657611847,EXP_XGBModel_Alpha158_csi300_custom_step0_s_20260807_13,a208273b295d49d28edfebe804c6005f,0.052,,,
1041,2026-08-07,SZ002202,0.05657967925071716,EXP_XGBModel_Alpha158_csi300_custom_step0_s_20260807_13,a208273b295d49d28edfebe804c6005f,0.052,,,
1042,2026-08-07,SZ002230,-0.042582932859659195,EXP_XGBModel_Alpha158_csi300_custom_step0_s_20260807_13,a208273b295d49d28edfebe804c6005f,0.052,,,
1043,2026-08-07,SZ002236,-0.0003226950648240745,EXP_XGBModel_Alpha158_csi300_custom_step0_s_20260807_13,a208273b295d49d28edfebe804c6005f,0.052,,,
1044,2026-08-07,SZ002241,-0.004656660836189985,EXP_XGBModel_Alpha158_csi300_custom_step0_s_20260807_13,a208273b295d49d28edfebe804c6005f,0.052,,,
1045,2026-08-07,SZ002304,-0.15935078263282776,EXP_XGBModel_Alpha158_csi300_custom_step0_s_20260807_13,a208273b295d49d28edfebe804c6005f,0.052,,,
1046,2026-08-07,SZ002311,0.01164253894239664,EXP_XGBModel_Alpha158_csi300_custom_step0_s_20260807_13,a208273b295d49d28edfebe804c6005f,0.052,,,
1047,2026-08-07,SZ002352,-0.0126526253297925,EXP_XGBModel_Alpha158_csi300_custom_step0_s_20260807_13,a208273b295d49d28edfebe804c6005f,0.052,,,
1048,2026-08-07,SZ002353,0.15006156265735626,EXP_XGBModel_Alpha158_csi300_custom_step0_s_20260807_13,a208273b295d49d28edfebe804c6005f,0.052,,,
1049,2026-08-07,SZ002371,-0.045871246606111526,EXP_XGBModel_Alpha158_csi300_custom_step0_s_20260807_13,a208273b295d49d28edfebe804c6005f,0.052,,,
1050,2026-08-07,SZ002384,0.21893668174743652,EXP_XGBModel_Alpha158_csi300_custom_step0_s_20260807_13,a208273b295d49d28edfebe804c6005f,0.052,,,
1051,2026-08-07,SZ002415,-0.013050934299826622,EXP_XGBModel_Alpha158_csi300_custom_step0_s_20260807_13,a208273b295d49d28edfebe804c6005f,0.052,,,
1052,2026-08-07,SZ002422,-0.1207984983921051,EXP_XGBModel_Alpha158_csi300_custom_step0_s_20260807_13,a208273b295d49d28edfebe804c6005f,0.052,,,
1053,2026-08-07,SZ001965,-0.019258450716733932,EXP_XGBModel_Alpha158_csi300_custom_step0_s_20260807_13,a208273b295d49d28edfebe804c6005f,0.052,,,
1054,2026-08-07,SZ001391,0.024222727864980698,EXP_XGBModel_Alpha158_csi300_custom_step0_s_20260807_13,a208273b295d49d28edfebe804c6005f,0.052,,,
1055,2026-08-07,SZ001280,-0.030395733192563057,EXP_XGBModel_Alpha158_csi300_custom_step0_s_20260807_13,a208273b295d49d28edfebe804c6005f,0.052,,,
1056,2026-08-07,SZ000999,0.008231446146965027,EXP_XGBModel_Alpha158_csi300_custom_step0_s_20260807_13,a208273b295d49d28edfebe804c6005f,0.052,,,
1057,2026-08-07,SZ000425,-0.015018926933407784,EXP_XGBModel_Alpha158_csi300_custom_step0_s_20260807_13,a208273b295d49d28edfebe804c6005f,0.052,,,
1058,2026-08-07,SZ000538,0.038099903613328934,EXP_XGBModel_Alpha158_csi300_custom_step0_s_20260807_13,a208273b295d49d28edfebe804c6005f,0.052,,,
1059,2026-08-07,SZ000568,-0.0025313692167401314,EXP_XGBModel_Alpha158_csi300_custom_step0_s_20260807_13,a208273b295d49d28edfebe804c6005f,0.052,,,
1060,2026-08-07,SZ000596,-0.0066116442903876305,EXP_XGBModel_Alpha158_csi300_custom_step0_s_20260807_13,a208273b295d49d28edfebe804c6005f,0.052,,,
1061,2026-08-07,SZ000617,-0.028341980651021004,EXP_XGBModel_Alpha158_csi300_custom_step0_s_20260807_13,a208273b295d49d28edfebe804c6005f,0.052,,,
1062,2026-08-07,SZ000625,-0.045165322721004486,EXP_XGBModel_Alpha158_csi300_custom_step0_s_20260807_13,a208273b295d49d28edfebe804c6005f,0.052,,,
1063,2026-08-07,SZ000630,-0.010021202266216278,EXP_XGBModel_Alpha158_csi300_custom_step0_s_20260807_13,a208273b295d49d28edfebe804c6005f,0.052,,,
1064,2026-08-07,SZ000651,-0.00825490616261959,EXP_XGBModel_Alpha158_csi300_custom_step0_s_20260807_13,a208273b295d49d28edfebe804c6005f,0.052,,,
1065,2026-08-07,SZ000657,0.37044256925582886,EXP_XGBModel_Alpha158_csi300_custom_step0_s_20260807_13,a208273b295d49d28edfebe804c6005f,0.052,,,
1066,2026-08-07,SZ000708,-0.005283382721245289,EXP_XGBModel_Alpha158_csi300_custom_step0_s_20260807_13,a208273b295d49d28edfebe804c6005f,0.052,,,
1067,2026-08-07,SZ002460,0.14923028647899628,EXP_XGBModel_Alpha158_csi300_custom_step0_s_20260807_13,a208273b295d49d28edfebe804c6005f,0.052,,,
1068,2026-08-07,SZ000725,0.15381291508674622,EXP_XGBModel_Alpha158_csi300_custom_step0_s_20260807_13,a208273b295d49d28edfebe804c6005f,0.052,,,
1069,2026-08-07,SZ000776,-0.017001977190375328,EXP_XGBModel_Alpha158_csi300_custom_step0_s_20260807_13,a208273b295d49d28edfebe804c6005f,0.052,,,
1070,2026-08-07,SZ000792,-0.01484653539955616,EXP_XGBModel_Alpha158_csi300_custom_step0_s_20260807_13,a208273b295d49d28edfebe804c6005f,0.052,,,
1071,2026-08-07,SZ000807,-0.026505103334784508,EXP_XGBModel_Alpha158_csi300_custom_step0_s_20260807_13,a208273b295d49d28edfebe804c6005f,0.052,,,
1072,2026-08-07,SZ000858,-0.04061628133058548,EXP_XGBModel_Alpha158_csi300_custom_step0_s_20260807_13,a208273b295d49d28edfebe804c6005f,0.052,,,
1073,2026-08-07,SZ000895,-0.013415041379630566,EXP_XGBModel_Alpha158_csi300_custom_step0_s_20260807_13,a208273b295d49d28edfebe804c6005f,0.052,,,
1074,2026-08-07,SZ000938,-0.09283225238323212,EXP_XGBModel_Alpha158_csi300_custom_step0_s_20260807_13,a208273b295d49d28edfebe804c6005f,0.052,,,
1075,2026-08-07,SZ000963,-0.025426147505640984,EXP_XGBModel_Alpha158_csi300_custom_step0_s_20260807_13,a208273b295d49d28edfebe804c6005f,0.052,,,
1076,2026-08-07,SZ000975,-0.09578003734350204,EXP_XGBModel_Alpha158_csi300_custom_step0_s_20260807_13,a208273b295d49d28edfebe804c6005f,0.052,,,
1077,2026-08-07,SZ000977,0.09258775413036346,EXP_XGBModel_Alpha158_csi300_custom_step0_s_20260807_13,a208273b295d49d28edfebe804c6005f,0.052,,,
1078,2026-08-07,SZ000988,0.28771477937698364,EXP_XGBModel_Alpha158_csi300_custom_step0_s_20260807_13,a208273b295d49d28edfebe804c6005f,0.052,,,
1079,2026-08-07,SZ000768,0.024459227919578552,EXP_XGBModel_Alpha158_csi300_custom_step0_s_20260807_13,a208273b295d49d28edfebe804c6005f,0.052,,,
1080,2026-08-07,SZ002463,0.15626339614391327,EXP_XGBModel_Alpha158_csi300_custom_step0_s_20260807_13,a208273b295d49d28edfebe804c6005f,0.052,,,
1081,2026-08-07,SZ002466,0.16594542562961578,EXP_XGBModel_Alpha158_csi300_custom_step0_s_20260807_13,a208273b295d49d28edfebe804c6005f,0.052,,,
1082,2026-08-07,SZ002475,-0.06878398358821869,EXP_XGBModel_Alpha158_csi300_custom_step0_s_20260807_13,a208273b295d49d28edfebe804c6005f,0.052,,,
1083,2026-08-07,SZ300394,-0.1119183748960495,EXP_XGBModel_Alpha158_csi300_custom_step0_s_20260807_13,a208273b295d49d28edfebe804c6005f,0.052,,,
1084,2026-08-07,SZ300408,0.1553991436958313,EXP_XGBModel_Alpha158_csi300_custom_step0_s_20260807_13,a208273b295d49d28edfebe804c6005f,0.052,,,
1085,2026-08-07,SZ300413,-0.04334080219268799,EXP_XGBModel_Alpha158_csi300_custom_step0_s_20260807_13,a208273b295d49d28edfebe804c6005f,0.052,,,
1086,2026-08-07,SZ300418,-0.14929810166358948,EXP_XGBModel_Alpha158_csi300_custom_step0_s_20260807_13,a208273b295d49d28edfebe804c6005f,0.052,,,
1087,2026-08-07,SZ300433,0.1877947300672531,EXP_XGBModel_Alpha158_csi300_custom_step0_s_20260807_13,a208273b295d49d28edfebe804c6005f,0.052,,,
1088,2026-08-07,SZ300442,0.02787911891937256,EXP_XGBModel_Alpha158_csi300_custom_step0_s_20260807_13,a208273b295d49d28edfebe804c6005f,0.052,,,
1089,2026-08-07,SZ300450,-0.04395134747028351,EXP_XGBModel_Alpha158_csi300_custom_step0_s_20260807_13,a208273b295d49d28edfebe804c6005f,0.052,,,
1090,2026-08-07,SZ300476,0.6958641409873962,EXP_XGBModel_Alpha158_csi300_custom_step0_s_20260807_13,a208273b295d49d28edfebe804c6005f,0.052,,,
1091,2026-08-07,SZ300498,-0.02210523933172226,EXP_XGBModel_Alpha158_csi300_custom_step0_s_20260807_13,a208273b295d49d28edfebe804c6005f,0.052,,,
1092,2026-08-07,SZ300502,0.4824698865413666,EXP_XGBModel_Alpha158_csi300_custom_step0_s_20260807_13,a208273b295d49d28edfebe804c6005f,0.052,,,
1093,2026-08-07,SZ300316,0.34201839566230774,EXP_XGBModel_Alpha158_csi300_custom_step0_s_20260807_13,a208273b295d49d28edfebe804c6005f,0.052,,,
1094,2026-08-07,SZ300628,-0.05822828784584999,EXP_XGBModel_Alpha158_csi300_custom_step0_s_20260807_13,a208273b295d49d28edfebe804c6005f,0.052,,,
1095,2026-08-07,SZ300750,0.009431635029613972,EXP_XGBModel_Alpha158_csi300_custom_step0_s_20260807_13,a208273b295d49d28edfebe804c6005f,0.052,,,
1096,2026-08-07,SZ300760,-0.008579482324421406,EXP_XGBModel_Alpha158_csi300_custom_step0_s_20260807_13,a208273b295d49d28edfebe804c6005f,0.052,,,
1097,2026-08-07,SZ300803,-0.03165575861930847,EXP_XGBModel_Alpha158_csi300_custom_step0_s_20260807_13,a208273b295d49d28edfebe804c6005f,0.052,,,
1098,2026-08-07,SZ300832,0.007165352813899517,EXP_XGBModel_Alpha158_csi300_custom_step0_s_20260807_13,a208273b295d49d28edfebe804c6005f,0.052,,,
1099,2026-08-07,SZ300866,-0.04499359056353569,EXP_XGBModel_Alpha158_csi300_custom_step0_s_20260807_13,a208273b295d49d28edfebe804c6005f,0.052,,,
1100,2026-08-07,SZ300896,-0.07085630297660828,EXP_XGBModel_Alpha158_csi300_custom_step0_s_20260807_13,a208273b295d49d28edfebe804c6005f,0.052,,,
1101,2026-08-07,SZ300999,0.0034613818861544132,EXP_XGBModel_Alpha158_csi300_custom_step0_s_20260807_13,a208273b295d49d28edfebe804c6005f,0.052,,,
1102,2026-08-07,SZ301165,-0.29652753472328186,EXP_XGBModel_Alpha158_csi300_custom_step0_s_20260807_13,a208273b295d49d28edfebe804c6005f,0.052,,,
1103,2026-08-07,SZ301236,-0.07359208166599274,EXP_XGBModel_Alpha158_csi300_custom_step0_s_20260807_13,a208273b295d49d28edfebe804c6005f,0.052,,,
1104,2026-08-07,SZ301269,0.14753253757953644,EXP_XGBModel_Alpha158_csi300_custom_step0_s_20260807_13,a208273b295d49d28edfebe804c6005f,0.052,,,
1105,2026-08-07,SZ300661,0.08618007600307465,EXP_XGBModel_Alpha158_csi300_custom_step0_s_20260807_13,a208273b295d49d28edfebe804c6005f,0.052,,,
1106,2026-08-07,SZ000408,0.011629831045866013,EXP_XGBModel_Alpha158_csi300_custom_step0_s_20260807_13,a208273b295d49d28edfebe804c6005f,0.052,,,
1107,2026-08-07,SZ300308,0.39678362011909485,EXP_XGBModel_Alpha158_csi300_custom_step0_s_20260807_13,a208273b295d49d28edfebe804c6005f,0.052,,,
1108,2026-08-07,SZ300251,-0.035176586359739304,EXP_XGBModel_Alpha158_csi300_custom_step0_s_20260807_13,a208273b295d49d28edfebe804c6005f,0.052,,,
1109,2026-08-07,SZ002493,0.017244305461645126,EXP_XGBModel_Alpha158_csi300_custom_step0_s_20260807_13,a208273b295d49d28edfebe804c6005f,0.052,,,
1110,2026-08-07,SZ002532,-0.05574654042720795,EXP_XGBModel_Alpha158_csi300_custom_step0_s_20260807_13,a208273b295d49d28edfebe804c6005f,0.052,,,
1111,2026-08-07,SZ002558,-0.015434062108397484,EXP_XGBModel_Alpha158_csi300_custom_step0_s_20260807_13,a208273b295d49d28edfebe804c6005f,0.052,,,
1112,2026-08-07,SZ002594,-0.029768120497465134,EXP_XGBModel_Alpha158_csi300_custom_step0_s_20260807_13,a208273b295d49d28edfebe804c6005f,0.052,,,
1113,2026-08-07,SZ002600,0.14447557926177979,EXP_XGBModel_Alpha158_csi300_custom_step0_s_20260807_13,a208273b295d49d28edfebe804c6005f,0.052,,,
1114,2026-08-07,SZ002602,-0.022448962554335594,EXP_XGBModel_Alpha158_csi300_custom_step0_s_20260807_13,a208273b295d49d28edfebe804c6005f,0.052,,,
1115,2026-08-07,SZ002625,0.1054433286190033,EXP_XGBModel_Alpha158_csi300_custom_step0_s_20260807_13,a208273b295d49d28edfebe804c6005f,0.052,,,
1116,2026-08-07,SZ002648,0.005637727212160826,EXP_XGBModel_Alpha158_csi300_custom_step0_s_20260807_13,a208273b295d49d28edfebe804c6005f,0.052,,,
1117,2026-08-07,SZ002709,0.45123782753944397,EXP_XGBModel_Alpha158_csi300_custom_step0_s_20260807_13,a208273b295d49d28edfebe804c6005f,0.052,,,
1118,2026-08-07,SZ002714,-0.01047259196639061,EXP_XGBModel_Alpha158_csi300_custom_step0_s_20260807_13,a208273b295d49d28edfebe804c6005f,0.052,,,
1119,2026-08-07,SZ300274,0.5256107449531555,EXP_XGBModel_Alpha158_csi300_custom_step0_s_20260807_13,a208273b295d49d28edfebe804c6005f,0.052,,,
1120,2026-08-07,SZ002736,0.03291349485516548,EXP_XGBModel_Alpha158_csi300_custom_step0_s_20260807_13,a208273b295d49d28edfebe804c6005f,0.052,,,
1121,2026-08-07,SZ002916,0.0578448586165905,EXP_XGBModel_Alpha158_csi300_custom_step0_s_20260807_13,a208273b295d49d28edfebe804c6005f,0.052,,,
1122,2026-08-07,SZ002920,-0.044724997133016586,EXP_XGBModel_Alpha158_csi300_custom_step0_s_20260807_13,a208273b295d49d28edfebe804c6005f,0.052,,,
1123,2026-08-07,SZ002938,-0.0936863049864769,EXP_XGBModel_Alpha158_csi300_custom_step0_s_20260807_13,a208273b295d49d28edfebe804c6005f,0.052,,,
1124,2026-08-07,SZ003816,-0.036190878599882126,EXP_XGBModel_Alpha158_csi300_custom_step0_s_20260807_13,a208273b295d49d28edfebe804c6005f,0.052,,,
1125,2026-08-07,SZ300014,-0.09573913365602493,EXP_XGBModel_Alpha158_csi300_custom_step0_s_20260807_13,a208273b295d49d28edfebe804c6005f,0.052,,,
1126,2026-08-07,SZ300015,-0.029459772631525993,EXP_XGBModel_Alpha158_csi300_custom_step0_s_20260807_13,a208273b295d49d28edfebe804c6005f,0.052,,,
1127,2026-08-07,SZ300033,-0.04370656982064247,EXP_XGBModel_Alpha158_csi300_custom_step0_s_20260807_13,a208273b295d49d28edfebe804c6005f,0.052,,,
1128,2026-08-07,SZ300059,0.06272052973508835,EXP_XGBModel_Alpha158_csi300_custom_step0_s_20260807_13,a208273b295d49d28edfebe804c6005f,0.052,,,
1129,2026-08-07,SZ300122,0.05213257670402527,EXP_XGBModel_Alpha158_csi300_custom_step0_s_20260807_13,a208273b295d49d28edfebe804c6005f,0.052,,,
1130,2026-08-07,SZ300124,-0.04516757279634476,EXP_XGBModel_Alpha158_csi300_custom_step0_s_20260807_13,a208273b295d49d28edfebe804c6005f,0.052,,,
1131,2026-08-07,SZ002837,0.17236857116222382,EXP_XGBModel_Alpha158_csi300_custom_step0_s_20260807_13,a208273b295d49d28edfebe804c6005f,0.052,,,
1132,2026-08-07,SH601100,-0.016978299245238304,EXP_XGBModel_Alpha158_csi300_custom_step0_s_20260807_13,a208273b295d49d28edfebe804c6005f,0.052,,,
1133,2026-08-07,SZ000338,-0.03709247708320618,EXP_XGBModel_Alpha158_csi300_custom_step0_s_20260807_13,a208273b295d49d28edfebe804c6005f,0.052,,,
1134,2026-08-07,SZ000301,-0.04916710779070854,EXP_XGBModel_Alpha158_csi300_custom_step0_s_20260807_13,a208273b295d49d28edfebe804c6005f,0.052,,,
1135,2026-08-07,SH601633,-0.04515165835618973,EXP_XGBModel_Alpha158_csi300_custom_step0_s_20260807_13,a208273b295d49d28edfebe804c6005f,0.052,,,
1136,2026-08-07,SH601658,0.0026533303316682577,EXP_XGBModel_Alpha158_csi300_custom_step0_s_20260807_13,a208273b295d49d28edfebe804c6005f,0.052,,,
1137,2026-08-07,SH601668,0.00846582930535078,EXP_XGBModel_Alpha158_csi300_custom_step0_s_20260807_13,a208273b295d49d28edfebe804c6005f,0.052,,,
1138,2026-08-07,SH601669,0.030768854543566704,EXP_XGBModel_Alpha158_csi300_custom_step0_s_20260807_13,a208273b295d49d28edfebe804c6005f,0.052,,,
1139,2026-08-07,SH601688,-0.0003429602365940809,EXP_XGBModel_Alpha158_csi300_custom_step0_s_20260807_13,a208273b295d49d28edfebe804c6005f,0.052,,,
1140,2026-08-07,SH601689,0.06530916690826416,EXP_XGBModel_Alpha158_csi300_custom_step0_s_20260807_13,a208273b295d49d28edfebe804c6005f,0.052,,,
1141,2026-08-07,SH601698,0.02693374641239643,EXP_XGBModel_Alpha158_csi300_custom_step0_s_20260807_13,a208273b295d49d28edfebe804c6005f,0.052,,,
1142,2026-08-07,SH601727,-0.015934476628899574,EXP_XGBModel_Alpha158_csi300_custom_step0_s_20260807_13,a208273b295d49d28edfebe804c6005f,0.052,,,
1143,2026-08-07,SH601728,-0.03673180192708969,EXP_XGBModel_Alpha158_csi300_custom_step0_s_20260807_13,a208273b295d49d28edfebe804c6005f,0.052,,,
1144,2026-08-07,SH601766,0.002008326118811965,EXP_XGBModel_Alpha158_csi300_custom_step0_s_20260807_13,a208273b295d49d28edfebe804c6005f,0.052,,,
1145,2026-08-07,SH601788,0.032492294907569885,EXP_XGBModel_Alpha158_csi300_custom_step0_s_20260807_13,a208273b295d49d28edfebe804c6005f,0.052,,,
1146,2026-08-07,SH601800,-0.016081778332591057,EXP_XGBModel_Alpha158_csi300_custom_step0_s_20260807_13,a208273b295d49d28edfebe804c6005f,0.052,,,
1147,2026-08-07,SH601816,0.027843531221151352,EXP_XGBModel_Alpha158_csi300_custom_step0_s_20260807_13,a208273b295d49d28edfebe804c6005f,0.052,,,
1148,2026-08-07,SH601818,0.006286051589995623,EXP_XGBModel_Alpha158_csi300_custom_step0_s_20260807_13,a208273b295d49d28edfebe804c6005f,0.052,,,
1149,2026-08-07,SH601825,-0.01116291992366314,EXP_XGBModel_Alpha158_csi300_custom_step0_s_20260807_13,a208273b295d49d28edfebe804c6005f,0.052,,,
1150,2026-08-07,SH601838,0.024062903597950935,EXP_XGBModel_Alpha158_csi300_custom_step0_s_20260807_13,a208273b295d49d28edfebe804c6005f,0.052,,,
1151,2026-08-07,SH601857,0.012699222192168236,EXP_XGBModel_Alpha158_csi300_custom_step0_s_20260807_13,a208273b295d49d28edfebe804c6005f,0.052,,,
1152,2026-08-07,SH601868,0.015611996874213219,EXP_XGBModel_Alpha158_csi300_custom_step0_s_20260807_13,a208273b295d49d28edfebe804c6005f,0.052,,,
1153,2026-08-07,SH601872,-0.08093669265508652,EXP_XGBModel_Alpha158_csi300_custom_step0_s_20260807_13,a208273b295d49d28edfebe804c6005f,0.052,,,
1154,2026-08-07,SH601877,-0.03334525600075722,EXP_XGBModel_Alpha158_csi300_custom_step0_s_20260807_13,a208273b295d49d28edfebe804c6005f,0.052,,,
1155,2026-08-07,SH601878,0.03655208274722099,EXP_XGBModel_Alpha158_csi300_custom_step0_s_20260807_13,a208273b295d49d28edfebe804c6005f,0.052,,,
1156,2026-08-07,SH601628,-0.022759810090065002,EXP_XGBModel_Alpha158_csi300_custom_step0_s_20260807_13,a208273b295d49d28edfebe804c6005f,0.052,,,
1157,2026-08-07,SH601618,-0.002372849266976118,EXP_XGBModel_Alpha158_csi300_custom_step0_s_20260807_13,a208273b295d49d28edfebe804c6005f,0.052,,,
1158,2026-08-07,SH601607,0.049822550266981125,EXP_XGBModel_Alpha158_csi300_custom_step0_s_20260807_13,a208273b295d49d28edfebe804c6005f,0.052,,,
1159,2026-08-07,SH601601,-0.00427489448338747,EXP_XGBModel_Alpha158_csi300_custom_step0_s_20260807_13,a208273b295d49d28edfebe804c6005f,0.052,,,
1160,2026-08-07,SH601117,0.043374087661504745,EXP_XGBModel_Alpha158_csi300_custom_step0_s_20260807_13,a208273b295d49d28edfebe804c6005f,0.052,,,
1161,2026-08-07,SH601127,-0.06794154644012451,EXP_XGBModel_Alpha158_csi300_custom_step0_s_20260807_13,a208273b295d49d28edfebe804c6005f,0.052,,,
1162,2026-08-07,SH601136,-0.013696528039872646,EXP_XGBModel_Alpha158_csi300_custom_step0_s_20260807_13,a208273b295d49d28edfebe804c6005f,0.052,,,
1163,2026-08-07,SH601138,0.2723568081855774,EXP_XGBModel_Alpha158_csi300_custom_step0_s_20260807_13,a208273b295d49d28edfebe804c6005f,0.052,,,
1164,2026-08-07,SH601166,0.013497933745384216,EXP_XGBModel_Alpha158_csi300_custom_step0_s_20260807_13,a208273b295d49d28edfebe804c6005f,0.052,,,
1165,2026-08-07,SH601169,0.01789165660738945,EXP_XGBModel_Alpha158_csi300_custom_step0_s_20260807_13,a208273b295d49d28edfebe804c6005f,0.052,,,
1166,2026-08-07,SH601186,0.013021447695791721,EXP_XGBModel_Alpha158_csi300_custom_step0_s_20260807_13,a208273b295d49d28edfebe804c6005f,0.052,,,
1167,2026-08-07,SH601211,-0.011363198980689049,EXP_XGBModel_Alpha158_csi300_custom_step0_s_20260807_13,a208273b295d49d28edfebe804c6005f,0.052,,,
1168,2026-08-07,SH601225,0.003620462492108345,EXP_XGBModel_Alpha158_csi300_custom_step0_s_20260807_13,a208273b295d49d28edfebe804c6005f,0.052,,,
1169,2026-08-07,SH601229,0.019624482840299606,EXP_XGBModel_Alpha158_csi300_custom_step0_s_20260807_13,a208273b295d49d28edfebe804c6005f,0.052,,,
1170,2026-08-07,SH601881,0.016179267317056656,EXP_XGBModel_Alpha158_csi300_custom_step0_s_20260807_13,a208273b295d49d28edfebe804c6005f,0.052,,,
1171,2026-08-07,SH601238,-0.01039398554712534,EXP_XGBModel_Alpha158_csi300_custom_step0_s_20260807_13,a208273b295d49d28edfebe804c6005f,0.052,,,
1172,2026-08-07,SH601318,0.005811708047986031,EXP_XGBModel_Alpha158_csi300_custom_step0_s_20260807_13,a208273b295d49d28edfebe804c6005f,0.052,,,
1173,2026-08-07,SH601319,0.019288059324026108,EXP_XGBModel_Alpha158_csi300_custom_step0_s_20260807_13,a208273b295d49d28edfebe804c6005f,0.052,,,
1174,2026-08-07,SH601328,-0.01004804577678442,EXP_XGBModel_Alpha158_csi300_custom_step0_s_20260807_13,a208273b295d49d28edfebe804c6005f,0.052,,,
1175,2026-08-07,SH601336,0.028481099754571915,EXP_XGBModel_Alpha158_csi300_custom_step0_s_20260807_13,a208273b295d49d28edfebe804c6005f,0.052,,,
1176,2026-08-07,SH601360,-0.024674270302057266,EXP_XGBModel_Alpha158_csi300_custom_step0_s_20260807_13,a208273b295d49d28edfebe804c6005f,0.052,,,
1177,2026-08-07,SH601377,0.02935575507581234,EXP_XGBModel_Alpha158_csi300_custom_step0_s_20260807_13,a208273b295d49d28edfebe804c6005f,0.052,,,
1178,2026-08-07,SH601390,-0.0012009404599666595,EXP_XGBModel_Alpha158_csi300_custom_step0_s_20260807_13,a208273b295d49d28edfebe804c6005f,0.052,,,
1179,2026-08-07,SH601398,-0.011224682442843914,EXP_XGBModel_Alpha158_csi300_custom_step0_s_20260807_13,a208273b295d49d28edfebe804c6005f,0.052,,,
1180,2026-08-07,SH601456,0.03420748561620712,EXP_XGBModel_Alpha158_csi300_custom_step0_s_20260807_13,a208273b295d49d28edfebe804c6005f,0.052,,,
1181,2026-08-07,SH601600,-0.04662811756134033,EXP_XGBModel_Alpha158_csi300_custom_step0_s_20260807_13,a208273b295d49d28edfebe804c6005f,0.052,,,
1182,2026-08-07,SH601288,-0.000334469776134938,EXP_XGBModel_Alpha158_csi300_custom_step0_s_20260807_13,a208273b295d49d28edfebe804c6005f,0.052,,,
1183,2026-08-07,SH601888,-0.02255403995513916,EXP_XGBModel_Alpha158_csi300_custom_step0_s_20260807_13,a208273b295d49d28edfebe804c6005f,0.052,,,
1184,2026-08-07,SH601898,-0.019874505698680878,EXP_XGBModel_Alpha158_csi300_custom_step0_s_20260807_13,a208273b295d49d28edfebe804c6005f,0.052,,,
1185,2026-08-07,SH601899,-0.05629316717386246,EXP_XGBModel_Alpha158_csi300_custom_step0_s_20260807_13,a208273b295d49d28edfebe804c6005f,0.052,,,
1186,2026-08-07,SH688041,0.06434433162212372,EXP_XGBModel_Alpha158_csi300_custom_step0_s_20260807_13,a208273b295d49d28edfebe804c6005f,0.052,,,
1187,2026-08-07,SH688047,-0.05797431245446205,EXP_XGBModel_Alpha158_csi300_custom_step0_s_20260807_13,a208273b295d49d28edfebe804c6005f,0.052,,,
1188,2026-08-07,SH688072,-0.0783432349562645,EXP_XGBModel_Alpha158_csi300_custom_step0_s_20260807_13,a208273b295d49d28edfebe804c6005f,0.052,,,
1189,2026-08-07,SH688082,0.31575706601142883,EXP_XGBModel_Alpha158_csi300_custom_step0_s_20260807_13,a208273b295d49d28edfebe804c6005f,0.052,,,
1190,2026-08-07,SH688111,-0.005082936026155949,EXP_XGBModel_Alpha158_csi300_custom_step0_s_20260807_13,a208273b295d49d28edfebe804c6005f,0.052,,,
1191,2026-08-07,SH688126,0.5127816200256348,EXP_XGBModel_Alpha158_csi300_custom_step0_s_20260807_13,a208273b295d49d28edfebe804c6005f,0.052,,,
1192,2026-08-07,SH688183,0.7098120450973511,EXP_XGBModel_Alpha158_csi300_custom_step0_s_20260807_13,a208273b295d49d28edfebe804c6005f,0.052,,,
1193,2026-08-07,SH688223,0.056861620396375656,EXP_XGBModel_Alpha158_csi300_custom_step0_s_20260807_13,a208273b295d49d28edfebe804c6005f,0.052,,,
1194,2026-08-07,SH688256,0.2777591049671173,EXP_XGBModel_Alpha158_csi300_custom_step0_s_20260807_13,a208273b295d49d28edfebe804c6005f,0.052,,,
1195,2026-08-07,SH688271,-0.02742607146501541,EXP_XGBModel_Alpha158_csi300_custom_step0_s_20260807_13,a208273b295d49d28edfebe804c6005f,0.052,,,
1196,2026-08-07,SH688036,-0.05727187544107437,EXP_XGBModel_Alpha158_csi300_custom_step0_s_20260807_13,a208273b295d49d28edfebe804c6005f,0.052,,,
1197,2026-08-07,SH688303,-0.05549902096390724,EXP_XGBModel_Alpha158_csi300_custom_step0_s_20260807_13,a208273b295d49d28edfebe804c6005f,0.052,,,
1198,2026-08-07,SH688472,-0.07427233457565308,EXP_XGBModel_Alpha158_csi300_custom_step0_s_20260807_13,a208273b295d49d28edfebe804c6005f,0.052,,,
1199,2026-08-07,SH688506,-0.062025703489780426,EXP_XGBModel_Alpha158_csi300_custom_step0_s_20260807_13,a208273b295d49d28edfebe804c6005f,0.052,,,
1200,2026-08-07,SH688521,0.30572837591171265,EXP_XGBModel_Alpha158_csi300_custom_step0_s_20260807_13,a208273b295d49d28edfebe804c6005f,0.052,,,
1201,2026-08-07,SH688981,0.01046178862452507,EXP_XGBModel_Alpha158_csi300_custom_step0_s_20260807_13,a208273b295d49d28edfebe804c6005f,0.052,,,
1202,2026-08-07,SZ000001,0.004591953940689564,EXP_XGBModel_Alpha158_csi300_custom_step0_s_20260807_13,a208273b295d49d28edfebe804c6005f,0.052,,,
1203,2026-08-07,SZ000002,-0.03634215146303177,EXP_XGBModel_Alpha158_csi300_custom_step0_s_20260807_13,a208273b295d49d28edfebe804c6005f,0.052,,,
1204,2026-08-07,SZ000063,-0.006949719041585922,EXP_XGBModel_Alpha158_csi300_custom_step0_s_20260807_13,a208273b295d49d28edfebe804c6005f,0.052,,,
1205,2026-08-07,SZ000100,-0.026137353852391243,EXP_XGBModel_Alpha158_csi300_custom_step0_s_20260807_13,a208273b295d49d28edfebe804c6005f,0.052,,,
1206,2026-08-07,SZ000157,-0.003446458373218775,EXP_XGBModel_Alpha158_csi300_custom_step0_s_20260807_13,a208273b295d49d28edfebe804c6005f,0.052,,,
1207,2026-08-07,SZ000166,0.03237706422805786,EXP_XGBModel_Alpha158_csi300_custom_step0_s_20260807_13,a208273b295d49d28edfebe804c6005f,0.052,,,
1208,2026-08-07,SH688396,0.6322317719459534,EXP_XGBModel_Alpha158_csi300_custom_step0_s_20260807_13,a208273b295d49d28edfebe804c6005f,0.052,,,
1209,2026-08-07,SZ000333,0.006675517186522484,EXP_XGBModel_Alpha158_csi300_custom_step0_s_20260807_13,a208273b295d49d28edfebe804c6005f,0.052,,,
1210,2026-08-07,SH688012,-0.11316146701574326,EXP_XGBModel_Alpha158_csi300_custom_step0_s_20260807_13,a208273b295d49d28edfebe804c6005f,0.052,,,
1211,2026-08-07,SH688008,0.42905393242836,EXP_XGBModel_Alpha158_csi300_custom_step0_s_20260807_13,a208273b295d49d28edfebe804c6005f,0.052,,,
1212,2026-08-07,SH601901,0.01931922510266304,EXP_XGBModel_Alpha158_csi300_custom_step0_s_20260807_13,a208273b295d49d28edfebe804c6005f,0.052,,,
1213,2026-08-07,SH601916,-1.5639932826161385e-05,EXP_XGBModel_Alpha158_csi300_custom_step0_s_20260807_13,a208273b295d49d28edfebe804c6005f,0.052,,,
1214,2026-08-07,SH601919,-0.04827563464641571,EXP_XGBModel_Alpha158_csi300_custom_step0_s_20260807_13,a208273b295d49d28edfebe804c6005f,0.052,,,
1215,2026-08-07,SH601939,0.000689971202518791,EXP_XGBModel_Alpha158_csi300_custom_step0_s_20260807_13,a208273b295d49d28edfebe804c6005f,0.052,,,
1216,2026-08-07,SH601985,0.03458253666758537,EXP_XGBModel_Alpha158_csi300_custom_step0_s_20260807_13,a208273b295d49d28edfebe804c6005f,0.052,,,
1217,2026-08-07,SH601988,-0.009514108300209045,EXP_XGBModel_Alpha158_csi300_custom_step0_s_20260807_13,a208273b295d49d28edfebe804c6005f,0.052,,,
1218,2026-08-07,SH601995,0.004890471696853638,EXP_XGBModel_Alpha158_csi300_custom_step0_s_20260807_13,a208273b295d49d28edfebe804c6005f,0.052,,,
1219,2026-08-07,SH601998,-0.019660748541355133,EXP_XGBModel_Alpha158_csi300_custom_step0_s_20260807_13,a208273b295d49d28edfebe804c6005f,0.052,,,
1220,2026-08-07,SH603019,-0.07174443453550339,EXP_XGBModel_Alpha158_csi300_custom_step0_s_20260807_13,a208273b295d49d28edfebe804c6005f,0.052,,,
1221,2026-08-07,SH603259,-0.03088236227631569,EXP_XGBModel_Alpha158_csi300_custom_step0_s_20260807_13,a208273b295d49d28edfebe804c6005f,0.052,,,
1222,2026-08-07,SH688009,-0.0005753780133090913,EXP_XGBModel_Alpha158_csi300_custom_step0_s_20260807_13,a208273b295d49d28edfebe804c6005f,0.052,,,
1223,2026-08-07,SH603260,0.14301657676696777,EXP_XGBModel_Alpha158_csi300_custom_step0_s_20260807_13,a208273b295d49d28edfebe804c6005f,0.052,,,
1224,2026-08-07,SH603296,-0.026612812653183937,EXP_XGBModel_Alpha158_csi300_custom_step0_s_20260807_13,a208273b295d49d28edfebe804c6005f,0.052,,,
1225,2026-08-07,SH603369,-0.020353514701128006,EXP_XGBModel_Alpha158_csi300_custom_step0_s_20260807_13,a208273b295d49d28edfebe804c6005f,0.052,,,
1226,2026-08-07,SH603392,0.0005725232185795903,EXP_XGBModel_Alpha158_csi300_custom_step0_s_20260807_13,a208273b295d49d28edfebe804c6005f,0.052,,,
1227,2026-08-07,SH603501,-0.011179636232554913,EXP_XGBModel_Alpha158_csi300_custom_step0_s_20260807_13,a208273b295d49d28edfebe804c6005f,0.052,,,
1228,2026-08-07,SH603799,-0.07322479039430618,EXP_XGBModel_Alpha158_csi300_custom_step0_s_20260807_13,a208273b295d49d28edfebe804c6005f,0.052,,,
1229,2026-08-07,SH603893,0.04196111857891083,EXP_XGBModel_Alpha158_csi300_custom_step0_s_20260807_13,a208273b295d49d28edfebe804c6005f,0.052,,,
1230,2026-08-07,SH603986,-0.09951113909482956,EXP_XGBModel_Alpha158_csi300_custom_step0_s_20260807_13,a208273b295d49d28edfebe804c6005f,0.052,,,
1231,2026-08-07,SH603993,-0.02540675550699234,EXP_XGBModel_Alpha158_csi300_custom_step0_s_20260807_13,a208273b295d49d28edfebe804c6005f,0.052,,,
1232,2026-08-07,SH605117,0.014268888160586357,EXP_XGBModel_Alpha158_csi300_custom_step0_s_20260807_13,a208273b295d49d28edfebe804c6005f,0.052,,,
1233,2026-08-07,SH605499,-0.0333760604262352,EXP_XGBModel_Alpha158_csi300_custom_step0_s_20260807_13,a208273b295d49d28edfebe804c6005f,0.052,,,
1234,2026-08-07,SH603288,0.01465449295938015,EXP_XGBModel_Alpha158_csi300_custom_step0_s_20260807_13,a208273b295d49d28edfebe804c6005f,0.052,,,
1235,2026-08-07,SH688981,0.039565425366163254,EXP_XGBModel_Alpha158_csi300_custom_step0_s_20260807_13,7c4916240aa44e45803266c536700f7e,0.13,,,
1236,2026-08-07,SH688521,0.5568153858184814,EXP_XGBModel_Alpha158_csi300_custom_step0_s_20260807_13,7c4916240aa44e45803266c536700f7e,0.13,,,
1237,2026-08-07,SH688506,-0.0666978657245636,EXP_XGBModel_Alpha158_csi300_custom_step0_s_20260807_13,7c4916240aa44e45803266c536700f7e,0.13,,,
1238,2026-08-07,SZ000651,0.020792877301573753,EXP_LinearModel_Alpha158_csi300_custom_step0_s_20260807_13,b30c126473f74b2891555c4844ca7284,0.073,,,
1239,2026-08-07,SZ000657,-0.09195786714553833,EXP_LinearModel_Alpha158_csi300_custom_step0_s_20260807_13,b30c126473f74b2891555c4844ca7284,0.073,,,
1240,2026-08-07,SZ000708,0.007237592712044716,EXP_LinearModel_Alpha158_csi300_custom_step0_s_20260807_13,b30c126473f74b2891555c4844ca7284,0.073,,,
1241,2026-08-07,SZ000725,0.05484868213534355,EXP_LinearModel_Alpha158_csi300_custom_step0_s_20260807_13,b30c126473f74b2891555c4844ca7284,0.073,,,
1242,2026-08-07,SZ000768,0.0055572595447301865,EXP_LinearModel_Alpha158_csi300_custom_step0_s_20260807_13,b30c126473f74b2891555c4844ca7284,0.073,,,
1243,2026-08-07,SZ000776,0.0014188399072736502,EXP_LinearModel_Alpha158_csi300_custom_step0_s_20260807_13,b30c126473f74b2891555c4844ca7284,0.073,,,
1244,2026-08-07,SZ000792,-0.03507672995328903,EXP_LinearModel_Alpha158_csi300_custom_step0_s_20260807_13,b30c126473f74b2891555c4844ca7284,0.073,,,
1245,2026-08-07,SZ000807,-0.07931875437498093,EXP_LinearModel_Alpha158_csi300_custom_step0_s_20260807_13,b30c126473f74b2891555c4844ca7284,0.073,,,
1246,2026-08-07,SZ000858,-0.05572983995079994,EXP_LinearModel_Alpha158_csi300_custom_step0_s_20260807_13,b30c126473f74b2891555c4844ca7284,0.073,,,
1247,2026-08-07,SZ000895,0.021094992756843567,EXP_LinearModel_Alpha158_csi300_custom_step0_s_20260807_13,b30c126473f74b2891555c4844ca7284,0.073,,,
1248,2026-08-07,SZ000938,-0.09247276932001114,EXP_LinearModel_Alpha158_csi300_custom_step0_s_20260807_13,b30c126473f74b2891555c4844ca7284,0.073,,,
1249,2026-08-07,SZ000963,-0.008649627678096294,EXP_LinearModel_Alpha158_csi300_custom_step0_s_20260807_13,b30c126473f74b2891555c4844ca7284,0.073,,,
1250,2026-08-07,SZ000975,-0.1666082739830017,EXP_LinearModel_Alpha158_csi300_custom_step0_s_20260807_13,b30c126473f74b2891555c4844ca7284,0.073,,,
1251,2026-08-07,SZ000977,0.005756767466664314,EXP_LinearModel_Alpha158_csi300_custom_step0_s_20260807_13,b30c126473f74b2891555c4844ca7284,0.073,,,
1252,2026-08-07,SZ000988,0.34905704855918884,EXP_LinearModel_Alpha158_csi300_custom_step0_s_20260807_13,b30c126473f74b2891555c4844ca7284,0.073,,,
1253,2026-08-07,SZ000999,0.024802593514323235,EXP_LinearModel_Alpha158_csi300_custom_step0_s_20260807_13,b30c126473f74b2891555c4844ca7284,0.073,,,
1254,2026-08-07,SZ001280,-0.021367279812693596,EXP_LinearModel_Alpha158_csi300_custom_step0_s_20260807_13,b30c126473f74b2891555c4844ca7284,0.073,,,
1255,2026-08-07,SZ001391,-0.030170386657118797,EXP_LinearModel_Alpha158_csi300_custom_step0_s_20260807_13,b30c126473f74b2891555c4844ca7284,0.073,,,
1256,2026-08-07,SZ001965,-0.0371757447719574,EXP_LinearModel_Alpha158_csi300_custom_step0_s_20260807_13,b30c126473f74b2891555c4844ca7284,0.073,,,
1257,2026-08-07,SZ001979,0.00013121869415044785,EXP_LinearModel_Alpha158_csi300_custom_step0_s_20260807_13,b30c126473f74b2891555c4844ca7284,0.073,,,
1258,2026-08-07,SZ002001,-0.024656809866428375,EXP_LinearModel_Alpha158_csi300_custom_step0_s_20260807_13,b30c126473f74b2891555c4844ca7284,0.073,,,
1259,2026-08-07,SZ000630,-0.06113002821803093,EXP_LinearModel_Alpha158_csi300_custom_step0_s_20260807_13,b30c126473f74b2891555c4844ca7284,0.073,,,
1260,2026-08-07,SZ000625,-0.062350090593099594,EXP_LinearModel_Alpha158_csi300_custom_step0_s_20260807_13,b30c126473f74b2891555c4844ca7284,0.073,,,
1261,2026-08-07,SZ000617,-0.03650875389575958,EXP_LinearModel_Alpha158_csi300_custom_step0_s_20260807_13,b30c126473f74b2891555c4844ca7284,0.073,,,
1262,2026-08-07,SZ000596,-0.04930150881409645,EXP_LinearModel_Alpha158_csi300_custom_step0_s_20260807_13,b30c126473f74b2891555c4844ca7284,0.073,,,
1263,2026-08-07,SH688223,-0.05421775206923485,EXP_LinearModel_Alpha158_csi300_custom_step0_s_20260807_13,b30c126473f74b2891555c4844ca7284,0.073,,,
1264,2026-08-07,SH688256,-0.029262838885188103,EXP_LinearModel_Alpha158_csi300_custom_step0_s_20260807_13,b30c126473f74b2891555c4844ca7284,0.073,,,
1265,2026-08-07,SH688271,-0.05659721791744232,EXP_LinearModel_Alpha158_csi300_custom_step0_s_20260807_13,b30c126473f74b2891555c4844ca7284,0.073,,,
1266,2026-08-07,SH688303,-0.01412180159240961,EXP_LinearModel_Alpha158_csi300_custom_step0_s_20260807_13,b30c126473f74b2891555c4844ca7284,0.073,,,
1267,2026-08-07,SH688396,0.08778651803731918,EXP_LinearModel_Alpha158_csi300_custom_step0_s_20260807_13,b30c126473f74b2891555c4844ca7284,0.073,,,
1268,2026-08-07,SH688472,-0.009890483692288399,EXP_LinearModel_Alpha158_csi300_custom_step0_s_20260807_13,b30c126473f74b2891555c4844ca7284,0.073,,,
1269,2026-08-07,SH688506,-0.09119343757629395,EXP_LinearModel_Alpha158_csi300_custom_step0_s_20260807_13,b30c126473f74b2891555c4844ca7284,0.073,,,
1270,2026-08-07,SH688521,-0.013567707501351833,EXP_LinearModel_Alpha158_csi300_custom_step0_s_20260807_13,b30c126473f74b2891555c4844ca7284,0.073,,,
1271,2026-08-07,SH688981,0.029789257794618607,EXP_LinearModel_Alpha158_csi300_custom_step0_s_20260807_13,b30c126473f74b2891555c4844ca7284,0.073,,,
1272,2026-08-07,SZ000001,0.038120776414871216,EXP_LinearModel_Alpha158_csi300_custom_step0_s_20260807_13,b30c126473f74b2891555c4844ca7284,0.073,,,
1273,2026-08-07,SZ002027,-0.01593533158302307,EXP_LinearModel_Alpha158_csi300_custom_step0_s_20260807_13,b30c126473f74b2891555c4844ca7284,0.073,,,
1274,2026-08-07,SZ000002,-0.05087452754378319,EXP_LinearModel_Alpha158_csi300_custom_step0_s_20260807_13,b30c126473f74b2891555c4844ca7284,0.073,,,
1275,2026-08-07,SZ000100,0.02790815196931362,EXP_LinearModel_Alpha158_csi300_custom_step0_s_20260807_13,b30c126473f74b2891555c4844ca7284,0.073,,,
1276,2026-08-07,SZ000157,-0.03029661253094673,EXP_LinearModel_Alpha158_csi300_custom_step0_s_20260807_13,b30c126473f74b2891555c4844ca7284,0.073,,,
1277,2026-08-07,SZ000166,0.0013999625807628036,EXP_LinearModel_Alpha158_csi300_custom_step0_s_20260807_13,b30c126473f74b2891555c4844ca7284,0.073,,,
1278,2026-08-07,SZ000301,-0.057928286492824554,EXP_LinearModel_Alpha158_csi300_custom_step0_s_20260807_13,b30c126473f74b2891555c4844ca7284,0.073,,,
1279,2026-08-07,SZ000333,0.012281089089810848,EXP_LinearModel_Alpha158_csi300_custom_step0_s_20260807_13,b30c126473f74b2891555c4844ca7284,0.073,,,
1280,2026-08-07,SZ000338,-0.033442869782447815,EXP_LinearModel_Alpha158_csi300_custom_step0_s_20260807_13,b30c126473f74b2891555c4844ca7284,0.073,,,
1281,2026-08-07,SZ000408,-0.11008381843566895,EXP_LinearModel_Alpha158_csi300_custom_step0_s_20260807_13,b30c126473f74b2891555c4844ca7284,0.073,,,
1282,2026-08-07,SZ000425,-0.05219940468668938,EXP_LinearModel_Alpha158_csi300_custom_step0_s_20260807_13,b30c126473f74b2891555c4844ca7284,0.073,,,
1283,2026-08-07,SZ000538,-0.013956834562122822,EXP_LinearModel_Alpha158_csi300_custom_step0_s_20260807_13,b30c126473f74b2891555c4844ca7284,0.073,,,
1284,2026-08-07,SZ000568,-0.06140589714050293,EXP_LinearModel_Alpha158_csi300_custom_step0_s_20260807_13,b30c126473f74b2891555c4844ca7284,0.073,,,
1285,2026-08-07,SZ000063,0.017772583290934563,EXP_LinearModel_Alpha158_csi300_custom_step0_s_20260807_13,b30c126473f74b2891555c4844ca7284,0.073,,,
1286,2026-08-07,SZ002028,-0.03338170796632767,EXP_LinearModel_Alpha158_csi300_custom_step0_s_20260807_13,b30c126473f74b2891555c4844ca7284,0.073,,,
1287,2026-08-07,SZ002049,0.04878925159573555,EXP_LinearModel_Alpha158_csi300_custom_step0_s_20260807_13,b30c126473f74b2891555c4844ca7284,0.073,,,
1288,2026-08-07,SZ002050,0.017507364973425865,EXP_LinearModel_Alpha158_csi300_custom_step0_s_20260807_13,b30c126473f74b2891555c4844ca7284,0.073,,,
1289,2026-08-07,SZ002648,0.014016291126608849,EXP_LinearModel_Alpha158_csi300_custom_step0_s_20260807_13,b30c126473f74b2891555c4844ca7284,0.073,,,
1290,2026-08-07,SZ002709,0.005013301037251949,EXP_LinearModel_Alpha158_csi300_custom_step0_s_20260807_13,b30c126473f74b2891555c4844ca7284,0.073,,,
1291,2026-08-07,SZ002714,-0.08336126804351807,EXP_LinearModel_Alpha158_csi300_custom_step0_s_20260807_13,b30c126473f74b2891555c4844ca7284,0.073,,,
1292,2026-08-07,SZ002736,0.03141411393880844,EXP_LinearModel_Alpha158_csi300_custom_step0_s_20260807_13,b30c126473f74b2891555c4844ca7284,0.073,,,
1293,2026-08-07,SZ002837,0.0630345344543457,EXP_LinearModel_Alpha158_csi300_custom_step0_s_20260807_13,b30c126473f74b2891555c4844ca7284,0.073,,,
1294,2026-08-07,SZ002916,-0.0826081857085228,EXP_LinearModel_Alpha158_csi300_custom_step0_s_20260807_13,b30c126473f74b2891555c4844ca7284,0.073,,,
1295,2026-08-07,SZ002920,-0.0062424116767942905,EXP_LinearModel_Alpha158_csi300_custom_step0_s_20260807_13,b30c126473f74b2891555c4844ca7284,0.073,,,
1296,2026-08-07,SZ002938,-0.12412910908460617,EXP_LinearModel_Alpha158_csi300_custom_step0_s_20260807_13,b30c126473f74b2891555c4844ca7284,0.073,,,
1297,2026-08-07,SZ003816,0.004590807482600212,EXP_LinearModel_Alpha158_csi300_custom_step0_s_20260807_13,b30c126473f74b2891555c4844ca7284,0.073,,,
1298,2026-08-07,SZ300014,0.0005705361254513264,EXP_LinearModel_Alpha158_csi300_custom_step0_s_20260807_13,b30c126473f74b2891555c4844ca7284,0.073,,,
1299,2026-08-07,SZ002625,0.012033743783831596,EXP_LinearModel_Alpha158_csi300_custom_step0_s_20260807_13,b30c126473f74b2891555c4844ca7284,0.073,,,
1300,2026-08-07,SZ300015,-0.03021061420440674,EXP_LinearModel_Alpha158_csi300_custom_step0_s_20260807_13,b30c126473f74b2891555c4844ca7284,0.073,,,
1301,2026-08-07,SZ300059,-0.05545063689351082,EXP_LinearModel_Alpha158_csi300_custom_step0_s_20260807_13,b30c126473f74b2891555c4844ca7284,0.073,,,
1302,2026-08-07,SZ300122,-0.055480945855379105,EXP_LinearModel_Alpha158_csi300_custom_step0_s_20260807_13,b30c126473f74b2891555c4844ca7284,0.073,,,
1303,2026-08-07,SZ300124,0.0011822512606158853,EXP_LinearModel_Alpha158_csi300_custom_step0_s_20260807_13,b30c126473f74b2891555c4844ca7284,0.073,,,
1304,2026-08-07,SZ300251,-0.0812244638800621,EXP_LinearModel_Alpha158_csi300_custom_step0_s_20260807_13,b30c126473f74b2891555c4844ca7284,0.073,,,
1305,2026-08-07,SZ300274,0.05729326978325844,EXP_LinearModel_Alpha158_csi300_custom_step0_s_20260807_13,b30c126473f74b2891555c4844ca7284,0.073,,,
1306,2026-08-07,SZ300308,0.10192462056875229,EXP_LinearModel_Alpha158_csi300_custom_step0_s_20260807_13,b30c126473f74b2891555c4844ca7284,0.073,,,
1307,2026-08-07,SZ300316,-0.03042350336909294,EXP_LinearModel_Alpha158_csi300_custom_step0_s_20260807_13,b30c126473f74b2891555c4844ca7284,0.073,,,
1308,2026-08-07,SZ300394,-0.21723926067352295,EXP_LinearModel_Alpha158_csi300_custom_step0_s_20260807_13,b30c126473f74b2891555c4844ca7284,0.073,,,
1309,2026-08-07,SZ300408,-0.10420427471399307,EXP_LinearModel_Alpha158_csi300_custom_step0_s_20260807_13,b30c126473f74b2891555c4844ca7284,0.073,,,
1310,2026-08-07,SZ300413,-0.052531756460666656,EXP_LinearModel_Alpha158_csi300_custom_step0_s_20260807_13,b30c126473f74b2891555c4844ca7284,0.073,,,
1311,2026-08-07,SZ300033,-0.01884918473660946,EXP_LinearModel_Alpha158_csi300_custom_step0_s_20260807_13,b30c126473f74b2891555c4844ca7284,0.073,,,
1312,2026-08-07,SH688183,-0.09188273549079895,EXP_LinearModel_Alpha158_csi300_custom_step0_s_20260807_13,b30c126473f74b2891555c4844ca7284,0.073,,,
1313,2026-08-07,SZ002602,-0.017636122182011604,EXP_LinearModel_Alpha158_csi300_custom_step0_s_20260807_13,b30c126473f74b2891555c4844ca7284,0.073,,,
1314,2026-08-07,SZ002594,-0.04999140650033951,EXP_LinearModel_Alpha158_csi300_custom_step0_s_20260807_13,b30c126473f74b2891555c4844ca7284,0.073,,,
1315,2026-08-07,SZ002074,-0.0791393592953682,EXP_LinearModel_Alpha158_csi300_custom_step0_s_20260807_13,b30c126473f74b2891555c4844ca7284,0.073,,,
1316,2026-08-07,SZ002142,0.05990026891231537,EXP_LinearModel_Alpha158_csi300_custom_step0_s_20260807_13,b30c126473f74b2891555c4844ca7284,0.073,,,
1317,2026-08-07,SZ002179,-0.0062838271260261536,EXP_LinearModel_Alpha158_csi300_custom_step0_s_20260807_13,b30c126473f74b2891555c4844ca7284,0.073,,,
1318,2026-08-07,SZ002202,-0.04639199376106262,EXP_LinearModel_Alpha158_csi300_custom_step0_s_20260807_13,b30c126473f74b2891555c4844ca7284,0.073,,,
1319,2026-08-07,SZ002230,-0.00397131871432066,EXP_LinearModel_Alpha158_csi300_custom_step0_s_20260807_13,b30c126473f74b2891555c4844ca7284,0.073,,,
1320,2026-08-07,SZ002236,-0.05092940106987953,EXP_LinearModel_Alpha158_csi300_custom_step0_s_20260807_13,b30c126473f74b2891555c4844ca7284,0.073,,,
1321,2026-08-07,SZ002241,-0.023742027580738068,EXP_LinearModel_Alpha158_csi300_custom_step0_s_20260807_13,b30c126473f74b2891555c4844ca7284,0.073,,,
1322,2026-08-07,SZ002304,-0.07578069716691971,EXP_LinearModel_Alpha158_csi300_custom_step0_s_20260807_13,b30c126473f74b2891555c4844ca7284,0.073,,,
1323,2026-08-07,SZ002311,-0.0035939430817961693,EXP_LinearModel_Alpha158_csi300_custom_step0_s_20260807_13,b30c126473f74b2891555c4844ca7284,0.073,,,
1324,2026-08-07,SZ002352,-0.046352047473192215,EXP_LinearModel_Alpha158_csi300_custom_step0_s_20260807_13,b30c126473f74b2891555c4844ca7284,0.073,,,
1325,2026-08-07,SZ002600,0.013772429898381233,EXP_LinearModel_Alpha158_csi300_custom_step0_s_20260807_13,b30c126473f74b2891555c4844ca7284,0.073,,,
1326,2026-08-07,SZ002353,-0.1944895088672638,EXP_LinearModel_Alpha158_csi300_custom_step0_s_20260807_13,b30c126473f74b2891555c4844ca7284,0.073,,,
1327,2026-08-07,SZ002384,-0.007235594093799591,EXP_LinearModel_Alpha158_csi300_custom_step0_s_20260807_13,b30c126473f74b2891555c4844ca7284,0.073,,,
1328,2026-08-07,SZ002415,-0.006077677942812443,EXP_LinearModel_Alpha158_csi300_custom_step0_s_20260807_13,b30c126473f74b2891555c4844ca7284,0.073,,,
1329,2026-08-07,SZ002422,0.012445557862520218,EXP_LinearModel_Alpha158_csi300_custom_step0_s_20260807_13,b30c126473f74b2891555c4844ca7284,0.073,,,
1330,2026-08-07,SZ002460,-0.04212494194507599,EXP_LinearModel_Alpha158_csi300_custom_step0_s_20260807_13,b30c126473f74b2891555c4844ca7284,0.073,,,
1331,2026-08-07,SZ002463,-0.13054682314395905,EXP_LinearModel_Alpha158_csi300_custom_step0_s_20260807_13,b30c126473f74b2891555c4844ca7284,0.073,,,
1332,2026-08-07,SZ002466,-0.0502757802605629,EXP_LinearModel_Alpha158_csi300_custom_step0_s_20260807_13,b30c126473f74b2891555c4844ca7284,0.073,,,
1333,2026-08-07,SZ002475,-0.031896911561489105,EXP_LinearModel_Alpha158_csi300_custom_step0_s_20260807_13,b30c126473f74b2891555c4844ca7284,0.073,,,
1334,2026-08-07,SZ002493,-0.06409820169210434,EXP_LinearModel_Alpha158_csi300_custom_step0_s_20260807_13,b30c126473f74b2891555c4844ca7284,0.073,,,
1335,2026-08-07,SZ002532,-0.08066220581531525,EXP_LinearModel_Alpha158_csi300_custom_step0_s_20260807_13,b30c126473f74b2891555c4844ca7284,0.073,,,
1336,2026-08-07,SZ002558,0.01716182380914688,EXP_LinearModel_Alpha158_csi300_custom_step0_s_20260807_13,b30c126473f74b2891555c4844ca7284,0.073,,,
1337,2026-08-07,SZ002371,-0.05280707776546478,EXP_LinearModel_Alpha158_csi300_custom_step0_s_20260807_13,b30c126473f74b2891555c4844ca7284,0.073,,,
1338,2026-08-07,SZ300418,-0.05464004725217819,EXP_LinearModel_Alpha158_csi300_custom_step0_s_20260807_13,b30c126473f74b2891555c4844ca7284,0.073,,,
1339,2026-08-07,SH688126,0.08327961713075638,EXP_LinearModel_Alpha158_csi300_custom_step0_s_20260807_13,b30c126473f74b2891555c4844ca7284,0.073,,,
1340,2026-08-07,SH688082,0.15414418280124664,EXP_LinearModel_Alpha158_csi300_custom_step0_s_20260807_13,b30c126473f74b2891555c4844ca7284,0.073,,,
1341,2026-08-07,SH601211,-0.047294795513153076,EXP_LinearModel_Alpha158_csi300_custom_step0_s_20260807_13,b30c126473f74b2891555c4844ca7284,0.073,,,
1342,2026-08-07,SH601225,-0.001251045148819685,EXP_LinearModel_Alpha158_csi300_custom_step0_s_20260807_13,b30c126473f74b2891555c4844ca7284,0.073,,,
1343,2026-08-07,SH601229,0.022161833941936493,EXP_LinearModel_Alpha158_csi300_custom_step0_s_20260807_13,b30c126473f74b2891555c4844ca7284,0.073,,,
1344,2026-08-07,SH601238,-0.03552475571632385,EXP_LinearModel_Alpha158_csi300_custom_step0_s_20260807_13,b30c126473f74b2891555c4844ca7284,0.073,,,
1345,2026-08-07,SH601288,-0.017180506139993668,EXP_LinearModel_Alpha158_csi300_custom_step0_s_20260807_13,b30c126473f74b2891555c4844ca7284,0.073,,,
1346,2026-08-07,SH601318,0.03823510929942131,EXP_LinearModel_Alpha158_csi300_custom_step0_s_20260807_13,b30c126473f74b2891555c4844ca7284,0.073,,,
1347,2026-08-07,SH601319,0.03131597489118576,EXP_LinearModel_Alpha158_csi300_custom_step0_s_20260807_13,b30c126473f74b2891555c4844ca7284,0.073,,,
1348,2026-08-07,SH601328,0.041210342198610306,EXP_LinearModel_Alpha158_csi300_custom_step0_s_20260807_13,b30c126473f74b2891555c4844ca7284,0.073,,,
1349,2026-08-07,SH601336,-0.013075070455670357,EXP_LinearModel_Alpha158_csi300_custom_step0_s_20260807_13,b30c126473f74b2891555c4844ca7284,0.073,,,
1350,2026-08-07,SH601360,-0.005412451922893524,EXP_LinearModel_Alpha158_csi300_custom_step0_s_20260807_13,b30c126473f74b2891555c4844ca7284,0.073,,,
1351,2026-08-07,SH601377,0.041513338685035706,EXP_LinearModel_Alpha158_csi300_custom_step0_s_20260807_13,b30c126473f74b2891555c4844ca7284,0.073,,,
1352,2026-08-07,SH601390,0.027830880135297775,EXP_LinearModel_Alpha158_csi300_custom_step0_s_20260807_13,b30c126473f74b2891555c4844ca7284,0.073,,,
1353,2026-08-07,SH601398,0.015758946537971497,EXP_LinearModel_Alpha158_csi300_custom_step0_s_20260807_13,b30c126473f74b2891555c4844ca7284,0.073,,,
1354,2026-08-07,SH601456,0.055635228753089905,EXP_LinearModel_Alpha158_csi300_custom_step0_s_20260807_13,b30c126473f74b2891555c4844ca7284,0.073,,,
1355,2026-08-07,SH601600,-0.06051620841026306,EXP_LinearModel_Alpha158_csi300_custom_step0_s_20260807_13,b30c126473f74b2891555c4844ca7284,0.073,,,
1356,2026-08-07,SH601601,0.0026948186568915844,EXP_LinearModel_Alpha158_csi300_custom_step0_s_20260807_13,b30c126473f74b2891555c4844ca7284,0.073,,,
1357,2026-08-07,SH601607,-0.0004123738035559654,EXP_LinearModel_Alpha158_csi300_custom_step0_s_20260807_13,b30c126473f74b2891555c4844ca7284,0.073,,,
1358,2026-08-07,SH601618,0.00013472838327288628,EXP_LinearModel_Alpha158_csi300_custom_step0_s_20260807_13,b30c126473f74b2891555c4844ca7284,0.073,,,
1359,2026-08-07,SH601628,-0.039613984525203705,EXP_LinearModel_Alpha158_csi300_custom_step0_s_20260807_13,b30c126473f74b2891555c4844ca7284,0.073,,,
1360,2026-08-07,SH601633,-0.03790225461125374,EXP_LinearModel_Alpha158_csi300_custom_step0_s_20260807_13,b30c126473f74b2891555c4844ca7284,0.073,,,
1361,2026-08-07,SH601658,0.023161398246884346,EXP_LinearModel_Alpha158_csi300_custom_step0_s_20260807_13,b30c126473f74b2891555c4844ca7284,0.073,,,
1362,2026-08-07,SH601186,0.024228693917393684,EXP_LinearModel_Alpha158_csi300_custom_step0_s_20260807_13,b30c126473f74b2891555c4844ca7284,0.073,,,
1363,2026-08-07,SH601169,0.07782203704118729,EXP_LinearModel_Alpha158_csi300_custom_step0_s_20260807_13,b30c126473f74b2891555c4844ca7284,0.073,,,
1364,2026-08-07,SH601166,0.03263286501169205,EXP_LinearModel_Alpha158_csi300_custom_step0_s_20260807_13,b30c126473f74b2891555c4844ca7284,0.073,,,
1365,2026-08-07,SH601138,-0.1464669406414032,EXP_LinearModel_Alpha158_csi300_custom_step0_s_20260807_13,b30c126473f74b2891555c4844ca7284,0.073,,,
1366,2026-08-07,SH600926,0.017840901389718056,EXP_LinearModel_Alpha158_csi300_custom_step0_s_20260807_13,b30c126473f74b2891555c4844ca7284,0.073,,,
1367,2026-08-07,SH600930,0.015404130332171917,EXP_LinearModel_Alpha158_csi300_custom_step0_s_20260807_13,b30c126473f74b2891555c4844ca7284,0.073,,,
1368,2026-08-07,SH600938,-0.017396140843629837,EXP_LinearModel_Alpha158_csi300_custom_step0_s_20260807_13,b30c126473f74b2891555c4844ca7284,0.073,,,
1369,2026-08-07,SH600941,-0.00814000703394413,EXP_LinearModel_Alpha158_csi300_custom_step0_s_20260807_13,b30c126473f74b2891555c4844ca7284,0.073,,,
1370,2026-08-07,SH600958,-0.014379316940903664,EXP_LinearModel_Alpha158_csi300_custom_step0_s_20260807_13,b30c126473f74b2891555c4844ca7284,0.073,,,
1371,2026-08-07,SH600989,-0.036208946257829666,EXP_LinearModel_Alpha158_csi300_custom_step0_s_20260807_13,b30c126473f74b2891555c4844ca7284,0.073,,,
1372,2026-08-07,SH600999,0.08682519197463989,EXP_LinearModel_Alpha158_csi300_custom_step0_s_20260807_13,b30c126473f74b2891555c4844ca7284,0.073,,,
1373,2026-08-07,SH601006,0.015371141023933887,EXP_LinearModel_Alpha158_csi300_custom_step0_s_20260807_13,b30c126473f74b2891555c4844ca7284,0.073,,,
1374,2026-08-07,SH601009,0.05124593898653984,EXP_LinearModel_Alpha158_csi300_custom_step0_s_20260807_13,b30c126473f74b2891555c4844ca7284,0.073,,,
1375,2026-08-07,SH601012,-0.029986713081598282,EXP_LinearModel_Alpha158_csi300_custom_step0_s_20260807_13,b30c126473f74b2891555c4844ca7284,0.073,,,
1376,2026-08-07,SH601668,0.08369841426610947,EXP_LinearModel_Alpha158_csi300_custom_step0_s_20260807_13,b30c126473f74b2891555c4844ca7284,0.073,,,
1377,2026-08-07,SH601018,0.04032430425286293,EXP_LinearModel_Alpha158_csi300_custom_step0_s_20260807_13,b30c126473f74b2891555c4844ca7284,0.073,,,
1378,2026-08-07,SH601058,-0.0003622645162977278,EXP_LinearModel_Alpha158_csi300_custom_step0_s_20260807_13,b30c126473f74b2891555c4844ca7284,0.073,,,
1379,2026-08-07,SH601059,-0.0384007953107357,EXP_LinearModel_Alpha158_csi300_custom_step0_s_20260807_13,b30c126473f74b2891555c4844ca7284,0.073,,,
1380,2026-08-07,SH601066,0.018973642960190773,EXP_LinearModel_Alpha158_csi300_custom_step0_s_20260807_13,b30c126473f74b2891555c4844ca7284,0.073,,,
1381,2026-08-07,SH601077,-0.01618794910609722,EXP_LinearModel_Alpha158_csi300_custom_step0_s_20260807_13,b30c126473f74b2891555c4844ca7284,0.073,,,
1382,2026-08-07,SH601088,-0.044351425021886826,EXP_LinearModel_Alpha158_csi300_custom_step0_s_20260807_13,b30c126473f74b2891555c4844ca7284,0.073,,,
1383,2026-08-07,SH601100,0.0509408637881279,EXP_LinearModel_Alpha158_csi300_custom_step0_s_20260807_13,b30c126473f74b2891555c4844ca7284,0.073,,,
1384,2026-08-07,SH601111,-0.0005164042813703418,EXP_LinearModel_Alpha158_csi300_custom_step0_s_20260807_13,b30c126473f74b2891555c4844ca7284,0.073,,,
1385,2026-08-07,SH601117,-0.004840231500566006,EXP_LinearModel_Alpha158_csi300_custom_step0_s_20260807_13,b30c126473f74b2891555c4844ca7284,0.073,,,
1386,2026-08-07,SH601127,-0.09060723334550858,EXP_LinearModel_Alpha158_csi300_custom_step0_s_20260807_13,b30c126473f74b2891555c4844ca7284,0.073,,,
1387,2026-08-07,SH601136,-0.010674847289919853,EXP_LinearModel_Alpha158_csi300_custom_step0_s_20260807_13,b30c126473f74b2891555c4844ca7284,0.073,,,
1388,2026-08-07,SH601021,0.007888497784733772,EXP_LinearModel_Alpha158_csi300_custom_step0_s_20260807_13,b30c126473f74b2891555c4844ca7284,0.073,,,
1389,2026-08-07,SH601669,-0.02011628821492195,EXP_LinearModel_Alpha158_csi300_custom_step0_s_20260807_13,b30c126473f74b2891555c4844ca7284,0.073,,,
1390,2026-08-07,SH601688,-0.0234723761677742,EXP_LinearModel_Alpha158_csi300_custom_step0_s_20260807_13,b30c126473f74b2891555c4844ca7284,0.073,,,
1391,2026-08-07,SH601689,-0.02256934717297554,EXP_LinearModel_Alpha158_csi300_custom_step0_s_20260807_13,b30c126473f74b2891555c4844ca7284,0.073,,,
1392,2026-08-07,SH601998,0.015566046349704266,EXP_LinearModel_Alpha158_csi300_custom_step0_s_20260807_13,b30c126473f74b2891555c4844ca7284,0.073,,,
1393,2026-08-07,SH603019,0.043002597987651825,EXP_LinearModel_Alpha158_csi300_custom_step0_s_20260807_13,b30c126473f74b2891555c4844ca7284,0.073,,,
1394,2026-08-07,SH603259,-0.164814755320549,EXP_LinearModel_Alpha158_csi300_custom_step0_s_20260807_13,b30c126473f74b2891555c4844ca7284,0.073,,,
1395,2026-08-07,SH603260,0.03334680199623108,EXP_LinearModel_Alpha158_csi300_custom_step0_s_20260807_13,b30c126473f74b2891555c4844ca7284,0.073,,,
1396,2026-08-07,SH603288,-0.013935663737356663,EXP_LinearModel_Alpha158_csi300_custom_step0_s_20260807_13,b30c126473f74b2891555c4844ca7284,0.073,,,
1397,2026-08-07,SH603296,0.04098878800868988,EXP_LinearModel_Alpha158_csi300_custom_step0_s_20260807_13,b30c126473f74b2891555c4844ca7284,0.073,,,
1398,2026-08-07,SH603369,-0.048621147871017456,EXP_LinearModel_Alpha158_csi300_custom_step0_s_20260807_13,b30c126473f74b2891555c4844ca7284,0.073,,,
1399,2026-08-07,SH603392,-0.1033124253153801,EXP_LinearModel_Alpha158_csi300_custom_step0_s_20260807_13,b30c126473f74b2891555c4844ca7284,0.073,,,
1400,2026-08-07,SH603501,0.009617595002055168,EXP_LinearModel_Alpha158_csi300_custom_step0_s_20260807_13,b30c126473f74b2891555c4844ca7284,0.073,,,
1401,2026-08-07,SH603799,-0.10439742356538773,EXP_LinearModel_Alpha158_csi300_custom_step0_s_20260807_13,b30c126473f74b2891555c4844ca7284,0.073,,,
1402,2026-08-07,SH601995,0.019760649651288986,EXP_LinearModel_Alpha158_csi300_custom_step0_s_20260807_13,b30c126473f74b2891555c4844ca7284,0.073,,,
1403,2026-08-07,SH603893,0.019682083278894424,EXP_LinearModel_Alpha158_csi300_custom_step0_s_20260807_13,b30c126473f74b2891555c4844ca7284,0.073,,,
1404,2026-08-07,SH603993,-0.09413860738277435,EXP_LinearModel_Alpha158_csi300_custom_step0_s_20260807_13,b30c126473f74b2891555c4844ca7284,0.073,,,
1405,2026-08-07,SH605117,0.00981459952890873,EXP_LinearModel_Alpha158_csi300_custom_step0_s_20260807_13,b30c126473f74b2891555c4844ca7284,0.073,,,
1406,2026-08-07,SH605499,-0.13595211505889893,EXP_LinearModel_Alpha158_csi300_custom_step0_s_20260807_13,b30c126473f74b2891555c4844ca7284,0.073,,,
1407,2026-08-07,SH688008,0.06402213871479034,EXP_LinearModel_Alpha158_csi300_custom_step0_s_20260807_13,b30c126473f74b2891555c4844ca7284,0.073,,,
1408,2026-08-07,SH688009,0.04653939977288246,EXP_LinearModel_Alpha158_csi300_custom_step0_s_20260807_13,b30c126473f74b2891555c4844ca7284,0.073,,,
1409,2026-08-07,SH688012,-0.03532242774963379,EXP_LinearModel_Alpha158_csi300_custom_step0_s_20260807_13,b30c126473f74b2891555c4844ca7284,0.073,,,
1410,2026-08-07,SH688036,-0.00881096813827753,EXP_LinearModel_Alpha158_csi300_custom_step0_s_20260807_13,b30c126473f74b2891555c4844ca7284,0.073,,,
1411,2026-08-07,SH688041,-0.050696853548288345,EXP_LinearModel_Alpha158_csi300_custom_step0_s_20260807_13,b30c126473f74b2891555c4844ca7284,0.073,,,
1412,2026-08-07,SH688047,0.09341692179441452,EXP_LinearModel_Alpha158_csi300_custom_step0_s_20260807_13,b30c126473f74b2891555c4844ca7284,0.073,,,
1413,2026-08-07,SH688072,,EXP_LinearModel_Alpha158_csi300_custom_step0_s_20260807_13,b30c126473f74b2891555c4844ca7284,0.073,,,
1414,2026-08-07,SH603986,0.3420376777648926,EXP_LinearModel_Alpha158_csi300_custom_step0_s_20260807_13,b30c126473f74b2891555c4844ca7284,0.073,,,
1415,2026-08-07,SH688111,0.017100997269153595,EXP_LinearModel_Alpha158_csi300_custom_step0_s_20260807_13,b30c126473f74b2891555c4844ca7284,0.073,,,
1416,2026-08-07,SH601988,-0.00831682700663805,EXP_LinearModel_Alpha158_csi300_custom_step0_s_20260807_13,b30c126473f74b2891555c4844ca7284,0.073,,,
1417,2026-08-07,SH601939,0.007847480475902557,EXP_LinearModel_Alpha158_csi300_custom_step0_s_20260807_13,b30c126473f74b2891555c4844ca7284,0.073,,,
1418,2026-08-07,SH601698,-0.06601030379533768,EXP_LinearModel_Alpha158_csi300_custom_step0_s_20260807_13,b30c126473f74b2891555c4844ca7284,0.073,,,
1419,2026-08-07,SH601727,0.010462436825037003,EXP_LinearModel_Alpha158_csi300_custom_step0_s_20260807_13,b30c126473f74b2891555c4844ca7284,0.073,,,
1420,2026-08-07,SH601728,0.03296775370836258,EXP_LinearModel_Alpha158_csi300_custom_step0_s_20260807_13,b30c126473f74b2891555c4844ca7284,0.073,,,
1421,2026-08-07,SH601766,0.009931879118084908,EXP_LinearModel_Alpha158_csi300_custom_step0_s_20260807_13,b30c126473f74b2891555c4844ca7284,0.073,,,
1422,2026-08-07,SH601788,-0.007930311374366283,EXP_LinearModel_Alpha158_csi300_custom_step0_s_20260807_13,b30c126473f74b2891555c4844ca7284,0.073,,,
1423,2026-08-07,SH601800,0.0031076096929609776,EXP_LinearModel_Alpha158_csi300_custom_step0_s_20260807_13,b30c126473f74b2891555c4844ca7284,0.073,,,
1424,2026-08-07,SH601816,0.06674523651599884,EXP_LinearModel_Alpha158_csi300_custom_step0_s_20260807_13,b30c126473f74b2891555c4844ca7284,0.073,,,
1425,2026-08-07,SH601818,0.04276096820831299,EXP_LinearModel_Alpha158_csi300_custom_step0_s_20260807_13,b30c126473f74b2891555c4844ca7284,0.073,,,
1426,2026-08-07,SH601825,-0.046739548444747925,EXP_LinearModel_Alpha158_csi300_custom_step0_s_20260807_13,b30c126473f74b2891555c4844ca7284,0.073,,,
1427,2026-08-07,SH601838,-0.009208395145833492,EXP_LinearModel_Alpha158_csi300_custom_step0_s_20260807_13,b30c126473f74b2891555c4844ca7284,0.073,,,
1428,2026-08-07,SH601985,0.0331452339887619,EXP_LinearModel_Alpha158_csi300_custom_step0_s_20260807_13,b30c126473f74b2891555c4844ca7284,0.073,,,
1429,2026-08-07,SH601857,0.026717636734247208,EXP_LinearModel_Alpha158_csi300_custom_step0_s_20260807_13,b30c126473f74b2891555c4844ca7284,0.073,,,
1430,2026-08-07,SH601872,-0.051065392792224884,EXP_LinearModel_Alpha158_csi300_custom_step0_s_20260807_13,b30c126473f74b2891555c4844ca7284,0.073,,,
1431,2026-08-07,SH601877,0.0026026898995041847,EXP_LinearModel_Alpha158_csi300_custom_step0_s_20260807_13,b30c126473f74b2891555c4844ca7284,0.073,,,
1432,2026-08-07,SH601878,0.023172631859779358,EXP_LinearModel_Alpha158_csi300_custom_step0_s_20260807_13,b30c126473f74b2891555c4844ca7284,0.073,,,
1433,2026-08-07,SH601881,-0.010897491127252579,EXP_LinearModel_Alpha158_csi300_custom_step0_s_20260807_13,b30c126473f74b2891555c4844ca7284,0.073,,,
1434,2026-08-07,SH601888,-0.07139406353235245,EXP_LinearModel_Alpha158_csi300_custom_step0_s_20260807_13,b30c126473f74b2891555c4844ca7284,0.073,,,
1435,2026-08-07,SH601898,-0.03623078763484955,EXP_LinearModel_Alpha158_csi300_custom_step0_s_20260807_13,b30c126473f74b2891555c4844ca7284,0.073,,,
1436,2026-08-07,SH601899,-0.11689718067646027,EXP_LinearModel_Alpha158_csi300_custom_step0_s_20260807_13,b30c126473f74b2891555c4844ca7284,0.073,,,
1437,2026-08-07,SH601901,0.005219204351305962,EXP_LinearModel_Alpha158_csi300_custom_step0_s_20260807_13,b30c126473f74b2891555c4844ca7284,0.073,,,
1438,2026-08-07,SH601916,0.03425952047109604,EXP_LinearModel_Alpha158_csi300_custom_step0_s_20260807_13,b30c126473f74b2891555c4844ca7284,0.073,,,
1439,2026-08-07,SH601919,0.02279418706893921,EXP_LinearModel_Alpha158_csi300_custom_step0_s_20260807_13,b30c126473f74b2891555c4844ca7284,0.073,,,
1440,2026-08-07,SH601868,-0.02798226661980152,EXP_LinearModel_Alpha158_csi300_custom_step0_s_20260807_13,b30c126473f74b2891555c4844ca7284,0.073,,,
1441,2026-08-07,SZ300433,0.06691984832286835,EXP_LinearModel_Alpha158_csi300_custom_step0_s_20260807_13,b30c126473f74b2891555c4844ca7284,0.073,,,
1442,2026-08-07,SZ300442,-0.09438059478998184,EXP_LinearModel_Alpha158_csi300_custom_step0_s_20260807_13,b30c126473f74b2891555c4844ca7284,0.073,,,
1443,2026-08-07,SZ300450,-0.07087301462888718,EXP_LinearModel_Alpha158_csi300_custom_step0_s_20260807_13,b30c126473f74b2891555c4844ca7284,0.073,,,
1444,2026-08-07,SH601377,0.03684632107615471,EXP_XGBModel_Alpha158_csi300_custom_step0_s_20260807_13,7c4916240aa44e45803266c536700f7e,0.13,,,
1445,2026-08-07,SH601390,-0.005842146929353476,EXP_XGBModel_Alpha158_csi300_custom_step0_s_20260807_13,7c4916240aa44e45803266c536700f7e,0.13,,,
1446,2026-08-07,SH601398,0.005383255425840616,EXP_XGBModel_Alpha158_csi300_custom_step0_s_20260807_13,7c4916240aa44e45803266c536700f7e,0.13,,,
1447,2026-08-07,SH601456,0.04354611411690712,EXP_XGBModel_Alpha158_csi300_custom_step0_s_20260807_13,7c4916240aa44e45803266c536700f7e,0.13,,,
1448,2026-08-07,SH601600,-0.020213156938552856,EXP_XGBModel_Alpha158_csi300_custom_step0_s_20260807_13,7c4916240aa44e45803266c536700f7e,0.13,,,
1449,2026-08-07,SH601601,-0.02440141886472702,EXP_XGBModel_Alpha158_csi300_custom_step0_s_20260807_13,7c4916240aa44e45803266c536700f7e,0.13,,,
1450,2026-08-07,SH601607,0.03030012920498848,EXP_XGBModel_Alpha158_csi300_custom_step0_s_20260807_13,7c4916240aa44e45803266c536700f7e,0.13,,,
1451,2026-08-07,SH601618,-0.010469909757375717,EXP_XGBModel_Alpha158_csi300_custom_step0_s_20260807_13,7c4916240aa44e45803266c536700f7e,0.13,,,
1452,2026-08-07,SH601628,-0.019826538860797882,EXP_XGBModel_Alpha158_csi300_custom_step0_s_20260807_13,7c4916240aa44e45803266c536700f7e,0.13,,,
1453,2026-08-07,SH601633,-0.02582121267914772,EXP_XGBModel_Alpha158_csi300_custom_step0_s_20260807_13,7c4916240aa44e45803266c536700f7e,0.13,,,
1454,2026-08-07,SH601658,0.011960277333855629,EXP_XGBModel_Alpha158_csi300_custom_step0_s_20260807_13,7c4916240aa44e45803266c536700f7e,0.13,,,
1455,2026-08-07,SH601668,0.007850591093301773,EXP_XGBModel_Alpha158_csi300_custom_step0_s_20260807_13,7c4916240aa44e45803266c536700f7e,0.13,,,
1456,2026-08-07,SH601669,0.03628050163388252,EXP_XGBModel_Alpha158_csi300_custom_step0_s_20260807_13,7c4916240aa44e45803266c536700f7e,0.13,,,
1457,2026-08-07,SH601688,0.011620606295764446,EXP_XGBModel_Alpha158_csi300_custom_step0_s_20260807_13,7c4916240aa44e45803266c536700f7e,0.13,,,
1458,2026-08-07,SH601689,0.005704240407794714,EXP_XGBModel_Alpha158_csi300_custom_step0_s_20260807_13,7c4916240aa44e45803266c536700f7e,0.13,,,
1459,2026-08-07,SH601698,-0.014340224675834179,EXP_XGBModel_Alpha158_csi300_custom_step0_s_20260807_13,7c4916240aa44e45803266c536700f7e,0.13,,,
1460,2026-08-07,SH601727,-0.006965120323002338,EXP_XGBModel_Alpha158_csi300_custom_step0_s_20260807_13,7c4916240aa44e45803266c536700f7e,0.13,,,
1461,2026-08-07,SH601728,-0.03727065399289131,EXP_XGBModel_Alpha158_csi300_custom_step0_s_20260807_13,7c4916240aa44e45803266c536700f7e,0.13,,,
1462,2026-08-07,SH601766,-0.0012923309113830328,EXP_XGBModel_Alpha158_csi300_custom_step0_s_20260807_13,7c4916240aa44e45803266c536700f7e,0.13,,,
1463,2026-08-07,SH601788,0.02914867177605629,EXP_XGBModel_Alpha158_csi300_custom_step0_s_20260807_13,7c4916240aa44e45803266c536700f7e,0.13,,,
1464,2026-08-07,SH601800,-0.010030055418610573,EXP_XGBModel_Alpha158_csi300_custom_step0_s_20260807_13,7c4916240aa44e45803266c536700f7e,0.13,,,
1465,2026-08-07,SH601360,-0.01566706784069538,EXP_XGBModel_Alpha158_csi300_custom_step0_s_20260807_13,7c4916240aa44e45803266c536700f7e,0.13,,,
1466,2026-08-07,SH601336,0.012178272940218449,EXP_XGBModel_Alpha158_csi300_custom_step0_s_20260807_13,7c4916240aa44e45803266c536700f7e,0.13,,,
1467,2026-08-07,SH601328,0.0027056564576923847,EXP_XGBModel_Alpha158_csi300_custom_step0_s_20260807_13,7c4916240aa44e45803266c536700f7e,0.13,,,
1468,2026-08-07,SH601319,0.020230570808053017,EXP_XGBModel_Alpha158_csi300_custom_step0_s_20260807_13,7c4916240aa44e45803266c536700f7e,0.13,,,
1469,2026-08-07,SH601018,0.022265098989009857,EXP_XGBModel_Alpha158_csi300_custom_step0_s_20260807_13,7c4916240aa44e45803266c536700f7e,0.13,,,
1470,2026-08-07,SH601021,0.04638146981596947,EXP_XGBModel_Alpha158_csi300_custom_step0_s_20260807_13,7c4916240aa44e45803266c536700f7e,0.13,,,
1471,2026-08-07,SH601058,0.00021607844973914325,EXP_XGBModel_Alpha158_csi300_custom_step0_s_20260807_13,7c4916240aa44e45803266c536700f7e,0.13,,,
1472,2026-08-07,SH601059,0.021000606939196587,EXP_XGBModel_Alpha158_csi300_custom_step0_s_20260807_13,7c4916240aa44e45803266c536700f7e,0.13,,,
1473,2026-08-07,SH601066,-0.015398625284433365,EXP_XGBModel_Alpha158_csi300_custom_step0_s_20260807_13,7c4916240aa44e45803266c536700f7e,0.13,,,
1474,2026-08-07,SH601077,0.013281194493174553,EXP_XGBModel_Alpha158_csi300_custom_step0_s_20260807_13,7c4916240aa44e45803266c536700f7e,0.13,,,
1475,2026-08-07,SH601088,-0.01574554853141308,EXP_XGBModel_Alpha158_csi300_custom_step0_s_20260807_13,7c4916240aa44e45803266c536700f7e,0.13,,,
1476,2026-08-07,SH601100,-0.01056508906185627,EXP_XGBModel_Alpha158_csi300_custom_step0_s_20260807_13,7c4916240aa44e45803266c536700f7e,0.13,,,
1477,2026-08-07,SH601111,0.025703512132167816,EXP_XGBModel_Alpha158_csi300_custom_step0_s_20260807_13,7c4916240aa44e45803266c536700f7e,0.13,,,
1478,2026-08-07,SH601117,0.03764425590634346,EXP_XGBModel_Alpha158_csi300_custom_step0_s_20260807_13,7c4916240aa44e45803266c536700f7e,0.13,,,
1479,2026-08-07,SH601816,0.02147904597222805,EXP_XGBModel_Alpha158_csi300_custom_step0_s_20260807_13,7c4916240aa44e45803266c536700f7e,0.13,,,
1480,2026-08-07,SH601127,0.040606867522001266,EXP_XGBModel_Alpha158_csi300_custom_step0_s_20260807_13,7c4916240aa44e45803266c536700f7e,0.13,,,
1481,2026-08-07,SH601138,0.03145159035921097,EXP_XGBModel_Alpha158_csi300_custom_step0_s_20260807_13,7c4916240aa44e45803266c536700f7e,0.13,,,
1482,2026-08-07,SH601166,0.012630406767129898,EXP_XGBModel_Alpha158_csi300_custom_step0_s_20260807_13,7c4916240aa44e45803266c536700f7e,0.13,,,
1483,2026-08-07,SH601169,0.014680634252727032,EXP_XGBModel_Alpha158_csi300_custom_step0_s_20260807_13,7c4916240aa44e45803266c536700f7e,0.13,,,
1484,2026-08-07,SH601186,0.006493343040347099,EXP_XGBModel_Alpha158_csi300_custom_step0_s_20260807_13,7c4916240aa44e45803266c536700f7e,0.13,,,
1485,2026-08-07,SH601211,-0.012652061879634857,EXP_XGBModel_Alpha158_csi300_custom_step0_s_20260807_13,7c4916240aa44e45803266c536700f7e,0.13,,,
1486,2026-08-07,SH601225,-0.04254397749900818,EXP_XGBModel_Alpha158_csi300_custom_step0_s_20260807_13,7c4916240aa44e45803266c536700f7e,0.13,,,
1487,2026-08-07,SH601229,0.013276606798171997,EXP_XGBModel_Alpha158_csi300_custom_step0_s_20260807_13,7c4916240aa44e45803266c536700f7e,0.13,,,
1488,2026-08-07,SH601238,0.03470287844538689,EXP_XGBModel_Alpha158_csi300_custom_step0_s_20260807_13,7c4916240aa44e45803266c536700f7e,0.13,,,
1489,2026-08-07,SH601288,0.007262349594384432,EXP_XGBModel_Alpha158_csi300_custom_step0_s_20260807_13,7c4916240aa44e45803266c536700f7e,0.13,,,
1490,2026-08-07,SH601318,0.007541497237980366,EXP_XGBModel_Alpha158_csi300_custom_step0_s_20260807_13,7c4916240aa44e45803266c536700f7e,0.13,,,
1491,2026-08-07,SH601136,-0.016863670200109482,EXP_XGBModel_Alpha158_csi300_custom_step0_s_20260807_13,7c4916240aa44e45803266c536700f7e,0.13,,,
1492,2026-08-07,SH601818,0.009189054369926453,EXP_XGBModel_Alpha158_csi300_custom_step0_s_20260807_13,7c4916240aa44e45803266c536700f7e,0.13,,,
1493,2026-08-07,SH601825,-0.0004510485159698874,EXP_XGBModel_Alpha158_csi300_custom_step0_s_20260807_13,7c4916240aa44e45803266c536700f7e,0.13,,,
1494,2026-08-07,SH601838,0.02087475173175335,EXP_XGBModel_Alpha158_csi300_custom_step0_s_20260807_13,7c4916240aa44e45803266c536700f7e,0.13,,,
1495,2026-08-07,SH603893,-0.04421694204211235,EXP_XGBModel_Alpha158_csi300_custom_step0_s_20260807_13,7c4916240aa44e45803266c536700f7e,0.13,,,
1496,2026-08-07,SH603986,0.37890127301216125,EXP_XGBModel_Alpha158_csi300_custom_step0_s_20260807_13,7c4916240aa44e45803266c536700f7e,0.13,,,
1497,2026-08-07,SH603993,-0.053642235696315765,EXP_XGBModel_Alpha158_csi300_custom_step0_s_20260807_13,7c4916240aa44e45803266c536700f7e,0.13,,,
1498,2026-08-07,SH605117,0.02064797282218933,EXP_XGBModel_Alpha158_csi300_custom_step0_s_20260807_13,7c4916240aa44e45803266c536700f7e,0.13,,,
1499,2026-08-07,SH605499,-0.023157918825745583,EXP_XGBModel_Alpha158_csi300_custom_step0_s_20260807_13,7c4916240aa44e45803266c536700f7e,0.13,,,
1500,2026-08-07,SH688008,0.39352867007255554,EXP_XGBModel_Alpha158_csi300_custom_step0_s_20260807_13,7c4916240aa44e45803266c536700f7e,0.13,,,
1501,2026-08-07,SH688009,0.011501061730086803,EXP_XGBModel_Alpha158_csi300_custom_step0_s_20260807_13,7c4916240aa44e45803266c536700f7e,0.13,,,
1502,2026-08-07,SH688012,0.18111886084079742,EXP_XGBModel_Alpha158_csi300_custom_step0_s_20260807_13,7c4916240aa44e45803266c536700f7e,0.13,,,
1503,2026-08-07,SH688036,-0.015707725659012794,EXP_XGBModel_Alpha158_csi300_custom_step0_s_20260807_13,7c4916240aa44e45803266c536700f7e,0.13,,,
1504,2026-08-07,SH688041,0.03211022540926933,EXP_XGBModel_Alpha158_csi300_custom_step0_s_20260807_13,7c4916240aa44e45803266c536700f7e,0.13,,,
1505,2026-08-07,SH603799,-0.0786706730723381,EXP_XGBModel_Alpha158_csi300_custom_step0_s_20260807_13,7c4916240aa44e45803266c536700f7e,0.13,,,
1506,2026-08-07,SH688047,0.09154278039932251,EXP_XGBModel_Alpha158_csi300_custom_step0_s_20260807_13,7c4916240aa44e45803266c536700f7e,0.13,,,
1507,2026-08-07,SH688082,0.3447798192501068,EXP_XGBModel_Alpha158_csi300_custom_step0_s_20260807_13,7c4916240aa44e45803266c536700f7e,0.13,,,
1508,2026-08-07,SH688111,0.0018682508962228894,EXP_XGBModel_Alpha158_csi300_custom_step0_s_20260807_13,7c4916240aa44e45803266c536700f7e,0.13,,,
1509,2026-08-07,SH688126,0.39429450035095215,EXP_XGBModel_Alpha158_csi300_custom_step0_s_20260807_13,7c4916240aa44e45803266c536700f7e,0.13,,,
1510,2026-08-07,SH688183,0.6131391525268555,EXP_XGBModel_Alpha158_csi300_custom_step0_s_20260807_13,7c4916240aa44e45803266c536700f7e,0.13,,,
1511,2026-08-07,SH688223,-0.01630345918238163,EXP_XGBModel_Alpha158_csi300_custom_step0_s_20260807_13,7c4916240aa44e45803266c536700f7e,0.13,,,
1512,2026-08-07,SH688256,0.07388227432966232,EXP_XGBModel_Alpha158_csi300_custom_step0_s_20260807_13,7c4916240aa44e45803266c536700f7e,0.13,,,
1513,2026-08-07,SH688271,-0.04415261372923851,EXP_XGBModel_Alpha158_csi300_custom_step0_s_20260807_13,7c4916240aa44e45803266c536700f7e,0.13,,,
1514,2026-08-07,SH688303,-0.013521143235266209,EXP_XGBModel_Alpha158_csi300_custom_step0_s_20260807_13,7c4916240aa44e45803266c536700f7e,0.13,,,
1515,2026-08-07,SH688396,0.384782999753952,EXP_XGBModel_Alpha158_csi300_custom_step0_s_20260807_13,7c4916240aa44e45803266c536700f7e,0.13,,,
1516,2026-08-07,SH688472,-0.022174183279275894,EXP_XGBModel_Alpha158_csi300_custom_step0_s_20260807_13,7c4916240aa44e45803266c536700f7e,0.13,,,
1517,2026-08-07,SH688072,0.06557882577180862,EXP_XGBModel_Alpha158_csi300_custom_step0_s_20260807_13,7c4916240aa44e45803266c536700f7e,0.13,,,
1518,2026-08-07,SH601012,-0.023997612297534943,EXP_XGBModel_Alpha158_csi300_custom_step0_s_20260807_13,7c4916240aa44e45803266c536700f7e,0.13,,,
1519,2026-08-07,SH603501,-0.04139599949121475,EXP_XGBModel_Alpha158_csi300_custom_step0_s_20260807_13,7c4916240aa44e45803266c536700f7e,0.13,,,
1520,2026-08-07,SH603369,-0.03024706244468689,EXP_XGBModel_Alpha158_csi300_custom_step0_s_20260807_13,7c4916240aa44e45803266c536700f7e,0.13,,,
1521,2026-08-07,SH601857,-0.0735911875963211,EXP_XGBModel_Alpha158_csi300_custom_step0_s_20260807_13,7c4916240aa44e45803266c536700f7e,0.13,,,
1522,2026-08-07,SH601868,0.021548962220549583,EXP_XGBModel_Alpha158_csi300_custom_step0_s_20260807_13,7c4916240aa44e45803266c536700f7e,0.13,,,
1523,2026-08-07,SH601872,-0.13185171782970428,EXP_XGBModel_Alpha158_csi300_custom_step0_s_20260807_13,7c4916240aa44e45803266c536700f7e,0.13,,,
1524,2026-08-07,SH601877,-0.004652706906199455,EXP_XGBModel_Alpha158_csi300_custom_step0_s_20260807_13,7c4916240aa44e45803266c536700f7e,0.13,,,
1525,2026-08-07,SH601878,0.04375586286187172,EXP_XGBModel_Alpha158_csi300_custom_step0_s_20260807_13,7c4916240aa44e45803266c536700f7e,0.13,,,
1526,2026-08-07,SH601881,0.020125510171055794,EXP_XGBModel_Alpha158_csi300_custom_step0_s_20260807_13,7c4916240aa44e45803266c536700f7e,0.13,,,
1527,2026-08-07,SH601888,-0.03646233305335045,EXP_XGBModel_Alpha158_csi300_custom_step0_s_20260807_13,7c4916240aa44e45803266c536700f7e,0.13,,,
1528,2026-08-07,SH601898,-0.03382403776049614,EXP_XGBModel_Alpha158_csi300_custom_step0_s_20260807_13,7c4916240aa44e45803266c536700f7e,0.13,,,
1529,2026-08-07,SH601899,-0.086226686835289,EXP_XGBModel_Alpha158_csi300_custom_step0_s_20260807_13,7c4916240aa44e45803266c536700f7e,0.13,,,
1530,2026-08-07,SH601901,0.0351746566593647,EXP_XGBModel_Alpha158_csi300_custom_step0_s_20260807_13,7c4916240aa44e45803266c536700f7e,0.13,,,
1531,2026-08-07,SH603392,-0.014067894779145718,EXP_XGBModel_Alpha158_csi300_custom_step0_s_20260807_13,7c4916240aa44e45803266c536700f7e,0.13,,,
1532,2026-08-07,SH601916,0.0054040756076574326,EXP_XGBModel_Alpha158_csi300_custom_step0_s_20260807_13,7c4916240aa44e45803266c536700f7e,0.13,,,
1533,2026-08-07,SH601939,0.003941845614463091,EXP_XGBModel_Alpha158_csi300_custom_step0_s_20260807_13,7c4916240aa44e45803266c536700f7e,0.13,,,
1534,2026-08-07,SH601985,0.05593280866742134,EXP_XGBModel_Alpha158_csi300_custom_step0_s_20260807_13,7c4916240aa44e45803266c536700f7e,0.13,,,
1535,2026-08-07,SH601988,0.00914042629301548,EXP_XGBModel_Alpha158_csi300_custom_step0_s_20260807_13,7c4916240aa44e45803266c536700f7e,0.13,,,
1536,2026-08-07,SH601995,-0.007439334411174059,EXP_XGBModel_Alpha158_csi300_custom_step0_s_20260807_13,7c4916240aa44e45803266c536700f7e,0.13,,,
1537,2026-08-07,SH601998,-0.008388529531657696,EXP_XGBModel_Alpha158_csi300_custom_step0_s_20260807_13,7c4916240aa44e45803266c536700f7e,0.13,,,
1538,2026-08-07,SH603019,-0.02228943631052971,EXP_XGBModel_Alpha158_csi300_custom_step0_s_20260807_13,7c4916240aa44e45803266c536700f7e,0.13,,,
1539,2026-08-07,SH603259,-0.2013699859380722,EXP_XGBModel_Alpha158_csi300_custom_step0_s_20260807_13,7c4916240aa44e45803266c536700f7e,0.13,,,
1540,2026-08-07,SH603260,0.16322356462478638,EXP_XGBModel_Alpha158_csi300_custom_step0_s_20260807_13,7c4916240aa44e45803266c536700f7e,0.13,,,
1541,2026-08-07,SH603288,0.004096976947039366,EXP_XGBModel_Alpha158_csi300_custom_step0_s_20260807_13,7c4916240aa44e45803266c536700f7e,0.13,,,
1542,2026-08-07,SH603296,-0.04012080654501915,EXP_XGBModel_Alpha158_csi300_custom_step0_s_20260807_13,7c4916240aa44e45803266c536700f7e,0.13,,,
1543,2026-08-07,SH601919,0.02235972322523594,EXP_XGBModel_Alpha158_csi300_custom_step0_s_20260807_13,7c4916240aa44e45803266c536700f7e,0.13,,,
1544,2026-08-07,SH601009,0.016230782493948936,EXP_XGBModel_Alpha158_csi300_custom_step0_s_20260807_13,7c4916240aa44e45803266c536700f7e,0.13,,,
1545,2026-08-07,SH601006,-0.004846662748605013,EXP_XGBModel_Alpha158_csi300_custom_step0_s_20260807_13,7c4916240aa44e45803266c536700f7e,0.13,,,
1546,2026-08-07,SH600999,-0.020341096445918083,EXP_XGBModel_Alpha158_csi300_custom_step0_s_20260807_13,7c4916240aa44e45803266c536700f7e,0.13,,,
1547,2026-08-07,SH600025,0.020273223519325256,EXP_XGBModel_Alpha158_csi300_custom_step0_s_20260807_13,7c4916240aa44e45803266c536700f7e,0.13,,,
1548,2026-08-07,SH600026,-0.04457935690879822,EXP_XGBModel_Alpha158_csi300_custom_step0_s_20260807_13,7c4916240aa44e45803266c536700f7e,0.13,,,
1549,2026-08-07,SH600027,0.0006435929681174457,EXP_XGBModel_Alpha158_csi300_custom_step0_s_20260807_13,7c4916240aa44e45803266c536700f7e,0.13,,,
1550,2026-08-07,SH600028,-0.001490832306444645,EXP_XGBModel_Alpha158_csi300_custom_step0_s_20260807_13,7c4916240aa44e45803266c536700f7e,0.13,,,
1551,2026-08-07,SH600029,0.010029288940131664,EXP_XGBModel_Alpha158_csi300_custom_step0_s_20260807_13,7c4916240aa44e45803266c536700f7e,0.13,,,
1552,2026-08-07,SH600030,0.044878993183374405,EXP_XGBModel_Alpha158_csi300_custom_step0_s_20260807_13,7c4916240aa44e45803266c536700f7e,0.13,,,
1553,2026-08-07,SH600031,-0.002902393462136388,EXP_XGBModel_Alpha158_csi300_custom_step0_s_20260807_13,7c4916240aa44e45803266c536700f7e,0.13,,,
1554,2026-08-07,SH600036,0.013447814621031284,EXP_XGBModel_Alpha158_csi300_custom_step0_s_20260807_13,7c4916240aa44e45803266c536700f7e,0.13,,,
1555,2026-08-07,SH600039,-0.01992347091436386,EXP_XGBModel_Alpha158_csi300_custom_step0_s_20260807_13,7c4916240aa44e45803266c536700f7e,0.13,,,
1556,2026-08-07,SH600048,-0.03327879682183266,EXP_XGBModel_Alpha158_csi300_custom_step0_s_20260807_13,7c4916240aa44e45803266c536700f7e,0.13,,,
1557,2026-08-07,SH600023,0.013786548748612404,EXP_XGBModel_Alpha158_csi300_custom_step0_s_20260807_13,7c4916240aa44e45803266c536700f7e,0.13,,,
1558,2026-08-07,SH600050,-0.017961937934160233,EXP_XGBModel_Alpha158_csi300_custom_step0_s_20260807_13,7c4916240aa44e45803266c536700f7e,0.13,,,
1559,2026-08-07,SH600066,-0.03304458037018776,EXP_XGBModel_Alpha158_csi300_custom_step0_s_20260807_13,7c4916240aa44e45803266c536700f7e,0.13,,,
1560,2026-08-07,SH600085,-0.01419522799551487,EXP_XGBModel_Alpha158_csi300_custom_step0_s_20260807_13,7c4916240aa44e45803266c536700f7e,0.13,,,
1561,2026-08-07,SH600089,-0.006662415340542793,EXP_XGBModel_Alpha158_csi300_custom_step0_s_20260807_13,7c4916240aa44e45803266c536700f7e,0.13,,,
1562,2026-08-07,SH600104,-0.012325147166848183,EXP_XGBModel_Alpha158_csi300_custom_step0_s_20260807_13,7c4916240aa44e45803266c536700f7e,0.13,,,
1563,2026-08-07,SH600111,0.04554297402501106,EXP_XGBModel_Alpha158_csi300_custom_step0_s_20260807_13,7c4916240aa44e45803266c536700f7e,0.13,,,
1564,2026-08-07,SH600115,0.01616917923092842,EXP_XGBModel_Alpha158_csi300_custom_step0_s_20260807_13,7c4916240aa44e45803266c536700f7e,0.13,,,
1565,2026-08-07,SH600118,0.3683621883392334,EXP_XGBModel_Alpha158_csi300_custom_step0_s_20260807_13,7c4916240aa44e45803266c536700f7e,0.13,,,
1566,2026-08-07,SH600150,-0.04014577716588974,EXP_XGBModel_Alpha158_csi300_custom_step0_s_20260807_13,7c4916240aa44e45803266c536700f7e,0.13,,,
1567,2026-08-07,SH600160,0.15442368388175964,EXP_XGBModel_Alpha158_csi300_custom_step0_s_20260807_13,7c4916240aa44e45803266c536700f7e,0.13,,,
1568,2026-08-07,SH600176,0.5248316526412964,EXP_XGBModel_Alpha158_csi300_custom_step0_s_20260807_13,7c4916240aa44e45803266c536700f7e,0.13,,,
1569,2026-08-07,SH600061,0.021913737058639526,EXP_XGBModel_Alpha158_csi300_custom_step0_s_20260807_13,7c4916240aa44e45803266c536700f7e,0.13,,,
1570,2026-08-07,SH600183,0.14594925940036774,EXP_XGBModel_Alpha158_csi300_custom_step0_s_20260807_13,7c4916240aa44e45803266c536700f7e,0.13,,,
1571,2026-08-07,SH600019,0.004777559544891119,EXP_XGBModel_Alpha158_csi300_custom_step0_s_20260807_13,7c4916240aa44e45803266c536700f7e,0.13,,,
1572,2026-08-07,SH600016,0.010227037593722343,EXP_XGBModel_Alpha158_csi300_custom_step0_s_20260807_13,7c4916240aa44e45803266c536700f7e,0.13,,,
1573,2026-08-07,SZ300476,-0.19402757287025452,EXP_LinearModel_Alpha158_csi300_custom_step0_s_20260807_13,b30c126473f74b2891555c4844ca7284,0.073,,,
1574,2026-08-07,SZ300498,-0.0719202533364296,EXP_LinearModel_Alpha158_csi300_custom_step0_s_20260807_13,b30c126473f74b2891555c4844ca7284,0.073,,,
1575,2026-08-07,SZ300502,0.061996567994356155,EXP_LinearModel_Alpha158_csi300_custom_step0_s_20260807_13,b30c126473f74b2891555c4844ca7284,0.073,,,
1576,2026-08-07,SZ300628,-0.009126652963459492,EXP_LinearModel_Alpha158_csi300_custom_step0_s_20260807_13,b30c126473f74b2891555c4844ca7284,0.073,,,
1577,2026-08-07,SZ300661,-0.06201845780014992,EXP_LinearModel_Alpha158_csi300_custom_step0_s_20260807_13,b30c126473f74b2891555c4844ca7284,0.073,,,
1578,2026-08-07,SZ300750,-0.0904339924454689,EXP_LinearModel_Alpha158_csi300_custom_step0_s_20260807_13,b30c126473f74b2891555c4844ca7284,0.073,,,
1579,2026-08-07,SZ300760,-0.038996871560811996,EXP_LinearModel_Alpha158_csi300_custom_step0_s_20260807_13,b30c126473f74b2891555c4844ca7284,0.073,,,
1580,2026-08-07,SZ300803,-0.047454833984375,EXP_LinearModel_Alpha158_csi300_custom_step0_s_20260807_13,b30c126473f74b2891555c4844ca7284,0.073,,,
1581,2026-08-07,SZ300832,0.010376418009400368,EXP_LinearModel_Alpha158_csi300_custom_step0_s_20260807_13,b30c126473f74b2891555c4844ca7284,0.073,,,
1582,2026-08-07,SZ300866,-0.07661450654268265,EXP_LinearModel_Alpha158_csi300_custom_step0_s_20260807_13,b30c126473f74b2891555c4844ca7284,0.073,,,
1583,2026-08-07,SH600018,0.05194932594895363,EXP_XGBModel_Alpha158_csi300_custom_step0_s_20260807_13,7c4916240aa44e45803266c536700f7e,0.13,,,
1584,2026-08-07,SZ300896,-0.06207893788814545,EXP_LinearModel_Alpha158_csi300_custom_step0_s_20260807_13,b30c126473f74b2891555c4844ca7284,0.073,,,
1585,2026-08-07,SZ301165,-0.14932364225387573,EXP_LinearModel_Alpha158_csi300_custom_step0_s_20260807_13,b30c126473f74b2891555c4844ca7284,0.073,,,
1586,2026-08-07,SZ301236,-0.05615101009607315,EXP_LinearModel_Alpha158_csi300_custom_step0_s_20260807_13,b30c126473f74b2891555c4844ca7284,0.073,,,
1587,2026-08-07,SZ301269,0.02658383920788765,EXP_LinearModel_Alpha158_csi300_custom_step0_s_20260807_13,b30c126473f74b2891555c4844ca7284,0.073,,,
1588,2026-08-07,SZ301308,0.25893598794937134,EXP_LinearModel_Alpha158_csi300_custom_step0_s_20260807_13,b30c126473f74b2891555c4844ca7284,0.073,,,
1589,2026-08-07,SZ302132,-0.05161040276288986,EXP_LinearModel_Alpha158_csi300_custom_step0_s_20260807_13,b30c126473f74b2891555c4844ca7284,0.073,,,
1590,2026-08-07,SH600000,0.006931757088750601,EXP_XGBModel_Alpha158_csi300_custom_step0_s_20260807_13,7c4916240aa44e45803266c536700f7e,0.13,,,
1591,2026-08-07,SH600009,-0.00899064913392067,EXP_XGBModel_Alpha158_csi300_custom_step0_s_20260807_13,7c4916240aa44e45803266c536700f7e,0.13,,,
1592,2026-08-07,SH600010,-0.008712559007108212,EXP_XGBModel_Alpha158_csi300_custom_step0_s_20260807_13,7c4916240aa44e45803266c536700f7e,0.13,,,
1593,2026-08-07,SH600011,-0.0001786906796041876,EXP_XGBModel_Alpha158_csi300_custom_step0_s_20260807_13,7c4916240aa44e45803266c536700f7e,0.13,,,
1594,2026-08-07,SH600015,0.018788954243063927,EXP_XGBModel_Alpha158_csi300_custom_step0_s_20260807_13,7c4916240aa44e45803266c536700f7e,0.13,,,
1595,2026-08-07,SZ300999,-0.03691978380084038,EXP_LinearModel_Alpha158_csi300_custom_step0_s_20260807_13,b30c126473f74b2891555c4844ca7284,0.073,,,
1596,2026-08-07,SH600918,-0.036638468503952026,EXP_LinearModel_Alpha158_csi300_custom_step0_s_20260807_13,b30c126473f74b2891555c4844ca7284,0.073,,,
1597,2026-08-07,SH600188,-0.09196461737155914,EXP_XGBModel_Alpha158_csi300_custom_step0_s_20260807_13,7c4916240aa44e45803266c536700f7e,0.13,,,
1598,2026-08-07,SH600219,-0.03802952170372009,EXP_XGBModel_Alpha158_csi300_custom_step0_s_20260807_13,7c4916240aa44e45803266c536700f7e,0.13,,,
1599,2026-08-07,SH600674,0.003935182932764292,EXP_XGBModel_Alpha158_csi300_custom_step0_s_20260807_13,7c4916240aa44e45803266c536700f7e,0.13,,,
1600,2026-08-07,SH600690,0.00888985488563776,EXP_XGBModel_Alpha158_csi300_custom_step0_s_20260807_13,7c4916240aa44e45803266c536700f7e,0.13,,,
1601,2026-08-07,SH600741,0.005647771060466766,EXP_XGBModel_Alpha158_csi300_custom_step0_s_20260807_13,7c4916240aa44e45803266c536700f7e,0.13,,,
1602,2026-08-07,SH600760,-0.017295366153120995,EXP_XGBModel_Alpha158_csi300_custom_step0_s_20260807_13,7c4916240aa44e45803266c536700f7e,0.13,,,
1603,2026-08-07,SH600795,-0.004220396280288696,EXP_XGBModel_Alpha158_csi300_custom_step0_s_20260807_13,7c4916240aa44e45803266c536700f7e,0.13,,,
1604,2026-08-07,SH600803,-0.03125324845314026,EXP_XGBModel_Alpha158_csi300_custom_step0_s_20260807_13,7c4916240aa44e45803266c536700f7e,0.13,,,
1605,2026-08-07,SH600809,-0.03100309893488884,EXP_XGBModel_Alpha158_csi300_custom_step0_s_20260807_13,7c4916240aa44e45803266c536700f7e,0.13,,,
1606,2026-08-07,SH600845,-0.024637850001454353,EXP_XGBModel_Alpha158_csi300_custom_step0_s_20260807_13,7c4916240aa44e45803266c536700f7e,0.13,,,
1607,2026-08-07,SH600875,-0.035581909120082855,EXP_XGBModel_Alpha158_csi300_custom_step0_s_20260807_13,7c4916240aa44e45803266c536700f7e,0.13,,,
1608,2026-08-07,SH600886,-0.0013303853338584304,EXP_XGBModel_Alpha158_csi300_custom_step0_s_20260807_13,7c4916240aa44e45803266c536700f7e,0.13,,,
1609,2026-08-07,SH600660,-0.0038717479910701513,EXP_XGBModel_Alpha158_csi300_custom_step0_s_20260807_13,7c4916240aa44e45803266c536700f7e,0.13,,,
1610,2026-08-07,SH600887,0.012427151203155518,EXP_XGBModel_Alpha158_csi300_custom_step0_s_20260807_13,7c4916240aa44e45803266c536700f7e,0.13,,,
1611,2026-08-07,SH600900,0.013685110956430435,EXP_XGBModel_Alpha158_csi300_custom_step0_s_20260807_13,7c4916240aa44e45803266c536700f7e,0.13,,,
1612,2026-08-07,SH600905,0.013046838343143463,EXP_XGBModel_Alpha158_csi300_custom_step0_s_20260807_13,7c4916240aa44e45803266c536700f7e,0.13,,,
1613,2026-08-07,SH600918,0.014423975721001625,EXP_XGBModel_Alpha158_csi300_custom_step0_s_20260807_13,7c4916240aa44e45803266c536700f7e,0.13,,,
1614,2026-08-07,SH600919,0.04957076162099838,EXP_XGBModel_Alpha158_csi300_custom_step0_s_20260807_13,7c4916240aa44e45803266c536700f7e,0.13,,,
1615,2026-08-07,SH600926,0.033565521240234375,EXP_XGBModel_Alpha158_csi300_custom_step0_s_20260807_13,7c4916240aa44e45803266c536700f7e,0.13,,,
1616,2026-08-07,SH600930,0.02837398461997509,EXP_XGBModel_Alpha158_csi300_custom_step0_s_20260807_13,7c4916240aa44e45803266c536700f7e,0.13,,,
1617,2026-08-07,SH600938,-0.04875645786523819,EXP_XGBModel_Alpha158_csi300_custom_step0_s_20260807_13,7c4916240aa44e45803266c536700f7e,0.13,,,
1618,2026-08-07,SH600941,0.00047310476657003164,EXP_XGBModel_Alpha158_csi300_custom_step0_s_20260807_13,7c4916240aa44e45803266c536700f7e,0.13,,,
1619,2026-08-07,SH600958,0.02913418784737587,EXP_XGBModel_Alpha158_csi300_custom_step0_s_20260807_13,7c4916240aa44e45803266c536700f7e,0.13,,,
1620,2026-08-07,SH600989,0.039235033094882965,EXP_XGBModel_Alpha158_csi300_custom_step0_s_20260807_13,7c4916240aa44e45803266c536700f7e,0.13,,,
1621,2026-08-07,SH600893,-0.006090197246521711,EXP_XGBModel_Alpha158_csi300_custom_step0_s_20260807_13,7c4916240aa44e45803266c536700f7e,0.13,,,
1622,2026-08-07,SH600196,-0.024854153394699097,EXP_XGBModel_Alpha158_csi300_custom_step0_s_20260807_13,7c4916240aa44e45803266c536700f7e,0.13,,,
1623,2026-08-07,SH600600,-0.02429209277033806,EXP_XGBModel_Alpha158_csi300_custom_step0_s_20260807_13,7c4916240aa44e45803266c536700f7e,0.13,,,
1624,2026-08-07,SH600585,-0.010312266647815704,EXP_XGBModel_Alpha158_csi300_custom_step0_s_20260807_13,7c4916240aa44e45803266c536700f7e,0.13,,,
1625,2026-08-07,SH600221,0.0472344271838665,EXP_XGBModel_Alpha158_csi300_custom_step0_s_20260807_13,7c4916240aa44e45803266c536700f7e,0.13,,,
1626,2026-08-07,SH600233,-0.07290161401033401,EXP_XGBModel_Alpha158_csi300_custom_step0_s_20260807_13,7c4916240aa44e45803266c536700f7e,0.13,,,
1627,2026-08-07,SH600276,-0.034958016127347946,EXP_XGBModel_Alpha158_csi300_custom_step0_s_20260807_13,7c4916240aa44e45803266c536700f7e,0.13,,,
1628,2026-08-07,SH600309,-0.021989401429891586,EXP_XGBModel_Alpha158_csi300_custom_step0_s_20260807_13,7c4916240aa44e45803266c536700f7e,0.13,,,
1629,2026-08-07,SH600346,-0.029717285186052322,EXP_XGBModel_Alpha158_csi300_custom_step0_s_20260807_13,7c4916240aa44e45803266c536700f7e,0.13,,,
1630,2026-08-07,SH600362,-0.10720089823007584,EXP_XGBModel_Alpha158_csi300_custom_step0_s_20260807_13,7c4916240aa44e45803266c536700f7e,0.13,,,
1631,2026-08-07,SH600372,-0.002561094705015421,EXP_XGBModel_Alpha158_csi300_custom_step0_s_20260807_13,7c4916240aa44e45803266c536700f7e,0.13,,,
1632,2026-08-07,SH600406,-0.008343534544110298,EXP_XGBModel_Alpha158_csi300_custom_step0_s_20260807_13,7c4916240aa44e45803266c536700f7e,0.13,,,
1633,2026-08-07,SH600415,-0.030628744512796402,EXP_XGBModel_Alpha158_csi300_custom_step0_s_20260807_13,7c4916240aa44e45803266c536700f7e,0.13,,,
1634,2026-08-07,SH600426,-0.02811366878449917,EXP_XGBModel_Alpha158_csi300_custom_step0_s_20260807_13,7c4916240aa44e45803266c536700f7e,0.13,,,
1635,2026-08-07,SH600588,0.010533450171351433,EXP_XGBModel_Alpha158_csi300_custom_step0_s_20260807_13,7c4916240aa44e45803266c536700f7e,0.13,,,
1636,2026-08-07,SH600436,-0.020577330142259598,EXP_XGBModel_Alpha158_csi300_custom_step0_s_20260807_13,7c4916240aa44e45803266c536700f7e,0.13,,,
1637,2026-08-07,SH600460,0.2902347147464752,EXP_XGBModel_Alpha158_csi300_custom_step0_s_20260807_13,7c4916240aa44e45803266c536700f7e,0.13,,,
1638,2026-08-07,SH600482,-0.01998218335211277,EXP_XGBModel_Alpha158_csi300_custom_step0_s_20260807_13,7c4916240aa44e45803266c536700f7e,0.13,,,
1639,2026-08-07,SH600489,-0.1607433408498764,EXP_XGBModel_Alpha158_csi300_custom_step0_s_20260807_13,7c4916240aa44e45803266c536700f7e,0.13,,,
1640,2026-08-07,SH600515,-0.015736984089016914,EXP_XGBModel_Alpha158_csi300_custom_step0_s_20260807_13,7c4916240aa44e45803266c536700f7e,0.13,,,
1641,2026-08-07,SH600519,-0.012492213398218155,EXP_XGBModel_Alpha158_csi300_custom_step0_s_20260807_13,7c4916240aa44e45803266c536700f7e,0.13,,,
1642,2026-08-07,SH600522,0.5543144941329956,EXP_XGBModel_Alpha158_csi300_custom_step0_s_20260807_13,7c4916240aa44e45803266c536700f7e,0.13,,,
1643,2026-08-07,SH600547,-0.1573961079120636,EXP_XGBModel_Alpha158_csi300_custom_step0_s_20260807_13,7c4916240aa44e45803266c536700f7e,0.13,,,
1644,2026-08-07,SH600549,0.17934037744998932,EXP_XGBModel_Alpha158_csi300_custom_step0_s_20260807_13,7c4916240aa44e45803266c536700f7e,0.13,,,
1645,2026-08-07,SH600570,-0.027982285246253014,EXP_XGBModel_Alpha158_csi300_custom_step0_s_20260807_13,7c4916240aa44e45803266c536700f7e,0.13,,,
1646,2026-08-07,SH600584,0.6196790337562561,EXP_XGBModel_Alpha158_csi300_custom_step0_s_20260807_13,7c4916240aa44e45803266c536700f7e,0.13,,,
1647,2026-08-07,SH600438,-0.019790057092905045,EXP_XGBModel_Alpha158_csi300_custom_step0_s_20260807_13,7c4916240aa44e45803266c536700f7e,0.13,,,
1648,2026-08-07,SH601939,-0.009476502724267657,EXP_DEnsembleModel_Alpha158_csi300_custom_step0_s_20260807_13,60f2d98061524dda8862012dacffda18,0.068,,,
1649,2026-08-07,SH601919,0.060904540533462705,EXP_DEnsembleModel_Alpha158_csi300_custom_step0_s_20260807_13,60f2d98061524dda8862012dacffda18,0.068,,,
1650,2026-08-07,SH601916,0.06018509618214898,EXP_DEnsembleModel_Alpha158_csi300_custom_step0_s_20260807_13,60f2d98061524dda8862012dacffda18,0.068,,,
1651,2026-08-07,SZ002384,1.3799895494184376e-10,EXP_LGBModel_Alpha158_csi300_custom_step0_s_20260807_16,a7831aefa1b24897b36c64d263df26c8,0.083,,,
1652,2026-08-07,SZ002415,1.3799895494184376e-10,EXP_LGBModel_Alpha158_csi300_custom_step0_s_20260807_16,a7831aefa1b24897b36c64d263df26c8,0.083,,,
1653,2026-08-07,SZ002422,-0.003067618141301968,EXP_LGBModel_Alpha158_csi300_custom_step0_s_20260807_16,a7831aefa1b24897b36c64d263df26c8,0.083,,,
1654,2026-08-07,SZ002460,1.3799895494184376e-10,EXP_LGBModel_Alpha158_csi300_custom_step0_s_20260807_16,a7831aefa1b24897b36c64d263df26c8,0.083,,,
1655,2026-08-07,SZ002463,-0.0008433818614966698,EXP_LGBModel_Alpha158_csi300_custom_step0_s_20260807_16,a7831aefa1b24897b36c64d263df26c8,0.083,,,
1656,2026-08-07,SZ002466,1.3799895494184376e-10,EXP_LGBModel_Alpha158_csi300_custom_step0_s_20260807_16,a7831aefa1b24897b36c64d263df26c8,0.083,,,
1657,2026-08-07,SZ002475,0.003862511416817632,EXP_LGBModel_Alpha158_csi300_custom_step0_s_20260807_16,a7831aefa1b24897b36c64d263df26c8,0.083,,,
1658,2026-08-07,SZ002493,1.3799895494184376e-10,EXP_LGBModel_Alpha158_csi300_custom_step0_s_20260807_16,a7831aefa1b24897b36c64d263df26c8,0.083,,,
1659,2026-08-07,SZ002532,1.3799895494184376e-10,EXP_LGBModel_Alpha158_csi300_custom_step0_s_20260807_16,a7831aefa1b24897b36c64d263df26c8,0.083,,,
1660,2026-08-07,SZ002558,-0.003067618141301968,EXP_LGBModel_Alpha158_csi300_custom_step0_s_20260807_16,a7831aefa1b24897b36c64d263df26c8,0.083,,,
1661,2026-08-07,SZ002594,1.3799895494184376e-10,EXP_LGBModel_Alpha158_csi300_custom_step0_s_20260807_16,a7831aefa1b24897b36c64d263df26c8,0.083,,,
1662,2026-08-07,SZ002600,1.3799895494184376e-10,EXP_LGBModel_Alpha158_csi300_custom_step0_s_20260807_16,a7831aefa1b24897b36c64d263df26c8,0.083,,,
1663,2026-08-07,SZ002602,1.3799895494184376e-10,EXP_LGBModel_Alpha158_csi300_custom_step0_s_20260807_16,a7831aefa1b24897b36c64d263df26c8,0.083,,,
1664,2026-08-07,SZ002625,0.003862511416817632,EXP_LGBModel_Alpha158_csi300_custom_step0_s_20260807_16,a7831aefa1b24897b36c64d263df26c8,0.083,,,
1665,2026-08-07,SZ002648,-0.00011423032071688547,EXP_LGBModel_Alpha158_csi300_custom_step0_s_20260807_16,a7831aefa1b24897b36c64d263df26c8,0.083,,,
1666,2026-08-07,SZ002709,1.3799895494184376e-10,EXP_LGBModel_Alpha158_csi300_custom_step0_s_20260807_16,a7831aefa1b24897b36c64d263df26c8,0.083,,,
1667,2026-08-07,SZ002714,-0.003067618141301968,EXP_LGBModel_Alpha158_csi300_custom_step0_s_20260807_16,a7831aefa1b24897b36c64d263df26c8,0.083,,,
1668,2026-08-07,SZ002736,0.0031065627603862516,EXP_LGBModel_Alpha158_csi300_custom_step0_s_20260807_16,a7831aefa1b24897b36c64d263df26c8,0.083,,,
1669,2026-08-07,SZ002837,1.3799895494184376e-10,EXP_LGBModel_Alpha158_csi300_custom_step0_s_20260807_16,a7831aefa1b24897b36c64d263df26c8,0.083,,,
1670,2026-08-07,SZ002916,-0.0008433818614966698,EXP_LGBModel_Alpha158_csi300_custom_step0_s_20260807_16,a7831aefa1b24897b36c64d263df26c8,0.083,,,
1671,2026-08-07,SZ002920,1.3799895494184376e-10,EXP_LGBModel_Alpha158_csi300_custom_step0_s_20260807_16,a7831aefa1b24897b36c64d263df26c8,0.083,,,
1672,2026-08-07,SZ002371,-0.003067618141301968,EXP_LGBModel_Alpha158_csi300_custom_step0_s_20260807_16,a7831aefa1b24897b36c64d263df26c8,0.083,,,
1673,2026-08-07,SZ002353,-0.003067618141301968,EXP_LGBModel_Alpha158_csi300_custom_step0_s_20260807_16,a7831aefa1b24897b36c64d263df26c8,0.083,,,
1674,2026-08-07,SZ002352,1.3799895494184376e-10,EXP_LGBModel_Alpha158_csi300_custom_step0_s_20260807_16,a7831aefa1b24897b36c64d263df26c8,0.083,,,
1675,2026-08-07,SZ002311,-0.0013591700307210716,EXP_LGBModel_Alpha158_csi300_custom_step0_s_20260807_16,a7831aefa1b24897b36c64d263df26c8,0.083,,,
1676,2026-08-07,SZ000963,-0.0013591700307210716,EXP_LGBModel_Alpha158_csi300_custom_step0_s_20260807_16,a7831aefa1b24897b36c64d263df26c8,0.083,,,
1677,2026-08-07,SZ000975,-0.003067618141301968,EXP_LGBModel_Alpha158_csi300_custom_step0_s_20260807_16,a7831aefa1b24897b36c64d263df26c8,0.083,,,
1678,2026-08-07,SZ000977,-0.003067618141301968,EXP_LGBModel_Alpha158_csi300_custom_step0_s_20260807_16,a7831aefa1b24897b36c64d263df26c8,0.083,,,
1679,2026-08-07,SZ000988,1.3799895494184376e-10,EXP_LGBModel_Alpha158_csi300_custom_step0_s_20260807_16,a7831aefa1b24897b36c64d263df26c8,0.083,,,
1680,2026-08-07,SZ000999,1.3799895494184376e-10,EXP_LGBModel_Alpha158_csi300_custom_step0_s_20260807_16,a7831aefa1b24897b36c64d263df26c8,0.083,,,
1681,2026-08-07,SZ001280,1.3799895494184376e-10,EXP_LGBModel_Alpha158_csi300_custom_step0_s_20260807_16,a7831aefa1b24897b36c64d263df26c8,0.083,,,
1682,2026-08-07,SZ001391,1.3799895494184376e-10,EXP_LGBModel_Alpha158_csi300_custom_step0_s_20260807_16,a7831aefa1b24897b36c64d263df26c8,0.083,,,
1683,2026-08-07,SZ001965,1.3799895494184376e-10,EXP_LGBModel_Alpha158_csi300_custom_step0_s_20260807_16,a7831aefa1b24897b36c64d263df26c8,0.083,,,
1684,2026-08-07,SZ001979,-0.0008433818614966698,EXP_LGBModel_Alpha158_csi300_custom_step0_s_20260807_16,a7831aefa1b24897b36c64d263df26c8,0.083,,,
1685,2026-08-07,SZ002001,-0.00011423032071688547,EXP_LGBModel_Alpha158_csi300_custom_step0_s_20260807_16,a7831aefa1b24897b36c64d263df26c8,0.083,,,
1686,2026-08-07,SZ002938,-0.003067618141301968,EXP_LGBModel_Alpha158_csi300_custom_step0_s_20260807_16,a7831aefa1b24897b36c64d263df26c8,0.083,,,
1687,2026-08-07,SZ002027,1.3799895494184376e-10,EXP_LGBModel_Alpha158_csi300_custom_step0_s_20260807_16,a7831aefa1b24897b36c64d263df26c8,0.083,,,
1688,2026-08-07,SZ002049,-0.0008433818614966698,EXP_LGBModel_Alpha158_csi300_custom_step0_s_20260807_16,a7831aefa1b24897b36c64d263df26c8,0.083,,,
1689,2026-08-07,SZ002050,1.3799895494184376e-10,EXP_LGBModel_Alpha158_csi300_custom_step0_s_20260807_16,a7831aefa1b24897b36c64d263df26c8,0.083,,,
1690,2026-08-07,SZ002074,1.3799895494184376e-10,EXP_LGBModel_Alpha158_csi300_custom_step0_s_20260807_16,a7831aefa1b24897b36c64d263df26c8,0.083,,,
1691,2026-08-07,SZ002142,0.0016945143521914622,EXP_LGBModel_Alpha158_csi300_custom_step0_s_20260807_16,a7831aefa1b24897b36c64d263df26c8,0.083,,,
1692,2026-08-07,SZ002179,-0.0008433818614966698,EXP_LGBModel_Alpha158_csi300_custom_step0_s_20260807_16,a7831aefa1b24897b36c64d263df26c8,0.083,,,
1693,2026-08-07,SZ002202,-0.0008433818614966698,EXP_LGBModel_Alpha158_csi300_custom_step0_s_20260807_16,a7831aefa1b24897b36c64d263df26c8,0.083,,,
1694,2026-08-07,SZ002230,1.3799895494184376e-10,EXP_LGBModel_Alpha158_csi300_custom_step0_s_20260807_16,a7831aefa1b24897b36c64d263df26c8,0.083,,,
1695,2026-08-07,SZ002236,1.3799895494184376e-10,EXP_LGBModel_Alpha158_csi300_custom_step0_s_20260807_16,a7831aefa1b24897b36c64d263df26c8,0.083,,,
1696,2026-08-07,SZ002241,-0.003067618141301968,EXP_LGBModel_Alpha158_csi300_custom_step0_s_20260807_16,a7831aefa1b24897b36c64d263df26c8,0.083,,,
1697,2026-08-07,SZ002304,1.3799895494184376e-10,EXP_LGBModel_Alpha158_csi300_custom_step0_s_20260807_16,a7831aefa1b24897b36c64d263df26c8,0.083,,,
1698,2026-08-07,SZ002028,-0.0008433818614966698,EXP_LGBModel_Alpha158_csi300_custom_step0_s_20260807_16,a7831aefa1b24897b36c64d263df26c8,0.083,,,
1699,2026-08-07,SZ003816,1.3799895494184376e-10,EXP_LGBModel_Alpha158_csi300_custom_step0_s_20260807_16,a7831aefa1b24897b36c64d263df26c8,0.083,,,
1700,2026-08-07,SZ300014,-0.0008433818614966698,EXP_LGBModel_Alpha158_csi300_custom_step0_s_20260807_16,a7831aefa1b24897b36c64d263df26c8,0.083,,,
1701,2026-08-07,SZ300015,-0.003067618141301968,EXP_LGBModel_Alpha158_csi300_custom_step0_s_20260807_16,a7831aefa1b24897b36c64d263df26c8,0.083,,,
1702,2026-08-07,SZ300999,1.3799895494184376e-10,EXP_LGBModel_Alpha158_csi300_custom_step0_s_20260807_16,a7831aefa1b24897b36c64d263df26c8,0.083,,,
1703,2026-08-07,SZ301165,-0.003067618141301968,EXP_LGBModel_Alpha158_csi300_custom_step0_s_20260807_16,a7831aefa1b24897b36c64d263df26c8,0.083,,,
1704,2026-08-07,SZ301236,-0.003067618141301968,EXP_LGBModel_Alpha158_csi300_custom_step0_s_20260807_16,a7831aefa1b24897b36c64d263df26c8,0.083,,,
1705,2026-08-07,SZ301269,-0.0008433818614966698,EXP_LGBModel_Alpha158_csi300_custom_step0_s_20260807_16,a7831aefa1b24897b36c64d263df26c8,0.083,,,
1706,2026-08-07,SZ301308,1.3799895494184376e-10,EXP_LGBModel_Alpha158_csi300_custom_step0_s_20260807_16,a7831aefa1b24897b36c64d263df26c8,0.083,,,
1707,2026-08-07,SZ302132,1.3799895494184376e-10,EXP_LGBModel_Alpha158_csi300_custom_step0_s_20260807_16,a7831aefa1b24897b36c64d263df26c8,0.083,,,
1708,2026-08-07,SH600000,0.0012729445359708268,EXP_LGBModel_Alpha158_csi300_custom_step0_s_20260807_16,9c5bcdf4aec04a71ab21913383550843,0.04,,,
1709,2026-08-07,SH600009,0.0025511924183876304,EXP_LGBModel_Alpha158_csi300_custom_step0_s_20260807_16,9c5bcdf4aec04a71ab21913383550843,0.04,,,
1710,2026-08-07,SH600010,3.696797318666924e-12,EXP_LGBModel_Alpha158_csi300_custom_step0_s_20260807_16,9c5bcdf4aec04a71ab21913383550843,0.04,,,
1711,2026-08-07,SH600011,0.0025511924183876304,EXP_LGBModel_Alpha158_csi300_custom_step0_s_20260807_16,9c5bcdf4aec04a71ab21913383550843,0.04,,,
1712,2026-08-07,SZ300896,-0.003067618141301968,EXP_LGBModel_Alpha158_csi300_custom_step0_s_20260807_16,a7831aefa1b24897b36c64d263df26c8,0.083,,,
1713,2026-08-07,SH600015,3.696797318666924e-12,EXP_LGBModel_Alpha158_csi300_custom_step0_s_20260807_16,9c5bcdf4aec04a71ab21913383550843,0.04,,,
1714,2026-08-07,SH600018,3.696797318666924e-12,EXP_LGBModel_Alpha158_csi300_custom_step0_s_20260807_16,9c5bcdf4aec04a71ab21913383550843,0.04,,,
1715,2026-08-07,SH600019,-0.0011120504788181404,EXP_LGBModel_Alpha158_csi300_custom_step0_s_20260807_16,9c5bcdf4aec04a71ab21913383550843,0.04,,,
1716,2026-08-07,SH600023,3.696797318666924e-12,EXP_LGBModel_Alpha158_csi300_custom_step0_s_20260807_16,9c5bcdf4aec04a71ab21913383550843,0.04,,,
1717,2026-08-07,SH600025,-0.00206619891681689,EXP_LGBModel_Alpha158_csi300_custom_step0_s_20260807_16,9c5bcdf4aec04a71ab21913383550843,0.04,,,
1718,2026-08-07,SH600026,-0.00206619891681689,EXP_LGBModel_Alpha158_csi300_custom_step0_s_20260807_16,9c5bcdf4aec04a71ab21913383550843,0.04,,,
1719,2026-08-07,SH600027,0.0025511924183876304,EXP_LGBModel_Alpha158_csi300_custom_step0_s_20260807_16,9c5bcdf4aec04a71ab21913383550843,0.04,,,
1720,2026-08-07,SH600028,-0.00206619891681689,EXP_LGBModel_Alpha158_csi300_custom_step0_s_20260807_16,9c5bcdf4aec04a71ab21913383550843,0.04,,,
1721,2026-08-07,SH600029,0.0025511924183876304,EXP_LGBModel_Alpha158_csi300_custom_step0_s_20260807_16,9c5bcdf4aec04a71ab21913383550843,0.04,,,
1722,2026-08-07,SH600030,0.0025511924183876304,EXP_LGBModel_Alpha158_csi300_custom_step0_s_20260807_16,9c5bcdf4aec04a71ab21913383550843,0.04,,,
1723,2026-08-07,SH600031,-0.00206619891681689,EXP_LGBModel_Alpha158_csi300_custom_step0_s_20260807_16,9c5bcdf4aec04a71ab21913383550843,0.04,,,
1724,2026-08-07,SH600016,-0.0020532863839969897,EXP_LGBModel_Alpha158_csi300_custom_step0_s_20260807_16,9c5bcdf4aec04a71ab21913383550843,0.04,,,
1725,2026-08-07,SZ000938,-0.003067618141301968,EXP_LGBModel_Alpha158_csi300_custom_step0_s_20260807_16,a7831aefa1b24897b36c64d263df26c8,0.083,,,
1726,2026-08-07,SZ300866,1.3799895494184376e-10,EXP_LGBModel_Alpha158_csi300_custom_step0_s_20260807_16,a7831aefa1b24897b36c64d263df26c8,0.083,,,
1727,2026-08-07,SZ300803,-0.0008433818614966698,EXP_LGBModel_Alpha158_csi300_custom_step0_s_20260807_16,a7831aefa1b24897b36c64d263df26c8,0.083,,,
1728,2026-08-07,SZ300033,-0.003067618141301968,EXP_LGBModel_Alpha158_csi300_custom_step0_s_20260807_16,a7831aefa1b24897b36c64d263df26c8,0.083,,,
1729,2026-08-07,SZ300059,0.0016945143521914622,EXP_LGBModel_Alpha158_csi300_custom_step0_s_20260807_16,a7831aefa1b24897b36c64d263df26c8,0.083,,,
1730,2026-08-07,SZ300122,0.0023600193027341868,EXP_LGBModel_Alpha158_csi300_custom_step0_s_20260807_16,a7831aefa1b24897b36c64d263df26c8,0.083,,,
1731,2026-08-07,SZ300124,-0.0008433818614966698,EXP_LGBModel_Alpha158_csi300_custom_step0_s_20260807_16,a7831aefa1b24897b36c64d263df26c8,0.083,,,
1732,2026-08-07,SZ300251,-0.003067618141301968,EXP_LGBModel_Alpha158_csi300_custom_step0_s_20260807_16,a7831aefa1b24897b36c64d263df26c8,0.083,,,
1733,2026-08-07,SZ300274,1.3799895494184376e-10,EXP_LGBModel_Alpha158_csi300_custom_step0_s_20260807_16,a7831aefa1b24897b36c64d263df26c8,0.083,,,
1734,2026-08-07,SZ300308,0.003862511416817632,EXP_LGBModel_Alpha158_csi300_custom_step0_s_20260807_16,a7831aefa1b24897b36c64d263df26c8,0.083,,,
1735,2026-08-07,SZ300316,1.3799895494184376e-10,EXP_LGBModel_Alpha158_csi300_custom_step0_s_20260807_16,a7831aefa1b24897b36c64d263df26c8,0.083,,,
1736,2026-08-07,SZ300394,1.3799895494184376e-10,EXP_LGBModel_Alpha158_csi300_custom_step0_s_20260807_16,a7831aefa1b24897b36c64d263df26c8,0.083,,,
1737,2026-08-07,SZ300408,-0.0008433818614966698,EXP_LGBModel_Alpha158_csi300_custom_step0_s_20260807_16,a7831aefa1b24897b36c64d263df26c8,0.083,,,
1738,2026-08-07,SZ300832,-0.003067618141301968,EXP_LGBModel_Alpha158_csi300_custom_step0_s_20260807_16,a7831aefa1b24897b36c64d263df26c8,0.083,,,
1739,2026-08-07,SZ300413,1.3799895494184376e-10,EXP_LGBModel_Alpha158_csi300_custom_step0_s_20260807_16,a7831aefa1b24897b36c64d263df26c8,0.083,,,
1740,2026-08-07,SZ300433,1.3799895494184376e-10,EXP_LGBModel_Alpha158_csi300_custom_step0_s_20260807_16,a7831aefa1b24897b36c64d263df26c8,0.083,,,
1741,2026-08-07,SZ300442,-0.0008433818614966698,EXP_LGBModel_Alpha158_csi300_custom_step0_s_20260807_16,a7831aefa1b24897b36c64d263df26c8,0.083,,,
1742,2026-08-07,SZ300450,1.3799895494184376e-10,EXP_LGBModel_Alpha158_csi300_custom_step0_s_20260807_16,a7831aefa1b24897b36c64d263df26c8,0.083,,,
1743,2026-08-07,SZ300476,1.3799895494184376e-10,EXP_LGBModel_Alpha158_csi300_custom_step0_s_20260807_16,a7831aefa1b24897b36c64d263df26c8,0.083,,,
1744,2026-08-07,SZ300498,-0.003067618141301968,EXP_LGBModel_Alpha158_csi300_custom_step0_s_20260807_16,a7831aefa1b24897b36c64d263df26c8,0.083,,,
1745,2026-08-07,SZ300502,1.3799895494184376e-10,EXP_LGBModel_Alpha158_csi300_custom_step0_s_20260807_16,a7831aefa1b24897b36c64d263df26c8,0.083,,,
1746,2026-08-07,SZ300628,0.0022536832162267173,EXP_LGBModel_Alpha158_csi300_custom_step0_s_20260807_16,a7831aefa1b24897b36c64d263df26c8,0.083,,,
1747,2026-08-07,SZ300661,-0.0008433818614966698,EXP_LGBModel_Alpha158_csi300_custom_step0_s_20260807_16,a7831aefa1b24897b36c64d263df26c8,0.083,,,
1748,2026-08-07,SZ300750,0.0016945143521914622,EXP_LGBModel_Alpha158_csi300_custom_step0_s_20260807_16,a7831aefa1b24897b36c64d263df26c8,0.083,,,
1749,2026-08-07,SZ300760,1.3799895494184376e-10,EXP_LGBModel_Alpha158_csi300_custom_step0_s_20260807_16,a7831aefa1b24897b36c64d263df26c8,0.083,,,
1750,2026-08-07,SZ300418,-0.003067618141301968,EXP_LGBModel_Alpha158_csi300_custom_step0_s_20260807_16,a7831aefa1b24897b36c64d263df26c8,0.083,,,
1751,2026-08-07,SH600036,-0.0020532863839969897,EXP_LGBModel_Alpha158_csi300_custom_step0_s_20260807_16,9c5bcdf4aec04a71ab21913383550843,0.04,,,
1752,2026-08-07,SZ000895,-0.0013591700307210716,EXP_LGBModel_Alpha158_csi300_custom_step0_s_20260807_16,a7831aefa1b24897b36c64d263df26c8,0.083,,,
1753,2026-08-07,SZ000807,-0.003067618141301968,EXP_LGBModel_Alpha158_csi300_custom_step0_s_20260807_16,a7831aefa1b24897b36c64d263df26c8,0.083,,,
1754,2026-08-07,SH601872,-0.003067618141301968,EXP_LGBModel_Alpha158_csi300_custom_step0_s_20260807_16,a7831aefa1b24897b36c64d263df26c8,0.083,,,
1755,2026-08-07,SH601877,1.3799895494184376e-10,EXP_LGBModel_Alpha158_csi300_custom_step0_s_20260807_16,a7831aefa1b24897b36c64d263df26c8,0.083,,,
1756,2026-08-07,SH601878,0.0031065627603862516,EXP_LGBModel_Alpha158_csi300_custom_step0_s_20260807_16,a7831aefa1b24897b36c64d263df26c8,0.083,,,
1757,2026-08-07,SH601881,0.0031065627603862516,EXP_LGBModel_Alpha158_csi300_custom_step0_s_20260807_16,a7831aefa1b24897b36c64d263df26c8,0.083,,,
1758,2026-08-07,SH601888,1.3799895494184376e-10,EXP_LGBModel_Alpha158_csi300_custom_step0_s_20260807_16,a7831aefa1b24897b36c64d263df26c8,0.083,,,
1759,2026-08-07,SH601898,-0.0008433818614966698,EXP_LGBModel_Alpha158_csi300_custom_step0_s_20260807_16,a7831aefa1b24897b36c64d263df26c8,0.083,,,
1760,2026-08-07,SH601899,-0.003067618141301968,EXP_LGBModel_Alpha158_csi300_custom_step0_s_20260807_16,a7831aefa1b24897b36c64d263df26c8,0.083,,,
1761,2026-08-07,SH601901,0.0031065627603862516,EXP_LGBModel_Alpha158_csi300_custom_step0_s_20260807_16,a7831aefa1b24897b36c64d263df26c8,0.083,,,
1762,2026-08-07,SH601916,1.3799895494184376e-10,EXP_LGBModel_Alpha158_csi300_custom_step0_s_20260807_16,a7831aefa1b24897b36c64d263df26c8,0.083,,,
1763,2026-08-07,SH601919,1.3799895494184376e-10,EXP_LGBModel_Alpha158_csi300_custom_step0_s_20260807_16,a7831aefa1b24897b36c64d263df26c8,0.083,,,
1764,2026-08-07,SH601939,1.3799895494184376e-10,EXP_LGBModel_Alpha158_csi300_custom_step0_s_20260807_16,a7831aefa1b24897b36c64d263df26c8,0.083,,,
1765,2026-08-07,SH601985,1.3799895494184376e-10,EXP_LGBModel_Alpha158_csi300_custom_step0_s_20260807_16,a7831aefa1b24897b36c64d263df26c8,0.083,,,
1766,2026-08-07,SH601988,1.3799895494184376e-10,EXP_LGBModel_Alpha158_csi300_custom_step0_s_20260807_16,a7831aefa1b24897b36c64d263df26c8,0.083,,,
1767,2026-08-07,SH601995,0.0016945143521914622,EXP_LGBModel_Alpha158_csi300_custom_step0_s_20260807_16,a7831aefa1b24897b36c64d263df26c8,0.083,,,
1768,2026-08-07,SH601998,1.3799895494184376e-10,EXP_LGBModel_Alpha158_csi300_custom_step0_s_20260807_16,a7831aefa1b24897b36c64d263df26c8,0.083,,,
1769,2026-08-07,SH603019,-0.0008433818614966698,EXP_LGBModel_Alpha158_csi300_custom_step0_s_20260807_16,a7831aefa1b24897b36c64d263df26c8,0.083,,,
1770,2026-08-07,SH603259,-0.003067618141301968,EXP_LGBModel_Alpha158_csi300_custom_step0_s_20260807_16,a7831aefa1b24897b36c64d263df26c8,0.083,,,
1771,2026-08-07,SH603260,0.003862511416817632,EXP_LGBModel_Alpha158_csi300_custom_step0_s_20260807_16,a7831aefa1b24897b36c64d263df26c8,0.083,,,
1772,2026-08-07,SH603288,1.3799895494184376e-10,EXP_LGBModel_Alpha158_csi300_custom_step0_s_20260807_16,a7831aefa1b24897b36c64d263df26c8,0.083,,,
1773,2026-08-07,SH603296,-0.003067618141301968,EXP_LGBModel_Alpha158_csi300_custom_step0_s_20260807_16,a7831aefa1b24897b36c64d263df26c8,0.083,,,
1774,2026-08-07,SH603369,-0.003067618141301968,EXP_LGBModel_Alpha158_csi300_custom_step0_s_20260807_16,a7831aefa1b24897b36c64d263df26c8,0.083,,,
1775,2026-08-07,SH601868,0.0031065627603862516,EXP_LGBModel_Alpha158_csi300_custom_step0_s_20260807_16,a7831aefa1b24897b36c64d263df26c8,0.083,,,
1776,2026-08-07,SH601857,1.3799895494184376e-10,EXP_LGBModel_Alpha158_csi300_custom_step0_s_20260807_16,a7831aefa1b24897b36c64d263df26c8,0.083,,,
1777,2026-08-07,SH601838,0.0016945143521914622,EXP_LGBModel_Alpha158_csi300_custom_step0_s_20260807_16,a7831aefa1b24897b36c64d263df26c8,0.083,,,
1778,2026-08-07,SH601825,0.0016945143521914622,EXP_LGBModel_Alpha158_csi300_custom_step0_s_20260807_16,a7831aefa1b24897b36c64d263df26c8,0.083,,,
1779,2026-08-07,SH601390,0.0016945143521914622,EXP_LGBModel_Alpha158_csi300_custom_step0_s_20260807_16,a7831aefa1b24897b36c64d263df26c8,0.083,,,
1780,2026-08-07,SH601398,1.3799895494184376e-10,EXP_LGBModel_Alpha158_csi300_custom_step0_s_20260807_16,a7831aefa1b24897b36c64d263df26c8,0.083,,,
1781,2026-08-07,SH601456,0.0031065627603862516,EXP_LGBModel_Alpha158_csi300_custom_step0_s_20260807_16,a7831aefa1b24897b36c64d263df26c8,0.083,,,
1782,2026-08-07,SH601600,1.3799895494184376e-10,EXP_LGBModel_Alpha158_csi300_custom_step0_s_20260807_16,a7831aefa1b24897b36c64d263df26c8,0.083,,,
1783,2026-08-07,SH601601,1.3799895494184376e-10,EXP_LGBModel_Alpha158_csi300_custom_step0_s_20260807_16,a7831aefa1b24897b36c64d263df26c8,0.083,,,
1784,2026-08-07,SH601607,1.3799895494184376e-10,EXP_LGBModel_Alpha158_csi300_custom_step0_s_20260807_16,a7831aefa1b24897b36c64d263df26c8,0.083,,,
1785,2026-08-07,SH601618,0.0016945143521914622,EXP_LGBModel_Alpha158_csi300_custom_step0_s_20260807_16,a7831aefa1b24897b36c64d263df26c8,0.083,,,
1786,2026-08-07,SH601628,-0.003067618141301968,EXP_LGBModel_Alpha158_csi300_custom_step0_s_20260807_16,a7831aefa1b24897b36c64d263df26c8,0.083,,,
1787,2026-08-07,SH601633,1.3799895494184376e-10,EXP_LGBModel_Alpha158_csi300_custom_step0_s_20260807_16,a7831aefa1b24897b36c64d263df26c8,0.083,,,
1788,2026-08-07,SH601658,1.3799895494184376e-10,EXP_LGBModel_Alpha158_csi300_custom_step0_s_20260807_16,a7831aefa1b24897b36c64d263df26c8,0.083,,,
1789,2026-08-07,SH603392,0.0023600193027341868,EXP_LGBModel_Alpha158_csi300_custom_step0_s_20260807_16,a7831aefa1b24897b36c64d263df26c8,0.083,,,
1790,2026-08-07,SH601668,1.3799895494184376e-10,EXP_LGBModel_Alpha158_csi300_custom_step0_s_20260807_16,a7831aefa1b24897b36c64d263df26c8,0.083,,,
1791,2026-08-07,SH601688,1.3799895494184376e-10,EXP_LGBModel_Alpha158_csi300_custom_step0_s_20260807_16,a7831aefa1b24897b36c64d263df26c8,0.083,,,
1792,2026-08-07,SH601689,0.003862511416817632,EXP_LGBModel_Alpha158_csi300_custom_step0_s_20260807_16,a7831aefa1b24897b36c64d263df26c8,0.083,,,
1793,2026-08-07,SH601698,1.3799895494184376e-10,EXP_LGBModel_Alpha158_csi300_custom_step0_s_20260807_16,a7831aefa1b24897b36c64d263df26c8,0.083,,,
1794,2026-08-07,SH601727,1.3799895494184376e-10,EXP_LGBModel_Alpha158_csi300_custom_step0_s_20260807_16,a7831aefa1b24897b36c64d263df26c8,0.083,,,
1795,2026-08-07,SH601728,0.0022536832162267173,EXP_LGBModel_Alpha158_csi300_custom_step0_s_20260807_16,a7831aefa1b24897b36c64d263df26c8,0.083,,,
1796,2026-08-07,SH601766,1.3799895494184376e-10,EXP_LGBModel_Alpha158_csi300_custom_step0_s_20260807_16,a7831aefa1b24897b36c64d263df26c8,0.083,,,
1797,2026-08-07,SH601788,0.0031065627603862516,EXP_LGBModel_Alpha158_csi300_custom_step0_s_20260807_16,a7831aefa1b24897b36c64d263df26c8,0.083,,,
1798,2026-08-07,SH601800,1.3799895494184376e-10,EXP_LGBModel_Alpha158_csi300_custom_step0_s_20260807_16,a7831aefa1b24897b36c64d263df26c8,0.083,,,
1799,2026-08-07,SH601816,0.0016945143521914622,EXP_LGBModel_Alpha158_csi300_custom_step0_s_20260807_16,a7831aefa1b24897b36c64d263df26c8,0.083,,,
1800,2026-08-07,SH601818,1.3799895494184376e-10,EXP_LGBModel_Alpha158_csi300_custom_step0_s_20260807_16,a7831aefa1b24897b36c64d263df26c8,0.083,,,
1801,2026-08-07,SH601669,0.0031065627603862516,EXP_LGBModel_Alpha158_csi300_custom_step0_s_20260807_16,a7831aefa1b24897b36c64d263df26c8,0.083,,,
1802,2026-08-07,SH603501,-0.0015347766404944176,EXP_LGBModel_Alpha158_csi300_custom_step0_s_20260807_16,a7831aefa1b24897b36c64d263df26c8,0.083,,,
1803,2026-08-07,SH603799,0.0023600193027341868,EXP_LGBModel_Alpha158_csi300_custom_step0_s_20260807_16,a7831aefa1b24897b36c64d263df26c8,0.083,,,
1804,2026-08-07,SH603893,-0.003067618141301968,EXP_LGBModel_Alpha158_csi300_custom_step0_s_20260807_16,a7831aefa1b24897b36c64d263df26c8,0.083,,,
1805,2026-08-07,SZ000063,-0.0008433818614966698,EXP_LGBModel_Alpha158_csi300_custom_step0_s_20260807_16,a7831aefa1b24897b36c64d263df26c8,0.083,,,
1806,2026-08-07,SZ000100,-0.003067618141301968,EXP_LGBModel_Alpha158_csi300_custom_step0_s_20260807_16,a7831aefa1b24897b36c64d263df26c8,0.083,,,
1807,2026-08-07,SZ000157,1.3799895494184376e-10,EXP_LGBModel_Alpha158_csi300_custom_step0_s_20260807_16,a7831aefa1b24897b36c64d263df26c8,0.083,,,
1808,2026-08-07,SZ000166,0.0031065627603862516,EXP_LGBModel_Alpha158_csi300_custom_step0_s_20260807_16,a7831aefa1b24897b36c64d263df26c8,0.083,,,
1809,2026-08-07,SZ000301,-0.00011423032071688547,EXP_LGBModel_Alpha158_csi300_custom_step0_s_20260807_16,a7831aefa1b24897b36c64d263df26c8,0.083,,,
1810,2026-08-07,SZ000333,0.0022536832162267173,EXP_LGBModel_Alpha158_csi300_custom_step0_s_20260807_16,a7831aefa1b24897b36c64d263df26c8,0.083,,,
1811,2026-08-07,SZ000338,-0.003067618141301968,EXP_LGBModel_Alpha158_csi300_custom_step0_s_20260807_16,a7831aefa1b24897b36c64d263df26c8,0.083,,,
1812,2026-08-07,SZ000408,-0.003067618141301968,EXP_LGBModel_Alpha158_csi300_custom_step0_s_20260807_16,a7831aefa1b24897b36c64d263df26c8,0.083,,,
1813,2026-08-07,SZ000425,1.3799895494184376e-10,EXP_LGBModel_Alpha158_csi300_custom_step0_s_20260807_16,a7831aefa1b24897b36c64d263df26c8,0.083,,,
1814,2026-08-07,SZ000538,0.0016945143521914622,EXP_LGBModel_Alpha158_csi300_custom_step0_s_20260807_16,a7831aefa1b24897b36c64d263df26c8,0.083,,,
1815,2026-08-07,SZ000002,1.3799895494184376e-10,EXP_LGBModel_Alpha158_csi300_custom_step0_s_20260807_16,a7831aefa1b24897b36c64d263df26c8,0.083,,,
1816,2026-08-07,SZ000568,-0.003067618141301968,EXP_LGBModel_Alpha158_csi300_custom_step0_s_20260807_16,a7831aefa1b24897b36c64d263df26c8,0.083,,,
1817,2026-08-07,SZ000617,1.3799895494184376e-10,EXP_LGBModel_Alpha158_csi300_custom_step0_s_20260807_16,a7831aefa1b24897b36c64d263df26c8,0.083,,,
1818,2026-08-07,SZ000625,1.3799895494184376e-10,EXP_LGBModel_Alpha158_csi300_custom_step0_s_20260807_16,a7831aefa1b24897b36c64d263df26c8,0.083,,,
1819,2026-08-07,SZ000630,-0.001685010465153218,EXP_LGBModel_Alpha158_csi300_custom_step0_s_20260807_16,a7831aefa1b24897b36c64d263df26c8,0.083,,,
1820,2026-08-07,SZ000651,1.3799895494184376e-10,EXP_LGBModel_Alpha158_csi300_custom_step0_s_20260807_16,a7831aefa1b24897b36c64d263df26c8,0.083,,,
1821,2026-08-07,SZ000657,1.3799895494184376e-10,EXP_LGBModel_Alpha158_csi300_custom_step0_s_20260807_16,a7831aefa1b24897b36c64d263df26c8,0.083,,,
1822,2026-08-07,SZ000708,-0.0021095448661631257,EXP_LGBModel_Alpha158_csi300_custom_step0_s_20260807_16,a7831aefa1b24897b36c64d263df26c8,0.083,,,
1823,2026-08-07,SZ000725,-0.0008433818614966698,EXP_LGBModel_Alpha158_csi300_custom_step0_s_20260807_16,a7831aefa1b24897b36c64d263df26c8,0.083,,,
1824,2026-08-07,SZ000768,1.3799895494184376e-10,EXP_LGBModel_Alpha158_csi300_custom_step0_s_20260807_16,a7831aefa1b24897b36c64d263df26c8,0.083,,,
1825,2026-08-07,SZ000776,-0.003067618141301968,EXP_LGBModel_Alpha158_csi300_custom_step0_s_20260807_16,a7831aefa1b24897b36c64d263df26c8,0.083,,,
1826,2026-08-07,SZ000792,1.3799895494184376e-10,EXP_LGBModel_Alpha158_csi300_custom_step0_s_20260807_16,a7831aefa1b24897b36c64d263df26c8,0.083,,,
1827,2026-08-07,SZ000596,1.3799895494184376e-10,EXP_LGBModel_Alpha158_csi300_custom_step0_s_20260807_16,a7831aefa1b24897b36c64d263df26c8,0.083,,,
1828,2026-08-07,SZ000858,1.3799895494184376e-10,EXP_LGBModel_Alpha158_csi300_custom_step0_s_20260807_16,a7831aefa1b24897b36c64d263df26c8,0.083,,,
1829,2026-08-07,SZ000001,0.0016945143521914622,EXP_LGBModel_Alpha158_csi300_custom_step0_s_20260807_16,a7831aefa1b24897b36c64d263df26c8,0.083,,,
1830,2026-08-07,SH688521,1.3799895494184376e-10,EXP_LGBModel_Alpha158_csi300_custom_step0_s_20260807_16,a7831aefa1b24897b36c64d263df26c8,0.083,,,
1831,2026-08-07,SH603986,1.3799895494184376e-10,EXP_LGBModel_Alpha158_csi300_custom_step0_s_20260807_16,a7831aefa1b24897b36c64d263df26c8,0.083,,,
1832,2026-08-07,SH603993,-0.003067618141301968,EXP_LGBModel_Alpha158_csi300_custom_step0_s_20260807_16,a7831aefa1b24897b36c64d263df26c8,0.083,,,
1833,2026-08-07,SH605117,1.3799895494184376e-10,EXP_LGBModel_Alpha158_csi300_custom_step0_s_20260807_16,a7831aefa1b24897b36c64d263df26c8,0.083,,,
1834,2026-08-07,SH605499,-0.0008433818614966698,EXP_LGBModel_Alpha158_csi300_custom_step0_s_20260807_16,a7831aefa1b24897b36c64d263df26c8,0.083,,,
1835,2026-08-07,SH688008,1.3799895494184376e-10,EXP_LGBModel_Alpha158_csi300_custom_step0_s_20260807_16,a7831aefa1b24897b36c64d263df26c8,0.083,,,
1836,2026-08-07,SH688009,0.0016945143521914622,EXP_LGBModel_Alpha158_csi300_custom_step0_s_20260807_16,a7831aefa1b24897b36c64d263df26c8,0.083,,,
1837,2026-08-07,SH688012,-0.0008433818614966698,EXP_LGBModel_Alpha158_csi300_custom_step0_s_20260807_16,a7831aefa1b24897b36c64d263df26c8,0.083,,,
1838,2026-08-07,SH688036,-0.0008433818614966698,EXP_LGBModel_Alpha158_csi300_custom_step0_s_20260807_16,a7831aefa1b24897b36c64d263df26c8,0.083,,,
1839,2026-08-07,SH688041,-0.0008433818614966698,EXP_LGBModel_Alpha158_csi300_custom_step0_s_20260807_16,a7831aefa1b24897b36c64d263df26c8,0.083,,,
1840,2026-08-07,SH688047,1.3799895494184376e-10,EXP_LGBModel_Alpha158_csi300_custom_step0_s_20260807_16,a7831aefa1b24897b36c64d263df26c8,0.083,,,
1841,2026-08-07,SH688981,1.3799895494184376e-10,EXP_LGBModel_Alpha158_csi300_custom_step0_s_20260807_16,a7831aefa1b24897b36c64d263df26c8,0.083,,,
1842,2026-08-07,SH688072,-0.0008433818614966698,EXP_LGBModel_Alpha158_csi300_custom_step0_s_20260807_16,a7831aefa1b24897b36c64d263df26c8,0.083,,,
1843,2026-08-07,SH688111,0.0022536832162267173,EXP_LGBModel_Alpha158_csi300_custom_step0_s_20260807_16,a7831aefa1b24897b36c64d263df26c8,0.083,,,
1844,2026-08-07,SH688126,1.3799895494184376e-10,EXP_LGBModel_Alpha158_csi300_custom_step0_s_20260807_16,a7831aefa1b24897b36c64d263df26c8,0.083,,,
1845,2026-08-07,SH688183,-0.0008433818614966698,EXP_LGBModel_Alpha158_csi300_custom_step0_s_20260807_16,a7831aefa1b24897b36c64d263df26c8,0.083,,,
1846,2026-08-07,SH688223,0.003862511416817632,EXP_LGBModel_Alpha158_csi300_custom_step0_s_20260807_16,a7831aefa1b24897b36c64d263df26c8,0.083,,,
1847,2026-08-07,SH688256,1.3799895494184376e-10,EXP_LGBModel_Alpha158_csi300_custom_step0_s_20260807_16,a7831aefa1b24897b36c64d263df26c8,0.083,,,
1848,2026-08-07,SH688271,1.3799895494184376e-10,EXP_LGBModel_Alpha158_csi300_custom_step0_s_20260807_16,a7831aefa1b24897b36c64d263df26c8,0.083,,,
1849,2026-08-07,SH688303,0.0023600193027341868,EXP_LGBModel_Alpha158_csi300_custom_step0_s_20260807_16,a7831aefa1b24897b36c64d263df26c8,0.083,,,
1850,2026-08-07,SH688396,1.3799895494184376e-10,EXP_LGBModel_Alpha158_csi300_custom_step0_s_20260807_16,a7831aefa1b24897b36c64d263df26c8,0.083,,,
1851,2026-08-07,SH688472,-0.0008433818614966698,EXP_LGBModel_Alpha158_csi300_custom_step0_s_20260807_16,a7831aefa1b24897b36c64d263df26c8,0.083,,,
1852,2026-08-07,SH688506,-0.003067618141301968,EXP_LGBModel_Alpha158_csi300_custom_step0_s_20260807_16,a7831aefa1b24897b36c64d263df26c8,0.083,,,
1853,2026-08-07,SH688082,1.3799895494184376e-10,EXP_LGBModel_Alpha158_csi300_custom_step0_s_20260807_16,a7831aefa1b24897b36c64d263df26c8,0.083,,,
1854,2026-08-07,SH601377,0.0031065627603862516,EXP_LGBModel_Alpha158_csi300_custom_step0_s_20260807_16,a7831aefa1b24897b36c64d263df26c8,0.083,,,
1855,2026-08-07,SH600039,-0.00206619891681689,EXP_LGBModel_Alpha158_csi300_custom_step0_s_20260807_16,9c5bcdf4aec04a71ab21913383550843,0.04,,,
1856,2026-08-07,SH600050,0.0016615854288751755,EXP_LGBModel_Alpha158_csi300_custom_step0_s_20260807_16,9c5bcdf4aec04a71ab21913383550843,0.04,,,
1857,2026-08-07,SH601919,-0.0020532863839969897,EXP_LGBModel_Alpha158_csi300_custom_step0_s_20260807_16,9c5bcdf4aec04a71ab21913383550843,0.04,,,
1858,2026-08-07,SH601939,3.696797318666924e-12,EXP_LGBModel_Alpha158_csi300_custom_step0_s_20260807_16,9c5bcdf4aec04a71ab21913383550843,0.04,,,
1859,2026-08-07,SH601985,0.0025511924183876304,EXP_LGBModel_Alpha158_csi300_custom_step0_s_20260807_16,9c5bcdf4aec04a71ab21913383550843,0.04,,,
1860,2026-08-07,SH601988,3.696797318666924e-12,EXP_LGBModel_Alpha158_csi300_custom_step0_s_20260807_16,9c5bcdf4aec04a71ab21913383550843,0.04,,,
1861,2026-08-07,SH601995,3.696797318666924e-12,EXP_LGBModel_Alpha158_csi300_custom_step0_s_20260807_16,9c5bcdf4aec04a71ab21913383550843,0.04,,,
1862,2026-08-07,SH601998,-0.0011120504788181404,EXP_LGBModel_Alpha158_csi300_custom_step0_s_20260807_16,9c5bcdf4aec04a71ab21913383550843,0.04,,,
1863,2026-08-07,SH603019,-0.00206619891681689,EXP_LGBModel_Alpha158_csi300_custom_step0_s_20260807_16,9c5bcdf4aec04a71ab21913383550843,0.04,,,
1864,2026-08-07,SH603259,-0.00206619891681689,EXP_LGBModel_Alpha158_csi300_custom_step0_s_20260807_16,9c5bcdf4aec04a71ab21913383550843,0.04,,,
1865,2026-08-07,SH603260,0.003747720099093449,EXP_LGBModel_Alpha158_csi300_custom_step0_s_20260807_16,9c5bcdf4aec04a71ab21913383550843,0.04,,,
1866,2026-08-07,SH603288,-0.00206619891681689,EXP_LGBModel_Alpha158_csi300_custom_step0_s_20260807_16,9c5bcdf4aec04a71ab21913383550843,0.04,,,
1867,2026-08-07,SH603296,-0.00206619891681689,EXP_LGBModel_Alpha158_csi300_custom_step0_s_20260807_16,9c5bcdf4aec04a71ab21913383550843,0.04,,,
1868,2026-08-07,SH603369,-0.00206619891681689,EXP_LGBModel_Alpha158_csi300_custom_step0_s_20260807_16,9c5bcdf4aec04a71ab21913383550843,0.04,,,
1869,2026-08-07,SH603392,-0.00206619891681689,EXP_LGBModel_Alpha158_csi300_custom_step0_s_20260807_16,9c5bcdf4aec04a71ab21913383550843,0.04,,,
1870,2026-08-07,SH603501,-0.00206619891681689,EXP_LGBModel_Alpha158_csi300_custom_step0_s_20260807_16,9c5bcdf4aec04a71ab21913383550843,0.04,,,
1871,2026-08-07,SH603799,3.696797318666924e-12,EXP_LGBModel_Alpha158_csi300_custom_step0_s_20260807_16,9c5bcdf4aec04a71ab21913383550843,0.04,,,
1872,2026-08-07,SH603893,-0.00206619891681689,EXP_LGBModel_Alpha158_csi300_custom_step0_s_20260807_16,9c5bcdf4aec04a71ab21913383550843,0.04,,,
1873,2026-08-07,SH603986,3.696797318666924e-12,EXP_LGBModel_Alpha158_csi300_custom_step0_s_20260807_16,9c5bcdf4aec04a71ab21913383550843,0.04,,,
1874,2026-08-07,SH603993,-0.00206619891681689,EXP_LGBModel_Alpha158_csi300_custom_step0_s_20260807_16,9c5bcdf4aec04a71ab21913383550843,0.04,,,
1875,2026-08-07,SH605117,-1.2248950246368483e-05,EXP_LGBModel_Alpha158_csi300_custom_step0_s_20260807_16,9c5bcdf4aec04a71ab21913383550843,0.04,,,
1876,2026-08-07,SH605499,-0.00206619891681689,EXP_LGBModel_Alpha158_csi300_custom_step0_s_20260807_16,9c5bcdf4aec04a71ab21913383550843,0.04,,,
1877,2026-08-07,SH688008,0.003747720099093449,EXP_LGBModel_Alpha158_csi300_custom_step0_s_20260807_16,9c5bcdf4aec04a71ab21913383550843,0.04,,,
1878,2026-08-07,SH601916,3.696797318666924e-12,EXP_LGBModel_Alpha158_csi300_custom_step0_s_20260807_16,9c5bcdf4aec04a71ab21913383550843,0.04,,,
1879,2026-08-07,SH601901,0.0025511924183876304,EXP_LGBModel_Alpha158_csi300_custom_step0_s_20260807_16,9c5bcdf4aec04a71ab21913383550843,0.04,,,
1880,2026-08-07,SH601899,-0.00206619891681689,EXP_LGBModel_Alpha158_csi300_custom_step0_s_20260807_16,9c5bcdf4aec04a71ab21913383550843,0.04,,,
1881,2026-08-07,SH601898,-0.00206619891681689,EXP_LGBModel_Alpha158_csi300_custom_step0_s_20260807_16,9c5bcdf4aec04a71ab21913383550843,0.04,,,
1882,2026-08-07,SH601658,3.696797318666924e-12,EXP_LGBModel_Alpha158_csi300_custom_step0_s_20260807_16,9c5bcdf4aec04a71ab21913383550843,0.04,,,
1883,2026-08-07,SH601668,3.696797318666924e-12,EXP_LGBModel_Alpha158_csi300_custom_step0_s_20260807_16,9c5bcdf4aec04a71ab21913383550843,0.04,,,
1884,2026-08-07,SH601669,0.0025511924183876304,EXP_LGBModel_Alpha158_csi300_custom_step0_s_20260807_16,9c5bcdf4aec04a71ab21913383550843,0.04,,,
1885,2026-08-07,SH601688,3.696797318666924e-12,EXP_LGBModel_Alpha158_csi300_custom_step0_s_20260807_16,9c5bcdf4aec04a71ab21913383550843,0.04,,,
1886,2026-08-07,SH601689,-1.2248950246368483e-05,EXP_LGBModel_Alpha158_csi300_custom_step0_s_20260807_16,9c5bcdf4aec04a71ab21913383550843,0.04,,,
1887,2026-08-07,SH601698,-1.2248950246368483e-05,EXP_LGBModel_Alpha158_csi300_custom_step0_s_20260807_16,9c5bcdf4aec04a71ab21913383550843,0.04,,,
1888,2026-08-07,SH601727,-0.00206619891681689,EXP_LGBModel_Alpha158_csi300_custom_step0_s_20260807_16,9c5bcdf4aec04a71ab21913383550843,0.04,,,
1889,2026-08-07,SH601728,-0.00206619891681689,EXP_LGBModel_Alpha158_csi300_custom_step0_s_20260807_16,9c5bcdf4aec04a71ab21913383550843,0.04,,,
1890,2026-08-07,SH601766,3.696797318666924e-12,EXP_LGBModel_Alpha158_csi300_custom_step0_s_20260807_16,9c5bcdf4aec04a71ab21913383550843,0.04,,,
1891,2026-08-07,SH601788,0.0025511924183876304,EXP_LGBModel_Alpha158_csi300_custom_step0_s_20260807_16,9c5bcdf4aec04a71ab21913383550843,0.04,,,
1892,2026-08-07,SH688009,0.0012729445359708268,EXP_LGBModel_Alpha158_csi300_custom_step0_s_20260807_16,9c5bcdf4aec04a71ab21913383550843,0.04,,,
1893,2026-08-07,SH601800,-0.0011120504788181404,EXP_LGBModel_Alpha158_csi300_custom_step0_s_20260807_16,9c5bcdf4aec04a71ab21913383550843,0.04,,,
1894,2026-08-07,SH601818,-0.0011120504788181404,EXP_LGBModel_Alpha158_csi300_custom_step0_s_20260807_16,9c5bcdf4aec04a71ab21913383550843,0.04,,,
1895,2026-08-07,SH601825,-0.00206619891681689,EXP_LGBModel_Alpha158_csi300_custom_step0_s_20260807_16,9c5bcdf4aec04a71ab21913383550843,0.04,,,
1896,2026-08-07,SH601838,0.0025511924183876304,EXP_LGBModel_Alpha158_csi300_custom_step0_s_20260807_16,9c5bcdf4aec04a71ab21913383550843,0.04,,,
1897,2026-08-07,SH601857,-0.00206619891681689,EXP_LGBModel_Alpha158_csi300_custom_step0_s_20260807_16,9c5bcdf4aec04a71ab21913383550843,0.04,,,
1898,2026-08-07,SH601868,0.0025511924183876304,EXP_LGBModel_Alpha158_csi300_custom_step0_s_20260807_16,9c5bcdf4aec04a71ab21913383550843,0.04,,,
1899,2026-08-07,SH601872,-0.00206619891681689,EXP_LGBModel_Alpha158_csi300_custom_step0_s_20260807_16,9c5bcdf4aec04a71ab21913383550843,0.04,,,
1900,2026-08-07,SH601877,-0.00206619891681689,EXP_LGBModel_Alpha158_csi300_custom_step0_s_20260807_16,9c5bcdf4aec04a71ab21913383550843,0.04,,,
1901,2026-08-07,SH601878,0.0025511924183876304,EXP_LGBModel_Alpha158_csi300_custom_step0_s_20260807_16,9c5bcdf4aec04a71ab21913383550843,0.04,,,
1902,2026-08-07,SH601881,0.0025511924183876304,EXP_LGBModel_Alpha158_csi300_custom_step0_s_20260807_16,9c5bcdf4aec04a71ab21913383550843,0.04,,,
1903,2026-08-07,SH601888,-0.00206619891681689,EXP_LGBModel_Alpha158_csi300_custom_step0_s_20260807_16,9c5bcdf4aec04a71ab21913383550843,0.04,,,
1904,2026-08-07,SH601816,-0.0020532863839969897,EXP_LGBModel_Alpha158_csi300_custom_step0_s_20260807_16,9c5bcdf4aec04a71ab21913383550843,0.04,,,
1905,2026-08-07,SH688012,3.696797318666924e-12,EXP_LGBModel_Alpha158_csi300_custom_step0_s_20260807_16,9c5bcdf4aec04a71ab21913383550843,0.04,,,
1906,2026-08-07,SH688036,-0.00206619891681689,EXP_LGBModel_Alpha158_csi300_custom_step0_s_20260807_16,9c5bcdf4aec04a71ab21913383550843,0.04,,,
1907,2026-08-07,SH688041,3.696797318666924e-12,EXP_LGBModel_Alpha158_csi300_custom_step0_s_20260807_16,9c5bcdf4aec04a71ab21913383550843,0.04,,,
1908,2026-08-07,SZ000538,0.0025511924183876304,EXP_LGBModel_Alpha158_csi300_custom_step0_s_20260807_16,9c5bcdf4aec04a71ab21913383550843,0.04,,,
1909,2026-08-07,SZ000568,-0.00206619891681689,EXP_LGBModel_Alpha158_csi300_custom_step0_s_20260807_16,9c5bcdf4aec04a71ab21913383550843,0.04,,,
1910,2026-08-07,SZ000596,-1.2248950246368483e-05,EXP_LGBModel_Alpha158_csi300_custom_step0_s_20260807_16,9c5bcdf4aec04a71ab21913383550843,0.04,,,
1911,2026-08-07,SZ000617,3.696797318666924e-12,EXP_LGBModel_Alpha158_csi300_custom_step0_s_20260807_16,9c5bcdf4aec04a71ab21913383550843,0.04,,,
1912,2026-08-07,SZ000625,-0.00206619891681689,EXP_LGBModel_Alpha158_csi300_custom_step0_s_20260807_16,9c5bcdf4aec04a71ab21913383550843,0.04,,,
1913,2026-08-07,SZ000630,-0.00206619891681689,EXP_LGBModel_Alpha158_csi300_custom_step0_s_20260807_16,9c5bcdf4aec04a71ab21913383550843,0.04,,,
1914,2026-08-07,SZ000651,3.696797318666924e-12,EXP_LGBModel_Alpha158_csi300_custom_step0_s_20260807_16,9c5bcdf4aec04a71ab21913383550843,0.04,,,
1915,2026-08-07,SZ000657,3.696797318666924e-12,EXP_LGBModel_Alpha158_csi300_custom_step0_s_20260807_16,9c5bcdf4aec04a71ab21913383550843,0.04,,,
1916,2026-08-07,SZ000708,-0.00206619891681689,EXP_LGBModel_Alpha158_csi300_custom_step0_s_20260807_16,9c5bcdf4aec04a71ab21913383550843,0.04,,,
1917,2026-08-07,SZ000725,0.003747720099093449,EXP_LGBModel_Alpha158_csi300_custom_step0_s_20260807_16,9c5bcdf4aec04a71ab21913383550843,0.04,,,
1918,2026-08-07,SZ000425,-0.00206619891681689,EXP_LGBModel_Alpha158_csi300_custom_step0_s_20260807_16,9c5bcdf4aec04a71ab21913383550843,0.04,,,
1919,2026-08-07,SZ000768,0.0025511924183876304,EXP_LGBModel_Alpha158_csi300_custom_step0_s_20260807_16,9c5bcdf4aec04a71ab21913383550843,0.04,,,
1920,2026-08-07,SZ000792,-0.00206619891681689,EXP_LGBModel_Alpha158_csi300_custom_step0_s_20260807_16,9c5bcdf4aec04a71ab21913383550843,0.04,,,
1921,2026-08-07,SZ000807,-0.00206619891681689,EXP_LGBModel_Alpha158_csi300_custom_step0_s_20260807_16,9c5bcdf4aec04a71ab21913383550843,0.04,,,
1922,2026-08-07,SZ000858,-0.00206619891681689,EXP_LGBModel_Alpha158_csi300_custom_step0_s_20260807_16,9c5bcdf4aec04a71ab21913383550843,0.04,,,
1923,2026-08-07,SZ000895,3.696797318666924e-12,EXP_LGBModel_Alpha158_csi300_custom_step0_s_20260807_16,9c5bcdf4aec04a71ab21913383550843,0.04,,,
1924,2026-08-07,SZ000938,-1.2248950246368483e-05,EXP_LGBModel_Alpha158_csi300_custom_step0_s_20260807_16,9c5bcdf4aec04a71ab21913383550843,0.04,,,
1925,2026-08-07,SZ000963,3.696797318666924e-12,EXP_LGBModel_Alpha158_csi300_custom_step0_s_20260807_16,9c5bcdf4aec04a71ab21913383550843,0.04,,,
1926,2026-08-07,SZ000975,-1.2248950246368483e-05,EXP_LGBModel_Alpha158_csi300_custom_step0_s_20260807_16,9c5bcdf4aec04a71ab21913383550843,0.04,,,
1927,2026-08-07,SZ000977,-1.2248950246368483e-05,EXP_LGBModel_Alpha158_csi300_custom_step0_s_20260807_16,9c5bcdf4aec04a71ab21913383550843,0.04,,,
1928,2026-08-07,SZ000988,0.003747720099093449,EXP_LGBModel_Alpha158_csi300_custom_step0_s_20260807_16,9c5bcdf4aec04a71ab21913383550843,0.04,,,
1929,2026-08-07,SZ000999,0.0012729445359708268,EXP_LGBModel_Alpha158_csi300_custom_step0_s_20260807_16,9c5bcdf4aec04a71ab21913383550843,0.04,,,
1930,2026-08-07,SZ000776,3.696797318666924e-12,EXP_LGBModel_Alpha158_csi300_custom_step0_s_20260807_16,9c5bcdf4aec04a71ab21913383550843,0.04,,,
1931,2026-08-07,SH601633,-0.00206619891681689,EXP_LGBModel_Alpha158_csi300_custom_step0_s_20260807_16,9c5bcdf4aec04a71ab21913383550843,0.04,,,
1932,2026-08-07,SZ000408,-0.00206619891681689,EXP_LGBModel_Alpha158_csi300_custom_step0_s_20260807_16,9c5bcdf4aec04a71ab21913383550843,0.04,,,
1933,2026-08-07,SZ000333,-0.00206619891681689,EXP_LGBModel_Alpha158_csi300_custom_step0_s_20260807_16,9c5bcdf4aec04a71ab21913383550843,0.04,,,
1934,2026-08-07,SH688047,0.003747720099093449,EXP_LGBModel_Alpha158_csi300_custom_step0_s_20260807_16,9c5bcdf4aec04a71ab21913383550843,0.04,,,
1935,2026-08-07,SH688072,3.696797318666924e-12,EXP_LGBModel_Alpha158_csi300_custom_step0_s_20260807_16,9c5bcdf4aec04a71ab21913383550843,0.04,,,
1936,2026-08-07,SH688082,3.696797318666924e-12,EXP_LGBModel_Alpha158_csi300_custom_step0_s_20260807_16,9c5bcdf4aec04a71ab21913383550843,0.04,,,
1937,2026-08-07,SH688111,-0.00206619891681689,EXP_LGBModel_Alpha158_csi300_custom_step0_s_20260807_16,9c5bcdf4aec04a71ab21913383550843,0.04,,,
1938,2026-08-07,SH688126,3.696797318666924e-12,EXP_LGBModel_Alpha158_csi300_custom_step0_s_20260807_16,9c5bcdf4aec04a71ab21913383550843,0.04,,,
1939,2026-08-07,SH688183,3.696797318666924e-12,EXP_LGBModel_Alpha158_csi300_custom_step0_s_20260807_16,9c5bcdf4aec04a71ab21913383550843,0.04,,,
1940,2026-08-07,SH688223,-0.00206619891681689,EXP_LGBModel_Alpha158_csi300_custom_step0_s_20260807_16,9c5bcdf4aec04a71ab21913383550843,0.04,,,
1941,2026-08-07,SH688256,3.696797318666924e-12,EXP_LGBModel_Alpha158_csi300_custom_step0_s_20260807_16,9c5bcdf4aec04a71ab21913383550843,0.04,,,
1942,2026-08-07,SH688271,-0.00206619891681689,EXP_LGBModel_Alpha158_csi300_custom_step0_s_20260807_16,9c5bcdf4aec04a71ab21913383550843,0.04,,,
1943,2026-08-07,SH688303,-0.00206619891681689,EXP_LGBModel_Alpha158_csi300_custom_step0_s_20260807_16,9c5bcdf4aec04a71ab21913383550843,0.04,,,
1944,2026-08-07,SZ000338,-0.00206619891681689,EXP_LGBModel_Alpha158_csi300_custom_step0_s_20260807_16,9c5bcdf4aec04a71ab21913383550843,0.04,,,
1945,2026-08-07,SH688396,3.696797318666924e-12,EXP_LGBModel_Alpha158_csi300_custom_step0_s_20260807_16,9c5bcdf4aec04a71ab21913383550843,0.04,,,
1946,2026-08-07,SH688506,-0.00206619891681689,EXP_LGBModel_Alpha158_csi300_custom_step0_s_20260807_16,9c5bcdf4aec04a71ab21913383550843,0.04,,,
1947,2026-08-07,SH688521,3.696797318666924e-12,EXP_LGBModel_Alpha158_csi300_custom_step0_s_20260807_16,9c5bcdf4aec04a71ab21913383550843,0.04,,,
1948,2026-08-07,SH688981,0.003747720099093449,EXP_LGBModel_Alpha158_csi300_custom_step0_s_20260807_16,9c5bcdf4aec04a71ab21913383550843,0.04,,,
1949,2026-08-07,SZ000001,0.0012729445359708268,EXP_LGBModel_Alpha158_csi300_custom_step0_s_20260807_16,9c5bcdf4aec04a71ab21913383550843,0.04,,,
1950,2026-08-07,SZ000002,-0.00206619891681689,EXP_LGBModel_Alpha158_csi300_custom_step0_s_20260807_16,9c5bcdf4aec04a71ab21913383550843,0.04,,,
1951,2026-08-07,SZ000063,3.696797318666924e-12,EXP_LGBModel_Alpha158_csi300_custom_step0_s_20260807_16,9c5bcdf4aec04a71ab21913383550843,0.04,,,
1952,2026-08-07,SZ000100,-0.00206619891681689,EXP_LGBModel_Alpha158_csi300_custom_step0_s_20260807_16,9c5bcdf4aec04a71ab21913383550843,0.04,,,
1953,2026-08-07,SZ000157,-0.0011120504788181404,EXP_LGBModel_Alpha158_csi300_custom_step0_s_20260807_16,9c5bcdf4aec04a71ab21913383550843,0.04,,,
1954,2026-08-07,SZ000166,0.0025511924183876304,EXP_LGBModel_Alpha158_csi300_custom_step0_s_20260807_16,9c5bcdf4aec04a71ab21913383550843,0.04,,,
1955,2026-08-07,SZ000301,-0.00206619891681689,EXP_LGBModel_Alpha158_csi300_custom_step0_s_20260807_16,9c5bcdf4aec04a71ab21913383550843,0.04,,,
1956,2026-08-07,SH688472,-0.00206619891681689,EXP_LGBModel_Alpha158_csi300_custom_step0_s_20260807_16,9c5bcdf4aec04a71ab21913383550843,0.04,,,
1957,2026-08-07,SH600048,-0.00206619891681689,EXP_LGBModel_Alpha158_csi300_custom_step0_s_20260807_16,9c5bcdf4aec04a71ab21913383550843,0.04,,,
1958,2026-08-07,SH601628,-0.00206619891681689,EXP_LGBModel_Alpha158_csi300_custom_step0_s_20260807_16,9c5bcdf4aec04a71ab21913383550843,0.04,,,
1959,2026-08-07,SH601607,0.0025511924183876304,EXP_LGBModel_Alpha158_csi300_custom_step0_s_20260807_16,9c5bcdf4aec04a71ab21913383550843,0.04,,,
1960,2026-08-07,SH600438,0.0021666939512550182,EXP_LGBModel_Alpha158_csi300_custom_step0_s_20260807_16,9c5bcdf4aec04a71ab21913383550843,0.04,,,
1961,2026-08-07,SH600460,3.696797318666924e-12,EXP_LGBModel_Alpha158_csi300_custom_step0_s_20260807_16,9c5bcdf4aec04a71ab21913383550843,0.04,,,
1962,2026-08-07,SH600482,-0.00206619891681689,EXP_LGBModel_Alpha158_csi300_custom_step0_s_20260807_16,9c5bcdf4aec04a71ab21913383550843,0.04,,,
1963,2026-08-07,SH600489,-0.00206619891681689,EXP_LGBModel_Alpha158_csi300_custom_step0_s_20260807_16,9c5bcdf4aec04a71ab21913383550843,0.04,,,
1964,2026-08-07,SH600515,-0.00206619891681689,EXP_LGBModel_Alpha158_csi300_custom_step0_s_20260807_16,9c5bcdf4aec04a71ab21913383550843,0.04,,,
1965,2026-08-07,SH600519,0.0012729445359708268,EXP_LGBModel_Alpha158_csi300_custom_step0_s_20260807_16,9c5bcdf4aec04a71ab21913383550843,0.04,,,
1966,2026-08-07,SH600522,3.696797318666924e-12,EXP_LGBModel_Alpha158_csi300_custom_step0_s_20260807_16,9c5bcdf4aec04a71ab21913383550843,0.04,,,
1967,2026-08-07,SH600547,-0.00206619891681689,EXP_LGBModel_Alpha158_csi300_custom_step0_s_20260807_16,9c5bcdf4aec04a71ab21913383550843,0.04,,,
1968,2026-08-07,SH600549,3.696797318666924e-12,EXP_LGBModel_Alpha158_csi300_custom_step0_s_20260807_16,9c5bcdf4aec04a71ab21913383550843,0.04,,,
1969,2026-08-07,SH600570,-0.00206619891681689,EXP_LGBModel_Alpha158_csi300_custom_step0_s_20260807_16,9c5bcdf4aec04a71ab21913383550843,0.04,,,
1970,2026-08-07,SH600584,3.696797318666924e-12,EXP_LGBModel_Alpha158_csi300_custom_step0_s_20260807_16,9c5bcdf4aec04a71ab21913383550843,0.04,,,
1971,2026-08-07,SH600585,-0.00206619891681689,EXP_LGBModel_Alpha158_csi300_custom_step0_s_20260807_16,9c5bcdf4aec04a71ab21913383550843,0.04,,,
1972,2026-08-07,SH600588,-0.00206619891681689,EXP_LGBModel_Alpha158_csi300_custom_step0_s_20260807_16,9c5bcdf4aec04a71ab21913383550843,0.04,,,
1973,2026-08-07,SH600600,-0.00206619891681689,EXP_LGBModel_Alpha158_csi300_custom_step0_s_20260807_16,9c5bcdf4aec04a71ab21913383550843,0.04,,,
1974,2026-08-07,SH600660,-0.00206619891681689,EXP_LGBModel_Alpha158_csi300_custom_step0_s_20260807_16,9c5bcdf4aec04a71ab21913383550843,0.04,,,
1975,2026-08-07,SH600674,-0.00206619891681689,EXP_LGBModel_Alpha158_csi300_custom_step0_s_20260807_16,9c5bcdf4aec04a71ab21913383550843,0.04,,,
1976,2026-08-07,SH600690,-0.00206619891681689,EXP_LGBModel_Alpha158_csi300_custom_step0_s_20260807_16,9c5bcdf4aec04a71ab21913383550843,0.04,,,
1977,2026-08-07,SH600741,-0.0011120504788181404,EXP_LGBModel_Alpha158_csi300_custom_step0_s_20260807_16,9c5bcdf4aec04a71ab21913383550843,0.04,,,
1978,2026-08-07,SH600760,3.696797318666924e-12,EXP_LGBModel_Alpha158_csi300_custom_step0_s_20260807_16,9c5bcdf4aec04a71ab21913383550843,0.04,,,
1979,2026-08-07,SH600795,3.696797318666924e-12,EXP_LGBModel_Alpha158_csi300_custom_step0_s_20260807_16,9c5bcdf4aec04a71ab21913383550843,0.04,,,
1980,2026-08-07,SH600803,-0.00206619891681689,EXP_LGBModel_Alpha158_csi300_custom_step0_s_20260807_16,9c5bcdf4aec04a71ab21913383550843,0.04,,,
1981,2026-08-07,SH600436,3.696797318666924e-12,EXP_LGBModel_Alpha158_csi300_custom_step0_s_20260807_16,9c5bcdf4aec04a71ab21913383550843,0.04,,,
1982,2026-08-07,SH600426,3.696797318666924e-12,EXP_LGBModel_Alpha158_csi300_custom_step0_s_20260807_16,9c5bcdf4aec04a71ab21913383550843,0.04,,,
1983,2026-08-07,SH600415,0.0007562560380680065,EXP_LGBModel_Alpha158_csi300_custom_step0_s_20260807_16,9c5bcdf4aec04a71ab21913383550843,0.04,,,
1984,2026-08-07,SH600406,-0.00206619891681689,EXP_LGBModel_Alpha158_csi300_custom_step0_s_20260807_16,9c5bcdf4aec04a71ab21913383550843,0.04,,,
1985,2026-08-07,SH600061,0.0025511924183876304,EXP_LGBModel_Alpha158_csi300_custom_step0_s_20260807_16,9c5bcdf4aec04a71ab21913383550843,0.04,,,
1986,2026-08-07,SH600066,-0.00206619891681689,EXP_LGBModel_Alpha158_csi300_custom_step0_s_20260807_16,9c5bcdf4aec04a71ab21913383550843,0.04,,,
1987,2026-08-07,SH600085,-0.00206619891681689,EXP_LGBModel_Alpha158_csi300_custom_step0_s_20260807_16,9c5bcdf4aec04a71ab21913383550843,0.04,,,
1988,2026-08-07,SH600089,-0.00206619891681689,EXP_LGBModel_Alpha158_csi300_custom_step0_s_20260807_16,9c5bcdf4aec04a71ab21913383550843,0.04,,,
1989,2026-08-07,SH600104,-0.00206619891681689,EXP_LGBModel_Alpha158_csi300_custom_step0_s_20260807_16,9c5bcdf4aec04a71ab21913383550843,0.04,,,
1990,2026-08-07,SH600111,-1.2248950246368483e-05,EXP_LGBModel_Alpha158_csi300_custom_step0_s_20260807_16,9c5bcdf4aec04a71ab21913383550843,0.04,,,
1991,2026-08-07,SH600115,0.0025511924183876304,EXP_LGBModel_Alpha158_csi300_custom_step0_s_20260807_16,9c5bcdf4aec04a71ab21913383550843,0.04,,,
1992,2026-08-07,SH600118,3.696797318666924e-12,EXP_LGBModel_Alpha158_csi300_custom_step0_s_20260807_16,9c5bcdf4aec04a71ab21913383550843,0.04,,,
1993,2026-08-07,SH600150,-0.00206619891681689,EXP_LGBModel_Alpha158_csi300_custom_step0_s_20260807_16,9c5bcdf4aec04a71ab21913383550843,0.04,,,
1994,2026-08-07,SH600160,0.003747720099093449,EXP_LGBModel_Alpha158_csi300_custom_step0_s_20260807_16,9c5bcdf4aec04a71ab21913383550843,0.04,,,
1995,2026-08-07,SH600809,-0.00206619891681689,EXP_LGBModel_Alpha158_csi300_custom_step0_s_20260807_16,9c5bcdf4aec04a71ab21913383550843,0.04,,,
1996,2026-08-07,SH600176,3.696797318666924e-12,EXP_LGBModel_Alpha158_csi300_custom_step0_s_20260807_16,9c5bcdf4aec04a71ab21913383550843,0.04,,,
1997,2026-08-07,SH600188,-0.00206619891681689,EXP_LGBModel_Alpha158_csi300_custom_step0_s_20260807_16,9c5bcdf4aec04a71ab21913383550843,0.04,,,
1998,2026-08-07,SH600196,3.696797318666924e-12,EXP_LGBModel_Alpha158_csi300_custom_step0_s_20260807_16,9c5bcdf4aec04a71ab21913383550843,0.04,,,
1999,2026-08-07,SH600219,-0.00206619891681689,EXP_LGBModel_Alpha158_csi300_custom_step0_s_20260807_16,9c5bcdf4aec04a71ab21913383550843,0.04,,,
2000,2026-08-07,SH600221,0.0025511924183876304,EXP_LGBModel_Alpha158_csi300_custom_step0_s_20260807_16,9c5bcdf4aec04a71ab21913383550843,0.04,,,
2001,2026-08-07,SH600233,-0.00206619891681689,EXP_LGBModel_Alpha158_csi300_custom_step0_s_20260807_16,9c5bcdf4aec04a71ab21913383550843,0.04,,,
2002,2026-08-07,SH600276,3.696797318666924e-12,EXP_LGBModel_Alpha158_csi300_custom_step0_s_20260807_16,9c5bcdf4aec04a71ab21913383550843,0.04,,,
2003,2026-08-07,SH600309,3.696797318666924e-12,EXP_LGBModel_Alpha158_csi300_custom_step0_s_20260807_16,9c5bcdf4aec04a71ab21913383550843,0.04,,,
2004,2026-08-07,SH600346,-0.00206619891681689,EXP_LGBModel_Alpha158_csi300_custom_step0_s_20260807_16,9c5bcdf4aec04a71ab21913383550843,0.04,,,
2005,2026-08-07,SH600362,-0.00206619891681689,EXP_LGBModel_Alpha158_csi300_custom_step0_s_20260807_16,9c5bcdf4aec04a71ab21913383550843,0.04,,,
2006,2026-08-07,SH600372,0.0025511924183876304,EXP_LGBModel_Alpha158_csi300_custom_step0_s_20260807_16,9c5bcdf4aec04a71ab21913383550843,0.04,,,
2007,2026-08-07,SH600183,3.696797318666924e-12,EXP_LGBModel_Alpha158_csi300_custom_step0_s_20260807_16,9c5bcdf4aec04a71ab21913383550843,0.04,,,
2008,2026-08-07,SH600845,-0.00206619891681689,EXP_LGBModel_Alpha158_csi300_custom_step0_s_20260807_16,9c5bcdf4aec04a71ab21913383550843,0.04,,,
2009,2026-08-07,SH600875,-0.00206619891681689,EXP_LGBModel_Alpha158_csi300_custom_step0_s_20260807_16,9c5bcdf4aec04a71ab21913383550843,0.04,,,
2010,2026-08-07,SH600886,3.696797318666924e-12,EXP_LGBModel_Alpha158_csi300_custom_step0_s_20260807_16,9c5bcdf4aec04a71ab21913383550843,0.04,,,
2011,2026-08-07,SH601127,-0.00206619891681689,EXP_LGBModel_Alpha158_csi300_custom_step0_s_20260807_16,9c5bcdf4aec04a71ab21913383550843,0.04,,,
2012,2026-08-07,SH601136,-0.0011120504788181404,EXP_LGBModel_Alpha158_csi300_custom_step0_s_20260807_16,9c5bcdf4aec04a71ab21913383550843,0.04,,,
2013,2026-08-07,SH601138,-0.00206619891681689,EXP_LGBModel_Alpha158_csi300_custom_step0_s_20260807_16,9c5bcdf4aec04a71ab21913383550843,0.04,,,
2014,2026-08-07,SH601166,3.696797318666924e-12,EXP_LGBModel_Alpha158_csi300_custom_step0_s_20260807_16,9c5bcdf4aec04a71ab21913383550843,0.04,,,
2015,2026-08-07,SH601169,0.0025511924183876304,EXP_LGBModel_Alpha158_csi300_custom_step0_s_20260807_16,9c5bcdf4aec04a71ab21913383550843,0.04,,,
2016,2026-08-07,SH601186,3.696797318666924e-12,EXP_LGBModel_Alpha158_csi300_custom_step0_s_20260807_16,9c5bcdf4aec04a71ab21913383550843,0.04,,,
2017,2026-08-07,SH601211,-0.00206619891681689,EXP_LGBModel_Alpha158_csi300_custom_step0_s_20260807_16,9c5bcdf4aec04a71ab21913383550843,0.04,,,
2018,2026-08-07,SH601225,-0.0020532863839969897,EXP_LGBModel_Alpha158_csi300_custom_step0_s_20260807_16,9c5bcdf4aec04a71ab21913383550843,0.04,,,
2019,2026-08-07,SH601229,0.0025511924183876304,EXP_LGBModel_Alpha158_csi300_custom_step0_s_20260807_16,9c5bcdf4aec04a71ab21913383550843,0.04,,,
2020,2026-08-07,SH601238,-0.00206619891681689,EXP_LGBModel_Alpha158_csi300_custom_step0_s_20260807_16,9c5bcdf4aec04a71ab21913383550843,0.04,,,
2021,2026-08-07,SH601117,0.0025511924183876304,EXP_LGBModel_Alpha158_csi300_custom_step0_s_20260807_16,9c5bcdf4aec04a71ab21913383550843,0.04,,,
2022,2026-08-07,SH601288,-0.00206619891681689,EXP_LGBModel_Alpha158_csi300_custom_step0_s_20260807_16,9c5bcdf4aec04a71ab21913383550843,0.04,,,
2023,2026-08-07,SH601319,0.0025511924183876304,EXP_LGBModel_Alpha158_csi300_custom_step0_s_20260807_16,9c5bcdf4aec04a71ab21913383550843,0.04,,,
2024,2026-08-07,SH601328,3.696797318666924e-12,EXP_LGBModel_Alpha158_csi300_custom_step0_s_20260807_16,9c5bcdf4aec04a71ab21913383550843,0.04,,,
2025,2026-08-07,SH601336,0.0025511924183876304,EXP_LGBModel_Alpha158_csi300_custom_step0_s_20260807_16,9c5bcdf4aec04a71ab21913383550843,0.04,,,
2026,2026-08-07,SH601360,-0.00206619891681689,EXP_LGBModel_Alpha158_csi300_custom_step0_s_20260807_16,9c5bcdf4aec04a71ab21913383550843,0.04,,,
2027,2026-08-07,SH601377,0.0025511924183876304,EXP_LGBModel_Alpha158_csi300_custom_step0_s_20260807_16,9c5bcdf4aec04a71ab21913383550843,0.04,,,
2028,2026-08-07,SH601390,3.696797318666924e-12,EXP_LGBModel_Alpha158_csi300_custom_step0_s_20260807_16,9c5bcdf4aec04a71ab21913383550843,0.04,,,
2029,2026-08-07,SH601398,3.696797318666924e-12,EXP_LGBModel_Alpha158_csi300_custom_step0_s_20260807_16,9c5bcdf4aec04a71ab21913383550843,0.04,,,
2030,2026-08-07,SH601456,0.0025511924183876304,EXP_LGBModel_Alpha158_csi300_custom_step0_s_20260807_16,9c5bcdf4aec04a71ab21913383550843,0.04,,,
2031,2026-08-07,SH601600,3.696797318666924e-12,EXP_LGBModel_Alpha158_csi300_custom_step0_s_20260807_16,9c5bcdf4aec04a71ab21913383550843,0.04,,,
2032,2026-08-07,SH601601,3.696797318666924e-12,EXP_LGBModel_Alpha158_csi300_custom_step0_s_20260807_16,9c5bcdf4aec04a71ab21913383550843,0.04,,,
2033,2026-08-07,SH601318,3.696797318666924e-12,EXP_LGBModel_Alpha158_csi300_custom_step0_s_20260807_16,9c5bcdf4aec04a71ab21913383550843,0.04,,,
2034,2026-08-07,SH601618,0.0025511924183876304,EXP_LGBModel_Alpha158_csi300_custom_step0_s_20260807_16,9c5bcdf4aec04a71ab21913383550843,0.04,,,
2035,2026-08-07,SH601111,0.0025511924183876304,EXP_LGBModel_Alpha158_csi300_custom_step0_s_20260807_16,9c5bcdf4aec04a71ab21913383550843,0.04,,,
2036,2026-08-07,SH601088,-0.00206619891681689,EXP_LGBModel_Alpha158_csi300_custom_step0_s_20260807_16,9c5bcdf4aec04a71ab21913383550843,0.04,,,
2037,2026-08-07,SH600887,-0.0011120504788181404,EXP_LGBModel_Alpha158_csi300_custom_step0_s_20260807_16,9c5bcdf4aec04a71ab21913383550843,0.04,,,
2038,2026-08-07,SH600893,3.696797318666924e-12,EXP_LGBModel_Alpha158_csi300_custom_step0_s_20260807_16,9c5bcdf4aec04a71ab21913383550843,0.04,,,
2039,2026-08-07,SH600900,-0.00206619891681689,EXP_LGBModel_Alpha158_csi300_custom_step0_s_20260807_16,9c5bcdf4aec04a71ab21913383550843,0.04,,,
2040,2026-08-07,SH600905,0.0025511924183876304,EXP_LGBModel_Alpha158_csi300_custom_step0_s_20260807_16,9c5bcdf4aec04a71ab21913383550843,0.04,,,
2041,2026-08-07,SH600918,3.696797318666924e-12,EXP_LGBModel_Alpha158_csi300_custom_step0_s_20260807_16,9c5bcdf4aec04a71ab21913383550843,0.04,,,
2042,2026-08-07,SH600919,0.0025511924183876304,EXP_LGBModel_Alpha158_csi300_custom_step0_s_20260807_16,9c5bcdf4aec04a71ab21913383550843,0.04,,,
2043,2026-08-07,SH600926,0.0025511924183876304,EXP_LGBModel_Alpha158_csi300_custom_step0_s_20260807_16,9c5bcdf4aec04a71ab21913383550843,0.04,,,
2044,2026-08-07,SH600930,-0.0020532863839969897,EXP_LGBModel_Alpha158_csi300_custom_step0_s_20260807_16,9c5bcdf4aec04a71ab21913383550843,0.04,,,
2045,2026-08-07,SH600938,-0.00206619891681689,EXP_LGBModel_Alpha158_csi300_custom_step0_s_20260807_16,9c5bcdf4aec04a71ab21913383550843,0.04,,,
2046,2026-08-07,SH600941,-0.0020532863839969897,EXP_LGBModel_Alpha158_csi300_custom_step0_s_20260807_16,9c5bcdf4aec04a71ab21913383550843,0.04,,,
2047,2026-08-07,SH601100,-0.00206619891681689,EXP_LGBModel_Alpha158_csi300_custom_step0_s_20260807_16,9c5bcdf4aec04a71ab21913383550843,0.04,,,
2048,2026-08-07,SH600958,0.0025511924183876304,EXP_LGBModel_Alpha158_csi300_custom_step0_s_20260807_16,9c5bcdf4aec04a71ab21913383550843,0.04,,,
2049,2026-08-07,SH600999,3.696797318666924e-12,EXP_LGBModel_Alpha158_csi300_custom_step0_s_20260807_16,9c5bcdf4aec04a71ab21913383550843,0.04,,,
2050,2026-08-07,SH601006,-0.00206619891681689,EXP_LGBModel_Alpha158_csi300_custom_step0_s_20260807_16,9c5bcdf4aec04a71ab21913383550843,0.04,,,
2051,2026-08-07,SH601009,0.0012729445359708268,EXP_LGBModel_Alpha158_csi300_custom_step0_s_20260807_16,9c5bcdf4aec04a71ab21913383550843,0.04,,,
2052,2026-08-07,SH601012,3.696797318666924e-12,EXP_LGBModel_Alpha158_csi300_custom_step0_s_20260807_16,9c5bcdf4aec04a71ab21913383550843,0.04,,,
2053,2026-08-07,SH601018,0.0025511924183876304,EXP_LGBModel_Alpha158_csi300_custom_step0_s_20260807_16,9c5bcdf4aec04a71ab21913383550843,0.04,,,
2054,2026-08-07,SH601021,0.0025511924183876304,EXP_LGBModel_Alpha158_csi300_custom_step0_s_20260807_16,9c5bcdf4aec04a71ab21913383550843,0.04,,,
2055,2026-08-07,SH601058,-0.00206619891681689,EXP_LGBModel_Alpha158_csi300_custom_step0_s_20260807_16,9c5bcdf4aec04a71ab21913383550843,0.04,,,
2056,2026-08-07,SH601059,3.696797318666924e-12,EXP_LGBModel_Alpha158_csi300_custom_step0_s_20260807_16,9c5bcdf4aec04a71ab21913383550843,0.04,,,
2057,2026-08-07,SH601066,0.0016615854288751755,EXP_LGBModel_Alpha158_csi300_custom_step0_s_20260807_16,9c5bcdf4aec04a71ab21913383550843,0.04,,,
2058,2026-08-07,SH601077,-0.0011120504788181404,EXP_LGBModel_Alpha158_csi300_custom_step0_s_20260807_16,9c5bcdf4aec04a71ab21913383550843,0.04,,,
2059,2026-08-07,SH600989,3.696797318666924e-12,EXP_LGBModel_Alpha158_csi300_custom_step0_s_20260807_16,9c5bcdf4aec04a71ab21913383550843,0.04,,,
2060,2026-08-07,SH601360,1.3799895494184376e-10,EXP_LGBModel_Alpha158_csi300_custom_step0_s_20260807_16,a7831aefa1b24897b36c64d263df26c8,0.083,,,
2061,2026-08-07,SH601336,0.0031065627603862516,EXP_LGBModel_Alpha158_csi300_custom_step0_s_20260807_16,a7831aefa1b24897b36c64d263df26c8,0.083,,,
2062,2026-08-07,SH601328,1.3799895494184376e-10,EXP_LGBModel_Alpha158_csi300_custom_step0_s_20260807_16,a7831aefa1b24897b36c64d263df26c8,0.083,,,
2063,2026-08-07,SH601728,-0.0032342254197763364,EXP_CatBoostModel_Alpha158_csi300_custom_step0_s_20260807_16,c57f3d80eb9245679b6a4403c48a6c85,0.122,,,
2064,2026-08-07,SH601766,-0.00594249386068514,EXP_CatBoostModel_Alpha158_csi300_custom_step0_s_20260807_16,c57f3d80eb9245679b6a4403c48a6c85,0.122,,,
2065,2026-08-07,SH601788,0.008542789865558667,EXP_CatBoostModel_Alpha158_csi300_custom_step0_s_20260807_16,c57f3d80eb9245679b6a4403c48a6c85,0.122,,,
2066,2026-08-07,SH601800,-0.005192921612059634,EXP_CatBoostModel_Alpha158_csi300_custom_step0_s_20260807_16,c57f3d80eb9245679b6a4403c48a6c85,0.122,,,
2067,2026-08-07,SH601816,0.008037432336740293,EXP_CatBoostModel_Alpha158_csi300_custom_step0_s_20260807_16,c57f3d80eb9245679b6a4403c48a6c85,0.122,,,
2068,2026-08-07,SH601818,-0.004167742341640242,EXP_CatBoostModel_Alpha158_csi300_custom_step0_s_20260807_16,c57f3d80eb9245679b6a4403c48a6c85,0.122,,,
2069,2026-08-07,SH601825,-0.0090388469509428,EXP_CatBoostModel_Alpha158_csi300_custom_step0_s_20260807_16,c57f3d80eb9245679b6a4403c48a6c85,0.122,,,
2070,2026-08-07,SH601838,-0.0005147174503066143,EXP_CatBoostModel_Alpha158_csi300_custom_step0_s_20260807_16,c57f3d80eb9245679b6a4403c48a6c85,0.122,,,
2071,2026-08-07,SH601857,-0.004009194933589846,EXP_CatBoostModel_Alpha158_csi300_custom_step0_s_20260807_16,c57f3d80eb9245679b6a4403c48a6c85,0.122,,,
2072,2026-08-07,SH601868,0.010135822860524196,EXP_CatBoostModel_Alpha158_csi300_custom_step0_s_20260807_16,c57f3d80eb9245679b6a4403c48a6c85,0.122,,,
2073,2026-08-07,SH601872,-0.008588762039478786,EXP_CatBoostModel_Alpha158_csi300_custom_step0_s_20260807_16,c57f3d80eb9245679b6a4403c48a6c85,0.122,,,
2074,2026-08-07,SH601877,-0.007941747390575626,EXP_CatBoostModel_Alpha158_csi300_custom_step0_s_20260807_16,c57f3d80eb9245679b6a4403c48a6c85,0.122,,,
2075,2026-08-07,SH601878,0.013127028080361591,EXP_CatBoostModel_Alpha158_csi300_custom_step0_s_20260807_16,c57f3d80eb9245679b6a4403c48a6c85,0.122,,,
2076,2026-08-07,SH601881,0.0098354746319342,EXP_CatBoostModel_Alpha158_csi300_custom_step0_s_20260807_16,c57f3d80eb9245679b6a4403c48a6c85,0.122,,,
2077,2026-08-07,SH601888,-0.006969001103054539,EXP_CatBoostModel_Alpha158_csi300_custom_step0_s_20260807_16,c57f3d80eb9245679b6a4403c48a6c85,0.122,,,
2078,2026-08-07,SH601898,-0.008031233666908996,EXP_CatBoostModel_Alpha158_csi300_custom_step0_s_20260807_16,c57f3d80eb9245679b6a4403c48a6c85,0.122,,,
2079,2026-08-07,SH601899,0.0020516174768588514,EXP_CatBoostModel_Alpha158_csi300_custom_step0_s_20260807_16,c57f3d80eb9245679b6a4403c48a6c85,0.122,,,
2080,2026-08-07,SH601901,0.010151873127179013,EXP_CatBoostModel_Alpha158_csi300_custom_step0_s_20260807_16,c57f3d80eb9245679b6a4403c48a6c85,0.122,,,
2081,2026-08-07,SH601916,-0.005044167368229032,EXP_CatBoostModel_Alpha158_csi300_custom_step0_s_20260807_16,c57f3d80eb9245679b6a4403c48a6c85,0.122,,,
2082,2026-08-07,SH601919,0.011679563318124345,EXP_CatBoostModel_Alpha158_csi300_custom_step0_s_20260807_16,c57f3d80eb9245679b6a4403c48a6c85,0.122,,,
2083,2026-08-07,SH601939,-0.0016013145247562686,EXP_CatBoostModel_Alpha158_csi300_custom_step0_s_20260807_16,c57f3d80eb9245679b6a4403c48a6c85,0.122,,,
2084,2026-08-07,SH601727,-0.0054841184206788195,EXP_CatBoostModel_Alpha158_csi300_custom_step0_s_20260807_16,c57f3d80eb9245679b6a4403c48a6c85,0.122,,,
2085,2026-08-07,SH601698,-0.004085816434236501,EXP_CatBoostModel_Alpha158_csi300_custom_step0_s_20260807_16,c57f3d80eb9245679b6a4403c48a6c85,0.122,,,
2086,2026-08-07,SH601689,-0.0032590332925250508,EXP_CatBoostModel_Alpha158_csi300_custom_step0_s_20260807_16,c57f3d80eb9245679b6a4403c48a6c85,0.122,,,
2087,2026-08-07,SH601688,-0.002880050292554201,EXP_CatBoostModel_Alpha158_csi300_custom_step0_s_20260807_16,c57f3d80eb9245679b6a4403c48a6c85,0.122,,,
2088,2026-08-07,SH601225,0.0025955584589023683,EXP_CatBoostModel_Alpha158_csi300_custom_step0_s_20260807_16,c57f3d80eb9245679b6a4403c48a6c85,0.122,,,
2089,2026-08-07,SH601229,0.000872218891357211,EXP_CatBoostModel_Alpha158_csi300_custom_step0_s_20260807_16,c57f3d80eb9245679b6a4403c48a6c85,0.122,,,
2090,2026-08-07,SH601238,-0.005770845154974775,EXP_CatBoostModel_Alpha158_csi300_custom_step0_s_20260807_16,c57f3d80eb9245679b6a4403c48a6c85,0.122,,,
2091,2026-08-07,SH601288,-0.0050545068295950405,EXP_CatBoostModel_Alpha158_csi300_custom_step0_s_20260807_16,c57f3d80eb9245679b6a4403c48a6c85,0.122,,,
2092,2026-08-07,SH601318,-0.005062929956668624,EXP_CatBoostModel_Alpha158_csi300_custom_step0_s_20260807_16,c57f3d80eb9245679b6a4403c48a6c85,0.122,,,
2093,2026-08-07,SH601319,0.00036114226059897367,EXP_CatBoostModel_Alpha158_csi300_custom_step0_s_20260807_16,c57f3d80eb9245679b6a4403c48a6c85,0.122,,,
2094,2026-08-07,SH601328,-0.004266635508531433,EXP_CatBoostModel_Alpha158_csi300_custom_step0_s_20260807_16,c57f3d80eb9245679b6a4403c48a6c85,0.122,,,
2095,2026-08-07,SH601336,0.01161064818735283,EXP_CatBoostModel_Alpha158_csi300_custom_step0_s_20260807_16,c57f3d80eb9245679b6a4403c48a6c85,0.122,,,
2096,2026-08-07,SH601360,-0.002158992077171893,EXP_CatBoostModel_Alpha158_csi300_custom_step0_s_20260807_16,c57f3d80eb9245679b6a4403c48a6c85,0.122,,,
2097,2026-08-07,SH601377,0.0098354746319342,EXP_CatBoostModel_Alpha158_csi300_custom_step0_s_20260807_16,c57f3d80eb9245679b6a4403c48a6c85,0.122,,,
2098,2026-08-07,SH601985,0.010015318582270331,EXP_CatBoostModel_Alpha158_csi300_custom_step0_s_20260807_16,c57f3d80eb9245679b6a4403c48a6c85,0.122,,,
2099,2026-08-07,SH601390,-0.0025583980327356444,EXP_CatBoostModel_Alpha158_csi300_custom_step0_s_20260807_16,c57f3d80eb9245679b6a4403c48a6c85,0.122,,,
2100,2026-08-07,SH601456,0.011149961136265417,EXP_CatBoostModel_Alpha158_csi300_custom_step0_s_20260807_16,c57f3d80eb9245679b6a4403c48a6c85,0.122,,,
2101,2026-08-07,SH601600,-0.001593231653573154,EXP_CatBoostModel_Alpha158_csi300_custom_step0_s_20260807_16,c57f3d80eb9245679b6a4403c48a6c85,0.122,,,
2102,2026-08-07,SH601601,-0.003515146572973912,EXP_CatBoostModel_Alpha158_csi300_custom_step0_s_20260807_16,c57f3d80eb9245679b6a4403c48a6c85,0.122,,,
2103,2026-08-07,SH601607,0.015802987946690935,EXP_CatBoostModel_Alpha158_csi300_custom_step0_s_20260807_16,c57f3d80eb9245679b6a4403c48a6c85,0.122,,,
2104,2026-08-07,SH601618,0.001469656873422301,EXP_CatBoostModel_Alpha158_csi300_custom_step0_s_20260807_16,c57f3d80eb9245679b6a4403c48a6c85,0.122,,,
2105,2026-08-07,SH601628,-0.005031418280002944,EXP_CatBoostModel_Alpha158_csi300_custom_step0_s_20260807_16,c57f3d80eb9245679b6a4403c48a6c85,0.122,,,
2106,2026-08-07,SH601633,-0.012345675608749466,EXP_CatBoostModel_Alpha158_csi300_custom_step0_s_20260807_16,c57f3d80eb9245679b6a4403c48a6c85,0.122,,,
2107,2026-08-07,SH601658,-0.0010958467602158685,EXP_CatBoostModel_Alpha158_csi300_custom_step0_s_20260807_16,c57f3d80eb9245679b6a4403c48a6c85,0.122,,,
2108,2026-08-07,SH601668,-0.005748001494057373,EXP_CatBoostModel_Alpha158_csi300_custom_step0_s_20260807_16,c57f3d80eb9245679b6a4403c48a6c85,0.122,,,
2109,2026-08-07,SH601669,0.010786464341228345,EXP_CatBoostModel_Alpha158_csi300_custom_step0_s_20260807_16,c57f3d80eb9245679b6a4403c48a6c85,0.122,,,
2110,2026-08-07,SH601398,-0.005144388507070228,EXP_CatBoostModel_Alpha158_csi300_custom_step0_s_20260807_16,c57f3d80eb9245679b6a4403c48a6c85,0.122,,,
2111,2026-08-07,SH601988,-0.003367743700392122,EXP_CatBoostModel_Alpha158_csi300_custom_step0_s_20260807_16,c57f3d80eb9245679b6a4403c48a6c85,0.122,,,
2112,2026-08-07,SH601995,0.0031293412088372174,EXP_CatBoostModel_Alpha158_csi300_custom_step0_s_20260807_16,c57f3d80eb9245679b6a4403c48a6c85,0.122,,,
2113,2026-08-07,SH601998,-0.00594249386068514,EXP_CatBoostModel_Alpha158_csi300_custom_step0_s_20260807_16,c57f3d80eb9245679b6a4403c48a6c85,0.122,,,
2114,2026-08-07,SH688256,0.011549396023442833,EXP_CatBoostModel_Alpha158_csi300_custom_step0_s_20260807_16,c57f3d80eb9245679b6a4403c48a6c85,0.122,,,
2115,2026-08-07,SH688271,-0.007724698874850201,EXP_CatBoostModel_Alpha158_csi300_custom_step0_s_20260807_16,c57f3d80eb9245679b6a4403c48a6c85,0.122,,,
2116,2026-08-07,SH688303,-0.005240002575917597,EXP_CatBoostModel_Alpha158_csi300_custom_step0_s_20260807_16,c57f3d80eb9245679b6a4403c48a6c85,0.122,,,
2117,2026-08-07,SH688396,0.08082042215870147,EXP_CatBoostModel_Alpha158_csi300_custom_step0_s_20260807_16,c57f3d80eb9245679b6a4403c48a6c85,0.122,,,
2118,2026-08-07,SH688472,-0.0030551148674983937,EXP_CatBoostModel_Alpha158_csi300_custom_step0_s_20260807_16,c57f3d80eb9245679b6a4403c48a6c85,0.122,,,
2119,2026-08-07,SH688506,-0.006507668315374192,EXP_CatBoostModel_Alpha158_csi300_custom_step0_s_20260807_16,c57f3d80eb9245679b6a4403c48a6c85,0.122,,,
2120,2026-08-07,SH688521,0.02119421090826881,EXP_CatBoostModel_Alpha158_csi300_custom_step0_s_20260807_16,c57f3d80eb9245679b6a4403c48a6c85,0.122,,,
2121,2026-08-07,SH688981,0.032133022987262526,EXP_CatBoostModel_Alpha158_csi300_custom_step0_s_20260807_16,c57f3d80eb9245679b6a4403c48a6c85,0.122,,,
2122,2026-08-07,SZ000001,-0.004273330154021091,EXP_CatBoostModel_Alpha158_csi300_custom_step0_s_20260807_16,c57f3d80eb9245679b6a4403c48a6c85,0.122,,,
2123,2026-08-07,SZ000002,-0.005192921612059634,EXP_CatBoostModel_Alpha158_csi300_custom_step0_s_20260807_16,c57f3d80eb9245679b6a4403c48a6c85,0.122,,,
2124,2026-08-07,SH688223,-0.003953441359954501,EXP_CatBoostModel_Alpha158_csi300_custom_step0_s_20260807_16,c57f3d80eb9245679b6a4403c48a6c85,0.122,,,
2125,2026-08-07,SZ000063,-0.005759590020476902,EXP_CatBoostModel_Alpha158_csi300_custom_step0_s_20260807_16,c57f3d80eb9245679b6a4403c48a6c85,0.122,,,
2126,2026-08-07,SZ000157,-0.00427572050820728,EXP_CatBoostModel_Alpha158_csi300_custom_step0_s_20260807_16,c57f3d80eb9245679b6a4403c48a6c85,0.122,,,
2127,2026-08-07,SZ000166,0.010970851140901381,EXP_CatBoostModel_Alpha158_csi300_custom_step0_s_20260807_16,c57f3d80eb9245679b6a4403c48a6c85,0.122,,,
2128,2026-08-07,SZ000301,-0.007525090558067743,EXP_CatBoostModel_Alpha158_csi300_custom_step0_s_20260807_16,c57f3d80eb9245679b6a4403c48a6c85,0.122,,,
2129,2026-08-07,SZ000333,-0.006070674610598431,EXP_CatBoostModel_Alpha158_csi300_custom_step0_s_20260807_16,c57f3d80eb9245679b6a4403c48a6c85,0.122,,,
2130,2026-08-07,SZ000338,-0.006507668315374192,EXP_CatBoostModel_Alpha158_csi300_custom_step0_s_20260807_16,c57f3d80eb9245679b6a4403c48a6c85,0.122,,,
2131,2026-08-07,SZ000408,0.005570526598503628,EXP_CatBoostModel_Alpha158_csi300_custom_step0_s_20260807_16,c57f3d80eb9245679b6a4403c48a6c85,0.122,,,
2132,2026-08-07,SZ000425,-0.004266635508531433,EXP_CatBoostModel_Alpha158_csi300_custom_step0_s_20260807_16,c57f3d80eb9245679b6a4403c48a6c85,0.122,,,
2133,2026-08-07,SZ000538,0.0011459509985447464,EXP_CatBoostModel_Alpha158_csi300_custom_step0_s_20260807_16,c57f3d80eb9245679b6a4403c48a6c85,0.122,,,
2134,2026-08-07,SZ000568,-0.006048840522696494,EXP_CatBoostModel_Alpha158_csi300_custom_step0_s_20260807_16,c57f3d80eb9245679b6a4403c48a6c85,0.122,,,
2135,2026-08-07,SZ000596,-0.0034659448101029906,EXP_CatBoostModel_Alpha158_csi300_custom_step0_s_20260807_16,c57f3d80eb9245679b6a4403c48a6c85,0.122,,,
2136,2026-08-07,SZ000100,-0.013642688452259523,EXP_CatBoostModel_Alpha158_csi300_custom_step0_s_20260807_16,c57f3d80eb9245679b6a4403c48a6c85,0.122,,,
2137,2026-08-07,SH601211,-0.004009194933589846,EXP_CatBoostModel_Alpha158_csi300_custom_step0_s_20260807_16,c57f3d80eb9245679b6a4403c48a6c85,0.122,,,
2138,2026-08-07,SH688183,0.043246849923738284,EXP_CatBoostModel_Alpha158_csi300_custom_step0_s_20260807_16,c57f3d80eb9245679b6a4403c48a6c85,0.122,,,
2139,2026-08-07,SH688111,0.002402008191606194,EXP_CatBoostModel_Alpha158_csi300_custom_step0_s_20260807_16,c57f3d80eb9245679b6a4403c48a6c85,0.122,,,
2140,2026-08-07,SH603019,-0.006254298094478196,EXP_CatBoostModel_Alpha158_csi300_custom_step0_s_20260807_16,c57f3d80eb9245679b6a4403c48a6c85,0.122,,,
2141,2026-08-07,SH603259,0.01355008052626764,EXP_CatBoostModel_Alpha158_csi300_custom_step0_s_20260807_16,c57f3d80eb9245679b6a4403c48a6c85,0.122,,,
2142,2026-08-07,SH603260,0.0010427106216429611,EXP_CatBoostModel_Alpha158_csi300_custom_step0_s_20260807_16,c57f3d80eb9245679b6a4403c48a6c85,0.122,,,
2143,2026-08-07,SH603288,-0.005192921612059634,EXP_CatBoostModel_Alpha158_csi300_custom_step0_s_20260807_16,c57f3d80eb9245679b6a4403c48a6c85,0.122,,,
2144,2026-08-07,SH603296,-0.00956975406027933,EXP_CatBoostModel_Alpha158_csi300_custom_step0_s_20260807_16,c57f3d80eb9245679b6a4403c48a6c85,0.122,,,
2145,2026-08-07,SH603369,-0.0009314703974894454,EXP_CatBoostModel_Alpha158_csi300_custom_step0_s_20260807_16,c57f3d80eb9245679b6a4403c48a6c85,0.122,,,
2146,2026-08-07,SH603392,-0.009616795313707589,EXP_CatBoostModel_Alpha158_csi300_custom_step0_s_20260807_16,c57f3d80eb9245679b6a4403c48a6c85,0.122,,,
2147,2026-08-07,SH603501,-0.004636256810743226,EXP_CatBoostModel_Alpha158_csi300_custom_step0_s_20260807_16,c57f3d80eb9245679b6a4403c48a6c85,0.122,,,
2148,2026-08-07,SH603799,-0.0044496725350203796,EXP_CatBoostModel_Alpha158_csi300_custom_step0_s_20260807_16,c57f3d80eb9245679b6a4403c48a6c85,0.122,,,
2149,2026-08-07,SH603893,-0.006507668315374192,EXP_CatBoostModel_Alpha158_csi300_custom_step0_s_20260807_16,c57f3d80eb9245679b6a4403c48a6c85,0.122,,,
2150,2026-08-07,SH688126,0.053787299951230126,EXP_CatBoostModel_Alpha158_csi300_custom_step0_s_20260807_16,c57f3d80eb9245679b6a4403c48a6c85,0.122,,,
2151,2026-08-07,SH603986,0.05356078918764873,EXP_CatBoostModel_Alpha158_csi300_custom_step0_s_20260807_16,c57f3d80eb9245679b6a4403c48a6c85,0.122,,,
2152,2026-08-07,SH605117,-0.0054436798192263845,EXP_CatBoostModel_Alpha158_csi300_custom_step0_s_20260807_16,c57f3d80eb9245679b6a4403c48a6c85,0.122,,,
2153,2026-08-07,SH605499,-0.005586909107794188,EXP_CatBoostModel_Alpha158_csi300_custom_step0_s_20260807_16,c57f3d80eb9245679b6a4403c48a6c85,0.122,,,
2154,2026-08-07,SH688008,0.047628269233299915,EXP_CatBoostModel_Alpha158_csi300_custom_step0_s_20260807_16,c57f3d80eb9245679b6a4403c48a6c85,0.122,,,
2155,2026-08-07,SH688009,-0.005685053285743554,EXP_CatBoostModel_Alpha158_csi300_custom_step0_s_20260807_16,c57f3d80eb9245679b6a4403c48a6c85,0.122,,,
2156,2026-08-07,SH688012,0.07532033433812847,EXP_CatBoostModel_Alpha158_csi300_custom_step0_s_20260807_16,c57f3d80eb9245679b6a4403c48a6c85,0.122,,,
2157,2026-08-07,SH688036,-0.0037342332303322854,EXP_CatBoostModel_Alpha158_csi300_custom_step0_s_20260807_16,c57f3d80eb9245679b6a4403c48a6c85,0.122,,,
2158,2026-08-07,SH688041,0.012159542867829373,EXP_CatBoostModel_Alpha158_csi300_custom_step0_s_20260807_16,c57f3d80eb9245679b6a4403c48a6c85,0.122,,,
2159,2026-08-07,SH688047,0.017506563272035418,EXP_CatBoostModel_Alpha158_csi300_custom_step0_s_20260807_16,c57f3d80eb9245679b6a4403c48a6c85,0.122,,,
2160,2026-08-07,SH688072,-0.0025654691426813224,EXP_CatBoostModel_Alpha158_csi300_custom_step0_s_20260807_16,c57f3d80eb9245679b6a4403c48a6c85,0.122,,,
2161,2026-08-07,SH688082,0.03151176105371936,EXP_CatBoostModel_Alpha158_csi300_custom_step0_s_20260807_16,c57f3d80eb9245679b6a4403c48a6c85,0.122,,,
2162,2026-08-07,SH603993,-0.006992688279868596,EXP_CatBoostModel_Alpha158_csi300_custom_step0_s_20260807_16,c57f3d80eb9245679b6a4403c48a6c85,0.122,,,
2163,2026-08-07,SZ000617,-0.004290549422160004,EXP_CatBoostModel_Alpha158_csi300_custom_step0_s_20260807_16,c57f3d80eb9245679b6a4403c48a6c85,0.122,,,
2164,2026-08-07,SH601186,-0.003515146572973912,EXP_CatBoostModel_Alpha158_csi300_custom_step0_s_20260807_16,c57f3d80eb9245679b6a4403c48a6c85,0.122,,,
2165,2026-08-07,SH601166,-0.0026832727918274435,EXP_CatBoostModel_Alpha158_csi300_custom_step0_s_20260807_16,c57f3d80eb9245679b6a4403c48a6c85,0.122,,,
2166,2026-08-07,SH600118,0.059847542176499464,EXP_CatBoostModel_Alpha158_csi300_custom_step0_s_20260807_16,c57f3d80eb9245679b6a4403c48a6c85,0.122,,,
2167,2026-08-07,SH600150,-0.0022994170957027302,EXP_CatBoostModel_Alpha158_csi300_custom_step0_s_20260807_16,c57f3d80eb9245679b6a4403c48a6c85,0.122,,,
2168,2026-08-07,SH600160,-0.0004335394137282883,EXP_CatBoostModel_Alpha158_csi300_custom_step0_s_20260807_16,c57f3d80eb9245679b6a4403c48a6c85,0.122,,,
2169,2026-08-07,SH600176,0.0329455058441152,EXP_CatBoostModel_Alpha158_csi300_custom_step0_s_20260807_16,c57f3d80eb9245679b6a4403c48a6c85,0.122,,,
2170,2026-08-07,SH600183,-0.018007139401150583,EXP_CatBoostModel_Alpha158_csi300_custom_step0_s_20260807_16,c57f3d80eb9245679b6a4403c48a6c85,0.122,,,
2171,2026-08-07,SH600188,-0.016298181727203265,EXP_CatBoostModel_Alpha158_csi300_custom_step0_s_20260807_16,c57f3d80eb9245679b6a4403c48a6c85,0.122,,,
2172,2026-08-07,SH600196,0.00793792196481926,EXP_CatBoostModel_Alpha158_csi300_custom_step0_s_20260807_16,c57f3d80eb9245679b6a4403c48a6c85,0.122,,,
2173,2026-08-07,SH600219,-0.005031418280002944,EXP_CatBoostModel_Alpha158_csi300_custom_step0_s_20260807_16,c57f3d80eb9245679b6a4403c48a6c85,0.122,,,
2174,2026-08-07,SH600221,0.015215685243953295,EXP_CatBoostModel_Alpha158_csi300_custom_step0_s_20260807_16,c57f3d80eb9245679b6a4403c48a6c85,0.122,,,
2175,2026-08-07,SH600233,-0.005766002682566904,EXP_CatBoostModel_Alpha158_csi300_custom_step0_s_20260807_16,c57f3d80eb9245679b6a4403c48a6c85,0.122,,,
2176,2026-08-07,SH600276,-0.0024146505077913584,EXP_CatBoostModel_Alpha158_csi300_custom_step0_s_20260807_16,c57f3d80eb9245679b6a4403c48a6c85,0.122,,,
2177,2026-08-07,SH600309,0.011873962315364453,EXP_CatBoostModel_Alpha158_csi300_custom_step0_s_20260807_16,c57f3d80eb9245679b6a4403c48a6c85,0.122,,,
2178,2026-08-07,SH600346,-0.0027930079084996897,EXP_CatBoostModel_Alpha158_csi300_custom_step0_s_20260807_16,c57f3d80eb9245679b6a4403c48a6c85,0.122,,,
2179,2026-08-07,SH600362,0.0013571331490122116,EXP_CatBoostModel_Alpha158_csi300_custom_step0_s_20260807_16,c57f3d80eb9245679b6a4403c48a6c85,0.122,,,
2180,2026-08-07,SH600372,0.004369057541598704,EXP_CatBoostModel_Alpha158_csi300_custom_step0_s_20260807_16,c57f3d80eb9245679b6a4403c48a6c85,0.122,,,
2181,2026-08-07,SH600406,-0.007724698874850201,EXP_CatBoostModel_Alpha158_csi300_custom_step0_s_20260807_16,c57f3d80eb9245679b6a4403c48a6c85,0.122,,,
2182,2026-08-07,SH600415,-0.0032406275913261767,EXP_CatBoostModel_Alpha158_csi300_custom_step0_s_20260807_16,c57f3d80eb9245679b6a4403c48a6c85,0.122,,,
2183,2026-08-07,SH600426,-0.0013471565471362855,EXP_CatBoostModel_Alpha158_csi300_custom_step0_s_20260807_16,c57f3d80eb9245679b6a4403c48a6c85,0.122,,,
2184,2026-08-07,SH600436,0.006673774402317067,EXP_CatBoostModel_Alpha158_csi300_custom_step0_s_20260807_16,c57f3d80eb9245679b6a4403c48a6c85,0.122,,,
2185,2026-08-07,SH600438,-0.0038401423420821217,EXP_CatBoostModel_Alpha158_csi300_custom_step0_s_20260807_16,c57f3d80eb9245679b6a4403c48a6c85,0.122,,,
2186,2026-08-07,SH600460,0.08082042215870147,EXP_CatBoostModel_Alpha158_csi300_custom_step0_s_20260807_16,c57f3d80eb9245679b6a4403c48a6c85,0.122,,,
2187,2026-08-07,SH600115,-0.0006384504922552839,EXP_CatBoostModel_Alpha158_csi300_custom_step0_s_20260807_16,c57f3d80eb9245679b6a4403c48a6c85,0.122,,,
2188,2026-08-07,SH600111,0.03685671823153354,EXP_CatBoostModel_Alpha158_csi300_custom_step0_s_20260807_16,c57f3d80eb9245679b6a4403c48a6c85,0.122,,,
2189,2026-08-07,SH600104,-0.009659202895526839,EXP_CatBoostModel_Alpha158_csi300_custom_step0_s_20260807_16,c57f3d80eb9245679b6a4403c48a6c85,0.122,,,
2190,2026-08-07,SH600089,-0.003953441359954501,EXP_CatBoostModel_Alpha158_csi300_custom_step0_s_20260807_16,c57f3d80eb9245679b6a4403c48a6c85,0.122,,,
2191,2026-08-07,SH600009,-0.00778912563838085,EXP_CatBoostModel_Alpha158_csi300_custom_step0_s_20260807_16,c57f3d80eb9245679b6a4403c48a6c85,0.122,,,
2192,2026-08-07,SH600010,0.002746363541357042,EXP_CatBoostModel_Alpha158_csi300_custom_step0_s_20260807_16,c57f3d80eb9245679b6a4403c48a6c85,0.122,,,
2193,2026-08-07,SH600011,3.607282819674605e-05,EXP_CatBoostModel_Alpha158_csi300_custom_step0_s_20260807_16,c57f3d80eb9245679b6a4403c48a6c85,0.122,,,
2194,2026-08-07,SH600015,-0.004294595119603527,EXP_CatBoostModel_Alpha158_csi300_custom_step0_s_20260807_16,c57f3d80eb9245679b6a4403c48a6c85,0.122,,,
2195,2026-08-07,SH600016,0.009455480355697867,EXP_CatBoostModel_Alpha158_csi300_custom_step0_s_20260807_16,c57f3d80eb9245679b6a4403c48a6c85,0.122,,,
2196,2026-08-07,SH600018,0.01348041823866524,EXP_CatBoostModel_Alpha158_csi300_custom_step0_s_20260807_16,c57f3d80eb9245679b6a4403c48a6c85,0.122,,,
2197,2026-08-07,SH600019,-0.008161093952404002,EXP_CatBoostModel_Alpha158_csi300_custom_step0_s_20260807_16,c57f3d80eb9245679b6a4403c48a6c85,0.122,,,
2198,2026-08-07,SH600023,0.0013898541853284716,EXP_CatBoostModel_Alpha158_csi300_custom_step0_s_20260807_16,c57f3d80eb9245679b6a4403c48a6c85,0.122,,,
2199,2026-08-07,SH600025,-0.004808628259154763,EXP_CatBoostModel_Alpha158_csi300_custom_step0_s_20260807_16,c57f3d80eb9245679b6a4403c48a6c85,0.122,,,
2200,2026-08-07,SH600026,-0.016048727731656803,EXP_CatBoostModel_Alpha158_csi300_custom_step0_s_20260807_16,c57f3d80eb9245679b6a4403c48a6c85,0.122,,,
2201,2026-08-07,SH600482,-0.0026790609969090306,EXP_CatBoostModel_Alpha158_csi300_custom_step0_s_20260807_16,c57f3d80eb9245679b6a4403c48a6c85,0.122,,,
2202,2026-08-07,SH600027,-0.0032713955117137216,EXP_CatBoostModel_Alpha158_csi300_custom_step0_s_20260807_16,c57f3d80eb9245679b6a4403c48a6c85,0.122,,,
2203,2026-08-07,SH600029,0.007423744409076091,EXP_CatBoostModel_Alpha158_csi300_custom_step0_s_20260807_16,c57f3d80eb9245679b6a4403c48a6c85,0.122,,,
2204,2026-08-07,SH600030,0.010970851140901381,EXP_CatBoostModel_Alpha158_csi300_custom_step0_s_20260807_16,c57f3d80eb9245679b6a4403c48a6c85,0.122,,,
2205,2026-08-07,SH600031,-0.004294595119603527,EXP_CatBoostModel_Alpha158_csi300_custom_step0_s_20260807_16,c57f3d80eb9245679b6a4403c48a6c85,0.122,,,
2206,2026-08-07,SH600036,0.00038304372646629143,EXP_CatBoostModel_Alpha158_csi300_custom_step0_s_20260807_16,c57f3d80eb9245679b6a4403c48a6c85,0.122,,,
2207,2026-08-07,SH600039,-0.00492507161799159,EXP_CatBoostModel_Alpha158_csi300_custom_step0_s_20260807_16,c57f3d80eb9245679b6a4403c48a6c85,0.122,,,
2208,2026-08-07,SH600048,-0.005763484431073895,EXP_CatBoostModel_Alpha158_csi300_custom_step0_s_20260807_16,c57f3d80eb9245679b6a4403c48a6c85,0.122,,,
2209,2026-08-07,SH600050,0.0019612232314230177,EXP_CatBoostModel_Alpha158_csi300_custom_step0_s_20260807_16,c57f3d80eb9245679b6a4403c48a6c85,0.122,,,
2210,2026-08-07,SH600061,0.010850390820440666,EXP_CatBoostModel_Alpha158_csi300_custom_step0_s_20260807_16,c57f3d80eb9245679b6a4403c48a6c85,0.122,,,
2211,2026-08-07,SH600066,-0.004009194933589846,EXP_CatBoostModel_Alpha158_csi300_custom_step0_s_20260807_16,c57f3d80eb9245679b6a4403c48a6c85,0.122,,,
2212,2026-08-07,SH600085,-0.005467813357556745,EXP_CatBoostModel_Alpha158_csi300_custom_step0_s_20260807_16,c57f3d80eb9245679b6a4403c48a6c85,0.122,,,
2213,2026-08-07,SH600028,-0.005467813357556745,EXP_CatBoostModel_Alpha158_csi300_custom_step0_s_20260807_16,c57f3d80eb9245679b6a4403c48a6c85,0.122,,,
2214,2026-08-07,SH600489,0.006862190955530548,EXP_CatBoostModel_Alpha158_csi300_custom_step0_s_20260807_16,c57f3d80eb9245679b6a4403c48a6c85,0.122,,,
2215,2026-08-07,SH600515,-0.004294595119603527,EXP_CatBoostModel_Alpha158_csi300_custom_step0_s_20260807_16,c57f3d80eb9245679b6a4403c48a6c85,0.122,,,
2216,2026-08-07,SH600519,-0.005685053285743554,EXP_CatBoostModel_Alpha158_csi300_custom_step0_s_20260807_16,c57f3d80eb9245679b6a4403c48a6c85,0.122,,,
2217,2026-08-07,SH600930,-0.00012733648846885285,EXP_CatBoostModel_Alpha158_csi300_custom_step0_s_20260807_16,c57f3d80eb9245679b6a4403c48a6c85,0.122,,,
2218,2026-08-07,SH600938,-0.002499641017212377,EXP_CatBoostModel_Alpha158_csi300_custom_step0_s_20260807_16,c57f3d80eb9245679b6a4403c48a6c85,0.122,,,
2219,2026-08-07,SH600941,0.007794246591163305,EXP_CatBoostModel_Alpha158_csi300_custom_step0_s_20260807_16,c57f3d80eb9245679b6a4403c48a6c85,0.122,,,
2220,2026-08-07,SH600958,0.008993784196805207,EXP_CatBoostModel_Alpha158_csi300_custom_step0_s_20260807_16,c57f3d80eb9245679b6a4403c48a6c85,0.122,,,
2221,2026-08-07,SH600989,-0.0007757248981826292,EXP_CatBoostModel_Alpha158_csi300_custom_step0_s_20260807_16,c57f3d80eb9245679b6a4403c48a6c85,0.122,,,
2222,2026-08-07,SH600999,-0.019823723218755536,EXP_CatBoostModel_Alpha158_csi300_custom_step0_s_20260807_16,c57f3d80eb9245679b6a4403c48a6c85,0.122,,,
2223,2026-08-07,SH601006,-0.002124688406833885,EXP_CatBoostModel_Alpha158_csi300_custom_step0_s_20260807_16,c57f3d80eb9245679b6a4403c48a6c85,0.122,,,
2224,2026-08-07,SH601009,-0.002498578634976192,EXP_CatBoostModel_Alpha158_csi300_custom_step0_s_20260807_16,c57f3d80eb9245679b6a4403c48a6c85,0.122,,,
2225,2026-08-07,SH601012,-0.002023858777232476,EXP_CatBoostModel_Alpha158_csi300_custom_step0_s_20260807_16,c57f3d80eb9245679b6a4403c48a6c85,0.122,,,
2226,2026-08-07,SH601018,-0.002124123091150683,EXP_CatBoostModel_Alpha158_csi300_custom_step0_s_20260807_16,c57f3d80eb9245679b6a4403c48a6c85,0.122,,,
2227,2026-08-07,SH600926,0.008579850627204585,EXP_CatBoostModel_Alpha158_csi300_custom_step0_s_20260807_16,c57f3d80eb9245679b6a4403c48a6c85,0.122,,,
2228,2026-08-07,SH601021,0.008993784196805207,EXP_CatBoostModel_Alpha158_csi300_custom_step0_s_20260807_16,c57f3d80eb9245679b6a4403c48a6c85,0.122,,,
2229,2026-08-07,SH601059,0.006951586326889966,EXP_CatBoostModel_Alpha158_csi300_custom_step0_s_20260807_16,c57f3d80eb9245679b6a4403c48a6c85,0.122,,,
2230,2026-08-07,SH601066,-0.0008636280912145101,EXP_CatBoostModel_Alpha158_csi300_custom_step0_s_20260807_16,c57f3d80eb9245679b6a4403c48a6c85,0.122,,,
2231,2026-08-07,SH601077,-0.0020857691735674693,EXP_CatBoostModel_Alpha158_csi300_custom_step0_s_20260807_16,c57f3d80eb9245679b6a4403c48a6c85,0.122,,,
2232,2026-08-07,SH601088,-0.00578527442458475,EXP_CatBoostModel_Alpha158_csi300_custom_step0_s_20260807_16,c57f3d80eb9245679b6a4403c48a6c85,0.122,,,
2233,2026-08-07,SH601100,-0.007863722055680391,EXP_CatBoostModel_Alpha158_csi300_custom_step0_s_20260807_16,c57f3d80eb9245679b6a4403c48a6c85,0.122,,,
2234,2026-08-07,SH601111,0.005407167010993764,EXP_CatBoostModel_Alpha158_csi300_custom_step0_s_20260807_16,c57f3d80eb9245679b6a4403c48a6c85,0.122,,,
2235,2026-08-07,SH601117,0.010681486648068039,EXP_CatBoostModel_Alpha158_csi300_custom_step0_s_20260807_16,c57f3d80eb9245679b6a4403c48a6c85,0.122,,,
2236,2026-08-07,SH601127,-0.010054109401685291,EXP_CatBoostModel_Alpha158_csi300_custom_step0_s_20260807_16,c57f3d80eb9245679b6a4403c48a6c85,0.122,,,
2237,2026-08-07,SH601136,-0.0013204470621335205,EXP_CatBoostModel_Alpha158_csi300_custom_step0_s_20260807_16,c57f3d80eb9245679b6a4403c48a6c85,0.122,,,
2238,2026-08-07,SH601138,-0.046930420783334516,EXP_CatBoostModel_Alpha158_csi300_custom_step0_s_20260807_16,c57f3d80eb9245679b6a4403c48a6c85,0.122,,,
2239,2026-08-07,SH601058,-0.0035170632599059266,EXP_CatBoostModel_Alpha158_csi300_custom_step0_s_20260807_16,c57f3d80eb9245679b6a4403c48a6c85,0.122,,,
2240,2026-08-07,SH601169,0.0005032018589399181,EXP_CatBoostModel_Alpha158_csi300_custom_step0_s_20260807_16,c57f3d80eb9245679b6a4403c48a6c85,0.122,,,
2241,2026-08-07,SH600919,0.013889495550442927,EXP_CatBoostModel_Alpha158_csi300_custom_step0_s_20260807_16,c57f3d80eb9245679b6a4403c48a6c85,0.122,,,
2242,2026-08-07,SH600905,0.008431334825471783,EXP_CatBoostModel_Alpha158_csi300_custom_step0_s_20260807_16,c57f3d80eb9245679b6a4403c48a6c85,0.122,,,
2243,2026-08-07,SH600522,0.07258044638503662,EXP_CatBoostModel_Alpha158_csi300_custom_step0_s_20260807_16,c57f3d80eb9245679b6a4403c48a6c85,0.122,,,
2244,2026-08-07,SH600547,-0.0027930079084996897,EXP_CatBoostModel_Alpha158_csi300_custom_step0_s_20260807_16,c57f3d80eb9245679b6a4403c48a6c85,0.122,,,
2245,2026-08-07,SH600549,-0.01828690961095124,EXP_CatBoostModel_Alpha158_csi300_custom_step0_s_20260807_16,c57f3d80eb9245679b6a4403c48a6c85,0.122,,,
2246,2026-08-07,SH600570,-0.009816403630490047,EXP_CatBoostModel_Alpha158_csi300_custom_step0_s_20260807_16,c57f3d80eb9245679b6a4403c48a6c85,0.122,,,
2247,2026-08-07,SH600584,-0.042104212185849095,EXP_CatBoostModel_Alpha158_csi300_custom_step0_s_20260807_16,c57f3d80eb9245679b6a4403c48a6c85,0.122,,,
2248,2026-08-07,SH600585,-0.0029846609817067798,EXP_CatBoostModel_Alpha158_csi300_custom_step0_s_20260807_16,c57f3d80eb9245679b6a4403c48a6c85,0.122,,,
2249,2026-08-07,SH600588,-0.0030849857067602763,EXP_CatBoostModel_Alpha158_csi300_custom_step0_s_20260807_16,c57f3d80eb9245679b6a4403c48a6c85,0.122,,,
2250,2026-08-07,SH600600,-0.00594249386068514,EXP_CatBoostModel_Alpha158_csi300_custom_step0_s_20260807_16,c57f3d80eb9245679b6a4403c48a6c85,0.122,,,
2251,2026-08-07,SH600660,-0.009959032351150492,EXP_CatBoostModel_Alpha158_csi300_custom_step0_s_20260807_16,c57f3d80eb9245679b6a4403c48a6c85,0.122,,,
2252,2026-08-07,SH600674,-0.0032492132658378825,EXP_CatBoostModel_Alpha158_csi300_custom_step0_s_20260807_16,c57f3d80eb9245679b6a4403c48a6c85,0.122,,,
2253,2026-08-07,SH600918,0.007804430195309588,EXP_CatBoostModel_Alpha158_csi300_custom_step0_s_20260807_16,c57f3d80eb9245679b6a4403c48a6c85,0.122,,,
2254,2026-08-07,SH600690,-0.01045116402483441,EXP_CatBoostModel_Alpha158_csi300_custom_step0_s_20260807_16,c57f3d80eb9245679b6a4403c48a6c85,0.122,,,
2255,2026-08-07,SH600760,0.006276604745146055,EXP_CatBoostModel_Alpha158_csi300_custom_step0_s_20260807_16,c57f3d80eb9245679b6a4403c48a6c85,0.122,,,
2256,2026-08-07,SH600795,-0.002250903833053356,EXP_CatBoostModel_Alpha158_csi300_custom_step0_s_20260807_16,c57f3d80eb9245679b6a4403c48a6c85,0.122,,,
2257,2026-08-07,SH600803,-0.004710475455147586,EXP_CatBoostModel_Alpha158_csi300_custom_step0_s_20260807_16,c57f3d80eb9245679b6a4403c48a6c85,0.122,,,
2258,2026-08-07,SH600809,-0.0032342254197763364,EXP_CatBoostModel_Alpha158_csi300_custom_step0_s_20260807_16,c57f3d80eb9245679b6a4403c48a6c85,0.122,,,
2259,2026-08-07,SH600845,-0.010742192426135382,EXP_CatBoostModel_Alpha158_csi300_custom_step0_s_20260807_16,c57f3d80eb9245679b6a4403c48a6c85,0.122,,,
2260,2026-08-07,SH600875,-0.007724698874850201,EXP_CatBoostModel_Alpha158_csi300_custom_step0_s_20260807_16,c57f3d80eb9245679b6a4403c48a6c85,0.122,,,
2261,2026-08-07,SH600886,-0.0007245765995441457,EXP_CatBoostModel_Alpha158_csi300_custom_step0_s_20260807_16,c57f3d80eb9245679b6a4403c48a6c85,0.122,,,
2262,2026-08-07,SH600887,-0.0029846609817067798,EXP_CatBoostModel_Alpha158_csi300_custom_step0_s_20260807_16,c57f3d80eb9245679b6a4403c48a6c85,0.122,,,
2263,2026-08-07,SH600893,0.0012231608119480264,EXP_CatBoostModel_Alpha158_csi300_custom_step0_s_20260807_16,c57f3d80eb9245679b6a4403c48a6c85,0.122,,,
2264,2026-08-07,SH600900,-0.0037342332303322854,EXP_CatBoostModel_Alpha158_csi300_custom_step0_s_20260807_16,c57f3d80eb9245679b6a4403c48a6c85,0.122,,,
2265,2026-08-07,SH600741,-0.004667631043050003,EXP_CatBoostModel_Alpha158_csi300_custom_step0_s_20260807_16,c57f3d80eb9245679b6a4403c48a6c85,0.122,,,
2266,2026-08-07,SZ000625,-0.01292720469149486,EXP_CatBoostModel_Alpha158_csi300_custom_step0_s_20260807_16,c57f3d80eb9245679b6a4403c48a6c85,0.122,,,
2267,2026-08-07,SZ000630,-0.0029407854678069173,EXP_CatBoostModel_Alpha158_csi300_custom_step0_s_20260807_16,c57f3d80eb9245679b6a4403c48a6c85,0.122,,,
2268,2026-08-07,SZ000651,-0.0029846609817067798,EXP_CatBoostModel_Alpha158_csi300_custom_step0_s_20260807_16,c57f3d80eb9245679b6a4403c48a6c85,0.122,,,
2269,2026-08-07,SH600276,-0.003067618141301968,EXP_LGBModel_Alpha158_csi300_custom_step0_s_20260807_16,a7831aefa1b24897b36c64d263df26c8,0.083,,,
2270,2026-08-07,SH600309,-0.00011423032071688547,EXP_LGBModel_Alpha158_csi300_custom_step0_s_20260807_16,a7831aefa1b24897b36c64d263df26c8,0.083,,,
2271,2026-08-07,SH600346,1.3799895494184376e-10,EXP_LGBModel_Alpha158_csi300_custom_step0_s_20260807_16,a7831aefa1b24897b36c64d263df26c8,0.083,,,
2272,2026-08-07,SH600362,1.3799895494184376e-10,EXP_LGBModel_Alpha158_csi300_custom_step0_s_20260807_16,a7831aefa1b24897b36c64d263df26c8,0.083,,,
2273,2026-08-07,SH600372,0.0031065627603862516,EXP_LGBModel_Alpha158_csi300_custom_step0_s_20260807_16,a7831aefa1b24897b36c64d263df26c8,0.083,,,
2274,2026-08-07,SH600406,0.0016945143521914622,EXP_LGBModel_Alpha158_csi300_custom_step0_s_20260807_16,a7831aefa1b24897b36c64d263df26c8,0.083,,,
2275,2026-08-07,SH600415,0.0022536832162267173,EXP_LGBModel_Alpha158_csi300_custom_step0_s_20260807_16,a7831aefa1b24897b36c64d263df26c8,0.083,,,
2276,2026-08-07,SH600426,-0.003067618141301968,EXP_LGBModel_Alpha158_csi300_custom_step0_s_20260807_16,a7831aefa1b24897b36c64d263df26c8,0.083,,,
2277,2026-08-07,SH600436,1.3799895494184376e-10,EXP_LGBModel_Alpha158_csi300_custom_step0_s_20260807_16,a7831aefa1b24897b36c64d263df26c8,0.083,,,
2278,2026-08-07,SH600438,0.0023600193027341868,EXP_LGBModel_Alpha158_csi300_custom_step0_s_20260807_16,a7831aefa1b24897b36c64d263df26c8,0.083,,,
2279,2026-08-07,SH600460,1.3799895494184376e-10,EXP_LGBModel_Alpha158_csi300_custom_step0_s_20260807_16,a7831aefa1b24897b36c64d263df26c8,0.083,,,
2280,2026-08-07,SH600482,-0.0008433818614966698,EXP_LGBModel_Alpha158_csi300_custom_step0_s_20260807_16,a7831aefa1b24897b36c64d263df26c8,0.083,,,
2281,2026-08-07,SH600489,-0.003067618141301968,EXP_LGBModel_Alpha158_csi300_custom_step0_s_20260807_16,a7831aefa1b24897b36c64d263df26c8,0.083,,,
2282,2026-08-07,SH600515,1.3799895494184376e-10,EXP_LGBModel_Alpha158_csi300_custom_step0_s_20260807_16,a7831aefa1b24897b36c64d263df26c8,0.083,,,
2283,2026-08-07,SH600519,1.3799895494184376e-10,EXP_LGBModel_Alpha158_csi300_custom_step0_s_20260807_16,a7831aefa1b24897b36c64d263df26c8,0.083,,,
2284,2026-08-07,SH600522,1.3799895494184376e-10,EXP_LGBModel_Alpha158_csi300_custom_step0_s_20260807_16,a7831aefa1b24897b36c64d263df26c8,0.083,,,
2285,2026-08-07,SH600547,-0.003067618141301968,EXP_LGBModel_Alpha158_csi300_custom_step0_s_20260807_16,a7831aefa1b24897b36c64d263df26c8,0.083,,,
2286,2026-08-07,SH600549,1.3799895494184376e-10,EXP_LGBModel_Alpha158_csi300_custom_step0_s_20260807_16,a7831aefa1b24897b36c64d263df26c8,0.083,,,
2287,2026-08-07,SH600570,1.3799895494184376e-10,EXP_LGBModel_Alpha158_csi300_custom_step0_s_20260807_16,a7831aefa1b24897b36c64d263df26c8,0.083,,,
2288,2026-08-07,SH600584,-0.0008433818614966698,EXP_LGBModel_Alpha158_csi300_custom_step0_s_20260807_16,a7831aefa1b24897b36c64d263df26c8,0.083,,,
2289,2026-08-07,SH600585,0.0016945143521914622,EXP_LGBModel_Alpha158_csi300_custom_step0_s_20260807_16,a7831aefa1b24897b36c64d263df26c8,0.083,,,
2290,2026-08-07,SH600233,1.3799895494184376e-10,EXP_LGBModel_Alpha158_csi300_custom_step0_s_20260807_16,a7831aefa1b24897b36c64d263df26c8,0.083,,,
2291,2026-08-07,SH600221,1.3799895494184376e-10,EXP_LGBModel_Alpha158_csi300_custom_step0_s_20260807_16,a7831aefa1b24897b36c64d263df26c8,0.083,,,
2292,2026-08-07,SH600219,-0.003067618141301968,EXP_LGBModel_Alpha158_csi300_custom_step0_s_20260807_16,a7831aefa1b24897b36c64d263df26c8,0.083,,,
2293,2026-08-07,SH600196,1.3799895494184376e-10,EXP_LGBModel_Alpha158_csi300_custom_step0_s_20260807_16,a7831aefa1b24897b36c64d263df26c8,0.083,,,
2294,2026-08-07,SH600027,0.0016945143521914622,EXP_LGBModel_Alpha158_csi300_custom_step0_s_20260807_16,a7831aefa1b24897b36c64d263df26c8,0.083,,,
2295,2026-08-07,SH600028,1.3799895494184376e-10,EXP_LGBModel_Alpha158_csi300_custom_step0_s_20260807_16,a7831aefa1b24897b36c64d263df26c8,0.083,,,
2296,2026-08-07,SH600029,1.3799895494184376e-10,EXP_LGBModel_Alpha158_csi300_custom_step0_s_20260807_16,a7831aefa1b24897b36c64d263df26c8,0.083,,,
2297,2026-08-07,SH600030,0.0031065627603862516,EXP_LGBModel_Alpha158_csi300_custom_step0_s_20260807_16,a7831aefa1b24897b36c64d263df26c8,0.083,,,
2298,2026-08-07,SH600031,-0.00011423032071688547,EXP_LGBModel_Alpha158_csi300_custom_step0_s_20260807_16,a7831aefa1b24897b36c64d263df26c8,0.083,,,
2299,2026-08-07,SH600036,0.0016945143521914622,EXP_LGBModel_Alpha158_csi300_custom_step0_s_20260807_16,a7831aefa1b24897b36c64d263df26c8,0.083,,,
2300,2026-08-07,SH600039,-0.0021095448661631257,EXP_LGBModel_Alpha158_csi300_custom_step0_s_20260807_16,a7831aefa1b24897b36c64d263df26c8,0.083,,,
2301,2026-08-07,SH600048,-0.003067618141301968,EXP_LGBModel_Alpha158_csi300_custom_step0_s_20260807_16,a7831aefa1b24897b36c64d263df26c8,0.083,,,
2302,2026-08-07,SH600050,1.3799895494184376e-10,EXP_LGBModel_Alpha158_csi300_custom_step0_s_20260807_16,a7831aefa1b24897b36c64d263df26c8,0.083,,,
2303,2026-08-07,SH600061,0.0031065627603862516,EXP_LGBModel_Alpha158_csi300_custom_step0_s_20260807_16,a7831aefa1b24897b36c64d263df26c8,0.083,,,
2304,2026-08-07,SH600588,1.3799895494184376e-10,EXP_LGBModel_Alpha158_csi300_custom_step0_s_20260807_16,a7831aefa1b24897b36c64d263df26c8,0.083,,,
2305,2026-08-07,SH600066,1.3799895494184376e-10,EXP_LGBModel_Alpha158_csi300_custom_step0_s_20260807_16,a7831aefa1b24897b36c64d263df26c8,0.083,,,
2306,2026-08-07,SH600089,1.3799895494184376e-10,EXP_LGBModel_Alpha158_csi300_custom_step0_s_20260807_16,a7831aefa1b24897b36c64d263df26c8,0.083,,,
2307,2026-08-07,SH600104,1.3799895494184376e-10,EXP_LGBModel_Alpha158_csi300_custom_step0_s_20260807_16,a7831aefa1b24897b36c64d263df26c8,0.083,,,
2308,2026-08-07,SH600111,0.0023600193027341868,EXP_LGBModel_Alpha158_csi300_custom_step0_s_20260807_16,a7831aefa1b24897b36c64d263df26c8,0.083,,,
2309,2026-08-07,SH600115,1.3799895494184376e-10,EXP_LGBModel_Alpha158_csi300_custom_step0_s_20260807_16,a7831aefa1b24897b36c64d263df26c8,0.083,,,
2310,2026-08-07,SH600118,1.3799895494184376e-10,EXP_LGBModel_Alpha158_csi300_custom_step0_s_20260807_16,a7831aefa1b24897b36c64d263df26c8,0.083,,,
2311,2026-08-07,SH600150,-0.003067618141301968,EXP_LGBModel_Alpha158_csi300_custom_step0_s_20260807_16,a7831aefa1b24897b36c64d263df26c8,0.083,,,
2312,2026-08-07,SH600160,-0.003067618141301968,EXP_LGBModel_Alpha158_csi300_custom_step0_s_20260807_16,a7831aefa1b24897b36c64d263df26c8,0.083,,,
2313,2026-08-07,SH600176,1.3799895494184376e-10,EXP_LGBModel_Alpha158_csi300_custom_step0_s_20260807_16,a7831aefa1b24897b36c64d263df26c8,0.083,,,
2314,2026-08-07,SH600183,-0.0008433818614966698,EXP_LGBModel_Alpha158_csi300_custom_step0_s_20260807_16,a7831aefa1b24897b36c64d263df26c8,0.083,,,
2315,2026-08-07,SH600188,-0.003067618141301968,EXP_LGBModel_Alpha158_csi300_custom_step0_s_20260807_16,a7831aefa1b24897b36c64d263df26c8,0.083,,,
2316,2026-08-07,SH600085,1.3799895494184376e-10,EXP_LGBModel_Alpha158_csi300_custom_step0_s_20260807_16,a7831aefa1b24897b36c64d263df26c8,0.083,,,
2317,2026-08-07,SH600600,1.3799895494184376e-10,EXP_LGBModel_Alpha158_csi300_custom_step0_s_20260807_16,a7831aefa1b24897b36c64d263df26c8,0.083,,,
2318,2026-08-07,SH600660,0.0022536832162267173,EXP_LGBModel_Alpha158_csi300_custom_step0_s_20260807_16,a7831aefa1b24897b36c64d263df26c8,0.083,,,
2319,2026-08-07,SH600674,1.3799895494184376e-10,EXP_LGBModel_Alpha158_csi300_custom_step0_s_20260807_16,a7831aefa1b24897b36c64d263df26c8,0.083,,,
2320,2026-08-07,SH601021,0.0031065627603862516,EXP_LGBModel_Alpha158_csi300_custom_step0_s_20260807_16,a7831aefa1b24897b36c64d263df26c8,0.083,,,
2321,2026-08-07,SH601058,1.3799895494184376e-10,EXP_LGBModel_Alpha158_csi300_custom_step0_s_20260807_16,a7831aefa1b24897b36c64d263df26c8,0.083,,,
2322,2026-08-07,SH601059,0.0031065627603862516,EXP_LGBModel_Alpha158_csi300_custom_step0_s_20260807_16,a7831aefa1b24897b36c64d263df26c8,0.083,,,
2323,2026-08-07,SH601066,-0.0015347766404944176,EXP_LGBModel_Alpha158_csi300_custom_step0_s_20260807_16,a7831aefa1b24897b36c64d263df26c8,0.083,,,
2324,2026-08-07,SH601077,1.3799895494184376e-10,EXP_LGBModel_Alpha158_csi300_custom_step0_s_20260807_16,a7831aefa1b24897b36c64d263df26c8,0.083,,,
2325,2026-08-07,SH601088,-0.003067618141301968,EXP_LGBModel_Alpha158_csi300_custom_step0_s_20260807_16,a7831aefa1b24897b36c64d263df26c8,0.083,,,
2326,2026-08-07,SH601100,1.3799895494184376e-10,EXP_LGBModel_Alpha158_csi300_custom_step0_s_20260807_16,a7831aefa1b24897b36c64d263df26c8,0.083,,,
2327,2026-08-07,SH601111,0.0031065627603862516,EXP_LGBModel_Alpha158_csi300_custom_step0_s_20260807_16,a7831aefa1b24897b36c64d263df26c8,0.083,,,
2328,2026-08-07,SH601117,0.0031065627603862516,EXP_LGBModel_Alpha158_csi300_custom_step0_s_20260807_16,a7831aefa1b24897b36c64d263df26c8,0.083,,,
2329,2026-08-07,SH601127,1.3799895494184376e-10,EXP_LGBModel_Alpha158_csi300_custom_step0_s_20260807_16,a7831aefa1b24897b36c64d263df26c8,0.083,,,
2330,2026-08-07,SH601018,0.0016945143521914622,EXP_LGBModel_Alpha158_csi300_custom_step0_s_20260807_16,a7831aefa1b24897b36c64d263df26c8,0.083,,,
2331,2026-08-07,SH601136,0.0016945143521914622,EXP_LGBModel_Alpha158_csi300_custom_step0_s_20260807_16,a7831aefa1b24897b36c64d263df26c8,0.083,,,
2332,2026-08-07,SH601166,0.0016945143521914622,EXP_LGBModel_Alpha158_csi300_custom_step0_s_20260807_16,a7831aefa1b24897b36c64d263df26c8,0.083,,,
2333,2026-08-07,SH601169,1.3799895494184376e-10,EXP_LGBModel_Alpha158_csi300_custom_step0_s_20260807_16,a7831aefa1b24897b36c64d263df26c8,0.083,,,
2334,2026-08-07,SH601186,0.0016945143521914622,EXP_LGBModel_Alpha158_csi300_custom_step0_s_20260807_16,a7831aefa1b24897b36c64d263df26c8,0.083,,,
2335,2026-08-07,SH601211,1.3799895494184376e-10,EXP_LGBModel_Alpha158_csi300_custom_step0_s_20260807_16,a7831aefa1b24897b36c64d263df26c8,0.083,,,
2336,2026-08-07,SH601225,-0.003067618141301968,EXP_LGBModel_Alpha158_csi300_custom_step0_s_20260807_16,a7831aefa1b24897b36c64d263df26c8,0.083,,,
2337,2026-08-07,SH601229,0.0016945143521914622,EXP_LGBModel_Alpha158_csi300_custom_step0_s_20260807_16,a7831aefa1b24897b36c64d263df26c8,0.083,,,
2338,2026-08-07,SH601238,1.3799895494184376e-10,EXP_LGBModel_Alpha158_csi300_custom_step0_s_20260807_16,a7831aefa1b24897b36c64d263df26c8,0.083,,,
2339,2026-08-07,SH601288,1.3799895494184376e-10,EXP_LGBModel_Alpha158_csi300_custom_step0_s_20260807_16,a7831aefa1b24897b36c64d263df26c8,0.083,,,
2340,2026-08-07,SH601318,1.3799895494184376e-10,EXP_LGBModel_Alpha158_csi300_custom_step0_s_20260807_16,a7831aefa1b24897b36c64d263df26c8,0.083,,,
2341,2026-08-07,SH601319,0.0016945143521914622,EXP_LGBModel_Alpha158_csi300_custom_step0_s_20260807_16,a7831aefa1b24897b36c64d263df26c8,0.083,,,
2342,2026-08-07,SH601138,-0.003067618141301968,EXP_LGBModel_Alpha158_csi300_custom_step0_s_20260807_16,a7831aefa1b24897b36c64d263df26c8,0.083,,,
2343,2026-08-07,SH600026,1.3799895494184376e-10,EXP_LGBModel_Alpha158_csi300_custom_step0_s_20260807_16,a7831aefa1b24897b36c64d263df26c8,0.083,,,
2344,2026-08-07,SH601012,1.3799895494184376e-10,EXP_LGBModel_Alpha158_csi300_custom_step0_s_20260807_16,a7831aefa1b24897b36c64d263df26c8,0.083,,,
2345,2026-08-07,SH601006,0.0016945143521914622,EXP_LGBModel_Alpha158_csi300_custom_step0_s_20260807_16,a7831aefa1b24897b36c64d263df26c8,0.083,,,
2346,2026-08-07,SH600690,1.3799895494184376e-10,EXP_LGBModel_Alpha158_csi300_custom_step0_s_20260807_16,a7831aefa1b24897b36c64d263df26c8,0.083,,,
2347,2026-08-07,SH600741,1.3799895494184376e-10,EXP_LGBModel_Alpha158_csi300_custom_step0_s_20260807_16,a7831aefa1b24897b36c64d263df26c8,0.083,,,
2348,2026-08-07,SH600760,1.3799895494184376e-10,EXP_LGBModel_Alpha158_csi300_custom_step0_s_20260807_16,a7831aefa1b24897b36c64d263df26c8,0.083,,,
2349,2026-08-07,SH600795,0.0016945143521914622,EXP_LGBModel_Alpha158_csi300_custom_step0_s_20260807_16,a7831aefa1b24897b36c64d263df26c8,0.083,,,
2350,2026-08-07,SH600803,1.3799895494184376e-10,EXP_LGBModel_Alpha158_csi300_custom_step0_s_20260807_16,a7831aefa1b24897b36c64d263df26c8,0.083,,,
2351,2026-08-07,SH600809,-0.003067618141301968,EXP_LGBModel_Alpha158_csi300_custom_step0_s_20260807_16,a7831aefa1b24897b36c64d263df26c8,0.083,,,
2352,2026-08-07,SH600845,-0.0021095448661631257,EXP_LGBModel_Alpha158_csi300_custom_step0_s_20260807_16,a7831aefa1b24897b36c64d263df26c8,0.083,,,
2353,2026-08-07,SH600875,1.3799895494184376e-10,EXP_LGBModel_Alpha158_csi300_custom_step0_s_20260807_16,a7831aefa1b24897b36c64d263df26c8,0.083,,,
2354,2026-08-07,SH600886,1.3799895494184376e-10,EXP_LGBModel_Alpha158_csi300_custom_step0_s_20260807_16,a7831aefa1b24897b36c64d263df26c8,0.083,,,
2355,2026-08-07,SH600887,0.0016945143521914622,EXP_LGBModel_Alpha158_csi300_custom_step0_s_20260807_16,a7831aefa1b24897b36c64d263df26c8,0.083,,,
2356,2026-08-07,SH601009,1.3799895494184376e-10,EXP_LGBModel_Alpha158_csi300_custom_step0_s_20260807_16,a7831aefa1b24897b36c64d263df26c8,0.083,,,
2357,2026-08-07,SH600893,1.3799895494184376e-10,EXP_LGBModel_Alpha158_csi300_custom_step0_s_20260807_16,a7831aefa1b24897b36c64d263df26c8,0.083,,,
2358,2026-08-07,SH600905,0.0016945143521914622,EXP_LGBModel_Alpha158_csi300_custom_step0_s_20260807_16,a7831aefa1b24897b36c64d263df26c8,0.083,,,
2359,2026-08-07,SH600918,1.3799895494184376e-10,EXP_LGBModel_Alpha158_csi300_custom_step0_s_20260807_16,a7831aefa1b24897b36c64d263df26c8,0.083,,,
2360,2026-08-07,SH600919,0.0016945143521914622,EXP_LGBModel_Alpha158_csi300_custom_step0_s_20260807_16,a7831aefa1b24897b36c64d263df26c8,0.083,,,
2361,2026-08-07,SH600926,0.0016945143521914622,EXP_LGBModel_Alpha158_csi300_custom_step0_s_20260807_16,a7831aefa1b24897b36c64d263df26c8,0.083,,,
2362,2026-08-07,SH600930,1.3799895494184376e-10,EXP_LGBModel_Alpha158_csi300_custom_step0_s_20260807_16,a7831aefa1b24897b36c64d263df26c8,0.083,,,
2363,2026-08-07,SH600938,1.3799895494184376e-10,EXP_LGBModel_Alpha158_csi300_custom_step0_s_20260807_16,a7831aefa1b24897b36c64d263df26c8,0.083,,,
2364,2026-08-07,SH600941,0.0016945143521914622,EXP_LGBModel_Alpha158_csi300_custom_step0_s_20260807_16,a7831aefa1b24897b36c64d263df26c8,0.083,,,
2365,2026-08-07,SH600958,0.0031065627603862516,EXP_LGBModel_Alpha158_csi300_custom_step0_s_20260807_16,a7831aefa1b24897b36c64d263df26c8,0.083,,,
2366,2026-08-07,SH600989,1.3799895494184376e-10,EXP_LGBModel_Alpha158_csi300_custom_step0_s_20260807_16,a7831aefa1b24897b36c64d263df26c8,0.083,,,
2367,2026-08-07,SH600999,-0.0008433818614966698,EXP_LGBModel_Alpha158_csi300_custom_step0_s_20260807_16,a7831aefa1b24897b36c64d263df26c8,0.083,,,
2368,2026-08-07,SH600900,1.3799895494184376e-10,EXP_LGBModel_Alpha158_csi300_custom_step0_s_20260807_16,a7831aefa1b24897b36c64d263df26c8,0.083,,,
2369,2026-08-07,SH600025,1.3799895494184376e-10,EXP_LGBModel_Alpha158_csi300_custom_step0_s_20260807_16,a7831aefa1b24897b36c64d263df26c8,0.083,,,
2370,2026-08-07,SH600023,1.3799895494184376e-10,EXP_LGBModel_Alpha158_csi300_custom_step0_s_20260807_16,a7831aefa1b24897b36c64d263df26c8,0.083,,,
2371,2026-08-07,SH600019,1.3799895494184376e-10,EXP_LGBModel_Alpha158_csi300_custom_step0_s_20260807_16,a7831aefa1b24897b36c64d263df26c8,0.083,,,
2372,2026-08-07,SZ002179,0.019835857055449456,EXP_CatBoostModel_Alpha158_csi300_custom_step0_s_20260807_16,c57f3d80eb9245679b6a4403c48a6c85,0.122,,,
2373,2026-08-07,SZ002202,0.05588253344725066,EXP_CatBoostModel_Alpha158_csi300_custom_step0_s_20260807_16,c57f3d80eb9245679b6a4403c48a6c85,0.122,,,
2374,2026-08-07,SZ002230,-0.007221278888552545,EXP_CatBoostModel_Alpha158_csi300_custom_step0_s_20260807_16,c57f3d80eb9245679b6a4403c48a6c85,0.122,,,
2375,2026-08-07,SZ002236,0.0023719464796942437,EXP_CatBoostModel_Alpha158_csi300_custom_step0_s_20260807_16,c57f3d80eb9245679b6a4403c48a6c85,0.122,,,
2376,2026-08-07,SZ002241,0.007297661739489623,EXP_CatBoostModel_Alpha158_csi300_custom_step0_s_20260807_16,c57f3d80eb9245679b6a4403c48a6c85,0.122,,,
2377,2026-08-07,SZ002304,-0.009080730231475535,EXP_CatBoostModel_Alpha158_csi300_custom_step0_s_20260807_16,c57f3d80eb9245679b6a4403c48a6c85,0.122,,,
2378,2026-08-07,SZ002311,-0.004026745125535481,EXP_CatBoostModel_Alpha158_csi300_custom_step0_s_20260807_16,c57f3d80eb9245679b6a4403c48a6c85,0.122,,,
2379,2026-08-07,SZ002352,-0.012028878199038752,EXP_CatBoostModel_Alpha158_csi300_custom_step0_s_20260807_16,c57f3d80eb9245679b6a4403c48a6c85,0.122,,,
2380,2026-08-07,SZ002353,0.004334208637862223,EXP_CatBoostModel_Alpha158_csi300_custom_step0_s_20260807_16,c57f3d80eb9245679b6a4403c48a6c85,0.122,,,
2381,2026-08-07,SZ002371,-0.0008372893461259866,EXP_CatBoostModel_Alpha158_csi300_custom_step0_s_20260807_16,c57f3d80eb9245679b6a4403c48a6c85,0.122,,,
2382,2026-08-07,SZ002142,0.011822425867505091,EXP_CatBoostModel_Alpha158_csi300_custom_step0_s_20260807_16,c57f3d80eb9245679b6a4403c48a6c85,0.122,,,
2383,2026-08-07,SZ002384,0.028069430657564478,EXP_CatBoostModel_Alpha158_csi300_custom_step0_s_20260807_16,c57f3d80eb9245679b6a4403c48a6c85,0.122,,,
2384,2026-08-07,SZ002422,-0.0036964832396025804,EXP_CatBoostModel_Alpha158_csi300_custom_step0_s_20260807_16,c57f3d80eb9245679b6a4403c48a6c85,0.122,,,
2385,2026-08-07,SZ002460,0.003762687266496921,EXP_CatBoostModel_Alpha158_csi300_custom_step0_s_20260807_16,c57f3d80eb9245679b6a4403c48a6c85,0.122,,,
2386,2026-08-07,SZ002463,0.005910127145674617,EXP_CatBoostModel_Alpha158_csi300_custom_step0_s_20260807_16,c57f3d80eb9245679b6a4403c48a6c85,0.122,,,
2387,2026-08-07,SZ002466,0.019835857055449456,EXP_CatBoostModel_Alpha158_csi300_custom_step0_s_20260807_16,c57f3d80eb9245679b6a4403c48a6c85,0.122,,,
2388,2026-08-07,SZ002475,-0.01546719864891141,EXP_CatBoostModel_Alpha158_csi300_custom_step0_s_20260807_16,c57f3d80eb9245679b6a4403c48a6c85,0.122,,,
2389,2026-08-07,SZ002493,-0.005871066293815972,EXP_CatBoostModel_Alpha158_csi300_custom_step0_s_20260807_16,c57f3d80eb9245679b6a4403c48a6c85,0.122,,,
2390,2026-08-07,SZ002532,-0.0011976621228909988,EXP_CatBoostModel_Alpha158_csi300_custom_step0_s_20260807_16,c57f3d80eb9245679b6a4403c48a6c85,0.122,,,
2391,2026-08-07,SZ002558,-0.008126007552558493,EXP_CatBoostModel_Alpha158_csi300_custom_step0_s_20260807_16,c57f3d80eb9245679b6a4403c48a6c85,0.122,,,
2392,2026-08-07,SZ002594,-0.0023508867733817744,EXP_CatBoostModel_Alpha158_csi300_custom_step0_s_20260807_16,c57f3d80eb9245679b6a4403c48a6c85,0.122,,,
2393,2026-08-07,SZ002600,0.0005505789479590419,EXP_CatBoostModel_Alpha158_csi300_custom_step0_s_20260807_16,c57f3d80eb9245679b6a4403c48a6c85,0.122,,,
2394,2026-08-07,SZ002415,-0.0047485804398733535,EXP_CatBoostModel_Alpha158_csi300_custom_step0_s_20260807_16,c57f3d80eb9245679b6a4403c48a6c85,0.122,,,
2395,2026-08-07,SZ002602,-0.00785603928289691,EXP_CatBoostModel_Alpha158_csi300_custom_step0_s_20260807_16,c57f3d80eb9245679b6a4403c48a6c85,0.122,,,
2396,2026-08-07,SZ002074,-0.008182952860155588,EXP_CatBoostModel_Alpha158_csi300_custom_step0_s_20260807_16,c57f3d80eb9245679b6a4403c48a6c85,0.122,,,
2397,2026-08-07,SZ002049,0.019829454883899617,EXP_CatBoostModel_Alpha158_csi300_custom_step0_s_20260807_16,c57f3d80eb9245679b6a4403c48a6c85,0.122,,,
2398,2026-08-07,SZ000657,-0.048082890193428374,EXP_CatBoostModel_Alpha158_csi300_custom_step0_s_20260807_16,c57f3d80eb9245679b6a4403c48a6c85,0.122,,,
2399,2026-08-07,SZ000708,-0.00802142470824925,EXP_CatBoostModel_Alpha158_csi300_custom_step0_s_20260807_16,c57f3d80eb9245679b6a4403c48a6c85,0.122,,,
2400,2026-08-07,SZ000725,0.025988485601829817,EXP_CatBoostModel_Alpha158_csi300_custom_step0_s_20260807_16,c57f3d80eb9245679b6a4403c48a6c85,0.122,,,
2401,2026-08-07,SZ000768,0.009679483340944374,EXP_CatBoostModel_Alpha158_csi300_custom_step0_s_20260807_16,c57f3d80eb9245679b6a4403c48a6c85,0.122,,,
2402,2026-08-07,SZ000776,-0.0014855571872314976,EXP_CatBoostModel_Alpha158_csi300_custom_step0_s_20260807_16,c57f3d80eb9245679b6a4403c48a6c85,0.122,,,
2403,2026-08-07,SZ000792,-0.002673912158262248,EXP_CatBoostModel_Alpha158_csi300_custom_step0_s_20260807_16,c57f3d80eb9245679b6a4403c48a6c85,0.122,,,
2404,2026-08-07,SZ000807,-0.0066267640656116344,EXP_CatBoostModel_Alpha158_csi300_custom_step0_s_20260807_16,c57f3d80eb9245679b6a4403c48a6c85,0.122,,,
2405,2026-08-07,SZ000858,-0.007304650740480631,EXP_CatBoostModel_Alpha158_csi300_custom_step0_s_20260807_16,c57f3d80eb9245679b6a4403c48a6c85,0.122,,,
2406,2026-08-07,SZ000895,-0.006556428592241472,EXP_CatBoostModel_Alpha158_csi300_custom_step0_s_20260807_16,c57f3d80eb9245679b6a4403c48a6c85,0.122,,,
2407,2026-08-07,SZ000938,0.007935986230636667,EXP_CatBoostModel_Alpha158_csi300_custom_step0_s_20260807_16,c57f3d80eb9245679b6a4403c48a6c85,0.122,,,
2408,2026-08-07,SZ002050,-0.006651357078634167,EXP_CatBoostModel_Alpha158_csi300_custom_step0_s_20260807_16,c57f3d80eb9245679b6a4403c48a6c85,0.122,,,
2409,2026-08-07,SZ000963,-0.003377394015751173,EXP_CatBoostModel_Alpha158_csi300_custom_step0_s_20260807_16,c57f3d80eb9245679b6a4403c48a6c85,0.122,,,
2410,2026-08-07,SZ000977,0.004334208637862223,EXP_CatBoostModel_Alpha158_csi300_custom_step0_s_20260807_16,c57f3d80eb9245679b6a4403c48a6c85,0.122,,,
2411,2026-08-07,SZ000988,0.05302160780930118,EXP_CatBoostModel_Alpha158_csi300_custom_step0_s_20260807_16,c57f3d80eb9245679b6a4403c48a6c85,0.122,,,
2412,2026-08-07,SZ000999,-0.0035316878475250713,EXP_CatBoostModel_Alpha158_csi300_custom_step0_s_20260807_16,c57f3d80eb9245679b6a4403c48a6c85,0.122,,,
2413,2026-08-07,SZ001280,-0.006048840522696494,EXP_CatBoostModel_Alpha158_csi300_custom_step0_s_20260807_16,c57f3d80eb9245679b6a4403c48a6c85,0.122,,,
2414,2026-08-07,SZ001391,0.0070571100745234275,EXP_CatBoostModel_Alpha158_csi300_custom_step0_s_20260807_16,c57f3d80eb9245679b6a4403c48a6c85,0.122,,,
2415,2026-08-07,SZ001965,-0.005044167368229032,EXP_CatBoostModel_Alpha158_csi300_custom_step0_s_20260807_16,c57f3d80eb9245679b6a4403c48a6c85,0.122,,,
2416,2026-08-07,SZ001979,-0.0014294870058197623,EXP_CatBoostModel_Alpha158_csi300_custom_step0_s_20260807_16,c57f3d80eb9245679b6a4403c48a6c85,0.122,,,
2417,2026-08-07,SZ002001,0.002441580723517108,EXP_CatBoostModel_Alpha158_csi300_custom_step0_s_20260807_16,c57f3d80eb9245679b6a4403c48a6c85,0.122,,,
2418,2026-08-07,SZ002027,-0.0037621928414043795,EXP_CatBoostModel_Alpha158_csi300_custom_step0_s_20260807_16,c57f3d80eb9245679b6a4403c48a6c85,0.122,,,
2419,2026-08-07,SZ002028,-0.0047116136681554345,EXP_CatBoostModel_Alpha158_csi300_custom_step0_s_20260807_16,c57f3d80eb9245679b6a4403c48a6c85,0.122,,,
2420,2026-08-07,SZ000975,0.032931957389660066,EXP_CatBoostModel_Alpha158_csi300_custom_step0_s_20260807_16,c57f3d80eb9245679b6a4403c48a6c85,0.122,,,
2421,2026-08-07,SZ001280,-0.00206619891681689,EXP_LGBModel_Alpha158_csi300_custom_step0_s_20260807_16,9c5bcdf4aec04a71ab21913383550843,0.04,,,
2422,2026-08-07,SZ002625,0.002990648249152488,EXP_CatBoostModel_Alpha158_csi300_custom_step0_s_20260807_16,c57f3d80eb9245679b6a4403c48a6c85,0.122,,,
2423,2026-08-07,SZ002709,0.03986945377566002,EXP_CatBoostModel_Alpha158_csi300_custom_step0_s_20260807_16,c57f3d80eb9245679b6a4403c48a6c85,0.122,,,
2424,2026-08-07,SZ300502,0.033160519716967735,EXP_CatBoostModel_Alpha158_csi300_custom_step0_s_20260807_16,c57f3d80eb9245679b6a4403c48a6c85,0.122,,,
2425,2026-08-07,SZ300628,0.0033912619083800097,EXP_CatBoostModel_Alpha158_csi300_custom_step0_s_20260807_16,c57f3d80eb9245679b6a4403c48a6c85,0.122,,,
2426,2026-08-07,SZ300661,0.07737809176254659,EXP_CatBoostModel_Alpha158_csi300_custom_step0_s_20260807_16,c57f3d80eb9245679b6a4403c48a6c85,0.122,,,
2427,2026-08-07,SZ300750,0.004247986339984397,EXP_CatBoostModel_Alpha158_csi300_custom_step0_s_20260807_16,c57f3d80eb9245679b6a4403c48a6c85,0.122,,,
2428,2026-08-07,SZ300760,-0.004294595119603527,EXP_CatBoostModel_Alpha158_csi300_custom_step0_s_20260807_16,c57f3d80eb9245679b6a4403c48a6c85,0.122,,,
2429,2026-08-07,SZ300803,-0.011753275509986555,EXP_CatBoostModel_Alpha158_csi300_custom_step0_s_20260807_16,c57f3d80eb9245679b6a4403c48a6c85,0.122,,,
2430,2026-08-07,SZ300832,0.001911535474913123,EXP_CatBoostModel_Alpha158_csi300_custom_step0_s_20260807_16,c57f3d80eb9245679b6a4403c48a6c85,0.122,,,
2431,2026-08-07,SZ300866,-0.008861097541911925,EXP_CatBoostModel_Alpha158_csi300_custom_step0_s_20260807_16,c57f3d80eb9245679b6a4403c48a6c85,0.122,,,
2432,2026-08-07,SZ300896,-0.006113267286227142,EXP_CatBoostModel_Alpha158_csi300_custom_step0_s_20260807_16,c57f3d80eb9245679b6a4403c48a6c85,0.122,,,
2433,2026-08-07,SZ300999,0.0039037739345986846,EXP_CatBoostModel_Alpha158_csi300_custom_step0_s_20260807_16,c57f3d80eb9245679b6a4403c48a6c85,0.122,,,
2434,2026-08-07,SZ300498,-0.003476792655390699,EXP_CatBoostModel_Alpha158_csi300_custom_step0_s_20260807_16,c57f3d80eb9245679b6a4403c48a6c85,0.122,,,
2435,2026-08-07,SZ301165,0.008169140194885158,EXP_CatBoostModel_Alpha158_csi300_custom_step0_s_20260807_16,c57f3d80eb9245679b6a4403c48a6c85,0.122,,,
2436,2026-08-07,SZ301269,0.0010363084500931217,EXP_CatBoostModel_Alpha158_csi300_custom_step0_s_20260807_16,c57f3d80eb9245679b6a4403c48a6c85,0.122,,,
2437,2026-08-07,SZ301308,0.08082042215870147,EXP_CatBoostModel_Alpha158_csi300_custom_step0_s_20260807_16,c57f3d80eb9245679b6a4403c48a6c85,0.122,,,
2438,2026-08-07,SZ302132,0.005825183719719496,EXP_CatBoostModel_Alpha158_csi300_custom_step0_s_20260807_16,c57f3d80eb9245679b6a4403c48a6c85,0.122,,,
2439,2026-08-07,SH600000,0.0016945143521914622,EXP_LGBModel_Alpha158_csi300_custom_step0_s_20260807_16,a7831aefa1b24897b36c64d263df26c8,0.083,,,
2440,2026-08-07,SH600009,0.0016945143521914622,EXP_LGBModel_Alpha158_csi300_custom_step0_s_20260807_16,a7831aefa1b24897b36c64d263df26c8,0.083,,,
2441,2026-08-07,SH600010,1.3799895494184376e-10,EXP_LGBModel_Alpha158_csi300_custom_step0_s_20260807_16,a7831aefa1b24897b36c64d263df26c8,0.083,,,
2442,2026-08-07,SH600011,0.0016945143521914622,EXP_LGBModel_Alpha158_csi300_custom_step0_s_20260807_16,a7831aefa1b24897b36c64d263df26c8,0.083,,,
2443,2026-08-07,SH600015,0.0016945143521914622,EXP_LGBModel_Alpha158_csi300_custom_step0_s_20260807_16,a7831aefa1b24897b36c64d263df26c8,0.083,,,
2444,2026-08-07,SH600016,1.3799895494184376e-10,EXP_LGBModel_Alpha158_csi300_custom_step0_s_20260807_16,a7831aefa1b24897b36c64d263df26c8,0.083,,,
2445,2026-08-07,SH600018,1.3799895494184376e-10,EXP_LGBModel_Alpha158_csi300_custom_step0_s_20260807_16,a7831aefa1b24897b36c64d263df26c8,0.083,,,
2446,2026-08-07,SZ301236,-0.011108116640392343,EXP_CatBoostModel_Alpha158_csi300_custom_step0_s_20260807_16,c57f3d80eb9245679b6a4403c48a6c85,0.122,,,
2447,2026-08-07,SZ002648,0.009634135423317303,EXP_CatBoostModel_Alpha158_csi300_custom_step0_s_20260807_16,c57f3d80eb9245679b6a4403c48a6c85,0.122,,,
2448,2026-08-07,SZ300476,0.0986575288049432,EXP_CatBoostModel_Alpha158_csi300_custom_step0_s_20260807_16,c57f3d80eb9245679b6a4403c48a6c85,0.122,,,
2449,2026-08-07,SZ300442,0.018359607020078203,EXP_CatBoostModel_Alpha158_csi300_custom_step0_s_20260807_16,c57f3d80eb9245679b6a4403c48a6c85,0.122,,,
2450,2026-08-07,SZ002714,0.002127605100495672,EXP_CatBoostModel_Alpha158_csi300_custom_step0_s_20260807_16,c57f3d80eb9245679b6a4403c48a6c85,0.122,,,
2451,2026-08-07,SZ002736,0.011004763852827438,EXP_CatBoostModel_Alpha158_csi300_custom_step0_s_20260807_16,c57f3d80eb9245679b6a4403c48a6c85,0.122,,,
2452,2026-08-07,SZ002837,0.03205094243206692,EXP_CatBoostModel_Alpha158_csi300_custom_step0_s_20260807_16,c57f3d80eb9245679b6a4403c48a6c85,0.122,,,
2453,2026-08-07,SZ002916,-0.009507752458938819,EXP_CatBoostModel_Alpha158_csi300_custom_step0_s_20260807_16,c57f3d80eb9245679b6a4403c48a6c85,0.122,,,
2454,2026-08-07,SZ002920,-0.005766002682566904,EXP_CatBoostModel_Alpha158_csi300_custom_step0_s_20260807_16,c57f3d80eb9245679b6a4403c48a6c85,0.122,,,
2455,2026-08-07,SZ002938,-0.043415909417301515,EXP_CatBoostModel_Alpha158_csi300_custom_step0_s_20260807_16,c57f3d80eb9245679b6a4403c48a6c85,0.122,,,
2456,2026-08-07,SZ003816,-0.006245345217254345,EXP_CatBoostModel_Alpha158_csi300_custom_step0_s_20260807_16,c57f3d80eb9245679b6a4403c48a6c85,0.122,,,
2457,2026-08-07,SZ300014,0.001254895641802092,EXP_CatBoostModel_Alpha158_csi300_custom_step0_s_20260807_16,c57f3d80eb9245679b6a4403c48a6c85,0.122,,,
2458,2026-08-07,SZ300015,-0.006969001103054539,EXP_CatBoostModel_Alpha158_csi300_custom_step0_s_20260807_16,c57f3d80eb9245679b6a4403c48a6c85,0.122,,,
2459,2026-08-07,SZ300033,-0.0031977435881588383,EXP_CatBoostModel_Alpha158_csi300_custom_step0_s_20260807_16,c57f3d80eb9245679b6a4403c48a6c85,0.122,,,
2460,2026-08-07,SZ300450,-0.009059994915139296,EXP_CatBoostModel_Alpha158_csi300_custom_step0_s_20260807_16,c57f3d80eb9245679b6a4403c48a6c85,0.122,,,
2461,2026-08-07,SZ300059,0.01022085819043117,EXP_CatBoostModel_Alpha158_csi300_custom_step0_s_20260807_16,c57f3d80eb9245679b6a4403c48a6c85,0.122,,,
2462,2026-08-07,SZ300124,-0.003953441359954501,EXP_CatBoostModel_Alpha158_csi300_custom_step0_s_20260807_16,c57f3d80eb9245679b6a4403c48a6c85,0.122,,,
2463,2026-08-07,SZ300251,-0.008119605381008654,EXP_CatBoostModel_Alpha158_csi300_custom_step0_s_20260807_16,c57f3d80eb9245679b6a4403c48a6c85,0.122,,,
2464,2026-08-07,SZ300274,0.04998702868794367,EXP_CatBoostModel_Alpha158_csi300_custom_step0_s_20260807_16,c57f3d80eb9245679b6a4403c48a6c85,0.122,,,
2465,2026-08-07,SZ300308,0.028069430657564478,EXP_CatBoostModel_Alpha158_csi300_custom_step0_s_20260807_16,c57f3d80eb9245679b6a4403c48a6c85,0.122,,,
2466,2026-08-07,SZ300316,0.038606856927900654,EXP_CatBoostModel_Alpha158_csi300_custom_step0_s_20260807_16,c57f3d80eb9245679b6a4403c48a6c85,0.122,,,
2467,2026-08-07,SZ300394,-0.01828690961095124,EXP_CatBoostModel_Alpha158_csi300_custom_step0_s_20260807_16,c57f3d80eb9245679b6a4403c48a6c85,0.122,,,
2468,2026-08-07,SZ300408,0.0020192414241185803,EXP_CatBoostModel_Alpha158_csi300_custom_step0_s_20260807_16,c57f3d80eb9245679b6a4403c48a6c85,0.122,,,
2469,2026-08-07,SZ300413,-0.009816403630490047,EXP_CatBoostModel_Alpha158_csi300_custom_step0_s_20260807_16,c57f3d80eb9245679b6a4403c48a6c85,0.122,,,
2470,2026-08-07,SZ300418,-0.002394370061604388,EXP_CatBoostModel_Alpha158_csi300_custom_step0_s_20260807_16,c57f3d80eb9245679b6a4403c48a6c85,0.122,,,
2471,2026-08-07,SZ300433,0.044781632035636315,EXP_CatBoostModel_Alpha158_csi300_custom_step0_s_20260807_16,c57f3d80eb9245679b6a4403c48a6c85,0.122,,,
2472,2026-08-07,SZ300122,-0.0046181117520412394,EXP_CatBoostModel_Alpha158_csi300_custom_step0_s_20260807_16,c57f3d80eb9245679b6a4403c48a6c85,0.122,,,
2473,2026-08-07,SZ001391,0.0025511924183876304,EXP_LGBModel_Alpha158_csi300_custom_step0_s_20260807_16,9c5bcdf4aec04a71ab21913383550843,0.04,,,
2474,2026-08-07,SZ001965,-0.0011120504788181404,EXP_LGBModel_Alpha158_csi300_custom_step0_s_20260807_16,9c5bcdf4aec04a71ab21913383550843,0.04,,,
2475,2026-08-07,SZ001979,3.696797318666924e-12,EXP_LGBModel_Alpha158_csi300_custom_step0_s_20260807_16,9c5bcdf4aec04a71ab21913383550843,0.04,,,
2476,2026-08-07,SH605499,-0.05136255867813877,EXP_DEnsembleModel_Alpha158_csi300_custom_step0_s_20260807_13,6a9110a808eb4a6eb0c7df6953740e59,0.133,,,
2477,2026-08-07,SH688008,0.15255043883910063,EXP_DEnsembleModel_Alpha158_csi300_custom_step0_s_20260807_13,6a9110a808eb4a6eb0c7df6953740e59,0.133,,,
2478,2026-08-07,SH688009,0.012642069769766959,EXP_DEnsembleModel_Alpha158_csi300_custom_step0_s_20260807_13,6a9110a808eb4a6eb0c7df6953740e59,0.133,,,
2479,2026-08-07,SH688012,0.08565013681885346,EXP_DEnsembleModel_Alpha158_csi300_custom_step0_s_20260807_13,6a9110a808eb4a6eb0c7df6953740e59,0.133,,,
2480,2026-08-07,SH688036,-0.016209342171692117,EXP_DEnsembleModel_Alpha158_csi300_custom_step0_s_20260807_13,6a9110a808eb4a6eb0c7df6953740e59,0.133,,,
2481,2026-08-07,SH688041,0.04121072620789287,EXP_DEnsembleModel_Alpha158_csi300_custom_step0_s_20260807_13,6a9110a808eb4a6eb0c7df6953740e59,0.133,,,
2482,2026-08-07,SH688047,0.19631509109138914,EXP_DEnsembleModel_Alpha158_csi300_custom_step0_s_20260807_13,6a9110a808eb4a6eb0c7df6953740e59,0.133,,,
2483,2026-08-07,SH688072,-0.05070881141445088,EXP_DEnsembleModel_Alpha158_csi300_custom_step0_s_20260807_13,6a9110a808eb4a6eb0c7df6953740e59,0.133,,,
2484,2026-08-07,SH688082,0.09343918992313219,EXP_DEnsembleModel_Alpha158_csi300_custom_step0_s_20260807_13,6a9110a808eb4a6eb0c7df6953740e59,0.133,,,
2485,2026-08-07,SH688111,0.0821967767343308,EXP_DEnsembleModel_Alpha158_csi300_custom_step0_s_20260807_13,6a9110a808eb4a6eb0c7df6953740e59,0.133,,,
2486,2026-08-07,SH688126,0.0946007481129751,EXP_DEnsembleModel_Alpha158_csi300_custom_step0_s_20260807_13,6a9110a808eb4a6eb0c7df6953740e59,0.133,,,
2487,2026-08-07,SH688183,0.13609738279053912,EXP_DEnsembleModel_Alpha158_csi300_custom_step0_s_20260807_13,6a9110a808eb4a6eb0c7df6953740e59,0.133,,,
2488,2026-08-07,SH688223,-0.03391358881620379,EXP_DEnsembleModel_Alpha158_csi300_custom_step0_s_20260807_13,6a9110a808eb4a6eb0c7df6953740e59,0.133,,,
2489,2026-08-07,SH688256,0.11117535143032552,EXP_DEnsembleModel_Alpha158_csi300_custom_step0_s_20260807_13,6a9110a808eb4a6eb0c7df6953740e59,0.133,,,
2490,2026-08-07,SH688271,-0.07895582236617602,EXP_DEnsembleModel_Alpha158_csi300_custom_step0_s_20260807_13,6a9110a808eb4a6eb0c7df6953740e59,0.133,,,
2491,2026-08-07,SH688303,0.07144170384458766,EXP_DEnsembleModel_Alpha158_csi300_custom_step0_s_20260807_13,6a9110a808eb4a6eb0c7df6953740e59,0.133,,,
2492,2026-08-07,SH688396,0.15041041231827876,EXP_DEnsembleModel_Alpha158_csi300_custom_step0_s_20260807_13,6a9110a808eb4a6eb0c7df6953740e59,0.133,,,
2493,2026-08-07,SH688472,0.044284111403531674,EXP_DEnsembleModel_Alpha158_csi300_custom_step0_s_20260807_13,6a9110a808eb4a6eb0c7df6953740e59,0.133,,,
2494,2026-08-07,SH688506,-0.18654918507340232,EXP_DEnsembleModel_Alpha158_csi300_custom_step0_s_20260807_13,6a9110a808eb4a6eb0c7df6953740e59,0.133,,,
2495,2026-08-07,SH688521,0.2686375804658659,EXP_DEnsembleModel_Alpha158_csi300_custom_step0_s_20260807_13,6a9110a808eb4a6eb0c7df6953740e59,0.133,,,
2496,2026-08-07,SH688981,0.07926443280524732,EXP_DEnsembleModel_Alpha158_csi300_custom_step0_s_20260807_13,6a9110a808eb4a6eb0c7df6953740e59,0.133,,,
2497,2026-08-07,SH605117,0.10282339391307857,EXP_DEnsembleModel_Alpha158_csi300_custom_step0_s_20260807_13,6a9110a808eb4a6eb0c7df6953740e59,0.133,,,
2498,2026-08-07,SH603993,-0.10399738261882573,EXP_DEnsembleModel_Alpha158_csi300_custom_step0_s_20260807_13,6a9110a808eb4a6eb0c7df6953740e59,0.133,,,
2499,2026-08-07,SH603986,0.15602865946107242,EXP_DEnsembleModel_Alpha158_csi300_custom_step0_s_20260807_13,6a9110a808eb4a6eb0c7df6953740e59,0.133,,,
2500,2026-08-07,SH603893,-0.060450612304786294,EXP_DEnsembleModel_Alpha158_csi300_custom_step0_s_20260807_13,6a9110a808eb4a6eb0c7df6953740e59,0.133,,,
2501,2026-08-07,SH601878,0.03753503633163562,EXP_DEnsembleModel_Alpha158_csi300_custom_step0_s_20260807_13,6a9110a808eb4a6eb0c7df6953740e59,0.133,,,
2502,2026-08-07,SH601881,0.011513724684741992,EXP_DEnsembleModel_Alpha158_csi300_custom_step0_s_20260807_13,6a9110a808eb4a6eb0c7df6953740e59,0.133,,,
2503,2026-08-07,SH601888,-0.07438415441788744,EXP_DEnsembleModel_Alpha158_csi300_custom_step0_s_20260807_13,6a9110a808eb4a6eb0c7df6953740e59,0.133,,,
2504,2026-08-07,SH601898,-0.08054933881373431,EXP_DEnsembleModel_Alpha158_csi300_custom_step0_s_20260807_13,6a9110a808eb4a6eb0c7df6953740e59,0.133,,,
2505,2026-08-07,SH601899,-0.17701674373725038,EXP_DEnsembleModel_Alpha158_csi300_custom_step0_s_20260807_13,6a9110a808eb4a6eb0c7df6953740e59,0.133,,,
2506,2026-08-07,SH601901,0.04581523889476476,EXP_DEnsembleModel_Alpha158_csi300_custom_step0_s_20260807_13,6a9110a808eb4a6eb0c7df6953740e59,0.133,,,
2507,2026-08-07,SH601916,0.0495760949258984,EXP_DEnsembleModel_Alpha158_csi300_custom_step0_s_20260807_13,6a9110a808eb4a6eb0c7df6953740e59,0.133,,,
2508,2026-08-07,SH601919,0.0485495237770058,EXP_DEnsembleModel_Alpha158_csi300_custom_step0_s_20260807_13,6a9110a808eb4a6eb0c7df6953740e59,0.133,,,
2509,2026-08-07,SH601939,-0.007247684074181948,EXP_DEnsembleModel_Alpha158_csi300_custom_step0_s_20260807_13,6a9110a808eb4a6eb0c7df6953740e59,0.133,,,
2510,2026-08-07,SH601985,0.10498792986595165,EXP_DEnsembleModel_Alpha158_csi300_custom_step0_s_20260807_13,6a9110a808eb4a6eb0c7df6953740e59,0.133,,,
2511,2026-08-07,SZ000001,0.10167025798206346,EXP_DEnsembleModel_Alpha158_csi300_custom_step0_s_20260807_13,6a9110a808eb4a6eb0c7df6953740e59,0.133,,,
2512,2026-08-07,SH601988,0.037956055795277444,EXP_DEnsembleModel_Alpha158_csi300_custom_step0_s_20260807_13,6a9110a808eb4a6eb0c7df6953740e59,0.133,,,
2513,2026-08-07,SH601998,-0.026222105797181185,EXP_DEnsembleModel_Alpha158_csi300_custom_step0_s_20260807_13,6a9110a808eb4a6eb0c7df6953740e59,0.133,,,
2514,2026-08-07,SH603019,-0.031113612377756773,EXP_DEnsembleModel_Alpha158_csi300_custom_step0_s_20260807_13,6a9110a808eb4a6eb0c7df6953740e59,0.133,,,
2515,2026-08-07,SH603259,-0.3337164978996156,EXP_DEnsembleModel_Alpha158_csi300_custom_step0_s_20260807_13,6a9110a808eb4a6eb0c7df6953740e59,0.133,,,
2516,2026-08-07,SH603260,0.07200726024747264,EXP_DEnsembleModel_Alpha158_csi300_custom_step0_s_20260807_13,6a9110a808eb4a6eb0c7df6953740e59,0.133,,,
2517,2026-08-07,SH603288,0.03314849304250748,EXP_DEnsembleModel_Alpha158_csi300_custom_step0_s_20260807_13,6a9110a808eb4a6eb0c7df6953740e59,0.133,,,
2518,2026-08-07,SH603296,-0.14106035823282093,EXP_DEnsembleModel_Alpha158_csi300_custom_step0_s_20260807_13,6a9110a808eb4a6eb0c7df6953740e59,0.133,,,
2519,2026-08-07,SH603369,-0.07372632091443376,EXP_DEnsembleModel_Alpha158_csi300_custom_step0_s_20260807_13,6a9110a808eb4a6eb0c7df6953740e59,0.133,,,
2520,2026-08-07,SH603392,-0.056697634298189484,EXP_DEnsembleModel_Alpha158_csi300_custom_step0_s_20260807_13,6a9110a808eb4a6eb0c7df6953740e59,0.133,,,
2521,2026-08-07,SH603501,-0.018241221807831186,EXP_DEnsembleModel_Alpha158_csi300_custom_step0_s_20260807_13,6a9110a808eb4a6eb0c7df6953740e59,0.133,,,
2522,2026-08-07,SH603799,-0.00852361666697034,EXP_DEnsembleModel_Alpha158_csi300_custom_step0_s_20260807_13,6a9110a808eb4a6eb0c7df6953740e59,0.133,,,
2523,2026-08-07,SH601995,0.006242472234901301,EXP_DEnsembleModel_Alpha158_csi300_custom_step0_s_20260807_13,6a9110a808eb4a6eb0c7df6953740e59,0.133,,,
2524,2026-08-07,SZ000002,-0.09738148905795765,EXP_DEnsembleModel_Alpha158_csi300_custom_step0_s_20260807_13,6a9110a808eb4a6eb0c7df6953740e59,0.133,,,
2525,2026-08-07,SZ000063,-0.07428251090658519,EXP_DEnsembleModel_Alpha158_csi300_custom_step0_s_20260807_13,6a9110a808eb4a6eb0c7df6953740e59,0.133,,,
2526,2026-08-07,SZ000100,-0.019372974636817305,EXP_DEnsembleModel_Alpha158_csi300_custom_step0_s_20260807_13,6a9110a808eb4a6eb0c7df6953740e59,0.133,,,
2527,2026-08-07,SZ000977,-0.10840685854755105,EXP_DEnsembleModel_Alpha158_csi300_custom_step0_s_20260807_13,6a9110a808eb4a6eb0c7df6953740e59,0.133,,,
2528,2026-08-07,SZ000988,0.24012404028981513,EXP_DEnsembleModel_Alpha158_csi300_custom_step0_s_20260807_13,6a9110a808eb4a6eb0c7df6953740e59,0.133,,,
2529,2026-08-07,SZ000999,0.036762535421848264,EXP_DEnsembleModel_Alpha158_csi300_custom_step0_s_20260807_13,6a9110a808eb4a6eb0c7df6953740e59,0.133,,,
2530,2026-08-07,SZ001280,-0.13309674240614544,EXP_DEnsembleModel_Alpha158_csi300_custom_step0_s_20260807_13,6a9110a808eb4a6eb0c7df6953740e59,0.133,,,
2531,2026-08-07,SZ001391,0.07998559624193659,EXP_DEnsembleModel_Alpha158_csi300_custom_step0_s_20260807_13,6a9110a808eb4a6eb0c7df6953740e59,0.133,,,
2532,2026-08-07,SZ001965,-0.02790990361580874,EXP_DEnsembleModel_Alpha158_csi300_custom_step0_s_20260807_13,6a9110a808eb4a6eb0c7df6953740e59,0.133,,,
2533,2026-08-07,SZ001979,-0.049056034299566315,EXP_DEnsembleModel_Alpha158_csi300_custom_step0_s_20260807_13,6a9110a808eb4a6eb0c7df6953740e59,0.133,,,
2534,2026-08-07,SZ002001,-0.049350799237173774,EXP_DEnsembleModel_Alpha158_csi300_custom_step0_s_20260807_13,6a9110a808eb4a6eb0c7df6953740e59,0.133,,,
2535,2026-08-07,SZ002027,-0.06719796077506482,EXP_DEnsembleModel_Alpha158_csi300_custom_step0_s_20260807_13,6a9110a808eb4a6eb0c7df6953740e59,0.133,,,
2536,2026-08-07,SZ002028,0.05573391612693566,EXP_DEnsembleModel_Alpha158_csi300_custom_step0_s_20260807_13,6a9110a808eb4a6eb0c7df6953740e59,0.133,,,
2537,2026-08-07,SZ000975,-0.24905183042993628,EXP_DEnsembleModel_Alpha158_csi300_custom_step0_s_20260807_13,6a9110a808eb4a6eb0c7df6953740e59,0.133,,,
2538,2026-08-07,SZ002049,0.13130768004327625,EXP_DEnsembleModel_Alpha158_csi300_custom_step0_s_20260807_13,6a9110a808eb4a6eb0c7df6953740e59,0.133,,,
2539,2026-08-07,SZ002074,-0.03932409873035143,EXP_DEnsembleModel_Alpha158_csi300_custom_step0_s_20260807_13,6a9110a808eb4a6eb0c7df6953740e59,0.133,,,
2540,2026-08-07,SZ002142,0.1105003874777439,EXP_DEnsembleModel_Alpha158_csi300_custom_step0_s_20260807_13,6a9110a808eb4a6eb0c7df6953740e59,0.133,,,
2541,2026-08-07,SZ002179,0.10015846111020842,EXP_DEnsembleModel_Alpha158_csi300_custom_step0_s_20260807_13,6a9110a808eb4a6eb0c7df6953740e59,0.133,,,
2542,2026-08-07,SZ002202,0.1236311431461711,EXP_DEnsembleModel_Alpha158_csi300_custom_step0_s_20260807_13,6a9110a808eb4a6eb0c7df6953740e59,0.133,,,
2543,2026-08-07,SZ002230,-0.04648715199216289,EXP_DEnsembleModel_Alpha158_csi300_custom_step0_s_20260807_13,6a9110a808eb4a6eb0c7df6953740e59,0.133,,,
2544,2026-08-07,SZ002236,-0.002807726895683827,EXP_DEnsembleModel_Alpha158_csi300_custom_step0_s_20260807_13,6a9110a808eb4a6eb0c7df6953740e59,0.133,,,
2545,2026-08-07,SZ002241,-0.07093020045425681,EXP_DEnsembleModel_Alpha158_csi300_custom_step0_s_20260807_13,6a9110a808eb4a6eb0c7df6953740e59,0.133,,,
2546,2026-08-07,SZ002304,-0.07450479603386459,EXP_DEnsembleModel_Alpha158_csi300_custom_step0_s_20260807_13,6a9110a808eb4a6eb0c7df6953740e59,0.133,,,
2547,2026-08-07,SZ002311,0.0057055521266454025,EXP_DEnsembleModel_Alpha158_csi300_custom_step0_s_20260807_13,6a9110a808eb4a6eb0c7df6953740e59,0.133,,,
2548,2026-08-07,SZ002352,0.005228934362018909,EXP_DEnsembleModel_Alpha158_csi300_custom_step0_s_20260807_13,6a9110a808eb4a6eb0c7df6953740e59,0.133,,,
2549,2026-08-07,SZ002050,0.09783093433855414,EXP_DEnsembleModel_Alpha158_csi300_custom_step0_s_20260807_13,6a9110a808eb4a6eb0c7df6953740e59,0.133,,,
2550,2026-08-07,SH601877,0.017340570353073577,EXP_DEnsembleModel_Alpha158_csi300_custom_step0_s_20260807_13,6a9110a808eb4a6eb0c7df6953740e59,0.133,,,
2551,2026-08-07,SZ000963,-0.07383923994168719,EXP_DEnsembleModel_Alpha158_csi300_custom_step0_s_20260807_13,6a9110a808eb4a6eb0c7df6953740e59,0.133,,,
2552,2026-08-07,SZ000895,-0.004588825431784486,EXP_DEnsembleModel_Alpha158_csi300_custom_step0_s_20260807_13,6a9110a808eb4a6eb0c7df6953740e59,0.133,,,
2553,2026-08-07,SZ000157,0.00043643872818694996,EXP_DEnsembleModel_Alpha158_csi300_custom_step0_s_20260807_13,6a9110a808eb4a6eb0c7df6953740e59,0.133,,,
2554,2026-08-07,SZ000166,0.1122226857069515,EXP_DEnsembleModel_Alpha158_csi300_custom_step0_s_20260807_13,6a9110a808eb4a6eb0c7df6953740e59,0.133,,,
2555,2026-08-07,SZ000301,-0.1386249937164703,EXP_DEnsembleModel_Alpha158_csi300_custom_step0_s_20260807_13,6a9110a808eb4a6eb0c7df6953740e59,0.133,,,
2556,2026-08-07,SZ000333,0.09100928466710756,EXP_DEnsembleModel_Alpha158_csi300_custom_step0_s_20260807_13,6a9110a808eb4a6eb0c7df6953740e59,0.133,,,
2557,2026-08-07,SZ000338,-0.06182945131883086,EXP_DEnsembleModel_Alpha158_csi300_custom_step0_s_20260807_13,6a9110a808eb4a6eb0c7df6953740e59,0.133,,,
2558,2026-08-07,SZ000408,-0.14715161260869175,EXP_DEnsembleModel_Alpha158_csi300_custom_step0_s_20260807_13,6a9110a808eb4a6eb0c7df6953740e59,0.133,,,
2559,2026-08-07,SZ000425,-0.041803532581493295,EXP_DEnsembleModel_Alpha158_csi300_custom_step0_s_20260807_13,6a9110a808eb4a6eb0c7df6953740e59,0.133,,,
2560,2026-08-07,SZ000538,0.010410721181687892,EXP_DEnsembleModel_Alpha158_csi300_custom_step0_s_20260807_13,6a9110a808eb4a6eb0c7df6953740e59,0.133,,,
2561,2026-08-07,SZ000568,-0.09105857072364923,EXP_DEnsembleModel_Alpha158_csi300_custom_step0_s_20260807_13,6a9110a808eb4a6eb0c7df6953740e59,0.133,,,
2562,2026-08-07,SZ000596,-0.0656570076602621,EXP_DEnsembleModel_Alpha158_csi300_custom_step0_s_20260807_13,6a9110a808eb4a6eb0c7df6953740e59,0.133,,,
2563,2026-08-07,SZ000938,-0.08404259697177953,EXP_DEnsembleModel_Alpha158_csi300_custom_step0_s_20260807_13,6a9110a808eb4a6eb0c7df6953740e59,0.133,,,
2564,2026-08-07,SZ000617,-0.0012614288538047517,EXP_DEnsembleModel_Alpha158_csi300_custom_step0_s_20260807_13,6a9110a808eb4a6eb0c7df6953740e59,0.133,,,
2565,2026-08-07,SZ000630,-0.009931338366748277,EXP_DEnsembleModel_Alpha158_csi300_custom_step0_s_20260807_13,6a9110a808eb4a6eb0c7df6953740e59,0.133,,,
2566,2026-08-07,SZ000651,0.019767981953463968,EXP_DEnsembleModel_Alpha158_csi300_custom_step0_s_20260807_13,6a9110a808eb4a6eb0c7df6953740e59,0.133,,,
2567,2026-08-07,SZ000657,0.18957341781140077,EXP_DEnsembleModel_Alpha158_csi300_custom_step0_s_20260807_13,6a9110a808eb4a6eb0c7df6953740e59,0.133,,,
2568,2026-08-07,SZ000708,-0.007925545101523277,EXP_DEnsembleModel_Alpha158_csi300_custom_step0_s_20260807_13,6a9110a808eb4a6eb0c7df6953740e59,0.133,,,
2569,2026-08-07,SZ000725,0.017451611327996074,EXP_DEnsembleModel_Alpha158_csi300_custom_step0_s_20260807_13,6a9110a808eb4a6eb0c7df6953740e59,0.133,,,
2570,2026-08-07,SZ000768,0.08094104849722417,EXP_DEnsembleModel_Alpha158_csi300_custom_step0_s_20260807_13,6a9110a808eb4a6eb0c7df6953740e59,0.133,,,
2571,2026-08-07,SZ000776,-0.11604893614582783,EXP_DEnsembleModel_Alpha158_csi300_custom_step0_s_20260807_13,6a9110a808eb4a6eb0c7df6953740e59,0.133,,,
2572,2026-08-07,SZ000792,-0.007637796179269713,EXP_DEnsembleModel_Alpha158_csi300_custom_step0_s_20260807_13,6a9110a808eb4a6eb0c7df6953740e59,0.133,,,
2573,2026-08-07,SZ000807,-0.12355379849231371,EXP_DEnsembleModel_Alpha158_csi300_custom_step0_s_20260807_13,6a9110a808eb4a6eb0c7df6953740e59,0.133,,,
2574,2026-08-07,SZ000858,-0.08897106151803785,EXP_DEnsembleModel_Alpha158_csi300_custom_step0_s_20260807_13,6a9110a808eb4a6eb0c7df6953740e59,0.133,,,
2575,2026-08-07,SZ000625,-0.027853568792617456,EXP_DEnsembleModel_Alpha158_csi300_custom_step0_s_20260807_13,6a9110a808eb4a6eb0c7df6953740e59,0.133,,,
2576,2026-08-07,SZ002353,0.022449667773790517,EXP_DEnsembleModel_Alpha158_csi300_custom_step0_s_20260807_13,6a9110a808eb4a6eb0c7df6953740e59,0.133,,,
2577,2026-08-07,SH601872,-0.08853585697324762,EXP_DEnsembleModel_Alpha158_csi300_custom_step0_s_20260807_13,6a9110a808eb4a6eb0c7df6953740e59,0.133,,,
2578,2026-08-07,SH601857,-0.07149066461281774,EXP_DEnsembleModel_Alpha158_csi300_custom_step0_s_20260807_13,6a9110a808eb4a6eb0c7df6953740e59,0.133,,,
2579,2026-08-07,SH600795,0.09388980795641493,EXP_DEnsembleModel_Alpha158_csi300_custom_step0_s_20260807_13,6a9110a808eb4a6eb0c7df6953740e59,0.133,,,
2580,2026-08-07,SH600803,-0.04460735976874343,EXP_DEnsembleModel_Alpha158_csi300_custom_step0_s_20260807_13,6a9110a808eb4a6eb0c7df6953740e59,0.133,,,
2581,2026-08-07,SH600809,-0.06288045195012551,EXP_DEnsembleModel_Alpha158_csi300_custom_step0_s_20260807_13,6a9110a808eb4a6eb0c7df6953740e59,0.133,,,
2582,2026-08-07,SH600845,-0.07635085886264065,EXP_DEnsembleModel_Alpha158_csi300_custom_step0_s_20260807_13,6a9110a808eb4a6eb0c7df6953740e59,0.133,,,
2583,2026-08-07,SH600875,-0.04872102457066169,EXP_DEnsembleModel_Alpha158_csi300_custom_step0_s_20260807_13,6a9110a808eb4a6eb0c7df6953740e59,0.133,,,
2584,2026-08-07,SH600886,0.04932703905650311,EXP_DEnsembleModel_Alpha158_csi300_custom_step0_s_20260807_13,6a9110a808eb4a6eb0c7df6953740e59,0.133,,,
2585,2026-08-07,SH600887,0.026171739352284826,EXP_DEnsembleModel_Alpha158_csi300_custom_step0_s_20260807_13,6a9110a808eb4a6eb0c7df6953740e59,0.133,,,
2586,2026-08-07,SH600893,-0.00985859406124151,EXP_DEnsembleModel_Alpha158_csi300_custom_step0_s_20260807_13,6a9110a808eb4a6eb0c7df6953740e59,0.133,,,
2587,2026-08-07,SH600900,0.06881316093448446,EXP_DEnsembleModel_Alpha158_csi300_custom_step0_s_20260807_13,6a9110a808eb4a6eb0c7df6953740e59,0.133,,,
2588,2026-08-07,SH600905,0.12488848190739683,EXP_DEnsembleModel_Alpha158_csi300_custom_step0_s_20260807_13,6a9110a808eb4a6eb0c7df6953740e59,0.133,,,
2589,2026-08-07,SH600918,-0.003976067827969746,EXP_DEnsembleModel_Alpha158_csi300_custom_step0_s_20260807_13,6a9110a808eb4a6eb0c7df6953740e59,0.133,,,
2590,2026-08-07,SH600919,0.0986125345365517,EXP_DEnsembleModel_Alpha158_csi300_custom_step0_s_20260807_13,6a9110a808eb4a6eb0c7df6953740e59,0.133,,,
2591,2026-08-07,SH600926,0.10305049597170525,EXP_DEnsembleModel_Alpha158_csi300_custom_step0_s_20260807_13,6a9110a808eb4a6eb0c7df6953740e59,0.133,,,
2592,2026-08-07,SH600930,0.09221504931634007,EXP_DEnsembleModel_Alpha158_csi300_custom_step0_s_20260807_13,6a9110a808eb4a6eb0c7df6953740e59,0.133,,,
2593,2026-08-07,SH600938,-0.09582029473840817,EXP_DEnsembleModel_Alpha158_csi300_custom_step0_s_20260807_13,6a9110a808eb4a6eb0c7df6953740e59,0.133,,,
2594,2026-08-07,SH600941,0.025181840331893312,EXP_DEnsembleModel_Alpha158_csi300_custom_step0_s_20260807_13,6a9110a808eb4a6eb0c7df6953740e59,0.133,,,
2595,2026-08-07,SH600958,0.05567211460658667,EXP_DEnsembleModel_Alpha158_csi300_custom_step0_s_20260807_13,6a9110a808eb4a6eb0c7df6953740e59,0.133,,,
2596,2026-08-07,SH600989,-0.0478574595019983,EXP_DEnsembleModel_Alpha158_csi300_custom_step0_s_20260807_13,6a9110a808eb4a6eb0c7df6953740e59,0.133,,,
2597,2026-08-07,SH600999,-0.01979047742701998,EXP_DEnsembleModel_Alpha158_csi300_custom_step0_s_20260807_13,6a9110a808eb4a6eb0c7df6953740e59,0.133,,,
2598,2026-08-07,SH601006,0.03240301462325384,EXP_DEnsembleModel_Alpha158_csi300_custom_step0_s_20260807_13,6a9110a808eb4a6eb0c7df6953740e59,0.133,,,
2599,2026-08-07,SH601009,0.03460009113099604,EXP_DEnsembleModel_Alpha158_csi300_custom_step0_s_20260807_13,6a9110a808eb4a6eb0c7df6953740e59,0.133,,,
2600,2026-08-07,SH600760,-0.026968565088990974,EXP_DEnsembleModel_Alpha158_csi300_custom_step0_s_20260807_13,6a9110a808eb4a6eb0c7df6953740e59,0.133,,,
2601,2026-08-07,SH600741,0.021786793550013582,EXP_DEnsembleModel_Alpha158_csi300_custom_step0_s_20260807_13,6a9110a808eb4a6eb0c7df6953740e59,0.133,,,
2602,2026-08-07,SH600690,0.0445638521578201,EXP_DEnsembleModel_Alpha158_csi300_custom_step0_s_20260807_13,6a9110a808eb4a6eb0c7df6953740e59,0.133,,,
2603,2026-08-07,SH600674,0.06304174863116536,EXP_DEnsembleModel_Alpha158_csi300_custom_step0_s_20260807_13,6a9110a808eb4a6eb0c7df6953740e59,0.133,,,
2604,2026-08-07,SH600346,-0.031155344216388936,EXP_DEnsembleModel_Alpha158_csi300_custom_step0_s_20260807_13,6a9110a808eb4a6eb0c7df6953740e59,0.133,,,
2605,2026-08-07,SH600362,-0.06616880933958864,EXP_DEnsembleModel_Alpha158_csi300_custom_step0_s_20260807_13,6a9110a808eb4a6eb0c7df6953740e59,0.133,,,
2606,2026-08-07,SH600372,0.05838818157041335,EXP_DEnsembleModel_Alpha158_csi300_custom_step0_s_20260807_13,6a9110a808eb4a6eb0c7df6953740e59,0.133,,,
2607,2026-08-07,SH600406,-0.0207704376765891,EXP_DEnsembleModel_Alpha158_csi300_custom_step0_s_20260807_13,6a9110a808eb4a6eb0c7df6953740e59,0.133,,,
2608,2026-08-07,SH600415,-0.03613210890863018,EXP_DEnsembleModel_Alpha158_csi300_custom_step0_s_20260807_13,6a9110a808eb4a6eb0c7df6953740e59,0.133,,,
2609,2026-08-07,SH600426,-0.04087685814606777,EXP_DEnsembleModel_Alpha158_csi300_custom_step0_s_20260807_13,6a9110a808eb4a6eb0c7df6953740e59,0.133,,,
2610,2026-08-07,SH600436,-0.057994292579069136,EXP_DEnsembleModel_Alpha158_csi300_custom_step0_s_20260807_13,6a9110a808eb4a6eb0c7df6953740e59,0.133,,,
2611,2026-08-07,SH600438,-0.06362894057568894,EXP_DEnsembleModel_Alpha158_csi300_custom_step0_s_20260807_13,6a9110a808eb4a6eb0c7df6953740e59,0.133,,,
2612,2026-08-07,SH600460,0.13782259046799744,EXP_DEnsembleModel_Alpha158_csi300_custom_step0_s_20260807_13,6a9110a808eb4a6eb0c7df6953740e59,0.133,,,
2613,2026-08-07,SH600482,0.10009208000539657,EXP_DEnsembleModel_Alpha158_csi300_custom_step0_s_20260807_13,6a9110a808eb4a6eb0c7df6953740e59,0.133,,,
2614,2026-08-07,SH601012,-0.047185356608509595,EXP_DEnsembleModel_Alpha158_csi300_custom_step0_s_20260807_13,6a9110a808eb4a6eb0c7df6953740e59,0.133,,,
2615,2026-08-07,SH600489,-0.24002836926240567,EXP_DEnsembleModel_Alpha158_csi300_custom_step0_s_20260807_13,6a9110a808eb4a6eb0c7df6953740e59,0.133,,,
2616,2026-08-07,SH600519,-0.0020856626550176806,EXP_DEnsembleModel_Alpha158_csi300_custom_step0_s_20260807_13,6a9110a808eb4a6eb0c7df6953740e59,0.133,,,
2617,2026-08-07,SH600522,0.23543181883570702,EXP_DEnsembleModel_Alpha158_csi300_custom_step0_s_20260807_13,6a9110a808eb4a6eb0c7df6953740e59,0.133,,,
2618,2026-08-07,SH600547,-0.20572825798000807,EXP_DEnsembleModel_Alpha158_csi300_custom_step0_s_20260807_13,6a9110a808eb4a6eb0c7df6953740e59,0.133,,,
2619,2026-08-07,SH600549,0.1731195877466188,EXP_DEnsembleModel_Alpha158_csi300_custom_step0_s_20260807_13,6a9110a808eb4a6eb0c7df6953740e59,0.133,,,
2620,2026-08-07,SH600570,0.0065068063346572355,EXP_DEnsembleModel_Alpha158_csi300_custom_step0_s_20260807_13,6a9110a808eb4a6eb0c7df6953740e59,0.133,,,
2621,2026-08-07,SH600584,0.11291975496100425,EXP_DEnsembleModel_Alpha158_csi300_custom_step0_s_20260807_13,6a9110a808eb4a6eb0c7df6953740e59,0.133,,,
2622,2026-08-07,SH600585,-0.03976048241443851,EXP_DEnsembleModel_Alpha158_csi300_custom_step0_s_20260807_13,6a9110a808eb4a6eb0c7df6953740e59,0.133,,,
2623,2026-08-07,SH600588,0.13333043282189974,EXP_DEnsembleModel_Alpha158_csi300_custom_step0_s_20260807_13,6a9110a808eb4a6eb0c7df6953740e59,0.133,,,
2624,2026-08-07,SH600600,-0.08189033768531546,EXP_DEnsembleModel_Alpha158_csi300_custom_step0_s_20260807_13,6a9110a808eb4a6eb0c7df6953740e59,0.133,,,
2625,2026-08-07,SH600660,-0.01972138896666054,EXP_DEnsembleModel_Alpha158_csi300_custom_step0_s_20260807_13,6a9110a808eb4a6eb0c7df6953740e59,0.133,,,
2626,2026-08-07,SH600515,-0.03388085547206221,EXP_DEnsembleModel_Alpha158_csi300_custom_step0_s_20260807_13,6a9110a808eb4a6eb0c7df6953740e59,0.133,,,
2627,2026-08-07,SH601018,0.04412442466606779,EXP_DEnsembleModel_Alpha158_csi300_custom_step0_s_20260807_13,6a9110a808eb4a6eb0c7df6953740e59,0.133,,,
2628,2026-08-07,SH601021,0.1134383357969528,EXP_DEnsembleModel_Alpha158_csi300_custom_step0_s_20260807_13,6a9110a808eb4a6eb0c7df6953740e59,0.133,,,
2629,2026-08-07,SH601058,0.044952814729893674,EXP_DEnsembleModel_Alpha158_csi300_custom_step0_s_20260807_13,6a9110a808eb4a6eb0c7df6953740e59,0.133,,,
2630,2026-08-07,SH601456,0.0366804365258551,EXP_DEnsembleModel_Alpha158_csi300_custom_step0_s_20260807_13,6a9110a808eb4a6eb0c7df6953740e59,0.133,,,
2631,2026-08-07,SH601600,-0.08007524515575658,EXP_DEnsembleModel_Alpha158_csi300_custom_step0_s_20260807_13,6a9110a808eb4a6eb0c7df6953740e59,0.133,,,
2632,2026-08-07,SH601601,-0.008048380371459728,EXP_DEnsembleModel_Alpha158_csi300_custom_step0_s_20260807_13,6a9110a808eb4a6eb0c7df6953740e59,0.133,,,
2633,2026-08-07,SH601607,0.03931669289866331,EXP_DEnsembleModel_Alpha158_csi300_custom_step0_s_20260807_13,6a9110a808eb4a6eb0c7df6953740e59,0.133,,,
2634,2026-08-07,SH601618,0.03603415473337276,EXP_DEnsembleModel_Alpha158_csi300_custom_step0_s_20260807_13,6a9110a808eb4a6eb0c7df6953740e59,0.133,,,
2635,2026-08-07,SH601628,-0.055499813621140495,EXP_DEnsembleModel_Alpha158_csi300_custom_step0_s_20260807_13,6a9110a808eb4a6eb0c7df6953740e59,0.133,,,
2636,2026-08-07,SH601633,0.02000854769826157,EXP_DEnsembleModel_Alpha158_csi300_custom_step0_s_20260807_13,6a9110a808eb4a6eb0c7df6953740e59,0.133,,,
2637,2026-08-07,SH601658,0.06962992154699861,EXP_DEnsembleModel_Alpha158_csi300_custom_step0_s_20260807_13,6a9110a808eb4a6eb0c7df6953740e59,0.133,,,
2638,2026-08-07,SH601668,0.005129399548629792,EXP_DEnsembleModel_Alpha158_csi300_custom_step0_s_20260807_13,6a9110a808eb4a6eb0c7df6953740e59,0.133,,,
2639,2026-08-07,SH601669,0.07875565526308646,EXP_DEnsembleModel_Alpha158_csi300_custom_step0_s_20260807_13,6a9110a808eb4a6eb0c7df6953740e59,0.133,,,
2640,2026-08-07,SH601398,0.01968609421940724,EXP_DEnsembleModel_Alpha158_csi300_custom_step0_s_20260807_13,6a9110a808eb4a6eb0c7df6953740e59,0.133,,,
2641,2026-08-07,SH601688,0.017382980188975484,EXP_DEnsembleModel_Alpha158_csi300_custom_step0_s_20260807_13,6a9110a808eb4a6eb0c7df6953740e59,0.133,,,
2642,2026-08-07,SH601698,0.015831420038247838,EXP_DEnsembleModel_Alpha158_csi300_custom_step0_s_20260807_13,6a9110a808eb4a6eb0c7df6953740e59,0.133,,,
2643,2026-08-07,SH601727,0.016905462035446323,EXP_DEnsembleModel_Alpha158_csi300_custom_step0_s_20260807_13,6a9110a808eb4a6eb0c7df6953740e59,0.133,,,
2644,2026-08-07,SH601728,-0.024999127545718723,EXP_DEnsembleModel_Alpha158_csi300_custom_step0_s_20260807_13,6a9110a808eb4a6eb0c7df6953740e59,0.133,,,
2645,2026-08-07,SH601766,0.004715118993634721,EXP_DEnsembleModel_Alpha158_csi300_custom_step0_s_20260807_13,6a9110a808eb4a6eb0c7df6953740e59,0.133,,,
2646,2026-08-07,SH601788,0.0495871400671294,EXP_DEnsembleModel_Alpha158_csi300_custom_step0_s_20260807_13,6a9110a808eb4a6eb0c7df6953740e59,0.133,,,
2647,2026-08-07,SH601800,0.01704624862689641,EXP_DEnsembleModel_Alpha158_csi300_custom_step0_s_20260807_13,6a9110a808eb4a6eb0c7df6953740e59,0.133,,,
2648,2026-08-07,SH601816,0.06606405933913741,EXP_DEnsembleModel_Alpha158_csi300_custom_step0_s_20260807_13,6a9110a808eb4a6eb0c7df6953740e59,0.133,,,
2649,2026-08-07,SH601818,0.05740931664633962,EXP_DEnsembleModel_Alpha158_csi300_custom_step0_s_20260807_13,6a9110a808eb4a6eb0c7df6953740e59,0.133,,,
2650,2026-08-07,SH601825,0.012794164950721762,EXP_DEnsembleModel_Alpha158_csi300_custom_step0_s_20260807_13,6a9110a808eb4a6eb0c7df6953740e59,0.133,,,
2651,2026-08-07,SH601838,0.06888641025793912,EXP_DEnsembleModel_Alpha158_csi300_custom_step0_s_20260807_13,6a9110a808eb4a6eb0c7df6953740e59,0.133,,,
2652,2026-08-07,SH601689,0.1914238189267411,EXP_DEnsembleModel_Alpha158_csi300_custom_step0_s_20260807_13,6a9110a808eb4a6eb0c7df6953740e59,0.133,,,
2653,2026-08-07,SH601868,0.07669800503457562,EXP_DEnsembleModel_Alpha158_csi300_custom_step0_s_20260807_13,6a9110a808eb4a6eb0c7df6953740e59,0.133,,,
2654,2026-08-07,SH601390,0.03477898534503747,EXP_DEnsembleModel_Alpha158_csi300_custom_step0_s_20260807_13,6a9110a808eb4a6eb0c7df6953740e59,0.133,,,
2655,2026-08-07,SH601360,-0.0638117160111453,EXP_DEnsembleModel_Alpha158_csi300_custom_step0_s_20260807_13,6a9110a808eb4a6eb0c7df6953740e59,0.133,,,
2656,2026-08-07,SH601059,0.03314833381217356,EXP_DEnsembleModel_Alpha158_csi300_custom_step0_s_20260807_13,6a9110a808eb4a6eb0c7df6953740e59,0.133,,,
2657,2026-08-07,SH601066,-0.03324734443461206,EXP_DEnsembleModel_Alpha158_csi300_custom_step0_s_20260807_13,6a9110a808eb4a6eb0c7df6953740e59,0.133,,,
2658,2026-08-07,SH601077,0.05277060989142308,EXP_DEnsembleModel_Alpha158_csi300_custom_step0_s_20260807_13,6a9110a808eb4a6eb0c7df6953740e59,0.133,,,
2659,2026-08-07,SH601088,-0.05132166962335286,EXP_DEnsembleModel_Alpha158_csi300_custom_step0_s_20260807_13,6a9110a808eb4a6eb0c7df6953740e59,0.133,,,
2660,2026-08-07,SH601100,0.03679064140476556,EXP_DEnsembleModel_Alpha158_csi300_custom_step0_s_20260807_13,6a9110a808eb4a6eb0c7df6953740e59,0.133,,,
2661,2026-08-07,SH601111,0.09142769475013748,EXP_DEnsembleModel_Alpha158_csi300_custom_step0_s_20260807_13,6a9110a808eb4a6eb0c7df6953740e59,0.133,,,
2662,2026-08-07,SH601117,0.03067248813034029,EXP_DEnsembleModel_Alpha158_csi300_custom_step0_s_20260807_13,6a9110a808eb4a6eb0c7df6953740e59,0.133,,,
2663,2026-08-07,SH601127,0.06157918119074025,EXP_DEnsembleModel_Alpha158_csi300_custom_step0_s_20260807_13,6a9110a808eb4a6eb0c7df6953740e59,0.133,,,
2664,2026-08-07,SH601136,-0.019682012070282955,EXP_DEnsembleModel_Alpha158_csi300_custom_step0_s_20260807_13,6a9110a808eb4a6eb0c7df6953740e59,0.133,,,
2665,2026-08-07,SH601138,0.004590611054480807,EXP_DEnsembleModel_Alpha158_csi300_custom_step0_s_20260807_13,6a9110a808eb4a6eb0c7df6953740e59,0.133,,,
2666,2026-08-07,SH601377,0.10382010832888122,EXP_DEnsembleModel_Alpha158_csi300_custom_step0_s_20260807_13,6a9110a808eb4a6eb0c7df6953740e59,0.133,,,
2667,2026-08-07,SH601166,0.06016824849391877,EXP_DEnsembleModel_Alpha158_csi300_custom_step0_s_20260807_13,6a9110a808eb4a6eb0c7df6953740e59,0.133,,,
2668,2026-08-07,SH601186,0.049861018642378636,EXP_DEnsembleModel_Alpha158_csi300_custom_step0_s_20260807_13,6a9110a808eb4a6eb0c7df6953740e59,0.133,,,
2669,2026-08-07,SH601211,0.023285700798484427,EXP_DEnsembleModel_Alpha158_csi300_custom_step0_s_20260807_13,6a9110a808eb4a6eb0c7df6953740e59,0.133,,,
2670,2026-08-07,SH601225,-0.03740042168280512,EXP_DEnsembleModel_Alpha158_csi300_custom_step0_s_20260807_13,6a9110a808eb4a6eb0c7df6953740e59,0.133,,,
2671,2026-08-07,SH601229,0.04708097799103504,EXP_DEnsembleModel_Alpha158_csi300_custom_step0_s_20260807_13,6a9110a808eb4a6eb0c7df6953740e59,0.133,,,
2672,2026-08-07,SH601238,0.001352916966823729,EXP_DEnsembleModel_Alpha158_csi300_custom_step0_s_20260807_13,6a9110a808eb4a6eb0c7df6953740e59,0.133,,,
2673,2026-08-07,SH601288,-0.0347545618425664,EXP_DEnsembleModel_Alpha158_csi300_custom_step0_s_20260807_13,6a9110a808eb4a6eb0c7df6953740e59,0.133,,,
2674,2026-08-07,SH601318,0.06203079524134767,EXP_DEnsembleModel_Alpha158_csi300_custom_step0_s_20260807_13,6a9110a808eb4a6eb0c7df6953740e59,0.133,,,
2675,2026-08-07,SH601319,0.09979599358973677,EXP_DEnsembleModel_Alpha158_csi300_custom_step0_s_20260807_13,6a9110a808eb4a6eb0c7df6953740e59,0.133,,,
2676,2026-08-07,SH601328,0.00776101620237066,EXP_DEnsembleModel_Alpha158_csi300_custom_step0_s_20260807_13,6a9110a808eb4a6eb0c7df6953740e59,0.133,,,
2677,2026-08-07,SH601336,-0.03079009388311161,EXP_DEnsembleModel_Alpha158_csi300_custom_step0_s_20260807_13,6a9110a808eb4a6eb0c7df6953740e59,0.133,,,
2678,2026-08-07,SH601169,0.0686464004915759,EXP_DEnsembleModel_Alpha158_csi300_custom_step0_s_20260807_13,6a9110a808eb4a6eb0c7df6953740e59,0.133,,,
2679,2026-08-07,SZ002371,-0.007461815365907265,EXP_DEnsembleModel_Alpha158_csi300_custom_step0_s_20260807_13,6a9110a808eb4a6eb0c7df6953740e59,0.133,,,
2680,2026-08-07,SZ002384,0.10818190938506478,EXP_DEnsembleModel_Alpha158_csi300_custom_step0_s_20260807_13,6a9110a808eb4a6eb0c7df6953740e59,0.133,,,
2681,2026-08-07,SZ002415,0.05248626099406656,EXP_DEnsembleModel_Alpha158_csi300_custom_step0_s_20260807_13,6a9110a808eb4a6eb0c7df6953740e59,0.133,,,
2682,2026-08-07,SH600918,0.001228627604223355,EXP_DEnsembleModel_Alpha158_csi300_custom_step0_s_20260807_13,60f2d98061524dda8862012dacffda18,0.068,,,
2683,2026-08-07,SH600919,0.12513029055463565,EXP_DEnsembleModel_Alpha158_csi300_custom_step0_s_20260807_13,60f2d98061524dda8862012dacffda18,0.068,,,
2684,2026-08-07,SH600926,0.09474559878792603,EXP_DEnsembleModel_Alpha158_csi300_custom_step0_s_20260807_13,60f2d98061524dda8862012dacffda18,0.068,,,
2685,2026-08-07,SH600930,0.0012559153644509477,EXP_DEnsembleModel_Alpha158_csi300_custom_step0_s_20260807_13,60f2d98061524dda8862012dacffda18,0.068,,,
2686,2026-08-07,SH600938,-0.0852064136716826,EXP_DEnsembleModel_Alpha158_csi300_custom_step0_s_20260807_13,60f2d98061524dda8862012dacffda18,0.068,,,
2687,2026-08-07,SH600941,-0.0026166189047941045,EXP_DEnsembleModel_Alpha158_csi300_custom_step0_s_20260807_13,60f2d98061524dda8862012dacffda18,0.068,,,
2688,2026-08-07,SH600958,0.06701243574427754,EXP_DEnsembleModel_Alpha158_csi300_custom_step0_s_20260807_13,60f2d98061524dda8862012dacffda18,0.068,,,
2689,2026-08-07,SH600989,-0.01606324846799847,EXP_DEnsembleModel_Alpha158_csi300_custom_step0_s_20260807_13,60f2d98061524dda8862012dacffda18,0.068,,,
2690,2026-08-07,SH600999,0.012536071749643227,EXP_DEnsembleModel_Alpha158_csi300_custom_step0_s_20260807_13,60f2d98061524dda8862012dacffda18,0.068,,,
2691,2026-08-07,SH601006,-0.0011395849239417396,EXP_DEnsembleModel_Alpha158_csi300_custom_step0_s_20260807_13,60f2d98061524dda8862012dacffda18,0.068,,,
2692,2026-08-07,SH601009,0.020447225999246674,EXP_DEnsembleModel_Alpha158_csi300_custom_step0_s_20260807_13,60f2d98061524dda8862012dacffda18,0.068,,,
2693,2026-08-07,SH601012,-0.15720313674729028,EXP_DEnsembleModel_Alpha158_csi300_custom_step0_s_20260807_13,60f2d98061524dda8862012dacffda18,0.068,,,
2694,2026-08-07,SH601018,0.0194542707255231,EXP_DEnsembleModel_Alpha158_csi300_custom_step0_s_20260807_13,60f2d98061524dda8862012dacffda18,0.068,,,
2695,2026-08-07,SH601021,0.10621080416939199,EXP_DEnsembleModel_Alpha158_csi300_custom_step0_s_20260807_13,60f2d98061524dda8862012dacffda18,0.068,,,
2696,2026-08-07,SH601058,0.04161898411358943,EXP_DEnsembleModel_Alpha158_csi300_custom_step0_s_20260807_13,60f2d98061524dda8862012dacffda18,0.068,,,
2697,2026-08-07,SH601059,0.028984962535289305,EXP_DEnsembleModel_Alpha158_csi300_custom_step0_s_20260807_13,60f2d98061524dda8862012dacffda18,0.068,,,
2698,2026-08-07,SH601066,0.03683389836711032,EXP_DEnsembleModel_Alpha158_csi300_custom_step0_s_20260807_13,60f2d98061524dda8862012dacffda18,0.068,,,
2699,2026-08-07,SH601077,0.02920544684532395,EXP_DEnsembleModel_Alpha158_csi300_custom_step0_s_20260807_13,60f2d98061524dda8862012dacffda18,0.068,,,
2700,2026-08-07,SH601088,-0.04852300590235443,EXP_DEnsembleModel_Alpha158_csi300_custom_step0_s_20260807_13,60f2d98061524dda8862012dacffda18,0.068,,,
2701,2026-08-07,SH601100,0.023134209413532014,EXP_DEnsembleModel_Alpha158_csi300_custom_step0_s_20260807_13,60f2d98061524dda8862012dacffda18,0.068,,,
2702,2026-08-07,SH601111,0.07948163789737825,EXP_DEnsembleModel_Alpha158_csi300_custom_step0_s_20260807_13,60f2d98061524dda8862012dacffda18,0.068,,,
2703,2026-08-07,SH600905,0.11206404473165824,EXP_DEnsembleModel_Alpha158_csi300_custom_step0_s_20260807_13,60f2d98061524dda8862012dacffda18,0.068,,,
2704,2026-08-07,SH600900,0.04486494784667189,EXP_DEnsembleModel_Alpha158_csi300_custom_step0_s_20260807_13,60f2d98061524dda8862012dacffda18,0.068,,,
2705,2026-08-07,SH600893,-0.008212227840902671,EXP_DEnsembleModel_Alpha158_csi300_custom_step0_s_20260807_13,60f2d98061524dda8862012dacffda18,0.068,,,
2706,2026-08-07,SH600887,0.01191651483250756,EXP_DEnsembleModel_Alpha158_csi300_custom_step0_s_20260807_13,60f2d98061524dda8862012dacffda18,0.068,,,
2707,2026-08-07,SH600489,-0.1208849039241602,EXP_DEnsembleModel_Alpha158_csi300_custom_step0_s_20260807_13,60f2d98061524dda8862012dacffda18,0.068,,,
2708,2026-08-07,SH600515,-0.06389224173260587,EXP_DEnsembleModel_Alpha158_csi300_custom_step0_s_20260807_13,60f2d98061524dda8862012dacffda18,0.068,,,
2709,2026-08-07,SH600519,-0.05929454418631983,EXP_DEnsembleModel_Alpha158_csi300_custom_step0_s_20260807_13,60f2d98061524dda8862012dacffda18,0.068,,,
2710,2026-08-07,SH600522,0.17563596800008577,EXP_DEnsembleModel_Alpha158_csi300_custom_step0_s_20260807_13,60f2d98061524dda8862012dacffda18,0.068,,,
2711,2026-08-07,SH600547,-0.15364050570178558,EXP_DEnsembleModel_Alpha158_csi300_custom_step0_s_20260807_13,60f2d98061524dda8862012dacffda18,0.068,,,
2712,2026-08-07,SH600549,0.23395860437934093,EXP_DEnsembleModel_Alpha158_csi300_custom_step0_s_20260807_13,60f2d98061524dda8862012dacffda18,0.068,,,
2713,2026-08-07,SH600570,-0.07740677250910626,EXP_DEnsembleModel_Alpha158_csi300_custom_step0_s_20260807_13,60f2d98061524dda8862012dacffda18,0.068,,,
2714,2026-08-07,SH600584,0.08156051150991947,EXP_DEnsembleModel_Alpha158_csi300_custom_step0_s_20260807_13,60f2d98061524dda8862012dacffda18,0.068,,,
2715,2026-08-07,SH600585,-0.0657352818332478,EXP_DEnsembleModel_Alpha158_csi300_custom_step0_s_20260807_13,60f2d98061524dda8862012dacffda18,0.068,,,
2716,2026-08-07,SH600588,0.12863810033939324,EXP_DEnsembleModel_Alpha158_csi300_custom_step0_s_20260807_13,60f2d98061524dda8862012dacffda18,0.068,,,
2717,2026-08-07,SH601117,0.07043325866280743,EXP_DEnsembleModel_Alpha158_csi300_custom_step0_s_20260807_13,60f2d98061524dda8862012dacffda18,0.068,,,
2718,2026-08-07,SH600600,-0.11543030812282669,EXP_DEnsembleModel_Alpha158_csi300_custom_step0_s_20260807_13,60f2d98061524dda8862012dacffda18,0.068,,,
2719,2026-08-07,SH600674,0.04328176054820926,EXP_DEnsembleModel_Alpha158_csi300_custom_step0_s_20260807_13,60f2d98061524dda8862012dacffda18,0.068,,,
2720,2026-08-07,SH600690,-0.008550418275921887,EXP_DEnsembleModel_Alpha158_csi300_custom_step0_s_20260807_13,60f2d98061524dda8862012dacffda18,0.068,,,
2721,2026-08-07,SH600741,0.01334187769021352,EXP_DEnsembleModel_Alpha158_csi300_custom_step0_s_20260807_13,60f2d98061524dda8862012dacffda18,0.068,,,
2722,2026-08-07,SH600760,-0.06748244918641327,EXP_DEnsembleModel_Alpha158_csi300_custom_step0_s_20260807_13,60f2d98061524dda8862012dacffda18,0.068,,,
2723,2026-08-07,SH600795,0.08690289479489557,EXP_DEnsembleModel_Alpha158_csi300_custom_step0_s_20260807_13,60f2d98061524dda8862012dacffda18,0.068,,,
2724,2026-08-07,SH600803,-0.06157365513561449,EXP_DEnsembleModel_Alpha158_csi300_custom_step0_s_20260807_13,60f2d98061524dda8862012dacffda18,0.068,,,
2725,2026-08-07,SH600809,-0.14048601509933772,EXP_DEnsembleModel_Alpha158_csi300_custom_step0_s_20260807_13,60f2d98061524dda8862012dacffda18,0.068,,,
2726,2026-08-07,SH600845,-0.18833666228094204,EXP_DEnsembleModel_Alpha158_csi300_custom_step0_s_20260807_13,60f2d98061524dda8862012dacffda18,0.068,,,
2727,2026-08-07,SH600875,-0.051218448153450995,EXP_DEnsembleModel_Alpha158_csi300_custom_step0_s_20260807_13,60f2d98061524dda8862012dacffda18,0.068,,,
2728,2026-08-07,SH600886,0.08479262302397801,EXP_DEnsembleModel_Alpha158_csi300_custom_step0_s_20260807_13,60f2d98061524dda8862012dacffda18,0.068,,,
2729,2026-08-07,SH600660,-0.05798493469522963,EXP_DEnsembleModel_Alpha158_csi300_custom_step0_s_20260807_13,60f2d98061524dda8862012dacffda18,0.068,,,
2730,2026-08-07,SH601127,-0.09773502632579963,EXP_DEnsembleModel_Alpha158_csi300_custom_step0_s_20260807_13,60f2d98061524dda8862012dacffda18,0.068,,,
2731,2026-08-07,SH601136,-0.05022224781716945,EXP_DEnsembleModel_Alpha158_csi300_custom_step0_s_20260807_13,60f2d98061524dda8862012dacffda18,0.068,,,
2732,2026-08-07,SH601138,-0.08950632154460549,EXP_DEnsembleModel_Alpha158_csi300_custom_step0_s_20260807_13,60f2d98061524dda8862012dacffda18,0.068,,,
2733,2026-08-07,SH601688,0.0412396506418679,EXP_DEnsembleModel_Alpha158_csi300_custom_step0_s_20260807_13,60f2d98061524dda8862012dacffda18,0.068,,,
2734,2026-08-07,SH601689,0.17667343748001096,EXP_DEnsembleModel_Alpha158_csi300_custom_step0_s_20260807_13,60f2d98061524dda8862012dacffda18,0.068,,,
2735,2026-08-07,SH601698,0.08568777854869587,EXP_DEnsembleModel_Alpha158_csi300_custom_step0_s_20260807_13,60f2d98061524dda8862012dacffda18,0.068,,,
2736,2026-08-07,SH601727,-0.04486298891416447,EXP_DEnsembleModel_Alpha158_csi300_custom_step0_s_20260807_13,60f2d98061524dda8862012dacffda18,0.068,,,
2737,2026-08-07,SH601728,-0.09838494886563963,EXP_DEnsembleModel_Alpha158_csi300_custom_step0_s_20260807_13,60f2d98061524dda8862012dacffda18,0.068,,,
2738,2026-08-07,SH601766,0.00821037923106763,EXP_DEnsembleModel_Alpha158_csi300_custom_step0_s_20260807_13,60f2d98061524dda8862012dacffda18,0.068,,,
2739,2026-08-07,SH601788,0.07328118740977525,EXP_DEnsembleModel_Alpha158_csi300_custom_step0_s_20260807_13,60f2d98061524dda8862012dacffda18,0.068,,,
2740,2026-08-07,SH601800,-0.0311830080552635,EXP_DEnsembleModel_Alpha158_csi300_custom_step0_s_20260807_13,60f2d98061524dda8862012dacffda18,0.068,,,
2741,2026-08-07,SH601816,0.048051901918971233,EXP_DEnsembleModel_Alpha158_csi300_custom_step0_s_20260807_13,60f2d98061524dda8862012dacffda18,0.068,,,
2742,2026-08-07,SH601818,0.024422982909188123,EXP_DEnsembleModel_Alpha158_csi300_custom_step0_s_20260807_13,60f2d98061524dda8862012dacffda18,0.068,,,
2743,2026-08-07,SH601669,0.07543783675955457,EXP_DEnsembleModel_Alpha158_csi300_custom_step0_s_20260807_13,60f2d98061524dda8862012dacffda18,0.068,,,
2744,2026-08-07,SH601825,-0.03801534710893053,EXP_DEnsembleModel_Alpha158_csi300_custom_step0_s_20260807_13,60f2d98061524dda8862012dacffda18,0.068,,,
2745,2026-08-07,SH601857,-0.07424496675170508,EXP_DEnsembleModel_Alpha158_csi300_custom_step0_s_20260807_13,60f2d98061524dda8862012dacffda18,0.068,,,
2746,2026-08-07,SH601868,0.06409696615983954,EXP_DEnsembleModel_Alpha158_csi300_custom_step0_s_20260807_13,60f2d98061524dda8862012dacffda18,0.068,,,
2747,2026-08-07,SH601872,-0.13804728724520796,EXP_DEnsembleModel_Alpha158_csi300_custom_step0_s_20260807_13,60f2d98061524dda8862012dacffda18,0.068,,,
2748,2026-08-07,SH601877,-0.01672841266291249,EXP_DEnsembleModel_Alpha158_csi300_custom_step0_s_20260807_13,60f2d98061524dda8862012dacffda18,0.068,,,
2749,2026-08-07,SH601878,0.060919808986939196,EXP_DEnsembleModel_Alpha158_csi300_custom_step0_s_20260807_13,60f2d98061524dda8862012dacffda18,0.068,,,
2750,2026-08-07,SH601881,0.06059899470608337,EXP_DEnsembleModel_Alpha158_csi300_custom_step0_s_20260807_13,60f2d98061524dda8862012dacffda18,0.068,,,
2751,2026-08-07,SH601888,-0.13905751527915747,EXP_DEnsembleModel_Alpha158_csi300_custom_step0_s_20260807_13,60f2d98061524dda8862012dacffda18,0.068,,,
2752,2026-08-07,SH601898,-0.1548965795161553,EXP_DEnsembleModel_Alpha158_csi300_custom_step0_s_20260807_13,60f2d98061524dda8862012dacffda18,0.068,,,
2753,2026-08-07,SH601899,-0.09409527655154772,EXP_DEnsembleModel_Alpha158_csi300_custom_step0_s_20260807_13,60f2d98061524dda8862012dacffda18,0.068,,,
2754,2026-08-07,SH601901,0.0835534103056999,EXP_DEnsembleModel_Alpha158_csi300_custom_step0_s_20260807_13,60f2d98061524dda8862012dacffda18,0.068,,,
2755,2026-08-07,SH601838,0.07239884440048418,EXP_DEnsembleModel_Alpha158_csi300_custom_step0_s_20260807_13,60f2d98061524dda8862012dacffda18,0.068,,,
2756,2026-08-07,SH600482,0.05781143109820525,EXP_DEnsembleModel_Alpha158_csi300_custom_step0_s_20260807_13,60f2d98061524dda8862012dacffda18,0.068,,,
2757,2026-08-07,SH601668,0.029066828359859506,EXP_DEnsembleModel_Alpha158_csi300_custom_step0_s_20260807_13,60f2d98061524dda8862012dacffda18,0.068,,,
2758,2026-08-07,SH601633,-0.07057442250383751,EXP_DEnsembleModel_Alpha158_csi300_custom_step0_s_20260807_13,60f2d98061524dda8862012dacffda18,0.068,,,
2759,2026-08-07,SH601166,0.04599026862231564,EXP_DEnsembleModel_Alpha158_csi300_custom_step0_s_20260807_13,60f2d98061524dda8862012dacffda18,0.068,,,
2760,2026-08-07,SH601169,0.06407481042777734,EXP_DEnsembleModel_Alpha158_csi300_custom_step0_s_20260807_13,60f2d98061524dda8862012dacffda18,0.068,,,
2761,2026-08-07,SH601186,0.0581449686968096,EXP_DEnsembleModel_Alpha158_csi300_custom_step0_s_20260807_13,60f2d98061524dda8862012dacffda18,0.068,,,
2762,2026-08-07,SH601211,0.022910222031806034,EXP_DEnsembleModel_Alpha158_csi300_custom_step0_s_20260807_13,60f2d98061524dda8862012dacffda18,0.068,,,
2763,2026-08-07,SH601225,-0.003438609701766956,EXP_DEnsembleModel_Alpha158_csi300_custom_step0_s_20260807_13,60f2d98061524dda8862012dacffda18,0.068,,,
2764,2026-08-07,SH601229,0.05029032614862038,EXP_DEnsembleModel_Alpha158_csi300_custom_step0_s_20260807_13,60f2d98061524dda8862012dacffda18,0.068,,,
2765,2026-08-07,SH601238,-0.11037235111984664,EXP_DEnsembleModel_Alpha158_csi300_custom_step0_s_20260807_13,60f2d98061524dda8862012dacffda18,0.068,,,
2766,2026-08-07,SH601288,-0.06392193690282186,EXP_DEnsembleModel_Alpha158_csi300_custom_step0_s_20260807_13,60f2d98061524dda8862012dacffda18,0.068,,,
2767,2026-08-07,SH601318,-0.003075018519600456,EXP_DEnsembleModel_Alpha158_csi300_custom_step0_s_20260807_13,60f2d98061524dda8862012dacffda18,0.068,,,
2768,2026-08-07,SH601319,0.06009525997369601,EXP_DEnsembleModel_Alpha158_csi300_custom_step0_s_20260807_13,60f2d98061524dda8862012dacffda18,0.068,,,
2769,2026-08-07,SH601658,0.0468970098242443,EXP_DEnsembleModel_Alpha158_csi300_custom_step0_s_20260807_13,60f2d98061524dda8862012dacffda18,0.068,,,
2770,2026-08-07,SH601328,-0.0032465540060617982,EXP_DEnsembleModel_Alpha158_csi300_custom_step0_s_20260807_13,60f2d98061524dda8862012dacffda18,0.068,,,
2771,2026-08-07,SH601360,-0.05381735735732083,EXP_DEnsembleModel_Alpha158_csi300_custom_step0_s_20260807_13,60f2d98061524dda8862012dacffda18,0.068,,,
2772,2026-08-07,SH601377,0.10971189810299074,EXP_DEnsembleModel_Alpha158_csi300_custom_step0_s_20260807_13,60f2d98061524dda8862012dacffda18,0.068,,,
2773,2026-08-07,SH601390,-0.014756601760521895,EXP_DEnsembleModel_Alpha158_csi300_custom_step0_s_20260807_13,60f2d98061524dda8862012dacffda18,0.068,,,
2774,2026-08-07,SH601398,-0.005424513442496267,EXP_DEnsembleModel_Alpha158_csi300_custom_step0_s_20260807_13,60f2d98061524dda8862012dacffda18,0.068,,,
2775,2026-08-07,SH601456,0.07360953968826933,EXP_DEnsembleModel_Alpha158_csi300_custom_step0_s_20260807_13,60f2d98061524dda8862012dacffda18,0.068,,,
2776,2026-08-07,SH601600,-0.05046283398397301,EXP_DEnsembleModel_Alpha158_csi300_custom_step0_s_20260807_13,60f2d98061524dda8862012dacffda18,0.068,,,
2777,2026-08-07,SH601601,-0.027624375535917612,EXP_DEnsembleModel_Alpha158_csi300_custom_step0_s_20260807_13,60f2d98061524dda8862012dacffda18,0.068,,,
2778,2026-08-07,SH601607,0.032530146424533175,EXP_DEnsembleModel_Alpha158_csi300_custom_step0_s_20260807_13,60f2d98061524dda8862012dacffda18,0.068,,,
2779,2026-08-07,SH601618,-0.0024730611808256044,EXP_DEnsembleModel_Alpha158_csi300_custom_step0_s_20260807_13,60f2d98061524dda8862012dacffda18,0.068,,,
2780,2026-08-07,SH601628,-0.06586337055038106,EXP_DEnsembleModel_Alpha158_csi300_custom_step0_s_20260807_13,60f2d98061524dda8862012dacffda18,0.068,,,
2781,2026-08-07,SH601336,0.004132100829742602,EXP_DEnsembleModel_Alpha158_csi300_custom_step0_s_20260807_13,60f2d98061524dda8862012dacffda18,0.068,,,
2782,2026-08-07,SH600460,0.12156557432075282,EXP_DEnsembleModel_Alpha158_csi300_custom_step0_s_20260807_13,60f2d98061524dda8862012dacffda18,0.068,,,
2783,2026-08-07,SH600438,-0.06589615455823676,EXP_DEnsembleModel_Alpha158_csi300_custom_step0_s_20260807_13,60f2d98061524dda8862012dacffda18,0.068,,,
2784,2026-08-07,SH600436,-0.10421133036666759,EXP_DEnsembleModel_Alpha158_csi300_custom_step0_s_20260807_13,60f2d98061524dda8862012dacffda18,0.068,,,
2785,2026-08-07,SZ300124,0.026280964743058806,EXP_DEnsembleModel_Alpha158_csi300_custom_step0_s_20260807_13,6a9110a808eb4a6eb0c7df6953740e59,0.133,,,
2786,2026-08-07,SZ300251,-0.14089779933926852,EXP_DEnsembleModel_Alpha158_csi300_custom_step0_s_20260807_13,6a9110a808eb4a6eb0c7df6953740e59,0.133,,,
2787,2026-08-07,SZ300274,0.2863411252409858,EXP_DEnsembleModel_Alpha158_csi300_custom_step0_s_20260807_13,6a9110a808eb4a6eb0c7df6953740e59,0.133,,,
2788,2026-08-07,SZ300308,0.14347049292332145,EXP_DEnsembleModel_Alpha158_csi300_custom_step0_s_20260807_13,6a9110a808eb4a6eb0c7df6953740e59,0.133,,,
2789,2026-08-07,SZ300316,0.18860980243958397,EXP_DEnsembleModel_Alpha158_csi300_custom_step0_s_20260807_13,6a9110a808eb4a6eb0c7df6953740e59,0.133,,,
2790,2026-08-07,SZ300394,0.22129130097874455,EXP_DEnsembleModel_Alpha158_csi300_custom_step0_s_20260807_13,6a9110a808eb4a6eb0c7df6953740e59,0.133,,,
2791,2026-08-07,SZ300408,0.0030277462528112624,EXP_DEnsembleModel_Alpha158_csi300_custom_step0_s_20260807_13,6a9110a808eb4a6eb0c7df6953740e59,0.133,,,
2792,2026-08-07,SZ300413,-0.058082332875388415,EXP_DEnsembleModel_Alpha158_csi300_custom_step0_s_20260807_13,6a9110a808eb4a6eb0c7df6953740e59,0.133,,,
2793,2026-08-07,SZ300418,-0.01661333401339712,EXP_DEnsembleModel_Alpha158_csi300_custom_step0_s_20260807_13,6a9110a808eb4a6eb0c7df6953740e59,0.133,,,
2794,2026-08-07,SZ300433,0.18550421042746806,EXP_DEnsembleModel_Alpha158_csi300_custom_step0_s_20260807_13,6a9110a808eb4a6eb0c7df6953740e59,0.133,,,
2795,2026-08-07,SZ300122,-0.08356759100111204,EXP_DEnsembleModel_Alpha158_csi300_custom_step0_s_20260807_13,6a9110a808eb4a6eb0c7df6953740e59,0.133,,,
2796,2026-08-07,SZ300442,0.17693174767757616,EXP_DEnsembleModel_Alpha158_csi300_custom_step0_s_20260807_13,6a9110a808eb4a6eb0c7df6953740e59,0.133,,,
2797,2026-08-07,SZ300476,0.26106999619014976,EXP_DEnsembleModel_Alpha158_csi300_custom_step0_s_20260807_13,6a9110a808eb4a6eb0c7df6953740e59,0.133,,,
2798,2026-08-07,SZ300498,-0.08279003504289603,EXP_DEnsembleModel_Alpha158_csi300_custom_step0_s_20260807_13,6a9110a808eb4a6eb0c7df6953740e59,0.133,,,
2799,2026-08-07,SZ300502,0.1947487587854842,EXP_DEnsembleModel_Alpha158_csi300_custom_step0_s_20260807_13,6a9110a808eb4a6eb0c7df6953740e59,0.133,,,
2800,2026-08-07,SZ300628,0.04592977833802228,EXP_DEnsembleModel_Alpha158_csi300_custom_step0_s_20260807_13,6a9110a808eb4a6eb0c7df6953740e59,0.133,,,
2801,2026-08-07,SZ300661,0.18143784842330837,EXP_DEnsembleModel_Alpha158_csi300_custom_step0_s_20260807_13,6a9110a808eb4a6eb0c7df6953740e59,0.133,,,
2802,2026-08-07,SZ300750,0.021432159545258664,EXP_DEnsembleModel_Alpha158_csi300_custom_step0_s_20260807_13,6a9110a808eb4a6eb0c7df6953740e59,0.133,,,
2803,2026-08-07,SZ300760,-0.08768122338968923,EXP_DEnsembleModel_Alpha158_csi300_custom_step0_s_20260807_13,6a9110a808eb4a6eb0c7df6953740e59,0.133,,,
2804,2026-08-07,SZ300803,-0.07043029063328526,EXP_DEnsembleModel_Alpha158_csi300_custom_step0_s_20260807_13,6a9110a808eb4a6eb0c7df6953740e59,0.133,,,
2805,2026-08-07,SZ300832,-0.06365082707684551,EXP_DEnsembleModel_Alpha158_csi300_custom_step0_s_20260807_13,6a9110a808eb4a6eb0c7df6953740e59,0.133,,,
2806,2026-08-07,SZ300866,-0.11821837876412127,EXP_DEnsembleModel_Alpha158_csi300_custom_step0_s_20260807_13,6a9110a808eb4a6eb0c7df6953740e59,0.133,,,
2807,2026-08-07,SZ300450,0.044674684975604395,EXP_DEnsembleModel_Alpha158_csi300_custom_step0_s_20260807_13,6a9110a808eb4a6eb0c7df6953740e59,0.133,,,
2808,2026-08-07,SZ300896,-0.13335756844099164,EXP_DEnsembleModel_Alpha158_csi300_custom_step0_s_20260807_13,6a9110a808eb4a6eb0c7df6953740e59,0.133,,,
2809,2026-08-07,SZ300059,-0.030790129146865124,EXP_DEnsembleModel_Alpha158_csi300_custom_step0_s_20260807_13,6a9110a808eb4a6eb0c7df6953740e59,0.133,,,
2810,2026-08-07,SZ300015,-0.10757286854579341,EXP_DEnsembleModel_Alpha158_csi300_custom_step0_s_20260807_13,6a9110a808eb4a6eb0c7df6953740e59,0.133,,,
2811,2026-08-07,SZ002422,-0.21353310376367748,EXP_DEnsembleModel_Alpha158_csi300_custom_step0_s_20260807_13,6a9110a808eb4a6eb0c7df6953740e59,0.133,,,
2812,2026-08-07,SZ002460,0.13695429383993454,EXP_DEnsembleModel_Alpha158_csi300_custom_step0_s_20260807_13,6a9110a808eb4a6eb0c7df6953740e59,0.133,,,
2813,2026-08-07,SZ002463,0.0813790024646935,EXP_DEnsembleModel_Alpha158_csi300_custom_step0_s_20260807_13,6a9110a808eb4a6eb0c7df6953740e59,0.133,,,
2814,2026-08-07,SZ002466,0.17596694774241237,EXP_DEnsembleModel_Alpha158_csi300_custom_step0_s_20260807_13,6a9110a808eb4a6eb0c7df6953740e59,0.133,,,
2815,2026-08-07,SZ002475,0.06929894617127583,EXP_DEnsembleModel_Alpha158_csi300_custom_step0_s_20260807_13,6a9110a808eb4a6eb0c7df6953740e59,0.133,,,
2816,2026-08-07,SZ002493,-0.06344629430901227,EXP_DEnsembleModel_Alpha158_csi300_custom_step0_s_20260807_13,6a9110a808eb4a6eb0c7df6953740e59,0.133,,,
2817,2026-08-07,SZ002532,-0.13125025672325033,EXP_DEnsembleModel_Alpha158_csi300_custom_step0_s_20260807_13,6a9110a808eb4a6eb0c7df6953740e59,0.133,,,
2818,2026-08-07,SZ002558,0.006849517008464587,EXP_DEnsembleModel_Alpha158_csi300_custom_step0_s_20260807_13,6a9110a808eb4a6eb0c7df6953740e59,0.133,,,
2819,2026-08-07,SZ002594,-0.043641391695039854,EXP_DEnsembleModel_Alpha158_csi300_custom_step0_s_20260807_13,6a9110a808eb4a6eb0c7df6953740e59,0.133,,,
2820,2026-08-07,SZ002600,0.15276772793485915,EXP_DEnsembleModel_Alpha158_csi300_custom_step0_s_20260807_13,6a9110a808eb4a6eb0c7df6953740e59,0.133,,,
2821,2026-08-07,SZ300033,-0.09122063350277869,EXP_DEnsembleModel_Alpha158_csi300_custom_step0_s_20260807_13,6a9110a808eb4a6eb0c7df6953740e59,0.133,,,
2822,2026-08-07,SZ002602,0.02881553352962368,EXP_DEnsembleModel_Alpha158_csi300_custom_step0_s_20260807_13,6a9110a808eb4a6eb0c7df6953740e59,0.133,,,
2823,2026-08-07,SZ002648,-0.02312304699183857,EXP_DEnsembleModel_Alpha158_csi300_custom_step0_s_20260807_13,6a9110a808eb4a6eb0c7df6953740e59,0.133,,,
2824,2026-08-07,SZ002709,0.14676235806925797,EXP_DEnsembleModel_Alpha158_csi300_custom_step0_s_20260807_13,6a9110a808eb4a6eb0c7df6953740e59,0.133,,,
2825,2026-08-07,SZ002714,-0.12210965506229074,EXP_DEnsembleModel_Alpha158_csi300_custom_step0_s_20260807_13,6a9110a808eb4a6eb0c7df6953740e59,0.133,,,
2826,2026-08-07,SZ002736,0.07442884443099004,EXP_DEnsembleModel_Alpha158_csi300_custom_step0_s_20260807_13,6a9110a808eb4a6eb0c7df6953740e59,0.133,,,
2827,2026-08-07,SZ002837,0.24457569218317,EXP_DEnsembleModel_Alpha158_csi300_custom_step0_s_20260807_13,6a9110a808eb4a6eb0c7df6953740e59,0.133,,,
2828,2026-08-07,SZ002916,0.15446081886505955,EXP_DEnsembleModel_Alpha158_csi300_custom_step0_s_20260807_13,6a9110a808eb4a6eb0c7df6953740e59,0.133,,,
2829,2026-08-07,SZ002920,-0.02471875793060788,EXP_DEnsembleModel_Alpha158_csi300_custom_step0_s_20260807_13,6a9110a808eb4a6eb0c7df6953740e59,0.133,,,
2830,2026-08-07,SZ002938,-0.006537431644661259,EXP_DEnsembleModel_Alpha158_csi300_custom_step0_s_20260807_13,6a9110a808eb4a6eb0c7df6953740e59,0.133,,,
2831,2026-08-07,SZ003816,-0.049433483846608055,EXP_DEnsembleModel_Alpha158_csi300_custom_step0_s_20260807_13,6a9110a808eb4a6eb0c7df6953740e59,0.133,,,
2832,2026-08-07,SZ300014,-0.05797149547818024,EXP_DEnsembleModel_Alpha158_csi300_custom_step0_s_20260807_13,6a9110a808eb4a6eb0c7df6953740e59,0.133,,,
2833,2026-08-07,SZ002625,0.0817956727680863,EXP_DEnsembleModel_Alpha158_csi300_custom_step0_s_20260807_13,6a9110a808eb4a6eb0c7df6953740e59,0.133,,,
2834,2026-08-07,SH600309,-0.032969818685814986,EXP_DEnsembleModel_Alpha158_csi300_custom_step0_s_20260807_13,6a9110a808eb4a6eb0c7df6953740e59,0.133,,,
2835,2026-08-07,SZ300999,-0.02449089497701424,EXP_DEnsembleModel_Alpha158_csi300_custom_step0_s_20260807_13,6a9110a808eb4a6eb0c7df6953740e59,0.133,,,
2836,2026-08-07,SZ301236,-0.013202409046910299,EXP_DEnsembleModel_Alpha158_csi300_custom_step0_s_20260807_13,6a9110a808eb4a6eb0c7df6953740e59,0.133,,,
2837,2026-08-07,SH600089,-0.010653884900860023,EXP_DEnsembleModel_Alpha158_csi300_custom_step0_s_20260807_13,60f2d98061524dda8862012dacffda18,0.068,,,
2838,2026-08-07,SH600104,-0.10506819400091293,EXP_DEnsembleModel_Alpha158_csi300_custom_step0_s_20260807_13,60f2d98061524dda8862012dacffda18,0.068,,,
2839,2026-08-07,SH600111,0.14978282755397607,EXP_DEnsembleModel_Alpha158_csi300_custom_step0_s_20260807_13,60f2d98061524dda8862012dacffda18,0.068,,,
2840,2026-08-07,SH600115,0.04256188617786315,EXP_DEnsembleModel_Alpha158_csi300_custom_step0_s_20260807_13,60f2d98061524dda8862012dacffda18,0.068,,,
2841,2026-08-07,SH600118,0.26957921237850896,EXP_DEnsembleModel_Alpha158_csi300_custom_step0_s_20260807_13,60f2d98061524dda8862012dacffda18,0.068,,,
2842,2026-08-07,SH600150,-0.10259535611226053,EXP_DEnsembleModel_Alpha158_csi300_custom_step0_s_20260807_13,60f2d98061524dda8862012dacffda18,0.068,,,
2843,2026-08-07,SH600160,0.07167262194758303,EXP_DEnsembleModel_Alpha158_csi300_custom_step0_s_20260807_13,60f2d98061524dda8862012dacffda18,0.068,,,
2844,2026-08-07,SH600176,0.14455629414647922,EXP_DEnsembleModel_Alpha158_csi300_custom_step0_s_20260807_13,60f2d98061524dda8862012dacffda18,0.068,,,
2845,2026-08-07,SH600183,0.022850500571867962,EXP_DEnsembleModel_Alpha158_csi300_custom_step0_s_20260807_13,60f2d98061524dda8862012dacffda18,0.068,,,
2846,2026-08-07,SH600188,-0.07356253817326118,EXP_DEnsembleModel_Alpha158_csi300_custom_step0_s_20260807_13,60f2d98061524dda8862012dacffda18,0.068,,,
2847,2026-08-07,SH600085,-0.05732479799480628,EXP_DEnsembleModel_Alpha158_csi300_custom_step0_s_20260807_13,60f2d98061524dda8862012dacffda18,0.068,,,
2848,2026-08-07,SH600196,-0.05830760145250549,EXP_DEnsembleModel_Alpha158_csi300_custom_step0_s_20260807_13,60f2d98061524dda8862012dacffda18,0.068,,,
2849,2026-08-07,SH600221,0.06119082914957593,EXP_DEnsembleModel_Alpha158_csi300_custom_step0_s_20260807_13,60f2d98061524dda8862012dacffda18,0.068,,,
2850,2026-08-07,SH600233,-0.06284954002623225,EXP_DEnsembleModel_Alpha158_csi300_custom_step0_s_20260807_13,60f2d98061524dda8862012dacffda18,0.068,,,
2851,2026-08-07,SH600276,-0.1153417820895348,EXP_DEnsembleModel_Alpha158_csi300_custom_step0_s_20260807_13,60f2d98061524dda8862012dacffda18,0.068,,,
2852,2026-08-07,SH600309,-0.045198614938259045,EXP_DEnsembleModel_Alpha158_csi300_custom_step0_s_20260807_13,60f2d98061524dda8862012dacffda18,0.068,,,
2853,2026-08-07,SH600346,-0.0458659793645061,EXP_DEnsembleModel_Alpha158_csi300_custom_step0_s_20260807_13,60f2d98061524dda8862012dacffda18,0.068,,,
2854,2026-08-07,SH600362,-0.06819651051424827,EXP_DEnsembleModel_Alpha158_csi300_custom_step0_s_20260807_13,60f2d98061524dda8862012dacffda18,0.068,,,
2855,2026-08-07,SH600372,0.04669710644006067,EXP_DEnsembleModel_Alpha158_csi300_custom_step0_s_20260807_13,60f2d98061524dda8862012dacffda18,0.068,,,
2856,2026-08-07,SH600406,-0.07340278461788234,EXP_DEnsembleModel_Alpha158_csi300_custom_step0_s_20260807_13,60f2d98061524dda8862012dacffda18,0.068,,,
2857,2026-08-07,SH600415,-0.0589903400578887,EXP_DEnsembleModel_Alpha158_csi300_custom_step0_s_20260807_13,60f2d98061524dda8862012dacffda18,0.068,,,
2858,2026-08-07,SH600426,-0.13294702556245253,EXP_DEnsembleModel_Alpha158_csi300_custom_step0_s_20260807_13,60f2d98061524dda8862012dacffda18,0.068,,,
2859,2026-08-07,SH600219,-0.055629681246828135,EXP_DEnsembleModel_Alpha158_csi300_custom_step0_s_20260807_13,60f2d98061524dda8862012dacffda18,0.068,,,
2860,2026-08-07,SZ301165,-0.04377974434014051,EXP_DEnsembleModel_Alpha158_csi300_custom_step0_s_20260807_13,6a9110a808eb4a6eb0c7df6953740e59,0.133,,,
2861,2026-08-07,SH600066,0.016517281581292644,EXP_DEnsembleModel_Alpha158_csi300_custom_step0_s_20260807_13,60f2d98061524dda8862012dacffda18,0.068,,,
2862,2026-08-07,SH600050,-0.00345214917723357,EXP_DEnsembleModel_Alpha158_csi300_custom_step0_s_20260807_13,60f2d98061524dda8862012dacffda18,0.068,,,
2863,2026-08-07,SZ301269,0.1301272066192663,EXP_DEnsembleModel_Alpha158_csi300_custom_step0_s_20260807_13,6a9110a808eb4a6eb0c7df6953740e59,0.133,,,
2864,2026-08-07,SZ301308,0.28444184175034504,EXP_DEnsembleModel_Alpha158_csi300_custom_step0_s_20260807_13,6a9110a808eb4a6eb0c7df6953740e59,0.133,,,
2865,2026-08-07,SZ302132,0.011882058801574794,EXP_DEnsembleModel_Alpha158_csi300_custom_step0_s_20260807_13,6a9110a808eb4a6eb0c7df6953740e59,0.133,,,
2866,2026-08-07,SH600000,0.016963341368695452,EXP_DEnsembleModel_Alpha158_csi300_custom_step0_s_20260807_13,60f2d98061524dda8862012dacffda18,0.068,,,
2867,2026-08-07,SH600009,-0.05008244485371572,EXP_DEnsembleModel_Alpha158_csi300_custom_step0_s_20260807_13,60f2d98061524dda8862012dacffda18,0.068,,,
2868,2026-08-07,SH600010,-0.051705230065124286,EXP_DEnsembleModel_Alpha158_csi300_custom_step0_s_20260807_13,60f2d98061524dda8862012dacffda18,0.068,,,
2869,2026-08-07,SH600011,0.07434639856300883,EXP_DEnsembleModel_Alpha158_csi300_custom_step0_s_20260807_13,60f2d98061524dda8862012dacffda18,0.068,,,
2870,2026-08-07,SH600015,0.05536404196156368,EXP_DEnsembleModel_Alpha158_csi300_custom_step0_s_20260807_13,60f2d98061524dda8862012dacffda18,0.068,,,
2871,2026-08-07,SH600016,-0.0030810178411735667,EXP_DEnsembleModel_Alpha158_csi300_custom_step0_s_20260807_13,60f2d98061524dda8862012dacffda18,0.068,,,
2872,2026-08-07,SH600018,0.07101552580857882,EXP_DEnsembleModel_Alpha158_csi300_custom_step0_s_20260807_13,60f2d98061524dda8862012dacffda18,0.068,,,
2873,2026-08-07,SH600061,0.06335135620349111,EXP_DEnsembleModel_Alpha158_csi300_custom_step0_s_20260807_13,60f2d98061524dda8862012dacffda18,0.068,,,
2874,2026-08-07,SH600019,-0.0639510670605822,EXP_DEnsembleModel_Alpha158_csi300_custom_step0_s_20260807_13,60f2d98061524dda8862012dacffda18,0.068,,,
2875,2026-08-07,SH600025,0.05054448759389413,EXP_DEnsembleModel_Alpha158_csi300_custom_step0_s_20260807_13,60f2d98061524dda8862012dacffda18,0.068,,,
2876,2026-08-07,SH600026,-0.02829204559881011,EXP_DEnsembleModel_Alpha158_csi300_custom_step0_s_20260807_13,60f2d98061524dda8862012dacffda18,0.068,,,
2877,2026-08-07,SH600027,0.023269225713969464,EXP_DEnsembleModel_Alpha158_csi300_custom_step0_s_20260807_13,60f2d98061524dda8862012dacffda18,0.068,,,
2878,2026-08-07,SH600028,-0.03938270735171185,EXP_DEnsembleModel_Alpha158_csi300_custom_step0_s_20260807_13,60f2d98061524dda8862012dacffda18,0.068,,,
2879,2026-08-07,SH600029,0.054291909534094546,EXP_DEnsembleModel_Alpha158_csi300_custom_step0_s_20260807_13,60f2d98061524dda8862012dacffda18,0.068,,,
2880,2026-08-07,SH600030,0.060689108015573354,EXP_DEnsembleModel_Alpha158_csi300_custom_step0_s_20260807_13,60f2d98061524dda8862012dacffda18,0.068,,,
2881,2026-08-07,SH600031,-0.0009928855124546525,EXP_DEnsembleModel_Alpha158_csi300_custom_step0_s_20260807_13,60f2d98061524dda8862012dacffda18,0.068,,,
2882,2026-08-07,SH600036,0.014594245713278583,EXP_DEnsembleModel_Alpha158_csi300_custom_step0_s_20260807_13,60f2d98061524dda8862012dacffda18,0.068,,,
2883,2026-08-07,SH600039,-0.030068178690370127,EXP_DEnsembleModel_Alpha158_csi300_custom_step0_s_20260807_13,60f2d98061524dda8862012dacffda18,0.068,,,
2884,2026-08-07,SH600048,-0.05737397838591483,EXP_DEnsembleModel_Alpha158_csi300_custom_step0_s_20260807_13,60f2d98061524dda8862012dacffda18,0.068,,,
2885,2026-08-07,SH600023,0.03949298193908308,EXP_DEnsembleModel_Alpha158_csi300_custom_step0_s_20260807_13,60f2d98061524dda8862012dacffda18,0.068,,,
2886,2026-08-07,SZ301308,0.33289697766304016,EXP_XGBModel_Alpha158_csi300_custom_step0_s_20260807_13,a208273b295d49d28edfebe804c6005f,0.052,,,
2887,2026-08-07,SH600276,-0.1661289996790102,EXP_DEnsembleModel_Alpha158_csi300_custom_step0_s_20260807_13,6a9110a808eb4a6eb0c7df6953740e59,0.133,,,
2888,2026-08-07,SH600221,0.05587190464249983,EXP_DEnsembleModel_Alpha158_csi300_custom_step0_s_20260807_13,6a9110a808eb4a6eb0c7df6953740e59,0.133,,,
2889,2026-08-07,SH600570,-0.00369744158200287,EXP_LGBModel_Alpha158_csi300_custom_step0_s_20260807_16,4e70fd1268354f0fa30c8ae7cd6bd4bd,0.149,,,
2890,2026-08-07,SH600584,-0.00025007770386416994,EXP_LGBModel_Alpha158_csi300_custom_step0_s_20260807_16,4e70fd1268354f0fa30c8ae7cd6bd4bd,0.149,,,
2891,2026-08-07,SH600585,-0.004970024514035847,EXP_LGBModel_Alpha158_csi300_custom_step0_s_20260807_16,4e70fd1268354f0fa30c8ae7cd6bd4bd,0.149,,,
2892,2026-08-07,SH600588,-0.0018313138366787159,EXP_LGBModel_Alpha158_csi300_custom_step0_s_20260807_16,4e70fd1268354f0fa30c8ae7cd6bd4bd,0.149,,,
2893,2026-08-07,SH600600,-0.005787400659525661,EXP_LGBModel_Alpha158_csi300_custom_step0_s_20260807_16,4e70fd1268354f0fa30c8ae7cd6bd4bd,0.149,,,
2894,2026-08-07,SH600660,0.001097416005322822,EXP_LGBModel_Alpha158_csi300_custom_step0_s_20260807_16,4e70fd1268354f0fa30c8ae7cd6bd4bd,0.149,,,
2895,2026-08-07,SH600674,-0.002831421067808397,EXP_LGBModel_Alpha158_csi300_custom_step0_s_20260807_16,4e70fd1268354f0fa30c8ae7cd6bd4bd,0.149,,,
2896,2026-08-07,SH600690,-0.0012147463569649967,EXP_LGBModel_Alpha158_csi300_custom_step0_s_20260807_16,4e70fd1268354f0fa30c8ae7cd6bd4bd,0.149,,,
2897,2026-08-07,SH600741,-0.0020140449223185817,EXP_LGBModel_Alpha158_csi300_custom_step0_s_20260807_16,4e70fd1268354f0fa30c8ae7cd6bd4bd,0.149,,,
2898,2026-08-07,SH600760,-0.0022392084029454126,EXP_LGBModel_Alpha158_csi300_custom_step0_s_20260807_16,4e70fd1268354f0fa30c8ae7cd6bd4bd,0.149,,,
2899,2026-08-07,SH600795,-1.7987137748309093e-10,EXP_LGBModel_Alpha158_csi300_custom_step0_s_20260807_16,4e70fd1268354f0fa30c8ae7cd6bd4bd,0.149,,,
2900,2026-08-07,SH600803,-0.005787400659525661,EXP_LGBModel_Alpha158_csi300_custom_step0_s_20260807_16,4e70fd1268354f0fa30c8ae7cd6bd4bd,0.149,,,
2901,2026-08-07,SH600809,-0.0022392084029454126,EXP_LGBModel_Alpha158_csi300_custom_step0_s_20260807_16,4e70fd1268354f0fa30c8ae7cd6bd4bd,0.149,,,
2902,2026-08-07,SH600845,9.810235410038582e-05,EXP_LGBModel_Alpha158_csi300_custom_step0_s_20260807_16,4e70fd1268354f0fa30c8ae7cd6bd4bd,0.149,,,
2903,2026-08-07,SH600875,-0.002730816290961811,EXP_LGBModel_Alpha158_csi300_custom_step0_s_20260807_16,4e70fd1268354f0fa30c8ae7cd6bd4bd,0.149,,,
2904,2026-08-07,SH600886,-0.0007191784351034101,EXP_LGBModel_Alpha158_csi300_custom_step0_s_20260807_16,4e70fd1268354f0fa30c8ae7cd6bd4bd,0.149,,,
2905,2026-08-07,SH600887,-0.0022392084029454126,EXP_LGBModel_Alpha158_csi300_custom_step0_s_20260807_16,4e70fd1268354f0fa30c8ae7cd6bd4bd,0.149,,,
2906,2026-08-07,SH600893,-1.7987137748309093e-10,EXP_LGBModel_Alpha158_csi300_custom_step0_s_20260807_16,4e70fd1268354f0fa30c8ae7cd6bd4bd,0.149,,,
2907,2026-08-07,SH600900,-0.002831421067808397,EXP_LGBModel_Alpha158_csi300_custom_step0_s_20260807_16,4e70fd1268354f0fa30c8ae7cd6bd4bd,0.149,,,
2908,2026-08-07,SH600905,-0.0022392084029454126,EXP_LGBModel_Alpha158_csi300_custom_step0_s_20260807_16,4e70fd1268354f0fa30c8ae7cd6bd4bd,0.149,,,
2909,2026-08-07,SH600918,-1.7987137748309093e-10,EXP_LGBModel_Alpha158_csi300_custom_step0_s_20260807_16,4e70fd1268354f0fa30c8ae7cd6bd4bd,0.149,,,
2910,2026-08-07,SH600549,-1.7987137748309093e-10,EXP_LGBModel_Alpha158_csi300_custom_step0_s_20260807_16,4e70fd1268354f0fa30c8ae7cd6bd4bd,0.149,,,
2911,2026-08-07,SH600547,0.0008781260227429318,EXP_LGBModel_Alpha158_csi300_custom_step0_s_20260807_16,4e70fd1268354f0fa30c8ae7cd6bd4bd,0.149,,,
2912,2026-08-07,SH600522,-0.00025007770386416994,EXP_LGBModel_Alpha158_csi300_custom_step0_s_20260807_16,4e70fd1268354f0fa30c8ae7cd6bd4bd,0.149,,,
2913,2026-08-07,SH600519,-0.0022392084029454126,EXP_LGBModel_Alpha158_csi300_custom_step0_s_20260807_16,4e70fd1268354f0fa30c8ae7cd6bd4bd,0.149,,,
2914,2026-08-07,SH600160,-1.7987137748309093e-10,EXP_LGBModel_Alpha158_csi300_custom_step0_s_20260807_16,4e70fd1268354f0fa30c8ae7cd6bd4bd,0.149,,,
2915,2026-08-07,SH600176,-0.00025007770386416994,EXP_LGBModel_Alpha158_csi300_custom_step0_s_20260807_16,4e70fd1268354f0fa30c8ae7cd6bd4bd,0.149,,,
2916,2026-08-07,SH600183,-0.00025007770386416994,EXP_LGBModel_Alpha158_csi300_custom_step0_s_20260807_16,4e70fd1268354f0fa30c8ae7cd6bd4bd,0.149,,,
2917,2026-08-07,SH600188,0.0027036221033335185,EXP_LGBModel_Alpha158_csi300_custom_step0_s_20260807_16,4e70fd1268354f0fa30c8ae7cd6bd4bd,0.149,,,
2918,2026-08-07,SH600196,0.005418932919751374,EXP_LGBModel_Alpha158_csi300_custom_step0_s_20260807_16,4e70fd1268354f0fa30c8ae7cd6bd4bd,0.149,,,
2919,2026-08-07,SH600219,-0.0022392084029454126,EXP_LGBModel_Alpha158_csi300_custom_step0_s_20260807_16,4e70fd1268354f0fa30c8ae7cd6bd4bd,0.149,,,
2920,2026-08-07,SH600221,0.0029079141283637304,EXP_LGBModel_Alpha158_csi300_custom_step0_s_20260807_16,4e70fd1268354f0fa30c8ae7cd6bd4bd,0.149,,,
2921,2026-08-07,SH600233,-1.7987137748309093e-10,EXP_LGBModel_Alpha158_csi300_custom_step0_s_20260807_16,4e70fd1268354f0fa30c8ae7cd6bd4bd,0.149,,,
2922,2026-08-07,SH600276,0.0027153106365464777,EXP_LGBModel_Alpha158_csi300_custom_step0_s_20260807_16,4e70fd1268354f0fa30c8ae7cd6bd4bd,0.149,,,
2923,2026-08-07,SH600309,0.0027153106365464777,EXP_LGBModel_Alpha158_csi300_custom_step0_s_20260807_16,4e70fd1268354f0fa30c8ae7cd6bd4bd,0.149,,,
2924,2026-08-07,SH600919,0.0027153106365464777,EXP_LGBModel_Alpha158_csi300_custom_step0_s_20260807_16,4e70fd1268354f0fa30c8ae7cd6bd4bd,0.149,,,
2925,2026-08-07,SH600346,-1.7987137748309093e-10,EXP_LGBModel_Alpha158_csi300_custom_step0_s_20260807_16,4e70fd1268354f0fa30c8ae7cd6bd4bd,0.149,,,
2926,2026-08-07,SH600372,0.0027629313491194024,EXP_LGBModel_Alpha158_csi300_custom_step0_s_20260807_16,4e70fd1268354f0fa30c8ae7cd6bd4bd,0.149,,,
2927,2026-08-07,SH600406,-0.004970024514035847,EXP_LGBModel_Alpha158_csi300_custom_step0_s_20260807_16,4e70fd1268354f0fa30c8ae7cd6bd4bd,0.149,,,
2928,2026-08-07,SH600415,-0.0007670400463097131,EXP_LGBModel_Alpha158_csi300_custom_step0_s_20260807_16,4e70fd1268354f0fa30c8ae7cd6bd4bd,0.149,,,
2929,2026-08-07,SH600426,-0.0022392084029454126,EXP_LGBModel_Alpha158_csi300_custom_step0_s_20260807_16,4e70fd1268354f0fa30c8ae7cd6bd4bd,0.149,,,
2930,2026-08-07,SH600436,-0.0022392084029454126,EXP_LGBModel_Alpha158_csi300_custom_step0_s_20260807_16,4e70fd1268354f0fa30c8ae7cd6bd4bd,0.149,,,
2931,2026-08-07,SH600438,-0.00369744158200287,EXP_LGBModel_Alpha158_csi300_custom_step0_s_20260807_16,4e70fd1268354f0fa30c8ae7cd6bd4bd,0.149,,,
2932,2026-08-07,SH600460,-0.00025007770386416994,EXP_LGBModel_Alpha158_csi300_custom_step0_s_20260807_16,4e70fd1268354f0fa30c8ae7cd6bd4bd,0.149,,,
2933,2026-08-07,SH600482,-0.005787400659525661,EXP_LGBModel_Alpha158_csi300_custom_step0_s_20260807_16,4e70fd1268354f0fa30c8ae7cd6bd4bd,0.149,,,
2934,2026-08-07,SH600489,0.004745380024386582,EXP_LGBModel_Alpha158_csi300_custom_step0_s_20260807_16,4e70fd1268354f0fa30c8ae7cd6bd4bd,0.149,,,
2935,2026-08-07,SH600515,0.0005530444820267303,EXP_LGBModel_Alpha158_csi300_custom_step0_s_20260807_16,4e70fd1268354f0fa30c8ae7cd6bd4bd,0.149,,,
2936,2026-08-07,SH600362,0.004745380024386582,EXP_LGBModel_Alpha158_csi300_custom_step0_s_20260807_16,4e70fd1268354f0fa30c8ae7cd6bd4bd,0.149,,,
2937,2026-08-07,SH600926,0.0027153106365464777,EXP_LGBModel_Alpha158_csi300_custom_step0_s_20260807_16,4e70fd1268354f0fa30c8ae7cd6bd4bd,0.149,,,
2938,2026-08-07,SH600930,-1.7987137748309093e-10,EXP_LGBModel_Alpha158_csi300_custom_step0_s_20260807_16,4e70fd1268354f0fa30c8ae7cd6bd4bd,0.149,,,
2939,2026-08-07,SH600938,-0.004970024514035847,EXP_LGBModel_Alpha158_csi300_custom_step0_s_20260807_16,4e70fd1268354f0fa30c8ae7cd6bd4bd,0.149,,,
2940,2026-08-07,SH601238,-0.00369744158200287,EXP_LGBModel_Alpha158_csi300_custom_step0_s_20260807_16,4e70fd1268354f0fa30c8ae7cd6bd4bd,0.149,,,
2941,2026-08-07,SH601288,-0.002730816290961811,EXP_LGBModel_Alpha158_csi300_custom_step0_s_20260807_16,4e70fd1268354f0fa30c8ae7cd6bd4bd,0.149,,,
2942,2026-08-07,SH601318,-0.0022392084029454126,EXP_LGBModel_Alpha158_csi300_custom_step0_s_20260807_16,4e70fd1268354f0fa30c8ae7cd6bd4bd,0.149,,,
2943,2026-08-07,SH601319,0.0029880948297462333,EXP_LGBModel_Alpha158_csi300_custom_step0_s_20260807_16,4e70fd1268354f0fa30c8ae7cd6bd4bd,0.149,,,
2944,2026-08-07,SH601328,-0.002831421067808397,EXP_LGBModel_Alpha158_csi300_custom_step0_s_20260807_16,4e70fd1268354f0fa30c8ae7cd6bd4bd,0.149,,,
2945,2026-08-07,SH601336,0.005478242165537257,EXP_LGBModel_Alpha158_csi300_custom_step0_s_20260807_16,4e70fd1268354f0fa30c8ae7cd6bd4bd,0.149,,,
2946,2026-08-07,SH601360,0.0008673607808292435,EXP_LGBModel_Alpha158_csi300_custom_step0_s_20260807_16,4e70fd1268354f0fa30c8ae7cd6bd4bd,0.149,,,
2947,2026-08-07,SH601377,0.005478242165537257,EXP_LGBModel_Alpha158_csi300_custom_step0_s_20260807_16,4e70fd1268354f0fa30c8ae7cd6bd4bd,0.149,,,
2948,2026-08-07,SH601390,-0.0022392084029454126,EXP_LGBModel_Alpha158_csi300_custom_step0_s_20260807_16,4e70fd1268354f0fa30c8ae7cd6bd4bd,0.149,,,
2949,2026-08-07,SH601398,-0.002831421067808397,EXP_LGBModel_Alpha158_csi300_custom_step0_s_20260807_16,4e70fd1268354f0fa30c8ae7cd6bd4bd,0.149,,,
2950,2026-08-07,SH601229,-1.7987137748309093e-10,EXP_LGBModel_Alpha158_csi300_custom_step0_s_20260807_16,4e70fd1268354f0fa30c8ae7cd6bd4bd,0.149,,,
2951,2026-08-07,SH601456,0.005478242165537257,EXP_LGBModel_Alpha158_csi300_custom_step0_s_20260807_16,4e70fd1268354f0fa30c8ae7cd6bd4bd,0.149,,,
2952,2026-08-07,SH601601,-0.003056584548435228,EXP_LGBModel_Alpha158_csi300_custom_step0_s_20260807_16,4e70fd1268354f0fa30c8ae7cd6bd4bd,0.149,,,
2953,2026-08-07,SH601607,0.005478242165537257,EXP_LGBModel_Alpha158_csi300_custom_step0_s_20260807_16,4e70fd1268354f0fa30c8ae7cd6bd4bd,0.149,,,
2954,2026-08-07,SH601618,-1.7987137748309093e-10,EXP_LGBModel_Alpha158_csi300_custom_step0_s_20260807_16,4e70fd1268354f0fa30c8ae7cd6bd4bd,0.149,,,
2955,2026-08-07,SH601628,-0.0020140449223185817,EXP_LGBModel_Alpha158_csi300_custom_step0_s_20260807_16,4e70fd1268354f0fa30c8ae7cd6bd4bd,0.149,,,
2956,2026-08-07,SH601633,-0.005787400659525661,EXP_LGBModel_Alpha158_csi300_custom_step0_s_20260807_16,4e70fd1268354f0fa30c8ae7cd6bd4bd,0.149,,,
2957,2026-08-07,SH601658,0.00022516330075545362,EXP_LGBModel_Alpha158_csi300_custom_step0_s_20260807_16,4e70fd1268354f0fa30c8ae7cd6bd4bd,0.149,,,
2958,2026-08-07,SH601668,-0.0010148266273821648,EXP_LGBModel_Alpha158_csi300_custom_step0_s_20260807_16,4e70fd1268354f0fa30c8ae7cd6bd4bd,0.149,,,
2959,2026-08-07,SH601669,0.0020213369200682237,EXP_LGBModel_Alpha158_csi300_custom_step0_s_20260807_16,4e70fd1268354f0fa30c8ae7cd6bd4bd,0.149,,,
2960,2026-08-07,SH601688,-0.0009443419157302412,EXP_LGBModel_Alpha158_csi300_custom_step0_s_20260807_16,4e70fd1268354f0fa30c8ae7cd6bd4bd,0.149,,,
2961,2026-08-07,SH601689,0.009946315569108443,EXP_LGBModel_Alpha158_csi300_custom_step0_s_20260807_16,4e70fd1268354f0fa30c8ae7cd6bd4bd,0.149,,,
2962,2026-08-07,SH601600,-0.0022392084029454126,EXP_LGBModel_Alpha158_csi300_custom_step0_s_20260807_16,4e70fd1268354f0fa30c8ae7cd6bd4bd,0.149,,,
2963,2026-08-07,SH600150,-1.7987137748309093e-10,EXP_LGBModel_Alpha158_csi300_custom_step0_s_20260807_16,4e70fd1268354f0fa30c8ae7cd6bd4bd,0.149,,,
2964,2026-08-07,SH601225,0.0027629313491194024,EXP_LGBModel_Alpha158_csi300_custom_step0_s_20260807_16,4e70fd1268354f0fa30c8ae7cd6bd4bd,0.149,,,
2965,2026-08-07,SH601186,-0.0020140449223185817,EXP_LGBModel_Alpha158_csi300_custom_step0_s_20260807_16,4e70fd1268354f0fa30c8ae7cd6bd4bd,0.149,,,
2966,2026-08-07,SH600941,0.00047610241347244243,EXP_LGBModel_Alpha158_csi300_custom_step0_s_20260807_16,4e70fd1268354f0fa30c8ae7cd6bd4bd,0.149,,,
2967,2026-08-07,SH600958,0.005478242165537257,EXP_LGBModel_Alpha158_csi300_custom_step0_s_20260807_16,4e70fd1268354f0fa30c8ae7cd6bd4bd,0.149,,,
2968,2026-08-07,SH600989,-1.7987137748309093e-10,EXP_LGBModel_Alpha158_csi300_custom_step0_s_20260807_16,4e70fd1268354f0fa30c8ae7cd6bd4bd,0.149,,,
2969,2026-08-07,SH600999,-1.7987137748309093e-10,EXP_LGBModel_Alpha158_csi300_custom_step0_s_20260807_16,4e70fd1268354f0fa30c8ae7cd6bd4bd,0.149,,,
2970,2026-08-07,SH601006,-0.0022392084029454126,EXP_LGBModel_Alpha158_csi300_custom_step0_s_20260807_16,4e70fd1268354f0fa30c8ae7cd6bd4bd,0.149,,,
2971,2026-08-07,SH601009,0.00022516330075545362,EXP_LGBModel_Alpha158_csi300_custom_step0_s_20260807_16,4e70fd1268354f0fa30c8ae7cd6bd4bd,0.149,,,
2972,2026-08-07,SH601012,-0.0018611802594985952,EXP_LGBModel_Alpha158_csi300_custom_step0_s_20260807_16,4e70fd1268354f0fa30c8ae7cd6bd4bd,0.149,,,
2973,2026-08-07,SH601018,0.0027629313491194024,EXP_LGBModel_Alpha158_csi300_custom_step0_s_20260807_16,4e70fd1268354f0fa30c8ae7cd6bd4bd,0.149,,,
2974,2026-08-07,SH601021,0.005478242165537257,EXP_LGBModel_Alpha158_csi300_custom_step0_s_20260807_16,4e70fd1268354f0fa30c8ae7cd6bd4bd,0.149,,,
2975,2026-08-07,SH601058,-1.7987137748309093e-10,EXP_LGBModel_Alpha158_csi300_custom_step0_s_20260807_16,4e70fd1268354f0fa30c8ae7cd6bd4bd,0.149,,,
2976,2026-08-07,SH601211,-0.004970024514035847,EXP_LGBModel_Alpha158_csi300_custom_step0_s_20260807_16,4e70fd1268354f0fa30c8ae7cd6bd4bd,0.149,,,
2977,2026-08-07,SH601059,-1.7987137748309093e-10,EXP_LGBModel_Alpha158_csi300_custom_step0_s_20260807_16,4e70fd1268354f0fa30c8ae7cd6bd4bd,0.149,,,
2978,2026-08-07,SH601077,0.002041757741181686,EXP_LGBModel_Alpha158_csi300_custom_step0_s_20260807_16,4e70fd1268354f0fa30c8ae7cd6bd4bd,0.149,,,
2979,2026-08-07,SH601088,-0.004075469725449688,EXP_LGBModel_Alpha158_csi300_custom_step0_s_20260807_16,4e70fd1268354f0fa30c8ae7cd6bd4bd,0.149,,,
2980,2026-08-07,SH601100,-0.005787400659525661,EXP_LGBModel_Alpha158_csi300_custom_step0_s_20260807_16,4e70fd1268354f0fa30c8ae7cd6bd4bd,0.149,,,
2981,2026-08-07,SH601111,0.0010692212761945618,EXP_LGBModel_Alpha158_csi300_custom_step0_s_20260807_16,4e70fd1268354f0fa30c8ae7cd6bd4bd,0.149,,,
2982,2026-08-07,SH601117,0.005478242165537257,EXP_LGBModel_Alpha158_csi300_custom_step0_s_20260807_16,4e70fd1268354f0fa30c8ae7cd6bd4bd,0.149,,,
2983,2026-08-07,SH601127,-0.004892845870939503,EXP_LGBModel_Alpha158_csi300_custom_step0_s_20260807_16,4e70fd1268354f0fa30c8ae7cd6bd4bd,0.149,,,
2984,2026-08-07,SH601136,-0.003675158026820675,EXP_LGBModel_Alpha158_csi300_custom_step0_s_20260807_16,4e70fd1268354f0fa30c8ae7cd6bd4bd,0.149,,,
2985,2026-08-07,SH601138,-0.005787400659525661,EXP_LGBModel_Alpha158_csi300_custom_step0_s_20260807_16,4e70fd1268354f0fa30c8ae7cd6bd4bd,0.149,,,
2986,2026-08-07,SH601166,-0.0022392084029454126,EXP_LGBModel_Alpha158_csi300_custom_step0_s_20260807_16,4e70fd1268354f0fa30c8ae7cd6bd4bd,0.149,,,
2987,2026-08-07,SH601169,0.00022516330075545362,EXP_LGBModel_Alpha158_csi300_custom_step0_s_20260807_16,4e70fd1268354f0fa30c8ae7cd6bd4bd,0.149,,,
2988,2026-08-07,SH601066,-0.0009443419157302412,EXP_LGBModel_Alpha158_csi300_custom_step0_s_20260807_16,4e70fd1268354f0fa30c8ae7cd6bd4bd,0.149,,,
2989,2026-08-07,SH601698,-0.003056584548435228,EXP_LGBModel_Alpha158_csi300_custom_step0_s_20260807_16,4e70fd1268354f0fa30c8ae7cd6bd4bd,0.149,,,
2990,2026-08-07,SH600118,0.004637985488275151,EXP_LGBModel_Alpha158_csi300_custom_step0_s_20260807_16,4e70fd1268354f0fa30c8ae7cd6bd4bd,0.149,,,
2991,2026-08-07,SH600111,-2.7194007756915252e-05,EXP_LGBModel_Alpha158_csi300_custom_step0_s_20260807_16,4e70fd1268354f0fa30c8ae7cd6bd4bd,0.149,,,
2992,2026-08-07,SZ002558,-0.00206619891681689,EXP_LGBModel_Alpha158_csi300_custom_step0_s_20260807_16,9c5bcdf4aec04a71ab21913383550843,0.04,,,
2993,2026-08-07,SZ002594,-0.00206619891681689,EXP_LGBModel_Alpha158_csi300_custom_step0_s_20260807_16,9c5bcdf4aec04a71ab21913383550843,0.04,,,
2994,2026-08-07,SZ002600,3.696797318666924e-12,EXP_LGBModel_Alpha158_csi300_custom_step0_s_20260807_16,9c5bcdf4aec04a71ab21913383550843,0.04,,,
2995,2026-08-07,SZ002602,-0.00206619891681689,EXP_LGBModel_Alpha158_csi300_custom_step0_s_20260807_16,9c5bcdf4aec04a71ab21913383550843,0.04,,,
2996,2026-08-07,SZ002625,3.696797318666924e-12,EXP_LGBModel_Alpha158_csi300_custom_step0_s_20260807_16,9c5bcdf4aec04a71ab21913383550843,0.04,,,
2997,2026-08-07,SZ002648,-0.0020532863839969897,EXP_LGBModel_Alpha158_csi300_custom_step0_s_20260807_16,9c5bcdf4aec04a71ab21913383550843,0.04,,,
2998,2026-08-07,SZ002709,0.003747720099093449,EXP_LGBModel_Alpha158_csi300_custom_step0_s_20260807_16,9c5bcdf4aec04a71ab21913383550843,0.04,,,
2999,2026-08-07,SZ002714,3.696797318666924e-12,EXP_LGBModel_Alpha158_csi300_custom_step0_s_20260807_16,9c5bcdf4aec04a71ab21913383550843,0.04,,,
3000,2026-08-07,SZ002736,0.0025511924183876304,EXP_LGBModel_Alpha158_csi300_custom_step0_s_20260807_16,9c5bcdf4aec04a71ab21913383550843,0.04,,,
3001,2026-08-07,SZ002837,3.696797318666924e-12,EXP_LGBModel_Alpha158_csi300_custom_step0_s_20260807_16,9c5bcdf4aec04a71ab21913383550843,0.04,,,
3002,2026-08-07,SZ002916,3.696797318666924e-12,EXP_LGBModel_Alpha158_csi300_custom_step0_s_20260807_16,9c5bcdf4aec04a71ab21913383550843,0.04,,,
3003,2026-08-07,SZ002920,-0.00206619891681689,EXP_LGBModel_Alpha158_csi300_custom_step0_s_20260807_16,9c5bcdf4aec04a71ab21913383550843,0.04,,,
3004,2026-08-07,SZ002938,-0.00206619891681689,EXP_LGBModel_Alpha158_csi300_custom_step0_s_20260807_16,9c5bcdf4aec04a71ab21913383550843,0.04,,,
3005,2026-08-07,SZ003816,-0.00206619891681689,EXP_LGBModel_Alpha158_csi300_custom_step0_s_20260807_16,9c5bcdf4aec04a71ab21913383550843,0.04,,,
3006,2026-08-07,SZ300014,-0.0020532863839969897,EXP_LGBModel_Alpha158_csi300_custom_step0_s_20260807_16,9c5bcdf4aec04a71ab21913383550843,0.04,,,
3007,2026-08-07,SZ300015,-0.00206619891681689,EXP_LGBModel_Alpha158_csi300_custom_step0_s_20260807_16,9c5bcdf4aec04a71ab21913383550843,0.04,,,
3008,2026-08-07,SZ300033,-0.00206619891681689,EXP_LGBModel_Alpha158_csi300_custom_step0_s_20260807_16,9c5bcdf4aec04a71ab21913383550843,0.04,,,
3009,2026-08-07,SZ300059,0.0025511924183876304,EXP_LGBModel_Alpha158_csi300_custom_step0_s_20260807_16,9c5bcdf4aec04a71ab21913383550843,0.04,,,
3010,2026-08-07,SZ300122,-0.00206619891681689,EXP_LGBModel_Alpha158_csi300_custom_step0_s_20260807_16,9c5bcdf4aec04a71ab21913383550843,0.04,,,
3011,2026-08-07,SZ300124,-0.00206619891681689,EXP_LGBModel_Alpha158_csi300_custom_step0_s_20260807_16,9c5bcdf4aec04a71ab21913383550843,0.04,,,
3012,2026-08-07,SZ300251,-0.00206619891681689,EXP_LGBModel_Alpha158_csi300_custom_step0_s_20260807_16,9c5bcdf4aec04a71ab21913383550843,0.04,,,
3013,2026-08-07,SZ002532,-0.00206619891681689,EXP_LGBModel_Alpha158_csi300_custom_step0_s_20260807_16,9c5bcdf4aec04a71ab21913383550843,0.04,,,
3014,2026-08-07,SZ002493,-0.00206619891681689,EXP_LGBModel_Alpha158_csi300_custom_step0_s_20260807_16,9c5bcdf4aec04a71ab21913383550843,0.04,,,
3015,2026-08-07,SZ002475,-0.00206619891681689,EXP_LGBModel_Alpha158_csi300_custom_step0_s_20260807_16,9c5bcdf4aec04a71ab21913383550843,0.04,,,
3016,2026-08-07,SZ002466,0.003747720099093449,EXP_LGBModel_Alpha158_csi300_custom_step0_s_20260807_16,9c5bcdf4aec04a71ab21913383550843,0.04,,,
3017,2026-08-07,SZ002001,3.696797318666924e-12,EXP_LGBModel_Alpha158_csi300_custom_step0_s_20260807_16,9c5bcdf4aec04a71ab21913383550843,0.04,,,
3018,2026-08-07,SZ002027,-0.00206619891681689,EXP_LGBModel_Alpha158_csi300_custom_step0_s_20260807_16,9c5bcdf4aec04a71ab21913383550843,0.04,,,
3019,2026-08-07,SZ002028,-0.00206619891681689,EXP_LGBModel_Alpha158_csi300_custom_step0_s_20260807_16,9c5bcdf4aec04a71ab21913383550843,0.04,,,
3020,2026-08-07,SZ002049,3.696797318666924e-12,EXP_LGBModel_Alpha158_csi300_custom_step0_s_20260807_16,9c5bcdf4aec04a71ab21913383550843,0.04,,,
3021,2026-08-07,SZ002050,-1.2248950246368483e-05,EXP_LGBModel_Alpha158_csi300_custom_step0_s_20260807_16,9c5bcdf4aec04a71ab21913383550843,0.04,,,
3022,2026-08-07,SZ002074,-0.00206619891681689,EXP_LGBModel_Alpha158_csi300_custom_step0_s_20260807_16,9c5bcdf4aec04a71ab21913383550843,0.04,,,
3023,2026-08-07,SZ002142,-0.0020532863839969897,EXP_LGBModel_Alpha158_csi300_custom_step0_s_20260807_16,9c5bcdf4aec04a71ab21913383550843,0.04,,,
3024,2026-08-07,SZ002179,0.003747720099093449,EXP_LGBModel_Alpha158_csi300_custom_step0_s_20260807_16,9c5bcdf4aec04a71ab21913383550843,0.04,,,
3025,2026-08-07,SZ002202,-1.2248950246368483e-05,EXP_LGBModel_Alpha158_csi300_custom_step0_s_20260807_16,9c5bcdf4aec04a71ab21913383550843,0.04,,,
3026,2026-08-07,SZ002230,-0.00206619891681689,EXP_LGBModel_Alpha158_csi300_custom_step0_s_20260807_16,9c5bcdf4aec04a71ab21913383550843,0.04,,,
3027,2026-08-07,SZ300274,0.003747720099093449,EXP_LGBModel_Alpha158_csi300_custom_step0_s_20260807_16,9c5bcdf4aec04a71ab21913383550843,0.04,,,
3028,2026-08-07,SZ002236,-0.0011120504788181404,EXP_LGBModel_Alpha158_csi300_custom_step0_s_20260807_16,9c5bcdf4aec04a71ab21913383550843,0.04,,,
3029,2026-08-07,SZ002304,-0.00206619891681689,EXP_LGBModel_Alpha158_csi300_custom_step0_s_20260807_16,9c5bcdf4aec04a71ab21913383550843,0.04,,,
3030,2026-08-07,SZ002311,3.696797318666924e-12,EXP_LGBModel_Alpha158_csi300_custom_step0_s_20260807_16,9c5bcdf4aec04a71ab21913383550843,0.04,,,
3031,2026-08-07,SZ002352,-0.00206619891681689,EXP_LGBModel_Alpha158_csi300_custom_step0_s_20260807_16,9c5bcdf4aec04a71ab21913383550843,0.04,,,
3032,2026-08-07,SZ002353,-1.2248950246368483e-05,EXP_LGBModel_Alpha158_csi300_custom_step0_s_20260807_16,9c5bcdf4aec04a71ab21913383550843,0.04,,,
3033,2026-08-07,SZ002371,-1.2248950246368483e-05,EXP_LGBModel_Alpha158_csi300_custom_step0_s_20260807_16,9c5bcdf4aec04a71ab21913383550843,0.04,,,
3034,2026-08-07,SZ002384,3.696797318666924e-12,EXP_LGBModel_Alpha158_csi300_custom_step0_s_20260807_16,9c5bcdf4aec04a71ab21913383550843,0.04,,,
3035,2026-08-07,SZ002415,-0.00206619891681689,EXP_LGBModel_Alpha158_csi300_custom_step0_s_20260807_16,9c5bcdf4aec04a71ab21913383550843,0.04,,,
3036,2026-08-07,SZ002422,3.696797318666924e-12,EXP_LGBModel_Alpha158_csi300_custom_step0_s_20260807_16,9c5bcdf4aec04a71ab21913383550843,0.04,,,
3037,2026-08-07,SZ002460,0.003747720099093449,EXP_LGBModel_Alpha158_csi300_custom_step0_s_20260807_16,9c5bcdf4aec04a71ab21913383550843,0.04,,,
3038,2026-08-07,SZ002463,3.696797318666924e-12,EXP_LGBModel_Alpha158_csi300_custom_step0_s_20260807_16,9c5bcdf4aec04a71ab21913383550843,0.04,,,
3039,2026-08-07,SZ002241,0.0016615854288751755,EXP_LGBModel_Alpha158_csi300_custom_step0_s_20260807_16,9c5bcdf4aec04a71ab21913383550843,0.04,,,
3040,2026-08-07,SZ300308,0.003747720099093449,EXP_LGBModel_Alpha158_csi300_custom_step0_s_20260807_16,9c5bcdf4aec04a71ab21913383550843,0.04,,,
3041,2026-08-07,SZ300316,3.696797318666924e-12,EXP_LGBModel_Alpha158_csi300_custom_step0_s_20260807_16,9c5bcdf4aec04a71ab21913383550843,0.04,,,
3042,2026-08-07,SZ300394,3.696797318666924e-12,EXP_LGBModel_Alpha158_csi300_custom_step0_s_20260807_16,9c5bcdf4aec04a71ab21913383550843,0.04,,,
3043,2026-08-07,SH600011,-0.0022392084029454126,EXP_LGBModel_Alpha158_csi300_custom_step0_s_20260807_16,4e70fd1268354f0fa30c8ae7cd6bd4bd,0.149,,,
3044,2026-08-07,SH600015,-1.7987137748309093e-10,EXP_LGBModel_Alpha158_csi300_custom_step0_s_20260807_16,4e70fd1268354f0fa30c8ae7cd6bd4bd,0.149,,,
3045,2026-08-07,SH600016,0.005478242165537257,EXP_LGBModel_Alpha158_csi300_custom_step0_s_20260807_16,4e70fd1268354f0fa30c8ae7cd6bd4bd,0.149,,,
3046,2026-08-07,SH600018,0.0027153106365464777,EXP_LGBModel_Alpha158_csi300_custom_step0_s_20260807_16,4e70fd1268354f0fa30c8ae7cd6bd4bd,0.149,,,
3047,2026-08-07,SH600019,-0.0010148266273821648,EXP_LGBModel_Alpha158_csi300_custom_step0_s_20260807_16,4e70fd1268354f0fa30c8ae7cd6bd4bd,0.149,,,
3048,2026-08-07,SH600023,-1.7987137748309093e-10,EXP_LGBModel_Alpha158_csi300_custom_step0_s_20260807_16,4e70fd1268354f0fa30c8ae7cd6bd4bd,0.149,,,
3049,2026-08-07,SH600025,0.001548185172025783,EXP_LGBModel_Alpha158_csi300_custom_step0_s_20260807_16,4e70fd1268354f0fa30c8ae7cd6bd4bd,0.149,,,
3050,2026-08-07,SH600026,-0.003056584548435228,EXP_LGBModel_Alpha158_csi300_custom_step0_s_20260807_16,4e70fd1268354f0fa30c8ae7cd6bd4bd,0.149,,,
3051,2026-08-07,SH600027,-0.000403600913209337,EXP_LGBModel_Alpha158_csi300_custom_step0_s_20260807_16,4e70fd1268354f0fa30c8ae7cd6bd4bd,0.149,,,
3052,2026-08-07,SH600028,-0.004271330725528847,EXP_LGBModel_Alpha158_csi300_custom_step0_s_20260807_16,4e70fd1268354f0fa30c8ae7cd6bd4bd,0.149,,,
3053,2026-08-07,SH600010,-0.0018611802594985952,EXP_LGBModel_Alpha158_csi300_custom_step0_s_20260807_16,4e70fd1268354f0fa30c8ae7cd6bd4bd,0.149,,,
3054,2026-08-07,SH600029,0.0029079141283637304,EXP_LGBModel_Alpha158_csi300_custom_step0_s_20260807_16,4e70fd1268354f0fa30c8ae7cd6bd4bd,0.149,,,
3055,2026-08-07,SH600031,-0.0022392084029454126,EXP_LGBModel_Alpha158_csi300_custom_step0_s_20260807_16,4e70fd1268354f0fa30c8ae7cd6bd4bd,0.149,,,
3056,2026-08-07,SH600036,0.00022516330075545362,EXP_LGBModel_Alpha158_csi300_custom_step0_s_20260807_16,4e70fd1268354f0fa30c8ae7cd6bd4bd,0.149,,,
3057,2026-08-07,SH600039,-0.004271330725528847,EXP_LGBModel_Alpha158_csi300_custom_step0_s_20260807_16,4e70fd1268354f0fa30c8ae7cd6bd4bd,0.149,,,
3058,2026-08-07,SH600048,-0.00369744158200287,EXP_LGBModel_Alpha158_csi300_custom_step0_s_20260807_16,4e70fd1268354f0fa30c8ae7cd6bd4bd,0.149,,,
3059,2026-08-07,SH600050,-0.003056584548435228,EXP_LGBModel_Alpha158_csi300_custom_step0_s_20260807_16,4e70fd1268354f0fa30c8ae7cd6bd4bd,0.149,,,
3060,2026-08-07,SH600061,0.005478242165537257,EXP_LGBModel_Alpha158_csi300_custom_step0_s_20260807_16,4e70fd1268354f0fa30c8ae7cd6bd4bd,0.149,,,
3061,2026-08-07,SH600066,-1.7987137748309093e-10,EXP_LGBModel_Alpha158_csi300_custom_step0_s_20260807_16,4e70fd1268354f0fa30c8ae7cd6bd4bd,0.149,,,
3062,2026-08-07,SH600085,-0.002831421067808397,EXP_LGBModel_Alpha158_csi300_custom_step0_s_20260807_16,4e70fd1268354f0fa30c8ae7cd6bd4bd,0.149,,,
3063,2026-08-07,SH600089,-0.0016615948348958718,EXP_LGBModel_Alpha158_csi300_custom_step0_s_20260807_16,4e70fd1268354f0fa30c8ae7cd6bd4bd,0.149,,,
3064,2026-08-07,SH600104,-0.005787400659525661,EXP_LGBModel_Alpha158_csi300_custom_step0_s_20260807_16,4e70fd1268354f0fa30c8ae7cd6bd4bd,0.149,,,
3065,2026-08-07,SH600030,0.0027153106365464777,EXP_LGBModel_Alpha158_csi300_custom_step0_s_20260807_16,4e70fd1268354f0fa30c8ae7cd6bd4bd,0.149,,,
3066,2026-08-07,SH600115,0.0010692212761945618,EXP_LGBModel_Alpha158_csi300_custom_step0_s_20260807_16,4e70fd1268354f0fa30c8ae7cd6bd4bd,0.149,,,
3067,2026-08-07,SH600009,-0.0022392084029454126,EXP_LGBModel_Alpha158_csi300_custom_step0_s_20260807_16,4e70fd1268354f0fa30c8ae7cd6bd4bd,0.149,,,
3068,2026-08-07,SZ302132,0.0025511924183876304,EXP_LGBModel_Alpha158_csi300_custom_step0_s_20260807_16,9c5bcdf4aec04a71ab21913383550843,0.04,,,
3069,2026-08-07,SZ300408,0.003747720099093449,EXP_LGBModel_Alpha158_csi300_custom_step0_s_20260807_16,9c5bcdf4aec04a71ab21913383550843,0.04,,,
3070,2026-08-07,SZ300413,-0.00206619891681689,EXP_LGBModel_Alpha158_csi300_custom_step0_s_20260807_16,9c5bcdf4aec04a71ab21913383550843,0.04,,,
3071,2026-08-07,SZ300418,-1.2248950246368483e-05,EXP_LGBModel_Alpha158_csi300_custom_step0_s_20260807_16,9c5bcdf4aec04a71ab21913383550843,0.04,,,
3072,2026-08-07,SZ300433,3.696797318666924e-12,EXP_LGBModel_Alpha158_csi300_custom_step0_s_20260807_16,9c5bcdf4aec04a71ab21913383550843,0.04,,,
3073,2026-08-07,SZ300442,0.003747720099093449,EXP_LGBModel_Alpha158_csi300_custom_step0_s_20260807_16,9c5bcdf4aec04a71ab21913383550843,0.04,,,
3074,2026-08-07,SZ300450,-0.00206619891681689,EXP_LGBModel_Alpha158_csi300_custom_step0_s_20260807_16,9c5bcdf4aec04a71ab21913383550843,0.04,,,
3075,2026-08-07,SZ300476,3.696797318666924e-12,EXP_LGBModel_Alpha158_csi300_custom_step0_s_20260807_16,9c5bcdf4aec04a71ab21913383550843,0.04,,,
3076,2026-08-07,SZ300498,-0.00206619891681689,EXP_LGBModel_Alpha158_csi300_custom_step0_s_20260807_16,9c5bcdf4aec04a71ab21913383550843,0.04,,,
3077,2026-08-07,SZ300502,0.003747720099093449,EXP_LGBModel_Alpha158_csi300_custom_step0_s_20260807_16,9c5bcdf4aec04a71ab21913383550843,0.04,,,
3078,2026-08-07,SZ300628,0.0016615854288751755,EXP_LGBModel_Alpha158_csi300_custom_step0_s_20260807_16,9c5bcdf4aec04a71ab21913383550843,0.04,,,
3079,2026-08-07,SH600000,-0.0022392084029454126,EXP_LGBModel_Alpha158_csi300_custom_step0_s_20260807_16,4e70fd1268354f0fa30c8ae7cd6bd4bd,0.149,,,
3080,2026-08-07,SZ300661,3.696797318666924e-12,EXP_LGBModel_Alpha158_csi300_custom_step0_s_20260807_16,9c5bcdf4aec04a71ab21913383550843,0.04,,,
3081,2026-08-07,SZ300760,-0.00206619891681689,EXP_LGBModel_Alpha158_csi300_custom_step0_s_20260807_16,9c5bcdf4aec04a71ab21913383550843,0.04,,,
3082,2026-08-07,SZ300803,-0.00206619891681689,EXP_LGBModel_Alpha158_csi300_custom_step0_s_20260807_16,9c5bcdf4aec04a71ab21913383550843,0.04,,,
3083,2026-08-07,SZ300832,3.696797318666924e-12,EXP_LGBModel_Alpha158_csi300_custom_step0_s_20260807_16,9c5bcdf4aec04a71ab21913383550843,0.04,,,
3084,2026-08-07,SZ300866,-0.00206619891681689,EXP_LGBModel_Alpha158_csi300_custom_step0_s_20260807_16,9c5bcdf4aec04a71ab21913383550843,0.04,,,
3085,2026-08-07,SZ300896,-0.00206619891681689,EXP_LGBModel_Alpha158_csi300_custom_step0_s_20260807_16,9c5bcdf4aec04a71ab21913383550843,0.04,,,
3086,2026-08-07,SZ300999,3.696797318666924e-12,EXP_LGBModel_Alpha158_csi300_custom_step0_s_20260807_16,9c5bcdf4aec04a71ab21913383550843,0.04,,,
3087,2026-08-07,SZ301165,-1.2248950246368483e-05,EXP_LGBModel_Alpha158_csi300_custom_step0_s_20260807_16,9c5bcdf4aec04a71ab21913383550843,0.04,,,
3088,2026-08-07,SZ301236,-0.00206619891681689,EXP_LGBModel_Alpha158_csi300_custom_step0_s_20260807_16,9c5bcdf4aec04a71ab21913383550843,0.04,,,
3089,2026-08-07,SZ301269,3.696797318666924e-12,EXP_LGBModel_Alpha158_csi300_custom_step0_s_20260807_16,9c5bcdf4aec04a71ab21913383550843,0.04,,,
3090,2026-08-07,SZ301308,3.696797318666924e-12,EXP_LGBModel_Alpha158_csi300_custom_step0_s_20260807_16,9c5bcdf4aec04a71ab21913383550843,0.04,,,
3091,2026-08-07,SZ300750,3.696797318666924e-12,EXP_LGBModel_Alpha158_csi300_custom_step0_s_20260807_16,9c5bcdf4aec04a71ab21913383550843,0.04,,,
3092,2026-08-07,SH601727,-0.0016615948348958718,EXP_LGBModel_Alpha158_csi300_custom_step0_s_20260807_16,4e70fd1268354f0fa30c8ae7cd6bd4bd,0.149,,,
3093,2026-08-07,SH601728,-0.0016615948348958718,EXP_LGBModel_Alpha158_csi300_custom_step0_s_20260807_16,4e70fd1268354f0fa30c8ae7cd6bd4bd,0.149,,,
3094,2026-08-07,SH601766,-0.003056584548435228,EXP_LGBModel_Alpha158_csi300_custom_step0_s_20260807_16,4e70fd1268354f0fa30c8ae7cd6bd4bd,0.149,,,
3095,2026-08-07,SZ002916,-0.00025007770386416994,EXP_LGBModel_Alpha158_csi300_custom_step0_s_20260807_16,4e70fd1268354f0fa30c8ae7cd6bd4bd,0.149,,,
3096,2026-08-07,SZ002920,-0.0007670400463097131,EXP_LGBModel_Alpha158_csi300_custom_step0_s_20260807_16,4e70fd1268354f0fa30c8ae7cd6bd4bd,0.149,,,
3097,2026-08-07,SZ002938,-0.005787400659525661,EXP_LGBModel_Alpha158_csi300_custom_step0_s_20260807_16,4e70fd1268354f0fa30c8ae7cd6bd4bd,0.149,,,
3098,2026-08-07,SZ003816,-0.002730816290961811,EXP_LGBModel_Alpha158_csi300_custom_step0_s_20260807_16,4e70fd1268354f0fa30c8ae7cd6bd4bd,0.149,,,
3099,2026-08-07,SZ300014,-0.0009443419157302412,EXP_LGBModel_Alpha158_csi300_custom_step0_s_20260807_16,4e70fd1268354f0fa30c8ae7cd6bd4bd,0.149,,,
3100,2026-08-07,SZ300015,-0.004970024514035847,EXP_LGBModel_Alpha158_csi300_custom_step0_s_20260807_16,4e70fd1268354f0fa30c8ae7cd6bd4bd,0.149,,,
3101,2026-08-07,SZ300033,-0.004892845870939503,EXP_LGBModel_Alpha158_csi300_custom_step0_s_20260807_16,4e70fd1268354f0fa30c8ae7cd6bd4bd,0.149,,,
3102,2026-08-07,SZ300059,-1.7987137748309093e-10,EXP_LGBModel_Alpha158_csi300_custom_step0_s_20260807_16,4e70fd1268354f0fa30c8ae7cd6bd4bd,0.149,,,
3103,2026-08-07,SZ300122,0.0027036221033335185,EXP_LGBModel_Alpha158_csi300_custom_step0_s_20260807_16,4e70fd1268354f0fa30c8ae7cd6bd4bd,0.149,,,
3104,2026-08-07,SZ300124,-0.004970024514035847,EXP_LGBModel_Alpha158_csi300_custom_step0_s_20260807_16,4e70fd1268354f0fa30c8ae7cd6bd4bd,0.149,,,
3105,2026-08-07,SZ300251,-0.0027806032382345163,EXP_LGBModel_Alpha158_csi300_custom_step0_s_20260807_16,4e70fd1268354f0fa30c8ae7cd6bd4bd,0.149,,,
3106,2026-08-07,SZ300274,0.009946315569108443,EXP_LGBModel_Alpha158_csi300_custom_step0_s_20260807_16,4e70fd1268354f0fa30c8ae7cd6bd4bd,0.149,,,
3107,2026-08-07,SZ300308,0.009946315569108443,EXP_LGBModel_Alpha158_csi300_custom_step0_s_20260807_16,4e70fd1268354f0fa30c8ae7cd6bd4bd,0.149,,,
3108,2026-08-07,SZ300316,-1.7987137748309093e-10,EXP_LGBModel_Alpha158_csi300_custom_step0_s_20260807_16,4e70fd1268354f0fa30c8ae7cd6bd4bd,0.149,,,
3109,2026-08-07,SZ300394,0.004888063012267943,EXP_LGBModel_Alpha158_csi300_custom_step0_s_20260807_16,4e70fd1268354f0fa30c8ae7cd6bd4bd,0.149,,,
3110,2026-08-07,SZ300408,0.004637985488275151,EXP_LGBModel_Alpha158_csi300_custom_step0_s_20260807_16,4e70fd1268354f0fa30c8ae7cd6bd4bd,0.149,,,
3111,2026-08-07,SZ300413,-0.00369744158200287,EXP_LGBModel_Alpha158_csi300_custom_step0_s_20260807_16,4e70fd1268354f0fa30c8ae7cd6bd4bd,0.149,,,
3112,2026-08-07,SZ300418,-1.7987137748309093e-10,EXP_LGBModel_Alpha158_csi300_custom_step0_s_20260807_16,4e70fd1268354f0fa30c8ae7cd6bd4bd,0.149,,,
3113,2026-08-07,SZ300433,0.004637985488275151,EXP_LGBModel_Alpha158_csi300_custom_step0_s_20260807_16,4e70fd1268354f0fa30c8ae7cd6bd4bd,0.149,,,
3114,2026-08-07,SZ300442,0.004637985488275151,EXP_LGBModel_Alpha158_csi300_custom_step0_s_20260807_16,4e70fd1268354f0fa30c8ae7cd6bd4bd,0.149,,,
3115,2026-08-07,SZ300450,-0.0009443419157302412,EXP_LGBModel_Alpha158_csi300_custom_step0_s_20260807_16,4e70fd1268354f0fa30c8ae7cd6bd4bd,0.149,,,
3116,2026-08-07,SZ002837,-0.00025007770386416994,EXP_LGBModel_Alpha158_csi300_custom_step0_s_20260807_16,4e70fd1268354f0fa30c8ae7cd6bd4bd,0.149,,,
3117,2026-08-07,SZ002736,0.005478242165537257,EXP_LGBModel_Alpha158_csi300_custom_step0_s_20260807_16,4e70fd1268354f0fa30c8ae7cd6bd4bd,0.149,,,
3118,2026-08-07,SZ002714,0.0027629313491194024,EXP_LGBModel_Alpha158_csi300_custom_step0_s_20260807_16,4e70fd1268354f0fa30c8ae7cd6bd4bd,0.149,,,
3119,2026-08-07,SZ002709,0.009946315569108443,EXP_LGBModel_Alpha158_csi300_custom_step0_s_20260807_16,4e70fd1268354f0fa30c8ae7cd6bd4bd,0.149,,,
3120,2026-08-07,SZ002236,-1.7987137748309093e-10,EXP_LGBModel_Alpha158_csi300_custom_step0_s_20260807_16,4e70fd1268354f0fa30c8ae7cd6bd4bd,0.149,,,
3121,2026-08-07,SZ002241,-0.0009443419157302412,EXP_LGBModel_Alpha158_csi300_custom_step0_s_20260807_16,4e70fd1268354f0fa30c8ae7cd6bd4bd,0.149,,,
3122,2026-08-07,SZ002304,-0.004075469725449688,EXP_LGBModel_Alpha158_csi300_custom_step0_s_20260807_16,4e70fd1268354f0fa30c8ae7cd6bd4bd,0.149,,,
3123,2026-08-07,SZ002311,0.0003232658347272169,EXP_LGBModel_Alpha158_csi300_custom_step0_s_20260807_16,4e70fd1268354f0fa30c8ae7cd6bd4bd,0.149,,,
3124,2026-08-07,SZ002352,0.002041757741181686,EXP_LGBModel_Alpha158_csi300_custom_step0_s_20260807_16,4e70fd1268354f0fa30c8ae7cd6bd4bd,0.149,,,
3125,2026-08-07,SZ002353,-1.7987137748309093e-10,EXP_LGBModel_Alpha158_csi300_custom_step0_s_20260807_16,4e70fd1268354f0fa30c8ae7cd6bd4bd,0.149,,,
3126,2026-08-07,SZ002371,0.004888063012267943,EXP_LGBModel_Alpha158_csi300_custom_step0_s_20260807_16,4e70fd1268354f0fa30c8ae7cd6bd4bd,0.149,,,
3127,2026-08-07,SZ002384,0.004637985488275151,EXP_LGBModel_Alpha158_csi300_custom_step0_s_20260807_16,4e70fd1268354f0fa30c8ae7cd6bd4bd,0.149,,,
3128,2026-08-07,SZ002415,0.0010692212761945618,EXP_LGBModel_Alpha158_csi300_custom_step0_s_20260807_16,4e70fd1268354f0fa30c8ae7cd6bd4bd,0.149,,,
3129,2026-08-07,SZ002422,-0.005787400659525661,EXP_LGBModel_Alpha158_csi300_custom_step0_s_20260807_16,4e70fd1268354f0fa30c8ae7cd6bd4bd,0.149,,,
3130,2026-08-07,SZ300476,-0.00025007770386416994,EXP_LGBModel_Alpha158_csi300_custom_step0_s_20260807_16,4e70fd1268354f0fa30c8ae7cd6bd4bd,0.149,,,
3131,2026-08-07,SZ002460,0.009946315569108443,EXP_LGBModel_Alpha158_csi300_custom_step0_s_20260807_16,4e70fd1268354f0fa30c8ae7cd6bd4bd,0.149,,,
3132,2026-08-07,SZ002466,0.009946315569108443,EXP_LGBModel_Alpha158_csi300_custom_step0_s_20260807_16,4e70fd1268354f0fa30c8ae7cd6bd4bd,0.149,,,
3133,2026-08-07,SZ002475,-0.003056584548435228,EXP_LGBModel_Alpha158_csi300_custom_step0_s_20260807_16,4e70fd1268354f0fa30c8ae7cd6bd4bd,0.149,,,
3134,2026-08-07,SZ002493,-0.001825496260461964,EXP_LGBModel_Alpha158_csi300_custom_step0_s_20260807_16,4e70fd1268354f0fa30c8ae7cd6bd4bd,0.149,,,
3135,2026-08-07,SZ002532,-1.7987137748309093e-10,EXP_LGBModel_Alpha158_csi300_custom_step0_s_20260807_16,4e70fd1268354f0fa30c8ae7cd6bd4bd,0.149,,,
3136,2026-08-07,SZ002558,-1.7987137748309093e-10,EXP_LGBModel_Alpha158_csi300_custom_step0_s_20260807_16,4e70fd1268354f0fa30c8ae7cd6bd4bd,0.149,,,
3137,2026-08-07,SZ002594,-0.004892845870939503,EXP_LGBModel_Alpha158_csi300_custom_step0_s_20260807_16,4e70fd1268354f0fa30c8ae7cd6bd4bd,0.149,,,
3138,2026-08-07,SZ002600,-1.7987137748309093e-10,EXP_LGBModel_Alpha158_csi300_custom_step0_s_20260807_16,4e70fd1268354f0fa30c8ae7cd6bd4bd,0.149,,,
3139,2026-08-07,SZ002602,-0.003675158026820675,EXP_LGBModel_Alpha158_csi300_custom_step0_s_20260807_16,4e70fd1268354f0fa30c8ae7cd6bd4bd,0.149,,,
3140,2026-08-07,SZ002625,-1.7987137748309093e-10,EXP_LGBModel_Alpha158_csi300_custom_step0_s_20260807_16,4e70fd1268354f0fa30c8ae7cd6bd4bd,0.149,,,
3141,2026-08-07,SZ002648,-0.0022392084029454126,EXP_LGBModel_Alpha158_csi300_custom_step0_s_20260807_16,4e70fd1268354f0fa30c8ae7cd6bd4bd,0.149,,,
3142,2026-08-07,SZ002463,0.004637985488275151,EXP_LGBModel_Alpha158_csi300_custom_step0_s_20260807_16,4e70fd1268354f0fa30c8ae7cd6bd4bd,0.149,,,
3143,2026-08-07,SZ300498,-0.004075469725449688,EXP_LGBModel_Alpha158_csi300_custom_step0_s_20260807_16,4e70fd1268354f0fa30c8ae7cd6bd4bd,0.149,,,
3144,2026-08-07,SZ300502,0.009946315569108443,EXP_LGBModel_Alpha158_csi300_custom_step0_s_20260807_16,4e70fd1268354f0fa30c8ae7cd6bd4bd,0.149,,,
3145,2026-08-07,SZ300628,-1.7987137748309093e-10,EXP_LGBModel_Alpha158_csi300_custom_step0_s_20260807_16,4e70fd1268354f0fa30c8ae7cd6bd4bd,0.149,,,
3146,2026-08-07,SH600029,0.014845044563828605,EXP_DEnsembleModel_Alpha158_csi300_custom_step0_s_20260807_13,6a9110a808eb4a6eb0c7df6953740e59,0.133,,,
3147,2026-08-07,SH600030,0.03184533170539465,EXP_DEnsembleModel_Alpha158_csi300_custom_step0_s_20260807_13,6a9110a808eb4a6eb0c7df6953740e59,0.133,,,
3148,2026-08-07,SH600031,-0.025162318572772072,EXP_DEnsembleModel_Alpha158_csi300_custom_step0_s_20260807_13,6a9110a808eb4a6eb0c7df6953740e59,0.133,,,
3149,2026-08-07,SH600036,0.06267627728235349,EXP_DEnsembleModel_Alpha158_csi300_custom_step0_s_20260807_13,6a9110a808eb4a6eb0c7df6953740e59,0.133,,,
3150,2026-08-07,SH600039,-0.04022068050768868,EXP_DEnsembleModel_Alpha158_csi300_custom_step0_s_20260807_13,6a9110a808eb4a6eb0c7df6953740e59,0.133,,,
3151,2026-08-07,SH600048,-0.097987549736344,EXP_DEnsembleModel_Alpha158_csi300_custom_step0_s_20260807_13,6a9110a808eb4a6eb0c7df6953740e59,0.133,,,
3152,2026-08-07,SH600050,-0.014683946360219968,EXP_DEnsembleModel_Alpha158_csi300_custom_step0_s_20260807_13,6a9110a808eb4a6eb0c7df6953740e59,0.133,,,
3153,2026-08-07,SH600061,0.029566397365668847,EXP_DEnsembleModel_Alpha158_csi300_custom_step0_s_20260807_13,6a9110a808eb4a6eb0c7df6953740e59,0.133,,,
3154,2026-08-07,SH600066,0.01674122682833253,EXP_DEnsembleModel_Alpha158_csi300_custom_step0_s_20260807_13,6a9110a808eb4a6eb0c7df6953740e59,0.133,,,
3155,2026-08-07,SH600085,-0.03143793194737222,EXP_DEnsembleModel_Alpha158_csi300_custom_step0_s_20260807_13,6a9110a808eb4a6eb0c7df6953740e59,0.133,,,
3156,2026-08-07,SH600028,-0.005802508461114516,EXP_DEnsembleModel_Alpha158_csi300_custom_step0_s_20260807_13,6a9110a808eb4a6eb0c7df6953740e59,0.133,,,
3157,2026-08-07,SH600089,0.016865124503264186,EXP_DEnsembleModel_Alpha158_csi300_custom_step0_s_20260807_13,6a9110a808eb4a6eb0c7df6953740e59,0.133,,,
3158,2026-08-07,SH600111,0.07644437569977773,EXP_DEnsembleModel_Alpha158_csi300_custom_step0_s_20260807_13,6a9110a808eb4a6eb0c7df6953740e59,0.133,,,
3159,2026-08-07,SH600115,0.05146496279719983,EXP_DEnsembleModel_Alpha158_csi300_custom_step0_s_20260807_13,6a9110a808eb4a6eb0c7df6953740e59,0.133,,,
3160,2026-08-07,SH600118,0.20792145671979198,EXP_DEnsembleModel_Alpha158_csi300_custom_step0_s_20260807_13,6a9110a808eb4a6eb0c7df6953740e59,0.133,,,
3161,2026-08-07,SH600150,-0.12712282142461911,EXP_DEnsembleModel_Alpha158_csi300_custom_step0_s_20260807_13,6a9110a808eb4a6eb0c7df6953740e59,0.133,,,
3162,2026-08-07,SH600160,0.012780176329023245,EXP_DEnsembleModel_Alpha158_csi300_custom_step0_s_20260807_13,6a9110a808eb4a6eb0c7df6953740e59,0.133,,,
3163,2026-08-07,SH600176,0.17784756866376303,EXP_DEnsembleModel_Alpha158_csi300_custom_step0_s_20260807_13,6a9110a808eb4a6eb0c7df6953740e59,0.133,,,
3164,2026-08-07,SH600183,0.07742175984959886,EXP_DEnsembleModel_Alpha158_csi300_custom_step0_s_20260807_13,6a9110a808eb4a6eb0c7df6953740e59,0.133,,,
3165,2026-08-07,SH600188,-0.1053831672901551,EXP_DEnsembleModel_Alpha158_csi300_custom_step0_s_20260807_13,6a9110a808eb4a6eb0c7df6953740e59,0.133,,,
3166,2026-08-07,SH600196,-0.04766262411495223,EXP_DEnsembleModel_Alpha158_csi300_custom_step0_s_20260807_13,6a9110a808eb4a6eb0c7df6953740e59,0.133,,,
3167,2026-08-07,SH600219,-0.09611876565835875,EXP_DEnsembleModel_Alpha158_csi300_custom_step0_s_20260807_13,6a9110a808eb4a6eb0c7df6953740e59,0.133,,,
3168,2026-08-07,SH600104,-0.010254401230541197,EXP_DEnsembleModel_Alpha158_csi300_custom_step0_s_20260807_13,6a9110a808eb4a6eb0c7df6953740e59,0.133,,,
3169,2026-08-07,SZ002230,-0.0018362615023756524,EXP_LGBModel_Alpha158_csi300_custom_step0_s_20260807_16,4e70fd1268354f0fa30c8ae7cd6bd4bd,0.149,,,
3170,2026-08-07,SH600027,0.05221733432080977,EXP_DEnsembleModel_Alpha158_csi300_custom_step0_s_20260807_13,6a9110a808eb4a6eb0c7df6953740e59,0.133,,,
3171,2026-08-07,SH600025,0.05512780519883891,EXP_DEnsembleModel_Alpha158_csi300_custom_step0_s_20260807_13,6a9110a808eb4a6eb0c7df6953740e59,0.133,,,
3172,2026-08-07,SZ300661,0.004637985488275151,EXP_LGBModel_Alpha158_csi300_custom_step0_s_20260807_16,4e70fd1268354f0fa30c8ae7cd6bd4bd,0.149,,,
3173,2026-08-07,SZ300750,-1.7987137748309093e-10,EXP_LGBModel_Alpha158_csi300_custom_step0_s_20260807_16,4e70fd1268354f0fa30c8ae7cd6bd4bd,0.149,,,
3174,2026-08-07,SZ300760,0.002041757741181686,EXP_LGBModel_Alpha158_csi300_custom_step0_s_20260807_16,4e70fd1268354f0fa30c8ae7cd6bd4bd,0.149,,,
3175,2026-08-07,SZ300803,-0.0027806032382345163,EXP_LGBModel_Alpha158_csi300_custom_step0_s_20260807_16,4e70fd1268354f0fa30c8ae7cd6bd4bd,0.149,,,
3176,2026-08-07,SZ300832,0.00047610241347244243,EXP_LGBModel_Alpha158_csi300_custom_step0_s_20260807_16,4e70fd1268354f0fa30c8ae7cd6bd4bd,0.149,,,
3177,2026-08-07,SZ300866,-0.005787400659525661,EXP_LGBModel_Alpha158_csi300_custom_step0_s_20260807_16,4e70fd1268354f0fa30c8ae7cd6bd4bd,0.149,,,
3178,2026-08-07,SZ300896,-0.0022392084029454126,EXP_LGBModel_Alpha158_csi300_custom_step0_s_20260807_16,4e70fd1268354f0fa30c8ae7cd6bd4bd,0.149,,,
3179,2026-08-07,SZ300999,-0.0022392084029454126,EXP_LGBModel_Alpha158_csi300_custom_step0_s_20260807_16,4e70fd1268354f0fa30c8ae7cd6bd4bd,0.149,,,
3180,2026-08-07,SZ301165,0.009946315569108443,EXP_LGBModel_Alpha158_csi300_custom_step0_s_20260807_16,4e70fd1268354f0fa30c8ae7cd6bd4bd,0.149,,,
3181,2026-08-07,SZ301236,-1.7987137748309093e-10,EXP_LGBModel_Alpha158_csi300_custom_step0_s_20260807_16,4e70fd1268354f0fa30c8ae7cd6bd4bd,0.149,,,
3182,2026-08-07,SH600026,-0.035479450855118395,EXP_DEnsembleModel_Alpha158_csi300_custom_step0_s_20260807_13,6a9110a808eb4a6eb0c7df6953740e59,0.133,,,
3183,2026-08-07,SZ301269,-1.7987137748309093e-10,EXP_LGBModel_Alpha158_csi300_custom_step0_s_20260807_16,4e70fd1268354f0fa30c8ae7cd6bd4bd,0.149,,,
3184,2026-08-07,SZ302132,-1.7987137748309093e-10,EXP_LGBModel_Alpha158_csi300_custom_step0_s_20260807_16,4e70fd1268354f0fa30c8ae7cd6bd4bd,0.149,,,
3185,2026-08-07,SH600000,0.024712592680741087,EXP_DEnsembleModel_Alpha158_csi300_custom_step0_s_20260807_13,6a9110a808eb4a6eb0c7df6953740e59,0.133,,,
3186,2026-08-07,SH600009,-0.011518003993177041,EXP_DEnsembleModel_Alpha158_csi300_custom_step0_s_20260807_13,6a9110a808eb4a6eb0c7df6953740e59,0.133,,,
3187,2026-08-07,SH600010,0.03643662378267882,EXP_DEnsembleModel_Alpha158_csi300_custom_step0_s_20260807_13,6a9110a808eb4a6eb0c7df6953740e59,0.133,,,
3188,2026-08-07,SH600011,0.03417262376137454,EXP_DEnsembleModel_Alpha158_csi300_custom_step0_s_20260807_13,6a9110a808eb4a6eb0c7df6953740e59,0.133,,,
3189,2026-08-07,SH600015,0.055947918581243435,EXP_DEnsembleModel_Alpha158_csi300_custom_step0_s_20260807_13,6a9110a808eb4a6eb0c7df6953740e59,0.133,,,
3190,2026-08-07,SH600016,0.02054386395723042,EXP_DEnsembleModel_Alpha158_csi300_custom_step0_s_20260807_13,6a9110a808eb4a6eb0c7df6953740e59,0.133,,,
3191,2026-08-07,SH600018,0.10815470674852089,EXP_DEnsembleModel_Alpha158_csi300_custom_step0_s_20260807_13,6a9110a808eb4a6eb0c7df6953740e59,0.133,,,
3192,2026-08-07,SH600019,-0.0479671383256022,EXP_DEnsembleModel_Alpha158_csi300_custom_step0_s_20260807_13,6a9110a808eb4a6eb0c7df6953740e59,0.133,,,
3193,2026-08-07,SH600023,0.06123914889498961,EXP_DEnsembleModel_Alpha158_csi300_custom_step0_s_20260807_13,6a9110a808eb4a6eb0c7df6953740e59,0.133,,,
3194,2026-08-07,SZ301308,-0.00025007770386416994,EXP_LGBModel_Alpha158_csi300_custom_step0_s_20260807_16,4e70fd1268354f0fa30c8ae7cd6bd4bd,0.149,,,
3195,2026-08-07,SZ002202,0.004637985488275151,EXP_LGBModel_Alpha158_csi300_custom_step0_s_20260807_16,4e70fd1268354f0fa30c8ae7cd6bd4bd,0.149,,,
3196,2026-08-07,SZ002179,0.009946315569108443,EXP_LGBModel_Alpha158_csi300_custom_step0_s_20260807_16,4e70fd1268354f0fa30c8ae7cd6bd4bd,0.149,,,
3197,2026-08-07,SZ002142,0.0027153106365464777,EXP_LGBModel_Alpha158_csi300_custom_step0_s_20260807_16,4e70fd1268354f0fa30c8ae7cd6bd4bd,0.149,,,
3198,2026-08-07,SH603288,-0.0022392084029454126,EXP_LGBModel_Alpha158_csi300_custom_step0_s_20260807_16,4e70fd1268354f0fa30c8ae7cd6bd4bd,0.149,,,
3199,2026-08-07,SH603296,-0.004892845870939503,EXP_LGBModel_Alpha158_csi300_custom_step0_s_20260807_16,4e70fd1268354f0fa30c8ae7cd6bd4bd,0.149,,,
3200,2026-08-07,SH603369,-0.004075469725449688,EXP_LGBModel_Alpha158_csi300_custom_step0_s_20260807_16,4e70fd1268354f0fa30c8ae7cd6bd4bd,0.149,,,
3201,2026-08-07,SH603392,-1.7987137748309093e-10,EXP_LGBModel_Alpha158_csi300_custom_step0_s_20260807_16,4e70fd1268354f0fa30c8ae7cd6bd4bd,0.149,,,
3202,2026-08-07,SH603501,-1.7987137748309093e-10,EXP_LGBModel_Alpha158_csi300_custom_step0_s_20260807_16,4e70fd1268354f0fa30c8ae7cd6bd4bd,0.149,,,
3203,2026-08-07,SH603799,-1.7987137748309093e-10,EXP_LGBModel_Alpha158_csi300_custom_step0_s_20260807_16,4e70fd1268354f0fa30c8ae7cd6bd4bd,0.149,,,
3204,2026-08-07,SH603893,-0.004892845870939503,EXP_LGBModel_Alpha158_csi300_custom_step0_s_20260807_16,4e70fd1268354f0fa30c8ae7cd6bd4bd,0.149,,,
3205,2026-08-07,SH603986,-0.00025007770386416994,EXP_LGBModel_Alpha158_csi300_custom_step0_s_20260807_16,4e70fd1268354f0fa30c8ae7cd6bd4bd,0.149,,,
3206,2026-08-07,SH603993,-0.0048820806290258145,EXP_LGBModel_Alpha158_csi300_custom_step0_s_20260807_16,4e70fd1268354f0fa30c8ae7cd6bd4bd,0.149,,,
3207,2026-08-07,SH605117,-0.002730816290961811,EXP_LGBModel_Alpha158_csi300_custom_step0_s_20260807_16,4e70fd1268354f0fa30c8ae7cd6bd4bd,0.149,,,
3208,2026-08-07,SH603260,0.009946315569108443,EXP_LGBModel_Alpha158_csi300_custom_step0_s_20260807_16,4e70fd1268354f0fa30c8ae7cd6bd4bd,0.149,,,
3209,2026-08-07,SH605499,-0.002730816290961811,EXP_LGBModel_Alpha158_csi300_custom_step0_s_20260807_16,4e70fd1268354f0fa30c8ae7cd6bd4bd,0.149,,,
3210,2026-08-07,SH688009,-0.0020140449223185817,EXP_LGBModel_Alpha158_csi300_custom_step0_s_20260807_16,4e70fd1268354f0fa30c8ae7cd6bd4bd,0.149,,,
3211,2026-08-07,SH688012,0.009946315569108443,EXP_LGBModel_Alpha158_csi300_custom_step0_s_20260807_16,4e70fd1268354f0fa30c8ae7cd6bd4bd,0.149,,,
3212,2026-08-07,SH688036,-0.005787400659525661,EXP_LGBModel_Alpha158_csi300_custom_step0_s_20260807_16,4e70fd1268354f0fa30c8ae7cd6bd4bd,0.149,,,
3213,2026-08-07,SH688041,0.009946315569108443,EXP_LGBModel_Alpha158_csi300_custom_step0_s_20260807_16,4e70fd1268354f0fa30c8ae7cd6bd4bd,0.149,,,
3214,2026-08-07,SH688047,0.009946315569108443,EXP_LGBModel_Alpha158_csi300_custom_step0_s_20260807_16,4e70fd1268354f0fa30c8ae7cd6bd4bd,0.149,,,
3215,2026-08-07,SH688072,0.009946315569108443,EXP_LGBModel_Alpha158_csi300_custom_step0_s_20260807_16,4e70fd1268354f0fa30c8ae7cd6bd4bd,0.149,,,
3216,2026-08-07,SH688082,0.009946315569108443,EXP_LGBModel_Alpha158_csi300_custom_step0_s_20260807_16,4e70fd1268354f0fa30c8ae7cd6bd4bd,0.149,,,
3217,2026-08-07,SH688111,0.0008781260227429318,EXP_LGBModel_Alpha158_csi300_custom_step0_s_20260807_16,4e70fd1268354f0fa30c8ae7cd6bd4bd,0.149,,,
3218,2026-08-07,SH688126,-0.00025007770386416994,EXP_LGBModel_Alpha158_csi300_custom_step0_s_20260807_16,4e70fd1268354f0fa30c8ae7cd6bd4bd,0.149,,,
3219,2026-08-07,SH688183,0.004637985488275151,EXP_LGBModel_Alpha158_csi300_custom_step0_s_20260807_16,4e70fd1268354f0fa30c8ae7cd6bd4bd,0.149,,,
3220,2026-08-07,SH688008,0.009946315569108443,EXP_LGBModel_Alpha158_csi300_custom_step0_s_20260807_16,4e70fd1268354f0fa30c8ae7cd6bd4bd,0.149,,,
3221,2026-08-07,SH688223,-0.004075469725449688,EXP_LGBModel_Alpha158_csi300_custom_step0_s_20260807_16,4e70fd1268354f0fa30c8ae7cd6bd4bd,0.149,,,
3222,2026-08-07,SH603259,0.0008781260227429318,EXP_LGBModel_Alpha158_csi300_custom_step0_s_20260807_16,4e70fd1268354f0fa30c8ae7cd6bd4bd,0.149,,,
3223,2026-08-07,SH601998,-0.002831421067808397,EXP_LGBModel_Alpha158_csi300_custom_step0_s_20260807_16,4e70fd1268354f0fa30c8ae7cd6bd4bd,0.149,,,
3224,2026-08-07,SH601788,0.005478242165537257,EXP_LGBModel_Alpha158_csi300_custom_step0_s_20260807_16,4e70fd1268354f0fa30c8ae7cd6bd4bd,0.149,,,
3225,2026-08-07,SH601800,-0.0022392084029454126,EXP_LGBModel_Alpha158_csi300_custom_step0_s_20260807_16,4e70fd1268354f0fa30c8ae7cd6bd4bd,0.149,,,
3226,2026-08-07,SH601816,0.00047610241347244243,EXP_LGBModel_Alpha158_csi300_custom_step0_s_20260807_16,4e70fd1268354f0fa30c8ae7cd6bd4bd,0.149,,,
3227,2026-08-07,SH601818,0.0029880948297462333,EXP_LGBModel_Alpha158_csi300_custom_step0_s_20260807_16,4e70fd1268354f0fa30c8ae7cd6bd4bd,0.149,,,
3228,2026-08-07,SH601825,-0.003056584548435228,EXP_LGBModel_Alpha158_csi300_custom_step0_s_20260807_16,4e70fd1268354f0fa30c8ae7cd6bd4bd,0.149,,,
3229,2026-08-07,SH601838,0.00022516330075545362,EXP_LGBModel_Alpha158_csi300_custom_step0_s_20260807_16,4e70fd1268354f0fa30c8ae7cd6bd4bd,0.149,,,
3230,2026-08-07,SH601857,-0.0022392084029454126,EXP_LGBModel_Alpha158_csi300_custom_step0_s_20260807_16,4e70fd1268354f0fa30c8ae7cd6bd4bd,0.149,,,
3231,2026-08-07,SH601868,-0.000403600913209337,EXP_LGBModel_Alpha158_csi300_custom_step0_s_20260807_16,4e70fd1268354f0fa30c8ae7cd6bd4bd,0.149,,,
3232,2026-08-07,SH601872,-0.003056584548435228,EXP_LGBModel_Alpha158_csi300_custom_step0_s_20260807_16,4e70fd1268354f0fa30c8ae7cd6bd4bd,0.149,,,
3233,2026-08-07,SH601877,0.0010692212761945618,EXP_LGBModel_Alpha158_csi300_custom_step0_s_20260807_16,4e70fd1268354f0fa30c8ae7cd6bd4bd,0.149,,,
3234,2026-08-07,SH603019,-0.005787400659525661,EXP_LGBModel_Alpha158_csi300_custom_step0_s_20260807_16,4e70fd1268354f0fa30c8ae7cd6bd4bd,0.149,,,
3235,2026-08-07,SH601878,0.005478242165537257,EXP_LGBModel_Alpha158_csi300_custom_step0_s_20260807_16,4e70fd1268354f0fa30c8ae7cd6bd4bd,0.149,,,
3236,2026-08-07,SH601888,-0.0022392084029454126,EXP_LGBModel_Alpha158_csi300_custom_step0_s_20260807_16,4e70fd1268354f0fa30c8ae7cd6bd4bd,0.149,,,
3237,2026-08-07,SH601898,-0.0018362615023756524,EXP_LGBModel_Alpha158_csi300_custom_step0_s_20260807_16,4e70fd1268354f0fa30c8ae7cd6bd4bd,0.149,,,
3238,2026-08-07,SH601899,-0.0010148266273821648,EXP_LGBModel_Alpha158_csi300_custom_step0_s_20260807_16,4e70fd1268354f0fa30c8ae7cd6bd4bd,0.149,,,
3239,2026-08-07,SH601901,0.0027629313491194024,EXP_LGBModel_Alpha158_csi300_custom_step0_s_20260807_16,4e70fd1268354f0fa30c8ae7cd6bd4bd,0.149,,,
3240,2026-08-07,SH601916,-1.7987137748309093e-10,EXP_LGBModel_Alpha158_csi300_custom_step0_s_20260807_16,4e70fd1268354f0fa30c8ae7cd6bd4bd,0.149,,,
3241,2026-08-07,SH601919,0.00047610241347244243,EXP_LGBModel_Alpha158_csi300_custom_step0_s_20260807_16,4e70fd1268354f0fa30c8ae7cd6bd4bd,0.149,,,
3242,2026-08-07,SH601939,0.00022516330075545362,EXP_LGBModel_Alpha158_csi300_custom_step0_s_20260807_16,4e70fd1268354f0fa30c8ae7cd6bd4bd,0.149,,,
3243,2026-08-07,SH601985,0.005478242165537257,EXP_LGBModel_Alpha158_csi300_custom_step0_s_20260807_16,4e70fd1268354f0fa30c8ae7cd6bd4bd,0.149,,,
3244,2026-08-07,SH601988,0.00022516330075545362,EXP_LGBModel_Alpha158_csi300_custom_step0_s_20260807_16,4e70fd1268354f0fa30c8ae7cd6bd4bd,0.149,,,
3245,2026-08-07,SH601995,-0.0009443419157302412,EXP_LGBModel_Alpha158_csi300_custom_step0_s_20260807_16,4e70fd1268354f0fa30c8ae7cd6bd4bd,0.149,,,
3246,2026-08-07,SH601881,-1.7987137748309093e-10,EXP_LGBModel_Alpha158_csi300_custom_step0_s_20260807_16,4e70fd1268354f0fa30c8ae7cd6bd4bd,0.149,,,
3247,2026-08-07,SH600233,-0.021307658875984944,EXP_DEnsembleModel_Alpha158_csi300_custom_step0_s_20260807_13,6a9110a808eb4a6eb0c7df6953740e59,0.133,,,
3248,2026-08-07,SH688256,0.004888063012267943,EXP_LGBModel_Alpha158_csi300_custom_step0_s_20260807_16,4e70fd1268354f0fa30c8ae7cd6bd4bd,0.149,,,
3249,2026-08-07,SH688303,-0.002730816290961811,EXP_LGBModel_Alpha158_csi300_custom_step0_s_20260807_16,4e70fd1268354f0fa30c8ae7cd6bd4bd,0.149,,,
3250,2026-08-07,SZ000768,-0.0022392084029454126,EXP_LGBModel_Alpha158_csi300_custom_step0_s_20260807_16,4e70fd1268354f0fa30c8ae7cd6bd4bd,0.149,,,
3251,2026-08-07,SZ000776,-0.0027806032382345163,EXP_LGBModel_Alpha158_csi300_custom_step0_s_20260807_16,4e70fd1268354f0fa30c8ae7cd6bd4bd,0.149,,,
3252,2026-08-07,SZ000792,-0.003056584548435228,EXP_LGBModel_Alpha158_csi300_custom_step0_s_20260807_16,4e70fd1268354f0fa30c8ae7cd6bd4bd,0.149,,,
3253,2026-08-07,SZ000807,-1.7987137748309093e-10,EXP_LGBModel_Alpha158_csi300_custom_step0_s_20260807_16,4e70fd1268354f0fa30c8ae7cd6bd4bd,0.149,,,
3254,2026-08-07,SZ000858,-0.004892845870939503,EXP_LGBModel_Alpha158_csi300_custom_step0_s_20260807_16,4e70fd1268354f0fa30c8ae7cd6bd4bd,0.149,,,
3255,2026-08-07,SZ000895,-1.7987137748309093e-10,EXP_LGBModel_Alpha158_csi300_custom_step0_s_20260807_16,4e70fd1268354f0fa30c8ae7cd6bd4bd,0.149,,,
3256,2026-08-07,SZ000938,0.009946315569108443,EXP_LGBModel_Alpha158_csi300_custom_step0_s_20260807_16,4e70fd1268354f0fa30c8ae7cd6bd4bd,0.149,,,
3257,2026-08-07,SZ000963,-0.002632713756990048,EXP_LGBModel_Alpha158_csi300_custom_step0_s_20260807_16,4e70fd1268354f0fa30c8ae7cd6bd4bd,0.149,,,
3258,2026-08-07,SZ000975,-0.00025007770386416994,EXP_LGBModel_Alpha158_csi300_custom_step0_s_20260807_16,4e70fd1268354f0fa30c8ae7cd6bd4bd,0.149,,,
3259,2026-08-07,SZ000977,0.005058252376969123,EXP_LGBModel_Alpha158_csi300_custom_step0_s_20260807_16,4e70fd1268354f0fa30c8ae7cd6bd4bd,0.149,,,
3260,2026-08-07,SZ000725,0.009946315569108443,EXP_LGBModel_Alpha158_csi300_custom_step0_s_20260807_16,4e70fd1268354f0fa30c8ae7cd6bd4bd,0.149,,,
3261,2026-08-07,SZ000988,0.004637985488275151,EXP_LGBModel_Alpha158_csi300_custom_step0_s_20260807_16,4e70fd1268354f0fa30c8ae7cd6bd4bd,0.149,,,
3262,2026-08-07,SZ001280,-0.003675158026820675,EXP_LGBModel_Alpha158_csi300_custom_step0_s_20260807_16,4e70fd1268354f0fa30c8ae7cd6bd4bd,0.149,,,
3263,2026-08-07,SZ001391,-1.7987137748309093e-10,EXP_LGBModel_Alpha158_csi300_custom_step0_s_20260807_16,4e70fd1268354f0fa30c8ae7cd6bd4bd,0.149,,,
3264,2026-08-07,SZ001965,-0.002831421067808397,EXP_LGBModel_Alpha158_csi300_custom_step0_s_20260807_16,4e70fd1268354f0fa30c8ae7cd6bd4bd,0.149,,,
3265,2026-08-07,SZ001979,-0.0018611802594985952,EXP_LGBModel_Alpha158_csi300_custom_step0_s_20260807_16,4e70fd1268354f0fa30c8ae7cd6bd4bd,0.149,,,
3266,2026-08-07,SZ002001,0.00047610241347244243,EXP_LGBModel_Alpha158_csi300_custom_step0_s_20260807_16,4e70fd1268354f0fa30c8ae7cd6bd4bd,0.149,,,
3267,2026-08-07,SZ002027,-0.004591996370589029,EXP_LGBModel_Alpha158_csi300_custom_step0_s_20260807_16,4e70fd1268354f0fa30c8ae7cd6bd4bd,0.149,,,
3268,2026-08-07,SZ002028,-0.0018362615023756524,EXP_LGBModel_Alpha158_csi300_custom_step0_s_20260807_16,4e70fd1268354f0fa30c8ae7cd6bd4bd,0.149,,,
3269,2026-08-07,SZ002049,0.005058252376969123,EXP_LGBModel_Alpha158_csi300_custom_step0_s_20260807_16,4e70fd1268354f0fa30c8ae7cd6bd4bd,0.149,,,
3270,2026-08-07,SZ002050,-0.0009443419157302412,EXP_LGBModel_Alpha158_csi300_custom_step0_s_20260807_16,4e70fd1268354f0fa30c8ae7cd6bd4bd,0.149,,,
3271,2026-08-07,SZ002074,-0.0027806032382345163,EXP_LGBModel_Alpha158_csi300_custom_step0_s_20260807_16,4e70fd1268354f0fa30c8ae7cd6bd4bd,0.149,,,
3272,2026-08-07,SZ000999,0.0027629313491194024,EXP_LGBModel_Alpha158_csi300_custom_step0_s_20260807_16,4e70fd1268354f0fa30c8ae7cd6bd4bd,0.149,,,
3273,2026-08-07,SH688271,-0.004970024514035847,EXP_LGBModel_Alpha158_csi300_custom_step0_s_20260807_16,4e70fd1268354f0fa30c8ae7cd6bd4bd,0.149,,,
3274,2026-08-07,SZ000708,0.00022516330075545362,EXP_LGBModel_Alpha158_csi300_custom_step0_s_20260807_16,4e70fd1268354f0fa30c8ae7cd6bd4bd,0.149,,,
3275,2026-08-07,SZ000651,-0.0020140449223185817,EXP_LGBModel_Alpha158_csi300_custom_step0_s_20260807_16,4e70fd1268354f0fa30c8ae7cd6bd4bd,0.149,,,
3276,2026-08-07,SH688396,0.004637985488275151,EXP_LGBModel_Alpha158_csi300_custom_step0_s_20260807_16,4e70fd1268354f0fa30c8ae7cd6bd4bd,0.149,,,
3277,2026-08-07,SH688472,-0.002730816290961811,EXP_LGBModel_Alpha158_csi300_custom_step0_s_20260807_16,4e70fd1268354f0fa30c8ae7cd6bd4bd,0.149,,,
3278,2026-08-07,SH688506,-0.004892845870939503,EXP_LGBModel_Alpha158_csi300_custom_step0_s_20260807_16,4e70fd1268354f0fa30c8ae7cd6bd4bd,0.149,,,
3279,2026-08-07,SH688521,0.004637985488275151,EXP_LGBModel_Alpha158_csi300_custom_step0_s_20260807_16,4e70fd1268354f0fa30c8ae7cd6bd4bd,0.149,,,
3280,2026-08-07,SH688981,0.009946315569108443,EXP_LGBModel_Alpha158_csi300_custom_step0_s_20260807_16,4e70fd1268354f0fa30c8ae7cd6bd4bd,0.149,,,
3281,2026-08-07,SZ000001,-0.0022392084029454126,EXP_LGBModel_Alpha158_csi300_custom_step0_s_20260807_16,4e70fd1268354f0fa30c8ae7cd6bd4bd,0.149,,,
3282,2026-08-07,SZ000002,-0.0027806032382345163,EXP_LGBModel_Alpha158_csi300_custom_step0_s_20260807_16,4e70fd1268354f0fa30c8ae7cd6bd4bd,0.149,,,
3283,2026-08-07,SZ000063,-0.0009443419157302412,EXP_LGBModel_Alpha158_csi300_custom_step0_s_20260807_16,4e70fd1268354f0fa30c8ae7cd6bd4bd,0.149,,,
3284,2026-08-07,SZ000100,-0.003675158026820675,EXP_LGBModel_Alpha158_csi300_custom_step0_s_20260807_16,4e70fd1268354f0fa30c8ae7cd6bd4bd,0.149,,,
3285,2026-08-07,SZ000157,-0.0020140449223185817,EXP_LGBModel_Alpha158_csi300_custom_step0_s_20260807_16,4e70fd1268354f0fa30c8ae7cd6bd4bd,0.149,,,
3286,2026-08-07,SZ000657,-0.00025007770386416994,EXP_LGBModel_Alpha158_csi300_custom_step0_s_20260807_16,4e70fd1268354f0fa30c8ae7cd6bd4bd,0.149,,,
3287,2026-08-07,SZ000166,0.005478242165537257,EXP_LGBModel_Alpha158_csi300_custom_step0_s_20260807_16,4e70fd1268354f0fa30c8ae7cd6bd4bd,0.149,,,
3288,2026-08-07,SZ000333,0.0003232658347272169,EXP_LGBModel_Alpha158_csi300_custom_step0_s_20260807_16,4e70fd1268354f0fa30c8ae7cd6bd4bd,0.149,,,
3289,2026-08-07,SZ000338,-0.003056584548435228,EXP_LGBModel_Alpha158_csi300_custom_step0_s_20260807_16,4e70fd1268354f0fa30c8ae7cd6bd4bd,0.149,,,
3290,2026-08-07,SZ000408,0.004745380024386582,EXP_LGBModel_Alpha158_csi300_custom_step0_s_20260807_16,4e70fd1268354f0fa30c8ae7cd6bd4bd,0.149,,,
3291,2026-08-07,SZ000425,-0.005787400659525661,EXP_LGBModel_Alpha158_csi300_custom_step0_s_20260807_16,4e70fd1268354f0fa30c8ae7cd6bd4bd,0.149,,,
3292,2026-08-07,SZ000538,0.0029880948297462333,EXP_LGBModel_Alpha158_csi300_custom_step0_s_20260807_16,4e70fd1268354f0fa30c8ae7cd6bd4bd,0.149,,,
3293,2026-08-07,SZ000568,-0.004064704483535999,EXP_LGBModel_Alpha158_csi300_custom_step0_s_20260807_16,4e70fd1268354f0fa30c8ae7cd6bd4bd,0.149,,,
3294,2026-08-07,SZ000596,-0.0022392084029454126,EXP_LGBModel_Alpha158_csi300_custom_step0_s_20260807_16,4e70fd1268354f0fa30c8ae7cd6bd4bd,0.149,,,
3295,2026-08-07,SZ000617,-0.0007670400463097131,EXP_LGBModel_Alpha158_csi300_custom_step0_s_20260807_16,4e70fd1268354f0fa30c8ae7cd6bd4bd,0.149,,,
3296,2026-08-07,SZ000625,-0.004892845870939503,EXP_LGBModel_Alpha158_csi300_custom_step0_s_20260807_16,4e70fd1268354f0fa30c8ae7cd6bd4bd,0.149,,,
3297,2026-08-07,SZ000630,-1.7987137748309093e-10,EXP_LGBModel_Alpha158_csi300_custom_step0_s_20260807_16,4e70fd1268354f0fa30c8ae7cd6bd4bd,0.149,,,
3298,2026-08-07,SZ000301,-0.003056584548435228,EXP_LGBModel_Alpha158_csi300_custom_step0_s_20260807_16,4e70fd1268354f0fa30c8ae7cd6bd4bd,0.149,,,
3299,2026-08-07,SZ302132,-0.024969903752207756,EXP_XGBModel_Alpha158_csi300_custom_step0_s_20260807_13,a208273b295d49d28edfebe804c6005f,0.052,,,
