,instrument,avg_score,pos_ratio,real_label,error,abs_error,code,name,datetime,KMID,KLEN,KMID2,KUP,KUP2,KLOW,KLOW2,KSFT,KSFT2,OPEN0,HIGH0,LOW0,VWAP0,ROC5,ROC10,ROC20,ROC30,ROC60,MA5,MA10,MA20,MA30,MA60,STD5,STD10,STD20,STD30,STD60,BETA5,BETA10,BETA20,BETA30,BETA60,RSQR5,RSQR10,RSQR20,RSQR30,RSQR60,RESI5,RESI10,RESI20,RESI30,RESI60,MAX5,MAX10,MAX20,MAX30,MAX60,MIN5,MIN10,MIN20,MIN30,MIN60,QTLU5,QTLU10,QTLU20,QTLU30,QTLU60,QTLD5,QTLD10,QTLD20,QTLD30,QTLD60,RANK5,RANK10,RANK20,RANK30,RANK60,RSV5,RSV10,RSV20,RSV30,RSV60,IMAX5,IMAX10,IMAX20,IMAX30,IMAX60,IMIN5,IMIN10,IMIN20,IMIN30,IMIN60,IMXD5,IMXD10,IMXD20,IMXD30,IMXD60,CORR5,CORR10,CORR20,CORR30,CORR60,CORD5,CORD10,CORD20,CORD30,CORD60,CNTP5,CNTP10,CNTP20,CNTP30,CNTP60,CNTN5,CNTN10,CNTN20,CNTN30,CNTN60,CNTD5,CNTD10,CNTD20,CNTD30,CNTD60,SUMP5,SUMP10,SUMP20,SUMP30,SUMP60,SUMN5,SUMN10,SUMN20,SUMN30,SUMN60,SUMD5,SUMD10,SUMD20,SUMD30,SUMD60,VMA5,VMA10,VMA20,VMA30,VMA60,VSTD5,VSTD10,VSTD20,VSTD30,VSTD60,WVMA5,WVMA10,WVMA20,WVMA30,WVMA60,VSUMP5,VSUMP10,VSUMP20,VSUMP30,VSUMP60,VSUMN5,VSUMN10,VSUMN20,VSUMN30,VSUMN60,VSUMD5,VSUMD10,VSUMD20,VSUMD30,VSUMD60
0,SZ300274,0.09046552412309872,1.0,,,,,,2026-09-16,0.0,0.02641467,0.0,0.0023480318,0.08889121,0.024066638,0.9111088,0.021718606,0.8222176,1.0,1.0023481,0.9759334,0.9900213,1.0213612,1.01432,1.308868,1.2708318,1.8173245,0.9975785,1.0142963,1.1067241,1.1899359,1.293142,0.0075141042,0.019320967,0.12829292,0.1606825,0.2078736,-0.0017840663,-0.005387638,-0.019299792,-0.016592434,-0.0095521,0.14093132,0.71277195,0.7920781,0.82638955,0.64401925,0.005989651,0.0099480795,0.07662388,0.050654326,-0.011354993,1.0295808,1.0549431,1.3762559,1.4347191,1.8814192,0.9758149,0.9758149,0.9758149,0.9758149,0.9758149,1.0017602,1.032703,1.2896192,1.3462309,1.3976737,0.9907943,0.9962845,1.0070411,1.019953,1.0690978,0.8,0.4,0.2,0.13333334,0.06666667,0.44982207,0.3056447,0.06039616,0.05270185,0.026706034,0.2,0.2,0.15,0.13333334,0.06666667,0.4,0.7,0.85,0.9,0.95,-0.2,-0.5,-0.7,-0.76666665,-0.8833333,-0.5036883,0.24275416,-0.27562186,0.07952788,0.31294528,-0.23271102,-0.05611641,-0.65927076,-0.3139979,-0.26513138,0.4,0.5,0.35,0.36666667,0.4,0.6,0.5,0.65,0.6333333,0.6,-0.2,0.0,-0.3,-0.26666668,-0.2,0.30132696,0.4297384,0.20245671,0.34406212,0.31688905,0.69867307,0.5702616,0.7975433,0.6559379,0.68311095,-0.39734608,-0.14052317,-0.5950866,-0.3118758,-0.36622193,0.9376128,0.9713054,1.1831814,1.271438,1.4447827,0.15570118,0.15662505,0.6914886,0.63324624,0.642937,0.5580941,0.5576958,2.2564547,1.9274054,1.7515149,0.58777857,0.42834076,0.48804992,0.49377748,0.49281415,0.41222143,0.57165927,0.5119501,0.50622255,0.5071858,0.17555714,-0.14331847,-0.02390018,-0.012445037,-0.0143716745
1,SH688126,0.06623408693380034,0.6111111111111112,,,,SH688126,沪硅产业,2026-09-16,0.08870594,0.09693644,0.9150939,0.0068586874,0.07075448,0.0013718087,0.01415163,0.083219066,0.85849106,0.91852164,1.0062999,0.91726166,0.9739805,0.94847095,0.98491824,1.1214914,1.0712191,1.3678256,0.9424382,0.952367,0.98896104,1.0272169,1.157897,0.03313385,0.026503252,0.04393002,0.06766485,0.22036186,0.011059908,-0.0024146016,-0.0061457586,-0.0067381114,-0.01047554,0.2785475,0.07608588,0.6850089,0.7685141,0.68925476,0.035442002,0.058498718,0.06942367,0.07048575,0.15113148,1.0062999,1.0062999,1.107445,1.2217542,1.8427955,0.9023152,0.9023152,0.9023152,0.9023152,0.9023152,0.9524089,0.974026,1.030331,1.0873063,1.4094679,0.9214914,0.92769164,0.94687897,0.9565983,0.98592377,1.0,1.0,0.55,0.36666667,0.23333333,0.9394155,0.9394155,0.4762096,0.305801,0.103866905,1.0,1.0,0.05,0.3,0.083333336,0.4,0.7,0.85,0.9,0.95,0.6,0.3,-0.8,-0.6,-0.8666667,0.8267693,0.5417976,0.6358325,0.83709896,0.80882335,0.78554976,0.5265172,0.39890307,0.4395906,0.28177235,0.2,0.2,0.35,0.43333334,0.43333334,0.8,0.8,0.65,0.56666666,0.56666666,-0.6,-0.6,-0.3,-0.13333334,-0.13333334,0.741176,0.54000014,0.3662362,0.45334798,0.43576238,0.258824,0.45999986,0.6337638,0.546652,0.5642376,0.48235202,0.08000025,-0.26752755,-0.09330404,-0.12847523,0.5068659,0.4651123,0.5629353,0.7523239,1.2524867,0.2840761,0.20217332,0.25037065,0.39151537,0.7235665,1.9135389,1.8996297,1.702173,1.1912386,1.2623953,0.8269768,0.70561177,0.43265182,0.46452504,0.4658962,0.17302325,0.29438823,0.5673482,0.53547496,0.5341038,0.6539535,0.41122356,-0.13469638,-0.070949934,-0.06820762
2,SH600886,0.06542622355256628,1.0,,,,SH600886,国投电力,2026-09-16,-0.0048076627,0.021291208,-0.22580509,0.0061813965,0.29032627,0.010302148,0.48386866,-0.000686912,-0.032262705,1.0048308,1.0110421,0.9896481,0.99790096,0.99171597,0.97860247,0.97031844,0.9857188,0.87774616,0.999854,0.99157363,0.97521776,0.97340137,0.96311826,0.0020352919,0.009660118,0.019591127,0.018240804,0.041056734,0.00089895667,0.0027354073,0.0028591584,0.0009376782,0.0013422254,0.4877128,0.73500544,0.74546224,0.20479597,0.32597324,-0.0016519707,-0.003882962,-0.0023797592,0.013002281,-0.002713924,1.0110421,1.0110421,1.0110421,1.0110421,1.0317001,0.98756796,0.9675614,0.9344291,0.9344291,0.8544174,1.0010948,1.0001363,0.9979199,0.99171597,0.9983359,0.9979199,0.9832932,0.9598278,0.95858455,0.9283994,0.6,0.8,0.9,0.93333334,0.81666666,0.52960443,0.74604493,0.8558712,0.8558712,0.82118875,1.0,1.0,1.0,1.0,0.43333334,0.2,0.5,0.35,0.56666666,0.05,0.8,0.5,0.65,0.43333334,0.38333333,-0.75331163,-0.36413002,-0.4222721,-0.32680267,0.11939543,-0.70739806,0.10410064,-0.07049448,-0.047501415,0.09848445,0.6,0.6,0.55,0.53333336,0.55,0.2,0.2,0.35,0.4,0.4,0.4,0.4,0.2,0.13333334,0.15,0.800527,0.74615175,0.5955813,0.5293383,0.6067513,0.19947305,0.25384822,0.40441868,0.4706617,0.39324868,0.6010539,0.49230352,0.19116263,0.05867658,0.21350262,0.99321043,1.0742649,1.168042,1.2211523,1.7020442,0.073806055,0.21279699,0.3004937,0.28265572,0.7943288,0.8224624,1.1695948,1.0269948,0.9816012,0.9630585,0.46798873,0.37781063,0.43538514,0.4525199,0.48603722,0.5320113,0.62218934,0.56461483,0.5474801,0.51396275,-0.064022526,-0.24437873,-0.1292297,-0.094960235,-0.02792553
3,SH600018,0.0647313645622176,1.0,,,,SH600018,上港集团,2026-09-16,0.0,0.014652055,0.0,0.0054945564,0.37500244,0.009157498,0.62499756,0.0036629422,0.24999513,1.0,1.0054946,0.9908425,0.9990637,1.0073841,1.0094937,0.9472574,0.9472574,0.8649789,1.0044304,1.0022153,0.98517936,0.97028834,0.9424051,0.0046221456,0.007247926,0.024765639,0.029624186,0.044029746,-0.0027426267,0.00026211,0.0033271476,0.0029237834,0.0022757142,0.8802096,0.011988119,0.63170326,0.75491697,0.81478477,0.0010548367,-0.003394732,-0.016787264,-0.012683219,-0.009538667,1.0171013,1.0262643,1.0262643,1.0262643,1.0262643,0.9908425,0.98400855,0.9433728,0.9251615,0.8279128,1.0073841,1.008228,1.007806,1.0029536,0.97341776,1.0016878,0.9964135,0.95886075,0.94493675,0.9082279,0.2,0.4,0.6,0.73333335,0.8666667,0.34874114,0.37844393,0.6831482,0.74022156,0.86758685,0.2,0.1,0.55,0.7,0.85,1.0,0.4,0.05,0.26666668,0.05,-0.8,-0.3,0.5,0.43333334,0.8,-0.099474825,-0.4111298,0.4255339,0.59481704,0.062270515,-0.025273565,-0.31717342,0.7189449,0.7120947,0.60655415,0.2,0.4,0.5,0.46666667,0.51666665,0.6,0.5,0.4,0.43333334,0.35,-0.4,-0.1,0.1,0.033333335,0.16666667,0.26666546,0.41818184,0.65243894,0.6201922,0.6461187,0.73333454,0.58181816,0.3475611,0.3798078,0.3538813,-0.46666908,-0.1636363,0.30487782,0.24038441,0.2922374,0.9233407,1.106646,1.2281295,1.1020634,1.2069916,0.07952623,0.2161493,0.65538055,0.56843436,0.47633165,0.64777035,0.992441,2.5852213,2.8448205,2.1674097,0.4046729,0.2669652,0.4943759,0.49126345,0.49595731,0.5953271,0.7330348,0.50562406,0.50873655,0.5040427,-0.1906542,-0.46606958,-0.011248167,-0.017473076,-0.008085365
4,SH688041,0.06422088897627272,0.9444444444444444,,,,SH688041,海光信息,2026-09-16,0.044937298,0.060049783,0.74833405,0.010756507,0.17912649,0.0043559778,0.07253945,0.03853677,0.641747,0.95699525,1.010294,0.95282656,0.9873221,1.0030081,1.0515612,1.1048595,1.2286998,1.433928,0.97548616,1.000428,1.0169026,1.0816832,1.2283968,0.021168454,0.032449074,0.037355043,0.10074449,0.1861791,-0.00036012713,-0.009022737,-0.002930779,-0.009911005,-0.010101192,0.00072355807,0.7087342,0.21544464,0.7500574,0.8978075,0.025234068,0.040174384,0.010939874,0.062026452,0.069588326,1.010294,1.0692738,1.1145747,1.2708216,1.6809238,0.9390687,0.9390687,0.9390687,0.9390687,0.9390687,0.990747,1.0332246,1.0473922,1.2174046,1.4435877,0.9546075,0.97677416,0.9823582,0.988171,1.042681,1.0,0.5,0.4,0.26666668,0.13333334,0.8554736,0.46796393,0.34717515,0.18366475,0.0821337,1.0,0.2,0.05,0.06666667,0.2,0.6,0.8,0.9,0.93333334,0.96666664,0.4,-0.6,-0.85,-0.8666667,-0.76666665,0.45572641,-0.097986765,0.10400767,-0.015054393,0.7314657,0.6256807,0.4294065,0.1532824,0.11944134,0.23670138,0.4,0.2,0.25,0.3,0.38333333,0.6,0.8,0.75,0.7,0.6166667,-0.2,-0.6,-0.5,-0.4,-0.23333333,0.484964,0.32648987,0.37269822,0.3283952,0.40396804,0.515036,0.67351013,0.62730175,0.6716048,0.59603196,-0.030072004,-0.34702027,-0.25460356,-0.34320962,-0.19206394,0.8361249,0.84050107,0.9917894,0.9958605,1.3751001,0.14514561,0.1959832,0.30557433,0.29164577,0.54954576,0.9987532,1.0851389,1.3646425,1.3015369,1.0049479,0.5757266,0.56482357,0.45550135,0.47445425,0.45951396,0.42427337,0.43517646,0.5444986,0.5255458,0.54048604,0.15145326,0.12964709,-0.0889973,-0.051091507,-0.0809721
5,SH600016,0.06333848213527503,0.9444444444444444,,,,SH600016,民生银行,2026-09-16,0.0,0.019553075,0.0,0.00558662,0.2857157,0.013966454,0.7142843,0.008379834,0.4285686,1.0,1.0055866,0.98603356,0.99649453,0.9839002,0.9730945,0.9271158,0.9514831,0.907535,0.99847704,0.9876786,0.96822107,0.9579496,0.94167936,0.0067901528,0.012806137,0.025238289,0.026410667,0.03595512,0.0029516222,0.004022968,0.0038602194,0.0023555874,0.001605141,0.4723919,0.9046244,0.8187894,0.6165119,0.60786164,-0.004380288,-0.0057819397,-0.004893132,0.007894404,0.010968983,1.014002,1.014002,1.014002,1.014002,1.014002,0.9784746,0.9649658,0.9190009,0.91364,0.8516577,1.0028284,1.0006818,0.9892668,0.9839002,0.9736312,0.9973167,0.9752411,0.94441944,0.93631154,0.90931904,0.4,0.7,0.85,0.9,0.95,0.6058825,0.71445644,0.8526127,0.8604855,0.9137515,0.8,0.9,0.95,0.96666664,0.98333335,0.2,0.2,0.05,0.26666668,0.083333336,0.6,0.7,0.9,0.7,0.9,0.6454895,0.10938518,0.40581504,0.53106403,0.2650414,0.82017064,0.5227524,0.4767006,0.4526665,0.3723688,0.6,0.6,0.55,0.43333334,0.5,0.2,0.3,0.35,0.4,0.4,0.4,0.3,0.2,0.033333335,0.1,0.8700008,0.8107203,0.713739,0.6093495,0.5892232,0.1299992,0.18927966,0.28626105,0.39065048,0.4107768,0.7400016,0.6214407,0.42747793,0.21869902,0.1784464,1.1286839,1.1136088,1.0900525,1.0091851,1.098068,0.38068673,0.26973832,0.37482223,0.35016212,0.33388212,1.5766453,1.2412674,1.4422504,1.5559534,1.1192474,0.53067946,0.5072354,0.5057559,0.4874158,0.47915307,0.46932054,0.49276456,0.4942441,0.5125842,0.5208469,0.061358914,0.014470856,0.011511795,-0.025168395,-0.04169384
6,SH601916,0.06195129038595228,0.8888888888888888,,,,SH601916,浙商银行,2026-09-16,-0.0034013826,0.013605391,-0.25000256,0.003401313,0.24999744,0.0068026953,0.5,0.0,0.0,1.003413,1.0068259,0.9931741,0.99842596,1.009434,1.014151,0.9929245,1.0023584,0.9787736,1.009434,1.0096698,1.0056604,1.0017296,0.98522013,0.007075477,0.0057179593,0.00969114,0.010024111,0.031390794,-0.0033018894,-0.0006432252,0.00054263056,0.00068210013,0.0013498247,0.54444444,0.11599931,0.10973037,0.35884446,0.5639622,-0.0028301908,-0.0067753056,-0.010815372,-0.011620013,-0.025039956,1.0207307,1.0278095,1.0278095,1.0278095,1.0451347,0.9931741,0.9931741,0.9756153,0.9756153,0.8877781,1.0165094,1.0146227,1.014151,1.014151,1.009434,1.0056604,1.0061321,0.9995283,0.9924528,0.9599056,0.2,0.1,0.275,0.46666667,0.6333333,0.24770483,0.19707869,0.46719113,0.46719113,0.7131693,0.4,0.1,0.55,0.7,0.48333332,1.0,1.0,0.3,0.53333336,0.083333336,-0.6,-0.9,0.25,0.16666667,0.4,-0.018156776,-0.06973907,-0.10544408,0.18392934,-0.075683795,-0.30222547,-0.4729166,0.026649231,0.05213556,0.10773659,0.4,0.3,0.4,0.4,0.48333332,0.6,0.4,0.35,0.4,0.4,-0.2,-0.1,0.05,0.0,0.083333336,0.3888889,0.3846154,0.5205479,0.49462366,0.5163636,0.6111111,0.61538464,0.47945204,0.50537634,0.48363635,-0.22222222,-0.23076923,0.04109589,-0.010752688,0.032727294,1.0485787,1.0921631,1.2534789,1.1478858,1.2832197,0.11826996,0.18874806,0.45605707,0.41188252,0.39111105,0.19291288,0.7700394,1.379982,1.4915204,1.1592776,0.5812401,0.42385557,0.50349754,0.47341675,0.488635,0.41875988,0.57614446,0.49650243,0.52658325,0.511365,0.16248026,-0.15228885,0.0069951224,-0.053166483,-0.022730017
7,SH600023,0.06043771935119187,0.9444444444444444,,,,SH600023,浙能电力,2026-09-16,0.013861361,0.019802045,0.6999965,0.0039604884,0.20000401,0.0019801946,0.099999495,0.011881067,0.599992,0.9863281,1.0039064,0.984375,0.9972231,0.98053753,0.9592216,0.9471734,0.9647822,1.0009269,0.9862836,0.97386473,0.96547735,0.964566,0.9755021,0.010431971,0.017031973,0.015109021,0.013260995,0.020403069,0.0065801595,0.005100115,0.0019908433,0.0006241086,-0.0004904053,0.9946724,0.8219427,0.60767245,0.17166029,0.17620535,0.00055607257,0.003184765,0.015609668,0.02638443,0.03896491,1.0039064,1.0039064,1.0039064,1.0039064,1.0194626,0.961005,0.94522035,0.94522035,0.94522035,0.9138091,0.99406856,0.98665434,0.98053753,0.9731233,0.9935126,0.9790547,0.96107507,0.95366085,0.95366085,0.9555144,1.0,1.0,1.0,1.0,0.8666667,0.90894604,0.9334365,0.9334365,0.9334365,0.8157888,1.0,1.0,1.0,1.0,0.1,0.4,0.3,0.65,0.33333334,0.25,0.6,0.7,0.35,0.6666667,-0.15,0.71750367,0.2494588,0.58863866,0.5515124,0.32276782,0.9178731,0.6881413,0.39413851,0.35056508,-0.12126274,0.8,0.7,0.65,0.53333336,0.5,0.2,0.3,0.3,0.4,0.43333334,0.6,0.4,0.35,0.13333334,0.06666667,0.78378373,0.7340427,0.68627465,0.5931374,0.49923193,0.2162163,0.26595727,0.31372538,0.40686262,0.50076807,0.5675674,0.46808547,0.37254927,0.18627478,-0.0015361587,0.83640414,0.91849124,0.698602,0.6160063,0.763064,0.12701927,0.2475395,0.2936288,0.26854083,0.3244708,0.2790174,0.8507537,1.0780799,1.1755743,2.226532,0.28582138,0.59010607,0.57249796,0.5235381,0.5082051,0.7141786,0.40989393,0.427502,0.47646192,0.4917949,-0.4283572,0.18021215,0.14499599,0.04707617,0.016410196
8,SH600674,0.06041944813396816,0.9444444444444444,,,,SH600674,川投能源,2026-09-16,-0.00062422536,0.018102426,-0.034482967,0.014357074,0.7931022,0.003121127,0.17241484,-0.011860173,-0.6551703,1.0006247,1.0149907,0.9968769,1.0038779,0.9893728,1.0012549,0.97126913,0.93567586,0.86395556,1.000502,0.99163175,0.9825772,0.97054195,0.9483894,0.0028717527,0.010213492,0.0147972265,0.021944905,0.045664348,0.0007476366,0.0028313396,0.002070756,0.0023199464,0.0020689385,0.16944435,0.7044446,0.6854333,0.86614424,0.6260953,-0.0019972606,-0.004372746,-0.0022493987,-0.004181161,-0.009423109,1.0149907,1.0149907,1.0149907,1.0149907,1.0149907,0.98625857,0.96688753,0.9512928,0.9250414,0.83489704,1.0027556,1.000502,1.0,0.9907506,0.9850204,0.9992524,0.9835091,0.9711463,0.948279,0.9091239,0.5,0.75,0.825,0.8833333,0.94166666,0.4782607,0.68836427,0.76465994,0.83334327,0.9167619,1.0,1.0,1.0,1.0,1.0,0.2,0.3,0.15,0.06666667,0.05,0.8,0.7,0.85,0.93333334,0.95,-0.6428907,-0.054462377,0.27030513,-0.15575092,-0.05398243,-0.42329082,-0.10107002,0.51048094,0.35011926,0.19973615,0.6,0.5,0.5,0.56666666,0.56666666,0.4,0.5,0.5,0.43333334,0.43333334,0.2,0.0,0.0,0.13333334,0.13333334,0.70772535,0.4905208,0.5809755,0.624086,0.61683106,0.29227462,0.5094792,0.41902453,0.37591398,0.38316894,0.41545075,-0.018958395,0.16195095,0.24817204,0.23366211,0.6837524,0.65359116,0.6864769,0.73518735,0.9615387,0.20813797,0.17291851,0.1918263,0.20050089,0.41466615,0.6035156,0.80965203,0.8190748,0.7181032,1.1071608,0.7361724,0.4625003,0.50491405,0.4714012,0.5096464,0.26382762,0.53749967,0.49508595,0.5285988,0.4903536,0.47234476,-0.07499936,0.009828092,-0.05719755,0.01929278
9,SZ301165,0.057773377076527216,0.6666666666666666,,,,,,2026-09-16,0.05503043,0.07664947,0.7179493,0.0061768573,0.08058577,0.015442183,0.20146497,0.06429576,0.83882844,0.94784,1.0058547,0.9332032,0.9788687,0.9763058,1.0724663,1.0806382,1.024732,0.5924853,0.9586129,0.97521186,1.0217096,1.0674536,0.98662513,0.02485354,0.03025362,0.058512524,0.09858552,0.1522791,0.006662922,-0.0056861388,-0.007707093,-0.0076854103,0.0047721514,0.17967719,0.32381102,0.6072277,0.47098765,0.29953513,0.028061217,0.050375767,0.051507767,0.04398486,-0.12740363,1.0058547,1.0981712,1.1703904,1.3243916,1.3243916,0.9181101,0.9181101,0.9181101,0.9181101,0.5551387,0.97039086,0.9947423,1.0678312,1.126937,1.0985299,0.94099796,0.9470685,0.9710826,0.9771705,0.9047907,1.0,0.9,0.45,0.3,0.53333336,0.933276,0.45478958,0.3245991,0.20155957,0.578303,1.0,0.1,0.4,0.3,0.65,0.6,0.8,0.9,0.93333334,0.033333335,0.4,-0.7,-0.5,-0.6333333,0.6166667,0.78900135,0.6195213,0.7901031,0.7675436,0.23709428,0.7655886,0.34534752,0.35669437,0.40267727,0.45332792,0.4,0.3,0.4,0.46666667,0.55,0.6,0.7,0.6,0.53333336,0.45,-0.2,-0.4,-0.2,-0.06666667,0.1,0.62398195,0.34406406,0.43185967,0.4893036,0.5709212,0.37601808,0.65593594,0.5681403,0.5106964,0.42907882,0.24796388,-0.3118719,-0.13628067,-0.021392802,0.14184237,0.5877722,0.66420996,0.82670593,1.090292,1.3994408,0.24189726,0.20767793,0.26318815,0.45333508,0.5674409,1.6011461,1.2197953,1.1139861,1.2980365,1.0506881,0.7091978,0.55214167,0.43539235,0.43423417,0.51428837,0.2908022,0.44785833,0.5646077,0.5657658,0.4857116,0.4183956,0.10428331,-0.12921533,-0.13153164,0.028576776
10,SZ003816,0.057258395337715214,1.0,,,,,,2026-09-16,-0.0023255919,0.020930244,-0.11111155,0.0069766925,0.3333307,0.011627959,0.5555578,0.002325675,0.11111553,1.002331,1.009324,0.9883449,0.9981241,1.0019493,1.0077972,0.9122807,0.92982453,0.90838206,1.0058479,1.0077972,0.98157895,0.95808965,0.9387264,0.004358789,0.008219048,0.041561,0.048040383,0.044693116,-0.00097465067,-0.0014413144,0.005556288,0.0047048163,0.0019284107,0.12499893,0.28189394,0.62555516,0.74331707,0.56782913,-0.003898636,-0.001311341,-0.03436367,-0.026309486,0.004385455,1.0256824,1.0416533,1.0416533,1.0416533,1.0416533,0.9883449,0.9883449,0.89240676,0.8916513,0.862558,1.008577,1.0128654,1.0077972,1.0042884,0.99532163,1.0031189,1.0015594,0.95633525,0.9060429,0.8986355,0.2,0.15,0.475,0.65,0.825,0.31215438,0.21863474,0.72090936,0.72231495,0.76742375,0.6,0.1,0.55,0.7,0.85,1.0,1.0,0.1,0.26666668,0.16666667,-0.4,-0.9,0.45,0.43333334,0.68333334,0.4544979,0.62075174,0.4118784,0.4914244,0.37645563,0.3641211,0.38110122,0.58678585,0.37685356,0.30560052,0.6,0.5,0.65,0.6,0.55,0.4,0.5,0.35,0.4,0.43333334,0.2,0.0,0.3,0.2,0.11666667,0.4545465,0.44444472,0.7184467,0.62000006,0.5736677,0.5454535,0.5555553,0.28155333,0.37999994,0.4263323,-0.09090697,-0.11111058,0.43689334,0.24000011,0.14733543,1.1045786,1.1558444,1.2256341,1.1285484,1.135384,0.19651528,0.2582939,0.3981944,0.38022316,0.3314883,0.2937651,1.0236791,1.4675189,1.3854265,1.1041111,0.59278494,0.47875458,0.47359738,0.47917604,0.5019453,0.4072151,0.5212454,0.5264026,0.52082396,0.49805468,0.18556982,-0.042490818,-0.052805226,-0.041647933,0.0038906357
11,SH601985,0.05627443004146263,1.0,,,,SH601985,中国核电,2026-09-16,0.00886916,0.01884699,0.47058758,0.0066519217,0.35294342,0.0033259091,0.17646898,0.0055431477,0.29411313,0.9912088,1.0065935,0.9879121,0.99888843,0.9929763,0.9894645,0.9631256,0.9692713,0.9508341,0.99596137,0.9935031,0.98331875,0.9784314,0.9752415,0.0033776062,0.007543447,0.013643039,0.013286362,0.014878296,-2.0429898e-08,0.00030861158,0.0019222761,0.001190866,0.00044632444,9.1464884e-11,0.0153425,0.694828,0.6226089,0.27446997,0.0040386436,0.0051081395,-0.0015803606,0.0043010386,0.011591958,1.0076982,1.0076982,1.0076982,1.0076982,1.0127699,0.9857258,0.9760669,0.9558811,0.9558811,0.9391612,0.9985953,0.9985953,0.996137,0.9933275,0.9929763,0.9940299,0.98928887,0.9726076,0.9669887,0.96136963,1.0,0.9,0.95,0.96666664,0.98333335,0.64964205,0.7566275,0.85143524,0.85143524,0.82651633,0.6,0.8,0.9,0.93333334,0.46666667,0.8,0.4,0.1,0.4,0.15,-0.2,0.4,0.8,0.53333336,0.31666666,0.82221895,0.42159238,0.5745969,0.53083116,0.22401015,0.8790629,0.43756402,0.6198182,0.5875574,0.35055402,0.6,0.6,0.55,0.53333336,0.48333332,0.4,0.4,0.45,0.46666667,0.48333332,0.2,0.2,0.1,0.06666667,0.0,0.6538446,0.5731701,0.6399997,0.58974355,0.55599993,0.3461554,0.42682984,0.3600003,0.41025642,0.44400004,0.30768922,0.14634028,0.27999938,0.17948715,0.11199991,0.7004244,0.85027474,0.7983043,0.766862,0.9504215,0.17936018,0.38829267,0.35269108,0.31707555,0.3667313,0.9022611,1.0888488,1.1664057,1.2310408,1.1891923,0.7066389,0.40341064,0.5452065,0.44693798,0.47689578,0.29336113,0.5965894,0.45479354,0.553062,0.52310425,0.41327778,-0.19317873,0.09041294,-0.10612404,-0.046208445
12,SH601288,0.055968096893027605,0.9444444444444444,,,,SH601288,农业银行,2026-09-16,0.0,0.014534879,0.0,0.0072674803,0.5000028,0.0072673988,0.4999972,-8.1847446e-08,-5.6311064e-06,1.0,1.0072675,0.9927326,0.99886435,0.9898284,1.0260649,0.9841068,0.94214875,0.9218055,1.0086459,1.0018436,1.0007629,0.98313206,0.9577347,0.0072567915,0.011472291,0.0129919145,0.028637571,0.046742283,-0.002797202,0.0010980723,0.0007561806,0.002688302,0.0021794038,0.3714483,0.08397944,0.118569456,0.6829445,0.6630639,-0.003051502,-0.0067849555,-0.007946612,-0.022112416,-0.022027118,1.0307968,1.0317892,1.0318782,1.0318782,1.0336936,0.9914552,0.974112,0.96366554,0.92479455,0.8416047,1.0142404,1.0118245,1.0118245,1.0063573,1.001653,1.0025429,0.9898284,0.9893198,0.9441831,0.9145582,0.2,0.4,0.55,0.7,0.76666665,0.21719475,0.4488429,0.5326639,0.70230514,0.82459384,0.4,0.1,0.5,0.6666667,0.43333334,0.2,0.4,0.05,0.16666667,0.13333334,0.2,-0.3,0.45,0.5,0.3,0.6727067,0.13601632,-0.008679561,-0.36609456,-0.08627111,0.4464372,-0.24672188,0.0011094668,0.25887355,0.21475065,0.6,0.5,0.55,0.53333336,0.5,0.4,0.5,0.4,0.43333334,0.45,0.2,0.0,0.15,0.1,0.05,0.6111104,0.38797793,0.54152834,0.60133636,0.5537118,0.38888958,0.61202204,0.4584717,0.3986636,0.4462882,0.22222084,-0.22404413,0.08305663,0.20267276,0.10742359,1.3487129,1.3776633,1.5484481,1.7370343,1.9403622,0.35710257,0.31517217,0.38682505,0.50866276,0.55799323,0.76079977,0.80218685,0.8498342,0.9818878,1.0195931,0.48935986,0.4480132,0.38718176,0.43666866,0.47598153,0.51064014,0.5519868,0.61281824,0.5633313,0.52401847,-0.021280268,-0.10397362,-0.22563645,-0.12666266,-0.048036948
13,SZ002353,0.055133182029734766,0.8333333333333334,,,,,,2026-09-16,-0.0059647397,0.050120093,-0.11900895,0.014248983,0.2842968,0.029906372,0.59669423,0.009692649,0.19338849,1.0060005,1.020335,0.9699142,0.98899645,1.0462971,1.02857,1.2527345,1.2401633,1.3246486,0.9988834,1.0206779,1.0828489,1.1368237,1.1675711,0.013621934,0.025049606,0.08753988,0.11205832,0.123519965,-0.0018173226,-0.0064333794,-0.013500818,-0.010643472,-0.0039746296,0.044496566,0.6046276,0.8324848,0.6991657,0.31580493,0.0047512413,0.00827227,0.045408823,0.017506683,-0.050319478,1.0334176,1.0977465,1.3087506,1.4192028,1.4699024,0.96182835,0.96182835,0.96182835,0.96182835,0.873997,1.0080155,1.044436,1.1509799,1.221766,1.269379,0.9891702,0.998251,1.0143163,1.0310388,1.0458318,0.6,0.3,0.15,0.1,0.083333336,0.5332039,0.28084308,0.11002945,0.08345824,0.21144798,0.8,0.4,0.1,0.3,0.13333334,0.6,0.8,0.9,0.93333334,0.31666666,0.2,-0.4,-0.8,-0.6333333,-0.18333334,0.6822729,0.54397064,0.034727264,0.24033017,-0.030375961,0.58248746,0.46095416,0.015396604,-0.024072543,-0.048448324,0.2,0.4,0.25,0.33333334,0.41666666,0.8,0.6,0.75,0.6666667,0.5833333,-0.6,-0.2,-0.5,-0.33333334,-0.16666667,0.2600392,0.37743416,0.1730299,0.35288373,0.44368204,0.7399608,0.62256587,0.8269701,0.6471163,0.556318,-0.47992158,-0.2451317,-0.6539402,-0.29423258,-0.11263593,0.92890775,1.0309305,1.0384171,1.0794322,1.1958811,0.1377686,0.25331017,0.28078657,0.3310028,0.4424909,0.59302783,0.96205276,1.0346975,1.2079191,1.0378723,0.45367056,0.547541,0.44523242,0.48495123,0.5007325,0.54632944,0.45245895,0.55476755,0.5150488,0.49926755,-0.09265888,0.09508208,-0.10953513,-0.030097572,0.0014649297
14,SH601169,0.054785113975661645,0.8888888888888888,,,,SH601169,北京银行,2026-09-16,-0.007092245,0.019503536,-0.36363894,0.0053191376,0.27272683,0.0070921527,0.36363423,-0.00531923,-0.27273157,1.0071429,1.0125,0.9928572,1.0000209,0.9876671,0.98937994,0.89654,0.89825284,0.8437821,1.006098,0.99753344,0.96485096,0.9406532,0.9128983,0.006866204,0.011338986,0.040680908,0.04800933,0.049190044,-0.00020554906,0.0024001584,0.0062576784,0.0050414954,0.0024363375,0.0022404622,0.41071707,0.8281581,0.8546124,0.7482045,-0.0056868885,-0.008334124,-0.024298934,-0.013754897,0.015229768,1.0161744,1.0161744,1.0161744,1.0161744,1.0161744,0.98576456,0.9748464,0.8912319,0.8820787,0.82193226,1.0113738,1.0078794,1.0,0.99116135,0.9600549,0.99965745,0.98903733,0.91599864,0.89448446,0.8820829,0.4,0.65,0.825,0.8833333,0.94166666,0.46811932,0.608633,0.87054527,0.8793817,0.91673076,0.6,0.8,0.9,0.93333334,0.96666664,0.2,0.3,0.05,0.26666668,0.06666667,0.4,0.5,0.85,0.6666667,0.9,0.62375224,-0.09596553,0.47377616,0.6900531,0.54624474,0.91419613,0.41858232,0.6111566,0.60406363,0.5278578,0.4,0.4,0.55,0.46666667,0.51666665,0.6,0.5,0.35,0.4,0.36666667,-0.2,-0.1,0.2,0.06666667,0.15,0.6046509,0.55115515,0.7157143,0.68539333,0.65199995,0.39534906,0.44884488,0.2842857,0.3146067,0.34800005,0.20930189,0.102310255,0.4314286,0.3707866,0.30399987,1.1659118,1.2870282,1.3266741,1.0921829,1.0128514,0.18530402,0.37636292,0.7717735,0.7150256,0.5331033,0.6756178,0.8100024,1.8526858,2.2127934,2.065731,0.5621502,0.38762906,0.50633824,0.49711078,0.50007665,0.43784982,0.61237097,0.49366176,0.5028892,0.49992335,0.124300376,-0.22474189,0.012676457,-0.005778458,0.00015331915
15,SH601658,0.050432731171742934,0.9444444444444444,,,,SH601658,邮储银行,2026-09-16,0.003724434,0.013035339,0.2857182,0.0018621273,0.14285223,0.007448778,0.57142955,0.009311085,0.7142955,0.9962894,1.0018553,0.98886824,0.9951756,1.0013351,1.0320427,0.92389846,0.91989315,0.894526,1.0074766,1.006008,0.979773,0.95910096,0.94419223,0.0069116834,0.0056028594,0.038901463,0.043375406,0.037849657,-0.0040053255,-0.00026701807,0.00526115,0.0042964225,0.0015638523,0.83955276,0.020819644,0.6401733,0.76037633,0.5206758,0.00053404697,-0.0048063933,-0.029753927,-0.021399114,0.009674137,1.0292255,1.0403522,1.0403522,1.0403522,1.0403522,0.98886824,0.9870129,0.9132821,0.9086929,0.8747733,1.0133511,1.0112149,1.0112149,1.0064085,0.9807743,1.0,1.0,0.9332443,0.91989315,0.91428566,0.3,0.2,0.5,0.6666667,0.8333333,0.27583072,0.24347995,0.682441,0.69351006,0.7562958,0.6,0.1,0.55,0.7,0.85,1.0,0.3,0.05,0.26666668,0.05,-0.4,-0.2,0.5,0.43333334,0.8,0.39788023,0.12385747,0.48084888,0.6189516,0.5281197,0.8011511,0.2152698,0.6101321,0.6147087,0.52946776,0.2,0.2,0.4,0.4,0.45,0.4,0.6,0.45,0.43333334,0.43333334,-0.2,-0.4,-0.05,-0.033333335,0.016666668,0.473684,0.25999907,0.6792455,0.6612905,0.59899753,0.526316,0.74000096,0.32075453,0.33870944,0.40100244,-0.05263195,-0.48000187,0.35849094,0.32258108,0.19799511,1.1070672,1.3052013,1.4511158,1.2472705,1.207457,0.12713839,0.41380343,0.83436143,0.74966246,0.55923754,1.1090989,1.246243,2.0216062,2.371969,2.013091,0.6177111,0.25634164,0.48676628,0.48700702,0.48880795,0.38228887,0.74365836,0.5132337,0.512993,0.5111921,0.23542227,-0.4873167,-0.026467465,-0.025985954,-0.022384115
16,SH601998,0.049270717785651834,0.8333333333333334,,,,SH601998,中信银行,2026-09-16,-0.0144444285,0.026666643,-0.54166657,0.0044444287,0.16666622,0.007777786,0.29166722,-0.011111071,-0.41666555,1.0146562,1.0191656,0.9921082,0.9998892,1.003212,0.9989293,0.9197002,0.8511777,0.81049246,1.006638,1.0018201,0.98755354,0.9466452,0.8897662,0.0044403393,0.008244026,0.021399805,0.06263666,0.07611268,-0.000749466,0.0017195505,0.0031962947,0.006642404,0.004116463,0.07122158,0.3988068,0.780804,0.87155575,0.8921424,-0.0051391646,-0.009558086,-0.017918307,-0.04296008,-0.011201864,1.0224583,1.0224583,1.0224583,1.0224583,1.0224583,0.9921082,0.9787802,0.9052102,0.8331149,0.77231354,1.0088865,1.0071734,1.0046039,1.0023555,0.9864026,1.0047109,0.99796575,0.97334045,0.8672376,0.8240899,0.2,0.3,0.65,0.76666665,0.8833333,0.260025,0.48582223,0.80845493,0.88138855,0.91021883,0.8,0.9,0.95,0.96666664,0.98333335,1.0,0.3,0.05,0.06666667,0.083333336,-0.2,0.6,0.9,0.9,0.9,-0.1652717,-0.6376052,-0.7087517,0.20837624,-0.12490693,-0.23469177,-0.47839224,-0.16280247,0.36074346,0.29350635,0.6,0.5,0.65,0.6333333,0.6,0.4,0.5,0.35,0.3,0.33333334,0.2,0.0,0.3,0.33333334,0.26666668,0.43181825,0.5065791,0.7205885,0.77254915,0.66921604,0.56818175,0.4934209,0.27941152,0.22745083,0.33078396,-0.13636349,0.013158199,0.44117698,0.54509836,0.33843204,0.82927245,0.94386506,1.209573,1.1277238,1.2028844,0.16034734,0.25723928,0.39089027,0.39196885,0.33014637,1.0951807,0.9494896,0.8769911,1.2877584,1.0635135,0.91613775,0.47925383,0.4075238,0.4853748,0.48134127,0.08386225,0.5207462,0.5924762,0.5146252,0.51865876,0.8322755,-0.04149235,-0.18495238,-0.029250365,-0.03731746
17,SH600900,0.049183995184752735,0.9444444444444444,,,,SH600900,长江电力,2026-09-16,0.0,0.011595222,0.0,0.004216435,0.36363554,0.0073787873,0.63636446,0.0031623526,0.27272895,1.0,1.0042164,0.9926212,0.99774766,0.9855869,1.0090982,0.99855864,0.9754076,0.90847665,0.9987929,0.99352306,0.99232495,0.9903312,0.980829,0.0070407316,0.009918174,0.0086691165,0.008706545,0.0326582,0.002765535,0.001366518,0.0005395442,0.00048634308,0.0010942719,0.38571158,0.1740118,0.13557275,0.24182178,0.34242526,-0.0043239347,0.00032759883,0.002549353,0.0026168658,-0.013110037,1.013324,1.013324,1.0136659,1.0136659,1.038972,0.98140603,0.9708481,0.9708481,0.9666145,0.8931116,1.00227,1.0002702,0.9997117,0.9987028,1.00227,0.99711734,0.9843257,0.9855869,0.98409146,0.9630664,0.6,0.8,0.85,0.9,0.78333336,0.5825552,0.6863163,0.6808359,0.70955396,0.73281276,0.6,0.8,0.5,0.6666667,0.41666666,0.2,0.4,0.7,0.06666667,0.033333335,0.4,0.4,-0.2,0.6,0.38333333,0.29240456,-0.2714119,0.040809453,0.025976997,0.0049063717,0.72853446,-0.09000617,0.087975524,0.20447476,0.12811957,0.6,0.5,0.55,0.53333336,0.55,0.4,0.5,0.45,0.43333334,0.43333334,0.2,0.0,0.1,0.1,0.11666667,0.77397245,0.42877355,0.5060061,0.56687903,0.5851779,0.22602756,0.5712265,0.4939939,0.43312097,0.4148221,0.5479449,-0.14245291,0.012012198,0.13375805,0.17035577,1.4973527,1.5528345,1.5697398,1.5854658,2.0847192,0.75228804,0.67402405,0.5269224,0.47819334,0.796834,1.3432802,1.3855731,1.2177402,1.0894076,1.1161208,0.47040707,0.424706,0.4468787,0.4392805,0.48470366,0.52959293,0.575294,0.5531213,0.5607195,0.51529634,-0.059185892,-0.15058798,-0.10624262,-0.12143895,-0.03059271
18,SH601006,0.04795244857450868,0.7777777777777778,,,,SH601006,大秦铁路,2026-09-16,-0.010482151,0.014674971,-0.7142877,0.0,0.0,0.00419282,0.2857123,-0.0062893312,-0.42857537,1.0105932,1.0105932,0.99576277,1.0000076,1.0210117,1.0194553,1.0108949,1.0194553,0.9937743,1.0132296,1.0163424,1.0123736,1.0107652,1.006965,0.008821627,0.007337053,0.009630575,0.009758628,0.025464166,-0.0050583608,-0.0017167842,0.00062490965,0.00032115277,0.000682658,0.82198185,0.5018796,0.14736627,0.083935864,0.21920341,-0.00311285,-0.008616893,-0.018310184,-0.015421954,-0.027103404,1.0255109,1.0318213,1.0318213,1.0318213,1.0719413,0.99576277,0.99576277,0.9855121,0.9855121,0.9297876,1.0197666,1.0214787,1.0210117,1.0197666,1.0233464,1.0068482,1.0135409,1.0068482,1.0,0.9911284,0.2,0.1,0.175,0.2,0.35833332,0.14243712,0.11751006,0.31285232,0.31285232,0.4939192,0.8,0.1,0.55,0.7,0.43333334,1.0,1.0,0.15,0.43333334,0.05,-0.2,-0.9,0.4,0.26666668,0.38333333,-0.39029634,-0.2859495,-0.3064594,0.029554244,0.08483699,0.24840607,0.09785732,-0.1405411,-0.0589082,0.014559966,0.2,0.3,0.4,0.4,0.48333332,0.6,0.4,0.35,0.43333334,0.43333334,-0.4,-0.1,0.05,-0.033333335,0.05,0.09091199,0.28070235,0.45569637,0.44541472,0.5056657,0.909088,0.71929765,0.54430366,0.5545853,0.49433428,-0.81817603,-0.43859527,-0.08860726,-0.10917053,0.011331436,1.0074453,0.9790584,1.04826,1.0309879,1.1087798,0.18023303,0.14509095,0.2895214,0.26157376,0.28336748,0.9338218,0.95091623,1.4464747,1.3298815,1.0032488,0.57284987,0.5341625,0.4962834,0.46411276,0.5065702,0.4271501,0.46583748,0.5037166,0.53588724,0.4934298,0.14569977,0.068325035,-0.007433183,-0.07177449,0.01314041
19,SH600887,0.04764062976115422,1.0,,,,SH600887,伊利股份,2026-09-16,-0.0060928934,0.01675558,-0.36363366,0.0015232648,0.09091089,0.009139423,0.54545546,0.0015232648,0.09091089,1.0061302,1.0076629,0.99080455,0.9976072,1.0134108,1.0180099,0.9666662,1.010346,0.9348669,1.014714,1.0169746,1.0097141,1.0024021,0.9958186,0.011515935,0.008966086,0.016076438,0.01941117,0.034283914,-0.0048657404,-0.0015302899,0.0015841172,0.0012387185,0.0010328208,0.44631296,0.26702568,0.33983102,0.31560472,0.27680182,-0.004982557,-0.010088242,-0.02476329,-0.020363538,-0.026286816,1.0318037,1.0352491,1.0352491,1.0352491,1.0613037,0.99080455,0.99080455,0.95938665,0.957854,0.9103467,1.0229136,1.0229136,1.0199237,1.0177039,1.0229136,1.0052129,1.0120319,0.99846804,0.9875879,0.96298856,0.2,0.1,0.275,0.4,0.48333332,0.22428347,0.20689707,0.53535503,0.54455656,0.5938996,0.6,0.3,0.65,0.76666665,0.43333334,1.0,1.0,0.05,0.33333334,0.083333336,-0.4,-0.7,0.6,0.43333334,0.35,0.9778922,0.7497853,0.26452133,0.17348063,0.3121362,0.93506587,0.61805815,0.43090782,0.29108077,0.1333061,0.6,0.4,0.55,0.43333334,0.55,0.4,0.6,0.4,0.53333336,0.4,0.2,-0.2,0.15,-0.1,0.15,0.34783465,0.3743258,0.60431546,0.47576016,0.5547669,0.65216535,0.6256742,0.39568454,0.52423984,0.4452331,-0.3043307,-0.2513484,0.20863095,-0.04847968,0.1095338,1.146209,1.2666903,1.4833881,1.394557,1.5225537,0.123509735,0.26244214,0.54752284,0.48862034,0.4911764,0.7953438,0.8547481,0.94594026,0.99238753,1.149027,0.42133975,0.31674814,0.45303717,0.48682156,0.48647895,0.57866025,0.68325186,0.54696286,0.51317847,0.513521,-0.15732053,-0.36650372,-0.093925655,-0.026356902,-0.027042078
20,SH601939,0.046785023488474214,1.0,,,,SH601939,建设银行,2026-09-16,-0.0045871288,0.018348662,-0.249998,0.0055045984,0.3,0.008256935,0.45000198,-0.0018347928,-0.099996,1.0046083,1.0101383,0.991705,0.9992051,0.9971035,1.0267922,0.97212166,0.9178131,0.89608973,1.0111513,1.0045257,0.99793625,0.98048514,0.95170164,0.009027482,0.012419763,0.017990846,0.02997763,0.046036262,-0.0026430085,0.0010642257,0.0018571047,0.003031207,0.0023030578,0.21429096,0.06730577,0.37293887,0.7923887,0.76332486,-0.005865309,-0.009314711,-0.01557876,-0.024437638,-0.019641846,1.0331117,1.0348536,1.0348536,1.0348536,1.0348536,0.991705,0.9724487,0.9593515,0.9094568,0.8443816,1.0172338,1.012672,1.012672,1.0096307,0.9976828,1.0057929,0.995076,0.9822592,0.9482259,0.90876174,0.2,0.4,0.55,0.7,0.825,0.20032972,0.44149202,0.5383758,0.7220533,0.81701446,0.6,0.1,0.55,0.7,0.85,1.0,0.4,0.05,0.033333335,0.13333334,-0.4,-0.3,0.5,0.6666667,0.71666664,0.4620334,-0.05654201,-0.04532746,-0.4734508,0.013549874,0.3360001,-0.47089145,-0.17320445,-0.036243755,0.2418016,0.6,0.5,0.6,0.6666667,0.5833333,0.4,0.5,0.35,0.3,0.4,0.2,0.0,0.25,0.36666667,0.18333334,0.5285715,0.37987044,0.57196265,0.65442175,0.57258475,0.4714285,0.6201296,0.42803738,0.34557825,0.42741522,0.05714298,-0.24025914,0.14392526,0.30884352,0.14516954,1.2980942,1.286285,1.3481966,1.4789168,1.6182345,0.1846528,0.25513923,0.24845247,0.3540348,0.52295315,0.47122312,0.795727,0.94385475,0.865067,1.1188184,0.5059555,0.46900776,0.4269143,0.4274204,0.48914027,0.4940445,0.5309922,0.5730857,0.57257956,0.5108597,0.011910978,-0.06198447,-0.1461714,-0.14515917,-0.021719456
21,SH600027,0.046656731586703075,0.9444444444444444,,,,SH600027,华电国际,2026-09-16,0.0041067204,0.0143737085,0.28571057,0.004106814,0.28571707,0.006160174,0.42857236,0.006160081,0.42856586,0.99591005,1.0040901,0.9897751,0.9973631,1.0017301,0.9550173,0.9204152,0.96539795,0.9282008,1.0,0.99455017,0.9676038,0.95905423,0.9531142,0.004618109,0.008525131,0.030212965,0.028421534,0.028414134,8.650511e-05,0.002207191,0.004837134,0.0024117515,0.00092350715,0.000877193,0.6144537,0.89713466,0.5580483,0.32218963,-0.00017301022,-0.0044825375,-0.0135566015,0.0059753647,0.019642325,1.0140753,1.0140753,1.0140753,1.0140753,1.0140753,0.9798592,0.95266235,0.90972036,0.90972036,0.887612,1.0015571,1.0003461,0.9982699,0.9908305,0.983564,0.9977509,0.98875433,0.9399654,0.9307959,0.9282008,0.8,0.8,0.9,0.93333334,0.96666664,0.5886351,0.77080876,0.86512077,0.86512077,0.8887004,0.8,0.9,0.95,0.96666664,0.98333335,0.4,0.1,0.1,0.4,0.05,0.4,0.8,0.85,0.56666666,0.93333334,0.13536131,-0.7093607,0.37049288,0.4716676,0.33924094,0.14846902,0.6198208,0.44253793,0.31285328,0.34764907,0.4,0.6,0.65,0.46666667,0.48333332,0.4,0.3,0.3,0.43333334,0.45,0.0,0.3,0.35,0.033333335,0.033333335,0.47058824,0.7653061,0.698276,0.5689655,0.55836844,0.5294118,0.23469388,0.301724,0.43103454,0.44163156,-0.05882353,0.53061223,0.396552,0.13793093,0.11673688,0.9549967,1.1913385,1.0591462,0.97602355,1.0687362,0.08413401,0.4637648,0.36181843,0.3325533,0.34616113,0.81919754,1.4049597,1.0894068,1.2035176,1.0935585,0.39162487,0.52057695,0.4968508,0.5028677,0.49218267,0.60837513,0.47942305,0.5031492,0.49713227,0.5078173,-0.2167503,0.041153926,-0.006298427,0.0057354416,-0.015634684
22,SZ000538,0.046645853559275974,1.0,,,,,,2026-09-16,0.002959149,0.014401242,0.20547873,0.001972766,0.13698582,0.009469327,0.65753543,0.01045571,0.7260284,0.99704957,1.001967,0.9876082,0.9940846,0.9927218,0.9952754,0.9785605,1.0011796,0.9368612,0.99582756,0.99692935,0.99113655,0.9909166,0.98922163,0.0041610803,0.004190015,0.0088343695,0.009382804,0.025402578,0.002400571,-0.00022162037,0.0010972051,0.00023708394,0.0005597934,0.8320644,0.025644816,0.5398742,0.049481247,0.14811526,-0.00062868535,0.0040679583,-0.0015599837,0.005645663,-0.0057355086,1.0025538,1.007866,1.007866,1.0171111,1.04976,0.9834736,0.9834736,0.9643968,0.9643968,0.9105015,0.9987401,1.000118,0.99846405,0.99846405,1.0069219,0.99134135,0.9924457,0.98347336,0.98343444,0.97010016,1.0,0.8,0.9,0.9,0.7,0.86615175,0.6775222,0.819044,0.6753991,0.6426791,0.8,0.2,0.6,0.1,0.46666667,0.4,0.7,0.15,0.43333334,0.05,0.4,-0.5,0.45,-0.33333334,0.41666666,0.17207034,0.1676174,-0.07782253,0.081363246,0.27479383,0.12612402,-0.025932852,-0.0036217475,0.10018841,0.34808645,0.4,0.5,0.6,0.5,0.55,0.4,0.4,0.35,0.46666667,0.43333334,0.0,0.1,0.25,0.033333335,0.11666667,0.8360327,0.5566252,0.6007192,0.4962805,0.56351054,0.1639673,0.4433748,0.3992808,0.5037195,0.43648943,0.67206544,0.11325037,0.20143843,-0.0074390327,0.12702113,0.8911411,0.9032573,0.94813704,1.003321,1.2862625,0.2028586,0.20412569,0.22979999,0.21706408,0.5146141,1.4589412,0.8921256,0.8938114,0.7726953,1.1376175,0.6339919,0.55306745,0.48651975,0.43659058,0.48854545,0.3660081,0.44693252,0.51348025,0.5634094,0.5114546,0.26798376,0.106134936,-0.026960498,-0.12681882,-0.022909125
23,SH600019,0.04656697428024336,0.9444444444444444,,,,SH600019,XD宝钢股,2026-09-16,-0.0017301114,0.020761197,-0.08333389,0.0017300419,0.08333055,0.017301043,0.8333356,0.013840891,0.6666711,1.0017331,1.0034661,0.982669,0.9927806,1.0,0.9880211,1.0014374,0.9932918,0.93052226,0.995975,0.992573,0.9916387,0.9874301,0.9804983,0.00600001,0.008219713,0.006654801,0.010476424,0.0302502,6.9572073e-09,0.0012109596,0.00022444646,0.0006620785,0.00094169786,3.3612895e-12,0.19895618,0.039812863,0.30952415,0.2955742,0.004024939,0.0019776393,0.006229066,0.0029697653,-0.008278385,1.0067438,1.0067438,1.0102421,1.0102421,1.0642421,0.9814622,0.9729097,0.9729097,0.95596004,0.8980036,1.0006708,1.0,0.99808335,0.99693334,1.0,0.98993766,0.98955435,0.98763776,0.9757547,0.95035934,0.8,0.85,0.925,0.9166667,0.80833334,0.7332541,0.8006815,0.7256509,0.81131667,0.6135545,0.2,0.6,0.15,0.43333334,0.43333334,0.6,0.3,0.65,0.23333333,0.05,-0.4,0.3,-0.5,0.2,0.38333333,0.5814339,-0.45939222,-0.26307097,-0.087207265,0.4608178,0.16628657,-0.51742697,-0.22592348,-0.02803412,0.21954368,0.6,0.7,0.55,0.53333336,0.53333336,0.2,0.2,0.4,0.43333334,0.41666666,0.4,0.5,0.15,0.1,0.11666667,0.5,0.57861626,0.49480984,0.51489365,0.55488265,0.5,0.42138374,0.50519013,0.48510635,0.44511732,0.0,0.15723254,-0.01038031,0.029787287,0.10976534,0.9408471,1.060232,1.0247806,1.0487393,1.0561064,0.092302345,0.21280971,0.19366203,0.18513092,0.26572004,0.93290925,0.97725314,0.9085639,0.857061,0.85682636,0.32946837,0.52504176,0.4778911,0.48741958,0.49244845,0.67053163,0.47495824,0.5221089,0.5125804,0.50755155,-0.34106323,0.0500835,-0.04421781,-0.02516083,-0.015103108
24,SH601229,0.046221666330047546,0.8333333333333334,,,,SH601229,上海银行,2026-09-16,-0.006204779,0.017580139,-0.35294256,0.005170581,0.29411492,0.006204779,0.35294256,-0.005170581,-0.29411492,1.0062435,1.0114464,0.9937565,0.999454,0.9978378,1.0018919,1.0156757,0.9656757,0.9218919,1.0105405,1.002973,1.0036892,0.9942162,0.9709189,0.007608467,0.010142231,0.014157696,0.020335792,0.032180544,-0.0042432295,0.0016773124,-0.00034484826,0.0013431145,0.0016344028,0.77756876,0.25071037,0.020765334,0.3380692,0.78674006,-0.0020540697,-0.010520872,-0.00041311845,-0.013691362,-0.019133791,1.0268906,1.0268906,1.0374326,1.0374326,1.0374326,0.9937565,0.9812835,0.96028477,0.9510942,0.895997,1.0169189,1.0123783,1.0141081,1.0117837,1.0003784,1.0049729,0.997027,0.9937838,0.9684324,0.94140536,0.2,0.55,0.425,0.5833333,0.7916667,0.1884314,0.4103857,0.514794,0.56644315,0.73533833,0.6,0.8,0.15,0.43333334,0.71666664,1.0,0.3,0.35,0.06666667,0.05,-0.4,0.5,-0.2,0.36666667,0.6666667,0.84982675,0.10927944,-0.316836,0.050253853,0.2378865,0.93263584,0.3184587,-0.078010395,0.115686476,0.16361518,0.4,0.5,0.45,0.56666666,0.56666666,0.6,0.5,0.5,0.4,0.38333333,-0.2,0.0,-0.05,0.16666667,0.18333334,0.5217394,0.4879728,0.46356776,0.55874187,0.56517816,0.47826058,0.5120272,0.53643227,0.4412581,0.43482184,0.04347884,-0.024054429,-0.07286448,0.11748378,0.13035633,1.244617,1.2366718,1.590208,1.6059488,1.5872,0.24444638,0.23785111,0.67910403,0.66717136,0.555,0.89330393,0.94361204,1.1229308,1.1926719,1.0425365,0.5328011,0.47812557,0.4037919,0.47306737,0.49184892,0.46719888,0.5218744,0.5962081,0.52693266,0.50815105,0.06560222,-0.043748826,-0.19241616,-0.05386526,-0.016302144
25,SZ000001,0.04621074948359904,0.8888888888888888,,,,,,2026-09-16,-0.008474569,0.022881301,-0.37037092,0.0033897583,0.14814535,0.011016973,0.48148373,-0.0008473532,-0.037032563,1.008547,1.0119658,0.98888886,0.9960309,1.0,1.0179539,0.9632499,0.9615406,0.89829004,1.0078628,1.0077785,1.0016677,0.9869816,0.95491606,0.0058404556,0.006565757,0.013044233,0.023970986,0.045746945,-0.0018802263,-0.00068949925,0.0014117862,0.0023328115,0.0024286157,0.25909963,0.101090275,0.40998578,0.7339884,0.8595937,-0.004102337,-0.004675815,-0.015079749,-0.020807346,-0.02656025,1.0170933,1.032484,1.032484,1.032484,1.032484,0.98888886,0.98888886,0.9564116,0.9427381,0.85384727,1.0128198,1.0133338,1.0133338,1.0107687,1.0,1.0027349,1.0,0.99059874,0.9622243,0.90495634,0.2,0.2,0.4,0.6,0.8,0.39394987,0.25487077,0.57298535,0.6380445,0.81815594,0.6,0.1,0.55,0.7,0.85,1.0,1.0,0.05,0.3,0.083333336,-0.4,-0.9,0.5,0.4,0.76666665,-0.68714374,0.10006415,-0.12026714,0.1083089,-0.014259149,0.25132605,-0.1670839,0.22939949,0.3394455,0.2925999,0.4,0.4,0.6,0.5,0.56666666,0.6,0.6,0.4,0.46666667,0.41666666,-0.2,-0.2,0.2,0.033333335,0.15,0.5,0.38458472,0.6162074,0.58963645,0.6038419,0.5,0.6154153,0.38379258,0.41036355,0.3961581,0.0,-0.23083058,0.23241484,0.17927288,0.20768382,0.87323207,0.89254224,1.001857,0.97916615,1.1133819,0.089963,0.1710983,0.22423318,0.22706899,0.37116274,0.46995455,0.7489063,0.83165276,0.97880065,1.1823838,0.7961836,0.5150881,0.4504352,0.45828673,0.4941915,0.2038164,0.48491192,0.5495648,0.5417133,0.5058085,0.5923672,0.030176159,-0.099129595,-0.08342654,-0.011617001
26,SH600025,0.045398512107099234,1.0,,,,SH600025,华能水电,2026-09-16,0.0030675367,0.0132924775,0.23077238,0.007157465,0.5384598,0.0030674764,0.23076783,-0.0010224519,-0.076919585,0.99694186,1.0071356,0.9938837,1.0010115,0.9935275,1.0088997,0.99433655,0.9935275,0.91100323,0.9993527,0.99409384,0.9903721,0.98948216,0.9865021,0.006532888,0.009953251,0.011040063,0.009883852,0.03442514,0.0014563162,0.0014072756,0.0008613758,0.00034054354,0.00078961597,0.12423413,0.18324822,0.21306412,0.09200142,0.160465,-0.0022653486,-0.00042655866,0.0014447876,0.005579944,-0.009795805,1.02338,1.02338,1.02338,1.02338,1.0582048,0.98429614,0.96838236,0.96799636,0.96799636,0.8821105,1.0029126,1.0009708,1.0001618,0.99692553,1.0082524,0.9954692,0.98802584,0.9784789,0.9789644,0.97411,0.6,0.7,0.8,0.8666667,0.69166666,0.40179855,0.5748898,0.5778528,0.5778528,0.66946805,0.6,0.8,0.9,0.93333334,0.31666666,0.4,0.3,0.35,0.56666666,0.033333335,0.2,0.5,0.55,0.36666667,0.28333333,0.70524395,0.045197602,0.31901607,0.35443774,0.22859861,0.75464964,0.24740666,0.44415826,0.40827277,0.2752167,0.6,0.5,0.45,0.46666667,0.53333336,0.4,0.5,0.55,0.5,0.4,0.2,0.0,-0.1,-0.033333335,0.13333334,0.5909096,0.44761914,0.51541847,0.5129871,0.5785714,0.40909037,0.55238086,0.4845815,0.4870129,0.42142862,0.18181926,-0.10476173,0.030836973,0.025974192,0.15714276,1.3250259,1.3985935,1.4324578,1.3068148,1.5266443,0.42453864,0.35353032,0.3187803,0.3441061,0.5132611,0.75985205,0.778948,0.7304739,0.80354893,1.0386791,0.4119849,0.39269054,0.45329478,0.4688599,0.4857174,0.5880151,0.60730946,0.54670525,0.5311401,0.51428264,-0.17603019,-0.21461894,-0.093410455,-0.06228019,-0.028565228
27,SH601018,0.04516167627860178,0.9444444444444444,,,,SH601018,宁波港,2026-09-16,-0.0028571961,0.017142922,-0.16666913,0.0,0.0,0.0142857265,0.83333087,0.01142853,0.66666174,1.0028654,1.0028654,0.98567337,0.99543154,1.0179641,0.994012,0.9720559,0.9720559,0.9161677,1.005988,1.0031936,0.9951098,0.98363274,0.97102463,0.0054663005,0.008320698,0.012581858,0.019859338,0.027678227,-0.003193621,0.0010161479,0.0016823502,0.002003557,0.0012562262,0.85333544,0.13671173,0.625765,0.78881586,0.6282883,0.0003991931,-0.0077663036,-0.011092131,-0.012684336,-0.008083314,1.022565,1.022565,1.022565,1.022565,1.022565,0.98567337,0.98567337,0.96233577,0.9454964,0.88467443,1.0091816,1.0091816,1.0027945,1.0003992,0.998004,1.0015968,0.9972056,0.986028,0.96167666,0.95089823,0.2,0.45,0.65,0.76666665,0.8666667,0.38834396,0.38834396,0.62534803,0.70720875,0.8363556,0.2,0.6,0.8,0.8666667,0.93333334,1.0,0.4,0.1,0.16666667,0.05,-0.8,0.2,0.7,0.7,0.8833333,0.22134864,0.6135923,-0.036766645,0.1157688,0.13133188,0.34147814,0.5329869,0.5405764,0.44369048,0.39611483,0.2,0.4,0.45,0.43333334,0.51666665,0.8,0.6,0.5,0.5,0.4,-0.6,-0.2,-0.05,-0.06666667,0.11666667,0.090907335,0.5517237,0.59722227,0.56481487,0.58536583,0.90909266,0.44827628,0.40277773,0.43518516,0.41463414,-0.8181853,0.10344747,0.19444455,0.12962969,0.17073171,0.8559791,0.8920225,0.9620528,0.9532236,0.9919673,0.13108315,0.18510343,0.20246452,0.22986886,0.262342,0.5666174,1.1271824,0.906024,0.95410734,0.8231184,0.35861498,0.5533938,0.43766156,0.4990005,0.48183534,0.641385,0.44660622,0.5623384,0.5009995,0.51816463,-0.28277004,0.106787555,-0.12467685,-0.0019990182,-0.0363293
28,SH601818,0.0435686514932566,0.8888888888888888,,,,SH601818,光大银行,2026-09-16,0.006600638,0.016501628,0.39999917,0.003300353,0.20000164,0.006600638,0.39999917,0.009900923,0.5999967,0.99344265,1.0032787,0.9868853,0.9938261,0.9938081,1.0,0.98452014,1.00774,0.9752322,0.996904,0.9967492,0.99682665,0.9948401,0.99460787,0.004378357,0.0051831105,0.00861846,0.008983416,0.023300122,0.00030960166,-0.00021577929,-0.00013152159,0.00012673218,0.00044194446,0.012500409,0.015887298,0.0081508495,0.015423839,0.10972836,0.0024767593,0.0042217635,0.004422805,0.0033223212,-0.007645223,1.0032787,1.0112103,1.0172132,1.0172132,1.0528154,0.9868853,0.9837869,0.95729226,0.95729226,0.92038697,1.0,1.0,1.0009288,1.0,1.0108359,0.9931889,0.9931889,0.9907121,0.9900929,0.98142415,0.8,0.75,0.7,0.73333335,0.5833333,0.79999834,0.59121406,0.7127346,0.7127346,0.6011775,1.0,0.1,0.25,0.5,0.46666667,1.0,0.4,0.4,0.6,0.083333336,0.0,-0.3,-0.15,-0.1,0.38333333,0.37116227,0.29782638,-0.17927943,0.07831105,0.16243364,0.5675414,0.13757141,-0.32794964,-0.27810362,-0.00772068,0.6,0.5,0.5,0.4,0.48333332,0.4,0.5,0.4,0.5,0.45,0.2,0.0,0.1,-0.1,0.033333335,0.583333,0.5,0.54629636,0.48148137,0.52380955,0.41666695,0.5,0.4537036,0.5185186,0.47619048,0.16666606,0.0,0.09259277,-0.037037253,0.04761905,0.8160232,0.83402526,0.92248875,0.87564975,1.0010595,0.12187166,0.16273159,0.30898848,0.2705937,0.2909957,0.27513298,0.47533986,1.0783468,1.1789191,0.99864745,0.8001673,0.47114936,0.5193342,0.4578779,0.48130897,0.19983271,0.5288507,0.48066577,0.54212207,0.51869106,0.6003346,-0.057701316,0.038668424,-0.08424419,-0.037382066
29,SZ002028,0.04307169656728739,0.8333333333333334,,,,,,2026-09-16,-0.025748301,0.031662494,-0.81321144,0.0025243815,0.07972782,0.0033898107,0.10706076,-0.024882872,-0.7858785,1.0264288,1.02902,0.9965206,1.00479,1.0259126,1.0485654,1.2659171,1.1915187,1.3785269,1.0030799,1.0302715,1.1015626,1.1506374,1.1735175,0.013781601,0.035192415,0.11236671,0.11980129,0.09806573,0.0026946133,-0.009577786,-0.016441485,-0.010851583,-0.0029734764,0.09557265,0.67895895,0.74933285,0.63586503,0.28041053,-0.008469146,0.012828482,0.054631542,0.006710584,-0.08579992,1.0327221,1.1101581,1.3228452,1.396063,1.4475282,0.98230755,0.98230755,0.98230755,0.98230755,0.98230755,1.0063825,1.0673975,1.2568698,1.2628958,1.2568698,0.9956762,0.99939287,1.0209968,1.0311978,1.0719273,0.6,0.3,0.15,0.1,0.05,0.35093865,0.13838373,0.051954407,0.0427606,0.038030185,0.8,0.2,0.15,0.3,0.016666668,0.8,0.9,0.95,0.96666664,0.98333335,0.0,-0.7,-0.8,-0.6666667,-0.96666664,0.81616503,0.67734843,-0.36988857,-0.22959721,-0.103157125,0.84245294,0.4862761,-0.32130355,-0.06508939,0.03430223,0.2,0.3,0.4,0.43333334,0.45,0.8,0.7,0.6,0.56666666,0.55,-0.6,-0.4,-0.2,-0.13333334,-0.1,0.36781946,0.3803767,0.2539081,0.3877851,0.40921336,0.6321806,0.6196233,0.7460919,0.61221486,0.59078664,-0.2643611,-0.2392466,-0.49218383,-0.22442979,-0.18157326,0.94548136,1.1086291,1.3293763,1.2564079,1.310331,0.2161893,0.25768667,0.94303906,0.7936993,0.6008692,0.82494164,0.73377335,1.8227496,1.7149721,1.2035105,0.426359,0.420148,0.47605175,0.50131285,0.4979686,0.573641,0.579852,0.52394825,0.49868718,0.5020314,-0.14728202,-0.15970403,-0.04789651,0.0026256563,-0.004062784
30,SH601398,0.04234536836024011,1.0,,,,SH601398,工商银行,2026-09-16,-0.0012315105,0.014778353,-0.083332054,0.0049261176,0.33333334,0.008620725,0.5833346,0.0024630965,0.16666922,1.001233,1.0061653,0.99136865,0.9981974,0.98648643,1.0135134,0.9618726,0.9271235,0.88996136,1.0028957,0.996332,0.9875241,0.9704311,0.94734555,0.006095242,0.01053752,0.017613672,0.029014312,0.04141225,0.00053089316,0.0014742069,0.0021863293,0.0030145028,0.002022092,0.018965852,0.179412,0.53926146,0.83658206,0.7271835,-0.0039575137,-0.0029659357,-0.008294226,-0.014141406,-0.006997243,1.0196785,1.0196785,1.0221444,1.0221444,1.0221444,0.9886899,0.9676702,0.94418544,0.9187061,0.8569347,1.0046332,1.002413,1.002413,1.0,0.98532814,0.99971044,0.9857142,0.97220075,0.93610036,0.91071427,0.5,0.65,0.725,0.81666666,0.89166665,0.36497763,0.6216288,0.71594805,0.78591675,0.86596185,0.6,0.8,0.5,0.6666667,0.8333333,0.2,0.4,0.05,0.06666667,0.13333334,0.4,0.4,0.45,0.6,0.7,0.07457554,-0.22047925,-0.11301219,-0.29067925,-0.23305102,-0.14558949,-0.32745436,0.058043487,0.23808192,0.3657195,0.6,0.5,0.6,0.56666666,0.51666665,0.4,0.5,0.4,0.36666667,0.45,0.2,0.0,0.2,0.2,0.06666667,0.6666673,0.42553204,0.6094183,0.64717346,0.5890625,0.33333272,0.57446796,0.3905817,0.35282654,0.4109375,0.33333457,-0.14893593,0.21883658,0.29434696,0.17812501,1.1175578,1.1824408,1.3116243,1.3960109,1.7084843,0.276569,0.25359815,0.2884381,0.32806817,0.5243396,0.69403005,0.8208991,0.96019894,0.8928105,1.0676581,0.5182932,0.39206952,0.42295966,0.42393678,0.4813646,0.4817068,0.6079305,0.5770404,0.5760632,0.5186354,0.0365864,-0.21586096,-0.1540807,-0.15212643,-0.037270773
31,SH600584,0.04024881997629745,0.6666666666666666,,,,SH600584,长电科技,2026-09-16,0.039456032,0.046928722,0.8407652,0.003736344,0.079617426,0.003736344,0.079617426,0.039456032,0.8407652,0.9620417,1.0035945,0.95844716,0.9870666,0.98691237,1.0252949,1.1177592,0.9916662,1.3616115,0.9736839,0.98270434,1.0314983,1.0679833,1.1644076,0.017874405,0.020473307,0.057603106,0.07529503,0.17911854,0.0028493446,-0.0030888137,-0.008749808,-0.0071073878,-0.008310543,0.06352824,0.20865023,0.80755717,0.6905404,0.6565647,0.020617422,0.031195292,0.05162486,0.035073884,0.08075341,1.0035945,1.0427102,1.1808926,1.258089,1.6372488,0.9417646,0.9417646,0.9417646,0.9417646,0.8747755,0.98354363,0.99368507,1.0797112,1.1250719,1.3559481,0.9597981,0.9670755,0.97833794,0.98680085,0.9920183,1.0,0.9,0.45,0.3,0.23333333,0.94186443,0.576899,0.24353236,0.1841003,0.16423456,1.0,0.1,0.05,0.3,0.2,0.4,0.7,0.85,0.9,0.46666667,0.6,-0.6,-0.8,-0.6,-0.26666668,0.80526114,0.04650167,0.5615877,0.7308303,0.68759096,0.800413,-0.33729944,-0.12926365,0.13256171,0.1327629,0.4,0.4,0.4,0.46666667,0.48333332,0.6,0.6,0.6,0.53333336,0.51666665,-0.2,-0.2,-0.2,-0.06666667,-0.033333335,0.58228797,0.42390537,0.360959,0.50509655,0.4383659,0.41771203,0.5760946,0.639041,0.49490345,0.56163406,0.1645759,-0.15218928,-0.278082,0.010193084,-0.12326817,0.7163849,0.82265484,0.9318616,1.2704109,1.9008831,0.18594374,0.26401556,0.28443187,0.61706823,0.9106423,1.172116,1.4141585,1.1105738,1.614647,0.98513097,0.6191881,0.563044,0.4066389,0.4421687,0.45920247,0.38081193,0.436956,0.59336114,0.5578313,0.54079753,0.23837614,0.12608801,-0.18672222,-0.11566259,-0.08159505
32,SZ001965,0.038322868003114234,0.8333333333333334,,,,,,2026-09-16,0.00901805,0.024048131,0.375,0.0120240655,0.5,0.0030060164,0.125,0.0,0.0,0.9910625,1.0119166,0.9880834,1.0009661,0.94960403,0.98272145,0.9179266,0.95176387,0.95536363,0.98315334,0.97444206,0.9642909,0.9512119,0.9490401,0.013064522,0.015190047,0.024738982,0.028360972,0.036300436,0.008063352,0.0026834223,0.002933897,0.0024743907,0.0009422864,0.95232284,0.2860693,0.49225953,0.5899239,0.20551428,0.00071993266,0.013482544,0.007837085,0.012909395,0.02316244,1.0119166,1.0119166,1.0119166,1.0119166,1.0268768,0.9449222,0.93450844,0.89880925,0.89880925,0.86874104,0.9948164,0.9820015,0.97984165,0.97624195,0.97984165,0.9726422,0.9668827,0.9530598,0.9179266,0.91346294,1.0,1.0,1.0,1.0,0.93333334,0.82212543,0.8460549,0.8946435,0.8946435,0.8300399,1.0,1.0,1.0,1.0,0.43333334,0.2,0.4,0.05,0.36666667,0.06666667,0.8,0.6,0.95,0.6333333,0.36666667,0.88166696,0.06951038,0.019545972,0.12952286,0.43807924,0.27515328,-0.035351202,0.31805912,0.2286215,0.15109448,1.0,0.5,0.55,0.43333334,0.46666667,0.0,0.5,0.35,0.5,0.48333332,1.0,0.0,0.2,-0.06666667,-0.016666668,1.0,0.60344774,0.7021275,0.59383756,0.5331196,0.0,0.3965523,0.29787248,0.4061624,0.46688038,1.0,0.20689541,0.404255,0.18767518,0.06623926,0.7835085,0.7555637,0.79923683,0.7627345,0.72046447,0.1852001,0.20785862,0.31514055,0.27796865,0.25414214,0.7130184,0.87497795,1.463199,1.5517719,1.1462121,0.6983165,0.6612969,0.52099216,0.51256466,0.51957834,0.30168346,0.3387031,0.47900784,0.4874353,0.48042166,0.39663306,0.3225938,0.041984297,0.025129352,0.03915665
33,SH600926,0.03780557012132445,0.9444444444444444,,,,SH600926,杭州银行,2026-09-16,-0.0069244336,0.02308141,-0.30000046,0.0069244336,0.30000046,0.0092325425,0.39999908,-0.004616325,-0.20000185,1.0069727,1.0139455,0.9907031,0.99792767,1.0041358,0.9995647,0.9756204,0.9383979,0.8837614,1.0166739,1.0075098,0.9920984,0.9757655,0.9396858,0.011864406,0.013034376,0.019785844,0.029695047,0.04732748,-0.006181977,0.0022044536,0.002854654,0.0031692926,0.0026146974,0.678739,0.26220006,0.728561,0.8827919,0.93092763,-0.0043099583,-0.017429838,-0.019217614,-0.021720245,-0.016819406,1.0298237,1.0298237,1.0298237,1.0298237,1.0298237,0.9907031,0.9820691,0.95825887,0.92096466,0.8333982,1.0275577,1.0194166,1.0053983,1.0004789,0.97993034,1.0083587,0.9987375,0.9754463,0.943448,0.89764917,0.2,0.4,0.7,0.8,0.9,0.23764785,0.37548047,0.5832636,0.72603416,0.84816813,0.6,0.8,0.9,0.93333334,0.96666664,1.0,0.3,0.3,0.2,0.06666667,-0.4,0.5,0.6,0.73333335,0.9,0.82814103,0.27210933,0.21811727,0.54522765,-0.07901816,0.93275094,0.4845005,0.43646303,0.51343936,0.2457672,0.4,0.5,0.55,0.56666666,0.56666666,0.6,0.5,0.4,0.4,0.4,-0.2,0.0,0.15,0.16666667,0.16666667,0.47129935,0.50199175,0.560475,0.60892975,0.6010597,0.52870065,0.49800825,0.43952498,0.39107025,0.39894032,-0.057401307,0.003983515,0.12095002,0.21785954,0.20211935,1.0742524,1.0016491,1.0003473,0.94192255,0.99770755,0.08957068,0.18933302,0.19757847,0.21466412,0.2202974,0.41093025,0.5879344,0.6807121,0.7463191,0.78391933,0.7312212,0.49531534,0.48640496,0.5052178,0.49258462,0.2687788,0.5046847,0.51359504,0.49478218,0.50741535,0.46244243,-0.009369342,-0.027190095,0.010435625,-0.014830766
34,SH688008,0.03650256996768864,0.5,,,,SH688008,澜起科技,2026-09-16,0.061550707,0.06946355,0.8860864,0.0030270282,0.043577217,0.004885815,0.07033639,0.06340949,0.91284555,0.9420181,1.0028515,0.9374156,0.9743176,0.977036,0.96603847,1.0005329,1.060559,1.3305557,0.96017635,0.96358705,0.9864445,1.010723,1.1073292,0.030101458,0.024826609,0.04297837,0.052896265,0.16650204,0.0024950393,0.0003934476,-0.0031170896,-0.0041187825,-0.007548594,0.017175907,0.0023022394,0.1841055,0.46988264,0.6268921,0.03483359,0.034642458,0.043167908,0.04899936,0.11535427,1.0028515,1.0069954,1.1103828,1.1328695,1.6621807,0.9165228,0.9165228,0.9165228,0.9165228,0.89997375,0.98174506,0.98095053,1.0037401,1.0612082,1.2626035,0.93645656,0.93950874,0.9578218,0.9648951,0.9771522,1.0,1.0,0.75,0.5,0.31666666,0.9669691,0.9226795,0.43060553,0.3858492,0.13123237,1.0,0.4,0.3,0.3,0.083333336,0.8,0.9,0.95,0.96666664,0.3,0.2,-0.5,-0.65,-0.6666667,-0.21666667,0.46470135,0.29823282,0.70156974,0.7626856,0.6404016,0.55804205,0.45642027,0.5219283,0.47974038,0.27231422,0.6,0.4,0.4,0.4,0.46666667,0.4,0.6,0.6,0.6,0.53333336,0.2,-0.2,-0.2,-0.2,-0.06666667,0.5884328,0.5771516,0.49952683,0.46721914,0.44925857,0.41156718,0.42284843,0.5004732,0.5327809,0.55074143,0.17686562,0.15430315,-0.00094636634,-0.06556173,-0.10148289,0.7304034,0.7662402,0.8642524,1.0046985,1.5376548,0.17800874,0.18642728,0.31719422,0.34406582,0.6967924,1.081714,1.1080954,1.3831806,1.1279544,1.3017704,0.7935229,0.58321846,0.46193978,0.4621728,0.4803601,0.20647712,0.41678154,0.53806025,0.5378272,0.5196399,0.5870457,0.1664369,-0.07612045,-0.0756544,-0.039279796
35,SH601211,0.03622689197778392,0.9444444444444444,,,,SH601211,国泰海通,2026-09-16,-0.0011415707,0.015981779,-0.07142951,0.003995427,0.2499989,0.010844781,0.6785716,0.005707783,0.35714316,1.0011429,1.0051429,0.98914284,0.9974497,1.0008347,1.0062604,1.0204507,1.0283806,0.98372287,0.9990818,1.0026711,1.0069699,1.0138286,1.0395242,0.009212264,0.0095906565,0.012494547,0.014841919,0.035084214,-0.0016277079,-0.001780744,-0.0005052279,-0.00109322,-0.0013923825,0.078047715,0.31602228,0.057227086,0.42047158,0.48038948,0.004173613,0.005342233,-0.0021702792,0.0020230897,0.0015510839,1.0179254,1.0300086,1.0313718,1.0507941,1.1710384,0.98048854,0.98048854,0.98048854,0.98048854,0.9655669,1.0026711,1.0113522,1.021369,1.0251253,1.0815526,0.9919032,0.99749583,0.9975793,0.99983305,1.007596,0.7,0.5,0.4,0.26666668,0.15,0.5211837,0.3940121,0.38345554,0.27752382,0.16758093,0.2,0.2,0.3,0.13333334,0.13333334,0.6,0.8,0.9,0.93333334,0.016666668,-0.4,-0.6,-0.6,-0.8,0.11666667,-0.04409208,0.1825823,0.18096007,0.020546066,0.5312996,0.1820227,-0.0928372,0.1896131,0.14891292,0.38209543,0.6,0.7,0.6,0.56666666,0.56666666,0.2,0.2,0.3,0.36666667,0.4,0.4,0.5,0.3,0.2,0.16666667,0.49107164,0.46341488,0.44927537,0.4504373,0.5102255,0.50892836,0.53658515,0.5507246,0.5495627,0.4897745,-0.017856738,-0.07317025,-0.10144922,-0.099125385,0.020451006,1.3052297,1.384713,1.6794392,1.6956878,2.4737856,0.24745688,0.39829168,0.5248736,0.5677434,1.2583901,1.1039733,1.1710762,1.1431643,1.0777434,1.487224,0.53253454,0.44027126,0.36368594,0.46466047,0.46972382,0.46746543,0.55972874,0.6363141,0.53533953,0.5302762,0.06506912,-0.1194575,-0.27262813,-0.0706791,-0.06055235
36,SH601319,0.03622457049849282,0.7222222222222222,,,,SH601319,中国人保,2026-09-16,0.0,0.0220207,0.0,0.009067325,0.41176373,0.012953374,0.5882363,0.003886049,0.17647254,1.0,1.0090673,0.9870466,0.9964591,1.0235043,1.025641,0.89102566,0.93162394,0.88141024,1.0111111,1.0185897,0.9810363,0.9555199,0.9407407,0.011321754,0.01359075,0.051270194,0.055783562,0.04576844,-0.0068376022,-0.0038073063,0.00691392,0.0053228657,0.0016768666,0.91184336,0.71938306,0.636483,0.70563525,0.4094158,0.0025641,-0.001456862,-0.046718556,-0.03270149,0.009791707,1.0342499,1.0623963,1.0623963,1.0623963,1.0623963,0.9870466,0.9870466,0.88470954,0.8836382,0.8513503,1.0166667,1.0292735,1.0247864,1.0183761,0.97179484,1.0008547,1.01047,0.9241453,0.9029915,0.9029915,0.2,0.1,0.45,0.6333333,0.81666666,0.27441677,0.17191006,0.6488409,0.6509454,0.7043473,0.2,0.1,0.55,0.7,0.85,1.0,1.0,0.05,0.26666668,0.06666667,-0.8,-0.9,0.5,0.43333334,0.78333336,0.4543989,0.6600872,0.40985265,0.57023036,0.23202525,-0.017328892,-0.22816445,0.54210824,0.41424486,0.441146,0.2,0.3,0.55,0.43333334,0.46666667,0.8,0.7,0.45,0.53333336,0.51666665,-0.6,-0.4,0.1,-0.1,-0.05,0.13333385,0.35365883,0.7198274,0.60884356,0.5753053,0.86666614,0.64634115,0.2801726,0.39115644,0.42469472,-0.73333234,-0.29268235,0.43965486,0.21768714,0.1506106,0.92263097,1.2655706,1.4555618,1.2523966,1.4363205,0.17947894,0.48911536,0.83827096,0.7471714,0.70238525,1.0126429,1.0053724,2.0032768,2.230594,1.7785835,0.42981318,0.3061277,0.51400715,0.50080335,0.49679178,0.57018685,0.69387233,0.48599285,0.49919665,0.5032082,-0.14037366,-0.38774464,0.028014325,0.0016067127,-0.0064164414
37,SH601009,0.03542884399266815,0.9444444444444444,,,,SH601009,南京银行,2026-09-16,-0.018092038,0.028782928,-0.62856835,0.0024671522,0.085715815,0.008223738,0.28571582,-0.012335452,-0.42856836,1.0184253,1.020938,0.9916247,0.99988943,1.0066025,0.99409235,0.9848257,0.94046104,0.8826595,1.0215915,1.0116993,0.9977065,0.980868,0.9486215,0.014073426,0.014619629,0.01902122,0.029863559,0.048454497,-0.008363243,0.0023770635,0.0023863672,0.0030661502,0.002542146,0.88285583,0.24233732,0.5508912,0.8169687,0.8395231,-0.0048650363,-0.022396052,-0.020376934,-0.025327139,-0.023614846,1.0418867,1.0418867,1.0418867,1.0418867,1.0418867,0.9916247,0.9831618,0.96307683,0.92874587,0.82486755,1.0284489,1.0252982,1.009707,1.0040078,0.99279505,1.0147341,0.9998147,0.9805629,0.94349587,0.90603495,0.2,0.3,0.65,0.76666665,0.8833333,0.16663232,0.2867302,0.46850964,0.6297828,0.80699086,0.4,0.7,0.85,0.9,0.95,1.0,0.3,0.3,0.26666668,0.06666667,-0.6,0.4,0.55,0.6333333,0.8833333,0.19115268,-0.24577823,-0.32111132,0.4302352,0.074475214,0.7409829,0.35469398,0.4183328,0.4549085,0.22072269,0.4,0.4,0.4,0.43333334,0.53333336,0.6,0.6,0.55,0.53333336,0.41666666,-0.2,-0.2,-0.15,-0.1,0.11666667,0.45410612,0.5301067,0.5397211,0.6150404,0.6030101,0.5458939,0.46989328,0.46027893,0.3849596,0.39698988,-0.09178776,0.060213447,0.07944217,0.2300808,0.20602025,0.91605055,0.96114695,1.0675131,0.98146635,0.98858774,0.22583643,0.23612587,0.25013396,0.30193362,0.2539759,1.0463461,1.1860485,0.96236145,1.1276854,1.0252085,0.6136709,0.51460445,0.42705494,0.49347958,0.49000323,0.38632914,0.48539555,0.57294506,0.5065204,0.5099968,0.22734173,0.029208884,-0.1458901,-0.013040841,-0.01999356
38,SH601166,0.03535234629840211,0.8333333333333334,,,,SH601166,兴业银行,2026-09-16,-0.0072503854,0.013943133,-0.5199969,0.0022309485,0.1600034,0.0044617984,0.31999972,-0.005019536,-0.36000055,1.0073034,1.0095506,0.99550563,0.9999364,1.0174533,1.0056301,1.0246786,1.0314348,0.9618092,1.0139439,1.0153044,1.0121845,1.0148666,1.0060086,0.010198179,0.008132904,0.012536737,0.012712522,0.03237856,-0.0061180377,-0.00094233116,-3.4501387e-05,-0.00047618974,0.0009595734,0.89974415,0.12306294,0.00026507705,0.10874224,0.26788053,-0.0017078005,-0.011063997,-0.011856716,-0.007961846,-0.034315985,1.0281303,1.0303679,1.0348587,1.0426852,1.0730036,0.99550563,0.99550563,0.97870064,0.97870064,0.9235783,1.0207,1.0213944,1.0212817,1.0238528,1.0283945,1.005405,1.0072066,1.0065309,1.0065309,0.9781364,0.2,0.1,0.15,0.1,0.31666666,0.13776016,0.12891848,0.37927505,0.33288303,0.5114372,0.4,0.3,0.2,0.033333335,0.43333334,1.0,1.0,0.35,0.56666666,0.05,-0.6,-0.7,-0.15,-0.53333336,0.38333333,0.33103487,0.13882007,-0.47771508,-0.42859337,0.047148168,0.6058323,0.20642604,-0.20094196,-0.017561713,0.20011494,0.4,0.5,0.45,0.43333334,0.48333332,0.6,0.5,0.55,0.53333336,0.5,-0.2,0.0,-0.1,-0.1,-0.016666668,0.24450411,0.46083537,0.4353173,0.4406658,0.5317423,0.7554959,0.53916466,0.56468266,0.5593342,0.4682577,-0.5109918,-0.07832928,-0.12936537,-0.118668385,0.06348459,1.1175065,1.2475357,1.5999353,1.4784858,1.5991778,0.12926386,0.2529683,0.6800934,0.6220581,0.5406887,0.61558425,0.8058829,1.4584638,1.4853127,1.23511,0.5685425,0.46658936,0.43669504,0.48069212,0.48290926,0.43145752,0.53341067,0.56330496,0.5193079,0.51709074,0.13708498,-0.066821285,-0.1266099,-0.03861577,-0.03418147
39,SZ300750,0.03467229269428208,0.8333333333333334,,,,,,2026-09-16,-0.024056794,0.05111654,-0.47062638,0.0063575497,0.12437362,0.0207022,0.405,-0.009712143,-0.19,1.0246497,1.031164,0.9787875,0.99725944,1.1026603,1.1401372,1.2734147,1.321633,1.2895266,1.0655546,1.0961653,1.158797,1.2010306,1.2228677,0.046355147,0.047524355,0.07842565,0.08823256,0.07371999,-0.025964528,-0.014043329,-0.012918242,-0.00936333,-0.0020363093,0.78434104,0.80042225,0.94963926,0.8727797,0.23271093,-0.013625574,-0.032970335,-0.036073774,-0.06526235,-0.16279656,1.1189327,1.1614522,1.3023089,1.3372917,1.3372917,0.9787875,0.9787875,0.9787875,0.9787875,0.9787875,1.1041694,1.1407027,1.2347298,1.2822251,1.2888205,1.0284959,1.0726819,1.1017768,1.1060364,1.1667157,0.2,0.1,0.05,0.033333335,0.016666668,0.15136093,0.11612812,0.06556754,0.059169468,0.059169468,0.6,0.1,0.1,0.033333335,0.51666665,1.0,1.0,1.0,1.0,1.0,-0.4,-0.9,-0.9,-0.96666664,-0.48333332,-0.9693784,-0.85202146,-0.8345785,-0.7255363,-0.34156376,-0.8545264,-0.84919095,-0.7342372,-0.6027094,-0.29324737,0.4,0.5,0.35,0.4,0.45,0.6,0.5,0.65,0.6,0.55,-0.2,0.0,-0.3,-0.2,-0.1,0.16637647,0.17848885,0.16355073,0.22293308,0.3973033,0.8336235,0.82151115,0.83644927,0.77706695,0.6026967,-0.66724706,-0.6430223,-0.67289853,-0.55413383,-0.20539337,0.53286844,0.47564346,0.37929246,0.35010645,0.40591705,0.2845177,0.22505096,0.1878296,0.1690316,0.15698785,0.97004974,1.2182261,1.3158438,1.3759834,1.1214029,0.8035947,0.7260886,0.6770851,0.6030196,0.54316664,0.19640526,0.2739114,0.3229149,0.3969804,0.45683333,0.6071895,0.45217723,0.35417023,0.20603916,0.086333334
40,SH688472,0.03379092801734784,0.8888888888888888,,,,SH688472,阿特斯,2026-09-16,0.008589033,0.023312932,0.36842355,0.006134958,0.26315686,0.008588941,0.3684196,0.011043017,0.4736863,0.9914841,1.0060827,0.98296833,0.9956829,1.0482353,1.0729412,1.24,1.2741176,1.3105881,1.0077647,1.0328234,1.1122941,1.1615294,1.1896077,0.01503398,0.02865941,0.09837542,0.106840886,0.093318425,-0.008235282,-0.0090196105,-0.015889429,-0.01127501,-0.0030218847,0.7501516,0.9079304,0.9130855,0.8630991,0.31983122,0.008705903,0.007764749,0.03865549,0.0019582815,-0.1004622,1.0427557,1.0843397,1.3078909,1.3078909,1.3617642,0.98296833,0.98296833,0.98296833,0.98296833,0.98296833,1.0183529,1.0571765,1.2357646,1.2611765,1.2743529,0.9978823,0.9997647,1.0275294,1.0548235,1.096,0.6,0.3,0.15,0.1,0.05,0.28487092,0.16801263,0.05241768,0.05241768,0.044962715,0.2,0.1,0.15,0.43333334,0.033333335,1.0,1.0,1.0,1.0,1.0,-0.8,-0.9,-0.85,-0.56666666,-0.96666664,0.33359584,0.42382157,0.3783561,0.31439233,0.3913578,0.14851935,-0.01673403,-0.20473371,-0.16190994,0.11987693,0.2,0.2,0.25,0.33333334,0.43333334,0.8,0.7,0.7,0.6,0.53333336,-0.6,-0.5,-0.45,-0.26666668,-0.1,0.09803984,0.13953543,0.17096783,0.24728844,0.3938907,0.90196013,0.8604646,0.8290322,0.75271153,0.6061093,-0.8039203,-0.72092915,-0.65806437,-0.5054231,-0.2122186,1.0993785,1.1591796,1.5332508,1.5347908,1.8830591,0.33265236,0.25583744,0.7272136,0.61977255,0.68911445,0.6384579,0.63878834,1.6659802,1.5365927,1.2469863,0.49123746,0.43556815,0.4643436,0.47286433,0.481745,0.50876254,0.56443185,0.5356564,0.52713567,0.518255,-0.017525056,-0.12886372,-0.07131278,-0.05427133,-0.036510013
41,SH601088,0.03354746944397626,0.8888888888888888,,,,SH601088,中国神华,2026-09-16,0.0036224127,0.01981672,0.18279576,0.0017046572,0.086021155,0.014489651,0.73118305,0.016407406,0.8279577,0.99639064,1.0016985,0.9819533,0.9924283,1.0048596,1.0201327,0.98765814,0.91291267,0.8294508,1.0024067,1.0004089,1.0042695,0.98615915,0.9454258,0.004246153,0.011462978,0.014281224,0.030074608,0.06053376,-0.0018821385,-0.00018653306,4.465293e-06,0.0025894416,0.0030398287,0.49119267,0.0024273263,3.4216616e-06,0.57453173,0.7691354,0.0013575929,0.00043055075,-0.00431196,-0.023706034,-0.035100758,1.022464,1.0314095,1.0505077,1.0505077,1.0505077,0.9819533,0.9600847,0.9600847,0.9107915,0.80211604,1.0047671,1.009133,1.0145017,1.0108917,1.0015891,0.9994909,0.9946468,0.99407595,0.94938296,0.8995835,0.4,0.4,0.35,0.56666666,0.78333336,0.44547915,0.55962706,0.4414288,0.63849807,0.79666114,0.6,0.1,0.45,0.6333333,0.81666666,1.0,0.3,0.65,0.033333335,0.083333336,-0.4,-0.2,-0.2,0.6,0.73333335,0.9500276,-0.49649858,0.17891698,-0.07406783,-0.50812936,0.8981056,-0.4018914,-0.022435833,0.17037322,0.32008314,0.4,0.4,0.5,0.6,0.55,0.6,0.6,0.5,0.4,0.45,-0.2,-0.2,0.0,0.2,0.1,0.37743098,0.3852238,0.53759396,0.6631976,0.6269668,0.622569,0.6147762,0.46240604,0.33680245,0.3730332,-0.24513806,-0.22955237,0.07518794,0.3263951,0.2539336,1.06529,1.2601856,1.2973969,1.3481567,1.7123454,0.2753294,0.46095973,0.39993298,0.38262215,0.5696145,0.6332874,1.6002866,1.4365886,1.2194595,1.2072408,0.3737494,0.43074197,0.44175294,0.48406816,0.48019835,0.62625057,0.56925803,0.558247,0.51593184,0.5198017,-0.25250116,-0.13851607,-0.116494104,-0.031863697,-0.0396033
42,SH601825,0.03341192211494564,0.7222222222222222,,,,SH601825,沪农商行,2026-09-16,-0.012457443,0.0249151,-0.49999574,0.004530057,0.18181974,0.007927599,0.31818452,-0.0090599,-0.36363092,1.0126146,1.0172018,0.9919724,0.9991389,1.0278716,1.0354729,0.99239856,0.960304,0.90287155,1.0136824,1.0212837,1.0214105,1.0038288,0.9637668,0.010789652,0.011413672,0.011767924,0.029152958,0.053611085,-0.0060810694,-0.0031224422,-2.8574732e-05,0.0025377304,0.0028347308,0.79411787,0.68604004,0.00020636339,0.587256,0.8527354,-0.0015202403,-0.0072327526,-0.021138964,-0.040625867,-0.0473914,1.0375863,1.0438681,1.0509298,1.0509298,1.0509298,0.9919724,0.9919724,0.9829723,0.9392431,0.84398353,1.0194256,1.0315878,1.0329392,1.0298985,1.0173986,1.008108,1.0114864,1.010135,0.98057425,0.9062499,0.2,0.1,0.05,0.36666667,0.65833336,0.17599031,0.15468723,0.25056395,0.54399425,0.75389844,0.2,0.1,0.3,0.53333336,0.76666665,1.0,1.0,0.05,0.16666667,0.083333336,-0.8,-0.9,0.25,0.36666667,0.68333334,-0.15403531,-0.34919733,-0.15027896,0.030997897,-0.0419445,-0.5995781,-0.40240955,0.005826098,0.28582746,0.35056332,0.4,0.4,0.5,0.5,0.48333332,0.6,0.6,0.5,0.5,0.48333332,-0.2,-0.2,0.0,0.0,0.0,0.16326435,0.2765963,0.5189875,0.5697329,0.5743855,0.83673567,0.7234037,0.48101252,0.4302671,0.42561445,-0.6734713,-0.44680735,0.037974942,0.13946581,0.14877109,1.1551192,1.052178,1.0876657,1.1422704,1.2265767,0.3511515,0.27136558,0.24467063,0.33846715,0.3660205,0.9682942,0.8962776,0.72649974,0.8538622,1.1676823,0.5659667,0.5360935,0.4614945,0.48239592,0.48878512,0.43403324,0.4639065,0.5385055,0.51760405,0.51121485,0.13193348,0.07218699,-0.077011004,-0.035208143,-0.022429755
43,SH688521,0.032880878266607266,0.5,,,,SH688521,芯原股份,2026-09-16,0.009895779,0.05229843,0.18921752,0.018674182,0.35706964,0.02372847,0.45371282,0.014950065,0.2858607,0.9902012,1.0184911,0.9667052,0.99301475,1.0062164,1.0199136,0.97613525,1.1334949,1.5851858,0.97295326,0.98313135,0.9755136,1.0229006,1.2061479,0.01983234,0.02104623,0.04531514,0.08532486,0.28714007,0.0058581885,-0.0019610254,0.0027783345,-0.005922325,-0.013965096,0.2181317,0.07958464,0.13156807,0.37336615,0.72143984,0.015330333,0.025693266,-0.0019077845,0.062973104,0.20582245,1.0184911,1.0724896,1.0724896,1.2220523,1.9790853,0.91723734,0.91723734,0.85012114,0.85012114,0.85012114,0.98061323,1.0057106,1.0090401,1.1138024,1.4520702,0.9649562,0.9697292,0.9433568,0.9646823,0.97606146,1.0,0.7,0.65,0.46666667,0.26666668,0.81737787,0.5330849,0.6740112,0.4029746,0.13275784,1.0,0.5,0.75,0.06666667,0.06666667,0.6,0.8,0.2,0.46666667,0.73333335,0.4,-0.3,0.55,-0.4,-0.6666667,-0.20789783,-0.19171864,0.22258005,0.09683204,0.4923764,-0.3010014,0.071197405,0.501337,0.39565542,0.2143302,0.6,0.6,0.55,0.5,0.43333334,0.4,0.4,0.45,0.5,0.56666666,0.2,0.2,0.1,0.0,-0.13333334,0.4758988,0.45450187,0.51875156,0.44287652,0.41624948,0.5241012,0.54549813,0.4812484,0.5571235,0.5837505,-0.04820241,-0.09099627,0.03750317,-0.11424699,-0.16750102,1.0428,0.96053463,1.0070912,1.0280563,1.1506518,0.06647108,0.18115394,0.2219915,0.26490748,0.30455253,0.4529018,0.651939,0.97744775,1.0644363,0.944005,0.6001785,0.5053041,0.44756302,0.48324102,0.4792132,0.39982152,0.49469593,0.552437,0.516759,0.52078676,0.20035699,0.010608161,-0.104873985,-0.03351794,-0.041573558
44,SH601838,0.032526559928210526,1.0,,,,SH601838,成都银行,2026-09-16,-0.007988012,0.020968582,-0.38095146,0.005991069,0.28571647,0.0069895005,0.33333206,-0.006989581,-0.33333588,1.0080523,1.0140916,0.9929542,0.9999975,0.9993248,0.97738016,0.9264011,0.90040517,0.8609048,1.0114112,0.99868333,0.97489876,0.9533311,0.9291526,0.008438228,0.016382825,0.02887808,0.039045807,0.041144688,-0.004186358,0.004102468,0.0046059615,0.004289935,0.0020529279,0.6153331,0.5748099,0.89037323,0.9355226,0.75931096,-0.0030385093,-0.01714445,-0.018655373,-0.015535156,0.010286006,1.0259504,1.0259504,1.0259504,1.0259504,1.0259504,0.9929542,0.9698247,0.9189097,0.89419466,0.8378919,1.0192438,1.0110736,1.001688,0.9974342,0.9623228,1.0067523,0.9798785,0.9435517,0.9111411,0.9036462,0.2,0.6,0.8,0.8666667,0.93333334,0.21353297,0.5376376,0.75756466,0.8030413,0.8620087,0.6,0.8,0.9,0.93333334,0.96666664,1.0,0.3,0.05,0.06666667,0.05,-0.4,0.5,0.85,0.8666667,0.9166667,0.36157382,0.09796608,-0.020773605,0.26195797,-0.088315636,0.95654017,0.24213745,0.41452456,0.41852498,0.19483776,0.4,0.5,0.55,0.56666666,0.55,0.6,0.5,0.45,0.43333334,0.45,-0.2,0.0,0.1,0.13333334,0.1,0.5054943,0.62007165,0.71626985,0.72450525,0.638255,0.4945057,0.37992835,0.28373015,0.27549478,0.36174497,0.010988605,0.2401433,0.43253967,0.44901046,0.27651006,0.9774707,0.95238084,0.9814484,0.9340836,1.0474542,0.08022534,0.20468515,0.23855777,0.27405065,0.286923,0.48029506,0.86368465,0.92325896,1.1265161,0.9917314,0.7214137,0.5601851,0.4464451,0.49310097,0.48785016,0.27858636,0.43981493,0.5535549,0.506899,0.5121499,0.44282728,0.12037014,-0.1071098,-0.013798031,-0.024299698
45,SH600011,0.031499647480522,0.9444444444444444,,,,SH600011,华能国际,2026-09-16,-0.008670511,0.021676278,-0.4,0.010115596,0.46666667,0.0028901703,0.13333334,-0.015895937,-0.73333335,1.0087464,1.0189505,0.99708456,1.0042827,1.0263708,0.98851174,0.97389036,1.0378591,1.0276763,1.0112271,1.0087206,0.9936162,0.9983986,1.0143429,0.006398193,0.009283698,0.01810505,0.01806624,0.029000634,-0.0026631828,0.0011108458,0.0027371936,2.1724505e-05,-0.0006300999,0.43313906,0.13124326,0.7999807,0.00011206395,0.14398049,-0.005900778,-0.013719433,-0.019619536,0.0012863829,0.0042450265,1.027896,1.027896,1.027896,1.0379682,1.1124498,0.9943618,0.9869877,0.95339423,0.95339423,0.95339423,1.0138904,1.0138904,1.0133159,1.0138904,1.0441253,1.0106528,1.0,0.97493476,0.98,0.9878851,0.2,0.25,0.625,0.48333332,0.34166667,0.16813144,0.31808388,0.6255654,0.55106527,0.29301563,0.2,0.6,0.8,0.033333335,0.35,0.4,0.1,0.1,0.4,0.7,-0.2,0.5,0.7,-0.36666667,-0.35,-0.29990277,0.4472449,0.30412877,0.35060334,0.65695155,-0.025478285,0.69100714,0.49961796,0.055918735,0.25469726,0.2,0.4,0.5,0.36666667,0.41666666,0.6,0.5,0.45,0.53333336,0.51666665,-0.4,-0.1,0.05,-0.16666667,-0.1,0.08943066,0.57284755,0.58591056,0.41789344,0.48055756,0.91056937,0.42715248,0.41408944,0.58210653,0.51944244,-0.8211387,0.14569505,0.17182112,-0.16421309,-0.0388849,0.9525094,1.0457065,0.97612774,1.137341,1.7578868,0.12602577,0.32662538,0.26626357,0.40930018,0.9379453,1.0421638,1.1976438,1.0739666,1.3704205,1.8657656,0.16495487,0.5463724,0.4113235,0.45994663,0.45947388,0.8350451,0.45362762,0.5886765,0.54005337,0.5405261,-0.67009026,0.09274478,-0.17735305,-0.08010673,-0.08105223
46,SH600795,0.03144125968881642,0.9444444444444444,,,,SH600795,国电电力,2026-09-16,0.0018832327,0.01883239,0.099999666,0.009416226,0.50000167,0.007532931,0.39999866,-6.217547e-08,-3.3015176e-06,0.9981203,1.0093986,0.99060154,0.9976629,0.99812156,1.0150341,0.9642845,0.9398459,0.8592992,0.9981203,0.9994359,0.9887212,0.9749993,0.9353974,0.004408019,0.008122746,0.016123295,0.024067542,0.050556023,0.0020675443,-0.00080865435,0.0019701798,0.0024676665,0.002783797,0.54999995,0.09085138,0.52260333,0.8147253,0.9247603,-0.002255408,0.0042030695,-0.007437906,-0.010780486,-0.01751941,1.0112795,1.0300716,1.0300716,1.0300716,1.0300716,0.97368425,0.97368425,0.95676446,0.91917163,0.8374056,1.0003757,1.0033826,1.0003757,0.99849725,0.98308146,0.99661756,0.9921043,0.97293156,0.95037633,0.87630445,0.7,0.65,0.775,0.85,0.925,0.6999762,0.46669602,0.5897861,0.7288402,0.84391844,0.6,0.1,0.55,0.7,0.85,0.4,0.7,0.2,0.3,0.05,0.2,-0.6,0.35,0.4,0.8,0.5775786,0.71764183,0.13668244,0.050979577,-0.15295787,0.62783486,0.31521356,0.6931702,0.6267404,0.5632719,0.4,0.3,0.4,0.46666667,0.53333336,0.6,0.6,0.5,0.46666667,0.43333334,-0.2,-0.3,-0.1,0.0,0.1,0.5384418,0.37501186,0.6144643,0.6311465,0.62667364,0.4615582,0.62498814,0.3855357,0.36885348,0.37332636,0.07688361,-0.24997626,0.2289286,0.26229304,0.2533473,0.9185014,0.9960999,1.1064031,1.1358865,1.266433,0.12469381,0.2211936,0.372384,0.42159015,0.42926076,0.79416275,0.9465866,1.4705368,1.369542,1.0895108,0.6317732,0.23418438,0.37539834,0.49413264,0.49216214,0.3682268,0.7658156,0.62460166,0.50586736,0.50783783,0.26354638,-0.53163123,-0.24920335,-0.0117347045,-0.015675701
47,SH601988,0.031112068159943485,1.0,,,,SH601988,中国银行,2026-09-16,0.0,0.018292628,0.0,0.0060975426,0.33333334,0.012195085,0.6666667,0.0060975426,0.33333334,1.0,1.0060976,0.9878049,0.9961372,0.9797805,1.0179087,0.92663205,0.87348354,0.89890236,1.0019642,0.99428076,0.97541887,0.94966304,0.9186694,0.0061627384,0.011943644,0.03334607,0.046641085,0.049926914,0.00092431996,0.0017050898,0.0044248374,0.004915404,0.0024912402,0.05623895,0.18682383,0.6162732,0.8607616,0.75938416,-0.003812833,-0.0019536864,-0.017454818,-0.020936394,0.007839025,1.0258503,1.0258503,1.0258503,1.0258503,1.0258503,0.9831839,0.9602852,0.9143905,0.8690056,0.8223089,1.0033507,1.0011554,1.0011554,1.000231,0.9751589,0.99907565,0.98116696,0.93587524,0.89878684,0.8820336,0.4,0.6,0.7,0.8,0.9,0.39412877,0.60573053,0.76807475,0.8351851,0.8729971,0.6,0.8,0.9,0.93333334,0.96666664,0.2,0.4,0.05,0.033333335,0.13333334,0.4,0.4,0.85,0.9,0.8333333,0.37578955,0.19708672,0.17045075,0.1083853,-0.1743225,0.47311714,-0.021211028,0.44052485,0.48004857,0.31565443,0.6,0.5,0.6,0.6333333,0.55,0.4,0.5,0.35,0.33333334,0.43333334,0.2,0.0,0.25,0.3,0.11666667,0.7272725,0.4134077,0.66493505,0.6980107,0.5694996,0.2727275,0.5865923,0.33506498,0.30198932,0.43050042,0.45454502,-0.17318459,0.32987005,0.39602137,0.13899916,1.2539704,1.2945771,1.4134464,1.4185294,1.6240475,0.2919826,0.29613113,0.40397835,0.38342163,0.46247578,0.5621702,0.76912683,1.5788993,1.4036001,1.0402436,0.55684286,0.43548006,0.4340003,0.45626315,0.4811387,0.44315714,0.56451994,0.5659997,0.5437368,0.5188613,0.11368572,-0.12903991,-0.13199934,-0.08747367,-0.037722602
48,SH601225,0.03094608854204779,0.7777777777777778,,,,SH601225,陕西煤业,2026-09-16,-0.0058049597,0.025541805,-0.2272729,0.008513904,0.33333212,0.011222941,0.43939498,-0.0030959232,-0.12121004,1.0058389,1.0144025,0.98871154,0.9985374,1.0329695,1.0158424,0.99614644,0.9297795,0.8216656,1.0088632,1.0120745,1.0220938,1.0107685,0.9609434,0.0064022583,0.011069763,0.021164665,0.025037799,0.06741822,-0.0039820294,-0.0014272417,-0.0011045585,0.0012177953,0.00333934,0.9671248,0.15238065,0.09532847,0.18334031,0.7482843,-0.0008991685,-0.0056519303,-0.011600478,-0.028426616,-0.059453946,1.0372093,1.0389252,1.0820717,1.0820717,1.0820717,0.98871154,0.983262,0.983262,0.93017405,0.7793321,1.0142155,1.0214087,1.0343823,1.0316421,1.0142155,1.0039392,1.0005138,1.0013274,0.99152213,0.92665386,0.2,0.15,0.125,0.35,0.675,0.23276296,0.3007011,0.16939643,0.459691,0.72890353,0.2,0.1,0.45,0.6333333,0.81666666,1.0,0.3,0.65,0.033333335,0.083333336,-0.8,-0.2,-0.2,0.6,0.73333335,0.80918664,0.069427215,0.3174682,0.05043402,-0.4758378,0.6301668,-0.13442756,0.39355254,0.37712792,0.35708064,0.0,0.3,0.45,0.5,0.53333336,1.0,0.6,0.5,0.46666667,0.43333334,-1.0,-0.3,-0.05,0.033333335,0.1,0.0,0.41474634,0.50777197,0.58779436,0.5947237,1.0,0.58525366,0.492228,0.4122056,0.40527627,-1.0,-0.17050731,0.015543991,0.17558879,0.18944743,1.2663417,1.4287847,1.4913754,1.5468116,1.8217549,0.2611011,0.33590227,0.38065684,0.37994406,0.54392856,0.97500235,1.3424525,1.1130114,1.0921047,1.1358582,0.26646253,0.38814995,0.4531482,0.47256923,0.48211145,0.73353744,0.6118501,0.5468518,0.5274308,0.51788855,-0.46707493,-0.22370014,-0.09370362,-0.054861523,-0.035777103
49,SH601857,0.030671875495865263,0.7222222222222222,,,,SH601857,XD中国石,2026-09-16,-0.010073261,0.021977985,-0.45833418,0.003662987,0.16666618,0.008241736,0.37499964,-0.005494512,-0.25000072,1.0101758,1.0138761,0.9916744,1.0011176,1.0224829,1.0171065,1.0127077,0.9604106,0.8264907,1.0067449,1.0093842,1.0104594,0.99895734,0.9515233,0.009346667,0.009896073,0.01157527,0.021649206,0.077115275,-0.0047898293,-0.0010012173,8.746118e-05,0.0016336173,0.0036892106,0.6565481,0.093830146,0.0019981884,0.4412842,0.698049,0.0028347939,-0.004878695,-0.011290327,-0.022644775,-0.06035502,1.0397646,1.0397646,1.0505284,1.0505284,1.0505284,0.98716426,0.9838563,0.9774594,0.9414082,0.77590144,1.015738,1.0185728,1.0185728,1.0155425,1.0109482,0.9994135,0.9994135,0.9994135,0.97859234,0.86774194,0.4,0.3,0.25,0.46666667,0.68333334,0.24402376,0.28875265,0.30848405,0.5369473,0.81601083,0.2,0.6,0.5,0.6666667,0.8333333,0.8,0.3,0.25,0.2,0.1,-0.6,0.3,0.25,0.46666667,0.73333335,0.35643497,0.09801378,0.06875879,0.14052105,-0.30047813,0.069476865,-0.11109803,-0.043019675,0.16276841,0.26655045,0.2,0.3,0.45,0.56666666,0.56666666,0.8,0.7,0.55,0.43333334,0.43333334,-0.6,-0.4,-0.1,0.13333334,0.13333334,0.18055621,0.39766097,0.46766165,0.55844146,0.60160273,0.81944376,0.602339,0.5323383,0.44155854,0.39839727,-0.6388876,-0.20467809,-0.064676695,0.11688294,0.20320545,1.1791378,1.1005155,1.0887055,1.105513,1.4373316,0.3785562,0.28975043,0.24429663,0.25965658,0.5454297,0.9902724,1.0112264,0.84826654,0.9536676,1.3789734,0.480061,0.44953075,0.42233488,0.47003978,0.4934272,0.519939,0.5504692,0.5776651,0.5299602,0.50657284,-0.039878033,-0.100938484,-0.15533021,-0.059920415,-0.01314565
50,SH600000,0.030593661449331958,0.8333333333333334,,,,SH600000,浦发银行,2026-09-16,-0.0076336064,0.021810282,-0.35000035,0.0032715348,0.14999965,0.010905141,0.5,0.0,0.0,1.0076923,1.0109891,0.989011,0.9970379,1.0142903,1.0197914,0.99778694,1.0175782,0.9338603,1.0173507,1.019001,1.012406,1.0102434,0.9912267,0.0134105515,0.0109291,0.013143442,0.012817079,0.038976014,-0.006367371,-0.0015769497,0.001040033,0.0004707101,0.0016383223,0.5635948,0.19084392,0.21915129,0.10452751,0.53889436,-0.0046158894,-0.011904704,-0.022286283,-0.017068759,-0.039557207,1.03624,1.0406306,1.0406306,1.0406306,1.0681239,0.989011,0.989011,0.9835034,0.9835034,0.89084613,1.0285425,1.0285425,1.0213215,1.0200063,1.0197914,1.0070313,1.01319,0.9995574,0.99778694,0.9590768,0.2,0.1,0.25,0.28333333,0.5083333,0.2326751,0.21288477,0.28876987,0.28876987,0.6157222,0.6,0.1,0.55,0.7,0.43333334,1.0,1.0,0.35,0.56666666,0.05,-0.4,-0.9,0.2,0.13333334,0.38333333,-0.33111954,-0.06276673,0.036540303,0.14562717,0.2580368,0.31453136,-0.21856457,0.225608,0.25939137,0.37616116,0.4,0.4,0.45,0.43333334,0.48333332,0.6,0.6,0.55,0.56666666,0.51666665,-0.2,-0.2,-0.1,-0.13333334,-0.033333335,0.3998223,0.41953707,0.5044202,0.4725946,0.5499236,0.6001777,0.58046293,0.49557978,0.5274054,0.45007637,-0.20035541,-0.16092585,0.008840422,-0.054810803,0.09984725,1.006323,0.9775968,1.0451435,0.9612544,1.0453598,0.1574681,0.23107496,0.24648443,0.24447086,0.32055214,0.5837074,0.7559645,0.66366976,0.7736758,1.1733742,0.695274,0.5165663,0.4958198,0.49174842,0.4795628,0.30472603,0.48343372,0.5041802,0.5082516,0.5204372,0.39054793,0.03313258,-0.00836038,-0.016503157,-0.040874418
51,SH600036,0.03018211794698669,0.9444444444444444,,,,SH600036,招商银行,2026-09-16,-0.005589259,0.021628156,-0.25842512,0.00631836,0.29213586,0.009720537,0.44943902,-0.0021870818,-0.10112198,1.0056207,1.0119746,0.99022484,0.9971007,1.0019447,0.9987525,0.95674026,0.9516034,0.8744038,1.0106039,1.0080612,0.9896309,0.9751633,0.9474053,0.008861588,0.008244687,0.022993127,0.02823733,0.045326978,-0.0037865937,3.536143e-05,0.00339761,0.002898918,0.0023250596,0.4564721,0.0001686253,0.76422113,0.8168199,0.8025176,-0.0030307372,-0.0082203,-0.021908158,-0.017197574,-0.01599452,1.0222353,1.0222353,1.0222353,1.0222353,1.0222353,0.99022484,0.99022484,0.9401279,0.92936206,0.8392008,1.0171571,1.0164746,1.0056212,1.0036691,0.99245614,1.0035224,1.0015558,0.9668452,0.94936526,0.9073751,0.2,0.2,0.6,0.73333335,0.8666667,0.3053748,0.3053748,0.7291929,0.760585,0.8785188,0.6,0.8,0.9,0.93333334,0.96666664,1.0,1.0,0.05,0.3,0.083333336,-0.4,-0.2,0.85,0.6333333,0.8833333,0.8536511,0.6557401,0.09028455,0.14080232,-0.26722658,0.7774019,0.6635373,0.6805682,0.65360844,0.42709154,0.4,0.5,0.55,0.56666666,0.5833333,0.6,0.5,0.45,0.43333334,0.41666666,-0.2,0.0,0.1,0.13333334,0.16666667,0.48176175,0.50655353,0.6220245,0.60483235,0.60598177,0.51823825,0.49344647,0.37797552,0.39516762,0.39401826,-0.036476474,0.01310707,0.24404897,0.20966476,0.2119635,1.2080886,1.2132808,1.3144898,1.3000603,1.6126518,0.17723317,0.25429463,0.38184574,0.39244422,0.5157337,0.50276375,0.6586068,0.94124913,1.1279289,0.95201594,0.6014681,0.4511351,0.41440874,0.46236938,0.46705312,0.3985319,0.5488649,0.58559126,0.5376306,0.5329469,0.20293616,-0.09772981,-0.17118251,-0.07526126,-0.06589379
52,SH601377,0.029232031307663036,0.8888888888888888,,,,SH601377,兴业证券,2026-09-16,0.020725438,0.02936092,0.7058852,0.0017270752,0.05882224,0.006908408,0.23529261,0.025906771,0.8823555,0.9796954,1.001692,0.9729273,0.99029857,1.0035545,0.9917061,0.9763033,1.01718,1.0154028,0.99289095,0.99780804,0.99594194,0.9944708,1.0074644,0.0118705295,0.009734602,0.010564787,0.009694957,0.016458148,-0.0026658643,-0.0018706014,0.00039331132,0.00023354005,-0.0006273469,0.12608863,0.3384836,0.048508674,0.044971008,0.44315273,0.012440763,0.010609676,0.000321627,0.002142923,0.0110423025,1.011763,1.0167527,1.0167527,1.0167527,1.0565574,0.9729273,0.9729273,0.9697038,0.9697038,0.9697038,1.0020142,1.0045023,1.0041468,1.0035545,1.0204976,0.9840047,0.9874407,0.98424166,0.9845971,0.9917061,0.8,0.5,0.5,0.6333333,0.33333334,0.69711024,0.6177405,0.6439302,0.6439302,0.34881908,0.2,0.2,0.6,0.73333335,0.083333336,1.0,1.0,0.1,0.4,0.7,-0.8,-0.8,0.5,0.33333334,-0.6166667,0.41551796,0.39150068,0.59405965,0.5693677,0.70412517,0.24518192,0.28380662,0.43940058,0.3729709,0.39773896,0.4,0.5,0.6,0.53333336,0.51666665,0.6,0.4,0.35,0.43333334,0.43333334,-0.2,0.1,0.25,0.1,0.083333336,0.4666672,0.55072516,0.58695656,0.45565772,0.48583883,0.5333328,0.44927487,0.4130434,0.5443423,0.51416117,-0.06666562,0.10145028,0.17391318,-0.08868456,-0.028322367,0.71244997,0.75328636,0.73110336,0.7070049,0.97313434,0.2533386,0.2708653,0.25378844,0.23269625,0.46811178,1.0091131,0.9816023,1.1244466,1.152777,1.5598936,0.6532781,0.54925877,0.5373788,0.503884,0.46898326,0.34672192,0.45074126,0.4626212,0.496116,0.5310167,0.3065562,0.09851748,0.074757606,0.0077679893,-0.06203346
53,SH601901,0.029014266841733537,1.0,,,,SH601901,方正证券,2026-09-16,0.005891002,0.016200233,0.36363688,0.005891002,0.36363688,0.0044182288,0.27272627,0.0044182288,0.27272627,0.9941435,1.0058565,0.98975116,1.0001322,1.0081081,1.0054054,0.9810811,1.0337838,1.0337838,1.0002702,1.005,1.0018244,1.003874,1.0204955,0.011679605,0.009492642,0.013437016,0.013734142,0.023221776,-0.0039189276,-0.0019574142,0.0007732175,-0.0002044312,-0.0010147714,0.281461,0.38976485,0.11589528,0.017170897,0.5824322,0.0075675608,0.0038083394,-0.00916991,-0.0009096411,0.009440239,1.0217341,1.0223012,1.0259042,1.0333135,1.1282455,0.9856936,0.9856936,0.97240746,0.97240746,0.97240746,1.0040541,1.0124325,1.0124325,1.0162163,1.0351351,0.99378383,0.9956757,0.99000007,0.9916216,1.0,0.8,0.4,0.45,0.41666666,0.20833333,0.39695424,0.3908042,0.51578057,0.45303425,0.17705922,0.2,0.2,0.45,0.033333335,0.016666668,0.8,0.9,0.2,0.46666667,0.73333335,-0.6,-0.7,0.25,-0.43333334,-0.71666664,0.50896525,0.17689174,0.13973475,-0.0013691339,0.7161545,0.43353072,0.38861746,0.25612262,0.23739536,0.42573878,0.6,0.6,0.6,0.43333334,0.41666666,0.4,0.4,0.4,0.5,0.48333332,0.2,0.2,0.2,-0.06666667,-0.06666667,0.42105246,0.46551698,0.5538462,0.42690045,0.47264764,0.57894754,0.534483,0.44615382,0.57309955,0.52735233,-0.1578951,-0.06896603,0.10769234,-0.14619914,-0.054704722,1.1250404,1.008039,1.0910448,1.0612936,1.622848,0.33169746,0.27584177,0.3006172,0.276771,1.1819935,1.0534279,1.1459069,0.9275907,0.9951393,2.5541568,0.562757,0.5141405,0.5019622,0.48240414,0.44580194,0.43724295,0.48585948,0.49803784,0.5175958,0.554198,0.12551408,0.028281024,0.003924318,-0.0351917,-0.10839611
54,SH688506,0.02893595612740786,0.9444444444444444,,,,SH688506,百利天恒,2026-09-16,-0.009877104,0.030080417,-0.32835662,0.011264898,0.37449273,0.008938415,0.29715064,-0.012203587,-0.40569875,1.0099757,1.0213529,0.9909724,1.0024233,0.9907663,1.0450966,1.1945257,1.1950617,1.0211055,1.0105363,1.0266045,1.0697886,1.1320293,1.2065777,0.02054379,0.036511578,0.06113143,0.10389389,0.11989461,0.0008903917,-0.008100957,-0.009071651,-0.011245594,-0.005063509,0.0046961405,0.45125592,0.7707465,0.90800136,0.544006,-0.0123170735,0.009849764,0.016392162,0.031031791,-0.05720409,1.047034,1.1047447,1.2598623,1.3438312,1.4645286,0.95436746,0.95436746,0.95436746,0.95436746,0.95436746,1.0219053,1.0499196,1.1109692,1.2447999,1.2960056,0.996727,0.99815327,1.0116823,1.0345685,1.0872253,0.4,0.3,0.15,0.1,0.05,0.4924379,0.303454,0.14937261,0.11716769,0.08944736,0.8,0.1,0.05,0.13333334,0.13333334,0.6,0.8,0.9,0.93333334,0.96666664,0.2,-0.7,-0.85,-0.8,-0.8333333,0.5132437,-0.018850032,0.2906617,0.55616,0.62050027,0.92072123,0.49099416,0.27159983,0.31299946,0.42736286,0.4,0.3,0.3,0.36666667,0.45,0.6,0.7,0.7,0.6333333,0.55,-0.2,-0.4,-0.4,-0.26666668,-0.1,0.5319089,0.4238374,0.32667306,0.38334483,0.49541137,0.46809107,0.57616264,0.6733269,0.6166552,0.50458866,0.06381786,-0.15232524,-0.34665388,-0.23331034,-0.009177274,1.5374842,1.4932947,1.5784897,1.7355956,2.2097135,0.5246198,0.39129737,0.3942819,0.49600205,0.89964086,0.83888245,0.6877582,0.81550425,0.77047735,1.2458687,0.40526652,0.4393491,0.4710794,0.4720061,0.47220927,0.5947335,0.5606509,0.5289206,0.5279939,0.5277907,-0.18946695,-0.12130177,-0.057841156,-0.0559878,-0.055581436
55,SH688082,0.028712635716580812,0.4444444444444444,,,,SH688082,盛美上海,2026-09-16,0.02511022,0.055772446,0.45022628,0.018734068,0.33590183,0.011928158,0.21387187,0.018304313,0.32819632,0.9755049,1.0182751,0.96386886,0.99327093,0.9663087,0.98939854,1.0342058,0.97986066,1.4020653,0.96878576,0.97031593,1.0018355,1.0265322,1.1129721,0.020182371,0.017701758,0.03905358,0.058096364,0.17900035,0.0067314175,0.00037303512,-0.0052069975,-0.004489841,-0.0076747434,0.27810493,0.0040707835,0.62218714,0.46287712,0.5606862,0.017751403,0.028005408,0.047631014,0.03857058,0.11343282,1.0182751,1.0182751,1.0800017,1.1843007,1.6035987,0.9192961,0.9192961,0.9192961,0.9192961,0.8561025,0.9766973,0.98346996,1.0383434,1.068851,1.2919682,0.9565924,0.9565924,0.96809274,0.97438496,0.9789412,1.0,1.0,0.6,0.43333334,0.33333334,0.8153633,0.8153633,0.5021847,0.3045378,0.19250597,1.0,1.0,0.3,0.3,0.06666667,0.4,0.7,0.85,0.9,0.48333332,0.6,0.3,-0.55,-0.6,-0.41666666,0.6872937,0.20648511,0.69412154,0.7130269,0.5506596,0.4298648,-0.10484588,0.15692034,0.30839726,0.32495925,0.6,0.4,0.45,0.46666667,0.46666667,0.4,0.6,0.55,0.53333336,0.53333336,0.2,-0.2,-0.1,-0.06666667,-0.06666667,0.6973474,0.5283852,0.45900837,0.5110834,0.4303709,0.3026526,0.47161475,0.5409916,0.48891658,0.56962913,0.39469483,0.05677048,-0.08198327,0.022166856,-0.13925822,0.70637447,0.66872734,0.81314987,1.099273,1.430782,0.22634327,0.17780831,0.23738778,0.501251,0.5253376,0.85932606,0.8890693,0.8517114,1.63494,1.0493313,0.74088836,0.5674821,0.36223617,0.4318042,0.4770723,0.25911164,0.4325179,0.63776386,0.5681958,0.5229277,0.48177668,0.13496421,-0.2755277,-0.13639161,-0.045855388
56,SZ000651,0.028680354408459476,0.7777777777777778,,,,,,2026-09-16,-0.0054815095,0.013051362,-0.41999522,0.004698529,0.36000296,0.0028713231,0.22000182,-0.007308715,-0.55999637,1.0055118,1.0102361,0.9971129,1.0012044,1.0202101,1.0099734,1.0323491,1.006115,0.9271653,1.0120734,1.0146455,1.0212182,1.0166004,1.0020471,0.009150502,0.008223803,0.0114391185,0.012874167,0.031606607,-0.005616709,-0.001597038,-0.001545061,0.00017890756,0.0012425492,0.94192004,0.34569773,0.6385195,0.014966519,0.47138014,-0.0008399628,-0.0074588326,-0.006540067,-0.01919451,-0.0387023,1.0280839,1.0309713,1.048839,1.048839,1.0613306,0.9971129,0.9971129,0.9971129,0.98962647,0.9194197,1.0179,1.0212599,1.0315362,1.0304221,1.0231485,1.0041996,1.0051969,1.0114429,1.0050901,0.97293603,0.2,0.1,0.05,0.1,0.33333334,0.09322099,0.08527132,0.05581609,0.17519179,0.5678235,0.2,0.3,0.2,0.46666667,0.43333334,1.0,1.0,1.0,0.26666668,0.033333335,-0.8,-0.7,-0.8,0.2,0.4,-0.620688,-0.2521023,0.5539727,0.5407466,-0.021141903,-0.70947677,-0.61292577,-0.42643613,0.22671081,0.324115,0.2,0.4,0.35,0.36666667,0.46666667,0.8,0.6,0.65,0.6333333,0.51666665,-0.6,-0.2,-0.3,-0.26666668,-0.05,0.08601012,0.42963353,0.36202505,0.48402816,0.5760682,0.9139899,0.57036644,0.6379749,0.51597184,0.4239318,-0.82797974,-0.14073293,-0.2759499,-0.031943686,0.1521364,0.7748946,0.9128547,1.1860933,1.1795746,1.4486051,0.15967974,0.21254413,0.41425344,0.41664827,0.5156021,0.75103974,0.9270998,0.84438854,1.5639224,1.2538431,0.48252004,0.52232414,0.39692166,0.4687145,0.4979432,0.51747996,0.47767586,0.60307837,0.5312855,0.5020568,-0.03495989,0.0446483,-0.20615669,-0.06257101,-0.004113603
57,SH601186,0.02857433816732194,0.8333333333333334,,,,SH601186,中国铁建,2026-09-16,0.0,0.013333334,0.0,0.003333296,0.2499972,0.010000037,0.7500028,0.0066667413,0.5000056,1.0,1.0033333,0.98999995,0.996908,1.0226294,1.0096983,0.9946121,1.0344827,0.9903017,1.0116379,1.0139009,1.0124462,1.0131825,1.009806,0.010375093,0.007942203,0.0069964505,0.009063057,0.027397627,-0.0064655175,-0.0012604496,0.00018391866,-0.00019394133,0.00064709096,0.9708735,0.23087685,0.024186002,0.035488945,0.17013927,0.001293111,-0.008228834,-0.014193344,-0.010370315,-0.028895207,1.0275275,1.0275275,1.0275275,1.0384055,1.0745518,0.98999995,0.98999995,0.98999995,0.98999995,0.9394643,1.0181035,1.019181,1.018319,1.0193965,1.030388,1.0025862,1.0092672,1.0086207,1.0060345,0.9814655,0.2,0.1,0.075,0.083333336,0.275,0.26647264,0.26647264,0.26647264,0.20658855,0.4481223,0.2,0.6,0.8,0.033333335,0.46666667,1.0,1.0,1.0,1.0,0.05,-0.8,-0.4,-0.2,-0.96666664,0.41666666,0.6789213,0.52074176,0.5966145,0.55579823,0.29379123,-0.36986935,0.33422393,0.45541745,0.33291364,0.1807728,0.2,0.5,0.55,0.4,0.5,0.8,0.5,0.45,0.56666666,0.45,-0.6,0.0,0.1,-0.16666667,0.05,0.11111054,0.41509417,0.51937985,0.40588236,0.5102975,0.88888943,0.58490586,0.48062015,0.59411764,0.4897025,-0.7777789,-0.16981167,0.038759682,-0.1882353,0.020595012,1.0417655,1.0140568,0.9452288,0.9538036,1.3365992,0.17724822,0.21625532,0.19026306,0.17575145,0.5712137,0.65826523,0.541056,0.5527659,0.6313823,0.9949087,0.2610001,0.5664071,0.49221686,0.44399863,0.4863658,0.7389999,0.4335929,0.5077831,0.55600137,0.5136342,-0.4779998,0.13281423,-0.015566277,-0.11200275,-0.02726841
58,SH601668,0.02797071895198115,0.6666666666666666,,,,SH601668,中国建筑,2026-09-16,-0.009345785,0.016355123,-0.5714286,0.0023364462,0.14285715,0.0046728924,0.2857143,-0.0070093386,-0.42857143,1.009434,1.0117924,0.995283,1.0008153,1.0355805,1.0187266,1.0402621,1.0805243,0.9962547,1.0189139,1.0255618,1.0326779,1.0391386,1.044382,0.0137356715,0.011901583,0.014316328,0.017962594,0.03871241,-0.008614233,-0.0030246293,-0.0017543873,-0.0015835327,0.00022785157,0.98327136,0.59203357,0.5256005,0.60230666,0.0105658285,-0.0016853883,-0.011950965,-0.016011229,-0.016177358,-0.051103644,1.0379394,1.0421689,1.0632524,1.0824318,1.1228771,0.995283,0.995283,0.995283,0.995283,0.95177907,1.0280899,1.0355805,1.0449438,1.0546817,1.0827715,1.0089887,1.0194757,1.0215356,1.0262172,1.0155431,0.2,0.1,0.05,0.033333335,0.15,0.11058065,0.1006055,0.06939853,0.05412553,0.28183222,0.2,0.2,0.25,0.033333335,0.48333332,1.0,1.0,1.0,1.0,0.05,-0.8,-0.8,-0.75,-0.96666664,0.43333334,-0.7989991,-0.28546745,-0.1864957,-0.2902038,0.41921428,-0.69464684,-0.426401,-0.50591254,-0.38143396,-0.04635907,0.0,0.4,0.5,0.4,0.46666667,0.8,0.5,0.45,0.53333336,0.43333334,-0.8,-0.1,0.05,-0.13333334,0.033333335,0.0,0.37500012,0.38378388,0.33712134,0.503367,1.0,0.6249999,0.6162161,0.6628787,0.496633,-1.0,-0.24999976,-0.23243228,-0.32575732,0.006734001,0.88332057,0.9449607,1.036912,0.9926982,1.1437273,0.19719078,0.17874919,0.29861066,0.26208377,0.34268954,0.7125176,0.6083782,1.2133934,1.1631784,1.0369422,0.5469457,0.42527634,0.48705772,0.4891772,0.491657,0.45305428,0.57472366,0.5129423,0.5108228,0.50834304,0.09389144,-0.1494473,-0.025884578,-0.021645606,-0.016686035
59,SH601868,0.02764222663844102,0.8333333333333334,,,,SH601868,中国能建,2026-09-16,0.0,0.012396698,0.0,0.0041322536,0.33333504,0.008264444,0.66666496,0.0041321903,0.33332992,1.0,1.0041323,0.9917356,0.9976755,1.0387597,1.0193799,1.0193799,1.0697675,1.0930232,1.0147287,1.0205426,1.0265504,1.0333333,1.0450904,0.01607477,0.013308127,0.012592594,0.016463244,0.023462564,-0.009689926,-0.0025135048,-0.0012560468,-0.001446914,-0.0008675966,0.9084299,0.3269919,0.3482165,0.598627,0.4170466,0.004651171,-0.009231857,-0.014617937,-0.012353078,-0.019496337,1.0428982,1.0470366,1.050648,1.0744815,1.1222028,0.9917356,0.9917356,0.9917356,0.9917356,0.9917356,1.0232558,1.0294573,1.0387597,1.0434109,1.0666667,1.0,1.0124031,1.0193799,1.0193799,1.0263566,0.3,0.15,0.075,0.05,0.025,0.16153279,0.14944442,0.14028344,0.099877305,0.06334499,0.2,0.5,0.25,0.13333334,0.033333335,1.0,1.0,1.0,1.0,1.0,-0.8,-0.5,-0.75,-0.8666667,-0.96666664,-0.08183712,0.12934345,-0.027253333,0.3120826,0.57968056,-0.9539371,-0.10785209,-0.13349828,-0.22622935,0.091098964,0.0,0.3,0.4,0.36666667,0.43333334,0.6,0.4,0.4,0.5,0.45,-0.6,-0.1,0.0,-0.13333334,-0.016666668,0.0,0.35294145,0.42857155,0.3392858,0.42207798,1.0,0.64705855,0.5714284,0.6607142,0.57792205,-1.0,-0.2941171,-0.14285688,-0.3214284,-0.15584405,1.2745314,1.2115922,1.1350837,1.2328032,1.6461626,0.35478646,0.37436286,0.29256397,0.31949523,0.555828,1.2645862,1.2235526,1.0209457,0.840223,1.0028701,0.3839903,0.4843693,0.46707332,0.46541077,0.47218302,0.6160097,0.5156307,0.5329267,0.53458923,0.527817,-0.23201941,-0.0312614,-0.06585338,-0.069178484,-0.05563399
60,SH688981,0.026416598921911633,0.3333333333333333,,,,SH688981,中芯国际,2026-09-16,0.05258584,0.055632874,0.9452296,0.0007834889,0.0140832,0.0022635462,0.040687207,0.054065898,0.9718336,0.9500413,1.0007443,0.9478908,0.980724,0.99677414,1.0136476,1.0588089,1.0376344,1.2533499,0.9700909,0.99055415,1.01,1.030193,1.1177378,0.023718514,0.02825332,0.031846095,0.04330213,0.12373771,0.00073614623,-0.006747375,-0.003493598,-0.0034410993,-0.0058971415,0.002408204,0.52280784,0.4212128,0.48941538,0.6927537,0.028436761,0.03980905,0.023189215,0.01970298,0.056227915,1.0007443,1.0401157,1.0743589,1.137138,1.4585608,0.9396194,0.9396194,0.9396194,0.9396194,0.9396194,0.9886187,1.0090157,1.0386766,1.0596194,1.2502894,0.9487344,0.9669147,0.9911993,0.9972374,1.0119437,1.0,0.6,0.4,0.26666668,0.15,0.98782253,0.60082364,0.448128,0.30569553,0.11635333,1.0,0.2,0.4,0.3,0.2,0.8,0.9,0.95,0.96666664,0.98333335,0.2,-0.7,-0.55,-0.6666667,-0.78333336,0.24779247,0.009305269,0.22971477,0.69404286,0.8115314,0.41249743,0.21430229,0.1781904,0.20817193,0.27955994,0.4,0.4,0.35,0.4,0.43333334,0.6,0.6,0.65,0.6,0.56666666,-0.2,-0.2,-0.3,-0.2,-0.13333334,0.51469505,0.4654957,0.42542487,0.47026533,0.44111654,0.48530498,0.5345043,0.5745751,0.5297347,0.5588834,0.029390054,-0.069008596,-0.14915027,-0.05946933,-0.11776691,0.74544615,0.71342844,0.79157305,1.0111666,1.640361,0.20320584,0.16039984,0.18390155,0.39475486,0.8005165,1.0318267,0.90761536,0.7980367,0.8717266,1.3274847,0.7078906,0.5809285,0.4257094,0.4548751,0.43098548,0.29210937,0.4190715,0.5742906,0.5451249,0.56901455,0.41578126,0.161857,-0.14858119,-0.090249754,-0.13802907
61,SZ301308,0.025185537091890302,0.2222222222222222,,,,,,2026-09-16,0.035150472,0.037440896,0.93882555,0.0022904263,0.061174452,0.0,0.0,0.032860044,0.8776511,0.9660431,1.0022126,0.9660431,0.9884793,1.0267752,1.0688591,1.1180733,1.0766007,1.8290744,0.99423164,1.0198225,1.0608352,1.1016802,1.2815027,0.021801721,0.033030372,0.05081276,0.07770174,0.3458048,-0.008003489,-0.009130241,-0.0075281183,-0.0074982163,-0.015531657,0.3369125,0.7004047,0.7682373,0.72169906,0.6152808,0.02177534,0.021263652,0.010681885,0.0070439214,0.1766812,1.0428957,1.0856965,1.1413763,1.3040037,2.2123225,0.9660431,0.9660431,0.9660431,0.9660431,0.9086827,1.0061408,1.0572176,1.1131315,1.1768218,1.6177008,0.975064,0.9953085,1.0193248,1.026164,1.026164,0.6,0.3,0.15,0.1,0.13333334,0.44184443,0.28379387,0.19367057,0.10047583,0.070047945,0.2,0.4,0.35,0.13333334,0.083333336,1.0,1.0,1.0,1.0,0.41666666,-0.8,-0.6,-0.65,-0.8666667,-0.33333334,0.49376902,0.5161365,0.55927455,0.8089764,0.43983117,0.31751153,0.13593954,0.36627653,0.31564,0.2718875,0.2,0.3,0.4,0.46666667,0.45,0.8,0.7,0.6,0.53333336,0.55,-0.6,-0.4,-0.2,-0.06666667,-0.1,0.3486846,0.3283519,0.36782432,0.45476732,0.3852469,0.6513154,0.6716481,0.6321757,0.54523265,0.61475307,-0.30263078,-0.34329617,-0.26435137,-0.09046535,-0.2295062,0.9703524,1.1063892,1.2010635,1.7491411,2.2365327,0.16776666,0.26337814,0.30464268,0.8901595,0.88472486,0.7147455,0.75034356,1.0158339,1.2128406,1.0091459,0.405439,0.52289325,0.3950002,0.4169155,0.47108206,0.594561,0.47710678,0.6049998,0.5830845,0.5289179,-0.18912202,0.045786444,-0.20999962,-0.166169,-0.057835855
62,SH601881,0.025131445081020186,0.8888888888888888,,,,SH601881,中国银河,2026-09-16,0.00247932,0.016528906,0.14999902,0.0033057332,0.19999708,0.010743854,0.6500039,0.009917441,0.6000058,0.9975268,1.0032976,0.98680955,0.99653125,1.00342,1.0177839,0.98153216,1.0424076,1.0232557,0.9975376,1.0060191,1.0065663,1.0082991,1.0288874,0.010514392,0.01277522,0.013258315,0.013602699,0.026990179,-0.00075238704,-0.0032748803,5.7600693e-05,-0.00037037648,-0.0011443367,0.012801309,0.6023731,0.00066061254,0.057456385,0.54827183,0.0039671636,0.008717826,-0.0071135336,-0.002928657,0.0048705786,1.0124524,1.0335565,1.0335565,1.0400126,1.1204104,0.97363675,0.97363675,0.97363675,0.97363675,0.97363675,1.0023255,1.0140903,1.0180575,1.0195622,1.0555403,0.99316,0.9975376,0.9948016,0.99493843,1.0090287,0.8,0.4,0.4,0.33333334,0.16666667,0.6791926,0.4399764,0.4399764,0.39718175,0.17961837,0.2,0.2,0.6,0.033333335,0.11666667,0.6,0.8,0.9,0.93333334,0.96666664,-0.4,-0.6,-0.3,-0.9,-0.85,-0.8392238,-0.2591383,0.4233618,0.2494228,0.7255941,-0.80224633,-0.56386304,0.12792867,0.00470735,0.33892965,0.8,0.6,0.65,0.5,0.53333336,0.2,0.4,0.3,0.43333334,0.43333334,0.6,0.2,0.35,0.06666667,0.1,0.46913606,0.39516133,0.562212,0.40432087,0.48339847,0.53086394,0.60483867,0.437788,0.5956791,0.5166015,-0.06172786,-0.20967732,0.124423966,-0.19135824,-0.033203043,1.2318976,1.1566614,1.1383133,1.1307787,1.8364213,0.3185681,0.28054562,0.3203366,0.2936362,1.1360545,1.1706004,1.242746,1.1707762,1.1045212,1.7008569,0.54866916,0.45147738,0.48538467,0.4571907,0.45790046,0.4513308,0.5485226,0.51461536,0.5428093,0.54209954,0.09733836,-0.09704523,-0.029230667,-0.08561863,-0.08419909
63,SH600015,0.024326564584425947,0.7777777777777778,,,,SH600015,华夏银行,2026-09-16,0.0031746451,0.014285694,0.22222547,0.0031745615,0.22221963,0.007936487,0.5555549,0.007936571,0.55556077,0.9968354,1.0031645,0.988924,0.99468166,1.0046352,0.9856062,1.0426934,1.0727006,1.0060991,1.0053183,1.0010246,1.0207367,1.0326339,1.0363828,0.007922919,0.008145704,0.033018123,0.032523204,0.035456173,-0.004244922,0.0010734336,-0.004150655,-0.002964721,-5.1585266e-05,0.717644,0.15918589,0.55309105,0.6439954,0.0006456059,0.0031715021,-0.0058550634,0.018694483,0.010354502,-0.034861073,1.0204856,1.0204856,1.0902178,1.0902178,1.1155056,0.988924,0.9840316,0.9682039,0.9682039,0.9579218,1.0097096,1.0052695,1.0623567,1.0651866,1.0666991,0.9993657,0.99585265,0.99585265,0.99965847,1.0,0.4,0.55,0.4,0.26666668,0.21666667,0.35093227,0.4380423,0.2605942,0.2605942,0.26702106,0.2,0.6,0.2,0.46666667,0.46666667,1.0,0.3,0.4,0.6,0.05,-0.8,0.3,-0.2,-0.13333334,0.41666666,0.84996784,-0.400678,-0.38355517,-0.562807,-0.11891134,0.6628353,-0.14900368,-0.5774039,-0.47872275,-0.17080079,0.6,0.7,0.55,0.43333334,0.51666665,0.4,0.3,0.45,0.5,0.43333334,0.2,0.4,0.1,-0.06666667,0.083333336,0.44571468,0.58550745,0.41935483,0.38395628,0.49528834,0.5542853,0.41449258,0.5806452,0.61604375,0.5047116,-0.10857063,0.17101488,-0.16129036,-0.23208743,-0.009423295,1.1307076,1.2856786,1.5153692,1.2717485,1.1929104,0.12585974,0.2812871,0.71583396,0.6938659,0.54033047,0.6364941,0.46147653,1.6790687,1.9970835,1.7647786,0.35768968,0.18233292,0.47272483,0.4980189,0.49733147,0.6423103,0.81766707,0.5272752,0.5019811,0.50266856,-0.28462064,-0.63533413,-0.054550353,-0.003962199,-0.0053370856
64,SH600905,0.024035429520824693,0.7222222222222222,,,,SH600905,三峡能源,2026-09-16,-0.00543474,0.010869595,-0.4999947,0.0027174277,0.25000265,0.0027174277,0.25000265,-0.00543474,-0.4999947,1.0054644,1.0081967,0.9972677,1.0007558,1.0102041,1.0025511,1.007653,1.0433674,1.0586734,1.0035714,1.005102,1.0086734,1.0136055,1.023597,0.004268675,0.0039884527,0.0058172215,0.009966757,0.02145998,-0.0015306211,-0.0004019787,-0.0006674847,-0.0009613868,-0.0003347729,0.32143205,0.09311265,0.4608074,0.7210912,0.07422356,-0.00051018764,-0.003293135,-0.0023323644,0.0003346582,-0.013721148,1.0129344,1.0156647,1.0231365,1.0411654,1.0805018,0.9969083,0.9969083,0.9969083,0.9969083,0.9858944,1.0061225,1.0102041,1.0153061,1.0219388,1.0438776,1.0,1.0020409,1.0025511,1.005102,1.007653,0.3,0.15,0.075,0.05,0.041666668,0.19291659,0.16483441,0.11787685,0.06985778,0.14909627,0.2,0.5,0.25,0.033333335,0.48333332,0.8,0.9,0.95,0.96666664,0.2,-0.6,-0.4,-0.7,-0.93333334,0.28333333,-0.32571626,0.0757688,0.107541464,0.2708102,0.51153946,-0.69058913,0.020965664,0.13882221,0.10284413,-0.020522838,0.4,0.4,0.4,0.3,0.38333333,0.4,0.2,0.35,0.46666667,0.43333334,0.0,0.2,0.05,-0.16666667,-0.05,0.24999857,0.4545447,0.44827592,0.31111115,0.42857146,0.75000143,0.5454553,0.5517241,0.68888885,0.57142854,-0.50000286,-0.0909106,-0.10344817,-0.3777777,-0.14285706,1.2377675,1.1664104,1.1975362,1.2340919,1.7330393,0.215576,0.23269121,0.28981447,0.2694135,0.7479351,1.1053039,1.3145233,0.85839134,0.87801373,1.9072541,0.3669787,0.4574488,0.46258256,0.4035886,0.45881766,0.6330213,0.5425512,0.5374174,0.5964114,0.54118234,-0.26604256,-0.0851024,-0.07483487,-0.19282283,-0.08236467
65,SZ300413,0.022766365298347267,0.5555555555555556,,,,,,2026-09-16,0.024067435,0.03971114,0.6060626,0.0024066917,0.06060495,0.013237012,0.33333245,0.034897756,0.8787901,0.9764982,1.0023501,0.96357226,0.9865783,1.0910871,1.2056806,0.87169445,0.9676787,0.86875606,1.0171074,1.1118838,1.0219883,0.98878,0.9400152,0.026656024,0.113887735,0.15984848,0.13870853,0.112472326,-0.014658824,-0.033191863,0.013826191,0.008225848,0.0039454675,0.75604475,0.77861136,0.26185215,0.2725566,0.37532324,0.012210274,0.037479628,-0.15333705,-0.10805484,-0.056406513,1.101516,1.380638,1.380638,1.380638,1.380638,0.96357226,0.96357226,0.811365,0.811365,0.811365,1.0430297,1.2189357,1.19889,1.1096311,0.98596144,0.9966046,1.0125368,0.83277833,0.8808357,0.8589618,0.4,0.2,0.5,0.6666667,0.8333333,0.26407662,0.087342896,0.33136126,0.33136126,0.33136126,0.2,0.2,0.6,0.73333335,0.8666667,1.0,1.0,0.2,0.46666667,0.73333335,-0.8,-0.8,0.4,0.26666668,0.13333334,0.8464219,0.8785494,0.9185253,0.9089867,0.90192246,0.49386927,0.31834632,0.5719365,0.5524776,0.5601096,0.4,0.4,0.55,0.4,0.45,0.6,0.6,0.45,0.56666666,0.51666665,-0.2,-0.2,0.1,-0.16666667,-0.06666667,0.14322284,0.28185612,0.56695056,0.51502275,0.5405733,0.85677713,0.7181439,0.4330494,0.48497722,0.4594267,-0.7135543,-0.4362878,0.13390116,0.030045563,0.08114658,1.6794006,2.6293597,1.7978513,1.2949656,0.8295291,0.5212282,1.1222249,1.5044961,1.4170408,1.1007887,0.84006965,0.87326914,1.3373588,1.7305714,2.3115375,0.08777047,0.15226515,0.53901833,0.5244096,0.5244543,0.91222954,0.84773487,0.46098167,0.47559038,0.4755457,-0.8244591,-0.6954697,0.078036636,0.048819225,0.048908617
66,SH600919,0.02204821766053454,0.7777777777777778,,,,SH600919,江苏银行,2026-09-16,-0.015384567,0.030769236,-0.49999833,0.0080972,0.26315895,0.007287469,0.23684272,-0.016194297,-0.52631456,1.015625,1.0238487,0.99259865,1.0004687,1.0139692,1.0067438,0.9826589,0.9537572,0.90173405,1.0239884,1.014788,1.0053949,0.9916185,0.9601156,0.015827922,0.01516308,0.015303413,0.023806987,0.04022573,-0.009393056,0.0020464761,0.0018760769,0.0024165155,0.0022138993,0.88045275,0.16697443,0.5260084,0.7984946,0.92386323,-0.0052023088,-0.02399718,-0.023217713,-0.026657958,-0.025425619,1.0528368,1.0528368,1.0528368,1.0528368,1.0528368,0.99259865,0.9908141,0.97050905,0.9474595,0.86608016,1.0345857,1.0325626,1.0143546,1.010212,0.9978806,1.0127168,0.9998073,0.99393064,0.9656069,0.92331403,0.2,0.3,0.525,0.68333334,0.84166664,0.12286803,0.14810549,0.3582142,0.49859416,0.71708226,0.6,0.8,0.9,0.93333334,0.96666664,1.0,0.3,0.05,0.06666667,0.06666667,-0.4,0.5,0.85,0.8666667,0.9,-0.46847594,-0.112055846,0.01682255,0.22955987,-0.2672147,0.7233786,-0.002342071,0.25699234,0.2956542,0.19098867,0.2,0.4,0.45,0.46666667,0.55,0.8,0.6,0.55,0.53333336,0.45,-0.6,-0.2,-0.1,-0.06666667,0.1,0.3875965,0.46982756,0.5426541,0.58026755,0.5829269,0.6124035,0.53017247,0.45734593,0.41973248,0.4170731,-0.22480702,-0.060344875,0.085308164,0.16053505,0.16585381,0.82593966,0.7575248,0.75504637,0.7307608,0.80587673,0.13725212,0.17024016,0.18454984,0.18886125,0.19057038,0.817374,0.7246295,0.69611335,0.76470935,0.7750561,0.73343366,0.6065953,0.49615508,0.51022106,0.5062051,0.2665663,0.39340475,0.5038449,0.48977897,0.49379495,0.46686736,0.21319053,-0.007689861,0.020442074,0.012410131
67,SH601111,0.021432203665520507,0.7777777777777778,,,,SH601111,中国国航,2026-09-16,-0.005199295,0.017331017,-0.29999942,0.001733132,0.10000175,0.01039859,0.59999883,0.003466163,0.19999766,1.0052265,1.0069686,0.9895471,0.99618,1.0289193,0.9984779,1.0121765,1.0791476,1.0715373,1.0094368,1.0144596,1.0180365,1.0252156,1.0424911,0.007331245,0.009362061,0.0110563245,0.016989933,0.028670864,-0.004261782,-0.0014482732,-0.0008617424,-0.0014245494,-0.0011242342,0.8448253,0.2193661,0.21261868,0.54484546,0.46895564,-0.0009132426,-0.007942411,-0.009849947,-0.0045596347,-0.009326191,1.0250165,1.0306633,1.0432769,1.0876667,1.1470032,0.9895471,0.9895471,0.9895471,0.9895471,0.9895471,1.0136986,1.021309,1.0252663,1.035312,1.0657535,1.0048705,1.0057838,1.0085236,1.011872,1.0197868,0.2,0.1,0.1,0.06666667,0.033333335,0.29470205,0.25422958,0.1945464,0.106532544,0.06638639,0.2,0.5,0.25,0.033333335,0.016666668,1.0,1.0,1.0,1.0,1.0,-0.8,-0.5,-0.75,-0.96666664,-0.98333335,-0.08166847,0.06925097,0.08436152,0.19257298,0.65443164,-0.39110824,0.13095188,0.17092873,-0.0122351665,0.17865549,0.2,0.4,0.45,0.36666667,0.43333334,0.8,0.4,0.4,0.53333336,0.51666665,-0.6,0.0,0.05,-0.16666667,-0.083333336,0.08695829,0.51162815,0.46428582,0.34705886,0.4530938,0.9130417,0.48837185,0.53571415,0.6529411,0.5469062,-0.8260834,0.023256319,-0.07142836,-0.30588225,-0.09381239,1.0800622,1.1048506,1.125922,1.1505779,1.5135264,0.46890032,0.41032556,0.32790115,0.33265504,0.6443374,0.5652411,1.0523226,0.82589823,0.95537573,1.7287765,0.4776973,0.46442667,0.4929099,0.45361578,0.47856107,0.5223027,0.5355733,0.5070901,0.5463842,0.5214389,-0.044605393,-0.07114666,-0.014180192,-0.09276841,-0.042877845
68,SH600938,0.021424274586280292,0.7222222222222222,,,,SH600938,中国海油,2026-09-16,-0.016646905,0.03269912,-0.5090934,0.010701476,0.32727107,0.005350738,0.16363554,-0.021997644,-0.67272896,1.0169287,1.0278114,0.9945587,1.006329,1.0334564,1.0209968,1.0083064,0.9277804,0.8682511,1.0204431,1.0197508,1.0218966,1.0097678,0.951942,0.0154303955,0.015103308,0.014468102,0.0260672,0.07647821,-0.009506241,-3.076946e-05,4.371855e-05,0.0018903229,0.003971845,0.9488631,3.8045833e-05,0.0003195777,0.40755382,0.8226384,-0.0014305462,-0.019612378,-0.022311985,-0.037177436,-0.06911146,1.0732181,1.0732181,1.0732181,1.0732181,1.0732181,0.9945587,0.9835457,0.97435963,0.9197597,0.7847052,1.0282419,1.0347024,1.034887,1.0268112,1.0190125,1.0090448,1.0083988,1.0096447,0.99418557,0.86797416,0.2,0.1,0.05,0.26666668,0.6333333,0.06917569,0.18349336,0.25936452,0.52287996,0.74622244,0.4,0.7,0.85,0.9,0.95,1.0,0.3,0.25,0.033333335,0.1,-0.6,0.4,0.6,0.8666667,0.85,0.35883906,0.33068502,0.09833614,0.07504213,-0.39566717,-0.38040423,-0.09547867,-0.1536891,0.19896393,0.1555602,0.2,0.2,0.3,0.43333334,0.45,0.6,0.7,0.65,0.53333336,0.53333336,-0.4,-0.5,-0.35,-0.1,-0.083333336,0.1497581,0.4061854,0.48085105,0.5960712,0.57110834,0.8502419,0.5938146,0.51914895,0.40392885,0.4288917,-0.7004838,-0.18762922,-0.038297903,0.19214232,0.14221664,1.3640122,1.1989536,1.1415617,1.1655792,1.4552217,0.6704996,0.4932965,0.37421358,0.35347214,0.52422094,1.0300859,1.0989552,0.9634315,1.2642686,1.3871462,0.49971786,0.458419,0.49063218,0.46479532,0.49349064,0.50028217,0.541581,0.5093678,0.5352047,0.50650936,-0.0005642975,-0.08316199,-0.018735621,-0.070409365,-0.013018744
69,SZ002142,0.021080413265277247,0.8888888888888888,,,,,,2026-09-16,-0.024175169,0.039533563,-0.61151,0.008532454,0.21582812,0.0068259398,0.17266189,-0.025881683,-0.6546762,1.0247741,1.033518,0.993005,1.0033708,1.0102264,0.9996553,0.9611628,0.9224405,0.87418133,1.0294151,1.0170401,1.0040905,0.9817496,0.9420966,0.018276252,0.018358128,0.018954806,0.03620329,0.05243347,-0.010076984,0.0027695114,0.0023889444,0.0038145466,0.0028512524,0.76002336,0.20862243,0.5559574,0.8603822,0.90189093,-0.009261188,-0.029502906,-0.026785515,-0.037060514,-0.026208539,1.0500497,1.0500497,1.0500497,1.0500497,1.0500497,0.993005,0.9827651,0.9708512,0.90933895,0.83001566,1.0429047,1.0362175,1.013122,1.0064576,0.99501324,1.0197634,1.0021142,0.9912674,0.93845797,0.902976,0.2,0.2,0.6,0.73333335,0.8666667,0.12262392,0.2561497,0.3680475,0.64430803,0.77253664,0.2,0.6,0.8,0.8666667,0.93333334,1.0,0.3,0.05,0.06666667,0.083333336,-0.8,0.3,0.75,0.8,0.85,-0.21306755,0.049205683,0.06204217,0.17709821,-0.28626263,0.55415595,0.32095098,0.39832118,0.38105556,0.23099835,0.4,0.5,0.5,0.53333336,0.53333336,0.6,0.4,0.4,0.4,0.43333334,-0.2,0.1,0.1,0.13333334,0.1,0.44657856,0.5013477,0.58848166,0.6361436,0.5975414,0.55342144,0.49865228,0.4115183,0.36385635,0.4024586,-0.10684285,0.0026954638,0.17696337,0.27228728,0.1950828,0.83669233,0.756146,0.7654085,0.7406692,0.8912462,0.26634163,0.21992153,0.241752,0.21992876,0.32823235,0.8705617,1.1463506,1.3880966,1.4003655,1.2994924,0.6432324,0.55392385,0.50624686,0.5168596,0.4981755,0.35676762,0.44607618,0.49375314,0.48314038,0.5018245,0.28646478,0.107847646,0.012493716,0.033719238,-0.0036489984
70,SH601607,0.020832919587511805,0.7222222222222222,,,,SH601607,上海医药,2026-09-16,-0.0030844903,0.012338075,-0.2499977,0.0006168754,0.049997706,0.008636708,0.7000046,0.004935343,0.40000919,1.0030941,1.0037128,0.9913366,0.9965825,1.0198122,1.0117344,1.0129898,1.0185568,0.9625041,1.0064293,1.01472,1.0132381,1.0173616,1.0093849,0.004773599,0.009761552,0.009086323,0.010679194,0.026651926,-0.002346885,-0.0027729524,-0.00017346487,-0.0006535301,0.0007437944,0.604271,0.73970485,0.012756009,0.29023916,0.23754637,-0.0017355917,-0.0022416592,-0.01159021,-0.007885397,-0.03132678,1.0191793,1.0321685,1.0365156,1.0501281,1.055062,0.9913366,0.9913366,0.9913366,0.9913366,0.9097724,1.0097696,1.024375,1.0206746,1.0269512,1.0292108,1.0024887,1.0070406,1.0050758,1.0077829,0.99559,0.2,0.1,0.05,0.033333335,0.23333333,0.31115532,0.21217301,0.19175763,0.1473585,0.62101895,0.2,0.3,0.05,0.1,0.31666666,1.0,1.0,1.0,1.0,0.05,-0.8,-0.7,-0.95,-0.9,0.26666668,-0.6420555,0.14179033,-0.011938838,0.32888773,0.027844647,-0.70797306,0.096978284,0.051696252,0.24019171,0.2912403,0.2,0.4,0.45,0.4,0.46666667,0.8,0.6,0.5,0.56666666,0.5,-0.6,-0.2,-0.05,-0.16666667,-0.033333335,0.13627158,0.39345938,0.45818692,0.4585973,0.53138995,0.8637284,0.6065406,0.5418131,0.5414027,0.46861005,-0.72745687,-0.21308124,-0.08362615,-0.0828054,0.0627799,0.9357798,0.956352,1.1907568,1.2771567,1.5357308,0.094193056,0.14732628,0.38902998,0.3765617,0.5483246,0.68109304,0.7276713,1.3528217,1.2309903,1.0332336,0.731247,0.5397869,0.4622676,0.46920225,0.48556122,0.268753,0.46021312,0.53773236,0.5307978,0.51443875,0.46249402,0.07957374,-0.07546478,-0.06159551,-0.028877528
71,SH600039,0.020068261688130813,0.5555555555555556,,,,SH600039,四川路桥,2026-09-16,-0.013407805,0.02793301,-0.47999853,0.00782124,0.2799999,0.0067039663,0.24000156,-0.014525079,-0.5199969,1.01359,1.0215175,0.99320495,1.0026021,1.0463952,1.0781472,0.9626447,0.9750467,0.87082547,1.0235487,1.0339633,1.0161785,0.99613494,0.9665745,0.01665469,0.015916122,0.04009741,0.043639254,0.05765135,-0.009510647,-0.004323245,0.0040421756,0.0038680595,0.0026622924,0.8152428,0.6763268,0.35568509,0.60888237,0.65041786,-0.004527442,-0.01450877,-0.054579202,-0.052221816,-0.04511213,1.0555028,1.0849396,1.0939543,1.0939543,1.0939543,0.99320495,0.99320495,0.9388277,0.93542606,0.8277204,1.0364736,1.0454987,1.0454987,1.0421367,1.0233097,1.0117744,1.023743,0.98070973,0.9553829,0.91245425,0.2,0.1,0.4,0.6,0.7416667,0.10907403,0.07407316,0.39433786,0.40733394,0.6470985,0.2,0.1,0.45,0.6333333,0.81666666,1.0,1.0,0.1,0.26666668,0.06666667,-0.8,-0.9,0.35,0.36666667,0.75,-0.34268457,0.40502924,0.5615127,0.53168803,0.29861316,-0.4091473,-0.32856086,0.3873697,0.40789422,0.3377024,0.2,0.3,0.5,0.46666667,0.5,0.8,0.7,0.5,0.53333336,0.5,-0.6,-0.4,0.0,-0.06666667,0.0,0.14104033,0.1714824,0.5667736,0.5331876,0.5763221,0.8589597,0.8285176,0.43322638,0.46681237,0.4236779,-0.71791935,-0.65703523,0.13354722,0.06637525,0.15264422,1.0511142,1.4969745,1.7520088,1.6033822,1.6358111,0.21322547,0.69039035,1.0566591,0.9078234,0.74979115,0.5492487,1.0924442,1.7193893,1.7691008,1.3836343,0.46978235,0.18203452,0.48147017,0.48214364,0.49599704,0.53021765,0.8179655,0.51852983,0.51785636,0.504003,-0.060435303,-0.63593096,-0.03705968,-0.035712734,-0.008005927
72,SZ000333,0.019617367765691514,0.6666666666666666,,,,,,2026-09-16,-0.022988487,0.03333334,-0.6896545,0.0047126915,0.14138073,0.0056321593,0.16896474,-0.02206902,-0.6620705,1.0235294,1.028353,0.99423534,1.0036693,1.012002,1.0233085,0.9967213,1.005544,0.85883754,1.0152767,1.0161828,1.0159553,1.0075847,0.9843249,0.009876451,0.010137744,0.010703369,0.016295748,0.04271858,-0.0016830574,-0.0011749095,0.00027638194,0.0011305244,0.0019568624,0.0725999,0.12312256,0.023337072,0.37300363,0.6400101,-0.011910573,-0.010895709,-0.01858092,-0.0239773,-0.04205233,1.0364847,1.041194,1.041194,1.041194,1.0529485,0.99423534,0.99341375,0.98764735,0.96929455,0.8540247,1.0221957,1.0262971,1.0262971,1.0216075,1.015225,1.0113025,1.0099553,1.0102255,0.99215496,0.9449498,0.2,0.1,0.1,0.3,0.53333336,0.1364439,0.13784513,0.23068942,0.42706114,0.7338252,0.8,0.1,0.55,0.7,0.43333334,1.0,0.5,0.05,0.26666668,0.016666668,-0.2,-0.4,0.5,0.43333334,0.41666666,-0.91586745,-0.78194356,-0.31877992,-0.3615225,-0.59286267,-0.88446337,-0.6981576,0.107114844,-0.09196469,0.14864767,0.8,0.7,0.6,0.53333336,0.53333336,0.2,0.3,0.4,0.46666667,0.46666667,0.6,0.4,0.2,0.06666667,0.06666667,0.3518159,0.36470595,0.5097714,0.4899618,0.6114877,0.6481841,0.6352941,0.4902286,0.5100382,0.3885123,-0.29636818,-0.27058813,0.019542806,-0.020076375,0.22297537,0.7398283,0.6936617,0.6992493,0.74626446,1.0668724,0.15399916,0.13811627,0.15483041,0.19571963,0.45515218,1.5193106,1.1563348,1.0466818,0.99982953,1.1049333,0.7930155,0.74451214,0.48328263,0.50199723,0.48750296,0.20698449,0.2554879,0.5167174,0.49800274,0.512497,0.586031,0.48902422,-0.03343476,0.003994496,-0.024994059
73,SH600930,0.01937583421197148,0.8333333333333334,,,,SH600930,华电新能,2026-09-16,0.007595011,0.017721513,0.42857575,0.0025315988,0.14285454,0.007594904,0.4285697,0.012658316,0.7142909,0.9924622,1.0025126,0.98492455,0.99505085,0.9950248,0.9776119,0.9800995,1.0820894,1.2736318,0.9930348,0.9893034,0.9899253,1.0067993,1.0709784,0.0047849235,0.0077828937,0.007844597,0.029432751,0.08087702,0.002238802,0.0019749792,6.546257e-05,-0.0025202134,-0.004315461,0.54729486,0.59027493,0.0024373222,0.5682175,0.86836827,0.0024876052,0.0018091673,0.0094527835,0.029743807,0.0563277,1.0025126,1.0025126,1.0099813,1.0848725,1.2713796,0.97492325,0.97492325,0.969972,0.969972,0.969972,0.99601984,0.9950248,0.9950248,1.0368159,1.1701492,0.9895522,0.98159194,0.982587,0.98656714,0.9920398,1.0,1.0,0.95,0.6666667,0.33333334,0.9089313,0.9089313,0.75052553,0.26133904,0.09962582,1.0,1.0,0.25,0.033333335,0.016666668,0.8,0.4,0.1,0.4,0.7,0.2,0.6,0.15,-0.36666667,-0.68333334,0.6261041,0.7437732,0.3616813,0.5300611,-0.25829658,0.0834996,0.66411126,0.22984383,-0.13537365,-0.43161112,0.6,0.5,0.55,0.4,0.4,0.4,0.3,0.3,0.46666667,0.53333336,0.2,0.2,0.25,-0.06666667,-0.13333334,0.6250027,0.7368435,0.5909093,0.3225806,0.3343373,0.37499732,0.26315647,0.4090907,0.6774194,0.6656627,0.25000533,0.47368705,0.18181862,-0.3548388,-0.33132544,0.84479815,0.736941,0.6632264,0.8001926,0.8579396,0.26168865,0.24597193,0.19750644,0.3085675,0.42562196,0.56677395,1.2087071,1.0719377,1.4614508,1.8459755,0.69642675,0.5857853,0.46040803,0.48007244,0.51704234,0.30357328,0.41421467,0.53959197,0.51992756,0.48295766,0.39285344,0.17157066,-0.07918392,-0.039855104,0.03408468
74,SH603019,0.01929778694562671,0.7222222222222222,,,,SH603019,中科曙光,2026-09-16,0.016473405,0.021232408,0.7758614,0.00024405365,0.011494393,0.0045149494,0.21264423,0.020744301,0.9770112,0.98379356,1.0002401,0.9793518,0.9926355,0.98957634,1.0238925,1.0204082,1.0642403,1.0676075,0.9890376,0.99319243,1.0072,1.0236105,1.0846876,0.0063886964,0.008857188,0.02163625,0.032022975,0.088845015,0.0020495944,-0.0015908828,-0.0016981511,-0.0026493159,-0.004134198,0.25730687,0.29573047,0.21560399,0.5304516,0.6604141,0.0068632397,0.013966558,0.008932475,0.01480465,0.037271306,1.0002401,1.0360295,1.0647148,1.1101052,1.3565644,0.96856177,0.96856177,0.96856177,0.96856177,0.9669868,0.99088806,1.0001932,1.0251632,1.0551518,1.1727872,0.98490906,0.98695284,0.98837,0.99063045,1.0017393,1.0,0.8,0.5,0.33333334,0.18333334,0.99242073,0.4659752,0.32696074,0.22211032,0.084741086,1.0,0.1,0.4,0.2,0.21666667,0.4,0.7,0.85,0.9,0.43333334,0.6,-0.6,-0.45,-0.7,-0.21666667,0.4837004,0.38123918,0.6976031,0.8085368,0.85195935,0.49883702,-0.137806,0.32592392,0.34520414,0.43797898,0.4,0.3,0.35,0.4,0.45,0.6,0.7,0.65,0.6,0.55,-0.2,-0.4,-0.3,-0.2,-0.1,0.74250627,0.33495137,0.45610273,0.42162052,0.48134744,0.25749373,0.66504866,0.5438973,0.5783795,0.51865256,0.48501253,-0.3300973,-0.08779456,-0.156759,-0.03730514,0.82241946,0.9266414,1.1276604,1.506297,3.0121427,0.18832724,0.28462952,0.36900106,0.74113345,1.9588954,1.5227337,1.1957984,1.0343084,1.4229597,1.3672574,0.64222777,0.48126817,0.40410373,0.43471643,0.48469052,0.35777226,0.51873183,0.5958963,0.56528354,0.5153095,0.2844555,-0.037463684,-0.19179256,-0.1305671,-0.030618971
75,SH601077,0.01906878346592792,0.6111111111111112,,,,SH601077,渝农商行,2026-09-16,-0.010526334,0.022556381,-0.46666768,0.0045112534,0.19999899,0.0075187935,0.33333334,-0.0075187935,-0.33333334,1.0106384,1.0151975,0.99240124,1.0006956,1.0308008,1.0410677,1.0277208,0.9815195,0.96714574,1.0190965,1.0288501,1.0362424,1.0225189,1.0063313,0.013339113,0.016366035,0.01565977,0.024746543,0.031504598,-0.0073921895,-0.0046232357,-0.0017260817,0.0014704906,0.0012922821,0.767772,0.73150367,0.42522618,0.27365106,0.51317626,-0.0043121325,-0.008045551,-0.019844536,-0.04384095,-0.044453617,1.0414034,1.0761888,1.0761888,1.0761888,1.0761888,0.99240124,0.99240124,0.99240124,0.9694052,0.9181436,1.0291581,1.0383984,1.0482547,1.0433265,1.0349076,1.011499,1.0176592,1.026694,0.9936346,0.9796714,0.2,0.1,0.05,0.3,0.425,0.15507023,0.09069106,0.09069106,0.28651237,0.51793057,0.6,0.1,0.55,0.7,0.85,1.0,1.0,1.0,0.033333335,0.083333336,-0.4,-0.9,-0.45,0.6666667,0.76666665,0.4856992,-0.0062262397,0.23518287,0.08323234,0.042847108,0.40542868,-0.27232322,0.2848823,0.29347715,0.046463374,0.4,0.4,0.45,0.53333336,0.46666667,0.6,0.6,0.55,0.43333334,0.48333332,-0.2,-0.2,-0.1,0.1,-0.016666668,0.2321429,0.3214286,0.44206014,0.5304054,0.52366865,0.76785713,0.6785714,0.5579399,0.46959463,0.47633135,-0.5357142,-0.35714278,-0.11587973,0.06081077,0.04733732,1.0262074,1.0125203,1.0044452,1.0059663,1.05404,0.16356015,0.20622776,0.2394617,0.23338227,0.26916167,0.428392,0.84608525,0.9655644,1.0441087,1.1887411,0.612152,0.4997946,0.4755614,0.47660446,0.501169,0.387848,0.5002054,0.52443856,0.52339554,0.49883097,0.224304,-0.00041077755,-0.048877176,-0.04679106,0.002338029
76,SH600026,0.018880013185269825,0.5555555555555556,,,,SH600026,中远海能,2026-09-16,-0.03627907,0.06418607,-0.5652172,0.008837218,0.13768125,0.019069782,0.29710156,-0.026046507,-0.4057969,1.0376447,1.0468147,0.98021233,1.0025917,1.0342858,0.9021118,0.88422364,0.86260873,1.0740373,1.0119752,0.99870807,0.95559007,0.9159338,0.8512588,0.010676579,0.025268925,0.049138613,0.071797654,0.09671575,-0.0046956385,0.0046677943,0.0070482404,0.0074994573,0.0038490125,0.48357642,0.3127961,0.72008485,0.8455531,0.4830634,-0.0025838679,-0.01971315,-0.022548357,-0.024675889,0.035195317,1.0762638,1.0762638,1.0762638,1.0762638,1.0762638,0.98021233,0.9123377,0.87279975,0.78634953,0.6787218,1.0185342,1.0185342,1.0073043,0.9854907,0.9401242,1.0055652,0.9803727,0.9066832,0.8540124,0.76014906,0.2,0.5,0.75,0.8333333,0.9,0.20601095,0.53476703,0.62517303,0.7369435,0.8081616,0.6,0.8,0.9,0.93333334,0.96666664,1.0,0.1,0.3,0.13333334,0.28333333,-0.4,0.7,0.6,0.8,0.68333334,0.2328269,0.2116995,0.46018627,0.5532294,0.24803084,0.098050274,0.87321,0.7863826,0.30116233,0.31668198,0.4,0.6,0.5,0.53333336,0.48333332,0.6,0.4,0.5,0.46666667,0.5,-0.2,0.2,0.0,0.06666667,-0.016666668,0.17452909,0.70225847,0.6413833,0.612444,0.4734592,0.8254709,0.2977415,0.3586167,0.387556,0.52654076,-0.65094185,0.40451697,0.28276658,0.22488801,-0.05308157,1.1083114,1.2108856,1.1111289,1.0133519,1.0889195,0.12184285,0.27567235,0.31419402,0.3452207,0.35711646,0.7059051,1.3985028,1.4499965,1.4072436,1.1136296,0.24658383,0.5345735,0.47158283,0.4871329,0.47148392,0.7534162,0.4654265,0.52841717,0.5128671,0.5285161,-0.5068323,0.06914699,-0.056834344,-0.025734212,-0.057032183
77,SZ300476,0.018666584357254802,0.5,,,,,,2026-09-16,0.010350913,0.04311405,0.24008213,0.011578938,0.2685653,0.021184199,0.49135256,0.019956173,0.46286938,0.98975515,1.0114603,0.96878797,0.99037987,1.013672,0.9775163,1.0652045,1.0260066,1.4908386,0.99006766,0.98903525,1.0268519,1.075504,1.1074009,0.0104295565,0.019763127,0.05221887,0.087539166,0.16109732,-0.00091526157,0.0018609264,-0.0067796945,-0.008685797,-0.0054597356,0.019253017,0.0812753,0.58997476,0.7629855,0.35032123,0.01176286,0.0025905706,0.03755517,0.050440103,0.053661324,1.0182722,1.0383724,1.1501176,1.2488251,1.541064,0.9563701,0.9439134,0.9439134,0.9439134,0.77218604,0.99857336,1.0026925,1.0674074,1.1711243,1.2204556,0.98041505,0.97455984,0.9805724,0.99412555,0.9915118,1.0,0.8,0.45,0.3,0.28333333,0.7048214,0.5937662,0.27199528,0.1839437,0.296294,0.2,0.5,0.3,0.2,0.016666668,0.6,0.2,0.6,0.73333335,0.43333334,-0.4,0.3,-0.3,-0.53333336,-0.41666666,0.6085386,0.6021493,0.49520466,0.7216672,0.3384119,0.8263963,0.71598846,0.23598298,0.1281514,0.16958469,0.4,0.4,0.45,0.46666667,0.43333334,0.6,0.6,0.55,0.53333336,0.56666666,-0.2,-0.2,-0.1,-0.06666667,-0.13333334,0.38646957,0.56098825,0.43666473,0.48708352,0.41345367,0.6135304,0.43901175,0.5633353,0.51291645,0.5865463,-0.22706085,0.1219765,-0.12667055,-0.025832932,-0.17309263,0.7671762,0.8465764,0.9649794,1.2314041,1.3306894,0.16894723,0.18259023,0.32813057,0.5600941,0.506719,0.68861675,1.1661524,1.3639115,1.3936685,1.2169417,0.50888866,0.54021776,0.4687467,0.39971653,0.49031705,0.49111134,0.45978227,0.5312533,0.60028344,0.50968295,0.01777734,0.080435455,-0.062506594,-0.20056695,-0.01936589
78,SH600118,0.01837711617526626,0.6666666666666666,,,,SH600118,中国卫星,2026-09-16,0.012693501,0.024169723,0.5251819,0.009215753,0.38129327,0.002260469,0.09352482,0.0057382174,0.23741347,0.9874656,1.0091002,0.9852335,0.99826,1.0020667,1.0073858,1.1591744,1.083969,1.2326272,0.99447435,0.99425143,1.0154225,1.0607293,1.1391972,0.0102910185,0.0075979475,0.025716502,0.07080975,0.16968499,-0.0026280854,-9.574277e-06,-0.003665991,-0.0070139137,-0.0070763575,0.16304304,1.4555625e-05,0.7112577,0.76039004,0.5304354,0.010781847,0.005791665,0.019404404,0.040972445,0.06955535,1.0182064,1.0182064,1.1262101,1.2496625,1.699587,0.97270346,0.97270346,0.97270346,0.97270346,0.93923473,1.0016838,1.0004133,1.034929,1.1375014,1.3356675,0.9850663,0.98857176,0.99299514,0.99471545,0.9989706,0.8,0.8,0.4,0.26666668,0.21666667,0.5998867,0.5998867,0.1778201,0.09855814,0.079917245,0.2,0.6,0.05,0.33333334,0.21666667,0.4,0.7,0.85,0.9,0.31666666,-0.2,-0.1,-0.8,-0.56666666,-0.1,0.896319,0.8487413,0.63251746,0.7282192,0.6690882,0.83219904,0.720326,0.25905743,0.009125114,0.22261243,0.6,0.6,0.5,0.6,0.55,0.4,0.4,0.5,0.4,0.45,0.2,0.2,0.0,0.2,0.1,0.47819638,0.45272994,0.26291034,0.4358713,0.45161197,0.5218036,0.54727006,0.73708963,0.5641287,0.54838806,-0.04360723,-0.09454009,-0.47417933,-0.1282574,-0.0967761,0.87986386,0.86112785,1.0625502,1.4295455,1.9628904,0.26346138,0.19311282,0.54110867,0.84271014,1.1706754,0.6573848,0.71721315,2.3230615,1.6539048,1.1899997,0.49099043,0.5511714,0.21752967,0.46632677,0.48885205,0.5090096,0.44882858,0.78247035,0.5336732,0.5111479,-0.018019158,0.10234285,-0.56494063,-0.06734648,-0.022295881
79,SH600150,0.018368897141015344,0.4444444444444444,,,,SH600150,中国船舶,2026-09-16,-0.012026186,0.02535949,-0.4742282,0.003398698,0.13402075,0.009934608,0.39175105,-0.0054902765,-0.21649788,1.0121726,1.0156126,0.98994446,0.99876237,1.0459968,0.8978717,0.8769003,0.93147266,0.925002,1.0346457,1.0168629,0.958486,0.938814,0.92366755,0.032388665,0.046410374,0.06849336,0.06296655,0.053193644,-0.020238556,0.0067939074,0.009986454,0.0053861113,0.0013609693,0.97614187,0.19643575,0.7440355,0.5670647,0.19965352,0.005831441,-0.04743546,-0.053357318,-0.016912583,0.03618387,1.0896695,1.0896695,1.0896695,1.0896695,1.0896695,0.98994446,0.90234095,0.8624013,0.8624013,0.84050494,1.0575037,1.0471662,1.0320262,1.0109144,0.96978253,1.007796,0.99830043,0.89738834,0.8933656,0.8842754,0.2,0.3,0.65,0.76666665,0.8833333,0.10083262,0.521325,0.60544634,0.60544634,0.6401194,0.2,0.6,0.8,0.8666667,0.93333334,1.0,0.1,0.1,0.4,0.28333333,-0.8,0.5,0.7,0.46666667,0.65,0.88897365,0.25374255,0.782442,0.80079705,0.5600948,0.78500885,0.771283,0.6799069,0.5808296,0.40149194,0.2,0.6,0.65,0.46666667,0.48333332,0.8,0.4,0.35,0.53333336,0.51666665,-0.6,0.2,0.3,-0.06666667,-0.033333335,0.29877183,0.6945931,0.6734783,0.58128357,0.5368075,0.70122814,0.30540696,0.32652166,0.41871643,0.46319252,-0.40245634,0.3891861,0.34695664,0.16256712,0.07361494,1.5949861,1.8422613,1.2933621,1.1275504,1.1983018,0.4296338,0.8210343,0.80419254,0.7005086,0.57846594,0.57311326,1.5343467,2.037338,2.3497293,1.7919618,0.40642637,0.51471955,0.51657736,0.49505827,0.5009716,0.59357363,0.48528045,0.48342264,0.50494176,0.49902838,-0.18714726,0.029439067,0.03315475,-0.009883482,0.0019432327
80,SH601328,0.0181850371847751,0.8333333333333334,,,,SH601328,交通银行,2026-09-16,0.0026455042,0.014550235,0.18181866,0.0039682183,0.27272537,0.007936513,0.545456,0.006613799,0.45454928,0.9973615,1.0039577,0.9894459,0.99634844,0.9617021,0.98014176,0.9432624,0.91394794,0.8520095,0.99413705,0.98023635,0.9646808,0.94847906,0.92007875,0.009727804,0.016745873,0.022400774,0.030116923,0.045897365,0.004728143,0.004470236,0.0033409751,0.0032247028,0.002373131,0.59059745,0.65321594,0.7785536,0.888505,0.8153945,-0.0035933617,-0.00035242853,0.0035799183,0.004762734,0.009913873,1.00652,1.00652,1.00652,1.00652,1.00652,0.9617707,0.95378685,0.92477006,0.9023493,0.81889707,1.0010402,0.99773043,0.9826004,0.97900707,0.96056736,0.985721,0.9647281,0.9431678,0.9136642,0.88888884,0.8,0.9,0.95,0.96666664,0.98333335,0.85429764,0.8763572,0.92024356,0.93740964,0.965249,0.6,0.8,0.9,0.93333334,0.96666664,0.2,0.5,0.35,0.16666667,0.083333336,0.4,0.3,0.55,0.76666665,0.8833333,0.1374448,0.24072434,0.40229768,0.45802778,-0.11930274,0.79033995,0.44162762,0.48398226,0.5226689,0.46065834,0.8,0.6,0.65,0.6333333,0.6,0.2,0.4,0.35,0.36666667,0.36666667,0.6,0.2,0.3,0.26666668,0.23333333,0.85217315,0.5972224,0.6507538,0.6770429,0.62313133,0.14782687,0.4027776,0.3492462,0.3229571,0.37686867,0.70434624,0.19444476,0.30150756,0.35408577,0.24626267,1.180924,1.1526368,1.136087,1.0973735,1.336404,0.29384205,0.29797792,0.2822538,0.2806038,0.4215522,0.8306863,0.7499185,0.784088,0.9444368,1.0337119,0.5852562,0.4134393,0.43201783,0.4773669,0.4768242,0.4147438,0.5865607,0.56798214,0.5226331,0.52317584,0.1705124,-0.1731214,-0.13596432,-0.0452662,-0.046351615
81,SZ000708,0.01789199792263465,0.7777777777777778,,,,,,2026-09-16,-0.015601851,0.033432424,-0.46666825,0.0052005793,0.15555495,0.012629995,0.3777768,-0.008172436,-0.2444464,1.0158491,1.0211321,0.9871698,0.9979106,1.019489,1.0165411,1.0440551,1.0528989,0.9875533,1.004422,1.0067312,1.018269,1.0231413,1.0183864,0.0040910635,0.007078099,0.015199471,0.015495317,0.04034594,9.8253884e-05,-0.00017171512,-0.0019644194,-0.0012247494,0.00076781854,0.001442006,0.0053950474,0.5846278,0.48416698,0.11046313,-0.004618413,-0.005958382,0.0003930433,-0.0053823404,-0.04103697,1.0247529,1.0290738,1.0604149,1.0692978,1.1191918,0.9830476,0.9830476,0.9830476,0.9830476,0.9258495,1.0069441,1.0115297,1.0366852,1.0374714,1.0461186,1.0013102,1.0006552,1.0034721,1.0095972,0.9910908,0.2,0.2,0.1,0.06666667,0.26666668,0.40648165,0.36832026,0.21911569,0.19654907,0.38351944,0.2,0.1,0.05,0.033333335,0.45,0.4,0.7,0.85,0.9,0.083333336,-0.2,-0.6,-0.8,-0.8666667,0.36666667,-0.5127085,-0.45135444,-0.3143035,-0.08462426,-0.1515464,-0.47973984,-0.25029248,-0.25188956,-0.1522059,0.021538142,0.4,0.5,0.4,0.43333334,0.48333332,0.6,0.5,0.5,0.5,0.48333332,-0.2,0.0,-0.1,-0.06666667,0.0,0.23788568,0.4130806,0.392999,0.40797707,0.5078936,0.76211435,0.5869194,0.607001,0.5920229,0.4921064,-0.52422863,-0.17383881,-0.214002,-0.18404585,0.01578721,1.1213053,1.0500749,1.0599624,1.0588528,1.1357702,0.39051545,0.29040202,0.2675879,0.246724,0.23270287,0.6512871,0.6125222,0.881334,0.923813,0.9488561,0.56233466,0.46305075,0.50447094,0.48400003,0.4926948,0.43766534,0.5369493,0.49552906,0.516,0.5073052,0.12466931,-0.07389852,0.008941888,-0.03199996,-0.014610424
82,SH601698,0.017740248444341637,0.6666666666666666,,,,SH601698,中国卫通,2026-09-16,0.014830552,0.022033922,0.6730782,0.0038135124,0.1730746,0.0033898584,0.15384725,0.014406898,0.6538508,0.9853862,1.0037578,0.9820459,0.9960824,1.0128046,1.0078479,1.0805452,1.1193721,1.2094175,1.0004957,1.0029739,1.0060306,1.0425444,1.0987058,0.011188284,0.008990244,0.009875495,0.054741096,0.09932917,-0.005039224,-0.00091121526,-0.0005360359,-0.0051666936,-0.0045330413,0.5071546,0.09416954,0.10311885,0.69039893,0.63522196,0.0095828045,0.0011265156,-0.0009381965,0.03237268,0.035018977,1.0207233,1.0221065,1.0699697,1.1648844,1.456248,0.9820459,0.9820459,0.96917224,0.96917224,0.96917224,1.009748,1.0121437,1.0147872,1.106237,1.1904998,0.9919868,0.9980173,0.9980173,1.0009913,1.0113176,0.6,0.4,0.3,0.2,0.1,0.46420124,0.4481737,0.30583906,0.1575158,0.06329153,0.2,0.2,0.05,0.33333334,0.21666667,1.0,1.0,0.2,0.46666667,0.73333335,-0.8,-0.8,-0.15,-0.13333334,-0.51666665,0.80155426,0.62773085,0.34658518,0.5842346,0.7944507,0.8322122,0.6402018,0.31576502,-0.2077029,0.25344065,0.4,0.5,0.5,0.56666666,0.51666665,0.6,0.5,0.5,0.43333334,0.48333332,-0.2,0.0,0.0,0.13333334,0.033333335,0.34951437,0.44099408,0.31977835,0.3606558,0.43580654,0.65048563,0.5590059,0.6802217,0.63934416,0.5641934,-0.30097127,-0.11801182,-0.3604433,-0.27868837,-0.1283869,0.9380012,0.9931411,1.112545,1.4120078,2.1089318,0.19880499,0.19289538,0.41973066,0.7825688,1.4316233,0.7097341,0.7929398,2.1067789,1.8050712,1.4181776,0.49342978,0.5201904,0.25801626,0.4653535,0.48550335,0.5065702,0.47980955,0.7419837,0.5346465,0.5144966,-0.013140466,0.040380865,-0.48396745,-0.06929303,-0.028993301
83,SH601816,0.01704749962914591,0.6111111111111112,,,,SH601816,京沪高铁,2026-09-16,-0.012500039,0.014583354,-0.85714436,0.0,0.0,0.0020833143,0.14285564,-0.010416725,-0.7142887,1.0126582,1.0126582,0.9978903,1.0020394,1.0114943,1.0383142,1.0440613,1.0478927,0.93869734,1.0130268,1.0176245,1.0252874,1.0319285,1.0152619,0.008502814,0.009376321,0.011436971,0.014747773,0.038858987,-0.004406128,-0.0025310586,-0.0015066402,-0.0014089734,0.0013076216,0.671319,0.6679607,0.60738647,0.7073826,0.34536722,-0.0042145783,-0.0062347804,-0.010974298,-0.0114983935,-0.053836677,1.0252922,1.0456002,1.05863,1.0722463,1.0816798,0.9978903,0.9978903,0.9978903,0.9978903,0.91677266,1.0195402,1.0226054,1.0363985,1.0444444,1.0463601,1.0076629,1.0111111,1.0168583,1.0206897,0.9666667,0.2,0.1,0.05,0.033333335,0.3,0.07699078,0.04421908,0.034733262,0.028372768,0.5046919,0.6,0.1,0.05,0.16666667,0.48333332,1.0,1.0,1.0,1.0,0.05,-0.4,-0.9,-0.95,-0.8333333,0.43333334,-0.3189376,0.13218907,0.0139898425,0.18966104,-0.07291706,-0.5845428,-0.62724483,-0.40977702,-0.21737519,0.02463397,0.4,0.3,0.5,0.5,0.56666666,0.6,0.7,0.5,0.5,0.41666666,-0.2,-0.4,0.0,0.0,0.15,0.3499989,0.23684138,0.36144537,0.39999986,0.556338,0.6500011,0.7631586,0.63855463,0.60000014,0.44366202,-0.30000222,-0.52631724,-0.2771093,-0.20000026,0.11267598,0.9980456,1.0752549,1.1009874,1.1267388,1.4290621,0.055409748,0.12725036,0.17956568,0.18921079,0.49598488,0.41149122,0.4954106,0.6846314,0.6271101,0.8811152,0.3467823,0.5232502,0.44102624,0.4374671,0.48246565,0.65321773,0.47674975,0.5589737,0.5625329,0.5175344,-0.30643544,0.046500497,-0.11794751,-0.1250658,-0.035068702
84,SH600941,0.016999058271294238,0.6666666666666666,,,,SH600941,中国移动,2026-09-16,-0.008692167,0.010737343,-0.80952686,0.0007158456,0.06666879,0.0013293299,0.12380437,-0.008078683,-0.7523913,1.0087684,1.0094905,0.998659,1.0012493,1.0017499,1.0398301,1.0024165,0.9902509,0.9150071,1.0063661,1.0131322,1.013803,1.0073633,0.9794948,0.005084149,0.013133444,0.013375313,0.014741646,0.041673105,-0.00041663475,-0.0032825596,8.079568e-06,0.00088151585,0.0020655196,0.0167886,0.57263696,1.2771339e-05,0.27712137,0.7492844,-0.005532884,0.0016392493,-0.013879816,-0.020145303,-0.04042764,1.0274369,1.0419289,1.0419289,1.0419289,1.0419289,0.998659,0.9986552,0.9908157,0.9775916,0.88077337,1.0095159,1.021465,1.0234814,1.0184984,1.0098659,1.0019332,1.0022831,1.0022831,0.99431723,0.94018835,0.2,0.1,0.15,0.36666667,0.6166667,0.04659786,0.0310762,0.1796855,0.34829628,0.7398235,0.6,0.1,0.55,0.7,0.85,1.0,0.5,0.15,0.1,0.05,-0.4,-0.4,0.4,0.6,0.8,0.533474,0.1396113,0.39515886,0.19522731,0.03451572,0.3157212,-0.08987955,0.40562394,0.54204065,0.4602113,0.6,0.3,0.4,0.4,0.51666665,0.4,0.7,0.6,0.6,0.48333332,0.2,-0.4,-0.2,-0.2,0.033333335,0.46263283,0.17615128,0.49128082,0.5218527,0.5788985,0.53736717,0.8238487,0.5087192,0.47814736,0.4211015,-0.07473432,-0.64769745,-0.017438373,0.0437053,0.15779701,1.1368366,1.2199359,1.3976245,1.4578975,1.7654655,0.32729682,0.2832694,0.44231233,0.44541857,0.69100523,0.6438471,0.92873555,0.8616133,0.8878873,0.9342116,0.45263374,0.34266704,0.43700886,0.46696332,0.47865346,0.54736626,0.65733296,0.56299114,0.5330367,0.52134657,-0.09473251,-0.3146659,-0.12598225,-0.06607339,-0.042693097
85,SH600276,0.016748690768788026,0.6666666666666666,,,,SH600276,恒瑞医药,2026-09-16,0.010213531,0.015088226,0.67692053,0.0018570055,0.12307646,0.00301769,0.20000298,0.011374215,0.75384706,0.98988974,1.0018382,0.98690253,0.9960193,1.0273447,1.0471057,1.2100191,1.2302399,1.154642,0.98989105,1.0203601,1.0501972,1.1095377,1.1766564,0.007189112,0.0337648,0.042276222,0.09291879,0.098313145,0.0037683134,-0.009558956,-0.0064679324,-0.009962434,-0.004468926,0.6868843,0.7346899,0.81923145,0.8908928,0.63020676,0.0025723362,0.022655247,0.0112481415,0.034917533,-0.0448231,1.0215998,1.0664091,1.1840565,1.2840099,1.3327221,0.9625477,0.9625477,0.9625477,0.9625477,0.9625477,0.99320036,1.0563443,1.0770241,1.2109842,1.2600657,0.9852489,0.99012125,0.9983001,1.0431535,1.0628233,1.0,0.5,0.25,0.16666667,0.083333336,0.63422483,0.3605986,0.16907799,0.11650595,0.101174645,0.2,0.2,0.05,0.1,0.25,0.4,0.7,0.85,0.9,0.95,-0.2,-0.5,-0.8,-0.8,-0.7,-0.72804296,-0.3621257,0.47203347,0.4729358,0.51062125,-0.7351648,-0.70518595,-0.62010187,-0.37437332,0.20471746,0.4,0.5,0.4,0.4,0.43333334,0.6,0.5,0.6,0.6,0.55,-0.2,0.0,-0.2,-0.2,-0.11666667,0.29691425,0.30173427,0.19163637,0.28571528,0.44124284,0.7030857,0.69826573,0.8083636,0.7142847,0.5587571,-0.40617147,-0.39653146,-0.6167273,-0.4285694,-0.117514305,1.517808,1.4059557,1.8192021,1.9506034,2.2034872,0.67661417,0.50510544,1.0785519,0.96632993,0.96111023,1.5143484,1.4358106,1.8324485,1.6240479,1.4210321,0.35306612,0.45597667,0.4815239,0.48430163,0.47159952,0.64693385,0.54402333,0.5184761,0.5156984,0.5284005,-0.29386774,-0.088046685,-0.036952212,-0.031396765,-0.056800984
86,SH601800,0.016603866426390636,0.6111111111111112,,,,SH601800,中国交建,2026-09-16,-0.00514579,0.017152663,-0.29999948,0.0034304964,0.19999789,0.008576377,0.5000026,9.057895e-08,5.2807513e-06,1.0051724,1.0086206,0.99137926,0.9975122,1.0389909,1.016055,1.0057338,1.059633,1.0137614,1.0188073,1.0247706,1.0245413,1.0272553,1.0308294,0.015226833,0.012715053,0.01074753,0.013436938,0.027160222,-0.009518347,-0.0025020845,-0.00016555152,-0.00061306555,0.00021460473,0.97688615,0.35495973,0.00830457,0.16132994,0.019041969,0.00022938497,-0.013511227,-0.02296851,-0.01836586,-0.03716031,1.0407166,1.0407166,1.0407166,1.0630958,1.1020823,0.99137926,0.99137926,0.99137926,0.99137926,0.95393956,1.0279816,1.0362384,1.0337155,1.0389909,1.0561926,1.0064219,1.0190367,1.0153669,1.0153669,1.0077981,0.2,0.1,0.05,0.033333335,0.125,0.17473015,0.17473015,0.17473015,0.120205715,0.31091952,0.2,0.5,0.25,0.033333335,0.46666667,1.0,1.0,1.0,1.0,0.05,-0.8,-0.5,-0.75,-0.96666664,0.41666666,-0.42534044,-0.007993934,0.11737228,0.3541358,0.2725286,-0.9185243,-0.3492462,-0.030000009,-0.029322924,0.19659686,0.0,0.4,0.5,0.36666667,0.45,0.8,0.5,0.45,0.56666666,0.48333332,-0.8,-0.1,0.05,-0.2,-0.033333335,0.0,0.38333347,0.48407656,0.3761905,0.4882353,1.0,0.6166665,0.51592344,0.62380946,0.5117647,-1.0,-0.23333302,-0.03184686,-0.24761896,-0.023529386,0.8704589,0.8956853,0.9272666,0.9529556,1.2729965,0.14924479,0.13050924,0.13303207,0.17023237,0.4927886,0.82758707,0.6952039,0.6423051,0.6618811,1.0052081,0.49675602,0.51525354,0.48181593,0.44473147,0.47885543,0.503244,0.48474643,0.51818407,0.5552685,0.52114457,-0.00648794,0.030507129,-0.03636815,-0.11053707,-0.04228911
87,SH601390,0.016567052718176312,0.7222222222222222,,,,SH601390,中国中铁,2026-09-16,-0.009259274,0.02083331,-0.44444567,0.002314761,0.11110866,0.009259274,0.44444567,-0.002314761,-0.11110866,1.0093458,1.0116822,0.9906542,0.9989763,1.0369182,1.0160514,1.0064206,1.0481541,1.0144463,1.0182985,1.0219903,1.0231942,1.0260032,1.0192616,0.014781201,0.012178604,0.011498108,0.013900252,0.029786976,-0.009309787,-0.0017024162,-0.00021361689,-0.0006334849,0.0007586373,0.9917452,0.1791216,0.012080544,0.16096407,0.1978406,0.00032103944,-0.014329477,-0.02116485,-0.01681767,-0.041641437,1.0408571,1.0415889,1.046405,1.0668294,1.0865352,0.9906542,0.9906542,0.9906542,0.9906542,0.9468077,1.0282503,1.0330658,1.0330658,1.0385233,1.0420547,1.0077046,1.0147673,1.0160514,1.0160514,0.99069023,0.2,0.1,0.05,0.033333335,0.25,0.186161,0.183486,0.16763549,0.12268829,0.38068607,0.2,0.5,0.25,0.033333335,0.46666667,1.0,1.0,1.0,1.0,0.05,-0.8,-0.5,-0.75,-0.96666664,0.41666666,-0.0070489296,0.3166347,0.4867413,0.51334465,0.005370423,-0.7127288,0.036114447,0.2799477,0.30334923,0.1978913,0.2,0.5,0.55,0.43333334,0.5,0.8,0.5,0.45,0.53333336,0.46666667,-0.6,0.0,0.1,-0.1,0.033333335,0.039999615,0.4,0.48412696,0.41071436,0.48849106,0.9600004,0.6,0.5158731,0.5892857,0.51150894,-0.9200008,-0.2,-0.03174611,-0.1785713,-0.023017906,0.9374084,1.073498,1.1173129,1.0959296,1.3606751,0.07813627,0.27548265,0.2354937,0.23599544,0.38869098,0.5516836,0.8392302,0.6246784,0.6922007,0.92266744,0.42965725,0.4650264,0.49615568,0.46537676,0.47835577,0.5703427,0.5349736,0.5038443,0.53462327,0.52164423,-0.1406855,-0.06994718,-0.007688668,-0.0692465,-0.043288488
88,SH600050,0.016535854258153158,0.6666666666666666,,,,SH600050,中国联通,2026-09-16,0.0,0.014388486,0.0,0.004796162,0.33333334,0.009592324,0.6666667,0.004796162,0.33333334,1.0,1.0047961,0.9904077,0.99711263,1.0102829,1.029563,1.0,1.0526992,0.99100256,1.0066838,1.0114396,1.0195373,1.0238646,1.0224936,0.005330708,0.0068939,0.011093086,0.0130979465,0.029989919,-0.00231363,-0.0020331847,-0.0012640853,-0.0010514392,0.0004864961,0.47093186,0.79732454,0.45448142,0.49941736,0.08026164,-0.0020565658,-0.0022902782,-0.0075284815,-0.008618756,-0.036845222,1.022454,1.0338445,1.0415626,1.0621164,1.0887667,0.9904077,0.9904077,0.9904077,0.9832134,0.94242793,1.0107969,1.0172237,1.0298201,1.0359898,1.0506427,1.0020566,1.0066838,1.0102829,1.0123394,1.0,0.2,0.1,0.05,0.05,0.20833333,0.29932705,0.2208341,0.18751536,0.21274969,0.39341652,0.6,0.1,0.5,0.033333335,0.48333332,1.0,1.0,1.0,0.33333334,0.05,-0.4,-0.9,-0.5,-0.3,0.43333334,0.61185604,0.20601797,0.021659857,0.007601517,0.24863605,0.35768023,-0.10177464,0.116230905,-0.38065654,0.039232682,0.4,0.3,0.4,0.33333334,0.41666666,0.6,0.7,0.6,0.6333333,0.53333336,-0.2,-0.4,-0.2,-0.3,-0.11666667,0.24999893,0.18918905,0.5,0.37724575,0.50913835,0.7500011,0.810811,0.5,0.6227542,0.49086162,-0.50000215,-0.6216219,0.0,-0.24550846,0.018276734,1.1859363,1.145585,1.1585199,1.2765427,1.5168933,0.33165783,0.26504278,0.30148607,0.42532218,0.52009207,0.6830742,0.58390224,1.1232897,1.5074937,1.3665566,0.45829993,0.4643001,0.36591405,0.4585166,0.48327407,0.54170007,0.5356999,0.63408595,0.5414834,0.51672596,-0.08340013,-0.07139982,-0.2681719,-0.08296682,-0.033451878
89,SZ000895,0.01626762805625077,0.3888888888888889,,,,,,2026-09-16,-0.005555546,0.010683701,-0.52000195,0.0029914156,0.27999806,0.0021367404,0.2,-0.006410221,-0.6,1.0055866,1.0085948,0.9978513,1.0002652,1.0266324,1.0206158,1.0799264,1.0885235,0.96991706,1.0094496,1.0189878,1.0405605,1.0493553,1.0465478,0.008150097,0.012555101,0.029223714,0.027835343,0.04238407,-0.0049828934,-0.003384838,-0.0045143953,-0.002499756,0.0005402117,0.9344964,0.66626465,0.8352113,0.6250342,0.049547583,0.0005161309,-0.003755978,0.002326291,-0.013108854,-0.062484063,1.0313603,1.0408143,1.0992562,1.0992562,1.1546955,0.9978513,0.9978513,0.9978513,0.9978513,0.95100707,1.0136598,1.0293058,1.0728804,1.074249,1.0782099,1.0044653,1.0076461,1.0160636,1.021648,1.0053235,0.2,0.1,0.05,0.033333335,0.15,0.064122565,0.050012313,0.021189101,0.021189101,0.24052878,0.2,0.2,0.2,0.46666667,0.43333334,1.0,1.0,1.0,1.0,0.05,-0.8,-0.8,-0.8,-0.53333336,0.38333333,0.43901053,0.7276488,-0.14373675,-0.05674001,0.055363655,-0.889028,0.5687911,-0.20160834,-0.5042035,-0.18070498,0.0,0.1,0.1,0.26666668,0.45,1.0,0.9,0.9,0.73333335,0.55,-1.0,-0.8,-0.8,-0.46666667,-0.1,0.0,0.3378936,0.25655743,0.3443933,0.52190626,1.0,0.6621064,0.74344254,0.6556067,0.47809377,-1.0,-0.3242128,-0.48688513,-0.31121337,0.043812457,1.2159485,1.4626464,1.5756787,1.7083852,1.9773387,0.23541902,0.44355136,0.61695784,0.80219907,0.7192813,0.7205538,1.3965899,1.4513861,1.8799386,1.3484885,0.32036936,0.32702774,0.46405217,0.47861302,0.49470997,0.67963064,0.67297226,0.53594786,0.521387,0.50529003,-0.35926127,-0.34594452,-0.07189566,-0.04277395,-0.010580088
90,SH600104,0.01598989122311283,0.3333333333333333,,,,SH600104,上汽集团,2026-09-16,0.0,0.027433598,0.0,0.006194714,0.22580756,0.021238884,0.77419245,0.01504417,0.5483849,1.0,1.0061947,0.97876114,0.99131566,0.9672284,0.9168228,0.8840512,0.93781215,0.87047446,1.0111424,0.9748518,0.9433443,0.931107,0.91280955,0.021173645,0.04291485,0.044326756,0.04117509,0.04375319,-0.00079588883,0.01242433,0.006616377,0.0033822088,0.0018345368,0.0035322674,0.76832026,0.77978814,0.52291775,0.53620785,-0.009550561,-0.030761264,-0.0061998633,0.019851001,0.033071637,1.0521907,1.0521907,1.0521907,1.0521907,1.0521907,0.9566465,0.9132582,0.8831291,0.8787661,0.81518775,1.030774,1.0079588,0.9893883,0.9516854,0.93656373,0.99734706,0.93430096,0.91112673,0.90065545,0.8745943,0.4,0.7,0.85,0.9,0.95,0.4537533,0.624345,0.69129187,0.69905835,0.77978885,0.6,0.8,0.9,0.93333334,0.96666664,0.2,0.1,0.05,0.3,0.05,0.4,0.7,0.85,0.6333333,0.9166667,0.7957752,0.9467388,0.9378244,0.9009025,0.39888266,0.9111868,0.87337863,0.797267,0.66155446,0.54310507,0.4,0.6,0.65,0.5,0.53333336,0.6,0.4,0.35,0.5,0.46666667,-0.2,0.2,0.3,0.0,0.06666667,0.65306133,0.75823635,0.73146456,0.5966061,0.5902959,0.34693867,0.24176364,0.26853544,0.40339395,0.40970406,0.3061227,0.51647276,0.46292913,0.1932121,0.18059187,1.7178342,1.1737113,0.846029,0.7634306,0.83358186,0.8708624,0.82859254,0.6648867,0.5571131,0.42597187,1.3651563,1.7269791,2.132336,2.312354,1.6384548,0.5042521,0.55205584,0.5399504,0.51213294,0.50416255,0.49574795,0.44794416,0.46004966,0.4878671,0.49583745,0.008504102,0.104111664,0.07990068,0.024265848,0.008325113
91,SH601919,0.01594051439983091,0.7222222222222222,,,,SH601919,中远海控,2026-09-16,0.004291893,0.012875582,0.33333585,0.0030655963,0.23809381,0.005518093,0.42857036,0.0067443894,0.5238124,0.99572647,1.0030525,0.99023193,0.9959923,1.0096296,1.0041975,1.0103704,0.94,0.8274074,0.98933333,0.991037,1.0130123,0.99441975,0.9398848,0.0107477,0.013306916,0.026718143,0.03756399,0.07124158,-0.0012839457,-0.00066292146,-0.0035915733,0.0016631915,0.0036584372,0.035678145,0.022749968,0.6324482,0.15192972,0.80431104,0.013234576,0.011946139,0.02110762,-0.018536013,-0.04780866,1.0109891,1.023815,1.0695616,1.0695616,1.0695616,0.9706717,0.9695045,0.9695045,0.9253706,0.79857254,1.0,1.001926,1.0378766,1.036642,1.005284,0.9812839,0.979753,0.9846913,0.95283943,0.860395,0.9,0.75,0.375,0.55,0.775,0.72743666,0.5615034,0.3047812,0.5175733,0.7433047,0.2,0.1,0.15,0.43333334,0.71666664,0.8,0.2,0.6,0.2,0.083333336,-0.6,-0.1,-0.45,0.23333333,0.6333333,0.65749705,0.112382725,0.58043313,0.6273411,0.30909303,0.871695,0.14963266,0.06065897,0.21204944,0.28506285,0.2,0.4,0.45,0.5,0.56666666,0.8,0.6,0.55,0.5,0.43333334,-0.6,-0.2,-0.1,0.0,0.13333334,0.4177218,0.48428857,0.48118284,0.57551277,0.63007075,0.5822782,0.5157114,0.5188172,0.4244872,0.36992928,-0.16455638,-0.031422842,-0.037634313,0.15102558,0.26014146,0.7168986,0.8066621,0.9737669,0.9297147,0.92664856,0.18618001,0.23654191,0.28919998,0.29054734,0.24652226,0.9424351,1.0168165,0.90500003,0.9459854,1.0120476,0.5528233,0.47027376,0.47150555,0.49981117,0.50409836,0.44717672,0.52972627,0.5284945,0.5001888,0.4959016,0.10564656,-0.0594525,-0.0569889,-0.00037768457,0.00819677
92,SH605117,0.015151245031105149,0.5,,,,SH605117,德业股份,2026-09-16,0.00023505236,0.026792007,0.008773227,0.023971789,0.8947366,0.002585166,0.0964902,-0.021151569,-0.7894732,0.999765,1.0239662,0.99718046,1.0057561,0.96569586,1.0044665,1.1145496,0.9840329,1.1718851,0.9977485,0.99392915,1.0395705,1.0492011,1.0446812,0.01240815,0.020663358,0.060779504,0.060619082,0.07662388,0.004264474,-0.00020422062,-0.008559421,-0.0031907696,-0.0011882155,0.2952955,0.00089538284,0.6941326,0.2147207,0.07334355,-0.0062774424,0.0069898292,0.04174399,-0.0029349704,-0.009628821,1.0314875,1.0324358,1.1550734,1.1616565,1.2584643,0.9563018,0.9497149,0.9497149,0.9497149,0.91024715,1.0051714,1.0090485,1.1096151,1.1148778,1.1242574,0.9951931,0.9742521,0.9999787,0.9999787,0.9777342,0.6,0.5,0.25,0.23333333,0.33333334,0.5812041,0.60788846,0.24486484,0.23725915,0.2577496,0.6,0.2,0.25,0.3,0.06666667,0.2,0.4,0.7,0.8,0.31666666,0.4,-0.2,-0.45,-0.5,-0.25,-0.14330381,-0.61725396,0.05603526,0.21330734,0.27038515,0.5794511,-0.5759766,-0.21393773,0.19036599,0.18816449,0.8,0.7,0.6,0.6,0.48333332,0.2,0.3,0.4,0.4,0.51666665,0.6,0.4,0.2,0.2,-0.033333335,0.8396507,0.48299795,0.3412498,0.51192236,0.44346958,0.16034928,0.51700205,0.6587502,0.48807767,0.5565304,0.67930144,-0.034004074,-0.3175004,0.023844685,-0.11306081,1.275074,1.3488097,1.566823,1.8037744,1.9943255,0.39159057,0.62119114,0.6310974,0.7178708,0.76916474,1.3081198,1.6251296,1.2819978,1.1575434,1.2379647,0.45787475,0.4291692,0.46693417,0.47671852,0.4830201,0.5421253,0.57083076,0.53306586,0.5232815,0.51697993,-0.08425053,-0.14166157,-0.06613165,-0.046562996,-0.033959813
93,SH601689,0.015033933148725186,0.4444444444444444,,,,SH601689,拓普集团,2026-09-16,0.007932632,0.028124955,0.2820496,0.0060096113,0.21367541,0.014182712,0.504275,0.016105732,0.5726492,0.9921298,1.0059624,0.9780587,0.99212223,1.0944439,1.1094854,1.1089737,1.1976875,1.3880079,1.022818,1.0667452,1.0904635,1.1228521,1.1853269,0.023698153,0.050795324,0.04303471,0.060631145,0.11260295,-0.014141003,-0.016022503,-0.005479574,-0.00607797,-0.005194139,0.8901669,0.91206264,0.5674452,0.7788024,0.64897424,0.005464013,0.0053561116,-0.038407598,-0.034721546,-0.032099847,1.0882362,1.1643567,1.1643567,1.233753,1.5258833,0.9780587,0.9780587,0.9780587,0.9780587,0.9780587,1.034319,1.1069069,1.1196767,1.1854702,1.2969611,1.0004094,1.0224496,1.0513251,1.0941164,1.1027935,0.2,0.1,0.05,0.033333335,0.016666668,0.19914502,0.117775224,0.117775224,0.08581064,0.04005167,0.2,0.2,0.6,0.13333334,0.15,1.0,1.0,1.0,1.0,1.0,-0.8,-0.8,-0.4,-0.8666667,-0.85,-0.19976765,0.4894464,0.11399116,0.40118042,0.7822237,-0.82458943,-0.06599626,-0.027625086,0.09256978,0.21201628,0.2,0.3,0.35,0.36666667,0.4,0.8,0.7,0.65,0.6333333,0.6,-0.6,-0.4,-0.3,-0.26666668,-0.2,0.007470924,0.26452476,0.3355975,0.33367774,0.39478356,0.9925291,0.73547524,0.66440254,0.66632223,0.60521644,-0.9850581,-0.47095048,-0.32880503,-0.3326445,-0.21043292,0.99410325,1.1509331,1.0495971,1.1804476,1.8218422,0.16863059,0.33637947,0.29902652,0.38289282,0.97619945,0.8921453,0.81424224,1.0424881,1.4607384,1.5338753,0.5641151,0.49950624,0.4094273,0.4506341,0.48540223,0.4358849,0.50049376,0.5905727,0.54936594,0.5145978,0.12823021,-0.0009875536,-0.18114543,-0.09873184,-0.029195555
94,SH601728,0.014820173067776655,0.7222222222222222,,,,SH601728,中国电信,2026-09-16,-0.003184782,0.02070067,-0.15384923,0.004777035,0.23076718,0.012738853,0.61538357,0.004777035,0.23076718,1.0031949,1.0079873,0.98722047,0.99722767,0.97848105,1.007595,1.0354431,0.9696203,0.83924055,0.9994937,0.99354434,0.9974051,0.9981435,0.95428276,0.0064915717,0.0090976935,0.010853916,0.017004684,0.062980615,0.002151878,0.0014959717,-0.0005758086,2.365432e-05,0.0030393463,0.2747107,0.2478538,0.09850342,0.00014996347,0.7103076,-0.0037974566,-0.0002762018,0.008065083,0.0015135169,-0.043943454,1.0207669,1.0207669,1.0355238,1.0384554,1.0384554,0.97423375,0.9706906,0.970594,0.95571446,0.80157566,1.0040506,1.0007595,1.0055697,1.007595,1.0040506,0.99772155,0.98632914,0.9883545,0.9820253,0.88759494,0.5,0.75,0.55,0.53333336,0.73333335,0.5537195,0.58529574,0.4528895,0.53523153,0.83765864,0.6,0.8,0.1,0.26666668,0.6333333,0.2,0.5,0.4,0.1,0.083333336,0.4,0.3,-0.3,0.16666667,0.55,0.22094807,0.34111083,0.34899494,0.2678717,-0.16908297,0.97878927,0.6223744,0.32480767,0.24738392,0.49915275,0.6,0.3,0.3,0.43333334,0.5,0.4,0.7,0.65,0.53333336,0.46666667,0.2,-0.4,-0.35,-0.1,0.033333335,0.77419233,0.44444445,0.39062488,0.5530973,0.61082023,0.22580767,0.5555556,0.6093751,0.44690272,0.38917974,0.54838467,-0.11111111,-0.21875027,0.106194586,0.22164051,1.5131532,1.3688424,1.4354969,1.6277324,2.033209,0.50367147,0.3793682,0.34087482,0.43526763,0.72927135,1.0438511,1.0250658,0.85101306,0.79499346,1.1085991,0.43986264,0.48480606,0.38962385,0.4053993,0.4664303,0.5601374,0.51519394,0.6103762,0.5946007,0.5335697,-0.12027473,-0.030387873,-0.22075233,-0.18920141,-0.06713938
95,SZ000625,0.014602087154406078,0.6111111111111112,,,,,,2026-09-16,-0.0014104969,0.012693993,-0.11111531,0.0028208978,0.22222306,0.008462598,0.6666616,0.004231203,0.33332327,1.0014125,1.0042374,0.9915255,0.9977778,1.0141236,0.997229,0.9943685,1.0678467,0.9748816,1.0059713,1.0073836,1.0048449,1.0119038,1.0136156,0.009269258,0.009107607,0.0075359154,0.015842926,0.032621313,-0.0002949957,0.000150605,0.0003582297,-0.0010436203,0.00028376843,0.0025321036,0.0025065807,0.07908957,0.33629152,0.023079433,-0.0053812624,-0.008061331,-0.008248131,0.0032287543,-0.02198672,1.0381346,1.0381346,1.0381346,1.0663819,1.1172804,0.98592895,0.98592895,0.98592895,0.98592895,0.92494965,1.0088139,1.015536,1.0087781,1.0234737,1.033092,0.9994458,0.9994458,0.99837315,0.9986592,0.9957808,0.4,0.3,0.35,0.26666668,0.35,0.26953146,0.26953146,0.26953146,0.17489778,0.3902151,0.6,0.8,0.9,0.033333335,0.46666667,0.4,0.7,0.85,0.9,0.05,0.2,0.1,0.05,-0.8666667,0.41666666,0.73582274,0.6969729,0.72413677,0.6822938,0.35430372,0.74107087,0.77961993,0.69189745,0.39891115,0.4670781,0.2,0.3,0.35,0.33333334,0.43333334,0.8,0.6,0.55,0.6,0.53333336,-0.6,-0.3,-0.2,-0.26666668,-0.1,0.386167,0.51402694,0.51690817,0.3787153,0.51643467,0.613833,0.48597306,0.48309183,0.62128466,0.48356536,-0.22766602,0.028053876,0.03381636,-0.24256937,0.03286929,1.3777492,1.2893734,1.0840076,1.2156246,1.8643093,0.5936625,0.5127406,0.4256842,0.47786033,0.9870172,1.0509706,1.1138709,1.2226751,1.1165658,1.4994295,0.49834782,0.5191609,0.48184237,0.443308,0.47628018,0.5016522,0.48083907,0.5181576,0.556692,0.5237198,-0.003304337,0.038321845,-0.03631525,-0.11338398,-0.04743963
96,SZ002236,0.014561495626826248,0.5555555555555556,,,,,,2026-09-16,-0.0056925504,0.015180303,-0.37499586,0.0006325838,0.041671358,0.008855168,0.5833328,0.0025300337,0.16666557,1.0057251,1.0063614,0.9910941,0.99813557,1.0076964,1.0226728,1.0070655,1.0719675,1.0201746,1.0002877,1.006986,1.0111464,1.0195837,1.0276159,0.0067142113,0.008825978,0.010017961,0.017115226,0.021024194,0.0014572673,-0.0021480252,-0.0005383469,-0.001454993,-0.0005168964,0.11776832,0.5429558,0.10107268,0.5600906,0.18436061,-0.003202197,0.0026800863,-0.00603219,0.001513703,-0.012367459,1.0108128,1.0307796,1.0388957,1.0750779,1.113149,0.9870987,0.9870987,0.9870987,0.9870987,0.98647934,1.0033233,1.0159327,1.0166771,1.0355245,1.0446315,0.9953368,0.99916726,1.0039542,1.006692,1.0081909,0.6,0.3,0.15,0.1,0.1,0.54403645,0.29535398,0.24907435,0.14664066,0.10673947,0.8,0.2,0.5,0.033333335,0.2,0.4,0.7,0.85,0.9,0.05,0.4,-0.5,-0.35,-0.8666667,0.15,-0.45688757,0.19852397,0.40367252,0.4439745,0.5671414,-0.41871017,-0.12018075,0.08932472,-0.061403222,0.27229813,0.4,0.3,0.4,0.36666667,0.5,0.6,0.7,0.55,0.6,0.48333332,-0.2,-0.4,-0.15,-0.23333333,0.016666668,0.40976375,0.31143796,0.46733576,0.32802725,0.4859941,0.59023625,0.68856204,0.53266424,0.67197275,0.5140059,-0.18047252,-0.37712404,-0.065328464,-0.3439455,-0.028011775,0.9469911,1.0628494,1.1914508,1.4392537,1.809589,0.13763982,0.32932046,0.31088006,0.5365616,0.6622844,0.5637445,0.70244455,0.8463297,1.371082,1.1160295,0.6234132,0.47505847,0.3805042,0.42045644,0.47039795,0.3765868,0.52494156,0.6194958,0.57954353,0.52960205,0.24682643,-0.049883068,-0.23899163,-0.15908712,-0.059204124
97,SH600372,0.0137105152827174,0.5555555555555556,,,,SH600372,中航机载,2026-09-16,-0.013852834,0.020779159,-0.6666696,0.0034631628,0.16666521,0.0034631628,0.16666521,-0.013852834,-0.6666696,1.0140474,1.0175593,0.9964882,1.0018239,1.0483376,0.99385303,0.9544565,1.0139704,0.949986,1.0255378,1.0203409,0.9950545,0.99291235,0.9863789,0.01864572,0.021450326,0.03208475,0.027508833,0.025127355,-0.011008661,0.0018728817,0.0046932097,0.0015309305,0.00073433993,0.8714665,0.06988184,0.74887735,0.24003154,0.26049572,-0.003520558,-0.02876886,-0.039639983,-0.015110861,-0.008041913,1.0537256,1.0588735,1.0588735,1.0588735,1.0588735,0.9964882,0.9858727,0.9377335,0.9377335,0.9113112,1.041073,1.041073,1.0272144,1.013691,1.0015646,1.012741,0.9991059,0.96121824,0.9701034,0.9658564,0.2,0.3,0.65,0.7,0.78333336,0.061355222,0.1935227,0.51400435,0.51400435,0.60102576,0.2,0.5,0.75,0.8333333,0.9166667,1.0,0.1,0.1,0.4,0.05,-0.8,0.4,0.65,0.43333334,0.8666667,0.47808415,0.52873516,0.79424137,0.6995039,0.283841,0.083408296,0.64518994,0.5616251,0.37165964,0.4010816,0.2,0.5,0.65,0.56666666,0.56666666,0.8,0.5,0.35,0.43333334,0.43333334,-0.6,0.0,0.3,0.13333334,0.13333334,0.11210701,0.52148426,0.61303747,0.47833622,0.53353316,0.887893,0.47851574,0.38696253,0.5216638,0.46646684,-0.775786,0.042968534,0.22607492,-0.04332755,0.067066334,1.0880717,1.3231417,1.0421089,0.97900283,1.1271255,0.31211296,0.54633236,0.50402933,0.43777755,0.4351236,0.6649093,1.3324157,1.6550596,1.4719266,1.178319,0.30944732,0.48260224,0.49004206,0.49468124,0.5014442,0.69055265,0.51739776,0.50995797,0.50531876,0.4985558,-0.38110533,-0.034795552,-0.019915892,-0.010637507,0.002888406
98,SZ002230,0.013646128089480585,0.6111111111111112,,,,,,2026-09-16,0.00051439553,0.013374392,0.038461227,0.00462956,0.34615102,0.008230437,0.61538774,0.004115273,0.30769795,0.99948585,1.0046272,0.99125963,0.9971966,1.0035933,1.0133765,1.0236487,1.1354768,1.0925817,1.0067352,1.0083815,1.0142297,1.0384914,1.0476357,0.006879671,0.0058448557,0.010812822,0.03993261,0.03745818,-0.0017214417,-0.00087899726,-0.0007585299,-0.0038224745,-0.0007973004,0.15652701,0.2073189,0.17224054,0.7101262,0.13818166,-0.003292353,-0.0044259466,-0.0070236167,0.016934508,-0.024115369,1.0272563,1.0308514,1.049107,1.1496067,1.1652969,0.9807271,0.9807271,0.9807271,0.9807271,0.9807271,1.0089402,1.0141929,1.023088,1.0782533,1.0788139,1.002062,1.0033902,1.005866,1.0072958,1.0119617,0.2,0.1,0.05,0.033333335,0.033333335,0.41421145,0.38450256,0.2818505,0.11412213,0.10442066,0.8,0.2,0.45,0.033333335,0.5,0.4,0.7,0.85,0.9,0.95,0.4,-0.5,-0.4,-0.8666667,-0.45,0.6057167,0.6476185,0.51375973,0.75127,0.71141326,0.29086396,0.46503398,0.14958973,-0.0120693445,0.32578456,0.4,0.3,0.45,0.33333334,0.46666667,0.6,0.7,0.55,0.6666667,0.53333336,-0.2,-0.4,-0.1,-0.33333334,-0.06666667,0.44533536,0.38483968,0.41755196,0.24291305,0.44684485,0.5546647,0.61516035,0.58244807,0.75708693,0.5531552,-0.10932929,-0.23032063,-0.16489609,-0.51417387,-0.10631033,1.1441188,1.1756601,1.4169822,1.8169075,2.4743714,0.23244235,0.2594903,0.37191838,0.7410188,1.1365892,1.0019505,0.83090794,0.9508331,1.1712786,1.4222441,0.47401,0.4352994,0.36921707,0.33827204,0.47677532,0.52599,0.5647006,0.63078296,0.66172796,0.5232247,-0.051980037,-0.12940122,-0.26156586,-0.32345593,-0.046449378
99,SZ002001,0.01351696136708223,0.6666666666666666,,,,,,2026-09-16,-0.016479384,0.035955038,-0.45833308,0.002247148,0.062498834,0.017228507,0.4791681,-0.0014980242,-0.04166382,1.0167555,1.0190403,0.9824828,0.99678093,1.02742,1.0148512,1.1096723,1.13481,1.1706066,1.0175203,1.0179768,1.0231941,1.0582031,1.0944943,0.0133315995,0.010034741,0.018757848,0.057709396,0.058723193,-0.005941267,-0.0007154484,-0.0012410299,-0.0054171765,-0.0023630215,0.49651647,0.046596766,0.15320273,0.68289614,0.49387366,-0.005637732,-0.014757224,-0.011404304,0.020345924,-0.02478516,1.0472225,1.0472225,1.094826,1.198027,1.2185858,0.9824828,0.9824828,0.9824828,0.9824828,0.9824828,1.0269651,1.0255941,1.0329057,1.1054119,1.1477592,1.0076205,1.0095257,1.0091437,1.0137861,1.0263549,0.2,0.1,0.05,0.033333335,0.016666668,0.2705786,0.2705786,0.15592565,0.08126953,0.07419296,0.2,0.6,0.05,0.1,0.35,1.0,1.0,1.0,1.0,1.0,-0.8,-0.4,-0.95,-0.9,-0.65,-0.31397757,-0.27173433,0.3720761,0.36054873,0.4100325,-0.40583798,-0.35476363,-0.27116585,-0.39083531,-0.043782428,0.4,0.6,0.5,0.56666666,0.51666665,0.6,0.4,0.45,0.4,0.46666667,-0.2,0.2,0.05,0.16666667,0.05,0.31051493,0.4334425,0.30164838,0.3652894,0.42977834,0.6894851,0.56655747,0.6983516,0.6347106,0.57022166,-0.37897015,-0.133115,-0.39670324,-0.2694212,-0.14044334,0.76921666,0.74097157,1.0088493,1.1597602,1.1986643,0.21911101,0.15761526,0.5145929,0.6229903,0.48405498,0.6728043,0.7680461,1.6265119,2.022626,1.5156466,0.630121,0.57117,0.48651898,0.4846689,0.48705086,0.36987904,0.42883006,0.513481,0.5153311,0.51294917,0.26024193,0.14233992,-0.026962038,-0.030662205,-0.025898295
100,SZ002594,0.013225634281053195,0.3888888888888889,,,,,,2026-09-16,-0.0017833656,0.013078106,-0.13636269,0.005231242,0.4,0.006063498,0.46363732,-0.0009511101,-0.07272537,1.0017866,1.0070271,0.9939257,0.9998524,1.0228797,1.0338484,1.0559744,1.0817188,0.9884282,1.0033698,1.0182096,1.046617,1.0542053,1.0575461,0.008583335,0.01738833,0.03479337,0.030579941,0.048788697,0.0014059675,-0.004859218,-0.005371278,-0.0026588659,0.00026514867,0.06707775,0.71586055,0.8341235,0.58589697,0.009008248,-0.0061816922,0.0036569224,0.004410117,-0.015651735,-0.06536805,1.0242,1.0546695,1.1104116,1.1104116,1.1504414,0.9845298,0.9845298,0.9845298,0.9845298,0.920799,1.0067621,1.0328609,1.08147,1.0781078,1.0965021,0.9989521,1.000392,1.0148361,1.0288805,1.0234225,0.4,0.2,0.1,0.06666667,0.13333334,0.3899708,0.22056247,0.12289451,0.12289451,0.3448882,0.8,0.2,0.25,0.5,0.46666667,0.4,0.7,0.85,0.9,0.05,0.4,-0.5,-0.6,-0.4,0.41666666,0.044624284,-0.4035288,0.09514186,0.1324903,0.0095067145,-0.48138577,-0.5285438,-0.42378423,-0.30687383,0.031861123,0.4,0.5,0.55,0.5,0.53333336,0.6,0.5,0.45,0.5,0.46666667,-0.2,0.0,0.1,0.0,0.06666667,0.3327826,0.32196674,0.3788942,0.37525886,0.50638384,0.6672174,0.67803323,0.6211058,0.62474114,0.49361613,-0.33443478,-0.35606652,-0.24221158,-0.24948224,0.012767721,1.4320517,1.2859876,1.5133407,1.5219153,2.2150655,0.37141937,0.29599613,0.5982897,0.54812366,0.99842286,0.8916656,1.1330521,1.641884,1.5300727,1.342068,0.49192855,0.34021145,0.48883542,0.4308783,0.47882402,0.5080715,0.65978855,0.5111646,0.5691217,0.521176,-0.016142907,-0.31957707,-0.022329157,-0.1382434,-0.04235199
101,SH601058,0.012923148211273284,0.4444444444444444,,,,SH601058,赛轮轮胎,2026-09-16,-0.00944766,0.026889516,-0.35135105,0.0029069863,0.108108535,0.014534871,0.5405404,0.0021802245,0.08108084,1.0095378,1.0124725,0.9853265,0.99523693,1.0613316,1.1274008,1.0207427,0.99167734,0.8377721,1.0113444,1.0455698,1.0463573,1.029586,0.98728764,0.01384046,0.044338275,0.04664475,0.045672156,0.06853265,-0.0061843875,-0.013261164,5.1043535e-06,0.002324336,0.003192397,0.49915144,0.82000613,4.1912537e-07,0.20072272,0.66181797,0.0010243321,0.014105443,-0.04640573,-0.063288875,-0.081463374,1.062887,1.1419663,1.1448247,1.1448247,1.1448247,0.9853265,0.9853265,0.9853265,0.9597806,0.80732715,1.0182587,1.072087,1.1057875,1.0595903,1.0274264,0.99956465,1.0094239,1.0085531,0.99761844,0.9400512,0.4,0.2,0.1,0.26666668,0.53333336,0.18918781,0.09367669,0.09199787,0.21735029,0.57088655,0.2,0.1,0.45,0.6333333,0.81666666,1.0,1.0,1.0,0.23333333,0.083333336,-0.8,-0.9,-0.55,0.4,0.73333335,-0.7771056,-0.11458363,0.48009259,0.5375594,-0.13846436,-0.47812772,-0.86562395,-0.24824183,-0.15925768,0.09047173,0.2,0.3,0.55,0.56666666,0.53333336,0.8,0.7,0.45,0.43333334,0.45,-0.6,-0.4,0.1,0.13333334,0.083333336,0.1776579,0.18210858,0.4719335,0.50824666,0.5716548,0.8223421,0.8178914,0.5280665,0.49175334,0.4283452,-0.6446842,-0.63578284,-0.05613299,0.016493306,0.14330958,0.9134377,1.2076368,1.195148,1.0653284,1.2735897,0.11982161,0.7247916,0.7340125,0.63680106,0.5745835,0.23458908,1.7964332,1.6821475,1.7687062,1.2792231,0.5358978,0.46612337,0.48408082,0.49932712,0.50068736,0.4641022,0.53387666,0.5159192,0.5006729,0.4993126,0.071795575,-0.06775326,-0.031838357,-0.0013457701,0.0013747757
102,SH600760,0.012822627338579688,0.3888888888888889,,,,SH600760,中航沈飞,2026-09-16,-0.007604581,0.025944974,-0.2931042,0.006262589,0.24137965,0.012077806,0.46551615,-0.0017893645,-0.06896767,1.0076629,1.0139735,0.9878296,0.9959066,1.1023122,1.0840611,0.98105663,0.9582933,0.9154697,1.0425466,1.0630984,1.0455189,1.0273689,0.9813284,0.04342439,0.037435878,0.039868552,0.042791355,0.060728427,-0.026319683,-0.0089726485,0.0029304426,0.0033630636,0.003097223,0.9184042,0.526595,0.18909214,0.47869596,0.7933425,0.010092689,-0.022721529,-0.07335806,-0.0761333,-0.07269652,1.1128992,1.1167362,1.1167362,1.1167362,1.1167362,0.9878296,0.9878296,0.9736252,0.9472642,0.8564297,1.0848655,1.0891902,1.0841058,1.0822518,1.0187826,1.0077561,1.0223122,1.0077561,0.99476826,0.9182308,0.2,0.1,0.2,0.33333334,0.6666667,0.09730869,0.094412275,0.18429625,0.31117716,0.5515434,0.2,0.5,0.75,0.8333333,0.9166667,1.0,1.0,0.05,0.06666667,0.25,-0.8,-0.5,0.7,0.76666665,0.6666667,-0.21220927,0.014427434,0.47152686,0.39168242,0.18914935,-0.72891796,-0.3260486,0.18761615,0.38960585,0.42919794,0.0,0.3,0.55,0.53333336,0.51666665,1.0,0.7,0.45,0.46666667,0.48333332,-1.0,-0.4,0.1,0.06666667,0.033333335,0.0,0.26120088,0.5301908,0.54883087,0.5545685,1.0,0.73879915,0.46980917,0.4511691,0.4454315,-1.0,-0.47759828,0.060381643,0.09766176,0.109137006,1.0975095,1.1256986,1.1589359,1.152093,1.1286356,0.39341864,0.28322905,0.43194088,0.44002917,0.37822193,1.4108653,1.267052,1.1333753,1.4580173,1.3298616,0.42263398,0.3590412,0.4983822,0.49769396,0.504195,0.57736605,0.6409588,0.5016178,0.50230604,0.49580503,-0.15473206,-0.28191757,-0.0032355962,-0.0046120626,0.008389967
103,SH600600,0.012616991991073722,0.6111111111111112,,,,SH600600,青岛啤酒,2026-09-16,-0.005917121,0.012228816,-0.48386708,0.0009862158,0.08064687,0.0053254785,0.43548605,-0.0015778587,-0.12902792,1.0059524,1.0069444,0.9946428,0.9987382,1.0193937,1.0031643,1.0191895,1.0717566,0.9911197,1.0054098,1.0117178,1.0118506,1.024123,1.0342706,0.0041568265,0.008361435,0.0072852476,0.021029595,0.033744764,-0.0014800357,-0.0017878044,-0.00036454288,-0.0019448412,-0.00022671102,0.316928,0.41907313,0.0876348,0.6628392,0.01376678,-0.0024497216,-0.0036727216,-0.00838738,0.0040771994,-0.027582685,1.0182341,1.0265881,1.0267692,1.0759332,1.1457908,0.9946428,0.9946428,0.9946428,0.9946428,0.9584848,1.0082678,1.0212309,1.020741,1.0446463,1.0628355,1.0017148,1.005818,1.0062468,1.0070634,1.0066959,0.2,0.1,0.05,0.033333335,0.06666667,0.22708292,0.16769868,0.16675335,0.06590173,0.22164342,0.2,0.3,0.05,0.1,0.43333334,1.0,1.0,1.0,1.0,0.05,-0.8,-0.7,-0.95,-0.9,0.38333333,-0.22181448,0.48912945,0.24976338,0.6324484,0.6218574,-0.7069252,0.2688066,-0.07280026,0.03278939,0.44724014,0.2,0.3,0.4,0.36666667,0.5,0.8,0.6,0.55,0.6,0.48333332,-0.6,-0.3,-0.15,-0.23333333,0.016666668,0.18542975,0.46918476,0.4179756,0.30633605,0.5073294,0.81457025,0.53081524,0.5820244,0.69366395,0.49267057,-0.6291405,-0.06163046,-0.16404876,-0.3873279,0.014658859,1.0516741,1.2120148,1.3866025,1.5970098,2.2994993,0.25231418,0.3696457,0.39133185,0.4590581,1.1075423,0.6234394,1.2730862,0.9582026,0.7843734,1.3511769,0.35621807,0.4726141,0.45392403,0.3965088,0.47389492,0.64378196,0.5273859,0.546076,0.6034912,0.5261051,-0.2875639,-0.05477175,-0.09215196,-0.20698239,-0.052210182
104,SZ000166,0.011812537036354176,0.7222222222222222,,,,,,2026-09-16,0.0,0.020454576,0.0,0.0068181916,0.33333334,0.013636383,0.6666667,0.0068181916,0.33333334,1.0,1.0068182,0.9863636,0.9958731,1.0339943,1.0283287,1.0028329,1.0382437,1.0070821,1.0127479,1.0235127,1.0249292,1.0216242,1.0260152,0.016426923,0.016235156,0.015552925,0.013952369,0.01733583,-0.0089235045,-0.004446737,-0.0002513365,0.00031952234,2.266884e-05,0.7377319,0.68767214,0.009140185,0.040645108,0.0005215179,0.0050991527,-0.0035024248,-0.02254147,-0.026257249,-0.026683845,1.0410764,1.048458,1.048458,1.048458,1.0705552,0.9863636,0.9863636,0.9863636,0.9863636,0.97547,1.0161473,1.0354108,1.0399433,1.0373937,1.0424929,1.0022663,1.0084985,1.0093484,1.0093484,1.009915,0.2,0.1,0.05,0.033333335,0.06666667,0.24923553,0.21960753,0.21960753,0.21960753,0.25797904,0.2,0.2,0.6,0.73333335,0.31666666,1.0,1.0,1.0,1.0,0.06666667,-0.8,-0.8,-0.4,-0.26666668,0.25,0.16469994,0.34878436,0.53067005,0.42762473,0.08021617,-0.39102384,-0.29326448,0.12964408,-0.01901019,0.21740924,0.2,0.5,0.6,0.5,0.48333332,0.6,0.4,0.35,0.4,0.45,-0.4,0.1,0.25,0.1,0.033333335,0.14705858,0.33333334,0.49038464,0.410596,0.49427918,0.85294145,0.6666667,0.50961536,0.589404,0.5057208,-0.70588285,-0.33333334,-0.019230725,-0.17880799,-0.011441623,1.0195179,1.1402712,1.080345,1.0547771,1.4828469,0.36268082,0.35471022,0.31794345,0.32024562,0.6787967,1.5958264,1.3001654,1.3323227,1.3779062,1.4294806,0.55984837,0.4993535,0.5054182,0.4779607,0.45492205,0.44015163,0.50064653,0.49458185,0.5220393,0.5450779,0.11969675,-0.0012930334,0.010836333,-0.044078585,-0.09015589
105,SH600741,0.011807432585032541,0.6111111111111112,,,,SH600741,华域汽车,2026-09-16,-0.015101771,0.026920633,-0.5609738,0.0032830117,0.121951506,0.008535852,0.3170747,-0.009848931,-0.36585063,1.0153333,1.0186666,0.99133325,0.99982095,1.0326701,1.0353293,1.0220008,1.0726666,1.0375978,1.0197345,1.0266006,1.0278999,1.0331557,1.039005,0.01335644,0.011920199,0.010140885,0.015846917,0.035117313,-0.0057329987,-0.002937118,-0.0003703192,-0.0010449854,0.00015423878,0.46059826,0.5565283,0.04667334,0.33700207,0.0058836173,-0.008268503,-0.013383626,-0.024381826,-0.018003382,-0.043555047,1.040002,1.049339,1.0539958,1.0813295,1.1306664,0.99133325,0.99133325,0.99133325,0.99133325,0.95850587,1.030801,1.0345371,1.03427,1.040537,1.0707217,1.0127989,1.0181347,1.0208048,1.0213387,1.0131136,0.2,0.1,0.05,0.033333335,0.1,0.17807598,0.14941156,0.1383081,0.09630117,0.24101998,0.8,0.2,0.45,0.1,0.43333334,1.0,1.0,1.0,1.0,0.083333336,-0.2,-0.8,-0.55,-0.9,0.35,-0.26379278,-0.66996795,-0.27608255,-0.2075039,0.15028112,-0.488418,-0.5781556,-0.090671755,-0.095097475,0.14764255,0.2,0.4,0.5,0.36666667,0.45,0.8,0.6,0.5,0.56666666,0.48333332,-0.6,-0.2,0.0,-0.2,-0.033333335,0.2621684,0.30944875,0.440866,0.34734836,0.46997124,0.7378316,0.6905512,0.559134,0.65265167,0.53002876,-0.4756632,-0.38110247,-0.118268006,-0.3053033,-0.060057495,0.9667429,0.8005938,0.711284,0.67643917,0.8038136,0.16154645,0.22185816,0.19636312,0.16911617,0.24921077,0.506677,0.902476,0.8470003,0.9756902,1.0990628,0.6205119,0.6089437,0.5666907,0.5493845,0.51612157,0.37948814,0.3910563,0.43330935,0.45061553,0.4838784,0.24102373,0.21788737,0.13338134,0.098768964,0.03224317
106,SZ002493,0.011744263655339215,0.3888888888888889,,,,,,2026-09-16,-0.0015325828,0.030651363,-0.050000478,0.0068965494,0.22499976,0.02222223,0.7249998,0.013793099,0.4499995,1.0015349,1.008442,0.9777437,0.99579245,1.1618886,1.1020687,1.0291555,0.9508396,0.9355074,1.032368,1.073653,1.0766463,1.0511674,0.9708907,0.043055248,0.056352492,0.048496757,0.05525645,0.09391059,-0.024701873,-0.014472294,-0.0008504354,0.0030546368,0.0047600237,0.822901,0.60458857,0.010762801,0.23683992,0.7835902,0.017035784,-0.008527615,-0.06856724,-0.09545957,-0.11131142,1.172635,1.172635,1.172635,1.172635,1.172635,0.9777437,0.9777437,0.9777437,0.95008135,0.8058254,1.0555269,1.1143441,1.1180043,1.1052713,1.0560234,1.0018301,1.0108931,1.0335945,1.0019761,0.87258214,0.2,0.1,0.05,0.16666667,0.5833333,0.114198714,0.114198714,0.114198714,0.22429939,0.5293607,0.2,0.6,0.8,0.8666667,0.93333334,1.0,1.0,1.0,0.3,0.083333336,-0.8,-0.4,-0.2,0.56666666,0.85,0.6974206,0.18267262,0.3229969,0.15786143,-0.34063217,-0.057315618,0.19083197,0.26651642,0.4356828,0.39931673,0.0,0.3,0.45,0.53333336,0.48333332,1.0,0.7,0.55,0.46666667,0.51666665,-1.0,-0.4,-0.1,0.06666667,-0.033333335,0.0,0.3412566,0.4735401,0.5317132,0.52170354,1.0,0.65874344,0.5264599,0.46828684,0.47829646,-1.0,-0.31748685,-0.052919798,0.06342633,0.043407056,1.1532707,1.0801545,1.1566893,1.1993324,1.3406426,0.25443557,0.2283177,0.22275531,0.30783018,0.35865775,0.8681056,0.7365224,0.6960856,0.8752,0.8592464,0.32410723,0.44500032,0.3821809,0.48626322,0.473539,0.6758928,0.5549997,0.6178191,0.5137368,0.526461,-0.35178554,-0.10999939,-0.23563817,-0.027473575,-0.052922036
107,SZ000999,0.011014039231250517,0.6111111111111112,,,,,,2026-09-16,-0.010788414,0.019087091,-0.5652204,0.0016596977,0.08695393,0.00663898,0.34782565,-0.0058091315,-0.30434868,1.0109061,1.0125839,0.99328864,0.99945235,1.0361155,1.0125984,1.032336,1.0620472,0.97942257,1.0113386,1.0255328,1.0233438,1.0299667,1.0297568,0.010320801,0.016692344,0.016140083,0.017597312,0.034242496,-0.003737541,-0.004907022,-0.00030604066,-0.0010987067,0.000447205,0.3278575,0.7921598,0.012583884,0.30211523,0.052021436,-0.0038635067,-0.0034512111,-0.020436449,-0.014035508,-0.04294933,1.0356818,1.0499676,1.0683259,1.0704337,1.1094873,0.99328864,0.99328864,0.9844926,0.9844926,0.9060137,1.0201575,1.0413228,1.0371233,1.0474541,1.0546561,1.0016798,1.0098268,1.0116745,1.0125984,1.0024357,0.2,0.1,0.1,0.06666667,0.18333334,0.15831266,0.11841025,0.18497927,0.18044229,0.461909,0.2,0.2,0.05,0.1,0.46666667,1.0,1.0,0.2,0.46666667,0.05,-0.8,-0.8,-0.15,-0.36666667,0.41666666,-0.53101397,0.19139998,0.007905988,0.26989138,0.2913806,-0.72457725,0.038919583,0.07473505,0.07728275,0.21875802,0.2,0.4,0.45,0.46666667,0.51666665,0.8,0.6,0.55,0.53333336,0.46666667,-0.6,-0.2,-0.1,-0.06666667,0.05,0.24404743,0.4496644,0.4420617,0.41249624,0.51168334,0.75595254,0.5503356,0.5579383,0.5875038,0.48831663,-0.51190513,-0.100671165,-0.1158766,-0.17500754,0.023366746,0.982496,1.1194648,1.3062154,1.3942504,1.8623176,0.31319848,0.43916133,0.478508,0.44964367,0.82686764,0.6756562,1.0920995,1.0377063,1.0450451,0.9747285,0.5662663,0.5112224,0.48680827,0.42215025,0.4968638,0.4337337,0.4887776,0.51319176,0.57784975,0.50313616,0.13253263,0.022444788,-0.02638347,-0.15569952,-0.006272358
108,SZ002179,0.010547448979912203,0.9444444444444444,,,,,,2026-09-16,0.004613643,0.021049587,0.21917975,0.0069204234,0.32876766,0.00951552,0.4520526,0.00720874,0.3424647,0.9954075,1.0068886,0.98593575,0.9989698,0.99311954,0.98508924,0.98680466,0.99741745,1.2052253,0.997425,0.99131185,0.9886426,0.9975507,1.0373846,0.010784536,0.011050193,0.019060416,0.021672368,0.10216166,-0.0014929676,0.0015707593,0.0010989148,-0.00084202754,-0.0037188688,0.047911294,0.18522136,0.1163406,0.116988055,0.40415284,0.0055608912,0.00161976,0.00091772695,0.0146587,0.072322,1.0355989,1.0355989,1.0355989,1.0689042,1.3550658,0.9759013,0.9727442,0.9291098,0.9291098,0.91504395,1.0021828,0.9997738,1.0033402,1.0181531,1.0529436,0.9925503,0.9809007,0.979404,0.9813003,0.9777338,0.8,0.9,0.75,0.56666666,0.53333336,0.40367967,0.43363184,0.66570395,0.5071033,0.19307229,0.4,0.7,0.85,0.23333333,0.06666667,0.8,0.3,0.2,0.46666667,0.3,-0.4,0.4,0.65,-0.23333333,-0.23333333,0.22233479,0.55450135,0.15651175,0.3128468,0.6820726,0.43875247,0.30960792,0.28962278,0.23185499,0.15404747,0.8,0.6,0.5,0.46666667,0.46666667,0.2,0.4,0.45,0.5,0.51666665,0.6,0.2,0.05,-0.033333335,-0.05,0.5516852,0.56731915,0.52420133,0.5033706,0.41683602,0.44831482,0.43268088,0.47579867,0.49662942,0.583164,0.10337037,0.13463826,0.048402674,0.0067411396,-0.16632794,1.2708389,1.0662624,1.1604756,1.2724369,1.935323,0.29095703,0.3119904,0.47681764,0.46596274,1.0726426,0.79894775,0.89529467,1.7878646,1.6576142,1.4603794,0.47729254,0.49105757,0.46908796,0.4515707,0.46259347,0.52270746,0.5089424,0.53091204,0.5484293,0.5374065,-0.04541491,-0.017884823,-0.06182406,-0.09685859,-0.07481306
109,SH603501,0.010306164023325801,0.5555555555555556,,,,SH603501,豪威集团,2026-09-16,0.01252737,0.023634216,0.5300523,0.0032287436,0.13661312,0.007878102,0.3333346,0.017176729,0.7267738,0.9876276,1.0031888,0.979847,0.9930105,1.020463,1.0281482,1.1083333,1.1585186,1.1517593,0.99394447,1.0085741,1.0381528,1.0764414,1.1597717,0.010095496,0.017711546,0.036272254,0.06365433,0.11411307,-0.0005370487,-0.004245793,-0.0056983437,-0.0068318923,-0.005301396,0.007074766,0.52676404,0.86380607,0.89274573,0.6582783,0.0071296236,0.010531967,0.015981456,0.022621045,-0.003380468,1.016198,1.0490268,1.1141055,1.2103279,1.4511099,0.96742946,0.96742946,0.96742946,0.96742946,0.96742946,1.0013518,1.0240927,1.0727593,1.1454816,1.2881297,0.9870741,0.99270374,1.0054075,1.0186666,1.050963,0.8,0.4,0.2,0.13333334,0.06666667,0.66785896,0.39916193,0.22205788,0.1340913,0.067339,0.2,0.2,0.05,0.13333334,0.26666668,0.6,0.8,0.9,0.93333334,0.96666664,-0.4,-0.6,-0.85,-0.8,-0.7,-0.55793166,0.47031438,0.20056567,0.52463526,0.8393182,-0.5640614,-0.34652707,-0.39678314,-0.049014173,0.20568937,0.4,0.4,0.35,0.36666667,0.41666666,0.6,0.6,0.65,0.6333333,0.5833333,-0.2,-0.2,-0.3,-0.26666668,-0.16666667,0.3524699,0.38502264,0.33408958,0.3528704,0.45023984,0.64753014,0.61497736,0.6659104,0.6471296,0.54976016,-0.29506022,-0.22995475,-0.33182082,-0.29425922,-0.0995203,1.1586784,1.4267757,1.472987,1.7214547,2.7077596,0.50272113,0.47959113,0.4843478,0.71139795,1.4973885,1.0204306,0.7519106,0.96444905,1.201571,1.2360144,0.4509473,0.45170832,0.43086565,0.44665876,0.4807408,0.5490527,0.5482917,0.56913435,0.55334127,0.5192592,-0.09810539,-0.096583374,-0.13826871,-0.106682494,-0.038518406
110,SH601127,0.00988296483144456,0.5555555555555556,,,,SH601127,赛力斯,2026-09-16,0.011555564,0.04533336,0.254902,0.002888891,0.0637255,0.030888904,0.6813725,0.039555576,0.872549,0.9885764,1.0028559,0.9580404,0.9791981,1.0637285,1.0749017,1.109042,1.2929857,1.3577487,1.0208566,1.0494723,1.0775708,1.1167115,1.1980687,0.022884663,0.034377437,0.0388304,0.0698708,0.10461999,-0.008855784,-0.010063389,-0.0058694207,-0.0075310003,-0.005291087,0.37437347,0.7855123,0.7996774,0.90035886,0.7801181,-0.0031450212,-0.0041870982,-0.021811334,-0.0075119543,-0.041981723,1.0791689,1.1263839,1.1346965,1.2801924,1.4090395,0.9580404,0.9580404,0.9580404,0.9580404,0.9580404,1.037782,1.0819366,1.1106973,1.1735568,1.3004758,0.9997517,1.0152286,1.0487068,1.0721705,1.0922822,0.4,0.2,0.1,0.06666667,0.033333335,0.34640566,0.24924983,0.23752145,0.13024785,0.09303699,0.8,0.2,0.05,0.033333335,0.016666668,1.0,1.0,1.0,1.0,1.0,-0.2,-0.8,-0.95,-0.96666664,-0.98333335,-0.62023973,-0.6190925,-0.59812856,0.14651741,0.52407974,-0.23782003,-0.029024322,-0.08931829,-0.030552195,0.11890164,0.4,0.4,0.4,0.3,0.43333334,0.6,0.6,0.6,0.7,0.56666666,-0.2,-0.2,-0.2,-0.4,-0.13333334,0.26012498,0.28400978,0.33962262,0.23423414,0.3747646,0.739875,0.7159902,0.6603774,0.76576585,0.62523544,-0.47975,-0.4319804,-0.32075477,-0.5315317,-0.25047082,0.76126254,0.60671586,0.5152132,0.5630344,0.70965135,0.37858805,0.32129923,0.24955955,0.22561751,0.30471036,1.215973,1.5691328,1.4597914,1.1829704,1.3628201,0.74329907,0.6185694,0.56354284,0.49162847,0.5205288,0.25670093,0.38143063,0.43645713,0.50837153,0.47947124,0.4865981,0.23713875,0.12708573,-0.016743049,0.04105753
111,SH688396,0.009877046537535341,0.2222222222222222,,,,SH688396,华润微,2026-09-16,0.045536757,0.060534805,0.75224096,0.008854283,0.14626764,0.0061437627,0.10149141,0.04282624,0.7074647,0.9564465,1.0084686,0.95057034,0.9892281,0.97271484,0.98379946,1.0644611,1.005116,1.4623123,0.96991813,0.9765348,1.0068213,1.0236926,1.1339672,0.018640585,0.01607697,0.04077186,0.044804372,0.21184336,0.0041780355,-0.001823148,-0.0052254624,-0.0035247589,-0.009314049,0.12559292,0.11788182,0.5749054,0.47964486,0.5895861,0.021725811,0.03166939,0.04282062,0.027416432,0.14079733,1.0084686,1.0213894,1.1040798,1.1443086,1.762707,0.93285435,0.93285435,0.93285435,0.93285435,0.8923459,0.9781719,0.9892224,1.0543315,1.0617325,1.3464187,0.95480895,0.9652114,0.97271484,0.97800136,0.97800136,1.0,0.9,0.55,0.36666667,0.28333333,0.88800204,0.7584083,0.39214745,0.31754217,0.12368901,1.0,0.2,0.1,0.33333334,0.083333336,0.4,0.7,0.85,0.9,0.46666667,0.6,-0.5,-0.75,-0.56666666,-0.38333333,0.7174857,0.7015858,0.84956473,0.76241,0.68839544,0.6207776,0.45892808,0.618293,0.5061438,0.25255695,0.4,0.4,0.35,0.43333334,0.4,0.4,0.5,0.6,0.53333336,0.56666666,0.0,-0.1,-0.25,-0.1,-0.16666667,0.71163994,0.5630809,0.4355389,0.49681124,0.40924004,0.28836003,0.4369191,0.5644611,0.5031887,0.59075993,0.42327994,0.1261618,-0.12892224,-0.0063775126,-0.1815199,0.6784223,0.7502109,1.0602845,1.1538492,1.601629,0.22505133,0.19766222,0.4305299,0.43374088,0.6969836,1.6884907,1.2715102,1.2412794,1.0637347,1.2605033,0.6614283,0.54714423,0.38579863,0.44542122,0.44101453,0.3385717,0.45285574,0.61420137,0.5545788,0.5589855,0.32285658,0.0942885,-0.2284027,-0.10915756,-0.11797093
112,SH601669,0.00973230126591481,0.5555555555555556,,,,SH601669,中国电建,2026-09-16,-0.0022026252,0.008810601,-0.24999714,0.0,0.0,0.0066079763,0.75000286,0.004405351,0.5000057,1.0022075,1.0022075,0.99337745,0.9976822,1.0337077,1.0176564,1.0208668,1.070626,1.0529695,1.011878,1.0184591,1.0208668,1.0291064,1.0376939,0.013313913,0.012017677,0.00934496,0.016340615,0.021434532,-0.00802567,-0.002500119,-0.00069032947,-0.0014776523,-0.00034640412,0.90842956,0.39672703,0.1909968,0.6337375,0.07965957,0.0041733626,-0.007208491,-0.014308606,-0.0076804655,-0.02747498,1.0365229,1.0365229,1.0365229,1.0714369,1.0979297,0.99337745,0.99337745,0.99337745,0.99337745,0.99337745,1.0192616,1.0295345,1.0276083,1.035955,1.060032,1.0,1.0089887,1.0173354,1.0176564,1.0208668,0.3,0.15,0.075,0.05,0.025,0.15349413,0.15349413,0.15349413,0.084840044,0.063342124,0.2,0.6,0.8,0.033333335,0.48333332,1.0,1.0,1.0,1.0,1.0,-0.8,-0.4,-0.2,-0.96666664,-0.51666665,0.46053672,0.4604082,0.2916594,0.45280325,0.56488955,-0.91616905,0.045314774,-0.038976908,-0.31238672,0.05102143,0.0,0.3,0.45,0.36666667,0.41666666,0.8,0.4,0.4,0.5,0.48333332,-0.8,-0.1,0.05,-0.13333334,-0.06666667,0.0,0.3225804,0.40298516,0.28846133,0.44728437,1.0,0.6774196,0.59701484,0.7115387,0.5527156,-1.0,-0.35483924,-0.1940297,-0.42307732,-0.10543123,1.4413732,1.4370292,1.3285378,1.472791,1.8979148,0.36851776,0.32513174,0.2699223,0.4119291,0.63828975,1.1531637,1.1892996,0.9447446,1.0405573,1.0849096,0.2882337,0.48145694,0.40466958,0.44221085,0.46691084,0.7117663,0.51854306,0.5953304,0.55778915,0.53308916,-0.42353258,-0.03708615,-0.19066085,-0.11557829,-0.0661783
113,SH688223,0.009621161969394994,0.5555555555555556,,,,SH688223,晶科能源,2026-09-16,0.005319153,0.018617034,0.2857143,0.005319153,0.2857143,0.007978729,0.42857143,0.007978729,0.42857143,0.994709,1.005291,0.9867725,0.9989307,1.0690536,1.0716113,1.1432226,1.2097187,1.286445,1.021995,1.0450128,1.0849105,1.116283,1.1361892,0.021443764,0.02833122,0.05131621,0.062183276,0.06779987,-0.013299235,-0.008463152,-0.0083533665,-0.006756015,-0.0022951104,0.96159303,0.8179845,0.92743176,0.91482013,0.34950158,0.004603575,-0.0069286213,-0.0055535273,-0.018320838,-0.068483524,1.0670373,1.0847517,1.1775337,1.233634,1.336553,0.9867725,0.9867725,0.9867725,0.9867725,0.9867725,1.0368286,1.0690536,1.1462916,1.1744245,1.1907928,1.002046,1.0189259,1.0475703,1.0654732,1.0736573,0.2,0.1,0.05,0.033333335,0.016666668,0.1647984,0.13500327,0.0693407,0.053582776,0.037816636,0.2,0.2,0.15,0.1,0.083333336,1.0,1.0,1.0,1.0,1.0,-0.8,-0.8,-0.85,-0.9,-0.9166667,0.34812346,0.034341756,0.030395813,0.38791677,0.48520124,-0.62835985,-0.19016068,-0.60802466,-0.39731914,0.0052642548,0.0,0.2,0.35,0.36666667,0.43333334,1.0,0.7,0.55,0.56666666,0.51666665,-1.0,-0.5,-0.2,-0.2,-0.083333336,0.0,0.15000008,0.24545464,0.29292938,0.39019606,1.0,0.8499999,0.75454533,0.7070706,0.6098039,-1.0,-0.69999987,-0.5090907,-0.4141412,-0.21960787,1.13084,1.0926986,1.2399726,1.3670493,1.7493719,0.28209537,0.219078,0.45120418,0.4453806,0.5921136,0.63898355,0.79682463,1.5351036,1.15818,1.0817949,0.5164529,0.48337924,0.46921778,0.473135,0.48017564,0.48354712,0.51662076,0.5307822,0.526865,0.5198244,0.03290578,-0.033241495,-0.061564427,-0.053730033,-0.039648723
114,SH603288,0.009615826650624106,0.5555555555555556,,,,SH603288,海天味业,2026-09-16,-0.0044014654,0.015258137,-0.28846675,0.0002933621,0.0192266,0.01056331,0.69230664,0.0058684824,0.3846133,1.0044209,1.0047156,0.98939,0.9965365,1.0126604,0.9982289,1.0409656,1.0896062,1.0318148,1.0034242,1.0061005,1.0159861,1.031455,1.0384686,0.003737377,0.004753598,0.022067172,0.029677588,0.041772325,-0.00014759955,-0.0007792165,-0.0025097197,-0.0029716075,-6.3146035e-05,0.0038992066,0.24631044,0.45271522,0.77701133,0.00069697096,-0.003129015,-0.0025941096,0.007856213,0.011633221,-0.036605738,1.0165149,1.0226827,1.073086,1.0954809,1.1494181,0.983212,0.983212,0.983212,0.983212,0.95874524,1.0066713,1.0088819,1.0366493,1.0610647,1.0746696,0.9998229,1.00307,1.0016531,1.0040736,1.0023025,0.4,0.2,0.2,0.13333334,0.18333334,0.50409955,0.4253277,0.18679462,0.14953364,0.21636409,0.6,0.2,0.25,0.033333335,0.46666667,0.4,0.7,0.85,0.9,0.05,0.2,-0.5,-0.6,-0.8666667,0.41666666,0.07561025,0.48713386,-0.102573924,-0.08131875,0.12600799,-0.035134926,0.4224391,-0.6283688,-0.55949205,-0.032886,0.2,0.4,0.45,0.4,0.46666667,0.8,0.6,0.55,0.6,0.53333336,-0.6,-0.2,-0.1,-0.2,-0.06666667,0.28314587,0.513917,0.4017001,0.34554505,0.47961843,0.7168541,0.486083,0.59829986,0.65445495,0.52038157,-0.43370822,0.027834002,-0.19659975,-0.3089099,-0.040763143,1.1816775,1.2730227,1.6392565,1.5557308,1.9668149,0.3436177,0.29312748,0.9793036,0.82777077,0.83605564,1.0297034,0.68965966,2.3755002,2.3857799,1.3876078,0.3054442,0.44798467,0.49853492,0.46357548,0.4300447,0.69455576,0.55201536,0.5014651,0.5364245,0.5699553,-0.38911155,-0.104030676,-0.00293016,-0.07284901,-0.13991061
115,SZ300498,0.009265088092835707,0.5,,,,,,2026-09-16,-0.020708118,0.024048101,-0.86111236,0.00200395,0.08333091,0.0013360335,0.05555671,-0.021376034,-0.8888866,1.021146,1.0231923,0.9986357,1.0073143,1.0375193,0.9885272,0.9271318,0.9271318,0.8043411,1.011969,1.0213023,0.9907287,0.97152454,0.94689405,0.008456641,0.020007437,0.0374157,0.041634485,0.04977433,-0.0021395439,-0.001971342,0.005174796,0.0040816404,0.0022283536,0.16002455,0.08899229,0.66949415,0.74484307,0.6113039,-0.007689903,-0.012431284,-0.03988925,-0.03070834,-0.012630498,1.0442117,1.0566196,1.0566196,1.0566196,1.0566196,0.9986357,0.9767455,0.9099549,0.90859026,0.7871027,1.0164341,1.0394418,1.0256124,1.0143876,0.98548836,1.0064496,1.0064496,0.9613643,0.92986053,0.9187597,0.2,0.2,0.6,0.73333335,0.8666667,0.029934304,0.29113907,0.6139517,0.61751074,0.78992164,0.2,0.2,0.6,0.73333335,0.8666667,1.0,0.1,0.15,0.06666667,0.016666668,-0.8,0.1,0.45,0.6666667,0.85,0.69540066,0.6909986,0.2789018,0.2740252,-0.1574214,0.39573994,0.8311551,0.7815862,0.8262012,0.6791976,0.2,0.2,0.45,0.43333334,0.48333332,0.8,0.8,0.55,0.53333336,0.5,-0.6,-0.6,-0.1,-0.1,-0.016666668,0.21860433,0.54120255,0.6380729,0.5885456,0.6010894,0.7813957,0.45879743,0.3619271,0.4114544,0.3989106,-0.56279135,0.082405135,0.2761458,0.17709121,0.20217878,1.0567768,1.2882339,1.3019259,1.2845548,1.4928573,0.115699016,0.76204973,0.5735864,0.51424366,0.57709223,0.72867113,2.1752424,1.9257692,1.6640737,1.3052329,0.5422205,0.46137863,0.4852232,0.4902466,0.4923216,0.4577795,0.53862137,0.5147768,0.5097534,0.5076784,0.084440984,-0.07724273,-0.02955361,-0.019506816,-0.015356788
116,SH600221,0.009172348720795953,0.3333333333333333,,,,SH600221,海航控股,2026-09-16,-0.01587301,0.01587301,-1.0,0.0,0.0,0.0,0.0,-0.01587301,-1.0,1.016129,1.016129,1.0,1.0036889,1.057789,1.0477387,1.057789,1.0979899,1.1457286,1.0256281,1.0386934,1.0466081,1.0548576,1.0727805,0.019168073,0.019142443,0.016067069,0.018131351,0.026335595,-0.012060305,-0.005055585,-0.0018268037,-0.0017221805,-0.0012134858,0.989691,0.63938063,0.45245823,0.69919556,0.6475644,-0.0015075178,-0.01594333,-0.0292534,-0.029885989,-0.03698272,1.0557982,1.057789,1.0739384,1.0965273,1.1693959,1.0,1.0,1.0,1.0,1.0,1.0417085,1.0497488,1.057789,1.0668341,1.0879396,1.0120603,1.0231155,1.0462312,1.0477387,1.0557789,0.2,0.1,0.05,0.033333335,0.016666668,0.0,0.0,0.0,0.0,0.0,0.2,0.4,0.25,0.033333335,0.016666668,1.0,1.0,1.0,1.0,1.0,-0.8,-0.6,-0.75,-0.96666664,-0.98333335,-0.73885024,-0.6498992,-0.1516786,0.018945856,0.5512133,0.21696639,-0.020338677,0.012085397,0.02194398,0.055141732,0.0,0.1,0.2,0.2,0.31666666,1.0,0.5,0.45,0.5,0.45,-1.0,-0.4,-0.25,-0.3,-0.13333334,0.0,0.1481478,0.28301853,0.25925934,0.3669726,1.0,0.8518522,0.7169815,0.74074066,0.63302743,-1.0,-0.70370436,-0.4339629,-0.48148134,-0.2660548,0.8196947,0.73827726,0.7914648,0.8080811,0.96432847,0.13729796,0.15799151,0.20233808,0.19138204,0.26244307,0.41358688,1.0167626,0.8745106,0.8850616,0.9934818,0.7414922,0.5459202,0.50407624,0.4930717,0.4706954,0.2585078,0.4540798,0.49592376,0.5069283,0.52930456,0.48298442,0.091840364,0.008152507,-0.013856597,-0.058609184
117,SH600085,0.00805391806219543,0.3333333333333333,,,,SH600085,同仁堂,2026-09-16,-0.005154623,0.014604805,-0.3529402,0.003006924,0.20588593,0.0064432584,0.44117388,-0.0017182884,-0.11765226,1.0051813,1.0082039,0.99352336,0.9985365,1.0358622,1.0293862,1.0388914,1.082901,0.96949965,1.011671,1.0261829,1.0339543,1.044475,1.0546429,0.009122485,0.017310506,0.016827395,0.022195376,0.047448605,-0.0050102747,-0.004759265,-0.0018426712,-0.002120381,-2.000652e-05,0.75411344,0.69290185,0.41969132,0.7073013,5.4224565e-05,-0.0016503552,-0.004766236,-0.016448885,-0.013729493,-0.054052766,1.0358496,1.0548452,1.0613143,1.1010567,1.1710117,0.99352336,0.99352336,0.99352336,0.99352336,0.92387706,1.0188433,1.042596,1.051391,1.0600189,1.098562,1.005543,1.0096864,1.0222068,1.0266913,1.0103757,0.2,0.1,0.05,0.033333335,0.11666667,0.15301718,0.105617195,0.09553833,0.060229175,0.30802217,0.2,0.4,0.35,0.1,0.26666668,1.0,1.0,1.0,1.0,0.05,-0.8,-0.6,-0.65,-0.9,0.21666667,0.517192,0.54219127,0.4704272,0.7552664,0.47544822,-0.95619714,0.11520541,-0.08283883,-0.08766725,0.3975168,0.2,0.5,0.55,0.43333334,0.51666665,0.8,0.5,0.45,0.56666666,0.48333332,-0.6,0.0,0.1,-0.13333334,0.033333335,0.14531603,0.33320135,0.40770125,0.352752,0.5177113,0.854684,0.66679865,0.59229875,0.64724797,0.48228872,-0.70936793,-0.33359733,-0.1845975,-0.294496,0.03542259,1.3959848,1.5237477,1.8137858,2.286801,3.6502593,0.5463024,0.4651635,0.561001,1.032036,2.4270852,0.6180895,0.71403927,1.0261651,0.9454294,1.9329902,0.24304004,0.425468,0.4530988,0.32577816,0.47878304,0.75696,0.574532,0.5469012,0.6742219,0.5212169,-0.51391995,-0.14906397,-0.093802415,-0.34844372,-0.04243389
118,SH600028,0.007955181998116066,0.3333333333333333,,,,SH600028,中国石化,2026-09-16,-0.015122871,0.028355371,-0.53333354,0.0037806544,0.13333115,0.009451847,0.3333353,-0.009451678,-0.33332935,1.0153551,1.0191938,0.990403,1.0014473,1.0767326,1.0420792,0.99051154,0.955858,0.8943894,1.0345709,1.0451732,1.0352516,1.0144389,0.9815387,0.028571868,0.02549257,0.02717651,0.03763735,0.054851323,-0.017863035,-0.0043829316,0.0018756693,0.0033111605,0.002694677,0.977177,0.27096522,0.16672212,0.59982437,0.7361039,0.001155137,-0.025450032,-0.05307046,-0.06245072,-0.061031707,1.0845197,1.0845197,1.0845197,1.0845197,1.0845197,0.990403,0.990403,0.9732018,0.94805604,0.85017663,1.0609735,1.0683993,1.0594059,1.0486798,1.0292903,1.0122112,1.0278052,1.015264,0.9782178,0.93490094,0.2,0.1,0.15,0.43333334,0.65,0.10196894,0.10196894,0.2407358,0.380643,0.63933337,0.2,0.6,0.8,0.8666667,0.93333334,1.0,1.0,0.1,0.23333333,0.083333336,-0.8,-0.4,0.7,0.6333333,0.85,-0.15005389,0.25274947,0.10652918,0.33241484,-0.07510593,0.2159618,0.08226494,0.5530966,0.5240941,0.42465174,0.0,0.4,0.4,0.5,0.5,1.0,0.6,0.55,0.46666667,0.45,-1.0,-0.2,-0.15,0.033333335,0.05,0.0,0.36290318,0.51635855,0.55898577,0.56751055,1.0,0.6370968,0.48364148,0.44101423,0.43248945,-1.0,-0.27419364,0.032717064,0.11797156,0.1350211,1.014775,1.0906969,1.2446151,1.1728756,1.3130134,0.12549789,0.22696878,0.48611057,0.43766484,0.4226714,0.5845897,1.0674611,1.4666861,1.5142244,1.2460734,0.4070657,0.45589387,0.4635007,0.4751486,0.4933004,0.5929343,0.5441061,0.5364993,0.52485144,0.50669956,-0.18586859,-0.08821226,-0.072998606,-0.049702838,-0.013399155
119,SH603986,0.007673110504489043,0.3888888888888889,,,,SH603986,兆易创新,2026-09-16,0.019201899,0.036655687,0.523845,0.0033869627,0.09239938,0.014066824,0.3837556,0.02988176,0.8152012,0.98115987,1.0033232,0.96735805,0.9889555,1.0233924,1.0421271,1.0819229,1.0329635,1.8896102,0.98895246,1.0059056,1.0360107,1.0593438,1.2661895,0.024693253,0.02635847,0.03983686,0.053282466,0.35615942,-0.0062197945,-0.0055203415,-0.0054131374,-0.004389493,-0.016506465,0.1586118,0.40207115,0.64624316,0.52597094,0.6551174,0.02348711,0.018935878,0.01541401,0.004303821,0.22075127,1.0384837,1.0666232,1.1041425,1.221553,2.2690094,0.9528587,0.9528587,0.9528587,0.9528587,0.9034109,1.0040199,1.0281608,1.0670395,1.0974083,1.5753492,0.9697809,0.9907198,0.9993243,1.0222864,1.0232805,0.8,0.5,0.25,0.16666667,0.15,0.55055493,0.41437623,0.31160828,0.17544593,0.070730224,0.2,0.4,0.3,0.3,0.05,0.6,0.8,0.9,0.93333334,0.48333332,-0.4,-0.4,-0.6,-0.6333333,-0.43333334,-0.58294696,0.09900512,0.39852867,0.64692646,0.26224282,-0.18430915,-0.035611473,0.015578801,0.114613324,0.027050653,0.4,0.4,0.4,0.4,0.36666667,0.6,0.6,0.6,0.6,0.6333333,-0.2,-0.2,-0.2,-0.2,-0.26666668,0.3941964,0.3971258,0.4177497,0.4814994,0.37562007,0.6058036,0.6028742,0.5822503,0.5185006,0.62437993,-0.21160722,-0.2057484,-0.1645006,-0.03700121,-0.24875984,0.992732,1.0514908,1.1538497,1.4854301,1.9134351,0.11794882,0.18956183,0.2506181,0.55759263,0.6887053,0.579467,0.7038024,0.9155012,1.1598638,0.8936722,0.61517227,0.5612762,0.35901046,0.4065332,0.47002828,0.3848277,0.43872377,0.64098954,0.5934668,0.5299717,0.23034456,0.12255243,-0.28197908,-0.18693358,-0.059943426
120,SH600460,0.006765032725638383,0.3333333333333333,,,,SH600460,士兰微,2026-09-16,0.04466665,0.05466662,0.8170736,0.0039999876,0.07317057,0.005999982,0.10975586,0.046666645,0.85365885,0.95724314,1.003829,0.9514997,0.9873021,0.9658646,0.98916,1.1005144,0.9770235,1.5918849,0.9670762,0.97224534,1.0254198,1.0337839,1.1426058,0.018928204,0.016564697,0.06505617,0.05795904,0.23499103,0.0069227177,-0.0014620803,-0.009259318,-0.003450073,-0.009805666,0.33440626,0.07141458,0.70900464,0.2746097,0.5310697,0.019078394,0.034334,0.062543735,0.01624212,0.14666139,1.003829,1.0134062,1.1943177,1.1943177,1.8175583,0.9253461,0.9253461,0.9253461,0.9253461,0.8739569,0.97192657,0.9896064,1.0912685,1.0912685,1.3511052,0.9573159,0.9592969,0.9656733,0.96860653,0.96765006,1.0,1.0,0.55,0.4,0.33333334,0.95121276,0.84776115,0.2775531,0.2775531,0.13357659,1.0,0.2,0.15,0.43333334,0.083333336,0.4,0.7,0.85,0.9,0.46666667,0.6,-0.5,-0.7,-0.46666667,-0.38333333,0.8797526,0.7016975,0.7966569,0.75085545,0.62967664,0.79555845,0.35467187,-0.0009517691,0.012297153,0.13373142,0.4,0.4,0.3,0.4,0.38333333,0.6,0.6,0.7,0.6,0.6166667,-0.2,-0.2,-0.4,-0.2,-0.23333333,0.77998614,0.5391345,0.41235128,0.5145409,0.37596107,0.22001386,0.4608655,0.5876487,0.48545912,0.62403893,0.5599723,0.07826903,-0.17529744,0.029081775,-0.2480779,0.62230694,0.6546918,1.1033256,1.1046394,1.2550982,0.23299745,0.17510924,0.62430394,0.5632955,0.5574305,1.687236,1.2052461,0.98056483,0.94486535,0.8917844,0.71309936,0.502972,0.41815543,0.48649287,0.47456095,0.28690064,0.49702802,0.58184457,0.5135071,0.525439,0.4261987,0.0059439586,-0.16368914,-0.027014228,-0.050878085
121,SZ000768,0.006663548476723312,0.5555555555555556,,,,,,2026-09-16,0.0044943397,0.022921389,0.19607624,0.0049439133,0.21568996,0.013483135,0.5882338,0.013033562,0.5686201,0.9955258,1.0049218,0.98210293,0.99264127,1.0715944,1.0299686,0.93196476,0.93330586,0.8988498,1.0228916,1.0372621,0.99952036,0.9815839,0.9476032,0.027426988,0.026004102,0.049761355,0.048575416,0.050631054,-0.015835363,-0.0053675477,0.0062744934,0.00431817,0.0024050956,0.8333738,0.3905526,0.556469,0.61244637,0.68822527,0.008779059,-0.013108163,-0.059128027,-0.04419738,-0.018553568,1.0755867,1.089939,1.089939,1.089939,1.089939,0.98210293,0.98210293,0.90872014,0.90872014,0.85906667,1.0517874,1.0550369,1.0517874,1.0330015,0.9855986,0.9995461,1.009656,0.94637644,0.93646264,0.9090731,0.4,0.2,0.5,0.6666667,0.8333333,0.19144543,0.16596529,0.5036995,0.5036995,0.6104384,0.2,0.5,0.75,0.8333333,0.9166667,1.0,1.0,0.25,0.5,0.23333333,-0.8,-0.5,0.5,0.33333334,0.68333334,0.65960556,0.63713676,0.4936349,0.5333447,0.47205597,-0.016621228,0.37514693,0.3244911,0.40728998,0.39466938,0.4,0.6,0.75,0.6,0.56666666,0.6,0.4,0.25,0.4,0.43333334,-0.2,0.2,0.5,0.2,0.13333334,0.05109958,0.40571213,0.60079473,0.57035583,0.56025314,0.9489004,0.5942879,0.39920527,0.4296442,0.43974686,-0.89780086,-0.18857574,0.20158944,0.1407116,0.120506294,1.2486963,1.5502495,1.5541061,1.4280502,1.2893764,0.28428045,0.5024105,0.679161,0.65020835,0.51700944,1.1668003,0.9689763,0.86069983,0.94454145,1.0093668,0.19442718,0.3027779,0.49566543,0.49887136,0.4989199,0.8055728,0.6972221,0.50433457,0.5011287,0.5010801,-0.6111456,-0.39444423,-0.008669138,-0.002257309,-0.0021601648
122,SH601898,0.006394801340472189,0.2777777777777778,,,,SH601898,中煤能源,2026-09-16,0.0014015392,0.018220073,0.07692281,0.0056062196,0.30769467,0.011212314,0.6153825,0.007007634,0.38461062,0.9986004,1.0055984,0.9874038,0.99508137,1.0585735,1.0500709,0.98866326,0.91969776,0.9168635,1.016344,1.0304204,1.0368682,1.017084,0.96497405,0.020401092,0.02341613,0.035574034,0.04105179,0.0662441,-0.012187057,-0.0055996883,-0.00020137778,0.0025865086,0.0033446413,0.89213556,0.5242144,0.0011215663,0.30765596,0.7775074,0.008030214,-0.0052218214,-0.03495514,-0.054588318,-0.06364096,1.0709847,1.078661,1.1395162,1.1395162,1.1395162,0.9874038,0.9874038,0.9740334,0.9171529,0.82469773,1.0334436,1.0472367,1.0592349,1.0466698,1.023146,0.99952763,1.00718,1.00718,0.982239,0.8970241,0.4,0.2,0.2,0.46666667,0.73333335,0.15070654,0.13802968,0.1569139,0.3725753,0.5568359,0.2,0.1,0.45,0.6333333,0.81666666,1.0,1.0,0.05,0.033333335,0.06666667,-0.8,-0.9,0.4,0.6,0.75,0.38600335,0.27529833,0.4614648,0.257097,-0.14160842,0.096530005,-0.5042165,0.18441568,0.4260155,0.31551784,0.2,0.4,0.5,0.46666667,0.43333334,0.8,0.6,0.5,0.53333336,0.53333336,-0.6,-0.2,0.0,-0.06666667,-0.1,0.037312742,0.35828882,0.51252604,0.5641993,0.53361344,0.96268725,0.6417112,0.48747396,0.43580064,0.46638656,-0.9253745,-0.28342235,0.02505209,0.12839872,0.067226864,1.3005027,1.4699291,1.6835061,1.7074107,1.8938277,0.3801418,0.36153156,0.47672835,0.5322149,0.6288667,0.6841234,0.88159436,0.8591439,1.127203,1.2620968,0.38340443,0.3789405,0.4592168,0.48169485,0.4926108,0.61659557,0.6210595,0.5407832,0.5183051,0.5073892,-0.23319115,-0.242119,-0.08156641,-0.036610298,-0.014778383
123,SH600803,0.0063724885469458575,0.6666666666666666,,,,SH600803,新奥股份,2026-09-16,0.0058760447,0.024038417,0.24444391,0.004807696,0.20000052,0.013354677,0.5555556,0.014423025,0.59999895,0.99415827,1.0047796,0.98088163,0.9923963,1.0089699,1.0137894,0.95059913,0.91712964,0.8223442,0.99933064,1.0075641,0.9810396,0.96320593,0.9170806,0.0063967733,0.01083725,0.03497119,0.038705494,0.06616599,-0.0006292248,-0.0030094092,0.004654166,0.0038338483,0.0035267402,0.02418966,0.7068637,0.6199132,0.7603724,0.86651707,0.0019278224,0.0059782285,-0.02525415,-0.018796746,-0.021119421,1.0281053,1.0435239,1.0435239,1.0435239,1.0435239,0.98088163,0.98088163,0.9192625,0.90700907,0.7757682,1.0020082,1.019506,1.0107906,1.0073098,0.9758485,0.9949662,0.99689406,0.93541735,0.9283085,0.85020417,0.8,0.4,0.65,0.76666665,0.8833333,0.4048473,0.3051991,0.6497389,0.68117803,0.8374491,0.2,0.3,0.65,0.76666665,0.8833333,1.0,1.0,0.3,0.26666668,0.05,-0.8,-0.7,0.35,0.5,0.8333333,0.5332659,0.41808674,0.47456348,0.6902907,-0.023931686,0.050579946,-0.051397372,0.06565031,0.1418792,0.22862881,0.4,0.5,0.6,0.6,0.6,0.6,0.5,0.4,0.4,0.4,-0.2,0.0,0.2,0.2,0.2,0.41114008,0.41105324,0.60891384,0.6354487,0.61664915,0.5888599,0.58894676,0.39108616,0.36455134,0.38335085,-0.17771983,-0.17789353,0.21782766,0.27089733,0.23329832,1.3057553,1.4280825,1.3824114,1.1810914,1.2815465,0.45101658,0.46268848,0.48338005,0.49326226,0.40809888,0.69360524,0.8440141,0.76479304,0.8770206,0.92132014,0.51269436,0.40300134,0.5059525,0.4698187,0.4958692,0.48730567,0.59699863,0.4940475,0.5301813,0.5041308,0.025388665,-0.19399731,0.011905013,-0.06036255,-0.008261613
124,SZ000988,0.006370283330728105,0.2777777777777778,,,,,,2026-09-16,0.057684615,0.07495003,0.769641,0.01497,0.19973306,0.002295415,0.030625938,0.045010034,0.60053384,0.9454614,1.0141536,0.9432912,0.9861287,1.0265166,0.93696904,0.9657452,0.94763106,1.5841656,0.9735037,0.96402055,0.9711532,0.9834103,1.1209519,0.027584992,0.03709964,0.02984396,0.036209494,0.24138834,-0.003132166,0.0053020148,-0.000979433,-0.0017157715,-0.010831268,0.032231744,0.18722071,0.037696812,0.17401059,0.61408126,0.032760594,0.012120413,0.03815139,0.04146838,0.19857055,1.0443494,1.0443494,1.0443494,1.0811415,1.7707064,0.9278187,0.8927181,0.8927181,0.8927181,0.8513871,0.99864227,0.99864227,0.9942963,1.0061868,1.4198722,0.9450854,0.941647,0.9450854,0.95612,0.9495734,1.0,0.9,0.9,0.73333335,0.5,0.61941874,0.7075182,0.7075182,0.5693662,0.16165538,0.2,0.6,0.8,0.3,0.06666667,0.8,0.2,0.6,0.73333335,0.43333334,-0.6,0.4,0.2,-0.43333334,-0.36666667,0.9262747,0.8756335,0.5983723,0.53824896,0.4207495,0.9632445,0.7663064,0.61771774,0.4751479,0.37080893,0.4,0.4,0.45,0.53333336,0.45,0.6,0.6,0.55,0.46666667,0.55,-0.2,-0.2,-0.1,0.06666667,-0.1,0.4048707,0.5970353,0.53240955,0.5321234,0.39698187,0.5951293,0.4029647,0.46759045,0.4678766,0.60301816,-0.19025859,0.19407058,0.06481913,0.064246766,-0.20603628,0.9143242,0.8509791,0.73503774,0.8248785,0.951173,0.29850832,0.3929226,0.31874475,0.3167084,0.3492303,0.7643983,1.1306009,1.2616686,1.08019,0.9962451,0.28210738,0.5810351,0.5078539,0.45292428,0.5037429,0.7178926,0.4189649,0.49214607,0.5470757,0.49625713,-0.4357852,0.16207018,0.01570783,-0.09415142,0.007485732
125,SH688012,0.006320788972187614,0.3333333333333333,,,,SH688012,中微公司,2026-09-16,0.055088412,0.08749518,0.62961656,0.017175889,0.19630668,0.015230879,0.17407678,0.053143404,0.60738665,0.9477879,1.0162791,0.93335223,0.9807051,0.9444203,0.9752832,1.0550313,1.015318,1.0862346,0.9504378,0.95435804,0.9886836,1.0152134,1.0669935,0.029710608,0.021941433,0.042492233,0.054887246,0.1061087,0.009595484,-0.0005548393,-0.005677795,-0.005017832,-0.004542906,0.26076585,0.0058615967,0.6248968,0.6477256,0.5590689,0.030371228,0.048138708,0.06525544,0.057545204,0.0670222,1.0162791,1.0162791,1.0844663,1.1332564,1.4180459,0.9118005,0.9118005,0.9118005,0.9118005,0.8656536,0.9582292,0.96881557,1.029785,1.0566462,1.1572156,0.934231,0.94305867,0.9474461,0.95261633,0.97555554,1.0,1.0,0.6,0.4,0.3,0.84418726,0.84418726,0.5108106,0.39827126,0.24320832,1.0,1.0,0.05,0.3,0.083333336,0.6,0.8,0.9,0.93333334,0.48333332,0.4,0.2,-0.85,-0.6333333,-0.4,0.7737154,0.7305235,0.6002649,0.7031029,0.5389109,0.6218451,0.6068484,0.52171034,0.26231182,0.17210631,0.6,0.4,0.3,0.43333334,0.45,0.4,0.6,0.7,0.56666666,0.55,0.2,-0.2,-0.4,-0.13333334,-0.1,0.7532309,0.56529117,0.43014213,0.49036857,0.482684,0.24676906,0.4347088,0.56985784,0.5096314,0.51731604,0.50646186,0.13058238,-0.13971572,-0.019262824,-0.03463204,0.6178735,0.6191664,0.6731948,0.8277892,1.1844174,0.24256277,0.17885119,0.16698241,0.286296,0.44759104,1.4704586,1.3016305,0.9735763,1.0386456,1.295511,0.7609234,0.6595773,0.47195724,0.43365353,0.48202616,0.23907658,0.34042272,0.52804273,0.56634647,0.51797384,0.52184683,0.3191546,-0.056085527,-0.13269292,-0.03594768
126,SH600845,0.006148569673551207,0.6111111111111112,,,,SH600845,宝信软件,2026-09-16,0.0011883988,0.016042762,0.07407695,0.0017825093,0.11110988,0.013071854,0.8148132,0.012477743,0.77778023,0.99881303,1.0017804,0.9857567,0.9944453,1.014863,1.0344379,1.0415629,1.1501628,1.0273128,1.0059528,1.0144378,1.0262172,1.0460091,1.0674487,0.0067740586,0.011028721,0.01619655,0.03378483,0.052551903,-0.00214135,-0.0032477276,-0.0020019794,-0.003443065,-0.001272614,0.24981433,0.79491436,0.53473943,0.8049125,0.17886129,-0.0016701529,0.00017694655,-0.0071983803,0.0039153914,-0.029906638,1.0243583,1.0492743,1.0641191,1.1721227,1.2213626,0.9857567,0.9857567,0.9857567,0.9857567,0.94895035,1.0127255,1.0230378,1.0384754,1.0827504,1.1100248,0.9998851,1.0033404,1.013438,1.0172228,1.0218502,0.4,0.2,0.1,0.06666667,0.083333336,0.3689824,0.22424205,0.18176211,0.07642662,0.18739846,0.6,0.2,0.05,0.16666667,0.21666667,1.0,1.0,1.0,1.0,0.05,-0.4,-0.8,-0.95,-0.8333333,0.16666667,0.82451695,0.7877173,0.7320154,0.89334744,0.7420957,0.6808378,0.71354556,0.42120373,0.4003387,0.2374754,0.6,0.4,0.55,0.43333334,0.51666665,0.4,0.6,0.45,0.56666666,0.48333332,0.2,-0.2,0.1,-0.13333334,0.033333335,0.28774688,0.25820345,0.37582973,0.27450532,0.48718873,0.71225315,0.74179655,0.62417024,0.7254947,0.51281124,-0.42450625,-0.4835931,-0.24834053,-0.45098937,-0.02562254,1.2543246,1.4036211,1.5589396,2.3493416,3.072783,0.40378422,0.35259533,0.39966032,1.4259233,1.6497852,0.82472914,0.62617576,0.6758088,1.440486,1.4603553,0.43254375,0.43453738,0.38040343,0.41160548,0.4849155,0.56745625,0.5654626,0.61959654,0.5883945,0.5150845,-0.13491248,-0.13092522,-0.23919311,-0.17678905,-0.030169029
127,SZ002311,0.006136472672907736,0.3888888888888889,,,,,,2026-09-16,-0.002593061,0.023573885,-0.10999718,0.013201413,0.56000155,0.007779412,0.33000126,-0.008015062,-0.33999747,1.0025998,1.0158355,0.9922004,0.99799263,1.0420883,1.0943271,1.0699785,1.1106122,0.9784974,1.009088,1.0281401,1.0564287,1.0658592,1.0857639,0.0067157187,0.020885697,0.034105394,0.03250107,0.043195505,-0.003854666,-0.0062949914,-0.0048758974,-0.002870757,-0.0008533688,0.823623,0.83272916,0.71537054,0.6046432,0.11904091,-0.0013786973,0.00018743672,-0.010107617,-0.024233267,-0.060589578,1.0397239,1.0921955,1.122667,1.1283389,1.1876854,0.9922004,0.9922004,0.9922004,0.9922004,0.9690604,1.0120604,1.0476663,1.0931886,1.0943271,1.1307172,1.0056919,1.0088098,1.0170314,1.0420883,1.0533329,0.2,0.1,0.05,0.033333335,0.016666668,0.16412176,0.07800015,0.059782658,0.0572919,0.14151892,0.2,0.1,0.45,0.033333335,0.46666667,1.0,1.0,1.0,1.0,0.016666668,-0.8,-0.9,-0.55,-0.96666664,0.45,0.18794928,0.64087117,0.046675168,0.17984106,0.22084354,0.11096613,-0.516048,-0.44501808,-0.33950904,-0.056678437,0.2,0.3,0.4,0.4,0.48333332,0.8,0.7,0.6,0.6,0.5,-0.6,-0.4,-0.2,-0.2,-0.016666668,0.045734327,0.1364856,0.37283066,0.37029076,0.5121074,0.95426565,0.8635144,0.6271693,0.62970924,0.48789263,-0.90853137,-0.7270288,-0.25433865,-0.25941852,0.024214752,0.97963125,1.2173648,1.1838754,1.2184145,1.3182534,0.12983362,0.41553006,0.39301327,0.4249466,0.4220303,0.9695999,1.3037813,1.1356252,1.1035547,1.050122,0.5659481,0.51885754,0.4965625,0.475857,0.49804065,0.43405184,0.48114246,0.5034375,0.524143,0.5019593,0.1318963,0.03771508,-0.0068750074,-0.048286006,-0.003918691
128,SH688047,0.005772812675665434,0.2222222222222222,,,,SH688047,龙芯中科,2026-09-16,0.038934,0.047366254,0.82197756,0.0027066653,0.057143323,0.0057255914,0.12087912,0.041952923,0.88571334,0.96252507,1.0026052,0.957014,0.9845245,1.012024,1.0356712,1.0696392,1.1242485,1.468036,0.9850501,1.0075651,1.0320641,1.0599465,1.166346,0.017671457,0.028837044,0.03515177,0.050434895,0.16900034,-0.003106214,-0.007687499,-0.0046717483,-0.0051542004,-0.008326439,0.077242814,0.65144855,0.6182051,0.80939776,0.7403605,0.02116234,0.027028622,0.012317497,0.014789367,0.07928394,1.0108216,1.0771543,1.1176353,1.1472945,1.5894789,0.957014,0.957014,0.957014,0.957014,0.957014,1.0008016,1.0275952,1.0657315,1.1127656,1.367976,0.9690581,0.9836473,1.0032064,1.0192385,1.0354508,0.8,0.4,0.2,0.13333334,0.06666667,0.79888326,0.35779837,0.26762334,0.22590841,0.06796579,0.2,0.3,0.05,0.3,0.083333336,1.0,1.0,1.0,1.0,1.0,-0.8,-0.7,-0.95,-0.7,-0.9166667,0.36799982,0.46673155,0.19171375,0.51298165,0.84553474,0.40686208,0.61943007,0.32487765,0.22060685,0.28828725,0.2,0.2,0.35,0.4,0.4,0.8,0.8,0.65,0.6,0.6,-0.6,-0.6,-0.3,-0.2,-0.2,0.42857143,0.40066978,0.4051325,0.38406888,0.36907902,0.5714286,0.5993302,0.59486747,0.6159311,0.63092095,-0.14285715,-0.19866043,-0.18973498,-0.23186225,-0.26184195,0.82573134,0.9297211,0.8906938,1.0019251,1.6582023,0.24206106,0.35722253,0.29074213,0.29836994,0.8982555,0.8791697,0.9677114,1.0092843,1.1478102,1.2152994,0.5173256,0.54741275,0.46399012,0.47331953,0.45683113,0.4826744,0.45258725,0.53600985,0.52668047,0.5431689,0.034651194,0.094825506,-0.072019756,-0.05336094,-0.08633775
129,SH600066,0.005555748116194211,0.3888888888888889,,,,SH600066,宇通客车,2026-09-16,-0.013343273,0.024462586,-0.54545635,0.0,0.0,0.011119313,0.45454362,-0.0022239608,-0.09091275,1.0135237,1.0135237,0.9887303,0.99903065,1.0469577,1.1070595,1.1205848,1.2129928,1.0011262,1.010066,1.0357983,1.0814967,1.1012127,1.1140786,0.008513498,0.029090036,0.0518339,0.059613988,0.07114956,-0.0024411487,-0.008926715,-0.008007628,-0.005538935,-0.00027292012,0.20554757,0.8631897,0.83531064,0.6690489,0.004487728,-0.0051837866,0.0043718517,-0.0054242774,-0.020898223,-0.106027484,1.0510871,1.1187052,1.1611538,1.2573211,1.2836214,0.9887303,0.9887303,0.9887303,0.9887303,0.9695674,1.0157777,1.0670898,1.1289243,1.1401914,1.1953394,1.0015016,1.012092,1.01803,1.0481589,1.0556712,0.2,0.1,0.05,0.033333335,0.033333335,0.18072887,0.086706646,0.06536052,0.041958574,0.0969024,0.2,0.1,0.45,0.13333334,0.43333334,1.0,1.0,1.0,1.0,0.016666668,-0.8,-0.9,-0.55,-0.8666667,0.41666666,0.65806645,-0.021053053,-0.34829885,-0.17072408,-0.07182637,-0.41517812,-0.40034014,0.09836094,-0.14062549,0.01414188,0.4,0.3,0.4,0.43333334,0.48333332,0.6,0.7,0.6,0.56666666,0.51666665,-0.2,-0.4,-0.2,-0.13333334,-0.033333335,0.1795039,0.15328832,0.32685426,0.32532626,0.49957258,0.8204961,0.8467117,0.6731458,0.67467374,0.5004274,-0.6409922,-0.6934234,-0.34629148,-0.3493475,-0.0008548614,1.489067,1.3890387,1.2354532,1.4272768,1.5040743,0.6109817,0.46437174,0.4502106,0.73667234,0.5918669,1.0389864,1.0119189,0.9474682,1.5477998,1.2758626,0.5039277,0.40849468,0.464451,0.49748343,0.4853325,0.4960723,0.59150535,0.535549,0.50251657,0.5146675,0.00785543,-0.18301067,-0.071098015,-0.0050331196,-0.029335046
130,SZ002422,0.005092519351116977,0.4444444444444444,,,,,,2026-09-16,0.002722047,0.022271754,0.122219704,0.009403645,0.42222294,0.010146061,0.45555735,0.003464463,0.15555412,0.99728537,1.0093781,0.9871668,0.99669665,0.9962977,1.0303591,1.1098247,1.0587325,0.9279392,0.99722666,1.0080138,1.0307311,1.0631146,1.0801111,0.018327026,0.02012111,0.043817632,0.061223052,0.08071305,0.005085651,-0.0038665428,-0.005472797,-0.005806069,-0.0011171778,0.19250816,0.33849573,0.5459953,0.69700533,0.058432832,-0.007397933,0.009385553,0.021260504,0.021073304,-0.04715446,1.0266424,1.0473657,1.1831058,1.1890378,1.3025784,0.96148187,0.96148187,0.96148187,0.96148187,0.8785635,1.0067989,1.0265559,1.0448521,1.1418599,1.1533506,0.98671204,0.9951601,1.0011847,1.0053785,1.0175221,0.6,0.4,0.2,0.13333334,0.13333334,0.5911262,0.4484916,0.17379963,0.16926892,0.28639665,0.8,0.2,0.05,0.13333334,0.13333334,0.6,0.8,0.9,0.93333334,0.033333335,0.2,-0.6,-0.85,-0.8,0.1,0.64216244,0.42638475,0.64913017,0.7772537,0.67528194,0.83903784,0.5596004,0.13345382,0.22474281,0.33444265,0.2,0.3,0.4,0.43333334,0.5,0.8,0.7,0.6,0.56666666,0.5,-0.6,-0.4,-0.2,-0.13333334,0.0,0.51919025,0.39069316,0.38845965,0.46012157,0.5169086,0.48080975,0.6093069,0.6115404,0.5398784,0.4830914,0.038380515,-0.21861368,-0.22308071,-0.07975686,0.033817176,1.2804973,1.2815111,2.0286553,2.5357676,3.498996,0.49903548,0.36103562,1.0307859,1.2015203,1.6675507,1.3909674,1.5190845,1.2582135,1.1655272,1.0736711,0.48181224,0.34683222,0.4665507,0.46730226,0.4850678,0.51818776,0.6531678,0.5334493,0.53269774,0.5149322,-0.0363755,-0.30633557,-0.066898555,-0.065395445,-0.029864386
131,SH600219,0.004948137566781585,0.5,,,,SH600219,南山铝业,2026-09-16,0.0021231344,0.023354547,0.090908825,0.004246269,0.18181765,0.016985144,0.7272735,0.014862009,0.6363647,0.99788135,1.0042373,0.9809322,0.9931791,1.0741811,1.0337187,1.0804431,1.0168593,0.92798656,1.019894,1.0347061,1.0276734,1.0294397,0.9686496,0.024201063,0.024869066,0.021525905,0.023282662,0.07564664,-0.01396917,-0.0053059515,0.00097208365,0.00016583416,0.003727044,0.83293724,0.41727182,0.071376055,0.003931737,0.7403714,0.0080443155,-0.010829387,-0.036908206,-0.031844225,-0.07859745,1.0761966,1.0761966,1.0761966,1.0951487,1.0951487,0.9809322,0.9809322,0.9765938,0.9765938,0.8240496,1.0288054,1.0557804,1.0427746,1.0460501,1.0337187,1.0,1.0152216,1.0147399,1.0053949,0.877842,0.3,0.15,0.125,0.1,0.5,0.20015669,0.20015669,0.23499568,0.19742927,0.64902604,0.2,0.6,0.8,0.13333334,0.56666666,1.0,1.0,0.05,0.36666667,0.18333334,-0.8,-0.4,0.75,-0.23333333,0.38333333,-0.074478194,0.33052298,-0.32490635,0.049015783,-0.02461105,-0.6763258,-0.09410128,-0.27520192,0.02263542,0.17162922,0.0,0.3,0.45,0.5,0.53333336,0.8,0.6,0.45,0.4,0.41666666,-0.8,-0.3,0.0,0.1,0.11666667,0.0,0.37931013,0.37173575,0.48528177,0.52950466,1.0,0.62068987,0.62826425,0.51471823,0.47049537,-1.0,-0.24137975,-0.25652853,-0.029436473,0.05900927,0.9984755,1.0624627,1.2586669,1.4256057,1.5200042,0.28334448,0.24395171,0.6822735,0.710066,0.6254957,1.2037315,0.9777298,2.5072138,1.7894914,1.5603853,0.42834526,0.5067459,0.37350446,0.47345078,0.49041957,0.57165474,0.49325413,0.62649554,0.5265492,0.50958043,-0.1433095,0.013491739,-0.2529911,-0.05309845,-0.019160872
132,SH688256,0.004466911488700823,0.2777777777777778,,,,SH688256,寒武纪,2026-09-16,0.044126876,0.06680143,0.6605679,0.011828997,0.17707701,0.010845552,0.1623551,0.043143433,0.64584595,0.95773804,1.011329,0.9473508,0.99021053,0.9286549,0.9753427,0.92471755,1.0007851,1.2790345,0.9393644,0.94312227,0.9323494,0.9518327,1.0514085,0.03638556,0.027223196,0.036688495,0.04645391,0.1418378,0.019378167,0.0001103351,0.0031190086,-0.0019037543,-0.0069498983,0.7090997,0.00015057769,0.25295392,0.1301604,0.73227245,0.021879317,0.056381218,0.038020045,0.07577173,0.15361352,1.011329,1.011329,1.011329,1.0677719,1.4260396,0.87928814,0.87928814,0.83626086,0.83626086,0.83626086,0.957592,0.9629343,0.96970403,0.98110175,1.2061498,0.915485,0.9181863,0.9084403,0.915485,0.9242795,1.0,1.0,1.0,0.8666667,0.51666665,0.91420025,0.91420025,0.93528765,0.70726293,0.2776281,1.0,1.0,1.0,0.1,0.06666667,0.6,0.8,0.15,0.43333334,0.71666664,0.4,0.2,0.85,-0.33333334,-0.65,0.67556375,0.46411952,-0.31492215,0.1507382,0.25272036,0.17092207,0.30361378,-0.06919992,-0.13207106,-0.02233473,0.4,0.3,0.4,0.46666667,0.48333332,0.4,0.6,0.55,0.5,0.5,0.0,-0.3,-0.15,-0.033333335,-0.016666668,0.8651801,0.56839687,0.58825725,0.49948487,0.44131207,0.13481994,0.43160313,0.41174272,0.50051516,0.5586879,0.73036015,0.13679375,0.17651455,-0.001030274,-0.11737583,0.7337048,0.6687727,0.770222,0.8557465,0.95137656,0.21657854,0.17775016,0.21834788,0.2538328,0.2524814,1.3057274,1.1681305,1.1120985,1.1317703,0.9467996,0.75297844,0.62758154,0.47377926,0.47231987,0.49768233,0.24702156,0.3724185,0.52622074,0.52768016,0.50231767,0.5059569,0.255163,-0.05244145,-0.055360265,-0.004635355
133,SH600515,0.003688996828945839,0.3888888888888889,,,,SH600515,海南机场,2026-09-16,0.0037174458,0.022304764,0.166666,0.0037174458,0.166666,0.014869872,0.666668,0.014869872,0.666668,0.99629635,1.0037037,0.98148155,0.99318343,1.0520362,1.0147059,1.0328054,1.0927602,1.0294118,1.0158371,1.029638,1.0326357,1.0439668,1.0408182,0.02048729,0.023237044,0.019099941,0.02429241,0.02763414,-0.011764704,-0.004442613,-0.001288571,-0.0020530599,0.00019553554,0.8243906,0.33506313,0.1593018,0.5535588,0.015270714,0.00769229,-0.009646253,-0.02039432,-0.0141974455,-0.04658655,1.0549142,1.0696194,1.0696194,1.0963738,1.1177458,0.98148155,0.98148155,0.98148155,0.98148155,0.9779722,1.0239819,1.0484163,1.0484163,1.0631222,1.0631222,0.999095,1.0117646,1.0174208,1.0180995,1.0147059,0.4,0.2,0.1,0.06666667,0.05,0.25218284,0.21010795,0.21010795,0.16118115,0.15759622,0.2,0.4,0.7,0.2,0.48333332,1.0,1.0,1.0,1.0,0.05,-0.8,-0.6,-0.3,-0.8,0.43333334,0.011454076,0.21392295,-0.050471015,-0.2065296,-0.15606433,-0.92583364,-0.12758897,-0.24875715,-0.19742174,0.02088378,0.2,0.4,0.45,0.4,0.5,0.6,0.4,0.45,0.53333336,0.45,-0.4,0.0,0.0,-0.13333334,0.05,0.07407354,0.4380952,0.4426877,0.38547477,0.48350254,0.92592645,0.5619048,0.5573123,0.61452526,0.5164975,-0.8518529,-0.12380958,-0.11462461,-0.22905046,-0.032994933,1.4492136,1.5778353,1.5458711,1.440819,1.6092775,0.52403766,0.5036996,0.49225324,0.43986896,0.42240915,1.2857672,1.1451153,0.93187135,0.9347105,0.9309925,0.44960886,0.46304414,0.49014512,0.4762296,0.48403847,0.55039114,0.5369559,0.5098549,0.5237704,0.5159615,-0.10078227,-0.073911734,-0.019709792,-0.04754078,-0.031923056
134,SZ300502,0.003119812111391043,0.3888888888888889,,,,,,2026-09-16,0.061613575,0.0809321,0.7612996,0.019067956,0.23560438,0.00025056902,0.00309604,0.042796187,0.52879125,0.94196236,1.0179613,0.9417263,0.98396385,0.97901815,0.91269654,0.9712287,1.0014406,1.3106289,0.97075737,0.9619444,0.9609401,0.9784753,1.0834881,0.028497089,0.033941433,0.033346903,0.04575944,0.15225038,-9.684472e-05,0.0052473685,-0.00020267897,-0.0021060586,-0.0072687496,2.8872933e-05,0.21909589,0.0012929282,0.16416526,0.69518834,0.029436352,0.014442447,0.04098532,0.052062575,0.13094006,1.0179613,1.0282286,1.0620983,1.114022,1.4606677,0.9287697,0.8979914,0.89348435,0.89348435,0.81899524,0.9986976,0.9874211,0.98317224,1.0021291,1.2145916,0.9462627,0.93183327,0.94037175,0.9428594,0.9485567,1.0,1.0,0.95,0.8,0.48333332,0.7986212,0.7832518,0.6317132,0.48298153,0.2820828,1.0,0.5,0.15,0.26666668,0.083333336,0.8,0.1,0.5,0.6666667,0.43333334,0.2,0.4,-0.35,-0.4,-0.35,0.69116384,0.5790001,0.46860573,0.43503866,0.32945648,0.8121988,0.81939584,0.6324133,0.36606812,0.055548187,0.4,0.4,0.45,0.46666667,0.45,0.6,0.6,0.55,0.53333336,0.55,-0.2,-0.2,-0.1,-0.06666667,-0.1,0.56472903,0.6753885,0.52776664,0.4991672,0.44882122,0.43527094,0.32461146,0.47223333,0.5008328,0.5511788,0.12945811,0.35077706,0.05553332,-0.0016655697,-0.10235759,0.83277917,0.8689746,0.93031454,1.0613081,1.2922376,0.22877288,0.23723683,0.21375148,0.29056403,0.4270356,0.82701313,1.3158467,1.1452185,1.0332332,1.1171176,0.58186466,0.51082927,0.46156496,0.42821795,0.49849835,0.41813532,0.4891707,0.53843504,0.57178205,0.5015017,0.16372935,0.021658573,-0.07687007,-0.14356408,-0.003003319
135,SZ000725,0.0030160360066610187,0.3333333333333333,,,,,,2026-09-16,0.032197036,0.041666713,0.77272797,0.0,0.0,0.009469678,0.227272,0.041666713,1.0,0.9688073,1.0,0.959633,0.98324215,1.0180904,1.0623115,1.1025125,1.0951424,1.2971524,0.9837185,1.0075376,1.0420268,1.0615299,1.1557063,0.016119823,0.028662862,0.04278364,0.048493516,0.1792279,-0.0014405301,-0.008216841,-0.0061457674,-0.004265153,-0.007928155,0.019964764,0.75332445,0.7222122,0.5995198,0.5968057,0.019162523,0.02943815,0.016358038,0.00031488982,0.07817434,1.0126824,1.0714213,1.1172694,1.1887691,1.7427247,0.95587313,0.95587313,0.95587313,0.95587313,0.95587313,1.000335,1.0316918,1.0844891,1.0949414,1.3061305,0.9711222,0.9767503,1.00134,1.0196984,1.0320938,0.8,0.4,0.2,0.13333334,0.1,0.776754,0.38189182,0.27340716,0.18947032,0.056080323,0.2,0.1,0.05,0.3,0.1,0.4,0.7,0.85,0.9,0.95,-0.2,-0.6,-0.8,-0.6,-0.85,0.57828635,0.50127125,0.7115946,0.8310047,0.8089189,0.533777,0.37338635,0.44958448,0.5360428,0.42849162,0.2,0.2,0.25,0.33333334,0.45,0.8,0.8,0.75,0.6666667,0.55,-0.6,-0.6,-0.5,-0.33333334,-0.1,0.3928575,0.2978263,0.35145637,0.42502642,0.43897069,0.6071425,0.7021737,0.64854366,0.5749736,0.5610293,-0.21428502,-0.4043474,-0.29708728,-0.14994717,-0.12205862,0.78066695,0.82353127,0.97919625,1.2735426,2.1050153,0.2272945,0.16876963,0.26713738,0.5951832,1.2202259,0.8863202,0.7535843,0.88427174,1.5059996,1.172082,0.60887724,0.5613645,0.35736048,0.43071488,0.44961742,0.3911228,0.43863553,0.6426395,0.56928515,0.55038255,0.21775445,0.122728944,-0.28527907,-0.13857026,-0.10076516
136,SH601318,0.0027528644003676638,0.2777777777777778,,,,SH601318,中国平安,2026-09-16,-0.0070514064,0.01966967,-0.35849136,0.00501019,0.25471652,0.0076080733,0.38679212,-0.004453523,-0.22641575,1.0071015,1.0121473,0.9923379,0.99983674,1.0330573,1.0398617,0.9563393,0.9919483,0.9019619,1.0184509,1.0317476,1.0235456,1.0037688,0.9744897,0.014895293,0.02208484,0.02600256,0.036225766,0.051153686,-0.009248129,-0.00649051,0.001454349,0.0029190476,0.0024544473,0.9637174,0.79173636,0.109489664,0.50320953,0.702188,4.536334e-05,-0.0025402596,-0.03736189,-0.04609498,-0.04689586,1.0416481,1.0831751,1.0831751,1.0831751,1.0831751,0.9923379,0.9923379,0.94750094,0.93957955,0.861219,1.0272397,1.0430369,1.0380018,1.0334316,1.02462,1.0058063,1.019687,1.0082104,0.9656838,0.9105352,0.2,0.1,0.15,0.43333334,0.6666667,0.15538573,0.08434988,0.3869497,0.42076832,0.62526345,0.2,0.2,0.6,0.73333335,0.8666667,1.0,1.0,0.05,0.3,0.05,-0.8,-0.8,0.55,0.43333334,0.81666666,-0.44436315,0.57544124,0.19622152,0.30036765,-0.2190984,-0.72063535,-0.00051239104,0.4396968,0.37661913,0.308159,0.2,0.4,0.5,0.46666667,0.53333336,0.8,0.6,0.5,0.53333336,0.46666667,-0.6,-0.2,0.0,-0.06666667,0.06666667,0.10661362,0.34481218,0.5889969,0.5125842,0.56810844,0.89338636,0.6551878,0.41100314,0.48741582,0.4318916,-0.7867727,-0.3103756,0.17799373,0.025168383,0.13621682,0.9236942,1.2270776,1.3476391,1.2600304,1.5076754,0.11239906,0.45084682,0.5032529,0.43621692,0.5436732,0.70297575,1.1559876,1.1341528,1.2071759,1.3099552,0.5306337,0.48835415,0.4792142,0.48653147,0.48033765,0.46936628,0.51164585,0.5207858,0.51346856,0.5196623,0.061267424,-0.023291714,-0.04157159,-0.02693707,-0.039324682
137,SZ001391,0.002218218300934274,0.2777777777777778,,,,,,2026-09-16,0.0025252788,0.012626258,0.20000215,0.0,0.0,0.010100979,0.79999787,0.012626258,1.0,0.9974811,1.0,0.98740554,0.9927382,1.0464548,1.0268948,1.0195599,1.0880195,1.0488998,1.008313,1.0232275,1.0293399,1.0398533,1.0528933,0.014629136,0.020235889,0.016198816,0.022620639,0.028238144,-0.007090471,-0.0045195245,-0.0015625869,-0.0020424756,-0.00059524813,0.58729035,0.45724863,0.32567906,0.63183796,0.1355263,0.0058679786,-0.0028895345,-0.014495291,-0.010237413,-0.03533342,1.0468425,1.0514979,1.056464,1.090612,1.125722,0.98740554,0.98740554,0.98740554,0.98740554,0.98740554,1.0107579,1.0405868,1.0420538,1.0591687,1.0797065,1.0,1.001956,1.0166259,1.0254278,1.0308069,0.3,0.15,0.075,0.05,0.025,0.21189633,0.19650474,0.18237403,0.122031584,0.09105531,0.2,0.5,0.25,0.1,0.31666666,1.0,1.0,1.0,1.0,1.0,-0.8,-0.5,-0.75,-0.9,-0.68333334,-0.04402196,0.043774057,0.12559196,0.07664722,0.27049184,-0.9462178,-0.43069115,-0.2597276,-0.2251898,-0.14090325,0.2,0.4,0.5,0.43333334,0.48333332,0.6,0.5,0.45,0.53333336,0.45,-0.4,-0.1,0.05,-0.1,0.033333335,0.047618985,0.35897455,0.4534885,0.36956534,0.46753246,0.952381,0.6410254,0.54651153,0.63043463,0.53246754,-0.904762,-0.28205088,-0.09302302,-0.2608693,-0.064935066,1.5051272,1.5495335,1.6051699,1.6450856,1.8452367,0.84307575,0.6593837,0.56514525,0.52815723,0.5197314,1.6929485,1.4357625,1.0862637,0.9593555,0.86944914,0.508509,0.47033557,0.44696644,0.4745335,0.48550633,0.49149102,0.52966446,0.55303353,0.5254665,0.5144937,0.017017972,-0.05932887,-0.106067106,-0.050933022,-0.028987352
138,SZ000157,0.0021213238022135808,0.4444444444444444,,,,,,2026-09-16,-0.032659393,0.04976671,-0.65624976,0.0031104146,0.062499907,0.013996904,0.28125033,-0.021772902,-0.43749934,1.0337621,1.0369774,0.98553056,0.9994854,1.0707338,1.059475,1.1044934,1.1720128,1.1375126,1.0395457,1.053371,1.0823098,1.0995114,1.1275718,0.023724316,0.021830026,0.039247695,0.04239991,0.0510627,-0.013503878,-0.0054364935,-0.0060077356,-0.0043509016,-0.0014680723,0.8099714,0.56851345,0.8200897,0.8160755,0.2521083,-0.01253784,-0.028906688,-0.025236327,-0.036423307,-0.08426365,1.0707278,1.0819867,1.1511238,1.1848754,1.2459788,0.98553056,0.98553056,0.98553056,0.98553056,0.98553056,1.0511242,1.0681622,1.1302187,1.1382531,1.1687983,1.0308583,1.0463009,1.0572265,1.0620465,1.0807068,0.2,0.1,0.05,0.033333335,0.016666668,0.16983485,0.15001088,0.08737959,0.0725851,0.055556018,0.2,0.4,0.15,0.033333335,0.43333334,1.0,1.0,1.0,1.0,1.0,-0.8,-0.6,-0.85,-0.96666664,-0.56666666,-0.8745391,-0.62191755,0.040511888,0.20209108,0.26384643,-0.97167563,-0.8112604,-0.43237436,-0.43319356,-0.08891567,0.0,0.3,0.4,0.33333334,0.43333334,0.8,0.5,0.45,0.5,0.48333332,-0.8,-0.2,-0.05,-0.16666667,-0.05,0.0,0.16368437,0.27892894,0.22566953,0.4220042,1.0,0.83631563,0.72107106,0.7743305,0.57799584,-1.0,-0.67263126,-0.44214216,-0.54866093,-0.15599164,0.40050787,0.3621937,0.44871733,0.46334964,0.58381855,0.34012917,0.23328947,0.24380268,0.20778327,0.23155923,1.7131544,2.2075467,1.5864815,1.6075276,1.0787278,0.8092828,0.63887423,0.57426316,0.53703547,0.5113362,0.19071724,0.3611258,0.42573684,0.4629645,0.4886638,0.61856556,0.2777484,0.14852628,0.07407096,0.022672432
139,SZ002050,0.001752543315652058,0.4444444444444444,,,,,,2026-09-16,0.00089023885,0.021364998,0.0416681,0.008011844,0.37499857,0.012462916,0.5833333,0.005341311,0.25000286,0.9991106,1.0080047,0.98665875,0.99727213,1.0729295,1.056038,1.0907183,1.1684003,1.2928253,1.0231863,1.0472276,1.0595156,1.0892562,1.143897,0.02188849,0.030270498,0.025589373,0.04945243,0.09801866,-0.013429262,-0.0087189535,-0.0030550507,-0.0049813236,-0.004500701,0.9410499,0.7605032,0.49886802,0.7863501,0.643047,0.003672255,-0.007992359,-0.030492583,-0.01702699,-0.011126385,1.0675914,1.0999066,1.1010877,1.1992246,1.4550804,0.98665875,0.98665875,0.98665875,0.98665875,0.98665875,1.0372988,1.0742999,1.0761933,1.1433741,1.2313019,1.0016643,1.0234268,1.0477887,1.0550876,1.0660546,0.2,0.1,0.05,0.033333335,0.016666668,0.1648442,0.11780596,0.116589986,0.06276301,0.028481338,0.2,0.2,0.05,0.13333334,0.11666667,1.0,1.0,1.0,1.0,1.0,-0.8,-0.8,-0.95,-0.8666667,-0.8833333,-0.45632306,0.14168996,0.10103568,0.6333262,0.80641574,-0.9052856,0.015562807,0.029451245,0.23443091,0.2677929,0.0,0.2,0.35,0.36666667,0.46666667,1.0,0.8,0.65,0.6333333,0.53333336,-1.0,-0.6,-0.3,-0.26666668,-0.06666667,0.0,0.3226625,0.3488328,0.34649777,0.41341403,1.0,0.67733747,0.6511672,0.6535022,0.586586,-1.0,-0.354675,-0.30233443,-0.30700445,-0.17317195,0.94759417,1.0492427,1.0184752,1.2630153,2.056222,0.17461611,0.28725356,0.23695251,0.50522876,1.3975371,0.79994386,0.8265118,0.773378,1.3238009,1.8044764,0.6287807,0.5395358,0.36708134,0.44099322,0.48006046,0.37121928,0.4604642,0.63291866,0.5590068,0.51993954,0.25756145,0.07907158,-0.2658373,-0.11801357,-0.03987907
140,SH601618,0.001732419497970338,0.6111111111111112,,,,SH601618,中国中冶,2026-09-16,-0.019531216,0.035156228,-0.555555,0.003906268,0.1111117,0.011718743,0.33333334,-0.011718743,-0.33333334,1.0199202,1.0239043,0.98804784,1.0004951,1.0461539,1.0092307,1.0123076,1.0584615,1.0184616,1.0264615,1.0267693,1.0292307,1.0306667,1.0333846,0.017214276,0.016413465,0.015956964,0.015084248,0.027402952,-0.010461538,-0.00020512874,-0.00045806775,-0.00047711105,0.000271956,0.9233228,0.0014317392,0.028842099,0.077534206,0.03004017,-0.0055384496,-0.025846142,-0.024879113,-0.023748543,-0.041407302,1.0501468,1.0541397,1.0624558,1.0624558,1.1005013,0.98804784,0.98804784,0.98804784,0.98804784,0.95636827,1.0363077,1.0461539,1.0461539,1.0461539,1.0584615,1.0172307,1.0123076,1.0172307,1.0184616,1.0123076,0.2,0.1,0.05,0.033333335,0.125,0.19246992,0.18084173,0.16063054,0.16063054,0.30271852,0.2,0.4,0.35,0.56666666,0.48333332,1.0,1.0,1.0,1.0,0.06666667,-0.8,-0.6,-0.65,-0.43333334,0.41666666,-0.6233943,0.19549917,0.22879268,0.19156343,-0.05640907,-0.9401205,0.33371678,0.14306547,0.119077064,0.12520048,0.0,0.3,0.45,0.4,0.48333332,0.8,0.5,0.45,0.53333336,0.45,-0.8,-0.2,0.0,-0.13333334,0.033333335,0.0,0.45161292,0.47368425,0.40776694,0.48636362,1.0,0.54838705,0.52631575,0.59223306,0.51363635,-1.0,-0.09677415,-0.052631523,-0.18446611,-0.02727274,0.6741479,0.71633404,0.71227753,0.664482,0.7769477,0.21314542,0.299897,0.26599556,0.23701221,0.23243214,1.1621933,1.6191655,1.3376884,1.376869,1.041737,0.64113283,0.5657069,0.53922135,0.5220624,0.4923949,0.35886717,0.43429312,0.46077865,0.47793758,0.50760514,0.2822657,0.13141376,0.07844269,0.04412483,-0.015210235
141,SH600009,0.0016537884532902614,0.5,,,,SH600009,上海机场,2026-09-16,-0.008246454,0.0156249525,-0.5277747,0.0008680529,0.055555556,0.0065104445,0.41666973,-0.002604063,-0.16666053,1.008315,1.0091903,0.99343544,0.99924564,1.0406448,1.021769,1.004271,1.0537338,0.9751998,1.0135024,1.0275145,1.0248415,1.0251539,1.0275214,0.011011965,0.016702672,0.013392013,0.01443129,0.023420518,-0.0068062707,-0.004945847,-1.22229985e-05,-0.00024481365,0.0002012252,0.9550561,0.8037499,2.9156263e-05,0.022302967,0.022514978,0.000110212844,-0.0052581425,-0.024725419,-0.021604033,-0.033457473,1.0410241,1.0515527,1.0515527,1.0573237,1.0917851,0.99343544,0.99343544,0.99343544,0.99343544,0.9710057,1.0208322,1.0436759,1.0361257,1.0412511,1.0450537,1.0072747,1.0101956,1.0132267,1.0102782,1.0060346,0.2,0.1,0.05,0.033333335,0.13333334,0.13794427,0.11295399,0.11295399,0.10275089,0.24006025,0.2,0.3,0.65,0.033333335,0.43333334,1.0,1.0,1.0,1.0,0.2,-0.8,-0.7,-0.35,-0.96666664,0.23333333,-0.32267398,0.345461,0.13178532,0.19239558,0.2747965,-0.5025213,0.26519704,0.15832646,-0.093590684,0.27508864,0.0,0.2,0.4,0.33333334,0.4,1.0,0.7,0.55,0.6333333,0.5833333,-1.0,-0.5,-0.15,-0.3,-0.18333334,0.0,0.3387755,0.48705116,0.3846155,0.51943004,1.0,0.66122454,0.5129489,0.61538446,0.48056996,-1.0,-0.32244903,-0.025897695,-0.23076898,0.03886008,0.80514497,0.9621065,1.0159934,1.0956976,1.4506764,0.15829697,0.33160162,0.26869208,0.3107689,0.55496913,0.52683467,0.8912082,0.6832706,0.86150885,1.0338078,0.66584307,0.5542746,0.4769104,0.45213395,0.4872865,0.33415693,0.4457254,0.5230896,0.54786605,0.5127135,0.33168614,0.10854919,-0.0461792,-0.095732085,-0.025426958
142,SZ301269,0.0008400987865414593,0.2222222222222222,,,,,,2026-09-16,0.03793682,0.040928625,0.92690194,0.002034443,0.049707092,0.0009573599,0.023390962,0.03685974,0.90058583,0.9634498,1.00196,0.9625274,0.9862632,1.0318807,1.0848624,1.1184633,1.0705276,1.2434633,0.9937156,1.021812,1.0596789,1.0785092,1.1383581,0.022594854,0.035731643,0.049976297,0.05139736,0.12240235,-0.008061925,-0.010229351,-0.0063761454,-0.0041586477,-0.0052248235,0.31827196,0.75127953,0.56971323,0.5073694,0.5557297,0.022408256,0.024220172,0.00089450175,-0.01820877,0.015774129,1.0388288,1.0964934,1.1703111,1.1910383,1.475391,0.9625274,0.9625274,0.9625274,0.9625274,0.9625274,1.0052522,1.0467201,1.0996789,1.1198624,1.2694495,0.9740826,0.9931193,1.0210092,1.0337156,1.0372707,0.8,0.4,0.2,0.13333334,0.083333336,0.49111235,0.2797172,0.18034428,0.16398603,0.073065415,0.2,0.1,0.45,0.3,0.21666667,1.0,1.0,1.0,1.0,1.0,-0.8,-0.9,-0.55,-0.7,-0.78333336,-0.68141943,0.23411025,0.45808497,0.61811423,0.87475944,-0.269007,-0.15124436,0.013662944,0.24970713,0.3560602,0.2,0.2,0.35,0.46666667,0.46666667,0.8,0.8,0.65,0.53333336,0.53333336,-0.6,-0.6,-0.3,-0.06666667,-0.06666667,0.32839498,0.314257,0.3771116,0.45200562,0.4452807,0.671605,0.685743,0.6228884,0.5479944,0.5547193,-0.34321004,-0.371486,-0.24577679,-0.09598876,-0.10943861,0.85386235,0.9813337,1.0610569,1.2383417,2.2013683,0.19626313,0.2741396,0.28711104,0.40079814,1.4754342,0.7411656,0.7205256,0.6875098,0.8616661,1.5748163,0.62070304,0.50581336,0.43779057,0.4548467,0.44549185,0.379297,0.49418667,0.5622094,0.5451533,0.55450815,0.24140605,0.011626681,-0.12441885,-0.0903066,-0.10901632
143,SH601766,0.0006142899262131705,0.5,,,,SH601766,中国中车,2026-09-16,-0.01160859,0.02155889,-0.5384596,0.0016583831,0.0769234,0.008291916,0.384617,-0.004975058,-0.23076597,1.011745,1.0134228,0.9916107,0.9981076,1.0336701,1.0415264,1.0213244,0.9786756,0.8653199,1.0181818,1.0289562,1.0326039,1.018743,0.9771605,0.012279173,0.014593226,0.013858495,0.02471975,0.060657762,-0.0063972976,-0.004190047,-0.0006894344,0.0018349353,0.0030717163,0.67857033,0.75569504,0.086620726,0.42702666,0.7821486,-0.0053872117,-0.010101009,-0.026054183,-0.045349542,-0.06777612,1.0381209,1.0566081,1.061716,1.061716,1.061716,0.9916107,0.9916107,0.9916107,0.95811284,0.842363,1.0280584,1.0392817,1.0419754,1.0406284,1.0338945,1.0089787,1.0210998,1.0228956,0.99079686,0.9025814,0.2,0.1,0.05,0.26666668,0.56666666,0.18037553,0.12907134,0.119667314,0.4043042,0.7186456,0.6,0.4,0.45,0.6333333,0.81666666,1.0,1.0,1.0,0.06666667,0.05,-0.4,-0.6,-0.55,0.56666666,0.76666665,0.09898317,-0.30559072,0.11881527,-0.14453956,-0.27205634,0.34530964,0.062497016,0.43964157,0.41622368,0.521576,0.2,0.2,0.45,0.5,0.55,0.6,0.7,0.5,0.46666667,0.41666666,-0.4,-0.5,-0.05,0.033333335,0.13333334,0.105263844,0.23188439,0.44171777,0.54112554,0.6038062,0.8947362,0.76811564,0.55828226,0.45887443,0.3961938,-0.78947234,-0.5362312,-0.11656445,0.08225112,0.20761238,0.88491905,0.79245555,0.9029105,0.9339918,1.2142574,0.28902164,0.22147536,0.29921824,0.26323798,0.56248504,0.65877974,0.62548393,0.88455296,0.82744503,2.0320508,0.6008365,0.51040506,0.4836104,0.47595906,0.47344285,0.3991635,0.48959494,0.5163896,0.52404094,0.52655715,0.20167299,0.020810114,-0.032779243,-0.04808187,-0.05311431
144,SH600188,0.00019927528202972364,0.16666666666666666,,,,SH600188,兖矿能源,2026-09-16,0.0014940018,0.019920286,0.07499902,0.01145418,0.5750008,0.0069721034,0.35000017,-0.002988075,-0.1500016,0.9985082,1.011437,0.9915465,0.99824136,1.1014324,1.0915118,1.0840209,0.96173507,0.9203827,1.0312395,1.0513742,1.0768057,1.080164,1.012954,0.038501676,0.037185963,0.04473652,0.038079042,0.08566769,-0.02277167,-0.008415583,-0.003867859,-0.0014419925,0.0038088732,0.87452155,0.46948504,0.26162842,0.111136235,0.6029186,0.014303784,-0.013504072,-0.040061027,-0.0592551,-0.12531582,1.1173434,1.1213216,1.1839668,1.1839668,1.1839668,0.9915465,0.9915465,0.9915465,0.9567545,0.8473693,1.0668421,1.0815407,1.1047122,1.1018373,1.0867338,0.99970645,1.010366,1.056385,1.0618616,0.91761905,0.4,0.2,0.1,0.06666667,0.43333334,0.06719938,0.065139465,0.043932375,0.1903309,0.45345172,0.2,0.1,0.45,0.6333333,0.81666666,1.0,1.0,1.0,0.033333335,0.083333336,-0.8,-0.9,-0.55,0.6,0.73333335,-0.1426398,0.14032175,0.32634374,0.18404639,-0.13469726,-0.869065,-0.2977704,0.17315586,0.37783563,0.45378625,0.2,0.3,0.4,0.46666667,0.46666667,0.8,0.7,0.6,0.53333336,0.53333336,-0.6,-0.4,-0.2,-0.06666667,-0.06666667,0.014063958,0.30166736,0.4107719,0.5264077,0.525727,0.98593605,0.69833267,0.5892281,0.47359228,0.474273,-0.9718721,-0.3966653,-0.1784562,0.05281543,0.051453993,1.2539728,1.369324,1.3929418,1.5496536,1.7222909,0.2687944,0.26660934,0.28374818,0.40653682,0.5110447,1.0805432,0.8054227,0.7957939,1.254068,1.2061112,0.32836807,0.36774182,0.44203582,0.4859714,0.49052015,0.67163193,0.6322582,0.5579642,0.5140286,0.5094798,-0.34326386,-0.26451632,-0.11592835,-0.028057236,-0.018959694
145,SH601012,4.732489372210335e-05,0.2777777777777778,,,,SH601012,隆基绿能,2026-09-16,-0.00090824696,0.017257039,-0.05263052,0.0054495684,0.31578815,0.010899223,0.6315813,0.0045414083,0.26316264,1.0009091,1.0063636,0.98909086,0.99876446,1.0754412,1.0682058,1.1318033,1.1790866,1.1318033,1.0260012,1.0499101,1.079052,1.1072799,1.1204925,0.02484408,0.030518694,0.038807034,0.05219767,0.050528057,-0.014908521,-0.008645001,-0.0060110535,-0.0056405673,-0.0012260088,0.9002504,0.7355456,0.8397468,0.9049926,0.17956506,0.0038158481,-0.011007623,-0.021947017,-0.02549168,-0.08432523,1.0727345,1.0900037,1.1454818,1.1982076,1.2309055,0.98909086,0.98909086,0.98909086,0.98909086,0.98909086,1.0367298,1.0763537,1.1083645,1.1591133,1.1649293,1.0058252,1.02472,1.056915,1.0672934,1.0743536,0.2,0.1,0.05,0.033333335,0.016666668,0.13042395,0.10810446,0.06975552,0.052167665,0.0451136,0.2,0.4,0.05,0.16666667,0.083333336,1.0,1.0,1.0,1.0,1.0,-0.8,-0.6,-0.95,-0.8333333,-0.9166667,-0.63499844,-0.44721752,0.04095306,0.5332342,0.5272167,-0.92957515,-0.6642592,-0.4367131,-0.15472609,0.23751245,0.2,0.3,0.35,0.4,0.48333332,0.8,0.6,0.55,0.53333336,0.48333332,-0.6,-0.3,-0.2,-0.13333334,0.0,0.011926623,0.16816165,0.22834343,0.28903356,0.4348638,0.98807335,0.83183837,0.7716566,0.71096647,0.5651362,-0.97614676,-0.6636767,-0.54331315,-0.4219329,-0.1302724,0.82412106,0.78115875,0.87005657,1.0405198,1.4096074,0.26009437,0.2034422,0.2603788,0.3882442,0.610987,1.0618937,1.3058074,1.1925064,1.1010902,1.1397982,0.6349404,0.47984543,0.46858996,0.47084343,0.49064636,0.36505958,0.52015454,0.53141004,0.52915657,0.50935364,0.2698808,-0.040309113,-0.06282008,-0.058313128,-0.018707285
146,SZ000100,-0.0002062685807559197,0.6111111111111112,,,,,,2026-09-16,0.008474655,0.02118649,0.40000284,0.004237278,0.19999906,0.008474556,0.39999813,0.012711934,0.6000019,0.9915966,1.0042017,0.9831932,0.9945413,0.9956236,1.0273522,1.0607221,1.0229758,1.0185995,0.9868708,0.9973741,1.020733,1.0335885,1.0588803,0.009990165,0.01498104,0.027740482,0.033986032,0.062414944,0.004814013,-0.0034148952,-0.003996315,-0.002579331,-0.0023692453,0.58050936,0.47630185,0.72637266,0.44639048,0.43948364,0.0035011345,0.017992893,0.017231995,0.0038117208,0.011012407,1.0042017,1.0398693,1.0794467,1.1215923,1.3149661,0.96012926,0.96012926,0.96012926,0.96012926,0.96012926,0.9947483,1.0086433,1.0450765,1.0623631,1.0902625,0.97964984,0.98435444,0.995186,1.0,1.0099561,1.0,0.65,0.325,0.21666667,0.15833333,0.90466434,0.5000087,0.3341569,0.24693419,0.112363555,1.0,0.1,0.05,0.2,0.083333336,0.4,0.7,0.85,0.9,0.95,0.6,-0.6,-0.8,-0.7,-0.8666667,-0.47820574,-0.10273163,0.5145589,0.60065424,0.7452115,-0.32644254,-0.4071423,0.0050235433,0.21424337,0.34886128,0.6,0.4,0.3,0.43333334,0.46666667,0.4,0.6,0.6,0.5,0.5,0.2,-0.2,-0.3,-0.06666667,-0.033333335,0.5476192,0.33333373,0.34366196,0.4666668,0.49380466,0.4523808,0.66666627,0.65633804,0.53333324,0.5061953,0.0952384,-0.33333254,-0.31267604,-0.06666644,-0.012390658,1.1705056,1.1903837,1.3287315,1.6466297,3.0494556,0.280524,0.20771551,0.2933596,0.61299556,2.289108,0.46192437,0.6854054,1.0163013,1.0707715,1.6238296,0.47300082,0.42247573,0.41719243,0.43310848,0.46301427,0.5269992,0.57752424,0.5828076,0.56689155,0.5369857,-0.053998377,-0.15504853,-0.16561514,-0.13378304,-0.073971435
147,SZ300760,-0.0002629951681920284,0.3333333333333333,,,,,,2026-09-16,-0.01231252,0.017437512,-0.70609385,0.0031249723,0.17920975,0.0020000192,0.11469637,-0.013437473,-0.7706073,1.012466,1.0156299,0.99797505,1.0036128,1.0453708,1.054244,0.9457001,0.9687483,0.8584184,1.0211507,1.0408281,1.0299152,1.0044124,0.9611195,0.018594142,0.025409294,0.028552461,0.043921735,0.06342799,-0.011250626,-0.0073982724,0.0018179107,0.003890675,0.0032773335,0.91525275,0.7771178,0.14188157,0.60812473,0.81429017,0.0013505411,-0.007535912,-0.04718531,-0.06082722,-0.057800796,1.0562719,1.0800068,1.0800068,1.0800068,1.0800068,0.99797505,0.99797505,0.9497807,0.92533094,0.8203363,1.0335063,1.0631732,1.0557063,1.0493777,1.017367,1.0104916,1.0140967,1.0088844,0.96052235,0.8876053,0.2,0.1,0.2,0.46666667,0.71666664,0.034735166,0.02468497,0.38563168,0.48274544,0.6918911,0.2,0.4,0.7,0.8,0.9,1.0,1.0,0.05,0.26666668,0.05,-0.8,-0.6,0.65,0.53333336,0.85,0.49328798,0.6360216,0.07282187,0.0854867,-0.18607211,-0.8802738,-0.4078106,0.40845874,0.3447456,0.46122536,0.4,0.4,0.55,0.53333336,0.55,0.6,0.6,0.45,0.46666667,0.45,-0.2,-0.2,0.1,0.06666667,0.1,0.081361204,0.26923147,0.59061265,0.53822,0.5799256,0.9186388,0.7307685,0.40938735,0.46178,0.4200744,-0.8372776,-0.46153706,0.1812253,0.076439984,0.15985121,1.1233414,1.3877215,1.7416215,1.7137235,1.97715,0.23659408,0.39637738,0.71680915,0.6498692,0.7339582,0.80535704,1.0031952,1.1649312,1.1688709,1.0784897,0.20032491,0.423881,0.4899619,0.48440439,0.48574373,0.7996751,0.576119,0.51003814,0.5155956,0.51425624,-0.5993502,-0.15223803,-0.02007624,-0.031191254,-0.028512534
148,SH601117,-0.0003910192222117682,0.6111111111111112,,,,SH601117,中国化学,2026-09-16,0.0,0.015277765,0.0,0.0013888812,0.09090867,0.013888884,0.90909135,0.012500003,0.81818265,1.0,1.0013889,0.9861111,0.993034,1.0301769,1.024974,1.0332986,1.0603538,1.1050988,1.0106139,1.0189387,1.0318938,1.0373223,1.0397155,0.013191196,0.013041237,0.017775955,0.01858386,0.020928755,-0.0075962506,-0.0034559986,-0.0024934858,-0.0016329851,-0.00018007074,0.82902986,0.6437555,0.6886776,0.59840375,0.02257872,0.004578558,-0.003386621,-0.008205746,-0.013643948,-0.034403484,1.036426,1.0385071,1.0648639,1.0803444,1.1053213,0.9861111,0.9861111,0.9861111,0.9861111,0.9861111,1.0156088,1.0301769,1.0447451,1.0539021,1.0574402,1.0,1.0074922,1.0156088,1.0274714,1.0245577,0.3,0.15,0.075,0.05,0.025,0.27603948,0.26507512,0.17636062,0.14738828,0.11650752,0.2,0.2,0.35,0.033333335,0.016666668,1.0,1.0,1.0,1.0,1.0,-0.8,-0.8,-0.65,-0.96666664,-0.98333335,-0.16162793,0.12663631,0.12957257,0.2653039,0.17691135,-0.68364424,-0.7443995,-0.63312006,-0.37250477,-0.1650521,0.2,0.4,0.55,0.5,0.5,0.6,0.4,0.35,0.43333334,0.46666667,-0.4,0.0,0.2,0.06666667,0.033333335,0.060604613,0.3125002,0.39610404,0.3760684,0.42877293,0.93939537,0.6874998,0.60389596,0.6239316,0.5712271,-0.8787908,-0.3749996,-0.20779191,-0.24786316,-0.14245413,0.95615596,1.1161104,1.2390761,1.2353376,1.5739001,0.27027765,0.34492645,0.42880228,0.39002374,0.606344,1.5168073,1.2173966,1.3206981,1.1584662,1.4575921,0.5592871,0.39189547,0.49549857,0.48130238,0.4378935,0.4407129,0.6081045,0.5045014,0.5186976,0.5621065,0.11857417,-0.21620905,-0.009002839,-0.037395213,-0.12421297
149,SZ000425,-0.000600873384839821,0.3888888888888889,,,,,,2026-09-16,-0.02570695,0.078406185,-0.32786894,0.0051414417,0.065574445,0.04755779,0.6065566,0.016709397,0.21311325,1.0263852,1.0316623,0.9511874,0.98109907,1.1055394,1.0514355,1.0633119,1.1094984,1.0727838,1.0498579,1.0670098,1.0621258,1.066744,1.0949792,0.034582358,0.03349761,0.025234204,0.024549767,0.04659638,-0.02071202,-0.005964637,-1.5455893e-05,-0.00084471266,-0.001042461,0.896759,0.29063764,1.3130374e-05,0.091753975,0.1526564,-0.008433772,-0.04016894,-0.06197895,-0.05449559,-0.064226575,1.102896,1.1306036,1.1306036,1.1306036,1.2335067,0.9511874,0.9511874,0.9511874,0.9511874,0.9511874,1.0722853,1.09683,1.087065,1.0897042,1.1232164,1.0242573,1.04299,1.0472127,1.0498519,1.05645,0.2,0.1,0.05,0.033333335,0.016666668,0.32175246,0.2720636,0.2720636,0.2720636,0.1728986,0.2,0.4,0.7,0.8,0.43333334,1.0,1.0,1.0,1.0,1.0,-0.8,-0.6,-0.3,-0.2,-0.56666666,-0.95213604,-0.3587388,-0.16851161,-0.14734857,0.07234039,-0.85027117,-0.38778597,-0.061961524,-0.05985652,0.20602557,0.2,0.5,0.45,0.46666667,0.48333332,0.8,0.5,0.55,0.53333336,0.51666665,-0.6,0.0,-0.1,-0.06666667,-0.033333335,0.045465868,0.35772228,0.40167582,0.37614423,0.46874684,0.9545341,0.6422777,0.5983242,0.62385577,0.53125316,-0.9090683,-0.28455544,-0.19664834,-0.24771152,-0.06250631,0.43649918,0.4789351,0.48074132,0.46637368,0.49182573,0.3298615,0.25287887,0.2615195,0.21421222,0.18156214,1.0209883,1.0243671,1.3565795,1.3581338,1.0097991,0.8605664,0.60174,0.5772509,0.5635356,0.5143908,0.13943361,0.39826,0.4227491,0.4364644,0.48560914,0.7211328,0.20348,0.1545018,0.1270712,0.028781682
150,SH600989,-0.002037943910444326,0.3888888888888889,,,,SH600989,宝丰能源,2026-09-16,-0.021553464,0.03578694,-0.6022718,0.0040667164,0.11363688,0.01016676,0.28409132,-0.0154534215,-0.43181735,1.0220282,1.0261846,0.9896093,1.0027231,1.0353655,1.0063994,0.96665543,0.9454362,0.91545975,1.0071404,1.0085214,0.9938363,0.9813742,0.93831253,0.013719545,0.017706893,0.027162727,0.02975252,0.06131277,-0.0033007727,-0.00028374157,0.0030460118,0.002498566,0.003108279,0.14470777,0.0023538168,0.44013354,0.5465574,0.78385913,-0.00053890405,-0.007244556,-0.022773422,-0.017603407,-0.030006794,1.0631838,1.0631838,1.0631838,1.0631838,1.0631838,0.98616666,0.9688983,0.9130415,0.9130415,0.80082774,1.0185248,1.0185248,1.0138767,1.0128663,0.99629503,0.99629503,0.99629503,0.96961945,0.95459753,0.86460084,0.6,0.4,0.5,0.6666667,0.8333333,0.17961387,0.32986715,0.579174,0.579174,0.7591677,0.2,0.6,0.8,0.8666667,0.93333334,0.8,0.3,0.25,0.5,0.2,-0.6,0.3,0.55,0.36666667,0.73333335,0.17923181,0.2439983,0.17028718,0.2724198,-0.047397733,-0.11862925,-0.093116626,0.030705782,0.023662526,0.3805125,0.2,0.5,0.55,0.6,0.55,0.6,0.4,0.4,0.36666667,0.41666666,-0.4,0.1,0.15,0.23333333,0.13333334,0.26666683,0.48288298,0.5490585,0.5606288,0.5392801,0.7333332,0.517117,0.4509415,0.43937126,0.46071985,-0.46666634,-0.03423405,0.09811698,0.12125749,0.078560285,1.2405777,1.2521062,1.3133938,1.2762239,1.4623166,0.29363164,0.2375258,0.239036,0.22604142,0.49540478,0.9157991,0.8354596,0.82670844,0.86513054,1.4130846,0.28955618,0.3750478,0.44434935,0.47323558,0.47607237,0.71044385,0.6249522,0.55565065,0.5267644,0.5239276,-0.42088768,-0.2499044,-0.111301295,-0.053528845,-0.04785525
151,SZ300124,-0.002198570431088271,0.3333333333333333,,,,,,2026-09-16,0.002729019,0.032163773,0.0848476,0.0031189276,0.0969702,0.026315827,0.81818223,0.02592592,0.8060596,0.9972784,1.0031104,0.9710342,0.9891748,1.087091,1.1664046,1.1615477,1.2517449,1.289074,1.0288873,1.0809877,1.1302387,1.1588962,1.1956733,0.026344953,0.061802644,0.06880999,0.07140419,0.07664167,-0.015571488,-0.020177996,-0.009304222,-0.006889359,-0.0031659543,0.8733843,0.97713226,0.63991916,0.7214595,0.52045023,0.0022556952,0.009813317,-0.041848496,-0.059000477,-0.10227772,1.0798985,1.1856546,1.2286108,1.2733271,1.4508142,0.9710342,0.9710342,0.9710342,0.9710342,0.9710342,1.0462652,1.1466192,1.1952965,1.2078547,1.2471235,1.0017104,1.0327759,1.0555979,1.1062211,1.1493009,0.2,0.1,0.05,0.033333335,0.016666668,0.26607257,0.13496287,0.11245512,0.095820315,0.060373083,0.2,0.1,0.25,0.1,0.11666667,1.0,1.0,1.0,1.0,1.0,-0.8,-0.9,-0.75,-0.9,-0.8833333,-0.7592635,-0.6879856,-0.49153593,-0.29280412,0.4187218,-0.7992008,-0.7741958,-0.057972427,-0.1324164,0.09995248,0.2,0.2,0.25,0.3,0.45,0.8,0.8,0.75,0.7,0.55,-0.6,-0.6,-0.5,-0.4,-0.1,0.029384807,0.031737253,0.24864405,0.24913149,0.3915376,0.9706152,0.96826273,0.75135595,0.7508685,0.6084624,-0.9412304,-0.93652546,-0.5027119,-0.501737,-0.21692479,0.7027241,0.5961697,0.52303505,0.5274865,0.70777184,0.30995968,0.2695384,0.24611914,0.21314315,0.3496836,1.1606333,1.0849292,1.4237311,1.2936556,1.3199586,0.6067585,0.6736147,0.5485223,0.5331181,0.51323843,0.39324152,0.32638532,0.45147768,0.46688184,0.48676154,0.21351695,0.34722933,0.09704464,0.06623629,0.026476908
152,SZ300628,-0.0030628494210526696,0.5,,,,,,2026-09-16,0.016381403,0.027383884,0.5982133,0.0100245075,0.36607325,0.0009779731,0.035713453,0.007334869,0.2678535,0.9838826,1.0098629,0.9829204,0.99600625,0.96078706,0.99278086,0.9578994,0.94852585,0.7991337,0.9820551,0.9828733,0.98695046,0.9758565,0.92367584,0.012626903,0.01897242,0.019793134,0.023198502,0.066943556,0.00772112,-0.0010879871,-0.0010503411,0.0012214244,0.0034493261,0.9347746,0.030144876,0.09855975,0.21483992,0.80974966,0.0025026407,0.02202265,0.023027807,0.006432839,-0.025430959,1.0098629,1.0247818,1.0358484,1.0358484,1.0358484,0.9538142,0.93889475,0.93889475,0.9263924,0.78470445,0.991337,1.0012032,1.0042834,1.0007219,0.9804715,0.97065336,0.9686801,0.9685838,0.95640737,0.83209,1.0,0.8,0.7,0.8,0.9,0.82402915,0.71146053,0.6302526,0.67248625,0.85725975,1.0,0.2,0.15,0.43333334,0.71666664,0.2,0.4,0.7,0.06666667,0.016666668,0.8,-0.2,-0.55,0.36666667,0.7,-0.5191248,-0.3432508,0.31309196,0.017431544,0.024456086,-0.5797754,-0.5642633,0.28887606,0.23136774,0.61285686,0.8,0.7,0.6,0.56666666,0.56666666,0.0,0.2,0.35,0.4,0.41666666,0.8,0.5,0.25,0.16666667,0.15,1.0,0.5302475,0.5659368,0.56169987,0.6009189,0.0,0.4697525,0.4340632,0.4383001,0.3990811,1.0,0.060495,0.13187361,0.123399764,0.2018378,1.0343429,1.2466401,1.6556629,1.7327859,1.936943,0.15418094,0.36657548,0.7583842,0.67721105,0.69419146,0.57687515,1.0934378,1.6263549,1.5835172,1.5795196,0.42996743,0.4441263,0.40640813,0.4413356,0.49459928,0.57003254,0.5558737,0.59359187,0.55866444,0.5054007,-0.14006513,-0.11174738,-0.18718375,-0.117328845,-0.010801422
153,SZ002352,-0.0033798110448795935,0.3888888888888889,,,,,,2026-09-16,-0.00742409,0.017430594,-0.42592296,0.00032282612,0.01852066,0.009683678,0.55555636,0.0019367615,0.11111277,1.0074797,1.0078049,0.9902439,0.99564505,1.0283107,1.0393962,1.0660015,1.1059947,1.007504,1.0103521,1.0238168,1.0448452,1.0557431,1.0670319,0.007782221,0.015980955,0.028453236,0.02908124,0.036521785,-0.0044256733,-0.0051055434,-0.0041408204,-0.0028382628,-0.0003970219,0.8085215,0.9355995,0.74127185,0.738212,0.036043327,-0.0015008006,-0.00084185286,-0.0055074035,-0.014588309,-0.055319738,1.0279931,1.0569443,1.0956448,1.1102735,1.1535069,0.9902439,0.9902439,0.9902439,0.9902439,0.9798216,1.0139166,1.036838,1.0707257,1.0836872,1.0981495,1.0060033,1.0100963,1.0195957,1.0316534,1.0352179,0.2,0.1,0.05,0.033333335,0.016666668,0.25844568,0.14626767,0.09256187,0.08128087,0.11617776,0.2,0.2,0.35,0.033333335,0.46666667,1.0,1.0,1.0,1.0,0.05,-0.8,-0.8,-0.65,-0.96666664,0.41666666,-0.63760626,-0.034153342,0.15407772,0.1943529,0.22790015,-0.8160352,-0.69989073,-0.4461984,-0.38261887,-0.0075953472,0.2,0.4,0.45,0.4,0.46666667,0.8,0.6,0.55,0.6,0.53333336,-0.6,-0.2,-0.1,-0.2,-0.06666667,0.093138,0.21340044,0.3419117,0.32217452,0.4942664,0.906862,0.7865996,0.6580883,0.6778255,0.5057336,-0.813724,-0.57319915,-0.3161766,-0.355651,-0.0114672175,0.65604454,0.68031543,0.84684515,0.8497393,0.9595721,0.23528336,0.2043809,0.49337962,0.40849736,0.3684413,0.75170356,0.8826102,2.4297838,2.355716,1.7038256,0.654243,0.57820374,0.50223184,0.48933947,0.5029769,0.345757,0.42179623,0.49776816,0.5106605,0.49702314,0.30848598,0.1564075,0.004463694,-0.021321082,0.005953751
154,SZ002049,-0.0036257193679997074,0.2777777777777778,,,,,,2026-09-16,0.020611621,0.030748446,0.6703305,0.002365254,0.07692272,0.0077715693,0.25274673,0.026017938,0.8461546,0.97980464,1.0023174,0.97219,0.99091214,1.0132514,1.0362644,1.0307801,1.1123881,1.3795167,0.9884122,1.0065758,1.020877,1.0487802,1.1392715,0.011386928,0.02166858,0.02337948,0.04713165,0.14883083,-0.00013382621,-0.0062729176,-0.002641927,-0.004660334,-0.007139437,0.00034531005,0.7682273,0.4469305,0.7577231,0.7018462,0.011855479,0.021652265,0.004221362,0.018794604,0.071341835,1.0132488,1.0463632,1.0582763,1.1335787,1.5194553,0.96837515,0.96837515,0.96837515,0.96837515,0.96837515,1.0002991,1.0271116,1.0393293,1.1031988,1.3531554,0.9794641,0.982062,1.0011966,1.012522,1.027521,0.8,0.4,0.2,0.13333334,0.06666667,0.70475346,0.40550867,0.3517739,0.1914297,0.057387035,0.2,0.2,0.4,0.26666668,0.083333336,0.4,0.7,0.85,0.9,0.95,-0.2,-0.5,-0.45,-0.6333333,-0.8666667,-0.037916284,0.13666287,0.43904567,0.76558787,0.79259557,-0.15812619,-0.20165834,-0.027364492,0.021562718,0.32942784,0.4,0.3,0.4,0.4,0.41666666,0.6,0.7,0.6,0.6,0.5833333,-0.2,-0.4,-0.2,-0.2,-0.16666667,0.39421913,0.30063537,0.42818674,0.36525524,0.37685826,0.60578084,0.69936466,0.5718133,0.63474476,0.6231417,-0.21156174,-0.39872926,-0.14362653,-0.26948953,-0.24628344,0.87744856,0.8914227,1.0497032,1.4777815,2.806973,0.33142427,0.23389082,0.29795587,0.7281373,1.8558553,0.98890543,1.1016719,1.016221,1.4100802,1.2652714,0.5440888,0.5354538,0.3744884,0.4157128,0.46933603,0.45591122,0.46454623,0.6255116,0.58428717,0.53066397,0.08817757,0.07090753,-0.25102314,-0.16857438,-0.061327964
155,SH603392,-0.003982407422108293,0.2777777777777778,,,,SH603392,万泰生物,2026-09-16,-0.011023646,0.028740134,-0.3835628,0.0011810991,0.041095812,0.016535388,0.57534134,0.004330642,0.15068275,1.0111465,1.0123408,0.9832803,0.99581945,1.1169422,1.1209366,1.1150137,1.1929752,1.0907713,1.0368044,1.0718044,1.1263016,1.1472406,1.1469376,0.032864373,0.04388648,0.07263081,0.069272906,0.057687186,-0.02024794,-0.013307458,-0.010485616,-0.006149747,-0.00020303331,0.9489667,0.8428303,0.7294814,0.61078644,0.00377812,0.003691469,-0.011920855,-0.026688311,-0.058069263,-0.14094809,1.1256951,1.13177,1.295795,1.295795,1.295795,0.9832803,0.9832803,0.9832803,0.9832803,0.9832803,1.0537741,1.1046005,1.2107162,1.2157851,1.2118733,1.0098071,1.0355096,1.0766667,1.0968044,1.1047107,0.2,0.1,0.05,0.033333335,0.016666668,0.11740143,0.11259836,0.05350053,0.05350053,0.05350053,0.2,0.2,0.1,0.4,0.7,1.0,1.0,1.0,1.0,1.0,-0.8,-0.8,-0.9,-0.6,-0.3,0.109183185,0.51244366,0.6911502,0.48665172,0.28412023,-0.37119058,0.019905742,0.16830897,0.23107702,0.32519704,0.0,0.3,0.4,0.36666667,0.46666667,1.0,0.7,0.6,0.6333333,0.53333336,-1.0,-0.4,-0.2,-0.26666668,-0.06666667,0.0,0.16230775,0.41505596,0.3944553,0.47062495,1.0,0.83769226,0.584944,0.6055447,0.5293751,-1.0,-0.67538446,-0.16988806,-0.21108936,-0.05875011,0.9044171,1.0261201,1.5276157,1.3964278,1.2034798,0.19096452,0.24245062,0.7658734,0.6690499,0.5486588,0.64761806,0.71352893,1.1379075,1.1763358,1.2050923,0.31545088,0.4280245,0.5089704,0.5016594,0.50027555,0.6845491,0.5719755,0.49102965,0.4983406,0.49972445,-0.36909825,-0.14395101,0.017940713,0.0033187831,0.0005511259
156,SZ000977,-0.004181985995572344,0.16666666666666666,,,,,,2026-09-16,0.034758557,0.048720174,0.7134325,0.012361803,0.25373068,0.0015998166,0.03283684,0.02399657,0.49253863,0.966409,1.0119466,0.96486294,0.991568,1.0032192,1.204347,1.0241758,1.0850254,0.91074544,0.9829865,1.0290992,1.0660077,1.0734677,1.0790218,0.015257435,0.07520133,0.08087673,0.06946378,0.09734939,-0.0004776209,-0.02005214,-0.005559596,-0.002575122,6.739533e-05,0.0024498731,0.65175116,0.16538924,0.106507584,0.00014618173,0.017968735,0.061135393,-0.013191579,-0.036128443,-0.08100992,1.0130699,1.2534009,1.2534009,1.2534009,1.3544672,0.95009303,0.95009303,0.95009303,0.95009303,0.89204586,0.9931323,1.0588297,1.1194942,1.1202264,1.1946473,0.96707135,0.98535144,0.9982831,1.01379,0.9911082,1.0,0.5,0.25,0.16666667,0.25,0.7924656,0.16454235,0.16454235,0.16454235,0.23345415,0.2,0.1,0.55,0.7,0.35,0.6,0.8,0.9,0.93333334,0.05,-0.4,-0.7,-0.35,-0.23333333,0.3,0.795414,0.67245483,0.4985662,0.49742198,0.5327745,0.86619925,0.07600677,0.4006003,0.41659355,0.4317033,0.4,0.3,0.5,0.46666667,0.5,0.6,0.7,0.5,0.53333336,0.5,-0.2,-0.4,0.0,-0.06666667,0.0,0.47809887,0.1515001,0.47963998,0.45136365,0.51932645,0.52190113,0.8484999,0.52036005,0.5486364,0.48067355,-0.043802284,-0.6969998,-0.040720075,-0.09727271,0.038652886,0.82618904,1.2798628,1.1250094,1.1630112,1.4749433,0.18185212,0.6172439,0.52853477,0.48642424,0.6965403,1.0762378,1.5831625,1.5613796,1.490146,1.1232597,0.4965812,0.47820783,0.4716796,0.47217885,0.5045165,0.5034188,0.5217922,0.5283204,0.5278212,0.49548355,-0.0068375906,-0.04358434,-0.056640804,-0.05564231,0.009032926
157,SH600346,-0.0046633553294697545,0.3333333333333333,,,,SH600346,恒力石化,2026-09-16,-0.010179654,0.03413175,-0.2982459,0.0029939886,0.08771858,0.020958107,0.61403555,0.0077844635,0.22807103,1.0102843,1.0133091,0.97882634,0.9934034,1.1555153,1.1125324,1.1409632,1.04174,1.1155878,1.0374002,1.0891869,1.1148394,1.1020144,1.0563991,0.04619179,0.06451529,0.054946702,0.051397428,0.074859366,-0.026499216,-0.019161679,-0.00597894,2.1140708e-05,0.001860713,0.8227663,0.8086363,0.41441283,1.31116685e-05,0.18843709,0.015598135,-0.0029593662,-0.05803949,-0.10232101,-0.111290105,1.1663718,1.1754509,1.2057236,1.2057236,1.2057236,0.97882634,0.97882634,0.97882634,0.97882634,0.89293325,1.0587053,1.1516209,1.1562402,1.1448472,1.1352667,1.0067945,1.0171932,1.0912377,1.0534956,0.9915277,0.2,0.1,0.05,0.033333335,0.23333333,0.11289874,0.10768564,0.09331818,0.09331818,0.3422955,0.2,0.2,0.45,0.6333333,0.81666666,1.0,1.0,1.0,1.0,0.28333333,-0.8,-0.8,-0.55,-0.36666667,0.53333336,-0.3964663,-0.0651574,0.33746946,0.35492596,-0.1239112,-0.77823716,-0.33120966,0.030921338,0.21188228,0.17723864,0.0,0.3,0.3,0.4,0.46666667,1.0,0.7,0.7,0.6,0.53333336,-1.0,-0.4,-0.4,-0.2,-0.06666667,0.0,0.31912768,0.36151809,0.47234425,0.4620795,1.0,0.6808723,0.6384819,0.5276558,0.5379205,-1.0,-0.36174464,-0.2769638,-0.055311505,-0.075841,1.0490407,1.0636469,1.2072626,1.2389754,1.4988309,0.28077114,0.27207017,0.31680897,0.39893982,0.54311395,1.0255132,0.8470779,0.8983317,0.95278746,1.1479082,0.5767777,0.46103954,0.37027517,0.48544607,0.4728486,0.42322233,0.53896046,0.62972486,0.5145539,0.5271514,0.15355535,-0.07792092,-0.2594497,-0.02910786,-0.0543028
158,SH688303,-0.004745844508228189,0.2777777777777778,,,,SH688303,大全能源,2026-09-16,-0.0036741432,0.0195958,-0.18749647,0.003061853,0.15625048,0.012859804,0.65625304,0.006123807,0.3125061,1.0036877,1.0067608,0.9870928,0.99953604,1.0471436,1.02995,1.094842,1.1763726,1.1059345,1.0063227,1.0227399,1.0465336,1.0783138,1.0658346,0.0067085004,0.020188028,0.03364217,0.054701746,0.060740344,-0.0022739794,-0.0043294826,-0.0051251245,-0.0059655844,0.00021522609,0.2872514,0.42159522,0.81228584,0.9217334,0.003829439,-0.0017748156,-0.003257182,0.0021551577,0.008187087,-0.072183855,1.0415167,1.0677935,1.1340283,1.2211457,1.2211457,0.9870928,0.9870928,0.9870928,0.9870928,0.9458559,1.0129783,1.0475873,1.0816417,1.1396561,1.1227953,1.0,1.0039933,1.0136439,1.0264004,1.0147531,0.3,0.15,0.075,0.05,0.14166667,0.23716114,0.15993936,0.08784276,0.055146594,0.19668022,0.2,0.4,0.1,0.06666667,0.53333336,1.0,1.0,1.0,1.0,0.21666667,-0.8,-0.6,-0.9,-0.93333334,0.31666666,-0.12359889,0.25007543,0.11020306,0.6285132,0.40782216,-0.76715404,-0.24618226,-0.4898796,-0.3102374,0.102492996,0.2,0.3,0.35,0.36666667,0.43333334,0.8,0.7,0.65,0.6333333,0.55,-0.6,-0.4,-0.3,-0.26666668,-0.11666667,0.17557257,0.37383196,0.30872485,0.29873422,0.45297885,0.8244274,0.6261681,0.6912751,0.70126575,0.54702115,-0.64885485,-0.25233608,-0.38255027,-0.40253153,-0.09404228,1.1488307,1.2352679,1.4768461,1.878802,2.2715588,0.31997788,0.33197623,0.7364442,0.94802576,0.969958,0.8066916,0.8765051,1.6497657,1.2203352,1.3540536,0.5382961,0.45162782,0.4445703,0.46246138,0.4528798,0.4617039,0.54837215,0.5554297,0.53753865,0.5471202,0.07659222,-0.09674434,-0.11085941,-0.07507724,-0.09424043
159,SH600893,-0.005826733058047996,0.3333333333333333,,,,SH600893,航发动力,2026-09-16,0.0035388921,0.019464107,0.18181631,0.0065722857,0.3376618,0.00935293,0.4805219,0.0063195364,0.3246764,0.9964736,1.0065491,0.98715365,0.995281,1.0420761,0.9780995,0.89597243,0.8992725,0.9853747,1.0215555,1.0165755,0.9782832,0.9586565,0.92747194,0.02600937,0.026174365,0.047374465,0.0484039,0.056956634,-0.015232884,0.0013818503,0.007044255,0.0047565205,0.0017919281,0.8575208,0.025549425,0.7738371,0.7483758,0.3018925,0.008910221,-0.02279376,-0.04520365,-0.027626034,0.019666165,1.0690142,1.0690142,1.0690142,1.0690142,1.0690142,0.98715365,0.9730742,0.8899356,0.88034153,0.8024902,1.0485862,1.0432762,1.0174755,1.00171,0.9754594,0.99939996,0.9948849,0.92390317,0.9137779,0.8852921,0.4,0.4,0.7,0.8,0.9,0.15692985,0.28065246,0.6146152,0.6342121,0.7410583,0.2,0.6,0.8,0.8666667,0.93333334,1.0,0.1,0.1,0.033333335,0.23333333,-0.8,0.5,0.7,0.8333333,0.7,0.6178228,0.5530633,0.79026586,0.58584404,0.12520787,-0.77542174,0.6015128,0.49179968,0.332623,0.35707366,0.4,0.6,0.7,0.6666667,0.55,0.6,0.4,0.3,0.33333334,0.45,-0.2,0.2,0.4,0.33333334,0.1,0.17721449,0.55998343,0.6802702,0.6134482,0.5068091,0.8227855,0.44001654,0.31972978,0.3865518,0.49319088,-0.645571,0.119966894,0.36054045,0.2268964,0.01361822,1.3329867,1.530261,1.314721,1.2959969,1.3721977,0.19289133,0.3938966,0.38994357,0.3363757,0.35138282,1.0860091,1.2597127,1.3385727,1.1547153,1.0945365,0.0,0.4224442,0.46703923,0.47832364,0.49401104,1.0,0.57755584,0.5329608,0.52167636,0.50598896,-1.0,-0.15511164,-0.06592156,-0.04335273,-0.011977934
160,SH601872,-0.006027178604300755,0.3333333333333333,,,,SH601872,招商轮船,2026-09-16,-0.04519235,0.07932694,-0.5696973,0.014423088,0.18181828,0.019711507,0.24848439,-0.039903928,-0.5030312,1.0473313,1.062437,0.9793555,1.0099803,1.0569153,0.89669895,0.93653965,0.9112123,1.085942,1.0163916,0.9979226,0.9696927,0.94214576,0.8809619,0.016508615,0.037333876,0.04265009,0.055697888,0.09075527,-0.0046955096,0.00701782,0.00450657,0.0050874837,0.003361618,0.202248,0.32389912,0.39076927,0.64659196,0.41845894,-0.007000594,-0.02950281,-0.012505106,-0.01591425,0.019870369,1.0924104,1.0924104,1.0924104,1.0924104,1.0983305,0.9793555,0.91442376,0.895692,0.8273059,0.6953067,1.032954,1.032954,1.0068299,0.99658513,0.95731366,1.0054638,0.9655094,0.93579966,0.90056914,0.7988617,0.2,0.5,0.75,0.8333333,0.9,0.18260583,0.4808014,0.5302401,0.6514189,0.75601816,0.4,0.7,0.85,0.9,0.016666668,1.0,0.1,0.5,0.13333334,0.28333333,-0.6,0.6,0.35,0.76666665,-0.26666668,0.51725864,0.795943,0.78891677,0.655818,0.34273914,0.12602878,0.6799893,0.6056655,0.21527746,0.23045959,0.2,0.4,0.35,0.46666667,0.5,0.6,0.5,0.6,0.5,0.48333332,-0.4,-0.1,-0.25,-0.033333335,0.016666668,0.23544978,0.65687114,0.5564556,0.55627704,0.4737847,0.7645502,0.34312886,0.44354436,0.44372296,0.5262153,-0.5291005,0.31374225,0.11291126,0.11255408,-0.052430615,1.2357619,1.057734,0.9122839,0.82528955,0.86412436,0.20131181,0.29493907,0.3060766,0.31194717,0.302235,0.561013,1.0652623,1.1489991,1.220432,1.0930386,0.38462305,0.5621894,0.49315128,0.4958017,0.51042247,0.61537695,0.4378106,0.5068487,0.5041983,0.48957756,-0.2307539,0.1243788,-0.013697424,-0.008396636,0.020844884
161,SZ002384,-0.006325600375109661,0.16666666666666666,,,,,,2026-09-16,0.049122952,0.06972295,0.70454496,0.01781322,0.25548577,0.002786776,0.03996928,0.034096505,0.48902848,0.95317715,1.0169791,0.9505208,0.98580885,1.0211419,0.95536035,1.0265613,0.98348767,1.3392175,0.9875924,0.97861844,0.99552953,1.0107049,1.0904238,0.027592102,0.033140115,0.034830164,0.04649457,0.1490443,-0.007853677,0.004390432,-0.0026731251,-0.002342537,-0.006290562,0.20254265,0.16088587,0.2061558,0.19672981,0.5433103,0.028114943,0.0016246045,0.029865168,0.02326191,0.09514778,1.0390625,1.0390625,1.0883316,1.1450505,1.4587462,0.9505208,0.9205712,0.9205712,0.9205712,0.8427068,1.0097687,1.0097687,1.0228192,1.0430819,1.2344136,0.96172625,0.94837487,0.9623609,0.97043854,0.9761863,0.6,0.7,0.5,0.4,0.31666666,0.5588239,0.67033476,0.47346565,0.3538357,0.25532976,0.4,0.7,0.15,0.26666668,0.25,1.0,0.2,0.6,0.73333335,0.43333334,-0.6,0.5,-0.45,-0.46666667,-0.18333334,0.7726744,0.8745488,0.37757027,0.19738501,0.3210267,0.7439328,0.8664629,0.37417194,0.20978141,0.27397245,0.4,0.4,0.45,0.5,0.48333332,0.6,0.6,0.55,0.5,0.51666665,-0.2,-0.2,-0.1,0.0,-0.033333335,0.41465157,0.57908434,0.47452602,0.50930023,0.44433373,0.5853484,0.42091563,0.525474,0.49069977,0.55566627,-0.17069685,0.15816873,-0.05094799,0.018600442,-0.111332536,0.96133155,0.97716945,0.9487465,1.0664488,1.3491324,0.15887116,0.21309987,0.1866745,0.27249533,0.44270754,0.90721136,0.9157679,0.84082556,0.81537837,0.7881133,0.3726339,0.55383736,0.48042247,0.42121375,0.5015926,0.62736607,0.44616264,0.51957756,0.57878625,0.49840745,-0.2547322,0.1076747,-0.039155066,-0.1575725,0.0031850967
162,SZ002736,-0.006396771711610499,0.4444444444444444,,,,,,2026-09-16,0.0020304269,0.01928928,0.10526193,0.005076142,0.2631587,0.012182712,0.63157934,0.009136996,0.47368258,0.9979737,1.0050658,0.98581564,0.9949749,1.0238628,1.0320656,0.9955258,1.043997,1.033557,1.0105891,1.0205071,1.0213647,1.0205817,1.02871,0.015953723,0.015599687,0.018152473,0.01582816,0.017420735,-0.008575702,-0.0045059156,5.9993672e-05,1.6589502e-05,-0.0003963734,0.72236264,0.76479626,0.00038230265,8.513489e-05,0.15789771,0.0065622632,-0.00023050718,-0.021934627,-0.02082224,-0.017016942,1.0400587,1.0506678,1.0540746,1.0540746,1.0733106,0.98581564,0.98581564,0.98581564,0.98581564,0.98581564,1.0165548,1.0362417,1.0381805,1.0362417,1.0447428,1.0011932,1.0020881,1.0011932,1.0014914,1.0126772,0.2,0.1,0.2,0.16666667,0.083333336,0.26149586,0.2187183,0.2078019,0.2078019,0.16211608,0.2,0.2,0.45,0.6333333,0.016666668,1.0,1.0,1.0,1.0,1.0,-0.8,-0.8,-0.55,-0.36666667,-0.98333335,0.24435008,0.0921651,0.5813166,0.5064062,0.55010533,0.24843673,0.16693142,0.5229919,0.36305448,0.3881416,0.2,0.3,0.5,0.43333334,0.45,0.8,0.7,0.5,0.56666666,0.53333336,-0.6,-0.4,0.0,-0.13333334,-0.083333336,0.271428,0.2871288,0.5144229,0.40453067,0.47502774,0.728572,0.7128712,0.48557708,0.5954693,0.52497226,-0.45714405,-0.42574242,0.02884584,-0.19093865,-0.049944542,0.86823386,0.81047374,0.8965186,0.861472,1.1387835,0.2341422,0.2173476,0.39503333,0.34051722,0.53018975,1.1524955,1.2756089,1.6662099,1.5503274,1.5004171,0.63721216,0.5096529,0.51493466,0.5013015,0.47937632,0.36278784,0.4903471,0.48506534,0.49869844,0.5206237,0.27442428,0.019305812,0.02986931,0.0026031102,-0.041247368
163,SH600519,-0.006809115180839927,0.3333333333333333,,,,SH600519,贵州茅台,2026-09-16,-0.012504611,0.016390158,-0.7629341,0.0008242309,0.05028816,0.0030613164,0.18677773,-0.010267525,-0.6264446,1.012663,1.0134976,0.9968999,1.0022826,1.0261366,1.0313993,1.0396508,1.0385135,0.93780565,1.0125599,1.0265559,1.0284637,1.0367918,1.0173533,0.007932046,0.017614767,0.0133007495,0.019261358,0.042431183,-0.004504874,-0.0051408764,-0.000814044,-0.0014170056,0.0014552142,0.8063708,0.780786,0.13110268,0.41944107,0.358743,-0.0035501523,-0.0034219269,-0.020730335,-0.016245233,-0.06028206,1.0294042,1.0642772,1.0642772,1.0810573,1.0837444,0.9968999,0.9968999,0.9968999,0.9968999,0.9149528,1.0170069,1.0418458,1.0366712,1.0483375,1.0494441,1.00938,1.013258,1.0154219,1.0252225,0.9619827,0.2,0.1,0.05,0.033333335,0.28333333,0.09537458,0.04601077,0.04601077,0.03683669,0.5038591,0.2,0.2,0.6,0.1,0.46666667,1.0,1.0,1.0,1.0,0.05,-0.8,-0.8,-0.4,-0.9,0.41666666,-0.3083576,0.33571187,0.2222751,0.33186525,-0.06015254,-0.8854589,0.24286166,0.21503249,0.053941038,0.2764268,0.2,0.3,0.35,0.43333334,0.5,0.8,0.7,0.65,0.56666666,0.5,-0.6,-0.4,-0.3,-0.13333334,0.0,0.07276694,0.32061917,0.37445942,0.4279478,0.5473359,0.92723304,0.67938083,0.6255406,0.5720522,0.45266408,-0.85446614,-0.35876167,-0.25108117,-0.14410442,0.09467187,0.8406253,0.94698226,0.9827281,1.1534181,1.5210471,0.32384914,0.38313338,0.3612946,0.5340657,0.70260125,0.84367156,1.2086719,1.3562033,1.7160419,1.6891593,0.45225656,0.5218632,0.47637236,0.48100394,0.48799154,0.54774344,0.4781368,0.52362764,0.51899606,0.5120085,-0.095486864,0.04372639,-0.04725528,-0.037992105,-0.024016926
164,SZ002027,-0.006952740370692841,0.2777777777777778,,,,,,2026-09-16,-0.0021321995,0.012793196,-0.16666667,0.0021321995,0.16666667,0.008528798,0.6666667,0.004264399,0.33333334,1.0021367,1.0042735,0.991453,0.99764025,1.0427886,1.0255748,1.0531169,1.1165621,0.97577775,1.0115825,1.0259068,1.0351777,1.0521538,1.0542215,0.011157988,0.018806383,0.017398357,0.032694016,0.05119334,-0.0068363394,-0.004470376,-0.0019883723,-0.0030969838,0.0003659737,0.93845934,0.5179513,0.4571376,0.6954134,0.015587364,0.0020902136,-0.0057901246,-0.016288152,-0.0072475313,-0.06501773,1.0427455,1.0598965,1.0616252,1.141989,1.1927208,0.991453,0.991453,0.991453,0.991453,0.9432439,1.0175581,1.0427886,1.0510267,1.0767982,1.0894626,1.0017706,1.010771,1.0184435,1.0273454,1.0040084,0.2,0.1,0.05,0.033333335,0.15,0.16663294,0.12487703,0.12180063,0.05677724,0.2275003,0.2,0.4,0.45,0.13333334,0.43333334,1.0,1.0,1.0,1.0,0.05,-0.8,-0.6,-0.55,-0.8666667,0.38333333,0.5622152,0.7353434,0.4506908,0.43886742,0.23110431,-0.8486474,0.28167903,0.07400885,-0.09587739,0.19424613,0.0,0.2,0.25,0.3,0.41666666,1.0,0.7,0.65,0.6,0.51666665,-1.0,-0.5,-0.4,-0.3,-0.1,0.0,0.36387402,0.349582,0.32059032,0.51466423,1.0,0.636126,0.650418,0.6794097,0.48533574,-1.0,-0.27225196,-0.30083603,-0.35881937,0.029328516,1.1766559,1.4864856,1.5235298,1.7396102,2.0389555,0.2305206,0.46866965,0.38664383,0.493574,0.64066595,0.78467804,1.0041455,1.0193216,1.1000042,1.271187,0.43255147,0.37407646,0.3679764,0.43879786,0.47386378,0.56744856,0.6259236,0.6320236,0.5612021,0.5261362,-0.13489708,-0.2518471,-0.26404718,-0.12240426,-0.052272443
165,SH600061,-0.00762072859662212,0.2777777777777778,,,,SH600061,国投资本,2026-09-16,0.0032206185,0.022544244,0.14285769,0.0048309276,0.21428654,0.014492698,0.64285576,0.012882388,0.5714269,0.9967897,1.0048155,0.98234355,0.99346244,1.0401396,1.03538,0.99524033,1.0480723,1.025702,1.0147866,1.0276217,1.0284865,1.0265852,1.0351315,0.022198424,0.020264968,0.020043984,0.017924106,0.018594282,-0.011883227,-0.0054067564,-7.7180404e-05,0.00011538233,-0.00044825335,0.7164147,0.65251917,0.0005189363,0.0032114813,0.17725079,0.008979831,-0.0032913738,-0.027753234,-0.028258277,-0.021907957,1.0529907,1.0593075,1.0593075,1.0593075,1.0742812,0.98234355,0.98234355,0.98234355,0.98234355,0.98234355,1.0196097,1.0417261,1.0468031,1.0410916,1.0498176,0.9996827,1.0090116,1.0044423,1.0060289,1.0188799,0.4,0.2,0.1,0.1,0.05,0.24992473,0.22941224,0.22941224,0.22941224,0.192048,0.2,0.2,0.6,0.73333335,0.016666668,1.0,1.0,1.0,1.0,1.0,-0.8,-0.8,-0.4,-0.26666668,-0.98333335,0.206863,-0.0050005307,0.44121993,0.3892465,0.47695455,-0.16794762,-0.09561521,0.22336708,0.19982067,0.40769202,0.4,0.6,0.65,0.56666666,0.53333336,0.4,0.3,0.25,0.36666667,0.43333334,0.0,0.3,0.4,0.2,0.1,0.20919526,0.31570247,0.5131579,0.4107248,0.48158255,0.79080474,0.68429756,0.4868421,0.58927524,0.5184175,-0.5816095,-0.3685951,0.026315814,-0.17855042,-0.036834918,1.082721,1.000397,0.9613544,0.90584624,1.109268,0.4241934,0.36421138,0.34277982,0.30755335,0.4529932,1.5632303,1.7286772,1.5823287,1.4789567,1.3567787,0.5749925,0.50566196,0.51768464,0.50531393,0.48359346,0.42500755,0.49433804,0.48231533,0.49468607,0.51640654,0.14998491,0.011323932,0.035369314,0.0106278425,-0.032813065
166,SH600029,-0.007769407824708713,0.5,,,,SH600029,南方航空,2026-09-16,-0.004115247,0.014403365,-0.2857143,0.0020576236,0.14285715,0.008230494,0.5714286,0.0020576236,0.14285715,1.0041323,1.0061984,0.9917355,0.9961513,1.0388349,1.0291262,1.0315534,1.0825243,1.0849514,1.013835,1.0254854,1.0320995,1.0372977,1.0522249,0.0125711,0.015016763,0.013120955,0.015073538,0.026592195,-0.007767002,-0.004310094,-0.0015977445,-0.0013229365,-0.0010422932,0.9543337,0.7551483,0.51898146,0.59696555,0.4685665,0.0016990418,-0.0060900263,-0.016920948,-0.01811516,-0.021477273,1.0389636,1.0438223,1.0600896,1.0889858,1.1653095,0.9917355,0.9917355,0.9917355,0.9917355,0.9917355,1.0211165,1.0388349,1.0388349,1.0449029,1.0703884,1.0048543,1.0109223,1.0269417,1.0315534,1.0351942,0.2,0.1,0.05,0.033333335,0.016666668,0.1749912,0.15866782,0.12090733,0.08498181,0.047613718,0.2,0.4,0.25,0.033333335,0.016666668,1.0,1.0,1.0,1.0,1.0,-0.8,-0.6,-0.75,-0.96666664,-0.98333335,0.29838058,0.12712646,0.12758987,0.3614442,0.7438298,-0.63853055,-0.11804334,-0.040107425,-0.18956089,0.31005377,0.0,0.3,0.4,0.33333334,0.41666666,1.0,0.6,0.5,0.56666666,0.51666665,-1.0,-0.3,-0.1,-0.23333333,-0.1,0.0,0.2142865,0.36458316,0.2671232,0.43295017,1.0,0.7857135,0.63541687,0.7328768,0.5670498,-1.0,-0.571427,-0.2708337,-0.4657536,-0.13409966,1.0366235,0.97827774,0.94644725,1.0050994,1.4267602,0.5440931,0.40037146,0.2985247,0.32869646,0.7387726,1.0946255,1.3567259,1.0009191,1.1876637,2.2597437,0.50895596,0.5049736,0.49006718,0.46617168,0.4728004,0.49104404,0.49502644,0.5099328,0.5338283,0.5271996,0.017911917,0.009947151,-0.019865647,-0.06765663,-0.054399215
167,SZ002371,-0.007887819342489145,0.3333333333333333,,,,,,2026-09-16,0.038687013,0.060043883,0.6443123,0.01635852,0.27244276,0.0049983463,0.08324489,0.027326839,0.45511445,0.96275395,1.0157492,0.9579418,0.9913324,0.975125,1.0062013,1.0755187,1.1075752,1.1606439,0.96537626,0.9728042,1.0133358,1.0523804,1.1041851,0.020809717,0.018188532,0.0472221,0.06958176,0.10382303,0.007943975,-0.0014558001,-0.0071477797,-0.007361803,-0.0047300057,0.3643203,0.05872454,0.80189925,0.8675196,0.6330467,0.018735817,0.033746928,0.054568116,0.054365758,0.035350002,1.0157492,1.0157492,1.1150416,1.1855669,1.4589617,0.9260064,0.9260064,0.9260064,0.9260064,0.9260064,0.9707345,0.9908155,1.0592108,1.1211805,1.1782604,0.9540049,0.9614394,0.9632762,0.9768988,1.0070451,1.0,1.0,0.5,0.33333334,0.18333334,0.8245072,0.8245072,0.39142787,0.28507274,0.13883647,1.0,1.0,0.05,0.3,0.083333336,0.4,0.7,0.85,0.9,0.95,0.6,0.3,-0.8,-0.6,-0.8666667,0.76311576,0.54270685,0.42465135,0.51577723,0.52895576,0.5387009,0.46265095,0.16575578,-0.034589816,0.04131131,0.4,0.3,0.35,0.46666667,0.48333332,0.6,0.7,0.65,0.53333336,0.51666665,-0.2,-0.4,-0.3,-0.06666667,-0.033333335,0.64391035,0.48326927,0.382111,0.40852293,0.46171314,0.35608962,0.5167307,0.617889,0.59147704,0.53828686,0.28782073,-0.03346143,-0.23577797,-0.1829541,-0.076573744,0.63684666,0.6234154,0.67165023,0.72930443,1.1240133,0.24174522,0.19370665,0.16858919,0.18207854,0.44800386,1.0878272,0.8798097,1.0275304,1.2201474,1.0706478,0.78177255,0.6104985,0.48496202,0.4607532,0.4864088,0.21822746,0.38950154,0.515038,0.5392468,0.51359123,0.56354505,0.22099692,-0.030075986,-0.0784936,-0.027182408
168,SZ002625,-0.0079418784154239,0.2222222222222222,,,,,,2026-09-16,0.06320547,0.08088791,0.78139573,0.008276886,0.10232537,0.009405557,0.116278894,0.06433414,0.79534924,0.940552,1.0077848,0.93170553,0.9668664,0.98726344,1.0031447,0.997851,1.0934011,1.1180879,0.95999783,0.97609407,0.98764867,1.0162604,1.0333997,0.024591334,0.0241094,0.02104531,0.047494456,0.052733682,0.006090476,-0.0043998826,-0.0021613734,-0.0046993527,-0.001401546,0.15334806,0.3052958,0.36916202,0.7587382,0.21544595,0.027821189,0.043705393,0.032884378,0.051880207,0.007945933,1.0077848,1.0218983,1.0431305,1.1202804,1.160619,0.93062687,0.93062687,0.93062687,0.93062687,0.9288606,0.9722417,0.9948844,1.0033649,1.077069,1.0875937,0.94286907,0.9508674,0.9806069,0.98711663,0.98711663,1.0,0.9,0.7,0.5,0.36666667,0.89910513,0.7600752,0.6166301,0.36578873,0.30695498,1.0,0.2,0.25,0.2,0.13333334,0.4,0.7,0.85,0.9,0.28333333,0.6,-0.5,-0.6,-0.7,-0.15,0.80554605,0.6091207,0.25235212,0.5102522,0.32827264,0.81052315,0.81037784,0.5722212,0.35405126,0.28328085,0.4,0.4,0.5,0.4,0.46666667,0.6,0.6,0.5,0.6,0.51666665,-0.2,-0.2,0.0,-0.2,-0.05,0.55728453,0.4901513,0.5042523,0.38643897,0.4490341,0.44271544,0.5098487,0.4957477,0.61356103,0.5509659,0.11456912,-0.019697422,0.0085046375,-0.22712204,-0.101931825,0.6399357,0.6427038,0.6064973,0.66936374,0.8881805,0.23783219,0.19534849,0.16748013,0.17206031,0.32976615,1.2694603,1.3627876,1.3929341,1.285497,1.1155485,0.67459965,0.55517864,0.50882214,0.5274428,0.47731024,0.32540035,0.44482133,0.49117786,0.4725572,0.52268976,0.3491993,0.11035733,0.017644284,0.054885622,-0.045379523
169,SH601628,-0.008952284063485298,0.3888888888888889,,,,SH601628,中国人寿,2026-09-16,-0.008517442,0.015171705,-0.5614031,0.0021293606,0.14035077,0.0045249024,0.29824615,-0.0061219004,-0.40350774,1.0085906,1.0107383,0.99543625,0.9996874,1.0241365,1.0241365,0.98901093,1.0213892,0.94642854,1.0169936,1.0268642,1.0239501,1.017831,1.0246434,0.012002757,0.016575247,0.01775423,0.018878903,0.03728285,-0.006534528,-0.004870128,0.000478481,0.0008129561,0.00022208215,0.7409799,0.79135644,0.025421068,0.14370847,0.0108220335,-0.0039246236,-0.004948592,-0.028495694,-0.029618807,-0.031194901,1.0373334,1.0726182,1.0726182,1.0726182,1.1275389,0.99543625,0.99543625,0.9801827,0.9801827,0.9155922,1.0276687,1.0360283,1.0358713,1.0339088,1.0519623,1.0078492,1.0178179,1.0097331,0.99945056,0.99835163,0.2,0.1,0.15,0.23333333,0.23333333,0.108928084,0.059130028,0.2143903,0.2143903,0.3982501,0.2,0.2,0.6,0.73333335,0.35,1.0,1.0,0.05,0.36666667,0.06666667,-0.8,-0.8,0.55,0.36666667,0.28333333,0.5592098,0.77058244,0.57007897,0.5203059,0.31638768,-0.4395331,0.19255693,0.46346334,0.37998387,0.50882876,0.4,0.4,0.55,0.53333336,0.55,0.6,0.6,0.45,0.46666667,0.45,-0.2,-0.2,0.1,0.06666667,0.1,0.24267708,0.3919155,0.5253625,0.46803522,0.52747035,0.7573229,0.6080845,0.4746375,0.5319648,0.47252965,-0.5146458,-0.21616901,0.050724983,-0.06392957,0.054940686,1.1913455,1.62521,1.8012891,1.7555114,2.1717877,0.27332538,0.6255049,0.57519937,0.48761606,0.786987,0.42155987,1.2261863,1.0664798,0.9646107,1.580408,0.30402064,0.4099294,0.48132104,0.4368628,0.48150012,0.69597936,0.5900706,0.51867896,0.56313723,0.51849985,-0.3919587,-0.1801412,-0.03735795,-0.12627444,-0.036999762
170,SZ000408,-0.008984861862514208,0.1111111111111111,,,,,,2026-09-16,0.019602293,0.035679005,0.5494069,0.006487066,0.18181744,0.009589648,0.26877564,0.022704875,0.6363651,0.9807746,1.0063623,0.97136927,0.99050283,1.0865942,1.0395428,1.0315049,1.181795,0.9992746,1.0087515,1.0304658,1.0469534,1.0706118,1.0396588,0.032182653,0.03479562,0.031590328,0.05752466,0.07112788,-0.015368176,-0.0074253334,-0.0032881466,-0.0048787175,0.0017666988,0.57008684,0.41744015,0.37919462,0.55744874,0.18816772,0.021984793,0.0029482085,-0.015716005,0.00012962442,-0.09177641,1.0957294,1.0957294,1.1108134,1.2422822,1.2422822,0.97136927,0.97136927,0.97136927,0.97136927,0.90780807,1.016519,1.056795,1.0764154,1.084571,1.086606,0.99398524,0.9996157,1.0201184,1.0332458,0.9645585,0.6,0.3,0.15,0.1,0.33333334,0.23022436,0.23022436,0.20532045,0.10568235,0.2756325,0.2,0.6,0.25,0.06666667,0.53333336,1.0,1.0,1.0,1.0,0.23333333,-0.8,-0.4,-0.75,-0.93333334,0.3,-0.059503645,0.16533923,0.27134317,0.47774604,0.10133018,-0.5131183,-0.29994494,-0.040172037,-0.21997222,0.028064715,0.2,0.4,0.45,0.4,0.48333332,0.8,0.6,0.55,0.6,0.51666665,-0.6,-0.2,-0.1,-0.2,-0.033333335,0.1704223,0.4136781,0.46154585,0.37040555,0.50024927,0.8295777,0.5863219,0.5384542,0.62959445,0.49975073,-0.65915537,-0.1726438,-0.076908305,-0.25918886,0.0004985116,1.1070299,1.1082267,1.245497,1.4824849,1.5652711,0.5767582,0.42369208,0.42727324,0.5913115,0.5181257,1.2682501,1.1339597,1.1039004,1.3716193,1.1301578,0.4448219,0.46965525,0.45867187,0.44487932,0.4878612,0.5551781,0.5303447,0.54132813,0.5551207,0.51213884,-0.11035621,-0.060689483,-0.08265625,-0.11024136,-0.02427763
171,SH600309,-0.0101642097028813,0.2222222222222222,,,,SH600309,万华化学,2026-09-16,-0.03041096,0.05630133,-0.5401464,0.002876666,0.051094104,0.023013702,0.40875947,-0.010273925,-0.18248104,1.0313648,1.0343317,0.9762645,0.9985642,1.1026003,1.0510123,1.0329801,1.0408072,1.0443038,1.0401806,1.0635473,1.0575389,1.052591,1.0274328,0.028822273,0.03210816,0.027919566,0.026817594,0.040981162,-0.017843844,-0.008665819,0.00039657328,0.00058792194,0.0016828906,0.9582094,0.6677282,0.007061511,0.03724787,0.5143314,-0.0044928547,-0.024551064,-0.061306287,-0.06111582,-0.077078074,1.1042761,1.108331,1.108331,1.108331,1.108331,0.9762645,0.9762645,0.9762645,0.9762645,0.92267793,1.0577556,1.0868858,1.0825512,1.079196,1.0591208,1.0249789,1.0371007,1.0336336,1.0240886,0.99025613,0.2,0.1,0.05,0.033333335,0.25,0.185417,0.17972408,0.17972408,0.17972408,0.41648704,0.2,0.2,0.6,0.73333335,0.8666667,1.0,1.0,1.0,1.0,0.083333336,-0.8,-0.8,-0.4,-0.26666668,0.78333336,-0.49677733,-0.10669655,0.11076719,0.26216,-0.2859586,-0.84881794,-0.22593352,0.009867486,0.04593222,0.08851161,0.0,0.4,0.45,0.5,0.53333336,1.0,0.6,0.55,0.5,0.46666667,-1.0,-0.2,-0.1,0.0,0.06666667,0.0,0.35822842,0.45438588,0.4585834,0.477723,1.0,0.64177155,0.5456141,0.5414166,0.522277,-1.0,-0.28354314,-0.09122825,-0.082833156,-0.044554025,0.59935486,0.6217017,0.67549497,0.6628076,0.75960886,0.24828212,0.18856248,0.18401767,0.17129882,0.21139771,0.8185178,0.80841327,0.66409534,0.7806711,0.8782971,0.70700544,0.5990184,0.55733323,0.533316,0.5019641,0.29299456,0.4009816,0.44266674,0.46668398,0.49803588,0.41401088,0.19803679,0.1146665,0.066632,0.0039282255
172,SH601100,-0.010664584500283533,0.3333333333333333,,,,SH601100,恒立液压,2026-09-16,-0.053846996,0.07979974,-0.67477655,0.0014304379,0.017925344,0.024522308,0.3072981,-0.030755125,-0.3854038,1.0569115,1.0584234,0.9740821,0.9987814,1.0975214,1.0829624,1.0907232,1.1412586,1.1814163,1.0641139,1.0763175,1.0884972,1.1056722,1.1354029,0.03695879,0.029172206,0.029853316,0.037153844,0.050514918,-0.017485864,-0.0050267447,-0.0028026544,-0.0030892424,-0.0021503873,0.55960125,0.27217394,0.30847645,0.5357944,0.5527056,-0.029142123,-0.053697206,-0.061871987,-0.060878217,-0.07196649,1.1119967,1.1247506,1.1744319,1.1882265,1.3321326,0.9740821,0.9740821,0.9740821,0.9740821,0.9740821,1.0833173,1.0935508,1.103736,1.1386597,1.1662315,1.0536638,1.0689809,1.0778306,1.0815125,1.0941945,0.2,0.1,0.05,0.033333335,0.016666668,0.18792725,0.17201945,0.12936327,0.1210301,0.07238618,0.6,0.4,0.15,0.26666668,0.13333334,1.0,1.0,1.0,1.0,1.0,-0.4,-0.6,-0.85,-0.73333335,-0.8666667,-0.9538255,-0.8254759,-0.4094667,-0.15579069,0.3716651,-0.8330796,-0.7308192,-0.3719382,-0.30790222,-0.0900262,0.2,0.3,0.35,0.36666667,0.38333333,0.8,0.7,0.65,0.6333333,0.6,-0.6,-0.4,-0.3,-0.26666668,-0.21666667,0.10289096,0.26322123,0.39630032,0.388773,0.44072258,0.89710903,0.7367788,0.6036997,0.611227,0.5592774,-0.79421806,-0.47355756,-0.20739937,-0.22245398,-0.11855483,0.29816896,0.22418638,0.22890288,0.23002192,0.2677437,0.39387766,0.27540696,0.21084441,0.17486382,0.15701982,1.9647994,2.4848087,1.899252,1.8400605,1.611202,0.9760642,0.8860463,0.6309532,0.62330914,0.57135636,0.023935815,0.11395371,0.3690468,0.37669086,0.42864367,0.95212835,0.7720926,0.26190642,0.24661829,0.14271265
173,SH600406,-0.010915863514093644,0.3888888888888889,,,,SH600406,国电南瑞,2026-09-16,-0.0027174007,0.01947462,-0.13953549,0.006793451,0.34883612,0.009963769,0.5116284,0.00045291704,0.023256784,1.0027248,1.0095367,0.99000907,0.998253,1.019524,1.0258809,1.0676631,1.1144434,1.0213012,1.0081736,1.0165744,1.0319697,1.0482578,1.0499266,0.009330114,0.011582348,0.019009292,0.029282397,0.037508953,-0.0056315963,-0.0035475204,-0.0030403724,-0.0032313678,-1.2566883e-05,0.91081274,0.8599399,0.89534354,0.94375926,3.4236164e-05,0.0030896117,-0.0006105679,-0.003086133,-0.0014029987,-0.049555965,1.025431,1.0395067,1.07448,1.1112607,1.1507702,0.99000907,0.99000907,0.99000907,0.99000907,0.96548676,1.0140777,1.02679,1.0484124,1.0707543,1.0856471,0.9997266,1.0069039,1.0166222,1.0209799,1.015221,0.4,0.2,0.1,0.06666667,0.083333336,0.28205436,0.20184655,0.11827632,0.08239828,0.18627265,0.2,0.2,0.05,0.033333335,0.48333332,1.0,1.0,1.0,1.0,0.18333334,-0.8,-0.8,-0.95,-0.96666664,0.3,-0.44060892,0.14120395,0.24562196,0.64279974,0.37865284,-0.89807016,-0.53556633,-0.36102632,-0.33606848,0.049192484,0.4,0.4,0.35,0.33333334,0.41666666,0.6,0.5,0.6,0.6333333,0.55,-0.2,-0.1,-0.25,-0.3,-0.13333334,0.123059936,0.22337873,0.24223666,0.23420346,0.48426354,0.8769401,0.7766213,0.7577633,0.76579654,0.51573646,-0.75388014,-0.55324256,-0.51552665,-0.5315931,-0.03147293,1.1117699,1.2051233,1.3340064,1.5774902,2.3664002,0.17475513,0.24706261,0.42126718,0.54321176,1.2602566,0.90113884,1.084588,1.1742727,1.1572603,1.8315097,0.46488816,0.43451446,0.45756134,0.40743315,0.48082206,0.53511184,0.56548554,0.5424386,0.59256685,0.519178,-0.07022367,-0.1309711,-0.0848773,-0.1851337,-0.038355898
174,SH600958,-0.011135988116246389,0.2222222222222222,,,,SH600958,东方证券,2026-09-16,0.0022727612,0.01704548,0.13333513,0.004545446,0.26666576,0.010227272,0.5999991,0.007954587,0.46666846,0.9977324,1.0045351,0.9875283,0.9963387,1.036412,1.0381882,1.0062166,1.0452931,1.0639431,1.0122558,1.0277086,1.0286856,1.0293368,1.0330076,0.016808318,0.020098874,0.017420039,0.015347776,0.018122718,-0.009325037,-0.0061574853,-0.00035123297,-0.00027245574,-0.00031062492,0.76947165,0.86034924,0.01422854,0.024423206,0.08960366,0.006394323,1.2508024e-08,-0.025348866,-0.025386244,-0.023844227,1.0431201,1.0608218,1.0608218,1.0608218,1.0938964,0.9875283,0.9875283,0.9875283,0.9875283,0.9875283,1.0174067,1.0426288,1.0417407,1.0417407,1.0454707,1.0,1.0071048,1.01119,1.0115453,1.0124334,0.3,0.15,0.075,0.05,0.025,0.22434382,0.1701609,0.1701609,0.1701609,0.117250256,0.2,0.2,0.6,0.73333335,0.016666668,1.0,1.0,1.0,1.0,1.0,-0.8,-0.8,-0.4,-0.26666668,-0.98333335,-0.12695314,0.20442282,0.48873276,0.45159295,0.51250756,-0.68539035,-0.38899788,0.05649392,0.032956246,0.1790236,0.2,0.4,0.5,0.46666667,0.46666667,0.6,0.5,0.35,0.43333334,0.46666667,-0.4,-0.1,0.15,0.033333335,0.0,0.09803948,0.24096377,0.47619045,0.39148927,0.4470588,0.9019605,0.75903624,0.52380955,0.60851073,0.5529412,-0.80392104,-0.5180725,-0.047619104,-0.21702148,-0.105882406,1.0229726,1.0772166,1.0789633,1.0915035,1.3323748,0.42000443,0.3844558,0.39037934,0.34175313,0.4753284,1.6883221,1.5489573,1.4711117,1.2439387,1.2519116,0.5601801,0.5006395,0.49715754,0.49017453,0.48031178,0.43981984,0.49936053,0.5028424,0.50982547,0.51968825,0.120360285,0.0012789462,-0.0056849094,-0.019650964,-0.039376438
175,SH600588,-0.011184238499323622,0.4444444444444444,,,,SH600588,用友网络,2026-09-16,0.0064446926,0.022556383,0.2857148,0.0053705634,0.23809506,0.010741127,0.47619012,0.011815256,0.52380985,0.99359655,1.0053362,0.9829242,0.9939617,1.035217,1.0747005,1.1622194,1.2646706,1.0063996,1.0042665,1.0335104,1.067341,1.1260386,1.0745808,0.0074280617,0.033672664,0.04658492,0.09430649,0.10186429,-0.003199824,-0.010116595,-0.0070388527,-0.010249924,0.0020899207,0.46391797,0.82741845,0.79906327,0.9155031,0.12838538,0.0021331992,0.012014186,-0.0004718318,0.022585357,-0.13623351,1.0309397,1.1398137,1.1782285,1.3287152,1.3287152,0.9829242,0.9829242,0.9829242,0.9829242,0.9317024,1.0068263,1.0642477,1.0947717,1.2433194,1.1850637,0.9997867,1.0008533,1.0145059,1.0540045,0.99445367,0.4,0.2,0.1,0.06666667,0.33333334,0.35563076,0.108839504,0.08743165,0.049381763,0.1720288,0.2,0.2,0.05,0.033333335,0.51666665,1.0,1.0,1.0,1.0,0.05,-0.8,-0.8,-0.95,-0.96666664,0.46666667,-0.22448105,0.88545173,0.3944916,0.6336799,0.5823514,0.10664103,0.45931748,0.16241418,0.07329285,0.14573452,0.2,0.2,0.35,0.33333334,0.48333332,0.8,0.8,0.65,0.6333333,0.5,-0.6,-0.6,-0.3,-0.3,-0.016666668,0.11623028,0.23881203,0.23974817,0.22808386,0.49759373,0.8837697,0.761188,0.7602518,0.77191615,0.50240624,-0.76753944,-0.52237594,-0.52050364,-0.5438323,-0.0048125354,1.0683453,1.6434026,1.779339,2.1432319,2.2314315,0.06929198,0.89309865,0.9675185,1.134177,1.3041075,0.92631334,1.1219051,1.0774505,1.0092201,1.1051528,0.19500495,0.4638549,0.46754727,0.38589716,0.49592668,0.80499506,0.5361451,0.5324527,0.61410284,0.5040733,-0.60999006,-0.07229016,-0.06490545,-0.22820568,-0.0081466185
176,SH601021,-0.012122659139139147,0.2777777777777778,,,,SH601021,春秋航空,2026-09-16,-0.014167613,0.019126298,-0.74073994,0.0021251214,0.11110992,0.0028335638,0.14815013,-0.013459171,-0.7036997,1.0143713,1.0165269,0.9971257,1.001611,1.0424465,1.0316399,1.0572637,1.1222148,1.0846702,1.0182487,1.0326537,1.0407475,1.0526775,1.0754883,0.013702833,0.018498935,0.016480323,0.02413751,0.031766485,-0.008121647,-0.005425241,-0.002046309,-0.0024082258,-0.0015074032,0.8782285,0.7884171,0.53960866,0.77145606,0.6867843,-0.0020053387,-0.00824013,-0.021307588,-0.017758204,-0.031019911,1.0397615,1.0622715,1.066115,1.1346424,1.1529366,0.9971257,0.9971257,0.9971257,0.9971257,0.9971257,1.0229946,1.0442067,1.0541221,1.06582,1.1084447,1.0116756,1.0182487,1.0291444,1.0402852,1.0469697,0.2,0.1,0.05,0.033333335,0.016666668,0.06741487,0.044120815,0.041662764,0.020901363,0.018447267,0.2,0.3,0.05,0.033333335,0.13333334,1.0,1.0,1.0,1.0,1.0,-0.8,-0.7,-0.95,-0.96666664,-0.8666667,-0.27709934,0.49827844,0.2577859,0.36435318,0.71882904,-0.9850589,-0.49450606,-0.3288262,-0.3940379,0.007675332,0.0,0.4,0.45,0.4,0.45,0.8,0.5,0.5,0.56666666,0.53333336,-0.8,-0.1,-0.05,-0.16666667,-0.083333336,0.0,0.32070714,0.3341937,0.27362797,0.44230187,1.0,0.67929286,0.6658063,0.72637206,0.55769813,-1.0,-0.35858575,-0.3316126,-0.4527441,-0.11539625,0.84604746,1.0525438,1.0523443,1.106832,1.6924593,0.29947633,0.34019512,0.28765893,0.30237737,0.809333,1.1673149,0.892825,0.8401584,0.83681107,1.3969964,0.5070215,0.45993653,0.50514376,0.4391625,0.46553797,0.49297854,0.54006344,0.4948562,0.5608375,0.53446203,0.014042921,-0.08012692,0.01028758,-0.12167502,-0.06892405
177,SH601601,-0.012923974862139826,0.1111111111111111,,,,SH601601,中国太保,2026-09-16,-0.016282693,0.02549932,-0.63855404,0.0046083136,0.180723,0.0046083136,0.180723,-0.016282693,-0.63855404,1.0165522,1.0212368,0.99531543,1.0021213,1.0439315,1.0253165,0.943038,1.0,0.89668655,1.0256144,1.0388868,1.0140265,0.9942976,0.96850026,0.018278148,0.020496545,0.035427522,0.04168414,0.056536738,-0.011113192,-0.0060797813,0.0041175615,0.0036470979,0.0024873037,0.9241728,0.80654025,0.4727882,0.59327334,0.59033155,-0.0033879445,-0.011527824,-0.0531433,-0.04718055,-0.04187574,1.0577558,1.0904893,1.0904893,1.0904893,1.0904893,0.99531543,0.99531543,0.93273926,0.926559,0.8482733,1.0337305,1.0528295,1.0447506,1.0336933,1.024423,1.0151899,1.0271779,0.99035746,0.9502234,0.90342516,0.2,0.1,0.45,0.6333333,0.725,0.07502495,0.049221434,0.42637575,0.44800168,0.62641096,0.2,0.2,0.6,0.73333335,0.8666667,1.0,1.0,0.05,0.26666668,0.06666667,-0.8,-0.8,0.55,0.46666667,0.8,-0.08614653,0.6315587,0.03033275,0.07841242,-0.25987616,-0.81700504,0.19275546,0.43106264,0.37167022,0.4256936,0.2,0.4,0.55,0.43333334,0.48333332,0.8,0.6,0.45,0.56666666,0.5,-0.6,-0.2,0.1,-0.13333334,-0.016666668,0.11184218,0.41282037,0.6102305,0.5,0.5593583,0.88815784,0.58717966,0.38976946,0.5,0.44064173,-0.7763156,-0.17435928,0.22046106,0.0,0.118716545,0.931837,1.3710709,1.5181286,1.4697274,1.9246656,0.22971803,0.64621735,0.5807342,0.4936248,0.74128854,0.90452623,1.2874177,1.2004611,1.2094257,1.3713955,0.5145294,0.44125217,0.47332054,0.46974075,0.47244105,0.48547062,0.5587478,0.52667946,0.53025925,0.527559,0.029058762,-0.11749566,-0.05335891,-0.060518518,-0.055117913
178,SZ301236,-0.013031541881626143,0.2222222222222222,,,,,,2026-09-16,0.004410167,0.020121349,0.2191785,0.004410167,0.2191785,0.0113010155,0.561643,0.0113010155,0.561643,0.9956092,1.0043908,0.9843578,0.9961475,0.99498266,1.0265201,1.0232947,1.1741728,1.0476645,0.9923307,1.007084,1.0157329,1.043344,1.0566579,0.010349828,0.020401463,0.018527934,0.047872428,0.058979273,0.006008847,-0.0048413905,-0.0016248372,-0.0046077026,-0.0017369305,0.84266716,0.5162132,0.2691744,0.71795905,0.2645245,-0.0043483437,0.014702289,-0.00029692377,0.023467617,-0.005418443,1.0290098,1.060639,1.0614828,1.1933908,1.2052203,0.95692116,0.95692116,0.95692116,0.95692116,0.93054533,1.0010273,1.0318959,1.0318959,1.0832875,1.1206068,0.9841357,0.9901565,0.99899656,1.0056146,1.0118505,0.8,0.5,0.25,0.16666667,0.16666667,0.59758157,0.4153464,0.41199484,0.18217497,0.2528612,0.8,0.2,0.45,0.06666667,0.1,0.4,0.7,0.85,0.9,0.38333333,0.4,-0.5,-0.4,-0.8333333,-0.28333333,0.65745115,0.46407825,0.5130998,0.8274193,0.78158695,0.66287065,0.3575251,0.32640818,0.49118504,0.60798305,0.6,0.6,0.55,0.43333334,0.5,0.4,0.4,0.45,0.56666666,0.5,0.2,0.2,0.1,-0.13333334,0.0,0.5552632,0.35805655,0.44537833,0.28881827,0.4844928,0.44473678,0.64194345,0.55462164,0.7111817,0.51550716,0.11052643,-0.28388688,-0.10924333,-0.42236346,-0.031014366,0.9631153,1.0324914,1.0666379,1.4297247,1.9297723,0.2292747,0.21526928,0.2173483,0.66627705,0.9745141,0.5497585,0.8094343,0.6409521,1.2910013,1.8188322,0.48065138,0.5005783,0.41470072,0.35835063,0.4803534,0.5193486,0.49942172,0.5852993,0.64164937,0.5196466,-0.038697217,0.0011565865,-0.17059858,-0.28329876,-0.039293222
179,SH600436,-0.013397019300474098,0.2777777777777778,,,,SH600436,片仔癀,2026-09-16,-0.0017123722,0.009760279,-0.17544295,0.0034246687,0.35087815,0.0046232385,0.47367892,-0.0005138025,-0.052642193,1.0017153,1.0051459,0.99536884,0.999311,1.0452764,1.0540231,1.0917597,1.1734911,0.9278987,1.0144029,1.0338808,1.0541799,1.0855553,1.0814437,0.0110559175,0.022216953,0.02958431,0.054887082,0.08685434,-0.006293167,-0.0068283896,-0.0043732957,-0.005867532,0.0008247362,0.8100073,0.8659225,0.76482636,0.88567084,0.027500898,-0.0018165321,-0.0031530443,-0.012633605,-0.0004760796,-0.10577335,1.0452743,1.0734925,1.125209,1.2267522,1.288746,0.99536884,0.99536884,0.99536884,0.99536884,0.89856154,1.0222389,1.0532767,1.0822117,1.1389695,1.1693803,1.0048673,1.0156198,1.0256877,1.0469885,0.99848455,0.2,0.1,0.05,0.033333335,0.21666667,0.09279886,0.059279993,0.035668243,0.020015137,0.2599756,0.2,0.2,0.05,0.13333334,0.28333333,1.0,1.0,1.0,1.0,0.05,-0.8,-0.8,-0.95,-0.8666667,0.23333333,0.7789026,0.21120007,0.5595377,0.83491695,0.5323875,-0.15282881,0.19894795,-0.22774191,-0.10202303,0.51816696,0.2,0.3,0.4,0.33333334,0.46666667,0.8,0.7,0.6,0.6666667,0.53333336,-0.6,-0.4,-0.2,-0.33333334,-0.06666667,0.1012483,0.22705536,0.33135137,0.29446962,0.527761,0.8987517,0.7729446,0.66864866,0.7055304,0.472239,-0.7975034,-0.5458893,-0.33729726,-0.41106075,0.05552201,1.2173104,1.1926544,1.7005424,2.2865376,3.9271412,0.38039055,0.30859524,0.79757476,1.1950291,2.9946525,0.86984855,0.7673249,1.4483907,1.1288604,1.7006904,0.44296226,0.47155347,0.4526382,0.3819147,0.48658493,0.5570377,0.5284465,0.5473618,0.6180853,0.5134151,-0.11407547,-0.056893036,-0.09472358,-0.23617062,-0.02683014
180,SH600160,-0.013403962676738573,0.2777777777777778,,,,SH600160,巨化股份,2026-09-16,-0.0008414889,0.015988782,-0.052629955,0.0053296145,0.33333462,0.0098176785,0.6140354,0.0036465751,0.22807086,1.0008422,1.0061764,0.99017406,0.9990301,1.0780556,1.067676,1.0892695,1.2097269,1.4242141,1.0024686,1.0375923,1.0648259,1.0996842,1.1694837,0.021334719,0.039995294,0.04388224,0.06719589,0.13782117,-0.006794597,-0.011463589,-0.005110689,-0.0067255544,-0.006173618,0.2535675,0.7530692,0.4747329,0.77637666,0.61199445,0.01112066,0.013993832,-0.016274352,-0.0021637275,0.012638096,1.0721539,1.0906738,1.1457049,1.2492967,1.6283183,0.9775334,0.9775334,0.9775334,0.9775334,0.9775334,1.0077491,1.0742276,1.0884352,1.1485634,1.2331362,0.98876643,0.9975266,1.0309966,1.0640198,1.072824,0.8,0.4,0.2,0.13333334,0.06666667,0.23743927,0.19857284,0.13359357,0.082669824,0.034522347,0.2,0.1,0.35,0.1,0.1,0.6,0.8,0.9,0.93333334,0.96666664,-0.4,-0.7,-0.55,-0.8333333,-0.8666667,-0.044230573,-0.2732636,0.51451194,0.6254371,0.8390784,-0.713825,-0.60481894,-0.010576278,-0.026993211,0.12446223,0.4,0.6,0.5,0.46666667,0.46666667,0.6,0.4,0.4,0.46666667,0.5,-0.2,0.2,0.1,0.0,-0.033333335,0.14362545,0.28201106,0.36455715,0.3118148,0.37603262,0.85637456,0.7179889,0.63544285,0.68818516,0.62396735,-0.7127491,-0.43597785,-0.27088574,-0.37637034,-0.24793476,1.5402832,1.4177474,1.7762189,2.0341651,3.4631498,0.53008056,0.41685423,0.60158604,0.6503025,2.2230232,1.1621532,1.3434821,1.1549735,0.96727645,1.5516552,0.4952234,0.41558656,0.40228388,0.41370377,0.40803456,0.5047766,0.58441347,0.5977161,0.5862962,0.59196544,-0.009553198,-0.1688269,-0.19543225,-0.17259245,-0.18393087
181,SZ300308,-0.013428691510804515,0.16666666666666666,,,,,,2026-09-16,0.044624913,0.060274743,0.7403584,0.012174667,0.20198621,0.0034751643,0.057655398,0.03592541,0.5960276,0.9572814,1.0116546,0.9539547,0.98461324,1.0012109,0.9059257,0.98655987,1.0439966,1.4454497,0.98279536,0.9691159,0.96221733,0.9828226,1.0905864,0.027832722,0.043160595,0.03981605,0.05118352,0.1463925,-0.0029290586,0.0075311675,0.0008440983,-0.0023062238,-0.0072786906,0.027687564,0.2791009,0.015730323,0.15734187,0.75399554,0.023062736,-0.0030061484,0.029763715,0.05061767,0.1241349,1.0242345,1.0294,1.0461874,1.1179432,1.481702,0.94514155,0.8856792,0.8856792,0.8856792,0.87357235,1.0040097,1.0002422,0.99682695,1.0156772,1.230645,0.95968395,0.9407439,0.9362412,0.9441062,0.9576991,0.8,0.8,0.85,0.6666667,0.38333333,0.69359463,0.79543674,0.712243,0.49220204,0.20789587,0.4,0.5,0.15,0.26666668,0.016666668,0.8,0.1,0.55,0.7,0.43333334,-0.4,0.4,-0.4,-0.43333334,-0.41666666,0.61793345,0.39727938,0.21753916,0.21353571,0.11177478,0.7761274,0.807618,0.5222757,0.23987332,-0.10141229,0.4,0.6,0.55,0.56666666,0.53333336,0.6,0.4,0.45,0.43333334,0.46666667,-0.2,0.2,0.1,0.13333334,0.06666667,0.49657497,0.6606602,0.5124799,0.4758927,0.41872817,0.503425,0.33933982,0.4875201,0.5241073,0.5812718,-0.0068500587,0.32132035,0.024959816,-0.048214592,-0.16254368,0.99285954,1.0574021,1.1055008,1.2374835,1.4317333,0.2701265,0.33031902,0.27526677,0.40317073,0.508342,0.66240007,1.4067744,1.2893866,1.1135,1.1727678,0.54994136,0.48525077,0.46400055,0.41671965,0.4980794,0.45005864,0.5147492,0.5359995,0.5832804,0.50192064,0.09988271,-0.02949846,-0.07199891,-0.16656072,-0.0038412414
182,SH600918,-0.01366682069492696,0.2222222222222222,,,,SH600918,中泰证券,2026-09-16,0.0073800697,0.025830245,0.2857143,0.0036900348,0.14285715,0.014760139,0.5714286,0.018450174,0.71428573,0.992674,1.003663,0.978022,0.99214077,1.0245614,1.0298246,1.0017544,1.0350877,0.9631579,1.0094737,1.0189474,1.0295614,1.025731,1.0183041,0.021038024,0.017887477,0.020382335,0.017970217,0.025151916,-0.01070176,-0.004550768,-0.0017688961,-6.86924e-05,0.00066519435,0.646905,0.5933114,0.26361182,0.0011324328,0.2133314,0.011929849,0.0015311097,-0.012756872,-0.024734937,-0.03792731,1.0492764,1.0514187,1.0761204,1.0761204,1.0761204,0.978022,0.978022,0.978022,0.978022,0.9487057,1.0147369,1.0343859,1.0466666,1.0392982,1.0385965,0.9982456,1.002807,1.0126315,1.0129825,0.9996491,0.4,0.2,0.1,0.06666667,0.21666667,0.30844423,0.29944146,0.22404055,0.22404055,0.40257773,0.2,0.2,0.3,0.53333336,0.76666665,1.0,1.0,1.0,1.0,0.2,-0.8,-0.8,-0.7,-0.46666667,0.56666666,0.67781055,0.5230964,0.6453306,0.61487406,0.17691906,0.39779416,0.23057735,0.43697372,0.4033654,0.54351044,0.4,0.5,0.5,0.46666667,0.5,0.6,0.4,0.45,0.5,0.48333332,-0.2,0.1,0.05,-0.033333335,0.016666668,0.35416692,0.36923093,0.49668878,0.45000002,0.5232816,0.6458331,0.6307691,0.5033112,0.54999995,0.47671843,-0.29166615,-0.26153818,-0.0066224406,-0.099999964,0.046563134,1.5832402,1.5319024,1.9642287,1.7238877,2.0616462,0.8255565,0.6008095,0.77934676,0.73774624,1.0139624,1.1789072,1.3960111,1.0175077,1.116837,1.5422482,0.499589,0.383624,0.494033,0.4838512,0.47598338,0.50041103,0.61637604,0.50596696,0.5161488,0.5240166,-0.00082203635,-0.23275205,-0.011933973,-0.032297615,-0.048033252
183,SH601899,-0.014259923531604785,0.2222222222222222,,,,SH601899,紫金矿业,2026-09-16,0.012590444,0.041233815,0.30534267,0.009442856,0.22900756,0.019200517,0.46564978,0.022348104,0.54198486,0.9875661,1.0093254,0.9686043,0.98985565,1.0693537,1.0241835,1.0058373,1.046977,0.83655316,1.0100626,1.0266018,1.043023,1.0395136,0.9693723,0.02906847,0.028775247,0.028924344,0.030318843,0.094932914,-0.013870738,-0.0056790314,-0.0035562501,-0.0008605971,0.004556767,0.56923926,0.35704413,0.5290852,0.062441923,0.7027161,0.017678935,-0.0010461744,-0.009238565,-0.027034907,-0.10379689,1.0690236,1.0733949,1.1025709,1.1025709,1.1025709,0.9686043,0.9686043,0.9686043,0.9686043,0.749767,1.0142877,1.0540931,1.0718832,1.0718832,1.0491174,0.99694234,1.0020014,1.0179013,1.0052259,0.8654343,0.4,0.2,0.1,0.13333334,0.5,0.312646,0.29960412,0.23435447,0.23435447,0.7092693,0.2,0.5,0.15,0.43333334,0.71666664,1.0,1.0,1.0,1.0,0.083333336,-0.8,-0.5,-0.85,-0.56666666,0.6333333,-0.44662556,-0.09336628,0.3038568,0.22091739,-0.3257969,-0.68490255,-0.43821284,-0.18254296,-0.3286041,-0.005199098,0.2,0.5,0.55,0.6,0.5833333,0.8,0.5,0.45,0.4,0.41666666,-0.6,0.0,0.1,0.2,0.16666667,0.15299009,0.43095237,0.49208742,0.46086153,0.563733,0.8470099,0.56904763,0.5079126,0.5391385,0.43626705,-0.6940198,-0.13809524,-0.015825132,-0.07827694,0.1274659,1.006532,1.0018084,1.2246606,1.2969127,1.5138588,0.5836869,0.41202193,0.45314887,0.47522503,0.5726046,1.6089863,1.4746801,1.1660864,1.1897117,1.1746513,0.4931369,0.47475567,0.49931943,0.45543462,0.4904254,0.5068631,0.52524436,0.50068057,0.5445654,0.5095746,-0.013726199,-0.050488655,-0.0013611071,-0.089130744,-0.019149156
184,SH600585,-0.01501306659691492,0.2777777777777778,,,,SH600585,海螺水泥,2026-09-16,-0.020809175,0.028323641,-0.7346928,0.002312143,0.08163298,0.0052023223,0.1836742,-0.017918997,-0.6326516,1.0212514,1.0236127,0.99468714,1.0016339,1.0542679,1.0300661,1.0307176,1.0471935,0.98287255,1.0225263,1.0378107,1.0418597,1.0405598,1.0351717,0.015132761,0.019265827,0.017463014,0.015476533,0.028552504,-0.008675405,-0.005440613,-0.0011329645,-0.0002759172,0.0006938716,0.82164294,0.7310242,0.14732018,0.02463269,0.18012318,-0.0051754476,-0.013327879,-0.031096626,-0.036558915,-0.05564093,1.0542841,1.0655133,1.0873412,1.0873412,1.1021154,0.99468714,0.99468714,0.99468714,0.99468714,0.95554954,1.0305687,1.0545099,1.055478,1.0533743,1.0538211,1.0160104,1.022396,1.0277389,1.0277389,1.0106487,0.2,0.1,0.05,0.033333335,0.13333334,0.089146696,0.07501302,0.057341043,0.057341043,0.30328003,0.2,0.2,0.4,0.6,0.43333334,1.0,1.0,1.0,1.0,0.083333336,-0.8,-0.8,-0.6,-0.4,0.35,-0.53493106,-0.3812622,0.16813114,0.29734793,-0.04355863,-0.95602715,-0.536065,-0.12921517,-0.045928884,0.09488039,0.2,0.4,0.55,0.56666666,0.55,0.8,0.6,0.45,0.43333334,0.45,-0.6,-0.2,0.1,0.13333334,0.1,0.07445233,0.35115188,0.43298134,0.41680333,0.51189244,0.92554766,0.6488481,0.5670186,0.5831967,0.48810753,-0.8510953,-0.29769623,-0.13403732,-0.16639335,0.023784928,0.8382588,0.79668427,0.8659043,0.83030677,1.0409337,0.24669494,0.23523198,0.2904435,0.25772622,0.38412845,0.75434077,0.8390491,0.96756935,1.077714,1.1458331,0.66543657,0.55699396,0.52484393,0.49362817,0.50360274,0.33456343,0.44300607,0.4751561,0.50637186,0.49639726,0.3308731,0.11398787,0.049687833,-0.012743667,0.007205498
185,SH600089,-0.015611194334745454,0.16666666666666666,,,,SH600089,特变电工,2026-09-16,0.0038781618,0.02105263,0.1842127,0.0049861437,0.23684183,0.012188326,0.57894546,0.011080344,0.52631634,0.99613684,1.0049669,0.98399556,0.9953408,1.0640119,1.0364237,1.1208587,1.1942564,1.2724373,1.0201952,1.0344326,1.0496645,1.0875595,1.113585,0.021461736,0.021783035,0.027178047,0.059774954,0.066003524,-0.013189583,-0.0051772054,-0.0036349045,-0.006321143,-0.002351366,0.94421846,0.517804,0.6260623,0.8666714,0.38708478,0.0061838813,-0.01113518,-0.015132903,0.004097085,-0.044219684,1.058494,1.0645638,1.1324475,1.2030824,1.2827499,0.98399556,0.98399556,0.98399556,0.98399556,0.98399556,1.0363116,1.0498847,1.0642321,1.1609191,1.1799071,0.999888,1.0154501,1.0357612,1.0413852,1.049002,0.4,0.2,0.1,0.06666667,0.033333335,0.21482901,0.19864446,0.107808806,0.07305059,0.053570498,0.2,0.5,0.05,0.1,0.033333335,1.0,1.0,1.0,1.0,1.0,-0.8,-0.5,-0.95,-0.9,-0.96666664,0.17737696,0.26645908,0.054931656,0.5552613,0.53451645,-0.16808662,0.14876948,-0.49315292,-0.41221118,0.08052797,0.2,0.6,0.4,0.36666667,0.41666666,0.8,0.4,0.5,0.56666666,0.53333336,-0.6,0.2,-0.1,-0.2,-0.11666667,0.00859736,0.30358273,0.22137156,0.22413014,0.36122367,0.9914026,0.6964173,0.77862847,0.77586985,0.63877636,-0.98280525,-0.3928345,-0.5572569,-0.55173975,-0.27755266,1.0512913,1.0784042,1.1617178,1.3200357,1.893239,0.21436475,0.24205251,0.44302392,0.4651589,0.88601637,0.62358236,0.7735925,2.0497043,1.6079001,2.0003877,0.37717828,0.4945354,0.4648847,0.4177931,0.48097306,0.6228217,0.5054646,0.5351153,0.5822069,0.51902694,-0.24564342,-0.010929222,-0.0702306,-0.16441384,-0.03805384
186,SH600438,-0.015641819274812875,0.2777777777777778,,,,SH600438,通威股份,2026-09-16,0.0062836143,0.028725306,0.21874839,0.007181368,0.25000143,0.015260324,0.5312502,0.014362571,0.49999714,0.99375564,1.0071366,0.9785906,0.9974812,1.0446008,1.0134366,1.0972916,1.1409779,1.0919452,1.0023355,1.017777,1.0419943,1.0756149,1.0517962,0.015016869,0.023835555,0.035544418,0.058831304,0.06460187,-0.004291253,-0.0037617122,-0.0051692207,-0.006055112,0.00043501152,0.20415005,0.22831373,0.7402448,0.8209735,0.013829651,0.006246933,-0.0008493024,0.007113209,0.012184151,-0.06462908,1.0437298,1.0802832,1.1266699,1.2177207,1.2177207,0.97858477,0.97858477,0.97858477,0.97858477,0.9206422,1.0094548,1.0417868,1.0714035,1.1404291,1.1107985,0.99288076,0.9989307,1.0060781,1.0155752,0.99448466,0.6,0.3,0.15,0.1,0.26666668,0.32873192,0.21057595,0.14461432,0.0895525,0.2671273,0.2,0.5,0.1,0.16666667,0.5833333,0.6,0.8,0.9,0.93333334,0.3,-0.4,-0.3,-0.8,-0.76666665,0.28333333,-0.42346275,0.4330238,0.44627944,0.8321159,0.5192514,-0.6601338,-0.06976011,-0.074804515,0.35522902,0.51872724,0.4,0.5,0.45,0.43333334,0.46666667,0.6,0.5,0.5,0.53333336,0.5,-0.2,0.0,-0.05,-0.1,-0.033333335,0.26378536,0.4597216,0.35055107,0.39405793,0.464578,0.73621464,0.5402784,0.64944893,0.6059421,0.53542197,-0.47242928,-0.08055681,-0.29889786,-0.21188416,-0.07084399,1.4208456,1.5936458,1.7830206,2.7139487,3.0267491,0.4473903,0.4509108,0.42710912,1.7297425,1.4596245,0.98376566,0.79724157,0.850093,1.5203586,1.5248654,0.36525774,0.39858893,0.4119608,0.43797353,0.48236185,0.63474226,0.6014111,0.58803916,0.56202644,0.51763815,-0.26948455,-0.20282218,-0.17607836,-0.12405294,-0.03527627
187,SH601727,-0.016230476061527454,0.2777777777777778,,,,SH601727,上海电气,2026-09-16,-0.0031006816,0.012403056,-0.24999335,0.0,0.0,0.009302374,0.7500066,0.0062016924,0.5000133,1.0031103,1.0031103,0.9906687,0.9971818,1.048913,1.0190216,1.0135869,1.0923913,1.1059781,1.0135869,1.0255435,1.0240488,1.0334239,1.0436367,0.014475013,0.01859421,0.015213671,0.020471118,0.028660178,-0.008831496,-0.0036561273,8.785648e-05,-0.0014013151,-0.00075130357,0.9306164,0.35440397,0.0011672062,0.36315346,0.20959118,0.0040760906,-0.009090856,-0.02488349,-0.013104784,-0.021473264,1.0446533,1.0566943,1.0566943,1.0877701,1.124025,0.9906687,0.9906687,0.9906687,0.9906687,0.9834942,1.0233694,1.0445652,1.035326,1.0510869,1.0706521,1.0021739,1.0081521,1.0105978,1.0135869,1.0149456,0.2,0.1,0.05,0.033333335,0.05,0.17285118,0.14132866,0.14132866,0.09609857,0.11745302,0.2,0.5,0.75,0.033333335,0.05,1.0,1.0,1.0,1.0,0.3,-0.8,-0.5,-0.25,-0.96666664,-0.25,0.8929227,0.7299307,0.6828398,0.56481737,0.61846143,0.3911217,0.5459933,0.43081042,0.24273321,0.37834278,0.0,0.3,0.45,0.4,0.43333334,1.0,0.6,0.4,0.5,0.51666665,-1.0,-0.3,0.05,-0.1,-0.083333336,0.0,0.39062512,0.45454574,0.32291684,0.4283089,1.0,0.6093749,0.54545426,0.6770832,0.5716911,-1.0,-0.21874976,-0.09090856,-0.35416636,-0.14338222,1.0977598,1.290585,1.1861808,1.2630326,1.8842404,0.13918342,0.39322025,0.3249925,0.3570556,0.9200774,0.5911089,0.8362117,1.004021,1.025342,1.3155999,0.042956434,0.48204982,0.44081658,0.40485898,0.47641566,0.9570436,0.5179502,0.5591834,0.59514105,0.5235843,-0.9140871,-0.035900347,-0.11836686,-0.19028205,-0.047168646
188,SZ002714,-0.01649075220688354,0.2777777777777778,,,,,,2026-09-16,-0.021671869,0.035960935,-0.60265034,0.008573455,0.23841023,0.0057156105,0.15893944,-0.024529714,-0.68212116,1.022152,1.0309153,0.9941578,1.0050755,1.0528237,1.0231255,0.94547856,0.93378854,0.79187036,1.0245395,1.0391449,1.0147781,0.9967242,0.9625834,0.014265008,0.021906432,0.036863524,0.040716764,0.055651,-0.0050883493,-0.004570643,0.004317169,0.0037276698,0.0026388266,0.3180898,0.39904577,0.48003456,0.6495762,0.68576545,-0.0143628,-0.018576937,-0.055791255,-0.05077541,-0.040428817,1.0579431,1.0805707,1.0805707,1.0805707,1.0805707,0.9941578,0.9941578,0.9299,0.9201557,0.77434653,1.0324776,1.0560373,1.0398724,1.0315535,1.0163152,1.0214206,1.0262907,0.9731758,0.95642895,0.9327165,0.2,0.1,0.35,0.56666666,0.78333336,0.091591895,0.06760825,0.46525326,0.49773613,0.73688996,0.2,0.2,0.6,0.73333335,0.8666667,1.0,1.0,0.15,0.033333335,0.016666668,-0.8,-0.8,0.45,0.7,0.85,-0.70209867,0.33782727,0.047878288,-0.10465721,-0.45409897,-0.5157456,0.5345333,0.51667523,0.5693035,0.5904373,0.2,0.4,0.55,0.53333336,0.53333336,0.8,0.6,0.45,0.43333334,0.45,-0.6,-0.2,0.1,0.1,0.083333336,0.13712019,0.41651347,0.596547,0.5819327,0.6026925,0.8628798,0.58348656,0.40345296,0.41806728,0.39730752,-0.7257596,-0.16697307,0.19309407,0.16386545,0.20538495,0.8016617,0.84216213,0.8828786,0.9315238,1.2343073,0.13607742,0.29297215,0.25261983,0.28035197,0.4983311,0.99661314,1.4942498,1.1449058,1.3001215,1.3129542,0.76242214,0.56620467,0.49706772,0.4976111,0.50528586,0.23757783,0.43379533,0.5029323,0.5023889,0.49471417,0.52484435,0.13240932,-0.0058645857,-0.004777777,0.010571661
189,SZ000338,-0.016669096197788603,0.16666666666666666,,,,,,2026-09-16,-0.020345438,0.05067185,-0.40151364,0.0019194565,0.037880138,0.028406955,0.56060624,0.0061420607,0.12121248,1.0207679,1.0227273,0.9710031,0.98768085,1.0913084,1.0141033,1.1120671,1.1701814,1.149654,1.0255479,1.041889,1.0568568,1.0986276,1.080288,0.018600397,0.027713245,0.034049816,0.06951408,0.064285696,-0.011401574,-0.004861352,-0.0037887753,-0.0067797014,6.251292e-05,0.9393452,0.2820661,0.43334734,0.7371863,0.0002884103,-0.0027447043,-0.02001281,-0.020863406,-0.00032195088,-0.082132176,1.0854176,1.1018884,1.1516464,1.2535219,1.2535219,0.9710031,0.9710031,0.9710031,0.9710031,0.92157435,1.035658,1.0575265,1.0799365,1.169871,1.1386454,1.0163031,1.02351,1.0255479,1.0405132,1.0255479,0.2,0.1,0.05,0.033333335,0.06666667,0.25343725,0.2215444,0.16052032,0.102637105,0.2362592,0.2,0.5,0.15,0.2,0.6,1.0,1.0,1.0,1.0,0.3,-0.8,-0.5,-0.85,-0.8,0.3,-0.0008698589,0.6426925,-0.0020471418,-0.013168651,-0.15971185,0.20487742,0.5278996,-0.04799233,0.052901607,0.045827825,0.0,0.4,0.45,0.43333334,0.46666667,1.0,0.6,0.55,0.56666666,0.53333336,-1.0,-0.2,-0.1,-0.13333334,-0.06666667,0.0,0.4707895,0.3820237,0.39944583,0.4635842,1.0,0.5292105,0.6179763,0.60055417,0.5364158,-1.0,-0.05842101,-0.23595262,-0.20110834,-0.072831586,0.8095376,0.91845506,1.0271815,1.0011109,1.1345555,0.1632416,0.20483477,0.39119905,0.33357388,0.31865385,0.8617045,0.737184,1.0484039,0.94452333,0.8629918,0.35410753,0.4549453,0.50462586,0.49183285,0.50000846,0.6458925,0.5450547,0.4953741,0.50816715,0.4999915,-0.29178494,-0.09010938,0.009251763,-0.016334297,1.6985421e-05
190,SH601456,-0.017162862201480056,0.4444444444444444,,,,SH601456,国联民生,2026-09-16,0.005820726,0.016298002,0.35714358,0.005820726,0.35714358,0.0046565486,0.28571287,0.0046565486,0.28571287,0.994213,1.005787,0.9895834,0.9976447,1.0221484,1.0243632,1.0121815,1.0498339,1.0442967,1.005537,1.0155039,1.0198781,1.0248431,1.0294205,0.011239081,0.013329988,0.012370767,0.013455651,0.013880224,-0.005980064,-0.0040001357,-0.00086012395,-0.0009911354,-0.0003038866,0.70776665,0.82547003,0.16919866,0.4204925,0.14619416,0.006423044,0.0024967478,-0.011706992,-0.010471643,-0.020455785,1.0255207,1.0413218,1.0432397,1.0569304,1.0702308,0.9895834,0.9895834,0.9895834,0.9895834,0.9895834,1.0101882,1.0250276,1.02835,1.0367663,1.041196,0.99911404,1.000886,1.0101882,1.0121815,1.0199336,0.4,0.2,0.1,0.06666667,0.033333335,0.2898554,0.20133296,0.19413602,0.15467115,0.12916262,0.2,0.2,0.45,0.2,0.083333336,1.0,1.0,1.0,1.0,1.0,-0.8,-0.8,-0.55,-0.8,-0.9166667,0.4879757,0.6124103,0.71110445,0.52440584,0.534383,-0.22298175,-0.13231115,0.23703085,0.16242376,0.39402807,0.4,0.5,0.5,0.5,0.51666665,0.6,0.5,0.5,0.5,0.48333332,-0.2,0.0,0.0,0.0,0.033333335,0.18750128,0.2962964,0.4552847,0.37430176,0.4557522,0.8124987,0.7037036,0.5447153,0.6256982,0.5442478,-0.62499744,-0.4074072,-0.089430556,-0.25139645,-0.08849561,1.3324041,1.5978608,1.6542183,1.6401757,2.093024,0.66562605,0.6799026,0.6216937,0.5299831,1.0013843,1.426221,1.219073,1.0470824,1.0185075,1.688075,0.4812858,0.42730162,0.46839008,0.47090957,0.43920285,0.5187142,0.5726984,0.5316099,0.52909046,0.56079715,-0.037428357,-0.14539678,-0.06321984,-0.058180884,-0.1215943
191,SH600233,-0.01756692356028891,0.05555555555555555,,,,SH600233,XD圆通速,2026-09-16,-0.007034004,0.03165302,-0.22222222,0.011137204,0.3518528,0.013481811,0.42592496,-0.0046893973,-0.14815007,1.0070838,1.0182999,0.98642266,0.9970113,0.984736,0.9730267,1.095034,1.1254574,0.92326194,1.0187768,1.0038265,1.0011971,1.0340443,1.0265796,0.01905079,0.02094952,0.018522311,0.050253667,0.055771515,-0.010141159,0.0027828736,0.00013261203,-0.004288694,0.00057640445,0.7084174,0.16175222,0.001794087,0.56443805,0.03257839,0.0015055032,-0.0163494,-0.002456899,0.02814179,-0.043583494,1.0556946,1.0556946,1.0897175,1.1348734,1.1389838,0.97888273,0.9683504,0.9659928,0.9659928,0.87341577,1.033999,1.0146576,1.0155149,1.095264,1.0840774,1.0051856,0.9890016,0.9897125,0.99171984,0.9897125,0.2,0.6,0.65,0.43333334,0.35,0.27492204,0.36235502,0.27486208,0.20136838,0.47665447,0.6,0.8,0.05,0.13333334,0.48333332,0.2,0.1,0.5,0.6666667,0.05,0.4,0.7,-0.45,-0.53333336,0.43333334,0.83422965,0.69585,0.74412876,0.075133204,-0.04014138,0.7851647,0.80223453,0.12827182,0.19141127,0.15266909,0.4,0.4,0.3,0.33333334,0.45,0.6,0.6,0.65,0.6333333,0.53333336,-0.2,-0.2,-0.35,-0.3,-0.083333336,0.5714285,0.58520466,0.33466715,0.36984813,0.53436327,0.42857155,0.41479534,0.66533285,0.63015187,0.46563673,0.1428569,0.17040932,-0.3306657,-0.26030374,0.06872652,1.7543955,1.6068025,1.5866624,1.5097274,1.744783,0.71184295,0.59663594,0.6720004,0.576903,0.89842826,1.031068,1.1914103,1.730515,1.52673,1.2923788,0.49065202,0.49854603,0.4854919,0.47574383,0.49426687,0.509348,0.50145394,0.51450807,0.52425617,0.50573313,-0.018695962,-0.0029079032,-0.029016169,-0.048512314,-0.011466255
192,SZ000063,-0.017609576545359697,0.05555555555555555,,,,,,2026-09-16,0.009984373,0.016224667,0.6153823,0.0046802033,0.2884622,0.0015600909,0.096155494,0.006864261,0.42307562,0.99011433,1.0046339,0.9885697,0.99794364,1.022231,1.0345954,1.0401442,1.0732051,1.1420747,0.99442977,1.0098772,1.0258653,1.0426861,1.0771707,0.006743813,0.017032903,0.021526773,0.0320768,0.0616921,-0.0009866556,-0.004905752,-0.0028582916,-0.0030616536,-0.0024935391,0.053513106,0.76040554,0.6170541,0.7060441,0.49827966,0.0075435233,0.012198621,0.0012884246,0.0017079305,-0.0036113707,1.0163639,1.0426271,1.0778451,1.1183033,1.3123789,0.9823773,0.9823773,0.9823773,0.9823773,0.9823773,1.0004925,1.0263739,1.043923,1.071974,1.1078932,0.9884956,0.99282044,1.0019697,1.0221096,1.0293106,0.8,0.4,0.2,0.13333334,0.06666667,0.51851964,0.292494,0.1845931,0.12964919,0.05340186,0.2,0.1,0.5,0.26666668,0.2,0.6,0.8,0.9,0.93333334,0.96666664,-0.4,-0.7,-0.4,-0.6666667,-0.76666665,0.76441324,0.5740728,0.54945964,0.83234185,0.8027125,0.041054074,-0.1205242,-0.07326659,0.4059845,0.48913488,0.4,0.3,0.45,0.36666667,0.45,0.6,0.7,0.55,0.6,0.53333336,-0.2,-0.4,-0.1,-0.23333333,-0.083333336,0.26942948,0.26474142,0.3891626,0.39848587,0.4478786,0.73057055,0.7352586,0.6108374,0.60151416,0.5521214,-0.46114108,-0.47051716,-0.2216748,-0.20302826,-0.10424277,1.0282849,1.1548667,1.3252957,2.0306957,3.612288,0.22661649,0.28420296,0.42429885,1.2377721,2.6394553,0.81525904,0.7715963,1.0158874,1.6392071,1.8972843,0.50469196,0.26968655,0.36677653,0.43377382,0.4806301,0.495308,0.7303134,0.6332235,0.5662262,0.5193699,0.009383974,-0.46062687,-0.26644695,-0.13245235,-0.03873981
193,SH600115,-0.017704698915224762,0.2222222222222222,,,,SH600115,中国东航,2026-09-16,-0.0029940587,0.020958103,-0.14285924,0.005988015,0.28571358,0.01197603,0.57142717,0.002993956,0.14285435,1.003003,1.009009,0.987988,0.9962939,1.0541126,1.0238096,1.0367965,1.1341991,1.1645021,1.0168831,1.0313853,1.0415585,1.0538961,1.0844878,0.016008567,0.019607056,0.020720761,0.029064039,0.049646933,-0.009740274,-0.0049980357,-0.0022003066,-0.0026335178,-0.0022384766,0.92550224,0.59564203,0.39465988,0.6363005,0.6200406,0.002597434,-0.008894125,-0.020655535,-0.0157101,-0.01845268,1.0531269,1.0626279,1.0890872,1.1474061,1.2737913,0.987988,0.987988,0.987988,0.987988,0.987988,1.0272727,1.048052,1.0554112,1.0731602,1.1233767,1.0069264,1.0103896,1.0238096,1.0320346,1.0476191,0.2,0.1,0.05,0.033333335,0.016666668,0.18440564,0.16093254,0.118813835,0.075348996,0.04202889,0.2,0.2,0.25,0.033333335,0.016666668,1.0,1.0,1.0,1.0,1.0,-0.8,-0.8,-0.75,-0.96666664,-0.98333335,0.061738517,0.010410047,-0.038735062,-0.20910563,0.5687458,-0.39651698,-0.066236645,0.006937548,-0.103949554,0.11951952,0.0,0.4,0.45,0.36666667,0.45,1.0,0.6,0.5,0.56666666,0.51666665,-1.0,-0.2,-0.05,-0.2,-0.06666667,0.0,0.36585355,0.4174759,0.29870147,0.41629964,1.0,0.63414645,0.58252406,0.70129853,0.58370036,-1.0,-0.2682929,-0.16504817,-0.40259707,-0.16740073,1.027187,0.9857124,0.92118454,0.86658263,1.0633407,0.563305,0.43596628,0.33591598,0.2907445,0.39512914,0.98555785,1.0752101,0.86679226,0.88065684,1.4425288,0.5350001,0.48887974,0.50886124,0.48233137,0.48963413,0.4649999,0.51112026,0.49113876,0.5176686,0.5103659,0.07000015,-0.02224053,0.017722463,-0.03533727,-0.020731758
194,SZ002475,-0.017794093031372502,0.16666666666666666,,,,,,2026-09-16,0.024999967,0.042248145,0.59174114,0.0056201974,0.13302827,0.0116279805,0.27523056,0.031007748,0.73394346,0.9756098,1.0054832,0.9642654,0.99064344,1.0561544,1.0792207,1.0115359,1.056345,1.4155642,1.0101732,1.0294203,1.0432421,1.0511897,1.1077639,0.028103113,0.02928429,0.032230515,0.032287877,0.08405557,-0.013009191,-0.0073772585,-0.0019368905,-0.0016320033,-0.003962534,0.53571236,0.5817442,0.12639901,0.19799982,0.6778176,0.01584523,0.0037773517,-0.024841674,-0.027525576,0.009130911,1.0572919,1.096426,1.1049359,1.1249754,1.4297087,0.9642654,0.9642654,0.9642654,0.9642654,0.9642654,1.0330532,1.056419,1.0768024,1.0793351,1.173303,0.99357086,0.9995839,1.0142592,1.0244683,1.0460227,0.6,0.3,0.15,0.1,0.05,0.3841337,0.2703877,0.25403047,0.2223544,0.07677538,0.4,0.1,0.35,0.3,0.016666668,1.0,1.0,1.0,1.0,1.0,-0.6,-0.9,-0.65,-0.7,-0.98333335,-0.2765162,-0.19537088,0.12412405,0.13722932,0.6098862,-0.32266024,-0.24439956,0.08820249,0.04257248,0.15729219,0.4,0.4,0.5,0.5,0.45,0.6,0.6,0.5,0.5,0.55,-0.2,-0.2,0.0,0.0,-0.1,0.29850677,0.3442352,0.48598686,0.45788452,0.39888895,0.70149326,0.65576476,0.5140131,0.5421155,0.60111105,-0.40298647,-0.31152958,-0.028026279,-0.08423096,-0.20222212,1.1163297,1.110775,1.1972526,1.2955172,1.6534994,0.21199349,0.21169616,0.2697752,0.34996003,0.66077757,0.6651129,0.61860967,0.8084092,0.9843858,1.1325222,0.55403376,0.46506593,0.40693492,0.40769246,0.4151011,0.4459662,0.53493404,0.5930651,0.5923075,0.5848989,0.10806757,-0.06986814,-0.1861302,-0.18461506,-0.16979778
195,SZ302132,-0.01797153267188106,0.05555555555555555,,,,,,2026-09-16,-0.00066960783,0.021761,-0.030771004,0.005691308,0.26153708,0.015400085,0.7076919,0.009039168,0.41538385,1.0006701,1.0063652,0.9845896,0.995061,1.0913112,1.06198,0.9551323,0.9710281,0.9706964,1.0309623,1.0443646,1.0146062,1.0017011,0.9744971,0.036522403,0.03255677,0.046281725,0.043070726,0.04612165,-0.021676391,-0.0063412436,0.0051117563,0.0032777966,0.0017957228,0.88063365,0.34775847,0.426962,0.4488501,0.46234778,0.0123904515,-0.015828995,-0.063167885,-0.04922914,-0.027470922,1.0968316,1.1127522,1.1127522,1.1127522,1.1127522,0.9845896,0.9845896,0.92213035,0.92213035,0.86701405,1.06543,1.0698532,1.0620463,1.0457026,1.00209,1.0010837,1.0108645,0.9640561,0.96151274,0.94843113,0.2,0.1,0.325,0.48333332,0.7416667,0.13729623,0.12024102,0.40850323,0.40850323,0.54116935,0.2,0.5,0.75,0.8333333,0.9166667,1.0,1.0,0.15,0.43333334,0.23333333,-0.8,-0.5,0.6,0.4,0.68333334,0.6112269,0.76038456,0.80968493,0.72408867,0.53058505,-0.43514216,0.41961133,0.6333022,0.535851,0.48890373,0.0,0.3,0.45,0.43333334,0.48333332,1.0,0.7,0.55,0.56666666,0.51666665,-1.0,-0.4,-0.1,-0.13333334,-0.033333335,0.0,0.3463541,0.56365204,0.5263715,0.5145126,1.0,0.6536459,0.43634796,0.47362855,0.4854874,-1.0,-0.3072918,0.12730406,0.052742906,0.0290252,1.321059,1.6152004,1.5025233,1.4289782,1.319057,0.32627076,0.52849245,0.83681893,0.71973073,0.5501493,1.1553597,1.1101716,1.3990359,1.2897675,1.2320669,0.13062163,0.24863057,0.48085698,0.50479734,0.50207406,0.8693784,0.7513694,0.51914304,0.49520266,0.4979259,-0.7387567,-0.50273883,-0.038286038,0.00959468,0.0041481615
196,SZ300450,-0.01815337952531079,0.1111111111111111,,,,,,2026-09-16,-0.0043970426,0.06061561,-0.07253977,0.020100476,0.3316056,0.03611809,0.59585464,0.011620573,0.19170925,1.0044165,1.0246058,0.9637224,0.9893925,0.97256416,1.0072607,1.0574183,1.109789,1.4184048,0.96441525,0.97703725,1.0147805,1.042757,1.0815362,0.030561183,0.026724935,0.044771634,0.055005774,0.09079724,0.016182613,-0.0030906587,-0.0065597426,-0.0057167495,-0.0038192899,0.70096594,0.12259712,0.7513387,0.83711183,0.5396595,0.0032195433,0.036870714,0.04753702,0.040135827,0.031132935,1.0246058,1.027138,1.11136,1.1318706,1.4158919,0.9154531,0.9154531,0.9154531,0.9154531,0.9154531,0.9959619,0.9967259,1.0600618,1.0979203,1.1218365,0.94125694,0.94738376,0.9738253,0.99463713,1.007009,1.0,0.9,0.45,0.3,0.18333334,0.7745752,0.7570132,0.43156692,0.3906658,0.16894555,1.0,0.2,0.4,0.16666667,0.016666668,0.4,0.7,0.85,0.9,0.95,0.6,-0.5,-0.45,-0.73333335,-0.93333334,0.9178099,0.27309588,0.20182118,0.30862927,0.49677137,0.72730476,0.581641,0.5909603,0.4434175,0.22942752,0.6,0.4,0.4,0.43333334,0.43333334,0.4,0.6,0.6,0.56666666,0.56666666,0.2,-0.2,-0.2,-0.13333334,-0.13333334,0.63629514,0.47503912,0.3924352,0.3729966,0.33944464,0.36370486,0.5249609,0.6075648,0.6270034,0.66055536,0.27259025,-0.049921777,-0.21512963,-0.2540068,-0.32111073,0.7042879,0.540488,0.5358088,0.55757934,0.72204596,0.40816617,0.32458448,0.24325697,0.20570935,0.26441196,1.5334402,1.8647923,1.7475837,1.483958,1.0894948,0.7223679,0.6223198,0.55419374,0.51267207,0.50028956,0.27763212,0.37768015,0.44580626,0.48732793,0.49971047,0.44473574,0.24463968,0.10838749,0.02534416,0.0005790753
197,SH601688,-0.01861465445441459,0.16666666666666666,,,,SH601688,华泰证券,2026-09-16,-0.00323627,0.017799342,-0.18181965,0.00323627,0.18181965,0.011326802,0.6363607,0.0048542623,0.27272144,1.0032468,1.0064936,0.98863643,0.9980437,1.045697,1.0403657,1.0011425,1.0472201,1.104722,1.0208683,1.0355294,1.0325781,1.0293349,1.0551219,0.022005256,0.021750921,0.022375712,0.019552805,0.035896655,-0.013099773,-0.006450647,0.00051280094,0.0005136451,-0.0015219066,0.88596106,0.80623686,0.018382812,0.05348228,0.5482364,0.0053312816,-0.0065014395,-0.037449706,-0.03678274,-0.010225642,1.0601478,1.069469,1.069469,1.069469,1.1600018,0.98863643,0.98863643,0.98761785,0.98761785,0.98761785,1.0307692,1.0554456,1.0518659,1.0488195,1.0857579,1.0048743,1.0152323,1.0067023,1.0083778,1.0255903,0.2,0.1,0.1,0.06666667,0.033333335,0.15890607,0.1405818,0.1512764,0.1512764,0.07182884,0.2,0.2,0.6,0.73333335,0.083333336,1.0,1.0,0.05,0.36666667,0.68333334,-0.8,-0.8,0.55,0.36666667,-0.6,-0.117428154,0.0888316,0.1585036,-0.0101940995,0.63789785,-0.27764353,-0.21239632,0.28144532,0.23965251,0.29345235,0.2,0.4,0.55,0.46666667,0.45,0.8,0.6,0.45,0.53333336,0.51666665,-0.6,-0.2,0.1,-0.06666667,-0.06666667,0.15909036,0.30514675,0.49720654,0.4205127,0.43853375,0.84090966,0.69485325,0.5027935,0.57948726,0.5614662,-0.68181926,-0.3897065,-0.005586942,-0.15897457,-0.122932486,1.0165179,1.0235147,1.1680533,1.2982014,1.7339627,0.22892986,0.24075899,0.33731666,0.3718251,0.8112972,1.0561613,1.0554762,1.1706648,0.96877396,1.4039993,0.61449826,0.47274154,0.43974578,0.46583667,0.4525046,0.3855017,0.52725846,0.5602542,0.53416336,0.54749537,0.22899657,-0.054516897,-0.120508425,-0.06832667,-0.09499078
198,SZ002916,-0.018926093302775778,0.16666666666666666,,,,,,2026-09-16,0.0016843559,0.040679954,0.04140506,0.020442028,0.50250864,0.01855357,0.4560863,-0.00020410215,-0.005017266,0.9983185,1.0204077,0.9797961,0.9982496,0.9765594,0.88761824,0.87624687,0.88962615,1.1003768,0.99889827,0.9590954,0.9298918,0.93841374,0.9513223,0.0076099248,0.058117244,0.052840054,0.049281098,0.10404667,-0.0016772322,0.016003346,0.006782411,0.0008639539,-0.0023378415,0.12144108,0.69506115,0.5766466,0.023818923,0.1539833,0.004456197,-0.031110482,0.0056752535,0.04905895,0.117644,1.030569,1.030569,1.030569,1.030569,1.2345697,0.9605104,0.8361971,0.8361971,0.8361971,0.72460395,1.0021304,0.9996134,0.99171036,0.9846235,1.0284337,0.99261236,0.91793746,0.87827635,0.8851507,0.86724645,0.8,0.9,0.95,0.93333334,0.73333335,0.5636657,0.84272945,0.84272945,0.84272945,0.5400285,0.8,0.9,0.95,0.96666664,0.083333336,0.2,0.2,0.6,0.73333335,0.43333334,0.6,0.7,0.35,0.23333333,-0.35,0.805814,0.5406701,0.45494267,0.3187227,0.2836726,0.95832247,0.41460514,0.4873653,0.19023585,0.27095115,0.8,0.7,0.6,0.6,0.48333332,0.2,0.3,0.4,0.4,0.51666665,0.6,0.4,0.2,0.2,-0.033333335,0.68926644,0.73868823,0.63633573,0.57057333,0.4779147,0.3107336,0.26131177,0.36366427,0.42942667,0.5220853,0.37853283,0.47737643,0.27267143,0.14114664,-0.044170596,1.0739566,1.0915401,1.0510968,1.1629025,1.4974188,0.08495744,0.2940774,0.25467035,0.3177208,0.5148704,0.71896195,1.2738221,1.099533,1.1976172,0.9220052,0.48440012,0.59802216,0.40014893,0.4390933,0.48153636,0.5155999,0.40197787,0.5998511,0.5609067,0.5184637,-0.031199755,0.19604427,-0.19970216,-0.12181342,-0.036927298
199,SZ002415,-0.019125368241152334,0.2777777777777778,,,,,,2026-09-16,-0.0030572088,0.017731503,-0.17241679,0.0024456512,0.1379269,0.012228643,0.6896563,0.006725782,0.3793126,1.0030665,1.0055197,0.98773384,0.9964392,1.034962,1.0788072,1.0392487,1.1603523,1.0272313,1.013799,1.034713,1.0531276,1.0645262,1.0605427,0.011217829,0.026941556,0.02966542,0.034696642,0.041882973,-0.00699241,-0.008552921,-0.0031295745,-0.0028413406,0.00040475,0.97135097,0.92383635,0.38952702,0.51972485,0.02848384,0.00018582073,0.0037750711,-0.02339668,-0.0233268,-0.072482854,1.0352694,1.0972103,1.109477,1.1516,1.1826885,0.98773384,0.9843583,0.9843583,0.9843583,0.9801405,1.0212201,1.0693047,1.0768448,1.0975841,1.0922419,1.0039248,1.0144705,1.0260072,1.0343477,1.0254819,0.2,0.1,0.05,0.033333335,0.033333335,0.2580418,0.13860379,0.12501499,0.09352759,0.09804822,0.2,0.2,0.45,0.033333335,0.46666667,1.0,0.4,0.7,0.8,0.05,-0.8,-0.2,-0.25,-0.76666665,0.41666666,0.020866614,0.05471611,0.08676471,0.4034886,0.26412186,-0.33110833,-0.89751464,-0.522144,-0.4670894,0.11503174,0.0,0.1,0.4,0.4,0.48333332,1.0,0.8,0.55,0.56666666,0.5,-1.0,-0.7,-0.15,-0.16666667,-0.016666668,0.0,0.03616727,0.40032735,0.27365267,0.48525226,1.0,0.96383274,0.5996727,0.7263473,0.51474774,-1.0,-0.9276655,-0.1993453,-0.45269462,-0.029495467,0.85403514,1.303745,1.2768177,1.5379599,2.137789,0.17637862,1.1203736,0.79332733,0.7769687,1.0838616,0.46250474,2.4171517,2.0177376,1.461698,1.3769081,0.3277199,0.49644154,0.4643214,0.44914195,0.46041757,0.67228013,0.50355846,0.53567857,0.5508581,0.53958243,-0.3445602,-0.007116943,-0.071357176,-0.1017161,-0.07916486
200,SZ002602,-0.019204074058669487,0.16666666666666666,,,,,,2026-09-16,-0.019437004,0.026809627,-0.72500086,0.0026809543,0.09999969,0.00469167,0.17499945,-0.017426288,-0.6500011,1.0198222,1.0225564,0.99521536,1.0068551,1.0786215,0.9590262,0.95010966,0.9651829,0.90156394,1.0354398,1.0534074,1.0030323,0.9899535,0.9593518,0.02785075,0.039679542,0.058704723,0.052215222,0.055503465,-0.01703347,-0.0051728077,0.007106916,0.0038970958,0.0018091855,0.935131,0.15578684,0.5129609,0.4317075,0.32406032,-0.0013728745,-0.03012977,-0.070548035,-0.046461415,-0.012722749,1.0807079,1.1333011,1.1333011,1.1333011,1.1333011,0.99521536,0.953517,0.92347074,0.92347074,0.8202217,1.063619,1.0834053,1.0659401,1.0362749,0.9807373,1.0164179,1.0164179,0.9505626,0.94727904,0.928809,0.2,0.2,0.6,0.73333335,0.8666667,0.055965878,0.25854883,0.36471954,0.36471954,0.57422566,0.2,0.3,0.65,0.76666665,0.8833333,1.0,0.1,0.1,0.4,0.35,-0.8,0.2,0.55,0.36666667,0.53333336,0.2806006,0.40238738,0.5564538,0.4654313,-0.0013580124,-0.054948293,0.45423186,0.40439272,0.3236349,0.39572364,0.0,0.3,0.35,0.36666667,0.43333334,0.8,0.6,0.6,0.6,0.53333336,-0.8,-0.3,-0.25,-0.23333333,-0.1,0.0,0.58189535,0.57495224,0.5301471,0.53805745,1.0,0.41810465,0.42504779,0.46985292,0.46194252,-1.0,0.16379069,0.14990446,0.060294125,0.07611493,0.9209516,1.5893732,1.2678679,1.255012,1.5378958,0.16530485,0.9650744,0.7837731,0.67399186,0.6638993,0.8811757,1.5661635,1.9921184,1.6677461,1.2672892,0.39674023,0.4165972,0.5064948,0.48317724,0.48845392,0.6032598,0.5834028,0.49350518,0.51682276,0.5115461,-0.20651957,-0.16680564,0.012989625,-0.033645514,-0.023092154
201,SH601878,-0.019559067597609746,0.16666666666666666,,,,SH601878,浙商证券,2026-09-16,0.0055617057,0.015572892,0.3571402,0.004449408,0.28571495,0.005561778,0.35714483,0.006674076,0.4285701,0.99446905,1.0044248,0.98893803,0.9969675,1.0306324,1.034585,1.0118577,1.0573123,1.0306324,1.0073123,1.0227273,1.0258399,1.0297102,1.0409585,0.015664456,0.019762846,0.01638264,0.015922599,0.018411476,-0.007905137,-0.006000721,-0.00077193906,-0.00087053166,-0.00071503734,0.6366901,0.8451218,0.0777081,0.23165567,0.46002352,0.008497998,0.0042759464,-0.018506518,-0.01708745,-0.019864913,1.0379045,1.0540671,1.0540671,1.0576239,1.0905617,0.98893803,0.98893803,0.98893803,0.98893803,0.98893803,1.0108696,1.0373518,1.037747,1.044664,1.0565218,0.9990119,1.0015811,1.0104743,1.0134387,1.0304347,0.4,0.2,0.1,0.06666667,0.033333335,0.22590896,0.16984656,0.16984656,0.16105154,0.10885216,0.2,0.2,0.6,0.2,0.016666668,1.0,1.0,1.0,1.0,1.0,-0.8,-0.8,-0.4,-0.8,-0.98333335,0.09542069,0.29891217,0.5256172,0.38713214,0.651664,-0.55167526,-0.41764817,0.044454433,-0.028893203,0.3475076,0.4,0.5,0.55,0.5,0.53333336,0.6,0.5,0.45,0.5,0.46666667,-0.2,0.0,0.1,0.0,0.06666667,0.18367311,0.28395084,0.45890397,0.3632075,0.4743802,0.8163269,0.71604913,0.54109603,0.63679254,0.5256198,-0.6326538,-0.43209833,-0.08219205,-0.27358505,-0.05123963,1.1393684,1.198359,1.2760503,1.2672278,1.7425405,0.56029963,0.45681712,0.49618033,0.44000763,0.98585105,1.6448765,1.4991431,1.3016764,1.2287251,2.1254258,0.52256244,0.46211192,0.48134482,0.47398466,0.46318972,0.4774376,0.53788805,0.5186552,0.52601534,0.5368103,0.04512484,-0.07577615,-0.03731034,-0.05203069,-0.073620565
202,SH601877,-0.019766345531922063,0.16666666666666666,,,,SH601877,正泰电器,2026-09-16,-0.0040274085,0.02053967,-0.19607952,0.00644384,0.31372657,0.01006842,0.49019387,-0.0004028288,-0.019612234,1.0040437,1.0105135,0.9898909,0.99849707,1.0412962,1.0065205,0.9660146,1.0456432,1.0472239,1.007548,1.0214187,1.0319502,1.0261279,1.0125173,0.009430018,0.017968021,0.019721167,0.02116792,0.028006444,-0.0044852905,-0.0042607486,-0.00266612,-0.00020901827,0.0007139954,0.5655827,0.5154456,0.6396792,0.00755638,0.19823244,0.0014226371,-0.0022453552,-0.0066220965,-0.023097169,-0.033580184,1.0356356,1.0602931,1.0824769,1.0824769,1.0824769,0.9898909,0.9898909,0.9898909,0.9656103,0.94210386,1.0093658,1.0413753,1.0467101,1.0421656,1.0409801,1.002213,1.0048212,1.0063624,1.0063624,0.98782855,0.2,0.1,0.05,0.06666667,0.3,0.22099009,0.14359118,0.10918645,0.29426473,0.41244498,0.2,0.3,0.1,0.4,0.7,1.0,1.0,1.0,0.33333334,0.23333333,-0.8,-0.7,-0.9,0.06666667,0.46666667,-0.35343346,0.5564813,0.7142145,0.5127486,0.24608195,-0.6042816,0.5062939,0.4894586,0.39263958,0.37964985,0.4,0.5,0.4,0.33333334,0.4,0.6,0.5,0.55,0.6333333,0.56666666,-0.2,0.0,-0.15,-0.3,-0.16666667,0.06276117,0.46994522,0.5575636,0.44346544,0.47134978,0.9372388,0.5300548,0.44243643,0.5565346,0.5286502,-0.8744776,-0.060109578,0.11512715,-0.11306912,-0.057300434,1.076334,1.281744,1.814399,1.6267707,1.6758102,0.21174258,0.5823904,0.9695349,0.84426856,0.63969797,1.1208336,1.4983261,2.0335243,2.1176577,1.7069833,0.42316166,0.44546804,0.47372833,0.47419688,0.48444313,0.5768383,0.554532,0.5262717,0.5258031,0.5155569,-0.15367667,-0.10906393,-0.052543372,-0.051606223,-0.031113725
203,SZ300316,-0.02006594873227747,0.1111111111111111,,,,,,2026-09-16,0.042536963,0.061130915,0.6958339,0.010188457,0.1666662,0.008405494,0.1374999,0.040754,0.66666764,0.9591986,1.0097728,0.95113605,0.9905214,0.98536384,1.0513273,1.070859,1.0107499,1.39409,0.97684467,0.9923615,1.0239906,1.034378,1.0660219,0.015301668,0.025392046,0.03946689,0.041958008,0.13871028,0.0022736357,-0.0062595736,-0.0053139683,-0.0025302726,-0.0042152456,0.055195566,0.55706465,0.6345124,0.28184256,0.28166208,0.018608052,0.03580662,0.026492083,0.0023108958,0.058327828,1.0097728,1.0652517,1.1150883,1.1336441,1.560736,0.9406393,0.9406393,0.9406393,0.9406393,0.8673488,0.9833855,1.0104623,1.0561976,1.0631927,1.1326689,0.96604425,0.9759665,0.98236096,0.99356014,0.96604425,1.0,0.7,0.35,0.26666668,0.38333333,0.85863924,0.47636244,0.34027514,0.30756074,0.191309,1.0,0.1,0.35,0.3,0.083333336,0.4,0.7,0.85,0.9,0.3,0.6,-0.6,-0.5,-0.6,-0.21666667,0.32023957,0.19598201,0.50997585,0.46341333,0.6355675,0.31564566,0.026828418,0.19797568,0.12744123,0.076327845,0.2,0.2,0.4,0.46666667,0.43333334,0.8,0.8,0.6,0.53333336,0.56666666,-0.6,-0.6,-0.2,-0.06666667,-0.13333334,0.6093516,0.31312016,0.3927425,0.49079514,0.3951105,0.3906484,0.6868799,0.6072575,0.50920486,0.6048895,0.2187032,-0.3737597,-0.21451497,-0.01840972,-0.20977902,0.780494,0.8052979,0.9868914,1.1222154,2.001543,0.1822918,0.17964464,0.29842556,0.360245,1.3229718,1.392718,1.0589068,1.0042483,0.9375563,1.4026052,0.71005374,0.46832785,0.41382933,0.45790675,0.42316073,0.2899463,0.5316721,0.5861707,0.5420932,0.57683927,0.42010742,-0.06334428,-0.17234138,-0.08418647,-0.15367857
204,SZ300442,-0.020190683419222345,0.2222222222222222,,,,,,2026-09-16,0.025901647,0.04049183,0.63967586,0.005409811,0.13360253,0.009180373,0.2267216,0.02967221,0.73279494,0.9747523,1.0052732,0.96580374,0.9879477,0.99009246,1.0219438,1.0373373,1.1093916,1.3542126,0.9775485,0.9913698,1.0024114,1.0327464,1.0939614,0.01455628,0.019548804,0.022343956,0.05042829,0.11984711,0.0038729412,-0.0044721304,-0.0019266431,-0.0046015633,-0.0052979835,0.17697869,0.47973344,0.26022586,0.6453035,0.59602696,0.014705636,0.02875478,0.01589178,0.033976175,0.062329207,1.0052732,1.038829,1.0595771,1.159974,1.471221,0.9476964,0.9476964,0.9476964,0.9476964,0.90980774,0.9863751,1.0031277,1.0219438,1.0787848,1.2103496,0.96747726,0.9723737,0.98775077,0.9907476,0.9998199,1.0,0.7,0.5,0.33333334,0.21666667,0.90841407,0.5739286,0.4674941,0.24639249,0.1606522,1.0,0.2,0.45,0.26666668,0.083333336,0.4,0.7,0.85,0.9,0.43333334,0.6,-0.5,-0.4,-0.6333333,-0.35,0.2899897,0.22671263,0.548985,0.89935946,0.70594436,0.1101904,-0.15483075,0.18379207,0.30826804,0.419453,0.4,0.3,0.3,0.36666667,0.36666667,0.6,0.6,0.65,0.6,0.6166667,-0.2,-0.3,-0.35,-0.23333333,-0.25,0.5768747,0.4155109,0.43599096,0.40132937,0.40846384,0.42312536,0.5844891,0.564009,0.59867066,0.59153616,0.15374929,-0.16897823,-0.12801807,-0.19734126,-0.18307236,0.787463,0.813062,0.9001464,1.3069295,1.7467557,0.17504491,0.14665185,0.2196164,0.6810473,0.86358017,0.8459932,0.7499567,1.0781696,1.1313378,1.2408812,0.64298785,0.5590927,0.41420987,0.40285808,0.47616774,0.35701218,0.44090727,0.5857901,0.5971419,0.52383226,0.28597566,0.11818543,-0.17158024,-0.19428381,-0.0476645
205,SZ300866,-0.020575226218552057,0.05555555555555555,,,,,,2026-09-16,-0.020392181,0.027999992,-0.7282924,0.0039215586,0.1400557,0.0036862516,0.1316519,-0.020627487,-0.73669624,1.0208167,1.0248199,0.99623704,1.0084459,1.0264155,1.0328243,0.9200289,0.9415961,0.8648574,1.0196946,1.0394003,1.0120876,0.98982203,0.94601905,0.012745263,0.031987697,0.04490311,0.050280757,0.06732913,-0.0071834526,-0.009360432,0.004445158,0.0042262613,0.0033591026,0.79416156,0.78494143,0.3429964,0.54753363,0.7591723,-0.0053276774,0.0027216165,-0.054316577,-0.051102802,-0.045112602,1.0424335,1.1142877,1.1142877,1.1142877,1.1142877,0.99623704,0.99623704,0.9135598,0.9131601,0.8006629,1.0259362,1.0646678,1.033337,1.0267386,1.007657,1.0153812,1.0200735,0.9903923,0.9367253,0.87497765,0.2,0.1,0.35,0.56666666,0.78333336,0.081456155,0.031876024,0.4306337,0.43176526,0.63559103,0.2,0.1,0.55,0.7,0.85,1.0,1.0,0.15,0.06666667,0.1,-0.8,-0.9,0.4,0.6333333,0.75,-0.53500956,0.79844874,0.6356943,0.5267643,-0.07945215,-0.22453019,0.47933874,0.40739372,0.29318827,0.2742099,0.4,0.4,0.6,0.56666666,0.51666665,0.6,0.6,0.4,0.43333334,0.48333332,-0.2,-0.2,0.2,0.13333334,0.033333335,0.24070005,0.41495812,0.602897,0.54836625,0.5503969,0.75929993,0.5850419,0.397103,0.45163375,0.44960305,-0.51859987,-0.17008375,0.20579398,0.09673249,0.10079387,0.80095637,1.1297122,1.1205742,1.0570613,1.2214943,0.13223168,0.53345305,0.50132877,0.42574078,0.4204058,0.7975104,1.5516855,1.3061893,1.1528798,1.0238271,0.7110279,0.43104145,0.5162252,0.46737444,0.4597292,0.2889721,0.5689585,0.48377478,0.53262556,0.5402708,0.4220558,-0.13791709,0.032450423,-0.065251105,-0.08054161
206,SH600426,-0.02131434881963553,0.05555555555555555,,,,SH600426,华鲁恒升,2026-09-16,-0.0075452793,0.02816899,-0.26785764,0.0045271446,0.16071378,0.016096566,0.5714286,0.0040241415,0.14285715,1.0076027,1.0121642,0.98378104,0.9956149,1.0729648,1.0481561,1.0623283,1.0643739,1.0138216,1.0134767,1.0345596,1.0456372,1.0532309,1.0308193,0.022749173,0.029408772,0.032010123,0.029274687,0.05243325,-0.010794223,-0.0069055366,-0.0018537531,-0.001655032,0.0016314313,0.5628486,0.50542015,0.11738081,0.24770227,0.29527313,0.008111754,-0.0034847138,-0.028026652,-0.0292329,-0.078946576,1.0922276,1.0922276,1.138876,1.138876,1.138876,0.98378104,0.98378104,0.98175013,0.98175013,0.8972668,1.0164222,1.0588919,1.0717492,1.0735784,1.0761323,1.0,1.0052598,1.0107474,1.0273625,0.97353166,0.3,0.15,0.075,0.05,0.29166666,0.14955708,0.14955708,0.11614809,0.11614809,0.42520407,0.2,0.6,0.45,0.6333333,0.81666666,1.0,1.0,0.25,0.5,0.083333336,-0.8,-0.4,0.2,0.13333334,0.73333335,0.4319566,0.47806594,0.5919619,0.54350877,-0.09510006,-0.16939647,-0.15649356,0.09271428,0.1549486,0.21678193,0.2,0.4,0.4,0.43333334,0.46666667,0.8,0.5,0.55,0.53333336,0.5,-0.6,-0.1,-0.15,-0.1,-0.033333335,0.07634829,0.3519581,0.419406,0.44146872,0.49401975,0.9236517,0.6480419,0.580594,0.5585313,0.50598025,-0.84730345,-0.29608384,-0.16118799,-0.11706258,-0.011960485,1.1885911,1.3262552,1.6180118,1.6125041,1.8207072,0.3692372,0.34595218,0.51764375,0.49657658,0.51230025,1.263284,1.1935439,1.0749962,1.0228608,0.9411754,0.4418238,0.31976122,0.47434133,0.4702406,0.47168484,0.5581762,0.6802388,0.52565867,0.5297594,0.5283151,-0.11635239,-0.36047754,-0.051317327,-0.059518818,-0.056630302
207,SH688072,-0.02141267186062317,0.05555555555555555,,,,SH688072,拓荆科技,2026-09-16,0.039147265,0.05465331,0.71628356,0.009526898,0.17431512,0.005979145,0.10940134,0.03559951,0.65136975,0.9623275,1.009168,0.9565736,0.98836213,0.9288329,0.948157,1.0153964,0.9975577,1.2067032,0.93633235,0.93584657,0.96045667,0.9857097,1.0227672,0.04379927,0.031255044,0.03658788,0.05064162,0.09482033,0.018438805,0.002210023,-0.0038403834,-0.0043673017,-0.004453758,0.44306952,0.045831576,0.38560504,0.5763853,0.52069217,0.026790047,0.054208323,0.07602699,0.077616125,0.08813133,1.009168,1.009168,1.0439858,1.1120608,1.3906511,0.8654277,0.8654277,0.8654277,0.8654277,0.83880603,0.96404976,0.95592135,0.9942336,1.0170437,1.0970552,0.90782666,0.91491395,0.928766,0.94068563,0.9444755,1.0,1.0,0.9,0.6,0.48,0.9362183,0.9362183,0.7536609,0.54563767,0.29210004,1.0,1.0,0.05,0.3,0.05,0.8,0.9,0.95,0.96666664,0.05,0.2,0.1,-0.9,-0.6666667,0.0,0.6256303,0.50645435,0.5016568,0.6751515,0.61922646,0.3649267,0.23651469,0.2762081,0.24750796,0.27381584,0.4,0.3,0.4,0.5,0.41666666,0.6,0.7,0.6,0.5,0.4,-0.2,-0.4,-0.2,0.0,0.016666668,0.72241724,0.5968741,0.48489937,0.50142753,0.4449673,0.27758273,0.4031259,0.51510066,0.4985725,0.55503273,0.44483453,0.19374819,-0.03020127,0.0028550269,-0.110065416,0.6879799,0.59841466,0.6323767,0.7416731,1.046875,0.30777854,0.23716682,0.19794948,0.23587103,0.52373445,1.0663481,1.1358926,0.9781543,0.9646484,1.2941828,0.82229865,0.691219,0.4903125,0.42662558,0.36544925,0.17770135,0.308781,0.50968754,0.57337445,0.63455075,0.6445973,0.382438,-0.019375034,-0.14674886,-0.2691015
208,SH603296,-0.02148524745098833,0.2222222222222222,,,,SH603296,华勤技术,2026-09-16,0.029964544,0.043632515,0.686748,0.007228236,0.1656617,0.006439734,0.14759026,0.029176041,0.6686766,0.9709072,1.007018,0.9646548,0.9899406,0.97656494,1.0187981,0.99655366,1.0213046,0.97969794,0.9763644,0.98147124,0.9892286,1.0102555,1.0012208,0.015170955,0.017826589,0.022758242,0.0420388,0.06284378,0.007337551,-0.0016120824,-0.00075880595,-0.0028941792,0.000737826,0.5848123,0.07496342,0.038909182,0.36732623,0.04204198,0.008960495,0.025783136,0.017980037,0.03171018,-0.022986673,1.007018,1.0399514,1.0445483,1.1241802,1.1724379,0.93917304,0.93917304,0.93800217,0.93800217,0.8379545,0.98420954,0.99879694,1.0034213,1.0374709,1.0447646,0.96752924,0.9695469,0.9695469,0.972329,0.95896983,1.0,0.9,0.75,0.53333336,0.53333336,0.89655894,0.6035712,0.5818876,0.333003,0.48446497,1.0,0.1,0.4,0.23333333,0.35,0.4,0.7,0.2,0.46666667,0.13333334,0.6,-0.6,0.2,-0.23333333,0.21666667,0.90947604,0.46228445,0.45602638,0.72736704,0.41629216,0.94413054,0.10633058,0.1533674,0.38976917,0.24832967,0.6,0.5,0.5,0.46666667,0.5,0.4,0.5,0.5,0.53333336,0.5,0.2,0.0,0.0,-0.06666667,0.0,0.64817715,0.45039707,0.50472593,0.48324797,0.50567865,0.35182282,0.5496029,0.4952741,0.51675206,0.49432135,0.29635435,-0.09920583,0.009451826,-0.0335041,0.011357289,0.7298226,0.9007593,1.1289899,1.4189541,1.912601,0.21171553,0.29977778,0.3477762,0.6227419,0.883402,0.8107018,1.022611,1.0009143,1.6984185,1.257499,0.64826685,0.47299063,0.4138397,0.4476757,0.4926552,0.35173318,0.52700937,0.5861603,0.5523243,0.5073448,0.29653364,-0.05401874,-0.17232059,-0.1046486,-0.014689599
209,SH601066,-0.022043036686415572,0.16666666666666666,,,,SH601066,中信建投,2026-09-16,0.0059777834,0.021349277,0.27999932,0.0034158556,0.15999866,0.0119556375,0.560002,0.014517565,0.6800027,0.9940577,1.0033956,0.98217314,0.9937942,1.0290298,1.0530939,1.0588235,1.0974026,1.1688311,1.0077922,1.029068,1.048453,1.0603514,1.1067991,0.016626924,0.02788793,0.03042427,0.030756744,0.06664046,-0.008708936,-0.008752925,-0.003593112,-0.0027731347,-0.0034580522,0.68587714,0.90299505,0.48816788,0.6300325,0.821272,0.009625677,0.010320175,-0.01431845,-0.020140957,-0.004786535,1.0393003,1.0941778,1.0943892,1.1158056,1.3234909,0.98217314,0.98217314,0.98217314,0.98217314,0.98217314,1.0139037,1.0559206,1.0752482,1.0863254,1.1529412,0.9986249,1.0012223,1.0249045,1.0355233,1.0543163,0.4,0.2,0.1,0.06666667,0.033333335,0.3120557,0.15916161,0.15886188,0.13340212,0.05222951,0.2,0.2,0.3,0.2,0.033333335,1.0,1.0,1.0,1.0,1.0,-0.8,-0.8,-0.7,-0.8,-0.96666664,-0.037975296,0.68999773,0.61729115,0.6797685,0.936432,-0.6884048,-0.1641471,0.23235673,0.20953928,0.3771512,0.4,0.4,0.4,0.36666667,0.41666666,0.6,0.6,0.6,0.6333333,0.5833333,-0.2,-0.2,-0.2,-0.26666668,-0.16666667,0.24324301,0.27936527,0.36904773,0.34432244,0.42151994,0.756757,0.7206347,0.63095224,0.65567756,0.57848006,-0.513514,-0.44126943,-0.26190454,-0.31135508,-0.15696016,1.0833957,1.3441021,1.4745704,1.7034465,3.1957042,0.18886423,0.38415805,0.46236172,0.5585291,2.7479637,1.0273393,0.77242106,1.0606524,0.94152284,1.9581403,0.42209256,0.42362687,0.43362617,0.45599476,0.42494082,0.57790744,0.57637316,0.5663738,0.5440052,0.5750592,-0.15581489,-0.15274626,-0.13274764,-0.088010475,-0.15011835
210,SH601788,-0.02213043034444024,0.05555555555555555,,,,SH601788,光大证券,2026-09-16,0.008695593,0.021739163,0.3999967,0.0036232236,0.16666804,0.009420346,0.43333527,0.014492715,0.6666639,0.9913794,1.003592,0.9820402,0.99388206,1.0332426,1.0419619,1.014169,1.0528611,1.0425068,1.0065395,1.0243597,1.03,1.0322253,1.0423251,0.01641677,0.022339705,0.02216138,0.019092476,0.020357559,-0.0081199035,-0.006892906,-0.00092971075,-0.00064667745,-0.0006329338,0.61159843,0.8726926,0.06159851,0.08891041,0.2948255,0.009700284,0.0066583953,-0.021167772,-0.022848452,-0.023653632,1.037752,1.0622039,1.0784527,1.0784527,1.1031818,0.9820402,0.9820402,0.9820402,0.9820402,0.9820402,1.0100273,1.0411988,1.0480654,1.0459945,1.0604905,0.9984741,1.0013078,1.0086104,1.0117712,1.0260491,0.4,0.2,0.1,0.06666667,0.033333335,0.322369,0.22403894,0.18628049,0.18628049,0.14825435,0.2,0.2,0.35,0.56666666,0.13333334,1.0,1.0,1.0,1.0,1.0,-0.8,-0.8,-0.65,-0.43333334,-0.8666667,0.003241568,0.31661233,0.6188289,0.5685403,0.6353423,-0.69241697,-0.5187627,-0.023727544,0.123484805,0.23419447,0.4,0.4,0.55,0.46666667,0.51666665,0.6,0.6,0.45,0.53333336,0.48333332,-0.2,-0.2,0.1,-0.06666667,0.033333335,0.17894693,0.24503262,0.45806444,0.39746296,0.47080836,0.8210531,0.7549674,0.54193556,0.60253704,0.5291917,-0.6421061,-0.5099347,-0.08387114,-0.20507407,-0.058383312,1.1975056,1.2868276,1.4628106,1.4985099,2.163116,0.63978934,0.53226167,0.595326,0.5575429,1.2001361,1.6442214,1.5488157,1.2041814,1.0835162,1.4920819,0.5090532,0.44076994,0.47100657,0.45970663,0.46251306,0.49094683,0.5592301,0.5289934,0.54029334,0.5374869,0.018106353,-0.118460126,-0.057986878,-0.08058673,-0.07497387
211,SZ000938,-0.02214182499292058,0.16666666666666666,,,,,,2026-09-16,0.035344344,0.049664803,0.71165776,0.008531344,0.17177847,0.0057891174,0.11656378,0.032602116,0.65644306,0.9658622,1.0082401,0.96027076,0.9883798,0.9879107,1.1180147,1.039722,1.0870924,0.8140138,0.9742095,1.005728,1.0387187,1.0683032,1.0523726,0.014952507,0.04952518,0.05718457,0.0685057,0.11520075,0.005267483,-0.012658766,-0.005196221,-0.0054044356,0.0014837347,0.31025466,0.5988831,0.28899184,0.4823353,0.05059432,0.015255574,0.051236413,0.01064541,0.010061079,-0.09614279,1.0082401,1.1580302,1.1639167,1.2265763,1.347858,0.9387828,0.9387828,0.9387828,0.9387828,0.7486521,0.97927547,1.038546,1.0815,1.1232451,1.1314117,0.9657963,0.9671368,0.9851474,0.99946547,0.97409433,1.0,0.7,0.35,0.23333333,0.31666666,0.88136446,0.27921528,0.27191463,0.21271223,0.41946843,1.0,0.1,0.45,0.23333333,0.35,0.4,0.7,0.85,0.9,0.05,0.6,-0.6,-0.4,-0.6666667,0.3,0.54566914,0.61341786,0.6532729,0.7778314,0.453132,0.4660208,-0.18373951,0.17687687,0.29060885,0.4211893,0.4,0.4,0.45,0.46666667,0.53333336,0.6,0.6,0.55,0.53333336,0.46666667,-0.2,-0.2,-0.1,-0.06666667,0.06666667,0.5982619,0.21322967,0.46018144,0.44851226,0.5359362,0.40173808,0.78677034,0.5398185,0.55148774,0.46406382,0.19652385,-0.5735406,-0.07963708,-0.102975465,0.07187235,0.78777176,1.0859749,1.1680942,1.5340725,2.2046323,0.1919322,0.40390158,0.39042184,0.70293146,1.0561379,1.1761929,1.6076069,1.4049377,1.3209696,1.0200491,0.49657995,0.4867207,0.43318596,0.40446672,0.50120497,0.50342005,0.5132793,0.566814,0.5955333,0.49879503,-0.006840103,-0.026558602,-0.13362806,-0.19106658,0.0024099434
212,SH603260,-0.02240396933483262,0.16666666666666666,,,,SH603260,合盛硅业,2026-09-16,0.02960631,0.04976377,0.5949371,0.0059842495,0.120253146,0.014173209,0.2848098,0.037795268,0.7594937,0.971245,1.0058122,0.95747936,0.99033016,1.0375925,1.024995,1.0831833,1.0769846,1.485303,0.98992205,1.0045191,1.0275044,1.048217,1.1171533,0.015751585,0.021388384,0.031832863,0.04013168,0.14922127,-0.0035592883,-0.004214914,-0.0041316543,-0.0039168135,-0.006277483,0.12764911,0.35598603,0.58960974,0.73823184,0.53977084,0.017196557,0.014448016,0.011746219,0.008576777,0.06803251,1.0325963,1.0415691,1.0989964,1.137591,1.5574344,0.95747936,0.95747936,0.95747936,0.95747936,0.95747936,1.0023595,1.0240752,1.0620675,1.0855029,1.1753649,0.9781644,0.98404324,1.0,1.0106379,1.0114377,0.8,0.45,0.225,0.15,0.14166667,0.5660587,0.505658,0.3004631,0.23607938,0.07087304,0.2,0.5,0.05,0.3,0.016666668,1.0,1.0,1.0,1.0,1.0,-0.8,-0.5,-0.95,-0.7,-0.98333335,0.3968635,0.4197541,0.2248014,0.52809244,0.83302945,0.5092899,0.39657137,-0.013728399,0.054225843,0.25346202,0.2,0.3,0.35,0.36666667,0.43333334,0.8,0.7,0.65,0.6,0.55,-0.6,-0.4,-0.3,-0.23333333,-0.11666667,0.29385972,0.4187256,0.37544918,0.41825902,0.3602763,0.7061403,0.5812744,0.6245508,0.581741,0.6397237,-0.4122806,-0.16254877,-0.24910165,-0.16348194,-0.27944738,0.7350381,0.77432495,0.83573306,0.93296194,1.5113715,0.21231455,0.19639356,0.20215856,0.24360625,0.87713534,0.7598005,0.849249,0.90879744,0.8653511,1.2212323,0.55398065,0.5458082,0.47821677,0.4737532,0.44913653,0.44601935,0.45419183,0.52178323,0.5262468,0.5508635,0.10796127,0.091616355,-0.043566454,-0.052493587,-0.101726964
213,SZ300999,-0.022501496664973853,0.1111111111111111,,,,,,2026-09-16,-0.0036000134,0.01680002,-0.21428627,0.007999994,0.47618955,0.005200012,0.30952418,-0.006399995,-0.38095164,1.003613,1.0116419,0.9947812,0.99967575,1.1064833,1.0514735,1.0220039,1.0510806,0.9587426,1.0347347,1.0611788,1.0508054,1.0444139,1.0271578,0.031136356,0.03984722,0.03625191,0.03302564,0.042247348,-0.019489195,-0.0083372025,0.0015669821,0.0011331515,0.001591503,0.9794724,0.40128788,0.06539347,0.091237865,0.43282855,0.004243607,-0.023661373,-0.065691836,-0.06084458,-0.07410716,1.1080198,1.1291685,1.1291685,1.1291685,1.1291685,0.9947812,0.9947812,0.9872636,0.9872636,0.9051261,1.0616896,1.1011394,1.077171,1.0666405,1.0603536,1.0075443,1.0279764,1.0176032,1.013831,0.9890766,0.2,0.1,0.1,0.1,0.28333333,0.04608677,0.03883401,0.089752994,0.089752994,0.42346397,0.2,0.4,0.7,0.8,0.9,1.0,1.0,0.15,0.43333334,0.05,-0.8,-0.6,0.55,0.36666667,0.85,0.9414729,0.91539955,0.79386073,0.5438027,0.44186357,-0.24153054,0.7031153,0.6640088,0.58101696,0.6002556,0.0,0.3,0.5,0.43333334,0.46666667,1.0,0.7,0.5,0.56666666,0.53333336,-1.0,-0.4,0.0,-0.13333334,-0.06666667,0.0,0.36767668,0.4702128,0.4479167,0.5231176,1.0,0.6323233,0.5297872,0.5520833,0.47688243,-1.0,-0.26464665,-0.05957442,-0.10416663,0.04623517,1.3225499,1.6341101,1.7199372,1.6294172,1.459385,0.2309825,0.5648516,0.6066257,0.5910049,0.52072746,0.5498866,0.5802079,0.79379314,0.8735346,0.9298769,0.0,0.37956226,0.43363255,0.49849397,0.49510062,1.0,0.62043774,0.56636745,0.50150603,0.5048994,-1.0,-0.24087551,-0.1327349,-0.003012039,-0.009798792
214,SZ300832,-0.02282085755665593,0.1111111111111111,,,,,,2026-09-16,0.0034835886,0.018852491,0.18478134,0.008401621,0.44565043,0.006967282,0.36956823,0.0020492498,0.10869915,0.9965285,1.0083724,0.9895854,0.99970454,1.0034844,1.0343593,1.0958189,0.95063883,0.8515292,0.9916957,1.0099303,1.0309039,1.0276294,0.97289973,0.007991047,0.023542074,0.032259155,0.037550587,0.07143818,0.00481031,-0.0059350785,-0.0046533295,-0.00039851584,0.0033069472,0.905897,0.582606,0.72826535,0.008728899,0.65357226,-0.0013162957,0.01677756,0.0133026615,-0.021850875,-0.07045466,1.0083724,1.0618945,1.1227746,1.1227746,1.1227746,0.97015524,0.97015524,0.97015524,0.9444994,0.7658292,0.99969023,1.0300813,1.051897,1.051897,1.0375919,0.9838366,0.98972124,0.9999226,0.9902632,0.90152925,1.0,0.5,0.25,0.3,0.65,0.78092456,0.3253213,0.1955503,0.31131992,0.6560409,1.0,0.2,0.05,0.36666667,0.68333334,0.4,0.7,0.85,0.06666667,0.15,0.6,-0.5,-0.8,0.3,0.53333336,-0.76023954,0.1119226,0.62591213,0.44889915,-0.24972077,-0.8320827,0.34969285,0.16903955,0.41014317,0.17361274,0.6,0.4,0.4,0.53333336,0.5833333,0.2,0.5,0.55,0.43333334,0.4,0.4,-0.1,-0.15,0.1,0.18333334,0.45135143,0.35046348,0.3439471,0.55001956,0.56876457,0.5486486,0.64953655,0.6560529,0.4499804,0.43123543,-0.09729714,-0.29907307,-0.31210577,0.10003917,0.13752916,1.1575032,1.1217214,1.4243848,1.8035898,1.9999957,0.26050183,0.31469053,0.54324985,0.9188477,0.8937611,1.1329862,0.94653887,1.2739716,1.1806778,1.196594,0.58581877,0.4910297,0.35922828,0.47395214,0.49046102,0.41418123,0.50897026,0.64077175,0.5260479,0.50953895,0.17163756,-0.017940562,-0.28154346,-0.052095734,-0.019077936
215,SH600031,-0.023320025192987877,0.2777777777777778,,,,SH600031,三一重工,2026-09-16,-0.06673516,0.09907597,-0.67357564,0.0,0.0,0.03234081,0.32642436,-0.034394354,-0.3471513,1.0715072,1.0715072,0.9653466,0.9874398,1.1122047,1.079753,1.0412477,1.0792046,0.95999146,1.0712861,1.0858066,1.0717514,1.0648848,1.0543356,0.04129505,0.031843223,0.03322779,0.03140816,0.04572563,-0.02172691,-0.006680369,0.002228177,0.0013555759,0.001394369,0.69205385,0.40343943,0.1573854,0.14436582,0.28361943,-0.027832294,-0.055744935,-0.092918985,-0.08454066,-0.09546944,1.119358,1.1254151,1.1309065,1.1309065,1.1463135,0.9653466,0.9653466,0.9653466,0.9653466,0.9087791,1.096699,1.1002173,1.1002173,1.0971377,1.0959291,1.0576432,1.0848193,1.0413635,1.0367379,1.0254089,0.2,0.1,0.05,0.033333335,0.11666667,0.2250055,0.21649121,0.20931049,0.20931049,0.38403222,0.2,0.4,0.45,0.6333333,0.43333334,1.0,1.0,1.0,1.0,0.083333336,-0.8,-0.6,-0.55,-0.36666667,0.35,-0.9321437,-0.7970223,-0.136693,-0.12340538,-0.2689257,-0.8760262,-0.78821176,-0.30345932,-0.2972085,-0.07212528,0.2,0.5,0.55,0.5,0.53333336,0.8,0.5,0.45,0.5,0.46666667,-0.6,0.0,0.1,0.0,0.06666667,0.06033601,0.26837757,0.43823195,0.40955696,0.51986563,0.939664,0.73162246,0.56176805,0.5904431,0.48013434,-0.879328,-0.46324486,-0.12353609,-0.1808861,0.039731305,0.32264492,0.2640298,0.25940338,0.2622378,0.32577136,0.3791167,0.26152998,0.2034988,0.16718663,0.15253931,1.9523475,2.4756486,2.286465,2.3344896,1.5482072,0.8474673,0.8018468,0.6657802,0.6173534,0.5598421,0.1525327,0.19815318,0.3342198,0.3826466,0.4401579,0.6949346,0.6036936,0.33156037,0.23470679,0.1196842
216,SH600549,-0.023422938577562783,0.3333333333333333,,,,SH600549,厦门钨业,2026-09-16,-0.00275911,0.04079618,-0.06763158,0.004729978,0.115941696,0.03330709,0.81642675,0.025818001,0.63285345,1.0027667,1.0075098,0.9666008,0.98723435,1.0035638,0.9881389,1.0612638,1.0616584,1.6409179,0.9867216,0.9881634,1.0205636,1.0556009,1.130153,0.018632874,0.016348716,0.04170489,0.06393901,0.21533737,0.008083737,0.00087350403,-0.0054797875,-0.006485904,-0.00820884,0.47054887,0.026168207,0.60425675,0.7974637,0.4432254,-0.0028890679,0.007905817,0.03149435,0.03844475,0.1120079,1.0294524,1.0294524,1.1122495,1.2450615,1.7723297,0.93675613,0.93675613,0.93675613,0.93675613,0.85059553,1.0021355,1.0011915,1.0656546,1.1149459,1.2396501,0.9735629,0.9735629,0.9850159,0.9928833,0.98213494,0.8,0.7,0.4,0.26666668,0.33333334,0.68226975,0.68226975,0.3603774,0.20513383,0.16209063,0.8,0.9,0.15,0.1,0.033333335,0.4,0.7,0.85,0.9,0.31666666,0.4,0.2,-0.7,-0.8,-0.28333333,0.7569879,0.48070976,0.7340116,0.85205936,0.5782212,0.64685005,0.32017738,0.3979054,0.39213586,0.39932612,0.4,0.5,0.4,0.43333334,0.4,0.6,0.5,0.6,0.56666666,0.6,-0.2,0.0,-0.2,-0.13333334,-0.2,0.4815287,0.5294119,0.43348694,0.46385917,0.36562687,0.5184713,0.4705881,0.56651306,0.53614086,0.6343731,-0.03694259,0.05882384,-0.13302611,-0.07228168,-0.26874623,0.8167332,0.760342,0.9008019,1.2020866,1.3273656,0.34395596,0.24700905,0.25027397,0.618944,0.5462006,0.93890524,0.7750503,0.7744643,1.2027167,0.9571243,0.5520584,0.53708535,0.45965195,0.40773234,0.45212966,0.4479416,0.46291465,0.54034805,0.5922677,0.54787034,0.10411681,0.074170716,-0.080696136,-0.18453534,-0.09574066
217,SZ300251,-0.023490262324017894,0.1111111111111111,,,,,,2026-09-16,0.0018398438,0.015639381,0.117641725,0.002759943,0.17647393,0.011039595,0.70588434,0.010119496,0.64705217,0.9981635,1.0027549,0.98714423,0.99619406,1.0514399,1.0312386,0.9963209,1.1239841,1.0229774,1.0148767,1.0386635,1.0282903,1.041667,1.0623605,0.01723366,0.02948986,0.030790992,0.038386565,0.0510252,-0.010468583,-0.008098379,0.0013873016,-0.0017842639,-0.0010938941,0.9224879,0.6912931,0.07104973,0.16744082,0.14017837,0.0060603935,-0.0022208255,-0.04146964,-0.015795147,-0.03009066,1.0532554,1.1000863,1.1001081,1.1322314,1.2745616,0.98714423,0.98714423,0.9862233,0.9862233,0.9733788,1.0282886,1.0692332,1.0690526,1.0732934,1.1045185,0.9996321,1.0095522,1.0014716,1.0025887,1.0112045,0.4,0.2,0.2,0.16666667,0.1,0.19445682,0.11382632,0.12097067,0.09435594,0.08838899,0.2,0.2,0.4,0.033333335,0.26666668,1.0,1.0,0.15,0.43333334,0.05,-0.8,-0.8,0.25,-0.4,0.21666667,-0.13777852,0.71321464,0.8553764,0.800316,0.82892776,0.2955721,0.3862473,0.76174575,0.6086501,0.609006,0.2,0.5,0.55,0.46666667,0.5,0.8,0.5,0.45,0.53333336,0.48333332,-0.6,0.0,0.1,-0.06666667,0.016666668,0.033373874,0.38189155,0.5063394,0.36737028,0.49248606,0.9666261,0.61810845,0.49366066,0.6326297,0.50751394,-0.9332523,-0.23621692,0.012678697,-0.26525944,-0.015027882,0.9773839,1.6089567,1.5337198,1.6615285,2.297355,0.069933996,0.8273399,1.0056807,0.89104086,1.347518,0.46926284,1.0969057,2.0573168,1.7107731,1.6251788,0.23959814,0.4416356,0.47914627,0.46578515,0.48128667,0.76040184,0.5583644,0.52085376,0.53421485,0.51871336,-0.52080375,-0.1167288,-0.041707464,-0.06842968,-0.037426665
218,SH600030,-0.023516129128417988,0.05555555555555555,,,,SH600030,中信证券,2026-09-16,0.0041761645,0.018602828,0.22449085,0.0045557767,0.24489701,0.009870886,0.5306121,0.009491273,0.510206,0.9958412,1.0045369,0.9860114,0.99528265,1.0332941,1.0385629,1.0264559,1.0654111,1.0544813,1.0127122,1.0288212,1.035211,1.0385871,1.0560833,0.019041263,0.02249868,0.019532554,0.017615655,0.02416742,-0.0108513925,-0.0069795004,-0.0013910675,-0.0009804684,-0.0010868268,0.8119317,0.8821573,0.17751965,0.24008845,0.6168221,0.008990512,0.002586507,-0.021995876,-0.024370342,-0.024021959,1.04652,1.0710913,1.0710913,1.0710913,1.1296761,0.9860114,0.9860114,0.9860114,0.9860114,0.9860114,1.0229135,1.0475646,1.0538423,1.0556806,1.075915,0.9992489,1.0048428,1.0214001,1.0262318,1.0351661,0.4,0.2,0.1,0.06666667,0.033333335,0.23118417,0.16441754,0.16441754,0.16441754,0.097369984,0.2,0.2,0.6,0.73333335,0.083333336,1.0,1.0,1.0,1.0,1.0,-0.8,-0.8,-0.4,-0.26666668,-0.9166667,0.5364503,0.56932396,0.58178884,0.4738871,0.7464789,0.13258044,0.2099041,0.46859303,0.35617843,0.4199926,0.4,0.4,0.45,0.4,0.43333334,0.6,0.6,0.5,0.53333336,0.53333336,-0.2,-0.2,-0.05,-0.13333334,-0.1,0.22802202,0.3177967,0.42917165,0.37229142,0.46365538,0.77197796,0.6822033,0.5708284,0.62770855,0.53634465,-0.5439559,-0.36440662,-0.14165673,-0.25541717,-0.072689265,1.1831425,1.2462229,1.286632,1.2723211,1.781213,0.2959378,0.29249558,0.33053342,0.28247374,0.8697592,0.9334899,0.82448876,0.9973218,1.0066034,1.3793999,0.535286,0.45553058,0.48400167,0.47099784,0.45146838,0.464714,0.5444694,0.51599836,0.52900213,0.54853165,0.07057203,-0.08893882,-0.03199667,-0.05800432,-0.09706325
219,SH600875,-0.023782780343407438,0.16666666666666666,,,,SH600875,东方电气,2026-09-16,-0.0024988872,0.025406083,-0.098357834,0.0041649286,0.16393432,0.018742267,0.73770785,0.01207845,0.4754157,1.0025052,1.0066805,0.98121077,0.9938934,1.1005795,1.0249939,1.0818642,1.1669886,1.2442646,1.0277952,1.0398937,1.0532902,1.0801779,1.0994728,0.029403077,0.030046592,0.028127242,0.046719823,0.056386832,-0.017857999,-0.004076016,-0.003025221,-0.00455294,-0.0020633328,0.9221892,0.16869135,0.40488154,0.73600906,0.40839744,0.007920816,-0.021551635,-0.024550628,-0.014160225,-0.03860439,1.0838543,1.1014146,1.1165045,1.1895281,1.2651418,0.98121077,0.98121077,0.98121077,0.98121077,0.98121077,1.0522096,1.0522096,1.0751992,1.13021,1.1517266,1.005699,1.0134025,1.0260564,1.0432745,1.0477904,0.2,0.1,0.05,0.033333335,0.016666668,0.18305321,0.15631138,0.13887714,0.090195164,0.06617529,0.2,0.5,0.25,0.3,0.13333334,1.0,1.0,1.0,1.0,1.0,-0.8,-0.5,-0.75,-0.7,-0.8666667,0.7119353,0.6479126,0.28266487,0.4802291,0.61495197,0.1945469,0.805572,0.49419585,0.46803442,0.4914393,0.0,0.3,0.4,0.36666667,0.45,1.0,0.7,0.6,0.6333333,0.55,-1.0,-0.4,-0.2,-0.26666668,-0.1,0.0,0.43195286,0.38979205,0.363313,0.421106,1.0,0.56804717,0.610208,0.63668704,0.57889396,-1.0,-0.13609429,-0.2204159,-0.27337402,-0.15778798,1.1104685,1.136653,1.0656734,1.1695758,1.4427512,0.256986,0.54175603,0.41082114,0.4071617,0.5465804,0.72574997,1.4376146,1.2704318,1.1407485,1.0276812,0.15671836,0.49472988,0.46514434,0.4507685,0.48339003,0.8432816,0.5052701,0.53485566,0.5492315,0.51660997,-0.68656325,-0.010540274,-0.06971134,-0.098463014,-0.033219952
220,SZ000858,-0.023883087206948372,0.3333333333333333,,,,,,2026-09-16,-0.0048850905,0.011494231,-0.42500368,0.0012930677,0.112497106,0.005316073,0.4624992,-0.0008620855,-0.07500158,1.004909,1.0062085,0.9946578,0.99832696,1.0274332,1.0225222,1.0379713,1.0900887,1.0225904,1.0079094,1.0193014,1.0256253,1.0408239,1.0487775,0.0063280775,0.01358827,0.012022841,0.026559241,0.034381866,-0.003594549,-0.003777385,-0.0015152219,-0.0026802863,-0.00028088057,0.8066501,0.7083788,0.5559123,0.78928304,0.020355621,-0.00072027696,-0.0023031936,-0.011230693,-0.001959756,-0.040491518,1.0278624,1.0460532,1.046343,1.1074175,1.1383164,0.9946578,0.9946578,0.9946578,0.9946578,0.98380595,1.0103321,1.0323128,1.035026,1.0669322,1.0810226,1.0050801,1.0069286,1.0157914,1.022117,1.0222849,0.2,0.1,0.05,0.033333335,0.05,0.16088653,0.10394276,0.10335982,0.047376636,0.104808845,0.2,0.2,0.05,0.1,0.43333334,1.0,1.0,1.0,1.0,0.18333334,-0.8,-0.8,-0.95,-0.9,0.25,0.39093003,0.6975993,0.5286604,0.71996504,0.54754764,-0.73895097,0.47014934,0.18290025,0.15730608,0.5216528,0.2,0.3,0.45,0.43333334,0.48333332,0.8,0.7,0.55,0.56666666,0.5,-0.6,-0.4,-0.1,-0.13333334,-0.016666668,0.047479644,0.33542657,0.3620043,0.31797108,0.4843134,0.9525204,0.66457343,0.6379957,0.68202895,0.5156866,-0.90504074,-0.3291469,-0.2759914,-0.36405784,-0.0313732,1.0673681,1.357142,1.4293593,1.6696472,2.169131,0.39495385,0.64173454,0.5051596,0.5993271,0.8880091,0.89235187,1.3308548,1.0816339,0.95081496,1.4509648,0.4498286,0.43790135,0.46973756,0.42776668,0.4862925,0.55017143,0.5620986,0.5302625,0.5722333,0.5137075,-0.10034283,-0.1241973,-0.06052489,-0.14446661,-0.027414989
221,SZ000568,-0.023897527684323978,0.1111111111111111,,,,,,2026-09-16,0.0027719792,0.012474014,0.22222029,0.00083163,0.066668995,0.008870406,0.7111107,0.010810754,0.866662,0.99723566,1.0008293,0.9883898,0.9954431,1.0628883,1.0756041,1.1049237,1.1444154,1.0051565,1.0124944,1.0451548,1.0691091,1.0990664,1.0863549,0.01545796,0.038950246,0.039304234,0.056373276,0.06409579,-0.009053048,-0.011051335,-0.0057178205,-0.005866047,0.000790558,0.8574825,0.73793906,0.7407138,0.83916277,0.046398964,0.005611602,0.004576161,-0.014789746,-0.014008697,-0.109676294,1.0656534,1.1238403,1.1437602,1.212672,1.212672,0.9883898,0.9883898,0.9883898,0.9883898,0.9593886,1.0209525,1.0792528,1.1052889,1.142009,1.1448334,0.9990327,1.0124938,1.0307394,1.0604001,1.015565,0.4,0.2,0.1,0.06666667,0.11666667,0.15026733,0.08571546,0.07472594,0.051766038,0.16033971,0.2,0.2,0.15,0.2,0.6,1.0,1.0,1.0,1.0,0.05,-0.8,-0.8,-0.85,-0.8,0.55,0.586748,0.5388289,0.3109633,0.407807,0.16174403,-0.7912613,-0.055918984,-0.043827217,-0.10100194,0.28781646,0.2,0.2,0.3,0.36666667,0.48333332,0.8,0.8,0.7,0.6333333,0.51666665,-0.6,-0.6,-0.4,-0.26666668,-0.033333335,0.066656895,0.30478087,0.34807983,0.36415088,0.49785587,0.9333431,0.69521916,0.65192014,0.6358491,0.50214416,-0.8666862,-0.3904383,-0.30384034,-0.27169827,-0.0042882804,1.3756378,1.6193266,1.7164485,1.8445811,2.366289,0.47206226,0.7019073,0.6511869,0.6348987,1.0269569,0.98100734,1.2836008,1.1363535,1.0238857,1.2762164,0.48724517,0.5062125,0.46806312,0.46721137,0.4832567,0.5127548,0.4937875,0.5319369,0.53278863,0.5167433,-0.025509637,0.012424996,-0.06387374,-0.06557726,-0.033486594
222,SH600415,-0.02431836456190763,0.0,,,,SH600415,小商品城,2026-09-16,-0.00864309,0.014693211,-0.588237,0.0017286179,0.117647395,0.004321503,0.29411563,-0.006050205,-0.41176873,1.0087185,1.0104622,0.9956408,1.0006688,1.0915396,1.0993863,1.0470808,1.0810899,0.87619936,1.0366158,1.0789847,1.0827799,1.0699499,1.0134697,0.02993814,0.050891493,0.03772046,0.03746373,0.08765576,-0.015516888,-0.015797677,-0.0021785565,0.001009048,0.004025852,0.6715829,0.88329846,0.116748616,0.05622162,0.6433607,-0.00558205,-0.007895154,-0.06208356,-0.084581,-0.13223235,1.0854356,1.1455889,1.1455889,1.1455889,1.1455889,0.9956408,0.9956408,0.9956408,0.98954046,0.8247646,1.0615469,1.1239679,1.1140274,1.0972887,1.088758,1.0083749,1.03836,1.0608516,1.044113,0.9086353,0.2,0.1,0.05,0.033333335,0.36666667,0.04854598,0.02907127,0.02907127,0.06702739,0.5462037,0.2,0.2,0.6,0.73333335,0.8666667,1.0,1.0,1.0,0.23333333,0.05,-0.8,-0.8,-0.4,0.5,0.81666666,-0.27694845,0.5012365,0.40304145,-0.021790294,0.03749797,-0.53121823,-0.120119244,0.42536488,0.43864015,0.5573647,0.2,0.3,0.4,0.4,0.45,0.8,0.7,0.6,0.6,0.51666665,-0.6,-0.4,-0.2,-0.2,-0.06666667,0.1612768,0.28570253,0.44420922,0.43089375,0.546774,0.8387232,0.7142975,0.5557908,0.5691062,0.45322597,-0.6774464,-0.42859495,-0.11158156,-0.13821249,0.09354808,1.2869341,1.4736416,1.8084035,2.1258004,2.618459,0.4135491,0.4485547,0.6974342,0.80544966,1.2734704,1.0357862,0.8605178,1.0754027,0.9487159,1.3530406,0.4415374,0.42867914,0.44510764,0.4598478,0.48334917,0.5584626,0.57132083,0.55489236,0.5401522,0.51665086,-0.11692519,-0.14264172,-0.109784745,-0.08030441,-0.033301678
223,SZ300122,-0.024359967781374718,0.0,,,,,,2026-09-16,0.0008116584,0.0154220695,0.05262967,0.005681833,0.3684222,0.008928578,0.57894814,0.004058404,0.2631556,0.999189,1.0056772,0.99026763,0.99917805,1.0706198,1.106295,0.97893584,1.0666018,0.9691952,1.012541,1.049446,1.0885792,1.0767564,1.0396912,0.017742258,0.0424027,0.061384976,0.056120355,0.0626574,-0.010227689,-0.013208188,-0.007374887,-0.00090418087,0.0022343523,0.8307632,0.88942826,0.50518984,0.020117385,0.38784513,0.007914274,0.009990818,-0.018517697,-0.06364578,-0.10560457,1.0673879,1.1290108,1.2474285,1.2474285,1.2474285,0.98957,0.98957,0.98957,0.9756917,0.8978653,1.025204,1.0808232,1.1460612,1.1163522,1.0815293,0.9980762,1.0116888,1.0325094,1.0325094,0.9870937,0.4,0.2,0.1,0.1,0.3,0.13403042,0.0747986,0.040448435,0.08945527,0.29217803,0.2,0.1,0.3,0.53333336,0.76666665,0.8,0.9,0.95,0.33333334,0.05,-0.6,-0.8,-0.65,0.2,0.71666664,0.78446466,0.6714563,0.8068281,0.8049614,0.6626231,-0.3982261,-0.012418137,0.7059291,0.6823965,0.67987454,0.2,0.4,0.45,0.36666667,0.46666667,0.8,0.6,0.55,0.6333333,0.51666665,-0.6,-0.2,-0.1,-0.26666668,-0.05,0.10704572,0.20880538,0.5120658,0.4691831,0.50853866,0.8929543,0.7911946,0.48793414,0.5308169,0.49146137,-0.7859086,-0.58238924,0.0241317,-0.06163382,0.01707728,1.4932184,1.7498804,3.2818305,2.8311899,2.3453903,0.47562987,0.5618668,2.029673,1.7830365,1.3952734,0.72735506,0.85004884,1.2858808,1.4959097,1.6157951,0.3810378,0.31934083,0.4905924,0.49077457,0.49260482,0.61896217,0.6806592,0.50940764,0.5092254,0.5073952,-0.2379244,-0.36131838,-0.018815242,-0.018450854,-0.0147903785
224,SZ002460,-0.024606687672344366,0.3333333333333333,,,,,,2026-09-16,0.00727351,0.043861575,0.16582875,0.008595975,0.19597962,0.02799209,0.63819164,0.026669625,0.60804075,0.992779,1.008534,0.96498907,0.98802054,1.074604,1.099117,1.1317188,1.159288,1.5626872,1.019561,1.0495354,1.1082978,1.1277109,1.1621625,0.024189392,0.03679857,0.0699111,0.06391875,0.11712775,-0.013937509,-0.011520592,-0.010639351,-0.00572953,-0.004158303,0.8299662,0.8984608,0.8105989,0.6227061,0.3844258,0.008314024,0.0023073028,-0.0072240024,-0.044632703,-0.039492648,1.0759249,1.1260302,1.2448536,1.2448536,1.5751237,0.96498907,0.96498907,0.96498907,0.96498907,0.96498907,1.0287055,1.0742582,1.1802075,1.1803803,1.2062548,0.9994752,1.01698,1.0504986,1.0731654,1.0739527,0.4,0.2,0.1,0.06666667,0.033333335,0.31559655,0.2174038,0.12509961,0.12509961,0.057382334,0.2,0.1,0.15,0.43333334,0.016666668,1.0,1.0,1.0,1.0,1.0,-0.8,-0.9,-0.85,-0.56666666,-0.98333335,-0.6472392,-0.07049498,0.6975767,0.6921206,0.43281037,-0.58652043,-0.63926905,0.28151962,0.3026554,0.23038438,0.4,0.5,0.5,0.5,0.45,0.6,0.5,0.5,0.5,0.55,-0.2,0.0,0.0,0.0,-0.1,0.03537793,0.11407624,0.34935206,0.37101576,0.3300416,0.9646221,0.88592374,0.65064794,0.6289843,0.6699584,-0.92924416,-0.77184755,-0.30129588,-0.2579685,-0.33991683,0.7506852,0.76991266,1.059069,1.1024716,1.3805249,0.23955624,0.18366714,0.43604034,0.37909412,0.46930063,1.1284412,1.1996481,1.1406264,1.0540422,1.1613038,0.60479397,0.43215117,0.50100267,0.47639006,0.46354982,0.39520606,0.5678488,0.49899736,0.52360994,0.5364502,0.20958787,-0.13569763,0.0020053072,-0.047219846,-0.07290037
225,SZ000807,-0.024643575716204208,0.1111111111111111,,,,,,2026-09-16,0.0018443771,0.0331981,0.055556707,0.004426413,0.13333334,0.02692731,0.81110996,0.024345273,0.73333335,0.998159,1.0044183,0.9712813,0.9866301,1.068852,0.97827786,0.9558187,0.987468,0.90721446,1.0077944,1.0106742,0.99238986,0.9897074,0.94445884,0.020078301,0.025767047,0.030110404,0.028353257,0.06754743,-0.009455455,-0.00030558417,0.0034810463,0.001212594,0.0032159719,0.5544354,0.0012892698,0.46779382,0.14175117,0.6913638,0.011116565,-0.009299094,-0.025459815,-0.0072899945,-0.03933004,1.0725051,1.0725051,1.0725051,1.0725051,1.0725051,0.9712813,0.9712813,0.924495,0.924495,0.78130704,1.0124238,1.0183212,1.0054355,1.0054355,0.9966778,0.99601924,0.9943286,0.96972674,0.96677804,0.8653725,0.6,0.5,0.7,0.7,0.85,0.2837149,0.2837149,0.5101341,0.5101341,0.75101095,0.2,0.6,0.8,0.8666667,0.93333334,1.0,1.0,0.05,0.36666667,0.18333334,-0.8,-0.4,0.75,0.5,0.75,0.4484268,0.7105874,0.33464745,0.27457237,-0.1155462,0.13017716,0.7374859,0.47676405,0.30362752,0.40678886,0.4,0.5,0.5,0.5,0.5,0.6,0.5,0.5,0.5,0.5,-0.2,0.0,0.0,0.0,0.0,0.06517783,0.55094534,0.5635515,0.51154166,0.53633004,0.9348222,0.44905466,0.43644848,0.48845837,0.46366996,-0.86964434,0.10189068,0.12710303,0.023083296,0.072660096,1.034263,1.2645904,1.2507442,1.371217,1.5927862,0.26164722,0.53263205,0.4066518,0.48986882,0.56355417,1.1673001,1.1921856,1.168211,1.1623607,1.1710023,0.21130672,0.49467188,0.50329584,0.46442214,0.49030945,0.7886933,0.5053281,0.49670413,0.53557783,0.5096906,-0.57738656,-0.010656258,0.006591736,-0.071155705,-0.019381115
226,SZ002600,-0.025095174410054103,0.2222222222222222,,,,,,2026-09-16,0.0,0.02957639,0.0,0.011191096,0.3783794,0.018385293,0.6216206,0.0071941963,0.24324119,1.0,1.0111911,0.9816147,0.99472374,0.9943861,1.0126766,0.982434,1.0349511,1.409272,1.0269468,1.0169504,1.0028794,1.0057528,1.0633376,0.023416266,0.021208726,0.024324674,0.021930315,0.13708374,-0.009163342,0.0008911988,0.002890419,0.00046270472,-0.0049464777,0.38283587,0.016185699,0.4941918,0.03450006,0.39711848,-0.008620064,-0.020960767,-0.030338373,-0.012461971,0.082583524,1.0925977,1.0925977,1.0925977,1.0925977,1.4795544,0.9703099,0.9703099,0.9360927,0.9360927,0.8793804,1.048352,1.0330316,1.0217675,1.0217675,1.1111916,1.0063745,0.9988772,0.97739947,0.99127126,0.97739947,0.2,0.3,0.55,0.43333334,0.41666666,0.24278861,0.24278861,0.40834036,0.40834036,0.2009744,0.2,0.6,0.8,0.8666667,0.083333336,0.2,0.6,0.2,0.46666667,0.31666666,0.0,0.0,0.6,0.4,-0.23333333,0.7077402,0.7931346,0.8330311,0.7338686,0.82206637,0.601323,0.52957666,0.52782595,0.4280772,0.19966516,0.6,0.6,0.6,0.53333336,0.5,0.4,0.4,0.4,0.46666667,0.5,0.2,0.2,0.2,0.06666667,0.0,0.52495986,0.46252665,0.530218,0.45898852,0.3827071,0.4750401,0.5374733,0.46978202,0.5410115,0.61729294,0.04991977,-0.074946694,0.060435962,-0.08202299,-0.23458585,1.632845,1.275696,1.0845977,1.0939004,1.6954153,0.44367605,0.5188942,0.4338329,0.3657083,1.1123574,0.74028254,0.97297806,1.0437914,1.0996375,1.5576541,0.5735629,0.4609613,0.4602137,0.47490638,0.42223927,0.4264371,0.53903866,0.5397863,0.5250936,0.5777607,0.14712578,-0.07807737,-0.07957262,-0.050187234,-0.15552144
227,SH688009,-0.025350521122888884,0.05555555555555555,,,,SH688009,中国通号,2026-09-16,0.0,0.021598248,0.0,0.0064794365,0.29999825,0.015118811,0.7000018,0.008639375,0.4000035,1.0,1.0064794,0.98488116,0.99587965,1.0551724,1.0637931,1.0689656,1.0810344,1.0206896,1.0196551,1.0410345,1.0563793,1.0593103,1.0571839,0.023374623,0.027727135,0.025364853,0.021124056,0.028127298,-0.013793097,-0.008380356,-0.003282344,-0.0013908157,0.00036609807,0.8705112,0.8373874,0.5860997,0.33595902,0.051670033,0.007931039,-0.0033228681,-0.025197035,-0.0391435,-0.06798378,1.0569214,1.076738,1.0883663,1.0883663,1.1252401,0.98488116,0.98488116,0.98488116,0.98488116,0.98488116,1.0427586,1.0610344,1.0727587,1.0724138,1.0775862,1.0,1.0068965,1.0468966,1.0565517,1.0293103,0.3,0.15,0.075,0.05,0.041666668,0.2098663,0.1645911,0.14609647,0.14609647,0.10771541,0.2,0.2,0.25,0.5,0.43333334,1.0,1.0,1.0,1.0,1.0,-0.8,-0.8,-0.75,-0.5,-0.56666666,0.3884058,-0.30356443,-0.26548612,-0.21180564,0.15154794,0.3130052,0.26739943,0.257721,0.26272002,0.38803178,0.0,0.2,0.3,0.26666668,0.41666666,0.8,0.7,0.6,0.53333336,0.46666667,-0.8,-0.5,-0.3,-0.26666668,-0.05,0.0,0.163637,0.3214287,0.32846746,0.48305088,1.0,0.836363,0.67857134,0.6715325,0.5169491,-1.0,-0.672726,-0.35714266,-0.34306508,-0.03389822,1.2912525,1.0756516,0.9972312,0.96404,1.183495,0.4701999,0.40008253,0.31544068,0.29301453,0.44069588,1.3251876,1.3252405,1.1401831,1.2428354,1.22933,0.52285904,0.55136496,0.4666088,0.47148347,0.4863231,0.47714093,0.44863504,0.53339124,0.52851653,0.5136769,0.045718104,0.1027299,-0.06678243,-0.05703304,-0.027353818
228,SH600482,-0.025733529016117983,0.2777777777777778,,,,SH600482,中国动力,2026-09-16,-0.05343964,0.077649795,-0.6882135,0.0076763793,0.098858975,0.016533777,0.2129275,-0.044582244,-0.574145,1.0564567,1.0645664,0.9825328,1.0039371,1.0985155,1.0165058,0.99221426,0.8876778,1.0265753,1.0550193,1.0587771,1.0281895,1.0161043,0.98161185,0.03254509,0.032875944,0.03985116,0.04393529,0.06930013,-0.018208245,-0.00088459,0.0048877257,0.0034127221,0.0013374247,0.7825376,0.006636499,0.5265017,0.4676022,0.11359793,-0.018602727,-0.054796487,-0.07462297,-0.06558885,-0.021065863,1.1216162,1.1216162,1.1216162,1.1216162,1.1442343,0.9825328,0.9825328,0.963824,0.87340474,0.8234027,1.0730406,1.0871795,1.0705491,1.0594623,1.0372677,1.0474204,1.026783,0.99327314,0.99127996,0.9140247,0.2,0.1,0.4,0.46666667,0.5833333,0.12558807,0.12558807,0.22926378,0.51002985,0.55043614,0.2,0.6,0.8,0.8666667,0.13333334,1.0,1.0,0.1,0.033333335,0.45,-0.8,-0.4,0.7,0.8333333,-0.31666666,-0.71907175,-0.2633005,0.36552173,0.11115118,-0.070910394,-0.83208805,-0.2470282,-0.011012268,0.20204836,0.16912185,0.0,0.4,0.45,0.5,0.51666665,1.0,0.6,0.55,0.5,0.48333332,-1.0,-0.2,-0.1,0.0,0.033333335,0.0,0.46244678,0.5105604,0.58364254,0.4917451,1.0,0.5375532,0.4894396,0.41635746,0.5082549,-1.0,-0.07510641,0.021120805,0.16728508,-0.016509762,0.54151785,0.5677942,0.4849526,0.5288805,0.69816345,0.26870325,0.20594224,0.1938609,0.21077763,0.29710385,1.6224606,1.3471811,1.386758,1.1827387,0.99015695,0.74908966,0.6502499,0.57743526,0.5248072,0.5089623,0.2509103,0.3497501,0.42256474,0.4751928,0.49103773,0.49817935,0.3004998,0.15487048,0.049614456,0.017924536
229,SZ002074,-0.026316633195048,0.1111111111111111,,,,,,2026-09-16,0.034018964,0.06724686,0.50588185,0.013053801,0.19411762,0.020174095,0.30000055,0.04113926,0.6117647,0.96710026,1.0126244,0.9475899,0.98963344,0.9885394,0.9958173,1.0049356,1.081479,1.1131839,0.97482014,0.9838464,1.0076041,1.0213066,1.0281914,0.015585704,0.014429198,0.030189993,0.03337182,0.03904223,0.006625391,-0.0022566305,-0.0040386645,-0.0032211537,-0.00047515184,0.4517625,0.22420637,0.62635064,0.72204584,0.045174718,0.0119290715,0.026308427,0.030763166,0.02540006,-0.014174412,1.0126244,1.0126244,1.0718963,1.0825837,1.1139084,0.94377947,0.94377947,0.94377947,0.94377947,0.9245525,0.9794546,0.9953823,1.0320395,1.0580392,1.0659863,0.96787685,0.97175837,0.9856952,0.9919525,0.9939267,1.0,0.95,0.525,0.35,0.25833333,0.81662625,0.81662625,0.43882224,0.40503457,0.39844275,1.0,1.0,0.25,0.16666667,0.016666668,0.4,0.7,0.85,0.9,0.23333333,0.6,0.3,-0.6,-0.73333335,-0.21666667,0.77761656,0.109255046,0.7370642,0.7371616,0.5553769,0.49879465,0.29542026,0.45110744,0.38104057,0.44270736,0.6,0.5,0.45,0.43333334,0.46666667,0.4,0.5,0.55,0.56666666,0.53333336,0.2,0.0,-0.1,-0.13333334,-0.06666667,0.57722646,0.5225226,0.48990062,0.39585117,0.444417,0.4227735,0.47747737,0.51009935,0.60414886,0.555583,0.15445298,0.045045286,-0.020198753,-0.2082977,-0.111165985,0.5360507,0.45081067,0.58097357,0.6222247,0.79913634,0.26482126,0.20265666,0.2753017,0.23746143,0.33361334,1.143299,1.5480933,1.2713553,1.0608302,1.2942978,0.87151754,0.7062763,0.5536333,0.5109838,0.50921464,0.12848245,0.29372367,0.44636676,0.48901615,0.49078533,0.74303514,0.41255262,0.107266515,0.021967683,0.018429315
230,SZ002648,-0.02631888413538059,0.1111111111111111,,,,,,2026-09-16,-0.0044461163,0.025194502,-0.1764717,0.005928029,0.23529057,0.014820357,0.5882377,0.0044462113,0.17647547,1.0044659,1.0104204,0.98511344,0.9967204,1.0487435,1.0230535,0.9981209,0.9400661,0.9549585,1.0116782,1.0196797,1.019604,1.002138,0.9515056,0.019259673,0.018531982,0.02500928,0.034360483,0.061932586,-0.010306817,-0.0031283777,0.00048753212,0.0025942924,0.0030140816,0.7159642,0.2612198,0.013300627,0.44179526,0.7223896,0.0089353975,-0.005601996,-0.024235528,-0.039755244,-0.040420983,1.0867027,1.0867027,1.0915456,1.0915456,1.0915456,0.98511344,0.98511344,0.9557061,0.914027,0.8135331,1.0193403,1.0333408,1.0454677,1.0293247,1.0058615,0.99984854,1.0011891,0.99984854,0.9720159,0.89660084,0.4,0.2,0.25,0.5,0.75,0.14653657,0.14653657,0.32607502,0.48430413,0.670714,0.2,0.6,0.45,0.6333333,0.81666666,1.0,1.0,0.25,0.26666668,0.21666667,-0.8,-0.4,0.2,0.36666667,0.6,0.7609703,0.6699981,0.5495415,0.10960355,-0.34083477,0.12339189,0.11532518,0.31233615,0.30877292,0.52117556,0.2,0.4,0.45,0.5,0.46666667,0.8,0.6,0.55,0.5,0.53333336,-0.6,-0.2,-0.1,0.0,-0.06666667,0.015067835,0.40676066,0.50326484,0.5663541,0.5214924,0.9849322,0.5932393,0.4967352,0.4336459,0.47850758,-0.9698643,-0.18647867,0.0065296544,0.13270819,0.04298484,1.2928436,1.3080275,1.52529,1.632277,2.1310523,0.46998703,0.32732558,0.40646392,0.42308822,1.1141121,1.4549162,0.9917148,1.0622802,0.9806663,1.2269564,0.31728008,0.31567428,0.3874476,0.44285345,0.35659894,0.68271995,0.6843257,0.6125524,0.55714655,0.643401,-0.36543986,-0.36865142,-0.22510481,-0.11429313,-0.28680208
231,SH603369,-0.026348885934716855,0.16666666666666666,,,,SH603369,今世缘,2026-09-16,-0.022863196,0.040098518,-0.5701755,0.00809006,0.20175457,0.0091452645,0.22806989,-0.021807991,-0.54386026,1.0233982,1.0316775,0.99064076,1.0022638,1.0946571,1.0672907,1.0409904,0.9880346,0.8682621,1.0329819,1.0667576,1.0464993,1.0453975,0.98645896,0.023272919,0.039717242,0.038761713,0.04038417,0.07585444,-0.0133041125,-0.011649488,0.002336073,0.0012171637,0.0037733433,0.8169776,0.7886185,0.12712617,0.070400774,0.75472796,-0.0063736644,-0.014334814,-0.06869195,-0.06304636,-0.0977726,1.1050158,1.1342672,1.1342672,1.1342672,1.1342672,0.99064076,0.99064076,0.98953396,0.954284,0.8250346,1.0474352,1.1047269,1.084516,1.0821466,1.0639261,1.0206611,1.031039,1.0099752,1.0050468,0.9013624,0.2,0.1,0.075,0.11666667,0.5083333,0.0818295,0.065163806,0.07231279,0.25400144,0.5658051,0.2,0.2,0.6,0.73333335,0.8666667,1.0,1.0,0.25,0.06666667,0.05,-0.8,-0.8,0.35,0.6666667,0.81666666,-0.45502663,0.44833508,0.1021349,0.25784838,-0.016768886,-0.46727896,-0.06415583,0.3215712,0.6711374,0.6587431,0.2,0.3,0.35,0.36666667,0.45,0.8,0.7,0.65,0.6333333,0.55,-0.6,-0.4,-0.3,-0.26666668,-0.1,0.09523787,0.31266484,0.4349624,0.51014256,0.5532567,0.90476215,0.6873352,0.5650376,0.4898574,0.4467433,-0.80952424,-0.37467036,-0.13007519,0.020285187,0.106513396,0.6876646,0.8358788,0.9703579,1.3591785,1.4290788,0.2073665,0.28470057,0.35792637,0.835527,0.68943423,0.5394039,0.8274088,1.4896005,2.0750244,1.5404466,0.59508187,0.524109,0.440468,0.49257147,0.49134734,0.40491813,0.47589102,0.559532,0.5074285,0.5086527,0.19016373,0.048217963,-0.11906394,-0.014857084,-0.017305337
232,SZ000792,-0.026430889709955843,0.1111111111111111,,,,,,2026-09-16,0.0052802195,0.02761981,0.19117507,0.006092628,0.22058906,0.016246963,0.58823586,0.015434555,0.55882186,0.9947475,1.0060606,0.9785859,0.99319226,1.0795723,1.0884563,1.1248149,1.1425829,1.2662463,1.021552,1.0503647,1.0916206,1.1109862,1.1077543,0.027412908,0.036286302,0.051345296,0.05165729,0.06426674,-0.016073488,-0.0109346835,-0.007992972,-0.0051335837,-0.00092887535,0.85950816,0.8324122,0.8481707,0.7653847,0.06371506,0.010594988,-0.0011586377,-0.015687296,-0.036549255,-0.08035252,1.0827969,1.1074581,1.1987797,1.2153174,1.2706792,0.9785859,0.9785859,0.9785859,0.9785859,0.97252136,1.0356786,1.0804607,1.1391281,1.151105,1.1597368,0.999671,1.0125912,1.0550919,1.0745051,1.0489498,0.4,0.2,0.1,0.06666667,0.083333336,0.20548798,0.16616549,0.09725118,0.09045737,0.09216129,0.2,0.1,0.15,0.1,0.016666668,1.0,1.0,1.0,1.0,0.3,-0.8,-0.9,-0.85,-0.9,-0.28333333,-0.41847908,0.09659681,0.6014767,0.5240936,0.18825272,-0.63442063,-0.4747864,-0.07551787,-0.23046778,0.00096216827,0.2,0.3,0.4,0.46666667,0.46666667,0.8,0.7,0.6,0.53333336,0.53333336,-0.6,-0.4,-0.2,-0.06666667,-0.06666667,0.019854035,0.19850436,0.31459746,0.36939925,0.39770764,0.980146,0.8014956,0.6854025,0.63060075,0.60229236,-0.9602919,-0.6029913,-0.37080508,-0.26120153,-0.20458473,0.92903125,0.9837319,1.1913489,1.2466601,1.5377556,0.25751454,0.18814684,0.2929148,0.29840577,0.4982515,1.0737158,0.89967555,0.9224598,0.98013955,0.9527037,0.51241684,0.40582362,0.4559919,0.48538163,0.4532329,0.48758316,0.59417635,0.5440081,0.51461834,0.54676706,0.024833666,-0.18835275,-0.0880162,-0.02923672,-0.09353415
233,SH600196,-0.026753006687529626,0.05555555555555555,,,,SH600196,复星医药,2026-09-16,-0.0009182358,0.009182681,-0.09999648,0.0018365524,0.20000176,0.006427893,0.7000018,0.0036731048,0.40000352,1.0009191,1.0027573,0.9935662,0.9984022,1.0312424,1.0202085,1.0859241,1.0546818,1.0162156,1.0018349,1.0177366,1.0371083,1.058316,1.056659,0.0060987812,0.01832025,0.033465378,0.042654444,0.037539657,-0.00014020478,-0.0044288873,-0.004628776,-0.004107851,-0.00023527067,0.0013212332,0.53572005,0.66958994,0.7187909,0.011979944,-0.0015544966,0.0021934772,0.006865058,0.0012478003,-0.049718447,1.0280354,1.0464263,1.1746392,1.1746392,1.1746392,0.98803747,0.98803747,0.98803747,0.98803747,0.94169843,1.006157,1.0331749,1.0511826,1.1051328,1.0864972,0.99853086,1.0018288,1.0080773,1.0231589,1.0266337,0.4,0.2,0.1,0.06666667,0.05,0.29907882,0.20487702,0.06410723,0.06410723,0.25028488,0.2,0.4,0.05,0.36666667,0.68333334,0.6,0.8,0.9,0.93333334,0.05,-0.4,-0.4,-0.85,-0.56666666,0.6333333,0.17989023,0.44719738,0.8414221,0.82460237,0.59417844,-0.35234296,-0.03187147,0.44442296,0.54306567,0.48471764,0.2,0.5,0.45,0.46666667,0.48333332,0.8,0.5,0.55,0.53333336,0.5,-0.6,0.0,-0.1,-0.06666667,-0.016666668,0.25348705,0.4018358,0.3643539,0.4389962,0.4923055,0.74651295,0.5981642,0.6356461,0.5610038,0.50769454,-0.49302593,-0.1963284,-0.2712922,-0.12200761,-0.015389032,1.539191,1.6582366,2.8444498,3.2767632,3.6077726,0.63955903,0.50178576,2.3831875,2.156784,1.8793243,1.0066167,0.9714534,1.9909232,1.8350548,1.4521302,0.41869068,0.37391335,0.46708563,0.47492006,0.47669256,0.5813093,0.62608665,0.53291434,0.5250799,0.52330744,-0.1626186,-0.2521733,-0.065828726,-0.050159864,-0.04661487
234,SH688036,-0.02685316521529009,0.05555555555555555,,,,SH688036,传音控股,2026-09-16,0.0149109615,0.026917135,0.553958,0.0007746048,0.028777387,0.011231569,0.41726464,0.025367925,0.9424452,0.9853081,1.0007632,0.97424155,0.99083775,1.0094134,1.072552,1.0771438,1.0706004,1.0122833,0.99715304,1.0236827,1.0569854,1.0587686,1.1073145,0.006672296,0.034878816,0.04309721,0.037019502,0.072521,-0.0011479767,-0.010403429,-0.0064032767,-0.0022527354,-0.00234971,0.07400406,0.81553197,0.77263486,0.2869861,0.32018495,0.0051429253,0.02313272,0.0038457047,-0.026103945,-0.037998058,1.0130092,1.1028042,1.1280656,1.1280656,1.3467805,0.97424155,0.97424155,0.97424155,0.97424155,0.97424155,1.0012169,1.0519114,1.08844,1.0877512,1.1722878,0.9912065,0.9971301,1.0048674,1.023281,1.0455058,0.8,0.4,0.2,0.13333334,0.06666667,0.6644325,0.20035721,0.16745402,0.16745402,0.06914295,0.2,0.2,0.45,0.6333333,0.2,1.0,1.0,1.0,1.0,1.0,-0.8,-0.8,-0.55,-0.36666667,-0.8,0.7513138,0.32946214,0.71948856,0.5407288,0.641255,0.8727044,-0.22522612,0.21829681,0.1815529,0.26912156,0.6,0.5,0.45,0.5,0.53333336,0.4,0.5,0.55,0.5,0.46666667,0.2,0.0,-0.1,0.0,0.06666667,0.39646474,0.22134058,0.3883722,0.42929414,0.49625376,0.6035353,0.7786594,0.6116278,0.5707059,0.5037462,-0.20707054,-0.55731887,-0.22325559,-0.14141172,-0.0074924803,0.9779433,1.1154407,1.4493068,1.7908471,2.4942398,0.21409701,0.3033706,0.55785954,0.76550025,1.1305224,0.51977104,1.141215,0.9833015,0.8414148,1.1984873,0.37510705,0.4202598,0.36535642,0.43538064,0.4853011,0.62489295,0.5797402,0.6346436,0.56461936,0.5146989,-0.24978593,-0.15948041,-0.26928717,-0.12923874,-0.029397788
235,SH600010,-0.02693236189209268,0.1111111111111111,,,,SH600010,包钢股份,2026-09-16,0.014218056,0.03317532,0.42857328,0.0047392943,0.14285603,0.01421797,0.4285707,0.02369673,0.71428794,0.9859813,1.0046729,0.97196263,0.990148,1.0372636,1.041713,1.0139043,1.0606229,1.0884316,1.0007787,1.0166296,1.0324805,1.0367074,1.0312662,0.014670758,0.01972731,0.023839705,0.022088144,0.02301562,-0.006562849,-0.0055988138,-0.0027055957,-0.0015174436,6.5693224e-05,0.50028765,0.7383592,0.45080853,0.36577025,0.0024848238,0.012347059,0.008565077,-0.006777367,-0.014704509,-0.03320416,1.032705,1.0512806,1.0699676,1.0837578,1.0887692,0.97196263,0.97196263,0.97196263,0.97196263,0.9532761,1.0082314,1.0332592,1.0556173,1.0556173,1.051168,0.989544,0.99810904,1.0155729,1.0223582,1.0139043,0.6,0.3,0.15,0.1,0.108333334,0.46157876,0.3534806,0.2860813,0.2507925,0.34484345,0.2,0.1,0.45,0.06666667,0.016666668,1.0,1.0,1.0,1.0,0.18333334,-0.8,-0.9,-0.55,-0.93333334,-0.16666667,-0.19382146,-0.16651887,0.41236326,0.46401426,0.12825705,0.1890031,-0.0031395922,0.30738333,0.15867606,0.18668228,0.2,0.3,0.5,0.43333334,0.43333334,0.8,0.7,0.5,0.53333336,0.51666665,-0.6,-0.4,0.0,-0.1,-0.083333336,0.21848774,0.28813574,0.46537396,0.40353984,0.45052895,0.78151226,0.71186423,0.534626,0.59646016,0.5494711,-0.5630245,-0.42372853,-0.06925207,-0.19292036,-0.0989421,0.8248748,0.80207086,0.957729,1.0226071,1.1958667,0.2909405,0.20754008,0.3564346,0.410169,0.44098368,0.62189806,0.74023384,1.352921,1.1426394,1.3308923,0.59151846,0.4924844,0.49762645,0.47131044,0.48823982,0.40848154,0.5075156,0.5023736,0.52868956,0.5117602,0.18303691,-0.01503119,-0.0047471067,-0.057379153,-0.02352038
236,SH600048,-0.028307854755853394,0.05555555555555555,,,,SH600048,保利发展,2026-09-16,0.0,0.025948087,0.0,0.0059879753,0.23076752,0.019960111,0.7692325,0.013972135,0.53846496,1.0,1.005988,0.9800399,0.9932031,1.041895,0.9719949,1.0438471,1.02793,0.94406486,1.0131541,1.0265185,1.0220249,1.0338339,1.0061228,0.015990907,0.020127939,0.024400728,0.027178511,0.046918962,-0.008776933,-0.0044120164,-0.0007335898,-0.0018698354,0.0017302714,0.75314635,0.44044033,0.031635087,0.3668235,0.414793,0.0043997536,-0.0066644032,-0.015055795,-0.006721228,-0.05716581,1.0518433,1.0658655,1.0817822,1.1017407,1.1017407,0.9800399,0.97001123,0.9560278,0.9560278,0.9001428,1.0191455,1.0430963,1.0430963,1.0522711,1.0479015,1.0015616,1.008379,1.0015616,1.0099857,0.9492604,0.2,0.1,0.2,0.13333334,0.38333333,0.27798283,0.31285813,0.3496673,0.301773,0.49532866,0.2,0.2,0.4,0.16666667,0.5833333,1.0,0.1,0.5,0.6666667,0.16666667,-0.8,0.1,-0.1,-0.5,0.41666666,0.21993396,0.3785384,-0.0770603,-0.11864205,0.10686462,-0.8400103,0.40030286,0.13628061,0.25489104,0.35762584,0.2,0.4,0.4,0.43333334,0.48333332,0.8,0.6,0.6,0.56666666,0.51666665,-0.6,-0.2,-0.2,-0.13333334,-0.033333335,0.07981928,0.5876823,0.43218768,0.46930692,0.5284851,0.92018074,0.41231772,0.5678123,0.53069305,0.47151485,-0.8403614,0.17536455,-0.13562466,-0.061386142,0.056970287,1.1539128,1.7660264,2.0292542,1.8497248,1.7112705,0.2929879,0.998146,1.2194138,1.0588542,0.8035204,1.4570317,1.4040569,1.50038,1.5121167,1.2872267,0.4132513,0.42818177,0.49450937,0.49332374,0.49335295,0.5867487,0.57181823,0.50549066,0.50667626,0.50664705,-0.17349741,-0.14363647,-0.010981283,-0.013352538,-0.013294099
237,SZ002920,-0.02834352242704378,0.05555555555555555,,,,,,2026-09-16,-0.005243863,0.024146318,-0.2171703,0.001951216,0.08080801,0.01695124,0.7020217,0.009756161,0.40404338,1.0052716,1.007233,0.9829594,0.99381876,1.047225,1.1098472,1.037803,1.1766057,1.0281512,1.0192118,1.047926,1.0604447,1.082619,1.0616568,0.014564452,0.03517282,0.033698343,0.047621276,0.054614432,-0.0070665292,-0.011188757,-0.0022791391,-0.0039597917,0.001052452,0.5885238,0.9276,0.16010047,0.53585136,0.11326339,-0.0050786906,0.0024234252,-0.038792837,-0.025202021,-0.092704214,1.044608,1.138649,1.141823,1.2008433,1.2008433,0.9829594,0.9829594,0.9829594,0.9829594,0.94310284,1.0313685,1.0802022,1.0825921,1.1315868,1.1126738,1.0064346,1.0207285,1.0327473,1.0381707,1.0137423,0.2,0.1,0.05,0.033333335,0.13333334,0.27641493,0.10945235,0.10726553,0.07820953,0.2207537,0.6,0.2,0.45,0.23333333,0.6166667,1.0,1.0,1.0,1.0,0.05,-0.4,-0.8,-0.55,-0.76666665,0.56666666,-0.44295308,0.5318406,0.7058066,0.6800658,0.3044708,-0.4139873,-0.47448894,0.37696585,0.23763059,0.39775717,0.4,0.3,0.5,0.46666667,0.53333336,0.6,0.7,0.5,0.53333336,0.46666667,-0.2,-0.4,0.0,-0.06666667,0.06666667,0.14136104,0.11389321,0.4301487,0.33790338,0.4895807,0.85863894,0.8861068,0.56985134,0.6620966,0.5104193,-0.7172779,-0.7722136,-0.13970263,-0.32419324,-0.020838626,0.84413385,0.9844476,1.0724368,1.2698606,1.478585,0.12176325,0.32719025,0.37833524,0.5265098,0.5839093,0.7231121,0.9376497,1.4223387,1.3578064,1.1105361,0.6957101,0.42093527,0.47697347,0.44421327,0.4920413,0.3042899,0.5790647,0.5230265,0.5557867,0.5079587,0.3914202,-0.15812944,-0.046053078,-0.11157343,-0.015917402
238,SH601360,-0.028806432359392342,0.16666666666666666,,,,SH601360,三六零,2026-09-16,-0.0189944,0.029050263,-0.6538461,0.004469303,0.15384725,0.00558656,0.1923067,-0.017877143,-0.6153866,1.0193622,1.023918,0.99430525,1.0023123,1.0047873,1.0239362,1.005851,1.118617,1.0207447,1.0068085,1.0118085,1.0122607,1.033883,1.021977,0.015865859,0.012929404,0.02372055,0.041015208,0.04192954,0.0038829711,-0.0012508088,0.00068589114,-0.0030548126,0.0005467979,0.14974117,0.08578993,0.02926368,0.4299134,0.05186965,-0.014574459,-0.0061798845,-0.01877661,0.010411797,-0.038107492,1.0647758,1.0647758,1.0920664,1.1388158,1.1470951,0.9769938,0.9769938,0.96923023,0.96923023,0.9406196,1.0202128,1.0220213,1.0248936,1.0714893,1.0597873,0.9945745,0.9990426,0.99287236,0.99734044,0.9896808,0.6,0.3,0.4,0.26666668,0.35,0.26208356,0.26208356,0.25049412,0.18144087,0.28759056,0.8,0.9,0.35,0.033333335,0.5,0.4,0.7,0.15,0.43333334,0.16666667,0.4,0.2,0.2,-0.4,0.33333334,0.92787206,0.5737851,0.845969,0.4055291,0.5396594,0.9595306,0.8137153,0.7940758,0.65070176,0.53219545,0.4,0.3,0.4,0.36666667,0.5,0.6,0.6,0.55,0.6,0.48333332,-0.2,-0.3,-0.15,-0.23333333,0.016666668,0.46938753,0.3981899,0.48944342,0.36217552,0.49025488,0.53061247,0.6018101,0.5105566,0.6378245,0.5097451,-0.061224926,-0.20362017,-0.021113146,-0.27564898,-0.019490262,1.09948,0.95097244,0.9753908,0.9447149,0.93071795,0.5083113,0.40336904,0.530718,0.44634017,0.3896188,1.0920814,1.2571932,1.7446791,1.592785,1.2680678,0.56590116,0.50902855,0.51279986,0.4822056,0.49918735,0.43409884,0.49097148,0.4872001,0.51779443,0.50081265,0.13180229,0.018057067,0.025599761,-0.03558881,-0.0016252873
239,SZ002304,-0.029128724124847342,0.05555555555555555,,,,,,2026-09-16,0.0005278504,0.011348678,0.04651206,0.0015835512,0.13953619,0.009237276,0.81395173,0.008181576,0.72092766,0.99947244,1.0015827,0.99024004,0.9962209,1.0319171,1.0247685,1.0292993,1.0891563,1.0159082,1.0048026,1.0210985,1.0270162,1.0422355,1.0440478,0.0060676276,0.018913504,0.015999418,0.028659701,0.03455395,-0.003383002,-0.0050827474,-0.0016121275,-0.0027163003,4.65571e-05,0.7771533,0.6620099,0.35535175,0.6961679,0.00055370224,0.0019633693,0.0017739078,-0.011700981,-0.0028491525,-0.04542127,1.0337812,1.0522146,1.0543414,1.1113285,1.1403234,0.99024004,0.99024004,0.99024004,0.99024004,0.9782824,1.0063934,1.0424083,1.0410894,1.0717982,1.077074,1.0004027,1.0034837,1.0128876,1.0215666,1.0146798,0.2,0.1,0.05,0.033333335,0.05,0.22415523,0.15748344,0.15225822,0.08060198,0.13402538,0.2,0.2,0.25,0.2,0.46666667,1.0,1.0,1.0,1.0,0.05,-0.8,-0.8,-0.75,-0.8,0.41666666,0.84763527,0.62579674,0.4872293,0.7092425,0.51417184,-0.4770162,0.41133988,0.11992039,0.2029793,0.46054366,0.0,0.2,0.4,0.33333334,0.43333334,0.8,0.7,0.55,0.6333333,0.55,-0.8,-0.5,-0.15,-0.3,-0.11666667,0.0,0.34230778,0.432514,0.37002796,0.490593,1.0,0.6576922,0.567486,0.62997204,0.509407,-1.0,-0.31538442,-0.13497198,-0.25994408,-0.018814022,1.3925232,1.6552685,1.8287622,2.129165,2.7633765,0.6783158,0.72226465,0.6890475,0.7945887,1.2058278,1.3730618,1.3118807,1.0258846,0.9015081,1.236889,0.32165283,0.44928905,0.46827257,0.44044116,0.48052767,0.6783472,0.550711,0.53172743,0.55955887,0.5194723,-0.35669434,-0.101421915,-0.06345487,-0.11911769,-0.038944636
240,SH600999,-0.029723576191096113,0.05555555555555555,,,,SH600999,招商证券,2026-09-16,0.0069767516,0.021511693,0.32432368,0.0040697632,0.18918842,0.010465179,0.4864879,0.013372167,0.62162316,0.9930716,1.0040416,0.9826789,0.9936915,1.0239003,1.042207,1.0193237,1.0256801,1.1345029,1.0043224,1.0220696,1.0334604,1.0341809,1.0737816,0.017074205,0.024484878,0.026884608,0.022293488,0.069742344,-0.0074497843,-0.0074212705,-0.0018903102,-0.0006806454,-0.0030591525,0.4759336,0.84211624,0.17303215,0.07224162,0.58682555,0.010577182,0.011326084,-0.015502489,-0.024311483,0.01646335,1.0377555,1.0765855,1.0822445,1.0822445,1.298348,0.9826789,0.9826789,0.9826789,0.9826789,0.9826789,1.006865,1.038393,1.0630561,1.0557334,1.1446732,0.99394864,0.99883044,1.0077295,1.019222,1.019222,0.7,0.35,0.175,0.11666667,0.075,0.31449103,0.18445016,0.1739666,0.1739666,0.054871034,0.2,0.2,0.45,0.6333333,0.083333336,1.0,1.0,1.0,1.0,1.0,-0.8,-0.8,-0.55,-0.36666667,-0.9166667,0.2459149,0.66052914,0.753152,0.70421726,0.8351499,-0.40968952,-0.23768939,0.49232522,0.46722367,0.4423442,0.6,0.5,0.45,0.5,0.46666667,0.4,0.5,0.4,0.4,0.48333332,0.2,0.0,0.05,0.1,-0.016666668,0.29565316,0.3122173,0.45486933,0.45823002,0.43875897,0.70434684,0.6877827,0.54513067,0.54177,0.56124103,-0.40869364,-0.3755654,-0.09026133,-0.08353996,-0.12248205,1.2235876,1.4893851,1.6998923,1.6792327,2.7210984,0.45229504,0.5182267,0.80693996,0.67756337,1.573935,1.441524,1.1817594,2.0025356,1.9137632,1.7919449,0.4515279,0.41569516,0.46989736,0.45410556,0.4262541,0.5484721,0.5843048,0.5301026,0.54589444,0.5737459,-0.09694423,-0.16860968,-0.06020526,-0.09178889,-0.14749184
241,SZ002463,-0.02983938896751094,0.2777777777777778,,,,,,2026-09-16,0.010356557,0.04616963,0.22431536,0.016602097,0.3595891,0.019210977,0.41609553,0.012965438,0.28082177,0.9897496,1.0164319,0.97073555,0.992345,0.99802876,0.9263666,0.8873984,0.90453863,1.1216645,0.99449974,0.96909225,0.95103246,0.9506074,0.9658609,0.0096531045,0.04386079,0.040309288,0.036449563,0.09017603,-0.0020890282,0.010827879,0.004676355,0.0013714017,-0.0021315366,0.117083214,0.55865717,0.47105628,0.109710045,0.17041317,0.009678343,-0.017817708,0.004542136,0.029507281,0.0970194,1.0269939,1.0269939,1.0269939,1.0269939,1.2378525,0.9565619,0.8653254,0.8653254,0.8653254,0.74122816,1.001452,1.0001875,0.98720133,0.9837444,1.0132554,0.98430693,0.9499399,0.9096255,0.91582286,0.89889896,0.6,0.8,0.9,0.93333334,0.7083333,0.6167386,0.8330297,0.8330297,0.8330297,0.5210616,0.2,0.6,0.8,0.8666667,0.083333336,0.6,0.2,0.6,0.73333335,0.43333334,-0.4,0.4,0.2,0.13333334,-0.35,0.4057545,-0.036337443,0.17717297,0.12278979,0.36873785,0.4476017,0.24344325,0.4522156,0.28167173,0.38807243,0.8,0.7,0.6,0.56666666,0.5,0.2,0.3,0.4,0.43333334,0.5,0.6,0.4,0.2,0.13333334,0.0,0.52353626,0.6663048,0.6183546,0.5632748,0.47380894,0.47646374,0.33369517,0.38164538,0.43672517,0.52619106,0.047072522,0.33260965,0.2367092,0.12654966,-0.0523821,0.913865,1.096046,1.087701,1.1063224,1.4090194,0.09828575,0.35392135,0.30140653,0.30524918,0.466086,1.0182375,1.6400591,1.2788173,1.2040143,0.9721911,0.44664234,0.5498522,0.48028457,0.44972464,0.48351696,0.55335766,0.4501478,0.5197154,0.5502754,0.51648307,-0.10671532,0.0997044,-0.039430864,-0.10055073,-0.0329661
242,SZ002709,-0.029848803840419696,0.2777777777777778,,,,,,2026-09-16,0.0063849557,0.034964986,0.18260999,0.0045606266,0.1304341,0.024019405,0.6869559,0.025843734,0.7391318,0.99365556,1.0045317,0.96978855,0.9894173,1.0169291,1.037467,1.1438056,1.1763444,1.6971915,0.9932984,1.0095224,1.0569501,1.0988562,1.1798285,0.010462931,0.020054046,0.05480071,0.07541226,0.18158652,0.0011444228,-0.005524729,-0.008783966,-0.008267957,-0.007668438,0.029909302,0.6957118,0.89924276,0.93156713,0.5439343,0.004412755,0.015338862,0.026497634,0.021029126,0.046390362,1.0160102,1.05771,1.1778421,1.2194152,1.7110345,0.9571089,0.9571089,0.9571089,0.9571089,0.9571089,1.0003052,1.0230905,1.11742,1.1828481,1.206281,0.98773915,0.99667597,1.0012207,1.0171602,1.0588007,0.8,0.4,0.2,0.13333334,0.06666667,0.72818637,0.4263478,0.19431183,0.16351523,0.056890324,0.6,0.1,0.15,0.3,0.1,0.4,0.7,0.85,0.9,0.95,0.2,-0.6,-0.7,-0.6,-0.85,-0.44633877,-0.57357323,0.74365056,0.8276606,0.6602767,-0.28436327,-0.52418786,-0.093457244,-0.1656217,-0.10938661,0.4,0.4,0.35,0.4,0.41666666,0.6,0.6,0.65,0.6,0.5833333,-0.2,-0.2,-0.3,-0.2,-0.16666667,0.39384547,0.3516251,0.28730023,0.31594354,0.3227136,0.60615456,0.64837486,0.7126998,0.68405646,0.6772864,-0.21230906,-0.29674977,-0.42539954,-0.36811292,-0.35457277,0.92776334,0.8765998,1.1072336,1.277491,1.8060123,0.15674125,0.13597953,0.3010616,0.36913761,0.7892418,0.59770954,0.7857556,0.7131038,0.7272734,1.3086556,0.6091226,0.44678465,0.43669444,0.40256357,0.44979185,0.39087743,0.5532153,0.56330556,0.5974364,0.55020815,0.21824515,-0.10643071,-0.12661113,-0.19487284,-0.100416325
243,SZ002532,-0.030077591098902033,0.05555555555555555,,,,,,2026-09-16,0.0007710147,0.036237538,0.021276686,0.0053971033,0.14893681,0.03006942,0.8297865,0.025443332,0.7021264,0.99922955,1.0053929,0.9691833,0.9864588,1.0816023,0.99684465,0.9829959,1.0134982,0.8952581,1.0161626,1.0217723,1.0063984,1.0101937,0.95866567,0.025778271,0.028013183,0.029010428,0.029132783,0.073047735,-0.0140152555,-0.0019336161,0.002823388,0.00016061722,0.0034448681,0.73898304,0.04367441,0.33151326,0.0023557106,0.6783151,0.011867835,-0.0130710155,-0.033220645,-0.012522658,-0.060289286,1.0923963,1.0923963,1.0923963,1.1151636,1.1151636,0.9691833,0.9691833,0.9452832,0.9452832,0.7755416,1.0268034,1.0323429,1.0187922,1.0213516,1.0147778,0.99968445,0.99968445,0.9845385,0.9881672,0.8748532,0.4,0.3,0.45,0.41666666,0.69166666,0.2501092,0.2501092,0.37193722,0.3220903,0.66090673,0.2,0.6,0.8,0.16666667,0.5833333,1.0,1.0,0.05,0.36666667,0.18333334,-0.8,-0.4,0.75,-0.2,0.4,0.5689124,0.82519054,0.28098404,0.37523592,-0.30262998,0.039204575,0.74970055,0.56603926,0.3733777,0.43471596,0.2,0.4,0.5,0.46666667,0.53333336,0.8,0.6,0.5,0.53333336,0.46666667,-0.6,-0.2,0.0,-0.06666667,0.06666667,0.018614508,0.50705874,0.52397424,0.48876238,0.5387107,0.98138547,0.49294126,0.4760258,0.5112376,0.4612893,-0.962771,0.014117483,0.04794844,-0.022475217,0.07742145,1.0747352,1.2886289,1.3297645,1.5830704,2.0331013,0.3017857,0.59159094,0.43380284,0.61466944,0.84770995,1.1410632,1.3529176,1.3061805,1.3515579,1.3034012,0.19566296,0.4788248,0.480069,0.464753,0.49197808,0.804337,0.5211752,0.51993096,0.535247,0.5080219,-0.6086741,-0.042350415,-0.03986196,-0.07049401,-0.016043812
244,SZ001979,-0.03033284226261826,0.1111111111111111,,,,,,2026-09-16,0.0074850074,0.028443132,0.26315692,0.0029940177,0.10526329,0.017964106,0.63157976,0.022455096,0.7894734,0.9925706,1.0029718,0.97473997,0.9884213,1.0139186,0.9646681,1.1177729,1.022484,0.99464667,1.0053533,1.0147752,1.0321199,1.0536759,1.0251606,0.01001513,0.013681427,0.047570556,0.053535946,0.054941196,-0.0052462434,-0.0035429236,-0.0054064486,-0.004119257,0.0013241841,0.68599945,0.6147128,0.4520805,0.45882657,0.17717415,0.005139182,0.0011680053,0.019241363,0.006053294,-0.06422402,1.0418041,1.0680109,1.1675841,1.1675841,1.1675841,0.97473997,0.96446276,0.9393994,0.9393994,0.9173948,1.0079229,1.0254818,1.0691649,1.1117773,1.0706638,0.9993576,1.0025696,0.9993576,1.0040685,0.9751606,0.4,0.2,0.25,0.16666667,0.36666667,0.376655,0.3431953,0.26557678,0.26557678,0.3301707,0.2,0.2,0.05,0.36666667,0.68333334,1.0,0.1,0.5,0.6666667,0.23333333,-0.8,0.1,-0.45,-0.3,0.45,0.63875747,0.6258825,-0.15334843,-0.15774472,0.05415614,-0.018232523,0.5306491,-0.26159692,0.0075919037,0.18773642,0.4,0.5,0.4,0.5,0.51666665,0.6,0.5,0.6,0.5,0.46666667,-0.2,0.0,-0.2,0.0,0.05,0.31428516,0.61870515,0.34550563,0.47843945,0.5023474,0.68571484,0.38129485,0.65449435,0.52156055,0.4976526,-0.3714297,0.23741034,-0.30898872,-0.043121077,0.004694836,1.1701044,1.9983306,2.579556,2.4244912,2.1813085,0.3517387,1.391619,1.996381,1.6886212,1.2655483,1.1325047,1.794575,2.3943093,2.4552948,2.1365438,0.34669256,0.3490612,0.47700998,0.48331663,0.48380947,0.65330744,0.6509388,0.52299,0.51668334,0.5161905,-0.30661488,-0.30187762,-0.045980036,-0.033366717,-0.032381035
245,SH603993,-0.03040605583734438,0.0,,,,SH603993,洛阳钼业,2026-09-16,0.010192499,0.031710073,0.3214278,0.006795045,0.21428666,0.014722529,0.46428555,0.018119982,0.5714267,0.98991036,1.0067265,0.9753364,0.99270046,1.0700105,1.0298553,1.0041797,1.1419616,1.0588148,1.0148978,1.0294969,1.0432975,1.0541872,1.0406206,0.030074842,0.028202612,0.030493427,0.042889133,0.0483417,-0.015957613,-0.0052762297,-0.0023802225,-0.002730406,0.0008650168,0.70383215,0.32083386,0.2132508,0.31409544,0.09765739,0.017017454,-0.0057539316,-0.020685416,-0.014596329,-0.06613851,1.0733794,1.0817811,1.1151642,1.180915,1.180915,0.9753364,0.9753364,0.9753364,0.9753364,0.91543657,1.0269593,1.0583669,1.0664278,1.0736827,1.0701001,0.9977609,1.002269,1.0188684,1.0236752,1.002269,0.4,0.2,0.1,0.06666667,0.2,0.25155947,0.23170367,0.1763858,0.11997179,0.31853217,0.2,0.5,0.25,0.033333335,0.51666665,1.0,1.0,1.0,1.0,0.18333334,-0.8,-0.5,-0.75,-0.96666664,0.33333334,0.029565474,0.33571488,0.54326266,0.50239784,0.193609,-0.5916553,-0.158098,0.24875599,0.06394095,0.30047077,0.2,0.4,0.4,0.36666667,0.45,0.8,0.6,0.5,0.56666666,0.51666665,-0.6,-0.2,-0.1,-0.2,-0.06666667,0.12116278,0.40636697,0.49442226,0.38980296,0.4805873,0.8788372,0.593633,0.50557774,0.610197,0.5194127,-0.75767446,-0.18726605,-0.011155492,-0.22039406,-0.03882539,1.1706437,1.2234801,1.537739,1.7086953,1.9197451,0.65304375,0.52675825,0.6907022,0.68233323,0.701083,1.4951072,1.3468661,1.4867815,1.3960314,1.0774133,0.43116033,0.45043716,0.4684929,0.4479694,0.47034732,0.56883967,0.5495628,0.5315071,0.5520306,0.5296527,-0.13767934,-0.099125676,-0.06301418,-0.10406119,-0.05930539
246,SZ300015,-0.03136819179205825,0.05555555555555555,,,,,,2026-09-16,0.0025062698,0.012531256,0.2000015,0.0012531349,0.10000075,0.008771852,0.6999978,0.010024986,0.7999985,0.9975,1.00125,0.9887501,0.99543315,1.0300086,1.0375153,1.0537676,1.1100123,1.0247537,1.0070076,1.0226331,1.0354462,1.0550512,1.0625833,0.008955751,0.018262848,0.021561632,0.035408497,0.039675314,-0.005127145,-0.0055079465,-0.0030085498,-0.0037039362,-0.00035583432,0.8193836,0.8337846,0.68142676,0.84803486,0.024533233,0.0032466801,0.0021527326,-0.0068649836,-0.001344093,-0.052086193,1.0312631,1.0587568,1.0850159,1.1600026,1.1600026,0.9887501,0.9887501,0.9887501,0.9887501,0.96665746,1.0102581,1.0367533,1.0517557,1.0892671,1.1037554,0.9997523,1.0060054,1.0185118,1.0292578,1.0257071,0.4,0.2,0.1,0.06666667,0.05,0.26462272,0.16069782,0.116863094,0.06569203,0.17245094,0.2,0.2,0.05,0.1,0.55,1.0,1.0,1.0,1.0,0.05,-0.8,-0.8,-0.95,-0.9,0.5,0.016543278,0.6112292,0.41788936,0.7141239,0.4779676,-0.7492478,0.1683428,-0.21624197,-0.016637808,0.3786678,0.2,0.3,0.45,0.36666667,0.38333333,0.6,0.6,0.5,0.6,0.56666666,-0.4,-0.3,-0.05,-0.23333333,-0.18333334,0.038126882,0.28565228,0.37426466,0.345068,0.48742777,0.9618731,0.7143477,0.62573534,0.65493196,0.5125722,-0.9237462,-0.42869547,-0.25147069,-0.30986398,-0.025144434,1.102908,1.2888491,1.6254736,1.9503319,2.6236615,0.2759807,0.3903056,0.69306576,0.8862009,1.1917639,1.0503672,0.81254804,1.3935926,1.2261038,1.4478186,0.43006963,0.4114377,0.46046042,0.4618004,0.47636756,0.5699304,0.5885623,0.5395396,0.5381996,0.52363247,-0.13986075,-0.1771246,-0.07907915,-0.076399185,-0.047264878
247,SH601633,-0.031417528417171964,0.05555555555555555,,,,SH601633,长城汽车,2026-09-16,-0.02199309,0.028178703,-0.7804862,0.0,0.0,0.006185613,0.21951377,-0.015807476,-0.56097245,1.0224876,1.0224876,0.9936753,1.0022528,1.0357946,1.0518762,1.0702058,1.1222548,1.099948,1.0201972,1.0340999,1.053735,1.0661767,1.0826042,0.012694893,0.017648589,0.024765322,0.027696699,0.043844797,-0.003925289,-0.00490046,-0.0038675717,-0.0029317266,-0.0005651844,0.23901504,0.706749,0.8536048,0.8683456,0.05068087,-0.0123465285,-0.012047846,-0.01699313,-0.023666667,-0.065931216,1.047019,1.0694761,1.0933882,1.1228867,1.2015402,0.9936753,0.9936753,0.9936753,0.9936753,0.9936753,1.0274943,1.0499394,1.0748055,1.0904721,1.1236383,1.0139719,1.0225834,1.0321633,1.0453397,1.047726,0.2,0.1,0.05,0.033333335,0.016666668,0.118565276,0.083438605,0.06342926,0.048948586,0.030427027,0.8,0.2,0.05,0.033333335,0.43333334,1.0,1.0,1.0,1.0,1.0,-0.2,-0.8,-0.95,-0.96666664,-0.56666666,-0.07888423,-0.7059653,-0.7098587,-0.3842587,0.113790646,-0.2649162,-0.3576134,-0.17947264,-0.1576174,0.12158009,0.2,0.4,0.45,0.4,0.43333334,0.8,0.6,0.5,0.56666666,0.55,-0.6,-0.2,-0.05,-0.16666667,-0.11666667,0.23797515,0.24402791,0.32560125,0.2931539,0.44011608,0.7620249,0.7559721,0.6743988,0.7068461,0.55988395,-0.5240497,-0.5119442,-0.34879753,-0.41369218,-0.11976785,1.0676167,0.851202,0.70959896,0.70105195,0.8527321,0.32686448,0.33608004,0.28266746,0.25132108,0.2959737,0.57840383,0.92333287,0.9786754,0.907104,1.0461429,0.53587276,0.55920947,0.55640084,0.5051734,0.49776495,0.46412724,0.44079056,0.44359916,0.4948266,0.50223505,0.07174554,0.11841889,0.112801686,0.010346757,-0.0044701323
248,SH603799,-0.032287400724083204,0.2222222222222222,,,,SH603799,华友钴业,2026-09-16,0.009417839,0.031107318,0.30275318,0.0048515988,0.15596326,0.01683788,0.54128355,0.021404121,0.68807346,0.99067,1.0048063,0.97398925,0.99095273,1.0796363,1.0726256,1.1180851,1.1879723,1.4794611,1.0163873,1.047738,1.0837168,1.1253222,1.160001,0.02445055,0.03720199,0.047307365,0.07613918,0.09781705,-0.013659762,-0.01148919,-0.007330271,-0.008047744,-0.003896766,0.7802774,0.874295,0.8403313,0.86583173,0.48403797,0.0109322015,0.0039634053,-0.0140791265,-0.008629924,-0.04504647,1.0737976,1.1105003,1.1808733,1.3335408,1.4616675,0.97398925,0.97398925,0.97398925,0.97398925,0.97398925,1.0270785,1.0769197,1.1301347,1.1932522,1.2277796,0.9995399,1.0058714,1.0498192,1.073502,1.0896264,0.4,0.2,0.1,0.06666667,0.033333335,0.26060688,0.19053943,0.12572624,0.072342224,0.053335886,0.2,0.1,0.15,0.1,0.016666668,1.0,1.0,1.0,1.0,1.0,-0.8,-0.9,-0.85,-0.9,-0.98333335,0.22120687,0.12056756,0.50677,0.80798936,0.50337374,-0.18332635,-0.13482225,-0.015453438,0.2031432,0.319783,0.2,0.3,0.3,0.33333334,0.35,0.8,0.6,0.65,0.6333333,0.6333333,-0.6,-0.3,-0.35,-0.3,-0.28333333,0.027308572,0.21642473,0.30513382,0.3632016,0.36080903,0.9726914,0.78357524,0.6948662,0.6367984,0.639191,-0.94538283,-0.56715053,-0.38973233,-0.27359682,-0.27838197,0.93508613,0.9216193,1.0488507,1.4364349,1.4953074,0.31236753,0.2349967,0.25190622,0.807159,0.6219218,1.1536199,1.1979524,0.9614799,1.4955884,1.2219775,0.47678396,0.46491963,0.42373842,0.4667722,0.48288321,0.523216,0.5350804,0.5762616,0.5332278,0.5171168,-0.046432074,-0.07016074,-0.15252313,-0.0664556,-0.034233574
249,SH600362,-0.03261838627025873,0.1111111111111111,,,,SH600362,江西铜业,2026-09-16,0.021306122,0.037517335,0.5679007,0.003936965,0.104937226,0.0122742485,0.32716206,0.029643405,0.79012555,0.9791384,1.0038549,0.9671202,0.98855525,1.1240973,1.0555624,0.9981643,1.0573981,1.0580101,1.0291519,1.0516828,1.0591238,1.0572268,1.006727,0.05855852,0.05186824,0.04662921,0.044409547,0.06644972,-0.031513892,-0.008432629,-0.0011277728,-0.00034752153,0.002641401,0.7240423,0.24228932,0.02047365,0.004745833,0.48192808,0.033875898,-0.013735953,-0.048409883,-0.052187715,-0.08464836,1.1529008,1.1529008,1.1529008,1.1529008,1.1529008,0.9671202,0.9671202,0.9671202,0.9671202,0.8494751,1.0556848,1.1052012,1.103439,1.102215,1.058524,0.9948844,1.0059723,1.0100111,1.0100111,0.9539836,0.4,0.2,0.1,0.1,0.5,0.17698199,0.17698199,0.17698199,0.17698199,0.4960849,0.2,0.6,0.8,0.8666667,0.93333334,1.0,1.0,1.0,1.0,0.3,-0.8,-0.4,-0.2,-0.13333334,0.6333333,0.55466974,0.5879088,0.6516773,0.62588644,0.4855362,-0.58810157,0.2334327,0.350637,0.30773,0.43810412,0.4,0.6,0.55,0.5,0.46666667,0.6,0.4,0.45,0.5,0.53333336,-0.2,0.2,0.1,0.0,-0.06666667,0.15226336,0.40525872,0.50166184,0.4690511,0.48508307,0.84773666,0.5947413,0.49833816,0.53094894,0.51491696,-0.6954733,-0.1894826,0.0033236833,-0.061897833,-0.02983386,1.614661,1.6462312,1.6560925,1.6450427,1.5321923,0.69698596,0.75792646,0.6411232,0.5735733,0.5118149,1.3204128,1.2429107,1.2831316,1.1109321,0.9638534,0.2708889,0.45949167,0.48583356,0.46721417,0.47618935,0.72911114,0.54050833,0.5141665,0.53278583,0.5238106,-0.4582222,-0.08101664,-0.028332917,-0.06557164,-0.0476213
250,SH600690,-0.0326656743609399,0.16666666666666666,,,,SH600690,海尔智家,2026-09-16,-0.020754661,0.028773513,-0.7213114,0.0014150704,0.049179617,0.00660378,0.22950901,-0.015565952,-0.540982,1.0211946,1.0226396,0.9932563,1.0021683,1.0260127,1.0274578,1.015993,1.0330992,0.894365,1.013777,1.0278431,1.0227128,1.0189471,1.000614,0.0083198715,0.018296465,0.014925645,0.014472515,0.040882077,-0.0031793187,-0.0055937422,0.00039008172,0.00053793396,0.0016344263,0.36506894,0.8568049,0.023906339,0.107070945,0.48748884,-0.00741841,-0.0026713132,-0.026418654,-0.026747147,-0.048829634,1.031311,1.0669582,1.0669582,1.0669582,1.086285,0.9932563,0.9932563,0.9918118,0.9850048,0.8920592,1.0197504,1.0429691,1.0317932,1.0277554,1.0295153,1.0096343,1.016282,1.0113685,1.006652,0.95023113,0.2,0.1,0.05,0.06666667,0.33333334,0.17721175,0.09150017,0.10896288,0.18297255,0.5557491,0.2,0.2,0.6,0.73333335,0.43333334,1.0,1.0,0.35,0.26666668,0.016666668,-0.8,-0.8,0.25,0.46666667,0.41666666,-0.54045874,0.66729224,0.19221614,-0.0074142767,-0.116948165,-0.74326855,0.47699562,0.3671981,0.26835775,0.48328695,0.4,0.4,0.4,0.4,0.45,0.6,0.6,0.55,0.56666666,0.51666665,-0.2,-0.2,-0.15,-0.16666667,-0.06666667,0.186046,0.37219712,0.45018008,0.43517816,0.5886709,0.813954,0.6278029,0.5498199,0.56482184,0.4113291,-0.627908,-0.25560576,-0.09963983,-0.12964366,0.17734182,0.9259667,1.0652289,1.1318346,1.2201923,1.5384125,0.108453155,0.34021294,0.3064176,0.3280435,0.550444,0.86195296,0.910133,0.99168825,0.8489775,1.1708292,0.6901182,0.5391959,0.41487357,0.47864392,0.49284765,0.3098818,0.4608041,0.5851264,0.52135605,0.5071523,0.38023636,0.07839179,-0.17025283,-0.04271213,-0.014304685
251,SH600660,-0.032888118664043196,0.05555555555555555,,,,SH600660,福耀玻璃,2026-09-16,-0.014900944,0.021079425,-0.7068952,0.005996716,0.28448197,0.00018176448,0.008622839,-0.020715896,-0.98275435,1.0151263,1.0212138,0.99981546,1.0046903,1.0171554,1.0398451,1.068069,1.0437188,0.8878429,1.0014018,1.0161036,1.0346245,1.0341632,1.0128143,0.008252116,0.023023853,0.0257541,0.02252793,0.04924258,0.0015495076,-0.005810098,-0.003592556,-0.00092672475,0.00170121,0.08814482,0.5837438,0.68105537,0.1311477,0.3640275,-0.0045008096,0.010041759,-0.000495132,-0.020725694,-0.06299994,1.0228734,1.068437,1.0795062,1.0795062,1.1068077,0.9924372,0.9924372,0.9924372,0.9924372,0.8767751,1.0043535,1.033056,1.0576643,1.0556358,1.0504701,0.9958305,0.99867123,1.0013283,1.0145354,0.9730681,0.6,0.4,0.2,0.13333334,0.35,0.24848022,0.09951088,0.08685997,0.08685997,0.5356845,0.8,0.2,0.1,0.4,0.43333334,0.6,0.8,0.9,0.93333334,0.016666668,0.2,-0.6,-0.8,-0.53333336,0.41666666,0.8932326,0.14544855,0.15623914,0.3016864,-0.12718403,0.89292943,0.19325253,0.29449192,0.48404604,0.54220957,0.2,0.4,0.35,0.36666667,0.43333334,0.8,0.6,0.65,0.6333333,0.56666666,-0.6,-0.2,-0.3,-0.26666668,-0.13333334,0.35603297,0.37019032,0.38359776,0.4510139,0.55699277,0.64396703,0.6298097,0.6164022,0.5489861,0.44300726,-0.28793404,-0.25961936,-0.23280446,-0.09797221,0.11398551,0.9004555,1.0491527,1.0354738,1.1280931,1.4436399,0.366221,0.37081918,0.338265,0.5436977,0.66118234,0.89831394,0.84048086,0.81662774,1.0973507,1.3124635,0.45925933,0.51475227,0.35692728,0.48581588,0.49349487,0.54074067,0.48524773,0.6430727,0.5141841,0.50650513,-0.08148134,0.029504538,-0.28614545,-0.028368246,-0.01301025
252,SZ300896,-0.03386538012885333,0.05555555555555555,,,,,,2026-09-16,0.009430743,0.019884069,0.47428638,0.0012498236,0.06285553,0.009203502,0.4628581,0.017384421,0.8742889,0.9906574,1.0012381,0.98153985,0.9949192,1.0224015,1.033332,1.0500395,1.1713977,0.9810897,0.99535346,1.0173143,1.0294667,1.0635787,1.0681947,0.005465017,0.025110628,0.024241762,0.05743898,0.07681865,0.0007397793,-0.0067349067,-0.0028239007,-0.0058072554,0.00021093005,0.045810115,0.6594159,0.4749397,0.7921913,0.002299553,0.0031669636,0.012992745,-0.002639722,0.020626513,-0.07441717,1.0186976,1.0593581,1.0997906,1.2051599,1.2591592,0.98153985,0.98153985,0.98153985,0.98153985,0.92820305,1.0000249,1.046698,1.0466481,1.1266116,1.1585886,0.99285984,0.99528694,1.0000998,1.0214704,0.9959104,0.8,0.4,0.2,0.13333334,0.25,0.49680415,0.23722138,0.15611029,0.082551405,0.21693794,0.2,0.2,0.05,0.16666667,0.43333334,1.0,1.0,1.0,1.0,0.05,-0.8,-0.8,-0.95,-0.8333333,0.38333333,-0.21640874,0.67217803,0.6592295,0.85163945,0.6893066,0.07220041,0.29327568,0.3212924,0.37900236,0.6230571,0.4,0.4,0.45,0.4,0.45,0.6,0.6,0.55,0.6,0.55,-0.2,-0.2,-0.1,-0.2,-0.1,0.28107184,0.35627195,0.41017607,0.3191228,0.50691384,0.71892816,0.6437281,0.58982396,0.6808772,0.49308616,-0.43785632,-0.2874561,-0.17964788,-0.3617544,0.013827711,1.228918,1.5701379,2.0467577,2.795526,4.0411386,0.33968142,0.5072813,0.91799164,1.3872627,2.336813,0.9626388,1.0464203,1.4492925,1.0844405,1.4670652,0.0720051,0.40202773,0.3742675,0.36326188,0.476881,0.9279949,0.5979723,0.62573254,0.6367381,0.523119,-0.8559898,-0.19594456,-0.25146505,-0.2734762,-0.046237994
253,SZ002558,-0.03483556362060476,0.0,,,,,,2026-09-16,-0.010358565,0.019123461,-0.5416679,0.0019919858,0.1041645,0.0067729107,0.3541676,-0.0055776397,-0.29166475,1.0104669,1.0124798,0.9931562,1.0007697,1.0519618,1.0507246,1.057971,1.2105868,1.0149345,1.0154825,1.0537027,1.0653323,1.091057,1.1086514,0.018264404,0.045262482,0.035839915,0.053565383,0.06279332,-0.009994688,-0.013696347,-0.0031675168,-0.0048692026,-0.0014504882,0.7486305,0.8393522,0.2733833,0.64039654,0.16274263,0.0045068883,0.007930859,-0.035240848,-0.02045346,-0.06586205,1.0539947,1.1377518,1.1377518,1.2403796,1.2605381,0.9931562,0.9931562,0.9931562,0.9931562,0.95053935,1.0212972,1.103853,1.09924,1.1512725,1.1713326,1.0057971,1.0082362,1.0403852,1.0517143,1.0567691,0.2,0.1,0.05,0.033333335,0.06666667,0.11249132,0.04733064,0.04733064,0.027682673,0.15955114,0.2,0.3,0.65,0.033333335,0.26666668,1.0,1.0,1.0,1.0,0.38333333,-0.8,-0.7,-0.35,-0.96666664,-0.11666667,-0.26579925,0.80811584,0.790606,0.6900025,0.61422867,-0.5246874,0.08493489,0.28025645,0.07163796,0.3415996,0.2,0.3,0.45,0.43333334,0.48333332,0.8,0.7,0.55,0.56666666,0.51666665,-0.6,-0.4,-0.1,-0.13333334,-0.033333335,0.022727273,0.35889885,0.4077615,0.30386835,0.49572217,0.97727275,0.6411012,0.5922385,0.69613165,0.5042778,-0.95454544,-0.2822023,-0.18447696,-0.39226332,-0.008555656,0.9217293,1.4739028,1.5115156,1.6844984,2.4672196,0.14784643,0.6950296,0.52470404,0.5779761,1.0801823,1.2550473,1.1406827,1.0937064,1.1763647,1.1987067,0.26215813,0.46468878,0.4687603,0.43629843,0.48642087,0.73784184,0.5353112,0.5312397,0.56370157,0.51357913,-0.47568372,-0.07062243,-0.06247936,-0.12740315,-0.027158253
254,SZ000630,-0.034985322007067506,0.0,,,,,,2026-09-16,0.009950233,0.023217237,0.42857093,0.0049751163,0.21428546,0.008291887,0.3571436,0.013267004,0.5714291,0.99014777,1.0049261,0.9819376,0.99512106,1.0788049,1.0607263,1.0459739,1.0952202,1.1395311,1.0137761,1.0382383,1.0620433,1.0713499,1.0423967,0.031177202,0.0344277,0.03735667,0.0376226,0.046482723,-0.015927248,-0.008685968,-0.004384344,-0.0027112486,0.0010273478,0.6524499,0.583488,0.4821043,0.4024786,0.14898811,0.018078426,0.0008485725,-0.020392062,-0.032036774,-0.072703436,1.0886712,1.100151,1.1329864,1.1494066,1.1494066,0.9819376,0.9819376,0.9819376,0.9819376,0.93430334,1.0239364,1.0686337,1.0952202,1.0991362,1.0886219,0.99769324,1.0,1.0406845,1.0489137,0.9996674,0.5,0.25,0.125,0.083333336,0.23333333,0.1692288,0.15279485,0.11957984,0.107855216,0.3054194,0.2,0.5,0.45,0.1,0.55,1.0,1.0,1.0,1.0,0.3,-0.8,-0.5,-0.55,-0.9,0.25,0.44568688,0.5858289,0.71125644,0.7077011,0.44381893,-0.48291358,0.07916955,0.24946004,0.21069792,0.30353934,0.2,0.4,0.45,0.43333334,0.43333334,0.8,0.6,0.45,0.5,0.53333336,-0.6,-0.2,0.0,-0.06666667,-0.1,0.11321749,0.3012642,0.43069708,0.42714062,0.4505344,0.8867825,0.6987358,0.5693029,0.5728594,0.5494656,-0.773565,-0.39747158,-0.13860586,-0.14571877,-0.09893121,1.3923296,1.6065282,1.9044719,2.0967875,2.1614056,0.72625035,0.723243,0.66740716,0.76576835,0.75196975,1.4693401,1.4100035,1.3339179,1.1920724,1.0647411,0.32115778,0.42736897,0.45970008,0.44064495,0.43248004,0.6788422,0.57263106,0.5402999,0.5593551,0.56751996,-0.3576844,-0.14526206,-0.080599844,-0.1187101,-0.13503994
255,SZ300661,-0.03536989147871534,0.2222222222222222,,,,,,2026-09-16,0.024466228,0.042151578,0.58043444,0.006047876,0.14347924,0.0116374735,0.2760863,0.030055825,0.71304154,0.9761181,1.0059035,0.9647585,0.990826,0.96377563,0.99042565,0.9525009,0.9304153,1.2296942,0.9711078,0.9704913,0.99570566,1.0060965,1.0207304,0.017494356,0.015279231,0.031053003,0.04210876,0.11364928,0.009857147,0.0009686507,-0.004102786,-0.002344259,-0.0030481212,0.7936821,0.036841974,0.6109682,0.24019723,0.21939714,0.009177939,0.025149774,0.04327082,0.027895227,0.06918916,1.0059035,1.0286187,1.0733432,1.1073366,1.3586798,0.93219906,0.93219906,0.93219906,0.8996383,0.79356426,0.978389,0.9832553,1.0247934,1.0427892,1.1041325,0.9608023,0.9578527,0.96350646,0.96350646,0.9453706,1.0,1.0,0.6,0.53333336,0.51666665,0.9199038,0.7031863,0.4803669,0.48320907,0.36529836,1.0,0.2,0.05,0.23333333,0.1,0.4,0.7,0.85,0.033333335,0.43333334,0.6,-0.5,-0.8,0.2,-0.33333334,-0.102873094,-0.09503987,0.2547959,0.39275214,0.27098867,0.5261645,0.13010766,0.10147915,0.0812879,0.20187785,0.6,0.5,0.45,0.53333336,0.46666667,0.4,0.5,0.55,0.46666667,0.53333336,0.2,0.0,-0.1,0.06666667,-0.06666667,0.79216737,0.5289111,0.5544848,0.544443,0.4457683,0.20783266,0.4710889,0.44551522,0.455557,0.5542317,0.5843347,0.057822205,0.108969554,0.08888599,-0.108463414,0.98209375,0.95394516,1.057048,1.3289882,1.7550367,0.24209888,0.2357695,0.3840487,0.55086017,0.6842001,0.7484589,0.77432394,1.6538613,1.288882,1.0486349,0.53548586,0.49788827,0.42247713,0.44517007,0.4805011,0.4645141,0.50211173,0.5775229,0.55482996,0.51949894,0.07097178,-0.0042234915,-0.15504572,-0.10965986,-0.038997848
256,SZ300059,-0.03596933846086444,0.0,,,,,,2026-09-16,0.012107803,0.023115026,0.5238066,0.0049532466,0.21428686,0.0060539762,0.26190653,0.013208533,0.5714263,0.98803705,1.004894,0.9820555,0.99509114,1.0282805,1.0282805,1.0184907,1.1071247,1.0973413,1.0011982,1.0166422,1.029421,1.0424173,1.0705664,0.017571691,0.020496821,0.022238035,0.028797416,0.039728824,-0.0070694694,-0.005872949,-0.0023026858,-0.0026602207,-0.0019497523,0.4046565,0.7525769,0.3752706,0.6613479,0.7345939,0.012940736,0.009786033,-0.007545427,-0.0038440705,-0.013048701,1.0348042,1.0576448,1.0685203,1.1065844,1.1941279,0.9820555,0.9820555,0.9820555,0.9820555,0.9820555,1.0063083,1.0328474,1.0530754,1.0686291,1.097449,0.9902168,0.994672,1.017837,1.0240391,1.031106,0.8,0.4,0.2,0.13333334,0.06666667,0.34018818,0.23739469,0.2075354,0.14409909,0.08461499,0.2,0.2,0.3,0.033333335,0.083333336,1.0,1.0,1.0,1.0,1.0,-0.8,-0.8,-0.7,-0.96666664,-0.9166667,0.22236839,0.47840878,0.68850607,0.6188287,0.8154465,-0.25201023,-0.1292478,0.22689782,0.15191811,0.35473794,0.4,0.5,0.6,0.46666667,0.51666665,0.6,0.5,0.4,0.53333336,0.48333332,-0.2,0.0,0.2,-0.06666667,0.033333335,0.2592171,0.3470325,0.4487858,0.3130751,0.4470053,0.74078286,0.6529675,0.55121416,0.6869249,0.55299467,-0.48156577,-0.305935,-0.10242836,-0.3738498,-0.10598939,1.0154436,1.129712,1.3334986,1.4360716,2.1538568,0.44864956,0.41006425,0.4951027,0.45655856,1.2232919,1.5580909,1.4319103,1.3084662,1.156419,1.6664737,0.52968633,0.4404382,0.45836794,0.43281513,0.44079125,0.47031364,0.5595618,0.54163206,0.56718487,0.55920875,0.05937271,-0.11912361,-0.08326412,-0.13436972,-0.118417494
257,SZ000776,-0.03611927684290819,0.05555555555555555,,,,,,2026-09-16,0.0,0.027572626,0.0,0.006893103,0.24999806,0.020679524,0.7500019,0.01378642,0.5000039,1.0,1.0068932,0.97932047,0.99232936,1.0654185,1.0536327,1.0038788,1.0273758,1.089363,1.0214381,1.0495002,1.0447971,1.0400418,1.0572331,0.029299915,0.03656999,0.032611348,0.02820908,0.042484768,-0.016776059,-0.011486487,0.00034038248,0.00073013623,-0.0012724662,0.81957215,0.9043495,0.003812984,0.05191963,0.27360615,0.012113977,0.0021889934,-0.048030715,-0.050628725,-0.019695306,1.0738031,1.1146815,1.1146815,1.1146815,1.2225391,0.97932047,0.97932047,0.97932047,0.97932047,0.97932047,1.0370878,1.0771893,1.073937,1.0662091,1.0924213,1.0,1.0070416,1.0082202,1.0116067,1.020722,0.3,0.15,0.125,0.083333336,0.041666668,0.21887138,0.15277314,0.15277314,0.15277314,0.085024446,0.2,0.2,0.6,0.73333335,0.083333336,1.0,1.0,1.0,1.0,1.0,-0.8,-0.8,-0.4,-0.26666668,-0.9166667,-0.07852009,0.3360989,0.44211033,0.3542236,0.68989414,-0.3266903,0.11524958,0.3748239,0.26019964,0.35620522,0.2,0.4,0.5,0.46666667,0.5,0.6,0.5,0.45,0.5,0.48333332,-0.4,-0.1,0.05,-0.033333335,0.016666668,0.0539166,0.31008977,0.4932009,0.46663028,0.46419606,0.9460834,0.68991023,0.5067991,0.5333697,0.5358039,-0.8921668,-0.3798205,-0.0135982055,-0.06673942,-0.07160789,0.92784435,1.0370576,1.06375,1.0787518,1.4868476,0.32660475,0.44057235,0.412586,0.35672212,0.6837433,1.4027884,1.398643,1.2226282,1.1614769,1.1788051,0.5863637,0.487471,0.48629317,0.48601052,0.44303784,0.4136363,0.512529,0.5137068,0.5139895,0.55696213,0.17272738,-0.02505799,-0.027413653,-0.027978987,-0.1139243
258,SZ000002,-0.036282066647680515,0.0,,,,,,2026-09-16,0.0033112487,0.016556319,0.19999908,0.0,0.0,0.013245071,0.8000009,0.016556319,1.0,0.9966997,1.0,0.98349833,0.9927507,1.0528189,1.0165104,1.0132047,1.082516,0.98020196,1.0112249,1.0346593,1.0311937,1.0387297,1.034879,0.018459918,0.02973351,0.022471512,0.026129654,0.03273628,-0.0098990025,-0.0077809473,-0.00028047917,-0.0013539897,0.0004838288,0.71889156,0.627746,0.0054526124,0.20809668,0.06662307,0.008573089,0.0003550194,-0.028529122,-0.019096786,-0.049151964,1.056103,1.0858109,1.1188171,1.1188171,1.1221106,0.98349833,0.98349833,0.98349833,0.98349833,0.95050615,1.0164995,1.0561174,1.0448852,1.0633755,1.0660055,0.9993425,1.0052892,1.0092415,1.0158492,1.0066115,0.4,0.2,0.1,0.06666667,0.14166667,0.22728114,0.16128688,0.121946715,0.121946715,0.28841838,0.2,0.4,0.4,0.6,0.43333334,1.0,1.0,1.0,1.0,0.016666668,-0.8,-0.6,-0.6,-0.4,0.41666666,0.38764492,0.71350694,0.61075014,0.53726923,0.37648535,-0.7762005,0.30943146,0.35211766,0.41212702,0.46237954,0.2,0.4,0.45,0.36666667,0.48333332,0.8,0.6,0.55,0.6333333,0.51666665,-0.6,-0.2,-0.1,-0.26666668,-0.033333335,0.05535172,0.4545092,0.47957987,0.4137656,0.50955236,0.94464827,0.5454908,0.52042013,0.5862344,0.49044764,-0.8892966,-0.090981595,-0.040840287,-0.1724688,0.019104736,1.4603544,2.1008377,2.1228817,2.0871456,2.1410394,0.65066594,1.0194288,1.1421813,0.9988881,0.85139996,1.456533,0.92730695,0.88180524,0.9138768,0.9328119,0.36566922,0.41380063,0.4860633,0.4888114,0.48475313,0.6343308,0.58619934,0.5139367,0.51118857,0.51524687,-0.2686616,-0.17239873,-0.027873402,-0.022377167,-0.030493755
259,SZ000617,-0.03661929733210878,0.0,,,,,,2026-09-16,0.019431986,0.028400667,0.6842088,0.0014948113,0.05263296,0.0074738697,0.26315823,0.025411045,0.8947341,0.98093843,1.0014663,0.973607,0.9896997,1.0673727,1.0717546,0.97206503,1.0469234,1.0277524,1.0108088,1.0358773,1.0506116,1.0418477,1.0240551,0.02945154,0.03393184,0.035840757,0.03501583,0.03713717,-0.014953431,-0.009249696,-0.0024290239,0.00014882704,0.0012083118,0.64447445,0.6811637,0.16075972,0.0014000277,0.32287928,0.019098017,0.0057463236,-0.027535928,-0.044005726,-0.059700336,1.0747315,1.0981284,1.1437064,1.1437064,1.1437064,0.973607,0.973607,0.973607,0.9705988,0.9529781,1.0225306,1.0638671,1.0790579,1.072631,1.0559795,0.994413,0.99941576,1.0105168,1.0070112,0.9924046,0.6,0.3,0.2,0.2,0.31666666,0.26099497,0.21195537,0.1551621,0.16984345,0.24653861,0.2,0.2,0.2,0.46666667,0.73333335,1.0,1.0,1.0,0.33333334,0.05,-0.8,-0.8,-0.8,0.13333334,0.68333334,0.33863828,0.6293326,0.64864326,0.6749171,0.5540688,-0.45942134,0.15135238,0.512459,0.37711886,0.4003508,0.2,0.4,0.5,0.43333334,0.48333332,0.8,0.6,0.5,0.56666666,0.5,-0.6,-0.2,0.0,-0.13333334,-0.016666668,0.16270536,0.31583875,0.5336264,0.4558268,0.4866197,0.83729464,0.68416125,0.46637365,0.54417324,0.5133803,-0.6745893,-0.36832252,0.067252725,-0.088346444,-0.026760586,1.2777618,1.6279161,2.058879,1.7483747,1.5949466,0.38831535,0.6373883,1.0064845,0.95770544,0.7878489,1.1205081,0.8354255,1.0243121,1.195394,1.1440755,0.38545027,0.43045712,0.50073713,0.49748945,0.4855759,0.61454976,0.5695429,0.4992629,0.50251055,0.5144241,-0.22909945,-0.13908577,0.0014742274,-0.0050210953,-0.028848168
260,SH688271,-0.03691627136843059,0.05555555555555555,,,,SH688271,联影医疗,2026-09-16,-0.008304044,0.013579513,-0.6115126,0.0013677026,0.100718096,0.0039077667,0.2877693,-0.0057639796,-0.42446142,1.0083736,1.0097528,0.99605954,1.0014538,1.0196327,1.025591,1.0690565,1.1112522,1.0052745,1.0075015,1.0267533,1.0344989,1.0508335,1.062732,0.005773334,0.024291866,0.021447252,0.030688873,0.044113494,-0.0027642082,-0.0067052688,-0.0024595119,-0.0030800446,-0.0003166026,0.573097,0.69842875,0.46028048,0.7806455,0.015710352,-0.0019730192,0.0034204512,-0.011133563,-0.0061728554,-0.053392213,1.0234042,1.0802785,1.0909014,1.1281934,1.1792698,0.99605954,0.99605954,0.99605954,0.99605954,0.94212294,1.0098847,1.0533112,1.0510452,1.0767728,1.0995507,1.0039852,1.0076382,1.0143387,1.0243993,1.0205119,0.2,0.1,0.05,0.033333335,0.06666667,0.14410393,0.0467886,0.041548006,0.029821942,0.2440557,0.8,0.2,0.05,0.1,0.3,1.0,1.0,1.0,1.0,0.05,-0.2,-0.8,-0.95,-0.9,0.25,0.70207524,0.675239,0.67370915,0.75444084,0.3914716,0.9398575,0.5888046,0.45836094,0.41597587,0.43862897,0.2,0.3,0.35,0.33333334,0.43333334,0.8,0.7,0.65,0.6666667,0.55,-0.6,-0.4,-0.3,-0.33333334,-0.11666667,0.21529724,0.39844942,0.36293128,0.3430698,0.49715668,0.7847028,0.6015506,0.6370687,0.6569302,0.5028433,-0.5694055,-0.20310114,-0.27413744,-0.3138604,-0.005686622,1.12117,1.3851963,1.5059218,1.7360884,2.368168,0.3503915,0.61175424,0.5842524,0.6103999,0.98447764,0.51135737,1.3918328,1.1798614,1.0157115,1.3974116,0.38067856,0.4682684,0.4426999,0.44894612,0.4687103,0.6193214,0.5317316,0.5573001,0.5510539,0.5312897,-0.23864287,-0.06346319,-0.11460019,-0.10210775,-0.062579416
261,SZ300418,-0.037170300085595354,0.05555555555555555,,,,,,2026-09-16,0.0053738584,0.02429905,0.22115509,0.0109812515,0.45192102,0.00794394,0.3269239,0.0023365477,0.09615798,0.9946549,1.0109226,0.9867534,1.0008006,1.061829,1.0314025,0.98817384,1.0320914,0.9714105,1.0080142,1.0340432,1.0109047,1.012559,1.0018907,0.014561501,0.032118324,0.049525525,0.041850638,0.07120114,-0.007922371,-0.007856272,0.0029853757,0.00059407327,0.000329339,0.7400108,0.54845214,0.12717679,0.015616278,0.0065254774,0.007830537,0.0013099791,-0.03926579,-0.021173108,-0.011606122,1.0620546,1.1127396,1.1127396,1.1127396,1.244032,0.9798141,0.9798141,0.9154089,0.9154089,0.82017094,1.0202308,1.063689,1.0570067,1.0437912,1.0563637,0.9970147,0.9994489,0.9486537,0.9865434,0.9414891,0.6,0.3,0.4,0.33333334,0.43333334,0.24544953,0.15185885,0.42867696,0.42867696,0.42426422,0.2,0.2,0.6,0.73333335,0.2,0.6,0.8,0.25,0.5,0.41666666,-0.4,-0.6,0.35,0.23333333,-0.21666667,0.04594226,0.7908906,0.5147388,0.4831794,0.5380174,0.51889634,0.4663524,0.5995958,0.49880677,0.56640065,0.2,0.3,0.35,0.36666667,0.45,0.8,0.7,0.65,0.6333333,0.55,-0.6,-0.4,-0.3,-0.26666668,-0.1,0.056059733,0.3939514,0.51104915,0.47839198,0.50690633,0.9439403,0.6060486,0.48895085,0.52160805,0.4930937,-0.88788056,-0.2120972,0.022098277,-0.043216065,0.013812619,1.1287203,1.6790926,1.9856821,1.9256284,2.3151393,0.13046095,0.68912697,0.90608376,0.77583086,0.9868275,0.8897016,1.0104171,1.2149603,1.1960155,1.4373947,0.3016271,0.35152632,0.4850416,0.45896035,0.49592802,0.6983729,0.6484737,0.51495844,0.54103965,0.50407195,-0.39674577,-0.29694736,-0.029916825,-0.082079284,-0.008143955
262,SZ000596,-0.0372956572298583,0.0,,,,,,2026-09-16,0.0058270935,0.026761672,0.21774027,0.0031294138,0.116936415,0.017805163,0.6653233,0.020502843,0.76612717,0.99420667,1.0031112,0.9765046,0.9880345,1.0536497,1.0484985,0.99775314,0.9655853,0.80748576,0.9984273,1.0336475,1.0173924,1.020351,0.9607642,0.010334672,0.040439952,0.040969912,0.03913213,0.08965733,-0.00093709846,-0.010431034,0.0022297835,0.00041991004,0.004063383,0.020554982,0.6098806,0.10367244,0.008923747,0.62647504,0.0034469494,0.013292104,-0.03857528,-0.026439803,-0.08063401,1.0535532,1.0942197,1.0942197,1.1192992,1.1192992,0.9765046,0.9765046,0.9549482,0.9427139,0.7765288,1.0052115,1.0835983,1.0593818,1.0644455,1.0337352,0.9882837,0.9976655,0.9872699,0.9872699,0.8305294,0.6,0.3,0.5,0.43333334,0.6333333,0.30494186,0.1995952,0.3234819,0.32441026,0.651956,0.2,0.4,0.7,0.2,0.6,1.0,1.0,0.25,0.06666667,0.2,-0.8,-0.6,0.45,0.13333334,0.4,0.73406565,0.88476086,0.64261395,0.47803995,0.3580211,0.43981713,0.6674028,0.5183897,0.47375214,0.53117037,0.2,0.2,0.3,0.4,0.5,0.8,0.7,0.6,0.53333336,0.46666667,-0.6,-0.5,-0.3,-0.13333334,0.033333335,0.18193597,0.36049792,0.5028817,0.5266893,0.571914,0.81806403,0.63950205,0.49711832,0.47331068,0.42808598,-0.63612807,-0.27900416,0.0057633542,0.053378634,0.14382805,1.1306802,1.511026,1.6551716,2.2052472,2.5470603,0.19380061,0.57770884,0.6526026,1.1000102,1.4096894,1.0946376,1.3748696,1.7508403,1.3510144,1.315993,0.18127872,0.31839964,0.46072027,0.4426566,0.4940208,0.8187213,0.6816004,0.53927976,0.5573434,0.5059792,-0.6374426,-0.36320075,-0.078559466,-0.11468682,-0.011958415
263,SZ300433,-0.037522138446600614,0.1111111111111111,,,,,,2026-09-16,0.017409878,0.029932799,0.58163214,0.008246796,0.27551037,0.004276125,0.14285752,0.013439206,0.44897926,0.98288804,1.0081056,0.9786851,0.99528295,1.0543457,1.1081028,1.0852462,1.0534629,1.5750932,0.9998332,1.0298215,1.0859991,1.0823573,1.1666267,0.010122151,0.033987947,0.064223275,0.057195265,0.19678503,-0.0042328825,-0.010342388,-0.00979697,-0.0020932402,-0.0077742143,0.43718657,0.84879583,0.81445414,0.103805326,0.47602385,0.00863252,0.016719267,0.007072077,-0.052005306,0.062712684,1.0438554,1.1245927,1.2035232,1.2035232,1.7411693,0.9772072,0.9772072,0.9772072,0.9772072,0.9246438,1.0030018,1.0587797,1.1416814,1.1394743,1.2304003,0.9963606,0.99882287,1.012007,1.0387483,1.0277909,0.8,0.4,0.2,0.13333334,0.13333334,0.34198672,0.1546477,0.100712396,0.100712396,0.09228881,0.4,0.1,0.35,0.56666666,0.016666668,0.6,0.8,0.9,0.93333334,0.43333334,-0.2,-0.7,-0.55,-0.36666667,-0.41666666,0.67161435,0.5711955,0.8161608,0.71427864,0.55945915,-0.47433454,-0.5961758,-0.2601562,0.2545496,0.18191993,0.2,0.3,0.4,0.43333334,0.4,0.6,0.6,0.55,0.53333336,0.5833333,-0.4,-0.3,-0.15,-0.1,-0.18333334,0.16586235,0.23598477,0.40496498,0.46611536,0.37790275,0.8341377,0.7640152,0.595035,0.53388464,0.62209725,-0.6682753,-0.52803046,-0.19007002,-0.06776927,-0.24419452,1.294391,1.442206,1.9037191,2.0902522,2.5518386,0.35162035,0.35202992,0.63551426,0.7213213,0.8702947,1.0289869,0.69392014,0.869195,1.0418948,1.1223743,0.39742756,0.4465949,0.3430638,0.4162849,0.45612553,0.60257244,0.5534051,0.65693617,0.5837151,0.54387444,-0.20514487,-0.10681022,-0.3138724,-0.16743019,-0.08774894
264,SH600809,-0.03796954947011738,0.0,,,,SH600809,山西汾酒,2026-09-16,0.0048214453,0.015624987,0.30857277,0.0020535425,0.13142683,0.008749999,0.5600004,0.011517902,0.7371463,0.9952017,1.0020437,0.98649365,0.9951801,1.0575727,1.051002,1.0600699,1.0752544,0.8939854,1.0089543,1.040987,1.0434306,1.0554296,1.0248547,0.014110269,0.03839875,0.02786786,0.030750964,0.06501665,-0.007942886,-0.010264686,-0.0014299947,-0.0020420973,0.0022437908,0.7921842,0.6550413,0.09215728,0.3417725,0.36325815,0.0069314344,0.005204097,-0.02984557,-0.02581916,-0.09104648,1.0661981,1.1105298,1.1105298,1.1429732,1.1501535,0.98649365,0.98649365,0.98649365,0.98649365,0.876481,1.0179087,1.0864738,1.0605768,1.0860475,1.0767477,0.9995384,1.0009887,1.027935,1.0353432,0.9369361,0.4,0.2,0.1,0.06666667,0.28333333,0.16945516,0.10889023,0.10889023,0.08631371,0.45133874,0.2,0.2,0.6,0.2,0.43333334,1.0,1.0,1.0,1.0,0.2,-0.8,-0.8,-0.4,-0.8,0.23333333,0.79372555,0.6894038,0.6116006,0.7275174,-0.08019207,-0.2912593,0.6343129,0.5791794,0.48312193,0.5981114,0.2,0.3,0.35,0.4,0.46666667,0.8,0.7,0.65,0.6,0.53333336,-0.6,-0.4,-0.3,-0.2,-0.06666667,0.037112694,0.3443658,0.4020805,0.427052,0.54487896,0.9628873,0.6556342,0.59791946,0.57294804,0.45512107,-0.92577463,-0.31126842,-0.19583899,-0.14589603,0.08975786,1.3884705,1.7851962,1.719249,2.0833738,3.101715,0.42066124,0.9391684,0.7927004,0.9693341,1.5209196,0.9248753,1.5856755,1.4393197,1.1730818,1.2650137,0.2509868,0.4549593,0.46978256,0.45219117,0.47368324,0.7490132,0.5450407,0.5302174,0.5478088,0.52631676,-0.49802634,-0.090081416,-0.060434874,-0.095617644,-0.052633524
265,SZ001280,-0.03798467438395809,0.1111111111111111,,,,,,2026-09-16,0.020950846,0.02610799,0.8024688,0.0008058218,0.03086495,0.0043513207,0.16666625,0.024496345,0.9382701,0.9794791,1.0007893,0.97521704,0.9889592,1.0985849,1.0466982,1.070912,1.0336478,1.100629,1.0133963,1.0329088,1.0566117,1.0504351,1.0187002,0.031216014,0.033981666,0.036341526,0.03455358,0.05340925,-0.016242137,-0.0065647066,-0.0044749854,-0.00032807313,0.0012045184,0.67681724,0.3420997,0.530695,0.006986456,0.15512927,0.019088045,-0.0033676336,-0.014099286,-0.045677967,-0.05423352,1.0908227,1.1170526,1.1353623,1.1353623,1.1353623,0.97521704,0.97521704,0.97521704,0.97521704,0.8761889,1.0243082,1.0477045,1.0883648,1.0832075,1.0651886,0.9963208,1.0050315,1.0325158,1.0160377,0.96531445,0.4,0.2,0.1,0.1,0.35,0.21437496,0.17473024,0.15475295,0.15475295,0.4777154,0.2,0.5,0.15,0.43333334,0.71666664,1.0,1.0,1.0,1.0,0.3,-0.8,-0.5,-0.85,-0.56666666,0.41666666,0.51233375,0.62806785,0.68251526,0.54874253,0.23145415,-0.3126543,0.54647475,0.55468136,0.56645125,0.48564515,0.2,0.3,0.35,0.43333334,0.45,0.8,0.7,0.65,0.56666666,0.53333336,-0.6,-0.4,-0.3,-0.13333334,-0.083333336,0.13588844,0.39008126,0.4052121,0.47167808,0.45887944,0.86411154,0.6099188,0.5947879,0.5283219,0.5411206,-0.7282231,-0.2198375,-0.1895758,-0.056643825,-0.08224114,1.4222287,1.5514709,1.8909547,2.0743735,2.1599345,0.62798446,0.9428465,1.0026084,0.95523,0.83365285,0.9326099,1.5595553,1.4307903,1.1875708,1.1812631,0.18716805,0.47595245,0.45073795,0.46420658,0.48519188,0.81283194,0.52404755,0.54926205,0.5357934,0.5148081,-0.6256639,-0.048095103,-0.09852409,-0.07158687,-0.029616218
266,SZ002202,-0.03829453509660952,0.2222222222222222,,,,,,2026-09-16,-0.027733278,0.047466688,-0.5842683,0.016000032,0.3370792,0.0037333767,0.07865257,-0.039999932,-0.8426949,1.0285244,1.0449808,0.99616015,1.011264,0.97911006,0.9763937,1.2084465,1.0952011,1.2059889,1.0213685,0.9958026,1.0077093,1.0595503,1.0775158,0.026013635,0.032413244,0.033317428,0.08251404,0.111459725,0.0022054072,0.00838615,-0.0017885218,-0.0072216517,-0.0032425737,0.017968655,0.61360896,0.10085875,0.5936344,0.25813305,-0.02577933,-0.033540282,0.009281747,0.045163665,0.018140092,1.0740258,1.0740258,1.1809822,1.3280295,1.3614017,0.9615602,0.9522534,0.9522534,0.9522534,0.9023059,1.0377183,1.022662,1.0288191,1.148105,1.1904799,0.999004,0.9703531,0.97583747,0.99183804,0.9789677,0.4,0.7,0.45,0.3,0.33333334,0.3417917,0.39209726,0.20874767,0.12706135,0.21279679,0.8,0.9,0.05,0.33333334,0.083333336,0.2,0.2,0.6,0.73333335,0.31666666,0.6,0.7,-0.55,-0.4,-0.23333333,0.71636635,0.8511161,0.8460555,0.71305686,0.75130045,0.57384104,0.29376936,0.4424684,0.23161487,0.37487328,0.6,0.6,0.45,0.53333336,0.5,0.4,0.4,0.55,0.43333334,0.48333332,0.2,0.2,-0.1,0.1,0.016666668,0.5749421,0.56702185,0.27164513,0.4386462,0.452124,0.42505786,0.43297812,0.7283549,0.5613538,0.547876,0.14988427,0.13404375,-0.45670974,-0.12270759,-0.095752016,0.9831138,0.7053219,0.75484395,0.9438623,1.0131531,0.16356327,0.3171098,0.38628086,0.54453206,0.52003676,0.40029028,0.95604146,1.7940947,1.5047297,1.2018653,0.87074685,0.7026195,0.26191512,0.49863356,0.50391716,0.12925315,0.29738054,0.7380849,0.50136644,0.49608284,0.7414937,0.40523893,-0.47616976,-0.002732868,0.007834328
267,SZ002466,-0.039151605703484194,0.16666666666666666,,,,,,2026-09-16,0.0059382883,0.03586693,0.16556445,0.005700641,0.15893862,0.024228003,0.67549694,0.02446565,0.68212277,0.99409676,1.005667,0.9700118,0.99020356,1.0757979,1.1116757,1.0892451,1.1279582,1.5614946,1.0158558,1.0478987,1.0937299,1.1069134,1.1510125,0.023871021,0.038824648,0.058296744,0.052082364,0.12816149,-0.013174809,-0.012016063,-0.007862916,-0.0041299886,-0.004672828,0.7615294,0.87805307,0.6367174,0.48732433,0.40545663,0.010493812,0.0061735907,-0.019032096,-0.04702866,-0.013164052,1.069652,1.1329148,1.2037609,1.2037609,1.5924339,0.9700118,0.9700118,0.9700118,0.9700118,0.95489734,1.0233121,1.0759383,1.1457623,1.1510682,1.1761769,0.9988153,1.011701,1.0472642,1.0704023,1.0704023,0.4,0.2,0.1,0.06666667,0.05,0.3009649,0.18408635,0.1282923,0.1282923,0.07074521,0.2,0.1,0.35,0.56666666,0.016666668,1.0,1.0,1.0,1.0,0.31666666,-0.8,-0.9,-0.65,-0.43333334,-0.3,-0.33596128,0.19049077,0.76140684,0.76127326,0.40582654,-0.65054893,-0.6355461,0.38387263,0.38940892,0.17779435,0.2,0.2,0.35,0.4,0.46666667,0.8,0.8,0.65,0.6,0.53333336,-0.6,-0.6,-0.3,-0.2,-0.06666667,0.067584865,0.09866845,0.3905228,0.3931753,0.34745806,0.9324151,0.90133154,0.6094772,0.6068247,0.65254194,-0.86483026,-0.8026631,-0.2189544,-0.2136494,-0.30508387,0.91467315,0.9849383,1.4268868,1.4831026,1.8063539,0.28214347,0.28571683,0.67783326,0.5781877,0.6507472,1.1320724,1.3007215,1.1747857,1.0423449,1.1526719,0.547184,0.41788998,0.4884177,0.47182932,0.45418203,0.452816,0.58211005,0.51158226,0.5281707,0.545818,0.094367996,-0.16422005,-0.023164544,-0.056341365,-0.09163594
268,SH601600,-0.0393858894572041,0.0,,,,SH601600,中国铝业,2026-09-16,0.013057674,0.041349266,0.31578976,0.0021762429,0.052630752,0.026115349,0.6315795,0.03699678,0.8947385,0.9871106,1.0021482,0.9613319,0.980582,1.0765504,1.0310076,1.003876,1.0319767,0.96027124,1.0125968,1.0300387,1.0287306,1.0269703,0.9823643,0.030711113,0.030426975,0.025999414,0.025026279,0.06479275,-0.015600781,-0.0065186736,0.00013478349,0.00012653925,0.002992487,0.6451216,0.42073858,0.0009406203,0.001981343,0.65059626,0.01860469,-0.0007046912,-0.030011034,-0.028805077,-0.07064268,1.0831722,1.0831722,1.0831722,1.0990858,1.0990858,0.9613319,0.9613319,0.9613319,0.9613319,0.8249868,1.0238372,1.0556201,1.0517442,1.0505813,1.0362403,0.995155,0.9994186,1.0046512,1.0031008,0.90096897,0.6,0.3,0.2,0.2,0.48333332,0.3173672,0.3173672,0.3173672,0.28070417,0.6385035,0.2,0.6,0.8,0.13333334,0.56666666,1.0,1.0,1.0,1.0,0.18333334,-0.8,-0.4,-0.2,-0.8666667,0.38333333,-0.008829504,0.3015778,0.18233228,0.19905749,-0.34848565,-0.39277792,0.24712817,0.21345691,0.08493165,0.43801638,0.2,0.4,0.5,0.5,0.48333332,0.8,0.6,0.5,0.5,0.51666665,-0.6,-0.2,0.0,0.0,-0.033333335,0.123810165,0.42452854,0.49447522,0.47160074,0.51641315,0.8761898,0.57547146,0.5055248,0.5283993,0.48358685,-0.75237966,-0.15094292,-0.011049577,-0.056798525,0.03282631,1.0180473,1.0235196,1.0011647,1.1079783,1.4194187,0.32146883,0.29347074,0.22932127,0.35604128,0.5728818,1.2118127,0.93049896,0.89813095,0.9841449,1.4597994,0.40301177,0.524449,0.51852584,0.47725528,0.49054864,0.5969882,0.47555098,0.48147416,0.5227447,0.5094514,-0.19397643,0.048898026,0.037051704,-0.045489438,-0.018902728
269,SH688183,-0.03979609561813348,0.16666666666666666,,,,SH688183,生益电子,2026-09-16,-0.007987251,0.04552716,-0.17543924,0.022204444,0.4877186,0.015335466,0.33684215,-0.014856228,-0.32631573,1.0080515,1.0304347,0.98454106,1.0032164,1.0348393,1.0052446,0.8323968,0.8657377,1.0998726,1.0065932,1.0104743,0.96939015,0.94805825,0.92823106,0.0062902053,0.02978624,0.07932288,0.07425128,0.10013194,-0.0016857754,0.00039504922,0.00938844,0.005573353,0.0002723882,0.17956005,0.001612436,0.49029556,0.4366434,0.0022569979,-0.0032216965,-0.012251988,-0.058580317,-0.028871864,0.06373348,1.0547025,1.0772519,1.1148758,1.1148758,1.1342618,0.9527375,0.9420403,0.7979318,0.7979318,0.6561986,1.0115232,1.0220724,1.0220724,1.0115232,1.0140556,1.0,0.9988612,0.8643591,0.8701431,0.8289803,0.3,0.35,0.525,0.68333334,0.7083333,0.46351686,0.42865884,0.6375517,0.6375517,0.71915454,0.8,0.4,0.35,0.56666666,0.016666668,0.6,0.2,0.2,0.46666667,0.43333334,0.2,0.2,0.15,0.1,-0.41666666,0.108436905,0.7225494,0.7421613,0.68048966,0.41816384,0.5734686,0.7717651,0.7684615,0.60981214,0.49695954,0.2,0.3,0.5,0.5,0.48333332,0.8,0.7,0.5,0.5,0.51666665,-0.6,-0.4,0.0,0.0,-0.033333335,0.21886346,0.4911971,0.6208014,0.56350106,0.4815205,0.7811365,0.5088029,0.3791986,0.43649894,0.51847947,-0.5622731,-0.017605778,0.24160278,0.1270021,-0.036958992,0.82649064,0.85422516,0.90800524,0.8639753,0.9178681,0.1263333,0.17424056,0.37362143,0.3258473,0.28779796,0.63483435,1.4950941,1.4716868,1.3585341,1.0464911,0.7209078,0.47629228,0.5122497,0.5088186,0.47855982,0.27909222,0.5237077,0.48775026,0.4911814,0.52144015,0.44181556,-0.04741542,0.024499457,0.017637217,-0.042880334
270,SH600111,-0.03983447024055217,0.1111111111111111,,,,SH600111,北方稀土,2026-09-16,0.009152106,0.035800777,0.25563988,0.00699864,0.1954885,0.01965003,0.54887164,0.021803496,0.60902303,0.9909309,1.0069351,0.9714591,0.9908198,1.0376071,1.0426803,1.0954934,1.1141653,1.3131505,1.0008012,1.0190196,1.045253,1.0730329,1.101831,0.010622604,0.020652393,0.031906594,0.04983651,0.08785693,-0.004082225,-0.0059735593,-0.0047272732,-0.0052527417,-0.0033176795,0.3692087,0.76689696,0.76829606,0.86095124,0.43492725,0.007363303,0.007861395,-0.00034389962,0.0031318523,-0.0039593964,1.0312117,1.0536125,1.1117688,1.2029811,1.3411543,0.9714591,0.9714591,0.9714591,0.9714591,0.9714591,1.0036817,1.0382475,1.0728185,1.1185347,1.1501173,0.9946106,0.9989353,1.0147265,1.0342522,1.0399525,0.8,0.4,0.2,0.13333334,0.083333336,0.47765142,0.34741023,0.2034137,0.123275205,0.07720121,0.2,0.1,0.05,0.06666667,0.016666668,1.0,1.0,1.0,1.0,1.0,-0.8,-0.9,-0.95,-0.93333334,-0.98333335,0.11227565,-0.25730783,0.5868919,0.83895034,0.587087,0.26074687,-0.041876357,0.025745401,0.2461149,0.016970908,0.4,0.4,0.4,0.43333334,0.46666667,0.6,0.6,0.55,0.53333336,0.51666665,-0.2,-0.2,-0.15,-0.1,-0.05,0.17210506,0.2402564,0.28840864,0.3785329,0.3660991,0.8278949,0.75974363,0.71159136,0.6214671,0.63390094,-0.65578985,-0.5194872,-0.42318273,-0.24293421,-0.26780182,0.7812366,0.7385031,0.9358912,1.3168824,1.5972543,0.18814768,0.15823966,0.29155877,0.74778473,0.78195196,0.68778247,0.8410323,1.0948513,1.606802,1.5102053,0.64847594,0.50126636,0.4669474,0.43796727,0.4579175,0.35152408,0.4987336,0.5330526,0.56203276,0.5420825,0.29695186,0.002532756,-0.06610522,-0.12406546,-0.08416497
271,SZ000963,-0.04073862249146755,0.05555555555555555,,,,,,2026-09-16,0.003822661,0.011467874,0.3333365,0.0015290207,0.13333079,0.0061161923,0.5333327,0.008409833,0.7333384,0.9961919,1.0015233,0.990099,0.9972037,1.0274029,1.0331268,1.0853058,1.0632119,1.0757658,1.003722,1.0209324,1.0376327,1.0622911,1.0910676,0.006765834,0.019269599,0.03087738,0.045422614,0.053501133,-0.0030057442,-0.0060549066,-0.004066706,-0.0044556684,-0.0019167427,0.49340254,0.90506756,0.6071176,0.74573267,0.39147276,0.0022895823,0.006314689,0.0010010162,0.0023159983,-0.0345236,1.0239692,1.0502487,1.1679254,1.1679254,1.2376022,0.990099,0.990099,0.990099,0.990099,0.9759896,1.0088209,1.0401284,1.0472071,1.1215461,1.1324466,0.99946356,1.0,1.012471,1.0319821,1.0394425,0.5,0.25,0.125,0.083333336,0.041666668,0.29232183,0.1646058,0.05567794,0.05567794,0.091778554,0.2,0.2,0.05,0.36666667,0.26666668,1.0,1.0,1.0,1.0,0.05,-0.8,-0.8,-0.95,-0.6333333,0.21666667,0.4084251,0.774193,0.8414347,0.8728617,0.71618575,-0.2854158,-0.26345906,0.50885457,0.5959153,0.4086576,0.4,0.4,0.45,0.46666667,0.45,0.6,0.6,0.55,0.53333336,0.55,-0.2,-0.2,-0.1,-0.06666667,-0.1,0.21441023,0.30838186,0.35601628,0.4285716,0.4693046,0.78558975,0.69161814,0.6439837,0.5714284,0.53069544,-0.57117957,-0.38323626,-0.28796744,-0.14285679,-0.061390843,1.4269651,1.8531195,3.1717386,4.0199466,4.429298,0.33712304,0.5764891,2.8432298,2.78135,2.232211,0.6174775,0.63741595,2.1827216,1.8783982,1.410404,0.10997772,0.28141046,0.44905216,0.43667838,0.47688577,0.8900223,0.71858954,0.55094784,0.5633216,0.5231142,-0.78004456,-0.43717912,-0.10189568,-0.12664323,-0.046228465
272,SH601136,-0.041313541874691474,0.0,,,,SH601136,首创证券,2026-09-16,-0.0014144455,0.016973095,-0.08333456,0.0056576985,0.33333334,0.009900952,0.5833321,0.0028288076,0.16666421,1.0014164,1.0070821,0.990085,1.0005549,1.0818433,1.0715269,0.9738653,1.0502063,1.0061898,1.0240716,1.0580468,1.0406121,1.0326915,1.021802,0.033496,0.04331869,0.05233552,0.04550462,0.037944302,-0.018844571,-0.01239632,0.0030928417,0.0017246732,0.00087721105,0.7912736,0.7506653,0.12223353,0.11132799,0.16301024,0.013617607,-0.00226335,-0.06999412,-0.05769921,-0.047679678,1.0939293,1.1689026,1.1689026,1.1689026,1.1689026,0.990085,0.990085,0.9654068,0.9654068,0.9507666,1.0381018,1.0977992,1.0977992,1.0807428,1.0447043,1.0,1.0099037,0.9940853,0.99642366,0.98872083,0.3,0.15,0.325,0.28333333,0.375,0.09547933,0.055447426,0.16999465,0.16999465,0.22570027,0.2,0.3,0.65,0.76666665,0.8833333,1.0,1.0,0.1,0.4,0.25,-0.8,-0.7,0.55,0.36666667,0.6333333,0.6920873,0.8223773,0.9168052,0.84287846,0.7793295,-0.115422726,0.18681133,0.6740215,0.56414086,0.625578,0.0,0.3,0.45,0.4,0.45,0.8,0.6,0.5,0.56666666,0.53333336,-0.8,-0.3,-0.05,-0.16666667,-0.083333336,0.0,0.25238088,0.5361216,0.4447806,0.49661908,1.0,0.74761915,0.4638784,0.5552194,0.50338095,-1.0,-0.49523827,0.072243184,-0.11043883,-0.0067618745,1.3164256,2.1175616,1.8861424,1.4877424,1.266821,0.4980611,1.1354963,1.3279897,1.2219745,0.92213106,1.6336474,1.2964506,1.7863925,2.0967205,1.9929295,0.38901284,0.32724738,0.50925297,0.49805385,0.49297652,0.6109872,0.6727526,0.49074703,0.50194615,0.50702345,-0.22197434,-0.3455052,0.01850593,-0.0038923267,-0.0140469605
273,SZ000657,-0.04134970478905619,0.16666666666666666,,,,,,2026-09-16,0.020730471,0.05018099,0.41311404,0.011681464,0.23278664,0.017769055,0.35409933,0.026818061,0.53442675,0.97969055,1.0114442,0.96228236,0.9852892,0.9751648,0.96340066,1.0663849,0.925689,1.6089773,0.9715549,0.9661373,1.0056039,1.0386925,1.0862163,0.027892364,0.02289982,0.052439746,0.0699993,0.20858501,0.014431133,0.0040122024,-0.006336265,-0.006077857,-0.006937142,0.669222,0.28139278,0.51099133,0.58427227,0.33736095,-0.00041715623,0.01580778,0.054590624,0.04943643,0.1184293,1.0244969,1.0244969,1.121517,1.2169453,1.7633312,0.9074553,0.9074553,0.9074553,0.9074553,0.76513624,1.0006118,0.9801318,1.0636927,1.0983453,1.1944045,0.9516255,0.9516255,0.9622716,0.96664906,0.9419195,0.8,0.9,0.5,0.33333334,0.4,0.7906993,0.7906993,0.43232736,0.29902315,0.2352885,0.8,0.9,0.15,0.3,0.033333335,0.4,0.7,0.85,0.9,0.43333334,0.4,0.2,-0.7,-0.6,-0.4,0.83747315,0.6045704,0.7482763,0.7304235,0.42664185,0.68098354,0.32227388,0.3889922,0.37833703,0.31116775,0.4,0.5,0.35,0.46666667,0.41666666,0.6,0.5,0.65,0.53333336,0.5833333,-0.2,0.0,-0.3,-0.06666667,-0.16666667,0.63097703,0.597424,0.4402802,0.5313483,0.3960977,0.36902297,0.402576,0.5597198,0.4686517,0.60390234,0.26195407,0.19484797,-0.11943959,0.06269656,-0.20780464,0.73920524,0.681473,0.81580323,1.0589153,0.99887204,0.3728425,0.26241472,0.2534533,0.4616829,0.36545134,1.4820039,1.2804753,0.92675614,1.0523638,0.87565964,0.61263317,0.56557405,0.45697063,0.49671206,0.47830805,0.38736683,0.43442592,0.54302937,0.503288,0.521692,0.22526632,0.13114816,-0.086058766,-0.006575885,-0.043383904
274,SH605499,-0.04138711279347795,0.0,,,,SH605499,东鹏饮料,2026-09-16,-0.00089561957,0.013434837,-0.06666397,0.00259739,0.19333245,0.0099418275,0.7400036,0.006448818,0.48000717,1.0008965,1.0034962,0.99004924,0.99718624,1.0510902,1.0768064,1.1003715,1.0985137,1.0223917,1.0074606,1.040486,1.0639948,1.0817965,1.1076659,0.007414029,0.03671891,0.035940874,0.041628767,0.057020564,-0.004488108,-0.0109368805,-0.005042268,-0.003935883,-0.001259226,0.916132,0.81324023,0.6888784,0.69278574,0.14874563,0.0015155923,0.008730016,-0.016093243,-0.02472622,-0.070518784,1.0457335,1.0958024,1.116099,1.1920109,1.3079032,0.99004924,0.99004924,0.99004924,0.99004924,0.9753344,1.0121346,1.0779114,1.088628,1.1039698,1.1470519,0.9999609,1.0077442,1.0156839,1.0630585,1.07665,0.4,0.2,0.1,0.06666667,0.05,0.1786995,0.09409402,0.078942925,0.049270455,0.07416691,0.2,0.2,0.2,0.1,0.43333334,1.0,1.0,1.0,1.0,0.05,-0.8,-0.8,-0.8,-0.9,0.38333333,0.8195511,0.56545603,0.657556,0.79483384,0.64251584,0.22857364,-0.25649828,0.3098227,0.46157414,0.55926794,0.2,0.3,0.4,0.43333334,0.45,0.8,0.7,0.6,0.56666666,0.53333336,-0.6,-0.4,-0.2,-0.13333334,-0.083333336,0.0037987193,0.2091819,0.32341313,0.4016785,0.4923996,0.9962013,0.7908181,0.67658687,0.5983215,0.50760037,-0.99240255,-0.5816362,-0.35317373,-0.196643,-0.015200784,1.2146294,1.5251694,1.7545401,2.3354084,2.86921,0.43318284,0.543183,0.56852293,1.2027229,1.3624781,1.6440334,1.0061888,0.8691906,1.7247992,1.2324116,0.0509556,0.3760962,0.41226217,0.38012195,0.48368,0.9490444,0.6239038,0.58773786,0.61987805,0.51632,-0.8980888,-0.24780762,-0.17547566,-0.23975612,-0.032640006
275,SZ002241,-0.04245574880183357,0.05555555555555555,,,,,,2026-09-16,0.007487121,0.029948484,0.25,0.011698619,0.39062476,0.010762744,0.35937524,0.006551245,0.21875048,0.9925685,1.0116117,0.98188573,0.9967665,1.0687363,1.1212085,1.0208888,1.1012448,1.1068139,1.0193163,1.0553128,1.0745866,1.0653435,1.0550083,0.022578277,0.041889403,0.040624727,0.0380947,0.039568085,-0.013329083,-0.01323864,-0.0035619757,-8.167619e-05,0.00080748776,0.87128246,0.9155663,0.26907235,0.00035625708,0.12702279,0.007341865,0.004261124,-0.040747896,-0.06415916,-0.07882918,1.0613037,1.1258669,1.151879,1.151879,1.151879,0.98188573,0.98188573,0.98188573,0.98188573,0.93914825,1.035665,1.0968821,1.1070027,1.1007862,1.0908468,0.9985123,1.0196863,1.0312984,1.0264732,1.022384,0.4,0.2,0.1,0.06666667,0.11666667,0.22808738,0.12580983,0.10655863,0.10655863,0.28605056,0.2,0.1,0.15,0.43333334,0.71666664,1.0,1.0,1.0,1.0,0.18333334,-0.8,-0.9,-0.85,-0.56666666,0.53333336,-0.16859579,0.6713336,0.6351209,0.6488629,0.33374402,-0.5501149,-0.030708745,0.7350043,0.69440717,0.57254684,0.2,0.3,0.5,0.4,0.46666667,0.8,0.7,0.5,0.6,0.53333336,-0.6,-0.4,0.0,-0.2,-0.06666667,0.08896037,0.12398376,0.47135907,0.39890715,0.45532936,0.91103965,0.87601626,0.5286409,0.6010928,0.54467064,-0.82207924,-0.75203246,-0.05728187,-0.20218566,-0.0893413,1.1777766,1.476267,2.0498037,1.9142765,2.2251675,0.19343378,0.40881264,1.0414296,0.88847667,0.9300862,0.76023805,0.73377806,1.4908739,1.4697701,1.279948,0.27444655,0.34457007,0.48267394,0.44939178,0.4735452,0.72555345,0.65542996,0.51732606,0.5506082,0.5264548,-0.45110688,-0.3108599,-0.034652118,-0.10121643,-0.052909605
276,SH600489,-0.04277878999250388,0.05555555555555555,,,,SH600489,中金黄金,2026-09-16,0.02938777,0.03918366,0.75000066,0.0040815785,0.10416532,0.0057143113,0.14583403,0.031020503,0.79166937,0.9714512,1.003965,0.96590006,0.99021673,1.0265914,0.9794055,0.99882984,0.9442429,0.77407557,0.9850164,0.9978703,1.0194038,1.0108676,0.90497744,0.016812349,0.019796146,0.03410971,0.033154096,0.1174281,-0.0014685219,-0.0040734955,-0.004770688,-0.00028946932,0.0060290843,0.019074103,0.3881366,0.6846584,0.0059078904,0.8040045,0.017920667,0.020460393,0.025917733,-0.0066703395,-0.08283545,1.0285527,1.038093,1.1086715,1.1086715,1.1086715,0.9365652,0.9365652,0.9365652,0.9365652,0.68376344,1.0012696,1.0158086,1.0499824,1.0414872,1.0152527,0.9722501,0.9748713,0.99113035,0.9772759,0.77806574,0.8,0.6,0.35,0.43333334,0.71666664,0.68960285,0.62480235,0.368579,0.368579,0.74424696,0.2,0.2,0.15,0.43333334,0.71666664,0.4,0.7,0.85,0.9,0.06666667,-0.2,-0.5,-0.7,-0.46666667,0.65,-0.3692873,0.4384071,0.6594694,0.3558092,-0.014592608,-0.22590052,0.059336875,0.067712456,-0.090786815,0.28185463,0.4,0.5,0.5,0.5,0.53333336,0.6,0.5,0.5,0.5,0.46666667,-0.2,0.0,0.0,0.0,0.06666667,0.35362327,0.55500007,0.50143933,0.5409998,0.58104736,0.6463767,0.44499993,0.4985607,0.45900014,0.41895267,-0.29275346,0.1100001,0.002878618,0.0819997,0.16209468,1.0595652,1.1971314,1.6052287,1.686344,1.7213674,0.31134853,0.34417173,0.57000273,0.5788377,0.55296695,0.97811884,0.9532716,0.9615995,0.9658394,1.0181997,0.3796116,0.37317023,0.46733427,0.4609173,0.49075764,0.6203884,0.6268298,0.5326657,0.5390827,0.50924236,-0.24077678,-0.25365958,-0.06533149,-0.078165434,-0.018484687
277,SZ300014,-0.042972664094710546,0.1111111111111111,,,,,,2026-09-16,0.015866386,0.04384134,0.36190468,0.009185769,0.20952298,0.018789187,0.42857236,0.025469804,0.5809541,0.98438144,1.0090423,0.9658857,0.98856187,1.0324742,1.0491235,1.138522,1.146947,1.3861567,1.0061293,1.0252604,1.0708334,1.0964432,1.1281803,0.012684287,0.022429232,0.054648127,0.058531225,0.08281039,-0.0054684426,-0.0069981953,-0.008889446,-0.0058937273,-0.0032689886,0.46466,0.8923902,0.9261192,0.7857901,0.47528815,0.004807595,0.0062314067,0.0136162825,-0.010984091,-0.031745087,1.030217,1.0682296,1.1880498,1.1894785,1.3878013,0.9658857,0.9658857,0.9658857,0.9658857,0.9658857,1.0155038,1.0477617,1.1332196,1.1484672,1.1622703,0.99778676,0.99975485,1.0225313,1.0400343,1.0587342,0.6,0.3,0.15,0.1,0.05,0.5302907,0.33333033,0.15355454,0.15257332,0.080855764,0.2,0.2,0.05,0.23333333,0.033333335,1.0,1.0,1.0,1.0,1.0,-0.8,-0.8,-0.95,-0.76666665,-0.96666664,-0.622303,-0.7002698,0.57427186,0.6607934,0.6576245,-0.32093763,-0.35668415,-0.1818687,-0.1886016,0.008811146,0.4,0.3,0.3,0.4,0.43333334,0.6,0.7,0.7,0.6,0.56666666,-0.2,-0.4,-0.4,-0.2,-0.13333334,0.27930948,0.23960297,0.24311806,0.32949725,0.3425999,0.7206905,0.760397,0.75688195,0.6705028,0.6574001,-0.441381,-0.52079403,-0.51376384,-0.34100553,-0.3148002,0.75674903,0.6749962,0.8072832,0.92779547,1.2236394,0.20205988,0.16728483,0.22066402,0.27747145,0.4779531,0.68097025,1.022221,0.8547965,0.7825996,1.2829393,0.639187,0.5780038,0.497738,0.47431156,0.45920727,0.36081305,0.42199618,0.502262,0.5256884,0.54079276,0.2783739,0.15600766,-0.004524008,-0.05137687,-0.08158547
278,SZ002938,-0.04310707050971821,0.16666666666666666,,,,,,2026-09-16,0.010237317,0.038361955,0.26686117,0.0146248,0.38123184,0.01349984,0.35190696,0.009112357,0.2375363,0.98986644,1.0144767,0.9765034,0.9961442,1.0294428,0.9554043,0.972763,1.0147693,1.1848086,1.0052556,0.99227965,0.98897576,1.016825,1.033979,0.021280676,0.034867033,0.028628672,0.052659117,0.07985845,-0.00883285,0.0058304383,0.0013124552,-0.0036119751,-0.0023844948,0.430696,0.25632083,0.073558785,0.36462298,0.27192602,0.012410094,-0.018516636,-0.0014440634,0.035548728,0.0363635,1.0801748,1.0801748,1.0801748,1.1593132,1.3028752,0.9722847,0.9184759,0.9184759,0.9184759,0.84683996,1.0246092,1.0241488,1.006253,1.0626643,1.096557,0.9877817,0.97437423,0.973396,0.9748729,0.9754675,0.6,0.6,0.75,0.53333336,0.4,0.25688443,0.504172,0.504172,0.33850276,0.33585134,0.2,0.6,0.8,0.2,0.016666668,0.6,0.2,0.6,0.73333335,0.43333334,-0.4,0.4,0.2,-0.53333336,-0.41666666,0.6185266,0.65762836,0.71157527,0.73832345,0.67774165,-0.15065452,0.35307527,0.45855376,0.4541669,0.26612046,0.6,0.5,0.45,0.43333334,0.45,0.4,0.5,0.55,0.56666666,0.55,0.2,0.0,-0.1,-0.13333334,-0.1,0.32046762,0.599657,0.5327189,0.4913503,0.46053332,0.67953235,0.400343,0.4672811,0.5086497,0.5394667,-0.35906473,0.19931403,0.06543777,-0.017299421,-0.078933336,1.3813123,1.2802995,1.2083703,1.3826195,1.8241993,0.49628425,0.3996487,0.34626523,0.4248858,0.74910116,1.1085244,1.2510211,1.204558,1.0603745,1.0660293,0.43847883,0.5381794,0.4576476,0.4485316,0.4646077,0.5615212,0.4618206,0.5423524,0.55146843,0.5353923,-0.123042315,0.0763588,-0.084704794,-0.10293683,-0.07078461
279,SH603893,-0.043632305928345175,0.05555555555555555,,,,SH603893,瑞芯微,2026-09-16,0.018238299,0.028232612,0.64600116,0.0037831424,0.13399902,0.0062111705,0.21999985,0.020666327,0.73200196,0.9820884,1.0037154,0.97598845,0.9933381,1.0389916,1.0951288,1.009828,1.0971584,1.022113,0.99732935,1.026322,1.0241828,1.059365,1.0792018,0.011286286,0.03315979,0.045904443,0.06858798,0.07937885,-0.0043050917,-0.010214527,0.0007434863,-0.0047385315,-0.0011785419,0.3637498,0.86981004,0.009181307,0.3699076,0.06723266,0.011280844,0.019643398,-0.031245897,0.009343617,-0.044434845,1.0325568,1.112247,1.1697494,1.2161226,1.2894459,0.9737763,0.9737763,0.94760317,0.94760317,0.9444227,1.0025852,1.0521525,1.0698323,1.1313214,1.1491507,0.9895204,0.99811983,0.9823096,0.99811983,1.0012392,0.8,0.4,0.4,0.26666668,0.2,0.44612977,0.18938103,0.23586653,0.19513242,0.16108268,0.2,0.1,0.45,0.13333334,0.35,0.4,0.7,0.2,0.46666667,0.13333334,-0.2,-0.6,0.25,-0.33333334,0.21666667,0.32295024,0.8522806,0.8334382,0.69049215,0.6755884,0.58776224,0.27684653,0.7801911,0.5766748,0.48569104,0.2,0.2,0.4,0.43333334,0.5,0.8,0.8,0.6,0.56666666,0.5,-0.6,-0.6,-0.2,-0.13333334,0.0,0.23550713,0.22128324,0.48938134,0.43878305,0.49476507,0.76449287,0.77871674,0.5106186,0.56121695,0.50523496,-0.52898574,-0.55743355,-0.0212373,-0.12243388,-0.010469863,0.87696594,1.0935326,1.3959807,1.589467,2.3716378,0.117067814,0.285749,0.8270922,0.76484895,1.2597842,0.4921226,0.5819577,1.5164437,1.2866989,1.1835159,0.45611662,0.23762329,0.4405862,0.43580186,0.48912653,0.5438834,0.7623767,0.5594138,0.56419814,0.51087344,-0.08776676,-0.5247534,-0.118827574,-0.12839629,-0.021746906
280,SH600547,-0.043715270149305555,0.3333333333333333,,,,SH600547,山东黄金,2026-09-16,0.028998286,0.04569418,0.6346166,0.0008787423,0.019230947,0.01581715,0.34615242,0.043936692,0.9615381,0.9718189,1.000854,0.9564475,0.98419696,1.0318862,1.0785663,0.9253645,0.8217564,0.6976905,0.99106586,1.0196165,1.0240722,0.97142345,0.8467572,0.015892014,0.035570286,0.035065226,0.08234288,0.14249538,-0.0041292454,-0.010666853,-0.0013320564,0.0067230035,0.007675661,0.168781,0.82434565,0.050507974,0.51662606,0.88497263,0.017192652,0.028384384,-0.011417692,-0.06890697,-0.073189154,1.0298934,1.1030512,1.1030512,1.1030512,1.1030512,0.9507622,0.9507622,0.9507622,0.8061506,0.63541734,1.0026197,1.043553,1.0572168,1.0412272,1.0059277,0.9811622,0.9862308,0.9919173,0.8681377,0.70027,0.8,0.4,0.35,0.56666666,0.78333336,0.62223023,0.32331818,0.32331818,0.65291023,0.7796328,0.2,0.2,0.6,0.73333335,0.8666667,0.4,0.7,0.85,0.23333333,0.06666667,-0.2,-0.5,-0.25,0.5,0.8,0.12423776,0.73437136,0.48318812,0.25415885,0.37390962,0.23235995,0.42288667,0.49077708,0.45064396,0.5161218,0.2,0.3,0.45,0.53333336,0.55,0.8,0.7,0.55,0.46666667,0.45,-0.6,-0.4,-0.1,0.06666667,0.1,0.31933966,0.27077544,0.5710868,0.61077374,0.60507387,0.68066037,0.72922456,0.4289132,0.38922626,0.39492613,-0.36132067,-0.45844913,0.14217359,0.2215475,0.21014772,0.95454794,1.128515,1.6892372,1.642474,1.4508923,0.25438467,0.3630244,0.76474625,0.71402204,0.6174467,0.7523712,0.6630691,1.2573,1.127663,1.1125954,0.49723703,0.30803785,0.39712965,0.4788235,0.50019944,0.502763,0.6919621,0.60287035,0.5211765,0.49980056,-0.0055259615,-0.3839243,-0.20574072,-0.042352993,0.00039886258
281,SH601336,-0.043742063730011646,0.0,,,,SH601336,新华保险,2026-09-16,-0.0029498308,0.016831528,-0.17525627,0.0019087235,0.113401674,0.011972974,0.71134204,0.0071144197,0.42268413,1.0029585,1.0048729,0.98799163,0.99644357,1.0429276,1.0536913,1.003419,1.0654678,1.0409015,1.0146384,1.0378245,1.0403064,1.035047,1.049924,0.015500874,0.029274588,0.023822207,0.023300858,0.028533643,-0.009016084,-0.009422062,-0.0009469646,0.00021627253,-0.00063101586,0.8457919,0.94955856,0.055305906,0.0066766804,0.14916465,0.0033937055,0.0045748116,-0.031310253,-0.038182985,-0.03130902,1.0465642,1.103858,1.103858,1.103858,1.121885,0.98799163,0.98799163,0.98799163,0.98799163,0.98799163,1.0210207,1.0603013,1.0570343,1.0547043,1.0692668,1.00233,1.0122325,1.016082,1.0138026,1.0179561,0.2,0.1,0.05,0.033333335,0.016666668,0.20501715,0.10364002,0.10364002,0.10364002,0.08968629,0.2,0.2,0.6,0.73333335,0.25,1.0,1.0,1.0,1.0,1.0,-0.8,-0.8,-0.4,-0.26666668,-0.75,0.22850242,0.84088546,0.8255314,0.75709116,0.65611684,-0.891259,-0.044191103,0.5047511,0.24509774,0.48049012,0.2,0.3,0.45,0.4,0.45,0.8,0.7,0.55,0.6,0.55,-0.6,-0.4,-0.1,-0.2,-0.1,0.0406501,0.27006504,0.4929943,0.4088827,0.47839466,0.9593499,0.729935,0.5070057,0.5911173,0.5216053,-0.9186998,-0.45986995,-0.014011359,-0.1822346,-0.04321068,1.1226821,1.6274658,1.7908405,1.6671923,2.2006054,0.31773007,0.6819383,0.71081764,0.64546925,1.0276951,1.2954305,1.1152934,1.0039587,1.0101607,1.9100072,0.3542598,0.4130543,0.48650166,0.46080905,0.47434604,0.6457402,0.5869457,0.5134983,0.53919095,0.52565396,-0.29148042,-0.17389144,-0.026996663,-0.07838189,-0.051307905
282,SH688111,-0.04408431854397268,0.05555555555555555,,,,SH688111,金山办公,2026-09-16,-0.005667612,0.021108516,-0.26849884,0.0031238662,0.14799081,0.012317037,0.58351034,0.0035255586,0.1670207,1.0056999,1.0088416,0.9876128,0.99754083,1.0398294,1.0699433,1.1091572,1.2528245,0.9601266,1.0174088,1.0421287,1.0592188,1.0935171,1.0701338,0.011357266,0.030077709,0.032109395,0.05766593,0.0820201,-0.0058864863,-0.009425687,-0.003316211,-0.005844616,0.0016736551,0.67159075,0.9002184,0.37332585,0.7961136,0.12699635,-0.005635926,0.0002869441,-0.027714806,-0.008770169,-0.11950662,1.0476785,1.1143931,1.1339531,1.2655333,1.2983772,0.9876128,0.9876128,0.9876128,0.9876128,0.8924234,1.0261397,1.0733196,1.0832638,1.1528906,1.1430607,1.0097069,1.0200466,1.0267464,1.0446477,1.0024618,0.2,0.1,0.05,0.033333335,0.2,0.20622827,0.097706325,0.0846468,0.044571165,0.2649972,0.8,0.2,0.05,0.033333335,0.45,1.0,1.0,1.0,1.0,0.033333335,-0.2,-0.8,-0.95,-0.96666664,0.41666666,-0.09358218,0.61521757,0.70218027,0.8817843,0.4811169,0.39800107,0.54623437,0.3020856,0.15227386,0.47092402,0.2,0.3,0.35,0.3,0.43333334,0.8,0.7,0.65,0.7,0.56666666,-0.6,-0.4,-0.3,-0.4,-0.13333334,0.0991152,0.21104264,0.33074304,0.25307003,0.51335436,0.9008848,0.78895736,0.669257,0.74692994,0.48664567,-0.8017696,-0.5779147,-0.33851394,-0.49385992,0.026708685,0.90969443,1.0287255,1.2252945,1.6567377,2.1786315,0.17887688,0.23113371,0.37228566,0.76964664,1.0912728,0.6068558,0.6289554,0.82845086,1.2206489,1.3130821,0.48789868,0.47489765,0.39733458,0.35270143,0.49296162,0.5121013,0.5251023,0.6026654,0.6472986,0.50703835,-0.024202634,-0.05020469,-0.20533086,-0.29459712,-0.01407676
283,SZ000301,-0.044876605462308844,0.05555555555555555,,,,,,2026-09-16,-0.008727275,0.033454556,-0.26086956,0.0036363646,0.10869565,0.021090915,0.6304348,0.008727275,0.26086956,1.0088041,1.0124725,0.9787234,0.99468577,1.0388529,1.0129509,0.9787234,0.9235276,0.88251615,0.9971014,1.0241443,1.0155257,0.9939048,0.93632954,0.012917145,0.03392359,0.036455084,0.044766154,0.071905375,0.00080172956,-0.009480559,0.0011219073,0.0031767918,0.0032708491,0.009630808,0.71593857,0.033148646,0.390283,0.63109994,0.0012951136,0.018518224,-0.02618385,-0.039968286,-0.03281956,1.0447762,1.1061543,1.1061543,1.1061543,1.1061543,0.95729125,0.95729125,0.9427629,0.903795,0.7922795,1.008819,1.0477952,1.0453284,1.0351527,1.0034535,0.9849522,0.9971631,0.9849522,0.9540549,0.862103,0.6,0.3,0.375,0.5833333,0.775,0.48818368,0.28689948,0.35030657,0.4754167,0.661794,0.2,0.1,0.55,0.7,0.85,0.4,0.7,0.25,0.23333333,0.06666667,-0.2,-0.6,0.3,0.46666667,0.78333336,-0.2498358,0.7525035,0.7959534,0.7745072,0.37508655,-0.1120445,0.4516865,0.58209,0.5867544,0.5317304,0.4,0.4,0.5,0.56666666,0.56666666,0.6,0.6,0.5,0.43333334,0.43333334,-0.2,-0.2,0.0,0.13333334,0.13333334,0.2913906,0.473077,0.5219326,0.5556553,0.5375962,0.7086094,0.526923,0.47806737,0.44434473,0.46240377,-0.4172188,-0.053846017,0.043865237,0.111310564,0.07519246,1.3398283,1.7141145,1.784745,1.657429,1.7484119,0.25328434,0.548332,0.59846324,0.56971395,0.83728546,0.7043688,1.2198426,0.9750179,0.94584405,1.5464954,0.30594674,0.39259595,0.42867917,0.47928688,0.49444035,0.6940533,0.60740405,0.57132083,0.5207131,0.5055597,-0.38810652,-0.21480814,-0.14264166,-0.04142624,-0.011119333
284,SZ002837,-0.0455040625673708,0.1111111111111111,,,,,,2026-09-16,0.036251295,0.052288722,0.6932909,0.0031741085,0.0607035,0.012863318,0.24600561,0.045940503,0.878593,0.9650169,1.0030631,0.9526036,0.98565894,1.0064462,1.0677023,0.8478087,0.84361476,1.3358039,0.9785887,1.0088794,1.0000759,0.9655771,1.0072366,0.014308649,0.042056374,0.070001565,0.077262655,0.14298144,0.0019205693,-0.0114922905,0.0033660901,0.0057176733,-0.003790606,0.045040447,0.68448037,0.08092898,0.42442518,0.21436696,0.01757017,0.04283592,-0.032053847,-0.048483387,0.1045863,1.0049902,1.1384766,1.1384766,1.1384766,1.4459013,0.9459946,0.9459946,0.8353953,0.8184681,0.7386731,0.9877421,1.032107,1.0626117,1.0393631,1.134317,0.9668878,0.97439474,0.9668878,0.88895595,0.8875358,1.0,0.5,0.45,0.6333333,0.55,0.9154132,0.28057376,0.54310423,0.5672722,0.36950862,0.2,0.1,0.55,0.7,0.016666668,0.6,0.8,0.05,0.033333335,0.46666667,-0.4,-0.7,0.5,0.6666667,-0.45,0.5898251,0.894235,0.624511,0.64175326,0.5114518,0.63398886,0.4436252,0.6621669,0.5186843,0.34065735,0.2,0.3,0.55,0.53333336,0.51666665,0.8,0.7,0.45,0.46666667,0.48333332,-0.6,-0.4,0.1,0.06666667,0.033333335,0.45817128,0.35233748,0.63311535,0.59421414,0.42856333,0.54182875,0.6476625,0.36688468,0.40578586,0.57143664,-0.083657466,-0.29532504,0.26623064,0.1884283,-0.14287332,0.88730747,1.3183522,1.6585524,1.4703497,1.4922619,0.123248465,0.6121517,0.79886436,0.70881295,0.58575094,0.9337793,1.2954425,1.2043427,1.2241318,0.9215924,0.48799193,0.38732836,0.48760054,0.4760938,0.45141765,0.5120081,0.6126716,0.5123995,0.5239062,0.5485823,-0.024016125,-0.22534327,-0.024798952,-0.0478124,-0.09716468
285,SZ300408,-0.04820629729813913,0.2777777777777778,,,,,,2026-09-16,0.028752482,0.03762376,0.7642107,0.00887128,0.23578928,0.0,0.0,0.019881202,0.52842146,0.97205114,1.0086234,0.97205114,0.9952863,0.906759,0.8305322,0.8438672,0.98699325,1.1184254,0.9608588,0.91711783,0.88547325,0.9138307,0.93907356,0.034315087,0.054920465,0.05150463,0.06383796,0.13599537,0.0201786,0.017612949,0.0068162037,-0.0020537144,-0.0035221158,0.8644737,0.94277304,0.6130002,0.08020913,0.20457797,-0.0012160344,0.003623924,0.04977284,0.11594815,0.16482887,1.0103989,1.0103989,1.0103989,1.0607525,1.3885937,0.87519485,0.8257715,0.7965131,0.7965131,0.662379,0.9773928,0.96940565,0.9169088,0.98172146,1.0014683,0.94725096,0.8786451,0.83976644,0.8432799,0.8380841,1.0,1.0,1.0,0.93333334,0.78333336,0.9230875,0.94367635,0.95138115,0.7700854,0.46490517,0.6,0.8,0.9,0.13333334,0.05,0.2,0.2,0.2,0.46666667,0.31666666,0.4,0.6,0.7,-0.33333334,-0.26666668,0.43434966,0.54272604,0.54404944,0.63464165,0.2509578,0.96606046,0.8642272,0.5323885,0.29093823,0.1381457,0.8,0.8,0.65,0.6,0.53333336,0.2,0.2,0.35,0.4,0.46666667,0.6,0.6,0.3,0.2,0.06666667,0.9943223,0.90511173,0.6991232,0.51043427,0.4747037,0.0056776814,0.094888285,0.3008768,0.48956573,0.5252963,0.98864466,0.8102234,0.39824638,0.020868536,-0.05059257,1.1789732,1.0657912,0.9965534,1.1883948,1.4348713,0.40535,0.32197347,0.27233994,0.38233098,0.4287414,1.3039658,1.073848,1.0046772,1.4028034,1.1309617,0.4752608,0.5425246,0.43583825,0.4636886,0.4882347,0.5247392,0.4574754,0.5641618,0.5363114,0.5117653,-0.049478404,0.08504921,-0.12832351,-0.07262279,-0.023530614
286,SZ300803,-0.052115505988764195,0.1111111111111111,,,,,,2026-09-16,0.046556856,0.06484247,0.71799946,0.012968509,0.20000024,0.005317104,0.08200033,0.038905453,0.59999955,0.95551425,1.0123916,0.9504337,0.985903,1.0438447,1.0428231,0.9822918,1.0552529,1.2146263,0.9919632,1.025762,1.0296824,1.0317498,1.0338739,0.036126878,0.04483303,0.04013516,0.0344716,0.060888108,-0.012651112,-0.012725933,-0.0010079897,-0.00071358454,-0.0009535375,0.30657485,0.7385749,0.022076504,0.033210058,0.07480153,0.03333902,0.03150475,-0.020106528,-0.02140283,-0.005744577,1.0692588,1.1222501,1.1222501,1.1222501,1.304415,0.9504337,0.9504337,0.9504337,0.9504337,0.89853597,1.0099609,1.0543845,1.0627447,1.053465,1.0577898,0.96810824,0.9805381,0.9882684,0.9935637,0.9894603,0.8,0.4,0.35,0.26666668,0.3,0.41713676,0.2884841,0.2884841,0.2884841,0.24998596,0.2,0.2,0.6,0.73333335,0.016666668,1.0,1.0,1.0,1.0,0.41666666,-0.8,-0.8,-0.4,-0.26666668,-0.4,0.47203228,0.67328584,0.7555887,0.6618447,0.57864463,0.31794095,0.4490003,0.6330908,0.5474506,0.5129927,0.4,0.4,0.45,0.4,0.43333334,0.6,0.6,0.55,0.6,0.56666666,-0.2,-0.2,-0.1,-0.2,-0.13333334,0.3475431,0.41084734,0.51910365,0.45328918,0.43250337,0.65245694,0.58915263,0.48089638,0.5467108,0.56749666,-0.30491385,-0.17830533,0.038207255,-0.093421616,-0.13499327,0.84299356,1.0600203,1.0799456,1.0000396,1.1454468,0.2747002,0.47108334,0.49477154,0.4269842,0.45902494,1.106454,0.9614567,1.0472449,1.1833594,1.1261374,0.60778177,0.52277094,0.51332,0.48310032,0.48117864,0.39221823,0.47722906,0.48667994,0.51689965,0.51882136,0.21556355,0.04554188,0.0266401,-0.033799335,-0.037642736
287,SZ300033,-0.05284638384462618,0.0,,,,,,2026-09-16,0.021396983,0.036399458,0.587838,0.006148547,0.16891864,0.008853927,0.2432434,0.024102364,0.6621627,0.97905123,1.0060197,0.9703828,0.990707,1.0424262,1.0457965,1.0739224,1.1670121,1.1567526,1.0016844,1.0256865,1.0509477,1.0763229,1.0952225,0.022064568,0.030599648,0.039300855,0.050285947,0.05769592,-0.009294465,-0.009165276,-0.00448544,-0.0049618804,-0.0020151052,0.44360653,0.8223746,0.4559048,0.75457263,0.37205327,0.016904531,0.015557208,-0.008335955,-0.0043756333,-0.035776887,1.0472902,1.1018534,1.1332994,1.1808323,1.2961227,0.9703828,0.9703828,0.9703828,0.9703828,0.9703828,1.0078496,1.047088,1.0781486,1.1238909,1.1397153,0.98839223,0.99547213,1.0282005,1.0389398,1.0434264,0.8,0.4,0.2,0.13333334,0.06666667,0.38510177,0.22527614,0.18179359,0.14073302,0.09092283,0.2,0.2,0.35,0.033333335,0.083333336,1.0,1.0,1.0,1.0,1.0,-0.8,-0.8,-0.65,-0.96666664,-0.9166667,0.18830623,0.5969879,0.7075122,0.5931673,0.7115137,-0.07760956,-0.00020201235,0.26782236,0.28232536,0.43106344,0.2,0.4,0.35,0.3,0.4,0.8,0.6,0.65,0.7,0.6,-0.6,-0.2,-0.3,-0.4,-0.2,0.226587,0.33866182,0.39713573,0.3380995,0.44835588,0.773413,0.6613382,0.60286427,0.66190046,0.5516441,-0.546826,-0.3226764,-0.20572852,-0.32380098,-0.1032882,0.8461674,1.0101861,1.2367965,1.2691897,1.6585867,0.28402585,0.35428536,0.49967295,0.41712797,0.7292075,1.2873518,0.9846834,1.1528443,1.0905491,1.3233207,0.58314407,0.4267942,0.4820283,0.4379327,0.46962017,0.41685596,0.5732058,0.5179717,0.56206733,0.53037983,0.1662881,-0.14641161,-0.035943415,-0.12413463,-0.06075965
288,SH601138,-0.05458294305439509,0.1111111111111111,,,,SH601138,工业富联,2026-09-16,0.02533316,0.0424412,0.59690017,0.010692509,0.251937,0.006415531,0.1511628,0.021056183,0.496126,0.97529274,1.0104283,0.96903574,0.9929485,1.0467501,0.9914757,0.9920085,1.0576718,1.2177677,1.0033565,1.0206313,1.0105554,1.0293065,1.017659,0.023025408,0.027736083,0.028245667,0.04015087,0.0665561,-0.010335639,-0.0054866676,0.0012551036,-0.0024044055,-0.0006418754,0.50373256,0.3587059,0.06910724,0.27792475,0.028367793,0.017314864,0.0040587,-0.022478867,0.005557389,0.0012764061,1.0374733,1.0730344,1.0730344,1.1386005,1.2323585,0.96903574,0.96903574,0.94264096,0.94264096,0.8441566,1.0259457,1.0404634,1.0301545,1.0619606,1.0619606,0.9854022,0.99757594,0.9854022,0.99190193,0.9687,0.6,0.3,0.4,0.3,0.38333333,0.4524455,0.29773727,0.43989232,0.29270872,0.40144935,0.2,0.3,0.65,0.1,0.016666668,1.0,1.0,0.2,0.46666667,0.43333334,-0.8,-0.7,0.45,-0.36666667,-0.41666666,-0.07352886,0.61850786,0.5432946,0.7244155,0.3573528,0.4370461,0.61326003,0.55147344,0.42436028,0.20664296,0.4,0.6,0.6,0.53333336,0.48333332,0.6,0.4,0.4,0.46666667,0.51666665,-0.2,0.2,0.2,0.06666667,-0.033333335,0.2681638,0.5198759,0.51004016,0.4567778,0.44179422,0.7318362,0.48012412,0.48995984,0.5432222,0.5582058,-0.4636724,0.03975178,0.020080354,-0.08644436,-0.11641157,0.985449,1.3245934,1.3494222,1.6288584,1.9350008,0.13727619,0.51917684,0.48598945,0.6373021,0.72695,0.79828006,1.043594,1.1211492,1.0390667,1.1776592,0.45275027,0.5137833,0.43872243,0.37555796,0.4636796,0.54724973,0.48621672,0.56127757,0.62444204,0.5363204,-0.09449947,0.027566554,-0.122555114,-0.24888405,-0.072640784
289,SH600570,-0.057040892415694856,0.0,,,,SH600570,恒生电子,2026-09-16,0.0049776547,0.024888024,0.200002,0.0014932881,0.060000267,0.01841708,0.73999774,0.021901447,0.87999946,0.995047,1.001486,0.97672117,0.9901202,1.047053,1.0747918,1.039627,1.1555222,1.11887,1.0130801,1.0399244,1.0564917,1.0740329,1.0672224,0.0176125,0.03243544,0.031067394,0.04025252,0.041907575,-0.009956674,-0.010134238,-0.0031150728,-0.00364228,0.00018822166,0.7989628,0.8948578,0.3518802,0.63454455,0.006152533,0.006833202,0.0056796423,-0.02689856,-0.021219866,-0.07277487,1.0465641,1.119374,1.119374,1.1812768,1.1812768,0.97672117,0.97672117,0.97672117,0.97672117,0.97672117,1.0196202,1.0657808,1.0884647,1.1020356,1.1004505,0.9999023,1.0075302,1.0368563,1.0461627,1.0319968,0.4,0.2,0.1,0.06666667,0.05,0.33330297,0.16318536,0.16318536,0.113802075,0.113802075,0.2,0.2,0.6,0.033333335,0.51666665,1.0,1.0,1.0,1.0,1.0,-0.8,-0.8,-0.4,-0.96666664,-0.48333332,-0.387629,0.639799,0.63321626,0.65237385,0.46509922,-0.64193964,0.53885525,0.4318148,0.24969567,0.21719177,0.2,0.2,0.45,0.33333334,0.45,0.8,0.8,0.55,0.6333333,0.53333336,-0.6,-0.6,-0.1,-0.3,-0.083333336,0.010171749,0.20846365,0.41902554,0.30075932,0.44185898,0.9898282,0.79153633,0.58097446,0.6992407,0.55814105,-0.9796565,-0.58307266,-0.1619489,-0.39848137,-0.11628206,0.85312366,1.1523429,1.1840788,1.3198698,1.6782196,0.20475905,0.614487,0.4870118,0.5038137,0.7120356,1.383701,1.1777544,1.0650406,0.9208776,1.0702801,0.5462786,0.5014362,0.46892124,0.41871193,0.4800237,0.45372137,0.49856386,0.53107876,0.5812881,0.51997626,0.092557244,0.0028723085,-0.06215754,-0.16257615,-0.039952565
290,SH601888,-0.05784372487601304,0.0,,,,SH601888,中国中免,2026-09-16,0.0047095823,0.012755118,0.36923078,0.0011773956,0.092307694,0.006868141,0.53846157,0.010400328,0.8153846,0.9953125,1.0011718,0.9884766,0.9957055,1.0495992,1.0288911,1.0328156,1.1013694,1.0573647,1.008634,1.0345525,1.0332038,1.045889,1.0510744,0.011686849,0.02922011,0.021154733,0.027626164,0.037008807,-0.0066048694,-0.008648613,-0.0007364984,-0.0021438315,-0.00010826943,0.7984975,0.8030463,0.04242253,0.46670428,0.0026103654,0.0045758267,0.004366331,-0.02620716,-0.01480343,-0.047880404,1.0490413,1.0820361,1.0820361,1.1070408,1.1620859,0.9884766,0.9884766,0.9884766,0.9884766,0.9737005,1.0133433,1.0662491,1.049332,1.0714428,1.0832331,0.9994155,1.0073481,1.0154141,1.0242318,1.0242318,0.4,0.2,0.1,0.06666667,0.11666667,0.1902668,0.12316701,0.12316701,0.09719171,0.13960475,0.2,0.4,0.7,0.1,0.43333334,1.0,1.0,1.0,1.0,0.18333334,-0.8,-0.6,-0.3,-0.9,0.25,0.78836024,0.85723567,0.80517733,0.80754685,0.5111362,-0.5717997,0.47914916,0.48500603,0.3097964,0.5463383,0.4,0.5,0.55,0.46666667,0.48333332,0.6,0.5,0.45,0.53333336,0.51666665,-0.2,0.0,0.1,-0.06666667,-0.033333335,0.06451721,0.37986124,0.4265971,0.34363744,0.47000265,0.9354828,0.62013876,0.57340294,0.65636253,0.52999735,-0.8709656,-0.24027751,-0.14680585,-0.31272513,-0.059994686,1.3258853,1.8240937,1.6752992,1.8387507,2.5480955,0.36094287,0.6683098,0.5153421,0.5330825,1.03384,0.9587058,0.8180548,0.81253237,0.7661918,1.3306451,0.028585153,0.43561497,0.4258796,0.3830511,0.47794148,0.97141486,0.564385,0.5741204,0.6169489,0.52205855,-0.94282967,-0.12877002,-0.14824077,-0.2338978,-0.044117033
291,SH600183,-0.06100513755661348,0.16666666666666666,,,,SH600183,生益科技,2026-09-16,0.023046374,0.06735097,0.34218323,0.02000001,0.29695207,0.024304587,0.3608647,0.027350951,0.40609586,0.9774728,1.0195495,0.95371574,0.9899676,0.95908636,0.93850094,0.8122081,0.7948609,1.1477206,0.96597475,0.9511891,0.92025,0.9109813,0.90628076,0.021671541,0.028746258,0.056960236,0.053631686,0.114493325,0.010914188,0.007272252,0.007725718,0.003568957,-0.0013860994,0.63407886,0.5866602,0.64387596,0.3431954,0.04470213,0.012196898,0.016085777,0.0063556796,0.03726882,0.13460921,1.0195495,1.0195495,1.0195495,1.0195495,1.2169815,0.8961032,0.8769403,0.790069,0.77356106,0.63121516,0.978092,0.9631922,0.9594364,0.9528588,0.9775118,0.9500754,0.94146585,0.8560428,0.8560428,0.8156252,1.0,1.0,1.0,1.0,0.8833333,0.8416358,0.86291575,0.9148099,0.92052686,0.6295766,1.0,1.0,1.0,1.0,0.016666668,0.4,0.2,0.2,0.033333335,0.43333334,0.6,0.8,0.8,0.96666664,-0.41666666,0.34691983,0.18402366,0.3808929,0.25457758,0.049979366,0.49622536,0.4246138,0.5912401,0.4181055,0.25288802,0.6,0.5,0.65,0.6,0.48333332,0.4,0.5,0.35,0.4,0.51666665,0.2,0.0,0.3,0.2,-0.033333335,0.73268753,0.6339542,0.66880053,0.61400145,0.4705275,0.26731247,0.3660458,0.33119944,0.38599855,0.52947253,0.4653751,0.2679084,0.33760113,0.22800292,-0.058945015,1.0486118,1.0550169,1.1180217,1.1386921,1.1206622,0.1885575,0.15911551,0.23554073,0.20864093,0.20944819,0.62268215,1.0138694,0.9519959,0.9362201,0.7247379,0.53081024,0.49622473,0.47389108,0.46779504,0.49056688,0.4691898,0.5037753,0.5261089,0.532205,0.50943315,0.061620437,-0.007550549,-0.052217856,-0.064409934,-0.01886626
292,SH600522,-0.06644687520941625,0.1111111111111111,,,,SH600522,中天科技,2026-09-16,0.02000002,0.04000004,0.5,0.013623161,0.3405787,0.0063768583,0.15942131,0.012753717,0.31884262,0.98039216,1.0133561,0.97414035,0.9962872,0.96957594,0.9559355,0.9099223,0.9093252,1.7485934,0.9741899,0.9530156,0.9596646,0.958453,1.0632377,0.02029485,0.030907327,0.031171532,0.034059364,0.25135508,0.010855847,0.008845093,0.00075197406,0.0005915572,-0.009527427,0.71531236,0.7507465,0.020368427,0.023378793,0.43820345,0.004098444,0.007181438,0.033191636,0.032969426,0.21782145,1.0133561,1.0133561,1.0340883,1.045738,1.9234371,0.9281017,0.89512444,0.8897238,0.8880373,0.767834,0.9849891,0.98033124,0.98413426,0.99652386,1.2216173,0.95991445,0.92859787,0.9325266,0.92871106,0.9187227,1.0,1.0,0.95,0.8666667,0.6666667,0.84333885,0.88703495,0.7638738,0.70996946,0.2009046,1.0,1.0,0.35,0.3,0.016666668,0.4,0.2,0.2,0.033333335,0.43333334,0.6,0.8,0.15,0.26666668,-0.41666666,0.9149592,0.8327722,0.76041144,0.54007196,0.40601274,0.95801693,0.6619934,0.65768045,0.6029163,0.36095402,0.6,0.5,0.5,0.5,0.41666666,0.4,0.5,0.5,0.5,0.5833333,0.2,0.0,0.0,0.0,-0.16666667,0.63757837,0.5894362,0.587049,0.55327404,0.3685657,0.36242163,0.4105638,0.412951,0.446726,0.63143426,0.27515674,0.17887238,0.17409801,0.106548026,-0.26286855,0.83523804,0.73861307,0.7614735,0.8797577,0.95664376,0.22474857,0.23417222,0.23614098,0.28789586,0.28307885,0.52800477,0.69533867,0.9891552,1.024809,0.8534651,0.4894479,0.6012301,0.49693382,0.47143278,0.49352252,0.5105521,0.3987699,0.5030662,0.5285672,0.5064775,-0.021104218,0.2024602,-0.006132355,-0.05713443,-0.012954949
293,SH603259,-0.07029053185988529,0.1111111111111111,,,,SH603259,药明康德,2026-09-16,0.01011978,0.03772499,0.26825136,0.021008134,0.5568758,0.0065970765,0.17487285,-0.0042912783,-0.113751605,0.9899816,1.0207976,0.9834506,1.0028098,0.9820582,0.9858959,1.0365192,0.9322415,0.7293572,0.98786116,0.9849792,0.99474454,0.99976695,0.8955647,0.019084334,0.014297235,0.023079133,0.031939168,0.11122069,0.007514047,0.0017867759,-0.002110702,-0.0008641882,0.0054610264,0.38755542,0.14316851,0.29274052,0.056737624,0.7353214,-0.002889267,0.006980273,0.025307104,0.012763756,-0.056664933,1.0207976,1.0207976,1.0971837,1.0971837,1.0971837,0.9492183,0.9492183,0.9492183,0.89400625,0.7156284,1.0014569,0.9947201,1.0079981,1.0209533,1.0064434,0.97550726,0.9746712,0.9777658,0.97844046,0.7849621,0.8,0.9,0.7,0.53333336,0.76666665,0.7094462,0.7094462,0.34320006,0.5216807,0.74529594,1.0,1.0,0.05,0.36666667,0.68333334,0.4,0.7,0.85,0.033333335,0.016666668,0.6,0.3,-0.8,0.33333334,0.6666667,0.48495546,0.6037123,0.6854094,0.33336967,-0.32720065,0.63854724,0.6524269,0.36193615,0.46438342,0.48849544,0.4,0.4,0.4,0.43333334,0.5,0.6,0.6,0.6,0.56666666,0.5,-0.2,-0.2,-0.2,-0.13333334,0.0,0.59765804,0.54929096,0.44581464,0.55551547,0.60570127,0.40234196,0.45070904,0.5541854,0.44448453,0.39429873,0.19531608,0.0985819,-0.10837075,0.11103096,0.21140254,1.0127308,0.97278774,1.2754879,1.6687276,1.9925035,0.23964967,0.19533399,0.53642744,0.82433844,0.8401954,1.2564416,1.2610943,1.0820618,1.3013037,1.1113532,0.5264319,0.4325595,0.44882452,0.39065728,0.46006072,0.4735681,0.5674405,0.5511755,0.6093427,0.5399393,0.0528638,-0.13488105,-0.10235095,-0.21868543,-0.07987856
294,SZ000975,-0.07330749748591882,0.05555555555555555,,,,,,2026-09-16,0.04204328,0.051080555,0.823078,0.0015717425,0.030769877,0.0074655325,0.14615214,0.04793707,0.93846023,0.959653,1.0015084,0.9524887,0.98692304,0.9796159,0.9984838,1.0105458,0.91327494,0.72095686,0.97223717,0.9780795,1.0072254,1.0022461,0.8839482,0.017126845,0.015766187,0.040270265,0.036127213,0.13424836,0.0051314146,-0.0019574447,-0.00587401,-0.0009596166,0.006824654,0.22441894,0.14129834,0.7446779,0.05467997,0.78821206,0.01750001,0.03072901,0.04857771,0.011668282,-0.0852755,1.0015084,1.0286473,1.1417629,1.1417629,1.1417629,0.92721313,0.92721313,0.92721313,0.92721313,0.6259284,0.9803773,0.99183285,1.0361725,1.0302359,1.000903,0.9591846,0.96688676,0.97284365,0.9726145,0.7355189,1.0,0.9,0.6,0.6,0.8,0.9796982,0.7175777,0.33925414,0.33925414,0.72517765,1.0,0.1,0.15,0.43333334,0.71666664,0.4,0.7,0.85,0.9,0.083333336,0.6,-0.6,-0.7,-0.46666667,0.6333333,0.28037894,0.5921983,0.79702824,0.46046346,-0.26830462,0.27640793,0.35022348,0.23451537,-0.02416337,0.23460574,0.4,0.4,0.5,0.56666666,0.53333336,0.6,0.5,0.45,0.4,0.45,-0.2,-0.1,0.05,0.16666667,0.083333336,0.6228172,0.50594777,0.4843578,0.56944746,0.60005796,0.37718278,0.49405226,0.51564217,0.43055257,0.39994204,0.24563444,0.011895503,-0.03128437,0.13889487,0.20011593,0.8055833,0.9101232,1.2886404,1.4018055,1.6570853,0.20679574,0.2089923,0.51110506,0.52466863,0.63112986,1.0118545,0.97411394,1.1620291,1.0316896,1.0446475,0.53236246,0.42708462,0.4661826,0.45665067,0.4943221,0.46763754,0.5729154,0.5338174,0.5433493,0.50567794,0.0647249,-0.14583077,-0.06763485,-0.08669866,-0.011355845
295,SZ300394,-0.07859806502879242,0.05555555555555555,,,,,,2026-09-16,0.040137656,0.065813415,0.6098704,0.019179462,0.29142177,0.006496301,0.098707855,0.027454494,0.4171565,0.96141124,1.0184393,0.95516557,0.99447227,0.9592532,0.9294018,1.0312648,0.8061621,1.2092619,0.97720253,0.9648414,0.96664256,0.9569303,0.92158824,0.022066439,0.027364543,0.031052748,0.06336411,0.1292482,-0.0017096577,0.0048110853,-0.0004703228,0.0022860346,-1.1753566e-05,0.015006999,0.28334868,0.008028974,0.10087432,2.5222614e-06,0.026216798,0.013508701,0.037825488,0.009922208,0.07875848,1.0297384,1.0297384,1.0706717,1.0966947,1.2862926,0.9241973,0.90694696,0.884047,0.7509559,0.5782726,1.0000069,0.9940815,0.99455607,1.0000069,1.0081991,0.9565253,0.9492154,0.9346662,0.92489564,0.8084833,0.8,0.9,0.85,0.8,0.76666665,0.7182293,0.7578139,0.6213166,0.7203244,0.59564346,0.2,0.6,0.1,0.3,0.016666668,0.8,0.1,0.5,0.033333335,0.43333334,-0.6,0.5,-0.4,0.26666668,-0.41666666,0.8601714,0.7548462,0.40952197,0.15743737,0.10030448,0.9180098,0.7013974,0.32948628,0.36072543,0.16210082,0.6,0.4,0.3,0.43333334,0.45,0.4,0.6,0.7,0.56666666,0.55,0.2,-0.2,-0.4,-0.13333334,-0.1,0.656398,0.6492678,0.46847183,0.6093634,0.45722908,0.343602,0.3507322,0.5315282,0.39063662,0.5427709,0.31279603,0.2985356,-0.063056365,0.21872674,-0.08554184,0.9483505,0.90955675,0.9640081,1.0761445,1.1180656,0.19489565,0.20957632,0.23493604,0.28531745,0.31523007,0.74077344,1.0978014,1.1832122,0.9584181,1.0251523,0.6253456,0.5058313,0.4545028,0.43831795,0.4984213,0.37465438,0.4941687,0.54549724,0.56168205,0.5015787,0.25069124,0.011662607,-0.090994425,-0.12336408,-0.003157397
296,SH600176,-0.09600616415189778,0.2222222222222222,,,,SH600176,中国巨石,2026-09-16,0.006370848,0.05245275,0.1214588,0.014440412,0.27530324,0.03164149,0.603238,0.023571925,0.4493935,0.9936695,1.014349,0.9622283,0.9874397,0.9003964,0.9312065,0.85587734,0.8288699,1.3677984,0.9617617,0.9209945,0.9031431,0.90632224,0.994446,0.034965284,0.050973486,0.046928078,0.043908782,0.22338441,0.021715075,0.015315693,0.0056144423,0.0013336769,-0.008162806,0.9642475,0.8275535,0.50097466,0.07149902,0.40726122,-0.0051918877,0.010084888,0.043519698,0.07433944,0.2463568,1.0253216,1.0253216,1.0253216,1.0253216,1.6290381,0.87570727,0.8394209,0.79827064,0.79827064,0.71154237,0.9949355,0.9632828,0.9334428,0.93783313,1.1554333,0.9373232,0.8786262,0.86828345,0.8708157,0.8384046,1.0,1.0,1.0,1.0,0.73333335,0.83075386,0.86378944,0.88847595,0.88847595,0.3143967,0.8,0.9,0.95,0.96666664,0.033333335,0.4,0.2,0.2,0.46666667,0.48333332,0.4,0.7,0.75,0.5,-0.45,0.85866874,0.8430468,0.7120166,0.5140945,-0.13777736,0.88903606,0.32755107,0.2751999,0.20149794,0.34563085,1.0,0.7,0.65,0.6,0.5,0.0,0.3,0.35,0.4,0.5,1.0,0.4,0.3,0.2,0.0,1.0,0.6383746,0.6534824,0.5983021,0.43705398,0.0,0.36162534,0.3465176,0.40169784,0.562946,1.0,0.2767493,0.3069648,0.19660431,-0.12589206,0.94658315,0.82849026,0.804657,0.87385046,0.8702617,0.15170407,0.16691144,0.16841127,0.19219367,0.18749122,0.74218833,0.6290276,0.7871701,0.88457227,0.70406413,0.71007544,0.51325625,0.4995993,0.48296803,0.52340066,0.28992456,0.48674372,0.50040066,0.51703197,0.47659934,0.42015085,0.026512556,-0.00080138276,-0.034063943,0.046801325
