,instrument,avg_score,pos_ratio,real_label,error,abs_error,code,name,datetime,KMID,KLEN,KMID2,KUP,KUP2,KLOW,KLOW2,KSFT,KSFT2,OPEN0,HIGH0,LOW0,VWAP0,ROC5,ROC10,ROC20,ROC30,ROC60,MA5,MA10,MA20,MA30,MA60,STD5,STD10,STD20,STD30,STD60,BETA5,BETA10,BETA20,BETA30,BETA60,RSQR5,RSQR10,RSQR20,RSQR30,RSQR60,RESI5,RESI10,RESI20,RESI30,RESI60,MAX5,MAX10,MAX20,MAX30,MAX60,MIN5,MIN10,MIN20,MIN30,MIN60,QTLU5,QTLU10,QTLU20,QTLU30,QTLU60,QTLD5,QTLD10,QTLD20,QTLD30,QTLD60,RANK5,RANK10,RANK20,RANK30,RANK60,RSV5,RSV10,RSV20,RSV30,RSV60,IMAX5,IMAX10,IMAX20,IMAX30,IMAX60,IMIN5,IMIN10,IMIN20,IMIN30,IMIN60,IMXD5,IMXD10,IMXD20,IMXD30,IMXD60,CORR5,CORR10,CORR20,CORR30,CORR60,CORD5,CORD10,CORD20,CORD30,CORD60,CNTP5,CNTP10,CNTP20,CNTP30,CNTP60,CNTN5,CNTN10,CNTN20,CNTN30,CNTN60,CNTD5,CNTD10,CNTD20,CNTD30,CNTD60,SUMP5,SUMP10,SUMP20,SUMP30,SUMP60,SUMN5,SUMN10,SUMN20,SUMN30,SUMN60,SUMD5,SUMD10,SUMD20,SUMD30,SUMD60,VMA5,VMA10,VMA20,VMA30,VMA60,VSTD5,VSTD10,VSTD20,VSTD30,VSTD60,WVMA5,WVMA10,WVMA20,WVMA30,WVMA60,VSUMP5,VSUMP10,VSUMP20,VSUMP30,VSUMP60,VSUMN5,VSUMN10,VSUMN20,VSUMN30,VSUMN60,VSUMD5,VSUMD10,VSUMD20,VSUMD30,VSUMD60
0,SH600887,0.08117427752123046,1.0,,,,SH600887,伊利股份,2026-10-08,0.00073257706,0.011355343,0.06451386,0.0040293336,0.3548403,0.0065934327,0.58064586,0.0032966766,0.2903194,0.99926794,1.0040264,0.99267936,0.9993311,0.9853606,0.95534295,0.9725486,0.92349774,0.9231323,0.99407035,0.9856884,0.9786239,0.971645,0.965471,0.006751873,0.01053752,0.011827316,0.017059116,0.024966642,0.004063257,0.0034273765,0.0013061546,0.00151086,0.00048342158,0.90539896,0.96974653,0.42685935,0.607907,0.114348814,-0.0021968877,-0.0011115739,0.0089676045,0.006447516,0.02026802,1.0040264,1.0040264,1.0040264,1.0040264,1.013909,0.97730595,0.9516853,0.9465582,0.9165433,0.8923881,0.9994152,0.9975115,0.9861655,0.9834561,0.98850775,0.9884331,0.9751103,0.97137517,0.9603231,0.9479513,1.0,1.0,1.0,1.0,0.96666664,0.8493145,0.9230741,0.92993724,0.9539753,0.8855422,1.0,1.0,1.0,1.0,0.26666668,0.4,0.1,0.5,0.033333335,0.033333335,0.6,0.9,0.5,0.96666664,0.23333333,0.22041446,0.21229187,-0.16850503,-0.22568661,0.060177844,0.44723445,0.10690403,0.41132194,0.3827995,0.08200977,0.8,0.9,0.65,0.6666667,0.5833333,0.2,0.1,0.35,0.3,0.38333333,0.6,0.8,0.3,0.36666667,0.2,0.95437944,0.9840676,0.6197909,0.6924432,0.5747868,0.045620564,0.015932385,0.38020906,0.30755684,0.42521322,0.9087589,0.96813524,0.23958188,0.38488635,0.1495736,0.9735018,0.9588615,1.1484482,1.3642458,1.5305862,0.18885611,0.14219828,0.28951168,0.55716544,0.5646911,1.0779364,1.0934023,0.9910438,1.0872743,1.3039321,0.48011482,0.4862087,0.39300713,0.45895135,0.50028205,0.5198852,0.5137913,0.60699284,0.54104865,0.49971795,-0.039770395,-0.027582588,-0.21398571,-0.082097284,0.00056412374
1,SH600027,0.06882946754590918,0.9375,,,,SH600027,华电国际,2026-10-08,0.042424217,0.04646464,0.913043,0.0040404233,0.08695695,0.0,0.0,0.038383793,0.8260861,0.95930237,1.003876,0.95930237,0.9889404,0.93032783,0.94754094,0.904918,0.8721311,0.8639344,0.9568852,0.94311476,0.94274586,0.92560107,0.9147268,0.025552232,0.022431681,0.016413437,0.029185053,0.027792314,0.013934431,0.0059413803,0.0010520156,0.0027431198,0.00088212074,0.7434654,0.6430763,0.1437849,0.6846526,0.30726033,0.015245922,0.03014906,0.04725998,0.03462369,0.059250675,1.003876,1.003876,1.003876,1.003876,1.003876,0.92249936,0.9128842,0.9026866,0.8619973,0.85081244,0.9672131,0.949836,0.9478688,0.94622946,0.93852454,0.9406557,0.92983603,0.93032783,0.89934427,0.89065576,1.0,1.0,1.0,1.0,1.0,0.95236975,0.9574029,0.96169573,0.972681,0.97467726,1.0,1.0,1.0,1.0,1.0,0.2,0.4,0.05,0.06666667,0.033333335,0.8,0.6,0.95,0.93333334,0.96666664,0.9624208,0.9440634,0.43762302,0.390534,0.38686308,0.5215268,0.7516862,0.58554506,0.51463526,0.4096101,0.8,0.6,0.6,0.6333333,0.53333336,0.2,0.3,0.3,0.3,0.4,0.6,0.3,0.3,0.33333334,0.13333334,0.929293,0.72857165,0.7436976,0.7096776,0.61338806,0.07070699,0.27142838,0.25630242,0.29032242,0.38661194,0.858586,0.45714328,0.4873952,0.41935518,0.22677612,0.67611724,0.542037,0.6094536,0.5818549,0.59321636,0.2038162,0.19769694,0.23703325,0.20158547,0.20268753,1.187964,1.5142889,1.4357864,1.2582047,1.2025456,0.91048205,0.68033624,0.57513756,0.54583484,0.5429537,0.08951796,0.3196638,0.42486244,0.45416516,0.4570463,0.8209641,0.3606724,0.15027508,0.09166966,0.08590741
2,SH600926,0.0664294017207579,1.0,,,,SH600926,杭州银行,2026-10-08,0.019894645,0.026916353,0.7391286,0.0040959874,0.15217468,0.0029257203,0.10869676,0.018724378,0.69565064,0.9804934,1.004016,0.9776248,0.9945971,0.95712197,0.96088684,0.9604686,0.9374608,0.85986197,0.9745242,0.9656348,0.9668689,0.95740783,0.9243743,0.016244968,0.014380014,0.0131855225,0.018330261,0.038943987,0.009286756,0.0037940617,0.0005479096,0.0014999588,0.0021016668,0.8170155,0.638119,0.06043537,0.51894706,0.88827354,0.006902304,0.0172919,0.027925994,0.020842792,0.013626558,1.004016,1.004016,1.004016,1.004016,1.004016,0.95544094,0.94260705,0.94260705,0.92077833,0.83928734,0.9852751,0.96787286,0.97841454,0.966074,0.9605522,0.96398246,0.95699644,0.95699644,0.9385903,0.88475215,1.0,1.0,1.0,1.0,1.0,0.91732216,0.934601,0.934601,0.9517516,0.97562,1.0,1.0,1.0,1.0,1.0,0.2,0.4,0.7,0.2,0.033333335,0.8,0.6,0.3,0.8,0.96666664,0.2245276,0.05533021,0.17736596,-0.020197218,-0.06821637,0.5837099,0.45023733,0.43103364,0.41348374,0.3489469,0.8,0.7,0.6,0.6,0.5833333,0.0,0.2,0.35,0.33333334,0.38333333,0.8,0.5,0.25,0.26666668,0.2,1.0,0.8327403,0.62068945,0.6238606,0.6384295,0.0,0.16725971,0.37931055,0.3761394,0.36157048,1.0,0.6654806,0.24137892,0.24772123,0.27685905,0.87116045,0.88818353,1.0159713,1.0575761,1.0766457,0.19566551,0.206496,0.24398242,0.24783692,0.23618364,0.984937,1.083331,0.82574505,0.81186724,0.75590354,0.6437663,0.47368923,0.48212865,0.48114324,0.51388097,0.35623372,0.52631074,0.5178713,0.51885676,0.48611903,0.28753257,-0.052621536,-0.035742685,-0.037713543,0.027761938
3,SH601398,0.06408071609298059,1.0,,,,SH601398,工商银行,2026-10-08,0.006053243,0.018159803,0.33333197,0.008474555,0.46666557,0.003632005,0.20000245,0.001210693,0.066668846,0.99398315,1.0084236,0.990373,1.0003631,0.97362226,0.9759774,0.9891663,0.93876594,0.88695246,0.98747057,0.9814414,0.9769195,0.96968126,0.9447009,0.009900638,0.009389696,0.010648367,0.017102908,0.03266871,0.005887898,0.0024721986,0.0011651841,0.0015069863,0.0015273251,0.88416684,0.63544077,0.41907433,0.60170054,0.6666516,0.0007536498,0.0074337437,0.012011295,0.008467422,0.010243002,1.0084236,1.0084236,1.0084236,1.0084236,1.0084236,0.97351915,0.9627397,0.9444243,0.92150366,0.86989295,0.9969854,0.984927,0.9809703,0.9806877,0.97720206,0.9802167,0.9755064,0.9731512,0.95242584,0.90956193,1.0,1.0,1.0,1.0,1.0,0.7586678,0.8156117,0.86838037,0.9030882,0.9391935,1.0,1.0,1.0,1.0,1.0,0.2,0.3,0.2,0.033333335,0.016666668,0.8,0.7,0.8,0.96666664,0.98333335,0.48422977,0.6085677,0.12982185,-0.09814428,-0.41798583,-0.4141404,0.16131851,-0.15769245,0.07436604,0.3577275,1.0,0.8,0.65,0.6666667,0.5833333,0.0,0.2,0.35,0.33333334,0.38333333,1.0,0.6,0.3,0.33333334,0.2,1.0,0.7575757,0.5400696,0.6413043,0.59884673,0.0,0.24242434,0.45993042,0.35869572,0.40115327,1.0,0.5151513,0.08013916,0.28260857,0.19769348,0.94292057,0.85324943,0.85169923,0.9131026,1.1661959,0.061316013,0.13271378,0.15521932,0.18840355,0.39955208,0.9627053,0.8988038,0.91794175,1.0391914,1.1729075,0.88056403,0.6169088,0.4733526,0.46155378,0.4880858,0.11943594,0.3830912,0.5266474,0.5384462,0.5119142,0.7611281,0.23381756,-0.053294763,-0.07689243,-0.0238284
4,SH600016,0.06083172915051861,0.9375,,,,SH600016,民生银行,2026-10-08,0.011428572,0.022857144,0.5,0.008571397,0.37499857,0.002857176,0.12500143,0.005714352,0.25000286,0.98870057,1.0084746,0.98587567,1.0012186,0.98027134,1.0112945,0.9840851,0.937587,0.91030437,0.9842024,0.9858966,0.99236524,0.98140323,0.9677081,0.011402614,0.01022863,0.013154936,0.021673003,0.025823079,0.0064979903,-0.0001364558,-0.0004849304,0.0014499588,0.00093390647,0.8118751,0.0016314,0.047560826,0.34687644,0.39892432,0.0028016157,0.014717485,0.012241627,-0.0024276308,0.0047416775,1.0084746,1.01416,1.0254545,1.0254545,1.0254545,0.96611404,0.96611404,0.96611404,0.9293805,0.89660317,0.99325264,0.99325264,1.0045471,0.99818116,0.9917125,0.9762816,0.97741103,0.98027134,0.9616868,0.9479721,1.0,0.9,0.75,0.8333333,0.9166667,0.7999424,0.70528096,0.57104295,0.73505294,0.8024505,1.0,0.1,0.45,0.6333333,0.81666666,0.4,0.7,0.85,0.033333335,0.016666668,0.6,-0.6,-0.4,0.6,0.8,0.93752956,-0.00010317635,0.25833702,0.30751753,0.29718563,0.61483175,-0.5573452,-0.12240893,0.25705132,0.2612767,0.6,0.4,0.5,0.5,0.48333332,0.4,0.5,0.4,0.4,0.41666666,0.2,-0.1,0.1,0.1,0.06666667,0.7684633,0.43750015,0.55932206,0.61875534,0.58912694,0.2315367,0.5624999,0.44067794,0.38124466,0.41087306,0.5369266,-0.12499973,0.1186441,0.2375107,0.17825387,0.8371044,0.9023109,0.9989094,1.0156599,1.0573802,0.10529071,0.23079179,0.26154634,0.3350437,0.34145257,0.48838672,1.1307521,1.1970763,1.3691641,1.1981723,0.9605047,0.50411433,0.5059423,0.50542116,0.506524,0.039495263,0.49588564,0.49405774,0.49457884,0.49347597,0.9210095,0.008228708,0.01188454,0.010842312,0.013048081
5,SH601818,0.06002297551863185,1.0,,,,SH601818,光大银行,2026-10-08,0.013157901,0.02302631,0.571429,0.006578984,0.28571597,0.0032894246,0.14285505,0.0098683415,0.42856807,0.987013,1.0064936,0.98376626,0.99930865,0.9739663,0.9892802,0.9892802,0.9739663,0.9709035,0.9816233,0.9808576,0.98346096,0.98437977,0.9894589,0.011762856,0.008760082,0.0074791913,0.008823802,0.015602165,0.0067381347,0.0006404026,-0.00033851847,-0.00025006582,-0.00032189465,0.82034,0.04898932,0.07170072,0.062244188,0.12982479,0.0049004448,0.016260603,0.01975497,0.019246157,0.020036977,1.0064936,1.0064936,1.0064936,1.0064936,1.0415295,0.9672913,0.9672913,0.9672913,0.9470303,0.9470303,0.988974,0.98683006,0.9892802,0.9892802,1.0,0.97335374,0.9739663,0.97702914,0.97702914,0.97702914,1.0,1.0,1.0,0.96666664,0.80833334,0.834358,0.834358,0.834358,0.8907973,0.5605305,1.0,1.0,1.0,1.0,0.3,0.6,0.8,0.9,0.26666668,0.6333333,0.4,0.2,0.1,0.73333335,-0.33333334,0.93556416,0.88604313,0.76433164,0.28088385,0.5653098,0.5207914,0.6067467,0.38224688,-0.1701113,0.01590214,0.6,0.3,0.4,0.43333334,0.45,0.2,0.4,0.45,0.4,0.43333334,0.4,-0.1,-0.05,0.033333335,0.016666668,0.9047626,0.6129034,0.5454547,0.5611512,0.5324232,0.095237404,0.38709658,0.4545453,0.4388488,0.4675768,0.8095252,0.22580682,0.0909094,0.12230239,0.06484641,0.5520572,0.5024298,0.536961,0.5888828,0.64716923,0.2693231,0.19881392,0.16083592,0.2133139,0.21802756,1.1797985,1.4203165,0.92026097,1.1877762,1.1434351,0.9316682,0.62498075,0.5519565,0.54668474,0.52562666,0.06833176,0.37501928,0.4480435,0.4533153,0.47437334,0.86333644,0.24996145,0.103913,0.09336945,0.05125332
6,SZ000538,0.058008271668376514,1.0,,,,,,2026-10-08,0.0063278764,0.014237691,0.4444454,0.0021751493,0.15277402,0.0057346653,0.40278056,0.009887393,0.694452,0.9937119,1.0021615,0.9880133,0.997099,0.98880434,0.97879404,0.9741697,0.9578092,0.9370148,0.9894713,0.9880011,0.9818948,0.9760794,0.97817326,0.007235269,0.005464943,0.007833475,0.011479134,0.01685175,0.0042239944,0.0010065029,0.0010161957,0.0011503715,3.425603e-05,0.8520739,0.3109354,0.5889981,0.7783227,0.0012603288,0.0020806792,0.0074696294,0.00845133,0.0072402046,0.020816164,1.0021615,1.0021615,1.0021615,1.0021615,1.0274988,0.97780025,0.97609746,0.9626181,0.9439459,0.9202638,0.9929301,0.98973787,0.9888437,0.9873919,0.989997,0.9857779,0.98344916,0.976211,0.96727914,0.96350473,1.0,1.0,1.0,1.0,0.9166667,0.9112741,0.91707057,0.9453392,0.96287125,0.7435647,1.0,1.0,1.0,1.0,0.3,0.4,0.1,0.35,0.1,0.033333335,0.6,0.9,0.65,0.9,0.26666668,0.54934007,0.28819853,0.3259313,0.089127265,0.35954198,0.53581244,0.62712353,0.27525896,0.15639354,0.23412606,0.6,0.7,0.6,0.6333333,0.56666666,0.4,0.3,0.35,0.33333334,0.41666666,0.2,0.4,0.25,0.3,0.15,0.67266595,0.6909637,0.6340346,0.63209516,0.57343554,0.32733405,0.30903628,0.36596543,0.36790484,0.42656448,0.3453319,0.38192743,0.26806915,0.26419032,0.14687105,0.7624486,0.8370929,0.7987525,0.8111605,1.0473158,0.1740739,0.15536182,0.16422218,0.1798869,0.43695,0.6079538,0.75382864,0.8171611,0.83272827,1.2008994,0.58456975,0.55558884,0.5541355,0.5053071,0.51111346,0.41543025,0.4444112,0.44586447,0.49469292,0.4888865,0.16913953,0.111177646,0.10827104,0.010614163,0.022226978
7,SH601985,0.053858917593945,0.9375,,,,SH601985,中国核电,2026-10-08,0.009911886,0.011013207,0.9,0.0011013207,0.1,0.0,0.0,0.008810566,0.8,0.9901854,1.0010905,0.9901854,0.9983004,0.96515685,0.99216026,0.9817074,0.9555749,0.9529616,0.9850174,0.9785715,0.98214287,0.976597,0.97171897,0.0108693205,0.011004601,0.009865267,0.012635026,0.01388965,0.006707316,0.0022384063,-0.00022137322,0.000778255,0.0003474156,0.95199066,0.3792632,0.017623838,0.2940311,0.19081648,0.0015679247,0.011355706,0.019960154,0.012118287,0.018032279,1.0010905,1.0010905,1.0010905,1.0010905,1.0048301,0.9616607,0.9616607,0.9616607,0.94838727,0.9378997,0.9916377,0.98466897,0.9904182,0.98815334,0.98710805,0.97944254,0.9695122,0.9721255,0.9658537,0.9597562,1.0,1.0,1.0,1.0,1.0,0.97234297,0.97234297,0.97234297,0.9793084,0.92783433,1.0,1.0,1.0,1.0,0.3,0.2,0.6,0.8,0.06666667,0.06666667,0.8,0.4,0.2,0.93333334,0.23333333,0.9263625,0.7260488,0.56123227,0.59465116,0.36748245,0.99530184,0.5678852,0.4882684,0.6055611,0.44275957,1.0,0.5,0.55,0.53333336,0.5,0.0,0.5,0.45,0.46666667,0.48333332,1.0,0.0,0.1,0.06666667,0.016666668,1.0,0.5633804,0.5686272,0.6153845,0.5572034,0.0,0.4366196,0.4313728,0.3846155,0.4427966,1.0,0.1267608,0.1372544,0.230769,0.114406824,0.6858615,0.5780158,0.62411577,0.61217254,0.69689435,0.20176025,0.18226469,0.24969172,0.24809021,0.2893137,0.7553494,0.81893814,1.0198358,1.0967591,1.2560244,0.83296585,0.56471825,0.47456282,0.55080444,0.5104954,0.16703416,0.43528175,0.5254372,0.4491956,0.4895046,0.6659317,0.12943648,-0.05087436,0.10160882,0.020990815
8,SH601328,0.05349170122012328,0.9375,,,,SH601328,交通银行,2026-10-08,0.012936608,0.021992272,0.5882343,0.0051746434,0.23529372,0.0038810198,0.176472,0.011642985,0.52941257,0.98722863,1.0051086,0.9833972,0.99907374,0.96062267,0.9684066,0.9491758,0.91346157,0.84294873,0.97967035,0.97087914,0.96007323,0.94642854,0.9165751,0.014668464,0.014026921,0.018457618,0.026049962,0.038435645,0.008928577,0.0036963068,0.0026205631,0.0027248424,0.001982312,0.92626506,0.6365357,0.7055146,0.8479501,0.81128883,0.0024725103,0.012487507,0.015031399,0.01406122,0.024946714,1.0051086,1.0051086,1.0051086,1.0051086,1.0051086,0.9603826,0.9425733,0.9236535,0.89555347,0.82901233,0.9919414,0.97673994,0.97014654,0.9684066,0.9565934,0.9685898,0.9635531,0.94523805,0.9190476,0.88278383,1.0,1.0,1.0,1.0,1.0,0.885781,0.91830915,0.93728375,0.95337,0.97099,1.0,1.0,1.0,1.0,1.0,0.4,0.3,0.25,0.23333333,0.016666668,0.6,0.7,0.75,0.76666665,0.98333335,0.37972668,0.36328727,0.29449198,0.35936376,-0.019779174,-0.61702925,-0.2621886,0.16636758,0.29307175,0.39824465,1.0,0.6,0.6,0.6333333,0.6,0.0,0.2,0.3,0.3,0.35,1.0,0.4,0.3,0.33333334,0.25,1.0,0.72548974,0.6504064,0.6715062,0.637751,0.0,0.2745103,0.3495936,0.32849374,0.36224905,1.0,0.45097944,0.30081278,0.34301248,0.2755019,0.9403923,0.84990466,0.82951874,0.81497824,0.9107591,0.15661323,0.20940048,0.20477708,0.19990061,0.3017793,0.7083353,0.9435853,0.8270884,0.8241162,1.099953,0.83095276,0.5882197,0.49546698,0.482727,0.50301963,0.16904724,0.4117803,0.504533,0.517273,0.4969804,0.6619055,0.17643939,-0.00906602,-0.034546,0.0060392264
9,SZ002142,0.05344539886038813,1.0,,,,,,2026-10-08,0.007909562,0.021751355,0.3636354,0.008757024,0.4025967,0.005084769,0.23376791,0.0042373077,0.1948066,0.9921525,1.0086883,0.98710763,1.0008049,0.9731491,0.96165746,0.96132594,0.9243094,0.84309393,0.98311603,0.97804415,0.9780442,0.9697422,0.9301915,0.013009955,0.01040268,0.014102983,0.016938789,0.043688137,0.0067734844,0.0024704528,0.0006368955,0.0013245163,0.0023284554,0.67766136,0.51698035,0.071380965,0.47386163,0.86638033,0.0033370208,0.010838783,0.015905304,0.011052352,0.0011190504,1.0086883,1.0086883,1.009788,1.009788,1.009788,0.9636381,0.9493223,0.9450834,0.9336263,0.8303071,0.99443096,0.98137015,0.99343646,0.9798453,0.9714917,0.974232,0.9708287,0.96811044,0.956,0.88910496,1.0,1.0,0.9,0.93333334,0.96666664,0.8071418,0.85364854,0.84872687,0.87148297,0.9454645,1.0,1.0,0.3,0.53333336,0.76666665,0.6,0.1,0.15,0.033333335,0.033333335,0.4,0.9,0.15,0.5,0.73333335,0.76919276,0.33515432,0.12799221,-0.0059024286,-0.2991339,0.5435841,0.55304503,0.33819345,0.41024503,0.32141113,0.8,0.7,0.6,0.56666666,0.56666666,0.2,0.2,0.3,0.33333334,0.38333333,0.6,0.5,0.3,0.23333333,0.18333334,0.7858822,0.7821136,0.6012732,0.63564354,0.6314328,0.21411785,0.2178864,0.39872682,0.36435643,0.36856723,0.5717643,0.5642272,0.20254637,0.27128714,0.26286554,0.90240705,0.8880801,0.96562433,0.99999136,1.1475588,0.13611586,0.18665658,0.25775307,0.30028006,0.44279313,0.6434615,0.80411065,1.2255095,1.4263018,1.382886,0.7096692,0.38793734,0.50124574,0.48191935,0.49782053,0.29033086,0.61206263,0.4987543,0.51808065,0.5021795,0.4193383,-0.22412533,0.0024914148,-0.036161326,-0.0043589734
10,SH600019,0.05195362280164908,1.0,,,,SH600019,宝钢股份,2026-10-08,0.010152296,0.020304592,0.5,0.008460247,0.41666666,0.0016920493,0.083333336,0.0033840986,0.16666667,0.98994976,1.0083752,0.9882747,1.0000967,0.96340895,0.96665126,0.9550718,0.96804076,0.9110699,0.98471516,0.97383046,0.9666512,0.963656,0.95895475,0.0116487,0.014118681,0.013363461,0.01193818,0.023755834,0.0065307943,0.0041517536,0.0017398755,0.0008956477,0.0004821086,0.78580934,0.79265887,0.5932893,0.4362143,0.12561718,0.0022232682,0.0074866377,0.016819961,0.023357097,0.026823038,1.0083752,1.0083752,1.0083752,1.0083752,1.028751,0.95813,0.95161253,0.9404644,0.9404644,0.87961954,0.9948124,0.9827698,0.9730431,0.9687818,0.9720241,0.9769338,0.9626679,0.95692444,0.9550718,0.9432145,1.0,1.0,1.0,1.0,0.93333334,0.83331305,0.8524521,0.87667334,0.87667334,0.8072103,1.0,1.0,1.0,1.0,0.26666668,0.2,0.1,0.15,0.43333334,0.033333335,0.8,0.9,0.85,0.56666666,0.23333333,0.5151818,0.81473833,0.0042796596,-0.025990756,0.24076338,0.721243,0.74419445,-0.0047215205,0.05473436,0.17376867,0.8,0.7,0.7,0.6,0.5833333,0.2,0.3,0.25,0.36666667,0.4,0.6,0.4,0.45,0.23333333,0.18333334,0.8691587,0.70689654,0.64564556,0.57451403,0.5770465,0.13084128,0.2931035,0.35435447,0.42548597,0.4229535,0.73831743,0.41379306,0.29129106,0.14902808,0.15409304,0.98115176,0.8554175,0.949788,0.95796883,1.0447768,0.091975145,0.164166,0.2072371,0.19400123,0.25473285,0.4486674,0.59149486,0.8305037,0.8118623,0.8666908,0.63210464,0.50445384,0.5166808,0.48474374,0.5172337,0.36789533,0.49554613,0.48331922,0.5152562,0.4827663,0.26420933,0.008907733,0.03336158,-0.030512493,0.03446742
11,SH601668,0.05011873974236885,0.875,,,,SH601668,中国建筑,2026-10-08,0.011520743,0.016128983,0.71428823,0.0023041202,0.14285588,0.0023041202,0.14285588,0.011520743,0.71428823,0.98861045,1.0022779,0.9863326,0.99694896,0.9746836,0.965642,0.98372513,1.0045208,0.98101264,0.9783002,0.977396,0.98386073,0.9905968,1.012191,0.015582,0.010765867,0.012706654,0.015852999,0.03243992,0.008679935,0.0014466543,-0.0011550112,-0.0013291843,-0.0012581602,0.77575845,0.1655171,0.2891865,0.5448152,0.45878813,0.0043399464,0.016094027,0.027111847,0.028676426,0.024924653,1.0022779,1.0022779,1.006362,1.0267211,1.0842972,0.95656604,0.95656604,0.95656604,0.95656604,0.95656604,0.9905968,0.98318267,0.99638337,1.0027125,1.0455695,0.9683544,0.9716094,0.9719711,0.9746836,0.9851718,1.0,1.0,0.9,0.71666664,0.44166666,0.9501687,0.9501687,0.8722387,0.6191133,0.34004188,1.0,1.0,0.1,0.16666667,0.31666666,0.4,0.7,0.85,0.9,0.95,0.6,0.3,-0.75,-0.73333335,-0.6333333,0.81867796,0.6872203,0.121644266,0.06425314,0.47074515,0.4452953,0.2816881,-0.022946237,-0.286156,-0.1035993,0.6,0.6,0.5,0.53333336,0.48333332,0.4,0.4,0.45,0.43333334,0.43333334,0.2,0.2,0.05,0.1,0.05,0.74137914,0.7261905,0.5548781,0.49070635,0.51851857,0.25862086,0.2738095,0.44512188,0.5092936,0.48148143,0.48275828,0.45238099,0.10975623,-0.018587269,0.037037108,0.81399,0.7480136,0.7280315,0.7673029,0.8550182,0.21178775,0.17914332,0.1553034,0.20724753,0.26442185,0.6004469,0.79109305,0.70489395,1.1080768,1.0787566,0.6378305,0.57318604,0.51010853,0.51394296,0.5078242,0.3621695,0.426814,0.4898915,0.486057,0.49217585,0.275661,0.14637202,0.020217005,0.027885955,0.015648333
12,SH601229,0.0486278445286759,0.875,,,,SH601229,上海银行,2026-10-08,0.005122987,0.011270474,0.45454937,0.0030737435,0.2727253,0.0030737435,0.2727253,0.005122987,0.45454937,0.99490315,1.0030581,0.9918451,0.9979992,0.9653164,0.9796135,0.98146677,0.9949696,0.92454326,0.981202,0.97672755,0.9796267,0.9810608,0.9627747,0.014643414,0.011253223,0.0107513415,0.013230113,0.025123535,0.0086047035,0.0020651321,2.4086996e-05,-0.00031335355,0.0010941763,0.86323124,0.30871186,0.00017567421,0.043475423,0.5785127,0.0015885718,0.013979337,0.020144477,0.023482814,0.0049471073,1.0030581,1.0030581,1.0059559,1.0162829,1.0162829,0.9611339,0.9611339,0.9611339,0.94070786,0.9032145,0.9951284,0.9807784,0.9913688,0.9930633,0.98591477,0.9692878,0.9692878,0.97098225,0.97098225,0.93783426,1.0,1.0,1.0,0.93333334,0.96666664,0.9270569,0.9270569,0.86712074,0.7845462,0.85599047,1.0,1.0,0.4,0.1,0.55,0.2,0.6,0.8,0.23333333,0.05,0.8,0.4,-0.4,-0.13333334,0.5,0.7614696,0.8139273,0.5446933,0.0064325873,-0.01121427,0.60471576,0.63355404,0.44167385,0.03543351,0.19134119,0.8,0.4,0.45,0.43333334,0.53333336,0.0,0.5,0.5,0.5,0.43333334,0.8,-0.1,-0.05,-0.06666667,0.1,1.0,0.70810825,0.57352966,0.5096839,0.5681492,0.0,0.29189175,0.42647037,0.4903161,0.43185076,1.0,0.4162165,0.14705928,0.019367838,0.13629846,0.7930856,0.7034329,0.7417341,0.90316397,0.9866481,0.19932988,0.16510311,0.1584862,0.38640097,0.36262095,1.2882488,1.4722577,1.1413095,1.3027786,1.1119561,0.7150909,0.6567611,0.5441055,0.43773702,0.5070041,0.2849091,0.34323892,0.45589444,0.562263,0.49299595,0.43018177,0.31352216,0.0882111,-0.12452598,0.014008134
13,SH601166,0.04844922566714894,0.9375,,,,SH601166,兴业银行,2026-10-08,0.013333279,0.016666623,0.7999988,0.0016666721,0.10000059,0.0016666721,0.10000059,0.013333279,0.7999988,0.98684216,1.0016447,0.9851974,0.9963567,0.97976196,0.9759158,0.9814103,1.0,0.94358975,0.98391944,0.9800275,0.9854396,0.9852137,0.99040604,0.010848742,0.00872293,0.009834381,0.011644699,0.020752382,0.0054761725,0.0020762524,-0.0006703567,-0.0002798797,-0.00013040355,0.6369941,0.5193342,0.16262446,0.044770088,0.012043226,0.005128202,0.010629345,0.020928789,0.01884454,0.01344088,1.0016447,1.0016447,1.0055523,1.009935,1.0471612,0.97152615,0.9660387,0.9660387,0.9551294,0.9315253,0.99172163,0.9826191,0.99536633,0.99624544,1.0036265,0.9751466,0.97404766,0.97525644,0.97525644,0.97525644,1.0,1.0,0.975,0.95,0.73333335,0.9453911,0.9538072,0.8594851,0.8187231,0.5921576,1.0,1.0,0.15,0.13333334,0.26666668,0.4,0.3,0.65,0.23333333,0.016666668,0.6,0.7,-0.5,-0.1,0.25,0.91143054,0.5387727,0.54159534,-0.06662924,0.15407206,0.31625926,0.46808097,0.33798277,-0.08819481,0.18087474,0.8,0.6,0.55,0.5,0.5,0.2,0.4,0.45,0.5,0.48333332,0.6,0.2,0.1,0.0,0.016666668,0.81303066,0.74397016,0.5777777,0.5,0.5514534,0.18696931,0.25602984,0.42222232,0.5,0.4485466,0.6260614,0.4879403,0.15555538,0.0,0.10290681,0.79119617,0.7452665,0.84789866,1.0611112,1.1511271,0.13427433,0.13505599,0.19319724,0.48288843,0.44654694,0.9554482,1.0435178,0.91478306,1.6295747,1.3617327,0.84707236,0.58711284,0.5252542,0.45921767,0.5006558,0.15292762,0.41288716,0.4747458,0.54078233,0.49934423,0.6941447,0.1742257,0.050508372,-0.08156466,0.0013115299
14,SH601169,0.048317975376761885,0.9375,,,,SH601169,北京银行,2026-10-08,0.01798554,0.025179848,0.71428305,0.0053957086,0.21428677,0.0017986005,0.07143016,0.014388432,0.57142645,0.9823322,1.0053004,0.9805654,0.9982227,0.96644074,0.9894915,0.97898304,0.8871187,0.8552543,0.97708476,0.9764068,0.98172885,0.9619435,0.9263842,0.014989412,0.01065411,0.011967134,0.034713503,0.044669483,0.008067797,0.00083410024,-0.00040219247,0.0028280003,0.0021412724,0.72423697,0.056184113,0.039532624,0.5143559,0.70084476,0.00677966,0.019839752,0.022091998,-0.0029495282,0.010448257,1.0053004,1.0053004,1.0054959,1.0054959,1.0054959,0.95951676,0.95951676,0.95951676,0.88186646,0.8468779,0.98725426,0.98,0.99091524,0.98813564,0.97898304,0.9671186,0.9677966,0.9697627,0.91491526,0.8884746,1.0,1.0,0.925,0.95,0.975,0.8842298,0.8842298,0.8804686,0.95554495,0.965351,1.0,1.0,0.4,0.6,0.8,0.4,0.7,0.85,0.033333335,0.016666668,0.6,0.3,-0.45,0.56666666,0.78333336,0.8322365,0.80816966,0.40420687,0.36690116,0.48759958,0.41763687,0.5928359,0.46158695,0.59402627,0.52540153,0.8,0.4,0.4,0.5,0.5,0.2,0.4,0.45,0.36666667,0.36666667,0.6,0.0,-0.05,0.13333334,0.13333334,0.8510641,0.5741627,0.5605469,0.68316835,0.6420492,0.14893588,0.42583728,0.4394531,0.31683162,0.3579508,0.70212823,0.14832547,0.1210938,0.36633673,0.28409842,0.79730654,0.78745145,0.93668544,1.0087308,0.87114096,0.13871628,0.11085303,0.27754292,0.5540346,0.44411364,0.74219394,0.9225989,0.9096036,2.0124638,2.0736601,0.7734742,0.5720721,0.43944433,0.5131387,0.50782716,0.22652578,0.4279279,0.56055564,0.48686132,0.49217284,0.54694843,0.14414418,-0.12111132,0.02627739,0.015654342
15,SZ000001,0.04694515525905056,1.0,,,,,,2026-10-08,0.018150324,0.028522003,0.6363622,0.0077787596,0.27272838,0.0025929199,0.09090946,0.012964484,0.45454326,0.98217326,1.0076401,0.97962654,0.9988407,0.96349746,0.971803,0.9892506,0.93608916,0.880436,0.9728367,0.971074,0.9752181,0.9726405,0.94691724,0.017897017,0.012529951,0.010570274,0.012460904,0.03284153,0.010441095,0.0017896673,-0.0004842773,0.00036709063,0.0015835576,0.8508848,0.18700677,0.073465556,0.06725881,0.70912176,0.006281129,0.0208725,0.029382514,0.022036675,0.00636783,1.0076401,1.0076401,1.0076401,1.0076401,1.0076401,0.9567083,0.9567083,0.9567083,0.9294437,0.86216307,0.9857408,0.9758709,0.9842613,0.9842613,0.9742946,0.959255,0.962649,0.9641619,0.96266687,0.9216375,1.0,1.0,1.0,1.0,1.0,0.8499937,0.8499937,0.8499937,0.9022961,0.9474825,1.0,1.0,1.0,1.0,1.0,0.4,0.7,0.85,0.033333335,0.05,0.6,0.3,0.15,0.96666664,0.95,0.82069445,0.7507021,0.4602597,0.18404354,-0.052145757,0.7679254,0.6646691,0.26519766,0.3677659,0.36230105,0.6,0.5,0.45,0.56666666,0.55,0.2,0.4,0.5,0.4,0.41666666,0.4,0.1,-0.05,0.16666667,0.13333334,0.9056968,0.69253314,0.5361173,0.64084065,0.63035154,0.09430321,0.30746686,0.46388268,0.35915935,0.36964843,0.81139356,0.38506624,0.072234616,0.28168133,0.26070312,0.671826,0.6138019,0.5992204,0.642096,0.7149318,0.2167122,0.16148272,0.136109,0.1504696,0.2523894,1.0827366,1.1096518,0.950528,0.9092414,1.257963,0.7201176,0.63208795,0.57345766,0.50173485,0.5158918,0.27988234,0.36791205,0.4265423,0.49826515,0.48410818,0.4402353,0.26417592,0.14691535,0.0034696946,0.03178363
16,SH600023,0.046716211609709846,0.875,,,,SH600023,浙能电力,2026-10-08,0.03262952,0.038387675,0.84999985,0.0038387384,0.09999925,0.0019194174,0.05000088,0.030710196,0.8000015,0.96840155,1.0037174,0.9665428,0.9900004,0.9444444,0.9514991,0.91269845,0.9012346,0.94532627,0.97072315,0.9544092,0.9405203,0.93057024,0.9301441,0.017126646,0.021200936,0.023245862,0.023850523,0.022164265,0.009347435,0.005980442,0.0034325244,0.0023710462,0.00019511089,0.7446981,0.72940356,0.7631397,0.7659244,0.023635032,0.010581995,0.018678822,0.026870728,0.035049573,0.06410018,1.0037174,1.0037174,1.0037174,1.0037174,1.0037174,0.9410304,0.92378205,0.89937633,0.89937633,0.86948854,0.97601414,0.96578485,0.95731926,0.9458554,0.9463845,0.9615521,0.9389771,0.9239859,0.90881836,0.90917104,1.0,1.0,1.0,1.0,1.0,0.94069844,0.9534944,0.9643722,0.9643722,0.97230524,1.0,1.0,1.0,1.0,1.0,0.2,0.3,0.15,0.43333334,0.083333336,0.8,0.7,0.85,0.56666666,0.9166667,0.70671886,0.674241,0.12561695,0.4975945,0.3442487,0.9156783,0.5042961,0.56858975,0.4374287,-0.07207145,0.8,0.6,0.65,0.6333333,0.51666665,0.2,0.4,0.35,0.33333334,0.41666666,0.6,0.2,0.3,0.3,0.1,0.97014964,0.73504347,0.7345976,0.7074078,0.54843754,0.029850345,0.26495653,0.26540235,0.2925922,0.45156246,0.94029933,0.47008693,0.46919528,0.41481557,0.09687506,0.7296024,0.6434728,0.71858937,0.61695135,0.66193366,0.17171532,0.17837548,0.20660463,0.22895378,0.2842212,1.1311934,1.0706439,0.94652015,1.1027834,2.2219238,0.69697696,0.5335803,0.56342304,0.55741906,0.52553296,0.30302307,0.4664197,0.43657696,0.4425809,0.474467,0.3939539,0.0671606,0.12684609,0.11483817,0.05106596
17,SH601988,0.04668455440947249,0.9375,,,,SH601988,中国银行,2026-10-08,0.016417976,0.026865622,0.6111147,0.00895514,0.3333308,0.0014925062,0.055554498,0.008955344,0.3333384,0.9838472,1.0088105,0.98237884,0.999507,0.9660545,0.96327204,0.98052305,0.89259875,0.851419,0.9819699,0.97512513,0.966444,0.95143753,0.9103598,0.011952107,0.011572389,0.014333993,0.03174557,0.0485291,0.0070673483,0.003126424,0.0018970626,0.0029568486,0.0024537046,0.8741059,0.66905403,0.6130516,0.67234707,0.7797223,0.0038954134,0.010805942,0.015533888,0.0056881644,0.017255899,1.0088105,1.0088105,1.0088105,1.0088105,1.0088105,0.964329,0.95273674,0.92501587,0.8808068,0.83231336,0.990651,0.9785197,0.9751808,0.9751808,0.96471894,0.97306615,0.9660545,0.9597106,0.9100723,0.8631051,1.0,1.0,1.0,1.0,1.0,0.801929,0.84287685,0.89485615,0.93117005,0.9500814,1.0,1.0,1.0,1.0,1.0,0.6,0.3,0.2,0.033333335,0.016666668,0.4,0.7,0.8,0.96666664,0.98333335,0.56808776,0.5882461,0.2730845,0.09164046,-0.26231945,0.25652546,-0.4604628,-0.06365055,0.37349442,0.3428794,1.0,0.8,0.65,0.6666667,0.6166667,0.0,0.2,0.35,0.3,0.36666667,1.0,0.6,0.3,0.36666667,0.25,1.0,0.7661294,0.55775595,0.68958753,0.616188,0.0,0.23387064,0.44224405,0.3104125,0.383812,1.0,0.53225875,0.11551191,0.379175,0.23237595,0.97084516,0.8908673,0.89281714,0.9482393,1.07078,0.06739212,0.11054236,0.16011207,0.23785092,0.31545746,0.78454936,0.70555115,0.7747941,1.598755,1.1472864,0.6078358,0.71075463,0.50461894,0.4674362,0.48909187,0.39216414,0.2892454,0.49538103,0.5325638,0.5109081,0.2156717,0.42150924,0.009237929,-0.06512764,-0.021816246
18,SH601939,0.046038932817728626,0.875,,,,SH601939,建设银行,2026-10-08,0.009049737,0.01266969,0.71428245,0.0018099764,0.14285877,0.0018099764,0.14285877,0.009049737,0.71428245,0.9910314,1.0017937,0.98923767,0.9979161,0.9714588,0.97322065,0.99929523,0.94608885,0.8851304,0.9905567,0.9832276,0.9804264,0.9752173,0.9474454,0.0059244777,0.0092798695,0.0108746,0.016148344,0.035163198,0.0035588394,0.0026010622,0.0008724225,0.0011648673,0.0016715259,0.9021042,0.72016025,0.22526571,0.40327248,0.6892064,0.0023255816,0.0050675827,0.011285608,0.007892112,0.003244586,1.0017937,1.0017937,1.0071409,1.0071409,1.0071409,0.96960044,0.95964,0.94640714,0.9336606,0.85875356,0.99351656,0.98992246,0.9885835,0.9885835,0.982382,0.9862579,0.97709656,0.9712474,0.95785767,0.9138126,1.0,1.0,1.0,1.0,1.0,0.9442821,0.9574475,0.8824229,0.90281886,0.95187664,1.0,1.0,0.05,0.36666667,0.68333334,0.2,0.3,0.2,0.033333335,0.033333335,0.8,0.7,-0.15,0.33333334,0.65,-0.51758695,0.2231646,-0.03943074,-0.14073189,-0.41512507,0.97046775,0.193043,-0.29528907,-0.1155772,0.23770285,1.0,0.7,0.6,0.6333333,0.6166667,0.0,0.3,0.4,0.33333334,0.36666667,1.0,0.4,0.2,0.3,0.25,1.0,0.71590894,0.5020662,0.6075949,0.5876344,0.0,0.28409103,0.49793383,0.3924051,0.4123656,1.0,0.43181795,0.0041323476,0.21518978,0.1752688,1.0378046,0.9637564,1.0198159,1.0730252,1.3306648,0.1544081,0.14121017,0.18527174,0.20163806,0.45097384,1.0269048,0.80081475,0.88386,0.9773949,1.2066503,0.5582206,0.5553958,0.49767658,0.4511691,0.4895528,0.44177935,0.4446042,0.5023234,0.54883087,0.5104472,0.11644128,0.1107916,-0.004646816,-0.097661786,-0.020894378
19,SH600050,0.045682343293149574,0.875,,,,SH600050,中国联通,2026-10-08,0.009456267,0.018912533,0.5,0.0070921783,0.37499887,0.0023640883,0.12500115,0.0047281766,0.2500023,0.9906323,1.0070257,0.98829037,1.0008287,0.9761606,0.9761606,1.0050188,0.9761606,0.95734006,0.9809285,0.98293597,0.98513174,0.9911334,1.0034714,0.013669953,0.010041125,0.008618906,0.011952937,0.022224266,0.008030111,0.00015208495,-0.00055754284,-0.000906626,-0.0006602976,0.8626787,0.0021029026,0.14646043,0.4458706,0.2692306,0.0030113165,0.016379626,0.020164926,0.022012673,0.016007444,1.0070257,1.0070257,1.0091982,1.0167323,1.062811,0.95800835,0.95800835,0.95800835,0.95800835,0.9458028,0.9919698,0.9899623,0.9904642,1.0030112,1.025596,0.97038895,0.97515684,0.9761606,0.9826851,0.9856964,1.0,1.0,1.0,0.76666665,0.49166667,0.8566685,0.8566685,0.82031196,0.7150687,0.46319115,1.0,1.0,0.05,0.33333334,0.31666666,0.4,0.7,0.85,0.9,0.016666668,0.6,0.3,-0.8,-0.56666666,0.3,0.96905404,0.56418455,0.40560612,0.15088715,0.38117766,0.37042376,0.33355814,0.18587673,0.19759624,0.04092594,0.6,0.6,0.45,0.46666667,0.45,0.4,0.4,0.55,0.53333336,0.5,0.2,0.2,-0.1,-0.06666667,-0.05,0.78787905,0.6727276,0.47826093,0.5620915,0.5461956,0.21212097,0.32727244,0.52173907,0.4379085,0.4538044,0.5757581,0.34545514,-0.04347813,0.12418302,0.09239121,0.69211984,0.6133106,0.60316646,0.604249,0.76873195,0.18911578,0.17469327,0.15323472,0.15959783,0.28256825,0.63489604,0.7284801,0.74252516,0.98027164,1.434418,1.0,0.69985455,0.5698577,0.4542573,0.5133591,0.0,0.30014545,0.43014228,0.5457427,0.48664084,1.0,0.39970908,0.13971543,-0.0914854,0.026718317
20,SH601916,0.04482163961220649,0.875,,,,SH601916,浙商银行,2026-10-08,0.010380615,0.01730105,0.5999992,0.0034601814,0.19999836,0.0034602522,0.20000245,0.010380685,0.60000324,0.989726,1.0034246,0.98630136,0.9995396,0.9787234,1.002364,1.0165485,0.99527186,0.94089836,0.98061466,0.9855792,0.998818,1.0005516,0.99523246,0.013621627,0.011870143,0.016333785,0.014882993,0.021860678,0.0078014242,-0.0011605425,-0.0022147584,-0.00088093744,0.0003888,0.8200301,0.0876237,0.64349794,0.27152595,0.096477285,0.003782509,0.019643256,0.02222224,0.012221977,-0.006702064,1.0034246,1.0102739,1.0302393,1.0302393,1.0476055,0.96111864,0.96111864,0.96111864,0.96111864,0.9198747,0.98865247,0.9962175,1.012766,1.0165485,1.0118203,0.97021276,0.97730494,0.98486996,0.98770684,0.98061466,1.0,0.95,0.475,0.43333334,0.55833334,0.91905093,0.7909899,0.5625139,0.5625139,0.6272983,1.0,0.1,0.05,0.36666667,0.31666666,0.4,0.7,0.85,0.9,0.016666668,0.6,-0.6,-0.8,-0.53333336,0.3,0.629955,0.20347726,0.3545239,0.26989484,0.21044886,0.41633618,0.5067328,0.14465225,0.14198545,0.23364474,0.6,0.4,0.35,0.4,0.48333332,0.4,0.6,0.5,0.43333334,0.41666666,0.2,-0.2,-0.15,-0.033333335,0.06666667,0.71428573,0.4848485,0.44067797,0.509434,0.5541125,0.2857143,0.5151515,0.55932206,0.49056605,0.44588748,0.42857143,-0.030303031,-0.118644066,0.018867925,0.108225025,0.73541373,0.6525547,0.6969534,0.78475296,0.8148087,0.21900949,0.1754185,0.1562899,0.28526494,0.26267537,0.75932485,0.8906677,0.8390526,1.3296031,1.0793599,0.69758976,0.5950742,0.5159703,0.5238985,0.51388156,0.30241024,0.4049258,0.4840297,0.47610155,0.4861184,0.3951795,0.1901484,0.03194056,0.047796935,0.027763171
21,SZ001965,0.04386853854343756,0.9375,,,,,,2026-10-08,0.021978015,0.02797203,0.78571403,0.0019979386,0.0714263,0.0039960747,0.14285967,0.02397615,0.8571474,0.97849464,1.0019549,0.9745845,0.99635905,0.9638554,0.98440814,0.967399,0.90361446,0.90361446,0.9780297,0.97250175,0.9658752,0.9570045,0.94851166,0.014781492,0.01624666,0.01664835,0.024386689,0.030437753,0.008788106,0.0018555534,0.0015543833,0.0019569723,0.0005519881,0.883678,0.11957218,0.30509976,0.49907452,0.10030764,0.004394053,0.019148273,0.019358134,0.014619437,0.035204682,1.0019549,1.0019549,1.0019549,1.0019549,1.0108658,0.956302,0.9376531,0.9199378,0.8847951,0.8847951,0.9863926,0.98525864,0.97902197,0.971793,0.97179306,0.9654146,0.96215445,0.955776,0.9427356,0.9166548,1.0,1.0,1.0,1.0,0.98333335,0.9571776,0.9695969,0.97616386,0.9833136,0.9138114,1.0,1.0,1.0,1.0,0.26666668,0.4,0.4,0.2,0.033333335,0.51666665,0.6,0.6,0.8,0.96666664,-0.25,0.7332851,0.29920337,-0.017741224,-0.11997833,0.2116174,0.8111397,0.37877193,0.22692515,0.34029436,0.30087492,0.8,0.7,0.6,0.6,0.51666665,0.2,0.3,0.4,0.33333334,0.45,0.6,0.4,0.2,0.26666668,0.06666667,0.93220305,0.56875026,0.58333325,0.65384614,0.5776256,0.06779696,0.43124974,0.41666675,0.34615386,0.42237446,0.86440605,0.13750051,0.16666651,0.3076923,0.15525112,0.73039883,0.824833,0.9441199,1.0248603,1.0202261,0.19189717,0.22902706,0.2834862,0.40726456,0.35974482,1.0142518,0.76525295,0.79776555,1.3656923,1.1876384,0.67742425,0.41248667,0.5325568,0.49440053,0.5110409,0.32257572,0.5875133,0.46744323,0.50559944,0.48895907,0.35484856,-0.17502667,0.06511354,-0.011198914,0.022081824
22,SH600900,0.042880818268058535,0.9375,,,,SH600900,长江电力,2026-10-08,0.014035164,0.016491268,0.8510664,0.0024561032,0.14893357,0.0,0.0,0.011579061,0.7021329,0.9861591,1.0024221,0.9861591,0.99748987,0.9716998,0.98482966,0.99378985,0.9834102,0.9360361,0.98779273,0.98156494,0.98000795,0.97870237,0.9786048,0.007466245,0.009220131,0.009381543,0.00885308,0.016455127,0.003690563,0.0019108732,0.000638151,0.00041841358,0.000108174245,0.61083055,0.39373225,0.1619446,0.17311093,0.013180903,0.004826147,0.00983616,0.013929614,0.01523065,0.018204095,1.0024221,1.0024221,1.0024221,1.0024221,1.0232105,0.9709886,0.96645635,0.95612,0.95612,0.9260117,0.9903477,0.98765075,0.98644423,0.9850958,0.9913059,0.98193747,0.9721966,0.97148687,0.97148687,0.96753013,1.0,1.0,1.0,1.0,0.85833335,0.92294514,0.9326551,0.947689,0.947689,0.7612059,1.0,1.0,1.0,1.0,0.25,0.2,0.4,0.2,0.46666667,0.016666668,0.8,0.6,0.8,0.53333336,0.23333333,0.5636174,0.5807315,0.006414767,0.13338283,0.13750839,0.97186524,0.7042671,0.11428569,0.20559254,0.1466691,0.8,0.5,0.5,0.53333336,0.5,0.2,0.4,0.45,0.43333334,0.46666667,0.6,0.1,0.05,0.1,0.033333335,0.85365856,0.632148,0.52581143,0.54724616,0.5646406,0.14634146,0.36785197,0.47418857,0.45275387,0.43535942,0.70731705,0.26429608,0.051622853,0.09449226,0.12928115,0.79687715,0.70468724,0.7469088,0.76671004,0.994952,0.19131766,0.16298838,0.26464307,0.23919089,0.4220559,0.559398,0.81918365,1.2395152,1.1367431,1.2526495,0.6705327,0.68203,0.4904304,0.4910704,0.48481557,0.32946727,0.31796995,0.5095696,0.5089296,0.5151844,0.34106544,0.36406007,-0.019139178,-0.01785919,-0.030368865
23,SH601607,0.04254204655092177,0.875,,,,SH601607,上海医药,2026-10-08,0.010429385,0.018404903,0.56666344,0.0042944923,0.23333414,0.0036810255,0.20000243,0.009815918,0.5333317,0.98967826,1.0042502,0.9860352,0.9997646,0.9750932,0.9750932,0.9865354,0.9877595,0.95508254,0.97872275,0.97599256,0.98271954,0.9839986,0.9904799,0.013913821,0.010175038,0.011814865,0.010803456,0.015481795,0.007472053,0.0018362385,-0.0011192156,-0.0005169722,-0.0002934279,0.7209864,0.29853657,0.3140784,0.17746416,0.10956202,0.006333172,0.015744364,0.027913012,0.02349751,0.018176248,1.0042502,1.0042502,1.0064604,1.0106994,1.0287838,0.96112555,0.96112555,0.96112555,0.96112555,0.9337703,0.9878233,0.97847795,0.9952528,0.99245346,1.0035764,0.97009045,0.9702075,0.9736243,0.9750932,0.97690266,1.0,1.0,0.95,0.93333334,0.7,0.90144455,0.90144455,0.8574947,0.7841734,0.69705576,1.0,1.0,0.15,0.033333335,0.15,0.4,0.7,0.85,0.9,0.033333335,0.6,0.3,-0.7,-0.8666667,0.11666667,0.8907133,0.60749954,0.17658785,0.22287108,0.39750752,0.42071718,0.15160513,0.16305353,0.107165754,0.27581218,0.6,0.5,0.45,0.46666667,0.46666667,0.4,0.4,0.5,0.46666667,0.5,0.2,0.1,-0.05,0.0,-0.033333335,0.7733632,0.67514855,0.5539447,0.5274988,0.5471719,0.2266368,0.32485148,0.44605532,0.47250122,0.4528281,0.5467264,0.35029706,0.10788936,0.054997534,0.0943438,0.60662407,0.5561757,0.51024497,0.57080466,0.7040701,0.24041124,0.19492732,0.15047443,0.18781783,0.27508458,0.8764896,1.0023892,1.023215,1.2439128,1.033173,0.94317526,0.69932306,0.6392616,0.53897196,0.52722543,0.056824744,0.30067694,0.3607384,0.46102804,0.4727746,0.8863505,0.39864612,0.2785232,0.07794392,0.05445083
24,SH601186,0.04051768823253089,0.9375,,,,SH601186,中国铁建,2026-10-08,0.0049751787,0.009950283,0.50000376,0.0033167363,0.33333084,0.0016583682,0.16666542,0.0033168106,0.33333832,0.9950495,1.0033003,0.9933993,1.0003629,0.99466383,0.99039483,1.0,0.98505867,0.9658484,0.9882604,0.99220914,0.9981857,0.99921733,1.0060121,0.008670272,0.0072914823,0.00959638,0.008565134,0.0195992,0.0040554977,-0.000679152,-0.0011378493,-0.00043876533,-0.00032191988,0.5469692,0.07952685,0.49206516,0.20337519,0.08228464,0.0036286155,0.010847018,0.0126238875,0.0071447566,0.0034845679,1.0033003,1.0033003,1.0176579,1.0176579,1.0642306,0.9769064,0.9769064,0.9769064,0.9769064,0.9522961,0.9948772,0.9974386,1.0064033,1.0064033,1.0204909,0.98121667,0.98612595,0.9929562,0.99359655,0.99359655,1.0,0.95,0.575,0.48333332,0.375,0.874959,0.874959,0.56669325,0.56669325,0.426177,1.0,1.0,0.3,0.53333336,0.3,0.6,0.8,0.9,0.93333334,0.033333335,0.4,0.2,-0.6,-0.4,0.26666668,0.90030456,0.3289355,0.6268341,0.62357897,0.5702066,0.7260971,0.40571493,0.36900213,0.43346655,0.20332153,0.6,0.5,0.5,0.53333336,0.48333332,0.4,0.4,0.45,0.43333334,0.45,0.2,0.1,0.05,0.1,0.033333335,0.5714283,0.5918367,0.5,0.5393259,0.5418849,0.4285717,0.40816328,0.5,0.46067414,0.45811513,0.14285658,0.18367341,0.0,0.078651756,0.08376974,0.6552973,0.5903844,0.68470395,0.68089354,0.95491356,0.20485452,0.1609663,0.18630978,0.1620971,0.46508384,0.46942356,0.756997,0.6347127,0.62271774,1.1466972,0.7567744,0.58347595,0.5749932,0.52395403,0.5102233,0.24322554,0.41652405,0.42500684,0.47604597,0.4897767,0.5135489,0.16695188,0.14998633,0.047908086,0.02044662
25,SH601018,0.04041416572942568,0.875,,,,SH601018,宁波港,2026-10-08,0.019886393,0.034090947,0.58333355,0.014204554,0.41666645,0.0,0.0,0.0056818384,0.16666707,0.98050135,1.0139276,0.98050135,1.0043267,0.9461539,0.9634615,0.9576923,0.9365384,0.9115385,0.9711538,0.9648077,0.9656731,0.96076924,0.94753206,0.02137126,0.01781198,0.013472742,0.014253873,0.020163469,0.013461538,0.0028088563,0.00033979112,0.00085222896,0.00077836774,0.99190265,0.2279534,0.022262814,0.27704382,0.45450535,0.0019231014,0.022552472,0.031098923,0.026873466,0.029506113,1.0139276,1.0139276,1.0139276,1.0139276,1.0139276,0.9378054,0.9378054,0.9378054,0.92717344,0.89196175,0.98615384,0.97807693,0.9769231,0.9711538,0.96384615,0.9538461,0.9507692,0.955,0.95,0.93230766,1.0,1.0,1.0,1.0,1.0,0.8170364,0.8170364,0.8170364,0.8394591,0.88580745,1.0,1.0,1.0,1.0,1.0,0.2,0.6,0.8,0.06666667,0.033333335,0.8,0.4,0.2,0.93333334,0.96666664,0.9896973,0.64016795,0.5793997,0.31855595,0.24540207,0.63483304,0.096065894,0.24167225,0.35521188,0.34341547,0.8,0.6,0.5,0.5,0.51666665,0.0,0.3,0.45,0.43333334,0.4,0.8,0.3,0.05,0.06666667,0.11666667,1.0,0.64615387,0.61702114,0.62043804,0.5884615,0.0,0.35384613,0.38297883,0.379562,0.41153848,1.0,0.29230773,0.23404235,0.24087603,0.17692305,0.71061486,0.72821915,0.6724772,0.6861754,0.698031,0.21840875,0.21522163,0.1815769,0.16771302,0.19685544,0.7366925,0.73396516,0.9676042,0.90043944,0.88581437,1.0,0.60051274,0.57972366,0.48764142,0.5214989,0.0,0.39948723,0.42027637,0.51235855,0.47850108,1.0,0.20102552,0.15944727,-0.024717141,0.042997863
26,SH601618,0.04000662867403139,0.875,,,,SH601618,中国中冶,2026-10-08,0.007905161,0.019762872,0.40000063,0.01185771,0.59999937,0.0,0.0,-0.003952549,-0.19999872,0.99215686,1.0117648,0.99215686,1.0023704,1.0,0.9818731,0.9909366,0.9939577,0.9909366,0.9824773,0.98942596,0.9987915,1.0035247,1.0165659,0.014551775,0.013529734,0.017380068,0.01790121,0.024388958,0.007854988,-0.0006042282,-0.0015083023,-0.0010962159,-0.0008108159,0.728449,0.018282473,0.26359785,0.2906224,0.33709934,0.0018126891,0.013293055,0.015537341,0.012370471,0.0073531223,1.0117648,1.0196078,1.0350314,1.0431967,1.0805527,0.95982856,0.95982856,0.95982856,0.95982856,0.95982856,0.9951661,1.0006043,1.0126888,1.0175226,1.0392749,0.9734139,0.97824776,0.9818731,0.9933535,0.9939577,1.0,0.75,0.55,0.41666666,0.25833333,0.77347755,0.67199653,0.5341739,0.48185608,0.33275414,1.0,0.5,0.2,0.23333333,0.31666666,0.4,0.7,0.85,0.9,0.95,0.6,-0.2,-0.65,-0.6666667,-0.6333333,0.2907728,-0.20823757,0.17996669,0.23485738,0.32444018,-0.054517597,-0.05331049,0.18134226,0.09321419,0.10905667,0.6,0.5,0.4,0.46666667,0.48333332,0.4,0.3,0.4,0.4,0.43333334,0.2,0.2,0.0,0.06666667,0.05,0.5,0.59375006,0.52380955,0.5092593,0.50717705,0.5,0.40624997,0.47619048,0.49074072,0.49282297,0.0,0.18750007,0.04761905,0.018518593,0.014354076,0.8628639,0.78890425,0.86118734,0.8817576,0.93687665,0.16087447,0.15074317,0.29767045,0.30038258,0.2873795,0.59194237,0.9119705,1.43312,1.3066504,1.1470659,0.60786134,0.4292656,0.51663977,0.51298916,0.5011287,0.3921387,0.5707344,0.4833602,0.48701084,0.4988713,0.21572264,-0.14146881,0.03327957,0.025978342,0.002257386
27,SH601390,0.039845716376566157,0.875,,,,SH601390,XD中国中,2026-10-08,0.0,0.011682269,0.0,0.007009346,0.5999987,0.004672923,0.40000132,-0.0023364231,-0.19999738,1.0,1.0070094,0.99532706,1.0008575,0.98890644,0.9873217,1.0031695,0.99366087,0.9572108,0.9860539,0.989065,0.9990491,1.0031695,1.0108293,0.012296158,0.009254403,0.014628177,0.014625811,0.023598652,0.006656109,-4.802332e-05,-0.001715856,-0.0010055186,-0.00034813333,0.73255795,0.00024684196,0.48155877,0.36630428,0.06637685,0.00063390785,0.011151138,0.017251529,0.011410473,-0.00055941474,1.0070094,1.0070094,1.0283834,1.0331383,1.0727597,0.9678754,0.9678754,0.9678754,0.9678754,0.94340694,0.9987322,0.99841523,1.0126783,1.0177495,1.0288432,0.9781299,0.9793978,0.9873217,0.99144214,0.9933439,1.0,1.0,0.6,0.43333334,0.30833334,0.82088816,0.82088816,0.5309152,0.4922332,0.43750912,1.0,1.0,0.25,0.16666667,0.3,0.6,0.8,0.9,0.93333334,0.016666668,0.4,0.2,-0.65,-0.76666665,0.28333333,0.94272935,0.515225,0.564339,0.6595051,0.40722173,0.93054754,0.5038156,0.27515534,0.3406922,0.27072638,0.6,0.5,0.5,0.53333336,0.48333332,0.4,0.4,0.45,0.43333334,0.46666667,0.2,0.1,0.05,0.1,0.016666668,0.62963,0.6,0.488889,0.51204824,0.53846157,0.37036997,0.4,0.511111,0.4879518,0.46153846,0.25926006,0.2,-0.022221984,0.024096431,0.076923095,0.87890357,0.8495525,0.94311225,1.0025067,1.204124,0.18466808,0.1568141,0.2332091,0.23155223,0.3880312,0.9868068,1.049011,0.92684287,0.75461054,0.98165536,0.5294966,0.50950164,0.48424065,0.50031626,0.49575794,0.47050342,0.4904984,0.51575935,0.49968374,0.50424206,0.058993176,0.019003237,-0.031518724,0.0006325291,-0.008484127
28,SH601838,0.037841589770536505,0.875,,,,SH601838,成都银行,2026-10-08,0.012933249,0.026901182,0.48076877,0.0046559237,0.17307507,0.00931201,0.34615618,0.017589334,0.6538499,0.9872319,1.0045965,0.9780388,0.9937034,0.9625793,0.98964244,0.9672569,0.91680586,0.9017708,0.9789509,0.9767457,0.9825426,0.9687827,0.9379942,0.014121954,0.011444912,0.014897436,0.024669133,0.036502887,0.0069161328,0.00082212413,-0.0002660338,0.0019103534,0.0017601969,0.59962124,0.047300015,0.0111614,0.46475208,0.70919865,0.0072168396,0.01955471,0.019984731,0.0035171718,0.010079996,1.0045965,1.0045965,1.0153241,1.0153241,1.0153241,0.9610344,0.95581,0.95581,0.9093921,0.8815849,0.9887738,0.9861677,0.99812895,0.9891079,0.9730705,0.9706649,0.96852654,0.96892744,0.93932503,0.90170395,1.0,1.0,0.9,0.93333334,0.96666664,0.8944844,0.9057838,0.74251264,0.85533994,0.8854179,1.0,1.0,0.4,0.6,0.8,0.2,0.4,0.7,0.033333335,0.06666667,0.8,0.6,-0.3,0.56666666,0.73333335,0.79260516,0.65408236,0.16710292,0.13707681,0.01102004,0.6774071,0.6802539,0.43816406,0.48217705,0.25091952,0.6,0.3,0.4,0.46666667,0.46666667,0.2,0.6,0.55,0.5,0.51666665,0.4,-0.3,-0.15,-0.033333335,-0.05,0.8499996,0.5643155,0.5942308,0.6671141,0.59959346,0.15000038,0.43568453,0.4057692,0.33288592,0.4004065,0.6999993,0.12863095,0.18846159,0.33422816,0.19918695,0.84669644,0.78975064,0.7313072,0.72551703,0.7506045,0.18133652,0.18534537,0.17255072,0.17721914,0.2123041,0.9011915,1.0152016,0.916842,0.9371774,0.999996,0.73938286,0.5755723,0.5681635,0.4871475,0.51440454,0.2606171,0.4244277,0.4318365,0.5128525,0.48559546,0.47876576,0.15114461,0.13632704,-0.02570498,0.028809069
29,SH600690,0.03782342729701465,0.875,,,,SH600690,海尔智家,2026-10-08,-0.0004892904,0.017612515,-0.027780838,0.006849234,0.3888845,0.010273989,0.5833346,0.0029354652,0.1666693,1.0004895,1.0073421,0.989721,1.00035,0.9887416,1.0161535,1.0440549,1.0324048,0.95345426,0.99226594,0.9937834,1.0191149,1.0240833,1.0234983,0.006951881,0.012394267,0.030198663,0.025947157,0.032956585,0.0041117743,-0.00083956367,-0.004618575,-0.0019357752,9.3584385e-05,0.8745684,0.042060748,0.81866944,0.43135214,0.0024593608,-0.00048949296,0.00999465,0.024761576,0.003985452,-0.026258986,1.0073421,1.0308375,1.0841933,1.0841933,1.1038322,0.97699416,0.9652467,0.9652467,0.9652467,0.9238581,0.9996084,1.0024475,1.0437611,1.04288,1.0461454,0.9865878,0.9865878,0.9887416,0.9974546,0.9914414,1.0,0.8,0.4,0.26666668,0.25,0.7580691,0.52985007,0.29217556,0.29217556,0.42307147,1.0,0.2,0.1,0.4,0.26666668,0.6,0.4,0.7,0.8,0.033333335,0.4,-0.2,-0.6,-0.4,0.23333333,0.021388864,-0.607849,-0.0914832,-0.088436246,0.042531908,-0.37736797,-0.8876153,-0.4062309,-0.34218398,0.03472221,0.8,0.5,0.45,0.43333334,0.46666667,0.2,0.4,0.5,0.5,0.5,0.6,0.1,-0.05,-0.06666667,-0.033333335,0.82857114,0.3921566,0.38031894,0.43192092,0.53986174,0.17142887,0.6078434,0.61968106,0.5680791,0.46013826,0.6571422,-0.21568681,-0.23936212,-0.13615817,0.07972347,1.0264953,1.3518085,1.2509589,1.2652843,1.577895,0.16401826,0.8496414,0.64541936,0.5473724,0.65645474,1.1250057,2.2748237,1.9095763,1.9555392,1.3636339,0.5232893,0.49386775,0.50720316,0.45718595,0.49973482,0.47671068,0.50613225,0.49279684,0.5428141,0.5002652,0.04657866,-0.012264496,0.014406334,-0.085628115,-0.00053036667
30,SH600674,0.034900854771810735,0.875,,,,SH600674,川投能源,2026-10-08,0.0125748515,0.019161684,0.6562498,0.0035928746,0.18750307,0.0029939574,0.1562471,0.011975935,0.62499386,0.9875813,1.0035483,0.98462456,0.997661,0.9491607,0.9467843,0.9479725,0.91958237,0.829457,0.9800182,0.9605648,0.94971305,0.94038075,0.921636,0.013648232,0.022799699,0.020358883,0.022374995,0.030607024,0.007922937,0.007163603,0.0028531158,0.0021901554,0.0012944367,0.84248006,0.9049326,0.6873833,0.74255,0.5455308,0.004135927,0.007199013,0.023182323,0.027862007,0.04017812,1.0035483,1.0035483,1.0035483,1.0035483,1.0035483,0.9467794,0.91780525,0.91543394,0.9006691,0.8214197,0.9862878,0.98002833,0.9648751,0.9493933,0.9422945,0.9730357,0.94135404,0.9324805,0.92148346,0.8950045,1.0,1.0,1.0,1.0,1.0,0.9374965,0.95861757,0.9597312,0.9655104,0.98051786,1.0,1.0,1.0,1.0,1.0,0.2,0.3,0.15,0.1,0.033333335,0.8,0.7,0.85,0.9,0.96666664,0.6863459,0.48162028,0.46031392,0.46585345,-0.22494356,0.970447,0.8081692,0.2505061,0.55637455,0.32007095,0.8,0.7,0.6,0.56666666,0.5833333,0.2,0.3,0.4,0.43333334,0.41666666,0.6,0.4,0.2,0.13333334,0.16666667,0.9385079,0.7958951,0.6704773,0.65591615,0.6526383,0.061492104,0.2041049,0.32952273,0.34408382,0.3473617,0.87701577,0.5917902,0.34095457,0.31183237,0.30527657,0.8503827,0.77678525,0.695531,0.68905133,0.90250665,0.17036334,0.18008322,0.18660702,0.18799281,0.38732457,0.6637015,0.7628131,0.84548026,0.79402703,1.0865933,0.71060884,0.51892,0.48649973,0.5086521,0.51732934,0.2893912,0.48108003,0.5135003,0.4913479,0.48267066,0.42121765,0.03783997,-0.027000548,0.017304208,0.034658693
31,SH600196,0.03487352382328995,0.5625,,,,SH600196,复星医药,2026-10-08,-0.014925379,0.022802616,-0.65454686,0.0049751266,0.21818228,0.0029021085,0.12727086,-0.016998397,-0.74545825,1.0151515,1.020202,0.9970539,1.0076573,0.97348076,0.9158362,0.93434393,0.99452865,0.94930637,0.98695815,0.96957546,0.9508277,0.95640606,0.9719673,0.019294498,0.029107438,0.030077403,0.03111398,0.032365523,0.011026424,0.008542166,0.0033757456,-6.1816674e-05,-0.0006439265,0.81647414,0.789477,0.4408865,0.00030591575,0.12072777,-0.009010987,-0.008015198,0.017102698,0.04449027,0.04702853,1.020202,1.020202,1.020202,1.0757772,1.0757772,0.9591753,0.90909785,0.9048805,0.9048805,0.9048805,1.0021886,0.9875611,0.97440755,0.97440755,0.9996651,0.97474813,0.9544651,0.920297,0.92652214,0.9437792,0.8,0.9,0.95,0.93333334,0.81666666,0.66896445,0.8181704,0.8248199,0.5565906,0.5565906,1.0,1.0,1.0,0.033333335,0.51666665,0.4,0.1,0.4,0.6,0.8,0.6,0.9,0.6,-0.56666666,-0.28333333,0.9445077,0.8678051,0.83636236,0.83898705,0.7842371,0.8753513,0.85718423,0.578713,0.55843467,0.46972355,0.6,0.7,0.6,0.53333336,0.53333336,0.4,0.2,0.35,0.43333334,0.43333334,0.2,0.5,0.25,0.1,0.1,0.6821316,0.8225977,0.6460868,0.50650555,0.5299018,0.3178684,0.1774023,0.35391316,0.49349445,0.47009817,0.3642632,0.64519536,0.29217365,0.01301112,0.059803635,0.9192056,0.82377654,0.64248574,0.8019982,0.93157315,0.26047152,0.32163167,0.3046688,0.56585115,0.5093869,0.7789958,1.2764858,1.4015509,1.8898556,1.5754943,0.6847839,0.6441443,0.550099,0.5114131,0.5054081,0.31521612,0.35585567,0.44990098,0.48858693,0.4945919,0.36956775,0.28828865,0.10019805,0.022826144,0.010816199
32,SH601288,0.034698057306338584,0.875,,,,SH601288,农业银行,2026-10-08,0.008620733,0.017241387,0.5000023,0.0057470747,0.3333302,0.0028735779,0.16666745,0.005747237,0.3333396,0.99145293,1.005698,0.98860395,0.99949735,0.9732087,0.98006225,1.0056075,0.9644859,0.87788165,0.9876635,0.9827414,0.9823053,0.9814538,0.9579335,0.009534961,0.0091147125,0.00997171,0.011526541,0.03387143,0.0057943976,0.0021183772,0.00046190215,0.00038297978,0.0013792167,0.92324877,0.49514467,0.07509806,0.08555698,0.5057056,0.00074768957,0.0077258963,0.013306663,0.012993031,0.0013795998,1.005698,1.005698,1.0112177,1.011305,1.013084,0.96883833,0.96162945,0.9546904,0.9444522,0.86328214,0.9945171,0.9896573,0.99165106,0.99165106,0.9860436,0.97856694,0.97669774,0.9725857,0.9700935,0.9214953,1.0,1.0,1.0,0.93333334,0.95,0.84541476,0.8707024,0.801553,0.83089775,0.9126577,1.0,1.0,0.05,0.33333334,0.26666668,0.6,0.3,0.2,0.033333335,0.016666668,0.4,0.7,-0.15,0.3,0.25,-0.2608648,-0.11597915,0.047831964,-0.042808983,-0.27698806,0.18159726,-0.11579566,-0.17489532,-0.013447259,0.1698622,0.8,0.6,0.55,0.56666666,0.53333336,0.2,0.4,0.45,0.4,0.41666666,0.6,0.2,0.1,0.16666667,0.11666667,0.95744544,0.6481483,0.4845361,0.5696823,0.59176034,0.04255453,0.35185167,0.5154639,0.4303177,0.40823966,0.91489094,0.29629666,-0.03092779,0.13936459,0.18352064,0.9859338,0.95608944,0.9567528,1.0360993,1.2968783,0.16783588,0.13866791,0.17841983,0.23796335,0.4139565,0.76620656,0.71850973,0.8291284,0.85738444,1.1397752,0.4798922,0.588122,0.50295126,0.43352422,0.487093,0.5201078,0.411878,0.4970487,0.56647575,0.51290697,-0.04021561,0.17624404,0.005902586,-0.13295154,-0.025813995
33,SH600011,0.034543068100451824,1.0,,,,SH600011,华能国际,2026-10-08,0.026950384,0.03971633,0.6785719,0.00851063,0.21428542,0.004255315,0.10714271,0.022695068,0.5714292,0.97375685,1.0082873,0.96961325,0.9928706,0.93369615,0.9475507,0.936665,0.9228105,0.93369615,0.964473,0.95079166,0.9533028,0.9445984,0.957789,0.025006985,0.022109723,0.016578557,0.019088538,0.02731057,0.015190509,0.0059511513,0.00049127126,0.0013992123,-0.00050909613,0.9224908,0.66412044,0.030733874,0.4164123,0.10598342,0.0051459624,0.02242815,0.042030126,0.03511306,0.057229307,1.0082873,1.0082873,1.0082873,1.0082873,1.0541025,0.9295935,0.92833483,0.92833483,0.9033894,0.9033894,0.9780307,0.96264225,0.9607125,0.9601682,0.98401785,0.953142,0.9348837,0.93908954,0.93072736,0.93369615,1.0,1.0,1.0,1.0,0.93333334,0.8946895,0.89634734,0.89634734,0.92099667,0.6410232,1.0,1.0,1.0,1.0,0.18333334,0.2,0.4,0.7,0.06666667,0.53333336,0.8,0.6,0.3,0.93333334,-0.35,0.8240165,0.8445485,0.7673761,0.5920464,0.67097837,0.81066275,0.7369832,0.71777165,0.63002825,0.33529085,0.8,0.6,0.5,0.53333336,0.46666667,0.2,0.4,0.45,0.43333334,0.48333332,0.6,0.2,0.05,0.1,-0.016666668,0.96206903,0.77040833,0.684438,0.6601643,0.5507961,0.03793099,0.22959165,0.31556198,0.33983573,0.4492039,0.924138,0.5408167,0.36887604,0.32032856,0.101592176,0.6603496,0.49428102,0.47521734,0.44862854,0.6624059,0.29534137,0.27088845,0.21156013,0.18080334,0.373527,1.0688494,1.4787539,1.4531236,1.4406079,2.029201,0.77474636,0.6437348,0.600615,0.50396734,0.5163643,0.22525363,0.3562652,0.39938498,0.49603266,0.48363575,0.5494928,0.28746963,0.20123003,0.007934683,0.032728504
34,SH601006,0.03375642251372306,0.9375,,,,SH601006,大秦铁路,2026-10-08,0.0210971,0.0210971,1.0,0.0,0.0,0.0,0.0,0.0210971,1.0,0.97933877,1.0,0.97933877,0.99463576,0.9688922,0.974962,0.9939302,0.98558414,0.974962,0.97359633,0.97283757,0.9818664,0.98229635,0.9868108,0.01651341,0.011138325,0.012992893,0.011939009,0.017711861,0.009332328,0.0012875354,-0.0014056392,-0.0004037527,-0.00023385824,0.7984478,0.122487,0.40964153,0.08863313,0.053171247,0.007739034,0.021368507,0.031487156,0.02355806,0.020088037,1.0,1.0,1.0059866,1.0059866,1.045102,0.9543491,0.9543491,0.9543491,0.9543491,0.9500927,0.98361146,0.97587246,0.9954476,0.99423367,0.9977238,0.9623672,0.96464336,0.97071314,0.9711684,0.9711684,1.0,1.0,1.0,1.0,0.84166664,1.0,1.0,0.8840661,0.8840661,0.5252889,1.0,1.0,0.05,0.36666667,0.26666668,0.4,0.7,0.85,0.9,0.06666667,0.6,0.3,-0.8,-0.53333336,0.2,0.9955823,0.9377982,0.5538746,0.2984249,0.31068814,0.8945581,0.8453962,0.65302676,0.1446971,0.16563092,0.6,0.4,0.35,0.4,0.45,0.4,0.6,0.5,0.43333334,0.46666667,0.2,-0.2,-0.15,-0.033333335,-0.016666668,0.82539725,0.703704,0.52898544,0.53974915,0.5268293,0.17460278,0.296296,0.4710146,0.46025085,0.4731707,0.65079445,0.407408,0.057970833,0.07949828,0.05365862,0.5330675,0.46909228,0.47315136,0.4969911,0.53051215,0.27792326,0.20358686,0.14838956,0.16221255,0.15830532,1.2214779,1.584972,1.5067638,1.4681212,1.1571263,0.9502826,0.7075666,0.64095837,0.5565804,0.5365302,0.049717445,0.29243335,0.3590416,0.4434196,0.4634698,0.9005651,0.4151333,0.28191677,0.1131608,0.07306041
35,SZ000708,0.03298451251637184,0.875,,,,,,2026-10-08,0.006097585,0.014481749,0.42105305,0.00762201,0.5263183,0.0007621548,0.05262864,-0.0007622703,-0.052636616,0.9939394,1.0075759,0.9931818,1.0006757,0.98175246,1.0037811,1.0203847,1.0480027,0.9598883,0.98208123,0.98163736,0.9960875,1.0086251,1.0242808,0.013984493,0.010778289,0.017283954,0.023775792,0.03740743,0.006657902,0.00055295485,-0.002125732,-0.002364328,-0.00081781595,0.56665844,0.02412632,0.52941823,0.7663852,0.14577909,0.0046029845,0.015874341,0.024106987,0.025657607,-0.00015523861,1.0075759,1.0098624,1.0329648,1.0644244,1.1234235,0.95746756,0.95746756,0.95746756,0.95746756,0.93595874,0.99447644,0.99256945,1.0107512,1.0271906,1.050074,0.96945584,0.97208613,0.9778728,0.9842512,0.992964,1.0,1.0,0.5,0.33333334,0.25,0.8488111,0.8117674,0.5633643,0.39766,0.34161767,1.0,0.1,0.05,0.033333335,0.28333333,0.6,0.8,0.9,0.93333334,0.016666668,0.4,-0.7,-0.85,-0.9,0.26666668,0.59513116,0.1178487,0.35371986,0.26816902,0.24978477,0.34209755,0.010271086,-0.13432768,-0.18140619,0.032874253,0.6,0.5,0.5,0.43333334,0.46666667,0.4,0.5,0.5,0.5,0.5,0.2,0.0,0.0,-0.06666667,-0.033333335,0.70786434,0.4774952,0.44322336,0.41742072,0.528625,0.29213566,0.5225048,0.55677664,0.58257926,0.47137496,0.4157287,-0.045009624,-0.113553286,-0.16515855,0.057250056,0.922693,0.99188715,1.12472,1.1768916,1.2747613,0.21198638,0.24870074,0.3242905,0.322771,0.30228275,1.2447742,0.9663013,0.76268107,0.9095973,0.9276273,0.56995475,0.46281222,0.46295,0.49214512,0.48494565,0.43004522,0.5371878,0.53705,0.5078549,0.51505435,0.13990955,-0.07437559,-0.0741,-0.015709767,-0.030108716
36,SH600941,0.030508635856091683,0.875,,,,SH600941,中国移动,2026-10-08,0.021374263,0.024293613,0.87983054,0.0014597317,0.06008706,0.0014596184,0.0600824,0.02137415,0.8798259,0.97907305,1.0014292,0.97764397,0.99383557,0.9586313,0.9640131,1.0024098,0.9663426,0.89452964,0.97736365,0.9683991,0.97253597,0.974346,0.9603181,0.013212542,0.013098387,0.013236805,0.013433661,0.023932364,0.006811786,0.003400057,-0.00059285195,-0.00026978974,0.00092564157,0.6644912,0.6176582,0.07020923,0.031258184,0.45626205,0.00901276,0.01630066,0.033096153,0.029565956,0.012375479,1.0014292,1.0014292,1.0044332,1.0044332,1.0044332,0.95535064,0.9515932,0.9515932,0.9515932,0.8751599,0.98232794,0.97289747,0.9786328,0.98350066,0.97649604,0.9688971,0.95908105,0.96308136,0.96320987,0.9486063,1.0,1.0,1.0,0.96666664,0.98333335,0.9689837,0.97132224,0.91610324,0.91610324,0.96570754,1.0,1.0,0.05,0.36666667,0.68333334,0.2,0.3,0.65,0.76666665,0.033333335,0.8,0.7,-0.6,-0.4,0.65,0.91093755,0.66256624,0.38024577,0.48822126,-0.055203848,0.80406886,0.5746234,0.3431936,0.4739036,0.46625564,0.8,0.5,0.4,0.43333334,0.5,0.2,0.5,0.6,0.56666666,0.5,0.6,0.0,-0.2,-0.13333334,0.0,0.92845285,0.78791904,0.49010536,0.58582574,0.6082084,0.07154715,0.21208096,0.5098946,0.41417426,0.39179158,0.8569057,0.5758381,-0.019789254,0.17165145,0.2164168,0.66976607,0.59521925,0.5790677,0.6283446,0.793663,0.19830656,0.17972033,0.15384138,0.19463556,0.33161885,1.100251,1.3864341,1.2182605,1.0307277,1.0387579,0.8247032,0.66115886,0.49590126,0.504325,0.5107339,0.17529681,0.33884117,0.5040987,0.495675,0.48926607,0.6494064,0.3223177,-0.008197481,0.008650003,0.021467835
37,SH601658,0.030190805602050043,0.9375,,,,SH601658,邮储银行,2026-10-08,0.009191171,0.020220524,0.45454666,0.0073529016,0.36363557,0.0036764508,0.18181778,0.0055147205,0.27272886,0.9908925,1.007286,0.98724955,0.99981153,0.9685452,0.9816514,1.0131062,0.90694624,0.90301436,0.98401046,0.9785059,0.9830275,0.9673657,0.94237655,0.0139443595,0.011362027,0.009848907,0.03255293,0.0361223,0.008387941,0.0023988204,-0.00041486413,0.0023596918,0.0014466668,0.90459377,0.40859708,0.06210174,0.40722275,0.48919952,-0.0007863544,0.010699413,0.020913688,-0.0015811916,0.014946752,1.007286,1.007286,1.0212632,1.0212632,1.0212632,0.96490407,0.9592263,0.9592263,0.89652467,0.8865953,0.99580604,0.98741806,0.9926605,0.9926605,0.9819135,0.9706422,0.9706422,0.97116643,0.9237222,0.90563565,1.0,1.0,1.0,0.96666664,0.98333335,0.82808834,0.8483979,0.6572481,0.82953733,0.84210587,1.0,1.0,0.05,0.36666667,0.68333334,0.4,0.3,0.65,0.033333335,0.033333335,0.6,0.7,-0.6,0.33333334,0.65,0.3020636,0.54576755,0.43071583,0.39040342,0.42785496,-0.39115247,-0.09781643,0.15399586,0.57081175,0.5033085,0.8,0.5,0.35,0.43333334,0.43333334,0.2,0.5,0.55,0.46666667,0.46666667,0.6,0.0,-0.2,-0.033333335,-0.033333335,0.9285713,0.66666615,0.44565195,0.67661697,0.5929649,0.07142874,0.33333385,0.55434805,0.32338306,0.40703514,0.8571425,0.33333227,-0.108696125,0.3532339,0.18592973,0.96981853,0.8617838,0.97097075,1.0878702,1.0046413,0.16457702,0.16767175,0.28533822,0.58952856,0.4635425,0.97732466,1.1189065,1.2130635,2.2402153,2.0213726,0.685055,0.5714194,0.3683288,0.49735817,0.50533545,0.314945,0.42858058,0.6316712,0.50264186,0.49466455,0.37011,0.14283885,-0.26334238,-0.005283666,0.01067091
38,SH600000,0.030032012169778678,0.8125,,,,SH600000,浦发银行,2026-10-08,0.026455013,0.031746,0.83333373,0.0010581976,0.033333257,0.0042327903,0.13333303,0.029629605,0.9333335,0.97422683,1.0010309,0.97010314,0.9921325,0.92578757,0.93818593,0.9567539,0.93610966,0.88598204,0.959198,0.9451741,0.95059323,0.94827473,0.9434261,0.028978452,0.024459051,0.019081207,0.017036902,0.023004666,0.017725578,0.006160197,-0.00023421322,0.0003078965,0.0004910835,0.93538517,0.58146214,0.00527326,0.0253122,0.13898844,0.0053508687,0.027104987,0.051631782,0.047260784,0.04208695,1.0010309,1.0010309,1.0010309,1.0010309,1.0020988,0.92477095,0.9185629,0.9185629,0.9185629,0.87319565,0.98187107,0.9526132,0.9649641,0.9581895,0.9569556,0.94105715,0.9286706,0.93361807,0.93383163,0.9286706,1.0,1.0,1.0,1.0,0.98333335,0.9864814,0.9874991,0.9874991,0.9874991,0.9837179,1.0,1.0,1.0,1.0,0.26666668,0.2,0.3,0.65,0.76666665,0.016666668,0.8,0.7,0.35,0.23333333,0.25,0.7071301,0.79506207,0.56426394,0.49698877,0.36425537,0.5304405,0.5175193,0.22671416,0.3437344,0.4028991,1.0,0.7,0.55,0.53333336,0.53333336,0.0,0.3,0.45,0.46666667,0.46666667,1.0,0.4,0.1,0.06666667,0.06666667,1.0,0.8256255,0.6028209,0.59686995,0.58886635,0.0,0.1743745,0.39717913,0.40313005,0.41113365,1.0,0.65125096,0.20564175,0.19373988,0.17773269,0.89428157,0.67988926,0.6473366,0.6648045,0.6744129,0.31899226,0.3133315,0.24004778,0.21524012,0.23055452,0.98760736,1.4354614,1.1903496,1.0007038,1.1969898,0.65604055,0.58010834,0.55625874,0.5325422,0.52636814,0.34395948,0.41989166,0.4437413,0.46745777,0.4736319,0.31208107,0.16021672,0.11251743,0.06508448,0.052736234
39,SZ000651,0.029828937132027576,0.875,,,,,,2026-10-08,0.0007834969,0.014886334,0.05263196,0.0060067023,0.40350446,0.008096135,0.5438636,0.0028729297,0.19299108,0.9992171,1.006002,0.9911273,1.0005445,1.0010437,0.99425864,1.0041747,1.026422,0.95736414,0.9999995,0.99864244,1.0037313,1.0097841,1.0056868,0.0038881078,0.0052088075,0.008472295,0.012545083,0.01922245,-0.0012525277,0.00037965024,-0.0009151276,-0.0011842045,0.00019827539,0.2594407,0.048696995,0.4083469,0.69057053,0.032450393,0.0025055066,-0.00035084758,0.0049624722,0.007386849,-0.011535858,1.0106987,1.0106987,1.0250521,1.0428172,1.055237,0.9908654,0.98669046,0.98669046,0.98669046,0.9377403,1.0026093,1.0026093,1.0116383,1.0190828,1.0172743,0.9980159,0.99373657,0.9959285,0.999164,0.99425864,0.6,0.6,0.45,0.3,0.38333333,0.4605701,0.5543752,0.34694988,0.23713394,0.52988434,0.2,0.6,0.15,0.13333334,0.26666668,0.8,0.4,0.7,0.8,0.033333335,-0.6,0.2,-0.55,-0.6666667,0.23333333,0.48929274,-0.3465938,-0.053467967,0.57322735,0.32588837,0.40830567,-0.2936829,-0.43827778,-0.36315995,0.18553255,0.6,0.6,0.5,0.43333334,0.46666667,0.4,0.4,0.5,0.56666666,0.51666665,0.2,0.2,0.0,-0.13333334,-0.05,0.47368848,0.5462199,0.48425457,0.42605683,0.5481253,0.5263115,0.4537801,0.51574546,0.57394314,0.45187467,-0.052623022,0.09243979,-0.031490892,-0.1478863,0.09625066,0.8533723,1.0024387,1.0644052,1.309827,1.6054475,0.12550966,0.33448815,0.29936358,0.5047505,0.66601604,0.5853125,1.1279721,0.99570864,0.91506666,1.3958209,0.7147815,0.4619037,0.48942754,0.41475216,0.49610475,0.28521848,0.5380963,0.5105725,0.5852479,0.5038952,0.42956302,-0.07619259,-0.021144945,-0.1704957,-0.0077904775
40,SH600919,0.029535858283910008,0.8125,,,,SH600919,江苏银行,2026-10-08,0.018638654,0.02350076,0.7931085,0.0032414382,0.13792908,0.001620668,0.068962365,0.017017882,0.72414184,0.9817024,1.0031822,0.98011136,0.9957038,0.9603914,0.9673812,0.9739049,0.95060575,0.8932898,0.9799627,0.971342,0.9765144,0.9721808,0.94542557,0.012947306,0.012816648,0.014418469,0.013961885,0.03113194,0.0062441896,0.0033466013,-0.00011702146,0.00060386,0.0016179681,0.58147806,0.6249862,0.0023054767,0.14497267,0.8238106,0.007548943,0.013598285,0.024597283,0.01906325,0.006844372,1.0031822,1.0031822,1.0184945,1.0184945,1.0184945,0.96018803,0.950652,0.950652,0.9388522,0.87770474,0.9880708,0.97725993,0.9877912,0.98126745,0.9724137,0.971109,0.96150976,0.96486485,0.96150976,0.91752094,1.0,1.0,0.925,0.95,0.975,0.9259868,0.93942285,0.7273913,0.7677811,0.8686378,1.0,1.0,0.4,0.6,0.8,0.2,0.4,0.7,0.033333335,0.05,0.8,0.6,-0.3,0.56666666,0.75,0.020783512,0.08463988,0.01747194,0.037655577,-0.18628328,0.7572358,0.6569837,0.24226387,0.3660102,0.27353275,0.6,0.4,0.4,0.43333334,0.51666665,0.4,0.6,0.6,0.56666666,0.48333332,0.2,-0.2,-0.2,-0.13333334,0.033333335,0.85714364,0.69662935,0.56829274,0.5883334,0.5972813,0.14285637,0.30337065,0.43170726,0.4116666,0.40271872,0.7142873,0.3932587,0.13658547,0.1766668,0.19456257,1.0659342,1.0472308,1.0739973,1.0805185,1.1328024,0.28022796,0.23707235,0.23741111,0.25521073,0.2755984,0.68077505,0.78013897,0.750901,0.7186703,0.696441,0.58949536,0.42670768,0.52390885,0.47502467,0.5033216,0.41050467,0.5732923,0.47609118,0.5249753,0.4966784,0.17899066,-0.14658463,0.047817655,-0.049950644,0.006643182
41,SH600036,0.02849178969824804,0.9375,,,,SH600036,招商银行,2026-10-08,0.010906468,0.0201163,0.5421707,0.002908352,0.14457689,0.0063014785,0.3132524,0.014299595,0.7108462,0.9892112,1.002877,0.9829777,0.9976101,0.97339815,0.9810655,0.97984165,0.93862486,0.8853852,0.9820662,0.97928727,0.9841307,0.9736909,0.9500534,0.012164618,0.009187551,0.009781015,0.019385109,0.031658217,0.006375095,0.0016816093,-0.0005154067,0.0014214978,0.0015231404,0.68661994,0.30708748,0.097185254,0.41673276,0.7060034,0.0051835747,0.013145495,0.020765698,0.005697376,0.0050139646,1.002877,1.002877,1.0028797,1.0028797,1.0028797,0.9642855,0.9642855,0.9642855,0.9223271,0.871011,0.9913607,0.9849964,0.992419,0.9861483,0.98066235,0.9737149,0.9733478,0.97414684,0.9531534,0.9280274,1.0,1.0,0.95,0.96666664,0.98333335,0.9254505,0.9254505,0.9253838,0.96425,0.97816193,1.0,1.0,0.4,0.6,0.8,0.6,0.8,0.9,0.033333335,0.033333335,0.4,0.2,-0.5,0.56666666,0.76666665,0.8410194,0.7293089,0.7544239,0.036122944,-0.28007746,0.6683379,0.6654662,0.6649001,0.66819966,0.47764072,0.6,0.4,0.45,0.5,0.55,0.4,0.6,0.55,0.5,0.45,0.2,-0.2,-0.1,0.0,0.1,0.87742627,0.64676356,0.5638395,0.6287182,0.6078444,0.12257372,0.35323644,0.43616053,0.37128183,0.39215556,0.7548526,0.2935271,0.12767893,0.25743636,0.21568887,0.88386697,0.8205202,0.9183082,1.007411,1.234197,0.15902515,0.14051592,0.20224316,0.30198434,0.45635012,1.1461458,1.0306814,0.81976646,1.0096742,1.0981804,0.71213657,0.5659377,0.49838826,0.4386706,0.493217,0.28786343,0.4340623,0.5016117,0.5613294,0.506783,0.42427313,0.13187538,-0.0032234641,-0.12265882,-0.013566032
42,SH601009,0.028284653503068247,0.875,,,,SH601009,南京银行,2026-10-08,0.013389141,0.026778178,0.50000197,0.0058576907,0.21874866,0.0075313463,0.2812494,0.015062797,0.5625027,0.98678774,1.0057803,0.97935593,0.99570745,0.96859294,0.9859525,0.9801279,0.9709914,0.88270897,0.98643214,0.9794883,0.9884879,0.9822902,0.9558341,0.009666039,0.0099301655,0.015178321,0.016281769,0.03270744,0.003312008,0.0023962758,-0.0007652761,0.0005971309,0.0015726826,0.29351187,0.53379196,0.088972725,0.104240775,0.70516205,0.006943845,0.009728424,0.018782245,0.009051382,-0.0022282132,1.0057803,1.0057803,1.0272508,1.0272508,1.0272508,0.9661086,0.95867604,0.95867604,0.949548,0.86703694,0.99141157,0.98725444,1.0008223,0.9926451,0.98439926,0.98081315,0.971905,0.9741434,0.9712426,0.9272499,1.0,1.0,0.8,0.8666667,0.93333334,0.8542967,0.87728715,0.602612,0.64929473,0.82991,1.0,1.0,0.35,0.56666666,0.78333336,0.2,0.3,0.65,0.2,0.033333335,0.8,0.7,-0.3,0.36666667,0.75,0.3193918,0.563077,0.18664026,-0.081103005,0.248062,0.6440669,0.63968426,0.46879146,0.48463604,0.37567967,0.6,0.5,0.45,0.43333334,0.5,0.4,0.5,0.55,0.53333336,0.45,0.2,0.0,-0.1,-0.1,0.05,0.77120256,0.5841311,0.5551333,0.55336136,0.61268383,0.22879745,0.41586885,0.4448667,0.44663864,0.38731614,0.54240507,0.16826227,0.11026661,0.106722705,0.22536771,0.88242525,0.78672063,0.8269272,0.9043041,0.86833334,0.2238903,0.19284227,0.20202383,0.22816144,0.22920682,0.50641954,0.7915563,1.0482122,0.9412652,1.0055232,0.6453819,0.52594453,0.5193588,0.45810458,0.5223765,0.3546181,0.47405547,0.48064122,0.54189545,0.47762352,0.2907638,0.051889043,0.038717583,-0.08379087,0.044752963
43,SH600025,0.02773414836517777,0.9375,,,,SH600025,华能水电,2026-10-08,0.021233538,0.027300313,0.7777763,0.0050556865,0.18518786,0.0010110895,0.037035823,0.01718894,0.6296243,0.97920793,1.0049505,0.9782179,0.9976568,0.95047176,0.97169816,0.98034596,0.96619505,0.93946546,0.9781447,0.96729565,0.9666274,0.9639937,0.9702045,0.013553049,0.01497704,0.012289464,0.012274016,0.017689466,0.0071540787,0.003764051,0.0007371016,0.00060619356,-0.0003159074,0.69658387,0.5789892,0.12590903,0.18903881,0.097272485,0.007547164,0.015766138,0.026370142,0.027216444,0.039114825,1.0049505,1.0049505,1.0049505,1.0049505,1.0282557,0.94758594,0.94487584,0.9409754,0.94060034,0.93265045,0.9836478,0.977673,0.97405666,0.9726415,0.98113215,0.96792454,0.9559749,0.9559749,0.9525158,0.9556604,1.0,1.0,1.0,1.0,0.8833333,0.9137,0.9175932,0.9226173,0.9230684,0.7044548,1.0,1.0,1.0,1.0,0.15,0.2,0.3,0.15,0.23333333,0.016666668,0.8,0.7,0.85,0.76666665,0.13333334,0.65275335,0.63284194,0.39478365,0.420994,0.44624895,0.861212,0.6402157,0.4222746,0.50460565,0.34498382,0.8,0.4,0.45,0.43333334,0.46666667,0.2,0.6,0.55,0.56666666,0.46666667,0.6,-0.2,-0.1,-0.13333334,0.0,0.8705876,0.66071373,0.5576035,0.5634216,0.5580693,0.12941243,0.33928624,0.44239655,0.43657836,0.4419307,0.7411751,0.3214275,0.115206905,0.12684326,0.11613858,0.8212003,0.703377,0.7107734,0.7248316,0.776976,0.13141488,0.17542526,0.17391127,0.16536023,0.26498294,0.4873681,0.88726276,0.8160249,0.76836634,1.0586993,0.7710018,0.6675105,0.49566367,0.5109753,0.49837235,0.22899815,0.33248946,0.50433636,0.4890247,0.5016277,0.5420037,0.33502108,-0.008672682,0.02195061,-0.003255331
44,SH600015,0.02763430154847502,0.8125,,,,SH600015,华夏银行,2026-10-08,0.007987196,0.012779563,0.62499756,0.0031949119,0.25000164,0.0015974559,0.12500082,0.0063897395,0.49999672,0.9920761,1.0031695,0.9904913,0.9993879,0.9872923,1.0017107,0.9872923,1.0444771,1.0290812,0.9889052,0.98907626,0.99590665,1.0113474,1.03616,0.008063757,0.005651968,0.009786688,0.031355683,0.03695558,0.003958937,0.00029473478,-0.000857164,-0.0027057868,-0.0014766105,0.6025905,0.024927275,0.26848772,0.57710695,0.48693576,0.0031769276,0.009597425,0.012236396,0.027886547,0.0074000037,1.0031695,1.0047395,1.0222313,1.0920829,1.1174139,0.9763023,0.9763023,0.9763023,0.9698602,0.9698602,0.9949169,0.99364614,1.0026393,1.0403227,1.0685239,0.9831867,0.9866569,0.9872923,0.9872923,0.99364614,1.0,1.0,0.675,0.51666665,0.25833333,0.8820275,0.8333348,0.5159629,0.24659768,0.20426345,1.0,0.1,0.3,0.13333334,0.3,0.4,0.7,0.85,0.26666668,0.6333333,0.6,-0.6,-0.55,-0.13333334,-0.33333334,0.3670242,0.2165366,0.45995736,0.11433647,0.028039675,-0.26235157,0.032166608,-0.046217985,-0.45317474,-0.2284531,0.6,0.4,0.55,0.5,0.48333332,0.2,0.4,0.35,0.43333334,0.43333334,0.4,0.0,0.2,0.06666667,0.05,0.72413856,0.48148108,0.5486891,0.42857134,0.47488388,0.27586147,0.5185189,0.4513109,0.57142866,0.52511615,0.4482771,-0.03703784,0.09737822,-0.1428573,-0.050232247,0.7550611,0.6945372,0.8960816,1.0939926,0.99766773,0.20826007,0.19580194,0.29704428,0.58234525,0.47254148,0.705835,0.8379334,0.7253775,1.966118,1.9234328,0.7085876,0.53055006,0.40094602,0.48686618,0.5121966,0.2914124,0.4694499,0.599054,0.5131338,0.48780343,0.41717517,0.06110016,-0.19810796,-0.026267659,0.024393164
45,SH600018,0.02740607417579715,0.875,,,,SH600018,上港集团,2026-10-08,0.016513746,0.022018328,0.75,0.005504582,0.25,0.0,0.0,0.011009164,0.5,0.9837545,1.0054152,0.9837545,0.99853384,0.9719334,0.98544693,0.9948025,0.9334719,0.89085245,0.98087317,0.97723496,0.9824324,0.972973,0.94885653,0.012551748,0.010119373,0.010055187,0.020770306,0.03055185,0.0076923207,0.0018333021,-0.0005220969,0.001321866,0.0014912318,0.9389584,0.3008654,0.09436043,0.31389964,0.7266331,0.0037421705,0.014515208,0.022527475,0.007859961,0.0071521034,1.0054152,1.0054152,1.011329,1.011329,1.011329,0.96777546,0.962197,0.962197,0.9296438,0.8782346,0.987526,0.9810811,0.9918919,0.9918919,0.9806653,0.9711018,0.96777546,0.9719334,0.94927233,0.9226611,1.0,1.0,1.0,0.96666664,0.98333335,0.85613185,0.8747017,0.7694156,0.8613081,0.9148794,1.0,1.0,0.05,0.36666667,0.68333334,0.2,0.3,0.65,0.033333335,0.033333335,0.8,0.7,-0.6,0.33333334,0.65,0.81772286,0.6508677,0.32927522,0.37854293,0.059528682,0.42693764,0.43754488,0.20598893,0.67278874,0.592861,0.8,0.6,0.5,0.53333336,0.5,0.2,0.4,0.45,0.4,0.36666667,0.6,0.2,0.05,0.13333334,0.13333334,0.88571453,0.5875,0.51851857,0.63114744,0.62711847,0.11428549,0.41250002,0.48148146,0.36885256,0.3728815,0.771429,0.17499997,0.037037086,0.26229486,0.254237,0.7796203,0.7542458,0.81546575,0.9000319,0.91738886,0.13976626,0.1219515,0.15772988,0.43842652,0.37845188,0.881026,0.66627485,0.80077523,2.5487783,2.3810394,0.81536424,0.5910682,0.43200427,0.50981134,0.49115944,0.18463574,0.4089318,0.5679957,0.49018866,0.50884056,0.6307285,0.18213643,-0.13599144,0.019622657,-0.017681101
46,SZ002352,0.02739298575177842,0.875,,,,,,2026-10-08,0.0039151437,0.009787925,0.39999735,0.004241438,0.43333378,0.0016313423,0.16666888,0.0013050479,0.13333245,0.9961001,1.0042249,0.9944751,1.0002931,1.0038601,0.9840565,1.0228245,1.0490056,1.0429639,0.9940086,0.9984644,1.0029789,1.0182792,1.0457036,0.0043069045,0.0058396393,0.01244006,0.02696862,0.039074957,0.00224049,-0.0009057619,-0.001414546,-0.0025613762,-0.0016434524,0.6765433,0.22052988,0.45254028,0.6990865,0.5395318,0.0015104389,0.005611523,0.010459222,0.018860716,0.0027782028,1.0048815,1.0110632,1.0400928,1.0781764,1.1351159,0.97950035,0.9772298,0.9744559,0.9744559,0.9744559,0.9973819,1.0041957,1.0127381,1.0422758,1.0806412,0.9910716,0.9923303,0.9923303,0.9956365,1.0049342,1.0,0.6,0.5,0.33333334,0.16666667,0.80767375,0.67300874,0.38917282,0.24627839,0.15899485,0.2,0.3,0.1,0.23333333,0.3,0.6,0.1,0.5,0.6666667,0.8333333,-0.4,0.2,-0.4,-0.43333334,-0.53333336,0.38880005,-0.15701586,0.0695929,0.31847543,0.53130287,-0.20899239,-0.40004736,-0.57859534,-0.44970784,-0.156039,0.6,0.6,0.5,0.5,0.46666667,0.4,0.3,0.45,0.46666667,0.51666665,0.2,0.3,0.05,0.033333335,-0.05,0.4238402,0.66435933,0.40173414,0.40350282,0.46330276,0.5761598,0.33564064,0.5982658,0.5964972,0.53669727,-0.1523196,0.3287187,-0.1965317,-0.19299436,-0.0733945,0.8368924,0.82469887,0.90941554,1.0998857,1.2609087,0.16574201,0.1765569,0.25410926,0.62401724,0.52402246,0.55685353,1.1814233,1.0131168,2.7175677,1.9433236,0.7210741,0.37734303,0.50441164,0.4856136,0.49964797,0.27892593,0.622657,0.49558836,0.5143864,0.500352,0.44214818,-0.24531396,0.008823253,-0.028772796,-0.0007040343
47,SH600886,0.025749140440881835,0.75,,,,SH600886,国投电力,2026-10-08,0.02624679,0.036089208,0.7272753,0.00721779,0.19999857,0.0026246274,0.0727261,0.021653628,0.6000029,0.9744245,1.0070332,0.97186697,0.996663,0.9315789,0.92647356,0.9066493,0.89897436,0.83111686,0.9746782,0.94667304,0.9326699,0.91789997,0.9127262,0.018098544,0.032361683,0.027210843,0.031130051,0.029602978,0.009398177,0.009858102,0.003643138,0.0030659817,0.00070426404,0.6741243,0.8506205,0.62738675,0.7517633,0.17262354,0.006525416,0.008965509,0.032720305,0.03764329,0.06649798,1.0070332,1.0070332,1.0070332,1.0070332,1.0070332,0.92902976,0.89833593,0.89642006,0.86572385,0.8206167,0.98414063,0.9755686,0.9538375,0.9295323,0.9317389,0.9649611,0.91432434,0.9111236,0.89104474,0.8898974,1.0,1.0,1.0,1.0,1.0,0.9098348,0.9352956,0.9364163,0.9502284,0.96227163,1.0,1.0,1.0,1.0,1.0,0.2,0.3,0.25,0.23333333,0.016666668,0.8,0.7,0.75,0.76666665,0.98333335,0.47023866,0.79837483,0.68215215,0.32880825,0.10392431,0.9199789,0.7502986,0.6048729,0.345482,0.2633849,0.8,0.6,0.6,0.56666666,0.55,0.2,0.4,0.3,0.36666667,0.4,0.6,0.2,0.3,0.2,0.15,0.87415296,0.7889284,0.77864504,0.6863308,0.64271164,0.12584704,0.21107163,0.22135495,0.3136692,0.3572884,0.7483059,0.5778568,0.55729014,0.3726616,0.28542325,0.8361295,0.6544904,0.58899885,0.5976344,0.8169849,0.26543567,0.2689518,0.20945807,0.19537136,0.40057465,0.7765286,1.1105791,1.466582,1.2123655,0.9740765,0.6183391,0.60485303,0.5301834,0.5121952,0.51961505,0.3816609,0.39514697,0.46981665,0.48780477,0.48038495,0.23667821,0.20970605,0.060366694,0.024390448,0.039230105
48,SH601669,0.022272052222637916,0.8125,,,,SH601669,中国电建,2026-10-08,0.0021881363,0.010940881,0.19999635,0.004376373,0.40000182,0.004376373,0.40000182,0.0021881363,0.19999635,0.9978166,1.0043669,0.9934498,1.000137,1.0031747,0.988889,1.0063492,1.0095239,1.0095239,0.9930159,1.0004762,1.0038096,1.006508,1.0235186,0.0060024345,0.009196317,0.010892943,0.010050645,0.023250524,0.00269841,-0.0021260243,-0.0010717255,-0.0006825922,-0.00089694164,0.5052439,0.4899142,0.33880106,0.3574675,0.45390266,0.0015872754,0.009090879,0.006371838,0.003389619,0.0029412403,1.0043669,1.0242141,1.0250059,1.0250059,1.0857306,0.982933,0.9827214,0.98234,0.98234,0.98234,0.9987302,1.0073016,1.0114286,1.0133334,1.048254,0.9873016,0.99111116,0.9914286,0.99968255,1.0060318,1.0,0.5,0.375,0.25,0.125,0.796265,0.41642514,0.41391343,0.41391343,0.17080884,1.0,0.1,0.3,0.53333336,0.31666666,0.4,0.1,0.5,0.6666667,0.8333333,0.6,0.0,-0.2,-0.13333334,-0.51666665,0.8593115,0.57116526,0.530076,0.4375936,0.7010565,0.4636628,0.75671005,0.5641207,0.45436674,0.18756463,0.4,0.4,0.35,0.43333334,0.43333334,0.4,0.5,0.45,0.43333334,0.48333332,0.0,-0.1,-0.1,0.0,-0.05,0.4444433,0.5777773,0.47368404,0.47321424,0.48986486,0.5555567,0.42222267,0.526316,0.52678573,0.5101351,-0.11111344,0.15555462,-0.052631926,-0.053571507,-0.020270284,0.8007306,0.9785201,1.0408777,1.0061362,1.3349413,0.15905325,0.5128289,0.39772093,0.3318849,0.5194628,0.91258854,1.6530508,1.5330005,1.4124435,1.2356676,0.73333836,0.5288019,0.50943244,0.4636711,0.49923366,0.2666616,0.47119808,0.49056754,0.5363289,0.50076634,0.46667677,0.057603844,0.018864904,-0.07265783,-0.0015326447
49,SH601816,0.02179365628110168,0.6875,,,,SH601816,京沪高铁,2026-10-08,0.008385745,0.01677149,0.5,0.0020964171,0.12499885,0.006289328,0.37500113,0.012578656,0.75000226,0.991684,1.002079,0.985447,0.9933342,0.97924525,0.98490566,1.0226414,1.028302,0.9490566,0.98603773,0.98603773,0.99415094,1.0018868,1.0083019,0.011289262,0.00806406,0.011852774,0.01527221,0.026902176,0.004905665,0.0003430549,-0.0014867357,-0.0014842488,-0.0001617849,0.4720681,0.016589424,0.5506753,0.7320004,0.011030646,0.0041509313,0.012418522,0.019973049,0.019634819,-0.0035292285,1.002079,1.002079,1.0298175,1.0426506,1.0653526,0.97339624,0.97339624,0.97339624,0.97339624,0.93276376,0.9939622,0.9909434,1.0041509,1.0154717,1.030566,0.9750944,0.97849053,0.98490566,0.9883019,0.9864151,1.0,1.0,0.675,0.45,0.34166667,0.927518,0.927518,0.4715203,0.3841457,0.5071032,1.0,1.0,0.05,0.033333335,0.31666666,0.6,0.8,0.9,0.93333334,0.033333335,0.4,0.2,-0.85,-0.9,0.28333333,0.6693488,0.42012137,0.069347486,-0.013084434,0.14700592,0.6872515,0.6701157,0.3869273,0.13037276,0.07881734,0.6,0.5,0.4,0.5,0.53333336,0.4,0.5,0.6,0.5,0.45,0.2,0.0,-0.2,0.0,0.083333336,0.6571431,0.58695674,0.42857143,0.44186032,0.5470383,0.34285688,0.4130433,0.5714286,0.5581397,0.45296165,0.31428623,0.17391342,-0.14285715,-0.11627935,0.09407667,0.94876856,0.75866,0.70869523,0.70254993,0.8432257,0.26969635,0.27287441,0.20193397,0.18073581,0.3095893,0.5868886,0.9992504,0.94056165,0.889377,0.9021458,0.6974098,0.615886,0.584017,0.50730515,0.51556146,0.30259022,0.38411406,0.41598305,0.49269482,0.48443854,0.3948196,0.2317719,0.1680339,0.014610329,0.031122897
50,SH600406,0.020900128986714457,0.75,,,,SH600406,国电南瑞,2026-10-08,0.019170837,0.023629067,0.8113243,0.0017832922,0.07547027,0.0026749382,0.11320541,0.020062484,0.84905946,0.9811898,1.0017498,0.97856516,0.99557215,0.9725127,0.95687217,0.9816369,1.021617,0.9781622,0.9816484,0.9719101,0.9723209,0.98227876,1.0021368,0.012735394,0.014171823,0.012389303,0.018294968,0.037686527,0.006584038,0.004296796,5.0157014e-05,-0.0013950878,-0.00079836295,0.66818994,0.8426543,0.0005736376,0.45065218,0.13687633,0.0051835384,0.00875432,0.02720258,0.037950035,0.021414846,1.0017498,1.0017498,1.0017498,1.0281401,1.10114,0.96035063,0.95165807,0.9473121,0.9473121,0.9238474,0.98810244,0.984075,0.984075,1.0004121,1.0388255,0.97079897,0.959912,0.959912,0.9658232,0.9649549,1.0,1.0,1.0,0.8,0.51666665,0.95773464,0.96506906,0.9678577,0.65185213,0.4295306,1.0,1.0,1.0,0.033333335,0.31666666,0.2,0.1,0.5,0.6666667,0.016666668,0.8,0.9,0.5,-0.6333333,0.3,0.6821636,0.86186355,0.5798135,0.31317866,0.5073378,0.81118625,0.7590075,0.27628365,0.03829054,0.07729749,0.6,0.7,0.55,0.46666667,0.48333332,0.4,0.3,0.4,0.5,0.5,0.2,0.4,0.15,-0.033333335,-0.016666668,0.72335804,0.75900984,0.5717208,0.4482462,0.5172498,0.27664194,0.24099013,0.42827925,0.55175376,0.48275015,0.44671613,0.51801974,0.1434415,-0.10350757,0.03449968,0.93170357,0.76173663,0.6854365,0.70343286,1.1028805,0.23203307,0.25437564,0.21015662,0.22703578,0.65069205,0.53092307,0.89377165,1.0610025,1.0567987,1.9305307,0.6204949,0.6313097,0.5307204,0.5062876,0.5048759,0.37950507,0.3686903,0.46927956,0.4937124,0.49512413,0.24098985,0.26261935,0.06144088,0.012575197,0.009751752
51,SH601111,0.01969018137997548,0.75,,,,SH601111,中国国航,2026-10-08,-0.012048199,0.018932898,-0.63636315,0.0034422996,0.18181577,0.0034424,0.18182108,-0.012048098,-0.63635784,1.0121951,1.0156794,0.99651563,1.0062311,1.0380517,1.0,0.9984779,1.0121765,1.0487063,1.0109589,1.0175037,1.0159817,1.017859,1.032141,0.011760387,0.0135236895,0.011427526,0.011701028,0.022283759,0.00015221049,-0.0009870348,-7.324208e-05,-0.00031491043,-0.0007215349,0.00041878,0.04882992,0.001437755,0.056134235,0.31976992,-0.011263312,-0.013062122,-0.015285909,-0.013292725,-0.010855743,1.0356721,1.0467602,1.0467602,1.0467602,1.0991715,0.994102,0.994102,0.9895471,0.9895471,0.9895471,1.0158296,1.0310502,1.026484,1.0292237,1.0480974,1.0036529,1.0057838,1.0057838,1.0060883,1.0121765,0.2,0.1,0.075,0.083333336,0.041666668,0.14188117,0.112005375,0.18270165,0.18270165,0.09535223,0.8,0.5,0.75,0.8333333,0.3,0.4,0.7,0.5,0.6666667,0.8333333,0.4,-0.2,0.25,0.16666667,-0.53333336,-0.0854346,0.215172,0.18297802,0.114978716,0.38408664,0.2651443,0.21537131,0.1592521,0.18201718,0.0004955938,0.4,0.7,0.55,0.53333336,0.5,0.6,0.3,0.35,0.36666667,0.45,-0.2,0.4,0.2,0.16666667,0.05,0.28813565,0.5,0.5039371,0.47959188,0.46153846,0.71186435,0.5,0.4960629,0.5204081,0.53846157,-0.4237287,0.0,0.007874198,-0.040816236,-0.07692308,0.78456694,0.773693,0.6969895,0.6793082,0.7598762,0.22352356,0.1861169,0.21849214,0.19380756,0.22009957,0.7373072,0.8547351,1.0056692,0.9100658,0.7994131,0.59151816,0.60708404,0.5213374,0.5296272,0.504929,0.4084818,0.39291596,0.47866264,0.4703728,0.49507102,0.18303637,0.2141681,0.042674743,0.059254415,0.009857967
52,SH600009,0.019615723385099433,0.875,,,,SH600009,上海机场,2026-10-08,0.002224226,0.013790026,0.16129236,0.0115658,0.8387076,0.0,0.0,-0.009341574,-0.67741525,0.9977807,1.0115402,0.9977807,1.0038602,1.0096658,1.0022093,1.0240265,1.0064899,1.0,0.99693453,1.0027478,1.0162662,1.0189865,1.0287167,0.004226138,0.008340936,0.01892226,0.01661343,0.024512673,0.0016155837,-0.0011942112,-0.0027959293,-0.0011312391,-0.0005777322,0.36535206,0.18790747,0.7641427,0.35932875,0.16942273,-0.00016568451,0.0026261213,0.010295132,-0.00258347,-0.011673605,1.0115402,1.0198734,1.0538759,1.0538759,1.0941972,0.98752326,0.98752326,0.98752326,0.98752326,0.97315097,1.0004419,1.0102181,1.0384148,1.0347418,1.0473626,0.99306816,0.99610597,0.99944764,1.0022093,1.0062413,0.8,0.5,0.25,0.16666667,0.13333334,0.5194995,0.3856782,0.18803708,0.18803708,0.22180837,1.0,0.5,0.15,0.43333334,0.26666668,0.4,0.7,0.85,0.9,0.033333335,0.6,-0.2,-0.7,-0.46666667,0.23333333,0.24908374,-0.32664055,0.39648685,0.37564954,0.55277157,-0.2069423,-0.54231,-0.06811743,-0.022630775,0.12833142,0.4,0.4,0.3,0.4,0.4,0.6,0.6,0.65,0.56666666,0.5833333,-0.2,-0.2,-0.35,-0.16666667,-0.18333334,0.33490607,0.48190057,0.40665242,0.48566216,0.5,0.66509396,0.5180994,0.5933476,0.51433784,0.5,-0.33018786,-0.03619888,-0.18669517,-0.028675683,0.0,1.0593371,1.1273378,1.2954218,1.4060965,1.952787,0.16931313,0.34506044,0.45459962,0.4319638,0.8853417,0.9786454,0.7186581,0.85935134,0.75320184,1.1200821,0.5134402,0.40348276,0.4950636,0.45502165,0.48427334,0.4865598,0.59651726,0.5049364,0.5449783,0.5157267,0.026880361,-0.1930345,-0.009872779,-0.08995667,-0.031453315
53,SH600585,0.019443778626250675,0.75,,,,SH600585,海螺水泥,2026-10-08,-0.0062893485,0.018296136,-0.34375283,0.0028587747,0.1562502,0.009148013,0.499997,-1.1040724e-07,-6.034457e-06,1.0063292,1.009206,0.99079406,1.0009146,0.98775554,0.96722794,0.99630874,0.99693894,0.97181964,0.98021066,0.97902226,0.99141085,0.99815136,1.0040891,0.022084547,0.015852852,0.021096947,0.021311544,0.023920657,0.011677321,0.0023419494,-0.0022252463,-0.0015149644,-0.00040313398,0.69895536,0.20005603,0.3893902,0.39163074,0.08662683,-0.0035653256,0.010438956,0.02972898,0.023815624,0.007803393,1.0126511,1.0126511,1.0305941,1.0517068,1.0659968,0.9529366,0.9529366,0.9529366,0.9529366,0.9466582,1.0014945,0.99020445,1.0125327,1.0183488,1.0192852,0.96477896,0.9671019,0.9690286,0.9763573,0.98624295,0.8,0.9,0.65,0.5,0.4,0.7881404,0.7881404,0.6060376,0.4764942,0.44697866,0.8,0.9,0.1,0.26666668,0.26666668,0.4,0.7,0.85,0.9,0.016666668,0.4,0.2,-0.75,-0.6333333,0.25,0.84722525,0.7831363,0.18041232,0.38249713,0.34807816,0.88573414,0.83332443,0.3302758,0.28245726,0.16863845,0.4,0.5,0.45,0.53333336,0.51666665,0.6,0.4,0.5,0.43333334,0.46666667,-0.2,0.1,-0.05,0.1,0.05,0.5698146,0.6332352,0.5083637,0.5044409,0.5206002,0.4301854,0.36676478,0.49163628,0.49555913,0.4793998,0.1396292,0.26647043,0.016727446,0.008881772,0.041200418,1.0048006,0.9002077,0.9202096,0.98133713,1.1322745,0.40820277,0.32048848,0.29254103,0.33504814,0.4171915,1.1612413,1.3670373,1.2036079,1.1136959,1.180133,0.47853374,0.4748859,0.5127423,0.50734824,0.5036428,0.52146626,0.52511406,0.48725775,0.49265176,0.49635723,-0.042932488,-0.050228152,0.025484515,0.014696475,0.0072855554
54,SH601825,0.01835572240752465,0.75,,,,SH601825,沪农商行,2026-10-08,0.0057737003,0.020785257,0.27777863,0.0023094378,0.11110942,0.01270212,0.61111194,0.016166382,0.7777812,0.9942594,1.0022962,0.98163027,0.9957247,0.9909614,0.9728842,1.0073951,0.96548885,0.8701725,0.9922761,0.98734593,0.9904683,0.99159133,0.9586414,0.006815609,0.009322194,0.010480173,0.011053036,0.040774193,0.00016434229,0.0022111018,-0.0005720955,-0.00021040342,0.0019788663,0.001453548,0.51569474,0.104296125,0.02808304,0.7183929,0.0073952563,0.0027041358,0.014966572,0.01145954,-0.017017988,1.0072176,1.0072176,1.0155628,1.0224329,1.0224329,0.97487515,0.9650146,0.9650146,0.9563182,0.8512135,0.9993426,0.9926048,1.0003287,1.001972,0.9935908,0.9878389,0.9827444,0.9840591,0.9827444,0.92144614,1.0,1.0,0.775,0.71666664,0.85833335,0.7768373,0.8289781,0.6921206,0.66069704,0.86898136,0.2,0.6,0.05,0.2,0.6,0.6,0.2,0.6,0.033333335,0.033333335,-0.4,0.4,-0.55,0.16666667,0.56666666,0.7696337,0.054124482,-0.015863907,0.060955267,-0.1385291,0.38942185,0.21148723,-0.17663889,0.04636967,0.4180123,0.6,0.6,0.5,0.53333336,0.51666665,0.4,0.3,0.45,0.43333334,0.46666667,0.2,0.3,0.05,0.1,0.05,0.6222222,0.7199994,0.47337297,0.56730765,0.60792345,0.37777784,0.28000063,0.526627,0.43269235,0.39207655,0.24444433,0.43999878,-0.053254053,0.13461533,0.2158469,0.9433257,0.9745115,1.1035938,1.1743381,1.35968,0.07191819,0.15724197,0.27771762,0.2866337,0.45312795,0.57133204,0.62567914,0.88031775,0.80517226,1.1583985,0.43486667,0.45742056,0.50421643,0.46049485,0.4963723,0.56513333,0.5425794,0.49578357,0.5395051,0.5036277,-0.13026668,-0.08515887,0.008432854,-0.07901031,-0.0072553866
55,SH600741,0.017481694557746365,0.8125,,,,SH600741,华域汽车,2026-10-08,-0.014954538,0.022106582,-0.67647445,0.0039011433,0.17646977,0.0032509014,0.1470558,-0.01560478,-0.7058884,1.0151815,1.0191419,0.99669975,1.0045875,0.978217,0.9901026,1.0250822,1.0118856,0.995003,0.9952501,0.990037,1.0032384,1.0084965,1.0286392,0.016806774,0.014179666,0.018565357,0.017455665,0.03432365,0.008581029,0.0020756263,-0.0020884546,-0.0012643004,-0.0011163746,0.65170354,0.19641642,0.442906,0.4065645,0.3226508,-0.012412168,0.00062267174,0.016601834,0.009835817,0.0042939004,1.0217854,1.0217854,1.0389533,1.043564,1.1194757,0.96897674,0.96897674,0.96897674,0.96897674,0.96897674,1.0046275,1.001988,1.0225805,1.0225805,1.0601243,0.985084,0.97795475,0.98429734,0.98983824,1.001988,0.6,0.7,0.4,0.26666668,0.18333334,0.58746505,0.58746505,0.44333783,0.41593266,0.20613605,0.8,0.9,0.1,0.3,0.26666668,0.2,0.6,0.8,0.8666667,0.93333334,0.6,0.3,-0.7,-0.56666666,-0.6666667,0.6218511,0.5274888,0.18556376,0.08356972,0.35093588,0.30869997,0.05687962,-0.15858702,-0.01372291,0.08864419,0.6,0.5,0.45,0.5,0.45,0.4,0.5,0.55,0.5,0.5,0.2,0.0,-0.1,0.0,-0.05,0.66018605,0.54141533,0.44064084,0.48043028,0.50419796,0.33981392,0.45858464,0.5593592,0.51956975,0.49580202,0.32037216,0.08283073,-0.11871835,-0.03913945,0.008395965,0.81589794,0.7420034,0.7908793,0.744719,0.8081093,0.2532098,0.23035951,0.23087409,0.21039669,0.26495308,0.51506865,0.66502625,0.76106375,0.7745048,0.93265414,0.72895855,0.4898053,0.54248923,0.5331008,0.51644856,0.27104145,0.5101947,0.4575108,0.46689922,0.48355147,0.45791712,-0.020389395,0.0849784,0.066201575,0.032897063
56,SH600519,0.016858068831913653,0.6875,,,,SH600519,贵州茅台,2026-10-08,0.0023066818,0.012770377,0.18062755,0.0017639627,0.13812926,0.008699732,0.6812432,0.009242452,0.7237415,0.9976986,1.0017599,0.9890189,0.9952207,0.99637675,1.001759,1.0332135,1.0414797,0.9550159,0.99234235,0.99639076,1.0123762,1.0189788,1.0270257,0.008436913,0.007820052,0.021105539,0.019980028,0.0315817,0.004166283,-0.00105766,-0.0031739422,-0.0017876595,-0.00023390315,0.6096358,0.16768117,0.7915405,0.6204105,0.016730195,-0.0006749243,0.008368705,0.017776225,0.0069421898,-0.020125572,1.0097222,1.01251,1.0661494,1.0661494,1.0856508,0.9779496,0.9779496,0.9779496,0.9779496,0.93190694,1.0004506,1.0012971,1.0292158,1.0353701,1.0512902,0.98481107,0.9894198,0.9972241,0.99968296,0.99968296,0.8,0.7,0.35,0.23333333,0.21666667,0.69400716,0.6380255,0.2500051,0.2500051,0.44289932,0.8,0.5,0.1,0.4,0.3,0.4,0.7,0.85,0.9,0.033333335,0.4,-0.2,-0.75,-0.5,0.26666668,0.35274184,-0.40729207,-0.0652515,-0.04462632,0.14869946,0.62784904,0.10433298,0.18051036,0.189893,0.23343235,0.4,0.4,0.35,0.36666667,0.46666667,0.6,0.6,0.65,0.6333333,0.53333336,-0.2,-0.2,-0.3,-0.26666668,-0.06666667,0.54114854,0.48660612,0.39170194,0.40735614,0.53592587,0.45885146,0.5133939,0.60829806,0.59264386,0.46407413,0.08229708,-0.026787765,-0.21659611,-0.18528771,0.07185174,1.1866268,1.0821002,1.0346283,1.0436459,1.4825785,0.20891418,0.21779668,0.316858,0.32926965,0.73298264,0.88975465,1.0490946,1.1485224,1.2888613,1.8369076,0.40393618,0.4899759,0.51286846,0.47884798,0.49961767,0.59606385,0.51002413,0.4871315,0.521152,0.50038236,-0.19212766,-0.020048207,0.025736962,-0.042304043,-0.00076468353
57,SH601800,0.01681408124399571,0.75,,,,SH601800,中国交建,2026-10-08,0.016806714,0.02689076,0.6249996,0.005042023,0.18750021,0.005042023,0.18750021,0.016806714,0.6249996,0.9834711,1.0049586,0.9785124,0.9988198,0.9692308,0.95824176,0.9736264,0.96373624,0.96483517,0.9712088,0.9693407,0.9756593,0.97761905,0.99,0.019755777,0.013661082,0.014168551,0.01276149,0.023772601,0.011428565,0.0022044627,-0.0009741376,-0.0005185243,-0.0006667905,0.8366333,0.23869687,0.16544656,0.12794907,0.23995249,0.0059340713,0.020739254,0.033594966,0.029899558,0.02967033,1.0049586,1.0049586,1.0049586,1.0049586,1.0560613,0.9466919,0.9466919,0.9466919,0.9466919,0.9414918,0.9859341,0.9745055,0.98791206,0.98923075,1.0120878,0.9569231,0.96000004,0.9630769,0.96593404,0.9692308,1.0,1.0,1.0,1.0,0.73333335,0.9148969,0.9148969,0.9148969,0.9148969,0.510679,1.0,1.0,1.0,1.0,0.3,0.4,0.7,0.85,0.9,0.033333335,0.6,0.3,0.15,0.1,0.26666668,0.9447053,0.8207547,0.5806825,0.5714966,0.62214696,0.6454104,0.5904387,0.31093895,0.28042,0.22890869,0.6,0.6,0.5,0.53333336,0.45,0.4,0.3,0.4,0.4,0.46666667,0.2,0.3,0.1,0.13333334,-0.016666668,0.73333335,0.75000024,0.5882353,0.5708155,0.5338983,0.26666668,0.24999973,0.4117647,0.42918447,0.4661017,0.46666667,0.50000054,0.1764706,0.14163105,0.06779659,0.44491425,0.3578279,0.35907954,0.36796677,0.47389215,0.31430826,0.2302785,0.16256084,0.13559775,0.21580079,0.9553882,1.3687155,1.230857,0.97206306,1.1461748,0.9544854,0.78254265,0.6752047,0.6185651,0.5375419,0.045514558,0.21745734,0.3247953,0.38143492,0.46245804,0.9089709,0.56508535,0.3504094,0.23713018,0.07508389
58,SZ002027,0.0162992137047811,0.75,,,,,,2026-10-08,0.0021142352,0.014799222,0.14286123,0.0,0.0,0.012684987,0.85713875,0.014799222,1.0,0.99789023,1.0,0.985232,0.99364555,1.0020635,0.98725414,1.012503,1.0396941,0.9854333,0.9898276,0.9923646,1.0025977,1.0121105,1.0428461,0.008627746,0.0095864395,0.01780583,0.020578928,0.04786183,0.0044306875,0.000456861,-0.002029655,-0.0018819162,-0.0015119723,0.65930676,0.02081924,0.454766,0.6481219,0.30437496,0.0013110343,0.005579513,0.016684046,0.0151772825,0.0017570636,1.0084435,1.0105021,1.0463872,1.0480939,1.1775186,0.9767195,0.9767195,0.9767195,0.9767195,0.96666753,0.998252,1.0020635,1.0176499,1.0359795,1.0755765,0.98269,0.983127,0.9864287,0.98900217,1.0,1.0,0.7,0.475,0.31666666,0.20833333,0.7338451,0.6891282,0.33416516,0.32617468,0.15808542,0.2,0.4,0.2,0.3,0.26666668,0.8,0.9,0.95,0.96666664,0.033333335,-0.6,-0.5,-0.75,-0.6666667,0.23333333,0.36465526,0.23245986,0.62196547,0.48947155,0.55778307,-0.41212997,0.1889089,0.26567847,0.11745452,0.1190105,0.6,0.4,0.3,0.3,0.38333333,0.4,0.4,0.55,0.56666666,0.51666665,0.2,0.0,-0.25,-0.26666668,-0.13333334,0.47869745,0.5842702,0.46286955,0.42059252,0.5093313,0.5213026,0.4157298,0.5371305,0.5794075,0.49066868,-0.042605124,0.1685404,-0.07426092,-0.15881498,0.018662615,0.95370466,0.86551297,0.93128073,0.9697681,1.2477803,0.10422036,0.1450375,0.24764267,0.23709671,0.44400546,0.7424477,1.0957255,1.0365572,1.036154,1.3855332,0.89178514,0.66047496,0.46678433,0.4239224,0.49173373,0.10821488,0.33952504,0.53321564,0.57607764,0.50826627,0.78357023,0.32094988,-0.06643133,-0.15215524,-0.016532568
59,SH603288,0.015846552352078082,0.5,,,,SH603288,海天味业,2026-10-08,0.023888825,0.037496228,0.63709944,0.0027214375,0.072578974,0.010885963,0.29032156,0.03205335,0.85484207,0.97666854,1.0026579,0.96603656,0.99303544,1.0120949,1.0020705,1.0002958,1.043121,1.0070992,0.9852297,0.99506336,1.0016235,1.0104142,1.0402089,0.014760558,0.015009256,0.012757726,0.022631114,0.042374466,0.00029582073,-0.002514989,-0.0013953728,-0.0018609754,-0.0015570542,0.0010041341,0.2573744,0.41869906,0.5240481,0.4118119,0.014178663,0.016254066,0.011632478,0.01656985,0.005724117,1.0135887,1.023908,1.0248002,1.0753078,1.151798,0.95716536,0.95716536,0.95716536,0.95716536,0.95716536,1.0004141,1.0040754,1.0104384,1.0149938,1.0768948,0.97240514,0.9782028,0.9995858,0.9999408,1.001893,0.8,0.6,0.3,0.23333333,0.15,0.75916624,0.64178765,0.63332194,0.36256745,0.22007939,0.2,0.5,0.1,0.16666667,0.3,0.6,0.8,0.9,0.93333334,0.96666664,-0.4,-0.3,-0.8,-0.76666665,-0.6666667,-0.5595053,-0.2889305,-0.048215993,0.030706273,0.4096544,-0.5429717,-0.42393214,-0.23147054,-0.55751485,-0.23447396,0.4,0.3,0.35,0.4,0.43333334,0.6,0.7,0.65,0.6,0.56666666,-0.2,-0.4,-0.3,-0.2,-0.13333334,0.41136828,0.48787105,0.49900818,0.42670414,0.49496317,0.5886317,0.51212895,0.5009918,0.5732959,0.50503683,-0.17726342,-0.024257898,-0.0019836174,-0.14659174,-0.010073633,0.83629483,0.8000382,0.82204026,0.991255,1.170101,0.2756185,0.26164702,0.22545412,0.56247026,0.54731274,1.0513271,1.3704202,1.1869375,2.375205,1.5748748,0.6212802,0.5595412,0.5164314,0.51465017,0.49631405,0.3787198,0.4404588,0.4835686,0.4853498,0.50368595,0.24256037,0.119082406,0.032862764,0.029300367,-0.007371909
60,SH601766,0.015661968716275253,0.8125,,,,SH601766,中国中车,2026-10-08,0.008103787,0.014586692,0.5555603,0.004862201,0.3333313,0.001620704,0.11110839,0.00486229,0.3333374,0.99196136,1.0048231,0.9903537,0.9982332,0.9516129,0.9580645,0.99784946,0.97849464,0.85268813,0.9843011,0.9732258,0.9795161,0.9839426,0.95854837,0.015704103,0.017004907,0.016468698,0.016267935,0.039018985,0.0092473235,0.004333666,-0.00090629613,-0.00075161125,0.0015729876,0.8668537,0.59535193,0.10599607,0.16543348,0.49567673,-0.0027957123,0.0072727194,0.029093713,0.026955739,-0.004951497,1.0048231,1.0048231,1.0122987,1.0171924,1.0171924,0.9446804,0.9446804,0.9446804,0.9446804,0.836362,0.9956989,0.9860215,0.99462366,0.99784946,0.9937634,0.97892475,0.95849454,0.9608602,0.96795696,0.94021505,1.0,1.0,0.925,0.9,0.95,0.9198055,0.9198055,0.8181157,0.76290363,0.90492564,1.0,1.0,0.2,0.3,0.65,0.2,0.6,0.8,0.8666667,0.016666668,0.8,0.4,-0.6,-0.56666666,0.6333333,-0.11737665,-0.0032991667,-0.18270133,0.091146804,-0.22665583,0.933499,0.20779297,0.14024697,0.33798072,0.4453922,0.8,0.6,0.4,0.5,0.53333336,0.0,0.3,0.5,0.43333334,0.41666666,0.8,0.3,-0.1,0.06666667,0.11666667,1.0,0.71428597,0.50625,0.53937006,0.6174958,0.0,0.28571403,0.49374995,0.46062994,0.38250425,1.0,0.42857194,0.012500096,0.0787401,0.2349915,1.1773378,1.1569458,1.1078554,1.1898745,1.5172409,0.39694524,0.35102785,0.3199681,0.3788271,0.7651829,1.3309773,1.0548829,1.0200467,0.9444636,2.1451414,0.5082339,0.46497107,0.4817404,0.47662902,0.49528977,0.49176612,0.53502893,0.5182596,0.523371,0.50471026,0.016467752,-0.07005789,-0.036519207,-0.046741936,-0.009420458
61,SH600905,0.01540309971660453,0.625,,,,SH600905,三峡能源,2026-10-08,0.002840918,0.008522754,0.33333334,0.005681836,0.6666667,0.0,0.0,-0.002840918,-0.33333334,0.9971671,1.0056658,0.9971671,1.0019772,1.0291005,1.037037,1.0396826,1.0449735,1.0449735,1.0031747,1.0161376,1.0292329,1.036067,1.0556879,0.010143022,0.015296719,0.01730467,0.017375289,0.028623471,-0.0044973604,-0.0044412394,-0.0025719053,-0.0016979473,-0.0012016126,0.49149677,0.7727219,0.7731279,0.7400926,0.5375072,0.0058200993,0.0038479886,-0.0047997213,-0.0114468,-0.02024028,1.0324789,1.0349381,1.0532819,1.0610305,1.1205204,0.9945211,0.9945211,0.9945211,0.9945211,0.9945211,1.0042328,1.0291005,1.042328,1.0481482,1.0825397,0.9973545,0.9994709,1.0169313,1.0285715,1.037037,0.7,0.35,0.175,0.11666667,0.058333334,0.14434157,0.13555911,0.09324053,0.0823777,0.0434835,0.2,0.1,0.25,0.16666667,0.31666666,0.8,0.9,0.95,0.96666664,0.98333335,-0.6,-0.8,-0.7,-0.8,-0.6666667,0.03774238,-0.45205045,-0.15556756,-0.031690262,0.6172222,-0.7343636,-0.6208976,-0.36373836,-0.17771108,-0.005761536,0.2,0.2,0.3,0.33333334,0.35,0.6,0.5,0.35,0.4,0.43333334,-0.4,-0.3,-0.05,-0.06666667,-0.083333336,0.0769224,0.15000057,0.25806427,0.32653067,0.43795624,0.9230776,0.8499994,0.74193573,0.6734693,0.5620437,-0.84615517,-0.69999886,-0.4838715,-0.34693864,-0.1240875,1.2073735,1.0846884,1.0945283,1.117455,1.4830503,0.2640316,0.28068233,0.24578817,0.27264667,0.65493256,1.4443872,1.5100529,1.5530804,1.2948315,1.7582613,0.52072424,0.5092655,0.48408496,0.47792247,0.49426436,0.47927576,0.49073452,0.51591504,0.5220775,0.50573564,0.041448493,0.018530967,-0.031830058,-0.044155058,-0.011471257
62,SZ000999,0.015376541440002696,0.8125,,,,,,2026-10-08,0.012825805,0.02234174,0.57407373,0.0057923216,0.2592601,0.0037236128,0.1666662,0.010757096,0.48147982,0.98733664,1.005719,0.98366016,0.9926599,0.9705552,0.9738268,0.9860955,1.0053164,0.9672835,0.9721092,0.9721092,0.98540026,0.9884095,1.0059282,0.020532276,0.014137497,0.020144254,0.019008312,0.027495908,0.011777927,0.0014672863,-0.0024094582,-0.0011222181,-0.0009783101,0.82262814,0.098740675,0.50073093,0.27012765,0.38611513,0.004334924,0.021287996,0.037489567,0.027862642,0.022931973,1.005719,1.005719,1.0224867,1.0403644,1.0804485,0.9537899,0.9537899,0.9537899,0.9537899,0.94808865,0.99051225,0.9802883,1.0080155,1.0067887,1.0270524,0.9570596,0.9591044,0.9692465,0.9731725,0.9778346,1.0,1.0,0.75,0.73333335,0.41666666,0.88986963,0.88986963,0.6726674,0.53376156,0.39219877,1.0,1.0,0.1,0.033333335,0.3,0.2,0.6,0.8,0.8666667,0.033333335,0.8,0.4,-0.7,-0.8333333,0.26666668,0.8930456,0.7263051,0.32847401,0.29769412,0.6261937,0.7369,0.52981997,0.26024655,0.22033805,0.26268515,0.6,0.4,0.4,0.43333334,0.48333332,0.4,0.5,0.55,0.53333336,0.48333332,0.2,-0.1,-0.15,-0.1,0.0,0.7307689,0.6367522,0.5319549,0.4927657,0.52256066,0.2692311,0.3632478,0.46804512,0.5072343,0.47743934,0.46153778,0.27350435,0.06390975,-0.0144685805,0.04512129,0.661935,0.6130187,0.61543363,0.6849522,0.9575583,0.27997315,0.22022913,0.22540659,0.25184187,0.48030546,1.0716298,1.1719838,1.1033039,1.0822296,1.0637293,0.7560253,0.62252235,0.55597836,0.52441156,0.51557976,0.2439747,0.37747762,0.44402164,0.47558844,0.4844202,0.5120506,0.24504474,0.11195674,0.048823114,0.031159567
63,SH600600,0.015217727920662536,0.8125,,,,SH600600,青岛啤酒,2026-10-08,0.007996743,0.014194352,0.563375,0.0009996258,0.07042419,0.0051979837,0.36620083,0.012195101,0.8591516,0.9920667,1.0009917,0.9869099,0.9971549,1.0008163,0.99969393,1.0028572,1.0188775,1.0121429,0.9899388,0.99278575,1.002097,1.0052892,1.0318129,0.006754213,0.0057941144,0.0118431905,0.011226474,0.035453226,0.002734692,-0.00034075344,-0.0016641859,-0.0009548253,-0.0013674434,0.40983343,0.031704277,0.69108945,0.5606125,0.45373985,0.0045918133,0.00874765,0.013712798,0.008555821,0.008526623,1.0035715,1.0115266,1.0262738,1.0264549,1.1454402,0.9814515,0.9814515,0.9814515,0.9814515,0.9814515,0.99371433,0.9967347,1.0114897,1.0168775,1.0625103,0.9851021,0.9887551,0.9927143,0.9945306,1.0026531,1.0,0.9,0.5,0.33333334,0.16666667,0.838538,0.6167395,0.41382235,0.4121576,0.11310844,0.2,0.5,0.15,0.033333335,0.26666668,0.6,0.8,0.9,0.93333334,0.96666664,-0.4,-0.3,-0.75,-0.9,-0.7,0.79296744,0.6936328,0.3686409,0.43021107,0.8254169,0.7435227,0.61998034,0.418751,0.13059516,0.37117758,0.4,0.4,0.35,0.4,0.46666667,0.6,0.6,0.6,0.56666666,0.51666665,-0.2,-0.2,-0.25,-0.16666667,-0.05,0.48876312,0.50285655,0.48638102,0.44464388,0.48859057,0.51123685,0.49714345,0.513619,0.5553561,0.5114094,-0.02247374,0.0057131164,-0.027237954,-0.11071223,-0.022818863,0.77063406,0.8059871,0.8213371,0.9068023,1.4303249,0.174625,0.18313459,0.2167454,0.2519517,0.7963971,0.59858096,0.73949176,1.0433626,0.92557794,1.5803744,0.4211269,0.5825134,0.5184805,0.4878901,0.49956882,0.5788731,0.4174866,0.48151952,0.51210994,0.5004312,-0.1577462,0.16502681,0.03696094,-0.024219818,-0.00086235494
64,SZ000166,0.014849626190647343,0.8125,,,,,,2026-10-08,-0.01141551,0.02054795,-0.5555546,0.0045662206,0.22222267,0.0045662206,0.22222267,-0.01141551,-0.5555546,1.0115473,1.0161663,0.99538106,1.0048555,1.0330936,1.0158273,1.0446043,1.018705,1.0388489,1.0071943,1.0164028,1.0280576,1.0329016,1.039976,0.0059325094,0.0134326825,0.018902052,0.018982468,0.019014983,-0.002014383,-0.0021800727,-0.0025834348,-0.0012567105,-0.0005968484,0.2882353,0.24145037,0.6538004,0.3396775,0.30049413,-0.0031654588,-0.0065925303,-0.0035148866,-0.014679333,-0.022368954,1.0328739,1.042031,1.0650522,1.0650522,1.0874993,0.99538106,0.99538106,0.99538106,0.99538106,0.99538106,1.0120863,1.0330936,1.0489209,1.0538129,1.0578417,1.0023022,1.006331,1.0109352,1.0155395,1.022446,0.2,0.1,0.05,0.033333335,0.016666668,0.12319562,0.09901289,0.06629643,0.06629643,0.05014155,0.2,0.4,0.1,0.4,0.15,1.0,1.0,1.0,1.0,1.0,-0.8,-0.6,-0.9,-0.6,-0.85,-0.66516685,-0.008068435,0.4487283,0.52427167,0.52469486,-0.9754345,-0.18070905,-0.24960998,0.050648436,0.09576257,0.4,0.5,0.5,0.56666666,0.46666667,0.6,0.5,0.45,0.4,0.46666667,-0.2,0.0,0.05,0.16666667,0.0,0.17142828,0.41269857,0.3739838,0.46107793,0.46131805,0.82857174,0.58730143,0.6260162,0.5389221,0.5386819,-0.6571434,-0.17460285,-0.2520324,-0.07784415,-0.07736389,0.92458314,0.9125892,1.0595818,1.0663055,1.2670513,0.12234557,0.15170935,0.3168238,0.3058116,0.4686629,0.6125127,0.69054246,1.1373565,1.1787293,1.2340002,0.6731716,0.48600698,0.49459633,0.5008427,0.48272198,0.3268284,0.513993,0.5054037,0.4991573,0.517278,0.3463432,-0.027986033,-0.0108073605,0.0016853993,-0.034556028
65,SH601021,0.014772887203966086,0.4375,,,,SH601021,春秋航空,2026-10-08,-0.013681543,0.024378112,-0.56122243,0.007462686,0.3061224,0.003233883,0.13265519,-0.017910346,-0.7346896,1.0138713,1.0214375,0.99672127,1.0079585,1.049709,1.044936,1.0779977,1.1047729,1.159837,1.0115483,1.0300466,1.0545517,1.0683585,1.1014047,0.011878935,0.021064792,0.031926375,0.033033565,0.042799987,-0.00018625551,-0.005554734,-0.00507742,-0.003393552,-0.0021111541,0.0006146151,0.63741696,0.88522774,0.8178993,0.74208295,-0.011175766,-0.005050233,-0.0063162837,-0.019152021,-0.039125655,1.0451051,1.0604242,1.1100057,1.1140219,1.1856287,0.9629091,0.9629091,0.9629091,0.9629091,0.9629091,1.0215366,1.0488708,1.0877299,1.0960652,1.1388358,1.0038184,1.0049592,1.0264261,1.0461466,1.0640047,0.2,0.1,0.05,0.033333335,0.016666668,0.45124924,0.3803605,0.2521534,0.24545175,0.16653642,0.2,0.2,0.15,0.033333335,0.35,0.4,0.7,0.85,0.9,0.95,-0.2,-0.5,-0.7,-0.8666667,-0.6,0.06547132,-0.4673742,-0.4212057,-0.45986807,0.24509923,-0.5244916,-0.4454626,-0.43890756,-0.3634112,-0.22092074,0.4,0.6,0.5,0.5,0.48333332,0.6,0.4,0.45,0.46666667,0.5,-0.2,0.2,0.05,0.033333335,-0.016666668,0.3028624,0.33217368,0.3274973,0.33333334,0.38560238,0.6971376,0.6678263,0.6725027,0.6666667,0.61439764,-0.3942752,-0.33565262,-0.34500536,-0.33333334,-0.22879525,1.8759445,1.5001014,1.2243242,1.1322786,1.3510556,0.9130454,0.7355608,0.6171429,0.53096277,0.5458146,0.81414413,1.4361547,1.5414654,1.5499126,1.2114532,0.46764156,0.51149386,0.49000198,0.50787765,0.48004124,0.53235847,0.48850614,0.509998,0.49212235,0.51995873,-0.064716876,0.022987695,-0.019996053,0.015755275,-0.039917506
66,SH600221,0.014540642058174754,0.6875,,,,SH600221,海航控股,2026-10-08,0.008264456,0.024793366,0.33333334,0.008264456,0.33333334,0.008264456,0.33333334,0.008264456,0.33333334,0.9918033,1.0081967,0.9836066,0.9962674,1.0153061,1.0153061,1.0637755,1.0739796,1.1045918,0.9959184,1.0056123,1.030102,1.0436225,1.0691752,0.0055889892,0.011459105,0.029537164,0.031022577,0.03498127,0.0010204052,-0.002628324,-0.004645544,-0.0031821078,-0.0016724454,0.083333336,0.48224518,0.8657722,0.81540954,0.69716036,0.0020408104,0.006215198,0.014030606,0.002518091,-0.019838044,1.0245901,1.031682,1.0739796,1.0903763,1.13119,0.9734357,0.9734357,0.9734357,0.9734357,0.9734357,1.0,1.0153061,1.0637755,1.0739796,1.0969388,0.9897959,0.9979592,1.0,1.0137756,1.0387756,0.8,0.4,0.2,0.13333334,0.06666667,0.5192961,0.4560681,0.264206,0.22716074,0.16839042,0.2,0.4,0.2,0.16666667,0.31666666,0.4,0.7,0.85,0.9,0.95,-0.2,-0.3,-0.65,-0.73333335,-0.6333333,0.41691387,0.19248033,-0.48440453,-0.26625088,0.22317547,0.3262434,0.39866945,0.22362454,0.15669133,0.08635952,0.2,0.3,0.2,0.23333333,0.31666666,0.4,0.4,0.45,0.43333334,0.43333334,-0.2,-0.1,-0.25,-0.2,-0.11666667,0.28571364,0.3846152,0.26415077,0.31645548,0.39153445,0.7142863,0.6153848,0.73584926,0.6835445,0.60846555,-0.42857268,-0.23076959,-0.4716985,-0.36708906,-0.21693109,1.0281683,1.0205168,0.92123836,0.9276231,1.0220103,0.31279016,0.25059676,0.23404664,0.23916782,0.2489395,1.0302277,0.9112995,0.9405411,0.8861051,0.86601996,0.39597934,0.47960564,0.50512385,0.49513924,0.4964398,0.60402066,0.5203944,0.49487618,0.50486076,0.5035602,-0.20804131,-0.04078872,0.010247677,-0.009721531,-0.0071203676
67,SH600085,0.013876403757290323,0.75,,,,SH600085,同仁堂,2026-10-08,0.0054621664,0.03823532,0.14285655,0.022268929,0.5824177,0.010504226,0.27472574,-0.006302536,-0.16483544,0.9945675,1.0221479,0.98412037,1.0004641,0.98662215,0.9678191,0.9962596,1.005459,0.9778609,0.98321205,0.9820798,0.98761964,0.9944804,1.0241716,0.012056678,0.010391232,0.014710705,0.016935766,0.041087028,0.0066417246,0.0017653335,-0.0011854835,-0.001290497,-0.0017305707,0.75865865,0.26456413,0.22729614,0.44999328,0.5410894,0.0035045217,0.009976216,0.023642482,0.024231827,0.026880229,1.0221479,1.0221479,1.0221479,1.0271603,1.1333275,0.96866095,0.9657496,0.9615509,0.9615509,0.948601,0.9936649,0.9893853,1.0005054,1.0107089,1.0632093,0.9746799,0.97301525,0.97435635,0.9752797,0.98871136,1.0,1.0,0.8,0.6666667,0.36666667,0.585919,0.60729426,0.6345046,0.58603007,0.2782437,1.0,1.0,1.0,0.23333333,0.1,0.4,0.1,0.5,0.6666667,0.033333335,0.6,0.9,0.5,-0.43333334,0.06666667,0.980036,0.8943489,0.6237667,0.6027225,0.7607146,0.865725,0.8246441,0.53928936,0.24825794,0.30293253,0.4,0.4,0.45,0.5,0.48333332,0.6,0.4,0.45,0.43333334,0.48333332,-0.2,0.0,0.0,0.06666667,0.0,0.6703864,0.75852776,0.51267993,0.48974425,0.5153211,0.3296136,0.24147221,0.48732007,0.51025575,0.4846789,0.34077278,0.5170556,0.025359841,-0.020511493,0.030642202,0.52781385,0.48098227,0.4797349,0.54003763,1.0309991,0.29819244,0.23742801,0.191862,0.19907665,0.7938334,1.0586303,1.3496033,1.0177737,1.1153849,2.2233884,0.8779268,0.6975583,0.58861685,0.5451246,0.5002987,0.12207318,0.30244172,0.41138315,0.4548754,0.4997013,0.75585365,0.39511657,0.17723371,0.09024915,0.00059739815
68,SZ000895,0.013226459339917963,0.6875,,,,,,2026-10-08,0.0016934299,0.011431013,0.14814347,0.0012701241,0.11111212,0.008467459,0.7407444,0.008890765,0.77777576,0.99830943,1.001268,0.9898563,0.99621266,0.9860406,0.9835168,1.0037928,1.0621257,0.9763303,0.9930674,0.9892617,0.99572664,1.0120264,1.032031,0.008624368,0.00712483,0.011843436,0.028723592,0.037941594,0.004438774,0.0017474388,-0.0011683874,-0.0027689114,-0.0011293656,0.66223407,0.55139947,0.34063268,0.72018206,0.27023262,-0.0019449042,0.0028748407,0.015373045,0.028122844,0.0012852533,1.0050687,1.0050687,1.0236584,1.081137,1.1356626,0.9775961,0.97548133,0.97548133,0.97548133,0.9649142,1.0,0.9969543,1.0059916,1.051386,1.0604374,0.9874893,0.9841043,0.98537326,0.9877403,0.9922175,0.9,0.95,0.675,0.45,0.29166666,0.8155023,0.82868963,0.5089288,0.23206231,0.20548262,0.4,0.7,0.1,0.13333334,0.26666668,0.4,0.3,0.65,0.76666665,0.033333335,0.0,0.4,-0.55,-0.6333333,0.23333333,0.39457527,0.4219206,0.60278374,0.10427417,0.34853315,0.70379037,0.5732866,0.54141134,0.060978953,-0.16856752,0.4,0.4,0.25,0.2,0.41666666,0.4,0.5,0.7,0.76666665,0.56666666,0.0,-0.1,-0.45,-0.56666666,-0.15,0.67389,0.65853006,0.48344138,0.35446578,0.51837504,0.32611,0.34146994,0.5165586,0.6455342,0.48162493,0.34778,0.3170601,-0.033117205,-0.29106843,0.03675013,1.1782981,1.0497875,1.134038,1.2248871,1.5290533,0.51619416,0.39140645,0.38038677,0.48623016,0.6441275,1.1514765,1.4724444,1.4104022,1.5060474,1.4251382,0.51230747,0.5222416,0.43601134,0.48484483,0.48065743,0.4876925,0.4777584,0.5639887,0.5151552,0.51934254,0.024614988,0.044483166,-0.12797733,-0.030310359,-0.03868514
69,SH600029,0.01312923218090242,0.6875,,,,SH600029,南方航空,2026-10-08,-0.010287998,0.0123456875,-0.8333273,0.0,0.0,0.002057689,0.1666727,-0.008230309,-0.6666546,1.0103949,1.0103949,0.99792093,1.0045154,1.032967,1.006105,1.035409,1.0378511,1.0512819,1.0083028,1.0168498,1.0242978,1.0312169,1.0455433,0.009112623,0.012502252,0.01550998,0.016414942,0.021955358,0.00012211071,-0.001938797,-0.00189852,-0.0015056755,-0.0008809936,0.00044891154,0.22044465,0.5244161,0.65205723,0.49109364,-0.008547004,-0.00812519,-0.0062619513,-0.009384603,-0.019554,1.0284673,1.0392022,1.0501949,1.0665613,1.1002567,0.9962027,0.9962027,0.9962027,0.9962027,0.9962027,1.0124542,1.0295482,1.0400488,1.045177,1.0634921,1.0019536,1.0053724,1.0090353,1.0117215,1.0302807,0.2,0.1,0.05,0.033333335,0.016666668,0.11769175,0.08831,0.070330285,0.05397036,0.036493365,0.2,0.5,0.2,0.16666667,0.3,0.4,0.7,0.85,0.9,0.95,-0.2,-0.2,-0.65,-0.73333335,-0.65,0.2704424,0.22406766,0.24370973,0.25117922,0.5945191,0.37797272,0.28635696,0.12050261,0.11562437,0.091355324,0.4,0.7,0.5,0.5,0.48333332,0.6,0.3,0.45,0.43333334,0.45,-0.2,0.4,0.05,0.06666667,0.033333335,0.27868876,0.46987966,0.38400024,0.41340774,0.44696972,0.7213112,0.5301204,0.61599976,0.58659226,0.5530303,-0.44262245,-0.060240697,-0.23199953,-0.1731845,-0.10606058,0.85791975,0.84159225,0.916012,0.9193346,1.1564252,0.2292748,0.17721947,0.31390348,0.2696662,0.37720472,0.67541665,0.9310893,1.0916597,0.98961097,1.0330724,0.60532063,0.49714863,0.50238913,0.49186587,0.47829753,0.39467937,0.50285137,0.49761087,0.5081341,0.52170247,0.21064126,-0.0057027065,0.0047782497,-0.016268233,-0.04340495
70,SH600028,0.012674455216096052,0.875,,,,SH600028,中国石化,2026-10-08,0.03591676,0.041587926,0.8636343,0.0018904168,0.045455903,0.0037807508,0.09090982,0.037807092,0.9090882,0.9653285,1.0018249,0.96167886,0.9934246,0.9469027,0.9326665,0.9719123,0.92381686,0.86456335,0.96591,0.95202005,0.963409,0.9610363,0.9355906,0.021108735,0.022566257,0.025407229,0.024919936,0.034859534,0.009041926,0.0062751393,-0.0014412703,0.0001462029,0.0013794395,0.45870924,0.7088251,0.11262748,0.0026675945,0.47759745,0.016006153,0.019741835,0.050283037,0.03684374,0.023715904,1.0018249,1.0018249,1.0114952,1.0114952,1.0114952,0.94178265,0.91140115,0.91140115,0.9076727,0.84150827,0.9747596,0.9644479,0.9895345,0.9825317,0.9644479,0.95090425,0.9410543,0.9465949,0.9465949,0.9054252,1.0,1.0,0.9,0.93333334,0.96666664,0.9696068,0.97981864,0.8851561,0.8892804,0.932376,1.0,1.0,0.3,0.53333336,0.76666665,0.6,0.1,0.55,0.06666667,0.033333335,0.4,0.9,-0.25,0.46666667,0.73333335,0.9196579,0.7330993,0.3926817,0.2668612,0.020822626,0.77148265,0.7440153,0.42064363,0.58097464,0.50427383,0.8,0.7,0.55,0.5,0.51666665,0.2,0.3,0.45,0.46666667,0.43333334,0.6,0.4,0.1,0.033333335,0.083333336,0.76744175,0.73087037,0.54860175,0.5914972,0.59233993,0.23255827,0.26912963,0.45139822,0.40850282,0.4076601,0.53488344,0.46174076,0.09720355,0.1829944,0.18467982,0.68721265,0.6676238,0.6551304,0.7114248,0.7528082,0.18394502,0.15034808,0.13907878,0.2485033,0.25776318,0.83135283,1.0015693,1.006435,1.3431308,1.3185987,0.81103885,0.6618973,0.55253625,0.50266373,0.5106278,0.18896113,0.3381027,0.44746375,0.4973363,0.4893722,0.62207776,0.3237946,0.10507251,0.0053274073,0.021255592
71,SH601318,0.012028618488123853,0.625,,,,SH601318,中国平安,2026-10-08,-0.004535987,0.0149310045,-0.3037965,0.0064260135,0.4303805,0.0039690044,0.265823,-0.0069929957,-0.468354,1.0045567,1.011012,0.9960129,1.0034279,1.0227548,1.0159571,1.0564549,0.97159976,0.92418915,1.0028803,1.0122242,1.0302178,1.0306604,1.0065969,0.007974669,0.012637872,0.0255916,0.026126754,0.0384794,-0.0005127057,-0.0024041324,-0.0038221164,-0.0008815082,0.0012758073,0.010333585,0.3317266,0.78069425,0.088223346,0.3352844,-0.0018549556,-0.0014056277,0.0060923332,-0.017878514,-0.04423329,1.0237235,1.0349375,1.1004595,1.1004595,1.1004595,0.9908859,0.9908859,0.9908859,0.9626204,0.90476334,1.0111527,1.0231811,1.0499222,1.0499222,1.0409701,0.9963938,0.9993548,1.011602,1.011602,0.9788237,0.6,0.3,0.15,0.16666667,0.41666666,0.27755007,0.20689595,0.08317778,0.27118304,0.48665592,0.2,0.4,0.1,0.4,0.7,0.4,0.7,0.85,0.033333335,0.06666667,-0.2,-0.3,-0.75,0.36666667,0.6333333,-0.13961793,-0.14072557,0.5160054,0.33222532,-0.061496496,-0.2194587,-0.037891723,-0.013092133,0.346141,0.28554,0.4,0.5,0.45,0.5,0.51666665,0.6,0.5,0.55,0.5,0.48333332,-0.2,0.0,-0.1,0.0,0.033333335,0.29867458,0.41316602,0.37305686,0.5416315,0.5580554,0.7013254,0.586834,0.6269432,0.45836848,0.44194457,-0.40265083,-0.17366798,-0.25388628,0.08326301,0.11611085,0.95206314,0.90738565,1.0302492,1.1467335,1.2842925,0.17017896,0.17338797,0.3393457,0.43068764,0.49140772,0.5715062,0.6966868,1.1578361,1.1898947,1.4332159,0.63091236,0.51319945,0.4978935,0.4856235,0.5017541,0.36908767,0.48680052,0.5021065,0.51437646,0.4982459,0.26182467,0.026398936,-0.0042129774,-0.028752977,0.003508188
72,SH601377,0.011389046886984501,0.5625,,,,SH601377,兴业证券,2026-10-08,-0.0069929776,0.019230824,-0.3636338,0.0052447603,0.27272677,0.006993086,0.36363944,-0.005244652,-0.2727211,1.0070422,1.012324,0.99295765,1.0026265,1.0425401,1.0406905,1.0320591,1.0160296,1.0462393,1.0118372,1.0274969,1.0329531,1.0334772,1.0428689,0.0129278805,0.019503076,0.016128462,0.014688205,0.018155543,-0.0070900046,-0.0051787854,-0.0017044758,-0.000468118,-0.0007230054,0.7519317,0.64634013,0.39089835,0.07871816,0.483687,0.0023427918,-0.0041923434,-0.016760584,-0.026689434,-0.021540184,1.0409541,1.0582144,1.0582144,1.0582144,1.0824065,0.99295765,0.99295765,0.99295765,0.99295765,0.99295765,1.0151664,1.0442663,1.0453761,1.0450062,1.0598027,1.0059186,1.0073982,1.0193588,1.0212084,1.0279901,0.2,0.1,0.05,0.033333335,0.016666668,0.14672607,0.107917316,0.107917316,0.107917316,0.07873029,0.2,0.4,0.7,0.8,0.15,1.0,1.0,1.0,1.0,1.0,-0.8,-0.6,-0.3,-0.2,-0.85,-0.17328979,-0.010043187,0.25534508,0.40557718,0.67506784,-0.42478827,0.007336918,0.21990167,0.35338986,0.3096828,0.0,0.2,0.35,0.46666667,0.46666667,0.8,0.6,0.5,0.43333334,0.45,-0.8,-0.4,-0.15,0.033333335,0.016666668,0.0,0.25373128,0.40441194,0.46428582,0.45006657,1.0,0.7462687,0.595588,0.5357142,0.54993343,-1.0,-0.49253744,-0.19117609,-0.071428366,-0.09986687,0.92630446,0.924825,1.0414572,1.0575987,1.2339281,0.13108496,0.111196,0.31987,0.33569962,0.43213198,1.1694697,0.92542034,0.97100675,1.0662853,0.92885953,0.6284395,0.3654639,0.49204162,0.5010758,0.4979052,0.37156048,0.6345361,0.50795835,0.49892417,0.5020948,0.25687903,-0.26907215,-0.01591674,0.002151646,-0.0041895965
73,SH601878,0.011222949120967255,0.75,,,,SH601878,浙商证券,2026-10-08,-0.013392863,0.021205354,-0.6315793,0.0055803717,0.26315862,0.0022321197,0.10526208,-0.016741116,-0.78947586,1.0135747,1.0192308,0.9977376,1.0056524,1.0343782,1.0232558,1.058645,1.0353893,1.0738119,1.0107179,1.0201213,1.0333165,1.0398382,1.0546511,0.007980825,0.0124882525,0.021233505,0.020822987,0.022668641,-0.0035389278,-0.0027514747,-0.003087344,-0.0016506369,-0.0010167693,0.49157268,0.44497862,0.73993707,0.48698854,0.6136118,-0.0036400422,-0.0077396883,-0.003986702,-0.01590397,-0.024656452,1.0348198,1.0411685,1.0785804,1.0785804,1.0962404,0.9977376,0.9977376,0.9977376,0.9977376,0.9977376,1.0163802,1.0343782,1.0588473,1.0606674,1.0728008,1.0064712,1.0088979,1.0159757,1.0206269,1.0343782,0.2,0.1,0.05,0.033333335,0.016666668,0.061010875,0.0520925,0.02798544,0.02798544,0.022968067,0.2,0.4,0.1,0.4,0.15,1.0,1.0,1.0,1.0,1.0,-0.8,-0.6,-0.9,-0.6,-0.85,-0.546432,0.06909682,0.4426297,0.58316493,0.6593841,-0.6146273,-0.18291469,-0.32633024,-0.0076429504,0.08747541,0.4,0.4,0.45,0.5,0.5,0.6,0.5,0.5,0.46666667,0.48333332,-0.2,-0.1,-0.05,0.033333335,0.016666668,0.1458334,0.34666693,0.3141028,0.42081445,0.42250535,0.8541666,0.65333307,0.6858972,0.57918555,0.5774946,-0.7083332,-0.30666614,-0.3717944,-0.15837109,-0.15498927,0.7357849,0.74340165,0.8764091,0.9643729,1.1364446,0.18994182,0.14732596,0.3147051,0.38267255,0.41210356,0.74212044,0.84601206,1.3935146,1.2529931,1.0525317,0.6644114,0.5494246,0.48988754,0.49396855,0.4933164,0.33558857,0.45057544,0.51011246,0.50603145,0.5066836,0.32882285,0.098849125,-0.020224905,-0.012062883,-0.013367191
74,SZ001391,0.011043545179224543,0.4375,,,,,,2026-10-08,0.01827674,0.01827674,1.0,0.0,0.0,0.0,0.0,0.01827674,1.0,0.9820513,1.0,0.9820513,0.9946386,0.9875622,1.0174129,1.0447761,1.0373133,1.0696517,0.9840796,0.99900496,1.0200249,1.0311774,1.0609868,0.009730159,0.020686511,0.02947166,0.029088555,0.0396174,0.0042288518,-0.0049449694,-0.0043448173,-0.0027991303,-0.0018599001,0.4722207,0.5237984,0.7606798,0.71763504,0.67221326,0.0074626934,0.023247393,0.021250894,0.009409946,-0.0061196703,1.0,1.0349743,1.0698075,1.0748601,1.1453241,0.96478236,0.96478236,0.96478236,0.96478236,0.96478236,0.9880597,1.0179105,1.0522388,1.0572139,1.0965174,0.97711444,0.98159206,0.98706466,1.0059701,1.0283582,1.0,0.6,0.3,0.2,0.1,1.0,0.5017332,0.33532572,0.31993455,0.19506647,1.0,0.2,0.25,0.16666667,0.15,0.4,0.7,0.85,0.9,0.95,0.6,-0.5,-0.6,-0.73333335,-0.8,0.81573904,0.10819298,-0.07573112,-0.021694781,0.24219105,0.84443873,0.2434846,-0.08200912,-0.07515431,-0.08655711,0.4,0.3,0.35,0.43333334,0.43333334,0.6,0.6,0.55,0.5,0.48333332,-0.2,-0.3,-0.2,-0.06666667,-0.05,0.66666603,0.41025653,0.38461554,0.44000015,0.45035464,0.33333394,0.58974344,0.61538446,0.5599999,0.54964536,0.3333321,-0.17948693,-0.2307689,-0.11999974,-0.09929073,0.70487607,0.8425045,0.7788285,0.7747217,0.83478487,0.20252246,0.3926424,0.34808666,0.3078874,0.2763718,0.9053811,1.1511077,1.2504926,1.0981823,0.9408617,0.40892604,0.57591903,0.5245445,0.49526533,0.51211154,0.59107393,0.424081,0.47545555,0.5047347,0.48788846,-0.18214792,0.15183803,0.049088914,-0.009469348,0.024223061
75,SH601077,0.010808674992863067,0.75,,,,SH601077,渝农商行,2026-10-08,0.013452834,0.01943196,0.69230455,0.0,0.0,0.005979125,0.30769542,0.01943196,1.0,0.98672575,1.0,0.98082596,0.9942024,0.9641435,0.97011954,1.0099602,0.99701196,0.939243,0.98406374,0.9755976,0.98685265,0.99538517,0.98386455,0.01120241,0.01191754,0.017889213,0.019945174,0.022420429,0.0048804795,0.0031932828,-0.0018527396,-0.0016988777,0.0003508058,0.47450644,0.65813196,0.37541735,0.5622769,0.0746699,0.0061752773,0.01003258,0.030748403,0.029248565,0.0057866536,1.0,1.0,1.0440317,1.0440317,1.0440317,0.9628639,0.9524274,0.9524274,0.9524274,0.9230238,0.9912351,0.98346615,1.0005976,1.0121515,1.0039841,0.97729087,0.9657371,0.97011954,0.9717132,0.9641435,1.0,1.0,0.775,0.51666665,0.725,1.0,1.0,0.519327,0.519327,0.6361252,1.0,1.0,0.05,0.36666667,0.68333334,0.2,0.4,0.7,0.8,0.016666668,0.8,0.6,-0.65,-0.43333334,0.6666667,-0.39282733,0.20812348,-0.13179435,-0.053385254,-0.025575776,0.5455421,0.48494607,0.054526944,0.32858923,0.14662033,0.8,0.5,0.45,0.46666667,0.46666667,0.2,0.5,0.55,0.53333336,0.48333332,0.6,0.0,-0.1,-0.06666667,-0.016666668,0.8,0.67857176,0.4744897,0.5047318,0.54699534,0.2,0.32142824,0.5255103,0.4952682,0.45300463,0.6,0.35714352,-0.051020604,0.009463607,0.09399072,1.2077646,1.1339197,1.0680548,1.0407712,1.0715797,0.20968892,0.22430634,0.21939895,0.2385551,0.2663799,0.538623,0.77050775,0.8059278,0.9259971,1.1777732,0.6020353,0.5018835,0.50079644,0.48352435,0.50003016,0.39796472,0.4981165,0.49920356,0.5164757,0.4999698,0.20407054,0.0037670378,0.0015928973,-0.03295132,6.0377417e-05
76,SZ000858,0.010351204666330561,0.75,,,,,,2026-10-08,0.001284768,0.011705912,0.10975378,0.004425399,0.3780482,0.0059957444,0.51219803,0.0028551135,0.24390356,0.9987169,1.0044197,0.9927288,0.9990467,1.0028558,0.987459,1.0096987,1.0249541,0.98469085,0.99101925,0.9949122,1.0007153,1.0068127,1.0328369,0.00910778,0.009016702,0.012619059,0.013814035,0.03611582,0.00297966,-0.00030688694,-0.0013734609,-0.0012482204,-0.0012931216,0.26757675,0.010618737,0.41461664,0.632766,0.39100617,0.0030214356,0.0064687687,0.012332584,0.011286499,0.0053101326,1.0047072,1.0132636,1.0329345,1.0332208,1.1240408,0.9791868,0.9791868,0.9791868,0.9791868,0.97146803,0.9990894,1.0020583,1.0090683,1.0195618,1.0674654,0.9820681,0.9849737,0.9921306,0.99430066,1.0014871,1.0,0.7,0.55,0.36666667,0.2,0.81555104,0.6107732,0.38723832,0.38518703,0.18700567,0.8,0.5,0.1,0.033333335,0.26666668,0.8,0.9,0.95,0.96666664,0.016666668,0.0,-0.4,-0.85,-0.93333334,0.25,0.72988033,0.6538879,0.72531307,0.6647322,0.7335769,0.7153329,0.6535999,0.5256538,0.32366338,0.5130158,0.4,0.5,0.4,0.46666667,0.5,0.6,0.5,0.6,0.53333336,0.5,-0.2,0.0,-0.2,-0.06666667,0.0,0.4659379,0.59396446,0.46389166,0.43841195,0.5117132,0.5340621,0.4060355,0.5361084,0.56158805,0.4882868,-0.06812415,0.18792894,-0.072216704,-0.1231761,0.023426428,0.9004254,0.913078,1.077753,1.17672,1.7682388,0.19564027,0.16685405,0.45301515,0.4297831,0.88136977,1.0119863,1.011508,1.2763739,1.0931089,1.652647,0.48814318,0.5182645,0.46275228,0.48046574,0.49327314,0.51185685,0.48173556,0.5372477,0.5195343,0.50672686,-0.02371365,0.03652889,-0.07449543,-0.03906853,-0.013453748
77,SH601901,0.010254320956297684,0.4375,,,,SH601901,方正证券,2026-10-08,-0.013452946,0.020926712,-0.64286,0.004484223,0.21428226,0.0029895436,0.14285778,-0.014947626,-0.7142845,1.0136364,1.0181818,0.9969697,1.0054162,1.0419581,1.034965,1.0405594,1.0153846,1.0657343,1.0097902,1.0243356,1.0322378,1.0326806,1.045338,0.009382095,0.017791526,0.016167551,0.01615446,0.020379065,-0.0032167728,-0.004221232,-0.0019632997,-0.0004751194,-0.00085241225,0.2938875,0.5160164,0.5161225,0.06703819,0.5336183,-0.0033566453,-0.0053401077,-0.0135864,-0.025791403,-0.020191815,1.0420971,1.0537347,1.058046,1.0617748,1.0908346,0.9969697,0.9969697,0.9969697,0.9969697,0.9969697,1.0179021,1.0427972,1.0464336,1.0475525,1.0646154,1.0033567,1.0053146,1.0212587,1.017902,1.0262936,0.2,0.1,0.05,0.033333335,0.016666668,0.067150116,0.05338342,0.049615152,0.046760306,0.032283735,0.2,0.4,0.1,0.3,0.05,1.0,1.0,1.0,1.0,1.0,-0.8,-0.6,-0.9,-0.7,-0.95,-0.04735533,0.074662745,0.36287263,0.30803153,0.54904646,-0.45393232,-0.09208055,0.18844588,0.16921218,0.17575873,0.4,0.4,0.5,0.53333336,0.43333334,0.6,0.6,0.5,0.46666667,0.48333332,-0.2,-0.2,0.0,0.06666667,-0.05,0.1875,0.33766243,0.39259252,0.47342995,0.43766573,0.8125,0.66233754,0.6074075,0.52657,0.5623343,-0.625,-0.3246751,-0.21481498,-0.053140074,-0.12466856,0.8793061,0.88287,1.0576961,1.1836319,1.4519497,0.16533753,0.14931768,0.31083113,0.3771248,0.5758231,0.6124956,0.67823696,0.942653,0.88545245,0.9846218,0.6512351,0.4455639,0.4908741,0.49130553,0.48969188,0.3487649,0.5544361,0.5091259,0.50869447,0.51030815,0.30247024,-0.1088722,-0.018251762,-0.017388968,-0.02061626
78,SZ000625,0.010033281384770672,0.625,,,,,,2026-10-08,-0.008450716,0.014084558,-0.59999865,0.002816969,0.20000407,0.0028168734,0.19999728,-0.008450812,-0.60000545,1.0085227,1.0113637,0.9971591,1.0032963,1.0114168,1.0056634,1.0028766,1.0,0.9762676,1.0025711,1.0086839,1.0108864,1.0099186,1.0219691,0.0044421554,0.007472847,0.008443691,0.007466523,0.030591588,0.0011416617,-0.0017140134,-0.00052504527,-3.871813e-05,-0.00038720618,0.16513051,0.4822449,0.13533087,0.0020839805,0.048863024,-0.004854374,-0.0009708994,-0.0058984724,-0.0093571115,-0.010546466,1.019922,1.0242016,1.0440139,1.0440139,1.123608,0.9929324,0.9929324,0.9915127,0.9915127,0.95668614,1.004297,1.0156419,1.0164869,1.0156419,1.0389429,0.99971235,1.0011507,1.0028766,1.0028766,1.0028766,0.4,0.2,0.1,0.06666667,0.125,0.2618639,0.22602424,0.1616593,0.1616593,0.2594858,0.8,0.5,0.4,0.6,0.3,0.8,0.9,0.35,0.56666666,0.06666667,0.0,-0.4,0.05,0.033333335,0.23333333,0.968329,-0.18844342,0.39772743,0.45592594,0.54217386,0.8161795,0.64909387,0.7472812,0.68191266,0.43117046,0.6,0.6,0.45,0.43333334,0.46666667,0.4,0.4,0.5,0.5,0.5,0.2,0.2,-0.05,-0.06666667,-0.033333335,0.3333324,0.45667124,0.49126628,0.5,0.5171964,0.6666676,0.54332876,0.50873375,0.5,0.48280355,-0.33333522,-0.08665751,-0.017467454,0.0,0.034392867,1.1073883,0.9821851,1.0224599,0.92303956,1.3610623,0.31729954,0.26246813,0.34487748,0.32224578,0.7425771,0.6576783,0.6185183,1.1178846,1.139955,1.419079,0.5116622,0.53842866,0.5250669,0.49701115,0.49802843,0.4883378,0.46157137,0.47493306,0.5029889,0.5019716,0.023324348,0.076857276,0.05013388,-0.0059777,-0.0039431686
79,SH601868,0.009932192756522563,0.6875,,,,SH601868,中国能建,2026-10-08,-0.0041840724,0.012552281,-0.3333316,0.008368209,0.66666836,0.0,0.0,-0.012552281,-1.0,1.0042017,1.0126051,1.0,1.0064845,1.011811,1.015748,1.035433,1.035433,1.0393701,1.0,1.0106299,1.023622,1.0320209,1.0479002,0.00622495,0.012730323,0.018466197,0.019853562,0.024379153,-0.0003937004,-0.0036506765,-0.002723342,-0.0019391618,-0.0009783994,0.01,0.7538402,0.7612328,0.73935485,0.49124146,0.0007874008,0.005798133,0.0022497193,-0.0039031336,-0.019037463,1.0162729,1.0322738,1.0635254,1.0671936,1.1071374,0.9918602,0.9918602,0.9918602,0.9918602,0.9918602,1.0047244,1.0212598,1.0393701,1.0488188,1.0669291,0.9952756,0.9992126,1.0070866,1.0149606,1.0307087,0.6,0.3,0.15,0.1,0.05,0.333425,0.20141317,0.113581106,0.10805048,0.07061078,0.2,0.4,0.25,0.16666667,0.31666666,0.6,0.8,0.9,0.93333334,0.96666664,-0.4,-0.4,-0.65,-0.76666665,-0.65,-0.10397123,0.2476778,0.22795123,0.084430106,0.55058616,-0.16726282,0.29507956,0.06840332,0.0061525935,0.09952594,0.4,0.4,0.35,0.4,0.45,0.6,0.6,0.5,0.46666667,0.45,-0.2,-0.2,-0.15,-0.06666667,0.0,0.33333334,0.4,0.37837848,0.41818193,0.4647888,0.6666667,0.6,0.6216215,0.5818181,0.5352112,-0.33333334,-0.2,-0.24324302,-0.16363616,-0.07042244,0.70119846,0.7288917,0.7640065,0.74206996,0.9746268,0.21580112,0.20493469,0.22376586,0.19369891,0.34998292,0.82578635,0.6413219,0.96841866,0.89274055,1.1076316,0.6223911,0.56561226,0.5188806,0.5013459,0.4976603,0.37760887,0.43438774,0.4811194,0.49865416,0.5023397,0.24478225,0.1312245,0.037761193,0.0026916936,-0.004679399
80,SH600958,0.009918491586940666,0.4375,,,,SH600958,东方证券,2026-10-08,-0.012746276,0.025492474,-0.50000155,0.009270005,0.3636369,0.0034761932,0.13636154,-0.018540088,-0.7272769,1.0129108,1.0223005,0.9964789,1.0074526,1.0487581,1.0358787,1.075437,1.0423183,1.0579576,1.0115916,1.0273229,1.0459522,1.0528365,1.0592916,0.008546279,0.019022716,0.02724065,0.025735939,0.021457328,-0.0038638536,-0.0044994582,-0.004150902,-0.0019756185,-0.0004960235,0.51100755,0.5128458,0.8126771,0.45669672,0.16298707,-0.0038638457,-0.007075366,-0.006518618,-0.024190107,-0.04465896,1.0488384,1.0604037,1.0988827,1.0988827,1.0988827,0.9964789,0.9964789,0.9964789,0.9964789,0.9964789,1.0171113,1.0489421,1.0781969,1.0791168,1.0791168,1.0066237,1.0104876,1.0215272,1.0340387,1.0445262,0.2,0.1,0.05,0.033333335,0.016666668,0.06724817,0.055081498,0.03438424,0.03438424,0.03438424,0.2,0.4,0.1,0.4,0.7,1.0,1.0,1.0,1.0,1.0,-0.8,-0.6,-0.9,-0.6,-0.3,0.105243854,-0.17227457,0.27860284,0.41834047,0.4217026,-0.6479579,-0.45900467,-0.43047103,-0.17220783,-0.118913874,0.4,0.5,0.45,0.5,0.46666667,0.6,0.5,0.5,0.4,0.46666667,-0.2,0.0,-0.05,0.1,0.0,0.11594234,0.3274334,0.29081622,0.4115383,0.44723615,0.88405764,0.6725666,0.7091838,0.5884617,0.5527639,-0.76811534,-0.3451332,-0.4183676,-0.17692341,-0.105527714,0.83907825,0.7732117,0.88857955,0.9281207,1.0865319,0.3278791,0.25511605,0.3250427,0.34545016,0.3700471,0.9533174,0.990132,1.2522886,1.2801826,1.060802,0.6294038,0.51127297,0.5054558,0.50134474,0.49638537,0.3705962,0.48872703,0.4945442,0.49865526,0.50361466,0.2588076,0.022545947,0.010911593,0.0026894799,-0.0072292704
81,SH601728,0.008615083469271525,0.8125,,,,SH601728,中国电信,2026-10-08,0.022293016,0.033439524,0.6666667,0.0031847297,0.095238484,0.007961779,0.23809485,0.027070066,0.80952305,0.9781931,1.0031153,0.970405,0.99106425,0.9494451,0.974106,0.98150426,1.0086313,0.84463626,0.97731197,0.96843404,0.96812576,0.9705302,0.9546034,0.014657169,0.014833036,0.011896274,0.011991382,0.03545071,0.008631313,0.0030489832,0.0006053982,-0.00019394114,0.0013260634,0.86694914,0.38731244,0.090641774,0.020272305,0.42675492,0.005425422,0.01784555,0.02612296,0.032281946,0.006277765,1.0031153,1.0031153,1.0031153,1.0087099,1.0115656,0.9421789,0.9421789,0.9421789,0.9421789,0.832505,0.98224413,0.97681874,0.97681874,0.97903824,0.97903824,0.9701603,0.9580765,0.9588163,0.9593095,0.9366214,1.0,1.0,1.0,1.0,0.96666664,0.9488765,0.9488765,0.9488765,0.8690852,0.9354095,1.0,1.0,1.0,0.06666667,0.46666667,0.2,0.6,0.8,0.8666667,0.016666668,0.8,0.4,0.2,-0.8,0.45,0.19454515,0.37354133,0.34390998,0.37901014,-0.18890594,0.94320005,0.6750745,0.6565643,0.49641886,0.4752822,1.0,0.5,0.4,0.36666667,0.5,0.0,0.5,0.6,0.6,0.46666667,1.0,0.0,-0.2,-0.23333333,0.033333335,1.0,0.6721314,0.56521744,0.48148152,0.61413044,0.0,0.32786858,0.43478256,0.5185185,0.38586953,1.0,0.34426284,0.13043489,-0.03703698,0.22826092,0.77221423,0.680113,0.71835154,0.75565875,1.0441349,0.25697377,0.20451447,0.20537396,0.19796424,0.43354768,0.943278,1.1167222,1.05016,0.9199636,1.2047354,0.6498527,0.60510796,0.5503351,0.47928384,0.507308,0.3501473,0.39489204,0.44966492,0.52071613,0.49269202,0.29970536,0.21021593,0.10067018,-0.041432317,0.014615978
82,SZ002736,0.00535411709195227,0.625,,,,,,2026-10-08,-0.008179989,0.020449895,-0.40000147,0.0071574333,0.34999853,0.005112474,0.25,-0.010224948,-0.5,1.0082475,1.015464,0.9948454,1.0031391,1.0288316,1.0174507,1.0500759,1.0128983,1.0531108,1.0051594,1.012519,1.0254173,1.0302985,1.0388974,0.006982756,0.011373852,0.018860817,0.020667372,0.019566886,-0.0016692062,-0.0016783893,-0.0027165795,-0.0012301642,-0.00065285387,0.14285856,0.19960971,0.72609234,0.2745727,0.339538,-0.0018209674,-0.0049662525,0.0003901693,-0.012461083,-0.019638164,1.0278176,1.0329552,1.0690026,1.0724689,1.0776846,0.99229366,0.99229366,0.99229366,0.99229366,0.99229366,1.0113809,1.025038,1.0437026,1.0543247,1.0576632,0.99969655,1.001821,1.00956,1.0128983,1.0186646,0.4,0.2,0.1,0.06666667,0.033333335,0.2169339,0.1895245,0.100462236,0.09611884,0.090247855,0.2,0.5,0.1,0.3,0.15,0.4,0.7,0.85,0.9,0.95,-0.2,-0.2,-0.75,-0.6,-0.8,-0.36526012,0.14073907,0.42547113,0.6363164,0.62581974,-0.6664703,-0.22108696,-0.003112093,0.3779018,0.27415824,0.4,0.6,0.45,0.53333336,0.46666667,0.6,0.4,0.55,0.46666667,0.51666665,-0.2,0.2,-0.1,0.06666667,-0.05,0.22857131,0.4017095,0.34862393,0.47384608,0.45138887,0.7714287,0.5982905,0.65137607,0.5261539,0.5486111,-0.5428574,-0.196581,-0.30275214,-0.052307837,-0.097222246,0.9310294,1.0129825,1.1957521,1.3542435,1.5780817,0.24610114,0.21976496,0.35039487,0.6091047,0.6489436,0.64685744,0.643389,1.0649095,1.585128,1.3194977,0.56518847,0.37176266,0.45635158,0.48662502,0.48437464,0.4348115,0.6282373,0.5436484,0.513375,0.51562536,0.130377,-0.25647464,-0.08729682,-0.026749993,-0.03125074
83,SZ000333,0.005227290251241261,0.375,,,,,,2026-10-08,0.013263943,0.04437837,0.29888305,0.0017355141,0.039107207,0.029378913,0.6620097,0.040907342,0.9217856,0.9869097,1.0017128,0.95791537,0.991028,1.0089265,1.0398802,1.0641181,1.0364708,0.97150534,0.9986569,1.0074657,1.032087,1.0401363,1.0342009,0.011496296,0.018107036,0.029087164,0.027111,0.027573552,-0.0045521227,-0.0042592697,-0.0043824348,-0.0022517797,0.00020145257,0.3919693,0.50720894,0.79450417,0.5346412,0.01628021,0.010447347,0.011701047,0.009546127,-0.0074855853,-0.040143706,1.0160311,1.0433122,1.082717,1.082717,1.0949403,0.95791537,0.95791537,0.95791537,0.95791537,0.9525358,1.0047733,1.015419,1.0567166,1.0623494,1.0557123,0.9952103,0.99716914,1.0025457,1.0096208,1.0104722,0.6,0.4,0.2,0.13333334,0.13333334,0.7241519,0.4928124,0.3372124,0.3372124,0.33330548,0.2,0.1,0.05,0.36666667,0.26666668,1.0,1.0,1.0,1.0,0.033333335,-0.8,-0.9,-0.95,-0.6333333,0.23333333,-0.77616173,-0.57620263,-0.6310764,-0.57281077,-0.3179781,-0.6726181,-0.7603688,-0.7293202,-0.41654867,-0.2185514,0.4,0.4,0.55,0.53333336,0.5,0.6,0.6,0.45,0.46666667,0.5,-0.2,-0.2,0.1,0.06666667,0.0,0.4165376,0.34117827,0.35097486,0.43921757,0.5226578,0.5834624,0.65882176,0.64902514,0.56078243,0.47734222,-0.16692479,-0.31764346,-0.29805025,-0.12156487,0.045315575,0.730405,0.77862835,0.6562268,0.618293,0.7356747,0.28382233,0.37331232,0.29518786,0.25661087,0.28979397,0.9875459,1.4385277,1.5883029,1.594409,1.1896595,0.80341905,0.5328465,0.57698286,0.51108235,0.5077014,0.19658095,0.4671535,0.42301717,0.48891762,0.49229863,0.6068381,0.06569304,0.15396567,0.022164738,0.015402735
84,SH600233,0.004600748652028599,0.3125,,,,SH600233,圆通速递,2026-10-08,0.0,0.016310493,0.0,0.011248645,0.68965703,0.0050618467,0.31034297,-0.0061867987,-0.37931406,1.0,1.0112486,0.99493814,1.0021814,1.0033867,0.9527841,0.9270844,1.043331,0.93545175,1.0069728,1.0090647,0.9827473,0.9723047,0.99224025,0.0065003666,0.015594573,0.032139935,0.031280477,0.042926777,-0.0029186176,-0.0010576942,0.0041552233,0.0024519507,-0.00013439675,0.50398624,0.042168174,0.58501464,0.47618803,0.002989653,-0.0011355734,-0.0043050284,-0.02222191,-0.007857965,0.011724437,1.0292244,1.0607481,1.0607481,1.0607481,1.0852058,0.9898717,0.93762434,0.9226289,0.9203826,0.91037905,1.0126905,1.017432,1.0087658,1.0011555,1.0346649,1.0004781,0.998984,0.9496563,0.9448949,0.94670784,0.2,0.3,0.65,0.76666665,0.5833333,0.25737357,0.50660944,0.5601762,0.5672148,0.51262736,0.6,0.3,0.65,0.76666665,0.31666666,0.2,0.1,0.05,0.33333334,0.033333335,0.4,0.2,0.6,0.43333334,0.28333333,0.90140456,0.5268438,0.32279664,0.37564504,0.000951156,0.734455,0.63388056,0.71431154,0.26810634,0.27063334,0.4,0.6,0.5,0.4,0.48333332,0.6,0.4,0.5,0.56666666,0.5,-0.2,0.2,0.0,-0.16666667,-0.016666668,0.43145156,0.6457564,0.61656046,0.4502857,0.5340122,0.56854844,0.35424355,0.38343954,0.54971427,0.46598783,-0.13709688,0.29151288,0.23312092,-0.09942859,0.06802436,1.171625,1.6876706,1.6793512,1.6626147,1.6651416,0.23397592,0.7759945,0.683871,0.71217716,0.60168463,0.7463345,1.3958131,1.2763276,1.5864336,1.2830491,0.2613078,0.49632496,0.49744534,0.48874933,0.48579377,0.7386922,0.50367504,0.50255466,0.5112507,0.51420623,-0.47738442,-0.007350074,-0.0051093316,-0.022501364,-0.028412467
85,SH601881,0.004220667690364517,0.375,,,,SH601881,中国银河,2026-10-08,-0.013840847,0.022491366,-0.6153849,0.0043252176,0.19230568,0.0043253014,0.19230941,-0.013840763,-0.6153812,1.0140351,1.018421,0.995614,1.0059965,1.0611353,1.0640466,1.0829694,1.0443959,1.1237264,1.0167395,1.0385735,1.0545124,1.0602134,1.0810893,0.01500401,0.025564156,0.025778119,0.023988113,0.031784177,-0.008078597,-0.0071897977,-0.0037210926,-0.0016900545,-0.0015549161,0.7247649,0.7250732,0.7293006,0.3846901,0.72994787,-0.0005822533,-0.006219404,-0.01916198,-0.035707682,-0.03521924,1.0591851,1.0719221,1.0997522,1.0997522,1.1563679,0.995614,0.995614,0.995614,0.995614,0.995614,1.0215429,1.0617176,1.0752547,1.0800582,1.1085881,1.0081514,1.0148472,1.0359534,1.0480349,1.0586609,0.2,0.1,0.05,0.033333335,0.016666668,0.06899368,0.057477597,0.04211717,0.04211717,0.027283985,0.2,0.4,0.1,0.4,0.083333336,1.0,1.0,1.0,1.0,1.0,-0.8,-0.6,-0.9,-0.6,-0.9166667,0.09884527,-0.16760288,0.11534105,0.30647478,0.700626,-0.5750008,-0.3271624,-0.43376482,-0.031086544,-0.018077888,0.2,0.4,0.5,0.56666666,0.51666665,0.8,0.6,0.5,0.4,0.45,-0.6,-0.2,0.0,0.16666667,0.06666667,0.08823563,0.22500005,0.2992958,0.4190981,0.3983254,0.9117644,0.7749999,0.70070416,0.5809019,0.6016746,-0.82352877,-0.5499999,-0.40140834,-0.16180381,-0.20334919,0.88804656,0.84953606,0.9388997,0.9578133,1.212011,0.16374902,0.168297,0.22646585,0.2607439,0.49183345,0.66502017,0.7622587,0.9990886,1.0150764,1.033024,0.692316,0.52648014,0.49171516,0.4977834,0.47908908,0.30768403,0.47351986,0.5082848,0.5022166,0.5209109,0.38463196,0.052960288,-0.016569668,-0.0044332063,-0.041821867
86,SH600048,0.004168350888582634,0.4375,,,,SH600048,保利发展,2026-10-08,0.012280685,0.03508778,0.34999892,0.01754389,0.5,0.005263205,0.1500011,0.0,0.0,0.9878683,1.017331,0.98266894,1.0001515,0.97744316,0.86830956,0.8439925,0.90638244,0.8023991,0.98960817,0.968981,0.93015844,0.91461635,0.8999435,0.020604169,0.041770007,0.050573345,0.04862403,0.04565823,0.010046291,0.010745441,0.0066957935,0.0038343086,0.001667242,0.59434867,0.60663956,0.6135201,0.48191884,0.40668577,-0.009700773,-0.017335504,0.0062315497,0.029786192,0.050872866,1.0190641,1.0225025,1.0225025,1.0225025,1.0225025,0.92201036,0.85439616,0.84227,0.8301281,0.7868499,1.0024252,1.0,0.98441875,0.9733229,0.9206206,0.9705587,0.95530343,0.8797444,0.87627614,0.86830956,0.7,0.85,0.925,0.95,0.975,0.8035716,0.8661409,0.875147,0.88302726,0.90450954,0.8,0.5,0.75,0.8333333,0.9166667,0.8,0.1,0.05,0.33333334,0.016666668,0.0,0.4,0.7,0.5,0.9,0.7983544,0.68714696,0.733001,0.5237484,0.48451316,0.768732,0.736498,0.647294,0.43358696,0.48863867,0.4,0.5,0.45,0.43333334,0.48333332,0.4,0.3,0.45,0.5,0.48333332,0.0,0.2,0.0,-0.06666667,0.0,0.6514882,0.83333325,0.7320148,0.5978735,0.60481364,0.34851182,0.16666678,0.26798525,0.4021265,0.39518636,0.30297637,0.66666645,0.46402952,0.195747,0.20962726,1.1976581,1.2103438,0.92004097,0.88584876,0.7215871,0.6093399,0.54198015,0.5365255,0.5191343,0.41566953,1.2378197,1.3547447,1.4717877,1.5020131,1.4617956,0.43233505,0.55395544,0.5220708,0.52295816,0.51696175,0.567665,0.44604456,0.47792917,0.4770418,0.48303822,-0.13532992,0.10791089,0.044141673,0.045916352,0.03392354
87,SH600372,0.003938272139455094,0.5625,,,,SH600372,中航机载,2026-10-08,-0.010638282,0.02748222,-0.38709688,0.012411313,0.45161247,0.004432625,0.16129065,-0.01861697,-0.6774187,1.0107527,1.0232974,0.9955197,1.0089886,1.0242373,1.0205303,1.0142572,0.97405183,0.9865982,1.0058739,1.0164528,1.0288708,1.0158064,1.012803,0.0065415422,0.01261245,0.021556094,0.027422918,0.021961188,-0.0029369835,-0.0033647006,-0.0020476768,0.0013367833,0.0003227617,0.5039445,0.652387,0.31582808,0.18416046,0.065879785,1.8831464e-08,-0.001311644,-0.009417889,-0.035189826,-0.022324422,1.0250491,1.0464327,1.0806127,1.0806127,1.0806127,0.99376804,0.99376804,0.99376804,0.9569855,0.9569855,1.0094097,1.0250927,1.0483034,1.0367836,1.0264614,0.99982893,1.0057029,1.0116339,0.9977189,0.99982893,0.4,0.2,0.1,0.26666668,0.225,0.19922581,0.11833328,0.07176026,0.3479377,0.3479377,0.4,0.3,0.25,0.5,0.75,0.6,0.8,0.9,0.06666667,0.53333336,-0.2,-0.5,-0.65,0.43333334,0.21666667,-0.12498651,0.64994895,0.73149085,0.7254207,0.48271558,-0.54367524,0.10624054,0.5634462,0.50670034,0.3749109,0.2,0.4,0.45,0.56666666,0.55,0.8,0.6,0.55,0.43333334,0.45,-0.6,-0.2,-0.1,0.13333334,0.1,0.21088348,0.35937518,0.4674479,0.5465712,0.5100815,0.7891165,0.6406248,0.5325521,0.45342878,0.48991847,-0.57823306,-0.28124964,-0.06510419,0.09314242,0.020163044,0.91584396,1.0207307,1.4516823,1.3287543,1.4464213,0.108928695,0.21272069,0.7093396,0.6325223,0.61754066,0.09776452,0.46008778,1.6376109,1.7449342,1.3573617,0.5503764,0.4044572,0.46624053,0.4765585,0.49262124,0.44962358,0.5955428,0.5337595,0.5234415,0.50737876,0.100752845,-0.19108559,-0.06751896,-0.04688301,-0.014757509
88,SH601211,0.0030582554483462795,0.25,,,,SH601211,国泰海通,2026-10-08,-0.011316263,0.02561045,-0.44186112,0.010125093,0.39535004,0.0041690953,0.16278882,-0.01727226,-0.6744223,1.0114458,1.0216868,0.9957832,1.0065877,1.0647007,1.0545775,1.0611795,1.0761445,1.1280811,1.0138204,1.0360916,1.046743,1.0533158,1.0814848,0.014573266,0.02618171,0.022194166,0.021907475,0.037478957,-0.007042266,-0.006940889,-0.002695779,-0.0015619854,-0.0018351144,0.5837825,0.64423686,0.51636755,0.3939771,0.7312252,0.0002640711,-0.0048575904,-0.021133093,-0.030666973,-0.027348896,1.0622786,1.074733,1.0862238,1.0876615,1.1688377,0.9957832,0.9957832,0.9957832,0.9957832,0.9957832,1.0204226,1.0625881,1.0649649,1.0700704,1.1082747,1.0024648,1.0108275,1.0328345,1.043486,1.0544014,0.2,0.1,0.05,0.033333335,0.016666668,0.063415125,0.05341133,0.046625216,0.045895632,0.02436698,0.2,0.4,0.1,0.2,0.21666667,1.0,1.0,1.0,1.0,1.0,-0.8,-0.6,-0.9,-0.8,-0.78333336,-0.12691556,-0.0908862,-0.016546998,0.2116706,0.5520652,-0.74013674,-0.5984226,-0.35035738,-0.076523855,0.052998863,0.2,0.4,0.55,0.53333336,0.51666665,0.8,0.6,0.4,0.4,0.45,-0.6,-0.2,0.15,0.13333334,0.06666667,0.14492743,0.28620693,0.35959607,0.38809833,0.40877736,0.85507256,0.7137931,0.6404039,0.61190164,0.59122264,-0.7101451,-0.42758614,-0.28080782,-0.22380334,-0.18244527,0.90181345,0.9019203,0.9013673,1.0290041,1.2767676,0.14123793,0.13147517,0.19997351,0.30017412,0.50041,0.47866067,0.6770895,0.8936478,1.0261868,1.3374794,0.659408,0.59494257,0.508964,0.42393762,0.48342583,0.340592,0.40505746,0.491036,0.5760624,0.51657414,0.31881598,0.1898851,0.017928002,-0.15212473,-0.033148326
89,SH601058,0.0028240103735231365,0.5,,,,SH601058,赛轮轮胎,2026-10-08,-0.02191988,0.03250187,-0.67441905,0.006046896,0.18604764,0.0045350934,0.13953331,-0.023431683,-0.7209334,1.0224111,1.0285935,0.9953633,1.0072805,1.0757923,1.0532705,1.1874579,1.075118,0.9786919,1.0227108,1.045435,1.0733514,1.0832098,1.0597708,0.01698418,0.02670948,0.046811625,0.050406996,0.04926682,-0.009345918,-0.007886556,-0.0069091823,-0.0028090246,0.0011398611,0.75699806,0.7991997,0.76245445,0.24067509,0.16326559,-0.0040189074,-0.009945457,-0.007714117,-0.04247888,-0.09339666,1.0818778,1.0849453,1.2027993,1.2058101,1.2058101,0.9953633,0.9953633,0.9953633,0.9953633,0.92136014,1.0281322,1.0672421,1.1009036,1.1160351,1.0821577,1.0167229,1.021443,1.04294,1.0528119,1.0231693,0.2,0.1,0.05,0.033333335,0.083333336,0.053594757,0.051759608,0.022352569,0.022032788,0.27646294,0.2,0.2,0.05,0.3,0.65,1.0,1.0,1.0,1.0,0.033333335,-0.8,-0.8,-0.95,-0.7,0.6166667,-0.47058535,0.032923277,0.066083886,0.42048603,0.11465184,-0.5799003,-0.4494132,-0.74612814,-0.27843806,-0.020163292,0.4,0.5,0.4,0.53333336,0.53333336,0.6,0.5,0.6,0.46666667,0.45,-0.2,0.0,-0.2,0.06666667,0.083333336,0.028523924,0.27480045,0.2153972,0.4259899,0.5097869,0.9714761,0.7251996,0.7846028,0.57401013,0.4902131,-0.94295216,-0.45039913,-0.56920564,-0.14802021,0.019573798,0.7257561,0.7680475,0.86946845,0.8965817,0.9374841,0.18186851,0.20864634,0.43850216,0.5002103,0.43891525,0.87638366,0.9464856,1.9363729,1.7847044,1.4056699,0.6686706,0.5461805,0.49128613,0.49700752,0.5012399,0.33132938,0.45381954,0.5087139,0.50299245,0.4987601,0.33734122,0.09236093,-0.017427752,-0.00598494,0.0024797793
90,SH601456,0.002626425979903506,0.625,,,,SH601456,国联民生,2026-10-08,-0.011792511,0.020047227,-0.5882365,0.0058962144,0.2941162,0.0023585022,0.1176473,-0.015330223,-0.7647054,1.0119332,1.0178998,0.9976134,1.006643,1.0319635,1.0308219,1.0559361,1.043379,1.0490868,1.0143836,1.0236301,1.0352169,1.0420853,1.0545472,0.008565458,0.011765936,0.017214272,0.018046377,0.019372897,-0.004223741,-0.0031064055,-0.002639304,-0.0016080781,-0.0007982623,0.6079019,0.63896155,0.8227531,0.6153694,0.51784754,-0.0059360936,-0.0096513275,-0.010143523,-0.018768119,-0.030998467,1.0314322,1.0436864,1.0734173,1.0753945,1.0965937,0.9976134,0.9976134,0.9976134,0.9976134,0.9976134,1.0182649,1.03379,1.0538813,1.0593607,1.0698631,1.0118722,1.0166667,1.0216895,1.0260274,1.0374429,0.2,0.1,0.05,0.033333335,0.016666668,0.07057158,0.0518014,0.031484462,0.030684149,0.024112333,0.2,0.4,0.1,0.3,0.15,1.0,1.0,1.0,1.0,1.0,-0.8,-0.6,-0.9,-0.7,-0.85,0.31680825,0.010558223,0.5030712,0.61327183,0.62607735,-0.0706776,0.0940445,-0.037021164,0.18960984,0.22580467,0.2,0.3,0.4,0.43333334,0.5,0.8,0.7,0.6,0.56666666,0.5,-0.6,-0.4,-0.2,-0.13333334,0.0,0.13157971,0.2711869,0.2831861,0.39560452,0.4423592,0.8684203,0.7288131,0.7168139,0.6043955,0.5576408,-0.7368406,-0.45762622,-0.4336278,-0.20879096,-0.11528158,1.0257536,0.96781653,1.1173912,1.1970406,1.3484375,0.25042948,0.21362959,0.42759368,0.44782537,0.4527493,0.6690577,0.7583001,1.0808051,1.0293546,0.9583131,0.5956232,0.5437315,0.4691419,0.4854908,0.49611446,0.4043768,0.45626852,0.5308581,0.5145092,0.50388557,0.19124639,0.08746299,-0.061716214,-0.029018387,-0.0077711
91,SH600061,0.0017799085037659423,0.625,,,,SH600061,国投资本,2026-10-08,-0.011326829,0.02427185,-0.46666524,0.008090617,0.33333334,0.0048544044,0.20000142,-0.014563041,-0.59999716,1.0114566,1.0196398,0.99509,1.005449,1.031058,1.019573,1.0556453,1.0147201,1.0588806,1.005791,1.0165966,1.032166,1.0379435,1.0469724,0.0074272077,0.014325521,0.023549754,0.023937821,0.022470936,-0.0009543811,-0.0027332527,-0.0033642424,-0.0015483255,-0.0007866191,0.041279316,0.33369538,0.7142822,0.32423285,0.37375456,-0.003882227,-0.004296921,-0.0002056535,-0.015492763,-0.023767121,1.0309414,1.0457107,1.0800412,1.0800412,1.0948102,0.9933301,0.9933301,0.9933301,0.9933301,0.9933301,1.0129408,1.0320284,1.0588806,1.0614687,1.0672922,0.9993206,1.0051763,1.0129408,1.0169524,1.0241022,0.4,0.2,0.1,0.06666667,0.033333335,0.17733775,0.127335,0.07692084,0.07692084,0.06572604,0.2,0.4,0.1,0.4,0.083333336,0.4,0.7,0.85,0.9,0.95,-0.2,-0.3,-0.75,-0.5,-0.8666667,-0.9003682,0.08060957,0.3235856,0.49254677,0.5100408,-0.98398894,-0.16550836,-0.12427456,0.13971205,0.27141112,0.4,0.5,0.55,0.6,0.53333336,0.6,0.5,0.4,0.33333334,0.43333334,-0.2,0.0,0.15,0.26666668,0.1,0.25634474,0.4035088,0.36038962,0.4742502,0.45190278,0.74365526,0.5964912,0.63961035,0.5257498,0.54809725,-0.48731053,-0.19298239,-0.27922076,-0.051499624,-0.09619447,0.9476882,0.95974976,1.1323456,1.1559255,1.2624438,0.1574321,0.19129238,0.3944671,0.4028001,0.45919177,0.45481685,0.66352123,1.5334496,1.4545208,1.1408082,0.6295927,0.44475237,0.48414627,0.49997586,0.49821094,0.37040725,0.55524766,0.51585376,0.50002414,0.5017891,0.2591855,-0.11049528,-0.031707488,-4.8294598e-05,-0.00357815
92,SH601688,0.0017022488784386078,0.3125,,,,SH601688,华泰证券,2026-10-08,-0.011235957,0.019662876,-0.57143,0.0061797863,0.314287,0.002247132,0.11428297,-0.015168612,-0.77143407,1.0113636,1.0176136,0.99772733,1.0077353,1.0427829,1.04998,1.0923631,1.0511796,1.1139544,1.0127949,1.0277889,1.0575371,1.0653872,1.0853193,0.011938418,0.018456517,0.03660527,0.034619965,0.03756875,-0.006597358,-0.0049459003,-0.005927255,-0.0025315802,-0.0016488766,0.7634604,0.65826786,0.9176731,0.41441154,0.58751994,0.00039981128,-0.0055323597,-0.0012281007,-0.028679306,-0.036677387,1.0427845,1.059809,1.122921,1.122921,1.1623169,0.99772733,0.99772733,0.99772733,0.99772733,0.99772733,1.0172731,1.0441424,1.0985206,1.1012396,1.1168333,1.0054379,1.0106359,1.0270293,1.0396641,1.0509397,0.2,0.1,0.05,0.033333335,0.016666668,0.050439686,0.036607735,0.018153215,0.018153215,0.013808091,0.2,0.4,0.1,0.4,0.18333334,1.0,1.0,1.0,1.0,1.0,-0.8,-0.6,-0.9,-0.6,-0.81666666,-0.2624304,0.30482468,-0.022611799,0.22261761,0.4588809,-0.5744926,-0.56185836,-0.32988763,0.135894,0.08215149,0.2,0.3,0.35,0.46666667,0.41666666,0.8,0.6,0.6,0.5,0.53333336,-0.6,-0.3,-0.25,-0.033333335,-0.11666667,0.09160286,0.24489781,0.27659553,0.41815838,0.4176776,0.90839714,0.75510216,0.72340447,0.58184165,0.5823224,-0.8167943,-0.5102044,-0.44680893,-0.16368325,-0.16464478,0.8955517,0.9685409,0.9515273,1.0338361,1.2850649,0.08232183,0.14667001,0.18271337,0.26650998,0.41972768,0.55046445,0.7087594,0.88997245,1.0773649,1.0146443,0.708729,0.5297227,0.49543294,0.4589866,0.4759274,0.29127097,0.4702773,0.5045671,0.54101336,0.5240726,0.41745803,0.059445366,-0.0091341175,-0.082026765,-0.048145145
93,SZ001979,0.00018264209768997872,0.6875,,,,,,2026-10-08,0.03576162,0.06887416,0.5192313,0.017218508,0.24999952,0.015894031,0.23076916,0.034437146,0.50000095,0.9654731,1.016624,0.95012784,0.9920079,0.92718893,0.8608295,0.8304147,0.96221197,0.82211983,0.95594466,0.9338249,0.90368664,0.90359443,0.89915514,0.03551319,0.04081006,0.042552624,0.04569716,0.047206882,0.021198163,0.011372711,0.0055646026,0.0010580115,0.0009617367,0.89075255,0.71187705,0.5985269,0.041543595,0.12659065,0.0016589942,0.014997923,0.043449648,0.08106437,0.07247363,1.016624,1.016624,1.016624,1.016624,1.016624,0.8813248,0.8444994,0.830238,0.8086628,0.78972054,0.9771428,0.9699539,0.93271893,0.93493086,0.93493086,0.9196313,0.9159447,0.8643318,0.86304146,0.8606452,1.0,1.0,1.0,1.0,1.0,0.8771315,0.9034188,0.91080874,0.920062,0.92673534,1.0,1.0,1.0,1.0,1.0,0.8,0.1,0.05,0.33333334,0.06666667,0.2,0.9,0.95,0.6666667,0.93333334,0.7850187,0.83454823,0.7633866,0.2564829,0.21744409,0.32183033,0.4825337,0.5369081,0.054373775,0.25485808,0.6,0.5,0.5,0.43333334,0.51666665,0.4,0.5,0.5,0.56666666,0.46666667,0.2,0.0,0.0,-0.13333334,0.05,0.89108884,0.8355554,0.75274724,0.53528404,0.58269066,0.108911134,0.16444464,0.24725276,0.464716,0.41730934,0.78217775,0.67111075,0.5054945,0.07056805,0.16538128,0.9190171,0.8106209,0.62977517,0.6565423,0.5589235,0.45446613,0.36081684,0.3773482,0.42949644,0.33319467,1.2577407,1.0742133,1.3292893,1.9988581,1.8686002,0.528525,0.6154433,0.5278546,0.53111804,0.52804214,0.471475,0.38455674,0.4721454,0.46888193,0.47195783,0.05704999,0.23088653,0.05570921,0.06223611,0.056084312
94,SH600918,-0.0002470263317847711,0.5,,,,SH600918,中泰证券,2026-10-08,-0.00924214,0.022181174,-0.4166659,0.00924214,0.4166659,0.0036968957,0.16666818,-0.014787383,-0.66666365,1.0093284,1.0186567,0.99626863,1.0071028,1.0286225,1.019678,1.0500895,1.0214669,0.9874776,1.0057245,1.0150268,1.0270125,1.038223,1.040638,0.0073104943,0.013096963,0.019749757,0.02478999,0.022399448,-0.00089445105,-0.0022334245,-0.0026551147,-0.0021638025,-0.00037721643,0.037424818,0.2665709,0.63257366,0.5904515,0.086498074,-0.0039355955,-0.0049764095,-0.001788905,-0.006847851,-0.029510126,1.0293354,1.0451095,1.0721085,1.0972962,1.0972962,0.9908242,0.9908242,0.9908242,0.9908242,0.9673743,1.0125223,1.0289803,1.0447227,1.0597495,1.059034,0.99928445,1.0057245,1.0103756,1.0125223,1.022898,0.4,0.2,0.1,0.06666667,0.06666667,0.2382623,0.16902858,0.11288486,0.08618003,0.25111768,0.2,0.4,0.1,0.2,0.6,0.4,0.7,0.85,0.9,0.033333335,-0.2,-0.3,-0.75,-0.7,0.56666666,-0.85268074,0.34036022,0.6271194,0.76689154,0.5641782,-0.77657676,-0.018412102,0.1619281,0.3667942,0.49327293,0.4,0.5,0.5,0.5,0.5,0.6,0.5,0.45,0.46666667,0.48333332,-0.2,0.0,0.05,0.033333335,0.016666668,0.26470628,0.40677983,0.38709694,0.47142863,0.50877196,0.73529375,0.5932202,0.61290306,0.52857137,0.49122804,-0.47058746,-0.18644033,-0.22580613,-0.05714273,0.017543932,0.90052456,0.94542885,1.1572078,1.4853668,1.633312,0.11454013,0.15556973,0.4418452,0.69000256,0.8924223,0.42413116,0.40570098,1.3345677,1.106505,1.7848734,0.60048276,0.53161734,0.42388165,0.49872193,0.49904916,0.39951724,0.4683827,0.57611835,0.5012781,0.5009509,0.20096551,0.06323466,-0.15223673,-0.0025561738,-0.001901708
95,SH601117,-0.00045261972367598223,0.5625,,,,SH601117,中国化学,2026-10-08,-0.0027894077,0.012552371,-0.22222158,0.0055788155,0.44444317,0.0041841473,0.33333525,-0.0041840756,-0.33332953,1.0027972,1.0083916,0.99580413,1.0013115,1.0020964,1.0073376,1.0324948,1.0408804,1.0178198,1.0018867,1.0046122,1.0155137,1.0278476,1.0408455,0.005262021,0.005892442,0.01494294,0.022362951,0.024817346,-0.0015723323,-0.00095292786,-0.0021894365,-0.0023289325,-0.0008319337,0.2232151,0.2397402,0.75138175,0.8405378,0.3427414,0.0012578861,-0.00032397764,0.0052860263,0.005921873,-0.016303504,1.0146809,1.0146809,1.0461272,1.0726774,1.0893167,0.99368745,0.99368745,0.9933467,0.9933467,0.9933467,1.0046121,1.0106919,1.0368973,1.0503144,1.0649896,0.9979035,0.9995807,1.0020964,1.0056603,1.0123689,0.6,0.3,0.15,0.1,0.05,0.3006927,0.3006927,0.12605569,0.08386778,0.06932666,0.2,0.6,0.1,0.23333333,0.3,0.2,0.6,0.5,0.6666667,0.8333333,0.0,0.0,-0.4,-0.43333334,-0.53333336,0.72316504,0.2337867,0.48678446,0.50302196,0.5583734,0.73989946,0.6134218,-0.12999637,-0.25197464,-0.02517207,0.4,0.4,0.4,0.5,0.5,0.4,0.5,0.45,0.4,0.45,0.0,-0.1,-0.05,0.1,0.05,0.46428537,0.43859643,0.3719008,0.407583,0.48417133,0.5357146,0.5614036,0.6280992,0.592417,0.51582867,-0.07142927,-0.122807145,-0.2561984,-0.184834,-0.03165736,0.8889396,0.79805905,0.9638099,1.1020253,1.314071,0.29933798,0.23019695,0.33427963,0.43315658,0.44889042,0.8568244,0.7208733,1.162063,1.3887706,1.1127213,0.59773684,0.49772486,0.43499196,0.49618483,0.49208733,0.40226313,0.5022751,0.56500804,0.5038152,0.50791264,0.1954737,-0.0045502554,-0.1300161,-0.0076303543,-0.015825322
96,SH601088,-0.0008523614020860808,0.6875,,,,SH601088,中国神华,2026-10-08,0.004016918,0.043763228,0.091787525,0.015010616,0.3429961,0.024735693,0.56521636,0.013741995,0.31400782,0.99599916,1.0149505,0.9713624,0.9990403,0.99410915,0.99181396,1.0117818,0.97957313,0.868717,1.0065795,0.9965114,0.9943654,0.9962028,0.96514803,0.009104924,0.014258144,0.012742536,0.013949429,0.03826178,-0.0035268913,0.0033235706,0.00071207347,0.00014390453,0.0017541343,0.37512106,0.49807557,0.109296404,0.008247795,0.64105487,0.00047430978,-0.011467459,-0.0011301156,0.0017105654,-0.016895022,1.0193945,1.0193945,1.0229664,1.0419081,1.0419081,0.9713624,0.9635648,0.9522254,0.9522254,0.8514713,1.0129141,1.0074823,1.0032438,1.006503,1.0000918,0.99920434,0.98411757,0.98411757,0.98440826,0.9275802,0.4,0.6,0.65,0.6,0.8,0.5962183,0.65261364,0.6753458,0.53270674,0.77993673,0.4,0.7,0.05,0.3,0.65,1.0,0.3,0.15,0.43333334,0.033333335,-0.6,0.4,-0.1,-0.13333334,0.6166667,-0.3431413,0.39240363,0.040157594,0.25640732,-0.34468615,0.019630084,0.20632422,-0.05807387,0.07541492,0.24551982,0.6,0.5,0.45,0.5,0.53333336,0.4,0.5,0.55,0.5,0.46666667,0.2,0.0,-0.1,0.0,0.06666667,0.5454542,0.53512806,0.4710525,0.5365653,0.59912205,0.4545458,0.46487194,0.5289475,0.46343467,0.40087798,0.09090838,0.07025611,-0.057894994,0.073130645,0.19824404,0.48863956,0.38564232,0.39127883,0.40097117,0.48565683,0.2870547,0.2245879,0.18414885,0.16177459,0.1829676,0.41384798,0.5409328,1.1921879,1.1850212,1.2745516,0.92266434,0.76158124,0.5751574,0.5455112,0.5260546,0.07733567,0.23841874,0.42484263,0.45448878,0.47394538,0.8453286,0.52316254,0.15031475,0.09102242,0.052109256
97,SH688009,-0.0009349656197493285,0.5625,,,,SH688009,中国通号,2026-10-08,0.0021276607,0.012765964,0.16666667,0.0042553213,0.33333334,0.006382982,0.5,0.0042553213,0.33333334,0.9978769,1.0042462,0.9915074,0.99828726,0.98983055,0.9830509,1.0457628,1.0508475,1.0,0.9918644,0.9915254,1.0074576,1.0228249,1.0373163,0.0061579417,0.005925476,0.025214126,0.030413302,0.030260872,0.0033898335,0.0007601462,-0.0033235634,-0.0030157806,-0.0010034328,0.7575749,0.15085481,0.6081183,0.7620334,0.33536175,0.001355921,0.005053917,0.02411622,0.020903952,-0.0077151125,1.0042462,1.0042462,1.0584882,1.0699195,1.1061682,0.9813341,0.9728593,0.9681883,0.9681883,0.9681883,0.99728817,0.9969492,1.038305,1.0542374,1.0593221,0.98644066,0.98644066,0.98644066,0.98983055,0.999661,1.0,1.0,0.65,0.43333334,0.21666667,0.81467116,0.86471176,0.35228938,0.31270364,0.23055314,1.0,1.0,0.1,0.16666667,0.26666668,0.4,0.1,0.5,0.6666667,0.8333333,0.6,0.9,-0.4,-0.5,-0.56666666,0.8283271,0.37837285,0.28072217,0.29913688,0.50650316,0.5461653,0.46992195,0.25249937,0.28270867,0.44156355,0.6,0.5,0.35,0.36666667,0.41666666,0.4,0.5,0.6,0.56666666,0.48333332,0.2,0.0,-0.25,-0.2,-0.06666667,0.71428424,0.66666627,0.3411767,0.39436623,0.5,0.2857158,0.33333373,0.6588233,0.60563374,0.5,0.42856845,0.3333325,-0.31764665,-0.2112675,0.0,0.676087,0.6798397,0.87224174,0.88463044,1.0824758,0.20268597,0.1615863,0.3544174,0.30603904,0.46614972,0.63182145,0.6699143,1.5035263,1.2500312,1.3555424,0.7831039,0.503703,0.5369525,0.4742043,0.5065364,0.2168961,0.49629703,0.46304747,0.5257957,0.49346358,0.56620777,0.007405946,0.07390503,-0.05159142,0.013072857
98,SH600795,-0.0010105897062491782,0.75,,,,SH600795,国电电力,2026-10-08,0.02443609,0.030075189,0.8125,0.0018796993,0.0625,0.0037593986,0.125,0.02631579,0.875,0.9761468,1.0018349,0.9724771,0.99215,0.9394527,0.9761501,0.99082565,0.9412864,0.838805,0.98312056,0.97009367,0.97284657,0.96679145,0.93532586,0.014353827,0.018328689,0.014031656,0.01649817,0.03921589,0.006605432,0.0039697005,-1.9416368e-05,0.0009351534,0.0020398174,0.5294282,0.42999575,6.701718e-05,0.24899799,0.8251983,0.0036685737,0.012042684,0.0273379,0.019648844,0.0044994988,1.0018349,1.0018349,1.0055045,1.0055045,1.0055045,0.93394583,0.93394583,0.93394583,0.9339457,0.8299,0.9926605,0.9849578,0.9838576,0.9805522,0.96991086,0.9761478,0.95963395,0.9647742,0.9519277,0.9034875,1.0,1.0,1.0,1.0,1.0,0.97297263,0.97297263,0.92307675,0.92307687,0.96865386,1.0,1.0,0.05,0.36666667,0.68333334,0.2,0.6,0.8,0.13333334,0.033333335,0.8,0.4,-0.75,0.23333333,0.65,0.44662282,0.57271236,0.50950646,0.2618334,-0.23554952,0.9113723,0.51394886,0.47610337,0.6054411,0.5621675,0.6,0.3,0.3,0.36666667,0.48333332,0.4,0.6,0.6,0.53333336,0.46666667,0.2,-0.3,-0.3,-0.16666667,0.016666668,0.86667126,0.59999037,0.52577525,0.60810757,0.6399495,0.13332874,0.40000966,0.47422472,0.3918924,0.36005053,0.7333425,0.19998069,0.05155054,0.21621518,0.27989897,0.9541353,0.8520061,0.8109471,0.8540966,0.96500164,0.22995768,0.20588441,0.18893908,0.25967422,0.33709922,0.8245754,1.0523174,1.1950642,1.285003,1.1134022,0.56352746,0.55216175,0.41775915,0.43368202,0.5077172,0.43647256,0.44783825,0.5822408,0.566318,0.4922828,0.1270549,0.1043235,-0.16448168,-0.13263594,0.015434368
99,SH600515,-0.0017245463490393406,0.5,,,,SH600515,海南机场,2026-10-08,-0.010989021,0.029304083,-0.37499964,0.010989021,0.37499964,0.0073260427,0.25000075,-0.014651998,-0.4999985,1.0111111,1.0222223,0.9925926,1.0077162,1.0113122,1.0,1.0147059,1.0328054,1.0113122,1.0004525,1.009276,1.019457,1.0248492,1.0383484,0.011987748,0.014737756,0.02162784,0.020781294,0.029729864,0.0041855127,-0.0019333618,-0.0023219804,-0.0014916011,-0.0005750089,0.30476296,0.15775204,0.40342128,0.39926568,0.114094086,-0.008823528,-0.00057590223,0.002601793,-0.0032209565,-0.021385657,1.0222223,1.0399985,1.0696194,1.0696194,1.1177458,0.9778859,0.9778859,0.9778859,0.9778859,0.9778859,1.0063349,1.0187783,1.0420815,1.0447963,1.0631222,0.99343896,0.999095,1.0,1.0033937,1.0113122,0.6,0.3,0.225,0.15,0.09166667,0.49878064,0.3560322,0.241069,0.241069,0.15811627,1.0,0.4,0.2,0.46666667,0.31666666,0.4,0.7,0.85,0.9,0.95,0.6,-0.3,-0.65,-0.43333334,-0.6333333,0.84941435,0.5880273,0.3961376,0.16225901,-0.004412743,0.88592863,0.8522737,0.15091437,-0.054294627,0.064080246,0.4,0.5,0.45,0.46666667,0.5,0.6,0.5,0.45,0.46666667,0.46666667,-0.2,0.0,0.0,0.0,0.033333335,0.4264707,0.5,0.47136563,0.4613333,0.49382716,0.5735293,0.5,0.52863437,0.53866667,0.50617284,-0.14705862,0.0,-0.057268716,-0.077333376,-0.012345667,0.8682319,0.8587377,0.92941177,0.93946314,0.98428655,0.18632819,0.15760691,0.25554997,0.2736047,0.26713565,0.31961787,0.41849002,0.8905003,0.8428197,0.88359076,0.5714394,0.64699334,0.5075392,0.514846,0.50572956,0.42856064,0.35300666,0.49246076,0.48515394,0.49427047,0.14287871,0.29398668,0.01507846,0.029692098,0.011459059
100,SH601877,-0.001816113793523885,0.5625,,,,SH601877,正泰电器,2026-10-08,0.03172688,0.038554177,0.8229168,0.006024096,0.15625016,0.00080319936,0.020833006,0.026505984,0.6874997,0.9692488,1.0058389,0.9684703,0.9991944,0.9781701,0.9607061,0.9669704,0.9280562,0.93659836,0.96750194,0.97245634,0.9768698,0.9850861,0.97333586,0.020720713,0.016492713,0.01704397,0.020052496,0.026701568,0.008656035,8.858621e-05,-0.0011605043,-0.0015975314,0.00062627066,0.4362834,0.0002644597,0.1622632,0.49188504,0.16778396,0.0151860155,0.02714501,0.034154996,0.038078137,0.008189138,1.0058389,1.0058389,1.01863,1.0399421,1.0399421,0.9440762,0.9440762,0.9440762,0.9440762,0.90508497,0.97691727,0.9835991,0.9937737,1.0012149,1.0,0.9497343,0.9567198,0.9628322,0.96613514,0.9497343,1.0,1.0,0.85,0.7,0.8,0.90546316,0.90546316,0.7501129,0.5833542,0.7038189,1.0,1.0,0.15,0.06666667,0.53333336,0.6,0.8,0.9,0.93333334,0.06666667,0.4,0.2,-0.75,-0.8666667,0.46666667,0.81297374,0.62440085,0.6250033,0.76171696,0.24810968,0.58450264,0.5930939,0.54403955,0.5049288,0.44797704,0.4,0.5,0.5,0.43333334,0.45,0.6,0.5,0.5,0.53333336,0.51666665,-0.2,0.0,0.0,-0.1,-0.06666667,0.6365795,0.66613173,0.57423204,0.5895135,0.5407914,0.3634205,0.33386827,0.425768,0.41048652,0.4592086,0.27315906,0.3322635,0.14846402,0.17902696,0.081582785,0.48425472,0.4781005,0.54233295,0.73179096,0.74560994,0.2937153,0.21300516,0.24862686,0.43045592,0.33137152,1.1589925,1.2934936,1.381207,2.1077976,1.7864139,0.8508681,0.6687646,0.52664083,0.51549476,0.5182801,0.14913186,0.33123538,0.47335917,0.48450524,0.48171994,0.7017363,0.33752924,0.053281654,0.030989531,0.036560144
101,SZ003816,-0.00241051301686603,0.8125,,,,,,2026-10-08,0.04009435,0.044811357,0.89473635,0.004717007,0.10526365,0.0,0.0,0.035377342,0.7894727,0.96145123,1.0045352,0.96145123,0.9874876,0.946869,0.97343457,0.9810247,0.88804555,0.85958254,0.9658444,0.9612903,0.9711575,0.95743203,0.93001264,0.019901484,0.014866027,0.015410718,0.033891696,0.040006533,0.009108154,0.001955034,-0.0014153037,0.0019296159,0.0015897837,0.52363646,0.15853687,0.29520357,0.2512215,0.48163062,0.015939279,0.02991202,0.042287882,0.014588556,0.023088723,1.0045352,1.0045352,1.0139813,1.0139813,1.0139813,0.9438575,0.9423386,0.9423386,0.8686996,0.8513341,0.9726755,0.9643264,0.9817837,0.9795067,0.97343457,0.95370024,0.9521822,0.9574953,0.946869,0.8857685,1.0,1.0,1.0,1.0,1.0,0.925258,0.92708325,0.8048464,0.90376395,0.91403884,1.0,1.0,0.05,0.36666667,0.68333334,0.2,0.5,0.75,0.06666667,0.016666668,0.8,0.5,-0.7,0.3,0.6666667,0.884399,0.8546524,0.77770424,0.39677387,0.27508637,0.9255056,0.90042454,0.7464465,0.7003627,0.45907828,0.8,0.4,0.45,0.56666666,0.56666666,0.2,0.6,0.55,0.43333334,0.43333334,0.6,-0.2,-0.1,0.13333334,0.13333334,0.8500005,0.6296295,0.5555556,0.6878981,0.61419755,0.14999951,0.37037048,0.44444445,0.3121019,0.38580245,0.70000094,0.25925902,0.11111111,0.3757962,0.22839507,0.66186583,0.61486006,0.6774449,0.728095,0.7212658,0.22503582,0.16920246,0.17503919,0.2410416,0.22223064,1.3085833,1.5689263,1.4103184,1.4777766,1.1958786,0.74705845,0.6162732,0.54607415,0.51132494,0.5184133,0.25294155,0.3837268,0.45392585,0.48867506,0.48158666,0.4941169,0.2325464,0.09214831,0.02264991,0.036826648
102,SZ002594,-0.0026587543714194396,0.25,,,,,,2026-10-08,-0.015184439,0.020245826,-0.75000346,0.0025306935,0.12499829,0.0025306935,0.12499829,-0.015184439,-0.75000346,1.0154185,1.0179883,0.99743026,1.0049324,1.0505383,1.0274185,1.0621951,1.0849276,1.0704051,1.0150415,1.0299435,1.0380354,1.0601903,1.0887319,0.013127163,0.019327307,0.019926107,0.037767228,0.044106025,-0.0064634816,-0.004700245,-0.0024193092,-0.0038240838,-0.0019512451,0.6060819,0.54213786,0.515948,0.7945593,0.59693587,-0.0021144934,-0.008792381,-0.015051978,-0.004741081,-0.03117012,1.0526237,1.0670712,1.083587,1.1408575,1.1819848,0.99743026,0.99743026,0.99743026,0.99743026,0.99743026,1.0223995,1.044373,1.0587794,1.1071103,1.1265665,1.0029433,1.0163195,1.0216249,1.0278213,1.0449075,0.2,0.1,0.05,0.033333335,0.016666668,0.046558265,0.036899474,0.029826038,0.017916499,0.013923869,0.2,0.4,0.1,0.16666667,0.3,1.0,1.0,1.0,1.0,1.0,-0.8,-0.6,-0.9,-0.8333333,-0.7,-0.8418107,0.25717995,-0.09089169,0.18008024,0.5257073,-0.5913082,0.19643989,-0.14916888,-0.28553763,0.008886846,0.2,0.4,0.45,0.5,0.5,0.8,0.6,0.55,0.5,0.5,-0.6,-0.2,-0.1,0.0,0.0,0.19236216,0.4017212,0.36887655,0.38734207,0.45797116,0.8076379,0.5982788,0.6311235,0.61265796,0.54202884,-0.6152757,-0.1965576,-0.2622469,-0.22531588,-0.084057696,0.8419307,0.9522387,0.9327849,1.033947,1.3566574,0.11186169,0.21511236,0.20796853,0.3689277,0.6159103,0.27411768,0.36631528,0.74325377,1.4253503,1.2343636,1.0,0.5716183,0.4525015,0.5059104,0.48629183,0.0,0.4283817,0.54749846,0.49408963,0.5137082,1.0,0.14323658,-0.09499698,0.011820741,-0.027416347
103,SH600010,-0.0031610552191060205,0.375,,,,SH600010,包钢股份,2026-10-08,0.0047846683,0.023923429,0.19999927,0.014354091,0.60000145,0.0047846683,0.19999927,-0.004784755,-0.20000291,0.9952381,1.0142857,0.99047625,1.0061257,1.0096372,1.0192745,1.0617914,1.0334468,1.0430839,0.9924037,1.0019275,1.019076,1.0355631,1.0415344,0.0073652524,0.012176717,0.023901895,0.03190687,0.02909736,0.002380942,-0.00247372,-0.0035935934,-0.0031516498,-0.0004543021,0.26125368,0.37831372,0.7911544,0.7561522,0.0743502,0.00283445,0.009204254,0.015063124,0.010135763,-0.028132522,1.0142857,1.028687,1.0715435,1.0905906,1.1046466,0.9759648,0.9759648,0.9759648,0.9759648,0.97164994,0.9963719,1.0096372,1.044898,1.0714287,1.0678005,0.9884354,0.9944445,0.999093,1.0045352,1.0096372,1.0,0.5,0.25,0.16666667,0.11666667,0.6272079,0.45588413,0.2514702,0.20968398,0.21316358,1.0,0.4,0.05,0.3,0.36666667,0.4,0.7,0.85,0.9,0.016666668,0.6,-0.3,-0.8,-0.6,0.35,0.59771234,0.4186318,0.055365976,0.4959729,0.28669745,0.5634984,0.6947696,0.24901538,0.38368294,0.23107706,0.6,0.5,0.4,0.5,0.46666667,0.4,0.4,0.55,0.46666667,0.48333332,0.2,0.1,-0.15,0.033333335,-0.016666668,0.3999993,0.39999983,0.34293947,0.4444444,0.4745649,0.60000074,0.6000002,0.6570605,0.55555564,0.5254351,-0.20000143,-0.20000036,-0.31412107,-0.11111124,-0.05087019,0.7816918,0.8003893,0.82200426,0.9383568,1.1306812,0.13696682,0.13787067,0.17907324,0.32837254,0.4509515,0.4818628,0.5944847,0.6716526,1.2815616,1.5052179,0.4949309,0.48594806,0.48992193,0.49520168,0.50103533,0.50506914,0.514052,0.5100781,0.5047983,0.4989647,-0.010138222,-0.028103892,-0.020156164,-0.009596637,0.0020706183
104,SH600660,-0.00316422420976151,0.3125,,,,SH600660,福耀玻璃,2026-10-08,-0.034579504,0.0456075,-0.7581977,0.0046728626,0.10245821,0.006355134,0.13934405,-0.03289723,-0.72131187,1.0358181,1.0406584,0.99341726,1.006827,1.0222646,1.0300559,1.0710984,1.1001707,0.9844535,1.0207553,1.0224032,1.0345234,1.0512817,1.0520061,0.013899157,0.009772504,0.021593694,0.030365674,0.038883165,-0.0018782257,-0.00083525374,-0.0026686701,-0.0030529643,-7.9788873e-07,0.04565188,0.06696327,0.53456926,0.7833923,1.2842845e-07,-0.016998889,-0.018644542,-0.00917099,-0.007013695,-0.051982574,1.0406584,1.0406584,1.1005497,1.1119516,1.1400738,0.99341726,0.99341726,0.99341726,0.99341726,0.9474008,1.0283833,1.0278131,1.0460544,1.0839806,1.0820428,1.0127017,1.0191633,1.0221508,1.0242733,1.0237858,0.2,0.1,0.05,0.033333335,0.083333336,0.13934405,0.13934405,0.06144505,0.055534635,0.27299726,1.0,1.0,0.1,0.06666667,0.26666668,1.0,1.0,1.0,1.0,0.05,0.0,0.0,-0.9,-0.93333334,0.21666667,-0.81424123,-0.65455866,0.040987503,0.11129793,0.23035413,-0.84426194,-0.764836,-0.17846529,0.02910157,0.37455449,0.6,0.5,0.45,0.4,0.45,0.4,0.5,0.55,0.6,0.55,0.2,0.0,-0.1,-0.2,-0.1,0.32937583,0.33604094,0.35765743,0.37250167,0.5089665,0.67062414,0.6639591,0.64234257,0.6274983,0.4910335,-0.34124833,-0.32791814,-0.2846851,-0.25499666,0.017933028,0.73569316,0.69050324,0.7268167,0.732288,0.91376597,0.19412652,0.18104102,0.22666028,0.22525154,0.3948361,1.3308185,1.4471108,1.070992,0.9710905,1.2614734,0.71501255,0.56100065,0.53686064,0.4101278,0.4901789,0.28498745,0.43899938,0.46313936,0.58987224,0.5098211,0.4300251,0.12200125,0.07372131,-0.17974444,-0.019642178
105,SH601888,-0.004032710957817983,0.25,,,,SH601888,中国中免,2026-10-08,-0.006078426,0.014509806,-0.41891846,0.0052941306,0.3648657,0.00313725,0.21621583,-0.0082353065,-0.5675683,1.0061156,1.0114421,0.9968436,1.0037943,1.0296028,1.0100362,1.0392174,1.0431812,1.0075904,1.0073205,1.016252,1.0305938,1.0344663,1.0571041,0.0071834764,0.012234842,0.026457794,0.022741487,0.039729044,-0.001754232,-0.0023558503,-0.003532636,-0.0015222183,-0.0010731779,0.1490887,0.3398679,0.6239626,0.3472305,0.2225497,-0.003812094,-0.0056506614,0.0029663155,-0.012394097,-0.025445333,1.0315547,1.0416368,1.0928957,1.0928957,1.1737489,0.99661344,0.99661344,0.99661344,0.99661344,0.9834728,1.0148436,1.0297545,1.0598633,1.0530826,1.0941048,1.0015519,1.0041664,1.0086362,1.0138146,1.0199207,0.2,0.1,0.05,0.033333335,0.05,0.09692093,0.07521744,0.035173066,0.035173066,0.08685894,0.2,0.5,0.2,0.46666667,0.26666668,0.4,0.7,0.85,0.9,0.016666668,-0.2,-0.2,-0.65,-0.43333334,0.25,0.41571993,0.62326276,0.878809,0.8607295,0.7118652,0.5186233,0.57623637,0.5172064,0.50815225,0.5948148,0.4,0.5,0.5,0.53333336,0.48333332,0.6,0.5,0.5,0.46666667,0.51666665,-0.2,0.0,0.0,0.06666667,-0.033333335,0.23206124,0.43717003,0.40259746,0.4293599,0.49557176,0.7679388,0.56283,0.5974025,0.5706401,0.5044282,-0.5358775,-0.12565996,-0.19480507,-0.14128014,-0.008856466,0.98653346,1.035174,1.4476495,1.4839854,2.2550473,0.14997685,0.14207156,0.6392633,0.5398091,1.1413021,0.47109196,0.8540892,1.0081352,0.9186447,1.5751168,0.4372498,0.49388474,0.45383,0.439388,0.47611895,0.5627502,0.50611526,0.54617,0.56061196,0.5238811,-0.12550038,-0.012230514,-0.09233998,-0.12122398,-0.047762122
106,SH601601,-0.004066529055191424,0.3125,,,,SH601601,中国太保,2026-10-08,-0.0003242481,0.020427963,-0.015872758,0.012970146,0.63492113,0.007133569,0.3492061,-0.006160825,-0.30158782,1.0003244,1.0132987,0.99286413,1.0021574,1.0253288,1.0386697,1.0649652,0.979505,0.91744006,0.9969451,1.0165507,1.0478055,1.0410093,1.022016,0.008945808,0.021995578,0.038368423,0.036697585,0.044505987,0.0014694358,-0.00594577,-0.006221033,-0.00058520894,0.0010283964,0.06745313,0.6698182,0.92012143,0.019708274,0.16284862,0.000116021234,0.010205291,0.011294309,-0.032523774,-0.0523537,1.0250968,1.0539027,1.1326581,1.1326581,1.1326581,0.98218644,0.98218644,0.98218644,0.96880805,0.9004985,1.0029002,1.0384377,1.0851508,1.073666,1.0640372,0.98870844,0.9978732,1.0063806,1.0056071,0.9847641,0.6,0.3,0.15,0.16666667,0.31666666,0.4151348,0.2483895,0.11838481,0.19036892,0.42859074,0.2,0.2,0.1,0.4,0.7,0.6,0.8,0.9,0.033333335,0.033333335,-0.4,-0.6,-0.8,0.36666667,0.6666667,0.35239306,0.13970168,0.32174507,0.16983493,-0.01642945,0.032274086,0.23315725,0.20367636,0.3694218,0.38371167,0.2,0.3,0.35,0.46666667,0.45,0.8,0.7,0.65,0.53333336,0.53333336,-0.6,-0.4,-0.3,-0.06666667,-0.083333336,0.31444728,0.31549767,0.3729196,0.5274612,0.55145824,0.6855527,0.6845023,0.6270804,0.47253883,0.44854176,-0.37110543,-0.36900464,-0.2541608,0.05492233,0.10291646,1.1845337,1.2034675,1.2900246,1.4173094,1.712991,0.26359493,0.3150561,0.5042885,0.5264937,0.6912764,0.76100236,0.8567189,1.2665443,1.2158664,1.5026271,0.4755881,0.49942636,0.46716848,0.48027074,0.4942309,0.52441186,0.50057364,0.53283155,0.51972926,0.50576913,-0.04882377,-0.0011472986,-0.065663055,-0.039458513,-0.011538234
107,SH600030,-0.004726751924180166,0.25,,,,SH600030,中信证券,2026-10-08,-0.015885344,0.024409173,-0.650794,0.004649372,0.1904764,0.0038744581,0.15872958,-0.016660258,-0.68254083,1.0161418,1.0208662,0.996063,1.007152,1.054748,1.0413238,1.0814801,1.0688729,1.1023756,1.0181755,1.0331874,1.0522617,1.0630556,1.0838256,0.0125127025,0.019428764,0.028666763,0.029148476,0.03125064,-0.00731921,-0.0046679378,-0.00434908,-0.0025933853,-0.0015158897,0.85539407,0.5291408,0.80557406,0.61348516,0.71765745,-0.0035370297,-0.012181693,-0.010945453,-0.025451604,-0.0391068,1.05313,1.0641705,1.1153529,1.1153529,1.1350695,0.996063,0.996063,0.996063,0.996063,0.996063,1.0240005,1.0531605,1.0784451,1.0935621,1.1100683,1.0132142,1.0177785,1.0282029,1.0369346,1.0578766,0.2,0.1,0.05,0.033333335,0.016666668,0.06898897,0.057805665,0.033003647,0.033003647,0.02832241,0.2,0.4,0.1,0.4,0.083333336,1.0,1.0,1.0,1.0,1.0,-0.8,-0.6,-0.9,-0.6,-0.9166667,-0.29877347,-0.21674392,0.57502484,0.6440578,0.74080676,-0.9532649,-0.45932162,-0.116446435,0.22426444,0.21637845,0.2,0.4,0.4,0.43333334,0.4,0.8,0.6,0.6,0.53333336,0.56666666,-0.6,-0.2,-0.2,-0.1,-0.16666667,0.027218644,0.29725114,0.3079253,0.38381255,0.41698214,0.97278136,0.70274884,0.69207466,0.61618745,0.5830178,-0.9455627,-0.4054977,-0.38414934,-0.2323749,-0.1660357,0.85130596,0.84504414,1.0150635,1.0973543,1.3193092,0.14521536,0.14652345,0.2779283,0.32298398,0.4204111,0.7289133,0.6819056,0.7981509,0.9487842,0.98494,0.6975262,0.5128858,0.4782877,0.49054825,0.48221496,0.3024738,0.48711416,0.5217123,0.50945175,0.5177851,0.39505237,0.02577167,-0.043424588,-0.018903472,-0.035570107
108,SH601788,-0.004928211808683155,0.125,,,,SH601788,光大证券,2026-10-08,-0.019707974,0.024087574,-0.8181801,0.0029197333,0.12121326,0.0014598666,0.06060663,-0.02116784,-0.87878674,1.0201042,1.0230826,0.9985108,1.0101824,1.0395257,1.0361377,1.0796161,1.0508187,1.1061547,1.012874,1.0265951,1.0439864,1.0536796,1.0686711,0.00966034,0.01654699,0.026492726,0.02845796,0.026899004,-0.004347821,-0.0043426882,-0.0040400242,-0.002252079,-0.0011514113,0.5064057,0.6313798,0.81392187,0.4853572,0.55884117,-0.0041784183,-0.0070530204,-0.005606181,-0.021024477,-0.034704518,1.039558,1.0528227,1.1005894,1.1174256,1.1174256,0.9985108,0.9985108,0.9985108,0.9985108,0.9985108,1.0199887,1.0409938,1.0729531,1.0804065,1.0911349,1.0072275,1.0108413,1.0240542,1.0295877,1.0450593,0.2,0.1,0.05,0.033333335,0.016666668,0.036280513,0.027419705,0.014588906,0.01252339,0.01252339,0.2,0.4,0.1,0.23333333,0.6166667,1.0,1.0,1.0,1.0,1.0,-0.8,-0.6,-0.9,-0.76666665,-0.38333333,-0.12360148,0.072656356,0.46887094,0.6765488,0.7304987,-0.2367844,0.08839537,-0.29294556,0.0005279887,0.045615777,0.2,0.3,0.35,0.46666667,0.46666667,0.8,0.7,0.65,0.53333336,0.53333336,-0.6,-0.4,-0.3,-0.06666667,-0.06666667,0.16346131,0.3000004,0.27331188,0.40425533,0.40873787,0.8365387,0.6999996,0.7266881,0.59574467,0.59126216,-0.6730774,-0.39999917,-0.45337623,-0.19148932,-0.18252428,0.79819,0.788685,0.9533016,1.1100961,1.4015824,0.16029589,0.16246322,0.377235,0.48669255,0.58584845,0.6372357,0.7422994,1.383408,1.1881793,1.036338,0.6961844,0.5306911,0.47066316,0.48336425,0.47900307,0.30381557,0.46930894,0.5293368,0.5166357,0.5209969,0.39236882,0.061382126,-0.058673654,-0.03327148,-0.04199385
109,SZ300760,-0.004931224103409484,0.5,,,,,,2026-10-08,-0.019961467,0.0259312,-0.7697857,0.0018033606,0.06954405,0.004166372,0.16067025,-0.017598456,-0.6786595,1.0203681,1.0222081,0.99574876,1.0053079,0.98645777,1.002742,1.0571349,0.9482933,0.8687745,1.0026525,0.99870735,1.0211948,1.0213953,0.98508024,0.017213093,0.012806153,0.030290047,0.029226702,0.0481449,0.006664784,0.0017829057,-0.0040807254,-0.0009093999,0.0019619064,0.37479544,0.17767681,0.63524747,0.07503293,0.50647247,-0.015982086,-0.006730436,0.017572122,-0.008209006,-0.042956486,1.030912,1.030912,1.0829682,1.0829682,1.0829682,0.9753848,0.9753848,0.9753848,0.95238507,0.8563231,1.0118859,1.0053273,1.0522553,1.0522553,1.0212424,0.99525464,0.99263567,0.99527705,0.9953106,0.9476442,0.4,0.6,0.3,0.3,0.6166667,0.4432997,0.4432997,0.22880124,0.36463287,0.6339287,0.8,0.9,0.2,0.46666667,0.73333335,0.2,0.6,0.8,0.033333335,0.016666668,0.6,0.3,-0.6,0.43333334,0.71666664,0.6559485,0.68497103,0.66642815,0.37006846,-0.13950107,0.7604162,0.78743196,0.21022719,0.47832537,0.44689277,0.6,0.5,0.45,0.53333336,0.55,0.4,0.5,0.55,0.46666667,0.45,0.2,0.0,-0.1,0.06666667,0.1,0.58344847,0.487889,0.37636238,0.5624999,0.57667905,0.4165515,0.512111,0.6236376,0.43750015,0.42332098,0.16689698,-0.024222026,-0.24727525,0.12499972,0.15335806,1.187977,1.0675956,1.1920028,1.4572811,1.708079,0.2886063,0.2538801,0.33733326,0.6336226,0.7314203,0.7869385,1.0023307,0.98703355,1.2299073,1.1855806,0.5469996,0.50950533,0.4593858,0.49339554,0.49505508,0.45300043,0.49049467,0.5406142,0.50660443,0.5049449,0.09399914,0.019010691,-0.0812284,-0.013208916,-0.009889853
110,SH600115,-0.005633494303782932,0.3125,,,,SH600115,中国东航,2026-10-08,-0.018072318,0.030120531,-0.6,0.009036159,0.3,0.0030120532,0.1,-0.024096426,-0.8,1.018405,1.0276074,0.9969325,1.0124341,1.0619469,1.0221239,1.0464603,1.0597345,1.1261063,1.0212389,1.0362833,1.0452434,1.0551623,1.0827066,0.016452214,0.021429606,0.022187559,0.024914987,0.037428413,-0.0028761057,-0.0039420724,-0.0024702256,-0.0020701478,-0.0016448158,0.076401345,0.31019315,0.4338326,0.535036,0.589022,-0.015486751,-0.018543871,-0.021776238,-0.025145123,-0.034184452,1.0563993,1.0742238,1.0861374,1.1131822,1.1727912,0.9969325,0.9969325,0.9969325,0.9969325,0.9969325,1.0318584,1.0597345,1.0654868,1.071239,1.1137168,1.0123894,1.0172566,1.0274336,1.0305309,1.05177,0.2,0.1,0.05,0.033333335,0.016666668,0.051583152,0.039687403,0.034387004,0.026387088,0.017442921,0.2,0.5,0.1,0.16666667,0.35,1.0,1.0,1.0,1.0,1.0,-0.8,-0.5,-0.9,-0.8333333,-0.65,-0.27077758,-0.17156601,-0.059936818,-0.101579405,0.08858903,0.07578256,-0.023073556,-0.035638634,-0.0053961687,-0.05713756,0.4,0.6,0.5,0.5,0.5,0.6,0.3,0.45,0.43333334,0.45,-0.2,0.3,0.05,0.06666667,0.05,0.24074078,0.43055546,0.40707955,0.4228572,0.4235925,0.7592592,0.56944454,0.5929205,0.5771428,0.5764075,-0.51851845,-0.13888909,-0.18584092,-0.15428558,-0.15281497,0.6397246,0.62315494,0.6358448,0.61177135,0.6266383,0.24001582,0.18137634,0.23393418,0.20561855,0.17790313,0.9063232,1.139453,1.1616975,1.0552001,0.8972891,0.7095608,0.596533,0.5273698,0.5337418,0.5052472,0.29043922,0.403467,0.4726302,0.46625823,0.4947528,0.4191216,0.193066,0.054739617,0.06748354,0.010494388
111,SZ002714,-0.006505745132628896,0.375,,,,,,2026-10-08,-0.025586348,0.031746026,-0.80597013,0.004501341,0.14179227,0.0016583354,0.052237578,-0.028429355,-0.89552486,1.0262582,1.0308777,0.9982981,1.0129429,1.0065646,0.9987767,1.021874,0.944322,0.89472413,1.0117146,1.0122256,1.0250497,1.0130998,0.983381,0.019917702,0.01528094,0.022593807,0.0310002,0.039801825,0.0049597863,0.0006674009,-0.0024119623,0.0012419827,0.0017051371,0.1550199,0.017485777,0.39886895,0.124395244,0.5597736,-0.02163413,-0.01522897,-0.0021360123,-0.031108482,-0.033682514,1.0401075,1.0401075,1.0792488,1.0792488,1.0792488,0.978358,0.978358,0.978358,0.92876244,0.87550634,1.0289738,1.0286348,1.0386003,1.0311153,1.0257158,0.9968388,1.0029166,1.0050021,0.99041474,0.94625986,0.4,0.2,0.15,0.3,0.65,0.35048112,0.35048112,0.2145094,0.47338226,0.6110345,0.8,0.9,0.1,0.4,0.7,0.4,0.7,0.85,0.1,0.033333335,0.4,0.2,-0.75,0.3,0.6666667,0.04902653,-0.02651721,0.4355773,0.04013181,-0.40313965,0.055306125,-0.061195146,0.2781041,0.34519628,0.44721273,0.6,0.6,0.5,0.56666666,0.55,0.4,0.4,0.5,0.43333334,0.43333334,0.2,0.2,0.0,0.13333334,0.11666667,0.46792907,0.5038766,0.4630645,0.56330043,0.55875516,0.53207093,0.4961234,0.5369355,0.4366996,0.44124487,-0.06414186,0.0077531966,-0.07387099,0.12660083,0.11751027,1.2045211,1.1671177,1.3910018,1.5176804,1.9625592,0.3652625,0.31794903,0.50014514,0.498676,0.76522386,0.737668,0.8739893,1.3414017,1.1199878,1.0853139,0.5538632,0.38441512,0.4901035,0.46520242,0.46910572,0.44613677,0.6155849,0.50989646,0.5347976,0.5308943,0.10772648,-0.23116976,-0.01979296,-0.06959516,-0.06178858
112,SH600309,-0.006927638112971177,0.25,,,,SH600309,万华化学,2026-10-08,0.011742562,0.028703997,0.40909153,0.01580172,0.55050594,0.0011597142,0.04040253,-0.0028994442,-0.10101186,0.9883937,1.0156183,0.98724747,1.0034722,1.0259343,1.0141846,1.0659205,1.0476325,0.99276173,0.98925275,1.0022203,1.0404267,1.0490998,1.0427085,0.011954826,0.016579272,0.046573132,0.041801237,0.040141933,0.00025841323,-0.0035421236,-0.0072751073,-0.0031397997,0.00029754674,0.001168108,0.41841567,0.8540355,0.43724748,0.016757669,0.010230409,0.013719314,0.028686775,-0.0035727238,-0.051486198,1.0213484,1.0386869,1.1240522,1.1240522,1.1240522,0.9601643,0.9601643,0.9601643,0.9601643,0.9425711,0.99610156,1.0138701,1.094504,1.092379,1.074144,0.9836944,0.99297804,0.9990254,1.0098006,1.0061886,1.0,0.5,0.25,0.16666667,0.2,0.65107894,0.5073154,0.24306665,0.24306665,0.3164457,0.2,0.5,0.1,0.4,0.7,0.6,0.8,0.9,0.93333334,0.06666667,-0.4,-0.3,-0.8,-0.53333336,0.6333333,-0.22000194,0.39004013,0.32593632,0.45519984,0.14922616,-0.2199758,0.19843802,-0.05441341,0.06703045,0.1456406,0.4,0.5,0.45,0.46666667,0.53333336,0.6,0.5,0.55,0.53333336,0.46666667,-0.2,0.0,-0.1,-0.06666667,0.06666667,0.35091534,0.44542846,0.39450204,0.4520417,0.5036562,0.6490847,0.55457157,0.60549796,0.5479583,0.4963438,-0.29816934,-0.1091431,-0.21099591,-0.09591665,0.007312404,0.99297047,1.0687808,1.1967453,1.3158146,1.4625982,0.19744274,0.26022258,0.35465503,0.39154658,0.42248604,0.75411063,0.78859353,0.84508574,0.73285943,0.7996189,0.31124237,0.3706165,0.48143995,0.4869666,0.48197174,0.6887576,0.6293835,0.51856005,0.5130334,0.51802826,-0.37751523,-0.25876698,-0.037120122,-0.026066778,-0.0360565
113,SZ002415,-0.0070783561464009895,0.1875,,,,,,2026-10-08,0.013202296,0.017500745,0.7543848,0.0036843573,0.21052574,0.0006140918,0.035089467,0.010132031,0.57894856,0.9869697,1.0036364,0.98636365,0.9988356,1.0033423,0.98818576,1.0660619,1.0269707,1.0246323,0.98400116,0.98976135,1.0061251,1.023711,1.0446216,0.011053752,0.011566095,0.026095517,0.034651224,0.045004435,0.0031525197,-0.0007902865,-0.0036072857,-0.003209883,-0.0011552143,0.20334624,0.042796377,0.66880155,0.6650326,0.20096214,0.009693806,0.013794916,0.028144173,0.022832371,-0.010542728,1.0039371,1.0097027,1.0842476,1.0963694,1.168716,0.9690898,0.9690898,0.9690898,0.9690898,0.9690898,0.9910285,1.0006684,1.0203059,1.0573378,1.0793378,0.97424364,0.98157954,0.98655254,0.98866564,1.001332,1.0,0.8,0.5,0.33333334,0.2,0.88701856,0.7610932,0.26841617,0.24285285,0.1548405,0.2,0.4,0.1,0.3,0.3,0.6,0.8,0.9,0.93333334,0.96666664,-0.4,-0.4,-0.8,-0.6333333,-0.6666667,0.5319031,0.39832532,0.24051751,0.30850393,0.57072,0.33632043,0.20242952,-0.4145059,-0.33306894,0.08162717,0.4,0.4,0.25,0.4,0.46666667,0.6,0.6,0.7,0.56666666,0.51666665,-0.2,-0.2,-0.45,-0.16666667,-0.05,0.47082692,0.55459994,0.32808718,0.45545727,0.48599008,0.5291731,0.44540003,0.6719128,0.54454273,0.51400995,-0.058346137,0.10919992,-0.3438256,-0.08908547,-0.02801987,0.6523449,0.7314611,0.87877417,0.9137501,1.4638187,0.21835351,0.23047234,0.64521384,0.53766686,0.8872512,0.71514577,0.70225024,2.170417,1.8662931,1.536412,0.7289028,0.5475361,0.5096743,0.48079297,0.4818101,0.27109718,0.4524639,0.49032572,0.51920706,0.5181899,0.4578056,0.09507218,0.019348571,-0.038414076,-0.036379836
114,SZ002236,-0.008479911437493937,0.1875,,,,,,2026-10-08,-0.0013062784,0.013716442,-0.09523449,0.0071848426,0.5238124,0.0052253213,0.3809531,-0.0032657997,-0.2380938,1.001308,1.0085022,0.99476784,1.001811,1.0366194,1.028123,1.0514334,1.0353872,1.088001,1.001964,1.0175937,1.0264496,1.0322531,1.0496361,0.008491648,0.017780535,0.016471554,0.016696507,0.02572263,-0.0026176993,-0.0046812636,-0.0021864488,-0.0013139916,-0.0010653369,0.23757215,0.63540107,0.6167052,0.47999382,0.5231702,0.003271485,0.0034719936,-0.005678313,-0.013200303,-0.018208668,1.0366323,1.045126,1.0597682,1.0681126,1.1444541,0.99215084,0.99215084,0.99215084,0.99215084,0.99215084,1.0048385,1.0350524,1.0392398,1.0445038,1.0695213,0.99595016,0.9992165,1.0134777,1.0233285,1.0321883,0.6,0.3,0.15,0.1,0.05,0.17645946,0.14816704,0.1160822,0.10333051,0.051536452,0.2,0.4,0.1,0.33333334,0.033333335,0.4,0.7,0.85,0.9,0.95,-0.2,-0.3,-0.75,-0.56666666,-0.9166667,0.64691365,0.18336953,0.44032928,0.58938533,0.703404,-0.29494587,-0.08636189,-0.09891843,0.0017127927,0.04958653,0.4,0.5,0.4,0.43333334,0.48333332,0.6,0.5,0.6,0.53333336,0.5,-0.2,0.0,-0.2,-0.1,-0.016666668,0.13155913,0.29121745,0.30089414,0.40090117,0.42945683,0.86844087,0.70878255,0.69910586,0.5990988,0.57054317,-0.73688173,-0.4175651,-0.39821172,-0.19819765,-0.14108633,1.134453,1.0870345,1.3254405,1.5310563,2.3555524,0.4469573,0.3388178,0.47478804,0.52410644,1.0953296,1.1664001,1.378592,1.0579336,1.0227287,1.2627627,0.4888733,0.43815625,0.45895952,0.3977038,0.4527593,0.5111267,0.56184375,0.5410405,0.60229623,0.54724073,-0.022253396,-0.12368749,-0.08208099,-0.20459244,-0.094481416
115,SH601727,-0.008480339542191705,0.3125,,,,SH601727,上海电气,2026-10-08,-0.0031056546,0.010869626,-0.28571862,0.0062111993,0.5714271,0.0015527724,0.14285426,-0.0077640815,-0.7142915,1.0031153,1.0093459,0.9984424,1.0038773,1.0353742,1.0013607,1.0204082,1.014966,1.0530612,1.0051701,1.0117007,1.0193198,1.0208617,1.0341496,0.0094457315,0.016640956,0.018881163,0.016775172,0.026699562,-0.004353741,-0.0010389619,-0.0017288129,-0.0006235195,-0.0005785433,0.53112173,0.035731744,0.2934314,0.107069984,0.14320669,0.0035373832,-0.007025383,-0.0028960423,-0.011820678,-0.017082665,1.0357869,1.0454907,1.058132,1.058132,1.1047852,0.99649304,0.98600036,0.98600036,0.98600036,0.9848324,1.0065306,1.0244898,1.037551,1.0356463,1.0590476,0.9997279,0.9997279,1.002449,1.0038096,1.0122449,0.4,0.3,0.15,0.1,0.083333336,0.089249775,0.23532596,0.19408433,0.19408433,0.12644628,0.2,0.4,0.25,0.5,0.33333334,0.8,0.1,0.55,0.7,0.13333334,-0.6,0.3,-0.3,-0.2,0.2,0.7643235,0.6076218,0.5970729,0.5420856,0.5602985,0.03915174,0.49844354,0.5132888,0.46306133,0.4712815,0.2,0.4,0.35,0.43333334,0.43333334,0.8,0.6,0.6,0.46666667,0.51666665,-0.6,-0.2,-0.25,-0.033333335,-0.083333336,0.09375087,0.49397552,0.44897953,0.4715026,0.46168956,0.9062491,0.5060245,0.5510205,0.5284974,0.53831047,-0.8124983,-0.012048969,-0.102040954,-0.056994796,-0.07662088,1.1256757,1.4928452,1.4705082,1.384961,1.8673965,0.29106164,0.6835969,0.56044674,0.48803282,0.9649488,0.97030044,1.2280663,1.1641778,1.2541049,1.4004968,0.2216625,0.4899173,0.48682767,0.46342054,0.4889112,0.7783375,0.51008266,0.5131723,0.5365795,0.5110888,-0.556675,-0.020165376,-0.02634463,-0.07315895,-0.022177557
116,SZ300015,-0.00955159342400241,0.1875,,,,,,2026-10-08,-0.016270306,0.027534394,-0.59090847,0.0075094225,0.2727288,0.0037546647,0.13636272,-0.020025065,-0.7272746,1.0165395,1.024173,0.9961832,1.0068882,1.0190821,1.0178022,1.0559853,1.0725269,1.030428,1.0040685,1.0132295,1.0270338,1.0403295,1.0750695,0.006932753,0.011878667,0.020762749,0.027188074,0.046470996,0.000254035,-0.0025137055,-0.0030831753,-0.002806978,-0.001903327,0.003356724,0.4104921,0.77178216,0.82608134,0.51163787,-0.0045766197,-0.0019177618,0.0022563695,0.00037174355,-0.018921426,1.024173,1.0343561,1.077605,1.1043316,1.1806532,0.9961832,0.9961832,0.9961832,0.9961832,0.9961832,1.0081409,1.0236663,1.049109,1.0613222,1.1234046,0.99974406,1.0,1.0104254,1.0162857,1.0264665,0.5,0.25,0.125,0.083333336,0.041666668,0.13636272,0.09998638,0.046876468,0.03529193,0.02069044,1.0,0.4,0.1,0.033333335,0.38333333,1.0,1.0,1.0,1.0,1.0,0.0,-0.6,-0.9,-0.96666664,-0.6166667,0.4557451,0.08866074,0.32461074,0.46050075,0.7198059,0.6442013,0.6238169,0.32316405,-0.0960721,0.24997196,0.2,0.3,0.3,0.4,0.38333333,0.8,0.7,0.65,0.56666666,0.56666666,-0.6,-0.4,-0.35,-0.16666667,-0.18333334,0.31709933,0.40283558,0.34506777,0.3827288,0.48182213,0.68290067,0.5971644,0.65493226,0.6172712,0.51817787,-0.36580133,-0.19432883,-0.30986446,-0.2345424,-0.036355764,0.798023,0.75322384,0.759426,0.8948056,1.3527832,0.15906759,0.14337488,0.18772829,0.35749453,0.69367355,0.71336144,0.6675479,0.72515386,1.3630402,1.434266,0.75773746,0.6978637,0.49329156,0.49071604,0.49391416,0.24226256,0.3021363,0.50670844,0.50928396,0.5060859,0.51547486,0.3957274,-0.013416907,-0.018567916,-0.012171695
117,SH600999,-0.010098043412165983,0.125,,,,SH600999,招商证券,2026-10-08,-0.011723284,0.027549794,-0.4255307,0.010551007,0.3829795,0.0052755037,0.19148976,-0.016998788,-0.6170205,1.0118624,1.0225385,0.9946619,1.007731,1.0577325,1.0274295,1.0707941,1.0472832,1.1684953,1.0111285,1.0311389,1.0406218,1.0515848,1.0716213,0.013830049,0.025925409,0.026698347,0.030408816,0.049520396,-0.006008356,-0.0056648036,-0.0030746919,-0.002147167,-0.0018824309,0.47184986,0.43765295,0.4641972,0.38639754,0.44072706,0.00088821875,-0.005647338,-0.0114121325,-0.020450864,-0.016089646,1.0570232,1.0749363,1.1061157,1.1119299,1.254023,0.9946619,0.9946619,0.9946619,0.9946619,0.9946619,1.0169278,1.0586729,1.0624869,1.0846916,1.0990072,1.0029258,1.0047022,1.0188087,1.023302,1.0342215,0.2,0.1,0.05,0.033333335,0.016666668,0.08559944,0.06649803,0.047895055,0.04552039,0.020581666,0.2,0.5,0.1,0.3,0.016666668,1.0,1.0,1.0,1.0,1.0,-0.8,-0.5,-0.9,-0.7,-0.98333335,-0.11948356,0.32303822,0.5919361,0.73505807,0.7401113,-0.64148796,-0.3058922,-0.2683468,0.28969935,0.2687568,0.4,0.5,0.5,0.46666667,0.48333332,0.6,0.5,0.5,0.43333334,0.46666667,-0.2,0.0,0.0,0.033333335,0.016666668,0.11764665,0.39805815,0.35841164,0.43330872,0.4064946,0.88235337,0.6019418,0.64158833,0.5666913,0.5935054,-0.7647067,-0.20388371,-0.2831767,-0.13338254,-0.18701082,0.8521055,0.94364554,1.1664052,1.3715533,1.8745154,0.24227196,0.2329216,0.4342811,0.69475263,0.9776717,0.93560505,0.8183945,1.0670855,1.9216088,1.8601407,0.60048777,0.51455146,0.45442876,0.4783707,0.4425204,0.39951223,0.48544854,0.5455712,0.5216293,0.5574796,0.20097557,0.0291029,-0.091142476,-0.043258604,-0.114959195
118,SZ300059,-0.010127966614709579,0.1875,,,,,,2026-10-08,-0.02593006,0.034949213,-0.74193543,0.0062006833,0.17741981,0.0028184715,0.08064477,-0.029312272,-0.8387104,1.0266203,1.032986,0.9971065,1.0117464,1.0792785,1.06423,1.0943269,1.0839082,1.1649255,1.029974,1.0506912,1.0663161,1.0805908,1.1152742,0.02059578,0.027979057,0.029209409,0.032746173,0.044579264,-0.01203666,-0.006670797,-0.0039525884,-0.0029654782,-0.0022529203,0.85387737,0.52107555,0.6408932,0.63557976,0.778979,-0.0059006414,-0.020672677,-0.028766591,-0.03759137,-0.048813038,1.0781231,1.0960575,1.1255773,1.1371512,1.1950171,0.9971065,0.9971065,0.9971065,0.9971065,0.9971065,1.0388857,1.0797421,1.095021,1.1017303,1.1579844,1.0226809,1.0292784,1.044324,1.0538183,1.0811331,0.2,0.1,0.05,0.033333335,0.016666668,0.03571491,0.029241752,0.02252263,0.020661248,0.014620242,0.2,0.4,0.1,0.2,0.016666668,1.0,1.0,1.0,1.0,1.0,-0.8,-0.6,-0.9,-0.8,-0.98333335,-0.6589205,0.04853898,0.24313593,0.53747064,0.7447609,-0.93731093,-0.3237737,-0.21968316,0.0515837,0.14012274,0.2,0.4,0.45,0.53333336,0.48333332,0.8,0.6,0.55,0.46666667,0.51666665,-0.6,-0.2,-0.1,0.06666667,-0.033333335,0.014206728,0.2788946,0.3064091,0.3756417,0.39696,0.9857933,0.7211054,0.6935909,0.6243583,0.60304004,-0.9715865,-0.44221082,-0.3871818,-0.2487166,-0.20608005,0.7453042,0.7816623,0.8030532,0.90933007,1.2074656,0.1742908,0.1737165,0.23915914,0.32144803,0.47629672,0.87790805,0.758609,1.0541699,1.116025,0.99317235,0.7191365,0.5788145,0.49003327,0.48456642,0.48437688,0.28086355,0.4211855,0.50996673,0.51543355,0.51562315,0.4382729,0.15762903,-0.01993347,-0.030867131,-0.031246264
119,SH688271,-0.0106478117781177,0.25,,,,SH688271,联影医疗,2026-10-08,-0.0072761094,0.014552219,-0.5,0.0045708944,0.31410292,0.002705215,0.18589708,-0.009141789,-0.62820584,1.0073295,1.0119338,0.99727494,1.0039841,0.9603131,0.95379174,0.97820014,1.0196573,0.98360354,0.99070245,0.9730949,0.97620183,0.9821626,1.0147647,0.017690409,0.022845889,0.022620268,0.021878542,0.04084346,0.008943544,0.007008035,-0.00039120854,-0.0010420458,-0.0017815361,0.63897455,0.8625571,0.010468614,0.17580795,0.5802886,-0.00858956,-0.0046310304,0.027514672,0.03294704,0.037790675,1.0127027,1.0127027,1.0303607,1.0404927,1.1247778,0.95136976,0.9410165,0.9410165,0.9410165,0.9410165,1.0017701,0.9959009,1.0008385,1.00041,1.0487423,0.98246694,0.9580586,0.9599591,0.96178496,0.9770636,0.8,0.9,0.8,0.8,0.4,0.7928889,0.82280076,0.6601829,0.5929411,0.3209789,0.8,0.9,0.1,0.033333335,0.13333334,0.2,0.1,0.55,0.7,0.85,0.6,0.8,-0.45,-0.6666667,-0.71666664,0.1514869,0.6882206,0.62960154,0.6202656,0.7387554,0.60946023,0.5824474,0.5833109,0.5050794,0.41136935,0.6,0.5,0.4,0.4,0.43333334,0.4,0.5,0.6,0.6,0.56666666,0.2,0.0,-0.2,-0.2,-0.13333334,0.77519274,0.7130579,0.5476771,0.47181398,0.5099818,0.22480725,0.28694212,0.45232287,0.528186,0.4900182,0.55038553,0.42611575,0.09535424,-0.05637206,0.019963618,1.2565109,0.9771746,0.9069766,0.93219644,1.2819948,0.43703505,0.4207311,0.39208007,0.3709369,0.5794254,1.1930367,1.4400239,1.3818322,1.2570897,1.5742258,0.57076234,0.5520494,0.50851667,0.48382878,0.493822,0.42923766,0.44795063,0.4914833,0.5161712,0.506178,0.14152467,0.10409877,0.017033385,-0.032342453,-0.012355998
120,SH600426,-0.011413494872881305,0.1875,,,,SH600426,华鲁恒升,2026-10-08,0.021649383,0.038659714,0.5599985,0.012886612,0.33333436,0.0041237203,0.10666712,0.012886493,0.3333313,0.97880936,1.0126135,0.97477305,0.99846834,1.0282449,0.99546224,1.0433999,1.0575078,0.95622206,0.9829368,0.9970156,1.0134404,1.0262668,1.0324564,0.015189081,0.025701504,0.031667642,0.036232814,0.04565905,0.0012624204,-0.002370444,-0.0036167786,-0.0025852742,-9.8201446e-05,0.017269708,0.07797469,0.4565417,0.39455795,0.0014108532,0.014538359,0.013651415,0.020919068,0.011219625,-0.02955943,1.0272392,1.0423667,1.0872713,1.133708,1.133708,0.954579,0.954579,0.954579,0.954579,0.902121,0.99555534,1.0284485,1.0445052,1.0512654,1.0712491,0.9752633,0.97960913,0.98193616,0.9952586,0.992024,1.0,0.7,0.45,0.3,0.26666668,0.6251156,0.5173956,0.3423031,0.25356576,0.42264453,0.2,0.3,0.3,0.3,0.65,0.6,0.8,0.9,0.93333334,0.033333335,-0.4,-0.5,-0.6,-0.6333333,0.6166667,0.25968477,0.57537115,0.558974,0.6831324,0.24584718,-0.019474722,0.5663092,0.30600223,0.29317605,0.2977854,0.4,0.4,0.4,0.4,0.46666667,0.6,0.6,0.55,0.56666666,0.5,-0.2,-0.2,-0.15,-0.16666667,-0.033333335,0.36673045,0.51225245,0.4374789,0.44956368,0.51949733,0.63326955,0.48774755,0.5625211,0.5504363,0.4805027,-0.26653907,0.024504898,-0.12504219,-0.10087263,0.03899463,0.86141324,1.0249037,1.0906819,1.2822108,1.4528843,0.13610221,0.42916188,0.367291,0.47422242,0.47013488,0.3913335,1.4448235,1.3047979,1.1643684,1.0427392,0.5597175,0.51490116,0.4220834,0.48845625,0.4927654,0.44028255,0.4850988,0.57791656,0.51154375,0.50723463,0.1194349,0.029802375,-0.15583318,-0.023087487,-0.014469223
121,SH601628,-0.012464530776524294,0.1875,,,,SH601628,中国人寿,2026-10-08,-0.018837012,0.024843015,-0.7582418,0.0016380011,0.06593407,0.0043680025,0.17582418,-0.01610701,-0.64835167,1.0191987,1.0208681,0.9955481,1.0059952,1.0738255,1.0364044,1.0614195,1.0250152,1.0264388,1.0208664,1.03976,1.0520033,1.0540708,1.0652193,0.0146689005,0.025072277,0.024399595,0.022865899,0.033463236,-0.008440106,-0.0054714354,-0.003146059,-0.0010092345,-0.0009533923,0.82763845,0.4365424,0.58188415,0.15097648,0.24757525,-0.0039861384,-0.015138531,-0.022115665,-0.039436985,-0.037094206,1.0738342,1.0820339,1.1116662,1.1116662,1.1685861,0.9955481,0.9955481,0.9955481,0.9955481,0.9955481,1.0266422,1.0609721,1.0705714,1.0735,1.0902582,1.0151311,1.0207037,1.0314419,1.0329063,1.0361196,0.2,0.1,0.05,0.033333335,0.016666668,0.056866597,0.051475074,0.038339116,0.038339116,0.025727654,0.2,0.4,0.1,0.4,0.18333334,1.0,1.0,1.0,1.0,1.0,-0.8,-0.6,-0.9,-0.6,-0.81666666,0.09906872,0.2020336,0.5802431,0.57124877,0.60658526,-0.6024585,-0.013791736,0.065898016,0.2737495,0.23712502,0.2,0.4,0.4,0.5,0.53333336,0.8,0.6,0.6,0.5,0.46666667,-0.6,-0.2,-0.2,0.0,0.06666667,0.028571773,0.35634026,0.37332204,0.46438915,0.4850712,0.9714282,0.6436597,0.626678,0.53561085,0.5149288,-0.94285643,-0.28731948,-0.25335595,-0.07122172,-0.029857598,0.8515653,0.8715174,1.0409582,1.1848633,1.4391478,0.16208078,0.20308873,0.39058575,0.4287432,0.55855256,0.8992963,0.90959007,1.1024091,1.0395888,1.1479938,0.67334193,0.5486168,0.46746215,0.49734625,0.4997266,0.3266581,0.4513832,0.5325379,0.5026537,0.5002734,0.3466838,0.09723359,-0.0650757,-0.0053074853,-0.00054678903
122,SH600039,-0.01303110330486017,0.4375,,,,SH600039,四川路桥,2026-10-08,0.010227288,0.02386365,0.42857182,0.0022727596,0.095239386,0.011363603,0.4761888,0.019318132,0.8095212,0.9898763,1.0022497,0.9786277,0.9943573,0.97410214,0.9932473,1.0708667,0.9561442,0.9345503,0.9795043,0.98175275,1.004367,1.0001286,0.97694296,0.012753436,0.009966736,0.026528386,0.03528025,0.042833965,0.0075467485,-9.309512e-05,-0.003944913,-4.1898293e-05,0.0013496233,0.87539756,0.00079975935,0.7739648,0.00010930274,0.3027948,0.0054021874,0.01866617,0.033109643,0.0004788947,-0.016756853,1.0022497,1.0067418,1.0776132,1.0865672,1.0865672,0.9594524,0.9594524,0.9594524,0.932488,0.8799142,0.98557436,0.98916596,1.0350995,1.0350995,1.0163995,0.9693529,0.9731968,0.97929657,0.9731968,0.94554764,1.0,1.0,0.55,0.6,0.75,0.9474325,0.8574353,0.34315613,0.43816417,0.58109874,1.0,0.4,0.05,0.3,0.65,0.4,0.7,0.85,0.06666667,0.1,0.6,-0.3,-0.8,0.23333333,0.55,0.17903808,-0.036940396,0.21350788,0.5548547,0.37369066,0.0064393864,-0.06328038,-0.09660196,0.3149114,0.34351125,0.8,0.5,0.4,0.5,0.48333332,0.2,0.5,0.6,0.5,0.51666665,0.6,0.0,-0.2,0.0,-0.033333335,0.8483034,0.5454544,0.31585032,0.5622761,0.5426005,0.15169664,0.45454562,0.6841497,0.43772388,0.45739952,0.6966067,0.09090877,-0.3682994,0.124552265,0.08520097,0.9237924,0.87829065,0.93390894,1.0648366,1.0574158,0.11604616,0.14051566,0.3335577,0.58631116,0.5015049,0.90421563,0.7776979,1.0956671,1.8659924,1.534177,0.63045776,0.57867074,0.38449845,0.50541395,0.49107063,0.36954224,0.4213293,0.6155015,0.49458605,0.5089294,0.2609155,0.15734142,-0.2310031,0.010827905,-0.017858723
123,SZ300498,-0.0132880798711212,0.5,,,,,,2026-10-08,-0.013271386,0.031187741,-0.42553213,0.009953564,0.31914988,0.007962791,0.255318,-0.015262159,-0.489364,1.0134499,1.0235373,0.9919301,1.0081046,0.99480283,0.98593706,0.9746255,0.91409355,0.88229895,1.0018954,0.9988383,1.002889,0.9841435,0.9558698,0.016228065,0.012428976,0.016576055,0.032422464,0.039493684,0.0062366207,0.0020381098,-0.0005974118,0.002565165,0.0017227429,0.369237,0.24648811,0.04546249,0.48511007,0.580344,-0.014368696,-0.008009787,0.0027863765,-0.021338392,-0.006690699,1.0242119,1.0242119,1.0417604,1.0417604,1.0417604,0.97248733,0.9723654,0.9630096,0.89715827,0.86566585,1.0146133,1.0055029,1.0180373,1.0094161,1.0,0.9951697,0.9926017,0.9922959,0.95842254,0.9160502,0.4,0.5,0.425,0.6166667,0.80833334,0.53190714,0.53300816,0.46971443,0.7112045,0.76285213,0.8,0.9,0.1,0.4,0.7,0.4,0.1,0.05,0.1,0.033333335,0.4,0.8,0.05,0.3,0.6666667,0.3146995,0.2858345,0.60759246,0.00085676514,-0.17205843,0.25710207,0.3120996,0.7169311,0.7019063,0.66313076,0.6,0.5,0.35,0.46666667,0.48333332,0.4,0.5,0.65,0.53333336,0.5,0.2,0.0,-0.3,-0.06666667,-0.016666668,0.5338644,0.5657142,0.55193985,0.61698586,0.5708502,0.4661356,0.43428582,0.44806015,0.38301417,0.42914978,0.0677288,0.13142839,0.10387966,0.23397166,0.14170042,0.94097364,0.917635,1.2424017,1.3617618,1.560233,0.24693333,0.19726498,0.73249847,0.6581072,0.6557142,0.7504946,0.9278421,2.3895028,2.0283701,1.4420295,0.612301,0.45626822,0.4601978,0.48012826,0.4823826,0.387699,0.54373175,0.5398022,0.5198717,0.5176174,0.22460197,-0.08746354,-0.07960438,-0.039743476,-0.035234798
124,SH600104,-0.013465442366005644,0.5625,,,,SH600104,上汽集团,2026-10-08,0.0036730291,0.026629895,0.13792878,0.021120353,0.79310685,0.0018365146,0.06896439,-0.0156108085,-0.58621365,0.9963404,1.0210431,0.9945106,1.0072773,0.9945144,1.0338819,0.94788647,0.91400456,0.8946435,0.9883027,1.0000081,1.0039449,0.9835404,0.96227014,0.008976808,0.015457711,0.032588188,0.039880525,0.041442346,0.004840272,-0.00370354,0.0005421326,0.0029871305,0.0015788063,0.7268347,0.5262052,0.009686315,0.4347988,0.4426586,0.0020167348,0.016657822,-0.00909513,-0.026853831,-0.008844919,1.0210431,1.0384368,1.0878409,1.0878409,1.0878409,0.9761891,0.9761891,0.9442012,0.91305125,0.8767332,0.99632144,1.0133753,1.0258148,1.0164893,1.0,0.9806228,0.9844789,0.979913,0.94603103,0.9299129,1.0,0.6,0.525,0.68333334,0.80833334,0.53085405,0.3825186,0.38846382,0.49744788,0.5839048,1.0,0.1,0.4,0.6,0.8,0.8,0.9,0.05,0.033333335,0.033333335,0.2,-0.8,0.35,0.56666666,0.76666665,0.95380723,0.38638145,0.8157023,0.7734652,0.46371114,0.894844,0.3844022,0.78022623,0.7268613,0.5576999,0.6,0.4,0.5,0.56666666,0.51666665,0.4,0.6,0.5,0.43333334,0.48333332,0.2,-0.2,0.0,0.13333334,0.033333335,0.5624995,0.301136,0.6035255,0.6249415,0.5735526,0.43750048,0.69886404,0.39647445,0.37505847,0.4264474,0.124999076,-0.39772806,0.2070511,0.24988307,0.14710522,0.74203056,0.74503917,1.1444536,0.9902421,1.0155638,0.158945,0.1427375,0.8603886,0.7338596,0.56386906,0.6017964,0.66820353,2.1579766,2.3081834,1.7893722,0.6820491,0.4019448,0.5234202,0.51699114,0.5091659,0.3179509,0.59805524,0.4765798,0.48300886,0.4908341,0.36409816,-0.19611046,0.046840414,0.033982262,0.0183318
125,SZ000807,-0.015390151684132793,0.0625,,,,,,2026-10-08,0.005351642,0.026376111,0.20289731,0.011085621,0.42029017,0.009938849,0.37681252,0.00420487,0.15941964,0.9946768,1.0110266,0.9847909,1.0009773,1.010607,1.0326838,1.0102516,0.9870585,0.8486602,0.9913926,1.0073996,1.0255532,1.0190165,1.0006768,0.016147926,0.02134097,0.029967092,0.029062213,0.044064622,0.005217208,-0.0047164764,-0.0033541534,0.000115197014,0.0014239475,0.26096532,0.4477323,0.4384748,0.0012176621,0.31849873,-0.0018270316,0.013824609,0.0063112415,-0.02068683,-0.04268316,1.0128906,1.0455946,1.1075587,1.1075587,1.1075587,0.952454,0.952454,0.952454,0.952454,0.8068431,1.0012891,1.0234978,1.0407329,1.0357796,1.0309075,0.98468333,0.99489444,1.0051563,0.99891394,0.9739647,0.8,0.4,0.2,0.26666668,0.45,0.7867085,0.510476,0.30654138,0.30654138,0.6423242,0.2,0.2,0.3,0.53333336,0.76666665,0.6,0.8,0.9,0.93333334,0.016666668,-0.4,-0.6,-0.6,-0.4,0.75,0.027732324,0.09932729,0.6259898,0.37864804,-0.17129041,0.22533718,0.31736553,0.61327946,0.4398232,0.43256062,0.4,0.4,0.45,0.46666667,0.51666665,0.6,0.6,0.55,0.53333336,0.48333332,-0.2,-0.2,-0.1,-0.06666667,0.033333335,0.44793198,0.40529382,0.48694757,0.5121741,0.55972123,0.55206805,0.5947062,0.5130524,0.4878259,0.4402788,-0.10413606,-0.18941236,-0.026104854,0.02434822,0.11944241,1.2539304,1.2289414,1.4570324,1.5207623,1.9794779,0.2933144,0.25059217,0.5684449,0.50588405,0.81647074,0.93785125,0.88572586,1.207403,1.1406194,1.2932484,0.5401993,0.43720403,0.4806126,0.49172372,0.49058637,0.4598007,0.56279594,0.5193874,0.5082763,0.50941366,0.08039861,-0.12559192,-0.038774792,-0.016552553,-0.01882727
126,SH601225,-0.01792596098720884,0.5,,,,SH601225,陕西煤业,2026-10-08,0.012561824,0.04415677,0.2844824,0.012181143,0.2758613,0.019413803,0.43965632,0.019794483,0.4482774,0.987594,1.01203,0.96842104,0.99743927,0.96546733,0.9658809,0.9811828,0.9621588,0.8854425,0.9772539,0.96999586,0.97376966,0.98147917,0.9542976,0.013656258,0.01425731,0.01286192,0.020126749,0.036771,0.0064722993,0.0035980137,-0.00029213857,-0.00095000304,0.0015282885,0.5615569,0.583797,0.01805653,0.17266507,0.5268653,0.009801483,0.013813079,0.029005675,0.032295864,0.0006178651,1.01203,1.01203,1.01203,1.0451523,1.0451523,0.94208425,0.93659127,0.93659127,0.93659127,0.8360983,0.9829611,0.9787014,0.9819272,0.9972291,0.98085195,0.9697684,0.9628619,0.96579814,0.9658809,0.9247725,1.0,1.0,1.0,0.8666667,0.93333334,0.82800925,0.8405326,0.8405326,0.584084,0.78401613,1.0,1.0,1.0,0.3,0.65,0.6,0.3,0.65,0.76666665,0.033333335,0.4,0.7,0.35,-0.46666667,0.6166667,0.60421216,0.7093061,0.4534625,0.47032303,-0.2706728,-0.4887847,0.37841612,0.09653024,0.3916193,0.36792505,0.8,0.6,0.45,0.5,0.53333336,0.2,0.4,0.5,0.46666667,0.45,0.6,0.2,-0.05,0.033333335,0.083333336,0.85232157,0.6524956,0.5466667,0.55385524,0.56890553,0.14767842,0.34750438,0.45333335,0.44614476,0.4310945,0.70464313,0.30499122,0.09333331,0.10771045,0.13781103,0.8501772,0.755054,0.801469,0.84170294,0.97450846,0.12880209,0.15301444,0.17938732,0.21114379,0.30221295,0.90309525,0.68058014,1.0220621,1.0466976,1.0983889,1.0,0.6990234,0.49110276,0.49422252,0.48949394,0.0,0.30097657,0.50889724,0.5057775,0.5105061,1.0,0.39804685,-0.0177945,-0.011554959,-0.02101214
127,SZ302132,-0.018699470600073726,0.3125,,,,,,2026-10-08,-0.0025398475,0.031662684,-0.080215804,0.027429666,0.8663089,0.0016931713,0.053475294,-0.028276341,-0.8930494,1.0025463,1.0300459,0.9983025,1.0135608,1.0089929,1.0133913,1.0762012,0.96792275,0.942625,0.9862446,0.9996526,1.0290012,1.0186796,0.9917533,0.013097853,0.017486386,0.039587025,0.04151343,0.046553604,0.0011037907,-0.0037869695,-0.005680373,0.00012385925,0.0017272669,0.017754696,0.42992717,0.7206361,0.00068989233,0.4198674,0.011547824,0.017388718,0.02496225,-0.02047554,-0.042707685,1.0300459,1.0430981,1.1276534,1.1276534,1.1276534,0.9539787,0.9539787,0.9539787,0.9344788,0.87862444,0.9975571,1.0115311,1.0749236,1.0597059,1.0186973,0.9778905,0.9850904,0.9993893,0.9801653,0.96437037,1.0,0.5,0.25,0.33333334,0.6166667,0.60500896,0.5164003,0.26498562,0.33918118,0.48739544,1.0,0.3,0.25,0.5,0.75,0.6,0.8,0.9,0.1,0.06666667,0.4,-0.5,-0.65,0.4,0.68333334,0.099673815,-0.0075973123,0.78241646,0.7782516,0.45325264,-0.085237764,0.03441994,0.29027477,0.5104617,0.4303738,0.6,0.4,0.35,0.43333334,0.48333332,0.4,0.6,0.65,0.56666666,0.51666665,0.2,-0.2,-0.3,-0.13333334,-0.033333335,0.4528077,0.45265445,0.38982496,0.5321683,0.5283437,0.54719234,0.5473456,0.6101751,0.4678317,0.47165632,-0.09438463,-0.09469111,-0.2203501,0.064336605,0.05668734,0.7235439,0.6919654,0.9211413,0.9440356,0.9144635,0.19385764,0.1547121,0.36568847,0.52249026,0.40084502,0.54705083,0.74837357,1.1843829,1.4489943,1.2608241,0.66091573,0.5762297,0.3429111,0.49713966,0.5110722,0.3390843,0.42377034,0.65708894,0.5028603,0.48892778,0.32183143,0.15245934,-0.31417784,-0.0057206545,0.02214445
128,SZ000776,-0.019409515420471944,0.0625,,,,,,2026-10-08,-0.024242437,0.03888886,-0.6233774,0.009090895,0.23376603,0.005555531,0.14285661,-0.0277778,-0.7142868,1.0248448,1.0341614,0.99430645,1.0113707,1.0781838,1.0512861,1.1076695,1.0553639,1.1098651,1.0260979,1.0491844,1.0762547,1.0819819,1.0899545,0.01941069,0.030790666,0.043824468,0.040257778,0.036134746,-0.010508147,-0.007145165,-0.0064552464,-0.0023453322,-0.0009311716,0.7326733,0.4936258,0.75938207,0.26303336,0.2025393,-0.0050815674,-0.017031195,-0.014929866,-0.047974594,-0.06248496,1.0734955,1.0937274,1.1718491,1.1718491,1.1775504,0.99430645,0.99430645,0.99430645,0.99430645,0.99430645,1.034081,1.0795326,1.1208909,1.1208909,1.1223965,1.0173776,1.0246706,1.0347867,1.0511763,1.05734,0.2,0.1,0.05,0.033333335,0.016666668,0.071898274,0.05726718,0.032068662,0.032068662,0.031070897,0.2,0.4,0.1,0.4,0.083333336,1.0,1.0,1.0,1.0,1.0,-0.8,-0.6,-0.9,-0.6,-0.9166667,-0.15801734,0.28668898,0.5027289,0.5538418,0.60199785,-0.6486221,0.040688653,0.08077148,0.2813695,0.25877523,0.2,0.3,0.35,0.43333334,0.46666667,0.8,0.7,0.6,0.53333336,0.51666665,-0.6,-0.4,-0.25,-0.1,-0.05,0.078614265,0.3448767,0.3284179,0.44049227,0.45119488,0.9213857,0.6551233,0.6715821,0.5595077,0.5488051,-0.8427715,-0.3102466,-0.34316418,-0.119015455,-0.09761023,0.81540936,0.8913471,1.0767878,1.1602601,1.4492295,0.18256252,0.23072164,0.4445433,0.46812537,0.57375026,0.75260717,1.0110998,1.2676059,1.1873798,1.0638219,0.67667544,0.45969337,0.4781037,0.48099318,0.48045358,0.3233246,0.5403066,0.5218963,0.51900685,0.5195464,0.35335085,-0.08061323,-0.043792598,-0.03801364,-0.039092816
129,SZ300999,-0.019659560159451892,0.125,,,,,,2026-10-08,-0.0025041478,0.016277133,-0.15384455,0.010016728,0.61538655,0.0037562558,0.2307689,-0.00876462,-0.53846216,1.0025104,1.0125523,0.9962343,1.0045518,1.0401311,1.0421785,1.095823,1.0651106,1.0151515,1.0099099,1.0279689,1.0669533,1.0727409,1.0743517,0.010561621,0.020608412,0.05116496,0.04586751,0.03872334,-0.005733007,-0.006137545,-0.0077016875,-0.0027302157,-0.00026087873,0.7366206,0.8130397,0.793039,0.27459037,0.013843046,0.0015561099,-0.00034992982,0.0062127057,-0.033152804,-0.06665571,1.041669,1.056216,1.1767952,1.1767952,1.1767952,0.9962343,0.9962343,0.9962343,0.9962343,0.9945169,1.0145782,1.0468469,1.1176085,1.1116298,1.1050779,1.0022932,1.0071253,1.0239148,1.0394759,1.0416871,0.2,0.1,0.05,0.033333335,0.016666668,0.082881324,0.062780574,0.020855485,0.020855485,0.030080762,0.2,0.4,0.2,0.46666667,0.73333335,1.0,1.0,1.0,1.0,0.033333335,-0.8,-0.6,-0.8,-0.53333336,0.7,-0.35145202,0.67052853,0.9038738,0.86721414,0.5616398,0.14964214,0.25165305,0.6086391,0.60707426,0.5435201,0.2,0.3,0.3,0.43333334,0.45,0.8,0.7,0.7,0.56666666,0.55,-0.6,-0.4,-0.4,-0.13333334,-0.1,0.104838416,0.21546978,0.326923,0.4290812,0.49105847,0.89516157,0.7845302,0.673077,0.5709188,0.50894153,-0.79032314,-0.56906044,-0.34615397,-0.14183763,-0.01788304,0.9143618,1.0484776,1.3317844,1.4827721,1.4167734,0.05385408,0.20902862,0.5028108,0.5887599,0.51709956,0.39037296,0.58052444,0.9245653,1.0064944,1.0035079,0.7844395,0.5034957,0.41292027,0.44439352,0.50768024,0.21556047,0.49650434,0.58707976,0.5556065,0.4923198,0.56887907,0.0069913375,-0.1741595,-0.111212984,0.015360437
130,SH600989,-0.020087390692007916,0.125,,,,SH600989,宝丰能源,2026-10-08,0.014354044,0.039147478,0.36666587,0.017398871,0.44444424,0.0073945625,0.18888988,0.0043497346,0.11111149,0.9858491,1.0171527,0.97855914,0.99955785,0.9680333,1.0316192,1.038221,0.9972203,0.8547602,0.9687978,0.9831133,1.0117617,1.0112115,0.98664004,0.017574232,0.022876473,0.035635326,0.032942805,0.04636988,0.008547603,-0.004182193,-0.004863183,-0.0010990513,0.0015244082,0.59139276,0.3063666,0.6518502,0.0862614,0.32963288,0.0141070075,0.0357066,0.034438603,0.0047247596,-0.031610064,1.0171527,1.0231943,1.0968008,1.0968008,1.0968008,0.9345854,0.9345854,0.9345854,0.9345854,0.8261492,0.9705351,1.0022932,1.0459347,1.0448923,1.0277971,0.9601112,0.9621265,0.96706045,0.97783184,0.9624045,1.0,0.8,0.4,0.4,0.6333333,0.7922583,0.7382393,0.4032576,0.4032576,0.64234155,1.0,0.1,0.3,0.53333336,0.76666665,0.6,0.8,0.9,0.93333334,0.033333335,0.4,-0.7,-0.6,-0.4,0.73333335,0.8391125,0.48412636,0.71283853,0.58130497,-0.12243007,0.9508429,0.40124708,0.18133773,0.18001759,0.35134056,0.6,0.5,0.5,0.53333336,0.5833333,0.4,0.5,0.45,0.43333334,0.4,0.2,0.0,0.05,0.1,0.18333334,0.7839508,0.40130153,0.4458662,0.5027211,0.56664544,0.21604918,0.59869844,0.5541338,0.4972789,0.4333546,0.5679017,-0.19739693,-0.10826758,0.005442198,0.13329084,0.6414411,0.69223535,0.84063476,0.92237514,1.0952811,0.22224478,0.17319807,0.23251937,0.24507597,0.41989097,1.6125572,1.0050005,0.90699035,0.87505233,1.4825598,0.591932,0.55699086,0.46011236,0.48357454,0.50215364,0.40806803,0.44300917,0.5398876,0.5164255,0.49784634,0.18386395,0.11398167,-0.07977526,-0.032850947,0.004307301
131,SH601336,-0.020241651442402652,0.125,,,,SH601336,新华保险,2026-10-08,0.00035652018,0.016934013,0.021053497,0.013012455,0.76842123,0.003565038,0.2105253,-0.009090897,-0.5368424,0.9996436,1.0130078,0.99607986,1.0040405,1.0313756,1.0238558,1.078828,1.0273564,1.0867367,1.0045378,1.0202645,1.0414236,1.0501707,1.0651195,0.012371691,0.019458642,0.032805074,0.031142892,0.033667818,-0.004382221,-0.0049951114,-0.0049982984,-0.0024661995,-0.001368402,0.31366816,0.6040554,0.81251305,0.48600438,0.5038454,0.0042266473,0.0022135084,0.006060262,-0.014410816,-0.024751632,1.0312755,1.0487146,1.1301914,1.1301914,1.1486485,0.9946205,0.9946205,0.9946205,0.9946205,0.9946205,1.0084014,1.0379618,1.0682744,1.0789835,1.088474,0.99660313,0.99935174,1.0194737,1.0255154,1.0343835,0.6,0.3,0.15,0.1,0.05,0.14676026,0.09944696,0.039680317,0.039680317,0.034925476,0.2,0.4,0.1,0.4,0.083333336,0.6,0.8,0.9,0.93333334,0.96666664,-0.4,-0.4,-0.8,-0.53333336,-0.8833333,0.39518312,0.5038998,0.8484893,0.86701775,0.8444641,-0.24756894,0.015669933,-0.015395249,0.40797547,0.27544412,0.4,0.5,0.4,0.46666667,0.45,0.6,0.5,0.6,0.53333336,0.55,-0.2,0.0,-0.2,-0.06666667,-0.1,0.16939849,0.35846132,0.30661568,0.45906088,0.442752,0.8306015,0.6415387,0.69338435,0.5409391,0.557248,-0.661203,-0.28307733,-0.38676867,-0.08187823,-0.114496015,1.1932482,1.2860876,1.8042921,2.1324575,2.5368931,0.4231392,0.3286978,0.88456404,1.0383664,1.1501173,1.4759569,1.2619474,1.2983487,1.162379,1.2197906,0.47150838,0.4284787,0.4177577,0.47846827,0.4786634,0.5284916,0.5715213,0.5822423,0.5215317,0.5213366,-0.056983247,-0.1430426,-0.16448463,-0.043063447,-0.042673193
132,SH600809,-0.021044246524666528,0.0,,,,SH600809,山西汾酒,2026-10-08,0.0043629794,0.028359482,0.15384553,0.0060209837,0.21230936,0.017975518,0.6338451,0.016317515,0.5753813,0.99565595,1.0059948,0.9777585,0.99237144,0.9907145,0.9777666,1.0276346,1.0365009,0.89007825,0.97939676,0.98128223,0.99956226,1.0072484,1.0149052,0.021223968,0.014609746,0.033474926,0.030023852,0.048384108,0.011449661,0.001069539,-0.003861315,-0.0021074493,1.0526046e-05,0.7275655,0.049126897,0.4656925,0.3818415,1.4435269e-05,-0.0022960927,0.013904843,0.03712023,0.023309613,-0.015215685,1.0165164,1.0165164,1.0858389,1.0858389,1.1245817,0.94830626,0.94830626,0.94830626,0.94830626,0.8569938,1.0008706,0.9925716,1.019745,1.0304487,1.0528079,0.96435255,0.9681728,0.97731525,0.97911316,0.97911316,0.8,0.9,0.65,0.43333334,0.35,0.7578597,0.7578597,0.37586513,0.37586513,0.53442705,0.8,0.9,0.1,0.4,0.26666668,0.4,0.7,0.85,0.9,0.033333335,0.4,0.2,-0.75,-0.5,0.23333333,0.9808882,0.82341474,0.6387517,0.53982866,0.25605202,0.93317515,0.9209168,0.68710035,0.6297556,0.60400456,0.4,0.6,0.45,0.43333334,0.46666667,0.6,0.4,0.55,0.56666666,0.53333336,-0.2,0.2,-0.1,-0.13333334,-0.06666667,0.55558836,0.60784763,0.44751993,0.4547123,0.5493905,0.44441167,0.3921524,0.55248004,0.54528767,0.4506095,0.111176684,0.21569522,-0.10496013,-0.09057538,0.09878097,0.77817094,0.71235716,0.7621668,0.7587731,1.2359405,0.23805362,0.18843189,0.3253701,0.31193596,0.68433225,1.0228109,1.3623532,1.6279047,1.4705262,1.4054804,0.59512305,0.7104332,0.526911,0.51328105,0.5005916,0.40487698,0.28956679,0.47308898,0.48671892,0.49940842,0.19024605,0.4208664,0.053822063,0.026562132,0.0011831815
133,SZ000617,-0.022033872378682262,0.125,,,,,,2026-10-08,-0.006088294,0.018264882,-0.33333334,0.007610344,0.41666538,0.0045662443,0.2500013,-0.009132394,-0.4999974,1.0061256,1.0137825,0.9954058,1.0041505,1.0337528,1.0444317,1.1193745,1.0152556,1.0106788,1.0064073,1.0286232,1.0552632,1.0744025,1.06892,0.008589272,0.025599526,0.040649593,0.046962153,0.039754912,-0.0039664325,-0.0073977765,-0.0061222846,-0.004077546,-5.065924e-05,0.533123,0.7655085,0.7939308,0.58425623,0.0004952627,0.0015255627,0.0046668276,0.002898567,-0.01527806,-0.06742557,1.0382017,1.0704184,1.1469202,1.1945233,1.1945233,0.9954058,0.9954058,0.9954058,0.9954058,0.9954058,1.0079329,1.0541953,1.1022882,1.1202898,1.1028985,1.0012205,1.0039665,1.0180014,1.0324942,1.0361937,0.2,0.1,0.05,0.033333335,0.025,0.10735181,0.061245967,0.030321972,0.023072883,0.023072883,0.2,0.4,0.1,0.13333334,0.56666666,1.0,1.0,1.0,1.0,1.0,-0.8,-0.6,-0.9,-0.8666667,-0.43333334,0.011369304,0.8083129,0.8404163,0.8405347,0.64959574,-0.32342964,0.35872027,0.20346329,0.49810037,0.39130858,0.2,0.3,0.35,0.43333334,0.46666667,0.6,0.6,0.6,0.53333336,0.5,-0.4,-0.3,-0.25,-0.1,-0.033333335,0.07655472,0.2763913,0.30289662,0.48569384,0.49462986,0.9234453,0.72360873,0.6971034,0.5143062,0.50537014,-0.84689057,-0.44721743,-0.3942068,-0.028612327,-0.010740255,0.904001,1.0772061,1.6134888,2.1716597,2.009239,0.14029312,0.2577645,0.81841636,1.340748,1.0870178,1.0722938,0.79272026,1.1252406,1.2657427,1.2251002,0.42649412,0.42985317,0.43030643,0.49309093,0.49961728,0.5735059,0.57014686,0.56969357,0.5069091,0.5003827,-0.14701176,-0.14029367,-0.13938716,-0.013818159,-0.0007654582
134,SZ002230,-0.022434376472324893,0.125,,,,,,2026-10-08,-0.0088661555,0.019881869,-0.44594178,0.009940934,0.5,0.0010747786,0.054058228,-0.017732311,-0.89188355,1.0089455,1.0189754,0.9989156,1.0073544,1.0495963,1.0544765,1.0685817,1.0794135,1.1072073,1.0131648,1.0310293,1.047172,1.0566641,1.0934259,0.014841782,0.021964984,0.022821598,0.02397501,0.048351273,-0.007834215,-0.0059030987,-0.0032747858,-0.0021642298,-0.0020132465,0.69656044,0.6620789,0.72067875,0.63152546,0.5287835,0.0025036116,-0.0044654533,-0.016061524,-0.025282726,-0.034035042,1.051776,1.0672247,1.0870086,1.1062587,1.2287782,0.9989156,0.9989156,0.9989156,0.9989156,0.9989156,1.0155455,1.0500844,1.0629913,1.0737675,1.137584,1.0067133,1.0088202,1.0329597,1.0423315,1.0568135,0.2,0.1,0.05,0.033333335,0.016666668,0.020514255,0.015874775,0.012309643,0.010102122,0.0047175693,0.2,0.4,0.1,0.3,0.33333334,1.0,1.0,1.0,1.0,1.0,-0.8,-0.6,-0.9,-0.7,-0.6666667,-0.016020257,0.4105045,0.53420585,0.65802026,0.84074754,-0.7229189,-0.214908,0.024993343,-0.026871087,0.32683763,0.2,0.4,0.35,0.43333334,0.43333334,0.8,0.6,0.65,0.56666666,0.56666666,-0.6,-0.2,-0.3,-0.13333334,-0.13333334,0.010573136,0.22161399,0.28444934,0.34058127,0.43201146,0.98942685,0.778386,0.71555066,0.65941876,0.5679885,-0.9788537,-0.556772,-0.4311013,-0.3188375,-0.13597706,0.9531675,1.0435086,1.135061,1.3334324,2.245874,0.26639447,0.25506493,0.27269077,0.40288815,1.2614001,1.3390397,1.000532,0.9751434,0.9502453,1.6048808,0.52966136,0.49218404,0.4622554,0.40397835,0.4702804,0.47033867,0.50781596,0.53774464,0.59602165,0.5297196,0.05932268,-0.015631905,-0.07548924,-0.19204332,-0.05943921
135,SZ300122,-0.023105039200663154,0.1875,,,,,,2026-10-08,-0.041607942,0.057122704,-0.7283959,0.004936542,0.08641996,0.010578221,0.18518418,-0.035966262,-0.62963164,1.0434144,1.0485651,0.98896253,1.0081997,0.988954,0.9072131,1.0036453,0.88810337,0.8410472,0.97996247,0.96745837,0.9597648,0.9808683,0.9584521,0.033231914,0.0338386,0.036133938,0.04980216,0.0490234,0.016281892,0.008242368,0.0006929131,-0.0025720734,0.0010981673,0.6001213,0.5438645,0.012870487,0.20671503,0.1530488,-0.012526267,-0.004549007,0.033652574,0.056426812,0.009151958,1.0485651,1.0485651,1.0485651,1.1316835,1.1316835,0.9411049,0.89992946,0.89775085,0.89775085,0.8211855,1.005744,0.9911632,0.9899923,1.023948,0.99237823,0.9560809,0.9487463,0.92638904,0.93876064,0.91825914,0.8,0.9,0.9,0.6666667,0.8333333,0.548064,0.67326033,0.6779803,0.43708795,0.5758958,1.0,1.0,1.0,0.2,0.6,0.6,0.1,0.45,0.6333333,0.033333335,0.4,0.9,0.55,-0.43333334,0.56666666,0.9800977,0.94662493,0.8050321,0.83394223,0.71500516,0.9677541,0.9277092,0.6724062,0.7265079,0.6866591,0.4,0.7,0.55,0.53333336,0.51666665,0.6,0.3,0.45,0.46666667,0.48333332,-0.2,0.4,0.1,0.06666667,0.033333335,0.53846127,0.7058822,0.4953376,0.55500054,0.5492235,0.46153873,0.29411784,0.5046624,0.44499946,0.4507765,0.076922536,0.41176432,-0.009324784,0.1100011,0.09844701,0.84176284,0.76736873,0.6632928,0.9549822,0.7799403,0.4195884,0.31837833,0.2732927,0.5703598,0.45400086,1.26717,1.3298512,1.3737862,1.3949794,1.6018499,0.5294118,0.6338652,0.5082728,0.5250538,0.52044713,0.4705882,0.36613482,0.49172717,0.4749462,0.47955287,0.058823563,0.26773033,0.016545665,0.050107602,0.040894274
136,SH600938,-0.024529188209412703,0.375,,,,SH600938,中国海油,2026-10-08,0.023973634,0.035960414,0.66666734,0.008390739,0.23333263,0.0035960414,0.1,0.019178938,0.53333473,0.97658765,1.0081943,0.9730758,0.99667585,0.94505244,0.96805894,0.9883851,0.9761,0.82756305,0.9790038,0.96888536,0.9780321,0.9824659,0.9504355,0.014245483,0.01781195,0.018428506,0.017954953,0.048102457,0.0077507365,0.004086881,-0.0008721283,-0.0007438341,0.0020519686,0.74006796,0.48258346,0.078387804,0.13301031,0.5550175,0.005494762,0.012723652,0.030253079,0.028319683,-0.010968604,1.0081943,1.0081943,1.0389383,1.0389383,1.0389383,0.9459688,0.9319268,0.9319268,0.9319268,0.80474466,0.98445386,0.9807907,0.9939245,1.0000893,0.9871342,0.9730623,0.95170873,0.9664507,0.96922046,0.9204824,1.0,1.0,0.85,0.8,0.9,0.86831295,0.8925586,0.6361296,0.6361296,0.83373445,1.0,1.0,0.35,0.56666666,0.78333336,0.2,0.3,0.65,0.76666665,0.033333335,0.8,0.7,-0.3,-0.2,0.75,0.7188894,0.27140728,0.43434426,0.32465753,-0.3697322,0.91826564,0.60231465,0.27150008,0.15970357,0.31523278,0.8,0.5,0.35,0.36666667,0.46666667,0.2,0.5,0.6,0.6,0.51666665,0.6,0.0,-0.25,-0.23333333,-0.05,0.93309915,0.6002807,0.5217029,0.5323655,0.5929673,0.06690083,0.39971927,0.47829714,0.46763453,0.4070327,0.86619836,0.20056146,0.043405738,0.06473096,0.18593459,0.77168226,0.8181009,0.9387748,0.9451902,1.1761125,0.17848866,0.22669287,0.36010382,0.3097449,0.4743337,0.8506635,0.8677983,0.9521004,0.92045003,1.423885,0.6781361,0.52168876,0.48365387,0.49983963,0.48202494,0.32186386,0.47831124,0.51634616,0.50016034,0.51797503,0.35627225,0.043377496,-0.032692272,-0.00032071036,-0.035950117
137,SH601136,-0.026326802846259503,0.0625,,,,SH601136,首创证券,2026-10-08,-0.014440444,0.025270693,-0.5714305,0.007942176,0.3142841,0.0028880718,0.114285424,-0.019494548,-0.7714291,1.014652,1.0227106,0.9970696,1.0082341,1.0640113,1.0341394,1.1081082,1.0071124,1.0284494,1.0189189,1.0353485,1.0647582,1.0625415,1.0549076,0.014336339,0.023015121,0.045956053,0.049658906,0.039841957,-0.0076813693,-0.0046941647,-0.006595256,-0.0010408267,0.00037488696,0.7176964,0.38133052,0.7208516,0.034045856,0.027003445,-0.0035561863,-0.01422476,-0.0021032302,-0.04744948,-0.06596668,1.0640113,1.083064,1.2088082,1.2088082,1.2088082,0.9970696,0.9970696,0.9970696,0.9970696,0.9832252,1.0256046,1.0634423,1.1176386,1.1176386,1.0780939,1.0119488,1.0172119,1.0248933,1.0172119,1.0214794,0.2,0.1,0.05,0.033333335,0.016666668,0.04377521,0.034076538,0.01383965,0.01383965,0.07436194,0.2,0.5,0.15,0.43333334,0.71666664,1.0,1.0,1.0,1.0,0.083333336,-0.8,-0.5,-0.85,-0.56666666,0.6333333,0.07221805,0.6939528,0.8878854,0.9161138,0.8041732,-0.64305454,0.069245756,0.14852254,0.60345393,0.53175616,0.2,0.4,0.35,0.43333334,0.45,0.8,0.6,0.6,0.53333336,0.53333336,-0.6,-0.2,-0.25,-0.1,-0.083333336,0.090909295,0.3651688,0.3041238,0.49289772,0.48366016,0.9090907,0.6348312,0.69587624,0.5071023,0.51633984,-0.8181814,-0.2696624,-0.39175242,-0.014204576,-0.0326797,0.9224866,1.1249343,1.9779681,2.056054,1.6180583,0.21400003,0.31656116,1.380234,1.5952109,1.2332923,0.7218825,0.85269064,1.435033,1.996249,2.1629813,0.41094247,0.42740804,0.35148355,0.49951944,0.5035082,0.58905756,0.57259196,0.6485165,0.50048053,0.4964918,-0.17811508,-0.14518392,-0.2970329,-0.0009611237,0.0070163957
138,SH601600,-0.028274932321159716,0.0,,,,SH601600,中国铝业,2026-10-08,0.014623106,0.033745725,0.43333212,0.013498312,0.40000066,0.005624306,0.16666722,0.0067491,0.19999868,0.98558766,1.0133038,0.9800444,1.003098,1.011011,1.0330331,1.065065,1.037037,0.8928929,0.985986,1.004004,1.034034,1.0431432,1.0301135,0.01396028,0.02226337,0.04064529,0.037666854,0.049799446,0.0057057017,-0.004998942,-0.0059713856,-0.0027544796,0.0009422314,0.417609,0.46215302,0.75543624,0.41444048,0.10918574,0.0026026191,0.01849123,0.022694122,-0.0032032004,-0.057909288,1.0133038,1.0457418,1.1189526,1.1189526,1.1353921,0.9563065,0.9563065,0.9563065,0.9563065,0.85223866,0.9935936,1.02002,1.0736737,1.0808809,1.0704706,0.98058057,0.98898894,0.9983984,1.015015,1.0,1.0,0.5,0.25,0.16666667,0.20833333,0.76658934,0.48854867,0.2686414,0.2686414,0.52184206,1.0,0.3,0.3,0.53333336,0.4,0.4,0.7,0.85,0.9,0.016666668,0.6,-0.4,-0.55,-0.36666667,0.38333333,-0.20421498,0.41026565,0.4648019,0.39747754,-0.18440475,0.12348897,0.36335108,0.27828002,0.24951439,0.47357258,0.4,0.4,0.4,0.46666667,0.5,0.6,0.6,0.6,0.53333336,0.5,-0.2,-0.2,-0.2,-0.06666667,0.0,0.43820202,0.4046241,0.41558447,0.46542057,0.54367346,0.561798,0.5953759,0.58441556,0.53457946,0.45632654,-0.12359595,-0.19075182,-0.16883105,-0.06915886,0.08734693,0.92528087,1.0076647,1.1041994,1.1188939,1.5210606,0.13622083,0.18876375,0.2878085,0.25470698,0.69127923,0.6509565,0.45630857,0.84442943,0.8173124,1.5990944,0.50845814,0.4551271,0.5043614,0.50549847,0.49880537,0.4915419,0.54487294,0.49563864,0.4945015,0.50119466,0.016916225,-0.08974583,0.008722751,0.010996995,-0.0023892561
139,SZ002304,-0.03182619484383613,0.0625,,,,,,2026-10-08,-0.0021563235,0.008625294,-0.25,0.0024258639,0.28125,0.0040431065,0.46875,-0.0005390809,-0.0625,1.002161,1.0045921,0.99594814,0.99979156,1.0272708,1.024023,1.0493866,1.0540262,1.0321168,1.0029488,1.0168368,1.0312326,1.0400711,1.0656193,0.0061685215,0.015637675,0.022620028,0.023043055,0.039438657,-0.0017733786,-0.0042766025,-0.0033410543,-0.002196125,-0.0013066414,0.20662399,0.68559057,0.76356995,0.70394015,0.33478686,0.0005979873,0.0024079168,0.0005074097,-0.008227329,-0.02707338,1.0269709,1.0469897,1.0774921,1.0796701,1.1677175,0.9948413,0.9948413,0.9948413,0.9948413,0.9948413,1.0073719,1.0296526,1.048706,1.0646459,1.1029488,0.99910295,0.99993813,1.010929,1.0244355,1.0283535,0.6,0.3,0.15,0.1,0.05,0.16055906,0.098923415,0.062415596,0.0608131,0.029840428,0.2,0.5,0.1,0.16666667,0.3,0.8,0.9,0.95,0.96666664,0.98333335,-0.6,-0.4,-0.85,-0.8,-0.68333334,0.443483,-0.40343928,0.1808546,0.2786413,0.664745,0.85867655,0.48871833,0.43349,0.18230958,0.45065686,0.2,0.4,0.3,0.4,0.4,0.8,0.6,0.65,0.56666666,0.5833333,-0.6,-0.2,-0.35,-0.16666667,-0.18333334,0.2044696,0.3268945,0.33516866,0.40738785,0.47969228,0.7955304,0.67310554,0.66483134,0.59261215,0.5203077,-0.59106076,-0.34621105,-0.32966268,-0.18522428,-0.040615465,0.9438646,0.8319683,0.8487339,0.91479945,1.3213668,0.18031247,0.24807297,0.31145582,0.32816586,0.6639227,0.51652735,0.7628257,1.1602746,1.0617362,1.403396,0.4266761,0.6230424,0.5133268,0.50378686,0.49615908,0.5733239,0.3769576,0.48667318,0.49621317,0.5038409,-0.1466478,0.24608484,0.026653633,0.007573688,-0.007681854
140,SH600845,-0.032058880290372974,0.0,,,,SH600845,宝信软件,2026-10-08,-0.011376611,0.033560812,-0.338985,0.019340111,0.5762707,0.002844089,0.08474434,-0.027872633,-0.83051133,1.0115075,1.0310702,0.9971232,1.0106261,1.0552626,0.96950907,1.0028969,1.0098047,1.1162446,1.0259006,1.0290092,1.0062579,1.0062877,1.0365893,0.019083703,0.028612614,0.031413604,0.026127722,0.046504393,-0.011969862,9.025478e-05,0.0030418087,0.000945474,-0.0017035775,0.98354214,9.120882e-05,0.3281681,0.10148405,0.40929422,-0.0019609355,-0.029415324,-0.035155114,-0.019997017,0.01366632,1.0644667,1.0811391,1.0811391,1.0811391,1.1841222,0.9971232,0.96089554,0.95570004,0.95570004,0.95570004,1.0391295,1.0515784,1.0376291,1.0265766,1.0736612,1.014291,1.014291,0.9800045,0.98368865,0.9981728,0.2,0.2,0.55,0.46666667,0.23333333,0.042718545,0.32521054,0.35315913,0.35315913,0.19393899,0.2,0.4,0.7,0.8,0.05,1.0,0.1,0.5,0.6666667,0.8333333,-0.8,0.3,0.2,0.13333334,-0.78333336,0.051573332,0.6793951,0.77952987,0.76455176,0.8177661,-0.7856945,0.8518592,0.8429209,0.7740951,0.4681128,0.0,0.3,0.35,0.46666667,0.46666667,1.0,0.7,0.65,0.53333336,0.53333336,-1.0,-0.4,-0.3,-0.06666667,-0.06666667,0.0,0.5956652,0.4936584,0.48475745,0.43780303,1.0,0.40433478,0.5063416,0.5152425,0.56219697,-1.0,0.1913304,-0.012683185,-0.030485084,-0.124393955,0.93451524,1.3173469,1.0183282,0.9717191,1.4507362,0.13417728,0.77702624,0.6289516,0.52597445,0.7840373,0.5842999,1.984499,2.4833624,2.5312352,1.5773503,0.40117317,0.5393305,0.51701623,0.48082447,0.45230302,0.5988268,0.46066952,0.48298374,0.5191755,0.547697,-0.19765367,0.07866099,0.034032505,-0.038351078,-0.09539398
141,SZ000100,-0.03296186390442885,0.0,,,,,,2026-10-08,-0.03541671,0.050000038,-0.7083337,0.006249956,0.12499902,0.008333373,0.16666733,-0.033333294,-0.6666654,1.036717,1.0431966,0.99136066,1.0113142,1.0646795,1.0281215,1.056243,1.0905511,1.0883014,1.0305961,1.0521935,1.0388076,1.0503561,1.0659636,0.018925559,0.02949025,0.026700847,0.028365083,0.0370533,-0.010573665,-0.007205917,0.00068337383,-0.0013575886,-0.0010071069,0.78035754,0.5473095,0.022926336,0.17752926,0.22531864,-0.009448844,-0.019766854,-0.045299698,-0.030671168,-0.036253974,1.0668609,1.1057117,1.1057117,1.1098024,1.1856436,0.99136066,0.99136066,0.98712957,0.98712957,0.98712957,1.039595,1.0793025,1.0561305,1.0780653,1.0989876,1.024297,1.0335208,1.019685,1.0272217,1.0303712,0.2,0.1,0.05,0.033333335,0.016666668,0.11442803,0.075551115,0.108535975,0.10491675,0.06483385,0.2,0.5,0.75,0.033333335,0.033333335,1.0,1.0,0.35,0.56666666,0.78333336,-0.8,-0.5,0.4,-0.53333336,-0.75,-0.61591995,0.46697813,0.48794058,0.4656179,0.554182,-0.8304271,-0.018867057,-0.10677121,-0.00674855,0.22733636,0.2,0.4,0.4,0.33333334,0.45,0.8,0.6,0.6,0.6,0.51666665,-0.6,-0.2,-0.2,-0.26666668,-0.06666667,0.05426398,0.41935474,0.3913044,0.37894735,0.4610035,0.94573605,0.58064526,0.60869557,0.6210527,0.53899646,-0.89147204,-0.16129051,-0.21739116,-0.24210532,-0.07799297,0.66681683,0.93817335,0.81300527,0.82457674,1.2282116,0.2078605,0.37760663,0.30142412,0.264105,0.6235284,1.1371886,0.8773507,1.07082,1.0513073,1.5985603,0.5507215,0.5758889,0.514722,0.4809994,0.45595422,0.44927847,0.42411113,0.485278,0.5190006,0.54404575,0.10144302,0.15177774,0.029443987,-0.038001183,-0.08809153
142,SH601360,-0.03365642666057395,0.0625,,,,SH601360,三六零,2026-10-08,-0.030201357,0.033557035,-0.9000008,0.0011185134,0.03333171,0.0022371628,0.066667475,-0.029082708,-0.86666507,1.0311419,1.0322952,0.9976932,1.0121055,1.0412426,1.006963,1.031066,1.0128548,0.9930369,1.0296733,1.0282271,1.0235404,1.0222818,1.0353687,0.01867613,0.022084195,0.018287547,0.02331171,0.038717307,-0.006427427,0.0014964888,0.0007341607,0.0006560893,-0.00019359041,0.29610142,0.042091582,0.05640783,0.06138741,0.0076253056,-0.01681843,-0.034961306,-0.030514963,-0.03179502,-0.029657755,1.064643,1.0669926,1.0721899,1.0996705,1.1550823,0.9976932,0.9908189,0.9837966,0.97597903,0.9483159,1.0361007,1.0433851,1.0358864,1.0369576,1.0671666,1.0257097,1.0047134,1.005142,1.0,1.004285,0.2,0.2,0.15,0.21666667,0.175,0.034456123,0.12052833,0.18331034,0.1942007,0.24996369,0.6,0.4,0.45,0.23333333,0.33333334,1.0,0.1,0.35,0.1,0.21666667,-0.4,0.3,0.1,0.13333334,0.11666667,0.37356278,0.5413092,0.4423337,0.7416137,0.48417568,0.57629955,0.67113686,0.70724225,0.7546303,0.5832414,0.2,0.4,0.35,0.4,0.5,0.6,0.5,0.55,0.53333336,0.46666667,-0.4,-0.1,-0.2,-0.13333334,0.033333335,0.24503309,0.4807122,0.44802865,0.48601404,0.5032945,0.7549669,0.51928777,0.5519714,0.513986,0.4967055,-0.5099338,-0.038575564,-0.10394271,-0.027971927,0.0065889973,1.0606476,1.1113601,1.1894033,1.2371142,1.2773763,0.28234154,0.29376584,0.4291782,0.6022959,0.5063795,0.80313617,0.6445402,0.9350771,1.5082384,1.2361873,0.53021026,0.45192495,0.48472723,0.49646217,0.49234402,0.46978974,0.5480751,0.51527274,0.50353783,0.507656,0.060420506,-0.09615011,-0.03054552,-0.0070756422,-0.015311956
143,SZ300803,-0.034992279154001854,0.0625,,,,,,2026-10-08,-0.031196808,0.0502931,-0.6203,0.013235059,0.26315853,0.0058612325,0.11654148,-0.038570635,-0.76691705,1.0322014,1.0458627,0.99395,1.0133975,1.1367545,1.0860841,1.1325936,1.0668516,1.076283,1.0513546,1.0799907,1.0970273,1.1055448,1.1010249,0.037921116,0.043697502,0.048302066,0.046639595,0.04401372,-0.022357844,-0.009313107,-0.0054319585,-0.0023712793,0.00016671547,0.86903566,0.4163776,0.44263887,0.20033535,0.0043759816,-0.0066389227,-0.038081788,-0.04542369,-0.07116123,-0.105942935,1.1367877,1.1535375,1.2188581,1.2188581,1.2188581,0.99395,0.99395,0.99395,0.99395,0.9758857,1.0732687,1.1135645,1.1389182,1.1441517,1.1371244,1.0279611,1.0495979,1.0544429,1.0655386,1.0666666,0.2,0.1,0.05,0.033333335,0.05,0.042355582,0.037910074,0.026899757,0.026899757,0.09924721,0.2,0.5,0.1,0.4,0.7,1.0,1.0,1.0,1.0,0.25,-0.8,-0.5,-0.9,-0.6,0.45,-0.10905116,0.627218,0.6987516,0.7549379,0.44216737,-0.6365696,0.2888305,0.3912802,0.556491,0.46310765,0.2,0.5,0.45,0.46666667,0.46666667,0.8,0.5,0.55,0.53333336,0.53333336,-0.6,0.0,-0.1,-0.06666667,-0.06666667,0.0781515,0.33249354,0.3719643,0.45603794,0.47432944,0.9218485,0.66750646,0.6280357,0.54396206,0.5256705,-0.843697,-0.33501288,-0.25607142,-0.0879241,-0.0513411,0.95344317,1.1338294,1.4353844,1.5576689,1.6512462,0.1254134,0.27953616,0.64418924,0.74013466,0.64344317,0.4627744,0.6281028,0.9374376,1.0474536,1.1612982,0.3406583,0.404265,0.48455572,0.4928477,0.49061206,0.6593417,0.595735,0.5154443,0.5071523,0.50938797,-0.3186834,-0.19147004,-0.030888548,-0.014304587,-0.0187759
144,SZ002241,-0.03509509531912801,0.0,,,,,,2026-10-08,-0.047827937,0.064501986,-0.74149555,0.01053091,0.1632649,0.0061431387,0.09523953,-0.05221571,-0.80952096,1.0502304,1.0612903,0.9935483,1.0203719,1.1267422,0.9921801,1.1124408,1.0129056,0.94055784,1.0560427,1.0741085,1.0605844,1.0688252,1.0574266,0.037188105,0.042769063,0.04332692,0.0405777,0.036315694,-0.022302713,-0.005021438,-0.00021880824,-0.00087740243,0.0004983037,0.89918137,0.1263596,0.00089264696,0.036234695,0.057424765,-0.011437198,-0.05151204,-0.05850575,-0.05610286,-0.07212651,1.1267276,1.1742091,1.1742091,1.1742091,1.1742091,0.9935483,0.9820283,0.9742075,0.9742075,0.93180424,1.0741028,1.1079288,1.096048,1.1012982,1.0913485,1.0401965,1.0455422,1.0232338,1.0263617,1.0237882,0.2,0.1,0.15,0.1,0.06666667,0.04844378,0.09351447,0.12896128,0.12896128,0.28132996,0.2,0.4,0.7,0.8,0.9,1.0,0.1,0.5,0.6666667,0.016666668,-0.8,0.3,0.2,0.13333334,0.8833333,0.08590808,0.6621167,0.6883246,0.6470694,0.4307775,-0.5768845,0.5399556,0.4600664,0.649115,0.64606583,0.0,0.4,0.35,0.46666667,0.48333332,1.0,0.6,0.65,0.53333336,0.51666665,-1.0,-0.2,-0.3,-0.06666667,-0.033333335,0.0,0.51402324,0.37185693,0.48992747,0.52532053,1.0,0.48597673,0.6281431,0.5100725,0.4746795,-1.0,0.02804654,-0.2562861,-0.020145047,0.050641015,0.86576605,1.2247782,0.9738916,1.0775234,1.1172924,0.2032731,0.6924908,0.5589254,0.57487255,0.5240904,0.811282,0.9233498,1.1359781,1.238294,1.2838689,0.35405806,0.5412809,0.49386764,0.5087644,0.5042598,0.6459419,0.4587191,0.50613236,0.4912356,0.49574015,-0.29188386,0.0825618,-0.012264719,0.01752875,0.008519701
145,SZ002179,-0.04951832953841648,0.0625,,,,,,2026-10-08,-0.0036035655,0.042042,-0.08571347,0.03303304,0.7857153,0.005405391,0.12857123,-0.031231215,-0.7428576,1.0036166,1.0367692,0.9945751,1.0177,1.0479198,1.0500178,1.0343612,1.0361625,1.2423103,1.0061479,1.03315,1.0370225,1.0364449,1.0431806,0.01525138,0.03128415,0.023305595,0.02391191,0.03896614,-0.006209183,-0.009066555,-0.0015025248,-0.00021130175,-0.00042177815,0.41437218,0.76992303,0.14547586,0.006051728,0.03573495,0.0062705358,0.0076495768,-0.02274851,-0.033380978,-0.030738074,1.0509338,1.0925189,1.0925189,1.0925189,1.2564692,0.98795134,0.98795134,0.98795134,0.9755818,0.96081245,1.0099996,1.0623213,1.0520684,1.0602708,1.0687819,0.9983136,1.0021694,1.0209177,1.0057203,1.0130161,0.4,0.2,0.1,0.1,0.1,0.19130166,0.11522361,0.11522361,0.20881462,0.13254404,0.2,0.4,0.7,0.8,0.016666668,0.6,0.8,0.9,0.13333334,0.13333334,-0.4,-0.4,-0.2,0.6666667,-0.11666667,-0.6756634,0.102055706,0.1922579,0.1321984,0.3691044,-0.44567254,0.14097194,0.19864506,0.25344485,0.13842909,0.2,0.3,0.45,0.43333334,0.43333334,0.8,0.7,0.55,0.53333336,0.55,-0.6,-0.4,-0.1,-0.1,-0.11666667,0.17538218,0.30328518,0.42941952,0.45626053,0.38558882,0.8246178,0.6967148,0.5705805,0.5437395,0.6144112,-0.64923567,-0.39342964,-0.14116098,-0.08747895,-0.22882232,0.8310977,0.8529323,0.8409664,0.8858105,1.1918463,0.192792,0.22907348,0.2299525,0.32693368,0.60510004,0.80698496,0.88953406,0.87060547,1.6918871,1.8414464,0.6790759,0.5447463,0.52022797,0.4881839,0.4693812,0.3209241,0.45525375,0.47977203,0.5118161,0.5306188,0.3581518,0.08949252,0.040455956,-0.023632217,-0.061237548
