,instrument,avg_score,pos_ratio,real_label,error,abs_error,code,name,datetime,KMID,KLEN,KMID2,KUP,KUP2,KLOW,KLOW2,KSFT,KSFT2,OPEN0,HIGH0,LOW0,VWAP0,ROC5,ROC10,ROC20,ROC30,ROC60,MA5,MA10,MA20,MA30,MA60,STD5,STD10,STD20,STD30,STD60,BETA5,BETA10,BETA20,BETA30,BETA60,RSQR5,RSQR10,RSQR20,RSQR30,RSQR60,RESI5,RESI10,RESI20,RESI30,RESI60,MAX5,MAX10,MAX20,MAX30,MAX60,MIN5,MIN10,MIN20,MIN30,MIN60,QTLU5,QTLU10,QTLU20,QTLU30,QTLU60,QTLD5,QTLD10,QTLD20,QTLD30,QTLD60,RANK5,RANK10,RANK20,RANK30,RANK60,RSV5,RSV10,RSV20,RSV30,RSV60,IMAX5,IMAX10,IMAX20,IMAX30,IMAX60,IMIN5,IMIN10,IMIN20,IMIN30,IMIN60,IMXD5,IMXD10,IMXD20,IMXD30,IMXD60,CORR5,CORR10,CORR20,CORR30,CORR60,CORD5,CORD10,CORD20,CORD30,CORD60,CNTP5,CNTP10,CNTP20,CNTP30,CNTP60,CNTN5,CNTN10,CNTN20,CNTN30,CNTN60,CNTD5,CNTD10,CNTD20,CNTD30,CNTD60,SUMP5,SUMP10,SUMP20,SUMP30,SUMP60,SUMN5,SUMN10,SUMN20,SUMN30,SUMN60,SUMD5,SUMD10,SUMD20,SUMD30,SUMD60,VMA5,VMA10,VMA20,VMA30,VMA60,VSTD5,VSTD10,VSTD20,VSTD30,VSTD60,WVMA5,WVMA10,WVMA20,WVMA30,WVMA60,VSUMP5,VSUMP10,VSUMP20,VSUMP30,VSUMP60,VSUMN5,VSUMN10,VSUMN20,VSUMN30,VSUMN60,VSUMD5,VSUMD10,VSUMD20,VSUMD30,VSUMD60
0,SH688521,0.24919743344391598,0.9166666666666666,,,,SH688521,芯原股份,2026-08-24,-0.044960413,0.0780295,-0.5761976,0.010079274,0.1291726,0.022989815,0.29462978,-0.032049872,-0.41074044,1.0470771,1.0576308,0.9759279,1.0084467,1.3417526,1.2614136,1.331614,1.6099846,1.4635361,1.0956955,1.1778489,1.1899562,1.2630914,1.4565784,0.10077494,0.1141623,0.107923605,0.14626494,0.29176497,-0.057031907,-0.02997819,-0.0025988116,-0.011440529,-0.008195392,0.8007017,0.6320869,0.020294799,0.47414744,0.24064286,0.018368298,-0.042947114,-0.16526745,-0.0972038,-0.2148143,1.3179177,1.3438872,1.3753706,1.6334046,2.2273805,0.9759279,0.9759279,0.9759279,0.9759279,0.9759279,1.1318156,1.2561841,1.2668802,1.3679593,1.740057,1.0460572,1.057619,1.0847148,1.130523,1.2485237,0.2,0.1,0.05,0.033333335,0.016666668,0.07038837,0.06542057,0.060264233,0.03661287,0.019235332,0.2,0.5,0.45,0.033333335,0.35,1.0,1.0,1.0,1.0,1.0,-0.8,-0.5,-0.55,-0.96666664,-0.65,0.79312575,0.015480929,-0.03201629,0.09226744,0.4922483,-0.23392908,0.27517128,0.17826188,0.15515164,0.11610705,0.2,0.3,0.4,0.33333334,0.48333332,0.8,0.7,0.6,0.6666667,0.51666665,-0.6,-0.4,-0.2,-0.33333334,-0.033333335,0.00017349228,0.23932837,0.3809037,0.34256598,0.44612882,0.9998265,0.7606716,0.6190963,0.65743405,0.55387115,-0.99965304,-0.52134323,-0.23819262,-0.31486806,-0.10774236,1.3641592,1.1616778,1.2074457,1.2358885,1.3587668,0.452619,0.40199262,0.31618646,0.3445515,0.3264385,0.9584874,1.2109244,0.8595489,0.8890666,0.85418016,0.41613767,0.45941192,0.52136487,0.47681502,0.48880246,0.5838623,0.5405881,0.4786351,0.52318496,0.5111975,-0.16772465,-0.08117614,0.042729773,-0.04636997,-0.02239507
1,SH688256,0.19522227377143211,1.0,,,,SH688256,寒武纪,2026-08-24,-0.0637198,0.08599037,-0.7410109,0.003864791,0.044944465,0.018405776,0.21404462,-0.049178816,-0.57191074,1.0680563,1.0721842,0.9803416,1.0084097,1.1929207,1.1598977,1.2806547,1.4343933,1.3518356,1.0789758,1.1122661,1.1318778,1.195301,1.3083918,0.07453415,0.06351594,0.061447725,0.111744866,0.15588322,-0.04152383,-0.013640798,-0.0037826719,-0.010053123,-0.0060397233,0.775933,0.42279077,0.13263366,0.6272614,0.45786262,0.0040718145,-0.050882444,-0.09594243,-0.04953072,-0.13021995,1.2073659,1.2073659,1.2651516,1.4715188,1.6717343,0.9803416,0.9803416,0.9803416,0.9803416,0.9803416,1.1071562,1.151228,1.1854081,1.2823018,1.4469811,1.034529,1.0630747,1.074187,1.106925,1.1561829,0.2,0.1,0.05,0.033333335,0.016666668,0.08659165,0.08659165,0.06902287,0.040023044,0.028433051,0.2,0.6,0.05,0.033333335,0.35,1.0,1.0,1.0,1.0,1.0,-0.8,-0.4,-0.95,-0.96666664,-0.65,-0.81772727,-0.60641545,-0.1653142,-0.29636508,-0.026481597,-0.9273188,-0.29289767,-0.3781855,-0.27391818,0.11049316,0.4,0.5,0.55,0.5,0.5,0.6,0.5,0.45,0.5,0.5,-0.2,0.0,0.1,0.0,0.0,0.12337219,0.2916877,0.36371028,0.3632978,0.4472904,0.8766278,0.70831233,0.6362897,0.6367022,0.55270964,-0.7532556,-0.41662464,-0.27257946,-0.2734044,-0.10541923,0.8194064,0.76181316,0.85182667,0.81388456,0.7981732,0.15310045,0.13788925,0.16721499,0.18042077,0.16836981,0.8466853,1.0068562,0.7344365,0.8007734,0.90547544,0.5968572,0.45333242,0.5622663,0.50423294,0.5076945,0.40314284,0.5466676,0.4377337,0.4957671,0.49230552,0.19371434,-0.093335144,0.12453257,0.008465854,0.015388947
2,SH688041,0.17880609549243082,1.0,,,,SH688041,海光信息,2026-08-24,-0.06174793,0.07695122,-0.8024295,0.0,0.0,0.0152032925,0.1975705,-0.046544638,-0.604859,1.0658116,1.0658116,0.9837962,1.0092353,1.2512838,1.258361,1.3586501,1.4947568,1.2727311,1.094567,1.1670479,1.197702,1.2644227,1.3189487,0.079925396,0.093557335,0.07962261,0.11968783,0.14145572,-0.04856082,-0.028012218,-0.007597154,-0.011396332,-0.0023966606,0.9228742,0.82177097,0.3186376,0.7026384,0.08755317,0.0025547133,-0.040992834,-0.12552907,-0.09917582,-0.24824725,1.2477956,1.2867293,1.3638972,1.5207808,1.712115,0.9837962,0.9837962,0.9837962,0.9837962,0.9837962,1.1429853,1.2440771,1.2528719,1.3667284,1.470375,1.0533725,1.0671643,1.1297113,1.1913087,1.2100548,0.2,0.1,0.05,0.033333335,0.016666668,0.06137835,0.053489827,0.04263036,0.030175624,0.022248285,0.2,0.3,0.05,0.033333335,0.48333332,1.0,1.0,1.0,1.0,1.0,-0.8,-0.7,-0.95,-0.96666664,-0.51666665,-0.09201881,-0.66021645,-0.4620508,0.25971088,0.45005077,-0.75262016,-0.17763083,-0.11803312,0.043358505,0.23866162,0.0,0.2,0.35,0.33333334,0.45,1.0,0.8,0.65,0.6666667,0.55,-1.0,-0.6,-0.3,-0.33333334,-0.1,0.0,0.11057654,0.26534542,0.304238,0.45138913,1.0,0.88942343,0.73465455,0.695762,0.54861087,-1.0,-0.7788469,-0.46930915,-0.391524,-0.09722176,0.9310236,0.7591331,0.7854238,0.87186563,1.1104552,0.12420072,0.22401679,0.19790421,0.24916023,0.37298927,0.6690861,1.0464803,0.80503935,0.8281191,0.81624603,0.6228155,0.6519792,0.55258363,0.47437823,0.4847422,0.37718448,0.3480208,0.44741637,0.5256218,0.5152578,0.24563104,0.30395842,0.10516727,-0.051243536,-0.030515596
3,SZ300308,0.1736052972087978,1.0,,,,,,2026-08-24,-0.07913231,0.1055343,-0.74982554,0.00500523,0.04742752,0.02139676,0.20274697,-0.06274078,-0.5945061,1.0859324,1.0913677,0.97676456,1.0186664,1.1503184,0.9935187,1.2375493,1.2732428,1.3343292,1.0574617,1.0657251,1.0635729,1.1243898,1.2564433,0.052939817,0.04864592,0.050299335,0.10557983,0.16644318,-0.02164524,-0.0016435506,0.00020871808,-0.008477857,-0.00797531,0.4179266,0.010463687,0.00060264795,0.49970302,0.70026594,-0.014171268,-0.05832917,-0.06555573,-0.0014608852,-0.021171555,1.1594778,1.1662223,1.1880792,1.3881325,1.6281873,0.97676456,0.97676456,0.9112982,0.9112982,0.9112982,1.0939999,1.0939999,1.0937475,1.2216966,1.4106047,1.0233321,1.0271795,1.0271795,1.0369817,1.0785877,0.2,0.1,0.15,0.1,0.05,0.12716885,0.12264174,0.32047644,0.1860223,0.123731546,0.2,0.5,0.3,0.06666667,0.25,1.0,1.0,0.15,0.43333334,0.71666664,-0.8,-0.5,0.15,-0.36666667,-0.46666667,-0.73190814,-0.34757954,-0.18072887,-0.26533172,-0.40291458,-0.5439763,-0.2268918,-0.36038566,-0.32734287,-0.26683888,0.4,0.7,0.6,0.56666666,0.56666666,0.6,0.3,0.4,0.43333334,0.43333334,-0.2,0.4,0.2,0.13333334,0.13333334,0.21009797,0.50778896,0.39569283,0.4243966,0.4487633,0.78990203,0.492211,0.6043072,0.57560337,0.5512367,-0.57980406,0.015577959,-0.20861438,-0.15120676,-0.10247337,0.7617428,0.76824427,1.0709305,1.0193682,0.91468894,0.19492017,0.1686877,0.39230007,0.3656481,0.29715493,0.9172515,0.92406696,0.9836592,0.98950887,1.0758165,0.5225536,0.43555894,0.52286494,0.50575286,0.50908214,0.47744638,0.564441,0.4771351,0.49424717,0.49091783,0.045107238,-0.12888208,0.04572982,0.011505686,0.018164324
4,SZ300394,0.16087872066965309,0.8333333333333334,,,,,,2026-08-24,-0.072076716,0.11135079,-0.64729416,0.0076614167,0.06880433,0.031612657,0.2839015,-0.048125476,-0.432197,1.0776753,1.0859318,0.96593183,1.0160384,1.1485366,0.89390695,0.8384379,1.0393182,1.3009676,1.0963295,1.058774,0.9268018,0.92184526,1.0603291,0.060811054,0.08700664,0.16425046,0.1434129,0.19560304,-0.03535099,0.014664501,0.025305932,0.0071730698,-0.0073526143,0.84484714,0.2604001,0.83080584,0.19388106,0.43095526,-0.025627427,-0.12476424,-0.16720814,-0.025854787,0.15657307,1.1823663,1.1823663,1.1823663,1.1823663,1.5004559,0.96593183,0.86925876,0.62344605,0.62344605,0.62344605,1.1230797,1.1191674,1.0970513,1.0772902,1.2511333,1.0756086,0.99242496,0.7293942,0.8338044,0.87164044,0.2,0.3,0.65,0.7,0.4,0.15740645,0.41756025,0.6737168,0.6737168,0.42936116,0.2,0.6,0.8,0.8666667,0.05,1.0,0.1,0.15,0.43333334,0.71666664,-0.8,0.5,0.65,0.43333334,-0.6666667,-0.5068684,0.56151867,0.12871625,0.15309642,0.28186148,-0.94626385,0.21724345,-0.100386314,-0.015398918,0.11664192,0.2,0.5,0.6,0.53333336,0.5,0.8,0.5,0.4,0.46666667,0.5,-0.6,0.0,0.2,0.06666667,0.0,0.104238145,0.61877465,0.5840449,0.4867129,0.4540934,0.89576185,0.38122538,0.41595513,0.5132871,0.5459066,-0.7915237,0.23754928,0.16808973,-0.026574207,-0.09181321,0.882765,0.85341555,0.8892065,0.80559236,0.8209099,0.100971684,0.15439443,0.1885018,0.22631599,0.19914837,1.0853848,0.7971336,0.9445253,0.94144106,0.83032435,0.51514053,0.5780857,0.58710206,0.5404338,0.48413247,0.48485944,0.42191428,0.41289797,0.45956615,0.51586753,0.030281113,0.15617143,0.17420407,0.0808677,-0.031735048
5,SZ300502,0.15291025198631153,0.9166666666666666,,,,,,2026-08-24,-0.074178085,0.112357005,-0.66019994,0.011213261,0.09980028,0.02696566,0.2399998,-0.05842569,-0.5200004,1.0801213,1.0922331,0.97087383,1.0096726,1.1327175,0.9699021,1.1917464,1.2439317,1.2231836,1.0348198,1.0485164,1.0223174,1.1010585,1.2099223,0.046878804,0.047252078,0.055276744,0.1299068,0.15164605,-0.012116422,-0.0020110342,0.004283665,-0.009981279,-0.0067246417,0.1670074,0.01660384,0.21019101,0.45752028,0.59975785,-0.01058695,-0.039466765,-0.06301224,0.04367006,-0.011545437,1.135121,1.14563,1.14563,1.4063588,1.5021111,0.97087383,0.96815467,0.84223247,0.84223247,0.84223247,1.077771,1.0895776,1.0757273,1.2126207,1.348155,0.99975705,1.003922,0.9840768,0.99975705,1.0286747,0.4,0.2,0.35,0.23333333,0.11666667,0.17733143,0.17943515,0.52000266,0.27966708,0.23908573,0.2,0.5,0.75,0.06666667,0.36666667,1.0,0.1,0.15,0.43333334,0.71666664,-0.8,0.4,0.6,-0.36666667,-0.35,-0.060894217,0.17425223,-0.34480026,-0.09851709,-0.1407973,0.12697543,0.07507205,-0.25175202,-0.15052524,-0.04976179,0.4,0.7,0.5,0.46666667,0.46666667,0.6,0.3,0.5,0.53333336,0.53333336,-0.2,0.4,0.0,-0.06666667,-0.06666667,0.26365948,0.53392524,0.41420922,0.43408117,0.46861404,0.7363405,0.46607473,0.5857908,0.56591886,0.53138596,-0.47268105,0.06785051,-0.1715816,-0.13183768,-0.06277191,0.88389635,0.9147537,1.1533854,1.1371288,1.0819553,0.20526475,0.17407067,0.35501638,0.34308258,0.28352296,0.72663605,0.72465324,1.0749567,0.9755931,0.97097445,0.4418549,0.43340397,0.51863724,0.5081442,0.5017626,0.5581451,0.56659603,0.48136276,0.4918558,0.49823734,-0.116290204,-0.13319205,0.03727449,0.016288407,0.0035253149
6,SZ301165,0.139237787930536,1.0,,,,,,2026-08-24,-0.066902824,0.09846231,-0.6794765,0.013283997,0.13491453,0.018275486,0.18560895,-0.061911337,-0.6287821,1.0716997,1.0859362,0.98041415,1.0198057,1.2769789,1.0457146,1.1271764,0.9049122,0.5561864,1.0784843,1.1338339,1.0540079,1.0273433,0.83456486,0.067313425,0.09374429,0.11186105,0.120138206,0.23603825,-0.031953912,-0.01455101,0.0116481595,0.008381993,0.012491296,0.5633583,0.2208554,0.37951148,0.3772541,0.85418135,-0.014576532,-0.068354286,-0.16466546,-0.14888212,-0.20305812,1.2881879,1.2881879,1.2881879,1.2881879,1.2881879,0.98041415,0.98041415,0.84988004,0.7679035,0.48188353,1.1128018,1.237438,1.1178485,1.1068888,1.0536463,1.0408782,1.061292,0.98219365,0.9042729,0.5579948,0.2,0.1,0.35,0.43333334,0.71666664,0.06363713,0.06363713,0.3424989,0.44609544,0.64258176,0.2,0.6,0.8,0.8666667,0.93333334,1.0,1.0,0.1,0.2,0.16666667,-0.8,-0.4,0.7,0.6666667,0.76666665,0.44168994,0.64911366,0.071862966,0.07906676,0.7933581,-0.13052452,0.4926069,0.4304275,0.4013279,0.43537098,0.4,0.6,0.55,0.6,0.56666666,0.6,0.4,0.45,0.4,0.43333334,-0.2,0.2,0.1,0.2,0.13333334,0.121407196,0.4632795,0.44880822,0.52749336,0.5823642,0.8785928,0.5367205,0.55119175,0.47250664,0.41763577,-0.7571856,-0.073441036,-0.10238355,0.054986704,0.16472845,1.0953336,1.2518256,1.3323746,1.4283501,1.1599985,0.20755285,0.26972333,0.2522401,0.30790162,0.52405375,0.7338092,0.98173606,0.87683004,0.89419,1.0427451,0.27136725,0.4630144,0.43265206,0.4686197,0.5181107,0.72863275,0.53698564,0.56734794,0.5313803,0.48188928,-0.4572655,-0.073971234,-0.13469587,-0.062760614,0.036221445
7,SZ300476,0.13763170772377856,0.9166666666666666,,,,,,2026-08-24,-0.03588853,0.07567294,-0.47425842,0.008578676,0.11336517,0.031205734,0.4123764,-0.01326147,-0.17524719,1.0372244,1.0461224,0.96763265,0.9952046,1.1265287,1.1673461,0.97412544,1.1143312,1.5041672,1.0342616,1.0765387,0.99262726,1.0007806,1.1697849,0.04035481,0.053152587,0.14269416,0.12640156,0.20859203,-0.01650694,-0.015164364,0.016051726,0.00280844,-0.009288037,0.41829488,0.74612397,0.4428933,0.038258426,0.60471725,-0.0012476946,-0.008299018,-0.14511864,-0.041502945,0.10421215,1.1358798,1.1742018,1.1742018,1.204045,1.5578792,0.96763265,0.96763265,0.7260443,0.7260443,0.7260443,1.0484564,1.1217287,1.1217287,1.1217287,1.3975112,1.0012428,1.0279014,0.82352215,0.90336174,0.9811201,0.2,0.1,0.4,0.5,0.25,0.19237986,0.1566901,0.61129326,0.5731282,0.32933906,0.2,0.3,0.65,0.033333335,0.016666668,1.0,1.0,0.15,0.43333334,0.71666664,-0.8,-0.7,0.5,-0.4,-0.7,0.07718505,0.6733226,0.16858913,0.091955006,0.2722579,-0.77499753,-0.2222167,0.10137624,0.014360903,0.13493827,0.4,0.4,0.5,0.46666667,0.48333332,0.6,0.6,0.5,0.53333336,0.51666665,-0.2,-0.2,0.0,-0.06666667,-0.033333335,0.17517734,0.24622324,0.5128368,0.46170112,0.4206754,0.82482266,0.7537768,0.48716316,0.5382989,0.5793246,-0.6496453,-0.5075535,0.025673667,-0.076597765,-0.1586492,1.1558915,1.4140646,1.7305293,1.6073159,1.654374,0.21291442,0.35175905,0.62128186,0.581095,0.48722902,1.0395912,0.8195069,1.1615661,1.1434083,1.0417048,0.2367873,0.30229983,0.5089007,0.4808168,0.47376335,0.7632127,0.6977002,0.49109933,0.51918316,0.52623665,-0.5264254,-0.39540035,0.017801356,-0.03836637,-0.05247331
8,SZ300408,0.13635580484449208,0.9166666666666666,,,,,,2026-08-24,-0.043126907,0.07887567,-0.54677075,0.008695639,0.11024488,0.027053123,0.34298438,-0.024769424,-0.3140312,1.0450706,1.0541582,0.97172755,0.997861,1.1947116,1.1648716,1.0241562,1.0262567,1.182129,1.0426738,1.1140159,1.0945365,1.0545968,1.1835097,0.05623712,0.084238425,0.089254014,0.10229243,0.17590535,-0.02368665,-0.02434289,0.003561251,0.0060434723,-0.0054102913,0.4435077,0.76548254,0.055720847,0.27051276,0.28852472,0.0046994514,-0.0044729044,-0.12836841,-0.14222714,-0.023906136,1.2222457,1.26465,1.26465,1.26465,1.6555088,0.97172755,0.97172755,0.9087667,0.78970134,0.78970134,1.0640581,1.1867336,1.1770959,1.1704277,1.3338495,1.00486,1.0200951,1.00486,0.968426,1.0200951,0.2,0.1,0.2,0.36666667,0.18333334,0.112855814,0.09651846,0.25635728,0.44278184,0.2428931,0.2,0.1,0.55,0.7,0.33333334,1.0,1.0,0.15,0.2,0.6,-0.8,-0.9,0.4,0.5,-0.26666668,0.22902948,0.36309195,-0.033462618,-0.0722216,0.095911495,-0.7399407,-0.32997793,-0.0018511614,0.11031655,0.085213065,0.4,0.6,0.6,0.53333336,0.46666667,0.6,0.4,0.4,0.46666667,0.53333336,-0.2,0.2,0.2,0.06666667,-0.06666667,0.14420103,0.25871003,0.48444173,0.4913108,0.47331128,0.85579896,0.74129,0.5155583,0.5086892,0.5266887,-0.7115979,-0.48257998,-0.031116553,-0.017378403,-0.053377442,1.1625543,1.243579,1.4438813,1.4419036,1.468925,0.35795367,0.32099858,0.3593705,0.33886608,0.28763118,1.086397,1.3534248,0.9895268,0.9776976,1.0192251,0.41121194,0.41526398,0.46055406,0.44602144,0.49104005,0.58878803,0.58473605,0.53944594,0.55397856,0.50895995,-0.17757611,-0.16947205,-0.0788919,-0.107957155,-0.017919898
9,SH603986,0.1359697927349163,0.9166666666666666,,,,SH603986,兆易创新,2026-08-24,-0.057559825,0.06798032,-0.84671307,0.0013334538,0.01961529,0.00908704,0.13367163,-0.04980624,-0.7326567,1.0610753,1.0624902,0.990358,1.0140141,1.1633383,1.0559918,1.1372163,1.4431674,1.2236289,1.0662202,1.0784742,1.0359666,1.114613,1.3530694,0.05164221,0.0469246,0.067652516,0.14835659,0.33582005,-0.02746178,-0.004255764,0.007022619,-0.009820467,-0.010414389,0.70694846,0.075398974,0.37713626,0.33958796,0.2933284,-0.011296599,-0.059323285,-0.10268154,0.027783677,-0.045845013,1.1942836,1.1942836,1.1942836,1.5932217,2.218357,0.990358,0.990358,0.8832437,0.8832437,0.8832437,1.0862942,1.1039455,1.0845922,1.2006227,1.6543455,1.0457792,1.0565894,0.98805124,1.0070004,1.0576613,0.2,0.1,0.3,0.2,0.1,0.047282103,0.047282103,0.37537408,0.16445066,0.08745051,0.2,0.6,0.8,0.06666667,0.33333334,1.0,1.0,0.3,0.53333336,0.76666665,-0.8,-0.4,0.5,-0.46666667,-0.43333334,0.33646986,0.42627522,-0.37460518,-0.04546064,-0.106103405,-0.6691766,-0.2047224,0.025220277,-0.0028096829,0.04550685,0.2,0.4,0.45,0.4,0.45,0.8,0.6,0.55,0.6,0.55,-0.6,-0.2,-0.1,-0.2,-0.1,0.07567161,0.41981244,0.4245152,0.3650308,0.4744649,0.9243284,0.58018756,0.5754848,0.6349692,0.5255351,-0.8486568,-0.1603751,-0.15096961,-0.26993838,-0.05107021,1.0795327,1.0972213,1.3468256,1.3639034,1.2694994,0.3229205,0.23616308,0.38742706,0.3392443,0.30746636,1.095235,0.96512896,0.81217694,0.76210433,0.7148804,0.36088142,0.4057992,0.46285087,0.46683738,0.49005046,0.63911855,0.5942008,0.53714913,0.53316265,0.50994956,-0.27823713,-0.18840158,-0.07429828,-0.066325255,-0.019899072
10,SH600183,0.1307712256806388,0.9166666666666666,,,,SH600183,生益科技,2026-08-24,-0.0491606,0.08808249,-0.55812,0.008808261,0.100000136,0.030113632,0.34187987,-0.027855227,-0.31624022,1.0517023,1.060966,0.9683294,0.99686396,1.1440198,1.0971485,0.9975446,1.0645291,1.1071879,1.029706,1.0753989,1.0009378,1.0194745,1.1358202,0.047575194,0.060803656,0.117502265,0.11170645,0.16919766,-0.014956617,-0.0138972625,0.013323095,0.00050037476,-0.0052820994,0.24708454,0.47886223,0.44997236,0.00155502,0.2972516,0.00020717805,-0.012861291,-0.12750725,-0.026729982,0.020001804,1.1517804,1.2026902,1.2026902,1.269201,1.5192422,0.9683294,0.9683294,0.7720528,0.7720528,0.7720528,1.0619293,1.1339198,1.1111017,1.1245754,1.2793638,0.9985577,0.99996793,0.8821855,0.93148154,0.99760866,0.6,0.3,0.5,0.5,0.25,0.17263784,0.13513598,0.52932507,0.45850945,0.30507284,0.2,0.3,0.65,0.06666667,0.25,1.0,1.0,0.15,0.43333334,0.71666664,-0.8,-0.7,0.5,-0.36666667,-0.46666667,0.29306102,0.4598932,0.20122747,0.29351354,0.17865887,-0.08670811,0.26662967,0.2506487,0.16445757,0.0556593,0.4,0.5,0.5,0.46666667,0.5,0.6,0.5,0.5,0.53333336,0.5,-0.2,0.0,0.0,-0.06666667,0.0,0.22312945,0.37295082,0.50126344,0.48025376,0.48369038,0.77687055,0.6270492,0.49873656,0.51974624,0.5163096,-0.5537411,-0.25409836,0.0025268996,-0.039492503,-0.032619257,1.0719529,1.1024619,1.1400398,1.1614276,1.206317,0.11825595,0.12890603,0.19603544,0.2025607,0.25410414,0.78131,0.91203994,0.70871943,0.65998137,0.6913269,0.32467076,0.37164232,0.51147956,0.47739154,0.4756098,0.6753292,0.62835765,0.48852047,0.52260846,0.5243902,-0.35065845,-0.25671536,0.02295908,-0.045216918,-0.048780385
11,SH600176,0.12174543866375631,0.9166666666666666,,,,SH600176,中国巨石,2026-08-24,-0.071711324,0.11525026,-0.62222266,0.012339896,0.10707043,0.031199044,0.27070692,-0.052852176,-0.45858616,1.0772511,1.0905442,0.9663908,1.0075535,1.1617787,1.0855312,1.0300984,1.2573384,1.0559337,1.0474075,1.0720102,1.0231137,1.0473806,1.1988103,0.048779376,0.05051229,0.08226495,0.11406038,0.28553513,-0.02157093,-0.0075342464,0.008687552,-0.0022821436,-0.004410904,0.4888834,0.20393744,0.3903311,0.031025445,0.07278401,-0.0042656446,-0.038106,-0.10564549,-0.014289468,-0.06868868,1.1815952,1.1815952,1.1815952,1.4045675,1.9363002,0.9663908,0.9663908,0.84575033,0.84575033,0.84575033,1.0688282,1.115979,1.0916435,1.1131642,1.4658698,1.0138474,1.0345669,0.94783384,0.9595239,0.96287787,0.2,0.1,0.4,0.4,0.33333334,0.1561734,0.1561734,0.45928842,0.2760289,0.14144212,0.2,0.6,0.8,0.06666667,0.31666666,1.0,1.0,0.3,0.53333336,0.76666665,-0.8,-0.4,0.5,-0.46666667,-0.45,-0.052736696,0.36591873,-0.20995475,-0.23592024,-0.07008224,-0.5779529,-0.23316051,0.20776689,0.31895298,0.12073256,0.4,0.5,0.55,0.46666667,0.51666665,0.6,0.5,0.45,0.53333336,0.48333332,-0.2,0.0,0.1,-0.06666667,0.033333335,0.15728188,0.39635265,0.4845757,0.428071,0.49302977,0.8427181,0.60364735,0.5154243,0.571929,0.5069702,-0.68543625,-0.2072947,-0.030848637,-0.14385799,-0.013940465,0.9822011,1.0302874,1.1780437,1.0894957,0.98009557,0.13982385,0.13217674,0.22964884,0.24574406,0.2332321,0.903309,0.7853,0.67097616,0.629911,0.6416526,0.39569,0.40153888,0.5013103,0.50426,0.51423335,0.60431004,0.5984611,0.49868968,0.49574,0.48576665,-0.20862004,-0.19692221,0.0026206092,0.008520022,0.028466698
12,SZ002384,0.10879592034264336,0.9166666666666666,,,,,,2026-08-24,-0.05620828,0.111929014,-0.50217795,0.018671088,0.16681187,0.037049647,0.33101022,-0.03782972,-0.33797958,1.0595558,1.0793389,0.96074384,1.0103357,1.1242771,0.9604362,1.0945226,1.222628,1.1004626,1.0364357,1.0445713,0.9880376,1.0577172,1.1446538,0.04040935,0.04139891,0.07673381,0.13845702,0.15183365,-0.018832313,-0.0014560616,0.009342942,-0.00797309,-0.004617927,0.5429798,0.01133948,0.51887393,0.25699523,0.28213564,0.0012288778,-0.038018964,-0.076795526,0.05789263,-0.008424936,1.1290275,1.1355891,1.1355891,1.4466928,1.4466928,0.96074384,0.95098317,0.8357436,0.8357436,0.8357436,1.051798,1.0687789,1.0397013,1.1243494,1.2948169,1.0144632,1.0147424,0.92790514,0.96762425,1.0071784,0.2,0.1,0.5,0.33333334,0.18333334,0.23327383,0.26552138,0.5478034,0.2688544,0.2688544,0.2,0.5,0.75,0.06666667,0.53333336,1.0,0.1,0.15,0.43333334,0.71666664,-0.8,0.4,0.6,-0.36666667,-0.18333334,-0.54536235,-0.31144327,-0.59603494,0.21092203,-0.024433076,-0.6580817,-0.33334297,0.09549002,0.19659406,0.07910357,0.4,0.7,0.55,0.53333336,0.53333336,0.6,0.3,0.45,0.46666667,0.46666667,-0.2,0.4,0.1,0.06666667,0.06666667,0.12429977,0.5600844,0.4480945,0.43207267,0.48601612,0.87570024,0.43991557,0.5519055,0.5679273,0.51398385,-0.7514005,0.12016886,-0.10381104,-0.13585463,-0.027967747,0.7953037,0.88836735,1.1016651,1.217336,1.1703764,0.16062756,0.18411751,0.31383094,0.35102668,0.30841044,1.0582068,0.8122496,0.723942,0.67185354,0.66758436,0.5295447,0.42039436,0.49412,0.48724636,0.5009692,0.47045526,0.57960564,0.50588,0.51275367,0.49903086,0.059089456,-0.15921126,-0.011760015,-0.025507282,0.0019383039
13,SH600118,0.10438871857529283,1.0,,,,SH600118,中国卫星,2026-08-24,-0.04038774,0.05411954,-0.7462691,0.00048463544,0.008954907,0.013247165,0.244776,-0.02762521,-0.510448,1.0420876,1.0425926,0.98619527,1.0047731,1.1592646,1.1638042,1.0050561,1.5361134,1.2949071,1.0755923,1.0948515,1.0657269,1.0732259,1.2061955,0.06971024,0.05519543,0.074836366,0.096455984,0.16105917,-0.041431826,-0.008419676,0.0064930054,-0.00043367886,-0.006246084,0.8831103,0.2133025,0.26347184,0.0015666784,0.45871666,0.0072713397,-0.056962937,-0.12741037,-0.06693747,-0.021935951,1.2252575,1.2252575,1.2252575,1.474504,1.6663953,0.98619527,0.98619527,0.9217158,0.9208921,0.9208921,1.141553,1.1410822,1.1404762,1.1568408,1.3653717,1.0274801,1.0432348,0.9950849,1.0009457,1.0338098,0.2,0.1,0.25,0.2,0.1,0.05774525,0.05774525,0.2579026,0.1428941,0.10611339,0.4,0.7,0.85,0.033333335,0.5,1.0,1.0,0.15,0.2,0.6,-0.6,-0.3,0.7,-0.16666667,-0.1,0.23140112,-0.17104843,0.35481527,0.19337678,0.4751757,0.08802152,-0.16155371,-0.043100845,-0.016096057,0.3050364,0.4,0.6,0.65,0.53333336,0.5,0.6,0.4,0.35,0.46666667,0.5,-0.2,0.2,0.3,0.06666667,0.0,0.072293654,0.27895445,0.4963604,0.30858445,0.44473937,0.92770636,0.72104555,0.50363964,0.69141555,0.55526066,-0.85541266,-0.4420911,-0.0072792326,-0.38283107,-0.110521264,1.4689898,1.2734632,1.1787685,1.2552372,1.4099135,0.710304,0.5773666,0.44829196,0.48491243,0.6014896,1.1866083,1.1657976,1.0146962,0.9981416,1.0157598,0.5245085,0.449134,0.520854,0.372513,0.49386087,0.47549152,0.550866,0.479146,0.627487,0.50613916,0.049016938,-0.10173199,0.041708007,-0.254974,-0.012278275
14,SH688183,0.10366221176735921,0.8333333333333334,,,,SH688183,生益电子,2026-08-24,-0.04392524,0.07327106,-0.5994896,0.004672879,0.063775234,0.024672942,0.33673516,-0.023925176,-0.32652968,1.0459433,1.0508308,0.9741935,1.0024562,1.1561903,1.0979713,1.0051851,1.085145,1.3433094,1.0409352,1.0748203,1.028177,1.0472361,1.1393842,0.04915187,0.053740356,0.09742143,0.10775878,0.13250244,-0.020258343,-0.01053508,0.009846389,-0.00094504363,-0.0048835822,0.42468578,0.35227838,0.35753047,0.0059607383,0.4143135,-0.00041844003,-0.027412465,-0.1217177,-0.03353296,0.004681544,1.174591,1.174591,1.1866342,1.3098661,1.5047735,0.9741935,0.9741935,0.79671454,0.79671454,0.79671454,1.0656964,1.1242063,1.102738,1.1242063,1.2497407,1.0085145,1.0185754,0.92995536,0.9764031,1.0095515,0.2,0.1,0.3,0.33333334,0.16666667,0.12877657,0.12877657,0.52135223,0.39615098,0.28710246,0.2,0.6,0.5,0.1,0.21666667,1.0,1.0,0.15,0.43333334,0.71666664,-0.8,-0.4,0.35,-0.33333334,-0.5,-0.014869136,0.40997234,-0.21305627,0.225122,0.61872643,-0.43936256,-0.077996016,0.18085593,0.29561552,0.3965731,0.4,0.5,0.6,0.53333336,0.48333332,0.6,0.5,0.4,0.46666667,0.51666665,-0.2,0.0,0.2,0.06666667,-0.033333335,0.17220332,0.3642552,0.49752715,0.47575885,0.45281792,0.8277967,0.6357448,0.5024729,0.52424115,0.5471821,-0.65559334,-0.2714896,-0.004945725,-0.048482295,-0.094364144,1.0476983,1.1146377,1.3342896,1.4386889,1.8226281,0.25598636,0.27823654,0.3612404,0.4280101,0.7116359,1.0246547,1.0352228,1.0410271,0.9983124,0.8436101,0.329296,0.40708745,0.5023826,0.48498163,0.4364252,0.670704,0.59291255,0.49761742,0.5150184,0.5635748,-0.34140804,-0.18582514,0.004765178,-0.03003677,-0.12714955
15,SH600584,0.10082242378541872,0.9166666666666666,,,,SH600584,长电科技,2026-08-24,-0.06059059,0.08006615,-0.75675666,0.0,0.0,0.019475559,0.24324335,-0.04111503,-0.51351327,1.0644985,1.0644985,0.9792683,1.009566,1.1632698,1.0639362,1.1158429,1.3421364,1.1105611,1.0704793,1.0748403,1.0159053,1.0645179,1.1269853,0.05678355,0.04948593,0.09130455,0.11518948,0.1560272,-0.030361427,-0.0022279115,0.009897029,-0.0043247263,-0.0016692372,0.71472555,0.018579923,0.4112377,0.109242916,0.03490883,-0.009756362,-0.06481466,-0.109927,-0.0018093786,-0.07774279,1.1856186,1.1856186,1.1856186,1.4234371,1.5429374,0.9792683,0.9792683,0.8243854,0.8243854,0.8243854,1.0930561,1.0930561,1.0650036,1.1495146,1.2842343,1.0426979,1.0531844,0.92571,0.99425346,1.0164266,0.2,0.1,0.35,0.23333333,0.16666667,0.10046849,0.10046849,0.48615295,0.29315433,0.24440067,0.2,0.6,0.8,0.06666667,0.48333332,1.0,1.0,0.25,0.5,0.75,-0.8,-0.4,0.55,-0.43333334,-0.26666668,0.45654866,0.6062847,-0.042167947,0.47555307,0.48709455,-0.8834708,0.24471462,0.2888515,0.47428393,0.20090981,0.2,0.4,0.5,0.5,0.5,0.8,0.6,0.5,0.5,0.5,-0.6,-0.2,0.0,0.0,0.0,0.1120894,0.40668392,0.43576932,0.39197028,0.48373103,0.8879106,0.5933161,0.5642307,0.6080297,0.51626897,-0.7758212,-0.18663217,-0.12846139,-0.21605943,-0.032537915,1.1473963,1.1903447,1.348354,1.5438842,1.7654774,0.23322861,0.2609423,0.32783943,0.4550009,0.5214812,1.0985249,1.3088603,0.9086424,0.8640031,0.7402221,0.18531127,0.45183706,0.47359085,0.43636978,0.4570235,0.81468874,0.54816294,0.52640915,0.5636302,0.5429765,-0.6293775,-0.09632587,-0.052818302,-0.12726048,-0.08595303
16,SZ301308,0.09585330843445325,0.8333333333333334,,,,,,2026-08-24,-0.03973683,0.0661053,-0.60111415,0.0026052778,0.03941103,0.02376319,0.3594748,-0.018578919,-0.28105038,1.0413812,1.0440943,0.97525346,0.9982873,1.1489592,1.1304406,1.0246553,1.43063,1.507813,1.0500027,1.0880346,1.0279292,1.0682824,1.3349851,0.047795355,0.053892747,0.09065892,0.12915082,0.31194037,-0.025452835,-0.014754193,0.009987824,-0.0040916023,-0.012201353,0.7089914,0.6870395,0.42480415,0.0777847,0.46663,0.0009029544,-0.021640738,-0.1228135,-0.008954183,0.02495478,1.161886,1.2112887,1.2112887,1.5264555,2.0550256,0.97525346,0.97525346,0.84407514,0.84407514,0.84407514,1.0604758,1.1371398,1.1297486,1.1371398,1.6351177,1.0308625,1.0386429,0.9269154,0.99018115,1.0314139,0.2,0.1,0.35,0.23333333,0.11666667,0.132595,0.10484256,0.42461634,0.22850138,0.12876238,0.2,0.1,0.55,0.06666667,0.36666667,1.0,1.0,0.1,0.4,0.7,-0.8,-0.9,0.45,-0.33333334,-0.33333334,0.4979197,0.74325323,0.06110998,0.038423054,0.1506559,-0.50605077,-0.12076876,0.22419047,0.11490178,0.26500747,0.4,0.5,0.6,0.5,0.55,0.6,0.5,0.4,0.5,0.45,-0.2,0.0,0.2,0.0,0.1,0.02922076,0.27438512,0.4843256,0.36133018,0.43712172,0.97077924,0.72561485,0.5156744,0.6386698,0.56287825,-0.9415585,-0.45122975,-0.031348795,-0.27733964,-0.12575653,1.1001425,1.415117,1.6226187,1.6004044,1.5834562,0.3138844,0.46749964,0.4636701,0.4226826,0.39117175,1.280879,0.9303211,0.85890365,0.9037485,0.810107,0.1861872,0.2954564,0.49095464,0.47900563,0.48939687,0.8138128,0.7045436,0.50904536,0.52099437,0.51060313,-0.6276256,-0.40908718,-0.018090745,-0.041988708,-0.021206263
17,SZ000988,0.09303183175095311,0.9166666666666666,,,,,,2026-08-24,-0.027843116,0.06133008,-0.45398793,0.009970844,0.16257672,0.02351612,0.38343537,-0.014297838,-0.2331293,1.0286405,1.0388969,0.97581035,1.0017217,1.0997616,1.0031967,1.0813755,1.4924053,1.4675121,1.0229504,1.0345638,0.99858415,1.0584793,1.3026828,0.03724868,0.036806863,0.055209387,0.13672748,0.2739929,-0.012355763,-0.0022971188,0.0062494357,-0.007848042,-0.0128538525,0.275079,0.035704315,0.4484601,0.25533643,0.6712555,0.0017610756,-0.024226746,-0.05795378,0.055317324,0.07650593,1.1086578,1.1086578,1.1086578,1.5481377,1.8157729,0.97494,0.97494,0.8730559,0.8730559,0.8730559,1.0431921,1.0664964,1.0336908,1.0955207,1.5487194,0.99806494,1.0034881,0.9714202,0.9737411,1.0072957,0.4,0.2,0.5,0.33333334,0.16666667,0.18740968,0.18740968,0.5388077,0.18804258,0.13465771,0.2,0.6,0.8,0.033333335,0.35,0.4,0.7,0.15,0.43333334,0.71666664,-0.2,-0.1,0.65,-0.4,-0.36666667,0.16267559,0.47195044,-0.04449307,0.16325366,0.42860472,-0.7080374,-0.08679936,-0.018673355,0.1262854,0.28199658,0.4,0.7,0.55,0.5,0.51666665,0.6,0.3,0.45,0.5,0.48333332,-0.2,0.4,0.1,0.0,0.033333335,0.23108299,0.49433306,0.4424497,0.3294414,0.43018436,0.768917,0.505667,0.5575503,0.6705586,0.56981564,-0.537834,-0.011333911,-0.11510062,-0.34111717,-0.13963126,1.2462088,1.448984,1.7172496,1.7638597,1.9411097,0.30285382,0.3711974,0.5461213,0.54990196,0.5641294,1.0961446,1.0062824,0.9326141,0.89429736,0.83558977,0.14538589,0.38954788,0.49273765,0.47607353,0.45785052,0.8546141,0.6104521,0.50726235,0.5239265,0.5421495,-0.7092282,-0.22090422,-0.014524696,-0.04785295,-0.084298976
18,SH601838,0.0787994435510204,0.9166666666666666,,,,SH601838,成都银行,2026-08-24,0.014508301,0.020419091,0.7105263,0.0016120335,0.078947365,0.004298756,0.21052632,0.017195024,0.84210527,0.9856992,1.001589,0.9814619,0.9971427,0.9552239,0.95877755,0.9644635,0.95451313,0.9374556,0.98024166,0.9695451,0.96808815,0.9685264,0.95926327,0.017417638,0.016300453,0.015680928,0.014458756,0.026611984,0.010589899,0.0043742317,0.00024955632,9.431566e-05,0.00026472245,0.9241557,0.6601089,0.008864651,0.0032976721,0.030180532,-0.0014214648,0.010770803,0.029541057,0.030105976,0.03292745,1.001589,1.001589,1.001589,1.001589,1.0152558,0.95079863,0.94833654,0.9412241,0.937663,0.88196015,0.99033403,0.98535895,0.9810235,0.98031276,0.9792467,0.97078896,0.95636106,0.95486856,0.95636106,0.9438522,1.0,1.0,1.0,1.0,0.96666664,0.96871495,0.9701614,0.9736771,0.97514343,0.8855492,1.0,1.0,1.0,1.0,0.16666667,0.2,0.5,0.45,0.033333335,0.33333334,0.8,0.5,0.55,0.96666664,-0.16666667,0.13702533,0.6717422,0.47124648,0.27783227,0.21588987,0.1787212,0.3584774,0.13104314,-0.027752722,0.16227531,0.8,0.7,0.6,0.53333336,0.53333336,0.2,0.3,0.4,0.46666667,0.46666667,0.6,0.4,0.2,0.06666667,0.06666667,0.96323484,0.853658,0.6190474,0.58465606,0.5481928,0.036765173,0.14634196,0.3809526,0.41534394,0.45180723,0.9264696,0.7073161,0.2380948,0.16931213,0.09638554,1.0145497,0.7627417,0.8553884,0.90009415,0.974602,0.21644595,0.30425224,0.28959998,0.27486762,0.26905546,1.0157458,1.5316439,1.0870541,1.0100471,0.9367095,0.65994376,0.5406836,0.4860064,0.49038845,0.49195808,0.34005624,0.45931637,0.51399356,0.50961155,0.5080419,0.31988752,0.08136723,-0.027987178,-0.019223088,-0.016083864
19,SZ002837,0.07682262037284322,0.9166666666666666,,,,,,2026-08-24,-0.0152877495,0.06600721,-0.23160727,0.010791371,0.16348776,0.03992809,0.60490495,0.01384897,0.20980994,1.0155251,1.026484,0.95945203,0.996406,1.0719655,1.0089501,1.1189034,1.2233759,1.276159,0.9934558,1.0116502,0.97559583,1.0305054,1.1800299,0.036170598,0.036194865,0.06332694,0.10528655,0.18343292,-0.007505784,-0.0044084745,0.005864647,-0.0063073193,-0.0076125055,0.10765166,0.135986,0.30017525,0.27812853,0.5252917,0.021555727,0.008187909,-0.031309966,0.06095074,0.044539098,1.0754277,1.0754277,1.0955231,1.3075773,1.6381623,0.9464775,0.9464775,0.83689415,0.83689415,0.83689415,1.0103002,1.0444916,1.0214074,1.1073939,1.345095,0.9655093,0.98413867,0.94519806,0.9598124,1.0055511,0.8,0.5,0.6,0.4,0.2,0.4150636,0.4150636,0.63065577,0.34653008,0.20355964,0.2,0.6,0.05,0.033333335,0.3,0.6,0.8,0.25,0.5,0.75,-0.4,-0.2,-0.2,-0.46666667,-0.45,0.12740406,0.24050014,-0.27369756,0.051011056,0.69287384,-0.08569038,0.055704806,0.0041951207,0.08687502,0.29735956,0.6,0.6,0.55,0.56666666,0.55,0.4,0.4,0.45,0.43333334,0.45,0.2,0.2,0.1,0.13333334,0.1,0.26151803,0.4824389,0.41753703,0.4102779,0.4504482,0.73848194,0.51756114,0.58246297,0.5897221,0.54955184,-0.47696394,-0.035122234,-0.16492592,-0.17944422,-0.09910365,0.8623526,0.8596426,0.9500066,0.99000657,1.2427586,0.14735569,0.14126663,0.1769919,0.24054062,0.45056015,1.212615,1.0380992,0.93746495,0.95639694,0.8365228,0.53056705,0.5569524,0.5315394,0.47657734,0.4732499,0.46943295,0.44304755,0.46846062,0.52342266,0.5267501,0.06113408,0.11390486,0.06307879,-0.046845343,-0.053500183
20,SZ002202,0.07174129266823658,1.0,,,,,,2026-08-24,-0.031745978,0.05820104,-0.5454538,0.010582025,0.18181849,0.015873037,0.27272773,-0.026454965,-0.45454454,1.0327868,1.0437158,0.9836065,1.005862,1.1890986,1.1847174,0.98221767,1.0969653,1.2674441,1.1078796,1.1221441,1.0914954,1.0521551,1.1327728,0.09209094,0.067916125,0.08079591,0.0894415,0.111946955,-0.05607242,-0.008356221,0.006906384,0.007088935,-0.003251395,0.9268402,0.13876677,0.2557354,0.48683923,0.25728515,0.0042652204,-0.08454116,-0.15710601,-0.15494467,-0.03685661,1.3229812,1.3229812,1.3229812,1.3229812,1.3562266,0.9836065,0.9836065,0.9481738,0.89887595,0.89887595,1.2029766,1.1918304,1.1855936,1.1437407,1.221996,1.0389149,1.077044,0.99904644,0.9744603,1.004845,0.2,0.1,0.25,0.4,0.2,0.04830491,0.04830491,0.13827412,0.23844096,0.2211084,0.4,0.7,0.85,0.9,0.36666667,1.0,1.0,0.1,0.2,0.6,-0.6,-0.3,0.75,0.7,-0.23333333,0.50230014,0.10701021,0.5840825,0.636911,0.48109728,0.6343664,0.22637045,0.2762085,0.20745224,0.34822598,0.4,0.5,0.6,0.53333336,0.51666665,0.6,0.4,0.35,0.43333334,0.46666667,-0.2,0.1,0.25,0.1,0.05,0.06749208,0.2776486,0.5135586,0.4504902,0.44167486,0.93250793,0.72235143,0.48644134,0.5495098,0.5583251,-0.8650158,-0.44470283,0.027117288,-0.0990196,-0.11665025,1.6599482,1.3674971,1.1733159,1.039098,1.1105857,0.8655063,0.7003056,0.5688802,0.50874823,0.48812634,1.3339468,1.2271866,1.2771965,1.2320513,1.1333197,0.5117658,0.4683103,0.5298384,0.47497812,0.49891242,0.4882342,0.5316897,0.4701616,0.52502185,0.5010876,0.0235316,-0.06337941,0.059676804,-0.050043758,-0.002175181
21,SZ002916,0.0716715721549863,0.9166666666666666,,,,,,2026-08-24,-0.038555186,0.07548758,-0.5107488,0.009988555,0.13232051,0.026943834,0.3569307,-0.021599907,-0.2861386,1.0401013,1.0504904,0.9719757,0.99887365,1.1433898,1.083733,1.0285529,1.145389,1.1972454,1.0317271,1.0732623,1.0196608,1.0212553,1.1155162,0.047870226,0.055562165,0.09251779,0.08564884,0.12735392,-0.018078575,-0.014192216,0.0094861165,0.002007439,-0.0037460139,0.35656393,0.5980721,0.3679548,0.042573895,0.26388454,0.004430106,-0.009397417,-0.10977888,-0.050363086,-0.0050088335,1.143679,1.1724341,1.1724341,1.2114781,1.410156,0.9719757,0.9719757,0.8276605,0.8276605,0.8276605,1.056284,1.1135296,1.1085525,1.1015933,1.2431408,1.0006967,1.003363,0.9244944,0.9629696,1.0006967,0.2,0.1,0.35,0.4,0.2,0.16321363,0.13980111,0.49986273,0.44901395,0.29586408,0.2,0.3,0.65,0.033333335,0.36666667,1.0,1.0,0.15,0.43333334,0.71666664,-0.8,-0.7,0.5,-0.4,-0.35,-0.31498456,-0.09564146,-0.39397654,-0.052705564,0.3274481,-0.7304403,-0.4140548,0.101916544,0.2255967,0.15086149,0.4,0.6,0.55,0.46666667,0.48333332,0.6,0.4,0.45,0.53333336,0.51666665,-0.2,0.2,0.1,-0.06666667,-0.033333335,0.18380484,0.37385902,0.48379508,0.44642115,0.466427,0.8161952,0.626141,0.51620495,0.55357885,0.533573,-0.6323903,-0.25228196,-0.032409854,-0.10715773,-0.067145996,1.2040029,1.2022196,1.4149672,1.5368164,1.7292391,0.35552168,0.28636578,0.36499357,0.46894813,0.46925205,1.187246,1.2407818,0.93140846,0.84082437,0.75571394,0.4485411,0.4179201,0.4766449,0.42981583,0.47814092,0.5514589,0.5820799,0.5233551,0.5701842,0.5218591,-0.10291779,-0.16415976,-0.046710208,-0.14036831,-0.043718167
22,SZ000938,0.0714488743890798,0.75,,,,,,2026-08-24,-0.053772267,0.06995879,-0.76862776,0.0008230256,0.011764434,0.015363497,0.21960782,-0.039231796,-0.5607844,1.056828,1.0576979,0.9837634,1.0080057,1.1895964,1.0910307,1.2023578,1.1133528,0.82843137,1.0505509,1.0905607,1.0747468,1.0988765,0.9686983,0.052912895,0.06435407,0.069405265,0.0842883,0.16147475,-0.024380168,-0.011484312,0.0009340596,-0.0020786882,0.0073313783,0.53075045,0.29192373,0.00633917,0.047135245,0.62872666,-0.0017906204,-0.038881272,-0.08362038,-0.06873549,-0.184974,1.1852431,1.2084391,1.2635273,1.3279272,1.3279272,0.9837634,0.9837634,0.9478031,0.9478031,0.72401226,1.0728083,1.1501783,1.1400179,1.1920353,1.1134095,1.0194782,1.0319965,1.0092692,1.0231891,0.8006239,0.2,0.1,0.2,0.13333334,0.51666665,0.08058665,0.07226673,0.16532439,0.1373154,0.45699763,0.2,0.4,0.05,0.26666668,0.6333333,1.0,1.0,0.25,0.5,0.15,-0.8,-0.6,-0.2,-0.23333333,0.48333332,0.6319277,0.778285,0.39318195,0.5094939,0.7867942,-0.36864412,0.41702482,0.5468169,0.5382049,0.46058092,0.4,0.5,0.55,0.53333336,0.5833333,0.6,0.5,0.45,0.46666667,0.41666666,-0.2,0.0,0.1,0.06666667,0.16666667,0.12667519,0.3830053,0.38233218,0.46261355,0.53525114,0.8733248,0.61699474,0.61766785,0.5373864,0.46474886,-0.7466496,-0.23398945,-0.23533566,-0.07477288,0.07050226,1.2807459,1.5698994,1.8520675,2.1861312,1.7867218,0.37425023,0.5486638,0.6095013,0.74728274,0.8602831,0.91933745,1.0787874,0.9682138,0.8881862,1.0432382,0.044827763,0.46430004,0.44516462,0.4252301,0.4867671,0.95517224,0.53569996,0.5548354,0.5747699,0.5132329,-0.9103445,-0.071399935,-0.10967075,-0.14953983,-0.02646578
23,SH688047,0.07034340460096311,0.9166666666666666,,,,SH688047,龙芯中科,2026-08-24,-0.04053423,0.05202201,-0.7791747,0.0,0.0,0.011487778,0.22082534,-0.029046454,-0.5583493,1.0422467,1.0422467,0.9880269,1.0078803,1.105714,1.0811837,1.0601577,1.3481944,1.4192543,1.0466855,1.0667576,1.0600749,1.0882443,1.2370567,0.038597696,0.034578457,0.034780085,0.069765605,0.16276401,-0.020879978,-0.008255827,0.0012586447,-0.004372858,-0.0076652514,0.7316061,0.52254224,0.045836676,0.30447367,0.67645025,-0.0049255276,-0.02960629,-0.07203208,-0.024837831,-0.010931778,1.1145722,1.1145722,1.1145722,1.37253,1.5441449,0.9880269,0.9880269,0.9800448,0.9800448,0.9800448,1.0577047,1.0987833,1.0913267,1.1101528,1.3982868,1.0313053,1.0410786,1.0326877,1.0404556,1.0722476,0.2,0.1,0.1,0.06666667,0.033333335,0.09461513,0.09461513,0.14833581,0.050843276,0.03537534,0.2,0.6,0.8,0.033333335,0.36666667,1.0,1.0,0.1,0.4,0.7,-0.8,-0.4,0.7,-0.36666667,-0.33333334,0.041390393,0.047940724,-0.21542025,0.56647944,0.84122515,-0.6863958,-0.5347074,-0.14709376,-0.08928626,0.20985833,0.6,0.6,0.55,0.43333334,0.46666667,0.4,0.4,0.45,0.56666666,0.53333336,0.2,0.2,0.1,-0.13333334,-0.06666667,0.06490478,0.29066285,0.4218513,0.27596146,0.38798442,0.93509525,0.7093371,0.57814866,0.72403854,0.6120156,-0.87019044,-0.4186743,-0.15629736,-0.44807708,-0.22403115,0.89918935,0.89264333,0.9808425,1.1825942,1.6753638,0.2505927,0.17786664,0.20806585,0.41777968,0.6647819,1.3384086,1.293067,1.0818053,1.2341079,1.0070193,0.52151495,0.5466637,0.48413897,0.4319546,0.46115226,0.47848505,0.45333633,0.51586103,0.56804544,0.53884774,0.04302992,0.09332736,-0.031722073,-0.13609083,-0.07769552
24,SH600588,0.06940140899738831,0.8333333333333334,,,,SH600588,用友网络,2026-08-24,-0.05327104,0.056074772,-0.9500001,0.0,0.0,0.0028037312,0.04999987,-0.05046731,-0.9000003,1.0562686,1.0562686,0.9970385,1.0168523,1.1470904,1.1707863,0.92005074,0.9239971,1.0236958,1.0679234,1.112542,1.1012411,1.0384413,1.0055851,0.046145942,0.05679701,0.07516465,0.10958982,0.096747816,-0.027249353,-0.017685425,0.0029931993,0.009302777,0.001957178,0.87173676,0.8887742,0.05550243,0.5584528,0.124818265,-0.013424703,-0.032957654,-0.12967657,-0.17333156,-0.063321866,1.1431522,1.2043444,1.2290399,1.2290399,1.2290399,0.9970385,0.9970385,0.9072055,0.86871153,0.86180943,1.0858935,1.1524215,1.1634854,1.1514349,1.1155053,1.0489632,1.0714786,1.0489632,0.9216293,0.91985345,0.2,0.1,0.2,0.46666667,0.5833333,0.020268412,0.014285618,0.2883299,0.36435783,0.37630466,0.2,0.4,0.4,0.6,0.8,1.0,1.0,0.05,0.13333334,0.33333334,-0.8,-0.6,0.35,0.46666667,0.46666667,0.15900524,0.710923,0.39425254,0.505488,0.5999499,-0.90783346,-0.6638832,0.0020973734,-0.031003265,0.29800242,0.0,0.1,0.5,0.53333336,0.48333332,1.0,0.8,0.45,0.43333334,0.5,-1.0,-0.7,0.05,0.1,-0.016666668,0.0,0.032413803,0.5821387,0.5515314,0.4919016,1.0,0.9675862,0.41786128,0.44846863,0.5080984,-1.0,-0.9351724,0.16427743,0.10306274,-0.016196793,0.9372225,1.1974009,1.8270211,1.6016806,1.3138618,0.18947455,0.3375527,1.0137478,0.8930115,0.7229856,0.96503925,1.154656,1.1102766,1.0272878,1.1187311,0.42828208,0.32823527,0.49941432,0.4929166,0.5027659,0.5717179,0.67176473,0.5005857,0.50708336,0.49723414,-0.14343584,-0.34352943,-0.0011713699,-0.014166761,0.005531742
25,SH600522,0.06809140742163777,0.8333333333333334,,,,SH600522,中天科技,2026-08-24,-0.026630778,0.04937163,-0.5393943,0.0002992308,0.006060784,0.022441622,0.4545449,-0.0044883857,-0.09091022,1.0273594,1.0276668,0.9769444,0.99705786,1.1035972,1.0119679,1.003978,1.2624779,1.2890657,1.0212634,1.0339589,0.98535633,1.0162802,1.298648,0.038844924,0.043789797,0.07321075,0.09931864,0.3293895,-0.012634289,-0.0019802302,0.009186775,-0.0026239248,-0.014005847,0.26446795,0.018745495,0.55111784,0.05409323,0.5514411,0.0040051625,-0.025047895,-0.072630696,0.0217667,0.11452455,1.1312474,1.1312474,1.1312474,1.3331981,2.0807154,0.97386086,0.97386086,0.83061934,0.83061934,0.83061934,1.0390793,1.0864273,1.0320821,1.0685911,1.5916632,0.9968652,0.99883044,0.9166803,0.956154,0.998096,0.4,0.3,0.55,0.46666667,0.23333333,0.16608234,0.16608234,0.5634227,0.3370231,0.1354941,0.2,0.6,0.8,0.06666667,0.3,0.6,0.8,0.15,0.43333334,0.71666664,-0.4,-0.2,0.65,-0.36666667,-0.41666666,0.3598781,0.717864,0.44779804,0.22581261,0.48002264,-0.71827006,0.44036755,0.43704256,0.35157844,0.3189956,0.4,0.5,0.5,0.46666667,0.5,0.6,0.5,0.5,0.53333336,0.5,-0.2,0.0,0.0,-0.06666667,0.0,0.22770336,0.48326045,0.4972544,0.40153062,0.46119723,0.7722966,0.51673955,0.5027456,0.5984694,0.5388028,-0.5445933,-0.033479113,-0.0054912018,-0.19693875,-0.07760557,1.3639413,1.6046196,1.6299603,1.6314983,1.8796794,0.39244008,0.51720846,0.45429996,0.45155704,0.52673876,1.1076679,1.0822718,0.88089496,0.78368515,0.7974075,0.0,0.39193368,0.49176997,0.46684992,0.46455705,1.0,0.6080663,0.50823003,0.5331501,0.53544295,-1.0,-0.21613264,-0.016460067,-0.06630017,-0.070885874
26,SZ000657,0.06546867776956079,0.8333333333333334,,,,,,2026-08-24,-0.032463737,0.06927537,-0.46861872,0.008405832,0.121339396,0.028405806,0.4100419,-0.012463762,-0.1799162,1.033553,1.0422409,0.9706411,1.0013987,1.0558772,1.0904838,0.88361937,1.0389487,1.0159465,1.0139306,1.0223354,0.93385583,0.9318584,1.0944954,0.048234526,0.037107106,0.1282741,0.117031276,0.23041368,-0.015548443,-0.0039704414,0.016970169,0.0043105097,-0.006676992,0.25977528,0.10494816,0.6125795,0.10513687,0.25612092,0.017166352,-0.0044683903,-0.09507245,0.005639175,0.102475844,1.1309237,1.1309237,1.1309237,1.1458989,1.7030683,0.95236164,0.95236164,0.71105146,0.71105146,0.71105146,1.0350564,1.0551535,1.0293342,1.0274476,1.3379354,0.9858834,0.99747753,0.7860178,0.8269048,0.90098727,0.6,0.4,0.6,0.6333333,0.35,0.26678854,0.26678854,0.6881819,0.6644826,0.29127383,0.2,0.6,0.8,0.06666667,0.26666668,0.6,0.8,0.15,0.43333334,0.71666664,-0.4,-0.2,0.65,-0.36666667,-0.45,0.7098725,0.22460891,0.7119484,0.54085463,0.4286417,0.5362959,0.2114477,0.3746099,0.3395805,0.20345828,0.4,0.5,0.55,0.46666667,0.5,0.6,0.5,0.45,0.53333336,0.5,-0.2,0.0,0.1,-0.06666667,0.0,0.38351294,0.4008497,0.5567171,0.4876748,0.4976946,0.616487,0.5991503,0.44328287,0.51232517,0.5023054,-0.23297411,-0.19830061,0.11343423,-0.024650369,-0.0046107876,1.0730042,1.1123556,1.0870507,0.9651977,1.033579,0.16857027,0.20461836,0.3873822,0.37148282,0.3255796,0.70108473,0.6076376,0.7151162,0.7121297,0.67433697,0.55943304,0.3065742,0.54914665,0.52214825,0.49530813,0.44056696,0.6934258,0.45085335,0.47785175,0.50469184,0.11886607,-0.3868516,0.098293304,0.04429653,-0.009383714
27,SH688008,0.06402451300737118,0.8333333333333334,,,,SH688008,澜起科技,2026-08-24,-0.043575816,0.062471922,-0.6975264,9.97024e-05,0.0015959555,0.018796405,0.30087763,-0.024879113,-0.39824474,1.0455612,1.0456654,0.9803472,1.0025785,1.1696285,1.0787055,1.1834108,1.3152766,1.3163369,1.0525041,1.0833299,1.0762142,1.1053648,1.2258759,0.05040791,0.052266687,0.045077574,0.09333559,0.16285327,-0.027004233,-0.010604224,0.00038265763,-0.0041208956,-0.005542759,0.7174743,0.37732822,0.0025221312,0.15107422,0.35331237,0.001504428,-0.035610963,-0.07984941,-0.04561186,-0.062364522,1.1805109,1.1805109,1.1805109,1.4307998,1.7320817,0.9803472,0.9803472,0.9803472,0.93782103,0.93782103,1.0636814,1.1257168,1.1087339,1.1621163,1.3868335,1.0303715,1.0416801,1.0416801,1.0416801,1.0784733,0.2,0.1,0.1,0.13333334,0.06666667,0.0981836,0.0981836,0.0981836,0.12612909,0.078285344,0.2,0.6,0.8,0.06666667,0.36666667,1.0,1.0,1.0,0.16666667,0.5833333,-0.8,-0.4,-0.2,-0.1,-0.21666667,0.36037478,0.54653823,0.22155848,0.13154344,0.52854604,-0.6591247,0.06194468,0.2211127,-0.053122073,0.16342092,0.2,0.4,0.45,0.5,0.51666665,0.8,0.6,0.55,0.5,0.48333332,-0.6,-0.2,-0.1,0.0,0.033333335,0.040732715,0.38155293,0.3915587,0.4060252,0.45910883,0.95926726,0.61844707,0.6084413,0.59397477,0.5408912,-0.9185346,-0.23689416,-0.21688262,-0.18794957,-0.08178235,1.0597149,1.1627859,1.4041685,1.6948857,1.9102174,0.36921787,0.31654933,0.36617383,0.6354226,0.59613264,1.1590792,1.0218294,0.78702015,1.2963641,1.074513,0.3368403,0.45311293,0.43018553,0.46816066,0.47256756,0.66315967,0.5468871,0.5698145,0.5318394,0.52743244,-0.3263194,-0.09377416,-0.13962896,-0.06367869,-0.054864876
28,SZ000001,0.06352611065984366,0.9166666666666666,,,,,,2026-08-24,0.015817234,0.020210959,0.7826068,0.0017574903,0.08695729,0.0026362354,0.13043594,0.01669598,0.8260854,0.98442906,1.0017301,0.9818339,0.9980572,0.96020985,0.97664493,0.9610748,0.9117634,0.915379,0.98079693,0.9745689,0.9794129,0.96773535,0.9417626,0.01651907,0.013653782,0.01510167,0.022033617,0.034637444,0.010034035,0.0026212202,-0.00058794173,0.0015312195,0.0013128286,0.9224015,0.33784115,0.053050153,0.37428722,0.43815142,-0.00086498,0.013635618,0.02617254,0.010061953,0.019508911,1.0017301,1.0017301,1.0086502,1.0086502,1.0086502,0.9541547,0.9541547,0.9541547,0.9065785,0.8641874,0.9896199,0.98633295,0.99169594,0.98633295,0.9733579,0.97110885,0.96090186,0.9686869,0.9498298,0.9089954,1.0,1.0,0.85,0.9,0.95,0.9636341,0.9636341,0.84126836,0.9152541,0.94012195,1.0,1.0,0.25,0.5,0.75,0.2,0.6,0.8,0.033333335,0.36666667,0.8,0.4,-0.55,0.46666667,0.38333333,0.42597362,0.41839725,0.6002651,0.25866863,0.26139268,0.7937711,0.5518475,0.4630153,0.35894457,0.31767023,0.8,0.4,0.5,0.6,0.56666666,0.2,0.5,0.45,0.36666667,0.41666666,0.6,-0.1,0.05,0.23333333,0.15,0.91071427,0.68,0.6216217,0.6795857,0.57547575,0.08928572,0.32,0.3783783,0.32041433,0.42452428,0.8214286,0.36,0.24324343,0.35917136,0.15095147,0.9152687,0.7756988,0.97109884,0.96980274,0.94441366,0.21319611,0.21546684,0.42471874,0.36908388,0.30339554,0.88117796,1.2393581,1.5197985,1.328799,1.076699,0.58307475,0.5711863,0.51778513,0.51453215,0.49214944,0.41692525,0.4288137,0.4822149,0.48546788,0.5078505,0.16614951,0.14237262,0.03557023,0.02906425,-0.015701102
29,SH601077,0.061743508671582244,0.8333333333333334,,,,SH601077,渝农商行,2026-08-24,0.038348157,0.039823055,0.9629637,0.0014748992,0.037036315,0.0,0.0,0.03687326,0.9259274,0.9630681,1.0014204,0.9630681,0.99183875,0.92898273,0.91746634,0.93474084,0.9366603,0.92706335,0.96794623,0.9483685,0.94155467,0.943538,0.93253356,0.020823367,0.024959397,0.023185551,0.019763028,0.027201258,0.012188108,0.0075728493,0.0014604647,0.000114224196,0.00031518654,0.85646707,0.84384346,0.1388722,0.002588874,0.040950313,0.007677566,0.017553687,0.044570915,0.054805715,0.058168437,1.0014204,1.0014204,1.0014204,1.0014204,1.0014204,0.92820394,0.9152324,0.9061426,0.9061426,0.8582263,0.97543186,0.96775424,0.96199614,0.9606526,0.9535509,0.95700574,0.92802304,0.92188096,0.9274472,0.9065259,1.0,1.0,1.0,1.0,1.0,0.98059964,0.98351943,0.98509175,0.98509175,0.9900804,1.0,1.0,1.0,1.0,1.0,0.2,0.3,0.4,0.6,0.36666667,0.8,0.7,0.6,0.4,0.6333333,0.5746848,0.38881657,0.029461008,-0.01969189,-0.012305235,0.7969497,0.70198137,0.2335756,-0.03758207,-0.0023547302,0.8,0.7,0.55,0.5,0.51666665,0.2,0.2,0.4,0.43333334,0.43333334,0.6,0.5,0.15,0.06666667,0.083333336,0.9743584,0.9300004,0.6650485,0.6018518,0.5483461,0.025641648,0.06999957,0.3349515,0.39814818,0.4516539,0.9487167,0.86000085,0.33009702,0.20370366,0.09669218,0.7261695,0.69548494,0.83842254,0.8154971,0.7761495,0.23800127,0.17667879,0.21717378,0.22298583,0.20784776,0.984636,1.2733718,1.3426191,1.2553047,1.088915,0.67279243,0.48910046,0.54071367,0.4919987,0.51553684,0.32720754,0.51089954,0.4592863,0.5080013,0.48446316,0.34558493,-0.021799065,0.08142738,-0.01600261,0.031073682
30,SH688082,0.05792911172552271,0.8333333333333334,,,,SH688082,盛美上海,2026-08-24,-0.0026472926,0.052945048,-0.05000076,0.015883554,0.30000076,0.034414202,0.6499985,0.015883353,0.29999697,1.0026543,1.0185801,0.96549445,0.99432635,1.0567464,1.0717311,1.0161575,1.3208679,0.7581276,1.0158252,1.0240146,0.9717653,0.9988588,1.071299,0.05870928,0.04197858,0.077250384,0.09373077,0.19229579,-0.022180608,-0.0049925297,0.00856045,-0.0019467932,-0.0009472122,0.35683987,0.12965739,0.42979354,0.033433124,0.007400395,0.02853605,-0.001548243,-0.053089574,0.029369678,-0.04335618,1.1244646,1.1244646,1.1244646,1.3699208,1.5225779,0.95984924,0.95984924,0.81284845,0.81284845,0.6961796,1.0238843,1.0450453,1.0364128,1.0588703,1.287185,0.9813148,0.99558276,0.91576,0.92948085,0.91576,0.8,0.4,0.65,0.56666666,0.45,0.24390653,0.24390653,0.60058355,0.33595553,0.36764398,0.2,0.6,0.8,0.033333335,0.35,0.6,0.8,0.3,0.53333336,0.033333335,-0.4,-0.2,0.5,-0.5,0.31666666,0.37576714,0.32319188,0.150735,0.23430295,0.14652455,0.13988379,0.22054854,0.5130836,0.46357822,0.39813164,0.6,0.5,0.5,0.43333334,0.55,0.4,0.5,0.5,0.56666666,0.45,0.2,0.0,0.0,-0.13333334,0.1,0.3736581,0.3947619,0.49067456,0.397001,0.5365421,0.6263419,0.6052381,0.50932544,0.60299903,0.46345785,-0.2526838,-0.2104762,-0.018650917,-0.20599802,0.07308429,1.5131216,1.4716194,1.5773076,1.6220877,1.8309903,0.49216884,0.3764233,0.3649786,0.3492906,0.40920857,1.3644422,1.3881949,1.0270878,0.9367977,0.91371924,0.42323172,0.29935098,0.48823676,0.45984122,0.47031936,0.5767683,0.700649,0.5117633,0.5401588,0.5296806,-0.15353654,-0.40129805,-0.023526514,-0.08031756,-0.05936127
31,SH600549,0.05781855924576629,0.8333333333333334,,,,SH600549,厦门钨业,2026-08-24,-0.041414846,0.06256667,-0.66193146,0.00035549997,0.005681939,0.020796321,0.33238658,-0.020974025,-0.3352268,1.0432042,1.043575,0.9783052,1.0062143,1.0828909,1.1116315,0.93084127,1.0966103,1.0018377,1.018398,1.0327147,0.9904742,0.9837868,1.1592028,0.03678394,0.033019148,0.086699195,0.08689145,0.23960313,-0.012016942,-0.004884933,0.009601962,0.0028746063,-0.007404515,0.26681575,0.20063052,0.42929703,0.084821194,0.29127827,0.00563585,-0.010732557,-0.08169286,-0.02546859,0.059230343,1.11961,1.11961,1.1681867,1.1793118,1.795861,0.97422415,0.97422415,0.82051533,0.7980765,0.7980765,1.0399866,1.0527388,1.0677242,1.0677242,1.4040838,0.9942161,0.9991475,0.877176,0.8934938,0.9469779,0.6,0.3,0.5,0.56666666,0.3,0.17729264,0.17729264,0.5162482,0.5296559,0.20237185,0.2,0.6,0.5,0.06666667,0.26666668,0.6,0.8,0.15,0.2,0.6,-0.4,-0.2,0.35,-0.13333334,-0.33333334,0.66207874,0.53216505,0.59909266,0.44354686,0.57945627,0.53371716,0.546516,0.69297075,0.48889968,0.2208014,0.2,0.3,0.5,0.46666667,0.45,0.8,0.7,0.5,0.53333336,0.55,-0.6,-0.4,0.0,-0.06666667,-0.1,0.2530606,0.3325933,0.5464473,0.46114764,0.49971017,0.7469394,0.66740674,0.45355275,0.5388524,0.5002898,-0.4938788,-0.33481345,0.092894495,-0.07770475,-0.00057964027,0.99919224,1.0335094,1.2074217,1.118395,1.3868923,0.13605894,0.13285463,0.48866105,0.43277678,0.54935676,0.94117814,0.8099279,0.9549788,0.85008407,0.81404495,0.43104723,0.24758597,0.5239829,0.505275,0.4811792,0.56895274,0.75241405,0.47601712,0.49472496,0.5188208,-0.13790552,-0.50482804,0.04796576,0.010550069,-0.037641615
32,SH601169,0.057097968143970855,0.8333333333333334,,,,SH601169,北京银行,2026-08-24,0.017716616,0.02362202,0.75000435,0.0019684676,0.08333189,0.003936935,0.16666378,0.019685084,0.83333623,0.9825918,1.0019342,0.9787234,0.9955838,0.9573283,0.9729128,0.9788497,0.9591837,0.9306122,0.9787013,0.97128016,0.9795176,0.9791837,0.9558565,0.015212451,0.013299769,0.016909797,0.014185229,0.028344648,0.009499069,0.003004438,-0.0012900516,-0.00030749457,0.0010618906,0.9747735,0.46778873,0.20370673,0.036416978,0.42807242,0.0023005744,0.01519989,0.03273788,0.025275014,0.01281772,1.0019342,1.0019342,1.0173049,1.0173049,1.0173049,0.95724976,0.9553943,0.9553943,0.9533608,0.8902487,0.98753244,0.9799629,0.992282,0.9870872,0.97959185,0.96868277,0.9591837,0.96808904,0.9688312,0.93395174,1.0,1.0,0.85,0.9,0.95,0.9567142,0.95843995,0.7204859,0.7293749,0.8638014,1.0,1.0,0.25,0.5,0.75,0.2,0.5,0.75,0.033333335,0.35,0.8,0.5,-0.5,0.46666667,0.4,0.8816766,0.8599276,0.8300426,0.70434123,0.22947523,0.8030558,0.6954141,0.43682876,0.41788828,0.2811062,1.0,0.5,0.55,0.53333336,0.5,0.0,0.4,0.35,0.33333334,0.41666666,1.0,0.1,0.2,0.2,0.083333336,1.0,0.73248386,0.5768195,0.5916667,0.57110274,0.0,0.2675161,0.42318055,0.40833333,0.4288973,1.0,0.4649678,0.15363891,0.18333334,0.14220545,0.6037716,0.50681436,0.6247878,0.6502445,0.64389753,0.25113747,0.20104301,0.23312056,0.22003339,0.17769288,0.93887013,1.2443631,1.2170455,1.1007414,0.9757768,0.8381656,0.6769123,0.584356,0.5392218,0.51108974,0.16183445,0.3230877,0.415644,0.46077818,0.48891026,0.6763311,0.35382462,0.16871205,0.07844366,0.022179462
33,SZ002353,0.05651156485083918,0.8333333333333334,,,,,,2026-08-24,-0.07744106,0.09997407,-0.7746114,0.0,0.0,0.022533018,0.22538862,-0.054908037,-0.54922277,1.0839416,1.0839416,0.9755755,1.005199,1.1657072,1.0236496,1.0599406,0.97410065,0.9808497,1.068611,1.0584835,1.0181342,0.9862305,1.0371099,0.05032467,0.05871427,0.068040036,0.08467639,0.09035989,-0.026767902,0.004383484,0.0080649005,0.006841791,-0.0013331636,0.7073052,0.051093176,0.49174163,0.5059605,0.06639194,-0.015075202,-0.07820914,-0.0947508,-0.08543648,0.002218498,1.1966537,1.1966537,1.1966537,1.1966537,1.239403,0.9755755,0.97382087,0.88244045,0.7369432,0.7369432,1.0886387,1.0886387,1.0618443,1.0569767,1.1104709,1.0450319,1.0107216,0.9751831,0.91732246,0.9719951,0.2,0.2,0.4,0.53333336,0.3,0.11047886,0.11748328,0.37413928,0.57222265,0.523538,0.2,0.6,0.8,0.8666667,0.41666666,1.0,0.3,0.15,0.2,0.6,-0.8,0.3,0.65,0.6666667,-0.18333334,0.44930306,0.4547188,-0.017892627,-0.11211818,-0.18943308,-0.62993133,-0.23527926,0.030265214,-0.063874565,-0.08568909,0.2,0.4,0.5,0.5,0.5,0.8,0.6,0.5,0.5,0.5,-0.6,-0.2,0.0,0.0,0.0,0.09444321,0.47165945,0.46693814,0.50888395,0.5033372,0.9055568,0.5283406,0.53306186,0.49111608,0.4966628,-0.8111136,-0.056681108,-0.06612373,0.017767848,0.0066743908,1.1522149,1.1182877,1.1307467,1.2340121,1.207502,0.32935157,0.362645,0.34082428,0.4884017,0.45439985,0.9099736,0.8729437,0.856872,0.89046645,0.8584308,0.4118034,0.54732585,0.42233863,0.4831551,0.49732202,0.58819664,0.45267415,0.57766134,0.5168449,0.502678,-0.17639323,0.0946517,-0.15532273,-0.033689804,-0.0053559737
34,SH601229,0.05532672695497073,0.9166666666666666,,,,SH601229,上海银行,2026-08-24,0.014388501,0.026721546,0.5384606,0.010277512,0.38461515,0.0020555349,0.07692425,0.0061665233,0.2307697,0.9858156,1.0101317,0.9837892,1.0018746,0.95526314,0.9392105,0.92815787,0.92105263,0.8931579,0.98763156,0.9665263,0.95867103,0.9472105,0.93001753,0.013498245,0.024752645,0.020851448,0.023933217,0.026211295,0.006684215,0.007881979,0.0018399293,0.002111469,0.001025753,0.6130363,0.9294772,0.27251968,0.6032105,0.46709844,-0.0010000075,-0.0019952173,0.023849627,0.022173183,0.03972275,1.0101317,1.0101317,1.0101317,1.0101317,1.0101317,0.95539486,0.930092,0.92606544,0.9077766,0.8724181,0.99747366,0.9905263,0.97463155,0.96652627,0.94942105,0.98257893,0.94236845,0.9400526,0.9258421,0.91189474,1.0,1.0,1.0,1.0,1.0,0.8149011,0.8734163,0.8794792,0.901014,0.926429,1.0,1.0,1.0,1.0,1.0,0.2,0.2,0.45,0.06666667,0.33333334,0.8,0.8,0.55,0.93333334,0.6666667,0.18876816,0.4973475,0.4079169,0.35117275,0.54960555,0.8328028,0.8128507,0.4643389,0.37771365,0.38102472,0.8,0.8,0.7,0.6666667,0.5833333,0.2,0.2,0.3,0.33333334,0.38333333,0.6,0.6,0.4,0.33333334,0.2,0.84552854,0.84070826,0.67344356,0.6368613,0.5890351,0.15447143,0.15929176,0.32655644,0.3631387,0.41096488,0.69105715,0.68141645,0.3468871,0.2737226,0.17807023,1.0435382,0.91184527,0.93744624,0.91042274,0.7933345,0.44015068,0.36137614,0.29777846,0.2657414,0.2330243,0.9551395,1.1983091,0.9310724,0.9525445,0.9097286,0.5220755,0.5367403,0.5199934,0.5128153,0.5164936,0.47792456,0.4632597,0.48000658,0.4871847,0.4835064,0.0441509,0.07348061,0.03998683,0.025630621,0.032987196
35,SH603893,0.055007737707362565,0.75,,,,SH603893,瑞芯微,2026-08-24,-0.033276107,0.046232168,-0.7197609,0.0,0.0,0.012956061,0.2802391,-0.020320045,-0.4395218,1.0344216,1.0344216,0.98659796,1.004923,1.2113974,1.1690296,1.2413526,1.2470348,1.0003309,1.0515695,1.1254537,1.1205494,1.1551902,1.0925645,0.04976512,0.085817985,0.06888439,0.07907201,0.10064242,-0.027721077,-0.02640929,-0.0016506759,-0.004949727,0.0033480288,0.7757292,0.86809707,0.02009787,0.3036817,0.33753285,0.0038726686,-0.0066119405,-0.10486804,-0.0834192,-0.19133136,1.1901158,1.2560406,1.2560406,1.3317707,1.3317707,0.98659796,0.98659796,0.98659796,0.98659796,0.9006944,1.0637612,1.2121035,1.1725823,1.2162741,1.1868705,1.027539,1.0412644,1.0454901,1.0660009,1.0026811,0.2,0.1,0.05,0.033333335,0.18333334,0.065851875,0.049739826,0.049739826,0.03882703,0.23036674,0.2,0.1,0.55,0.26666668,0.6333333,1.0,1.0,1.0,1.0,0.15,-0.8,-0.9,-0.45,-0.73333335,0.48333332,0.78848726,0.40803868,0.031198325,0.44956058,0.72715944,-0.5149809,0.27784896,0.32406276,0.3007274,0.3706136,0.2,0.4,0.5,0.5,0.55,0.8,0.6,0.5,0.5,0.45,-0.6,-0.2,0.0,0.0,0.1,0.0144450795,0.26181602,0.34317875,0.4052556,0.49992242,0.98555493,0.738184,0.65682125,0.59474444,0.50007755,-0.97110987,-0.47636795,-0.3136425,-0.18948883,-0.00015515082,1.3685374,1.3825696,1.7051905,2.1502385,1.8140553,0.50688136,0.38615388,0.58231515,0.88992655,0.8976106,1.0481713,1.0177969,0.9436111,1.0569204,1.1922508,0.33466056,0.49566385,0.41518408,0.4511791,0.47763065,0.66533947,0.5043362,0.5848159,0.5488209,0.5223694,-0.33067888,-0.008672319,-0.16963184,-0.09764183,-0.044738714
36,SH600050,0.054453338560122244,0.9166666666666666,,,,SH600050,中国联通,2026-08-24,0.009501253,0.014251836,0.6666687,0.004750583,0.3333313,0.0,0.0,0.00475067,0.3333374,0.9905882,1.0047059,0.9905882,1.0001725,1.0163934,1.0189154,1.0302649,0.9886507,1.0113492,0.9972257,1.0063051,1.0229508,1.0226566,1.0053804,0.011043952,0.012398394,0.022080319,0.020600094,0.02965565,-0.0010088151,-0.002751346,-0.003310924,-0.0007493258,0.0004724583,0.020859996,0.45140982,0.78696555,0.10254269,0.07741265,0.0047919345,0.0060759126,0.008502993,-0.011791318,-0.019317903,1.0184052,1.0261446,1.068172,1.068172,1.068172,0.9646154,0.9646154,0.9646154,0.9646154,0.9246014,1.0022699,1.0163934,1.0461538,1.0403531,1.0307692,0.99117273,0.99873894,1.0090795,1.0045397,0.979319,0.7,0.35,0.175,0.15,0.35,0.65783143,0.5750858,0.34169325,0.34169325,0.5251674,0.2,0.4,0.3,0.53333336,0.76666665,0.4,0.7,0.85,0.9,0.33333334,-0.2,-0.3,-0.55,-0.36666667,0.43333334,-0.68311054,-0.6151228,0.3323174,0.22160305,0.2523041,-0.70394766,-0.65336365,-0.3376861,-0.15762584,0.025099484,0.4,0.3,0.35,0.43333334,0.43333334,0.6,0.6,0.6,0.5,0.5,-0.2,-0.3,-0.25,-0.06666667,-0.06666667,0.37735876,0.3943667,0.4240508,0.520548,0.48960745,0.62264127,0.60563326,0.5759492,0.47945204,0.51039255,-0.24528249,-0.21126658,-0.15189841,0.041095942,-0.020785095,1.2973582,1.150628,1.3359467,1.40353,1.3549539,0.5986716,0.44153634,0.39646268,0.4402652,0.37823024,1.190323,1.5129374,1.0445089,1.2991618,1.15041,0.5044661,0.49192172,0.49096394,0.4812805,0.48944932,0.49553388,0.5080783,0.50903606,0.5187195,0.5105507,0.008932235,-0.016156532,-0.018072112,-0.037438996,-0.021101328
37,SH601988,0.049129775728265795,0.9166666666666666,,,,SH601988,中国银行,2026-08-24,0.014900669,0.021523202,0.6923073,0.004966814,0.23076558,0.0016557182,0.07692713,0.011589574,0.53846884,0.9853181,1.0048939,0.9836867,0.99901235,0.96289426,0.9492887,0.9789734,0.9659864,0.9363017,0.9899815,0.97532463,0.97118115,0.9704391,0.9586683,0.0062976624,0.01670767,0.021286737,0.018826963,0.028060516,0.00272109,0.0049586874,0.0003589685,0.00030268013,0.00038965046,0.46673155,0.8074454,0.009953195,0.020031292,0.058811046,0.0045763724,0.002361256,0.025408626,0.02517208,0.02983703,1.0048939,1.0048939,1.0048939,1.0048939,1.0049474,0.9594451,0.94461817,0.9301693,0.9301693,0.8802824,0.99356836,0.9880025,0.9894867,0.987384,0.9839208,0.9863946,0.9591836,0.9492887,0.95077294,0.9400123,1.0,1.0,0.95,0.96666664,0.96666664,0.8923207,0.9188083,0.9345076,0.9345076,0.9603143,1.0,1.0,1.0,1.0,0.16666667,0.2,0.2,0.35,0.56666666,0.41666666,0.8,0.8,0.65,0.43333334,-0.25,0.14692453,0.5167896,0.21397398,0.20632654,0.12432364,0.98908246,0.7023657,0.2745138,0.3286602,0.26548555,0.6,0.6,0.5,0.53333336,0.5,0.2,0.3,0.45,0.43333334,0.48333332,0.4,0.3,0.05,0.1,0.016666668,0.89473695,0.7530862,0.54381436,0.5466892,0.5389856,0.10526303,0.2469138,0.45618564,0.45331076,0.46101436,0.78947395,0.5061724,0.087628715,0.09337846,0.077971265,1.0173302,0.9056855,1.0806954,1.1124926,1.1386908,0.26583397,0.2452368,0.32481775,0.3353014,0.28870952,0.9359499,0.8264331,0.8275978,0.93197095,0.8139665,0.62541044,0.5050727,0.5061796,0.47344294,0.49084392,0.37458956,0.4949273,0.4938204,0.5265571,0.5091561,0.2508209,0.010145444,0.012359202,-0.053114146,-0.018312184
38,SH600018,0.04633452986837073,0.75,,,,SH600018,上港集团,2026-08-24,0.011583012,0.017374517,0.6666667,0.0038610038,0.22222222,0.0019305019,0.11111111,0.009652509,0.5555556,0.9885496,1.0038168,0.9866412,1.0002619,0.9714286,0.98461545,0.98131865,0.9472528,0.9527472,0.9887912,0.98175824,0.98769236,0.982674,0.9519964,0.008804943,0.0102328425,0.011833378,0.013116148,0.0353613,0.005054953,0.0023443222,-0.00072874565,0.0005434603,0.0015250571,0.82398844,0.48112005,0.13274021,0.133053,0.56730366,0.0010988648,0.0076922886,0.01923075,0.009445804,0.0030144462,1.0038168,1.0038168,1.0175264,1.0175264,1.0175264,0.9681857,0.9637946,0.9637946,0.9433103,0.862485,0.9938462,0.9896704,0.9938462,0.9914286,0.985055,0.9846154,0.97318685,0.9767033,0.9712088,0.91934067,1.0,1.0,0.85,0.9,0.95,0.89288026,0.9046331,0.6738173,0.76384646,0.8869567,1.0,1.0,0.25,0.5,0.75,0.2,0.5,0.75,0.033333335,0.33333334,0.8,0.5,-0.5,0.46666667,0.41666666,0.6339839,0.7643889,0.85160184,0.017537637,-0.09824655,0.9249394,0.80420125,0.661615,0.46707332,0.30785742,0.8,0.5,0.5,0.5,0.53333336,0.2,0.5,0.4,0.33333334,0.35,0.6,0.0,0.1,0.16666667,0.18333334,0.9062507,0.63999945,0.57798165,0.6348313,0.55011654,0.09374929,0.36000058,0.42201832,0.36516872,0.44988346,0.81250143,0.27999884,0.15596335,0.2696626,0.10023311,0.88577414,0.81342155,0.99066526,1.1307101,1.1742699,0.18254685,0.15720928,0.26242778,0.39818743,0.3280365,0.66507137,0.7816812,1.1507318,1.1424584,0.9806214,0.6031527,0.49427435,0.50994277,0.4729955,0.4839688,0.3968473,0.5057256,0.4900572,0.52700454,0.5160312,0.2063054,-0.011451278,0.019885594,-0.054009024,-0.032062404
39,SH601658,0.04557998336929433,0.75,,,,SH601658,邮储银行,2026-08-24,0.016129037,0.018145166,0.8888889,0.0020161297,0.11111111,0.0,0.0,0.014112907,0.7777778,0.984127,1.0019841,0.984127,0.99764985,0.9742857,0.98428565,1.01,1.0028572,0.9685714,0.9885714,0.98399997,0.99549997,1.000619,0.98649997,0.007626507,0.0075232056,0.019731151,0.01817378,0.021885244,0.004285727,0.0016450242,-0.002319012,-0.0013306849,0.0005365376,0.7894737,0.4382785,0.48346972,0.41549093,0.18331473,0.0028571512,0.00859742,0.026530644,0.018675912,-0.0023278347,1.0019841,1.0019841,1.0357143,1.0366167,1.0366167,0.9726166,0.9723014,0.9723014,0.9723014,0.9260163,0.9908571,0.9885714,1.0165714,1.0157143,1.01,0.9854285,0.9782857,0.98199993,0.98428565,0.96828574,1.0,1.0,0.75,0.51666665,0.725,0.9324381,0.9331555,0.43679744,0.4306691,0.6689284,1.0,1.0,0.15,0.2,0.6,0.2,0.5,0.75,0.8333333,0.25,0.8,0.5,-0.6,-0.6333333,0.35,0.71771663,0.8207112,0.7192734,0.6502753,0.30847514,0.9253734,0.78121084,0.44313502,0.3789129,0.39262328,0.8,0.5,0.4,0.43333334,0.5,0.2,0.4,0.5,0.46666667,0.43333334,0.6,0.1,-0.1,-0.033333335,0.06666667,0.9499998,0.66666734,0.46956545,0.494382,0.5276382,0.05000017,0.33333266,0.53043455,0.505618,0.4723618,0.8999997,0.33333468,-0.06086909,-0.011235989,0.05527637,0.66581035,0.546472,0.68977726,0.7006443,0.72119457,0.2454455,0.21260007,0.2438603,0.22191909,0.23565899,1.0570349,1.188554,1.0618774,1.0619981,1.0607468,0.7210753,0.6355391,0.5491445,0.5140667,0.51569045,0.27892473,0.36446086,0.45085546,0.48593327,0.48430952,0.44215053,0.27107826,0.09828907,0.02813345,0.031380925
40,SH600760,0.04500942385366939,1.0,,,,SH600760,中航沈飞,2026-08-24,0.021537062,0.033779193,0.6375837,0.0074813473,0.22147799,0.0047607827,0.14093833,0.018816497,0.557044,0.978917,1.0073236,0.9742566,0.9978419,0.9877918,1.0008799,0.9602737,0.86817276,0.9538286,0.9768285,0.9810013,0.97218937,0.9555458,0.9358194,0.014035032,0.010553258,0.016846757,0.03461294,0.03701596,0.0061261314,-0.00044407017,0.0011928915,0.0030136255,0.0011119642,0.47630572,0.016230863,0.1754839,0.58749384,0.2752349,0.010919242,0.02099701,0.016478172,0.00075663876,0.03137769,1.0073236,1.0104357,1.0104357,1.0104357,1.0104357,0.950946,0.950946,0.9327617,0.8433179,0.8433179,0.9820681,0.98761576,0.98632234,0.98091555,0.97226197,0.96590483,0.9733222,0.9607664,0.94184905,0.9003937,1.0,1.0,0.95,0.96666664,0.98333335,0.87009704,0.82457924,0.86564696,0.9375546,0.9375546,1.0,0.3,0.65,0.76666665,0.8833333,0.4,0.7,0.45,0.06666667,0.53333336,0.6,-0.4,0.2,0.7,0.35,0.68997437,0.58260113,0.51435685,0.07654371,0.14592586,0.49866676,0.48719698,0.5959835,0.5621519,0.6099136,0.4,0.5,0.5,0.56666666,0.46666667,0.6,0.5,0.5,0.43333334,0.53333336,-0.2,0.0,0.0,0.13333334,-0.06666667,0.6070187,0.4948639,0.5989263,0.7143266,0.5293034,0.3929813,0.50513613,0.4010737,0.28567335,0.47069666,0.2140374,-0.010272231,0.19785264,0.4286533,0.0586067,0.706128,0.8134913,0.8203781,0.8758599,0.89967746,0.21242838,0.28422257,0.2999064,0.30455947,0.3293018,0.87851304,0.9510701,1.9819195,1.7570326,1.6927115,0.6453551,0.40080607,0.52608114,0.5050931,0.50225514,0.35464492,0.59919393,0.47391888,0.49490693,0.49774483,0.29071015,-0.19838788,0.052162256,0.010186139,0.004510333
41,SH603259,0.04271074042074008,0.8333333333333334,,,,SH603259,药明康德,2026-08-24,-0.031989526,0.059817407,-0.5347862,0.0149699375,0.25026056,0.012857942,0.2149532,-0.03410152,-0.57009363,1.0330467,1.0485113,0.98671716,1.007838,1.0709039,1.0352906,0.79992056,0.77155405,0.6519581,1.0495111,1.0430486,0.9641708,0.91177016,0.8066904,0.030809682,0.025748845,0.10213358,0.11254874,0.1420468,-0.015285154,0.001160259,0.015379068,0.011484057,0.007619332,0.6153259,0.018612547,0.79358053,0.80688405,0.8775478,-0.018940773,-0.04826975,-0.11027198,-0.07828897,-0.0314607,1.113957,1.113957,1.113957,1.113957,1.113957,0.98671716,0.98671716,0.77906543,0.7508264,0.56673056,1.0736884,1.0712762,1.0465082,1.0365613,0.9558842,1.0360352,1.0215565,0.8244751,0.807346,0.6413014,0.2,0.1,0.5,0.6666667,0.8333333,0.10439225,0.10439225,0.6597197,0.6861818,0.7917553,0.6,0.8,0.9,0.93333334,0.96666664,1.0,1.0,0.15,0.16666667,0.11666667,-0.4,-0.2,0.75,0.76666665,0.85,-0.025412444,-0.059168987,0.3702786,0.2765559,0.4740731,0.35823467,0.4623941,0.581992,0.51245517,0.49858576,0.4,0.4,0.55,0.53333336,0.5,0.6,0.6,0.45,0.46666667,0.5,-0.2,-0.2,0.1,0.06666667,0.0,0.21560812,0.42310196,0.67845756,0.64163715,0.636018,0.7843919,0.57689804,0.3215424,0.35836285,0.36398202,-0.56878376,-0.15379609,0.35691518,0.2832743,0.27203596,0.9273491,0.984205,1.0534474,1.0378538,0.96536136,0.20609726,0.2000968,0.3603018,0.3437465,0.3488038,0.6833081,0.70433795,1.0052439,0.9484412,1.0840734,0.4979487,0.35116285,0.52887756,0.5120062,0.505258,0.5020513,0.64883715,0.47112244,0.4879938,0.49474198,-0.0041026156,-0.2976743,0.05775509,0.024012389,0.010516064
42,SH600926,0.04170250896982589,0.9166666666666666,,,,SH600926,杭州银行,2026-08-24,0.012033715,0.016245415,0.7407453,0.0036100922,0.22222222,0.0006016078,0.037032466,0.009025231,0.5555556,0.98810935,1.0035672,0.9875149,0.99966675,0.966147,0.9572384,0.94231623,0.9191537,0.9358575,0.99425393,0.97674835,0.9705234,0.95791394,0.9407127,0.0070436494,0.019935139,0.01671188,0.02298516,0.032544613,0.002138077,0.006133492,0.0015260301,0.0021733132,0.000836325,0.23035163,0.8677378,0.29183924,0.69286925,0.201415,0.0014699294,-0.0043490673,0.014979303,0.010573054,0.034615695,1.0055137,1.0055137,1.0055137,1.0055137,1.0055137,0.9691733,0.94229656,0.93992555,0.9108932,0.85270184,0.9996437,0.99848557,0.9854789,0.9785747,0.9679287,0.9880178,0.9601337,0.95674837,0.936392,0.91487753,1.0,1.0,1.0,1.0,1.0,0.8482764,0.91278166,0.91593456,0.94172835,0.9639184,0.8,0.9,0.95,0.96666664,0.98333335,0.2,0.3,0.05,0.033333335,0.35,0.6,0.6,0.9,0.93333334,0.6333333,-0.24876878,0.77459997,0.5714575,0.011184463,-0.14677365,0.6821526,0.73543465,0.626202,0.3907469,0.09190655,0.8,0.6,0.6,0.6,0.53333336,0.2,0.4,0.4,0.4,0.43333334,0.6,0.2,0.2,0.2,0.1,0.8064507,0.74365413,0.67289674,0.65606153,0.55267,0.19354929,0.25634587,0.32710323,0.34393847,0.44732997,0.61290145,0.48730826,0.34579352,0.3121231,0.105340034,1.2557434,1.0659544,1.1156632,1.1654364,1.25637,0.2309979,0.26961696,0.23467988,0.24269438,0.2948895,0.70763963,0.85569584,0.83273846,0.7209278,0.80353963,0.5432838,0.5417847,0.46176022,0.47600242,0.4722721,0.4567162,0.45821527,0.5382398,0.5239976,0.5277279,0.08656759,0.083569445,-0.07647956,-0.04799516,-0.055455778
43,SH601009,0.041034176253059586,0.6666666666666666,,,,SH601009,南京银行,2026-08-24,0.0025531217,0.022978732,0.11110803,0.012766033,0.5555586,0.0076595778,0.33333334,-0.0025533342,-0.11111728,0.9974534,1.0127336,0.9898133,1.0044374,0.95667493,0.9550312,0.955853,0.921099,0.8980862,0.9967595,0.9748621,0.97232014,0.9649329,0.941337,0.013990449,0.024967669,0.02090412,0.02036079,0.037492976,0.005436168,0.007303036,0.0008426314,0.0012817921,0.0010345847,0.37745264,0.78426397,0.056869514,0.30714792,0.23223741,-0.0076318006,-0.007725747,0.01967489,0.016481096,0.028142773,1.0178269,1.0178269,1.0178269,1.0178269,1.0178269,0.9567215,0.9413953,0.9413953,0.9125309,0.8361022,1.0023718,1.0,0.9985911,0.98739,0.96968424,0.9933311,0.95294124,0.95327,0.9516262,0.90712696,0.7,0.85,0.9,0.93333334,0.96666664,0.70826036,0.7667604,0.7667604,0.83069754,0.9019018,0.8,0.9,0.95,0.96666664,0.98333335,0.2,0.5,0.75,0.033333335,0.35,0.6,0.4,0.2,0.93333334,0.6333333,0.8994665,0.9133279,0.84803796,0.59888536,0.10621577,0.5413249,0.51155776,0.3715281,0.23759559,0.17293864,0.6,0.4,0.5,0.56666666,0.56666666,0.2,0.5,0.45,0.36666667,0.38333333,0.4,-0.1,0.05,0.2,0.18333334,0.8231166,0.7787469,0.6180904,0.65231174,0.57989687,0.1768834,0.22125307,0.3819096,0.3476883,0.42010313,0.6462332,0.55749387,0.23618077,0.30462343,0.15979375,0.92592525,0.68903214,0.66839856,0.66621846,0.6702993,0.22623771,0.30579662,0.23198296,0.20028798,0.17333426,0.8149376,1.2779719,1.0750122,1.038194,1.0300901,0.6480561,0.66798025,0.5944702,0.5495542,0.51323843,0.35194394,0.33201978,0.40552983,0.45044577,0.48676157,0.29611215,0.33596045,0.18894036,0.099108435,0.026476838
44,SZ002463,0.04073242050723484,0.6666666666666666,,,,,,2026-08-24,-0.039078776,0.08239795,-0.47426876,0.017793307,0.21594355,0.025525874,0.3097877,-0.03134621,-0.3804246,1.040668,1.0591849,0.97343606,0.99897885,1.082383,1.0617009,1.0166947,1.0786613,1.1425154,1.0177367,1.0375788,0.99730843,1.0214194,1.1018746,0.039018072,0.035042893,0.07447538,0.08537048,0.11370127,-0.0071271043,-0.006200939,0.008186889,-0.0017388058,-0.0041778916,0.08341316,0.28702947,0.4229416,0.032150548,0.41179734,-0.0034824861,-0.009674573,-0.07508388,0.0037932564,0.021373168,1.091794,1.1161273,1.1161273,1.2372551,1.3688542,0.97343606,0.97343606,0.8196722,0.8196722,0.8196722,1.052923,1.0653853,1.0622379,1.0719835,1.2021002,0.9876067,0.9978361,0.9141718,0.9702209,1.0002127,0.6,0.3,0.45,0.4,0.2,0.22443753,0.1861639,0.60828024,0.43183702,0.32835704,0.2,0.3,0.65,0.1,0.36666667,1.0,1.0,0.15,0.43333334,0.71666664,-0.8,-0.7,0.5,-0.33333334,-0.35,-0.037605103,-0.020724313,-0.37528512,0.1622655,0.5312283,0.08284633,0.07276806,0.22512476,0.3298242,0.3885142,0.4,0.5,0.5,0.5,0.48333332,0.6,0.5,0.5,0.5,0.51666665,-0.2,0.0,0.0,0.0,-0.033333335,0.310505,0.3998964,0.4896642,0.47055542,0.47633758,0.689495,0.6001036,0.5103358,0.5294446,0.5236624,-0.37899002,-0.20020719,-0.020671587,-0.058889132,-0.047324818,1.0108187,1.0089825,1.3075854,1.4768124,1.7796767,0.20994687,0.19278802,0.40311036,0.4915935,0.5503774,0.8632065,0.9845418,0.93194264,0.9400962,0.7586737,0.47562405,0.43952218,0.4934233,0.48863554,0.47084805,0.5243759,0.56047785,0.50657666,0.51136446,0.5291519,-0.04875187,-0.12095567,-0.013153373,-0.02272893,-0.058303874
45,SH600028,0.03967758885347006,0.8333333333333334,,,,SH600028,中国石化,2026-08-24,0.043052763,0.04892367,0.87999856,0.003913911,0.080000356,0.0019569993,0.040001072,0.04109585,0.83999926,0.95872426,1.0037524,0.956848,0.99297535,0.93991935,0.9604839,0.96612906,0.9157258,0.88991946,0.96774197,0.95592743,0.9614315,0.9608199,0.9235619,0.01945328,0.019022541,0.018951517,0.017915241,0.042219028,0.009032243,0.0040982394,-0.0007406635,1.0315434e-05,0.0018463236,0.53894633,0.42547008,0.053459138,2.569398e-05,0.5833095,0.014193553,0.02563048,0.045604825,0.039030503,0.021971593,1.0037524,1.0037524,1.0037524,1.0037524,1.0037524,0.93981415,0.92664844,0.92664844,0.9172867,0.83097917,0.97451615,0.96524197,0.9747581,0.9737904,0.96483874,0.95532256,0.9395161,0.94604844,0.94354844,0.88411295,1.0,1.0,1.0,1.0,1.0,0.9413127,0.9513337,0.9513337,0.9566029,0.97828156,1.0,1.0,1.0,1.0,1.0,0.2,0.4,0.7,0.033333335,0.36666667,0.8,0.6,0.3,0.96666664,0.6333333,0.95426947,0.9084879,0.58341444,0.40771505,0.009230949,0.914836,0.84922516,0.48766217,0.51788026,0.46948162,0.6,0.5,0.55,0.53333336,0.51666665,0.4,0.5,0.45,0.4,0.45,0.2,0.0,0.1,0.13333334,0.06666667,0.8634142,0.6788319,0.57499987,0.6199769,0.5784933,0.13658579,0.3211681,0.42500016,0.3800231,0.4215067,0.72682846,0.3576638,0.14999971,0.2399538,0.15698662,0.4940356,0.39278644,0.40802452,0.45234838,0.46613488,0.30069846,0.22995216,0.16842712,0.17862785,0.15116744,1.4907701,1.9248196,1.613125,1.4833417,1.2285004,0.81781054,0.7198886,0.6369131,0.5515719,0.5326277,0.18218946,0.28011137,0.3630869,0.4484281,0.46737227,0.6356211,0.43977726,0.2738262,0.10314379,0.06525545
46,SH600919,0.03840543134730103,0.75,,,,SH600919,江苏银行,2026-08-24,0.015912969,0.023450552,0.67857546,0.0058626113,0.24999887,0.0016749714,0.07142568,0.011725328,0.50000226,0.9843363,1.0057708,0.98268753,0.9990733,0.95799124,0.9734428,0.94640267,0.9251569,0.9121197,0.98647994,0.97460157,0.96861416,0.9594398,0.9389747,0.013814317,0.015758928,0.014302473,0.018256819,0.02807317,0.0069048842,0.0041730707,0.001472538,0.0017281934,0.0011350194,0.6245885,0.6427907,0.37100422,0.6944423,0.49856696,-0.00028968256,0.0066195955,0.017396746,0.015501364,0.027542248,1.0057708,1.0057708,1.0057708,1.0057708,1.0057708,0.9569913,0.9505714,0.941282,0.9173639,0.8681711,0.9980685,0.9875422,0.97720903,0.9736359,0.9622404,0.9806856,0.96175754,0.95799124,0.9447609,0.91434085,1.0,1.0,1.0,1.0,1.0,0.8816966,0.89545566,0.910515,0.9347248,0.9580611,1.0,1.0,1.0,1.0,1.0,0.2,0.5,0.05,0.033333335,0.35,0.8,0.5,0.95,0.96666664,0.65,0.711641,0.77698886,0.3273019,0.0081344,-0.15647343,0.92512953,0.6046941,0.46842927,0.2517534,0.21188617,0.8,0.5,0.6,0.6333333,0.5833333,0.2,0.5,0.4,0.36666667,0.41666666,0.6,0.0,0.2,0.26666668,0.16666667,0.8085109,0.65193367,0.63636357,0.62642753,0.57280004,0.1914891,0.34806636,0.3636364,0.37357247,0.42719993,0.6170218,0.30386728,0.2727272,0.2528551,0.14560011,0.9545007,0.7755409,0.87606966,0.89447033,0.9278316,0.22429067,0.25797263,0.23143585,0.22017558,0.19021264,0.4915298,0.9378431,0.6924068,0.65168667,0.7429136,0.5625341,0.4982129,0.5360056,0.48370057,0.4931585,0.4374659,0.50178707,0.46399438,0.5162994,0.50684154,0.12506816,-0.0035741713,0.072011225,-0.032598864,-0.013683045
47,SH601117,0.03722503153727629,0.8333333333333334,,,,SH601117,中国化学,2026-08-24,-0.001331606,0.010652506,-0.12500401,0.0039946814,0.3749992,0.005326219,0.49999678,-6.838568e-08,-6.41968e-06,1.0013334,1.0053334,0.9946667,0.9992164,0.991009,1.0249751,1.00999,0.96503496,1.0149851,0.9992008,0.9993007,1.0103396,1.0078921,1.0045122,0.004202938,0.008319017,0.013956973,0.014184772,0.029852115,0.001098903,-0.0007326037,-0.0016126734,-6.867489e-05,8.4744126e-05,0.1709042,0.07108953,0.46728125,0.0018165734,0.002457926,-0.0013986126,0.0039960025,0.0049807224,-0.0068963394,-0.0070121265,1.0069983,1.0363251,1.03817,1.03817,1.1095223,0.9866667,0.98033863,0.98033863,0.96275645,0.9394841,1.0013986,1.003996,1.0249751,1.0217782,1.0249751,0.9984016,0.9918082,0.9992008,0.9946054,0.982018,0.5,0.55,0.275,0.31666666,0.45833334,0.6557914,0.3511808,0.3399772,0.49385726,0.35589582,0.8,0.1,0.25,0.5,0.25,0.2,0.5,0.75,0.033333335,0.1,0.6,-0.4,-0.5,0.46666667,0.15,-0.69921464,0.6727547,0.8009375,0.33160856,0.48285434,-0.09001239,0.10526757,0.38735852,0.22942512,0.23031764,0.6,0.4,0.5,0.53333336,0.5,0.4,0.6,0.5,0.46666667,0.5,0.2,-0.2,0.0,0.06666667,0.0,0.64516115,0.3287671,0.46621618,0.55520505,0.4925521,0.35483885,0.67123294,0.5337838,0.44479492,0.5074479,0.2903223,-0.34246582,-0.06756764,0.11041014,-0.014895783,0.9744622,1.040739,1.2556146,1.4053482,1.9144679,0.03507782,0.16933279,0.32002765,0.37284693,1.0616478,0.55018824,0.5436449,0.7268781,0.9711575,1.6935141,0.7216053,0.4328726,0.46881953,0.47840983,0.48045978,0.2783947,0.5671274,0.53118044,0.5215902,0.51954025,0.4432106,-0.1342548,-0.06236092,-0.043180354,-0.03908046
48,SZ002648,0.037167776012955386,0.75,,,,,,2026-08-24,-0.00598577,0.03628882,-0.16494805,0.013842159,0.38144416,0.016460892,0.4536078,-0.0033670375,-0.092784435,1.0060219,1.0199473,0.98344,0.99796855,0.9710136,0.9958591,0.9269669,0.83062,0.85719556,1.0110556,0.989642,0.9724034,0.9484656,0.9185603,0.0076100826,0.024879951,0.027542913,0.043792434,0.050894,-0.0012791428,0.0057862666,0.003906883,0.004589086,0.0021272812,0.07063164,0.49580318,0.70422107,0.8510516,0.5328641,-0.008497346,-0.015680242,-0.009518792,-0.015007323,0.018684901,1.0349932,1.0349932,1.0349932,1.0349932,1.0349932,0.97478306,0.9243447,0.9089221,0.851316,0.79749775,1.0169209,1.0110613,1.0018775,0.9868285,0.95972544,1.0075103,0.9684554,0.9506778,0.91554254,0.87024784,0.2,0.6,0.8,0.8666667,0.93333334,0.41881564,0.6837447,0.7224332,0.8094856,0.8526576,0.6,0.8,0.9,0.93333334,0.96666664,0.2,0.5,0.05,0.033333335,0.25,0.4,0.3,0.85,0.9,0.71666664,0.13117687,0.36144808,0.46711022,-0.107546076,0.057566978,0.17381404,0.19206351,0.26824722,0.5352805,0.24880739,0.4,0.4,0.6,0.56666666,0.48333332,0.6,0.6,0.4,0.43333334,0.51666665,-0.2,-0.2,0.2,0.13333334,-0.033333335,0.7080619,0.51371145,0.65592813,0.66788477,0.55921715,0.2919381,0.48628855,0.34407184,0.33211523,0.44078285,0.41612378,0.027422883,0.3118563,0.3357695,0.1184343,1.2531124,1.163426,1.1056224,1.2081578,1.4883485,0.31682816,0.2842544,0.23917964,0.32182488,0.86247915,1.2857132,0.95139855,1.0497985,1.3023452,1.0647607,0.2906631,0.4504535,0.49749878,0.4910239,0.50160986,0.70933694,0.5495465,0.50250125,0.5089761,0.4983901,-0.4186738,-0.099093005,-0.005002454,-0.017952207,0.003219778
49,SH601818,0.03536908312354827,0.9166666666666666,,,,SH601818,光大银行,2026-08-24,0.016556326,0.019867538,0.83333564,0.003311211,0.16666438,0.0,0.0,0.013245116,0.6666712,0.9837133,1.0032573,0.9837133,0.99688876,0.9738863,0.99231946,1.0092165,0.9831029,0.9877112,0.98279566,0.9817204,0.9976958,0.99897593,0.9895545,0.010883559,0.008078122,0.021554407,0.017933503,0.024598394,0.006451612,0.00077270373,-0.0027926953,-0.0009527566,0.000114812574,0.87848556,0.08387193,0.58754754,0.21874364,0.006644545,0.0043010926,0.014802419,0.028834773,0.014839057,0.0070585175,1.0032573,1.0032573,1.0447292,1.0447292,1.0447292,0.9700817,0.9700817,0.9700817,0.9700817,0.9133179,0.9864823,0.9837173,1.0135176,1.0122888,1.0092165,0.97572964,0.97634405,0.981874,0.9831029,0.9738863,1.0,1.0,0.675,0.5833333,0.6666667,0.90181696,0.90181696,0.4007942,0.4007942,0.659624,1.0,1.0,0.25,0.5,0.75,0.6,0.8,0.9,0.93333334,0.36666667,0.4,0.2,-0.65,-0.43333334,0.38333333,0.9250518,0.76187235,0.82833874,0.7197989,0.21420155,0.9299624,0.49821252,0.46886036,0.33530268,0.26320937,0.6,0.4,0.35,0.46666667,0.48333332,0.2,0.5,0.5,0.43333334,0.45,0.4,-0.1,-0.15,0.033333335,0.033333335,0.9047626,0.5675678,0.46938783,0.5354839,0.51123595,0.095237404,0.43243214,0.5306122,0.4645161,0.48876402,0.8095252,0.13513571,-0.061224364,0.07096779,0.022471962,0.67262906,0.64356244,0.81735384,0.8536447,0.8619726,0.1928112,0.14837241,0.2730986,0.2538771,0.22303344,1.2697985,1.149861,1.3017801,1.1159225,0.9313216,0.74777097,0.64669865,0.5216081,0.50780207,0.5103216,0.25222903,0.35330135,0.4783919,0.49219796,0.48967838,0.49554193,0.29339728,0.043216202,0.015604103,0.020643236
50,SH601018,0.03533113473231861,0.8333333333333334,,,,SH601018,宁波港,2026-08-24,0.017804224,0.023738876,0.7500028,0.005934653,0.24999721,0.0,0.0,0.01186957,0.50000554,0.9825072,1.0058309,0.9825072,0.9987148,0.96951216,0.98983735,0.9918699,0.9634146,1.0162601,0.9873983,0.98048776,0.9902439,0.9909214,0.9776084,0.010303891,0.010372709,0.0161205,0.013741067,0.024449004,0.0052845525,0.002537567,-0.0015251555,-0.00050191296,0.00036409165,0.657588,0.548608,0.31328472,0.103399314,0.06763927,0.002032546,0.00809316,0.02424509,0.016356345,0.011650912,1.0058309,1.0058309,1.0302272,1.0302272,1.0302272,0.96570957,0.96279204,0.96279204,0.95721394,0.90085745,0.99186987,0.98983735,1.000813,1.0,0.99634147,0.9829268,0.97154474,0.9747968,0.97764224,0.95731705,1.0,1.0,0.775,0.81666666,0.85833335,0.8546697,0.8645214,0.55175906,0.58600384,0.76635015,1.0,1.0,0.25,0.5,0.016666668,0.2,0.2,0.6,0.033333335,0.33333334,0.8,0.8,-0.35,0.46666667,-0.31666666,0.74814874,0.56079715,0.44018048,0.34113672,0.28802106,0.90162826,0.44023806,0.3700447,0.35339284,0.11422427,0.6,0.4,0.45,0.5,0.53333336,0.2,0.4,0.4,0.36666667,0.38333333,0.4,0.0,0.05,0.13333334,0.15,0.89473695,0.57575786,0.525641,0.575,0.48620692,0.10526304,0.42424214,0.47435898,0.425,0.5137931,0.7894739,0.15151569,0.051282022,0.14999995,-0.027586186,0.94348645,0.8260042,0.83622384,0.8804506,0.8687296,0.28941855,0.25614405,0.19521458,0.26667207,0.23367871,1.2310598,1.2164142,0.9838855,0.9131565,0.90793794,0.53153557,0.5461266,0.5461716,0.5195677,0.49378246,0.4684644,0.45387343,0.45382842,0.48043227,0.50621754,0.06307119,0.092253156,0.09234315,0.039135475,-0.012435097
51,SH600016,0.03492275927229358,0.8333333333333334,,,,SH600016,民生银行,2026-08-24,0.01152738,0.01729107,0.6666667,0.0028818108,0.16666469,0.0028818792,0.16666864,0.011527449,0.6666706,0.988604,1.002849,0.98575497,0.99673253,0.97148967,1.0056562,1.0056562,0.9601009,0.9957961,0.9839945,0.98428494,1.0002484,0.99834645,0.98400724,0.013008744,0.011341919,0.020487944,0.018279811,0.0307835,0.007987465,8.61631e-05,-0.0026750546,-0.00041159306,0.00029549113,0.94251263,0.00052903075,0.59667325,0.039291117,0.028103003,3.058942e-05,0.015327334,0.025164623,0.007621662,0.007275798,1.002849,1.0085119,1.0455203,1.0455203,1.0455203,0.9657506,0.9629429,0.9629429,0.9515676,0.8976158,0.9908278,0.99426734,1.0142169,1.0090652,1.007032,0.9748681,0.9737522,0.98625696,0.98514104,0.9555148,1.0,1.0,0.5,0.53333336,0.6333333,0.92320496,0.8132091,0.4487558,0.51549757,0.69223166,1.0,0.1,0.25,0.5,0.75,0.4,0.5,0.75,0.033333335,0.36666667,0.6,-0.4,-0.5,0.46666667,0.38333333,0.5882154,0.34447628,0.7771495,0.51809204,0.18452244,0.7843574,0.42344835,0.24947922,0.3214133,0.21125545,0.6,0.3,0.4,0.46666667,0.43333334,0.2,0.5,0.4,0.4,0.43333334,0.4,-0.2,0.0,0.06666667,0.0,0.8565977,0.46185562,0.48161033,0.5796216,0.50373083,0.14340226,0.5381444,0.51838964,0.42037836,0.49626917,0.71319544,-0.07628876,-0.03677934,0.15924327,0.007461645,0.90992707,0.86404693,1.0998735,1.2362895,1.1970482,0.20489228,0.16621517,0.31746158,0.39034075,0.32128736,0.72272354,0.7999462,1.0777463,0.96192425,0.8960285,0.61729175,0.5312825,0.44275013,0.5034654,0.49096963,0.38270825,0.4687175,0.5572499,0.49653462,0.5090304,0.2345835,0.06256501,-0.11449975,0.0069307946,-0.018060772
52,SH600015,0.03454644020220396,0.75,,,,SH600015,华夏银行,2026-08-24,0.022388069,0.0283582,0.78947425,0.0044775982,0.1578943,0.0014925328,0.052631434,0.019403005,0.6842114,0.9781022,1.0043795,0.9766423,0.9945389,0.96217924,0.98694277,0.9772625,0.956326,0.93538946,0.97735256,0.97471863,0.9875507,0.9814573,0.9616802,0.0158689,0.012419738,0.019535389,0.018460661,0.027950013,0.009320118,0.0012566024,-0.0020024155,0.00025938035,0.0008884539,0.86236113,0.09383878,0.3677328,0.015299647,0.30818084,0.0040072026,0.019626683,0.03147229,0.014781673,0.012110424,1.0043795,1.0043795,1.0293691,1.0293691,1.0293691,0.95638317,0.95638317,0.95638317,0.9452324,0.8839536,0.9861324,0.9829356,1.0011706,0.9907249,0.9826655,0.96217924,0.96217924,0.97086895,0.96501577,0.941828,1.0,1.0,0.8,0.8666667,0.93333334,0.90875244,0.90875244,0.59760606,0.6509362,0.7980334,1.0,1.0,0.25,0.5,0.75,0.6,0.8,0.9,0.23333333,0.33333334,0.4,0.2,-0.65,0.26666668,0.41666666,0.24386625,0.20467857,0.59144247,0.35506958,0.2074531,0.085040055,0.17710401,0.2661187,0.19886541,0.20721304,0.4,0.2,0.4,0.46666667,0.5,0.2,0.6,0.5,0.43333334,0.45,0.2,-0.4,-0.1,0.033333335,0.05,0.9329897,0.5953951,0.56019074,0.5831904,0.5524297,0.0670103,0.4046049,0.43980923,0.41680962,0.44757035,0.8659794,0.19079016,0.12038153,0.16638075,0.104859315,0.9139343,0.72950685,0.89197844,0.9197061,0.8853465,0.31521168,0.29125485,0.353029,0.3090937,0.250757,1.2872075,1.4397328,1.4492034,1.3410017,1.0078515,0.6400939,0.5809989,0.5126976,0.51648897,0.48931402,0.35990608,0.41900107,0.4873024,0.48351103,0.510686,0.28018782,0.16199782,0.025395202,0.032977924,-0.021371987
53,SH600941,0.03255819270749242,0.6666666666666666,,,,SH600941,中国移动,2026-08-24,0.015408658,0.020718455,0.74371654,0.005309797,0.25628343,0.0,0.0,0.0100988615,0.48743314,0.9848252,1.0052292,0.9848252,1.0013118,0.9845122,0.9914693,0.967782,0.93746895,0.9937883,0.99128705,0.9903429,0.9923555,0.98263764,0.96279615,0.0072929477,0.0068651447,0.009473913,0.017299354,0.037503213,0.002716594,0.0006997211,-0.00042781382,0.0012722248,0.0006437749,0.34688318,0.09522742,0.07137053,0.41915023,0.08987337,0.0032797356,0.0065083364,0.011708721,-0.0010849184,0.018212518,1.0052292,1.0061283,1.0192538,1.0192538,1.0192538,0.9749287,0.9749287,0.9661709,0.9297948,0.87544817,0.9970846,0.9970846,0.9990061,0.99662083,0.9927116,0.9858705,0.98524106,0.98524106,0.96811336,0.9225775,1.0,0.9,0.85,0.9,0.9,0.8274214,0.80357605,0.6372877,0.784775,0.86611223,1.0,0.4,0.25,0.5,0.75,0.2,0.6,0.05,0.033333335,0.33333334,0.8,-0.2,0.2,0.46666667,0.41666666,0.9585868,0.83847034,0.6610197,0.20350368,0.18670501,0.98299587,0.8789881,0.5985975,0.50421053,0.4784737,0.4,0.3,0.45,0.53333336,0.45,0.6,0.7,0.55,0.46666667,0.53333336,-0.2,-0.4,-0.1,0.06666667,-0.083333336,0.6935813,0.55347836,0.5765447,0.6108012,0.5054514,0.30641872,0.44652164,0.4234553,0.38919875,0.49454865,0.38716257,0.10695672,0.15308939,0.22160248,0.010902726,0.7133168,0.7060186,0.92499804,0.9652682,0.8544643,0.25277826,0.23676102,0.34935272,0.3712418,0.29952714,0.9278722,0.9979131,0.82150126,0.94276965,0.8694754,0.558945,0.5220366,0.53524965,0.51106817,0.5155101,0.44105497,0.47796342,0.46475032,0.48893186,0.4844899,0.117890045,0.044073164,0.07049934,0.022136299,0.031020198
54,SH601607,0.03192120165150094,0.75,,,,SH601607,上海医药,2026-08-24,-0.0006172567,0.01481484,-0.041664757,0.0043210234,0.29166856,0.00987656,0.6666667,0.00493828,0.33333334,1.0006176,1.0049413,0.9901173,0.99914783,1.0172695,1.0327413,1.0166702,0.98790586,0.9970037,1.0109937,1.0187078,1.0233139,1.0236362,0.9981668,0.0120614655,0.012459522,0.011800349,0.011534032,0.029445684,-0.004074949,-0.0031392572,-0.0010776427,-0.0003570224,0.0011523155,0.28535414,0.5819189,0.29189587,0.07425578,0.46708876,-0.0028437627,-0.0045811,-0.013076273,-0.018459382,-0.0321601,1.0345957,1.0463308,1.048183,1.0531079,1.0531079,0.9901173,0.9901173,0.9901173,0.9830698,0.90808725,1.0176617,1.0294073,1.0332316,1.0331117,1.0273044,1.0,1.0088909,1.014818,1.014818,0.9744933,0.3,0.15,0.075,0.05,0.525,0.22218996,0.17580602,0.170198,0.24172892,0.63379115,0.6,0.1,0.5,0.2,0.6,1.0,1.0,1.0,0.033333335,0.33333334,-0.4,-0.9,-0.5,0.16666667,0.26666668,0.06170313,0.090141386,0.28235167,0.26202393,0.28735116,-0.07478176,0.15764116,0.30892336,0.31783292,0.26543504,0.2,0.2,0.35,0.43333334,0.45,0.6,0.7,0.6,0.53333336,0.51666665,-0.4,-0.5,-0.25,-0.1,-0.06666667,0.33743614,0.3291645,0.44986916,0.5211913,0.50242615,0.66256386,0.6708355,0.55013084,0.4788087,0.49757388,-0.3251277,-0.341671,-0.10026171,0.042382576,0.00485226,1.3925298,1.3385257,1.348422,1.556449,1.3910035,0.47830147,0.36883318,0.29263207,0.53251404,0.47966897,1.3221225,1.1987057,1.1168381,0.9322182,0.9919159,0.4517288,0.4343934,0.485294,0.45658666,0.4910883,0.54827124,0.5656066,0.514706,0.54341334,0.5089117,-0.096542425,-0.13121322,-0.029412,-0.08682667,-0.017823415
55,SH688981,0.031200390050847612,0.8333333333333334,,,,SH688981,中芯国际,2026-08-24,-0.031485938,0.052048218,-0.60493785,0.0022489785,0.04320952,0.018313304,0.35185266,-0.015421611,-0.29629472,1.0325096,1.0348316,0.9810913,1.00368,1.1341848,1.0470227,1.1923205,1.3566097,1.1603085,1.0513684,1.0667689,1.0544202,1.1171919,1.14719,0.044030733,0.04151442,0.044398718,0.10320282,0.11010547,-0.02654669,-0.0051091425,0.0006240504,-0.008553559,-0.0012831679,0.9087594,0.13883838,0.0069145914,0.5323685,0.041423712,0.0017250174,-0.04377778,-0.06034876,0.006834727,-0.109336495,1.1401558,1.1401558,1.2149609,1.3839774,1.4624316,0.9810913,0.9810913,0.9554652,0.9554652,0.9554652,1.0731796,1.1054237,1.0888538,1.1960359,1.2571238,1.027998,1.0390446,1.0266213,1.0339193,1.0407199,0.2,0.1,0.1,0.06666667,0.033333335,0.11887416,0.11887416,0.1716205,0.10392887,0.08784565,0.2,0.6,0.05,0.033333335,0.48333332,1.0,1.0,0.3,0.53333336,0.76666665,-0.8,-0.4,-0.25,-0.5,-0.28333333,0.4691453,0.66683453,0.20328222,0.6076717,0.6630771,-0.6536293,-0.011770529,0.0010819186,0.10230817,0.33872497,0.0,0.4,0.4,0.36666667,0.48333332,1.0,0.6,0.6,0.6333333,0.51666665,-1.0,-0.2,-0.2,-0.26666668,-0.033333335,0.0,0.40007052,0.34434155,0.34029123,0.46665287,1.0,0.59992945,0.6556584,0.6597088,0.53334713,-1.0,-0.19985896,-0.31131688,-0.31941757,-0.06669427,1.01689,1.1232836,1.235558,1.4187945,1.7176225,0.29656196,0.33108163,0.30012387,0.44739082,0.5299606,0.9437358,0.79154134,0.7319838,1.0551263,1.055662,0.3604836,0.5191365,0.4859405,0.41911516,0.44142696,0.6395164,0.48086354,0.51405954,0.5808849,0.558573,-0.27903286,0.038272947,-0.028119035,-0.16176972,-0.117146075
56,SZ300661,0.030376812659681812,0.6666666666666666,,,,,,2026-08-24,-0.04935845,0.077331066,-0.63827455,0.0068434486,0.08849547,0.021129163,0.27322996,-0.035072736,-0.4535401,1.0519212,1.0591199,0.9777738,1.0059458,1.1089716,0.99226135,0.8898575,1.0461572,1.0597501,1.0217211,1.0475742,0.9778544,0.96855557,1.044282,0.041614015,0.044786118,0.08994464,0.080607936,0.1275458,-0.0013226948,-0.0055425344,0.01202537,0.0043149833,-0.0020183444,0.0025256902,0.14039169,0.62562543,0.22207738,0.0763762,-0.019075744,-0.02263271,-0.09209541,-0.031122819,0.015259142,1.1058239,1.1140116,1.1140116,1.1140116,1.3668699,0.9520337,0.9520337,0.7983479,0.7983479,0.7983479,1.0497978,1.0758585,1.0497978,1.0490751,1.1859461,0.9916485,1.0313861,0.8974881,0.9007976,0.9357348,0.4,0.2,0.55,0.6333333,0.45,0.31189436,0.29612854,0.63881934,0.63881934,0.35469538,0.2,0.4,0.7,0.8,0.38333333,0.4,0.7,0.15,0.43333334,0.71666664,-0.2,-0.3,0.55,0.36666667,-0.33333334,0.021084672,0.13604426,-0.20654905,-0.17131114,0.14382337,-0.049328655,0.11345491,0.32027417,0.3061416,0.16123633,0.4,0.7,0.65,0.5,0.55,0.6,0.3,0.35,0.5,0.45,-0.2,0.4,0.3,0.0,0.1,0.31271815,0.509492,0.56632185,0.48111784,0.48802462,0.68728185,0.49050802,0.43367812,0.51888216,0.5119754,-0.37456366,0.018983979,0.13264374,-0.037764337,-0.02395078,1.5607599,1.5644182,1.6542289,1.6502023,1.8817337,0.6080178,0.47294554,0.470689,0.45333615,0.576633,0.7641156,0.9307952,0.8403548,0.9318259,0.93039864,0.41638932,0.44510105,0.46460712,0.4633989,0.48025188,0.5836107,0.5548989,0.5353929,0.5366011,0.51974815,-0.1672214,-0.10979787,-0.07078578,-0.073202215,-0.039496247
57,SH600025,0.02958107652450237,0.6666666666666666,,,,SH600025,华能水电,2026-08-24,0.011494252,0.018808737,0.6111124,0.0062695583,0.33333224,0.0010449264,0.055555373,0.0062696203,0.33333552,0.9886364,1.0061983,0.9876033,1.0007615,0.98769486,1.0065627,1.0221493,1.0139458,1.0,0.99868745,0.99893355,1.0120181,1.0184578,0.99219304,0.0064750253,0.0074390955,0.019254016,0.021248024,0.03893331,-0.0013125542,-0.0008998905,-0.0026738301,-0.0015149458,0.0009283181,0.10272865,0.1341376,0.67498326,0.39396602,0.1734007,0.0039376686,0.005115969,0.013383349,0.0035089715,-0.019578429,1.0171796,1.0230653,1.0593752,1.0729624,1.0729624,0.9876033,0.98459536,0.98459536,0.98459536,0.8944123,1.0016407,1.0042658,1.031009,1.0459392,1.0244462,0.99606234,0.9921247,0.997539,0.9998359,0.9540607,0.8,0.6,0.35,0.23333333,0.53333336,0.4191422,0.40043303,0.20599963,0.17432542,0.5913618,0.6,0.1,0.25,0.2,0.6,1.0,0.5,0.75,0.8333333,0.31666666,-0.4,-0.4,-0.5,-0.6333333,0.28333333,0.7022942,0.35821435,0.47969636,0.5288969,0.20340186,0.6531889,0.56361127,0.1489626,0.19823357,0.14484611,0.6,0.5,0.45,0.43333334,0.51666665,0.4,0.5,0.45,0.43333334,0.41666666,0.2,0.0,0.0,0.0,0.1,0.6271183,0.45833346,0.4307694,0.4731861,0.5,0.3728817,0.5416665,0.5692306,0.52681386,0.5,0.25423655,-0.083333075,-0.1384612,-0.053627763,0.0,0.9643064,0.8382678,0.8955571,1.1420791,1.2095764,0.27590704,0.2333169,0.20622396,0.46950173,0.43567544,0.38011947,0.5896275,0.82467854,1.2844772,0.99767745,0.57592195,0.5573554,0.44340292,0.4452397,0.46203887,0.42407805,0.44264457,0.55659705,0.55476034,0.5379611,0.15184394,0.11471085,-0.11319415,-0.10952062,-0.07592224
58,SZ000338,0.029408049029339335,0.6666666666666666,,,,,,2026-08-24,-0.069310345,0.103103414,-0.67224103,0.013448315,0.1304352,0.020344757,0.1973238,-0.0624139,-0.6053524,1.0744721,1.0889219,0.9781401,1.0074543,1.1415344,1.1745446,1.0416453,0.97390735,1.2939055,1.0621696,1.0952641,1.0718197,1.0393155,1.0547861,0.04784085,0.049219914,0.063489996,0.075166054,0.075239666,-0.023192976,-0.013384991,0.004538023,0.005975079,-0.00075685506,0.587564,0.6779004,0.1788096,0.48971727,0.030862529,-0.015783636,-0.03503156,-0.11493088,-0.12595414,-0.032458816,1.1696903,1.1852487,1.1852487,1.1852487,1.3070759,0.9781401,0.9781401,0.9274032,0.87138075,0.87138075,1.0904046,1.1404101,1.132359,1.1082026,1.1120127,1.0388252,1.0509049,1.018663,0.9713465,0.99887884,0.2,0.1,0.2,0.33333334,0.23333333,0.11412091,0.10554787,0.2815515,0.40978774,0.29520476,0.2,0.3,0.65,0.76666665,0.016666668,1.0,1.0,0.15,0.16666667,0.5833333,-0.8,-0.7,0.5,0.6,-0.56666666,-0.70775145,-0.09420001,-0.34465268,-0.47855788,-0.071306795,-0.7724655,-0.54973257,-0.17751187,-0.07268846,-0.22555737,0.2,0.3,0.5,0.5,0.46666667,0.8,0.7,0.5,0.5,0.53333336,-0.6,-0.4,0.0,0.0,-0.06666667,0.15525603,0.24076992,0.47377527,0.5114954,0.436651,0.84474397,0.7592301,0.52622473,0.4885046,0.563349,-0.68948793,-0.51846015,-0.052449454,0.02299085,-0.126698,0.64582443,0.6986304,0.8103258,0.8576017,0.990351,0.22284797,0.16763604,0.1935141,0.20258008,0.30216458,1.0919261,0.9829384,0.8161629,0.8211471,0.79840016,0.58200526,0.48987585,0.5372861,0.51427835,0.50168794,0.41799474,0.51012415,0.4627139,0.48572162,0.4983121,0.16401052,-0.020248283,0.07457222,0.028556753,0.0033758385
59,SH601816,0.029185982021553078,1.0,,,,SH601816,京沪高铁,2026-08-24,0.010288103,0.016460873,0.62500346,0.0041151806,0.2499977,0.0020575903,0.12499885,0.008230512,0.5000046,0.98981667,1.0040733,0.98778003,0.9973358,0.9926063,1.0166358,0.9963031,0.93345654,1.0018483,1.0007393,1.0049907,1.0131239,1.0012323,0.9751386,0.0076882285,0.011853362,0.014203119,0.024848323,0.04136353,-0.0009242104,-0.002498182,-0.0017316862,0.0013553777,0.0010320696,0.036126766,0.40717065,0.5202822,0.2305835,0.18988146,0.0011090704,0.0062510762,0.0033271909,-0.020885244,-0.0055846632,1.0214506,1.0345888,1.043691,1.043691,1.043691,0.9800369,0.9800369,0.9800369,0.92490363,0.8845754,1.0077634,1.012939,1.0243993,1.0207024,1.0110905,0.995194,0.99556375,0.9992606,0.98964876,0.9260628,0.6,0.5,0.25,0.41666666,0.64166665,0.48203987,0.36594647,0.3136178,0.6321912,0.7254131,0.6,0.2,0.3,0.53333336,0.76666665,0.2,0.6,0.8,0.033333335,0.33333334,0.4,-0.4,-0.5,0.5,0.43333334,0.45210296,0.35951132,0.6634005,-0.031613503,-0.10331717,0.4814191,0.40151674,0.13793178,0.12507333,0.10579397,0.8,0.5,0.55,0.56666666,0.51666665,0.2,0.5,0.45,0.4,0.41666666,0.6,0.0,0.1,0.16666667,0.1,0.5833335,0.40425554,0.508772,0.6097561,0.49843264,0.41666654,0.5957445,0.49122798,0.3902439,0.50156736,0.16666694,-0.19148892,0.01754406,0.21951222,-0.0031347058,1.3438718,1.2697518,1.6403033,1.8171979,1.9566242,0.34631506,0.26705968,0.53772163,0.69361377,0.71232355,0.6857516,0.55956304,0.69591165,0.8417852,1.0668948,0.431531,0.3758087,0.4558815,0.485661,0.4701109,0.568469,0.6241913,0.54411846,0.514339,0.5298891,-0.13693795,-0.24838263,-0.088236965,-0.028678011,-0.059778202
60,SH600010,0.027902547237386176,1.0,,,,SH600010,包钢股份,2026-08-24,0.018018054,0.02702704,0.6666677,0.009008986,0.33333233,0.0,0.0,0.009009068,0.33333534,0.9823009,1.0088495,0.9823009,0.99538517,0.98682827,1.0136986,0.9694415,0.9162276,1.044257,0.97544783,0.9816649,0.9858535,0.9779592,0.9994292,0.016044043,0.013158396,0.015457739,0.01876748,0.042909235,0.0043730256,-0.0014688479,-0.0001493459,0.000999706,-0.0015012512,0.18572758,0.11422447,0.003267102,0.21990463,0.37334043,0.01580611,0.024944915,0.015565267,0.0075450204,0.0448577,1.0088495,1.0137033,1.0266578,1.0266578,1.1153846,0.95605856,0.95605856,0.95595366,0.92949903,0.90305084,0.9860906,0.99157006,0.99662805,0.99241304,1.0418335,0.9638567,0.96849316,0.9728135,0.96048474,0.96849316,1.0,1.0,0.85,0.9,0.65,0.8323666,0.76227987,0.62296724,0.72562665,0.45658863,1.0,0.1,0.45,0.6333333,0.25,0.4,0.7,0.1,0.033333335,0.46666667,0.6,-0.6,0.35,0.6,-0.21666667,0.6066048,0.42337644,0.61266774,0.3368079,0.5115965,0.4040892,0.33627865,0.39759323,0.496702,0.30974275,0.6,0.4,0.5,0.5,0.46666667,0.4,0.5,0.4,0.43333334,0.45,0.2,-0.1,0.1,0.06666667,0.016666668,0.6,0.44298258,0.57004845,0.59900385,0.47887325,0.4,0.5570174,0.42995158,0.40099618,0.52112675,0.2,-0.114034824,0.14009687,0.19800766,-0.042253494,0.49378762,0.4596708,0.5142939,0.53767794,0.6728426,0.2915955,0.21291135,0.20675343,0.20143332,0.2820768,1.397135,1.2994167,1.0883754,1.4736235,1.3390568,0.8187405,0.6247335,0.5934894,0.53262866,0.50985247,0.18125954,0.37526652,0.40651062,0.46737137,0.4901475,0.6374809,0.24946699,0.18697879,0.06525726,0.01970497
61,SH601328,0.02763626106820679,0.5,,,,SH601328,交通银行,2026-08-24,0.014084557,0.019718282,0.71428925,0.0042253346,0.21428512,0.0014083906,0.071425624,0.011267614,0.5714297,0.98611104,1.0041666,0.98472226,0.999685,0.9581881,0.9581881,0.97361875,0.94026875,0.90144354,0.98845196,0.9738178,0.977551,0.9710801,0.9423262,0.00969929,0.016819764,0.018743772,0.019635765,0.036332324,0.004828268,0.0049052066,-0.0005778508,0.00083550625,0.0013865086,0.61950225,0.77962595,0.033264846,0.14031544,0.44417965,0.0018914865,0.0041087647,0.027938576,0.016805034,0.01677181,1.0041666,1.0041666,1.0164261,1.0164261,1.0164261,0.9569519,0.9499596,0.9499596,0.9315463,0.86210424,0.9944251,0.9894475,0.99382776,0.9873569,0.9741165,0.98437035,0.9593827,0.9596814,0.9575908,0.906222,1.0,1.0,0.9,0.93333334,0.96666664,0.9117511,0.92313457,0.7528669,0.8064785,0.8935597,1.0,1.0,0.15,0.43333334,0.71666664,0.2,0.2,0.6,0.033333335,0.36666667,0.8,0.8,-0.45,0.4,0.35,-0.042210244,0.54348135,0.73324037,0.37189853,-0.00013376607,0.8979945,0.7016422,0.51819086,0.47799265,0.42673373,0.8,0.7,0.55,0.56666666,0.5833333,0.2,0.3,0.45,0.4,0.38333333,0.6,0.4,0.1,0.16666667,0.2,0.8888891,0.80000025,0.5667506,0.5946372,0.5743243,0.11111095,0.19999976,0.4332494,0.40536276,0.4256757,0.7777781,0.60000044,0.13350116,0.18927446,0.1486486,1.0929859,0.95672274,1.2057447,1.2865031,1.3426822,0.3002746,0.2487882,0.4997576,0.48171604,0.40244815,0.8731202,1.210413,1.2427926,1.1978854,1.0038177,0.5681117,0.5665543,0.47472766,0.46168542,0.4869758,0.43188825,0.43344572,0.52527237,0.5383146,0.5130242,0.13622347,0.13310859,-0.050544687,-0.07662915,-0.026048444
62,SH601668,0.02708828226999042,0.9166666666666666,,,,SH601668,中国建筑,2026-08-24,0.009132445,0.013698632,0.66666836,0.0022830935,0.1666658,0.0022830935,0.1666658,0.009132445,0.66666836,0.9909502,1.0022625,0.98868775,0.99832463,0.9865229,1.0269542,1.0476191,0.9901168,1.0305481,0.99622643,1.0008086,1.0244384,1.0290805,1.0064839,0.0063340776,0.011900377,0.028457915,0.027694274,0.03699659,0.002246185,-0.0022597914,-0.0043477956,-0.0016416361,0.0006012702,0.31438679,0.33054197,0.81695867,0.27231753,0.080559306,-0.0007187775,0.009360452,0.016865622,-0.00527682,-0.024221428,1.0094857,1.0360342,1.0774777,1.0774777,1.0774777,0.98199755,0.98199755,0.98199755,0.98199755,0.9132974,1.0005391,1.0071877,1.0503144,1.0544474,1.0389937,0.99227315,0.99227315,0.9976639,1.0007187,0.9748427,0.8,0.6,0.3,0.2,0.38333333,0.65491754,0.33315212,0.18854643,0.18854643,0.5280937,0.6,0.1,0.3,0.53333336,0.76666665,0.2,0.6,0.8,0.8666667,0.33333334,0.4,-0.5,-0.5,-0.33333334,0.43333334,0.6083876,-0.31831992,0.74586415,0.5356534,0.3641798,0.9461329,0.30437607,0.26514807,0.16214372,0.17422232,0.6,0.3,0.35,0.43333334,0.45,0.2,0.6,0.55,0.43333334,0.43333334,0.4,-0.3,-0.2,0.0,0.016666668,0.7142854,0.31250012,0.35978848,0.51839465,0.4714765,0.2857146,0.6874999,0.6402115,0.48160535,0.5285235,0.4285708,-0.37499976,-0.28042305,0.03678932,-0.057047017,1.1209962,1.0818262,1.3051151,1.4876474,1.371263,0.22892481,0.20819582,0.35864487,0.47913623,0.39787894,0.7872546,0.6116337,0.957094,1.0652173,0.98789465,0.35931414,0.48892704,0.38141057,0.4754583,0.48032445,0.64068586,0.51107293,0.61858946,0.5245417,0.51967555,-0.28137174,-0.022145899,-0.23717889,-0.04908339,-0.039351076
63,SH601006,0.026033476829806126,0.6666666666666666,,,,SH601006,大秦铁路,2026-08-24,0.006423946,0.012847995,0.49999598,0.0021413844,0.1666707,0.0042826654,0.33333334,0.008565227,0.66665864,0.99361706,1.0021278,0.9893617,0.9963069,1.0,1.0164063,1.0273439,0.98906255,1.0718751,1.0076562,1.00625,1.023789,1.0219792,1.0182812,0.011012568,0.008613449,0.022966051,0.020909611,0.031825747,-0.0038281204,-0.000492426,-0.0032689192,-0.0005606945,-0.0003616458,0.30208832,0.029959824,0.70909387,0.05572658,0.03938306,0.0,-0.0040340815,0.0072656455,-0.013849128,-0.0076127267,1.0253483,1.0253483,1.0761285,1.0761285,1.0881139,0.9893617,0.9893617,0.9893617,0.9782986,0.9334196,1.0160937,1.0129688,1.0434376,1.0398438,1.0471876,0.99875,0.99953127,1.003125,1.00125,0.995,0.4,0.35,0.175,0.18333334,0.30833334,0.29561746,0.29561746,0.12260765,0.22182775,0.4303999,0.6,0.8,0.15,0.43333334,0.033333335,1.0,1.0,1.0,0.033333335,0.33333334,-0.4,-0.2,-0.85,0.4,-0.3,-0.81386983,-0.27682644,0.35299534,0.1337716,-0.0011937553,-0.79913235,-0.67879313,-0.3264001,-0.12770094,-0.100057624,0.8,0.5,0.5,0.53333336,0.48333332,0.2,0.5,0.5,0.46666667,0.51666665,0.6,0.0,0.0,0.06666667,-0.033333335,0.5,0.39175245,0.43190637,0.5173267,0.44117647,0.5,0.6082476,0.5680936,0.48267332,0.5588235,0.0,-0.21649513,-0.13618724,0.034653366,-0.11764707,1.0976552,0.973856,1.1079162,1.1356229,1.057079,0.3941787,0.3113537,0.3284039,0.3200323,0.30071205,1.2745221,1.5129678,1.0211912,0.96500665,0.9101269,0.57181215,0.46133313,0.5153496,0.49500522,0.49369684,0.42818782,0.53866684,0.48465037,0.5049948,0.50630313,0.14362435,-0.07733375,0.030699275,-0.00998958,-0.0126063
64,SZ002938,0.025853602338999745,0.5833333333333334,,,,,,2026-08-24,-0.014123935,0.059186205,-0.2386356,0.007510431,0.12689497,0.037551835,0.63446945,0.01591747,0.26893887,1.0143263,1.0219443,0.9619102,0.9883518,1.119957,1.1201527,1.0607129,1.0948884,1.1827263,1.0161378,1.0620643,1.0317812,1.0488281,1.121052,0.035279546,0.056641508,0.081017,0.08085017,0.11113461,-0.013415595,-0.015815021,0.005801005,-0.001292966,-0.0045469855,0.36150467,0.7146301,0.17944117,0.019820472,0.5105617,0.01069331,0.009103362,-0.08689077,-0.030080153,0.01308405,1.1191708,1.183721,1.183721,1.2267272,1.3996668,0.9619102,0.9619102,0.864669,0.864669,0.864669,1.0268704,1.1032706,1.1032706,1.1199961,1.2163924,0.9952017,0.99913824,0.9595182,0.9952017,1.0295534,0.6,0.3,0.4,0.3,0.15,0.24220826,0.17172213,0.42416602,0.3737824,0.25295618,0.2,0.3,0.65,0.1,0.23333333,1.0,1.0,0.15,0.43333334,0.71666664,-0.8,-0.7,0.5,-0.33333334,-0.48333332,0.61534613,0.63269055,0.27030802,0.4937127,0.7659129,-0.19554964,0.35323748,0.29651755,0.293496,0.25695476,0.4,0.4,0.5,0.5,0.46666667,0.6,0.6,0.5,0.5,0.53333336,-0.2,-0.2,0.0,0.0,-0.06666667,0.12946166,0.31908002,0.46530887,0.4648633,0.468037,0.87053835,0.68092,0.53469115,0.5351367,0.531963,-0.74107665,-0.36183998,-0.069382265,-0.07027342,-0.06392601,1.2107474,1.399067,1.512198,1.6646808,2.2544556,0.2665315,0.3805483,0.36034554,0.51935285,0.86040133,1.0841235,0.8849569,0.85795426,0.93533254,0.87001765,0.013566252,0.41805327,0.48401633,0.43663692,0.4589855,0.98643374,0.58194673,0.5159837,0.5633631,0.5410145,-0.9728675,-0.16389346,-0.031967368,-0.12672612,-0.082028955
65,SZ000166,0.024944180601184522,0.6666666666666666,,,,,,2026-08-24,0.009090853,0.011363607,0.7999971,0.0022727547,0.20000292,0.0,0.0,0.006818098,0.5999942,0.99099106,1.0022522,0.99099106,0.99835175,1.0084152,1.0112202,1.032258,1.0,0.9775597,0.99551195,1.0018233,1.0139551,1.0197289,1.0072697,0.0030405924,0.007274243,0.016604103,0.01695451,0.0240836,0.0011220166,-0.0017935389,-0.0024328022,-0.0014240538,0.00063797523,0.34042552,0.5572595,0.75136465,0.5467441,0.21402508,0.0022440332,0.0062476075,0.009156457,0.00091989606,-0.02609006,1.0076779,1.0200906,1.0481344,1.0600449,1.0600449,0.98623234,0.98623234,0.98623234,0.98623234,0.9368114,0.99775594,1.0089762,1.0350631,1.0356241,1.028892,0.9929874,0.9941094,0.999439,1.0053296,0.98877984,1.0,0.5,0.25,0.16666667,0.33333334,0.6419793,0.40662637,0.22241004,0.18652162,0.512755,0.2,0.3,0.2,0.2,0.6,0.8,0.9,0.95,0.96666664,0.11666667,-0.6,-0.6,-0.75,-0.76666665,0.48333332,0.31724954,0.09651529,0.59259105,0.61369675,0.009391783,-0.01506276,0.08301876,-0.08938859,0.24817996,0.38874048,0.4,0.4,0.35,0.4,0.48333332,0.6,0.5,0.55,0.53333336,0.46666667,-0.2,-0.1,-0.2,-0.13333334,0.016666668,0.3636354,0.39473623,0.3736263,0.5,0.5152091,0.6363646,0.60526377,0.6263737,0.5,0.4847909,-0.27272922,-0.21052754,-0.25274742,0.0,0.03041819,0.9260749,0.91351646,1.1428057,1.3862475,1.8838091,0.16989571,0.13223775,0.32657778,0.5359607,0.7863924,0.91386825,0.8411064,1.2458799,1.2632155,1.2728871,0.59851944,0.5179096,0.4793567,0.46300054,0.4723794,0.40148056,0.4820904,0.5206433,0.53699946,0.5276206,0.19703887,0.035819195,-0.041286603,-0.07399895,-0.055241242
66,SZ002714,0.024433563366209967,0.75,,,,,,2026-08-24,0.00025764154,0.019062337,0.013515739,0.002833548,0.14864643,0.015971147,0.8378378,0.01339524,0.7027072,0.99974245,1.0028328,0.9837754,0.99290717,1.0118413,1.0363067,1.0128677,0.9927771,0.9804226,1.0120492,1.0179199,1.0108247,1.0135156,0.9646572,0.013824501,0.013346767,0.017263671,0.018671846,0.060794592,-0.005073951,-0.0031057608,0.00056989735,-0.0002129369,0.0026926382,0.33677024,0.4963583,0.038141254,0.010079269,0.5983096,-0.0019012899,-0.003943922,-0.01623867,-0.010427994,-0.044089995,1.034766,1.0504704,1.0504704,1.0700437,1.0700437,0.9837754,0.9837754,0.96908945,0.9662574,0.8192097,1.0260587,1.0292531,1.0283269,1.0283269,1.0167857,1.0002053,1.004988,0.9981449,0.99922514,0.9004298,0.2,0.1,0.25,0.23333333,0.6166667,0.31818846,0.24326569,0.37982535,0.32511628,0.7207569,0.4,0.1,0.55,0.13333334,0.56666666,1.0,1.0,0.35,0.033333335,0.3,-0.6,-0.9,0.2,0.1,0.26666668,0.68775326,0.16936229,0.16753444,0.43390763,0.17144415,0.6956436,0.34395772,0.56109977,0.5852725,0.45702088,0.4,0.3,0.4,0.46666667,0.45,0.6,0.6,0.55,0.5,0.53333336,-0.2,-0.3,-0.15,-0.033333335,-0.083333336,0.43786207,0.36149186,0.47664943,0.50738865,0.50927526,0.56213796,0.63850814,0.52335054,0.49261135,0.49072474,-0.12427589,-0.2770163,-0.046701126,0.014777329,0.01855049,1.1798618,1.1213472,1.2954891,1.4355876,1.5231429,0.22422187,0.18313369,0.35589597,0.45388424,0.578207,0.5031653,0.8440521,1.1831515,1.0177289,1.2675081,0.44456738,0.25542873,0.5062141,0.44266677,0.49176982,0.5554326,0.74457127,0.49378592,0.55733323,0.50823015,-0.110865235,-0.48914254,0.012428192,-0.11466644,-0.016460339
67,SZ000768,0.023329944745323457,0.8333333333333334,,,,,,2026-08-24,0.020544704,0.041567095,0.49425402,0.013855678,0.33333284,0.007166713,0.17241313,0.0138557395,0.33333433,0.9798689,1.0135767,0.97284645,0.9977598,1.0112262,1.0084196,0.9714486,0.9143458,1.0110643,0.9886766,0.9902634,0.9870061,0.9735032,0.9703026,0.0137420045,0.013428846,0.012948123,0.024703287,0.029715527,-0.00070703594,0.0003473883,0.0006696227,0.002215136,0.00016993425,0.006617939,0.0061342916,0.09360839,0.62315065,0.009974584,0.012737477,0.008173379,0.0066324407,-0.005622633,0.024684342,1.0135767,1.029978,1.029978,1.029978,1.0626619,0.9700357,0.9700357,0.9550812,0.89889485,0.89889485,1.0013169,1.0039507,1.0006585,0.99053323,0.9885578,0.9793178,0.9798791,0.97629535,0.9549547,0.9411701,0.8,0.7,0.8,0.8666667,0.85,0.68818533,0.49988544,0.599742,0.771305,0.6173718,1.0,0.4,0.7,0.8,0.16666667,0.8,0.9,0.05,0.033333335,0.51666665,0.2,-0.5,0.65,0.76666665,-0.35,0.3675734,0.49303278,0.53870445,0.23254278,0.1281936,0.22452053,0.4108751,0.5489519,0.38257477,0.0818998,0.6,0.5,0.45,0.53333336,0.46666667,0.4,0.5,0.55,0.46666667,0.53333336,0.2,0.0,-0.1,0.06666667,-0.06666667,0.4078016,0.46620452,0.56421465,0.6268991,0.49439308,0.59219843,0.5337955,0.43578532,0.3731009,0.5056069,-0.18439682,-0.06759096,0.12842934,0.25379822,-0.011213814,0.73106366,0.88679385,0.90298176,0.9074951,1.0299821,0.23688957,0.44376305,0.3474813,0.3119217,0.3921307,1.1426833,1.1789185,1.2976545,1.2204694,1.2990469,0.51746005,0.44699505,0.51046395,0.481258,0.5029234,0.48253998,0.553005,0.48953602,0.518742,0.4970766,0.034920048,-0.10600992,0.020927953,-0.03748401,0.0058468166
68,SZ002142,0.023304393505798052,0.6666666666666666,,,,,,2026-08-24,0.002661981,0.012422332,0.21428996,0.009464616,0.76190335,0.00029573464,0.023806693,-0.006506901,-0.5238067,0.9973451,1.0094395,0.99705017,1.0037241,0.949529,0.94394696,0.94069076,0.9252238,0.88998723,0.9886266,0.9688103,0.9551576,0.9481955,0.92096174,0.02233369,0.025714193,0.024128184,0.022787746,0.035644043,0.0116990395,0.007517439,0.002792072,0.0018285502,0.0014665631,0.6859926,0.78343946,0.46867523,0.49901405,0.51633,-0.01202465,-0.0026387766,0.018317765,0.025290528,0.03577468,1.0114359,1.0114359,1.0114359,1.0114359,1.0114359,0.94829315,0.93065596,0.9203369,0.9013954,0.8400542,1.0053728,1.0009303,0.9709268,0.95604134,0.94569135,0.9697174,0.9492266,0.93813235,0.9313408,0.88347477,0.6,0.8,0.9,0.93333334,0.96666664,0.81888807,0.8584314,0.8744673,0.8960755,0.9332723,0.8,0.9,0.95,0.96666664,0.98333335,0.2,0.2,0.45,0.033333335,0.36666667,0.6,0.7,0.5,0.93333334,0.6166667,0.18005356,0.65319955,0.15667708,-0.12674779,-0.037007242,0.69832546,0.633955,0.13502143,0.06986261,0.16429824,0.6,0.5,0.55,0.56666666,0.53333336,0.4,0.5,0.45,0.43333334,0.46666667,0.2,0.0,0.1,0.13333334,0.06666667,0.8767365,0.8328732,0.6387378,0.61445355,0.58163613,0.12326348,0.16712676,0.36126217,0.38554645,0.41836384,0.75347304,0.6657465,0.27747566,0.22890712,0.16327232,1.4122902,1.1210725,1.278339,1.4557064,1.4466084,0.547014,0.48060212,0.51095045,0.57209283,0.4874828,1.3529675,1.8095207,1.3833103,1.2253969,1.197347,0.5457575,0.45850408,0.49502105,0.44995463,0.4906921,0.4542425,0.5414959,0.50497895,0.5500454,0.50930786,0.09151499,-0.08299183,-0.009957938,-0.10009075,-0.018615758
69,SH601456,0.02178234023109517,0.75,,,,SH601456,国联民生,2026-08-24,-0.0011428165,0.008000035,-0.14285144,0.005714322,0.71428716,0.0011428962,0.14286143,-0.005714242,-0.71427715,1.0011442,1.006865,0.99885577,1.0017856,1.0240964,1.026287,1.0131434,1.0098577,0.98795176,1.0050383,1.0166484,1.022563,1.023074,1.024571,0.0062248833,0.01345223,0.012804773,0.011516038,0.024380237,-0.0028477483,-0.0040758103,-0.0012616438,-0.000471742,-0.00010688124,0.5232158,0.84149355,0.33977997,0.13004827,0.005861746,0.00065719604,0.0016927598,-0.010577343,-0.01623383,-0.021417987,1.0233967,1.0453539,1.0487888,1.0521533,1.1042143,0.9976629,0.9976629,0.9976629,0.9976629,0.97236586,1.0098577,1.0284775,1.0332968,1.0330777,1.0374589,1.0008762,1.0010952,1.0087624,1.0127053,1.0083241,0.2,0.1,0.05,0.033333335,0.1,0.09081735,0.04900448,0.04571208,0.042889573,0.20959005,0.2,0.3,0.3,0.2,0.16666667,0.8,0.9,0.95,0.96666664,0.06666667,-0.6,-0.6,-0.65,-0.76666665,0.1,0.38180438,0.5488151,0.69427985,0.61521137,0.5863119,-0.78037775,-0.21764104,0.11631056,0.20126699,0.45128036,0.2,0.5,0.55,0.53333336,0.5,0.8,0.5,0.45,0.46666667,0.48333332,-0.6,0.0,0.1,0.06666667,0.016666668,0.19444562,0.29310402,0.44827604,0.47715732,0.5086888,0.8055544,0.70689595,0.55172396,0.52284265,0.4913112,-0.6111087,-0.41379192,-0.10344793,-0.045685332,0.01737761,1.2016766,1.3768289,1.5111628,1.678919,2.8944125,0.2810123,0.36801058,0.353466,0.5343327,2.507971,0.7113056,0.8709118,0.83172166,0.9097773,1.6323617,0.42258114,0.46729696,0.48946568,0.45880568,0.47611332,0.57741886,0.53270304,0.51053435,0.5411943,0.5238867,-0.1548377,-0.06540611,-0.02106865,-0.08238863,-0.047773335
70,SH688012,0.02166006130579568,0.75,,,,SH688012,中微公司,2026-08-24,-0.017445056,0.053241715,-0.32765767,0.0153296655,0.28792584,0.020466993,0.3844165,-0.012307729,-0.23116703,1.0177548,1.0333567,0.9791696,1.005676,1.0843447,1.0904227,1.1177733,1.1424576,0.83231723,1.0378731,1.043787,1.0165539,1.0333147,1.0260386,0.04483664,0.035302356,0.06147465,0.06593613,0.14091101,-0.025405968,-0.0034029002,0.004181267,-0.00088072434,0.0027213562,0.80268544,0.0851731,0.16191676,0.013827216,0.11375768,0.012938802,-0.02847392,-0.056275945,-0.020544223,-0.10631866,1.1172411,1.1172411,1.134438,1.1603503,1.3980061,0.9791696,0.9791696,0.85342014,0.85342014,0.73144674,1.0548465,1.0689822,1.0662901,1.0911498,1.1408617,1.0108433,1.0148965,0.9937655,0.99610716,0.8912169,0.2,0.1,0.25,0.23333333,0.33333334,0.15086654,0.15086654,0.52160335,0.47756732,0.40289474,0.2,0.6,0.05,0.033333335,0.36666667,1.0,1.0,0.3,0.53333336,0.1,-0.8,-0.4,-0.25,-0.5,0.26666668,0.36514005,0.10241407,-0.450166,-0.16905275,0.26649663,-0.30700356,-0.12228008,-0.040641624,0.09950075,0.09340538,0.2,0.4,0.45,0.4,0.55,0.8,0.6,0.55,0.6,0.45,-0.6,-0.2,-0.1,-0.2,0.1,0.20539193,0.36945513,0.42834777,0.4472212,0.5319013,0.79460806,0.63054484,0.57165223,0.55277884,0.4680987,-0.5892162,-0.26108974,-0.14330445,-0.10555762,0.0638026,1.0238814,1.098949,1.3361518,1.4304312,1.4749193,0.19833675,0.24613488,0.3436519,0.35923398,0.3323471,1.0450908,0.84389794,0.99667585,1.1967152,1.1025496,0.45550242,0.40426263,0.4767178,0.44514963,0.48336595,0.54449755,0.59573734,0.52328223,0.55485034,0.51663405,-0.08899515,-0.1914747,-0.046564426,-0.10970074,-0.03326808
71,SH600036,0.021166091018009342,0.75,,,,SH600036,招商银行,2026-08-24,0.018266026,0.023925956,0.7634398,0.0030872202,0.12903225,0.0025727097,0.10752798,0.017751517,0.7419355,0.9820616,1.0030318,0.9795351,0.9966466,0.9651379,0.98308104,0.98535717,0.94112515,0.9347521,0.98424184,0.9799476,0.98856455,0.9818937,0.95467293,0.011868532,0.010355748,0.015552151,0.018589577,0.035146587,0.0058836974,0.0014810686,-0.0015520471,0.00062124495,0.0012473295,0.6143936,0.18749891,0.34857553,0.08655426,0.38414568,0.0039907405,0.013387545,0.026179912,0.009098248,0.008530844,1.0030318,1.0030318,1.0245059,1.0245059,1.0245059,0.96084493,0.96084493,0.96084493,0.9285048,0.8676294,0.9913205,0.98511434,1.0004172,0.9939304,0.98389286,0.9789462,0.9708433,0.97919655,0.96695876,0.9254201,1.0,1.0,0.75,0.8333333,0.9166667,0.92813313,0.92813313,0.6150566,0.7447333,0.8437888,1.0,1.0,0.15,0.43333334,0.71666664,0.2,0.6,0.8,0.06666667,0.36666667,0.8,0.4,-0.65,0.36666667,0.35,0.6817984,0.5767592,0.7751043,0.30408463,-0.054217674,0.97506964,0.7428151,0.47284457,0.39377543,0.3304256,0.8,0.6,0.6,0.6,0.53333336,0.2,0.4,0.4,0.4,0.46666667,0.6,0.2,0.2,0.2,0.06666667,0.85210794,0.6157843,0.536959,0.5958972,0.55283856,0.14789206,0.38421568,0.46304104,0.4041028,0.44716147,0.7042159,0.23156862,0.07391794,0.1917944,0.105677076,0.7952172,0.65614825,0.8364499,0.8909152,0.8944083,0.29503205,0.24936216,0.3056051,0.30177242,0.24495707,1.1143823,1.3609071,1.1022942,1.0294639,0.871304,0.59878135,0.58149385,0.54090554,0.50814986,0.4784246,0.40121865,0.41850612,0.4590945,0.49185017,0.5215754,0.19756271,0.16298774,0.08181101,0.016299669,-0.04315078
72,SH600795,0.021040118148523648,0.9166666666666666,,,,SH600795,国电电力,2026-08-24,0.0038910327,0.015564259,0.24999794,0.0077821296,0.5,0.003891097,0.25000206,0.0,0.0,0.996124,1.007752,0.99224806,1.0020655,0.9689873,0.97286695,0.94767064,0.9050374,0.9687017,0.9918595,0.98488224,0.977905,0.96466166,0.9405739,0.010383137,0.010725483,0.013953472,0.025138874,0.03956696,0.004651909,0.0024432037,0.0015417518,0.0024295673,0.0010596148,0.5018169,0.47566047,0.42729956,0.72388226,0.21874116,-0.0011632844,0.004123367,0.0074483943,0.000109635315,0.028167475,1.0271318,1.0271318,1.0271318,1.0271318,1.0271318,0.94767195,0.94767195,0.93216556,0.90116143,0.86337066,1.0,0.99534684,0.9903101,0.98294425,0.9790657,0.9872088,0.9763531,0.9689873,0.9445706,0.8945951,0.9,0.95,0.975,0.98333335,0.975,0.65854704,0.65854704,0.71430075,0.78461766,0.83432096,0.6,0.8,0.9,0.93333334,0.96666664,0.2,0.6,0.05,0.1,0.33333334,0.4,0.2,0.85,0.8333333,0.6333333,-0.20147896,0.4718646,0.29574865,-0.025522798,0.22744896,0.49824333,0.49405128,0.48139173,0.5637505,0.2575459,0.8,0.6,0.6,0.56666666,0.55,0.2,0.4,0.4,0.43333334,0.45,0.6,0.2,0.2,0.13333334,0.1,0.80771106,0.66664153,0.6451448,0.64495534,0.5240251,0.19228894,0.3333585,0.3548552,0.35504463,0.47597492,0.6154221,0.33328304,0.2902896,0.28991073,0.048050158,1.4915478,1.1671115,1.1184754,1.2287836,1.4588923,0.47211447,0.4660191,0.36989683,0.4251003,0.7898616,0.8870335,1.0569198,0.91646665,0.9598129,1.1041121,0.5325744,0.5428529,0.48052096,0.5011204,0.40851852,0.46742558,0.4571471,0.51947904,0.49887958,0.59148145,0.065148845,0.0857058,-0.038958076,0.0022408103,-0.18296294
73,SH688009,0.020718111719212298,0.8333333333333334,,,,SH688009,中国通号,2026-08-24,0.016359944,0.022494907,0.7272732,0.004090016,0.18181963,0.0020449483,0.090907164,0.014314876,0.63636076,0.9839034,1.0040241,0.9818914,0.99591386,0.9871589,1.0,0.9919743,0.96629214,0.93579453,0.9922953,0.9908507,1.0032905,0.9989299,0.98012304,0.0065594916,0.0050787055,0.017709985,0.018476903,0.024780622,0.0014446256,0.00039885822,-0.0023473594,-6.4274127e-06,0.0008634015,0.12125795,0.05653827,0.6148806,9.378119e-06,0.3702551,0.0048153987,0.0073544253,0.019009404,0.001163307,-0.0055933953,1.0040241,1.0040241,1.047575,1.047575,1.047575,0.97911686,0.97509587,0.97509587,0.95689154,0.9258198,0.9961477,0.9951846,1.0208668,1.0141252,1.0,0.98651683,0.9871589,0.9871589,0.9871589,0.95826644,1.0,1.0,0.625,0.6333333,0.81666666,0.83843374,0.8608913,0.34360412,0.47537273,0.6092569,1.0,1.0,0.15,0.43333334,0.71666664,0.2,0.5,0.75,0.13333334,0.016666668,0.8,0.5,-0.6,0.3,0.7,0.7017372,0.6677954,0.85404706,0.53828293,0.05076719,0.69293976,0.48597035,0.5074909,0.549596,0.43544087,0.4,0.2,0.35,0.43333334,0.46666667,0.2,0.4,0.4,0.4,0.41666666,0.2,-0.2,-0.05,0.033333335,0.05,0.6818183,0.5,0.5252526,0.55675673,0.55,0.31818166,0.5,0.47474742,0.44324327,0.45000002,0.36363667,0.0,0.050505146,0.11351349,0.09999997,0.8490685,0.775389,1.0098609,1.1244866,1.253614,0.24913155,0.2174228,0.36030996,0.48087126,0.46200284,1.0406728,1.2646455,0.9891606,1.3034531,1.0412844,0.5649392,0.5510108,0.53146744,0.49940765,0.42816868,0.43506077,0.44898924,0.4685326,0.50059235,0.57183135,0.12987845,0.10202153,0.06293482,-0.001184692,-0.14366266
74,SZ000651,0.02039926808381436,0.5,,,,,,2026-08-24,0.004604956,0.01575383,0.29230708,0.0058167814,0.36922964,0.005332093,0.33846328,0.004120268,0.2615407,0.99541616,1.0057901,0.9901085,1.0008805,0.9623647,0.9811818,0.9744268,0.9338962,0.94499373,0.9915079,0.980193,0.98465616,0.9799115,0.94898266,0.014142288,0.015820755,0.018451951,0.017795572,0.035983216,0.0065139425,0.0037416678,-0.0007447859,0.00052963465,0.0015533464,0.5303817,0.51272845,0.057022497,0.06864842,0.5683771,-0.004535768,0.002969471,0.022419326,0.01240881,0.005193616,1.0067554,1.0067554,1.024849,1.024849,1.024849,0.9582627,0.9556097,0.9556097,0.9319666,0.87502986,0.9994211,0.9973463,0.9994211,0.99531984,0.97905934,0.98924017,0.9656934,0.9699397,0.96593463,0.91464406,1.0,1.0,0.85,0.9,0.95,0.8606931,0.86791927,0.6411145,0.7324681,0.83414006,0.8,0.9,0.15,0.43333334,0.71666664,0.2,0.5,0.75,0.033333335,0.25,0.6,0.4,-0.6,0.4,0.46666667,0.6810005,0.77330273,0.7040497,0.45160213,0.14639,0.82304126,0.731279,0.51488465,0.46367738,0.34778634,0.8,0.5,0.45,0.5,0.48333332,0.2,0.5,0.55,0.46666667,0.5,0.6,0.0,-0.1,0.033333335,-0.016666668,0.9062504,0.64338905,0.5684771,0.63224065,0.5561583,0.093749575,0.35661098,0.4315229,0.36775938,0.4438417,0.81250083,0.28677806,0.13695422,0.26448125,0.11231659,0.87432265,0.71120715,0.87049973,0.90343136,0.8699274,0.32139355,0.27701452,0.3308393,0.3141737,0.26640663,1.6118526,1.9382004,1.3190237,1.3022939,1.1459228,0.61113894,0.554874,0.54189533,0.5089244,0.4891667,0.38886106,0.445126,0.45810467,0.49107555,0.51083326,0.22227791,0.10974799,0.083790645,0.017848905,-0.021666564
75,SH601138,0.020391693428302573,0.5833333333333334,,,,SH601138,工业富联,2026-08-24,-0.03668266,0.055502407,-0.6609202,0.0,0.0,0.018819744,0.3390798,-0.017862918,-0.3218404,1.0380795,1.0380795,0.9804636,1.0033184,1.1296042,1.1452721,1.0072843,1.0324354,1.2012095,1.037713,1.0672897,1.0395272,1.0272677,1.1001352,0.03570824,0.041283343,0.08042771,0.071935855,0.10706221,-0.017509632,-0.010077129,0.006566443,0.003408466,-0.0040789424,0.6011144,0.54617953,0.2333012,0.17399183,0.4427133,-0.0026937905,-0.021942649,-0.101908445,-0.0766905,0.020193629,1.1207641,1.1340743,1.1749055,1.1749055,1.3902408,0.9804636,0.9804636,0.8710732,0.8710732,0.8710732,1.0515119,1.0958219,1.1025014,1.0934855,1.1947224,1.0189115,1.0275975,0.94945025,0.94945025,1.0058274,0.2,0.1,0.35,0.4,0.2,0.13924678,0.12718119,0.42433542,0.42433542,0.24833375,0.2,0.5,0.5,0.6666667,0.05,1.0,1.0,0.15,0.43333334,0.71666664,-0.8,-0.5,0.35,0.23333333,-0.6666667,0.35398388,0.63491833,0.33958888,0.2300331,0.69839305,-0.5097673,0.061679218,0.23348866,0.1663897,0.25254273,0.4,0.4,0.45,0.43333334,0.46666667,0.6,0.6,0.55,0.56666666,0.53333336,-0.2,-0.2,-0.1,-0.13333334,-0.06666667,0.10278015,0.23875426,0.49462366,0.48448184,0.45682433,0.89721984,0.7612457,0.50537634,0.5155181,0.54317564,-0.79443973,-0.52249146,-0.010752697,-0.031036312,-0.08635133,1.0734978,1.2321416,1.4681201,1.4369663,1.8099452,0.29229257,0.2913282,0.51798517,0.46702272,0.7714614,0.9595101,0.8911628,1.1975629,1.1041769,1.0742911,0.23076335,0.37380007,0.5105116,0.48537377,0.44606593,0.7692366,0.62619996,0.48948842,0.51462626,0.5539341,-0.5384733,-0.25239986,0.021023178,-0.029252496,-0.107868135
76,SH601318,0.019492308043793535,0.75,,,,SH601318,中国平安,2026-08-24,0.029621284,0.035995483,0.82291675,0.005624296,0.15625006,0.0007499018,0.02083322,0.02474689,0.6874999,0.97123086,1.0054625,0.97050256,0.9955991,0.94321054,0.97087437,0.9725049,0.90188366,0.9425359,0.9607197,0.95651954,0.97253025,0.9662262,0.9450127,0.025643086,0.01862878,0.023527866,0.027325733,0.037409954,0.015423109,0.0026235892,-0.002494246,0.0004410105,0.0007739207,0.90436405,0.18181692,0.39335215,0.02018626,0.13053243,0.008434072,0.0316743,0.0511651,0.02737911,0.032156665,1.0054625,1.0054625,1.0160248,1.0160248,1.0189625,0.931708,0.931708,0.931708,0.88309175,0.85400385,0.9771493,0.96342987,0.9908912,0.9872589,0.9820748,0.9455496,0.94303066,0.9491819,0.94303066,0.90188366,1.0,1.0,0.9,0.93333334,0.96666664,0.9259369,0.9259369,0.80994564,0.8794522,0.8850466,1.0,1.0,0.15,0.43333334,0.18333334,0.2,0.6,0.8,0.033333335,0.33333334,0.8,0.4,-0.65,0.4,-0.15,0.8694329,0.76321864,0.6643787,0.11790222,-0.14956082,0.5151684,0.39471334,0.2299686,0.32316124,0.0014290789,0.8,0.7,0.6,0.6,0.55,0.2,0.3,0.4,0.4,0.45,0.6,0.4,0.2,0.2,0.1,0.88199705,0.62898415,0.5601772,0.638558,0.53549105,0.118002936,0.37101588,0.4398228,0.361442,0.46450898,0.7639941,0.25796828,0.12035442,0.27711597,0.07098204,0.6557996,0.54569036,0.57131326,0.6567884,0.69505215,0.26567453,0.21470837,0.18029965,0.24621892,0.26085353,0.94938564,1.1741335,1.0829115,1.382877,1.4945389,0.78880805,0.6947922,0.60207486,0.5452683,0.5096611,0.21119194,0.3052078,0.39792514,0.4547317,0.4903389,0.5776161,0.38958445,0.20414974,0.09053657,0.01932219
77,SH601059,0.019140722175307,0.75,,,,SH601059,信达证券,2026-08-24,0.004863283,0.010334306,0.47059596,0.0018236462,0.17646527,0.0036473775,0.35293877,0.006687014,0.64706945,0.9951603,1.0018148,0.99153054,0.99706924,1.0023837,1.0089393,0.99404055,0.988081,1.0381407,0.99117994,1.0002383,1.0016091,1.003218,0.9887266,0.0060687326,0.011153393,0.011420956,0.012493446,0.030129317,0.0036352868,-0.0026221643,-0.00017385527,-0.0003478906,0.00081530085,0.8970598,0.50666064,0.008110335,0.060092825,0.22333512,0.0015494546,0.011561382,4.2585056e-05,0.0018263113,-0.012778015,1.009296,1.0209227,1.0215094,1.0429462,1.0429462,0.98080206,0.98080206,0.9728561,0.9728561,0.87858886,0.9957092,1.0112038,1.0110846,1.012634,1.010727,0.986174,0.988677,0.9935638,0.99451727,0.97187126,1.0,0.5,0.375,0.41666666,0.575,0.6737577,0.47850525,0.5579049,0.38727126,0.7387021,0.4,0.3,0.35,0.06666667,0.53333336,0.6,0.8,0.1,0.4,0.16666667,-0.2,-0.5,0.25,-0.33333334,0.36666667,0.5292261,-0.43285707,-0.13561428,0.33617482,-0.2394123,-0.26823243,0.006603679,0.1297307,0.48987848,0.42199227,0.6,0.6,0.65,0.6,0.48333332,0.4,0.4,0.35,0.4,0.5,0.2,0.2,0.3,0.2,-0.016666668,0.4615391,0.4157301,0.5223214,0.5204083,0.47444093,0.5384609,0.58426994,0.4776786,0.47959176,0.52555907,-0.07692182,-0.16853982,0.044642784,0.040816497,-0.051118165,0.82641184,0.715997,0.76576823,0.9397581,1.196479,0.16160895,0.16687551,0.19329275,0.4314942,0.55076194,0.85064054,0.95642805,0.91389734,1.7254866,1.3029672,0.7107066,0.64412475,0.5392542,0.47929814,0.4724404,0.28929344,0.35587522,0.4607458,0.5207019,0.5275596,0.42141315,0.28824955,0.07850841,-0.041403733,-0.05511919
78,SH601825,0.01873582709085134,0.5833333333333334,,,,SH601825,沪农商行,2026-08-24,0.024137923,0.031034581,0.77777505,0.0045977356,0.14814879,0.0022989218,0.07407614,0.02183911,0.7037024,0.976431,1.0044894,0.97418624,0.9960741,0.9677686,0.92479336,0.9355372,0.8809917,0.93140495,0.9798347,0.96528924,0.9573554,0.94297516,0.92570245,0.01497444,0.022780208,0.022716232,0.029003272,0.040639747,0.009173564,0.0069822143,0.001721244,0.0025821154,0.00064494467,0.93824214,0.86115724,0.20094644,0.6142696,0.07681442,0.0018182023,0.0032908034,0.026292833,0.019584138,0.055271666,1.0044894,1.0044894,1.0044894,1.0044894,1.0044894,0.95086706,0.919061,0.919061,0.872353,0.8258484,0.98743796,0.9836363,0.97950417,0.97107434,0.9638017,0.9689256,0.95123965,0.93471074,0.92214876,0.8861157,1.0,1.0,1.0,1.0,1.0,0.9162779,0.9474487,0.9474487,0.9660247,0.9748693,1.0,1.0,1.0,1.0,1.0,0.4,0.2,0.6,0.033333335,0.36666667,0.6,0.8,0.4,0.96666664,0.6333333,0.0017557702,0.4875866,0.5959652,0.42424402,0.014923432,0.6886977,0.80906373,0.6695846,0.63781923,0.33181143,0.6,0.7,0.5,0.53333336,0.5,0.4,0.3,0.5,0.46666667,0.46666667,0.2,0.4,0.0,0.06666667,0.033333335,0.83050734,0.8823526,0.63448274,0.6747573,0.5476464,0.16949266,0.11764744,0.36551726,0.3252427,0.45235363,0.6610147,0.7647051,0.2689655,0.34951463,0.09529278,0.9106832,0.9807896,1.0087491,0.9989339,0.92548454,0.12562297,0.34790123,0.3440505,0.33115098,0.28938222,0.64025944,0.9104616,1.1089311,1.1299896,1.0846591,0.40197906,0.54672056,0.4822898,0.4943935,0.50129324,0.5980209,0.45327944,0.5177102,0.50560653,0.49870673,-0.19604187,0.09344112,-0.035420444,-0.011213021,0.0025865252
79,SH688126,0.018328096922344432,0.75,,,,SH688126,沪硅产业,2026-08-24,-0.0048290333,0.04386311,-0.11009327,0.0100602945,0.22935662,0.028973782,0.6605501,0.014084454,0.3211002,1.0048524,1.0149616,0.97088563,0.9891329,1.0839047,1.0463897,1.0798709,1.4501816,1.1202098,1.0376765,1.0441307,1.0207745,1.0568509,1.1921407,0.06074956,0.043916967,0.05406507,0.094131336,0.19244072,-0.033158533,-0.004958013,0.004242555,-0.004643948,-0.005377934,0.7448081,0.116832085,0.2155209,0.18862876,0.23819727,0.028640566,-0.021819655,-0.061078794,0.010486348,-0.03349162,1.1764128,1.1764128,1.1764128,1.459618,1.7744062,0.9676602,0.9676602,0.9035085,0.9035085,0.9035085,1.0886648,1.0806777,1.0652683,1.0806777,1.3762001,0.994514,0.99919325,0.9800726,0.994514,1.0243647,0.6,0.3,0.4,0.26666668,0.15,0.1549194,0.1549194,0.35357267,0.17351173,0.110795476,0.2,0.6,0.8,0.033333335,0.36666667,0.8,0.9,0.25,0.5,0.75,-0.6,-0.3,0.55,-0.46666667,-0.38333333,0.72453517,0.53650755,0.30666414,0.5374664,0.7357938,0.30180064,0.27793005,0.38547415,0.35289907,0.34973148,0.6,0.6,0.55,0.43333334,0.48333332,0.4,0.4,0.45,0.56666666,0.51666665,0.2,0.2,0.1,-0.13333334,-0.033333335,0.27489203,0.42803502,0.44362187,0.3322309,0.48267442,0.72510797,0.571965,0.5563781,0.6677691,0.5173256,-0.45021594,-0.14392997,-0.11275627,-0.33553818,-0.03465117,1.6524507,1.4334447,1.5313791,1.7121283,2.4929428,0.6376669,0.50424576,0.42132396,0.5150907,0.9973432,0.9656576,0.96532744,0.7412215,0.8519509,1.0828516,0.40484846,0.4491899,0.4687138,0.42404437,0.46197292,0.59515154,0.5508101,0.53128624,0.5759556,0.53802705,-0.1903031,-0.10162018,-0.06257244,-0.15191127,-0.076054156
80,SH600221,0.016621067143174836,0.75,,,,SH600221,海航控股,2026-08-24,0.0,0.01538467,0.0,0.007692298,0.4999976,0.007692372,0.5000024,7.389832e-08,4.803374e-06,1.0,1.0076923,0.9923076,1.0008869,1.0167866,1.031175,1.031175,1.0095923,1.1318945,1.0071943,1.014868,1.0278177,1.027498,1.0629497,0.0071942233,0.0102243,0.01722968,0.014357213,0.05112638,-0.004316534,-0.0031974358,-0.0024738098,-0.0006636729,-0.0025070244,0.9,0.896495,0.7215163,0.16560353,0.7333764,0.0014388447,-0.00047960816,-0.004316516,-0.017874703,0.011007624,1.0250059,1.039379,1.0633727,1.0633727,1.2318566,0.9923076,0.9923076,0.9923076,0.9923076,0.9923076,1.0110312,1.0239807,1.0402877,1.0383693,1.1170263,1.0,1.0076739,1.0153477,1.0167866,1.0239807,0.3,0.15,0.075,0.05,0.025,0.2352529,0.16341929,0.108243965,0.108243965,0.0321119,0.4,0.1,0.3,0.53333336,0.18333334,0.8,0.9,0.95,0.96666664,0.98333335,-0.4,-0.8,-0.65,-0.43333334,-0.8,-0.36845413,-0.093258,0.58958715,0.48749796,0.76733905,-0.98724926,-0.31196994,-0.02995807,0.07838978,0.3796507,0.0,0.1,0.25,0.36666667,0.33333334,0.4,0.5,0.4,0.4,0.5,-0.4,-0.4,-0.15,-0.033333335,-0.16666667,0.0,0.1578956,0.37254927,0.4777779,0.4021353,1.0,0.84210443,0.62745076,0.5222221,0.5978647,-1.0,-0.6842088,-0.2549015,-0.044444233,-0.19572937,1.1529515,1.1387051,1.3088568,1.3270371,1.7734501,0.22592337,0.17236364,0.29798764,0.27461207,1.0373337,1.4116833,0.93148667,1.0318445,0.78305906,1.7273244,0.43755645,0.5127959,0.5003044,0.46373338,0.47802553,0.56244355,0.48720407,0.4996956,0.5362666,0.52197444,-0.124887094,0.025591837,0.0006087863,-0.07253324,-0.04394893
81,SH601698,0.01647428540057676,0.5,,,,SH601698,中国卫通,2026-08-24,-0.03414632,0.0418699,-0.8155339,0.0,0.0,0.0077235787,0.18446614,-0.026422743,-0.6310677,1.0353535,1.0353535,0.9920034,1.0051779,1.1344713,1.1598668,1.0661948,1.32806,1.265612,1.0562865,1.0848043,1.0919651,1.0929642,1.1902581,0.056485705,0.049103785,0.046912555,0.05161093,0.11271474,-0.033805158,-0.011815911,-0.0007500014,-0.0009438739,-0.005174534,0.89542425,0.5307817,0.008945693,0.025920669,0.6428074,0.011323892,-0.03163272,-0.084840015,-0.079278015,-0.037609365,1.1740988,1.1740988,1.1740988,1.3036138,1.4677671,0.9920034,0.9920034,0.9920034,0.9917875,0.9917875,1.0990008,1.1191506,1.134721,1.1363031,1.2969192,1.0203164,1.0277269,1.0478767,1.0493755,1.0748543,0.2,0.1,0.05,0.033333335,0.016666668,0.04391451,0.04391451,0.04391451,0.026336791,0.017253894,0.4,0.7,0.85,0.033333335,0.5,1.0,1.0,1.0,0.2,0.6,-0.6,-0.3,-0.15,-0.16666667,-0.1,0.118400805,-0.18444335,0.18822911,0.3463158,0.70769805,-0.33310944,-0.39266676,-0.24368387,-0.007674318,0.38476646,0.4,0.5,0.65,0.53333336,0.48333332,0.6,0.5,0.35,0.46666667,0.51666665,-0.2,0.0,0.3,0.06666667,-0.033333335,0.04761957,0.20370373,0.42563146,0.30929327,0.4359952,0.9523804,0.7962963,0.57436854,0.69070673,0.56400484,-0.90476084,-0.59259254,-0.14873707,-0.38141343,-0.12800963,1.4962883,1.268262,1.2205228,1.3765497,1.8702953,0.9330267,0.7208301,0.5370264,0.6300053,0.96519244,1.1165397,1.2015095,1.2333373,1.3112365,1.123658,0.52004427,0.46251047,0.51292044,0.32125866,0.48865417,0.47995576,0.53748953,0.48707953,0.67874134,0.5113458,0.04008848,-0.07497908,0.025840912,-0.3574827,-0.022691661
82,SH601916,0.016376201097800837,0.6666666666666666,,,,SH601916,浙商银行,2026-08-24,0.010274017,0.017123291,0.60000247,0.0034246724,0.20000082,0.0034246023,0.19999672,0.010273947,0.59999835,0.9898305,1.0033898,0.9864407,0.9969808,0.98594844,0.98594844,0.9789227,0.9461358,0.97189695,0.9920375,0.98969555,0.99730676,0.98711944,0.9761514,0.0076963417,0.0069120876,0.015870498,0.020190513,0.02988095,0.0037470756,0.0014193468,-0.0012871762,0.0010571213,0.00028507778,0.5925926,0.38651824,0.23023053,0.21244995,0.02776117,0.00046838445,0.003917397,0.014921388,-0.0024476843,0.015438769,1.0042026,1.0042026,1.0377918,1.0377918,1.0377918,0.97627115,0.9755354,0.9755354,0.93620145,0.8815408,1.0,0.9943794,1.0028104,1.0,0.9957845,0.98548007,0.98548007,0.98594844,0.9714286,0.95316154,0.9,0.95,0.75,0.8333333,0.8833333,0.8495393,0.85340077,0.39296484,0.627998,0.7581339,0.8,0.9,0.3,0.53333336,0.76666665,0.6,0.1,0.55,0.033333335,0.36666667,0.2,0.8,-0.25,0.5,0.4,0.7856174,0.5841629,0.8199772,0.23208167,-0.019089764,0.86546713,0.66932005,0.54869306,0.5340501,0.26156226,0.6,0.5,0.55,0.56666666,0.5,0.4,0.4,0.4,0.4,0.41666666,0.2,0.1,0.15,0.16666667,0.083333336,0.6875,0.60714287,0.5584416,0.5950414,0.5212766,0.3125,0.39285713,0.4415584,0.40495864,0.47872338,0.375,0.21428572,0.1168832,0.19008274,0.04255322,0.91262126,0.8812414,1.1620842,1.2211282,1.285021,0.2082302,0.1497768,0.38056085,0.35990888,0.32535684,0.8452747,0.76923865,0.98304576,0.9026566,1.0625536,0.53985465,0.5140808,0.46845943,0.4930337,0.4928519,0.46014535,0.48591915,0.5315406,0.5069663,0.5071481,0.07970928,0.028161677,-0.06308112,-0.013932586,-0.014296197
83,SH601618,0.01514493607324333,0.75,,,,SH601618,中国中冶,2026-08-24,0.0039215665,0.019607833,0.2,0.0117647,0.6,0.0039215665,0.2,-0.0039215665,-0.2,0.99609375,1.0117188,0.9921875,1.0042031,1.0090362,1.0301205,1.0391566,0.9909639,1.1054217,0.9993976,1.0042169,1.024247,1.0276104,1.0243474,0.006529964,0.00842417,0.023966739,0.02138757,0.03458043,0.0006024118,-0.0017524643,-0.0036438992,-0.0014065161,-0.00053939025,0.021276755,0.39669392,0.80906403,0.3351724,0.07420707,-0.00060241803,0.003669219,0.010370051,-0.007215964,-0.008435383,1.0168581,1.0306765,1.077298,1.077298,1.1054217,0.98316103,0.98316103,0.98316103,0.98316103,0.93620384,1.0018072,1.0102409,1.0445783,1.0433736,1.0518072,0.99578315,0.9993976,1.0,1.0078313,0.99578315,0.7,0.4,0.2,0.13333334,0.28333333,0.49971622,0.35438916,0.17887743,0.17887743,0.37700605,0.6,0.1,0.3,0.53333336,0.016666668,0.4,0.7,0.85,0.9,0.35,0.2,-0.6,-0.55,-0.36666667,-0.33333334,0.21496285,0.16030666,0.6972405,0.5718818,0.03403653,0.2364084,0.12940247,0.1260516,0.043545987,0.3214065,0.4,0.4,0.45,0.53333336,0.46666667,0.6,0.6,0.5,0.43333334,0.48333332,-0.2,-0.2,-0.05,0.1,-0.016666668,0.41176462,0.34374994,0.3898304,0.51546395,0.42971888,0.5882354,0.65625006,0.6101696,0.48453608,0.57028115,-0.17647073,-0.31250012,-0.22033915,0.030927857,-0.14056224,0.95151365,0.9805755,1.1714635,1.3066651,1.5183115,0.17994848,0.17066166,0.31490925,0.3524878,0.4114305,0.67872393,0.6733252,1.0126114,0.93783724,0.9179552,0.5884589,0.48877543,0.47176278,0.4623547,0.47616798,0.4115411,0.51122457,0.5282372,0.53764534,0.523832,0.17691776,-0.022449143,-0.056474462,-0.075290635,-0.04766407
84,SZ001965,0.014957998110444078,0.9166666666666666,,,,,,2026-08-24,0.013086193,0.016357632,0.80000526,0.0021809244,0.13332762,0.0010905161,0.0666671,0.011995785,0.73334473,0.98708284,1.0021528,0.98600644,0.9984717,0.98361933,1.0148206,1.0694227,0.9953197,1.0429016,0.9914197,0.99414974,1.027418,1.0337234,1.0169656,0.0057585165,0.008796271,0.043078087,0.038132045,0.036812525,0.0014040605,-0.0014891457,-0.0066138413,-0.0025667262,0.0003679955,0.1486245,0.26271728,0.8250166,0.3511402,0.030478504,0.0057722335,0.012551417,0.035413437,0.0034942278,-0.027821498,1.0021528,1.0136647,1.1125833,1.1125833,1.1125833,0.97382677,0.97382677,0.97382677,0.97382677,0.941249,0.9956318,1.001404,1.0819032,1.0695788,1.0531981,0.98673946,0.98673946,0.98970354,0.9945398,0.98673946,1.0,0.8,0.4,0.26666668,0.4,0.92400074,0.65699327,0.18862711,0.18862711,0.34290287,1.0,0.1,0.15,0.43333334,0.71666664,0.6,0.8,0.9,0.93333334,0.35,0.4,-0.7,-0.75,-0.5,0.36666667,0.40518352,0.19793925,0.59808093,0.43826655,0.44538292,0.5927704,0.1335324,0.18841705,0.2875346,0.047086492,0.6,0.3,0.3,0.43333334,0.45,0.2,0.6,0.65,0.53333336,0.51666665,0.4,-0.3,-0.35,-0.1,-0.06666667,0.7560978,0.38271636,0.32818547,0.50697684,0.47202444,0.24390219,0.61728364,0.6718145,0.49302313,0.52797556,0.5121956,-0.23456728,-0.34362906,0.013953742,-0.0559511,0.9080249,0.85247433,0.9631334,0.8950378,0.8217382,0.20192476,0.22373228,0.2653655,0.26857775,0.23802134,0.75376815,0.7329501,0.9355789,0.91788226,0.87449306,0.5914224,0.49049807,0.52411383,0.5193115,0.5048999,0.40857762,0.50950193,0.4758862,0.48068854,0.49510008,0.18284474,-0.019003892,0.048227634,0.03862294,0.009799838
85,SZ000425,0.014799107072042775,0.75,,,,,,2026-08-24,-0.0075000105,0.014999958,-0.5000021,0.0049999445,0.33333054,0.0025000034,0.16666736,-0.009999951,-0.66666526,1.0075567,1.0125945,0.9974811,1.0048277,1.0025196,1.0516517,1.1083146,1.0226763,1.1987402,1.0115901,1.0144876,1.0524006,1.0649114,1.0814549,0.007937718,0.011534769,0.048216633,0.04767656,0.060452268,-0.003149489,-0.002176013,-0.007333669,-0.0034577367,-0.0020201982,0.39357623,0.32622457,0.8096865,0.407639,0.34061402,-0.005291155,-0.00469561,0.017269252,-0.014774154,-0.021858973,1.0327517,1.0541631,1.1775982,1.1775982,1.2552816,0.9899279,0.9848873,0.9848873,0.9848873,0.95897985,1.0163773,1.0219204,1.1012597,1.1095744,1.1362765,1.0070549,1.0055431,1.0118421,1.0151176,1.0224243,0.2,0.1,0.05,0.033333335,0.05,0.2351993,0.21815255,0.07842149,0.07842149,0.13844052,0.6,0.1,0.15,0.43333334,0.1,0.2,0.5,0.75,0.8333333,0.36666667,0.4,-0.4,-0.6,-0.4,-0.26666668,0.05052475,0.22546415,0.57861125,0.3799936,0.1961287,-0.3862096,-0.31749937,0.025922809,0.3383105,0.08616865,0.6,0.4,0.4,0.46666667,0.5,0.4,0.6,0.6,0.53333336,0.5,0.2,-0.2,-0.2,-0.06666667,0.0,0.46875006,0.2842105,0.3193575,0.47856915,0.4261705,0.53124994,0.7157895,0.6806425,0.52143085,0.57382953,-0.062499903,-0.43157902,-0.36128497,-0.042861685,-0.14765902,1.0107458,1.1377789,1.2929804,1.2877247,1.4797218,0.19210194,0.19263862,0.32308316,0.33204123,0.54080665,0.46714512,0.80220586,0.9287811,0.89830613,1.0951701,0.31397656,0.30792207,0.49937183,0.49873248,0.4592751,0.6860235,0.69207793,0.5006282,0.5012675,0.5407249,-0.3720469,-0.3841559,-0.001256364,-0.0025350386,-0.0814498
86,SZ300832,0.014719423180490927,0.5,,,,,,2026-08-24,0.0021417218,0.039330233,0.054454844,0.026869126,0.6831672,0.010319386,0.26237795,-0.014408018,-0.36633444,0.9978629,1.0268117,0.9875655,1.0026501,0.99953955,0.95239407,0.91252303,0.8591161,0.9081031,1.029779,0.9979742,0.96302485,0.9409638,0.88955337,0.025182407,0.04282264,0.047641937,0.053368274,0.0667478,-0.011160217,0.010522908,0.0065882243,0.005256137,0.0030187564,0.49101052,0.5535235,0.66930795,0.75174177,0.62385267,-0.007458562,-0.045327295,-0.02561299,-0.01717776,0.021393286,1.0681866,1.0681866,1.0681866,1.0681866,1.0681866,0.9875655,0.92307293,0.8943168,0.8294076,0.72859555,1.0460774,1.0392265,1.001547,0.9962984,0.93861884,1.0061878,0.9592818,0.92788213,0.9068508,0.8295212,0.2,0.6,0.8,0.8666667,0.93333334,0.1542334,0.53011566,0.6078293,0.7144361,0.7992095,0.6,0.8,0.9,0.93333334,0.96666664,1.0,0.3,0.35,0.06666667,0.43333334,-0.4,0.5,0.55,0.8666667,0.53333336,0.77114516,0.47349942,0.69634587,0.43390316,0.2142938,0.46416312,0.5480616,0.46063247,0.4725464,0.107266515,0.6,0.6,0.65,0.6333333,0.56666666,0.4,0.4,0.35,0.36666667,0.43333334,0.2,0.2,0.3,0.26666668,0.13333334,0.50190413,0.6148379,0.6302798,0.6330898,0.54400355,0.49809584,0.38516212,0.36972022,0.36691022,0.45599645,0.0038083044,0.22967578,0.2605596,0.26617956,0.08800711,1.366232,1.3930573,1.1257215,1.1365104,1.0606934,0.2349942,0.48662493,0.47437942,0.42520818,0.45090312,0.8595437,0.91097337,1.0465758,1.0462844,1.1406103,0.3094958,0.44536617,0.49850246,0.4952759,0.50151014,0.6905042,0.5546338,0.5014975,0.5047241,0.4984899,-0.3810084,-0.10926764,-0.0029950673,-0.00944817,0.003020237
87,SH600905,0.014511612471131516,0.5833333333333334,,,,SH600905,三峡能源,2026-08-24,0.0027100476,0.010840191,0.25,0.0054200953,0.5,0.0027100476,0.25,0.0,0.0,0.9972973,1.0054054,0.9945946,1.0003878,1.0050504,1.020202,1.040404,0.99747473,1.1161616,1.0005051,1.0070707,1.0231061,1.0271044,1.0453703,0.0032925308,0.008567701,0.020421384,0.02176283,0.04872964,-0.0005050572,-0.0025405623,-0.0031233404,-0.0012438062,-0.0018807132,0.05882495,0.80601394,0.81872183,0.25314912,0.45431656,0.0005050802,0.004361833,0.006565675,-0.009069181,0.010110675,1.0079297,1.0256,1.0695876,1.0695876,1.1850929,0.9945946,0.9945946,0.9945946,0.9835222,0.9759358,1.0030303,1.0176768,1.0439394,1.0510101,1.0989898,0.99747473,0.99949497,1.0045455,1.0070707,1.0045455,0.6,0.3,0.15,0.1,0.15,0.40535343,0.17433909,0.072079286,0.19145703,0.115053065,0.2,0.1,0.3,0.53333336,0.016666668,1.0,1.0,1.0,0.06666667,0.48333332,-0.8,-0.9,-0.7,0.46666667,-0.46666667,0.07279644,0.39711556,0.79412764,0.6590434,0.78825784,-0.08893149,-0.16601147,-0.03166753,0.13798444,0.21553203,0.4,0.2,0.3,0.4,0.38333333,0.6,0.6,0.55,0.43333334,0.5,-0.2,-0.4,-0.25,-0.033333335,-0.11666667,0.4000009,0.25,0.33333364,0.5060242,0.4008622,0.59999907,0.75,0.6666663,0.49397582,0.5991378,-0.19999819,-0.5,-0.3333327,0.012048339,-0.19827561,1.1026372,1.1970826,1.6015724,1.9925226,2.8407211,0.3025187,0.25642842,0.54113144,0.88563377,1.9420387,0.49856615,0.9491791,1.0210656,1.6696575,2.2778866,0.4892863,0.43080896,0.43113112,0.47291762,0.45253697,0.5107137,0.56919104,0.5688689,0.5270824,0.547463,-0.021427402,-0.13838208,-0.13773774,-0.05416475,-0.094926044
88,SH600900,0.014264040424029421,0.5833333333333334,,,,SH600900,长江电力,2026-08-24,0.007876895,0.01396342,0.5641093,0.0035803085,0.25640628,0.002506216,0.1794844,0.006802803,0.48718745,0.99218464,1.0035523,0.98969805,0.99827385,0.99326044,0.9964481,1.0071038,0.98132974,0.95819664,1.0004189,0.9997723,1.00653,1.00738,0.9757438,0.0058591613,0.005270845,0.018176142,0.018935673,0.037270196,-0.0014116449,-0.00024120575,-0.0018710713,-0.00048495492,0.001462489,0.14511757,0.01919669,0.3708902,0.050832666,0.46963632,0.0024043748,0.0013131441,0.011245149,-0.0003482132,-0.018887175,1.0099181,1.0099181,1.0504216,1.0504216,1.0504216,0.98969805,0.9875572,0.9772666,0.9713382,0.90295374,1.002204,1.0036794,1.0285428,1.0283424,1.005938,0.9977777,0.9949362,0.99326044,0.99267757,0.9379235,0.6,0.6,0.5,0.46666667,0.73333335,0.509493,0.5564544,0.31075662,0.36242488,0.6580843,0.4,0.7,0.1,0.4,0.7,1.0,0.3,0.45,0.1,0.31666666,-0.6,0.4,-0.35,0.3,0.38333333,0.9546533,0.8733938,0.5811001,0.3530456,0.12156909,0.9035787,0.7632123,0.31915405,0.13925901,0.18823567,0.6,0.5,0.4,0.43333334,0.5,0.4,0.5,0.55,0.53333336,0.48333332,0.2,0.0,-0.15,-0.1,0.016666668,0.5856483,0.5231866,0.4822081,0.5286073,0.53656214,0.4143517,0.47681338,0.5177919,0.47139272,0.46343786,0.17129658,0.04637323,-0.035583805,0.057214577,0.07312428,0.9379991,0.90036035,1.1995251,1.3987539,1.3831238,0.26930898,0.21698935,0.41540313,0.55297154,0.45030582,0.535016,0.47722262,1.0441685,1.091097,1.0420927,0.55858654,0.4420998,0.4594538,0.44288442,0.46629125,0.44141343,0.5579002,0.5405462,0.5571156,0.53370875,0.117173105,-0.115800396,-0.081092395,-0.11423119,-0.06741747
89,SH600309,0.013562695174927761,0.75,,,,SH600309,万华化学,2026-08-24,-0.010277153,0.028938511,-0.3551376,0.01068295,0.36916032,0.007978409,0.27570212,-0.012981694,-0.4485958,1.0103838,1.0211778,0.99193877,1.0028571,0.9991784,1.0658555,1.0131161,0.9147436,1.0035515,1.0096732,1.0103561,1.0188067,1.0067626,0.9882334,0.010790909,0.013538343,0.017603813,0.028764145,0.036456324,-9.589856e-05,-0.001387761,-0.0011028207,0.0016274487,0.0009007988,0.00019744592,0.09631851,0.1373613,0.24809238,0.18621287,-0.0094814375,-0.004111122,-0.008329924,-0.030360622,-0.014806951,1.0424922,1.0793815,1.0807483,1.0807483,1.0807483,0.99193877,0.99029744,0.99029744,0.9083208,0.90039474,1.0140169,1.0258218,1.0297844,1.0272987,1.018555,1.0008746,0.99912405,1.0008746,0.9950815,0.9499931,0.2,0.4,0.2,0.33333334,0.55,0.15946004,0.10891495,0.10726914,0.5316973,0.5522779,0.6,0.1,0.5,0.6666667,0.8333333,1.0,0.5,0.75,0.033333335,0.15,-0.4,-0.4,-0.25,0.6333333,0.68333334,0.7395855,0.48561627,0.63952607,-0.063410565,-0.09495613,0.8408935,0.15355837,0.20496678,0.31859463,0.42913878,0.6,0.4,0.6,0.6333333,0.51666665,0.4,0.6,0.4,0.36666667,0.48333332,0.2,-0.2,0.2,0.26666668,0.033333335,0.50751644,0.2339955,0.47640193,0.58924395,0.49839705,0.49248356,0.7660045,0.5235981,0.41075608,0.50160295,0.015032861,-0.532009,-0.04719617,0.17848785,-0.0032058982,1.2269989,1.2414806,1.4212201,1.5796713,1.7217991,0.25860113,0.28528404,0.32086864,0.4354644,0.4805923,0.69002134,1.0160043,0.905297,0.8376865,1.0931154,0.3890755,0.36419046,0.48097828,0.4780205,0.4970823,0.61092454,0.63580954,0.5190217,0.5219795,0.5029177,-0.22184905,-0.27161908,-0.03804342,-0.043959003,-0.005835385
90,SH601939,0.012781692603603427,0.6666666666666666,,,,SH601939,建设银行,2026-08-24,0.018147118,0.022922609,0.791669,0.0028652784,0.124997914,0.0019102109,0.08333305,0.01719205,0.7500042,0.9821763,1.0028142,0.9803002,0.9976977,0.9664578,0.95060813,0.9719867,0.95503134,0.9159602,0.98975307,0.9763362,0.9756174,0.9685096,0.9459577,0.0077597923,0.015215274,0.025713498,0.025111131,0.034902148,0.0040914095,0.004722497,-0.00042208206,0.0009665491,0.001043815,0.6950014,0.88307023,0.009430605,0.114819854,0.27279896,0.002064133,0.0024126114,0.028392395,0.017475408,0.023249736,1.0028142,1.0028142,1.0300572,1.0300572,1.0300572,0.96642387,0.94762594,0.9240704,0.91401565,0.8596321,0.9941025,0.99026906,0.99756724,0.99026906,0.9753778,0.9859934,0.9609288,0.95016587,0.94824916,0.91374856,1.0,1.0,0.9,0.93333334,0.96666664,0.922666,0.94900715,0.71640617,0.740979,0.82363397,1.0,1.0,0.15,0.43333334,0.71666664,0.2,0.1,0.35,0.1,0.41666666,0.8,0.9,-0.2,0.33333334,0.3,-0.15648222,0.015249509,-0.030204477,0.064662986,0.41024515,0.76306593,0.7079252,0.3854097,0.3924493,0.3201665,0.8,0.8,0.6,0.6,0.5833333,0.2,0.2,0.4,0.4,0.41666666,0.6,0.6,0.2,0.2,0.16666667,0.8888885,0.85263103,0.55671644,0.5589942,0.5563241,0.1111115,0.147369,0.44328356,0.44100583,0.44367588,0.777777,0.705262,0.11343286,0.117988326,0.11264822,1.1247313,1.1097162,1.4255687,1.3552921,1.2180612,0.25482294,0.21008654,0.43474773,0.43374848,0.3778758,0.61281765,0.650048,1.1421599,1.1175828,1.0579729,0.5097175,0.42946264,0.5027852,0.453056,0.49612063,0.49028245,0.5705373,0.49721482,0.546944,0.50387937,0.019435098,-0.1410747,0.0055703702,-0.09388799,-0.007758738
91,SH600887,0.012198755984127261,0.75,,,,SH600887,伊利股份,2026-08-24,0.020134244,0.0252665,0.7968751,0.003947928,0.15625149,0.0011843268,0.046873406,0.017370643,0.687497,0.9802631,1.00387,0.9791022,0.9962185,0.97639054,1.0162508,1.0085139,0.9686536,1.0064912,0.98405427,0.989859,1.0122082,1.0168202,0.9922199,0.01051904,0.012988689,0.028316235,0.028362334,0.035426818,0.005999179,-0.002035716,-0.0042060735,-0.0016477165,0.0008254321,0.8131515,0.22517243,0.7722371,0.26156688,0.16557632,0.0039473716,0.019301726,0.027749468,0.007071738,-0.016570194,1.00387,1.0239915,1.07198,1.07198,1.07198,0.96748966,0.96748966,0.96748966,0.964008,0.91950446,0.99009085,1.0020876,1.0326619,1.0478331,1.0189607,0.9757714,0.97639054,0.98637617,0.9875363,0.95874697,1.0,0.7,0.35,0.26666668,0.6,0.8936237,0.5753858,0.31113255,0.33334583,0.5279242,1.0,0.1,0.15,0.43333334,0.71666664,0.4,0.7,0.85,0.033333335,0.36666667,0.6,-0.6,-0.7,0.4,0.35,0.13257441,-0.46736217,0.5048353,0.46793303,0.3279202,0.6668508,0.13732989,0.110393666,0.0048038326,0.08152973,0.6,0.3,0.4,0.5,0.5,0.4,0.7,0.55,0.46666667,0.46666667,0.2,-0.4,-0.15,0.033333335,0.033333335,0.802042,0.3970731,0.47900653,0.54545563,0.49472612,0.19795801,0.6029269,0.5209935,0.45454434,0.5052739,0.604084,-0.20585383,-0.04198694,0.090911314,-0.010547778,0.92198277,0.7964481,0.89676064,0.97644997,0.91364837,0.18219465,0.20153472,0.26925302,0.30856737,0.25068903,0.8578262,0.77539086,1.098223,1.1774278,1.1231254,0.561915,0.5582421,0.42785004,0.50842804,0.49635684,0.43808502,0.44175792,0.57214993,0.491572,0.50364316,0.12382994,0.11648418,-0.1442999,0.016856018,-0.0072863055
92,SH688036,0.011942378641517159,0.4166666666666667,,,,SH688036,传音控股,2026-08-24,-0.013395962,0.026965842,-0.49677524,0.009916442,0.36774087,0.0036534376,0.1354839,-0.019658966,-0.72903216,1.0135778,1.023629,0.99629694,1.0079248,0.9768693,1.0246369,1.1158687,1.1360947,1.0615385,1.0118989,0.9971275,1.0379452,1.0549614,1.0418415,0.017971424,0.023379661,0.06627609,0.06133026,0.068954684,0.0025390096,0.0037119996,-0.008298582,-0.004837219,0.00042688622,0.049900357,0.23107389,0.5487343,0.4821072,0.011689518,-0.016976876,-0.013831475,0.04089142,0.015178253,-0.054434616,1.0403473,1.0403473,1.1932796,1.2080487,1.262163,0.97455484,0.9504197,0.9504197,0.9504197,0.92702043,1.0231738,1.0117912,1.1161054,1.1119096,1.1019688,0.99845076,0.9755352,0.9925121,1.002668,0.98334587,0.4,0.6,0.3,0.2,0.33333334,0.38674876,0.55133533,0.20415173,0.19244832,0.21775673,0.6,0.8,0.1,0.1,0.48333332,0.4,0.5,0.75,0.8333333,0.15,0.2,0.3,-0.65,-0.73333335,0.33333334,0.37665078,0.26654392,0.20475285,0.3308971,0.53733844,0.7270481,0.22130948,-0.32865223,0.13943955,0.21464168,0.6,0.5,0.5,0.46666667,0.56666666,0.4,0.5,0.5,0.53333336,0.43333334,0.2,0.0,0.0,-0.06666667,0.13333334,0.6157158,0.43039522,0.35899457,0.40986174,0.48189873,0.3842842,0.56960475,0.64100546,0.59013826,0.5181013,0.23143162,-0.13920957,-0.28201088,-0.18027648,-0.036202542,1.8155425,1.720031,1.9453725,2.1133637,1.9570694,0.65447956,0.592593,0.6660707,0.7254284,0.72534394,0.52383745,0.629588,1.5413667,1.2301978,1.0644349,0.41625917,0.44375968,0.44334164,0.4674763,0.48883343,0.58374083,0.5562403,0.5566584,0.5325237,0.5111666,-0.16748168,-0.11248062,-0.11331673,-0.06504739,-0.022333171
93,SH600690,0.011826412517274327,0.75,,,,SH600690,海尔智家,2026-08-24,0.004316563,0.015347758,0.28125036,0.006235055,0.40625185,0.0047961404,0.3124978,0.002877648,0.1874963,0.99570197,1.0062083,0.99092644,0.9998157,0.9852482,1.0201006,1.0026745,0.9284062,0.95728356,0.9988241,0.99818206,1.0169098,1.0051812,0.96920633,0.0054521216,0.0066631394,0.024647433,0.029529957,0.044399563,0.0003735706,-0.00032166482,-0.003456967,0.0008088186,0.0017964928,0.011736925,0.021362927,0.68851763,0.058140438,0.49933663,0.00042873665,0.0032654463,0.01593129,-0.016909052,-0.022202868,1.0145947,1.0265192,1.076947,1.076947,1.076947,0.97975504,0.97653735,0.97653735,0.9178551,0.88255286,1.0014518,1.0014518,1.0350392,1.0247703,1.005058,0.995462,0.995462,0.9975421,0.99112344,0.93106365,0.8,0.8,0.4,0.46666667,0.73333335,0.58109,0.46942297,0.23366928,0.51633656,0.60417044,0.6,0.1,0.15,0.43333334,0.71666664,0.2,0.5,0.75,0.033333335,0.25,0.4,-0.4,-0.6,0.4,0.46666667,0.96781325,-0.08267967,0.68223053,0.17026302,0.049748663,0.62777925,-0.089650325,0.30731127,0.44798222,0.16499195,0.6,0.4,0.4,0.5,0.43333334,0.4,0.6,0.6,0.5,0.55,0.2,-0.2,-0.2,0.0,-0.11666667,0.6998275,0.3667323,0.49380106,0.6121045,0.53115183,0.30017254,0.6332677,0.50619894,0.3878955,0.4688482,0.39965495,-0.26653543,-0.0123979,0.224209,0.062303606,1.0188869,0.9521193,1.0806463,1.1554025,1.1804696,0.14909814,0.1910202,0.28694978,0.37519234,0.36411506,0.8159828,0.7703537,0.8766378,1.0808146,1.2222146,0.4237708,0.47824377,0.50875837,0.50325525,0.47511053,0.5762292,0.52175623,0.49124163,0.49674472,0.52488947,-0.15245841,-0.04351246,0.017516732,0.0065105483,-0.04977892
94,SH601688,0.011629209122270041,0.5833333333333334,,,,SH601688,华泰证券,2026-08-24,0.0037694739,0.015616651,0.24137533,0.0064621046,0.41379583,0.0053850715,0.34482884,0.0026924408,0.17240833,0.99624467,1.0064378,0.99087983,0.9984995,1.0169876,1.01812,1.0649302,1.0396376,0.95469993,0.99547005,1.0067573,1.0197811,1.0372342,1.047175,0.007592346,0.01356839,0.019159561,0.030699143,0.04208146,-3.7758746e-05,-0.0032510837,-0.0028752512,-0.0031212058,-0.00039751403,6.18334e-05,0.526273,0.7882219,0.8011135,0.027215928,0.004605487,0.007872577,0.0075338087,0.0080232825,-0.0354484,1.0161486,1.0350573,1.0679636,1.097378,1.1555642,0.9790428,0.9790428,0.9790428,0.9790428,0.957595,1.000604,1.01812,1.0310305,1.0694602,1.0830503,0.99071354,0.99698,1.002416,1.011929,1.008607,0.8,0.4,0.2,0.13333334,0.15,0.56479603,0.37413836,0.23568328,0.17709984,0.21419989,0.2,0.3,0.1,0.26666668,0.26666668,0.6,0.8,0.9,0.93333334,0.016666668,-0.4,-0.5,-0.8,-0.6666667,0.25,-0.3456392,0.29281446,0.2502868,0.24630761,0.3900248,-0.36174664,0.21778116,-0.19510967,-0.0044310675,0.38014647,0.4,0.4,0.35,0.4,0.45,0.6,0.6,0.6,0.53333336,0.51666665,-0.2,-0.2,-0.25,-0.13333334,-0.06666667,0.32824373,0.3938052,0.3080355,0.4405436,0.52276176,0.67175627,0.6061948,0.6919645,0.5594564,0.47723827,-0.34351254,-0.21238957,-0.383929,-0.11891282,0.045523476,1.2427509,1.3158283,1.4551449,1.4987267,2.2380738,0.25999123,0.26990595,0.44887322,0.42309493,1.1553684,0.52322173,0.5185491,1.0480373,0.997344,1.6794312,0.22293435,0.48101714,0.4931929,0.4723158,0.47791106,0.77706563,0.5189828,0.5068071,0.5276842,0.52208894,-0.55413127,-0.037965707,-0.013614166,-0.055368427,-0.04417792
95,SH601166,0.011593862849881452,0.5833333333333334,,,,SH601166,兴业银行,2026-08-24,0.012742428,0.01662057,0.76666605,0.0022160958,0.13333452,0.0016620473,0.09999941,0.01218838,0.73333097,0.9874179,1.0021882,0.9857768,0.99560523,0.9754203,1.0032895,1.0010965,0.95568347,0.985106,0.99172145,0.99014986,1.0048519,0.9980842,0.9791164,0.0092798835,0.00848199,0.01963002,0.021080095,0.032517508,0.0039382316,0.00038875572,-0.0025476262,0.00033352114,0.00066470174,0.45025387,0.019256156,0.58951914,0.019400071,0.12744386,0.00040205978,0.008100764,0.019350488,-0.0029202262,0.0012749091,1.0021882,1.0061024,1.0448648,1.0448648,1.0448648,0.9704991,0.9704991,0.9704991,0.9437365,0.899358,0.99824554,0.9970029,1.0171053,1.0118421,1.0032895,0.9874817,0.98441154,0.990223,0.9782712,0.946345,1.0,1.0,0.5,0.56666666,0.73333335,0.93094754,0.8286,0.39670053,0.55635786,0.6916654,1.0,0.1,0.15,0.43333334,0.71666664,0.2,0.6,0.8,0.033333335,0.33333334,0.8,-0.5,-0.65,0.4,0.38333333,0.73856056,0.26485702,0.5739601,0.2054964,0.18132517,0.9610158,0.6374334,0.46999663,0.4438964,0.39152622,0.6,0.4,0.4,0.46666667,0.43333334,0.4,0.6,0.55,0.5,0.55,0.2,-0.2,-0.15,-0.033333335,-0.11666667,0.8091967,0.4781556,0.49721193,0.570803,0.51156193,0.19080326,0.5218444,0.50278807,0.429197,0.48843807,0.6183935,-0.04368876,-0.0055761207,0.14160599,0.023123877,0.8745538,0.73980355,0.82391953,0.8894878,0.8870671,0.256134,0.24026158,0.26508555,0.28575018,0.23432136,1.2593119,1.1849147,1.0954083,1.1675317,1.0120907,0.5515421,0.59314364,0.52762395,0.5117169,0.46759748,0.4484579,0.40685636,0.47237605,0.4882831,0.5324025,0.10308419,0.18628727,0.05524791,0.023433791,-0.064805046
96,SZ000538,0.011378291963328324,0.75,,,,,,2026-08-24,0.0042605232,0.01115841,0.3818217,0.0016230285,0.14545338,0.005274859,0.47272494,0.007912354,0.7090932,0.9957576,1.0016161,0.9905051,0.99799997,1.0060575,1.0341414,1.0327238,1.0050522,1.0088866,1.0031924,1.0100188,1.0266855,1.0300388,1.008938,0.006930679,0.010209722,0.021535259,0.01940817,0.028386857,-0.00084870355,-0.002803234,-0.0032616828,-0.0013716628,0.0007790245,0.037488706,0.69103855,0.8028812,0.38710365,0.22970343,-0.0014950375,0.0025957504,0.004300515,-0.0101497155,-0.03191912,1.0238398,1.038987,1.0781792,1.0781792,1.0781792,0.9905051,0.9905051,0.9905051,0.9905051,0.9351507,1.0069108,1.019754,1.0452126,1.0460168,1.0341814,0.99931306,1.0,1.0058565,1.0110286,0.9831909,0.5,0.25,0.125,0.083333336,0.43333334,0.28483614,0.19584434,0.10829793,0.10829793,0.4534013,0.6,0.1,0.25,0.5,0.75,1.0,1.0,1.0,1.0,0.33333334,-0.4,-0.9,-0.75,-0.5,0.41666666,-0.7163598,-0.10473316,0.6883633,0.50795203,0.41052976,-0.7925849,-0.37535262,0.10572541,0.120553,0.4399385,0.6,0.3,0.45,0.5,0.48333332,0.4,0.7,0.55,0.5,0.51666665,0.2,-0.4,-0.1,0.0,-0.033333335,0.42722228,0.25508502,0.3969645,0.4909323,0.4922283,0.57277775,0.744915,0.6030355,0.5090677,0.50777173,-0.14555545,-0.48982996,-0.20607105,-0.018135456,-0.015543424,0.97106403,0.95752877,1.1363794,1.365401,1.2611254,0.074181035,0.0663083,0.27936265,0.53243893,0.43308985,0.7310769,0.6845486,0.8251518,1.0349518,0.99033767,0.63399833,0.35661831,0.49185404,0.45442823,0.46787018,0.36600167,0.6433817,0.5081459,0.54557174,0.5321298,0.26799664,-0.2867634,-0.016291909,-0.09114352,-0.06425965
97,SZ002352,0.010941346254239035,0.75,,,,,,2026-08-24,0.014787374,0.021256912,0.69565016,0.006469538,0.30434987,0.0,0.0,0.008317836,0.3913003,0.9854281,1.0063753,0.9854281,0.99882007,0.9872632,1.0261105,1.0249164,0.9703073,1.0610571,0.9943162,0.99820095,1.0209123,1.0204346,1.0090379,0.0050102435,0.00998128,0.027670613,0.02368538,0.035655905,0.00060499203,-0.0020716616,-0.0043034684,-0.0011041473,4.8652307e-08,0.03645203,0.39489046,0.84657955,0.16842051,5.6786326e-10,0.004473791,0.011121532,0.019970646,-0.004424533,-0.009039299,1.007904,1.0318855,1.076833,1.076833,1.076833,0.9793978,0.9793978,0.9793978,0.96417475,0.91469264,0.99758005,1.0022768,1.0508041,1.0390384,1.0436873,0.991546,0.99165744,0.9949053,0.99660885,0.9775514,1.0,0.7,0.35,0.26666668,0.45,0.7227252,0.39251474,0.21144545,0.31799933,0.5261328,0.6,0.1,0.25,0.5,0.75,0.2,0.6,0.8,0.033333335,0.33333334,0.4,-0.5,-0.55,0.46666667,0.41666666,0.63250613,0.09608967,0.6521173,0.42905396,-0.11303357,0.89522564,0.5682861,0.47867468,0.4702372,0.27857628,0.8,0.4,0.45,0.46666667,0.43333334,0.2,0.6,0.55,0.53333336,0.56666666,0.6,-0.2,-0.1,-0.06666667,-0.13333334,0.69138765,0.31898442,0.43354556,0.547347,0.4550147,0.30861232,0.6810156,0.56645447,0.452653,0.5449853,0.38277534,-0.36203116,-0.1329089,0.09469401,-0.08997058,0.9286283,0.87504995,1.0245074,1.0671643,1.109449,0.2213364,0.1746659,0.22311094,0.26578826,0.35987985,0.7790432,0.55557007,0.7950459,0.9037224,1.0462011,0.5301068,0.46273577,0.5259338,0.5207509,0.50045425,0.46989325,0.5372642,0.4740662,0.47924912,0.49954575,0.060213536,-0.074528456,0.051867604,0.041501734,0.00090846996
98,SZ002709,0.00962074380680429,0.5,,,,,,2026-08-24,-0.021409899,0.04960832,-0.4315788,0.020887699,0.42105234,0.007310722,0.14736886,-0.034986876,-0.70526224,1.0218784,1.043223,0.99252933,1.0159298,1.0683055,1.05711,1.021624,0.9922745,1.388209,1.0120648,1.0323428,1.0175092,1.0031991,1.1676656,0.02094442,0.02668143,0.03771807,0.043008808,0.18887383,-0.009044089,-0.0068756016,0.0027357913,0.0027302664,-0.008403053,0.46615782,0.60871583,0.18413444,0.31231794,0.60371286,0.006023328,-0.0014026146,-0.043499213,-0.042787995,0.0802244,1.0800446,1.0800446,1.0800446,1.0800446,1.5184225,0.96452785,0.96452785,0.92716134,0.8697937,0.8697937,1.0194799,1.0531614,1.0528911,1.0476568,1.3731709,0.9978668,1.0102568,0.98778534,0.9621251,0.99184716,0.4,0.2,0.4,0.5,0.26666668,0.3070737,0.3070737,0.47643334,0.6192901,0.20074081,0.2,0.6,0.8,0.8666667,0.28333333,0.8,0.9,0.1,0.16666667,0.5833333,-0.6,-0.3,0.7,0.7,-0.3,0.06296087,-0.0972237,0.10876094,-0.22659208,0.60043645,0.6535913,0.28381106,0.50241643,0.19364524,0.116299264,0.2,0.3,0.5,0.46666667,0.45,0.8,0.7,0.5,0.53333336,0.55,-0.6,-0.4,0.0,-0.06666667,-0.1,0.2037389,0.3317551,0.46861416,0.5054814,0.41043922,0.79626113,0.6682449,0.53138584,0.49451858,0.5895608,-0.5925222,-0.33648977,-0.06277167,0.010962859,-0.17912157,1.0115337,1.0049907,1.0892555,1.1729915,1.5027335,0.13649054,0.10635416,0.18282925,0.22560653,0.51055014,0.3340302,0.59228075,0.8942222,0.99312806,1.1028689,0.568513,0.45875508,0.4501238,0.43138888,0.47954494,0.43148705,0.5412449,0.5498762,0.5686111,0.52045506,0.13702591,-0.082489826,-0.0997524,-0.13722223,-0.04091014
99,SH601088,0.00958034951645813,0.5833333333333334,,,,SH601088,中国神华,2026-08-24,0.010996147,0.015308265,0.71831447,0.0023716546,0.15492642,0.0019404624,0.12675914,0.010564955,0.69014716,0.98912346,1.0023458,0.9872041,0.99848384,0.9552146,0.9528901,0.9560669,0.90957695,0.97613513,0.9898342,0.96968853,0.95864326,0.95676166,0.93203545,0.00934477,0.022559877,0.024318475,0.023300137,0.061619643,0.0048504644,0.0069077583,0.0020085683,0.0010372435,0.00053212896,0.6735494,0.85943335,0.23876387,0.1535841,0.02274549,0.00046489594,-0.00077341986,0.022275357,0.028198281,0.05226673,1.004659,1.004659,1.004659,1.004659,1.0647582,0.95517904,0.92982525,0.9037932,0.9037932,0.80572075,0.9941732,0.99222064,0.9776228,0.9745854,0.9849062,0.98673487,0.95174336,0.9375794,0.9361847,0.8704323,1.0,1.0,1.0,1.0,0.8833333,0.9058405,0.93774194,0.9538098,0.9538098,0.7500045,0.6,0.8,0.9,0.93333334,0.1,0.2,0.3,0.35,0.56666666,0.36666667,0.4,0.5,0.55,0.36666667,-0.26666668,-0.31811282,0.22911492,-0.09568724,-0.037666235,-0.21911263,0.9257186,0.69444203,0.58025575,0.45108595,0.302328,0.8,0.8,0.6,0.6,0.5,0.2,0.2,0.4,0.4,0.5,0.6,0.6,0.2,0.2,0.0,0.9418962,0.79514563,0.604343,0.62508035,0.51341933,0.058103815,0.20485437,0.39565697,0.37491968,0.4865807,0.8837924,0.59029126,0.20868602,0.25016066,0.026838616,1.1947634,1.0938561,1.2892685,1.4470713,1.7585692,0.35494155,0.2676115,0.33754894,0.45642006,0.65900195,0.9812961,1.0744946,1.1247188,1.1945554,1.1980673,0.5293479,0.45248798,0.4736978,0.4496861,0.4697823,0.4706521,0.547512,0.5263022,0.5503139,0.5302177,0.058695808,-0.09502402,-0.05260439,-0.10062781,-0.060435414
100,SH601985,0.009127011087405783,0.5833333333333334,,,,SH601985,中国核电,2026-08-24,0.008045944,0.008045944,1.0,0.0,0.0,0.0,0.0,0.008045944,1.0,0.9920183,1.0,0.9920183,0.997721,1.0,1.0091075,1.0100182,0.9872496,1.0118397,0.9985428,1.0016394,1.0094262,1.0110807,1.0111567,0.004844946,0.005692448,0.012115888,0.01386813,0.016037656,-0.0017304103,-0.001501346,-0.0016263339,-0.0005812984,-0.00027403378,0.31890428,0.63763905,0.6306334,0.13616458,0.08904843,0.0049180137,0.005116723,0.0060239444,-0.0026519294,-0.0030726527,1.0066046,1.0138909,1.0505873,1.0505873,1.0522921,0.9915743,0.9915743,0.9915743,0.9806092,0.97423005,1.0010929,1.0054644,1.0189435,1.0242258,1.030601,0.99489987,0.99836063,1.0,1.0,0.9970856,0.8,0.45,0.225,0.21666667,0.28333333,0.5605846,0.37755334,0.14277712,0.27709848,0.33012167,0.2,0.1,0.25,0.5,0.23333333,0.8,0.9,0.95,0.033333335,0.43333334,-0.6,-0.8,-0.7,0.46666667,-0.2,0.5586383,0.76013476,0.7080673,0.59552354,0.5108091,0.44726664,0.39058647,0.21911055,0.30172497,0.13205759,0.4,0.4,0.4,0.46666667,0.43333334,0.6,0.6,0.6,0.53333336,0.51666665,-0.2,-0.2,-0.2,-0.06666667,-0.083333336,0.5,0.39583278,0.4545453,0.527559,0.4878504,0.5,0.6041672,0.54545474,0.47244102,0.5121496,0.0,-0.20833445,-0.090909444,0.05511795,-0.024299191,1.0951704,1.2424984,1.9232928,2.1379917,2.55218,0.22404732,0.2910549,0.9391692,0.9520223,1.0017221,0.40924972,0.6411965,1.1023861,1.3089714,1.1617943,0.3403739,0.3106386,0.45904273,0.47566307,0.449469,0.6596261,0.6893614,0.5409573,0.52433693,0.55053097,-0.31925222,-0.37872282,-0.081914544,-0.048673872,-0.10106199
101,SH600031,0.008958844544200201,0.6666666666666666,,,,SH600031,三一重工,2026-08-24,-0.010106378,0.03138297,-0.32203382,0.020744676,0.6610169,0.00053191883,0.016949281,-0.030319134,-0.9661014,1.0102096,1.0311661,0.99946266,1.0119636,1.0048422,1.0607251,1.0424579,0.99583256,0.9548431,1.0140799,1.012792,1.0435017,1.0411842,1.0119599,0.0092490325,0.008207094,0.03634043,0.033668283,0.044720482,-0.004568277,-0.0007104418,-0.005279479,-0.0009841716,0.0013100101,0.609891,0.06868938,0.73870337,0.06622187,0.26171955,-0.004943325,-0.009594954,0.0066532725,-0.026913745,-0.050605234,1.0403029,1.0682465,1.1198344,1.1198344,1.1198344,0.9967764,0.990871,0.990871,0.9633571,0.8877868,1.020208,1.0201008,1.0665257,1.0627651,1.0525529,1.0081681,1.0056994,1.0096743,1.0083884,0.9688952,0.2,0.1,0.05,0.06666667,0.35,0.074061036,0.11798288,0.07078734,0.23417379,0.48357826,0.6,0.1,0.15,0.43333334,0.71666664,0.4,0.5,0.75,0.033333335,0.36666667,0.2,-0.4,-0.6,0.4,0.35,0.32290766,0.4521556,0.7106506,0.5203692,-0.12654851,0.15696396,-0.1494222,0.037202384,0.19235499,0.34193602,0.4,0.3,0.45,0.46666667,0.53333336,0.6,0.7,0.55,0.53333336,0.46666667,-0.2,-0.4,-0.1,-0.06666667,0.06666667,0.4482176,0.21321449,0.4250377,0.50479174,0.5200299,0.5517824,0.7867855,0.5749623,0.49520826,0.47997007,-0.10356482,-0.573571,-0.14992459,0.0095834695,0.040059857,0.98729444,1.0884087,1.3414646,1.4044943,1.7251017,0.2154129,0.2629557,0.3867987,0.391936,0.6082185,0.60738903,1.2878934,1.0525684,1.121041,1.0287573,0.51952296,0.44063577,0.48742786,0.48149562,0.4664549,0.480477,0.55936426,0.5125721,0.5185044,0.53354514,0.03904599,-0.118728474,-0.025144251,-0.03700874,-0.067090236
102,SH601788,0.0088584259545172,0.5833333333333334,,,,SH601788,光大证券,2026-08-24,0.0007022182,0.009831407,0.07142601,0.0056179217,0.57142603,0.003511267,0.35714796,-0.0014044364,-0.14285202,0.9992983,1.0056139,0.99578947,1.0006219,1.0290792,1.0312332,1.0242326,1.0425416,1.0016155,1.0025848,1.0154011,1.024125,1.0281637,1.0246993,0.0065776757,0.014874115,0.014929147,0.0152043095,0.02660035,-0.0031233157,-0.004197055,-0.0017434529,-0.0011226487,0.00040695225,0.56367254,0.7298583,0.47732967,0.42252856,0.07138584,0.0036618125,0.0034855676,-0.007562121,-0.011885283,-0.03670441,1.027334,1.0456265,1.0495139,1.0586687,1.0901123,0.9894253,0.9894253,0.9894253,0.9894253,0.9439778,1.0045234,1.0260636,1.0388799,1.040603,1.0480344,0.9987076,0.9997846,1.0112009,1.0138934,1.0030156,0.6,0.3,0.15,0.1,0.18333334,0.27895194,0.18815753,0.17598501,0.15271771,0.38336053,0.2,0.3,0.35,0.2,0.41666666,0.6,0.8,0.9,0.93333334,0.1,-0.4,-0.5,-0.55,-0.73333335,0.31666666,0.530233,0.52303404,0.54801756,0.56118846,0.30956885,-0.25259677,0.43747458,0.38737187,0.042256676,0.36021647,0.4,0.4,0.5,0.5,0.51666665,0.6,0.6,0.5,0.5,0.48333332,-0.2,-0.2,0.0,0.0,0.033333335,0.06451545,0.29861113,0.41245148,0.42418432,0.49901897,0.9354845,0.7013889,0.58754855,0.5758157,0.50098103,-0.8709691,-0.40277773,-0.17509706,-0.15163139,-0.001962044,1.1518207,1.3132071,1.3839674,1.6384654,2.42335,0.32407194,0.51502454,0.4049333,0.56117785,1.2624071,1.0415794,1.02044,0.9908306,1.037748,1.4547209,0.44688636,0.48879215,0.48326698,0.4651285,0.47698838,0.55311364,0.5112078,0.51673305,0.5348715,0.5230116,-0.106227286,-0.02241569,-0.033466045,-0.069742985,-0.046023227
103,SH601319,0.007561176606743255,0.5833333333333334,,,,SH601319,中国人保,2026-08-24,0.015872974,0.021644965,0.73333335,0.0028859952,0.13333334,0.0028859952,0.13333334,0.015872974,0.73333335,0.98437506,1.0028409,0.9815341,0.9961608,0.982415,1.0046893,1.0375147,0.985932,0.95427907,0.9861665,0.9872216,1.0078547,1.0164517,0.99237984,0.00842938,0.008443864,0.02525884,0.026144432,0.037964314,0.004454862,-0.00023446912,-0.0037761466,-0.0021122852,0.0012727255,0.69826025,0.007068061,0.78223807,0.5058811,0.3427822,0.00492379,0.013833522,0.028018741,0.014176382,-0.029925257,1.0028409,1.0043304,1.0553215,1.0702783,1.0702783,0.97079504,0.96961945,0.96961945,0.96813744,0.903928,0.9896835,0.99413836,1.0368112,1.0433763,1.024619,0.98147714,0.98147714,0.9833529,0.9908558,0.96647125,1.0,1.0,0.5,0.36666667,0.6,0.91134894,0.87524253,0.35449067,0.31194744,0.5775285,1.0,0.1,0.15,0.2,0.6,0.6,0.5,0.75,0.033333335,0.1,0.4,-0.4,-0.6,0.16666667,0.5,0.8611474,0.30507922,0.7254999,0.6829836,0.22676289,0.28131816,-0.274394,-0.33955756,0.14130242,0.3511442,0.6,0.5,0.4,0.43333334,0.43333334,0.2,0.4,0.55,0.53333336,0.51666665,0.4,0.1,-0.15,-0.1,-0.083333336,0.82608813,0.46969676,0.39041084,0.52040815,0.5244055,0.17391185,0.53030324,0.60958916,0.47959185,0.47559452,0.6521763,-0.060606483,-0.21917833,0.040816315,0.048810985,0.69508654,0.7208638,0.90356314,1.0901362,1.243099,0.18591256,0.17031237,0.28685665,0.4422155,0.5350896,1.1343663,1.0892006,1.1079016,1.2605585,1.5972028,0.8306675,0.5867501,0.50706226,0.49703303,0.49631608,0.1693325,0.41324988,0.49293777,0.502967,0.5036839,0.661335,0.17350022,0.014124459,-0.0059339674,-0.0073678326
104,SH601998,0.007526804151946871,0.5,,,,SH601998,中信银行,2026-08-24,0.021479772,0.03937952,0.54545546,0.008353215,0.2121208,0.009546531,0.24242377,0.022673089,0.5757584,0.9789719,1.0081775,0.9696261,0.9968983,0.89850247,0.87853575,0.900721,0.8574598,0.8452579,0.96339434,0.92800885,0.9136439,0.90049917,0.875513,0.033169094,0.0437927,0.036139213,0.035782896,0.04013744,0.020244045,0.013801915,0.0032468848,0.0028695217,0.0014184164,0.9312524,0.9105142,0.28251687,0.49839053,0.3808974,-0.0038824102,0.009882539,0.055510692,0.05789279,0.0826437,1.0081775,1.0081775,1.0081775,1.0081775,1.0081775,0.89834976,0.87160724,0.8631496,0.8468878,0.80015624,0.9840266,0.9733777,0.93155855,0.91536325,0.8998336,0.9447587,0.89639485,0.88186353,0.8744315,0.83971155,1.0,1.0,1.0,1.0,1.0,0.92554194,0.94012195,0.9436139,0.9492989,0.9606888,1.0,1.0,1.0,1.0,1.0,0.2,0.2,0.45,0.033333335,0.36666667,0.8,0.8,0.55,0.96666664,0.6333333,0.6500976,0.8957093,0.70911413,0.34397522,0.011620379,0.8714028,0.8394779,0.43166366,0.39965013,0.4317975,1.0,0.8,0.6,0.6333333,0.5833333,0.0,0.1,0.3,0.26666668,0.35,1.0,0.7,0.3,0.36666667,0.23333333,1.0,0.9910312,0.7115839,0.7227035,0.6163469,0.0,0.008968796,0.2884161,0.27729645,0.38365313,1.0,0.9820624,0.42316782,0.4454071,0.23269376,0.8187107,0.61963177,0.62372607,0.65798706,0.7187838,0.24185625,0.26690793,0.20013101,0.18627925,0.21250342,0.8331916,1.3125885,1.1360819,1.1151464,1.1460919,0.7154826,0.6120267,0.54888344,0.5234285,0.5042161,0.28451738,0.3879733,0.45111653,0.47657147,0.4957839,0.43096524,0.22405337,0.09776692,0.046857048,0.008432196
105,SZ003816,0.007508528936251319,0.75,,,,,,2026-08-24,0.010416739,0.018229175,0.57143223,0.005208323,0.28571355,0.0026041148,0.14285423,0.007812531,0.4285729,0.98969066,1.0051546,0.98711336,0.99973804,0.99353445,1.0172414,1.0387931,0.9956896,1.1530172,0.9978448,1.0019397,1.0212284,1.025431,1.0332614,0.0071478966,0.011469534,0.02695689,0.026343126,0.04967029,-0.0010775679,-0.0024164023,-0.0038679666,-0.0014786548,-0.0014149047,0.05681628,0.4068726,0.7205994,0.24417473,0.24749178,0.0043103453,0.008934196,0.015517279,-0.0039904984,0.008478232,1.0111266,1.0284396,1.0917192,1.0917192,1.1950569,0.98664796,0.9858127,0.9858127,0.9858127,0.9536471,1.0017241,1.0094827,1.0482758,1.0482758,1.0711206,0.9943965,0.99310344,0.9956896,1.0,0.99353445,0.8,0.6,0.3,0.21666667,0.30833334,0.54545593,0.33282486,0.1339606,0.1339606,0.19200921,0.6,0.1,0.25,0.5,0.033333335,0.8,0.5,0.75,0.8333333,0.45,-0.2,-0.4,-0.5,-0.33333334,-0.41666666,0.9490933,0.10580265,0.47565714,0.44173968,0.48015985,0.9749343,0.3837368,0.25847763,0.2256264,0.14185828,0.6,0.5,0.45,0.5,0.43333334,0.4,0.5,0.55,0.5,0.55,0.2,0.0,-0.1,0.0,-0.11666667,0.57142884,0.4047624,0.4166668,0.5058141,0.40533337,0.42857113,0.5952376,0.5833332,0.49418595,0.59466666,0.14285773,-0.19047523,-0.1666664,0.01162811,-0.18933329,1.1095617,1.0356065,1.2511322,1.3846859,1.4238367,0.37272236,0.28977513,0.39280096,0.43822777,0.38345858,0.73939204,0.6965979,0.6656631,0.79039973,0.8801966,0.5340552,0.4731601,0.48445374,0.490049,0.47213906,0.46594483,0.5268399,0.51554626,0.509951,0.52786094,0.06811037,-0.053679843,-0.031092554,-0.01990201,-0.055721883
106,SZ300418,0.00743499401312394,0.5833333333333334,,,,,,2026-08-24,-0.07421784,0.08791965,-0.8441554,0.0006851572,0.007792993,0.01301665,0.14805166,-0.061886348,-0.7038967,1.0801678,1.0809078,0.98593986,1.0157478,1.102614,1.0922552,0.9415636,1.1889586,1.0834197,1.0676497,1.0692585,1.0482237,1.0474682,1.0419515,0.044385936,0.033164855,0.06669622,0.07421139,0.08112764,-0.01623302,-0.001508967,0.0059729796,0.0008677268,0.0011365083,0.33438584,0.018976439,0.28070343,0.010595626,0.059855945,-0.03518373,-0.062468097,-0.10496708,-0.060050223,-0.075478554,1.1763889,1.1763889,1.1763889,1.2267501,1.3204433,0.98593986,0.98593986,0.8705477,0.8705477,0.8705477,1.1000061,1.0982755,1.095826,1.0982755,1.1008593,1.0390958,1.0471392,1.0209615,0.99399185,0.96514535,0.2,0.1,0.2,0.23333333,0.33333334,0.07382641,0.07382641,0.4232665,0.36342338,0.2877386,0.6,0.8,0.9,0.1,0.48333332,1.0,1.0,0.1,0.4,0.7,-0.4,-0.2,0.8,-0.3,-0.21666667,0.2212407,0.115053065,0.21914312,0.42445576,0.70527256,0.68368566,0.429798,0.6047234,0.49106643,0.5862492,0.2,0.4,0.4,0.43333334,0.48333332,0.8,0.6,0.6,0.56666666,0.51666665,-0.6,-0.2,-0.2,-0.13333334,-0.033333335,0.27438357,0.36525443,0.53982884,0.42393917,0.4822792,0.7256164,0.63474554,0.46017113,0.57606083,0.51772076,-0.45123282,-0.26949114,0.07965773,-0.15212168,-0.03544155,0.97684246,0.9025641,1.017658,1.0683959,1.0375483,0.4019351,0.29188144,0.36030087,0.35179773,0.46432176,0.83653224,0.943278,1.7812059,1.4926909,1.4154301,0.5400182,0.55107653,0.5317145,0.47813877,0.50415176,0.45998183,0.44892347,0.4682855,0.5218612,0.49584824,0.08003636,0.102153055,0.063429,-0.04372244,0.008303526
107,SZ300442,0.007373255959796451,0.4166666666666667,,,,,,2026-08-24,-0.033281695,0.053869918,-0.6178159,0.0046439623,0.086206965,0.015944263,0.29597712,-0.021981394,-0.40804577,1.0344275,1.0392313,0.9835068,1.0026231,1.1622872,1.0837051,1.0613121,1.2409518,1.3390349,1.0463064,1.0797223,1.0620352,1.0698149,1.1788037,0.044507105,0.051418275,0.060710274,0.054380305,0.12507826,-0.025541218,-0.010762057,0.003525114,-0.0002678925,-0.005216273,0.8233122,0.4015754,0.11800217,0.0018807867,0.53046507,0.004776068,-0.031293076,-0.095523745,-0.065930426,-0.024923678,1.1499953,1.1706133,1.1706133,1.2409792,1.484715,0.9835068,0.9835068,0.9181525,0.9181525,0.9181525,1.0614278,1.1228391,1.1173855,1.1173855,1.3003635,1.0247232,1.0334159,1.0116343,1.0270203,1.0654106,0.2,0.1,0.15,0.1,0.05,0.09906503,0.08814866,0.32419878,0.25353378,0.14446327,0.2,0.5,0.75,0.033333335,0.36666667,1.0,1.0,0.15,0.43333334,0.71666664,-0.8,-0.5,0.6,-0.4,-0.35,0.8278305,0.87403816,0.57887757,0.51905394,0.55637014,-0.3451849,0.3328845,0.45639092,0.25685135,0.41225904,0.0,0.4,0.4,0.36666667,0.43333334,1.0,0.6,0.6,0.6333333,0.56666666,-1.0,-0.2,-0.2,-0.26666668,-0.13333334,0.0,0.32963347,0.45266655,0.38119298,0.42699027,1.0,0.6703665,0.5473335,0.618807,0.5730097,-1.0,-0.34073308,-0.09466693,-0.23761407,-0.14601946,1.4611832,1.9479182,1.9962131,1.9787598,2.185296,0.6153411,0.8231606,0.67279917,0.6606842,0.73304135,1.00713,0.9406545,0.9560416,0.9580635,0.98979646,0.049291987,0.4188548,0.49618098,0.45941985,0.47844508,0.95070803,0.5811452,0.50381905,0.54058015,0.5215549,-0.901416,-0.16229041,-0.007638059,-0.08116032,-0.04310983
108,SH688506,0.006299310702799252,0.6666666666666666,,,,SH688506,百利天恒,2026-08-24,-0.05751379,0.09034326,-0.636614,0.022585787,0.2499997,0.010243684,0.11338626,-0.06985589,-0.7732275,1.0610235,1.0849875,0.9891312,1.0172755,1.1298966,1.2041286,1.1820892,1.1306136,0.9003321,1.0827761,1.1184278,1.1298041,1.1618412,1.0705763,0.05311153,0.053202067,0.050727088,0.06755746,0.15798321,-0.030036224,-0.01580565,-0.003799037,-0.005418538,0.006087293,0.7995636,0.8090572,0.19630675,0.49856216,0.45282072,-0.022703582,-0.04730235,-0.093713254,-0.083272316,-0.25015152,1.1584648,1.2302815,1.2340177,1.3321761,1.3407804,0.9891312,0.9891312,0.9891312,0.9891312,0.7551513,1.1205977,1.1592422,1.1602988,1.2226356,1.1864971,1.0535285,1.0882556,1.0913805,1.1120461,0.8740282,0.2,0.1,0.05,0.033333335,0.31666666,0.064185664,0.0450706,0.04438297,0.031683292,0.41809517,0.2,0.1,0.1,0.23333333,0.41666666,1.0,1.0,1.0,1.0,0.033333335,-0.8,-0.9,-0.9,-0.76666665,0.38333333,-0.73719865,-0.03205441,0.09463378,0.4139666,0.14288051,-0.10193821,0.073146395,0.2942284,0.203391,0.4081745,0.4,0.3,0.45,0.5,0.46666667,0.6,0.7,0.55,0.5,0.53333336,-0.2,-0.4,-0.1,0.0,-0.06666667,0.15758072,0.13693137,0.35608196,0.43937644,0.52322656,0.84241927,0.86306864,0.64391804,0.5606235,0.47677344,-0.6848386,-0.7261372,-0.2878361,-0.12124708,0.046453137,0.78046054,0.8216124,0.85321444,0.938944,1.0913894,0.15892506,0.16292876,0.19645436,0.27957729,0.41238332,0.76432556,0.8263408,0.6851027,1.0698142,1.3064197,0.62697,0.42117068,0.552772,0.51166105,0.47093725,0.37303,0.5788293,0.447228,0.48833892,0.52906275,0.25394,-0.1576586,0.10554396,0.023322158,-0.058125507
109,SH601377,0.00591787626600438,0.5833333333333334,,,,SH601377,兴业证券,2026-08-24,0.0034542056,0.010362617,0.33333334,0.0051813084,0.5,0.0017271028,0.16666667,0.0,0.0,0.9965577,1.0051634,0.9948365,0.99913436,1.0072333,1.0174805,1.0361664,1.0295359,0.973478,0.99746835,1.0031947,1.0160639,1.0248343,1.0222121,0.0034468833,0.006700456,0.015515452,0.018338699,0.023548007,1.0677819e-08,-0.0018448487,-0.002385257,-0.0019050039,0.00018726276,2.3991196e-11,0.6949031,0.8271982,0.83628905,0.01928832,0.0025316253,0.005107123,0.0065960516,0.002788315,-0.02773644,1.0069723,1.0206614,1.0452932,1.058266,1.080132,0.98665464,0.98665464,0.98665464,0.98665464,0.9635474,1.0003617,1.0094032,1.0349607,1.039783,1.0405064,0.9948161,0.9966245,1.0014466,1.0068716,0.9966245,0.8,0.4,0.2,0.13333334,0.23333333,0.6568355,0.3924328,0.22758676,0.18635784,0.31267065,0.2,0.3,0.3,0.2,0.26666668,0.8,0.9,0.95,0.96666664,0.016666668,-0.6,-0.6,-0.65,-0.76666665,0.25,-0.08113999,0.10102274,0.7677937,0.79038125,0.49398196,-0.164728,0.19875178,0.059983302,0.13896,0.43846172,0.6,0.6,0.5,0.5,0.5,0.4,0.4,0.4,0.43333334,0.46666667,0.2,0.2,0.1,0.06666667,0.033333335,0.32352957,0.28358212,0.3125,0.42815235,0.51943463,0.67647046,0.71641785,0.6875,0.5718477,0.48056537,-0.35294086,-0.43283573,-0.375,-0.1436953,0.03886924,0.9441816,0.95853156,1.2918723,1.4602654,2.0132558,0.11464805,0.12114575,0.4570599,0.5106589,1.1063504,0.78533834,0.7586815,1.1349801,0.9558601,2.0620258,0.51030916,0.4754415,0.48773503,0.4643248,0.48902145,0.48969084,0.52455854,0.51226497,0.5356752,0.5109786,0.020618327,-0.049117036,-0.024529925,-0.07135042,-0.0219571
110,SH600886,0.005377427824262865,0.5833333333333334,,,,SH600886,国投电力,2026-08-24,0.016776146,0.021152416,0.7931078,0.0021881347,0.10344609,0.0021881347,0.10344609,0.016776146,0.7931078,0.98350066,1.0021521,0.98134863,0.9965386,0.99355125,1.0229626,1.0197636,0.9685022,0.9906683,0.9962723,0.99928683,1.0206493,1.0221095,0.9821074,0.009707637,0.011683386,0.025994072,0.024498235,0.047781434,0.00071569043,-0.0017656483,-0.0039861645,-0.0012014167,0.0016664866,0.013588245,0.20935455,0.8230569,0.18638863,0.37100962,0.002296279,0.008658594,0.017219283,-0.0046889842,-0.031268775,1.0150645,1.0387386,1.072415,1.072415,1.072415,0.97920465,0.97920465,0.97920465,0.96225846,0.88813597,1.0017222,1.0051717,1.0476146,1.0463679,1.0250338,0.986804,0.988243,0.9987103,1.0,0.9323386,0.7,0.55,0.275,0.21666667,0.575,0.57990575,0.34930176,0.22310105,0.34261715,0.6070362,0.6,0.1,0.15,0.43333334,0.71666664,0.2,0.6,0.8,0.033333335,0.33333334,0.4,-0.5,-0.65,0.4,0.38333333,0.40112895,0.10572387,0.7087341,0.41142923,0.24157372,0.44284898,0.37637967,0.04197454,0.07009489,0.2934054,0.4,0.4,0.45,0.5,0.48333332,0.6,0.6,0.55,0.5,0.48333332,-0.2,-0.2,-0.1,0.0,0.0,0.5493993,0.39327714,0.4549905,0.543978,0.50685185,0.45060065,0.6067229,0.5450095,0.456022,0.49314815,0.09879869,-0.21344572,-0.09001901,0.08795601,0.01370369,1.2084427,1.1163112,1.3240312,1.8130045,1.7611336,0.2687915,0.20606379,0.33245724,0.83110756,0.6787395,0.6893233,0.80056816,0.8253717,0.80017805,0.7399764,0.48416272,0.43713188,0.36836272,0.44063255,0.43782684,0.5158373,0.5628681,0.6316373,0.5593674,0.5621732,-0.03167459,-0.12573625,-0.26327455,-0.11873487,-0.12434633
111,SH603296,0.005353700701458694,0.4166666666666667,,,,SH603296,华勤技术,2026-08-24,-0.035640933,0.05397431,-0.6603314,0.0,0.0,0.018333375,0.33966857,-0.017307559,-0.3206629,1.0369581,1.0369581,0.98098904,1.0053034,1.1552421,1.0742916,1.1556338,1.0527483,0.9989554,1.0495234,1.0802976,1.0733973,1.0750097,1.0421377,0.047165688,0.056003727,0.048495892,0.061337464,0.072145216,-0.025414543,-0.009073892,-0.00040710764,0.00042568063,0.0014550438,0.725859,0.24063832,0.0024664742,0.0037326547,0.12406147,0.0013056792,-0.039465137,-0.06952974,-0.08118212,-0.085061535,1.147296,1.1712228,1.1712228,1.2214999,1.2214999,0.98098904,0.98098904,0.96916676,0.9474657,0.87301975,1.0585586,1.1427993,1.1206554,1.1427993,1.10141,1.0306045,1.0397701,1.0397701,1.037433,0.9731035,0.2,0.1,0.1,0.13333334,0.31666666,0.11431245,0.09993464,0.15259743,0.1917071,0.364383,0.2,0.4,0.7,0.26666668,0.6333333,1.0,1.0,0.3,0.033333335,0.41666666,-0.8,-0.6,0.4,0.23333333,0.21666667,0.37234285,0.7283165,0.4279739,0.32195255,0.5201692,-0.6971554,0.50851804,0.24617414,0.11526689,0.268727,0.2,0.3,0.4,0.46666667,0.5,0.8,0.7,0.6,0.53333336,0.5,-0.6,-0.4,-0.2,-0.06666667,0.0,0.0182334,0.37184697,0.3798145,0.47421828,0.5002392,0.9817666,0.628153,0.6201855,0.52578175,0.49976078,-0.9635332,-0.25630608,-0.24037097,-0.05156346,0.00047843147,1.0364622,1.3004848,1.3767489,1.5775551,1.5642763,0.22497497,0.51241153,0.4083382,0.52490187,0.6382072,1.206065,1.5986297,1.2225997,1.098442,1.0874896,0.3243368,0.50502187,0.42354235,0.47461918,0.4841636,0.6756632,0.49497813,0.5764577,0.5253808,0.51583636,-0.3513264,0.010043747,-0.1529153,-0.050761625,-0.031672776
112,SH601881,0.005203120159189909,0.6666666666666666,,,,SH601881,中国银河,2026-08-24,-0.001659705,0.01244815,-0.13332945,0.004979276,0.4000013,0.005809169,0.46666926,-0.00082981226,-0.06666149,1.0016625,1.00665,0.99418116,1.0003471,1.017931,1.0317241,1.0427586,1.0641379,1.0034482,0.9977931,1.010069,1.0254138,1.0374483,1.0353907,0.0058600283,0.01401055,0.01956313,0.02499688,0.03223273,0.00096551643,-0.003903869,-0.0028514392,-0.0025838676,0.00021226243,0.067867205,0.711691,0.7435662,0.82807666,0.013226713,0.00027587567,0.0074984487,0.001674888,1.7808836e-05,-0.04165253,1.0170376,1.037706,1.0582515,1.0957583,1.1296829,0.98598975,0.98598975,0.98598975,0.98598975,0.95971763,1.0023448,1.0246897,1.0451034,1.0573792,1.0651034,0.9929655,0.9987586,1.0031724,1.0173793,1.0056552,0.6,0.3,0.15,0.1,0.16666667,0.4512474,0.2709062,0.19388199,0.1276345,0.23700371,0.2,0.3,0.3,0.06666667,0.4,0.8,0.9,0.95,0.96666664,0.11666667,-0.6,-0.6,-0.65,-0.9,0.28333333,0.12822866,0.008407944,0.60997945,0.7868528,0.4935467,-0.29508626,-0.3415575,-0.08070314,-0.021361116,0.36230546,0.4,0.4,0.4,0.46666667,0.5,0.6,0.6,0.55,0.5,0.48333332,-0.2,-0.2,-0.15,-0.033333335,0.016666668,0.30302992,0.2788457,0.35779798,0.39110073,0.49806952,0.69697005,0.7211543,0.642202,0.6088993,0.5019305,-0.39394015,-0.44230857,-0.28440407,-0.21779855,-0.003860967,1.3285311,1.3088077,1.5659517,1.9842271,2.9615505,0.4353356,0.32965517,0.39756107,0.79685843,1.6660013,0.83032537,0.9228491,1.0138247,1.049385,1.6496902,0.49603325,0.46048886,0.45359096,0.44029418,0.47454175,0.50396675,0.53951114,0.546409,0.5597058,0.5254582,-0.007933473,-0.07902228,-0.09281807,-0.119411625,-0.050916474
113,SH603260,0.005115357932776742,0.5,,,,SH603260,合盛硅业,2026-08-24,-0.042153206,0.052976333,-0.79569876,0.004272283,0.08064512,0.0065508466,0.123656094,-0.039874643,-0.7526878,1.0440083,1.0484686,0.99316084,1.0103844,1.0853422,1.0565708,0.97803265,1.1166408,1.1321929,1.0434293,1.0523133,1.0374222,1.0311819,1.1660154,0.027332073,0.023221964,0.033595726,0.04540675,0.1731362,-0.015668737,-0.00404708,0.0031262054,0.0011178827,-0.005795636,0.8216046,0.2784179,0.30306444,0.04697354,0.341764,-0.012091736,-0.034101486,-0.06712116,-0.047391232,0.004955874,1.1059667,1.1059667,1.1059667,1.1864496,1.5442533,0.99316084,0.99316084,0.94118077,0.9396869,0.9396869,1.057465,1.0691291,1.0569984,1.0604976,1.360031,1.034059,1.0423405,0.99949455,0.98829705,1.0377916,0.2,0.1,0.25,0.33333334,0.16666667,0.06062755,0.06062755,0.35694337,0.2444173,0.099762544,0.2,0.6,0.8,0.06666667,0.21666667,1.0,1.0,0.1,0.16666667,0.5833333,-0.8,-0.4,0.7,-0.1,-0.36666667,-0.19928305,0.041916735,0.017113086,0.14759073,0.8686056,-0.83409834,-0.2637338,0.08661877,0.14029159,0.48094183,0.2,0.4,0.55,0.5,0.5,0.8,0.5,0.4,0.46666667,0.48333332,-0.6,-0.1,0.15,0.033333335,0.016666668,0.04175356,0.3377927,0.5361948,0.40875906,0.47132736,0.95824647,0.6622073,0.46380517,0.59124094,0.52867264,-0.9164929,-0.32441458,0.07238964,-0.18248187,-0.057345252,0.7781353,0.7892495,0.89263487,0.99400574,1.6008404,0.22023316,0.17209275,0.20269977,0.29778832,0.92340237,1.0832621,0.94082725,1.1281998,1.0834372,1.200616,0.4996251,0.5571389,0.5477067,0.44070166,0.49883687,0.5003749,0.44286108,0.45229325,0.55929834,0.5011631,-0.00074980827,0.11427785,0.09541349,-0.11859669,-0.0023262245
114,SH600061,0.004585903800258265,0.6666666666666666,,,,SH600061,国投资本,2026-08-24,0.0032051422,0.014423139,0.22222222,0.008012855,0.5555556,0.0032051422,0.22222222,-0.0016025711,-0.11111111,0.9968051,1.0079873,0.9936102,1.0022192,1.017685,1.0271593,1.0208431,1.0352124,1.0052109,0.9977894,1.0101058,1.0220827,1.0267172,1.0234249,0.0042663077,0.013981533,0.017570002,0.01867789,0.023953464,0.00047371836,-0.0038681459,-0.002296718,-0.0014737856,0.0002733052,0.030823085,0.701629,0.59805316,0.48251933,0.039706253,0.0012632036,0.007300858,-0.0002639248,-0.0053473096,-0.031487424,1.0175532,1.0400424,1.0544302,1.0687063,1.0691923,0.98733056,0.98733056,0.98733056,0.98733056,0.9584041,1.0003158,1.0217906,1.0402653,1.0431075,1.0431075,0.99684197,0.998421,1.0012633,1.011527,1.0013895,0.8,0.4,0.2,0.13333334,0.18333334,0.41920394,0.24035299,0.18881525,0.15569064,0.37545413,0.2,0.3,0.3,0.06666667,0.3,0.4,0.7,0.85,0.9,0.15,-0.2,-0.4,-0.55,-0.8333333,0.15,0.0971431,0.19041619,0.51501983,0.55775696,0.41981468,-0.496362,0.097312324,0.29044747,0.3958796,0.5171908,0.4,0.5,0.5,0.5,0.46666667,0.4,0.4,0.45,0.46666667,0.48333332,0.0,0.1,0.05,0.033333335,-0.016666668,0.25862113,0.31140345,0.42993632,0.44207796,0.49673718,0.74137884,0.68859655,0.57006365,0.557922,0.5032628,-0.48275775,-0.3771931,-0.14012735,-0.11584405,-0.0065256585,1.0136485,1.0277605,1.1454215,1.4286726,1.678442,0.25200963,0.28049594,0.28168452,0.5657748,0.71391666,1.0590109,0.9093276,0.95203906,0.94109726,1.3201776,0.5612263,0.500636,0.462676,0.49010506,0.48497972,0.4387737,0.49936402,0.537324,0.5098949,0.5150203,0.12245262,0.0012719432,-0.07464802,-0.019789863,-0.030040568
115,SH601633,0.004339677999329515,0.6666666666666666,,,,SH601633,长城汽车,2026-08-24,0.0,0.016436605,0.0,0.012491754,0.759996,0.003944851,0.240004,-0.008546903,-0.519992,1.0,1.0124917,0.9960551,1.0060754,1.0156932,1.0315483,1.0618023,0.98624814,1.0849377,1.0063096,1.0141077,1.0415547,1.0431861,1.043782,0.009538509,0.011896822,0.03756256,0.033740893,0.048119478,-0.0017149205,-0.0030572652,-0.00567261,-0.0016555812,-0.00090095395,0.08081036,0.6053628,0.79822165,0.18659051,0.10692105,-0.0028797998,-0.00035003125,0.012335056,-0.019180158,-0.01720385,1.0229839,1.0387182,1.124172,1.124172,1.1723151,0.9960551,0.9960551,0.9960551,0.97832745,0.9422945,1.0108073,1.0228442,1.0827374,1.0676589,1.091668,1.0,1.0010355,1.012587,1.0153049,0.9992558,0.3,0.15,0.075,0.083333336,0.225,0.14649199,0.09246533,0.030791033,0.1486003,0.25087106,0.6,0.2,0.15,0.43333334,0.16666667,1.0,1.0,1.0,0.033333335,0.33333334,-0.4,-0.8,-0.85,0.4,-0.16666667,0.61343205,0.43619242,0.68258053,0.5233382,0.56000614,0.76686496,0.60858136,0.041029446,0.28811842,0.46224213,0.2,0.3,0.35,0.43333334,0.45,0.6,0.6,0.6,0.53333336,0.53333336,-0.4,-0.3,-0.25,-0.1,-0.083333336,0.36414587,0.33990148,0.38002512,0.51669943,0.45748988,0.6358541,0.6600985,0.61997485,0.48330054,0.5425101,-0.27170825,-0.32019705,-0.23994975,0.03339891,-0.08502022,1.0804567,1.0692312,1.3885832,1.5169225,1.9938997,0.16911015,0.15163098,0.3987797,0.48973164,1.0636847,0.9348953,0.86535513,0.98765475,1.1277587,1.0809466,0.5871611,0.36667094,0.4716091,0.4799533,0.4700857,0.4128389,0.6333291,0.5283909,0.5200467,0.52991426,0.1743222,-0.26665813,-0.056781802,-0.040093407,-0.05982856
116,SH600519,0.004309086834479233,0.5,,,,SH600519,贵州茅台,2026-08-24,0.026475063,0.03420112,0.7740993,0.00719107,0.21025832,0.0005349864,0.015642365,0.01981898,0.5794834,0.97420776,1.0070056,0.9736866,0.9968475,0.99113125,1.0338781,0.9883795,0.92820305,0.99285823,0.99257416,1.0082878,1.0143832,1.0032204,0.9676235,0.010647908,0.021953773,0.019962735,0.027029874,0.043726742,-0.0016640791,-0.0059652524,-0.001801792,0.0011781692,0.0016714175,0.061060373,0.6767851,0.2851263,0.14724109,0.4456311,0.010753975,0.018555816,0.0027338106,-0.020303914,-0.016930318,1.0070056,1.0421106,1.0449846,1.0449846,1.0449846,0.9736866,0.9736866,0.9736866,0.9187526,0.8822298,1.0004936,1.0299236,1.0341449,1.0299236,1.0051472,0.987051,0.99088764,0.9989775,0.9896065,0.9215117,0.8,0.5,0.25,0.4,0.7,0.7897417,0.3845638,0.36906224,0.6436356,0.72360504,1.0,0.3,0.25,0.5,0.75,1.0,1.0,1.0,0.06666667,0.33333334,0.0,-0.7,-0.75,0.43333334,0.41666666,0.49212375,-0.35099483,0.15079999,-0.047015302,0.025554074,0.30530846,-0.41765112,0.07266084,0.29377863,0.32140666,0.6,0.4,0.55,0.53333336,0.48333332,0.4,0.6,0.45,0.46666667,0.51666665,0.2,-0.2,0.1,0.06666667,-0.033333335,0.5708362,0.36360094,0.5217351,0.5890314,0.50494826,0.4291638,0.63639903,0.47826493,0.4109686,0.4950517,0.14167237,-0.2727981,0.04347016,0.17806281,0.009896572,0.75770247,0.79745287,0.8858026,0.9838685,0.9339614,0.17342566,0.3189007,0.3313055,0.4064781,0.32967377,0.86122704,1.4221147,1.176947,1.5408833,1.3953711,0.30323014,0.45896557,0.5264319,0.50643486,0.48187053,0.69676983,0.54103446,0.4735681,0.4935651,0.51812947,-0.3935397,-0.08206888,0.052863777,0.012869759,-0.03625891
117,SH600160,0.00360320272991962,0.4166666666666667,,,,SH600160,巨化股份,2026-08-24,-0.022991523,0.040816348,-0.56329197,0.006199989,0.15189965,0.011624838,0.28480837,-0.017566673,-0.43038327,1.0235326,1.0298785,0.9881016,1.0064894,1.0798476,1.1702797,1.0618674,1.1094754,0.86487174,1.026018,1.0586203,1.0744882,1.0706286,1.1347158,0.020566082,0.038385864,0.05060215,0.046836056,0.12878372,-0.011791082,-0.012331173,-0.0016298443,-0.00017571994,-0.0018075042,0.82175857,0.94597036,0.036309678,0.0010908954,0.060080916,-0.0024358954,-0.0031300609,-0.05900463,-0.06808073,-0.08139443,1.1036454,1.1750383,1.1766256,1.1766256,1.5335997,0.9881016,0.9881016,0.9844022,0.97250336,0.90625495,1.0322534,1.0900071,1.120943,1.1159141,1.2355999,1.018618,1.0232725,1.0253803,1.0258055,1.0258055,0.2,0.1,0.05,0.033333335,0.06666667,0.102977395,0.063649334,0.08114426,0.1347067,0.14943147,0.2,0.1,0.5,0.6666667,0.38333333,1.0,1.0,0.1,0.2,0.016666668,-0.8,-0.9,0.4,0.46666667,0.36666667,0.8413716,0.5099781,0.351365,0.13527244,0.5613239,-0.28234372,-0.17445214,0.2858325,0.20791283,0.2583568,0.0,0.2,0.45,0.43333334,0.5,0.8,0.7,0.5,0.53333336,0.48333332,-0.8,-0.5,-0.05,-0.1,0.016666668,0.0,0.027934277,0.42519414,0.42870474,0.5308272,1.0,0.97206575,0.57480586,0.57129526,0.46917278,-1.0,-0.94413143,-0.14961168,-0.14259052,0.061654434,1.2926395,1.3378866,1.4340247,1.6092288,2.985497,0.381307,0.29909527,0.308184,0.40911606,1.5829879,0.9354574,0.9694975,0.82050574,0.8916874,1.242648,0.4090054,0.4200184,0.47511286,0.40336418,0.49256355,0.5909946,0.57998157,0.52488714,0.5966358,0.50743645,-0.18198918,-0.15996319,-0.049774297,-0.19327164,-0.014872917
118,SH600999,0.0035803801984449026,0.6666666666666666,,,,SH600999,招商证券,2026-08-24,0.003370863,0.014606706,0.23077503,0.0073033026,0.49999657,0.00393254,0.2692284,1.0010284e-07,6.8532113e-06,0.99664044,1.0072788,0.99272114,0.9993564,1.0256474,1.0196713,1.0206673,1.1207669,0.9307769,1.000996,1.0091882,1.0029134,1.0258051,1.0442189,0.005495028,0.010557449,0.01434522,0.04042338,0.079335,-0.0021912323,-0.0024855104,0.0012322903,-0.003068315,-1.1519432e-05,0.3975365,0.5080712,0.2582734,0.44651535,6.4303154e-06,0.0033864554,0.001996568,-0.014620081,0.018685486,-0.043879103,1.0269456,1.04132,1.04132,1.1635457,1.2715145,0.9909786,0.9909786,0.9629137,0.9629137,0.90278876,1.0021415,1.020767,1.0190737,1.0560757,1.1210159,0.9981574,0.998257,0.9896912,0.99696213,0.98446214,0.8,0.4,0.5,0.33333334,0.33333334,0.25082383,0.17920454,0.4730022,0.18484735,0.26364097,0.2,0.3,0.65,0.06666667,0.36666667,0.6,0.8,0.15,0.43333334,0.1,-0.4,-0.5,0.5,-0.36666667,0.26666668,0.4286343,0.62953687,-0.40778646,0.5567354,0.73578614,-0.20768285,0.35261247,-0.06471713,0.028572528,0.48053142,0.2,0.4,0.6,0.5,0.56666666,0.6,0.5,0.35,0.46666667,0.41666666,-0.4,-0.1,0.25,0.033333335,0.15,0.07438079,0.3753945,0.44353735,0.33908424,0.5300606,0.9256192,0.6246055,0.55646265,0.6609158,0.46993944,-0.8512384,-0.249211,-0.11292527,-0.32183155,0.060121138,1.1085808,1.2160598,1.6033422,1.9736321,2.8089213,0.27548185,0.23989671,0.5286301,0.73325795,1.5065122,1.223278,0.8307178,1.5963811,1.3194189,1.5689288,0.35126677,0.40423852,0.36726907,0.38540244,0.48169413,0.6487332,0.5957615,0.6327309,0.61459756,0.51830584,-0.29746646,-0.19152296,-0.26546186,-0.2291951,-0.036611736
119,SH688072,0.003340419545390994,0.5,,,,SH688072,拓荆科技,2026-08-24,0.006073468,0.05964698,0.10182356,0.032985236,0.5530077,0.020588271,0.34516874,-0.0063234977,-0.10601539,0.9939632,1.0327861,0.97349924,1.0044098,1.0509833,1.064123,1.1575291,1.235144,0.9174338,1.0156971,1.0187663,0.9985262,1.0342091,1.0216358,0.050762083,0.03644648,0.05528517,0.08349691,0.10815502,-0.02326382,-0.003338991,0.0030052764,-0.0038398344,0.0012177482,0.5250772,0.0769362,0.10342358,0.1639026,0.045225084,0.030830545,-0.003740875,-0.027076324,0.021468515,-0.056098044,1.1045958,1.1045958,1.1518235,1.381316,1.381316,0.96706444,0.96706444,0.83317536,0.83317536,0.8010183,1.0277162,1.0322942,1.0296595,1.1068915,1.1190382,0.98380584,0.9968922,0.97934616,0.98380584,0.9270774,0.6,0.3,0.45,0.33333334,0.44,0.23947687,0.23947687,0.52353877,0.30434644,0.34289587,0.2,0.6,0.05,0.033333335,0.33333334,0.6,0.8,0.3,0.53333336,0.33333334,-0.4,-0.2,-0.25,-0.5,0.0,0.5198273,0.4252276,-0.3616068,0.37669545,0.19330041,0.16848585,0.36286068,0.25021058,0.35382944,0.32344112,0.6,0.6,0.6,0.56666666,0.5,0.4,0.4,0.4,0.43333334,0.31666666,0.2,0.2,0.2,0.13333334,0.18333334,0.36938515,0.39862552,0.40996462,0.42464966,0.51421016,0.6306149,0.60137445,0.5900354,0.57535034,0.48578987,-0.26122972,-0.20274894,-0.18007077,-0.15070069,0.028420271,1.0786959,1.0594549,1.2785294,1.4687953,1.581761,0.15753564,0.1377914,0.28300503,0.4394296,0.51512,0.97503453,0.95741516,1.063999,1.0903842,1.0478498,0.44510925,0.42810136,0.42447838,0.3127763,0.3696224,0.55489075,0.57189864,0.5755216,0.6872237,0.6303776,-0.10978149,-0.14379726,-0.15104322,-0.3744474,-0.26075518
120,SH688396,0.002643244324109268,0.5,,,,SH688396,华润微,2026-08-24,-0.020479985,0.065599956,-0.3121951,0.019999957,0.3048776,0.025120012,0.3829273,-0.015359929,-0.23414542,1.0209082,1.0413263,0.97435474,1.00283,1.0311038,0.98033845,0.9921031,1.2675261,1.046253,1.0106366,1.0043352,0.96282834,0.9923664,1.1289417,0.033289075,0.028033094,0.05763917,0.078570105,0.19097593,-0.0114423875,0.0016145393,0.0077794422,-0.0024311005,-0.0052374066,0.29537237,0.030406512,0.6375724,0.07419811,0.22939032,0.012248193,-0.01160062,-0.03673304,0.04288461,0.025561815,1.0814223,1.0814223,1.0814223,1.2834213,1.6658363,0.96038765,0.96038765,0.8433064,0.8433064,0.8433064,1.0246253,1.018469,1.0073811,1.0307171,1.3282514,0.99400485,0.97795326,0.90981466,0.94307816,0.97998387,0.4,0.5,0.75,0.6333333,0.33333334,0.32728103,0.32728103,0.65805584,0.35602885,0.190502,0.4,0.7,0.85,0.033333335,0.36666667,0.6,0.8,0.25,0.5,0.75,-0.2,-0.1,0.6,-0.46666667,-0.38333333,-0.2722643,0.26587957,-0.009479064,0.36487666,0.5844344,-0.011777595,0.24419233,0.32277036,0.37940595,0.056660123,0.4,0.5,0.5,0.4,0.48333332,0.6,0.5,0.5,0.6,0.5,-0.2,0.0,0.0,-0.2,-0.016666668,0.41512772,0.5314433,0.50610214,0.38071284,0.49209148,0.5848723,0.4685567,0.49389786,0.61928713,0.5079085,-0.16974457,0.06288659,0.012204261,-0.23857431,-0.015817028,1.0807625,0.87189853,0.8942202,0.97092074,1.300126,0.14880829,0.2588092,0.2032441,0.26325622,0.4546871,0.5222741,0.6748181,0.751326,0.8598339,0.96535915,0.6288776,0.5604445,0.539995,0.47806042,0.45977926,0.37112242,0.43955553,0.460005,0.5219396,0.54022074,0.25775513,0.120888956,0.07999006,-0.043879177,-0.08044147
121,SZ300750,0.0016740033823199822,0.6666666666666666,,,,,,2026-08-24,-0.008334382,0.0197367,-0.4222784,0.00830885,0.42098477,0.0030934676,0.15673682,-0.013549765,-0.68652636,1.0084044,1.0167831,0.99688053,1.0045516,1.0311614,1.015416,1.0274723,0.92231375,1.0891231,1.0050728,1.0115792,1.0132275,0.997692,1.0016439,0.010848998,0.011669865,0.012686206,0.029938847,0.039958317,-0.003760454,-0.0018288419,-0.0005913617,0.0022047334,-0.00049627904,0.3003595,0.22512934,0.076052055,0.42028484,0.047047578,0.0024481202,-0.0033493554,-0.007609551,-0.02966063,0.012996284,1.0331446,1.0337619,1.0531646,1.0531646,1.1256917,0.9875112,0.9875112,0.9796439,0.9054374,0.88917756,1.0110284,1.0215904,1.0215904,1.0197984,1.0264497,0.99850845,1.0022874,1.0022874,0.97878647,0.97426444,0.4,0.2,0.2,0.43333334,0.41666666,0.27367625,0.27002424,0.27687576,0.6401165,0.46856582,0.2,0.4,0.4,0.6,0.016666668,0.8,0.9,0.1,0.033333335,0.48333332,-0.6,-0.5,0.3,0.56666666,-0.46666667,0.056369048,0.37917426,0.20467976,-0.33192784,-0.06456962,0.17479317,0.5504286,0.107369065,0.19835116,0.05917724,0.2,0.4,0.5,0.53333336,0.46666667,0.8,0.6,0.5,0.46666667,0.53333336,-0.6,-0.2,0.0,0.06666667,-0.06666667,0.252148,0.4291081,0.4492082,0.5763493,0.4633594,0.74785197,0.57089186,0.5507918,0.42365068,0.5366406,-0.49570397,-0.14178376,-0.1015836,0.15269864,-0.07328121,1.294258,1.343442,1.8708698,2.1682127,2.3559725,0.20648223,0.22206411,0.7220994,0.8112997,0.76583,0.49704432,0.48685533,1.1051979,0.96990067,0.9918077,0.33896163,0.4041236,0.37689984,0.4325668,0.46332562,0.66103834,0.5958764,0.62310016,0.56743324,0.5366744,-0.3220767,-0.19175278,-0.24620031,-0.13486643,-0.07334875
122,SZ002422,0.0015338322645360634,0.5833333333333334,,,,,,2026-08-24,-0.07644304,0.08201473,-0.9320648,0.00022287795,0.0027175355,0.005348811,0.06521768,-0.07131711,-0.86956465,1.0827702,1.0830116,0.99420846,1.0210876,1.1267072,1.1199605,1.1464866,1.0810926,0.8776699,1.0844232,1.1006879,1.0756426,1.1050277,1.0193796,0.05243617,0.04052692,0.046418678,0.061528716,0.11965445,-0.023511592,-0.008147158,0.0032187928,-0.0030027837,0.0051091323,0.5026228,0.37045592,0.16829397,0.18458404,0.55607885,-0.037400026,-0.064025596,-0.10622108,-0.0614873,-0.17009899,1.156862,1.1626625,1.1626625,1.2722172,1.2736846,0.99420846,0.99420846,0.9894036,0.9894036,0.8023646,1.1206318,1.127767,1.1200066,1.1478887,1.127767,1.0662168,1.0847194,1.0312325,1.0379595,0.88364655,0.2,0.1,0.1,0.06666667,0.38333333,0.03560655,0.034380488,0.06115923,0.037467737,0.41932318,0.6,0.1,0.55,0.06666667,0.41666666,1.0,1.0,0.25,0.5,0.11666667,-0.4,-0.9,0.3,-0.43333334,0.3,-0.11912532,0.040912926,0.29025927,0.627423,0.8158788,0.5147032,0.22987895,0.18355083,0.34009722,0.40065196,0.2,0.4,0.45,0.53333336,0.53333336,0.8,0.6,0.55,0.46666667,0.46666667,-0.6,-0.2,-0.1,0.06666667,0.06666667,0.22679526,0.31574148,0.38687542,0.4662614,0.5289554,0.77320474,0.6842585,0.61312455,0.5337386,0.47104463,-0.5464095,-0.36851707,-0.22624914,-0.06747724,0.05791076,0.80808103,0.86794007,0.8717777,1.0149021,0.885648,0.2092662,0.17246415,0.21540855,0.33599824,0.39635292,0.76419705,0.8956277,0.8658798,0.89835244,1.0482181,0.5982873,0.45840323,0.5045501,0.47839856,0.5109853,0.40171272,0.5415968,0.4954499,0.52160144,0.4890147,0.1965746,-0.083193555,0.009100201,-0.043202862,0.02197061
123,SH601728,0.0012915337869726378,0.4166666666666667,,,,SH601728,中国电信,2026-08-24,0.0062208096,0.020217722,0.30769092,0.009331306,0.4615409,0.004665607,0.23076817,0.0015551103,0.07691817,0.9938176,1.0092736,0.98918086,1.0023811,1.0213567,0.96859294,0.94597995,0.8831658,0.92211056,1.0100503,1.0031407,0.98888195,0.9694305,0.9271985,0.013383964,0.018418306,0.022037378,0.035545763,0.06028972,-0.0064070374,0.002885638,0.0022603616,0.0034711931,0.002028027,0.5729081,0.22500683,0.36821717,0.73906666,0.3451126,0.0027637936,-0.016126104,-0.01035537,-0.019762814,0.012974685,1.0305256,1.0306278,1.0306278,1.0306278,1.0306278,0.98918086,0.96280015,0.9380733,0.8773782,0.7955336,1.017588,1.0163317,1.0140704,1.0005025,0.97361815,0.9987437,0.9904523,0.97160804,0.9404523,0.8605528,0.4,0.5,0.675,0.78333336,0.89166665,0.26168123,0.5484468,0.6690836,0.80014426,0.8697211,0.2,0.5,0.75,0.8333333,0.9166667,1.0,0.2,0.05,0.033333335,0.36666667,-0.8,0.3,0.7,0.8,0.55,0.82280505,0.76533294,-0.06326116,-0.009112181,0.11707071,0.6699316,0.34978467,0.4586545,0.5164325,0.41175166,0.4,0.6,0.55,0.6,0.48333332,0.6,0.4,0.45,0.4,0.45,-0.2,0.2,0.1,0.2,0.033333335,0.31914872,0.63157916,0.5817491,0.6233422,0.5464072,0.6808513,0.3684208,0.41825095,0.37665775,0.4535928,-0.3617026,0.26315838,0.16349812,0.24668448,0.092814386,1.1630547,1.1795602,1.4195648,1.4781487,1.5134475,0.15373985,0.22239284,0.40058383,0.4645693,0.46614972,0.49041873,0.63181555,0.8467084,0.9102365,0.94068956,0.24552687,0.43061453,0.49506536,0.48982745,0.4817009,0.75447315,0.56938547,0.5049346,0.51017255,0.5182991,-0.50894624,-0.13877094,-0.009869276,-0.020345105,-0.036598217
124,SH601398,0.0011518246071562088,0.5,,,,SH601398,工商银行,2026-08-24,0.016752524,0.0257732,0.64999783,0.005154671,0.20000122,0.0038660034,0.15000091,0.015463856,0.5999976,0.9835235,1.0050697,0.9797212,0.998173,0.95783734,0.95436513,0.9796627,0.95436513,0.91468257,0.9861111,0.9724703,0.9793651,0.97405756,0.95087636,0.010104933,0.016117848,0.024865933,0.023134347,0.03334893,0.0052579353,0.004710796,-0.0015462764,0.00039472833,0.0010726359,0.6768674,0.7830435,0.13534208,0.022562325,0.31553003,0.003373005,0.0063311607,0.03532453,0.020218879,0.017480899,1.0050697,1.0050697,1.0340053,1.0340053,1.0340053,0.9552563,0.94506186,0.9442258,0.9327062,0.8807385,0.99087304,0.98621035,1.0076389,0.99087304,0.97986114,0.9820437,0.95783734,0.9571429,0.95436513,0.9193453,1.0,1.0,0.75,0.8333333,0.9166667,0.8982255,0.91551536,0.6212353,0.6643081,0.77813,1.0,1.0,0.15,0.43333334,0.71666664,0.2,0.3,0.45,0.1,0.41666666,0.8,0.7,-0.3,0.33333334,0.3,0.045883812,0.45586294,0.5168561,0.30578107,0.3012282,0.8787767,0.8139796,0.53470385,0.49399716,0.44388887,0.6,0.5,0.4,0.46666667,0.48333332,0.4,0.4,0.5,0.46666667,0.48333332,0.2,0.1,-0.1,0.0,0.0,0.9207921,0.7738088,0.54371,0.56571424,0.5603086,0.07920789,0.22619124,0.45628998,0.43428576,0.43969145,0.8415842,0.5476175,0.08742003,0.13142845,0.12061711,1.0368071,0.95244735,1.1799705,1.2147915,1.1640341,0.19748862,0.19428547,0.33341813,0.3480384,0.31615952,0.7973269,0.80740273,1.0747988,1.0266577,0.92835486,0.6224046,0.5314076,0.5093947,0.45037395,0.4969789,0.37759545,0.46859244,0.4906053,0.54962605,0.5030211,0.2448091,0.06281515,0.018789418,-0.09925208,-0.0060421904
125,SZ001391,0.0003049441298183578,0.16666666666666666,,,,,,2026-08-24,0.004914027,0.012285002,0.40000215,0.0073709744,0.5999979,0.0,0.0,-0.0024569475,-0.1999957,0.99511,1.007335,0.99511,1.0017921,1.0260663,1.0521326,1.042654,1.0,1.2322274,1.0004739,1.0168246,1.0349525,1.0386256,1.0609004,0.00923869,0.019135876,0.024576753,0.022265572,0.06667025,-0.001184833,-0.0056728404,-0.0036507128,-0.0015483233,-0.0024227374,0.041118145,0.8055934,0.77227926,0.37476352,0.40276188,0.001895759,0.008703168,-0.00027079644,-0.016174866,0.010570311,1.0290327,1.0549363,1.0763985,1.0910434,1.256038,0.98327184,0.98327184,0.98327184,0.98327184,0.9594626,1.0094787,1.0345972,1.0573459,1.056872,1.0881517,0.9938388,0.9990521,1.0094787,1.0232227,1.014218,0.6,0.3,0.15,0.1,0.108333334,0.36555606,0.2334234,0.17962798,0.15521862,0.1366851,0.2,0.1,0.3,0.2,0.033333335,0.4,0.7,0.85,0.9,0.33333334,-0.2,-0.6,-0.55,-0.7,-0.3,-0.019234827,-0.4183867,0.3211635,0.3716718,-0.59741247,-0.5688668,-0.41239068,-0.07498591,-0.18258926,-0.19860885,0.4,0.4,0.45,0.46666667,0.41666666,0.6,0.6,0.5,0.43333334,0.5,-0.2,-0.2,-0.05,0.033333335,-0.083333336,0.33333388,0.27083385,0.40000018,0.5,0.36898398,0.6666661,0.72916615,0.5999998,0.5,0.631016,-0.3333322,-0.45833227,-0.19999963,0.0,-0.26203206,1.5024805,1.3259532,1.5298551,1.6638906,1.5758895,0.4865313,0.37794212,0.36011985,0.4717616,0.46978346,0.6096634,0.8497104,0.8291492,0.84343857,0.77916896,0.46277085,0.35460627,0.47543332,0.47056606,0.50606793,0.5372292,0.6453937,0.5245667,0.5294339,0.49393207,-0.07445832,-0.29078743,-0.04913339,-0.058867864,0.012135834
126,SH600029,0.00025604403455090123,0.5833333333333334,,,,SH600029,南方航空,2026-08-24,0.005999963,0.009999974,0.5999978,0.0019999512,0.19999565,0.00200006,0.20000653,0.0060000713,0.6000087,0.99403584,1.001988,0.99204767,0.996344,1.0,1.0245327,1.0245327,0.99649537,1.0922897,0.99649537,0.9998832,1.0162383,1.0132399,1.0274338,0.0035046528,0.004970076,0.018149171,0.016635673,0.02748873,0.00070093054,-0.0011682176,-0.0026368485,-0.00029212094,-0.0008456722,0.1,0.50644565,0.7387965,0.023897164,0.28866532,0.0021027918,0.005373801,0.008811743,-0.009004122,-0.0024864676,1.001988,1.0245674,1.052699,1.052699,1.130225,0.9910007,0.9910007,0.9910007,0.9844375,0.9844375,1.0,1.0046729,1.0303739,1.0303739,1.0469626,0.9929907,0.9957944,0.99976635,0.99976635,1.0018692,0.9,0.6,0.3,0.28333333,0.175,0.8190617,0.26810172,0.14585957,0.22798349,0.10674773,1.0,0.1,0.25,0.5,0.18333334,0.4,0.7,0.85,0.033333335,0.51666665,0.6,-0.6,-0.6,0.46666667,-0.33333334,-0.28011066,0.3515424,0.7018831,0.49064255,0.71115184,-0.28488284,-0.5936863,-0.34983042,0.036020882,0.36736798,0.4,0.4,0.4,0.5,0.43333334,0.6,0.6,0.5,0.43333334,0.51666665,-0.2,-0.2,-0.1,0.06666667,-0.083333336,0.5,0.30188626,0.40869546,0.5072464,0.44506255,0.5,0.69811374,0.59130454,0.49275365,0.5549375,0.0,-0.39622748,-0.18260907,0.014492702,-0.10987492,0.9253284,1.0457582,1.3186407,1.4201256,1.9561837,0.19182631,0.37970117,0.40826648,0.38512483,0.9652786,0.31297007,1.4475421,1.0635531,1.0094267,1.6700171,0.54423994,0.46187514,0.42896405,0.46359146,0.4538922,0.45576006,0.53812486,0.571036,0.53640854,0.5461078,0.08847988,-0.07624975,-0.14207192,-0.07281708,-0.09221562
127,SH600674,9.855548523164543e-05,0.5,,,,SH600674,川投能源,2026-08-24,0.02229511,0.026229521,0.8500007,0.0026229406,0.09999956,0.0013114703,0.04999978,0.02098364,0.80000085,0.97819114,1.0025657,0.97690827,0.99378496,0.96920675,0.96534044,0.99292547,0.9388247,0.96369517,0.9906222,0.9803614,0.9844786,0.9862769,0.9524395,0.009429564,0.013012438,0.019218838,0.020124327,0.04392643,0.001414893,0.0030867283,-0.001106817,-0.0003577277,0.0013300733,0.05628646,0.5158113,0.11608217,0.024488606,0.27963993,0.0065480173,0.0057483083,0.02603617,0.018910136,0.0083233295,1.0025657,1.0025657,1.020888,1.0252523,1.0252523,0.965341,0.9589295,0.9499499,0.92951256,0.8573783,0.997938,0.99485594,1.0072061,1.0072061,0.99485594,0.9822754,0.9685651,0.9650882,0.9650882,0.9014067,1.0,1.0,0.75,0.7,0.85,0.9310744,0.94120175,0.7055462,0.73624015,0.8495758,1.0,1.0,0.15,0.2,0.6,0.2,0.3,0.45,0.033333335,0.33333334,0.8,0.7,-0.3,0.16666667,0.26666668,0.8722121,0.22116552,0.18101265,0.16048011,0.19966817,0.6990633,0.48446256,0.12339586,0.16514929,0.1137815,0.6,0.6,0.55,0.56666666,0.55,0.4,0.4,0.45,0.43333334,0.45,0.2,0.2,0.1,0.13333334,0.1,0.72220016,0.65011895,0.5175177,0.5935744,0.52694124,0.27779981,0.34988105,0.48248228,0.4064256,0.47305876,0.44440034,0.30023792,0.035035413,0.1871488,0.053882495,0.8990993,0.92282873,1.0294824,1.3164335,1.3427714,0.21911786,0.2477418,0.26150307,0.5395897,0.5132469,0.5779901,0.511527,0.91868174,1.0102074,1.0146292,0.37800416,0.4826929,0.4707257,0.44821948,0.46405625,0.62199587,0.5173071,0.5292743,0.5517805,0.53594375,-0.2439917,-0.03461421,-0.058548607,-0.10356104,-0.071887515
128,SZ300498,-0.0003634780441883037,0.5,,,,,,2026-08-24,0.009608302,0.024390314,0.39393926,0.0007391172,0.030303719,0.014042894,0.575757,0.02291208,0.93939257,0.99048316,1.0007321,0.9765739,0.9907234,0.9860233,1.0279534,1.0159734,0.9883527,0.9853577,1.0034609,1.0006323,1.007737,1.0122684,0.972934,0.0099266395,0.0106077595,0.017949566,0.020717379,0.049833998,-0.0035274492,-0.00025613818,-0.001595086,-0.0010086268,0.0020096358,0.31568724,0.005344569,0.2763938,0.18369323,0.4960016,0.0035940201,0.00052036217,0.0074162306,0.0023566643,-0.032218233,1.0250269,1.0343392,1.053377,1.0776705,1.0776705,0.9765739,0.9765739,0.9751093,0.96638936,0.8447275,1.0112479,1.0097837,1.0250249,1.0287521,1.0182363,0.9950083,0.99321127,0.9925457,0.99454236,0.9239933,0.6,0.6,0.5,0.4,0.68333334,0.48348027,0.4055392,0.31802016,0.30203375,0.6665687,0.4,0.1,0.15,0.2,0.6,1.0,1.0,0.45,0.033333335,0.3,-0.6,-0.9,-0.3,0.16666667,0.3,0.6006263,0.6745641,0.5566716,0.5820428,0.07748329,0.7316049,0.78441477,0.5945236,0.6188502,0.55988127,0.6,0.4,0.45,0.46666667,0.46666667,0.4,0.5,0.5,0.5,0.51666665,0.2,-0.1,-0.05,-0.033333335,-0.05,0.5789473,0.40909085,0.47379908,0.5114007,0.50730413,0.4210527,0.5909092,0.52620095,0.48859933,0.49269587,0.15789461,-0.1818183,-0.052401844,0.022801358,0.014608287,1.3053191,1.2843165,1.4109622,1.5446364,1.6392676,0.4927672,0.39154282,0.39150575,0.57804894,0.57147247,0.9335197,0.8795614,0.9272948,1.0523,1.1652533,0.5003485,0.38554496,0.5024755,0.46738178,0.48394126,0.4996515,0.61445504,0.4975245,0.5326182,0.51605874,0.00069703313,-0.22891007,0.004950978,-0.06523643,-0.03211746
129,SZ002460,-0.0009660051391405475,0.4166666666666667,,,,,,2026-08-24,0.011638463,0.034551732,0.33684167,0.02291327,0.66315836,0.0,0.0,-0.011274806,-0.32631668,0.9884954,1.0226496,0.9884954,1.0058366,0.9757285,0.97304016,0.90022576,0.9164828,1.2812397,0.9575008,0.9616006,0.94176495,0.92377394,1.0503699,0.03215441,0.022487544,0.033209767,0.04234959,0.14839749,0.011648794,0.0005336054,0.0042488286,0.0035240964,-0.0068860245,0.328111,0.005161404,0.57289475,0.5366595,0.6567254,0.019201584,0.03599818,0.017871182,0.025126643,0.15276785,1.0226496,1.0226496,1.0226496,1.0226496,1.3170906,0.91335005,0.91335005,0.8533187,0.81233513,0.81233513,0.97827995,0.9734257,0.9696848,0.9642623,1.2201526,0.928091,0.95042485,0.9042938,0.8911715,0.9143828,1.0,1.0,1.0,1.0,0.53333336,0.79277456,0.79277456,0.86624026,0.8923058,0.37179357,1.0,1.0,1.0,1.0,0.21666667,0.8,0.9,0.1,0.2,0.6,0.2,0.1,0.9,0.8,-0.38333333,0.8952221,0.79105073,0.17198834,-0.22163174,0.47718796,0.803366,0.7753457,0.71226543,0.49685296,0.38960782,0.4,0.5,0.6,0.53333336,0.43333334,0.6,0.5,0.4,0.46666667,0.56666666,-0.2,0.0,0.2,0.06666667,-0.13333334,0.59159654,0.57197016,0.6502559,0.56639916,0.41397473,0.40840346,0.42802984,0.34974408,0.4336008,0.58602524,0.18319307,0.14394031,0.30051184,0.13279836,-0.17205054,0.6556163,0.59656405,0.63585323,0.69755274,0.81318325,0.2957716,0.2075062,0.16131881,0.2007818,0.23637958,0.9398819,1.139236,0.96133536,1.1149125,1.0370111,0.80630463,0.56321913,0.5815737,0.5225148,0.51626235,0.19369535,0.43678087,0.4184263,0.47748518,0.48373765,0.6126093,0.12643829,0.16314739,0.04502963,0.032524735
130,SH601186,-0.0012464378158976311,0.5,,,,SH601186,中国铁建,2026-08-24,0.0066778106,0.010016716,0.6666667,0.0016694152,0.16666293,0.0016694901,0.16667041,0.0066778855,0.66667414,0.9933665,1.0016583,0.9917081,0.99857783,1.0021459,1.0236051,1.026824,0.9763948,1.0128756,0.99785405,1.0031116,1.022103,1.02103,1.0042024,0.00592562,0.007988567,0.023123825,0.0207091,0.027701367,0.0011802681,-0.0019053144,-0.0035286706,-0.0007385409,0.00049867795,0.099182196,0.521443,0.81502503,0.09856629,0.09884115,-0.00021458608,0.0054623643,0.011419403,-0.010321163,-0.018913396,1.0064378,1.0249727,1.06994,1.06994,1.06994,0.9886845,0.9886845,0.9886845,0.9728871,0.9354322,1.0012876,1.0081545,1.0392704,1.0356222,1.026824,0.99463516,0.9965665,1.0017167,1.0030043,0.9772532,0.8,0.4,0.2,0.16666667,0.425,0.6373776,0.31182432,0.13925865,0.27936223,0.48003027,0.6,0.1,0.25,0.5,0.75,0.4,0.7,0.85,0.033333335,0.33333334,0.2,-0.6,-0.6,0.46666667,0.41666666,0.12287763,0.34157017,0.84080964,0.55755365,0.3920448,0.2312599,0.13109925,-0.20458713,0.013958924,0.31558836,0.4,0.2,0.35,0.46666667,0.48333332,0.6,0.7,0.55,0.46666667,0.46666667,-0.2,-0.5,-0.2,0.0,0.016666668,0.47500068,0.31666675,0.4074075,0.55045885,0.48850575,0.5249993,0.6833332,0.5925925,0.44954118,0.5114943,-0.04999861,-0.36666647,-0.185185,0.10091766,-0.022988502,1.1147466,1.136746,1.599667,1.9752063,1.929952,0.2051071,0.16819465,0.61710775,0.87776536,0.7137499,0.70270324,0.8418415,1.3119619,1.0544959,0.9419147,0.42151484,0.4309445,0.35635957,0.47558162,0.4489307,0.5784852,0.5690555,0.6436404,0.5244184,0.55106926,-0.15697034,-0.13811103,-0.28728086,-0.048836794,-0.10213856
131,SZ002311,-0.001395741683331695,0.4166666666666667,,,,,,2026-08-24,0.009814541,0.023555068,0.41666368,0.008287898,0.35185203,0.0054526287,0.23148431,0.006979272,0.29629597,0.99028087,1.0082073,0.9848812,0.99561423,0.97321355,1.0062416,1.0328258,0.9650071,0.9852631,0.992516,0.9877886,1.010768,1.0179743,0.9847339,0.009756195,0.011556545,0.030350512,0.030443603,0.048011526,0.0023752265,0.0008381518,-0.0041023265,-0.001963411,0.0015671902,0.14817984,0.048217066,0.63943505,0.32235324,0.32497668,0.0027335593,0.008439694,0.028204024,0.01049522,-0.030965967,1.0150951,1.0150951,1.0853112,1.0853112,1.0853112,0.9708356,0.9542071,0.9542071,0.9507533,0.87385917,1.0004276,1.0002139,1.0383564,1.0483255,1.0332534,0.9867194,0.9768429,0.98669636,0.9887075,0.93690294,0.8,0.8,0.45,0.33333334,0.6166667,0.65894103,0.7520842,0.34928644,0.36598894,0.5965459,0.8,0.9,0.25,0.5,0.75,0.2,0.5,0.75,0.033333335,0.25,0.6,0.4,-0.5,0.46666667,0.5,-0.3576335,0.54363704,0.28085503,0.29385683,0.08539573,0.395128,0.44391355,-0.13373965,-0.03510523,0.079370126,0.6,0.4,0.5,0.53333336,0.51666665,0.4,0.6,0.5,0.43333334,0.46666667,0.2,-0.2,0.0,0.1,0.05,0.6573852,0.47469538,0.44044858,0.5447093,0.5081506,0.34261483,0.5253046,0.5595514,0.45529065,0.4918494,0.31477034,-0.050609224,-0.119102836,0.0894187,0.016301213,1.1455891,1.1683453,1.3621051,1.4930304,1.5128733,0.13576023,0.33084375,0.42833892,0.52943474,0.44818002,0.37522194,0.62490296,0.9570982,1.0356568,0.9776001,0.6106771,0.34188196,0.46383163,0.49743658,0.4719011,0.38932288,0.658118,0.53616834,0.5025634,0.5280989,0.22135428,-0.31623605,-0.07233672,-0.005126834,-0.05619781
132,SZ002371,-0.0018041939029846414,0.5,,,,,,2026-08-24,-0.008543423,0.041918773,-0.20380901,0.016526591,0.39425275,0.016848758,0.40193826,-0.008221257,-0.19612351,1.008617,1.0252861,0.98300606,1.0037268,1.0820316,1.0735998,1.0877249,1.0796734,0.8889751,1.024109,1.0416962,1.0218693,1.0272998,1.031556,0.04123574,0.03519666,0.049150836,0.049722135,0.10693391,-0.019313958,-0.0073554954,0.0034323668,0.0004721984,0.0016399592,0.5484474,0.4003432,0.17068431,0.0069895815,0.07173565,0.014518907,-0.0085964445,-0.05447675,-0.0341466,-0.079934835,1.1101869,1.1101869,1.1101869,1.1428179,1.3661989,0.98300606,0.98300606,0.89279723,0.89279723,0.80196476,1.026903,1.0752863,1.0645466,1.0735998,1.1033449,1.0052557,1.0070225,0.9923891,0.9882873,0.9477099,0.2,0.1,0.3,0.3,0.36666667,0.1336203,0.1336203,0.4931365,0.42877576,0.35098058,0.2,0.6,0.8,0.23333333,0.36666667,1.0,1.0,0.3,0.53333336,0.1,-0.8,-0.4,0.5,-0.3,0.26666668,0.051044486,-0.13525508,-0.62012714,-0.26383823,0.15262157,-0.58147526,-0.35160926,-0.17704664,-0.06436929,0.08398513,0.4,0.5,0.55,0.53333336,0.6,0.6,0.5,0.45,0.46666667,0.4,-0.2,0.0,0.1,0.06666667,0.2,0.15389858,0.33765286,0.43033776,0.4593656,0.52603126,0.8461014,0.66234714,0.5696623,0.5406344,0.47396874,-0.69220287,-0.32469428,-0.13932452,-0.08126878,0.05206252,1.0431768,0.9843562,1.3182847,1.5537049,1.6058714,0.23375405,0.18037339,0.43562523,0.5295425,0.44189876,1.7216837,1.426771,1.0349758,0.9282624,0.883904,0.4967173,0.47154185,0.3984333,0.43383595,0.4721836,0.5032827,0.5284581,0.6015667,0.5661641,0.5278164,-0.006565398,-0.05691628,-0.20313337,-0.13232811,-0.05563285
133,SZ002236,-0.002436564127145454,0.5,,,,,,2026-08-24,-0.0012407146,0.01364766,-0.09091043,0.008064545,0.59091043,0.0043424005,0.31817913,-0.0049628583,-0.3636417,1.0012423,1.0093168,0.9956522,1.0016171,1.0180104,1.0465832,1.0391229,1.0428531,1.0366361,1.0080682,1.0170747,1.0286897,1.0269306,1.0266306,0.014971647,0.014570221,0.021230076,0.019242676,0.021500222,-0.007141341,-0.0041142674,-0.0016373048,-0.00016052397,5.5252855e-05,0.56880105,0.7309104,0.20817281,0.00539325,0.0020142966,0.0062144194,0.0014395142,-0.01313531,-0.024602942,-0.02826054,1.0360194,1.0484419,1.0782604,1.0782604,1.1080742,0.9857087,0.9857087,0.9857087,0.9857087,0.9801218,1.0089349,1.0327879,1.0460808,1.0439658,1.0459552,1.0004923,1.0021025,1.003469,1.0076965,1.0076965,0.2,0.1,0.05,0.06666667,0.11666667,0.28406003,0.22781071,0.154414,0.154414,0.15535632,0.2,0.1,0.35,0.56666666,0.48333332,0.8,0.9,0.95,0.96666664,0.15,-0.6,-0.8,-0.6,-0.4,0.33333334,0.58939785,0.19352812,0.24283096,0.18321414,0.26293758,-0.8228179,-0.3592712,0.1482391,0.02079195,0.2729736,0.2,0.2,0.4,0.46666667,0.53333336,0.6,0.7,0.55,0.5,0.45,-0.4,-0.5,-0.15,-0.033333335,0.083333336,0.32529193,0.213679,0.40598768,0.44390363,0.47888833,0.67470807,0.786321,0.5940123,0.5560964,0.52111167,-0.34941614,-0.572642,-0.18802463,-0.11219276,-0.04222336,1.5261831,1.5892503,1.7486646,1.7022071,1.6447103,0.48280087,0.5024256,0.5571381,0.4890502,0.4538074,1.4198264,1.3834414,1.2718068,1.0172015,0.9022387,0.03305087,0.47352344,0.42575678,0.45900905,0.47870803,0.9669491,0.52647656,0.57424325,0.54099095,0.521292,-0.93389827,-0.05295311,-0.14848644,-0.08198189,-0.04258395
134,SH601766,-0.002770788800234341,0.4166666666666667,,,,SH601766,中国中车,2026-08-24,0.0066224737,0.014900657,0.44444174,0.0049669463,0.3333374,0.0033112369,0.22222087,0.0049667642,0.33332518,0.9934211,1.0049343,0.9901316,0.9984427,0.9812981,0.9625963,0.9537954,0.87678766,0.92959297,1.0011002,0.98591864,0.9816282,0.9672901,0.9282912,0.009900996,0.017865654,0.020855108,0.032378975,0.049917996,0.00055004586,0.0050405054,0.00065179565,0.002429787,0.0019549802,0.007715782,0.7296621,0.0341874,0.43642735,0.46781087,-0.0022002377,-0.00860089,0.012179758,-0.0025219978,0.0140369,1.0307534,1.0307534,1.0307534,1.0307534,1.0307534,0.97859704,0.9536768,0.9391403,0.86684275,0.8256825,1.0044005,1.0002201,1.0002201,0.9936194,0.97139716,0.9933994,0.969637,0.96347636,0.95555556,0.87656766,0.6,0.8,0.8,0.8666667,0.93333334,0.41036186,0.60100216,0.66431224,0.81237715,0.85003537,0.6,0.8,0.9,0.93333334,0.96666664,0.2,0.2,0.45,0.033333335,0.33333334,0.4,0.6,0.45,0.9,0.6333333,0.8553416,0.62102294,0.41593587,0.19843964,-0.049165033,0.7950221,0.75385934,0.51853985,0.63009506,0.44349742,0.8,0.7,0.6,0.6,0.56666666,0.2,0.3,0.4,0.36666667,0.4,0.6,0.4,0.2,0.23333333,0.16666667,0.6393443,0.69767404,0.5867769,0.66184974,0.5512821,0.36065573,0.302326,0.41322312,0.3381503,0.44871792,0.27868858,0.39534804,0.17355378,0.3236994,0.10256418,1.3467039,1.215637,1.495189,1.6481346,1.690275,0.39764786,0.32785103,0.48334256,0.82863957,0.65268517,0.62213326,0.8792589,0.932434,1.9895449,1.7387196,0.46508914,0.4434439,0.49232653,0.47947252,0.46717492,0.53491086,0.5565561,0.5076735,0.5205275,0.53282505,-0.06982174,-0.11311221,-0.015346964,-0.04105496,-0.065650165
135,SZ002736,-0.0028075213686552126,0.5833333333333334,,,,,,2026-08-24,-0.0010162889,0.009146376,-0.11111384,0.005081295,0.55555284,0.003048792,0.33333334,-0.003048792,-0.33333334,1.0010173,1.0061038,0.9969481,1.0014474,1.0217066,1.0336827,1.0306886,1.0164671,0.994012,1.0029941,1.0137725,1.0271332,1.0307136,1.0257361,0.0060577835,0.012515901,0.01789974,0.016706407,0.024398346,-0.0026946126,-0.0038468526,-0.0025488504,-0.0012543885,0.00039438345,0.49465817,0.86596096,0.7096811,0.4369178,0.07969231,0.0023951945,0.003538363,-0.0029191794,-0.012524966,-0.037370365,1.0246661,1.0386157,1.0608582,1.063165,1.0773275,0.99619883,0.99619883,0.99619883,0.99619883,0.96145475,1.0050899,1.0266467,1.0480539,1.0486528,1.0486528,0.99925154,0.99985033,1.0113772,1.0196108,1.0017965,0.6,0.3,0.15,0.1,0.2,0.13352835,0.08961498,0.058787867,0.056762855,0.33265156,0.2,0.3,0.3,0.2,0.3,0.8,0.9,0.95,0.96666664,0.11666667,-0.6,-0.6,-0.65,-0.76666665,0.18333334,-0.133109,0.19953535,0.5617789,0.6023149,0.46196547,-0.63986343,-0.61125815,-0.20700356,0.16655959,0.45082474,0.4,0.4,0.4,0.43333334,0.48333332,0.6,0.6,0.55,0.53333336,0.5,-0.2,-0.2,-0.15,-0.1,-0.016666668,0.14634027,0.20779136,0.38150275,0.46978015,0.50409836,0.85365975,0.7922086,0.61849725,0.53021985,0.49590167,-0.70731944,-0.5844173,-0.23699449,-0.060439683,0.0081966715,0.9296501,1.0289803,1.235109,1.4887843,1.8842578,0.18854441,0.27413997,0.3465656,0.58030576,0.8680376,1.0531758,0.9858133,1.0196004,1.2514607,1.4822165,0.5529999,0.4804078,0.47487488,0.4706087,0.4823172,0.4470001,0.5195922,0.52512515,0.5293913,0.5176828,0.10599983,-0.039184403,-0.05025025,-0.05878256,-0.035365608
136,SH601857,-0.0037572327788683345,0.5833333333333334,,,,SH601857,中国石油,2026-08-24,0.009033418,0.018970165,0.4761908,0.008130089,0.4285724,0.001806658,0.09523681,0.002709987,0.14285521,0.99104744,1.0080574,0.989257,1.0002562,0.95542634,0.97141474,0.9762597,0.8648256,0.94670546,0.9937016,0.97688955,0.97730136,0.9670704,0.91135335,0.012015109,0.022628333,0.019973984,0.031196037,0.071423896,0.004360458,0.0047774278,1.8578601e-05,0.0017938745,0.0023889064,0.3292674,0.40859646,3.0280613e-05,0.2562636,0.3412016,-0.002422485,0.0016120309,0.022522138,0.006918392,0.018173888,1.0199206,1.0199206,1.0199206,1.0199206,1.0199206,0.9607017,0.9331983,0.9331983,0.87027913,0.7691349,1.0031008,1.0005814,0.9953489,0.9906977,0.9777132,0.98275197,0.95445734,0.95523256,0.9539729,0.8297481,0.6,0.8,0.85,0.9,0.95,0.6636108,0.7702945,0.7702945,0.86687785,0.9205673,0.8,0.9,0.95,0.96666664,0.98333335,0.2,0.3,0.65,0.033333335,0.38333333,0.6,0.6,0.3,0.93333334,0.6,0.35384288,0.47747338,0.48840192,-0.15189505,-0.027968293,0.8276862,0.54493415,0.35827076,0.43948993,0.42265958,0.6,0.6,0.55,0.56666666,0.51666665,0.4,0.4,0.45,0.43333334,0.46666667,0.2,0.2,0.1,0.13333334,0.05,0.74731165,0.5875371,0.5382215,0.63025206,0.52791876,0.25268838,0.41246292,0.4617785,0.36974794,0.4720812,0.49462327,0.17507418,0.076442994,0.26050413,0.055837557,1.3976402,1.2835912,1.380321,1.7253112,1.7796137,0.4055337,0.33954883,0.33469474,0.7057239,0.5959826,0.663298,0.7945888,0.7869204,1.329582,1.1846595,0.5215594,0.48717985,0.38860023,0.4410939,0.48172686,0.47844058,0.5128201,0.61139977,0.55890614,0.5182731,0.043118816,-0.025640288,-0.22279957,-0.11781224,-0.036546286
137,SH601390,-0.003785743015175943,0.5833333333333334,,,,SH601390,中国中铁,2026-08-24,0.013953475,0.016279055,0.85714287,0.0,0.0,0.0023255793,0.14285715,0.016279055,1.0,0.98623854,1.0,0.98394495,0.99531263,1.0031546,1.0378549,1.0173502,0.9574133,1.0741324,0.9943218,1.0028391,1.0213723,1.017613,1.0099107,0.0059645423,0.012258266,0.022899844,0.021603188,0.035792682,0.0007886354,-0.0032692857,-0.0033075595,-0.00030914164,-0.00021724415,0.04370572,0.6520173,0.7301606,0.015870152,0.011235891,0.0041009346,0.0118726455,0.010049551,-0.013130513,-0.0035019475,1.0044411,1.0412917,1.0676837,1.0676837,1.090126,0.98394495,0.98394495,0.98394495,0.9500004,0.93038046,1.0,1.0104101,1.0378549,1.0347004,1.0378549,0.9886436,0.99400634,1.0,1.0,0.9735016,0.9,0.5,0.25,0.25,0.35833332,0.78331923,0.27996397,0.1917277,0.42486572,0.43581536,0.2,0.1,0.25,0.5,0.033333335,1.0,1.0,1.0,0.033333335,0.33333334,-0.8,-0.9,-0.75,0.46666667,-0.3,0.2243721,0.5098798,0.7919303,0.32798654,0.13445476,0.26778814,0.44352412,0.16060847,0.20425062,0.26389998,0.4,0.3,0.45,0.46666667,0.45,0.6,0.7,0.5,0.46666667,0.51666665,-0.2,-0.4,-0.05,0.0,-0.06666667,0.4687495,0.293103,0.4521738,0.5706805,0.45194277,0.53125054,0.70689696,0.54782623,0.42931947,0.54805726,-0.062501036,-0.41379395,-0.09565243,0.14136106,-0.09611448,0.829979,0.85748327,1.0750574,1.2421649,1.3792485,0.14580499,0.1638061,0.30725268,0.39220893,0.4389155,0.37911522,0.46695152,0.96977454,0.99793994,0.9726352,0.63602555,0.47686344,0.46617416,0.49030277,0.47668722,0.36397442,0.52313656,0.5338259,0.50969726,0.5233128,0.27205116,-0.0462731,-0.0676517,-0.019394467,-0.046625577
138,SZ000157,-0.0038869336677405534,0.6666666666666666,,,,,,2026-08-24,0.017266182,0.031654667,0.54545456,0.012949672,0.409092,0.0014388139,0.04545345,0.005755325,0.181816,0.98302686,1.0127299,0.9816125,1.0017073,0.98018956,1.024045,1.0551525,0.962215,0.99249333,0.98585135,0.9879716,1.0200096,1.0208682,1.0147806,0.011003858,0.010716904,0.03820438,0.034352507,0.03275188,0.0052354066,-0.00079665764,-0.005858838,-0.0015537051,-8.7990935e-05,0.5659146,0.05065428,0.8231231,0.15853386,0.0022014214,0.0036778164,0.015613356,0.03564932,0.0016605774,-0.012184912,1.0127299,1.0226228,1.0961809,1.0961809,1.0961809,0.97029126,0.97029126,0.97029126,0.9553233,0.941567,0.99433815,1.0002813,1.0664791,1.0560024,1.0459964,0.9784928,0.98018956,0.98358905,0.9855641,0.9843974,1.0,0.8,0.4,0.33333334,0.36666667,0.70004016,0.56770164,0.23599014,0.31717628,0.37792826,1.0,0.1,0.15,0.43333334,0.71666664,0.4,0.7,0.85,0.033333335,0.36666667,0.6,-0.6,-0.7,0.4,0.35,0.6497432,0.67846954,0.43157378,0.30371618,0.11005247,0.58542615,0.26219174,0.16124055,0.2660094,0.4440521,0.4,0.3,0.35,0.46666667,0.48333332,0.4,0.5,0.55,0.46666667,0.48333332,0.0,-0.2,-0.2,0.0,0.0,0.6842971,0.3803064,0.37090164,0.5495034,0.50409853,0.31570292,0.61969364,0.62909836,0.4504966,0.49590144,0.36859414,-0.23938721,-0.2581967,0.09900679,0.008197107,0.6384548,0.6679221,0.72481936,0.7564048,0.98192436,0.21290822,0.20139398,0.16999611,0.18157944,0.3393685,0.88665676,1.0000597,0.9037054,0.86333513,0.90184236,0.7930896,0.57248133,0.55379856,0.50393784,0.4979751,0.20691037,0.42751867,0.44620144,0.49606216,0.5020249,0.58617926,0.1449627,0.1075971,0.007875684,-0.0040497486
139,SH600741,-0.004398914502578555,0.5,,,,SH600741,华域汽车,2026-08-24,0.013089007,0.020942453,0.62499875,0.003926671,0.18749814,0.003926775,0.1875031,0.013089111,0.6250037,0.9870801,1.003876,0.98320407,0.9982317,0.98967195,1.0322988,1.0407021,0.97014123,1.0163755,0.9927682,0.9997454,1.027943,1.0291747,1.0121185,0.0060134484,0.013461088,0.034542903,0.03056832,0.03391871,0.0016133622,-0.0030931195,-0.005282185,-0.0014996004,0.00033215404,0.17995197,0.483999,0.81842256,0.18651325,0.029248273,0.0040050447,0.014173594,0.022237768,-0.0074305353,-0.021916945,1.0051714,1.0413433,1.0956099,1.0956099,1.0956099,0.9806279,0.9806279,0.9806279,0.9616296,0.9287873,0.99845177,1.0064639,1.0523322,1.0479717,1.0384998,0.9888958,0.98967195,0.9939315,0.997419,0.9850947,1.0,0.7,0.35,0.26666668,0.36666667,0.78929675,0.319064,0.16847959,0.2863884,0.42687702,0.4,0.1,0.15,0.43333334,0.71666664,0.2,0.6,0.8,0.033333335,0.36666667,0.2,-0.5,-0.65,0.4,0.35,0.14441119,0.1618511,0.75371474,0.46942237,0.18834232,0.17375776,0.030937046,-0.16263872,0.2648916,0.18035258,0.6,0.3,0.3,0.43333334,0.46666667,0.2,0.6,0.6,0.46666667,0.45,0.4,-0.3,-0.3,-0.033333335,0.016666668,0.6480701,0.29162726,0.3932002,0.5505754,0.48741046,0.3519299,0.7083727,0.6067998,0.44942462,0.5125896,0.2961402,-0.41674548,-0.21359962,0.101150766,-0.025179107,0.8816083,0.91460204,1.082468,1.3099936,1.4008012,0.12415502,0.0993503,0.23445882,0.48863468,0.4348935,1.0045108,0.8605393,1.1020598,1.0487256,1.0759192,0.50759137,0.49086615,0.41596705,0.4893624,0.4594759,0.49240863,0.5091338,0.58403295,0.5106376,0.54052407,0.015182743,-0.018267661,-0.1680659,-0.021275194,-0.08104817
140,SZ000977,-0.004640410048573037,0.3333333333333333,,,,,,2026-08-24,-0.045869157,0.06958566,-0.65917546,0.0002606221,0.0037453421,0.023455879,0.3370792,-0.022673901,-0.32584158,1.0480742,1.0483475,0.9754165,0.9982087,1.1019036,1.0475373,1.1608907,1.1675969,0.8827005,1.0338506,1.048304,1.0364207,1.0782493,0.99607843,0.04464086,0.040960412,0.043933686,0.07536827,0.124824785,-0.016418241,-0.0038997587,0.0018187232,-0.004844415,0.0046690586,0.3381646,0.083091825,0.059979934,0.3201896,0.4267336,-0.0010141208,-0.030755062,-0.05369855,-0.00800537,-0.13381565,1.1181414,1.1270324,1.1417717,1.3161945,1.3161945,0.9754165,0.9754165,0.9311746,0.9311746,0.7805331,1.0553722,1.0885726,1.0780265,1.1603508,1.1067247,0.9990472,1.0196773,0.9990472,1.0213089,0.87561387,0.4,0.2,0.25,0.16666667,0.51666665,0.17224392,0.16214326,0.32681087,0.17875808,0.40971202,0.2,0.3,0.05,0.26666668,0.6333333,1.0,1.0,0.15,0.43333334,0.15,-0.8,-0.7,-0.1,-0.16666667,0.48333332,0.14555605,0.5072171,0.23546964,0.65970147,0.68103045,-0.7585381,0.26315194,0.2388981,0.24863353,0.4221422,0.6,0.5,0.45,0.43333334,0.5,0.4,0.5,0.55,0.56666666,0.5,0.2,0.0,-0.1,-0.13333334,0.0,0.25124764,0.42643806,0.38428283,0.42146817,0.5280206,0.74875236,0.57356197,0.6157172,0.57853186,0.47197935,-0.49750468,-0.14712389,-0.23143432,-0.15706368,0.05604127,1.2153028,1.3291794,1.4067019,1.769911,1.6327807,0.3272225,0.50211924,0.39052588,0.6933744,0.78824043,1.2445874,1.2440553,0.97274244,1.1014044,1.1263125,0.32337806,0.50080365,0.46980292,0.40615755,0.48016644,0.676622,0.49919632,0.5301971,0.59384245,0.51983356,-0.3532439,0.001607341,-0.060394153,-0.18768492,-0.039667126
141,SZ002049,-0.004959341345283421,0.4166666666666667,,,,,,2026-08-24,-0.026496407,0.0344773,-0.76851743,0.0,0.0,0.007980893,0.23148255,-0.018515512,-0.53703487,1.0272176,1.0272176,0.99180186,1.0044601,1.1198441,1.1149318,1.0821313,1.3402208,1.2954905,1.0332787,1.0690422,1.0731072,1.0836118,1.1966047,0.032948647,0.04453148,0.034962557,0.054699287,0.13503873,-0.017050033,-0.012385846,-0.0012708968,-0.0024312746,-0.004985484,0.6694457,0.7091344,0.046246853,0.15311101,0.41571698,0.00082133134,-0.013305911,-0.061033677,-0.048358373,-0.04953293,1.1149306,1.1227953,1.1227953,1.3426684,1.5050013,0.99180186,0.99180186,0.99180186,0.9806452,0.9806452,1.0415438,1.1054035,1.1031995,1.1054035,1.3413229,1.0167797,1.0259649,1.0430825,1.0500741,1.0684392,0.2,0.1,0.05,0.033333335,0.016666668,0.06658163,0.06258418,0.06258418,0.05346291,0.036911592,0.2,0.5,0.75,0.033333335,0.36666667,1.0,1.0,1.0,0.2,0.6,-0.8,-0.5,-0.25,-0.16666667,-0.23333333,0.4879503,0.38607824,0.43815687,0.55399203,0.7239815,-0.64250296,-0.14195397,0.2074049,0.19812217,0.35636446,0.2,0.3,0.45,0.4,0.46666667,0.8,0.7,0.55,0.6,0.53333336,-0.6,-0.4,-0.1,-0.2,-0.06666667,0.064424895,0.21755259,0.38781598,0.29252526,0.41965717,0.9355751,0.7824474,0.612184,0.70747477,0.5803428,-0.8711502,-0.5648948,-0.22436802,-0.41494948,-0.16068567,1.2368829,1.303958,1.3799895,1.7666152,2.177703,0.47318077,0.44744426,0.3713316,0.8109437,0.9504297,1.1121571,1.1574476,0.98978597,1.2989192,1.0056567,0.19221468,0.4353843,0.46774337,0.3654448,0.44847625,0.80778533,0.56461567,0.5322566,0.63455516,0.55152375,-0.61557066,-0.12923138,-0.064513244,-0.26911035,-0.10304749
142,SH601800,-0.005015149850269642,0.5,,,,SH601800,中国交建,2026-08-24,0.0017064932,0.011945363,0.14285822,0.0051194797,0.42857465,0.00511939,0.4285671,0.0017064032,0.14285068,0.99829644,1.0051107,0.99318576,1.0011007,1.006795,1.0362401,1.043035,0.99433756,1.0849377,1.000453,1.009513,1.0327294,1.0340884,1.0282559,0.0061301896,0.012556652,0.02839447,0.025134826,0.032012623,0.0005662556,-0.0034592783,-0.0043460857,-0.0013018112,-0.0003167801,0.021331294,0.69572043,0.81996834,0.20789592,0.029865727,-0.00158553,0.006053716,0.008558471,-0.015212084,-0.01891095,1.0101925,1.037967,1.088353,1.088353,1.0982921,0.98979783,0.98979783,0.98979783,0.9860211,0.9420559,1.0020385,1.019479,1.0575312,1.0566252,1.0566252,0.997735,0.9997735,1.0054361,1.009513,0.998641,0.7,0.35,0.175,0.11666667,0.25833333,0.50023586,0.21179925,0.10351742,0.13660346,0.3708752,0.6,0.1,0.25,0.5,0.21666667,0.4,0.7,0.85,0.033333335,0.33333334,0.2,-0.6,-0.6,0.46666667,-0.11666667,0.3152394,-0.12183606,0.773827,0.56638825,0.41783717,0.31939,0.2309178,0.19475484,0.18200824,0.37862426,0.4,0.2,0.3,0.4,0.45,0.6,0.7,0.6,0.5,0.48333332,-0.2,-0.5,-0.3,-0.1,-0.033333335,0.42105263,0.25,0.3716217,0.51046014,0.4384237,0.57894737,0.75,0.62837833,0.48953983,0.5615763,-0.15789473,-0.5,-0.25675663,0.020920333,-0.12315262,1.0750383,1.0288225,1.361991,1.5910876,1.862853,0.23237275,0.17480038,0.44045132,0.6678267,0.833146,0.8552635,0.8716114,1.1067685,1.1868017,1.349912,0.48085847,0.43269888,0.46918005,0.49195188,0.44158307,0.51914155,0.5673011,0.53081995,0.5080481,0.55841696,-0.038283054,-0.13460223,-0.0616399,-0.016096251,-0.11683387
143,SH600585,-0.005315881993956603,0.4166666666666667,,,,SH600585,海螺水泥,2026-08-24,0.009770041,0.021839047,0.44736573,0.009195412,0.4210537,0.0028735942,0.13158056,0.0034482235,0.15789258,0.9903245,1.0091064,0.9874787,1.000112,0.9886915,1.0154371,1.0103214,0.96706164,1.1063544,0.9958356,0.99617666,1.0124798,1.0101718,1.0041345,0.005040663,0.006636707,0.02213931,0.02097159,0.038463,0.0012923903,-0.00052544737,-0.0030437575,-0.00043958833,-0.00035654326,0.16434336,0.05745986,0.6615459,0.034051113,0.02620825,0.0015796165,0.0061878674,0.016435869,-0.0037977155,0.006383493,1.0091064,1.0165321,1.0626482,1.0626482,1.1189133,0.9858408,0.9795844,0.9795844,0.94819874,0.9213309,1.0004667,1.0024413,1.0262431,1.0172321,1.0315204,0.9918687,0.99048644,0.9934662,0.9951714,0.97285944,0.8,0.7,0.35,0.3,0.43333334,0.60858804,0.5525552,0.24578246,0.4526128,0.3981585,1.0,0.1,0.15,0.43333334,0.033333335,0.2,0.5,0.75,0.033333335,0.36666667,0.8,-0.4,-0.6,0.4,-0.33333334,0.731432,0.8174145,0.6771442,0.32462087,-0.06995187,0.49906397,0.6482688,0.10426661,0.15821369,0.14915797,0.8,0.6,0.55,0.53333336,0.48333332,0.2,0.4,0.45,0.46666667,0.51666665,0.6,0.2,0.1,0.06666667,-0.033333335,0.66578877,0.3916877,0.471855,0.5509297,0.42605758,0.33421123,0.6083123,0.52814496,0.44907027,0.5739424,0.3315775,-0.2166246,-0.056289967,0.10185944,-0.14788485,0.77421457,0.8085527,1.055973,1.1928037,1.2758489,0.16823606,0.17184553,0.4017739,0.43762007,0.44343364,0.65090543,0.66351247,1.3052514,1.2924304,1.0820411,0.6819237,0.47821555,0.4974779,0.5034405,0.4800105,0.3180763,0.5217845,0.5025221,0.49655947,0.5199895,0.36384737,-0.04356892,-0.005044195,0.0068810526,-0.03997897
144,SH600027,-0.005508145500865184,0.25,,,,SH600027,华电国际,2026-08-24,0.017897101,0.022371376,0.8,0.0022371376,0.1,0.0022371376,0.1,0.017897101,0.8,0.9824176,1.0021979,0.9802198,0.9958658,1.0,1.0260223,1.027881,0.9972119,1.1849442,0.9918215,1.0007435,1.0210037,1.0251858,1.0369114,0.008578463,0.013330326,0.025224656,0.02406766,0.056729283,-0.0009293671,-0.0036386221,-0.003695111,-0.0015186226,-0.0017260314,0.029342398,0.6829733,0.7510564,0.30855578,0.28234664,0.010037225,0.015630336,0.014099874,-0.00316581,0.014006569,1.0043956,1.0351523,1.0743532,1.0743532,1.2952375,0.9773575,0.9773575,0.9773575,0.9773575,0.9536054,1.0,1.0115242,1.0449814,1.0505576,1.0678438,0.9869888,0.9903345,0.9994424,1.0,0.9972119,0.9,0.6,0.3,0.2,0.3,0.8374291,0.39177337,0.23343787,0.23343787,0.1358028,0.2,0.1,0.3,0.53333336,0.016666668,0.8,0.9,0.95,0.96666664,0.33333334,-0.6,-0.8,-0.65,-0.43333334,-0.31666666,-0.08225077,0.08785256,0.5643847,0.5635233,0.8423825,-0.1822784,-0.027744781,0.1583476,0.27854666,0.33190677,0.4,0.3,0.35,0.43333334,0.38333333,0.4,0.6,0.55,0.5,0.55,0.0,-0.3,-0.2,-0.06666667,-0.16666667,0.5,0.32926875,0.42021286,0.5041322,0.39381012,0.5,0.67073125,0.57978714,0.49586776,0.6061899,0.0,-0.34146252,-0.15957429,0.008264458,-0.21237978,0.8000583,0.7738877,0.8765048,1.0366908,1.466838,0.20130306,0.18394034,0.19153026,0.35992476,1.1411809,1.0078826,0.96554714,0.91582966,1.1725068,2.3589094,0.70861953,0.53832096,0.5025319,0.50901395,0.4064536,0.2913805,0.46167904,0.4974681,0.49098605,0.5935464,0.417239,0.0766419,0.0050637685,0.018027904,-0.18709278
145,SH601288,-0.0056334656917611395,0.5,,,,SH601288,农业银行,2026-08-24,0.019316504,0.028231815,0.68421054,0.004457655,0.15789473,0.004457655,0.15789473,0.019316504,0.68421054,0.98104954,1.0043732,0.97667634,0.9976384,0.94136393,0.94136393,0.9796049,0.928617,0.92096883,0.98572344,0.9652008,0.97304016,0.9642873,0.9445613,0.014383459,0.024077576,0.031142056,0.03048011,0.038453758,0.0077756452,0.007130582,-0.0016456045,0.0009027802,0.0007593813,0.73061097,0.80396265,0.09772922,0.067988075,0.118943855,-0.0012747089,0.0027115978,0.042593073,0.022622434,0.033036932,1.0043732,1.0043732,1.0363289,1.0363289,1.0363289,0.9384437,0.9271522,0.9271522,0.9052991,0.8437503,0.9938815,0.9887827,1.0042065,0.9938815,0.9741237,0.98164433,0.9423837,0.9426387,0.9408541,0.9168898,1.0,1.0,0.75,0.8333333,0.9166667,0.9336688,0.94336796,0.6672469,0.72274333,0.8113556,1.0,1.0,0.15,0.43333334,0.71666664,0.2,0.2,0.6,0.1,0.41666666,0.8,0.8,-0.45,0.33333334,0.3,-0.21618196,0.32488608,0.41960144,0.368888,0.39204547,0.8380778,0.6836175,0.22145596,0.24630634,0.38945776,0.8,0.6,0.45,0.5,0.48333332,0.2,0.4,0.55,0.43333334,0.48333332,0.6,0.2,-0.1,0.06666667,0.0,0.93396187,0.7705882,0.53738314,0.5900321,0.5482866,0.06603816,0.22941181,0.46261686,0.4099679,0.4517134,0.8679237,0.5411764,0.07476628,0.18006423,0.09657319,1.2236898,1.1389676,1.2807872,1.2337643,1.113298,0.25553373,0.2663268,0.31681857,0.30776197,0.28918543,0.82455283,0.89172655,1.0335529,1.0292904,0.9148748,0.6121429,0.5113278,0.49105975,0.483181,0.50456744,0.38785708,0.4886722,0.5089403,0.516819,0.49543256,0.22428581,0.022655608,-0.017880525,-0.033637993,0.009134864
146,SH688271,-0.00590239413480414,0.4166666666666667,,,,SH688271,联影医疗,2026-08-24,-0.0033097395,0.018723454,-0.1767697,0.007754157,0.41414136,0.007659558,0.40908894,-0.0034043381,-0.18182212,1.0033207,1.0111006,0.992315,1.0020491,1.0227915,1.0692221,1.0479375,1.026747,1.1395743,1.0231494,1.0306273,1.0546949,1.05766,1.0407139,0.019202346,0.017388005,0.030459495,0.029242208,0.044400066,-0.009672274,-0.0044361516,-0.0043964917,-0.0016347454,0.00014844246,0.6342911,0.5966569,0.7291807,0.24220416,0.0034091717,-0.0038048774,-0.0106646065,-0.012928231,-0.03395618,-0.045092974,1.0518599,1.0735092,1.112883,1.1370658,1.1370658,0.992315,0.992315,0.992315,0.992315,0.908406,1.0373329,1.0444906,1.0822189,1.0822189,1.0800716,1.0045207,1.0193634,1.0303259,1.0351291,0.99427396,0.2,0.1,0.05,0.033333335,0.23333333,0.12906224,0.09464947,0.06373994,0.053091202,0.40056884,0.6,0.1,0.15,0.16666667,0.5833333,1.0,1.0,1.0,1.0,0.33333334,-0.4,-0.9,-0.85,-0.8333333,0.25,0.73944575,0.18810341,0.44630697,0.41684103,-0.07294479,0.8128954,0.3354534,0.4186439,0.37289542,0.15023892,0.4,0.2,0.4,0.43333334,0.43333334,0.6,0.8,0.6,0.56666666,0.55,-0.2,-0.6,-0.2,-0.13333334,-0.11666667,0.34644687,0.21311498,0.40920445,0.47271335,0.43236586,0.6535531,0.786885,0.5907955,0.52728665,0.56763417,-0.30710626,-0.57377005,-0.18159106,-0.054573312,-0.13526829,1.1804261,1.1537849,1.2236941,1.3984387,1.5006516,0.20427561,0.2138076,0.22877218,0.47722524,0.48741084,0.8468483,0.7948329,0.7466692,1.4767793,1.3348687,0.43763313,0.43598628,0.5126897,0.48814273,0.47469774,0.56236684,0.5640137,0.4873103,0.5118573,0.5253023,-0.12473373,-0.12802745,0.025379432,-0.02371456,-0.050604537
147,SH600000,-0.005988861331554261,0.4166666666666667,,,,SH600000,浦发银行,2026-08-24,0.023307435,0.026637025,0.8750015,0.002219726,0.08333236,0.001109863,0.04166618,0.022197573,0.8333353,0.97722346,1.0021691,0.97613883,0.9934694,0.98046553,1.007614,0.98158896,0.95181924,0.9704175,0.98548335,0.9884104,1.0027305,0.992413,0.968567,0.009887515,0.008824145,0.02085419,0.023603527,0.03661188,0.0050926753,-0.00080906437,-0.0024714938,0.00076673785,0.0009937353,0.6632202,0.07706058,0.49158704,0.08177899,0.22469692,0.0043312903,0.015230393,0.020748759,-0.003530665,0.002117774,1.0021691,1.0130391,1.0542582,1.0542582,1.0542582,0.9718293,0.9718293,0.9718293,0.9383463,0.87928176,0.9904637,0.9963428,1.0099981,1.0067652,0.9971915,0.9798539,0.98136425,0.98658174,0.97635895,0.93709046,1.0,1.0,0.6,0.73333335,0.85,0.9285044,0.68359196,0.3417578,0.53190124,0.6899114,1.0,0.1,0.15,0.43333334,0.71666664,0.2,0.6,0.8,0.06666667,0.33333334,0.8,-0.5,-0.65,0.36666667,0.38333333,0.6648331,-0.011803373,0.72883993,0.34042147,0.2549102,0.82208246,0.7029062,0.56589454,0.5343474,0.38021553,0.6,0.4,0.5,0.53333336,0.46666667,0.4,0.6,0.5,0.46666667,0.51666665,0.2,-0.2,0.0,0.06666667,-0.05,0.70511186,0.4505676,0.53771424,0.57250196,0.52346075,0.29488817,0.5494324,0.4622858,0.42749804,0.47653925,0.41022366,-0.09886481,0.075428426,0.14500393,0.046921503,0.8442986,0.73991114,0.97177607,0.98905003,0.97598374,0.14088792,0.15132944,0.3928453,0.3619065,0.2896265,0.7551131,0.85113794,1.4043875,1.368953,1.2656797,0.65713775,0.57234246,0.5352526,0.49977463,0.49055645,0.34286228,0.42765754,0.4647474,0.50022537,0.5094435,0.31427544,0.14468493,0.07050518,-0.00045075154,-0.018887077
148,SH600918,-0.006108986668612248,0.4166666666666667,,,,SH600918,中泰证券,2026-08-24,0.00720725,0.037837803,0.1904775,0.016216183,0.42857093,0.014414371,0.38095155,0.0054054377,0.14285812,0.99284434,1.0161002,0.9785331,0.99717665,0.99656945,1.0017153,0.9948542,0.99313897,0.96397936,0.9927959,0.99519724,1.0002573,1.0037163,0.97747284,0.008863137,0.0081181275,0.010694115,0.012053951,0.031634983,0.002915958,-0.0005821498,-0.00080862537,-0.00080249255,0.0012991981,0.27059987,0.047137782,0.20011197,0.34349853,0.5144172,0.0013722231,0.007422442,0.0074246735,0.007919755,-0.015799168,1.0161002,1.0176104,1.0261828,1.0440141,1.0440141,0.97583574,0.97583574,0.97583574,0.9726743,0.8766724,1.0003431,1.0003431,1.0106347,1.0140651,1.0075471,0.98902225,0.9903945,0.99142367,0.9941681,0.9464837,0.8,0.75,0.55,0.43333334,0.71666664,0.60013974,0.5784427,0.4799546,0.383036,0.7369809,1.0,0.3,0.3,0.2,0.6,0.4,0.7,0.85,0.033333335,0.13333334,0.6,-0.4,-0.55,0.16666667,0.46666667,0.83503366,0.19135314,0.27765638,0.55021787,-0.02199165,0.8849518,0.6093771,0.5517098,0.28131622,0.58288234,0.4,0.5,0.45,0.5,0.48333332,0.6,0.5,0.55,0.5,0.51666665,-0.2,0.0,-0.1,0.0,-0.033333335,0.529412,0.49152553,0.5140187,0.51162785,0.52138495,0.47058803,0.50847447,0.48598132,0.48837212,0.47861505,0.05882392,-0.016948937,0.02803737,0.023255743,0.042769887,0.588041,0.49751183,0.4832715,0.6060155,0.6800612,0.25224397,0.21148181,0.15872703,0.29202247,0.31783184,0.6917056,0.8166647,0.7721552,0.8904425,1.4309808,0.7847807,0.74784714,0.6373765,0.38134348,0.51251084,0.21521932,0.25215286,0.3626235,0.6186565,0.48748916,0.56956136,0.49569428,0.27475294,-0.23731302,0.025021661
149,SH601601,-0.006181686487095665,0.5,,,,SH601601,中国太保,2026-08-24,0.020388028,0.03255504,0.6262634,0.008549822,0.26262668,0.003617189,0.11110996,0.015455395,0.47474664,0.98001933,1.008379,0.9764744,0.9976999,0.9715713,0.9971188,1.0190165,0.91817135,0.9984633,0.9783327,0.9773531,1.0037168,1.0033423,0.97764117,0.0130952755,0.010388607,0.031105466,0.03479771,0.045818266,0.0074721454,0.000695005,-0.0043132696,-0.0007938981,0.00075929257,0.8139568,0.041027274,0.6729889,0.040339444,0.083760805,0.006722999,0.019519407,0.037259184,0.008169216,-4.0319923e-05,1.008379,1.008379,1.0644234,1.0663176,1.0663176,0.9581359,0.9561035,0.9561035,0.89779115,0.87532157,0.98417217,0.98240495,1.0295813,1.0300422,1.0197849,0.9709566,0.97049564,0.9729158,0.9720323,0.93058014,1.0,1.0,0.55,0.5,0.68333334,0.8332309,0.83971477,0.40524885,0.6064857,0.6527805,1.0,1.0,0.25,0.3,0.65,0.2,0.5,0.75,0.033333335,0.35,0.8,0.5,-0.5,0.26666668,0.3,0.96680737,0.7885188,0.69210994,0.32086274,-0.05279802,0.7044026,0.58192176,0.3524715,0.4574439,0.23184977,0.6,0.4,0.45,0.46666667,0.45,0.4,0.6,0.55,0.5,0.53333336,0.2,-0.2,-0.1,-0.033333335,-0.083333336,0.8457944,0.51764685,0.45959184,0.59268934,0.50076777,0.15420565,0.48235312,0.54040813,0.40731066,0.49923223,0.6915887,0.035293736,-0.0808163,0.18537867,0.001535557,0.67285913,0.60933447,0.6922748,0.83829194,0.89235634,0.19848451,0.1598314,0.1798428,0.30476728,0.31293893,1.1438613,1.0478123,1.0177755,1.4410892,1.3550215,0.84985596,0.58203024,0.5388604,0.52287656,0.506388,0.15014403,0.4179698,0.46113965,0.4771234,0.493612,0.699712,0.16406041,0.07772072,0.045753155,0.0127760125
150,SH601336,-0.006225291921472753,0.4166666666666667,,,,SH601336,新华保险,2026-08-24,0.013126443,0.02710532,0.48427552,0.007671354,0.28302023,0.0063075228,0.23270424,0.0117626125,0.43395954,0.9870436,1.0075719,0.98081785,0.998652,0.98518616,1.0105289,1.0299952,1.0084476,0.9713516,0.98229676,0.9824804,1.0016038,1.0171033,1.002724,0.012143802,0.009188323,0.021036008,0.029571736,0.041328564,0.0069294698,0.0006477606,-0.0029081034,-0.002978634,0.00084014726,0.81401163,0.04555835,0.6688998,0.7862893,0.12604047,0.0038442786,0.014604653,0.026023142,0.026086839,-0.027508412,1.0075719,1.0106082,1.0367384,1.0846628,1.0846628,0.9650799,0.9650799,0.9650799,0.9650799,0.8950426,0.991381,0.98934865,1.0217189,1.047527,1.0305338,0.97394717,0.9743634,0.981048,0.98496574,0.9706171,1.0,1.0,0.5,0.33333334,0.39166668,0.821803,0.76699716,0.4873129,0.29201588,0.5535137,1.0,0.1,0.2,0.06666667,0.53333336,0.4,0.7,0.85,0.9,0.11666667,0.6,-0.6,-0.65,-0.8333333,0.41666666,0.81569463,0.42851567,0.54878783,0.77667886,0.26225254,0.2833007,-0.35646582,-0.044151835,0.20952936,0.38169295,0.6,0.5,0.45,0.5,0.46666667,0.4,0.5,0.55,0.5,0.53333336,0.2,0.0,-0.1,0.0,-0.06666667,0.6648498,0.45295385,0.42310086,0.48936164,0.512734,0.33515015,0.5470461,0.5768991,0.51063836,0.487266,0.3296997,-0.09409228,-0.15379825,-0.021276686,0.025468012,0.6845069,0.67127264,0.75245845,0.94718385,1.2280136,0.22769834,0.2201633,0.21288279,0.3832394,0.56461823,0.5672484,0.96603197,0.8567967,1.2181917,1.808421,0.7828351,0.580239,0.5211195,0.4968347,0.4889097,0.2171649,0.41976103,0.47888052,0.5031653,0.51109034,0.5656702,0.16047797,0.042238932,-0.00633063,-0.022180628
151,SH600019,-0.006295119690065895,0.5833333333333334,,,,SH600019,宝钢股份,2026-08-24,0.0068728495,0.024054939,0.28571472,0.01718209,0.7142853,0.0,0.0,-0.010309239,-0.4285706,0.9931741,1.0170648,0.9931741,1.0081425,0.9792571,0.9860106,1.013507,0.9382537,0.99614084,1.0001929,0.9885673,1.0041727,1.0002251,0.975808,0.006654579,0.013552958,0.027125418,0.0253823,0.033295795,-0.0010130163,0.0034586096,-0.0028424906,-8.9288806e-05,0.0010898266,0.057933763,0.59696156,0.3843379,0.0009590335,0.32676524,0.0018330952,-0.004131017,0.022830978,0.0010695846,-0.00795788,1.0170648,1.0170648,1.0714295,1.0714295,1.0714295,0.9761447,0.9624161,0.9624161,0.93343586,0.9040683,1.0054992,1.0009648,1.0235407,1.0145682,1.0009648,0.99556196,0.97896767,0.98080075,0.9792571,0.9450072,0.6,0.8,0.575,0.56666666,0.78333336,0.5829726,0.68773615,0.34476376,0.48237094,0.57320154,1.0,1.0,0.15,0.43333334,0.71666664,0.2,0.4,0.7,0.033333335,0.33333334,0.8,0.6,-0.55,0.4,0.38333333,0.2786813,0.33245367,0.56736946,0.2625454,0.34538007,0.57374036,0.54069746,0.37947676,0.36500362,0.4877372,0.6,0.5,0.45,0.53333336,0.5,0.4,0.5,0.55,0.46666667,0.46666667,0.2,0.0,-0.1,0.06666667,0.033333335,0.69026566,0.5759163,0.47131157,0.58142495,0.5025478,0.30973434,0.42408368,0.52868843,0.41857505,0.4974522,0.38053128,0.15183264,-0.05737688,0.16284992,0.0050955783,0.83570033,0.80845535,0.8428885,0.8573104,0.8513471,0.16775076,0.14907987,0.14489847,0.19797906,0.28404263,0.5658314,0.6801178,0.81559676,0.71992964,0.8760285,0.6386929,0.5825584,0.56919754,0.54476446,0.50983995,0.36130708,0.41744164,0.43080246,0.45523557,0.49016008,0.27738583,0.16511674,0.13839506,0.089528866,0.01967985
152,SH601225,-0.006400543353605875,0.5,,,,SH601225,陕西煤业,2026-08-24,0.027530063,0.05040711,0.5461544,0.014734363,0.29230723,0.008142685,0.1615384,0.020938383,0.4153855,0.97320753,1.0143396,0.96528304,0.9971721,0.9520548,0.9825654,0.9267331,0.9036945,0.93046904,0.9726027,0.9648402,0.9475612,0.9407707,0.91187215,0.015655639,0.015681723,0.026414195,0.025197001,0.06359447,0.0080739,0.0027699163,0.003374718,0.0019754893,0.00095460296,0.6649135,0.2859942,0.5713053,0.4763799,0.06872373,0.01124949,0.02269522,0.020378964,0.030584697,0.059967082,1.0143396,1.0143396,1.0143396,1.0143396,1.019426,0.94901794,0.9313559,0.8817909,0.8817909,0.75555426,0.97675383,0.97243667,0.9667912,0.96259856,0.96612704,0.9637193,0.95184726,0.92801994,0.9199668,0.8590701,1.0,1.0,1.0,1.0,0.98333335,0.7804771,0.82719994,0.89181644,0.89181644,0.926381,1.0,1.0,1.0,1.0,0.06666667,0.2,0.3,0.35,0.56666666,0.36666667,0.8,0.7,0.65,0.43333334,-0.3,0.5401103,0.7063076,0.10121066,-0.13201281,-0.05693503,0.8428447,0.7588191,0.41681376,0.3254103,0.35204405,0.8,0.5,0.55,0.56666666,0.53333336,0.2,0.5,0.45,0.43333334,0.45,0.6,0.0,0.1,0.13333334,0.083333336,0.96761054,0.58399993,0.6522866,0.60740745,0.53183806,0.03238948,0.4160001,0.3477134,0.39259255,0.4681619,0.935221,0.16799982,0.30457318,0.2148149,0.06367616,0.72751856,0.65863377,0.68760735,0.7766412,0.9111691,0.21669328,0.18060714,0.16109839,0.23792888,0.26303592,1.2874111,1.152281,1.1417493,1.0358242,0.97307324,0.7177086,0.58407974,0.5160719,0.4935488,0.49333847,0.28229138,0.4159203,0.48392805,0.5064512,0.50666153,0.4354172,0.16815944,0.032143872,-0.012902398,-0.0133230835
153,SH601211,-0.007121123230601005,0.25,,,,SH601211,国泰海通,2026-08-24,0.0143761,0.02185166,0.6578951,0.0051754047,0.23684262,0.002300156,0.1052623,0.011500851,0.52631474,0.9858276,1.005102,0.9835601,0.99768615,1.0227743,1.03147,1.07412,1.0397515,0.85507244,0.9990062,1.0111802,1.025735,1.0382746,1.0164182,0.011020257,0.015078376,0.025600107,0.02958166,0.056009702,-0.0039751637,-0.004301399,-0.0036342405,-0.0025497847,0.0016497913,0.3252869,0.7459707,0.70536155,0.5757894,0.26462525,0.008944107,0.008176166,0.008790294,-0.0013027928,-0.06508706,1.0232176,1.042527,1.0798086,1.0996269,1.1618253,0.9811256,0.9811256,0.9811256,0.9811256,0.84904057,1.0074534,1.0234369,1.0379297,1.0737889,1.0730435,0.9900621,0.99826086,1.0111802,1.0147412,0.9816149,0.6,0.3,0.15,0.1,0.33333334,0.4484083,0.30739343,0.19126284,0.1592758,0.4826305,0.2,0.1,0.15,0.33333334,0.41666666,0.8,0.9,0.95,0.96666664,0.016666668,-0.6,-0.8,-0.8,-0.6333333,0.4,0.8340051,-0.55226946,0.15112169,0.30230644,-0.18973197,0.07279871,0.2215197,-0.08026613,0.24805908,0.439228,0.4,0.4,0.45,0.46666667,0.56666666,0.6,0.6,0.55,0.53333336,0.43333334,-0.2,-0.2,-0.1,-0.06666667,0.13333334,0.3248406,0.3416665,0.31392914,0.44146335,0.57961786,0.6751594,0.6583335,0.68607086,0.55853665,0.4203821,-0.35031882,-0.31666702,-0.37214172,-0.11707332,0.15923578,1.1525524,0.8851036,0.9680567,1.0604807,1.5238045,0.2589982,0.33577102,0.31239676,0.37220234,0.6763541,0.53520757,0.8220977,1.2342602,1.3682775,1.2040927,0.5978741,0.53201276,0.5083488,0.49020028,0.48548004,0.40212587,0.4679872,0.49165118,0.5097997,0.51451993,0.19574825,0.06402556,0.016697623,-0.019599449,-0.029039895
154,SH600030,-0.00715800668547852,0.5833333333333334,,,,SH600030,中信证券,2026-08-24,0.0062729847,0.015129166,0.4146286,0.0055351527,0.36585972,0.0033210288,0.21951169,0.004058861,0.26828054,0.9937661,1.0055007,0.9904658,0.9989671,1.009949,1.0249538,1.0363163,1.0312059,0.93992615,0.9972165,1.005143,1.0192319,1.0242579,1.0123202,0.005029968,0.0103292735,0.017135642,0.016852336,0.042737644,-0.000989464,-0.002871823,-0.0027226517,-0.0014557632,0.0011155662,0.096740775,0.7085773,0.8835914,0.578313,0.2078114,0.0047624065,0.007780175,0.0066333334,-0.0031493856,-0.04522939,1.0117377,1.0311687,1.0572368,1.0572549,1.0957134,0.98607284,0.98607284,0.98607284,0.98607284,0.90960425,1.0008807,1.0160596,1.0340438,1.0380777,1.0447428,0.993922,0.995379,1.0011743,1.00884,0.99025774,0.8,0.4,0.2,0.13333334,0.28333333,0.5426538,0.30883473,0.19570518,0.19565548,0.48571354,0.2,0.1,0.2,0.06666667,0.36666667,0.6,0.8,0.9,0.93333334,0.11666667,-0.4,-0.7,-0.7,-0.8666667,0.25,0.12827241,0.2107847,0.65917885,0.5874233,0.17137589,0.25830543,-0.20608303,0.113606684,0.12340221,0.6138342,0.4,0.4,0.35,0.4,0.46666667,0.6,0.6,0.6,0.56666666,0.51666665,-0.2,-0.2,-0.25,-0.16666667,-0.05,0.31440002,0.31943288,0.35566083,0.4411643,0.5367036,0.6856,0.68056715,0.6443392,0.5588357,0.4632964,-0.37119997,-0.36113426,-0.28867838,-0.11767137,0.073407196,0.8754907,0.9359565,1.039317,1.1698347,1.6933979,0.101882614,0.1401022,0.21234532,0.30454797,0.85244405,0.47389424,0.9001593,0.9088375,1.0372932,1.8034003,0.5587073,0.5374345,0.4999186,0.45934722,0.45975658,0.44129273,0.4625655,0.50008136,0.54065275,0.54024345,0.11741455,0.07486899,-0.00016275184,-0.08130553,-0.08048686
155,SH601878,-0.007429806369368596,0.5,,,,SH601878,浙商证券,2026-08-24,0.0,0.009836098,0.0,0.0076502985,0.7777778,0.0021857996,0.22222222,-0.005464499,-0.5555556,1.0,1.0076503,0.9978142,1.0018927,1.0224609,1.0361328,1.0244141,1.0253906,1.0214844,1.003711,1.0159179,1.0266601,1.0297526,1.02583,0.004601261,0.014054428,0.016298259,0.015086901,0.022447208,-0.00195313,-0.004361977,-0.0020324246,-0.0010528198,0.00033274753,0.4504519,0.8829819,0.54427004,0.37740675,0.067020066,0.0001953307,0.0037109458,-0.007352103,-0.014486703,-0.035646114,1.0216691,1.0452298,1.0545244,1.0587713,1.0777817,0.99758255,0.99758255,0.99758255,0.99758255,0.96173286,1.0068359,1.0324218,1.0400391,1.0451171,1.0458984,1.0,1.0015625,1.0097656,1.0169922,1.0058594,0.3,0.15,0.075,0.05,0.14166667,0.100364685,0.05073623,0.042454567,0.039507974,0.32975036,0.2,0.3,0.3,0.2,0.3,0.8,0.9,0.95,0.96666664,0.1,-0.6,-0.6,-0.65,-0.76666665,0.2,0.189457,0.24203648,0.53497297,0.60760725,0.40567988,-0.72251314,-0.36515698,-0.052258458,0.1571947,0.51215297,0.2,0.3,0.45,0.5,0.46666667,0.8,0.7,0.55,0.5,0.51666665,-0.6,-0.4,-0.1,0.0,-0.05,0.17142834,0.19672172,0.40458015,0.44583347,0.48480663,0.8285717,0.80327827,0.5954199,0.55416656,0.5151934,-0.65714335,-0.60655653,-0.19083972,-0.10833307,-0.030386748,1.1335267,1.266517,1.4476326,1.6900285,2.3109198,0.27672765,0.41332942,0.3764362,0.5605832,1.2489161,0.7854608,1.0566617,0.9292542,0.9908705,1.8586652,0.5040905,0.46350396,0.47052678,0.4680528,0.47828665,0.4959095,0.53649604,0.52947325,0.5319472,0.5217134,0.008180972,-0.07299209,-0.05894644,-0.0638944,-0.043426704
156,SH603288,-0.0075317381915986125,0.4166666666666667,,,,SH603288,海天味业,2026-08-24,0.019142855,0.027142925,0.70526135,0.0014285804,0.052631773,0.00657149,0.2421069,0.024285765,0.89473647,0.9812167,1.0014018,0.97476864,0.9950619,0.9930113,1.0311369,1.0098277,0.9644016,0.9843379,0.9943467,1.0013883,1.0246973,1.0204127,0.9843223,0.0079743145,0.011235954,0.029324148,0.026749253,0.042657577,-9.045951e-05,-0.0027975335,-0.004405622,-0.0006208763,0.0017268689,0.00032170786,0.5682535,0.7900083,0.041753083,0.4998345,0.005834243,0.011200551,0.01715606,-0.011409938,-0.035264965,1.0058908,1.0350662,1.0933672,1.0933672,1.0933672,0.971408,0.971408,0.971408,0.95796055,0.8859056,1.0004493,1.0142082,1.0482903,1.0373642,1.0222639,0.9886871,0.99244976,0.9993323,0.9993323,0.9448084,0.8,0.5,0.25,0.23333333,0.6166667,0.829166,0.44914842,0.23443876,0.31046814,0.5499542,0.6,0.1,0.25,0.5,0.75,0.8,0.9,0.95,0.033333335,0.25,-0.2,-0.8,-0.7,0.46666667,0.5,-0.28169706,-0.2206346,0.77896494,0.42949864,-0.0229787,-0.55473965,-0.33178526,0.21666557,0.23427133,0.30284813,0.6,0.4,0.4,0.46666667,0.5,0.4,0.6,0.6,0.53333336,0.5,0.2,-0.2,-0.2,-0.06666667,0.0,0.559072,0.3461774,0.48019624,0.54596734,0.50937825,0.44092795,0.6538226,0.51980376,0.45403266,0.49062172,0.11814409,-0.30764523,-0.03960753,0.09193466,0.018756554,0.7989366,0.7800045,1.0450163,1.2042022,1.3188596,0.1872359,0.17995429,0.3471049,0.44552737,0.52203065,0.75152254,0.8218333,0.86050445,0.9096372,0.99891394,0.61282724,0.4501933,0.52329004,0.465919,0.4723854,0.38717276,0.5498067,0.47670996,0.534081,0.5276146,0.2256545,-0.099613406,0.046580054,-0.068162024,-0.055229165
157,SH601868,-0.007672910632869335,0.5833333333333334,,,,SH601868,XD中国能,2026-08-24,0.0,0.012000018,0.0,0.0080000525,0.6666701,0.003999965,0.33332992,-0.004000088,-0.33334017,1.0,1.008,0.99600005,1.0020206,1.0112783,1.0338346,1.018797,0.9849624,1.1428572,0.9954887,1.0052632,1.0165414,1.0155389,1.0416667,0.0049016513,0.012430689,0.017136823,0.016304357,0.042736653,0.0003759395,-0.003508778,-0.0017807686,-0.00027599616,-0.0018654933,0.014705882,0.730353,0.3779396,0.02220754,0.5811473,0.003759395,0.010526317,0.00037592102,-0.011536932,0.013365357,1.0118577,1.0421664,1.0571915,1.0571915,1.1824025,0.98833394,0.98833394,0.98833394,0.9764739,0.9764739,1.0,1.0135338,1.030827,1.0300752,1.0639098,0.9917293,0.9954887,1.0,0.99924815,1.0030075,0.9,0.45,0.25,0.26666668,0.175,0.4959253,0.21671042,0.16942285,0.29146153,0.11424375,0.2,0.1,0.3,0.53333336,0.083333336,0.6,0.8,0.9,0.033333335,0.51666665,-0.4,-0.7,-0.6,0.5,-0.43333334,-0.15884712,0.3935551,0.65710616,0.47851798,0.7892623,-0.101557665,-0.22007781,-0.10376015,0.2351373,0.59695894,0.4,0.3,0.45,0.5,0.43333334,0.6,0.7,0.55,0.43333334,0.51666665,-0.2,-0.4,-0.1,0.06666667,-0.083333336,0.3636358,0.28571406,0.44444433,0.525,0.41810346,0.63636416,0.7142859,0.5555557,0.47500002,0.58189654,-0.27272835,-0.42857188,-0.11111135,0.049999937,-0.1637931,0.9443243,1.054244,1.2953793,1.4839625,1.9702895,0.22371025,0.23488411,0.34382668,0.46300575,0.9263634,0.5292784,0.48891526,0.7074875,1.0618005,1.842478,0.5458834,0.46073845,0.46045995,0.4717916,0.45544174,0.45411655,0.5392615,0.53954005,0.52820843,0.5445583,0.091766894,-0.07852307,-0.07908008,-0.056416836,-0.08911653
158,SZ002027,-0.008132046988543449,0.4166666666666667,,,,,,2026-08-24,0.0,0.01844256,0.0,0.01229504,0.6666667,0.00614752,0.33333334,-0.00614752,-0.33333334,1.0,1.012295,0.9938525,1.000493,1.0142976,1.0839986,1.0552841,0.97331107,1.0992494,1.0118909,1.0356606,1.0667044,1.0568291,1.0325906,0.009230753,0.03317123,0.045882493,0.04242172,0.053250015,-0.00493267,-0.010113041,-0.006892335,-0.00049267715,0.00052542496,0.7138876,0.85202414,0.7897813,0.010453218,0.029694894,-0.0020255123,0.009848031,-0.0012272017,-0.049685273,-0.048090674,1.0307392,1.1066122,1.1557724,1.1557724,1.1557724,0.9917565,0.9917565,0.9917565,0.9589908,0.9140239,1.0188729,1.0725604,1.0946503,1.0885738,1.0822589,1.0032408,1.0122483,1.0180626,1.0200882,0.972906,0.2,0.1,0.05,0.06666667,0.31666666,0.21146604,0.071772784,0.050260454,0.20839955,0.35564268,0.4,0.1,0.15,0.43333334,0.71666664,0.8,0.9,0.95,0.033333335,0.33333334,-0.4,-0.8,-0.8,0.4,0.38333333,0.70689636,-0.2827553,0.35290202,0.24749483,-0.044392403,-0.03540967,-0.50706047,-0.1041284,0.08974199,0.1789285,0.4,0.3,0.35,0.4,0.41666666,0.6,0.7,0.55,0.53333336,0.55,-0.2,-0.4,-0.2,-0.13333334,-0.13333334,0.23214313,0.09897612,0.41630593,0.5261438,0.4472718,0.76785684,0.90102386,0.5836941,0.4738562,0.5527282,-0.53571373,-0.8020478,-0.16738814,0.05228759,-0.1054564,1.2796555,1.2739909,1.4435769,1.3916901,1.3714345,0.30147788,0.26809174,0.38969794,0.4104333,0.34417656,0.8703816,1.0868263,1.2669723,1.1785424,1.0375646,0.20763367,0.44557726,0.5098252,0.48925364,0.47771466,0.7923663,0.55442274,0.49017477,0.51074636,0.52228534,-0.58473265,-0.10884548,0.019650469,-0.021492748,-0.044570677
159,SZ000708,-0.008463096982339019,0.4166666666666667,,,,,,2026-08-24,0.017518245,0.026277423,0.66666526,0.0036496858,0.13889055,0.0051094927,0.19444421,0.018978052,0.7222189,0.9827834,1.0035869,0.97776186,0.9978567,0.99004585,0.9993681,1.0194345,0.92826676,1.0143783,1.0012009,0.9943278,1.0145521,1.0071682,0.98289627,0.013491278,0.011738024,0.030122248,0.030246807,0.03942413,-0.0054669166,0.0014967135,-0.0038096502,0.00013712271,0.0008646524,0.4105053,0.14903863,0.55983937,0.0015928007,0.14670967,0.009732951,-0.0010629705,0.021639552,-0.009156411,-0.008403495,1.0230516,1.0230516,1.0797575,1.0797575,1.0797575,0.9756421,0.97060424,0.97060424,0.9226248,0.8932275,1.0084058,1.0072682,1.0383315,1.0279666,1.0103966,0.9957023,0.9861906,0.9891295,0.9867595,0.95275724,0.4,0.7,0.45,0.53333336,0.7083333,0.5137766,0.56048095,0.26930726,0.4924194,0.57241464,0.6,0.8,0.2,0.46666667,0.73333335,0.8,0.4,0.7,0.033333335,0.36666667,-0.2,0.4,-0.5,0.43333334,0.36666667,-0.13888282,0.31875178,0.19705077,-0.021764671,-0.025589945,0.08115637,0.10338926,0.063368514,0.23147558,0.15000756,0.4,0.5,0.45,0.46666667,0.46666667,0.4,0.4,0.5,0.5,0.51666665,0.0,0.1,-0.05,-0.033333335,-0.05,0.563126,0.5029581,0.46024546,0.58690655,0.49108016,0.43687397,0.4970419,0.53975457,0.41309345,0.50891984,0.12625208,0.0059162066,-0.07950911,0.17381309,-0.01783968,0.8106968,0.72691804,0.75737834,0.7894965,0.84150755,0.16104263,0.1688235,0.13966192,0.14754765,0.19834828,0.8013646,1.0828239,0.85018283,0.87022275,0.8617961,0.614063,0.5734246,0.5496914,0.5279854,0.4941252,0.385937,0.42657542,0.45030865,0.47201458,0.5058748,0.228126,0.14684914,0.099382706,0.05597083,-0.011749648
160,SH600489,-0.008821615151032657,0.3333333333333333,,,,SH600489,中金黄金,2026-08-24,-0.011960804,0.041681845,-0.2869548,0.01341073,0.3217403,0.01631031,0.3913049,-0.009061224,-0.21739018,1.0121056,1.0256786,0.98349226,1.0004853,0.93469554,0.9589445,0.7759404,0.7085791,0.80763197,0.9636752,0.9354695,0.890774,0.8429021,0.79440504,0.035898276,0.040337797,0.07145011,0.09265166,0.090632774,0.021312589,0.0116321,0.010805905,0.009915928,0.0031066001,0.8811813,0.7622604,0.8005428,0.88769144,0.3583439,-0.006300392,0.012186019,0.0065699047,0.013316941,0.11395026,1.0256786,1.0256786,1.0256786,1.0256786,1.0256786,0.9035167,0.86756736,0.7518105,0.6732749,0.6325784,0.99764,0.9732774,0.9439621,0.93088496,0.89060354,0.9287577,0.89738023,0.80994314,0.76470363,0.7181651,1.0,1.0,1.0,1.0,1.0,0.78979814,0.8375912,0.9062371,0.9271328,0.9346765,1.0,1.0,1.0,1.0,1.0,0.4,0.4,0.05,0.13333334,0.35,0.6,0.6,0.95,0.8666667,0.65,0.83371586,0.47766986,0.5482398,0.3560803,0.15613076,0.16340901,-0.21344383,0.26071393,0.30360416,0.14863119,0.6,0.5,0.6,0.6,0.55,0.4,0.5,0.4,0.4,0.45,0.2,0.0,0.2,0.2,0.1,0.87714887,0.58428717,0.72631353,0.6962386,0.57146305,0.12285113,0.41571283,0.27368644,0.30376142,0.42853698,0.75429773,0.16857433,0.4526271,0.39247715,0.14292607,0.72927225,0.6753412,0.65498143,0.6491762,0.6063576,0.23348394,0.2164648,0.20425439,0.18549657,0.19699071,1.1701986,1.0115703,0.959696,0.89769375,1.0297916,0.82605124,0.5817995,0.5721949,0.5582264,0.5269232,0.17394876,0.41820052,0.42780513,0.4417736,0.47307685,0.6521025,0.16359898,0.14438976,0.1164528,0.053846322
161,SH600111,-0.00886062426692973,0.25,,,,SH600111,北方稀土,2026-08-24,-0.0076110903,0.03019883,-0.25203264,0.01595871,0.5284546,0.006629029,0.21951278,-0.016940773,-0.5609745,1.0076694,1.0237505,0.9933201,1.0084668,1.0583835,1.0804073,0.9767419,0.96437347,1.1995454,1.0069298,1.0238508,1.0179868,1.0007341,1.0954475,0.022100741,0.025913222,0.036750957,0.04070426,0.11140194,-0.010342082,-0.005634693,0.0019599732,0.0029209757,-0.0048990673,0.5474473,0.4334202,0.09954765,0.39909646,0.5898495,0.01375442,0.0015052945,-0.03660655,-0.04308825,0.04907493,1.0564101,1.0682867,1.11578,1.11578,1.3396806,0.9675911,0.9675911,0.9428497,0.90771806,0.90771806,1.0209824,1.0435438,1.0435438,1.0374548,1.2047517,0.99188715,0.99876314,0.98377675,0.96843106,0.9814986,0.6,0.3,0.4,0.6,0.31666666,0.364887,0.3218503,0.3304818,0.4435312,0.2136342,0.2,0.1,0.45,0.6333333,0.25,0.8,0.9,0.1,0.16666667,0.5833333,-0.6,-0.8,0.35,0.46666667,-0.33333334,-0.32339966,0.46824542,0.78208184,0.5206392,0.6963491,-0.31635115,0.19368185,0.43043855,0.351425,0.19045223,0.4,0.5,0.6,0.56666666,0.51666665,0.6,0.5,0.4,0.43333334,0.46666667,-0.2,0.0,0.2,0.13333334,0.05,0.17578405,0.30673864,0.5318494,0.5313353,0.4341531,0.82421595,0.6932613,0.4681506,0.46866468,0.5658469,-0.6484319,-0.38652268,0.063698806,0.06267065,-0.1316938,0.96541125,1.1661618,1.2415669,1.2241515,1.6736715,0.1414167,0.37760243,0.53302914,0.46274078,0.845022,0.7063849,1.0091721,1.2656355,1.1349225,1.3346915,0.41396746,0.40500197,0.51911235,0.45566416,0.48089826,0.58603257,0.594998,0.48088765,0.54433584,0.51910174,-0.17206511,-0.18999606,0.038224723,-0.08867167,-0.03820345
162,SH600104,-0.00917007208652632,0.4166666666666667,,,,SH600104,上汽集团,2026-08-24,0.0029527552,0.015747989,0.18750046,0.007874052,0.5000037,0.0049211807,0.31249583,-1.1644734e-07,-7.394426e-06,0.99705595,1.0078509,0.99214923,1.00208,0.98823225,1.0284677,0.99974036,0.95189065,1.1798044,0.99134725,0.996262,1.0206585,1.0134465,1.0153918,0.009333152,0.011699759,0.031056963,0.028539933,0.056816824,0.0050012944,-0.001751528,-0.004068685,-0.00014498839,-0.0010783115,0.71787393,0.20544319,0.6007009,0.0020001486,0.109858684,-0.0013498543,0.011619849,0.017994013,-0.011344084,0.016418342,1.0078509,1.0324063,1.0888476,1.0888476,1.1827008,0.97449744,0.97449744,0.97449744,0.9442515,0.90399295,0.99916935,1.0021632,1.0422775,1.0314095,1.0469153,0.98195034,0.9870555,0.9942892,0.99345857,0.9689193,1.0,0.8,0.4,0.43333334,0.46666667,0.764616,0.44039178,0.22302186,0.38554645,0.34447202,1.0,0.1,0.25,0.5,0.033333335,0.2,0.6,0.8,0.033333335,0.33333334,0.8,-0.5,-0.55,0.46666667,-0.3,-0.14877218,0.3316512,0.89377874,0.5819389,-0.09643302,0.49939904,-0.0043874593,0.42075366,0.30779788,0.18610647,0.4,0.3,0.4,0.5,0.4,0.6,0.7,0.6,0.5,0.6,-0.2,-0.4,-0.2,0.0,-0.2,0.66666776,0.34044588,0.50055254,0.5635283,0.38624918,0.33333224,0.6595541,0.49944746,0.43647167,0.6137508,0.33333552,-0.31910822,0.001105086,0.12705663,-0.22750163,1.1172893,1.150599,1.5820271,1.6765678,1.8995265,0.18008016,0.2321992,0.58151287,0.57438964,0.7144845,1.116937,0.9264662,1.0883235,0.90855145,0.7625782,0.49538714,0.3667158,0.48229206,0.46355537,0.48626342,0.50461286,0.6332842,0.51770794,0.53644466,0.5137366,-0.009225755,-0.26656842,-0.03541588,-0.07288927,-0.027473163
163,SH600150,-0.009208110133213593,0.5833333333333334,,,,SH600150,中国船舶,2026-08-24,0.0062518492,0.024114411,0.2592578,0.017564781,0.72839355,0.00029778044,0.01234865,-0.011015152,-0.45678708,0.993787,1.0174557,0.99349105,1.0035894,0.9955543,1.0305091,0.9920677,1.0008717,1.0936192,0.98877263,0.99354076,1.0106825,1.0005027,1.0224851,0.010265835,0.0095099155,0.0213252,0.024489395,0.037268784,0.0034344574,-0.0014279832,-0.0024499656,0.0006592438,-0.0010376958,0.27981293,0.20668277,0.46195728,0.05616137,0.23645554,0.0043584392,0.012885145,0.012592163,-0.0100616915,0.008126862,1.0174557,1.0364176,1.0462264,1.0462264,1.1193756,0.96426266,0.96426266,0.96426266,0.93978,0.93978,0.99721056,1.0005405,1.0314156,1.028138,1.0533996,0.97958505,0.98709905,0.99084723,0.977894,0.98872036,1.0,0.8,0.45,0.6,0.35,0.6718431,0.4952865,0.4360144,0.56573105,0.33530882,1.0,0.1,0.35,0.56666666,0.48333332,0.8,0.9,0.95,0.13333334,0.56666666,0.2,-0.8,-0.6,0.43333334,-0.083333336,0.2890851,0.43051672,0.56142896,-0.016844941,0.3150098,0.32373625,-0.13430126,0.3436286,0.20036577,0.28481728,0.4,0.3,0.3,0.36666667,0.41666666,0.6,0.7,0.7,0.6333333,0.5833333,-0.2,-0.4,-0.4,-0.26666668,-0.16666667,0.55110294,0.33428007,0.51960355,0.49884954,0.45800096,0.4488971,0.6657199,0.48039648,0.5011504,0.54199904,0.10220584,-0.33143988,0.03920705,-0.0023009041,-0.0839981,0.9947198,1.0695684,1.2431822,1.3752464,1.5855265,0.15409303,0.22284344,0.32927915,0.39273646,0.55351806,0.9882466,1.0930333,1.3314595,1.079503,1.4114478,0.54128236,0.43110156,0.5001809,0.38460526,0.49309123,0.45871764,0.56889844,0.4998191,0.6153948,0.5069088,0.08256473,-0.13779688,0.00036178168,-0.2307895,-0.013817573
164,SH601628,-0.010232947882940135,0.3333333333333333,,,,SH601628,中国人寿,2026-08-24,0.01729731,0.027027031,0.6400004,0.0067566894,0.24999745,0.0029730313,0.11000214,0.013513654,0.50000507,0.9829968,1.0066417,0.98007435,0.99786913,0.9990289,1.0015537,1.0555447,1.0023305,0.88386095,0.9849291,0.9876675,1.0085453,1.0271767,0.9811128,0.0086316615,0.008296143,0.027609456,0.037711065,0.065228306,0.004156159,-0.0001918577,-0.003989677,-0.0035030828,0.0025334877,0.57960945,0.004902499,0.7308493,0.6687517,0.46011376,0.006758595,0.013195875,0.029356617,0.023617934,-0.055850696,1.0066417,1.0066417,1.0716937,1.1159328,1.1159328,0.9700934,0.9700934,0.9700934,0.9700934,0.84446084,0.9871043,0.9960769,1.0289764,1.0673529,1.0346863,0.9799184,0.9799184,0.9834531,0.99087197,0.9317537,1.0,1.0,0.5,0.33333334,0.5833333,0.8182735,0.8182735,0.29435524,0.20506498,0.5729473,1.0,1.0,0.05,0.26666668,0.6333333,0.6,0.8,0.9,0.93333334,0.06666667,0.4,0.2,-0.85,-0.6666667,0.56666666,0.88497216,0.58273876,0.41544172,0.58381855,0.18545564,0.5004133,0.4213386,-0.041300677,0.23535216,0.42071772,0.6,0.6,0.55,0.56666666,0.53333336,0.4,0.4,0.45,0.43333334,0.46666667,0.2,0.2,0.1,0.13333334,0.06666667,0.5117371,0.49230787,0.38757882,0.49771172,0.55331665,0.4882629,0.50769216,0.61242115,0.5022883,0.44668332,0.0234742,-0.015384286,-0.22484237,-0.0045765648,0.106633335,0.68669313,0.67039835,0.78505707,0.9232098,0.98527914,0.20261477,0.1424644,0.1959153,0.31512517,0.39063764,1.0533432,0.7873866,0.7790214,1.0339216,1.5253696,0.75876766,0.56049544,0.543519,0.5017212,0.4999808,0.24123237,0.4395046,0.45648098,0.4982788,0.5000192,0.51753527,0.120990835,0.087038025,0.003442421,-3.8403166e-05
165,SZ002050,-0.01035776962198926,0.3333333333333333,,,,,,2026-08-24,-0.027240591,0.04385729,-0.62111884,0.009261709,0.2111783,0.0073549924,0.16770284,-0.029147308,-0.66459435,1.0280035,1.0375245,0.99243903,1.006564,1.0927022,1.0789825,1.0089601,1.1571717,1.2890135,1.0358514,1.0632112,1.0600319,1.0666174,1.1562057,0.04268396,0.041801024,0.041011706,0.052322384,0.10418308,-0.02201269,-0.011716064,0.0005107749,-0.0014830545,-0.0050237826,0.6649008,0.72011375,0.005428896,0.062264554,0.70919746,0.008174074,-0.010488937,-0.064884275,-0.0451131,-0.008004102,1.1089457,1.1327428,1.1327428,1.1988398,1.3744147,0.99243903,0.99243903,0.9812461,0.9775964,0.9775964,1.0459905,1.0993114,1.0957778,1.104691,1.2568076,1.0096344,1.0248215,1.0113723,1.0109793,1.0637449,0.2,0.1,0.15,0.13333334,0.06666667,0.064897224,0.05388991,0.12379063,0.101262316,0.056458127,0.2,0.1,0.55,0.1,0.4,1.0,1.0,0.1,0.33333334,0.6666667,-0.8,-0.9,0.45,-0.23333333,-0.26666668,0.60516363,0.43167558,0.38697672,0.14006999,0.7672955,0.09071561,0.34582862,0.49695176,0.13258597,0.30450124,0.4,0.4,0.5,0.5,0.5,0.6,0.6,0.5,0.5,0.5,-0.2,-0.2,0.0,0.0,0.0,0.20502476,0.34157792,0.4900028,0.40346795,0.41936684,0.7949752,0.65842205,0.5099972,0.59653205,0.58063316,-0.5899505,-0.31684417,-0.019994395,-0.1930641,-0.16126634,1.3986183,1.3764266,1.4561079,1.5684739,2.3035672,0.58159035,0.52006525,0.4783511,0.50106514,1.1470557,1.2128707,1.175723,1.1492982,1.2028247,1.4816059,0.48385844,0.49402687,0.48549533,0.47363204,0.46095467,0.51614153,0.50597316,0.5145047,0.52636796,0.53904533,-0.032283098,-0.011946272,-0.029009348,-0.052735943,-0.07809067
166,SH601021,-0.010497140904247502,0.5,,,,SH601021,春秋航空,2026-08-24,-0.0070809214,0.012105983,-0.5849109,0.0006852205,0.05660181,0.0043398407,0.35848725,-0.0034263015,-0.28302547,1.0071315,1.0078216,0.9956292,1.0002928,1.0252515,1.0542479,1.0437621,1.0282475,1.1150225,1.0110422,1.0188316,1.0403595,1.0394251,1.0468026,0.008955395,0.011607043,0.02484213,0.020893682,0.024695711,-0.004943295,-0.0034226293,-0.0036487007,-0.00096138427,-0.00042653095,0.7617344,0.7970544,0.75503457,0.16408381,0.0909825,-0.0011555909,-0.0034297807,-0.005696884,-0.025485024,-0.03421992,1.0239085,1.0485178,1.089723,1.089723,1.1297563,0.9956292,0.9956292,0.9956292,0.9956292,0.99281466,1.0184464,1.0270063,1.0678152,1.053135,1.0710678,1.0022256,1.0125401,1.0178044,1.0185748,1.0269635,0.2,0.1,0.05,0.033333335,0.033333335,0.15455782,0.0826415,0.04645145,0.04645145,0.052469954,0.6,0.1,0.4,0.6,0.18333334,1.0,1.0,1.0,1.0,0.1,-0.4,-0.9,-0.6,-0.4,0.083333336,-0.67252296,0.19939436,0.62606966,0.4693869,0.50103873,-0.6653968,-0.7667172,-0.27367905,-0.097551316,0.11790217,0.2,0.3,0.4,0.46666667,0.43333334,0.8,0.7,0.6,0.53333336,0.56666666,-0.6,-0.4,-0.2,-0.06666667,-0.13333334,0.10135098,0.1787074,0.3919704,0.45714277,0.4375218,0.89864904,0.8212926,0.6080296,0.5428572,0.5624782,-0.797298,-0.6425852,-0.21605924,-0.08571446,-0.12495643,1.0497003,1.2352104,1.5617694,1.7568269,2.3705318,0.26510727,0.35040286,0.5507228,0.58646935,1.0763602,1.1925406,0.9729607,1.1098982,1.0472126,1.544282,0.45802587,0.494794,0.43229708,0.46214625,0.46471956,0.5419741,0.505206,0.5677029,0.5378537,0.53528047,-0.083948255,-0.010411948,-0.13540584,-0.07570748,-0.0705609
167,SH600406,-0.010542904288221248,0.3333333333333333,,,,SH600406,国电南瑞,2026-08-24,0.0043158988,0.009495016,0.4545436,0.0012947309,0.136359,0.0038843863,0.4090974,0.0069055543,0.727282,0.9957026,1.0012891,0.99183494,0.99705315,1.012031,1.0373868,1.0270698,0.9325275,1.0485528,1.001803,1.0102248,1.0276076,1.0165416,0.9981716,0.008902379,0.01441542,0.024437398,0.033533376,0.035606697,-0.003781531,-0.0039009778,-0.0028952842,0.0010353534,0.0008121641,0.45108995,0.67128015,0.49129292,0.07387957,0.15868068,0.005760019,0.007329624,-0.000102339916,-0.031554237,-0.022130467,1.0167598,1.036951,1.0889517,1.0889517,1.0889517,0.9853849,0.9853849,0.9853849,0.9204922,0.9136215,1.0105677,1.0206243,1.0453751,1.0399612,1.0315362,0.9948399,0.99776196,1.0082471,0.99776196,0.96567917,0.6,0.4,0.2,0.26666668,0.55,0.46582246,0.28342488,0.14111783,0.47197008,0.49266204,0.6,0.1,0.3,0.53333336,0.76666665,0.8,0.9,0.95,0.033333335,0.46666667,-0.2,-0.8,-0.65,0.5,0.3,0.27013972,0.2831833,0.791752,0.40861246,0.22229165,-0.19869226,-0.42736962,0.29517472,0.42506298,0.2281138,0.4,0.4,0.45,0.53333336,0.45,0.6,0.6,0.55,0.46666667,0.53333336,-0.2,-0.2,-0.1,0.06666667,-0.083333336,0.29413489,0.2878118,0.43533185,0.5884999,0.4702266,0.7058651,0.71218824,0.5646682,0.41150013,0.5297734,-0.4117302,-0.42437643,-0.12933633,0.17699975,-0.059546854,1.1779718,1.3881582,1.8266039,2.1729531,2.2705562,0.2525541,0.3225455,0.63524884,1.1006162,0.8871124,1.4666693,0.98474586,1.1122686,1.7503455,1.3719891,0.30868483,0.4042407,0.44078445,0.47913578,0.474787,0.6913152,0.59575933,0.55921555,0.5208642,0.525213,-0.38263032,-0.19151862,-0.11843107,-0.041728433,-0.050426017
168,SZ001280,-0.01054884122230825,0.5,,,,,,2026-08-24,-0.021784972,0.04497544,-0.48437485,0.010962783,0.24375044,0.012227685,0.27187473,-0.02052007,-0.45625058,1.0222701,1.0334771,0.9875,1.0118399,0.9669386,0.9635037,0.87906116,0.8528697,1.0372121,0.9788178,0.95494497,0.9323029,0.90937936,0.944559,0.0143936165,0.030608585,0.040298108,0.05009881,0.06469069,0.0016888458,0.008295925,0.005872344,0.004939381,-0.0017741602,0.034417566,0.6733713,0.7432275,0.7533417,0.22940454,0.017804466,0.0077233952,0.011909835,0.018999605,0.107778735,1.0334771,1.0334771,1.0334771,1.0334771,1.0867325,0.9466051,0.90533656,0.847677,0.7975614,0.7975614,0.9885502,0.97698593,0.9676542,0.9631602,1.0019466,0.96902823,0.92434525,0.90688425,0.86620873,0.87868905,1.0,1.0,1.0,1.0,0.78333336,0.6146391,0.7387473,0.8198222,0.8580974,0.7000651,1.0,1.0,1.0,1.0,0.05,0.2,0.4,0.15,0.16666667,0.5833333,0.8,0.6,0.85,0.8333333,-0.53333336,0.8937312,0.7727411,0.6382489,0.48044154,0.58615583,0.898806,0.7213335,0.6970891,0.51945853,0.54591954,0.4,0.5,0.6,0.53333336,0.48333332,0.6,0.5,0.4,0.43333334,0.5,-0.2,0.0,0.2,0.1,-0.016666668,0.71115184,0.5887264,0.6615679,0.6212836,0.4847238,0.28884813,0.41127357,0.33843207,0.3787164,0.5152762,0.4223037,0.17745286,0.32313585,0.2425672,-0.030552382,0.6534522,0.54113144,0.53747946,0.52460194,0.577871,0.2514064,0.2344918,0.19249,0.20238654,0.23216563,1.1686567,0.99456584,0.89034903,1.1002512,1.0323616,0.6381064,0.565185,0.61052924,0.5629589,0.5236761,0.36189356,0.43481496,0.38947076,0.43704113,0.4763239,0.27621287,0.13037005,0.22105847,0.12591775,0.04735218
169,SZ000301,-0.010564569538207684,0.3333333333333333,,,,,,2026-08-24,-0.02414046,0.04169716,-0.57894737,0.007315291,0.1754386,0.010241408,0.24561404,-0.021214344,-0.50877196,1.0247376,1.0322338,0.98950523,1.0072243,0.9489603,1.0141777,0.8755514,0.8544423,0.9032766,1.0024575,0.97876495,0.95302457,0.9284709,0.91522264,0.018287575,0.0295512,0.046959087,0.05332855,0.049002,0.0073723965,0.0071948213,0.0066465773,0.005245413,0.0014962411,0.40629846,0.5433769,0.7011725,0.74979335,0.28436452,-0.017202249,-0.011141648,-0.016167052,-0.0045293975,0.040638257,1.0462074,1.0462074,1.0462074,1.0462074,1.0462074,0.946629,0.9234427,0.8438554,0.8357045,0.80950296,1.0153749,1.0026464,1.0,0.9764335,0.9574039,0.99502206,0.94820416,0.9073724,0.8744802,0.87006927,0.5,0.75,0.825,0.8833333,0.925,0.5359694,0.62360966,0.7716481,0.7804901,0.80478835,0.6,0.8,0.9,0.93333334,0.96666664,0.2,0.4,0.05,0.13333334,0.35,0.4,0.4,0.85,0.8,0.6166667,0.40423918,0.71875197,0.2707172,0.15821859,0.43084344,0.6757414,0.5290635,0.41331384,0.3897953,0.44854933,0.8,0.6,0.65,0.6333333,0.56666666,0.2,0.4,0.35,0.36666667,0.43333334,0.6,0.2,0.3,0.26666668,0.13333334,0.757962,0.46140653,0.6663858,0.61095107,0.53168213,0.242038,0.5385935,0.33361417,0.38904893,0.46831784,0.51592404,-0.07718697,0.3327717,0.22190215,0.063364305,1.2949467,1.107832,1.1711718,1.185728,1.2210814,0.34259012,0.34395933,0.34406888,0.3164265,0.6727231,0.45249692,0.76174617,0.7132743,0.8405434,1.7017694,0.5983759,0.39327592,0.51166344,0.46097648,0.50868976,0.40162405,0.6067241,0.48833656,0.5390235,0.4913102,0.19675188,-0.21344815,0.023326894,-0.07804702,0.017379574
170,SZ300014,-0.011140511707706744,0.5833333333333334,,,,,,2026-08-24,0.007217601,0.027607348,0.26143768,0.020389747,0.73856235,0.0,0.0,-0.013172146,-0.47712463,0.9928341,1.0202436,0.9928341,1.004496,1.0247239,0.9892556,0.9872835,0.92690676,1.1408143,0.9986769,1.0047126,0.9908284,0.9772609,1.0372126,0.010720922,0.011356963,0.018531013,0.028977873,0.089039475,-0.002311124,-0.0016291832,0.002248546,0.0027280662,-0.0028757046,0.11617755,0.18863699,0.5153156,0.68687624,0.3181436,0.005945365,0.002618705,-0.012189585,-0.016817832,0.047620684,1.0356555,1.036901,1.036901,1.036901,1.2619103,0.97689307,0.97689307,0.9243964,0.88498473,0.88498473,1.0030096,1.0131829,1.005516,1.0002156,1.1292403,0.9912626,0.99806875,0.9719091,0.9526313,0.9713048,0.8,0.4,0.7,0.8,0.48333332,0.39322576,0.3850641,0.6720042,0.75709623,0.30514055,0.6,0.4,0.7,0.8,0.25,0.8,0.9,0.1,0.16666667,0.5833333,-0.2,-0.5,0.6,0.6333333,-0.33333334,-0.79420066,-0.2064955,-0.30042723,-0.28859445,0.7340252,-0.35392702,-0.06086943,-0.09052342,0.28416798,0.42897785,0.4,0.6,0.65,0.6333333,0.51666665,0.6,0.4,0.35,0.36666667,0.48333332,-0.2,0.2,0.3,0.26666668,0.033333335,0.26201585,0.5485342,0.52642834,0.5825905,0.45371994,0.7379842,0.4514658,0.47357166,0.41740945,0.54628,-0.4759683,0.09706844,0.052856702,0.1651811,-0.09256009,0.9888224,1.0765865,1.1164451,1.2018447,1.5946207,0.16600905,0.19138378,0.21113941,0.2752826,0.73680305,0.8068472,0.54971117,0.6988559,1.2277108,1.7655158,0.5111958,0.4842276,0.46453726,0.46280015,0.48492354,0.48880422,0.5157724,0.53546274,0.53719985,0.51507646,0.02239154,-0.031544775,-0.07092545,-0.07439972,-0.030152896
171,SH600803,-0.011168587477173182,0.5,,,,SH600803,新奥股份,2026-08-24,0.011507499,0.025316484,0.4545457,0.013808984,0.5454543,0.0,0.0,-0.002301486,-0.090908594,0.98862344,1.0136518,0.98862344,1.0042576,0.9954112,0.99827915,0.9794938,0.9084391,1.0481107,1.0046605,0.9963003,0.9985696,0.984324,0.95563203,0.008527183,0.011537935,0.015424146,0.029375164,0.06001913,-0.0035850024,0.002027585,-0.0002960186,0.002147284,0.00089855515,0.4418834,0.28308275,0.0128915105,0.41411415,0.06836124,0.0025095078,-0.00542442,0.004242588,-0.015459608,0.017860586,1.0290298,1.0290298,1.0466094,1.0466094,1.0802913,0.98862344,0.9715213,0.9613059,0.8987216,0.8309458,1.0090916,1.0031978,1.0131642,1.0054349,1.0054349,0.99919695,0.9856887,0.9850004,0.97086114,0.8839894,0.4,0.7,0.6,0.7,0.75,0.28155392,0.49520805,0.45360467,0.6848325,0.677992,0.6,0.8,0.25,0.5,0.033333335,1.0,0.5,0.05,0.033333335,0.33333334,-0.4,0.3,0.2,0.46666667,-0.3,-0.2650817,0.5486777,0.46854544,-0.08684339,-0.4165973,-0.34458888,0.24339668,0.31677243,0.32642403,0.22746715,0.6,0.5,0.5,0.6,0.51666665,0.4,0.5,0.5,0.4,0.48333332,0.2,0.0,0.0,0.2,0.033333335,0.5467836,0.50986856,0.5427121,0.62556547,0.47276118,0.45321637,0.49013147,0.4572879,0.37443453,0.5272388,0.09356724,0.019737069,0.08542421,0.25113094,-0.054477602,1.0322477,0.8692935,1.0209961,1.1253338,1.2993755,0.28365293,0.27925593,0.3250966,0.3493713,0.41494668,0.7325515,0.86712205,1.1698172,1.2022855,1.0035803,0.54456526,0.53165793,0.4668017,0.46382257,0.49185923,0.4554347,0.46834207,0.5331983,0.5361774,0.50814074,0.089130566,0.06331589,-0.066396594,-0.07235485,-0.016281528
172,SH600460,-0.011263521118727658,0.4166666666666667,,,,SH600460,士兰微,2026-08-24,-0.01903443,0.076137945,-0.24999927,0.032551747,0.42753646,0.024551766,0.32246426,-0.027034411,-0.35507146,1.0194038,1.0525872,0.97497183,1.0172163,0.95753324,0.90467,0.9091658,1.1762921,0.9706648,0.975539,0.9489069,0.89510983,0.91683614,1.0508305,0.035891954,0.039642036,0.070457436,0.08585364,0.20862971,0.007762771,0.010340489,0.010688867,-0.00066960393,-0.0044393074,0.116944395,0.6237086,0.8055226,0.0047143335,0.138095,0.008935446,0.0045608743,0.0033459242,0.0928731,0.08012914,1.0525872,1.0525872,1.0525872,1.1861049,1.6018673,0.9046782,0.89426774,0.7702438,0.7702438,0.7702438,1.0018582,0.98469925,0.9600097,0.97210723,1.298668,0.95945525,0.9156435,0.83644223,0.84691375,0.9018227,0.8,0.9,0.95,0.8666667,0.6166667,0.6444627,0.6678415,0.8137475,0.5524831,0.2762743,1.0,1.0,1.0,0.033333335,0.36666667,0.6,0.1,0.25,0.5,0.75,0.4,0.9,0.75,-0.46666667,-0.38333333,-0.20785192,0.45109013,0.3203009,0.20333324,0.6603155,-0.383855,-0.34040993,-0.124871835,0.0048633977,0.18165363,0.4,0.5,0.5,0.43333334,0.48333332,0.6,0.5,0.5,0.56666666,0.51666665,-0.2,0.0,0.0,-0.13333334,-0.033333335,0.6132029,0.6706916,0.5759294,0.41944155,0.5056259,0.38679707,0.3293084,0.42407063,0.5805584,0.4943741,0.22640587,0.34138322,0.15185876,-0.16111687,0.011251794,0.6266528,0.4597206,0.41240406,0.404844,0.46881646,0.2730958,0.25461358,0.18557434,0.160487,0.18835974,0.64262325,0.86791426,0.73020506,0.8328437,0.7893415,0.7083119,0.6781977,0.64771307,0.58266336,0.5241581,0.29168808,0.32180235,0.35228693,0.4173366,0.47584188,0.41662386,0.3563953,0.29542613,0.16532676,0.048316266
173,SH600930,-0.01151354489766928,0.3333333333333333,,,,SH600930,华电新能,2026-08-24,0.012787712,0.012787712,1.0,0.0,0.0,0.0,0.0,0.012787712,1.0,0.98737377,1.0,0.98737377,0.9939613,1.0275,1.07,1.0725001,1.1575,1.615,0.99700004,1.02425,1.0497501,1.0678334,1.2057917,0.01407568,0.03244761,0.035853323,0.045998193,0.1764411,-0.0032500029,-0.009893941,-0.005030077,-0.004294773,-0.009460475,0.13328116,0.85228467,0.68890357,0.6756171,0.8768519,0.009499972,0.0202727,-0.0019643137,-0.005559172,0.07329231,1.0275931,1.0751488,1.1126728,1.1912239,1.6300937,0.974822,0.974822,0.974822,0.974822,0.974822,1.004,1.063,1.071,1.0915,1.404,0.987,0.9915001,1.016,1.0355,1.065,0.8,0.4,0.2,0.13333334,0.06666667,0.4771173,0.25096005,0.18264695,0.11634852,0.03842381,0.2,0.3,0.3,0.1,0.016666668,0.8,0.9,0.95,0.96666664,0.98333335,-0.6,-0.6,-0.65,-0.8666667,-0.96666664,-0.42725995,0.30627882,0.45373815,-0.15841766,-0.1074603,-0.71580046,-0.6225526,-0.13043177,-0.56680506,-0.45688853,0.6,0.3,0.35,0.4,0.3,0.4,0.6,0.6,0.56666666,0.68333334,0.2,-0.3,-0.25,-0.16666667,-0.38333333,0.26086885,0.14999951,0.3253007,0.34170833,0.23260856,0.73913115,0.8500005,0.6746993,0.65829164,0.76739144,-0.47826234,-0.70000094,-0.34939858,-0.31658334,-0.5347829,1.1930683,1.4490222,1.55202,1.6901454,1.3865861,0.4515746,0.52149177,0.47137016,0.6462645,0.6474831,1.5540711,1.4010582,1.1670238,1.5531132,1.5222911,0.37455818,0.4715718,0.44742787,0.51139647,0.45654604,0.6254418,0.5284282,0.55257213,0.48860356,0.54345393,-0.25088364,-0.056856412,-0.105144255,0.022792881,-0.086907916
174,SH600989,-0.011801102482480614,0.3333333333333333,,,,SH600989,宝丰能源,2026-08-24,-0.0169348,0.03513973,-0.48192745,0.007197305,0.20481959,0.011007624,0.31325296,-0.013124482,-0.37349412,1.0172266,1.0245478,0.98880273,1.0017582,0.9872204,1.029109,0.9829606,0.89208376,1.0333688,1.0152645,1.0064963,1.006088,0.9965921,0.97042954,0.013524508,0.017743103,0.016272986,0.030031774,0.05484951,-0.0011359578,0.001336043,0.00052394136,0.0017723326,0.0007087521,0.017636865,0.05197484,0.03628264,0.26991695,0.050926406,-0.012992549,-0.012508468,-0.0110654775,-0.022290936,0.0086622825,1.0448949,1.0580841,1.0580841,1.0765021,1.0799755,0.98880273,0.96555907,0.9538189,0.90695226,0.8440389,1.0222222,1.0199503,1.0202343,1.0195954,1.0154774,1.0059638,0.98693645,0.9877884,0.9828186,0.9112531,0.2,0.4,0.4,0.46666667,0.6333333,0.19962242,0.37223348,0.44291922,0.54879284,0.6610299,0.8,0.1,0.55,0.3,0.033333335,1.0,0.4,0.35,0.13333334,0.48333332,-0.2,-0.3,0.2,0.16666667,-0.45,0.10217196,0.55853075,0.3278471,-0.21123181,0.017387828,0.37652394,0.06885299,0.056633923,0.45862013,0.318277,0.6,0.5,0.65,0.6,0.53333336,0.4,0.5,0.35,0.4,0.45,0.2,0.0,0.3,0.2,0.083333336,0.55960274,0.40848202,0.52948403,0.58529747,0.48572296,0.44039726,0.591518,0.47051597,0.41470256,0.51427704,0.11920549,-0.18303595,0.05896807,0.17059489,-0.028554086,1.0405602,0.93928254,0.88857996,1.140874,1.0900044,0.08274518,0.15124813,0.15100238,0.43544045,0.36429513,0.57466197,0.81495494,0.796188,1.4240228,1.3251042,0.73667514,0.5834564,0.4260653,0.4767064,0.50397015,0.26332486,0.4165436,0.57393473,0.5232936,0.49602985,0.4733503,0.16691281,-0.14786942,-0.046587244,0.007940264
175,SZ300433,-0.012264715860319284,0.3333333333333333,,,,,,2026-08-24,0.017153598,0.04234792,0.40506357,0.0040203943,0.094937235,0.021173924,0.4999992,0.03430713,0.8101255,0.9831357,1.0039526,0.96231884,0.98853564,0.9746857,0.9193646,0.9652144,1.0416307,1.0580335,0.99282765,0.96341914,0.92292273,0.9415963,1.1005144,0.028918553,0.04037408,0.059018157,0.0616368,0.190888,-0.0034225967,0.010179201,0.008515359,-0.00021038255,-0.0071627954,0.035018567,0.5826846,0.7286226,0.00090290274,0.42944506,0.014017568,-0.009225548,-0.003818668,0.061454203,0.110787995,1.0334599,1.0334599,1.0334599,1.0782505,1.5282831,0.94570625,0.89382577,0.8115911,0.8115911,0.8115911,1.0067849,1.000155,0.9757448,1.000155,1.3406664,0.9744963,0.92567587,0.8775271,0.8998192,0.92360085,0.6,0.8,0.9,0.8,0.4,0.61870676,0.7603746,0.8491907,0.70655245,0.26288685,0.2,0.6,0.8,0.1,0.3,0.4,0.1,0.15,0.43333334,0.71666664,-0.2,0.5,0.65,-0.33333334,-0.41666666,0.44086963,0.8457057,0.39031968,0.21941005,0.58699846,0.7125749,0.6586653,0.64420646,0.4272774,0.26353374,0.6,0.6,0.5,0.43333334,0.45,0.4,0.4,0.5,0.56666666,0.55,0.2,0.2,0.0,-0.13333334,-0.1,0.5566474,0.6238265,0.52661747,0.47969088,0.4891786,0.4433526,0.37617353,0.4733825,0.52030915,0.5108214,0.11329481,0.24765298,0.05323499,-0.04061827,-0.021642804,1.1444479,0.94612485,0.9526427,0.9858099,1.266391,0.25423154,0.28669867,0.23494722,0.24928813,0.4100254,0.64587116,0.87565786,0.81696755,1.023801,0.9275525,0.50438625,0.55372185,0.4507878,0.4923749,0.47999454,0.49561375,0.44627818,0.54921216,0.5076251,0.52000546,0.00877249,0.107443646,-0.09842435,-0.015250188,-0.04001092
176,SH688223,-0.012477211352808257,0.25,,,,SH688223,晶科能源,2026-08-24,-0.009153265,0.029748267,-0.30769068,0.018306669,0.61538607,0.0022883336,0.07692326,-0.025171598,-0.8461535,1.0092378,1.0277137,0.9976905,1.007836,1.0379463,1.0535713,0.96205354,0.9375,1.3549107,1.0120536,1.0203125,1.0212053,0.99925596,1.0704613,0.0151061695,0.015729161,0.025843984,0.03927615,0.105179116,-0.005580352,-0.0032602772,0.00058069394,0.0031801213,-0.0045557045,0.34115717,0.39383048,0.017670292,0.5080791,0.57220536,-0.000892867,-0.0056412416,-0.02672193,-0.04536769,0.063932,1.0472735,1.0568492,1.076676,1.076676,1.3809292,0.99314857,0.99314857,0.94612664,0.9064748,0.9064748,1.0178572,1.0361607,1.0459821,1.0361607,1.1790178,0.99955356,1.0107143,1.0017858,0.9616071,0.9834821,0.4,0.2,0.2,0.46666667,0.28333333,0.12658533,0.10755664,0.41266665,0.54949784,0.19712155,0.2,0.1,0.5,0.6666667,0.016666668,0.4,0.7,0.05,0.16666667,0.5833333,-0.2,-0.6,0.45,0.5,-0.56666666,-0.10351931,0.45342156,0.27303952,-0.08079585,0.42384887,-0.7466778,-0.05308993,0.30748054,0.28482366,0.15678589,0.2,0.3,0.45,0.5,0.45,0.6,0.6,0.45,0.43333334,0.5,-0.4,-0.3,0.0,0.06666667,-0.05,0.22580655,0.33783796,0.55629146,0.5569106,0.3736089,0.77419347,0.66216207,0.44370854,0.44308943,0.6263911,-0.5483869,-0.32432407,0.112582915,0.11382116,-0.25278223,0.9897434,1.118356,1.3911681,1.4714676,1.7541575,0.21723936,0.23591347,0.39424232,0.3944951,0.45855832,1.2353165,0.8128087,1.0493836,0.9784855,0.8969582,0.38631168,0.31095746,0.48671237,0.43449754,0.4489935,0.6136883,0.6890425,0.51328766,0.56550246,0.5510065,-0.22737662,-0.37808505,-0.02657527,-0.13100496,-0.102013014
177,SH601877,-0.012556122056896378,0.16666666666666666,,,,SH601877,正泰电器,2026-08-24,0.015491878,0.035631318,0.4347826,0.015879191,0.44565263,0.00426025,0.119564764,0.0038729368,0.10869474,0.9847445,1.0156369,0.9805492,1.0039058,0.9496832,0.9737234,0.9370108,0.9019754,1.0879612,0.96839356,0.9646291,0.9653373,0.952081,0.97369546,0.03966169,0.027394196,0.023303414,0.029204838,0.04843421,0.018579952,0.0028055422,0.0007737381,0.0021702992,-0.0015013026,0.5486391,0.09614528,0.038584862,0.42798775,0.29304335,-0.0055534802,0.022745926,0.027312191,0.016449666,0.07059294,1.0209495,1.0209495,1.0209495,1.0209495,1.1133314,0.9107256,0.9107256,0.9107256,0.8885553,0.8885553,1.0004473,0.98777485,0.9863586,0.97592247,1.0170704,0.9373462,0.94852775,0.9492359,0.9224003,0.931681,0.8,0.9,0.95,0.96666664,0.73333335,0.80993676,0.80993676,0.80993676,0.84176415,0.49580327,0.8,0.9,0.95,0.96666664,0.016666668,0.4,0.7,0.85,0.033333335,0.51666665,0.4,0.2,0.1,0.93333334,-0.5,0.81925315,0.5443832,0.41914496,0.27084884,0.43017337,0.59144574,0.45992255,0.4655739,0.50381905,0.24935077,0.4,0.3,0.4,0.5,0.4,0.6,0.7,0.55,0.46666667,0.5833333,-0.2,-0.4,-0.15,0.033333335,-0.18333334,0.6548165,0.56570363,0.60380834,0.6075225,0.45421037,0.34518346,0.4342964,0.39619166,0.39247754,0.54578966,0.30963305,0.1314072,0.2076167,0.21504493,-0.09157926,0.84503573,0.6038724,0.54890543,0.550956,0.56432384,0.39703208,0.37293053,0.2728952,0.2329043,0.19189395,1.2377881,1.7620505,1.925873,1.6969627,1.3917689,0.68581444,0.68695337,0.60166097,0.5825018,0.5040398,0.3141856,0.31304663,0.398339,0.41749814,0.4959602,0.37162882,0.3739067,0.20332198,0.1650037,0.008079613
178,SZ300760,-0.012565858304209395,0.3333333333333333,,,,,,2026-08-24,0.030389685,0.038701303,0.7852367,0.0018830312,0.048655495,0.006428589,0.1661078,0.034935243,0.902689,0.9705066,1.0018275,0.9642676,0.99249774,0.9434237,0.98045033,0.93619764,0.8802374,0.95681155,0.97349316,0.966099,0.97084916,0.96032,0.9264424,0.024573898,0.019796416,0.021633366,0.027335765,0.042883974,0.012659647,0.0029576565,-0.0006060665,0.0013505324,0.0016260976,0.663491,0.20461322,0.027470108,0.18916869,0.43853378,0.0011875475,0.020591525,0.03490846,0.020097278,0.025587743,1.0063438,1.0063438,1.02088,1.02088,1.02088,0.934692,0.92880374,0.92880374,0.8705957,0.82341504,0.9969079,0.97789603,0.9901747,0.9769101,0.96742094,0.94914854,0.9486444,0.94873405,0.94364774,0.88225406,1.0,1.0,0.9,0.93333334,0.96666664,0.91146326,0.9181866,0.77323174,0.86106354,0.89425987,0.6,0.8,0.15,0.43333334,0.71666664,0.2,0.5,0.75,0.06666667,0.33333334,0.4,0.3,-0.6,0.36666667,0.38333333,0.9285882,0.87053263,0.6293923,0.21650153,0.14910261,0.971905,0.8939347,0.60791785,0.5699775,0.5369997,0.8,0.5,0.55,0.56666666,0.5,0.2,0.5,0.45,0.43333334,0.5,0.6,0.0,0.1,0.13333334,0.0,0.77686393,0.56954974,0.5952819,0.618725,0.52294236,0.22313604,0.43045026,0.4047181,0.38127497,0.47705767,0.5537279,0.13909946,0.1905638,0.23745006,0.045884687,0.8203923,0.73076653,0.845349,0.9335174,0.87483114,0.3638079,0.27143702,0.28583,0.3586992,0.29563618,1.2061841,1.4982787,1.1038359,1.0673575,0.98846513,0.60375684,0.47157863,0.53394103,0.51367044,0.50435156,0.39624313,0.52842134,0.46605894,0.48632956,0.49564847,0.20751373,-0.05684272,0.0678821,0.02734088,0.008703055
179,SZ002600,-0.012837161571277969,0.3333333333333333,,,,,,2026-08-24,-0.010646991,0.0450451,-0.23636292,0.026208075,0.5818185,0.008190034,0.18181854,-0.028665032,-0.6363629,1.0107616,1.0372517,0.9917218,1.0111195,1.074582,1.045651,1.0264888,1.1292504,1.2045839,1.0227315,1.0363141,1.0357693,1.0283298,1.1641837,0.02797377,0.025620474,0.024179963,0.031627875,0.15758881,-0.014822478,-0.005131528,0.00027911374,0.000917964,-0.0060683824,0.7019071,0.36773124,0.0046635773,0.06528493,0.45226702,0.0069133933,-0.013222235,-0.03842088,-0.04164036,0.0148335565,1.0836177,1.0836177,1.0836177,1.1059264,1.5348674,0.9835343,0.9835343,0.97680366,0.91225594,0.91225594,1.0295699,1.0546684,1.0533158,1.0523764,1.313545,1.0079654,1.012662,1.0120984,1.008792,1.0217171,0.2,0.1,0.1,0.13333334,0.06666667,0.16452003,0.16452003,0.21716557,0.45305848,0.14092907,0.2,0.6,0.8,0.033333335,0.36666667,0.8,0.9,0.1,0.2,0.6,-0.6,-0.3,0.7,-0.16666667,-0.23333333,0.53888667,0.6074427,0.40359372,0.07786265,0.8526622,-0.5614478,0.11303208,0.2609258,0.16010986,0.23945235,0.2,0.5,0.5,0.46666667,0.5,0.8,0.5,0.5,0.53333336,0.5,-0.6,0.0,0.0,-0.06666667,0.0,0.04157009,0.33514255,0.45233274,0.3920953,0.45542365,0.95842993,0.66485745,0.54766726,0.6079047,0.54457635,-0.9168598,-0.3297149,-0.09533453,-0.21580939,-0.08915267,1.2645873,1.3443131,1.3874726,1.6172413,2.6952615,0.41438287,0.33097443,0.28631437,0.6197765,1.4783175,1.5497568,1.3522534,1.0722822,1.5224342,1.2926575,0.27081588,0.47829294,0.46225905,0.37731713,0.4521097,0.7291841,0.52170706,0.53774095,0.62268287,0.5478903,-0.45836824,-0.043414086,-0.07548189,-0.24536572,-0.09578061
180,SH601058,-0.013395352366774544,0.25,,,,SH601058,赛轮轮胎,2026-08-24,0.007241091,0.022447499,0.32257897,0.011585832,0.51613015,0.003620576,0.16129085,-0.000724164,-0.032260343,0.99281096,1.0115025,0.98921645,1.0000373,1.0043108,0.99708384,0.980601,0.938126,0.8947636,1.0040066,0.9911373,0.99423105,0.9844301,0.93206334,0.009712779,0.018311357,0.01745364,0.02236429,0.06005225,-0.0014200632,0.0044253836,-0.00026082876,0.0013051981,0.0027614385,0.05344024,0.5353924,0.007816403,0.26396373,0.6449292,-0.0011664712,-0.011051554,0.008246842,-0.003355468,-0.013525769,1.0265931,1.0265931,1.0352086,1.0352086,1.0352086,0.98706347,0.95041037,0.95041037,0.9101356,0.79944533,1.0120705,1.0056041,1.0084443,1.0008621,0.99120075,0.9974896,0.9741347,0.97814125,0.96356034,0.875466,0.6,0.7,0.7,0.8,0.9,0.32726103,0.65092963,0.5847961,0.7184959,0.8506615,0.4,0.7,0.15,0.43333334,0.71666664,0.8,0.4,0.7,0.033333335,0.36666667,-0.4,0.3,-0.55,0.4,0.35,0.57839406,0.48334897,0.4560797,-0.104891546,-0.30590492,0.36272988,0.35142702,0.101029135,0.30365595,0.37430853,0.6,0.6,0.55,0.53333336,0.51666665,0.4,0.4,0.4,0.43333334,0.46666667,0.2,0.2,0.15,0.1,0.05,0.46064797,0.5105601,0.53596604,0.56520575,0.54503036,0.53935206,0.4894399,0.46403393,0.43479425,0.45496964,-0.078704074,0.021120217,0.071932115,0.13041149,0.09006071,1.5270096,1.4328655,1.780328,2.1216092,2.4370894,0.590984,0.43128163,0.633455,0.8375155,0.9946672,0.78455573,0.7401154,1.014299,0.92029995,1.1261095,0.40649483,0.4326646,0.4353624,0.41938218,0.48855585,0.59350514,0.5673354,0.5646376,0.5806178,0.51144415,-0.18701033,-0.13467081,-0.12927519,-0.1612356,-0.02288829
181,SH600023,-0.013418145995088619,0.4166666666666667,,,,SH600023,浙能电力,2026-08-24,0.0,0.012345711,0.0,0.008230474,0.6666667,0.004115237,0.33333334,-0.004115237,-0.33333334,1.0,1.0082304,0.9958848,1.0037702,1.0058537,1.0204879,1.0458537,1.0556098,1.2624391,1.0005854,1.0083903,1.0196098,1.02387,1.0729756,0.0025440736,0.009930162,0.016715942,0.023068272,0.07901629,-9.758545e-05,-0.002956398,-0.0025703278,-0.0011481594,-0.0036587398,0.003678331,0.81250244,0.82752943,0.19198886,0.65392756,-0.00039023854,0.004913498,0.0048083146,-0.007221653,0.03495717,1.0082304,1.0305613,1.0614405,1.0712196,1.3131708,0.99501735,0.99501735,0.99501735,0.96195126,0.96195126,1.0023415,1.0204879,1.0337561,1.0435122,1.1617562,0.9994146,1.0,1.0035123,1.0035123,1.0195123,0.5,0.25,0.125,0.15,0.075,0.37709865,0.14018276,0.075013876,0.34821394,0.10833316,1.0,0.1,0.15,0.033333335,0.016666668,0.4,0.7,0.85,0.06666667,0.53333336,0.6,-0.6,-0.7,-0.033333335,-0.51666665,-0.30519816,0.3085791,0.797267,0.3310224,0.6782134,-0.053650577,0.082142375,0.21445246,-0.41443306,-0.04174093,0.2,0.2,0.25,0.36666667,0.36666667,0.6,0.6,0.6,0.5,0.56666666,-0.4,-0.4,-0.35,-0.13333334,-0.2,0.34999895,0.25581235,0.3178297,0.41880348,0.36148304,0.65000105,0.74418765,0.6821703,0.58119655,0.63851696,-0.30000213,-0.4883753,-0.3643406,-0.16239305,-0.27703393,0.7316535,0.78017133,1.228208,1.4936248,1.8124762,0.21444985,0.17091614,0.63153833,0.7658888,0.9696945,0.7262351,0.80760056,1.1747974,2.4251807,1.7007619,0.58338803,0.51768893,0.4621029,0.47798753,0.38996583,0.416612,0.4823111,0.5378971,0.5220125,0.61003417,0.16677602,0.03537782,-0.07579422,-0.044024915,-0.22006834
182,SH600009,-0.01348368187317723,0.5,,,,SH600009,上海机场,2026-08-24,0.010466655,0.016572226,0.631578,0.0030527862,0.18421099,0.0030527862,0.18421099,0.010466655,0.631578,0.9896418,1.0030211,0.9866206,0.995893,0.99565154,1.0323414,1.024188,0.97635543,1.0698465,0.9953526,1.0015627,1.0244259,1.0239797,1.0122231,0.0065285745,0.010646833,0.026872972,0.024034288,0.025610572,0.0013453127,-0.0024484533,-0.0041249674,-0.0010227122,0.00025928233,0.10615727,0.48479068,0.8246652,0.14032854,0.03126131,0.001956775,0.009455356,0.014761341,-0.009150357,-0.01987193,1.0125489,1.0345535,1.0768006,1.0768006,1.0768006,0.9866206,0.9865884,0.9865884,0.96852314,0.9576789,1.0008696,1.0111157,1.0484033,1.0450604,1.0338633,0.9902432,0.99222714,0.9973909,0.9995652,0.98926485,0.8,0.6,0.3,0.23333333,0.4,0.5160152,0.27961126,0.1486672,0.29070553,0.35527593,0.6,0.1,0.15,0.43333334,0.71666664,1.0,0.5,0.75,0.033333335,0.48333332,-0.4,-0.4,-0.6,0.4,0.23333333,0.4949515,0.36317167,0.78719735,0.5457591,0.32736388,0.48207155,-0.39680395,0.12214535,0.21464191,0.3842261,0.4,0.3,0.35,0.43333334,0.38333333,0.6,0.7,0.65,0.56666666,0.6166667,-0.2,-0.4,-0.3,-0.13333334,-0.23333333,0.54848564,0.32902324,0.43828017,0.53499603,0.45582673,0.45151436,0.67097676,0.56171983,0.46500397,0.54417324,0.09697125,-0.34195355,-0.12343969,0.06999209,-0.08834653,1.0776081,1.129534,1.3441973,1.4792604,1.5414085,0.116200194,0.3162105,0.41226807,0.5426104,0.48889524,0.7175771,0.8485723,0.8586549,0.96223783,0.8746533,0.59106743,0.48203662,0.5043181,0.49756637,0.46091262,0.40893257,0.5179634,0.49568188,0.5024336,0.53908736,0.18213487,-0.035926774,0.0086362185,-0.00486725,-0.07817476
183,SH600958,-0.014380029419095877,0.5833333333333334,,,,SH600958,东方证券,2026-08-24,0.0022447116,0.008978696,0.2500042,0.003366954,0.37499368,0.0033670296,0.37500212,0.0022447873,0.25001264,0.9977603,1.0033594,0.9944008,0.9984587,1.0192982,1.0289474,1.0166667,0.98859644,1.0192982,0.9996491,1.0111403,1.0190351,1.0159941,1.0181286,0.005174694,0.013024333,0.013175113,0.012883158,0.02447665,-0.0012280702,-0.0038755971,-0.0016818346,-7.669289e-05,6.1371946e-05,0.14080466,0.81166667,0.5703296,0.0027464216,0.0019175013,0.0028070307,0.0062998547,-0.0030576298,-0.014882074,-0.019939093,1.0179737,1.0392692,1.0392692,1.0392692,1.0872524,0.9906521,0.9906521,0.9906521,0.98159426,0.9590102,1.0015789,1.0247369,1.0303508,1.0289474,1.0345614,0.99666667,0.9987719,1.0063158,1.0,0.9991228,0.8,0.4,0.2,0.21666667,0.24166666,0.34214476,0.19227663,0.19227663,0.31912884,0.31962824,0.2,0.3,0.65,0.76666665,0.26666668,0.8,0.9,0.95,0.033333335,0.13333334,-0.6,-0.6,-0.3,0.73333335,0.13333334,0.09067437,0.5396804,0.56230307,0.37077233,0.64154714,-0.60902,-0.15721935,-0.058182642,-0.045150723,0.48546505,0.4,0.5,0.4,0.46666667,0.45,0.6,0.5,0.55,0.5,0.53333336,-0.2,0.0,-0.15,-0.033333335,-0.083333336,0.22500011,0.25373116,0.43165487,0.5209004,0.48687354,0.7749999,0.7462688,0.5683451,0.47909957,0.5131265,-0.5499998,-0.49253765,-0.13669024,0.041800845,-0.026252933,1.056918,1.2134457,1.5971359,1.649693,1.8996401,0.2239809,0.32729426,0.6108899,0.50988567,0.81232834,0.9225658,0.91506946,1.2889023,1.003726,1.5898802,0.5167874,0.3971583,0.44691065,0.47538573,0.48331538,0.48321256,0.6028417,0.5530893,0.5246143,0.5166846,0.033574857,-0.20568341,-0.10617867,-0.049228568,-0.033369225
184,SZ000408,-0.014929921875354902,0.4166666666666667,,,,,,2026-08-24,-0.02946709,0.04714729,-0.6250007,0.0068965335,0.14627634,0.010783668,0.22872296,-0.025579954,-0.5425541,1.0303618,1.0374677,0.9888889,1.0040847,1.025976,1.1524603,1.030095,0.87015736,0.9971612,0.9999221,1.0150012,1.0455173,1.0143795,0.9845193,0.015610984,0.02574744,0.052615903,0.06862872,0.067573056,-1.2989619e-05,-0.0060476763,-0.0032534671,0.0037379947,0.0014133311,1.7309012e-06,0.5057319,0.13382179,0.22991498,0.13342606,0.00010390356,0.01221342,-0.014609364,-0.06858048,-0.026212543,1.0374677,1.1485842,1.175715,1.175715,1.175715,0.9754568,0.9754568,0.9754568,0.85916346,0.85916346,1.0115741,1.0304698,1.0751708,1.0461742,1.0302768,0.99214417,0.9992244,1.0072918,0.96783435,0.91287297,0.6,0.3,0.15,0.36666667,0.5833333,0.39578873,0.1417638,0.12255789,0.4449088,0.4449088,1.0,0.1,0.45,0.6333333,0.81666666,0.4,0.7,0.85,0.033333335,0.51666665,0.6,-0.6,-0.4,0.6,0.3,-0.7572322,0.78500456,0.34222054,0.22796142,0.13720086,-0.48869884,-0.6013244,-0.1463453,0.077443,0.105508596,0.4,0.3,0.5,0.56666666,0.51666665,0.6,0.7,0.5,0.43333334,0.48333332,-0.2,-0.4,0.0,0.13333334,0.033333335,0.36171463,0.21303333,0.46538624,0.589397,0.5009241,0.63828534,0.7869667,0.5346137,0.41060302,0.49907592,-0.2765707,-0.57393336,-0.069227494,0.178794,0.0018481836,0.98835385,1.180856,1.0815139,1.0763521,1.0519942,0.06368794,0.39323783,0.34544677,0.32135808,0.30410674,0.7297739,1.3742288,1.5016668,1.2221066,1.04861,0.39727297,0.50766915,0.52483654,0.5149116,0.5041877,0.602727,0.49233082,0.47516346,0.48508844,0.4958123,-0.20545404,0.015338345,0.049673095,0.029823126,0.008375393
185,SZ000792,-0.015724093130317154,0.3333333333333333,,,,,,2026-08-24,-0.024657514,0.04212331,-0.58536506,0.016095934,0.38211465,0.0013698619,0.032520283,-0.039383586,-0.9349594,1.0252808,1.0417837,0.99859554,1.0142397,0.98455894,1.0357909,0.9532955,0.8634132,1.0803984,0.99191725,0.9934947,0.9881571,0.9604664,0.99680376,0.014053606,0.015987333,0.022404132,0.048779413,0.06647595,0.005447273,-0.00069811556,0.0017006232,0.0045628543,-0.0017436444,0.3755975,0.017478896,0.2016638,0.6781125,0.20983918,-0.0028117746,0.009646804,-0.00431299,-0.026627786,0.054633755,1.0417837,1.0484376,1.0561556,1.0561556,1.1509584,0.9585454,0.9585454,0.9262466,0.8451569,0.8451569,1.0023161,1.0079206,1.007854,1.0003526,1.060325,0.98006,0.98006,0.96971834,0.9162179,0.9466902,0.8,0.7,0.7,0.8,0.5,0.4980231,0.4611592,0.5677315,0.7338582,0.5063517,1.0,0.1,0.5,0.6666667,0.18333334,0.4,0.7,0.1,0.16666667,0.5833333,0.6,-0.6,0.4,0.5,-0.4,0.62169147,-0.17919481,0.10293417,-0.40734217,0.2566574,0.690703,-0.182283,0.07041951,0.16930078,0.22263014,0.6,0.5,0.65,0.6333333,0.48333332,0.4,0.5,0.35,0.36666667,0.51666665,0.2,0.0,0.3,0.26666668,-0.033333335,0.62217224,0.40309677,0.5738174,0.6273778,0.4713378,0.3778278,0.5969032,0.42618263,0.37262222,0.5286622,0.24434444,-0.19380644,0.14763474,0.2547556,-0.057324436,0.9201899,0.931246,0.9074554,1.0097287,1.243475,0.20090978,0.23054762,0.19967231,0.27433172,0.3974585,1.0030899,1.0326662,0.97165495,0.94683677,0.941732,0.59158546,0.49420744,0.5200165,0.4716253,0.49910823,0.40841454,0.50579256,0.4799835,0.5283747,0.50089175,0.18317088,-0.011585127,0.04003297,-0.05674938,-0.0017835213
186,SH600372,-0.016426492981343317,0.25,,,,SH600372,中航机载,2026-08-24,0.0018518205,0.017592587,0.10526141,0.008333387,0.4736874,0.0074073793,0.42105117,0.0009258129,0.052625176,0.9981516,1.008318,0.99075794,0.99961036,1.0426471,1.0664706,1.0414706,1.0332353,1.0247059,1.0085294,1.0247941,1.037853,1.0369903,1.0272598,0.013263062,0.019598074,0.021160148,0.018262705,0.021370726,-0.0068529495,-0.0058591827,-0.0022994252,-0.0005219532,0.0004705147,0.6674327,0.8193298,0.4133036,0.063304506,0.14784536,0.005176465,0.0015721745,-0.016008433,-0.02942191,-0.04114002,1.0416776,1.0573515,1.0719736,1.0719736,1.0970976,0.9871024,0.9871024,0.9871024,0.9871024,0.95928913,1.0121765,1.043,1.0542941,1.0465294,1.0441765,0.9998235,1.0037647,1.0214707,1.0246471,1.0068235,0.4,0.2,0.1,0.06666667,0.15833333,0.23632711,0.18359837,0.15196681,0.15196681,0.29541618,0.4,0.1,0.35,0.56666666,0.48333332,0.8,0.9,0.95,0.96666664,0.33333334,-0.4,-0.8,-0.6,-0.4,0.15,0.003869463,-0.04573037,0.51920694,0.33096492,0.069888666,-0.8703534,-0.5866382,-0.017767986,-0.07702521,0.38245654,0.4,0.5,0.55,0.53333336,0.46666667,0.6,0.5,0.45,0.46666667,0.51666665,-0.2,0.0,0.1,0.06666667,-0.05,0.07100667,0.15337491,0.40167353,0.44811752,0.48426965,0.92899334,0.8466251,0.5983265,0.5518825,0.5157303,-0.8579867,-0.6932502,-0.19665295,-0.103764966,-0.03146068,1.1655246,1.1487839,1.3954864,1.5289761,1.8271184,0.40056512,0.31115085,0.3550815,0.38404724,0.6056977,1.3620136,1.1867576,0.83615154,0.80782557,1.0805442,0.5240898,0.3771029,0.43326277,0.40893862,0.47993863,0.4759102,0.6228971,0.56673723,0.5910614,0.5200614,0.04817965,-0.24579416,-0.13347448,-0.18212277,-0.040122777
187,SH600115,-0.017275090433871633,0.16666666666666666,,,,SH600115,中国东航,2026-08-24,0.00869566,0.011594214,0.75,0.0,0.0,0.0028985534,0.25,0.011594214,1.0,0.9913793,1.0,0.9885057,0.99434674,1.0144928,1.0621117,1.0455487,1.0227743,1.2608695,0.99668735,1.010766,1.0379916,1.0348516,1.076432,0.006804032,0.017011419,0.03163726,0.02722409,0.05768997,-0.0012422312,-0.0051446124,-0.0044972682,-0.00087375694,-0.0026113188,0.083332084,0.8383699,0.70724183,0.07983187,0.6249123,0.0057971184,0.0123847425,0.0047323587,-0.02218212,0.0006019104,1.0098788,1.0532148,1.0975188,1.0975188,1.2528008,0.98470676,0.98470676,0.98470676,0.98470676,0.98470676,1.0008281,1.026501,1.0645963,1.0600414,1.126708,0.9908902,0.99834365,1.0033126,1.0099379,1.0248448,0.7,0.35,0.175,0.11666667,0.058333334,0.6075497,0.22323243,0.13556367,0.13556367,0.057044238,0.2,0.1,0.4,0.6,0.016666668,0.8,0.9,0.95,0.96666664,0.98333335,-0.6,-0.8,-0.55,-0.36666667,-0.96666664,-0.015992437,0.10266926,0.46120977,0.29157677,0.7257712,-0.08493272,-0.57883257,-0.28234953,-0.040730778,0.24259041,0.4,0.3,0.45,0.53333336,0.43333334,0.6,0.6,0.5,0.43333334,0.53333336,-0.2,-0.3,-0.05,0.1,-0.1,0.37037128,0.2222228,0.4000001,0.47027028,0.39569542,0.6296287,0.7777772,0.5999999,0.5297297,0.6043046,-0.25925744,-0.5555544,-0.19999982,-0.059459426,-0.20860918,0.9765441,0.9797218,1.1325182,1.2063555,1.6108575,0.11279094,0.14896698,0.28037784,0.27186167,0.5728019,0.22536227,0.8325549,0.7930109,0.7597246,1.2461028,0.5911153,0.54022795,0.43187785,0.4562786,0.4674399,0.4088847,0.45977208,0.56812215,0.54372144,0.5325601,0.18223059,0.08045584,-0.1362443,-0.087442845,-0.0651202
188,SH603993,-0.01732659514322882,0.25,,,,SH603993,洛阳钼业,2026-08-24,-0.00052633707,0.033157878,-0.015873667,0.018421022,0.5555549,0.014210519,0.42857143,-0.00473684,-0.14285715,1.0005267,1.0189574,0.98578197,1.0045985,1.0073271,1.0925744,1.0194448,0.88784,0.97463715,0.9762717,0.9836832,1.0114274,1.0015265,0.98692876,0.02123938,0.020661931,0.04241535,0.044643003,0.058732986,0.005058467,-0.001989743,-0.002918526,0.0008643923,0.00052905595,0.14180586,0.08500875,0.16571012,0.029054716,0.02474793,0.01361139,0.02527059,0.01629863,-0.014060162,-0.0025359052,1.0189574,1.1073751,1.1146892,1.1146892,1.1447985,0.94312596,0.94312596,0.94312596,0.8751337,0.8520533,0.9927857,1.0018035,1.0368325,1.0288291,1.0339298,0.9592504,0.9679583,0.9785262,0.9614485,0.9332112,1.0,0.7,0.4,0.46666667,0.5833333,0.7500066,0.3462667,0.3315046,0.52124155,0.5053771,1.0,0.1,0.4,0.6,0.25,0.4,0.7,0.85,0.033333335,0.13333334,0.6,-0.6,-0.45,0.56666666,0.11666667,0.1057451,0.35898086,0.4279853,0.29876503,0.4506617,-0.014980488,-0.22137378,0.1945588,0.37656322,0.5042178,0.6,0.5,0.5,0.56666666,0.5,0.4,0.5,0.5,0.43333334,0.5,0.2,0.0,0.0,0.13333334,0.0,0.46717167,0.33023256,0.47845092,0.5699227,0.5066934,0.53282833,0.66976744,0.52154905,0.4300773,0.49330655,-0.06565667,-0.33953488,-0.04309814,0.13984534,0.013386881,0.7490851,0.81977314,0.802713,0.8584955,0.9952922,0.16277446,0.24206917,0.24092957,0.25774083,0.4023262,0.5958693,1.1687404,1.3112941,1.0443447,1.2503831,0.63954484,0.5285719,0.54131275,0.52558255,0.5074556,0.36045516,0.47142813,0.45868725,0.47441745,0.49254438,0.2790897,0.057143748,0.08262551,0.0511651,0.014911213
189,SZ002475,-0.0174383534244,0.16666666666666666,,,,,,2026-08-24,-0.020244379,0.049607858,-0.40808812,0.010395773,0.20955898,0.018967709,0.3823529,-0.011672442,-0.23529421,1.0206627,1.0312732,0.98064035,1.0032063,1.0953063,1.038529,1.1706965,1.0952634,1.3610034,1.0161923,1.037619,1.051217,1.0744994,1.1629323,0.034112558,0.03568174,0.042855963,0.051751528,0.111670494,-0.012824763,-0.006772605,-0.00416739,-0.0042565935,-0.0056775794,0.3533541,0.33024094,0.33095872,0.5242998,0.788405,0.009457163,-0.007142259,-0.0116268,-0.012778768,0.004556311,1.1075895,1.1075895,1.1667882,1.1948,1.4484677,0.98064035,0.98064035,0.9800794,0.9800794,0.9800794,1.0288134,1.0690229,1.0770987,1.1253519,1.2664812,0.9953068,0.9991806,1.013848,1.034994,1.0565114,0.6,0.3,0.2,0.13333334,0.06666667,0.1524991,0.1524991,0.10669321,0.09277432,0.042530008,0.2,0.6,0.05,0.1,0.05,1.0,1.0,0.35,0.56666666,0.78333336,-0.8,-0.4,-0.3,-0.46666667,-0.73333335,-0.26553887,0.005035672,0.07328624,-0.05385864,0.6563777,-0.5982094,0.011315721,0.018190267,0.16437653,0.20202106,0.2,0.4,0.45,0.46666667,0.43333334,0.8,0.6,0.55,0.53333336,0.56666666,-0.6,-0.2,-0.1,-0.06666667,-0.13333334,0.16926555,0.42440507,0.35604715,0.45010197,0.42510054,0.83073443,0.57559496,0.64395285,0.549898,0.5748995,-0.66146886,-0.1511899,-0.28790572,-0.099796064,-0.14979893,1.1683831,1.1386027,1.4424664,1.405744,1.807272,0.32343847,0.2719235,0.45436403,0.40305322,0.7114587,1.3040974,1.1504527,0.9541468,0.85858995,1.0597934,0.40311664,0.4565738,0.48969266,0.47838303,0.46254954,0.59688336,0.54342616,0.5103074,0.521617,0.5374505,-0.19376673,-0.08685236,-0.020614685,-0.043233942,-0.074900955
190,SH688303,-0.01744151753939122,0.25,,,,SH688303,大全能源,2026-08-24,-0.005079082,0.03273134,-0.15517491,0.02313764,0.70689565,0.004514616,0.13792947,-0.023702106,-0.72414106,1.005105,1.0283607,0.99546236,1.006996,1.0558115,1.0670763,0.9626216,0.8817205,1.1044548,1.0164875,1.0374808,1.0454942,1.0075269,1.03603,0.013471432,0.026073819,0.035467394,0.064701974,0.09177972,-0.005990788,-0.0076649757,-0.0009382137,0.005164639,-0.0020312292,0.4944022,0.79217976,0.024491368,0.4937949,0.14939095,-0.00450592,-0.0029884472,-0.03658112,-0.08241419,0.023891188,1.0545623,1.0910586,1.1273558,1.1273558,1.3081218,0.99546236,0.99546236,0.94836223,0.8743581,0.8732096,1.025192,1.0575525,1.077317,1.0650282,1.1093702,1.0086021,1.0128009,1.0128009,0.9474655,0.96016383,0.2,0.1,0.1,0.4,0.38333333,0.076779366,0.047466964,0.2884895,0.49661267,0.29153103,0.2,0.2,0.45,0.6333333,0.16666667,1.0,1.0,0.05,0.033333335,0.5,-0.8,-0.8,0.4,0.6,-0.33333334,0.4846379,0.5388781,0.67755926,0.55214304,0.7861,0.17693628,0.12826762,0.58374333,0.5424147,0.6318332,0.4,0.5,0.5,0.53333336,0.45,0.6,0.5,0.5,0.43333334,0.53333336,-0.2,0.0,0.0,0.1,-0.083333336,0.1483871,0.28664505,0.5462611,0.60377353,0.46946105,0.85161287,0.71335495,0.45373896,0.3962265,0.5305389,-0.7032258,-0.42670986,0.09252211,0.20754701,-0.061077878,1.2643985,1.4144795,1.8060167,1.6672821,2.4734566,0.33631954,0.34387037,0.6919246,0.6234314,1.5246217,0.6978907,0.9320172,1.4392313,1.428903,2.1514697,0.3401535,0.38570148,0.5066313,0.47354096,0.46516812,0.65984654,0.6142985,0.49336872,0.52645904,0.5348319,-0.31969303,-0.22859704,0.013262582,-0.05291805,-0.06966379
191,SZ000617,-0.018117086818350732,0.16666666666666666,,,,,,2026-08-24,0.034732282,0.047756933,0.72727203,0.011577427,0.24242401,0.0014472236,0.030303948,0.02460208,0.515152,0.9664336,1.0111889,0.9650349,0.9976504,0.966388,1.0013932,0.9636015,0.91327065,1.0834204,0.9608151,0.97004527,0.9831243,0.9757285,0.98179203,0.02792602,0.02385822,0.023220498,0.024938662,0.039814696,0.014959947,-0.002189076,-0.001962847,0.0005636131,-0.00085970963,0.7174341,0.07717152,0.2500909,0.039583806,0.14220557,0.009265064,0.039805576,0.03552272,0.016099086,0.043569405,1.0208921,1.0208921,1.0237597,1.0237597,1.1029006,0.9258045,0.9258045,0.9258045,0.91181964,0.908997,0.98091257,0.9955416,1.0016719,1.0,1.0072448,0.9451759,0.95078367,0.9622083,0.9544061,0.94911176,1.0,0.95,0.7,0.8,0.68333334,0.7802854,0.7802854,0.7574426,0.7877457,0.4693208,0.8,0.9,0.4,0.6,0.016666668,0.4,0.7,0.85,0.033333335,0.33333334,0.4,0.2,-0.45,0.56666666,-0.31666666,0.87405866,0.35306227,0.3851157,0.23582028,0.24068841,0.26920715,0.20079623,0.3007955,0.29695976,0.39470395,0.6,0.4,0.5,0.53333336,0.43333334,0.4,0.6,0.5,0.43333334,0.53333336,0.2,-0.2,0.0,0.1,-0.1,0.6500779,0.49551573,0.5756698,0.5993616,0.45682353,0.34992215,0.5044843,0.42433017,0.40063843,0.5431765,0.30015573,-0.008968557,0.15133962,0.19872315,-0.086352944,0.63911605,0.50376743,0.51635617,0.5750594,0.5568741,0.3509823,0.28192905,0.22146776,0.24820815,0.20736462,0.6230214,0.9826885,1.0522245,1.0041214,1.0198426,0.94921505,0.6909325,0.57621783,0.544415,0.51650184,0.05078493,0.3090675,0.42378217,0.45558503,0.48349816,0.8984301,0.38186502,0.15243563,0.08882995,0.033003666
192,SH688472,-0.01821051926409947,0.4166666666666667,,,,SH688472,阿特斯,2026-08-24,-0.014423121,0.052884605,-0.27272815,0.033653826,0.6363634,0.0048076585,0.09090847,-0.043269288,-0.81818306,1.0146341,1.0487806,0.99512196,1.0158887,1.0169811,1.0179245,0.9386793,0.8943397,1.278302,1.0079246,1.0098114,1.0089623,0.98040885,1.0209277,0.013251277,0.011128693,0.022805389,0.047934394,0.07367556,-0.0017924603,-0.000903375,0.0006156912,0.004172561,-0.0024392258,0.0457429,0.060403097,0.025510497,0.587236,0.3343158,-0.0043396465,-0.005746172,-0.01481136,-0.040910974,0.051029455,1.0487806,1.0487806,1.0487806,1.0487806,1.3232669,0.9855575,0.9855575,0.92560136,0.875905,0.875905,1.0218868,1.0218868,1.0239623,1.0218868,1.0803773,0.9988679,1.0007547,0.99905664,0.9311321,0.9590566,0.4,0.2,0.25,0.5,0.35,0.22843762,0.22843762,0.6039872,0.7178287,0.2773929,1.0,1.0,1.0,1.0,0.016666668,0.4,0.7,0.1,0.033333335,0.51666665,0.6,0.3,0.9,0.96666664,-0.5,-0.30607113,0.094879694,0.1381721,-0.19589375,0.21816795,-0.3040294,0.23257674,0.38429648,0.38517883,0.1747812,0.6,0.5,0.5,0.53333336,0.46666667,0.4,0.4,0.45,0.43333334,0.51666665,0.2,0.1,0.05,0.1,-0.05,0.39772728,0.43708605,0.59259254,0.583086,0.39663628,0.6022727,0.56291395,0.40740743,0.416914,0.60336375,-0.20454541,-0.12582794,0.18518512,0.16617206,-0.20672746,0.85752785,0.7959901,0.9841154,1.0798962,1.1831974,0.11307246,0.12857012,0.3212476,0.3681447,0.31471443,0.65940267,0.69795156,1.3253802,1.1253902,1.0636162,0.6776788,0.5327911,0.5054235,0.46389377,0.48012418,0.32232118,0.46720892,0.4945765,0.5361062,0.5198758,0.35535768,0.065582156,0.010846991,-0.07221243,-0.039751623
193,SH601995,-0.018524443728355853,0.25,,,,SH601995,XD中金公,2026-08-24,-0.0062074927,0.0130061535,-0.47727352,0.0032515225,0.24999876,0.0035471388,0.27272773,-0.0059118764,-0.45454454,1.0062462,1.0095181,0.9964307,1.0024889,1.0353042,1.0330081,1.0622847,1.0450631,0.99827784,1.0050516,1.0205798,1.0291188,1.0418772,1.0345244,0.005630393,0.017414548,0.015862076,0.026630472,0.03981612,-0.0019517671,-0.005008178,-0.0019032226,-0.0023492747,0.0006414831,0.3004129,0.758135,0.50388,0.6031309,0.079168506,-0.0011481082,0.0019570214,-0.011038199,-0.007812656,-0.053448226,1.03329,1.0545181,1.054535,1.146195,1.146195,0.99479187,0.99479187,0.99479187,0.99479187,0.9261482,1.0076923,1.036395,1.0408726,1.0557979,1.0680252,0.9998852,1.0050516,1.0118254,1.0274397,1.0022962,0.4,0.2,0.1,0.06666667,0.19166666,0.1352822,0.087199874,0.087175116,0.03439897,0.33561862,0.2,0.3,0.35,0.06666667,0.53333336,0.6,0.8,0.9,0.93333334,0.16666667,-0.4,-0.5,-0.55,-0.8666667,0.36666667,0.33980313,0.5311471,0.5414755,0.80563277,0.6759656,-0.63286144,-0.22276843,-0.36051467,0.52168506,0.6430934,0.2,0.4,0.45,0.5,0.48333332,0.6,0.5,0.5,0.46666667,0.5,-0.4,-0.1,-0.05,0.033333335,-0.016666668,0.14035136,0.31391597,0.33485547,0.45065993,0.5008112,0.85964864,0.68608403,0.66514456,0.54934007,0.49918875,-0.7192973,-0.37216803,-0.3302891,-0.09868013,0.0016224901,1.15864,1.2948349,1.4799318,1.9926289,2.241219,0.41190973,0.34747356,0.3764521,1.1376297,1.1574497,1.0917742,0.9381881,1.215392,2.1950312,1.6018203,0.44966033,0.48105943,0.46194074,0.45872688,0.4862141,0.55033964,0.51894057,0.53805923,0.5412731,0.5137859,-0.100679316,-0.037881132,-0.07611852,-0.08254626,-0.027571786
194,SZ300316,-0.01857865307954971,0.3333333333333333,,,,,,2026-08-24,0.004204655,0.030833896,0.1363647,0.009343544,0.30302835,0.017285697,0.56060696,0.012146808,0.39394334,0.99581295,1.0093044,0.9785996,0.99454314,1.0551378,0.96905553,0.92951006,0.99884677,1.1821349,1.012421,1.0125604,0.9686075,0.95007163,1.0744804,0.03719831,0.0303667,0.05573202,0.057215553,0.15129925,-0.017720968,-0.0005966968,0.007907409,0.0046740067,-0.005392387,0.56737274,0.0035393513,0.70457447,0.5171925,0.3874257,0.023020944,-0.009875199,-0.04372786,-0.017844744,0.084595,1.0793082,1.0793082,1.0793082,1.0793082,1.4859295,0.957208,0.957208,0.85066295,0.8257765,0.8257765,1.0303246,1.0266535,1.0122336,0.9977704,1.2078706,0.9874012,0.98902524,0.90625376,0.8974701,0.9285827,0.6,0.5,0.75,0.8333333,0.43333334,0.3504664,0.3504664,0.6531387,0.6871862,0.26391378,0.2,0.6,0.8,0.8666667,0.36666667,0.8,0.9,0.1,0.16666667,0.5833333,-0.6,-0.3,0.7,0.7,-0.21666667,0.09849571,-0.048338845,-0.27489492,-0.47717625,0.7576096,-0.20221129,0.020408103,0.03571375,0.05057029,0.26121783,0.6,0.7,0.6,0.5,0.46666667,0.4,0.3,0.4,0.5,0.53333336,0.2,0.4,0.2,0.0,-0.06666667,0.29162925,0.5596628,0.5776684,0.50079626,0.4617635,0.70837075,0.44033715,0.42233157,0.4992037,0.5382365,-0.41674152,0.11932569,0.15533684,0.001592574,-0.076473,1.0800114,0.97683454,1.0157616,1.2045187,1.9767624,0.20211147,0.2393474,0.21191552,0.39843366,0.9616625,0.85448873,0.7268157,0.6840816,0.8362424,1.2621206,0.54174775,0.53475446,0.503375,0.42566872,0.4635884,0.45825225,0.46524554,0.49662498,0.5743313,0.5364116,0.0834955,0.069508925,0.0067500225,-0.14866255,-0.07282322
195,SH601669,-0.018629396986916402,0.5,,,,SH601669,中国电建,2026-08-24,0.0021691353,0.006507604,0.33332318,0.0021692344,0.3333384,0.0021692344,0.3333384,0.0021691353,0.33332318,0.9978356,1.0021645,0.99567103,0.9990046,1.014151,1.0424528,1.0361634,0.995283,1.1289308,1.0022013,1.0116352,1.0297956,1.0307128,1.034303,0.0060488423,0.012047657,0.021759767,0.01973248,0.033048034,-0.0028301796,-0.003754523,-0.003183667,-0.00094164757,-0.00077795045,0.5472975,0.8902577,0.74922955,0.17648795,0.16901,0.003459094,0.0052601327,0.00044923456,-0.017058905,-0.011353406,1.0147423,1.0422584,1.0754879,1.0754879,1.1383648,0.99253064,0.99253064,0.99253064,0.99055934,0.9777572,1.0037736,1.0194968,1.0474843,1.0459119,1.0531447,0.99937105,1.0,1.0103773,1.0138365,1.0078616,0.5,0.25,0.125,0.083333336,0.108333334,0.3362818,0.15020509,0.09003867,0.111160345,0.13849165,0.2,0.1,0.3,0.53333336,0.016666668,0.8,0.9,0.95,0.033333335,0.33333334,-0.6,-0.8,-0.65,0.5,-0.31666666,-0.09552301,0.46734098,0.6578184,0.5757174,0.4713574,-0.80280876,-0.76652646,-0.42391786,-0.01516347,0.36152202,0.4,0.3,0.4,0.46666667,0.4,0.6,0.7,0.55,0.5,0.55,-0.2,-0.4,-0.15,-0.033333335,-0.15,0.2,0.13513473,0.36144587,0.50877196,0.41666663,0.8,0.8648653,0.6385541,0.49122807,0.5833334,-0.6,-0.72973055,-0.27710825,0.01754386,-0.16666675,1.3022197,1.5732248,1.8412684,2.0861418,2.4802327,0.45553416,0.595029,0.54435295,0.67619604,1.0448681,1.3777786,1.1380236,0.8332323,1.1118518,1.8484173,0.45416495,0.4436944,0.45985863,0.4769167,0.4575439,0.545835,0.5563056,0.54014134,0.52308327,0.5424561,-0.091670096,-0.11261115,-0.08028272,-0.046166584,-0.08491217
196,SH600482,-0.018875029062930558,0.25,,,,SH600482,中国动力,2026-08-24,-0.008145362,0.048872173,-0.16666667,0.020050151,0.410257,0.02067666,0.42307633,-0.0075188545,-0.15384735,1.0082122,1.028427,0.9791535,0.9976845,1.0682224,1.0104069,0.93314415,0.9802376,1.1614633,1.0103648,1.0159781,0.9573636,0.9483689,1.0019692,0.023137312,0.026334388,0.07213514,0.062536724,0.08505184,-0.009544833,-0.0022629318,0.010140141,0.0041243485,-0.002648481,0.42545223,0.06768741,0.6916116,0.33708712,0.2957509,0.00872489,-0.0057949554,-0.053694956,-0.0081719635,0.07616094,1.0742537,1.0773822,1.0773822,1.0773822,1.286884,0.97598195,0.97598195,0.8337894,0.8337894,0.8337894,1.0167351,1.0338905,1.0127405,1.0054872,1.0577946,0.9977925,0.9943236,0.87919694,0.89546937,0.9255545,0.4,0.4,0.65,0.76666665,0.51666665,0.2444045,0.2368639,0.68232965,0.68232965,0.36683428,0.2,0.5,0.75,0.8333333,0.083333336,0.8,0.9,0.2,0.46666667,0.73333335,-0.6,-0.4,0.55,0.36666667,-0.65,0.2312811,0.56780106,-0.36143225,-0.3688258,0.4227935,-0.07230418,0.48658934,0.21542528,0.19453892,0.24897085,0.2,0.4,0.55,0.56666666,0.48333332,0.8,0.6,0.45,0.43333334,0.51666665,-0.6,-0.2,0.1,0.13333334,-0.033333335,0.18217452,0.47822258,0.55999994,0.51241416,0.45786238,0.8178255,0.52177745,0.44000003,0.48758584,0.5421376,-0.63565093,-0.043554872,0.11999992,0.024828294,-0.08427524,0.9763111,1.1864948,1.4372636,1.5187184,2.1394715,0.22884302,0.51552784,0.47360775,0.4565176,0.9150448,0.8972553,1.2275895,0.84764,0.78017294,1.0742258,0.28658652,0.40024126,0.48963416,0.4467019,0.48107672,0.7134135,0.59975874,0.51036584,0.55329806,0.5189233,-0.42682695,-0.19951747,-0.020731712,-0.10659615,-0.03784657
197,SH605117,-0.01936342639520219,0.25,,,,SH605117,德业股份,2026-08-24,-0.020461166,0.04445366,-0.46028084,0.011425004,0.25700933,0.012567487,0.28270984,-0.019318683,-0.4345803,1.0208886,1.0325522,0.98717,1.0052823,1.0135747,0.90933776,0.9354313,0.89258194,1.2261621,1.0126779,0.9963198,0.9406534,0.92405915,0.9970753,0.019809691,0.027152456,0.061077096,0.0590053,0.10285448,-0.007305648,0.0046626707,0.009185335,0.0051127607,-0.004020631,0.34001812,0.27031034,0.79159176,0.58187616,0.46605992,0.0019333606,-0.017301794,-0.027914066,0.0018058068,0.12153331,1.0484536,1.0484536,1.0484536,1.0484536,1.2974192,0.98610306,0.8991662,0.8387238,0.82154393,0.82154393,1.0247415,1.0148664,1.0011874,0.9946086,1.0932482,0.9987687,0.9676841,0.88245445,0.87314415,0.89016867,0.4,0.6,0.8,0.8666667,0.5,0.22288443,0.6754342,0.76897144,0.78646314,0.375006,0.2,0.6,0.8,0.8666667,0.016666668,0.6,0.1,0.25,0.2,0.6,-0.4,0.5,0.55,0.6666667,-0.5833333,0.89538336,0.07814169,0.2617221,0.2334004,0.43530083,0.7825344,0.8375547,0.60707957,0.5991064,0.34554005,0.4,0.5,0.5,0.43333334,0.41666666,0.6,0.5,0.5,0.56666666,0.5833333,-0.2,0.0,0.0,-0.13333334,-0.16666667,0.44611353,0.6460634,0.5665545,0.5784247,0.43039098,0.5538865,0.35393664,0.4334455,0.4215753,0.569609,-0.10777292,0.29212672,0.13310899,0.15684938,-0.13921802,1.3881973,1.7566184,1.6109867,1.6574155,1.9556789,0.39871073,0.6830076,0.5277384,0.5302479,0.6589595,0.5610487,0.85102236,0.9641887,1.225668,1.075318,0.19180901,0.43844962,0.47821894,0.45098388,0.48516926,0.808191,0.5615504,0.521781,0.5490161,0.5148307,-0.616382,-0.12310079,-0.043562107,-0.09803222,-0.029661454
198,SZ002594,-0.019406950663187268,0.3333333333333333,,,,,,2026-08-24,0.007221475,0.023219578,0.311008,0.009221141,0.39712787,0.006776962,0.29186413,0.004777295,0.20574427,0.9928303,1.009155,0.9861019,0.996762,0.99141264,1.0054107,1.0153942,0.9558418,1.0569344,0.9922854,0.99142665,1.0065103,1.0103093,0.9880022,0.009389531,0.00758754,0.024435258,0.022076257,0.045570713,0.004489131,0.00053821126,-0.003013975,-0.0013790353,0.00047054057,0.571448,0.046122726,0.5324925,0.30241376,0.03251789,-0.0012636428,0.006151394,0.022122508,0.0096866395,-0.0018831567,1.009155,1.0110526,1.0654243,1.0654243,1.0654243,0.9755117,0.9755117,0.9755117,0.950554,0.8527524,0.99843615,0.99793345,1.0290293,1.0325968,1.0260341,0.985618,0.98614866,0.9891297,0.9913289,0.9618319,1.0,1.0,0.6,0.43333334,0.5833333,0.72787964,0.6890169,0.27235642,0.43045053,0.69236964,1.0,0.1,0.25,0.5,0.75,0.4,0.7,0.85,0.033333335,0.33333334,0.6,-0.6,-0.6,0.46666667,0.41666666,0.3586976,0.3523817,0.5879791,0.544478,-0.17043537,0.55565107,0.5784402,0.13736705,0.16371731,0.30298564,0.4,0.4,0.45,0.53333336,0.45,0.6,0.6,0.55,0.46666667,0.55,-0.2,-0.2,-0.1,0.06666667,-0.1,0.6198835,0.4652312,0.46313342,0.56137794,0.4692925,0.38011652,0.53476876,0.5368666,0.43862203,0.53070754,0.23976694,-0.06953755,-0.073733166,0.12275593,-0.061415035,0.9037516,0.8645119,1.2558244,1.4384222,1.56241,0.2589731,0.1832778,0.4864495,0.57888347,0.5765879,1.3751066,1.0090057,1.2359577,1.1169502,1.1500797,0.529423,0.42245948,0.502045,0.47502717,0.47457403,0.470577,0.5775405,0.497955,0.52497286,0.525426,0.058845975,-0.15508103,0.004089995,-0.04994568,-0.050851915
199,SZ300124,-0.01941651070616575,0.16666666666666666,,,,,,2026-08-24,-0.008503431,0.02363945,-0.3597136,0.007653053,0.32374075,0.0074829655,0.31654567,-0.00867352,-0.36690867,1.0085764,1.0162951,0.99245286,1.0029465,1.0629481,1.1036013,1.0202378,1.045451,1.2602471,1.0236018,1.0458653,1.065625,1.0561911,1.1196944,0.02557792,0.032384325,0.037081156,0.034584977,0.08454551,-0.014545048,-0.009746613,-0.003247596,0.00030100375,-0.003976463,0.80842525,0.83032715,0.2684637,0.005870439,0.67470294,0.0054883095,-0.0020055715,-0.034772806,-0.060555622,-0.0023887223,1.0751264,1.114919,1.1234983,1.1234983,1.3315576,0.99245286,0.99245286,0.99245286,0.98319197,0.98319197,1.0332073,1.0698786,1.0995209,1.0975606,1.1902236,1.010017,1.013757,1.0227106,1.0197922,1.0466869,0.2,0.1,0.05,0.033333335,0.016666668,0.09128847,0.061626386,0.057591796,0.11979511,0.048248183,0.2,0.1,0.5,0.6666667,0.083333336,1.0,1.0,1.0,0.16666667,0.5833333,-0.8,-0.9,-0.5,0.5,-0.5,0.4681094,0.28404862,0.42004246,0.1917233,0.60222614,-0.5215449,-0.44976637,0.09384551,0.0004893702,0.11972814,0.2,0.3,0.45,0.5,0.48333332,0.8,0.7,0.55,0.5,0.51666665,-0.6,-0.4,-0.1,0.0,-0.033333335,0.05134473,0.13439432,0.4658594,0.45105404,0.40103957,0.94865525,0.8656057,0.5341406,0.54894596,0.59896046,-0.89731055,-0.73121136,-0.06828115,-0.09789194,-0.19792087,1.1483763,1.2510772,1.5407752,1.6387817,2.203847,0.32087216,0.3829952,0.5448178,0.51958656,0.9006991,1.4129826,1.2442937,1.2842901,1.1193585,1.1775358,0.39738464,0.46816,0.4852616,0.45425665,0.4763369,0.60261536,0.53184,0.5147384,0.54574335,0.5236631,-0.20523071,-0.06368001,-0.02947681,-0.09148672,-0.04732621
200,SZ002466,-0.019531855286168385,0.16666666666666666,,,,,,2026-08-24,-0.0018296149,0.046350848,-0.03947317,0.034356557,0.7412282,0.010164676,0.21929859,-0.026021497,-0.5614028,1.001833,1.0362525,0.98981667,1.0144641,0.9943096,0.9961257,0.920771,0.9289312,1.2806431,0.96769816,0.97657996,0.96243155,0.9515182,1.0829487,0.027989319,0.021750152,0.02846553,0.037400875,0.1517707,0.0093467105,-0.001148189,0.0030519788,0.002057452,-0.007042146,0.27878726,0.02554545,0.40233934,0.23452955,0.6566501,0.013608403,0.028586904,0.008574638,0.018648747,0.1247946,1.0362525,1.0362525,1.0362525,1.0382926,1.3735312,0.9327808,0.9327808,0.8784141,0.8236331,0.8236331,0.9882609,0.99283737,0.98921496,0.98594123,1.2483897,0.939106,0.96607095,0.93633586,0.9230568,0.9393094,1.0,1.0,1.0,0.96666664,0.51666665,0.6496384,0.6496384,0.77031887,0.8216124,0.3207266,1.0,1.0,1.0,0.1,0.3,0.8,0.9,0.1,0.2,0.6,0.2,0.1,0.9,-0.1,-0.3,0.90442705,0.7401611,0.5021895,0.00851955,0.41467002,0.8238747,0.7508173,0.7567997,0.43690497,0.296001,0.4,0.5,0.55,0.6,0.51666665,0.6,0.5,0.45,0.4,0.48333332,-0.2,0.0,0.1,0.2,0.033333335,0.5238387,0.51062423,0.615553,0.5491016,0.4255467,0.47616127,0.48937577,0.38444695,0.45089838,0.5744533,0.04767743,0.021248488,0.23110609,0.09820324,-0.14890657,0.6371098,0.6133808,0.62160033,0.71127427,0.8095717,0.28256166,0.1948706,0.16080384,0.2078089,0.24010214,0.94613725,0.9917367,0.86150455,1.0674574,1.0239013,0.7985651,0.5548116,0.57744205,0.5239312,0.51948804,0.20143493,0.44518837,0.42255795,0.47606882,0.48051196,0.5971302,0.10962324,0.15488411,0.04786236,0.03897606
201,SH601689,-0.019787486915821217,0.25,,,,SH601689,拓普集团,2026-08-24,-0.014264445,0.03981258,-0.3582899,0.017244985,0.4331542,0.00830315,0.20855592,-0.023206282,-0.5828882,1.0144708,1.0319654,0.9915767,1.0076096,1.0865456,1.0686619,1.001668,1.165215,1.347665,1.0237954,1.0534377,1.0447878,1.0583086,1.1776625,0.045005634,0.044076066,0.046576843,0.058003113,0.14301012,-0.019810975,-0.011916235,0.0015945401,-0.0021363413,-0.007191088,0.48441538,0.670014,0.0410203,0.10513331,0.77117956,0.015826555,0.00018533375,-0.059935924,-0.027331665,0.034474645,1.1038113,1.1172597,1.1172597,1.2034241,1.5197724,0.9880744,0.9880744,0.950305,0.950305,0.950305,1.0313936,1.0892327,1.0863973,1.0893625,1.3135656,0.99955523,1.0034099,0.99955523,1.0013343,1.0466086,0.4,0.2,0.25,0.2,0.1,0.10304051,0.09231371,0.29765546,0.19633052,0.08726576,0.2,0.1,0.55,0.1,0.083333336,0.8,0.9,0.15,0.43333334,0.71666664,-0.6,-0.8,0.4,-0.33333334,-0.6333333,0.39902723,0.40006173,0.15025201,0.19598792,0.6727837,-0.20921776,0.09634059,0.27442914,0.12167012,0.3255425,0.4,0.4,0.45,0.43333334,0.41666666,0.6,0.6,0.55,0.56666666,0.5833333,-0.2,-0.2,-0.1,-0.13333334,-0.16666667,0.21489617,0.3513838,0.49816623,0.39049253,0.41122466,0.78510386,0.6486162,0.50183374,0.60950744,0.58877534,-0.57020766,-0.2972324,-0.0036675292,-0.21901491,-0.17755069,1.420703,1.4524413,1.6905257,1.7980473,2.5047836,0.67278135,0.5621658,0.6007286,0.53869605,1.0790317,1.6167682,1.583668,1.2492456,1.1119292,1.3309336,0.47198844,0.4787619,0.46477214,0.45190927,0.47403374,0.52801156,0.5212381,0.5352279,0.5480907,0.5259663,-0.056023136,-0.04247619,-0.07045575,-0.09618142,-0.05193254
202,SH600066,-0.019794178116063068,0.3333333333333333,,,,SH600066,宇通客车,2026-08-24,0.028455297,0.054200508,0.5250006,0.014905126,0.27499974,0.0108400835,0.19999968,0.024390254,0.4500005,0.972332,1.0144928,0.9617919,0.9978396,0.9535606,1.085972,1.0592912,0.9469727,1.0638992,0.98366445,0.9760886,1.0229268,1.0203354,0.9828241,0.011606613,0.018526215,0.051471844,0.048288863,0.067837305,0.0039517228,0.0012056915,-0.0071324874,-0.0013054833,0.0012073811,0.28980234,0.038824905,0.67206395,0.05664354,0.09661654,0.008432128,0.018485816,0.04483185,-0.0014059169,-0.018441832,1.0144928,1.1024376,1.1254982,1.1254982,1.1363657,0.9545486,0.9347853,0.9347853,0.91963136,0.850131,0.99183327,0.9917674,1.0650234,1.06357,1.0594229,0.97398156,0.9604108,0.97398156,0.97398156,0.92878884,1.0,1.0,0.5,0.46666667,0.65,0.75822943,0.38898772,0.34195226,0.39039135,0.523588,1.0,0.1,0.15,0.43333334,0.05,0.2,0.2,0.6,0.033333335,0.3,0.8,-0.1,-0.45,0.4,-0.25,0.467556,0.24598764,-0.18769598,-0.20630212,-0.2733756,0.46565536,-0.44265556,-0.2423593,-0.12919779,-0.134592,0.8,0.5,0.55,0.53333336,0.48333332,0.2,0.5,0.45,0.46666667,0.51666665,0.6,0.0,0.1,0.06666667,-0.033333335,0.7786347,0.3154166,0.435343,0.5375609,0.47623765,0.22136526,0.6845834,0.564657,0.4624391,0.52376235,0.5572695,-0.36916682,-0.12931399,0.075121805,-0.047524713,0.7683568,1.1094846,0.9667619,0.9503315,1.023965,0.20352085,0.5796772,0.46865532,0.3983022,0.4317423,0.7271129,1.4729788,1.3826252,1.2561283,1.3776298,0.58592844,0.5328596,0.53817433,0.50957173,0.508741,0.41407156,0.4671404,0.46182567,0.49042827,0.49125898,0.17185687,0.06571921,0.07634864,0.01914349,0.01748207
203,SZ002179,-0.01991902852501008,0.25,,,,,,2026-08-24,-0.04318848,0.06637676,-0.65065664,0.014202837,0.21397303,0.008985445,0.13537034,-0.04840587,-0.7292593,1.0451379,1.0599818,0.990609,1.0123426,1.0851322,1.0754234,1.0324095,1.0672463,1.1032968,1.0403517,1.059499,1.0490769,1.0423613,1.1263859,0.029040666,0.028841158,0.028617924,0.03052736,0.11099834,-0.016236598,-0.0070796143,0.0017084717,0.0012666367,-0.0032097045,0.78147835,0.5523384,0.12474046,0.13342194,0.25503337,-0.007878568,-0.0276408,-0.06530737,-0.060727444,-0.03169963,1.0914838,1.1281519,1.1281519,1.1281519,1.4301751,0.990609,0.990609,0.990609,0.96576345,0.96576345,1.0505302,1.0824583,1.0749458,1.0745877,1.2504069,1.0286016,1.0403517,1.0289557,1.0182362,1.032903,0.2,0.1,0.1,0.13333334,0.06666667,0.093095854,0.06827706,0.06827706,0.21083109,0.07372023,0.2,0.4,0.7,0.8,0.35,1.0,1.0,1.0,0.16666667,0.5833333,-0.8,-0.6,-0.3,0.6333333,-0.23333333,-0.32741144,0.018734302,0.010587868,-0.03999489,0.7076356,-0.8257054,-0.5505557,-0.23820621,-0.052427694,0.10473007,0.2,0.3,0.5,0.46666667,0.46666667,0.8,0.7,0.5,0.53333336,0.53333336,-0.6,-0.4,0.0,-0.06666667,-0.06666667,0.07029487,0.2390195,0.44228724,0.4356925,0.46909595,0.92970514,0.7609805,0.55771273,0.5643075,0.53090405,-0.8594103,-0.521961,-0.115425505,-0.12861502,-0.06180809,0.6922422,0.70972687,0.7912974,0.88910526,1.320322,0.24371067,0.20743588,0.21970065,0.2948363,0.58470166,1.1693845,1.2608765,1.0190806,1.0333803,1.1391265,0.53994346,0.5677721,0.5339157,0.39799955,0.4797933,0.4600565,0.4322279,0.4660843,0.6020004,0.5202067,0.079886965,0.13554417,0.06783143,-0.20400088,-0.04041336
204,SH601127,-0.02075927960195237,0.25,,,,SH601127,赛力斯,2026-08-24,-0.009358814,0.030665109,-0.30519423,0.011350073,0.37012988,0.009956222,0.3246759,-0.010752666,-0.3506482,1.0094472,1.0209045,0.9899497,1.0010561,1.068156,1.1262779,1.1137826,1.0836805,1.6215448,1.0213934,1.0567777,1.1170863,1.1153793,1.220084,0.016972601,0.042143214,0.075039774,0.061796375,0.15160285,-0.008368045,-0.013386801,-0.011354352,-0.003076623,-0.007535356,0.60770273,0.9249318,0.80132693,0.19209863,0.7535163,-0.0046573323,0.003462863,-0.009219992,-0.07076825,0.0022090639,1.0675577,1.1337605,1.2737345,1.2737345,1.6578068,0.9899497,0.9899497,0.9899497,0.9899497,0.9899497,1.0364256,1.0948125,1.1792881,1.1516092,1.3358955,1.0118138,1.0150701,1.0406286,1.0692163,1.1062856,0.2,0.1,0.05,0.033333335,0.016666668,0.1295007,0.06988549,0.03541516,0.03541516,0.015048551,0.2,0.2,0.2,0.46666667,0.033333335,1.0,1.0,1.0,1.0,1.0,-0.8,-0.8,-0.8,-0.53333336,-0.96666664,0.5579188,0.34025845,0.85838026,0.72274506,0.08396006,-0.17410856,-0.018218994,0.5123589,0.37311956,0.21826269,0.2,0.2,0.35,0.43333334,0.38333333,0.8,0.8,0.65,0.56666666,0.6166667,-0.6,-0.6,-0.3,-0.13333334,-0.23333333,0.18641083,0.17077948,0.37739697,0.4388827,0.30437365,0.81358916,0.82922053,0.62260306,0.5611173,0.6956264,-0.6271784,-0.65844107,-0.24520609,-0.12223459,-0.39125273,1.0843285,1.0970588,1.546579,1.4929285,1.4652619,0.24995594,0.19903854,0.67988473,0.60947436,0.48266378,0.39868352,0.52507305,1.1721771,1.1325455,1.1635802,0.54029655,0.4602349,0.50721675,0.42013887,0.4857592,0.45970342,0.5397651,0.49278325,0.5798611,0.5142408,0.08059315,-0.0795302,0.01443349,-0.15972225,-0.02848161
205,SZ002602,-0.020890503965443345,0.25,,,,,,2026-08-24,-0.00791361,0.026618712,-0.297295,0.0014388956,0.054055795,0.017266206,0.6486492,0.0079137,0.2972984,1.0079768,1.0094271,0.98259604,0.99523497,1.0202702,1.0376877,0.9158408,1.0152402,1.0572822,1.0095645,1.0189189,1.0054692,0.98887384,1.0038738,0.014012282,0.020504804,0.03275136,0.044660512,0.047877993,-0.0073948954,-0.0037064324,0.002819493,0.0025586989,-0.0007577847,0.6962839,0.2995107,0.25938892,0.25438568,0.07640462,0.005225234,-0.002239959,-0.032254383,-0.025974987,0.018480796,1.0355344,1.0761669,1.0761669,1.0761669,1.1305599,0.97969705,0.97969705,0.90353197,0.87016165,0.87016165,1.0131831,1.0345196,1.0312012,1.0252552,1.0385585,1.0017418,1.0017418,0.993033,0.9544294,0.96549547,0.2,0.2,0.35,0.5,0.43333334,0.363609,0.21045922,0.5587982,0.63026744,0.49861443,0.2,0.1,0.55,0.7,0.016666668,0.8,0.9,0.05,0.26666668,0.6333333,-0.6,-0.8,0.5,0.43333334,-0.6166667,0.624891,0.5447093,0.010711464,-0.16455853,-0.0039569032,-0.76707864,0.1431075,0.58361876,0.33136922,0.3923789,0.2,0.3,0.4,0.43333334,0.43333334,0.8,0.7,0.55,0.53333336,0.55,-0.6,-0.4,-0.15,-0.1,-0.11666667,0.28840187,0.40717477,0.59482324,0.49011588,0.47954753,0.7115981,0.59282523,0.40517673,0.5098841,0.52045244,-0.42319626,-0.18565047,0.18964653,-0.01976823,-0.040904928,1.4304008,1.9559796,2.3797252,2.636079,3.0084114,0.29519692,0.8610051,1.0565485,1.0656532,1.3729714,1.1207808,1.398899,1.4444424,1.1428393,1.0503995,0.0061381334,0.41010585,0.46839848,0.45762768,0.49049476,0.99386185,0.5898942,0.53160155,0.5423723,0.5095053,-0.9877237,-0.17978829,-0.06320305,-0.08474461,-0.019010501
206,SZ000999,-0.02246499273978307,0.08333333333333333,,,,,,2026-08-24,-0.00756936,0.01850295,-0.40908933,0.008830994,0.47727492,0.0021025965,0.11363573,-0.014297758,-0.7727285,1.0076271,1.0165254,0.99788135,1.0038352,1.0339378,1.0707392,1.058967,1.0377558,1.0360589,1.0330682,1.0429419,1.0612843,1.0629088,1.0370382,0.023138689,0.020372365,0.026367001,0.0228097,0.036141284,-0.009545024,-0.0050411825,-0.0035909843,-0.0013415405,0.0009598124,0.42541865,0.56129783,0.64919263,0.26808354,0.21511236,-0.013978143,-0.020256653,-0.02716997,-0.043456405,-0.06535266,1.0792028,1.0800544,1.1207833,1.1207833,1.1207833,0.99788135,0.99788135,0.99788135,0.99788135,0.91523814,1.0466433,1.0601336,1.0815992,1.0799024,1.0653939,1.0183264,1.0317318,1.0418284,1.0470039,1.0061088,0.2,0.1,0.05,0.033333335,0.15833333,0.026052574,0.025782587,0.017238393,0.017238393,0.41237563,0.6,0.1,0.25,0.5,0.75,1.0,1.0,1.0,1.0,0.33333334,-0.4,-0.9,-0.75,-0.5,0.41666666,-0.33654797,-0.27538088,0.40760148,0.41122285,0.40073648,0.12600009,0.13063243,0.11740314,0.18243651,0.29816484,0.6,0.4,0.45,0.5,0.53333336,0.4,0.6,0.5,0.46666667,0.45,0.2,-0.2,-0.05,0.033333335,0.083333336,0.3108747,0.22730982,0.38279924,0.45459178,0.47917688,0.6891253,0.7726902,0.6172008,0.5454082,0.5208231,-0.37825057,-0.54538035,-0.23440154,-0.09081643,-0.04164623,0.8897398,0.8525027,1.0024307,1.1844177,1.021712,0.28605008,0.19733399,0.30103558,0.4712457,0.41692182,0.9856917,1.1353245,0.8852785,0.88257474,0.97840214,0.58694375,0.5045701,0.5180714,0.4544484,0.4888454,0.41305628,0.49542987,0.48192862,0.5455516,0.5111546,0.17388745,0.009140268,0.036142778,-0.091103196,-0.022309165
207,SH600875,-0.022540659380393183,0.3333333333333333,,,,SH600875,东方电气,2026-08-24,-0.031238157,0.046857156,-0.6666678,0.0026666329,0.056909833,0.012952366,0.27642235,-0.020952424,-0.44715527,1.0322454,1.034998,0.98662996,1.0019696,1.1001819,1.069138,1.0235388,1.0375257,1.3588811,1.0289061,1.0500455,1.0452639,1.0342052,1.1039648,0.033157337,0.03391477,0.04078492,0.0411988,0.0952786,-0.015647035,-0.0074465405,0.0014352744,0.00193726,-0.004250701,0.5567302,0.44191912,0.043344963,0.17135958,0.607058,0.0023879642,-0.016536089,-0.058898956,-0.062295444,0.021430817,1.120272,1.120272,1.120272,1.120272,1.40134,0.98662996,0.98662996,0.9653753,0.9488154,0.9488154,1.042006,1.0816693,1.0816693,1.0745281,1.1910167,1.0078236,1.0170572,1.0018195,0.9991813,1.0170572,0.2,0.1,0.2,0.23333333,0.11666667,0.100043476,0.100043476,0.22353406,0.2985278,0.11310897,0.2,0.6,0.8,0.8666667,0.016666668,1.0,1.0,0.15,0.16666667,0.5833333,-0.8,-0.4,0.65,0.7,-0.56666666,0.30893806,0.56779146,0.44151205,0.3883398,0.52399874,-0.7209146,0.3371656,0.42017993,0.5098991,0.26514116,0.2,0.3,0.45,0.46666667,0.48333332,0.8,0.7,0.55,0.53333336,0.51666665,-0.6,-0.4,-0.1,-0.06666667,-0.033333335,0.15067427,0.36256778,0.4764183,0.47685832,0.3984948,0.8493257,0.6374322,0.5235817,0.5231417,0.60150516,-0.6986515,-0.27486444,-0.047163405,-0.04628337,-0.20301038,1.2688951,1.3896724,1.7457588,1.7441623,1.984373,0.39671108,0.428587,0.7569142,0.67277074,0.6184149,1.0911491,0.95502394,1.0969664,1.0148969,0.9081118,0.23105113,0.44141397,0.4891811,0.47851598,0.48224795,0.76894885,0.55858606,0.5108189,0.521484,0.51775205,-0.53789777,-0.117172085,-0.021637777,-0.042968057,-0.035504095
208,SZ000630,-0.022540814565378573,0.3333333333333333,,,,,,2026-08-24,-0.008968625,0.029895417,-0.3,0.0029895417,0.1,0.01793725,0.6,0.0059790835,0.2,1.0090498,1.0120664,0.9819004,0.9963038,1.0241462,1.040753,0.9291381,0.8839008,1.0327206,0.98583746,0.9891588,0.97875625,0.95613104,0.97937465,0.02076492,0.020083562,0.038623925,0.047330998,0.07380986,0.001808509,-0.0001833742,0.0034628776,0.004104705,-0.0011839129,0.0189636,0.00076419895,0.28133875,0.58287346,0.07847124,0.010545499,0.011666361,-0.011653563,-0.015649237,0.055550765,1.0165893,1.0512954,1.0558363,1.0558363,1.2097048,0.95479053,0.95479053,0.9080025,0.8582441,0.8582441,1.0015079,1.0015079,1.0063568,1.0,1.0274676,0.96563345,0.96805793,0.93908244,0.9164638,0.9182871,0.8,0.75,0.725,0.81666666,0.69166666,0.73155916,0.46846843,0.62230337,0.7174162,0.4033336,0.2,0.1,0.5,0.6666667,0.23333333,0.4,0.7,0.1,0.16666667,0.5833333,-0.2,-0.6,0.4,0.5,-0.35,-0.46394494,0.16494264,0.75020707,0.5371642,0.76776683,-0.003375465,0.02521452,0.37565482,0.37663376,0.41838595,0.6,0.6,0.6,0.56666666,0.46666667,0.4,0.4,0.4,0.43333334,0.53333336,0.2,0.2,0.2,0.13333334,-0.06666667,0.38221163,0.4190643,0.57806736,0.5807071,0.4905289,0.6177884,0.5809357,0.42193264,0.41929293,0.5094711,-0.23557675,-0.16187137,0.15613475,0.16141418,-0.018942188,0.97085875,1.0586858,1.1088951,1.0817667,1.4911155,0.052147947,0.2559443,0.3981208,0.35614187,0.7589352,0.8381817,0.8756797,1.1037269,0.9601078,1.295328,0.22578804,0.41778323,0.5308039,0.5131889,0.4628096,0.77421194,0.58221674,0.46919608,0.4868111,0.53719044,-0.54842395,-0.16443351,0.06160786,0.026377808,-0.07438083
209,SH601111,-0.022964029794726344,0.5833333333333334,,,,SH601111,中国国航,2026-08-24,0.012048134,0.01721162,0.7,0.0034423238,0.2,0.0017211619,0.1,0.010326971,0.6,0.9880953,1.0034014,0.98639464,0.9953022,1.0044577,1.0356612,1.0371472,0.9970283,1.1589897,0.99346215,1.0019317,1.0236999,1.0200595,1.0415553,0.005812069,0.0104846,0.024583839,0.021976098,0.038025696,0.0004457556,-0.0028547063,-0.0037348224,-0.0005153497,-0.0015247755,0.014705241,0.67956424,0.8078087,0.042619128,0.49040776,0.00564637,0.0109145045,0.011780929,-0.012586898,0.0034256221,1.0034014,1.0305942,1.0730398,1.0730398,1.1734539,0.984926,0.984926,0.984926,0.9750964,0.9750964,0.9976226,1.0106984,1.0442793,1.0404161,1.0615156,0.9878158,0.99405646,0.9994057,0.9997028,1.0071323,1.0,0.5,0.25,0.23333333,0.13333334,0.81589854,0.33007672,0.1710747,0.25426552,0.12554908,1.0,0.1,0.25,0.5,0.016666668,0.8,0.9,0.95,0.033333335,0.51666665,0.2,-0.8,-0.7,0.46666667,-0.5,0.6271022,0.44693825,0.6243322,0.4673152,0.58994174,0.6316306,-0.15268798,-0.1938968,-0.04424877,0.16890208,0.4,0.3,0.4,0.5,0.4,0.6,0.7,0.6,0.5,0.6,-0.2,-0.4,-0.2,0.0,-0.2,0.45161283,0.30645132,0.39837384,0.5048543,0.41954884,0.54838717,0.6935487,0.60162616,0.49514568,0.5804512,-0.09677433,-0.38709733,-0.20325233,0.009708637,-0.16090232,0.7279894,0.813122,0.970154,1.0280417,1.3168232,0.18838567,0.2887896,0.30383503,0.27838188,0.51505744,0.53951323,1.1517385,0.9087753,0.7444001,1.3837,0.5950876,0.53451693,0.48642603,0.5006038,0.47013626,0.4049124,0.4654831,0.51357394,0.4993962,0.5298638,0.19017515,0.069033824,-0.027147945,0.0012076084,-0.059727512
210,SH600039,-0.02304799952860687,0.4166666666666667,,,,SH600039,四川路桥,2026-08-24,0.019070331,0.030989261,0.6153851,0.0011918999,0.038461708,0.010727031,0.34615317,0.028605461,0.92307657,0.9812865,1.0011696,0.9707602,0.9935383,0.9906636,0.9883488,1.0199074,0.93279326,0.97507715,0.98669755,0.9863426,1.0020177,0.9961883,0.9595538,0.010740638,0.00909461,0.024650479,0.034649845,0.047084223,0.00068672677,-7.856157e-05,-0.0031997247,0.00035172745,0.0018808355,0.010219929,0.0006840118,0.5897155,0.007985676,0.486688,0.011929004,0.014010929,0.028379625,-0.0012883355,-0.015038423,1.0105882,1.0187384,1.0643861,1.0643861,1.0643861,0.96961486,0.9661017,0.9661017,0.91494787,0.85486406,0.9953704,0.9949074,1.024105,1.0279938,0.9990741,0.9763889,0.9766204,0.9794599,0.9763889,0.9214506,1.0,1.0,0.65,0.6333333,0.81666666,0.7415825,0.64400566,0.3449,0.5691456,0.69269997,0.4,0.1,0.25,0.5,0.75,0.8,0.5,0.75,0.1,0.35,-0.4,-0.4,-0.5,0.4,0.4,0.5498428,0.6875955,0.4891971,0.35953817,0.12566014,0.6723767,0.67272687,0.4073453,0.3762355,0.23732704,0.4,0.4,0.45,0.5,0.46666667,0.6,0.6,0.55,0.5,0.51666665,-0.2,-0.2,-0.1,0.0,-0.05,0.58680063,0.5593088,0.4563599,0.5769026,0.5156235,0.4131994,0.4406912,0.5436401,0.42309734,0.48437652,0.17360123,0.1186176,-0.087280184,0.15380532,0.031246988,0.89992315,0.86693716,1.025406,1.1864076,1.1925192,0.18237956,0.24522643,0.26015317,0.47249597,0.38719335,0.9623465,0.8448833,0.7353766,1.1785558,1.1020665,0.49458855,0.4548996,0.4911633,0.5020062,0.45214885,0.50541145,0.5451004,0.5088367,0.49799383,0.54785115,-0.010822918,-0.090200774,-0.017673379,0.0040123626,-0.0957023
211,SH600893,-0.023840154571312396,0.25,,,,SH600893,航发动力,2026-08-24,0.0077092457,0.038270935,0.20143865,0.024779718,0.6474814,0.0057819705,0.15107995,-0.011288501,-0.2949628,0.99234974,1.0245901,0.986612,1.0045023,1.0273348,1.0082167,0.9603807,0.90514153,1.1324438,0.9905955,0.9970468,0.9853075,0.9651182,1.011239,0.016115192,0.016349742,0.02084422,0.037016857,0.06715529,-0.00019525606,-0.0009885703,0.002236555,0.0036222225,-0.0025085993,0.00036701013,0.03351234,0.40295446,0.7420836,0.42560044,0.009795015,0.007401722,-0.0065547726,-0.017640444,0.06276468,1.0325388,1.0327994,1.0327994,1.0327994,1.1815406,0.9653035,0.9653035,0.93984306,0.87045246,0.87045246,1.0022453,1.0083631,1.0034819,0.9938822,1.0698665,0.9764074,0.9867881,0.9742597,0.92606574,0.9602668,0.8,0.6,0.75,0.8333333,0.48333332,0.5160459,0.5140535,0.6471528,0.7979673,0.4164335,0.2,0.5,0.75,0.8333333,0.083333336,0.8,0.9,0.05,0.033333335,0.51666665,-0.6,-0.4,0.7,0.8,-0.43333334,-0.04628896,0.098203674,0.077779286,-0.2904826,0.009435603,-0.28881356,-0.22137778,0.20941801,0.38261575,0.30617777,0.6,0.6,0.6,0.6,0.48333332,0.4,0.4,0.4,0.4,0.5,0.2,0.2,0.2,0.2,-0.016666668,0.33657596,0.47493806,0.56261253,0.5915515,0.44943473,0.6634241,0.52506196,0.43738747,0.40844852,0.55056524,-0.32684812,-0.050123885,0.12522508,0.18310294,-0.10113054,0.9228548,0.99227643,1.0690103,1.1357037,1.2295349,0.24368986,0.20905708,0.22601824,0.26900002,0.30921316,1.0477636,0.72378105,0.797215,0.8050223,1.0373733,0.51562697,0.43542913,0.5218407,0.4465586,0.48462144,0.48437303,0.56457084,0.4781593,0.5534414,0.51537853,0.03125391,-0.12914172,0.043681376,-0.10688284,-0.030757118
212,SZ000895,-0.02405897630984052,0.4166666666666667,,,,,,2026-08-24,0.019277118,0.024096373,0.8000008,0.0020080311,0.083333336,0.002811224,0.116665855,0.020080311,0.8333333,0.98108745,1.00197,0.9783294,0.9947172,0.9763525,0.98305196,0.98738533,0.93143696,0.98581684,0.98873055,0.9812429,0.9954473,0.987692,0.95783263,0.007210837,0.0097610075,0.025176711,0.026195394,0.04101533,0.002246436,0.002421905,-0.0027049673,0.00044519396,0.0012453565,0.24263683,0.5643343,0.40401182,0.022384651,0.2811867,0.006776552,0.007858556,0.030249884,0.0058527165,0.005429332,1.00197,1.00197,1.0587038,1.0587038,1.0587038,0.9720207,0.9602054,0.93774885,0.91646796,0.8719482,0.99212015,0.9885764,1.0148877,1.0011033,0.98754483,0.98360497,0.97170544,0.97548586,0.970214,0.9147308,1.0,1.0,0.675,0.78333336,0.89166665,0.93422055,0.9528297,0.5146642,0.5872786,0.68566537,1.0,1.0,0.15,0.43333334,0.71666664,0.2,0.4,0.45,0.033333335,0.33333334,0.8,0.6,-0.3,0.4,0.38333333,0.63099694,0.045700632,0.22437376,-0.049297582,0.030105565,0.78897727,0.77545846,-0.3865625,-0.32822895,-0.076154076,0.6,0.5,0.55,0.6,0.5,0.4,0.5,0.45,0.4,0.48333332,0.2,0.0,0.1,0.2,0.016666668,0.78300977,0.62881434,0.522174,0.58464617,0.5107027,0.21699022,0.37118563,0.47782603,0.41535383,0.48929724,0.56601954,0.2576287,0.04434795,0.1692923,0.021405516,0.88863164,0.961782,1.3065284,1.4389263,1.3486619,0.16275112,0.17985488,0.5659552,0.54816765,0.43437883,0.8501808,0.8249048,1.34444,1.201225,1.2824231,0.4415165,0.29220772,0.48555183,0.4822267,0.48996547,0.55848354,0.7077923,0.51444817,0.51777333,0.51003456,-0.116967045,-0.41558453,-0.028896304,-0.03554662,-0.020069066
213,SH601066,-0.0245533258675983,0.25,,,,SH601066,中信建投,2026-08-24,0.00040356285,0.015334983,0.026316484,0.00847455,0.5526286,0.0064568706,0.42105496,-0.0016141164,-0.10525713,0.9995966,1.0084711,0.9931423,0.9999656,1.0326797,1.040305,1.0599128,1.0682642,0.97748727,1.0052288,1.0183007,1.0267429,1.042169,1.0611595,0.0081217885,0.015366535,0.014696869,0.027154576,0.060080457,-0.0044662277,-0.0045157443,-0.0016045003,-0.0026748027,-0.00047646987,0.755994,0.79162276,0.41715556,0.75196755,0.019182457,0.003703731,0.0020202282,-0.011500129,-0.003384292,-0.04710363,1.0337061,1.0607041,1.0607041,1.1219547,1.2581332,0.99261576,0.99261576,0.99261576,0.99261576,0.95782566,1.0090051,1.0306463,1.0400145,1.0679739,1.1129992,0.99992734,1.0008714,1.0164125,1.0228032,1.0164125,0.4,0.2,0.1,0.06666667,0.13333334,0.17970751,0.10845082,0.10845082,0.05709211,0.14043719,0.2,0.3,0.65,0.06666667,0.31666666,0.6,0.8,0.9,0.93333334,0.016666668,-0.4,-0.5,-0.25,-0.8666667,0.3,0.9360668,0.6906321,0.5203081,0.7688325,0.7195335,-0.07964827,0.22870994,0.017822562,0.08926765,0.60106194,0.2,0.3,0.35,0.43333334,0.41666666,0.8,0.7,0.65,0.56666666,0.5833333,-0.6,-0.4,-0.3,-0.13333334,-0.16666667,0.010870927,0.25112185,0.3333337,0.40105277,0.5087769,0.98912907,0.7488782,0.66666627,0.5989472,0.4912231,-0.97825813,-0.4977563,-0.33333257,-0.19789447,0.017553821,1.2202426,1.3636138,1.3948961,1.6290066,2.8994524,0.49841508,0.43055043,0.31585225,0.47830057,2.0418832,1.1357436,0.81437427,1.1101389,1.0985843,1.6095812,0.4341401,0.48031983,0.45933354,0.42292634,0.4701114,0.5658599,0.5196802,0.54066646,0.57707363,0.52988863,-0.13171981,-0.039360344,-0.081332915,-0.15414731,-0.059777223
214,SH600011,-0.024587684555636757,0.0,,,,SH600011,华能国际,2026-08-24,0.009118511,0.01367781,0.6666645,0.0015197371,0.111109674,0.0030395626,0.22222582,0.010638337,0.77778065,0.9909639,1.001506,0.9879518,0.9973048,1.0377663,1.0528729,1.0755328,1.0180739,1.2657136,1.0082546,1.0249797,1.0496763,1.0567214,1.0906708,0.017101144,0.021688854,0.031304546,0.033739146,0.0782891,-0.0087671885,-0.006660611,-0.0050031347,-0.0021621604,-0.003195587,0.657068,0.86450267,0.8940002,0.31828,0.50815773,0.009279732,0.004993006,-0.0021464897,-0.025370175,0.0035990286,1.042285,1.0648092,1.1086482,1.1493614,1.3927704,0.98502827,0.98502827,0.98502827,0.98502827,0.98502827,1.0125169,1.0432694,1.0804963,1.0847585,1.125762,0.99881303,1.0025897,1.0254114,1.0362557,1.0377663,0.4,0.2,0.1,0.06666667,0.033333335,0.26148397,0.18766013,0.12111086,0.09110588,0.036718562,0.2,0.1,0.3,0.26666668,0.016666668,0.8,0.9,0.95,0.96666664,0.98333335,-0.6,-0.8,-0.65,-0.7,-0.96666664,-0.20230916,0.06394367,0.56298864,0.6476201,0.8373148,-0.89308554,-0.73018783,-0.5200547,0.1281248,0.25460553,0.2,0.2,0.3,0.4,0.41666666,0.6,0.7,0.6,0.53333336,0.53333336,-0.4,-0.5,-0.3,-0.13333334,-0.11666667,0.11956522,0.16891892,0.25862053,0.47873017,0.3837621,0.8804348,0.8310811,0.74137944,0.52126986,0.61623794,-0.76086956,-0.6621622,-0.4827589,-0.042539664,-0.23247585,1.4701402,1.4809905,1.785298,2.3066118,3.4238598,0.6763565,0.4826461,0.50579983,1.1412128,2.4535892,1.634517,1.6428571,1.2345016,1.8501221,2.3981397,0.47325748,0.45747182,0.44193116,0.47996837,0.41620573,0.5267425,0.5425282,0.5580688,0.52003163,0.5837943,-0.053485066,-0.08505637,-0.116137676,-0.040063247,-0.16758856
215,SH600938,-0.024838002465276777,0.4166666666666667,,,,SH600938,中国海油,2026-08-24,0.012612605,0.0195195,0.6461541,0.0036035583,0.18461324,0.0033033371,0.16923267,0.012312383,0.6307735,0.9875445,1.0035586,0.9842823,0.9958499,0.9755545,0.94907194,0.93571746,0.85468537,1.0029424,0.9953825,0.986306,0.9617474,0.9465293,0.92363435,0.007097698,0.013707737,0.029345423,0.040469438,0.075797334,0.0023313707,0.0023882973,0.0038131762,0.0035725527,0.00039916657,0.269729,0.27826378,0.590964,0.6039551,0.008458636,-4.524621e-05,0.0029466515,0.0020274364,0.0016686477,0.06459022,1.0229867,1.0229867,1.0229867,1.0229867,1.0846893,0.9727229,0.94620574,0.9022338,0.8511896,0.76978546,1.0008601,0.99963784,0.9904934,0.9803078,0.98985964,0.98881847,0.97315526,0.93277496,0.91810775,0.8491173,0.8,0.9,0.95,0.96666664,0.8666667,0.54267985,0.7006203,0.8096389,0.86619884,0.73106295,0.8,0.9,0.95,0.96666664,0.1,0.6,0.3,0.05,0.033333335,0.38333333,0.2,0.6,0.9,0.93333334,-0.28333333,-0.1477678,0.28789914,-0.09272325,-0.24694952,-0.29815397,0.8875957,0.9253967,0.4540197,0.45559672,0.31052217,0.4,0.5,0.5,0.53333336,0.45,0.6,0.5,0.5,0.46666667,0.55,-0.2,0.0,0.0,0.06666667,-0.1,0.7454546,0.6823338,0.61601317,0.6325351,0.4986226,0.25454536,0.31766614,0.38398683,0.36746493,0.5013774,0.49090925,0.3646677,0.23202632,0.26507017,-0.0027548068,1.2398883,1.3384581,1.3855164,1.7334588,1.7128127,0.15724875,0.3801414,0.32389,0.6646422,0.5485792,0.9025453,1.5124116,1.2133687,1.3456129,1.2143375,0.49389592,0.44800752,0.37102503,0.46851775,0.49713555,0.5061041,0.5519925,0.628975,0.5314822,0.5028644,-0.012208169,-0.10398492,-0.25794998,-0.06296447,-0.005728899
216,SZ000333,-0.02502875720849602,0.3333333333333333,,,,,,2026-08-24,0.022351682,0.027345128,0.8173917,0.0042801434,0.15652308,0.00071330334,0.026085207,0.018784842,0.68695384,0.978137,1.0041865,0.9774393,0.9955923,0.96067727,0.99196655,0.9783548,0.9349859,0.8956828,0.98608583,0.9812225,0.990408,0.9840005,0.94236463,0.010872929,0.012789468,0.017748928,0.019069841,0.04776505,0.005116676,0.0010606562,-0.0016911525,0.0005112311,0.0021475286,0.5536339,0.063045725,0.31775278,0.055698313,0.6165344,0.003680827,0.014004526,0.02565797,0.008586631,-0.005716719,1.0041865,1.0041865,1.0408083,1.0408083,1.0408083,0.9581325,0.9581189,0.9581189,0.92929125,0.8419561,0.9943118,0.99344754,0.99915147,0.9942961,0.9869422,0.9786652,0.9706906,0.9776438,0.9699364,0.89979964,1.0,1.0,0.85,0.9,0.95,0.9090945,0.90912133,0.50648665,0.63406205,0.7947806,1.0,1.0,0.15,0.43333334,0.71666664,0.2,0.5,0.75,0.033333335,0.28333333,0.8,0.5,-0.6,0.4,0.43333334,0.4735054,0.4178873,0.6599513,0.14747061,-0.32601178,0.86002576,0.47023585,0.12201531,0.07794124,0.26260573,0.8,0.5,0.5,0.5,0.5,0.2,0.5,0.5,0.5,0.5,0.6,0.0,0.0,0.0,0.0,0.80518275,0.5389449,0.5430805,0.5981729,0.57564443,0.19481722,0.4610551,0.4569195,0.4018271,0.42435557,0.61036557,0.07788981,0.086161,0.19634579,0.15128885,0.9262548,0.8341343,1.0822397,1.1558447,1.312582,0.20728245,0.17297454,0.35646793,0.38974017,0.44047016,0.45238003,0.65150934,0.73257715,0.79287064,0.9280388,0.61141604,0.47178578,0.51583284,0.45781854,0.48135802,0.38858393,0.5282142,0.48416716,0.54218143,0.518642,0.22283213,-0.05642844,0.0316657,-0.084362924,-0.03728397
217,SH603019,-0.025556659120934723,0.3333333333333333,,,,SH603019,中科曙光,2026-08-24,-0.024106452,0.040375244,-0.59706026,0.0034437429,0.08529343,0.012825046,0.3176463,-0.01472515,-0.3647074,1.024702,1.0282308,0.9868581,0.9996482,1.1019766,1.0494153,1.1771829,1.2914467,1.068855,1.0355316,1.0560011,1.0536164,1.0947785,1.1019791,0.034871068,0.035443198,0.036205623,0.072355725,0.08921695,-0.019798795,-0.0069270507,-0.00037625266,-0.0055808835,0.00018645066,0.8059108,0.3501405,0.003779855,0.46106464,0.0013320881,0.0040659993,-0.024829384,-0.050042015,-0.013855732,-0.10747943,1.09881,1.1252277,1.1663353,1.3189263,1.3750445,0.9868581,0.9868581,0.9801597,0.9801597,0.94632876,1.0461626,1.0912508,1.0880336,1.1792189,1.1887636,1.0187808,1.0257316,1.0224551,1.0327061,1.0268654,0.2,0.1,0.1,0.06666667,0.1,0.11738845,0.09497644,0.1065678,0.05856635,0.12519073,0.2,0.3,0.05,0.033333335,0.5,1.0,1.0,0.15,0.43333334,0.1,-0.8,-0.7,-0.1,-0.4,0.4,0.46997327,0.6406183,0.31531,0.6930179,0.84256846,-0.69726914,0.29610366,0.16680837,0.19582035,0.45468026,0.0,0.4,0.45,0.43333334,0.5,1.0,0.6,0.55,0.56666666,0.5,-1.0,-0.2,-0.1,-0.13333334,0.0,0.0,0.34665707,0.32236376,0.35159886,0.48280564,1.0,0.6533429,0.6776362,0.64840114,0.5171944,-1.0,-0.30668584,-0.35527247,-0.29680228,-0.034388725,1.1831287,1.3948272,1.6314071,2.139557,2.343314,0.43681282,0.62530357,0.558614,0.9606623,1.2352278,1.4196706,1.4633007,1.074067,1.1112936,1.241339,0.3668501,0.44623613,0.45071244,0.39454547,0.48845688,0.63314986,0.55376387,0.54928756,0.60545456,0.51154315,-0.26629975,-0.10752773,-0.09857514,-0.21090908,-0.023086278
218,SZ002558,-0.025610187234884684,0.16666666666666666,,,,,,2026-08-24,0.00946613,0.037864447,0.2500005,0.010980687,0.28999993,0.017417628,0.45999956,0.01590307,0.4200001,0.99062264,1.0108777,0.97336835,0.99391717,1.0199258,1.1174146,0.9272952,1.0683409,0.97044045,0.99425274,1.0300535,1.0513504,1.0483298,1.015588,0.013536026,0.042482138,0.057783015,0.068053156,0.07437218,-0.0034911528,-0.012613248,-0.0026527198,-0.0010953108,0.002214185,0.1663012,0.8080767,0.07376501,0.020076124,0.2703377,0.012729536,0.026706103,-0.026149495,-0.03244788,-0.08090647,1.0292853,1.1290905,1.1702935,1.1744956,1.1744956,0.9655272,0.9655272,0.9126296,0.8856569,0.8792095,1.0029312,1.0771017,1.0987567,1.110564,1.0913792,0.98463565,0.9897077,0.99813914,0.9897077,0.9425113,0.8,0.4,0.25,0.26666668,0.41666666,0.5406814,0.2107612,0.33908683,0.39587182,0.4090626,0.2,0.1,0.25,0.1,0.55,0.8,0.9,0.05,0.33333334,0.16666667,-0.6,-0.8,0.2,-0.23333333,0.38333333,0.6349597,0.39333007,0.5301822,0.43625027,0.6912514,0.43926993,-0.039414726,0.29173043,0.32609564,0.37726745,0.4,0.4,0.55,0.5,0.45,0.6,0.6,0.45,0.5,0.55,-0.2,-0.2,0.1,0.0,-0.1,0.3566354,0.19503866,0.57701033,0.4649197,0.5088237,0.6433646,0.8049613,0.4229897,0.5350803,0.4911763,-0.28672925,-0.6099227,0.15402062,-0.070160635,0.017647378,0.8397085,1.018365,1.3862619,1.5933021,1.4114308,0.15864146,0.32020697,0.58661956,0.64438254,0.6827251,0.8364884,1.3221108,1.2348504,1.1152527,1.2107143,0.2565293,0.47710326,0.49560747,0.4623154,0.50810355,0.7434707,0.52289677,0.50439256,0.53768456,0.49189642,-0.48694143,-0.045793496,-0.008785074,-0.075369164,0.016207153
219,SH600233,-0.025740937304210523,0.25,,,,SH600233,圆通速递,2026-08-24,-0.006888676,0.03272101,-0.21052763,0.02411023,0.7368425,0.0017221014,0.052629836,-0.029276805,-0.89474034,1.0069364,1.0312139,0.998266,1.0109602,1.085567,1.0918556,1.0213403,0.96649486,1.0678351,1.0421855,1.0621238,1.0711031,1.0515945,1.0091496,0.05085974,0.040946648,0.0323123,0.039447576,0.05959017,-0.029824747,-0.009641991,-0.00216464,0.0020554794,0.0022117225,0.85969687,0.50828606,0.15707377,0.21042016,0.42015728,0.017463924,-0.018734768,-0.050539035,-0.08139898,-0.07439532,1.1184607,1.1190788,1.123132,1.123132,1.123132,0.99130076,0.99130076,0.99130076,0.95896304,0.86126,1.0863712,1.093402,1.093402,1.0904536,1.0689898,1.0055257,1.0106186,1.0558351,1.0066804,0.9674021,0.2,0.1,0.05,0.13333334,0.48333332,0.06841165,0.06808067,0.06598749,0.2499679,0.5298008,0.2,0.1,0.3,0.53333336,0.76666665,0.8,0.9,0.95,0.033333335,0.33333334,-0.6,-0.8,-0.65,0.5,0.43333334,-0.6939282,-0.6650724,-0.53541887,-0.38696784,-0.13815215,-0.4845255,-0.339779,-0.24449903,-0.1353071,-0.07267349,0.2,0.3,0.5,0.53333336,0.45,0.8,0.7,0.5,0.46666667,0.55,-0.6,-0.4,0.0,0.06666667,-0.1,0.19395263,0.27868843,0.47438744,0.5279257,0.47049326,0.8060474,0.72131157,0.5256126,0.47207427,0.52950674,-0.6120947,-0.44262314,-0.051225137,0.05585148,-0.059013512,0.97466344,0.7722526,0.76520526,0.7831805,0.87062716,0.42369783,0.36523083,0.2578729,0.2541327,0.44019595,1.3985016,1.6458403,1.3093038,1.1491487,1.2441574,0.62312907,0.54612356,0.5534518,0.4935862,0.506114,0.37687093,0.45387644,0.44654822,0.5064138,0.49388602,0.24625814,0.092247136,0.106903575,-0.012827597,0.012227961
220,SZ002415,-0.02602082636831734,0.16666666666666666,,,,,,2026-08-24,-0.006689943,0.0322862,-0.20720752,0.016579464,0.51351553,0.009016792,0.27927697,-0.014252615,-0.44144607,1.006735,1.0234262,0.99092245,1.0086044,1.0114518,1.0791928,1.0662266,0.956689,0.88087976,1.0022833,1.0155748,1.0443593,1.0308167,0.9825506,0.008494459,0.020520894,0.038964283,0.041595522,0.066100866,-0.0013167271,-0.005637369,-0.004282338,0.00090576377,0.0031356472,0.060070347,0.691786,0.4227626,0.036748398,0.6863409,0.00035014862,0.009793395,-0.0036770955,-0.04395023,-0.07505218,1.0234262,1.0961998,1.1293523,1.1293523,1.1293523,0.9844751,0.9844751,0.9844751,0.94602925,0.857822,1.0086694,1.0319777,1.0806408,1.0745835,1.0303639,0.99660236,0.9995315,1.0069398,0.99660236,0.9235993,0.6,0.3,0.15,0.26666668,0.6166667,0.39857563,0.13895722,0.107159354,0.29440254,0.52361745,1.0,0.1,0.25,0.5,0.75,0.4,0.7,0.85,0.13333334,0.15,0.6,-0.6,-0.6,0.36666667,0.6,-0.44634217,0.46939048,0.64985377,0.5237009,0.56953585,-0.67249465,-0.62811923,0.16693237,0.3390901,0.5169585,0.6,0.5,0.45,0.56666666,0.55,0.4,0.5,0.55,0.43333334,0.45,0.2,0.0,-0.1,0.13333334,0.1,0.37697047,0.20035842,0.39115736,0.5445756,0.5581653,0.62302953,0.79964155,0.6088427,0.45542443,0.44183472,-0.24605903,-0.59928316,-0.21768531,0.08915113,0.11633057,0.79347193,0.9749153,1.2574682,1.3260663,1.2446024,0.19318679,0.2772401,0.426347,0.60753924,0.5174694,0.97554535,0.95828146,1.3185371,1.3754598,1.3533453,0.5773324,0.45570338,0.30706155,0.49009374,0.5002278,0.42266762,0.5442966,0.69293845,0.50990623,0.4997722,0.15466474,-0.08859325,-0.38587686,-0.019812515,0.00045559256
221,SH600089,-0.02614964761382299,0.08333333333333333,,,,SH600089,特变电工,2026-08-24,-0.025141055,0.034889642,-0.72058797,0.0,0.0,0.0097485855,0.27941203,-0.01539247,-0.44117594,1.0257894,1.0257894,0.99,1.0019664,1.1126276,1.1299961,1.086842,1.0073674,1.3123868,1.0545272,1.0837883,1.0970775,1.0770162,1.1365336,0.034186,0.039094083,0.03406266,0.047829565,0.095673874,-0.020000365,-0.011897409,-0.0026833368,0.0023282159,-0.0038984022,0.85569555,0.8489737,0.2172007,0.18363494,0.50639147,-0.014526458,-0.030249935,-0.0715858,-0.11077532,-0.021530805,1.1152648,1.1373677,1.1473644,1.1473644,1.3750272,0.99,0.99,0.99,0.9789487,0.9789487,1.0737908,1.1147329,1.1252625,1.1235753,1.2135073,1.0442111,1.0552639,1.0683169,1.0242053,1.0552639,0.2,0.1,0.05,0.1,0.05,0.07983089,0.06785745,0.063546754,0.124996014,0.053149294,0.2,0.1,0.5,0.6666667,0.016666668,1.0,1.0,1.0,0.13333334,0.56666666,-0.8,-0.9,-0.5,0.53333336,-0.55,-0.7079616,-0.36249635,0.17211488,0.043688387,0.4138939,-0.94545573,-0.8189619,-0.40534636,0.12257436,0.24801305,0.0,0.1,0.4,0.46666667,0.41666666,0.8,0.8,0.5,0.46666667,0.55,-0.8,-0.7,-0.1,0.0,-0.13333334,0.0,0.08969895,0.35134637,0.49340934,0.38532236,1.0,0.910301,0.6486536,0.50659066,0.61467767,-1.0,-0.8206021,-0.29730725,-0.013181327,-0.22935529,0.53781945,0.5273671,0.6555777,0.761935,0.8535673,0.27282283,0.18930346,0.20731102,0.33788565,0.32403022,1.3682796,1.5444051,1.1742574,1.883357,1.5471673,0.7262901,0.5718191,0.5232454,0.51708865,0.5035364,0.2737099,0.42818087,0.4767546,0.48291138,0.49646357,0.45258024,0.14363827,0.0464908,0.034177247,0.0070728515
222,SH601919,-0.026196058946086682,0.3333333333333333,,,,SH601919,中远海控,2026-08-24,0.020503882,0.032806154,0.6250011,0.0058582253,0.17857093,0.006444048,0.19642802,0.021089705,0.64285815,0.9799081,1.0057405,0.97359353,0.99503917,0.91664726,0.8978406,0.8788019,0.8105409,0.78592986,0.9635477,0.92667747,0.90885764,0.89099914,0.8426476,0.024968285,0.043566756,0.035557978,0.040150616,0.05853409,0.01539355,0.013700042,0.0043086014,0.0038892638,0.0027438614,0.950255,0.90645194,0.51388574,0.72719705,0.67020303,0.005665209,0.01167234,0.050210647,0.05260656,0.0764085,1.0057405,1.0057405,1.0057405,1.0057405,1.0057405,0.91548735,0.87015337,0.8678388,0.807739,0.7509214,0.98105407,0.9594149,0.9389366,0.9051311,0.8863245,0.94729507,0.8847457,0.883817,0.8666357,0.79015553,1.0,1.0,1.0,1.0,1.0,0.93639535,0.95766175,0.95837235,0.9710077,0.9774722,1.0,1.0,1.0,1.0,1.0,0.2,0.3,0.35,0.033333335,0.36666667,0.8,0.7,0.65,0.96666664,0.6333333,0.6415061,0.86486584,0.7772471,0.32030627,0.14332713,0.8375528,0.54057264,0.461634,0.4615921,0.589671,1.0,0.7,0.7,0.6666667,0.5833333,0.0,0.3,0.3,0.33333334,0.41666666,1.0,0.4,0.4,0.33333334,0.16666667,1.0,0.8470035,0.77648354,0.8063066,0.6655892,0.0,0.15299648,0.22351645,0.19369341,0.3344108,1.0,0.69400704,0.5529671,0.6126132,0.3311784,0.7999961,0.6372809,0.58713835,0.6177779,0.63261694,0.12400305,0.21969868,0.16903587,0.15641601,0.18449888,0.51516604,0.8212962,0.99055576,0.9707979,1.1438916,0.7286492,0.7196031,0.5983473,0.5765326,0.53127635,0.2713508,0.2803969,0.4016527,0.42346743,0.46872365,0.45729837,0.4392062,0.19669463,0.15306517,0.06255271
223,SH601727,-0.026360981401151895,0.0,,,,SH601727,上海电气,2026-08-24,-0.012251132,0.019908156,-0.6153825,0.00306281,0.153847,0.004594215,0.23077048,-0.010719727,-0.538459,1.0124031,1.0155039,0.9953488,1.0028666,1.0474255,1.0623306,1.0216802,1.0243902,1.2479675,1.0143632,1.0326558,1.0527778,1.0398374,1.0800362,0.014068662,0.022029793,0.026775522,0.030004207,0.0641236,-0.0074525597,-0.006857186,-0.003937688,0.0006246022,-0.00276236,0.7015285,0.88814217,0.75696325,0.03358493,0.5660107,0.00054199714,-0.0017984731,-0.01536972,-0.048894115,0.0014535038,1.0472492,1.065629,1.1002942,1.1002942,1.2851312,0.99514437,0.99514437,0.99514437,0.980829,0.980829,1.0173442,1.0520325,1.0723578,1.0677506,1.1262872,1.008672,1.01084,1.0327913,1.01084,1.0214093,0.2,0.1,0.05,0.1,0.05,0.093189254,0.068889,0.04617803,0.16047366,0.06299993,0.2,0.2,0.35,0.56666666,0.016666668,0.8,0.9,0.95,0.16666667,0.5833333,-0.6,-0.7,-0.6,0.4,-0.56666666,0.10724454,0.22714345,0.6652654,0.4259162,0.5997513,-0.8092865,-0.5529013,0.55304897,0.4897184,0.18425018,0.2,0.3,0.45,0.43333334,0.43333334,0.6,0.6,0.5,0.53333336,0.55,-0.4,-0.3,-0.05,-0.1,-0.11666667,0.027028685,0.1617654,0.45348844,0.46853158,0.36984363,0.9729713,0.8382346,0.5465116,0.53146845,0.63015634,-0.94594264,-0.6764692,-0.093023136,-0.06293686,-0.26031274,1.1351924,1.1552222,1.9200534,1.9072452,2.4625182,0.32957485,0.23855129,1.1627494,0.9890301,1.0992675,1.3275965,1.0732808,1.5456679,1.3511266,1.1569874,0.49782357,0.4478441,0.49307403,0.47592622,0.45735636,0.50217646,0.5521559,0.506926,0.5240738,0.5426436,-0.0043528737,-0.10431183,-0.013851945,-0.04814755,-0.085287265
224,SZ300999,-0.02743730849659929,0.16666666666666666,,,,,,2026-08-24,-0.004019269,0.021302309,-0.18867762,0.0096463375,0.45283058,0.0076367026,0.35849178,-0.006028903,-0.2830164,1.0040355,1.0137208,0.99233246,1.0008652,1.0071089,1.0667456,1.0434439,0.9834123,1.0797788,1.0199052,1.0238546,1.044293,1.0409425,1.0210702,0.014593185,0.019563127,0.026739297,0.024565812,0.038703684,-0.008609788,-0.0040404038,-0.0037008985,-0.00048623388,0.0004965286,0.8702112,0.3910069,0.67047477,0.030361965,0.050197687,-0.0026856328,-0.0056728353,-0.009134501,-0.033892196,-0.03571788,1.0542841,1.0725318,1.092778,1.092778,1.1275831,0.99233246,0.99233246,0.99233246,0.9774848,0.90977323,1.0301738,1.0364928,1.0657978,1.0601106,1.0544233,1.007267,1.0066351,1.0179305,1.0194312,0.98372823,0.2,0.1,0.05,0.06666667,0.31666666,0.12376621,0.09560578,0.07633516,0.19528653,0.4142454,0.4,0.1,0.25,0.5,0.033333335,1.0,1.0,1.0,0.033333335,0.33333334,-0.6,-0.9,-0.75,0.46666667,-0.3,0.8357389,-0.06335558,-0.17536454,-0.119446464,0.26021966,0.79193616,0.43120617,0.50600404,0.45105115,0.5084211,0.4,0.3,0.4,0.46666667,0.43333334,0.6,0.7,0.6,0.53333336,0.56666666,-0.2,-0.4,-0.2,-0.06666667,-0.13333334,0.4451223,0.24159041,0.40517247,0.52147233,0.45195055,0.5548777,0.75840956,0.59482753,0.47852764,0.54804945,-0.10975539,-0.5168192,-0.18965507,0.04294473,-0.096098915,1.4600165,1.2483408,1.1201038,1.1471866,1.0807347,0.48855546,0.41904217,0.341998,0.35195473,0.33241022,1.0533608,0.98136693,0.99630153,0.9509525,0.9424374,0.4817649,0.49143913,0.52438,0.5031787,0.48357278,0.5182351,0.5085609,0.47561994,0.49682125,0.5164272,-0.0364702,-0.017121747,0.048760116,0.0063574794,-0.032854453
225,SH601899,-0.027765253090200455,0.16666666666666666,,,,SH601899,紫金矿业,2026-08-24,-0.024293792,0.03700566,-0.6564886,0.001977353,0.053433802,0.0107345125,0.29007763,-0.015536631,-0.41984478,1.0248986,1.0269252,0.98899823,1.0076402,0.9540453,1.0137217,0.9084789,0.7823948,0.8577346,0.97636247,0.9596375,0.95647246,0.9270507,0.8641791,0.028615257,0.028218867,0.03309844,0.056506194,0.08268268,0.014951467,0.0066419537,0.002736842,0.005211227,0.0033894891,0.6825151,0.5078366,0.23930538,0.6591581,0.5125536,-0.0062653706,0.010473684,0.017527526,-0.0026134783,0.03583102,1.0269252,1.0269252,1.0269252,1.0269252,1.0269252,0.9251038,0.9079217,0.8874035,0.76500577,0.69832665,1.001165,0.9835339,0.98922974,0.97599995,0.94288665,0.95515853,0.9355081,0.9284142,0.8936699,0.7884013,0.8,0.9,0.85,0.9,0.95,0.73556405,0.7737441,0.8070175,0.8972002,0.91806036,1.0,1.0,1.0,1.0,1.0,0.4,0.4,0.05,0.033333335,0.36666667,0.6,0.6,0.95,0.96666664,0.6333333,0.72470987,0.310193,0.46641862,0.04444516,-0.17733625,0.49901515,-0.24969153,0.06743978,0.23460427,0.14791442,0.6,0.6,0.65,0.6666667,0.53333336,0.4,0.4,0.35,0.33333334,0.46666667,0.2,0.2,0.3,0.33333334,0.06666667,0.72215253,0.4727366,0.6119735,0.6582565,0.5515237,0.27784747,0.5272634,0.3880265,0.3417435,0.4484763,0.44430506,-0.05452678,0.22394699,0.31651297,0.103047386,0.8494414,0.8368478,0.83507615,0.8986646,0.95835936,0.2909269,0.29691187,0.26453832,0.2804858,0.31997883,1.0430992,1.0567243,1.1768175,1.0430138,1.1022002,0.6743987,0.52787596,0.5304179,0.5237096,0.50607324,0.32560128,0.47212407,0.46958208,0.4762904,0.49392676,0.3487974,0.055751875,0.060835827,0.047419198,0.012146478
226,SH600219,-0.0283313758440741,0.3333333333333333,,,,SH600219,南山铝业,2026-08-24,0.0,0.020833287,0.0,0.010416677,0.5000016,0.01041661,0.4999984,-6.703052e-08,-3.217472e-06,1.0,1.0104166,0.9895834,0.9991682,1.0125533,1.0459498,0.9417338,0.8188063,1.0833728,1.0087637,1.007911,0.99574846,0.96133745,0.9463367,0.03584651,0.027936615,0.031356882,0.062422678,0.07563377,-0.011890102,-0.0018890952,0.0027619374,0.0058758375,0.0003708326,0.27505365,0.0419152,0.27153757,0.68668324,0.007332028,0.015016566,0.0005899661,-0.021986889,-0.046537105,0.04272376,1.0687798,1.0769914,1.0769914,1.0769914,1.1187954,0.9604021,0.9604021,0.91256094,0.8145685,0.810387,1.0308858,1.0254855,1.0178589,1.0091426,1.0033634,0.9854098,0.985315,0.9787778,0.89914733,0.86328757,0.6,0.5,0.625,0.75,0.775,0.36536965,0.3396361,0.5317692,0.70661324,0.6148113,0.4,0.1,0.55,0.7,0.016666668,0.6,0.8,0.05,0.033333335,0.46666667,-0.2,-0.7,0.5,0.6666667,-0.45,-0.076949336,0.09391432,0.12192826,0.12986967,0.2971784,0.07476534,0.030708894,0.09939483,0.2302587,0.1831311,0.8,0.6,0.65,0.6333333,0.51666665,0.2,0.3,0.3,0.33333334,0.45,0.6,0.3,0.35,0.3,0.06666667,0.46414056,0.42362195,0.56288344,0.6134678,0.47099537,0.5358594,0.57637805,0.43711656,0.3865322,0.52900463,-0.07171885,-0.15275607,0.12576689,0.2269356,-0.058009252,1.6513723,1.4459195,1.3485702,1.3938847,1.2521181,0.9552261,0.7527411,0.54122263,0.5306849,0.44361553,1.3667309,1.3798033,1.4667063,1.3080152,1.3084099,0.5263228,0.46701995,0.46861035,0.50063753,0.48157826,0.47367725,0.5329801,0.53138965,0.49936247,0.5184217,0.052645523,-0.065960124,-0.06277933,0.0012750333,-0.036843475
227,SH600085,-0.028878544048743602,0.08333333333333333,,,,SH600085,同仁堂,2026-08-24,0.0025295313,0.014333906,0.17647189,0.0037942573,0.26470506,0.008010116,0.55882305,0.0067453906,0.47058985,0.9974769,1.0037847,0.98948693,0.99711424,1.0277721,1.0572058,1.0694133,1.0315361,1.0553069,1.0111156,1.0250322,1.0506629,1.0614355,1.0274574,0.011856313,0.017825171,0.033135094,0.03448014,0.048421234,-0.004503209,-0.0054255673,-0.0051706326,-0.0029806076,0.0010461339,0.36064914,0.8492475,0.8522735,0.5791263,0.14236484,-0.0021091842,-0.00061713427,-0.0015418996,-0.01821668,-0.058318257,1.032398,1.065197,1.1194524,1.1404756,1.1404756,0.98948693,0.98948693,0.98948693,0.98948693,0.8997854,1.0186843,1.0449237,1.0846184,1.0933672,1.0714614,0.99991864,1.0094404,1.0255002,1.0291014,0.98166156,0.4,0.2,0.1,0.06666667,0.33333334,0.24499677,0.13885947,0.08089121,0.06962809,0.4163634,0.6,0.1,0.15,0.1,0.55,1.0,1.0,1.0,1.0,0.33333334,-0.4,-0.9,-0.85,-0.9,0.21666667,0.10935789,0.56242144,0.47107118,0.63072515,0.39305848,0.23105429,-0.010666638,-0.14299524,0.22095199,0.4098071,0.4,0.2,0.4,0.46666667,0.46666667,0.6,0.8,0.6,0.53333336,0.53333336,-0.2,-0.6,-0.2,-0.06666667,-0.06666667,0.2705886,0.18205832,0.3291034,0.46356374,0.46941686,0.7294114,0.81794167,0.6708966,0.53643626,0.53058314,-0.4588228,-0.63588333,-0.34179318,-0.07287253,-0.061166313,1.2092735,1.4039288,1.8182807,2.4561267,2.1290395,0.25400758,0.35141993,0.6988503,1.475248,1.2069741,1.0298325,1.06091,1.1470487,1.9539909,1.7689534,0.39514908,0.29539222,0.46722326,0.4154446,0.46736822,0.6048509,0.7046078,0.5327767,0.5845554,0.5326318,-0.20970182,-0.40921557,-0.065553464,-0.16911079,-0.06526359
228,SH600362,-0.02936327232518365,0.25,,,,SH600362,江西铜业,2026-08-24,-0.016691644,0.042371117,-0.39393917,0.005563915,0.13131386,0.02011556,0.47474697,-0.0021399986,-0.050506067,1.0169749,1.0226333,0.979543,1.0004133,1.0385249,1.0607235,0.9402162,0.8581161,0.93316895,0.98801976,0.9931525,0.98517156,0.9605043,0.95647955,0.023240523,0.026031457,0.045064513,0.056296434,0.07003716,0.001162779,-0.0011012156,0.003263534,0.0044400343,0.00039953867,0.0062581017,0.016404357,0.1835587,0.48207274,0.009925684,0.0096546495,0.011802957,-0.016175104,-0.024884813,0.03173405,1.0226333,1.083093,1.0877519,1.0877519,1.1835355,0.95446974,0.95280784,0.90750223,0.81525266,0.81525266,1.0028424,1.0118629,1.0143294,1.0075171,1.0143294,0.9675359,0.96901584,0.94061553,0.92337334,0.8996242,0.8,0.6,0.6,0.73333335,0.73333335,0.6679555,0.36222178,0.5131649,0.67797387,0.5016453,1.0,0.1,0.45,0.6333333,0.25,0.4,0.4,0.15,0.16666667,0.5833333,0.6,-0.3,0.3,0.46666667,-0.33333334,0.1418929,0.3141536,0.7493826,0.4240566,0.63665587,0.108577244,0.114291646,0.3518897,0.4592055,0.5651361,0.6,0.6,0.55,0.53333336,0.46666667,0.4,0.4,0.45,0.46666667,0.53333336,0.2,0.2,0.1,0.06666667,-0.06666667,0.34291145,0.39976734,0.5545084,0.57529294,0.5152326,0.6570885,0.60023266,0.4454916,0.42470708,0.48476738,-0.3141771,-0.20046532,0.109016776,0.15058585,0.030465245,0.86022365,0.94102114,0.9410401,0.96731704,1.0516425,0.10206891,0.248745,0.29752472,0.29966044,0.38442463,0.8503088,0.9484281,1.062777,0.95914656,0.95500237,0.3764238,0.47040313,0.53763986,0.5111506,0.50650173,0.62357616,0.52959687,0.46236014,0.4888494,0.4934983,-0.24715239,-0.059193708,0.07527972,0.022301218,0.013003416
229,SH600570,-0.029763895396684954,0.25,,,,SH600570,恒生电子,2026-08-24,-0.004239228,0.017899267,-0.23683806,0.009891715,0.5526324,0.0037683249,0.21052955,-0.010362619,-0.5789409,1.0042573,1.0141912,0.99621564,1.0034811,1.0458924,1.0912974,0.9952718,0.98203075,1.1377497,1.0064349,1.0341549,1.053881,1.0326099,1.0384218,0.012368234,0.032231145,0.037016723,0.0446287,0.049260717,-0.0036892178,-0.010028094,-0.0032223712,0.0020174053,-0.0006174693,0.22242995,0.8873538,0.26523033,0.15836513,0.04792136,0.00094357465,0.010971561,-0.023268491,-0.061862282,-0.02020645,1.0406795,1.0969714,1.1281921,1.1281921,1.1804091,0.99101555,0.99101555,0.9834418,0.9479667,0.9479667,1.01164,1.0637661,1.0913928,1.0796595,1.0844125,0.9985815,1.0041641,1.0084194,0.9921508,0.9929077,0.4,0.2,0.1,0.3,0.26666668,0.18090515,0.084794335,0.11439132,0.28871238,0.22385453,0.2,0.1,0.4,0.6,0.016666668,0.4,0.7,0.05,0.13333334,0.56666666,-0.2,-0.6,0.35,0.46666667,-0.55,0.25534067,0.2942811,0.61396486,0.45343554,0.32421458,-0.62519765,-0.59629613,0.20672247,0.08270331,0.2655044,0.4,0.2,0.45,0.5,0.41666666,0.6,0.7,0.5,0.46666667,0.56666666,-0.2,-0.5,-0.05,0.033333335,-0.15,0.19874729,0.12451993,0.50844264,0.51922446,0.4410619,0.8012527,0.87548006,0.4915574,0.48077554,0.5589381,-0.60250545,-0.7509601,0.016885245,0.038448915,-0.11787617,1.3376385,1.4172726,2.2259402,2.1184194,2.1044674,0.32955185,0.2796592,1.0387291,0.90879196,0.75317186,0.9434924,0.94853795,0.98220295,0.9879425,1.0263382,0.38166267,0.3364182,0.48450142,0.47083673,0.47858176,0.61833733,0.6635818,0.5154986,0.52916324,0.5214183,-0.23667468,-0.32716358,-0.030997153,-0.05832653,-0.0428365
230,SZ002625,-0.03082678296268038,0.25,,,,,,2026-08-24,-0.0046511283,0.033631537,-0.13829665,0.019678053,0.5851072,0.009302354,0.2765962,-0.015026827,-0.44680765,1.0046729,1.0244429,0.9906542,1.0034294,1.0851879,1.1125013,1.1225642,1.0093174,1.4438292,1.0229795,1.0625226,1.0847727,1.0624144,1.1355331,0.028883679,0.04672135,0.03982307,0.054929297,0.124832675,-0.014987745,-0.014526159,-0.005171724,0.0019964208,-0.005092103,0.67314345,0.88609904,0.59029526,0.102375925,0.50750184,0.006996044,0.002845084,-0.03564127,-0.09136247,0.014683901,1.094163,1.1379955,1.1379955,1.1379955,1.4391577,0.9906542,0.9906542,0.9906542,0.94354874,0.94354874,1.028719,1.1045682,1.1110531,1.1106911,1.2619103,1.0083058,1.0129805,1.0621659,0.9989884,1.0397402,0.2,0.1,0.05,0.23333333,0.11666667,0.09029019,0.06342976,0.06342976,0.29031733,0.113902785,0.2,0.3,0.65,0.76666665,0.016666668,1.0,1.0,1.0,0.13333334,0.56666666,-0.8,-0.7,-0.35,0.6333333,-0.55,0.43380302,0.57663625,0.61227787,-0.13224295,0.16864148,-0.67645615,-0.5262001,-0.27287775,-0.1838108,0.0021177921,0.2,0.2,0.3,0.46666667,0.4,0.8,0.8,0.65,0.5,0.5833333,-0.6,-0.6,-0.35,-0.033333335,-0.18333334,0.042334277,0.124689326,0.26548478,0.490911,0.360518,0.95766574,0.87531066,0.7345152,0.509089,0.63948196,-0.9153314,-0.7506214,-0.46903044,-0.018178001,-0.27896398,1.2442024,1.3975484,1.5473305,1.8379419,2.2479734,0.47443423,0.3844884,0.34802637,0.59654546,0.9444669,1.5373248,1.3785369,1.1774521,1.206203,1.4436331,0.36478323,0.37097865,0.36641377,0.43558994,0.46861356,0.6352168,0.62902135,0.6335862,0.56441003,0.53138644,-0.27043352,-0.2580427,-0.26717243,-0.12882009,-0.06277287
231,SZ000568,-0.03097949271760287,0.3333333333333333,,,,,,2026-08-24,0.0036385104,0.03450709,0.1054424,0.023004683,0.66666543,0.007863896,0.22789219,-0.011502276,-0.3333308,0.99637467,1.0229213,0.9885393,1.0087541,1.0098228,1.06128,0.97918594,0.89755607,1.0646712,1.0009124,1.0253307,1.0332541,1.0158858,0.98235375,0.009568917,0.031196535,0.02618705,0.037375137,0.056872204,-0.0017773315,-0.008937472,-0.0022330289,0.0018378273,0.0012027255,0.08624845,0.7523641,0.25449753,0.18738958,0.13640575,0.0026421873,0.014887916,-0.012040415,-0.042534374,-0.017834136,1.0229213,1.0845525,1.0845525,1.0845525,1.0845525,0.9825745,0.9825745,0.9780153,0.8900714,0.85802865,1.0082113,1.0567427,1.0593148,1.0551058,1.0324428,0.99473774,0.999275,1.0092621,0.9874396,0.9138132,0.6,0.3,0.15,0.36666667,0.6,0.43189275,0.17087486,0.20635687,0.5652406,0.62673914,1.0,0.3,0.65,0.76666665,0.8833333,0.4,0.7,0.05,0.06666667,0.33333334,0.6,-0.4,0.6,0.7,0.55,-0.3682163,0.26255104,0.3297464,-0.029008904,-0.06845337,-0.34058177,-0.3008337,0.083662316,0.36822367,0.38275385,0.6,0.5,0.55,0.56666666,0.48333332,0.4,0.5,0.45,0.43333334,0.51666665,0.2,0.0,0.1,0.13333334,-0.033333335,0.41955027,0.29563665,0.5321493,0.58656114,0.46779257,0.58044976,0.70436335,0.46785066,0.4134389,0.5322074,-0.16089948,-0.40872672,0.06429866,0.17312226,-0.06441486,0.84830266,1.0259024,1.2438642,1.4608881,1.3930409,0.19543773,0.3322878,0.4001002,0.65322506,0.5272215,0.931847,1.0529583,0.8953049,1.3275492,1.2987888,0.33073166,0.45442086,0.50936365,0.49260008,0.47729287,0.6692683,0.54557914,0.49063635,0.5073999,0.52270716,-0.33853665,-0.091158286,0.018727329,-0.01479984,-0.04541427
232,SH601898,-0.031359843725923334,0.25,,,,SH601898,中煤能源,2026-08-24,0.031337027,0.04526466,0.69230664,0.013231211,0.29230773,0.00069642597,0.015385644,0.01880224,0.41538453,0.96961516,1.0128292,0.9689399,0.9961542,0.94310826,0.9722479,0.9343201,0.8686401,1.0587419,0.97317296,0.9621184,0.94824237,0.93629354,0.9514416,0.01525664,0.017138695,0.024137273,0.035409186,0.08796879,0.0057354346,0.0033610843,0.0028524124,0.002787556,-0.0019173145,0.35330912,0.35254514,0.4887832,0.48030493,0.14488697,0.015356151,0.022756714,0.024659714,0.023286883,0.10511922,1.0128292,1.0128292,1.0128292,1.0128292,1.1845863,0.94293636,0.9275811,0.88030267,0.84171355,0.80753237,0.97594815,0.96845514,0.9680851,0.96586496,0.9772433,0.9647548,0.94754857,0.93052727,0.91295093,0.87835336,1.0,1.0,1.0,1.0,0.8333333,0.816445,0.84950775,0.9031954,0.92502624,0.51045126,1.0,1.0,1.0,1.0,0.06666667,0.2,0.5,0.35,0.1,0.35,0.8,0.5,0.65,0.9,-0.28333333,0.95319486,0.84286666,0.4048032,-0.11215151,0.22845015,0.9632521,0.77084506,0.7774151,0.5480642,0.35211313,0.6,0.4,0.45,0.43333334,0.4,0.4,0.6,0.55,0.5,0.56666666,0.2,-0.2,-0.1,-0.06666667,-0.16666667,0.89677423,0.61811036,0.6119874,0.62033904,0.478569,0.103225745,0.3818896,0.38801262,0.379661,0.521431,0.7935485,0.23622076,0.22397478,0.24067804,-0.042862,0.6952588,0.62003016,0.67490125,0.8059679,0.8296724,0.18412295,0.15847594,0.20814858,0.302915,0.29711583,1.2392492,1.2671591,1.5063134,1.5362879,1.3077855,0.7936702,0.5744157,0.5489828,0.51220113,0.5037549,0.20632984,0.42558432,0.4510172,0.48779887,0.49624512,0.5873403,0.14883135,0.097965606,0.024402237,0.0075097973
233,SH601100,-0.031381046671516026,0.08333333333333333,,,,SH601100,恒立液压,2026-08-24,-0.008302665,0.044532523,-0.18644047,0.026040247,0.5847467,0.010189612,0.22881283,-0.0241533,-0.5423744,1.0083722,1.0346304,0.98972505,1.0004727,1.0352713,0.9882871,1.003498,1.0084534,1.0326478,0.9918857,1.0036728,1.0027255,1.0058494,1.0410426,0.02845079,0.024223305,0.022592016,0.02235952,0.05075788,-0.00091690087,-0.0032069695,-0.00020632161,-0.00057472085,-0.0021188832,0.0025965462,0.16066982,0.0029190902,0.051202446,0.53150445,0.009948076,0.010758488,-0.00076545443,0.0024840473,0.021464467,1.0407887,1.0467829,1.0674495,1.0702856,1.1735588,0.95518833,0.95518833,0.94071984,0.94071984,0.94071984,1.0106477,1.0215232,1.0215232,1.0251696,1.0909635,0.96393895,0.9929404,0.98599744,0.9869673,1.0005937,0.6,0.3,0.45,0.4,0.2,0.523499,0.48923954,0.46776882,0.4575296,0.25459716,0.2,0.5,0.25,0.06666667,0.41666666,0.6,0.8,0.1,0.4,0.7,-0.4,-0.3,0.15,-0.33333334,-0.28333333,-0.2761406,-0.02134895,0.07487562,0.034612235,0.6071455,-0.19447967,0.11471943,0.087978706,0.048575666,0.119432665,0.4,0.6,0.45,0.43333334,0.48333332,0.6,0.4,0.55,0.53333336,0.5,-0.2,0.2,-0.1,-0.1,-0.016666668,0.36051145,0.5280243,0.4950827,0.49257416,0.48822495,0.6394886,0.47197565,0.50491726,0.50742584,0.511775,-0.2789771,0.056048673,-0.009834572,-0.014851663,-0.023550076,1.5453762,1.580403,1.5980906,1.5927247,2.1331346,0.63869566,0.53260976,0.44764444,0.40951192,0.88879967,1.3113365,1.2256904,1.3039026,1.133295,1.3963381,0.4246187,0.4767973,0.5031313,0.46576568,0.48242757,0.57538134,0.5232027,0.4968687,0.5342343,0.51757246,-0.15076263,-0.046405386,0.0062625865,-0.068468615,-0.035144888
234,SZ302132,-0.03155922250974942,0.25,,,,,,2026-08-24,0.0124999955,0.05232145,0.23890767,0.022857148,0.43686,0.016964307,0.32423234,0.006607154,0.12628002,0.9876543,1.0225749,0.97089946,1.0024335,1.0476191,1.0543137,1.0036967,0.9552043,1.0915997,1.0148445,1.0205204,1.02267,1.0045233,1.0162636,0.024976056,0.01963466,0.017045278,0.034458376,0.037166618,-0.012172557,-0.0026415065,-0.0005282366,0.002613206,-0.00055150373,0.5938216,0.16590825,0.03361374,0.44571713,0.06715691,0.009500534,-0.008633669,-0.017651748,-0.04241473,5.8109017e-06,1.0650826,1.0650826,1.0650826,1.0650826,1.1268196,0.97089946,0.97089946,0.97089946,0.9128682,0.9128682,1.0173478,1.0301083,1.032856,1.0266854,1.0380545,1.001956,1.0050064,1.0054314,0.9805623,0.99658865,0.2,0.1,0.05,0.3,0.26666668,0.30897847,0.30897847,0.30897847,0.5724284,0.4072505,0.4,0.7,0.85,0.9,0.16666667,1.0,1.0,1.0,0.033333335,0.51666665,-0.6,-0.3,-0.15,0.8666667,-0.35,0.5463083,0.5765886,0.59387344,0.15282905,0.2589805,-0.33272895,0.08273843,0.3194067,0.23800926,0.4726785,0.4,0.4,0.45,0.5,0.41666666,0.6,0.6,0.55,0.5,0.5833333,-0.2,-0.2,-0.1,0.0,-0.16666667,0.17539695,0.31626612,0.49300885,0.5484663,0.4568064,0.8246031,0.6837339,0.50699115,0.45153368,0.54319364,-0.6492061,-0.36746773,-0.013982294,0.09693267,-0.08638723,1.1380534,1.2601172,1.2425992,1.301231,1.3346347,0.429756,0.45058513,0.3938777,0.37088126,0.47866535,1.6404411,1.2179137,1.3915434,1.1432437,1.8605316,0.21053788,0.38398215,0.4590004,0.47726488,0.48914492,0.7894621,0.6160178,0.5409996,0.5227351,0.5108551,-0.57892424,-0.23203567,-0.081999205,-0.045470264,-0.021710187
235,SZ000063,-0.03170215619153728,0.16666666666666666,,,,,,2026-08-24,-0.0051050805,0.018918902,-0.2698402,0.0066066333,0.3492081,0.007207188,0.3809517,-0.004504526,-0.23809658,1.0051312,1.0117718,0.99275583,1.0013767,1.0872339,1.035319,1.0511829,1.1940275,1.095009,1.0234298,1.0427488,1.0369829,1.0567648,1.0865616,0.02201887,0.028644169,0.022964057,0.05112763,0.056498963,-0.011622483,-0.0061217793,0.00057508674,-0.0030530854,-0.0017739212,0.69654274,0.41869166,0.021950152,0.27635556,0.3006682,-0.00018477914,-0.015200806,-0.042446226,-0.012495079,-0.034230936,1.0800009,1.0926671,1.0926671,1.2399403,1.2822936,0.99275583,0.99275583,0.99275583,0.9658942,0.9658942,1.0291094,1.0626745,1.0581455,1.0736921,1.1332462,1.0130398,1.0189635,1.0189635,1.0203546,1.0370065,0.2,0.1,0.05,0.033333335,0.016666668,0.0830325,0.07250603,0.07250603,0.12445279,0.10779352,0.2,0.5,0.75,0.033333335,0.48333332,1.0,1.0,1.0,0.2,0.6,-0.8,-0.5,-0.25,-0.16666667,-0.11666667,0.40441492,0.7460023,0.59530395,0.64171773,0.7267043,-0.5765047,0.49595442,0.37655148,0.4049794,0.5269769,0.2,0.3,0.4,0.4,0.46666667,0.8,0.7,0.55,0.56666666,0.51666665,-0.6,-0.4,-0.15,-0.16666667,-0.05,0.05273517,0.40639442,0.41982523,0.36794016,0.4727756,0.94726485,0.5936056,0.58017474,0.6320599,0.5272244,-0.89452964,-0.18721117,-0.16034953,-0.2641197,-0.0544488,1.2077656,1.6941462,1.7019911,2.4214118,2.7862756,0.5740722,0.8674109,0.6450968,1.3614416,1.3997992,1.1032234,1.1156162,1.1210065,1.6056994,1.3598405,0.22223295,0.47591034,0.46230373,0.4262992,0.47532922,0.77776706,0.52408963,0.5376963,0.5737008,0.5246708,-0.55553406,-0.048179306,-0.07539255,-0.14740159,-0.049341567
236,SH600515,-0.03226300901702945,0.08333333333333333,,,,SH600515,海南机场,2026-08-24,-0.017857134,0.028571414,-0.625,0.0071428535,0.25,0.0035714267,0.125,-0.02142856,-0.75,1.0181818,1.0254545,0.99636364,1.0085938,1.04,1.0655556,1.0177778,0.9777778,1.1677778,1.0226667,1.0364444,1.0495555,1.0357037,1.042463,0.016416632,0.020210143,0.022942709,0.028344011,0.04209223,-0.0065555517,-0.005791247,-0.0024294085,0.0011785928,-0.0008721872,0.39864877,0.75269115,0.39244583,0.13400057,0.13095298,-0.009555546,-0.01038382,-0.026476167,-0.05279329,-0.016733438,1.0475789,1.0768827,1.0978746,1.0978746,1.1669687,0.99636364,0.99636364,0.99636364,0.96707517,0.9605861,1.0373333,1.0497779,1.0662222,1.0628889,1.0780001,1.0115556,1.0206666,1.0351111,1.0131111,1.0068889,0.2,0.1,0.05,0.13333334,0.18333334,0.07100149,0.04516148,0.03582233,0.25171992,0.19097508,0.2,0.3,0.3,0.53333336,0.016666668,1.0,1.0,1.0,0.033333335,0.33333334,-0.8,-0.7,-0.7,0.5,-0.31666666,-0.5113931,-0.19370288,0.39449707,-0.18725805,-0.13057311,-0.05198339,0.06324485,0.18112607,0.021919576,0.17489429,0.2,0.3,0.45,0.53333336,0.45,0.8,0.7,0.55,0.46666667,0.5,-0.6,-0.4,-0.1,0.06666667,-0.05,0.28048778,0.27480918,0.46747965,0.52415454,0.40713406,0.7195122,0.7251908,0.53252035,0.47584543,0.59286594,-0.43902445,-0.45038167,-0.065040685,0.04830913,-0.18573189,0.77775013,0.7461789,0.8724709,0.9532585,1.0250939,0.15157901,0.13554822,0.19098811,0.22030815,0.25113314,0.5678019,0.67359304,0.6226547,0.7093013,0.8789547,0.757906,0.55952233,0.50577605,0.45866102,0.48528156,0.242094,0.44047764,0.49422395,0.541339,0.5147184,0.51581204,0.1190447,0.011552114,-0.08267793,-0.029436857
237,SH601901,-0.03290435562541074,0.25,,,,SH601901,方正证券,2026-08-24,-0.011887089,0.016344713,-0.72727424,0.0029717495,0.18181716,0.0014858748,0.09090858,-0.013372964,-0.8181828,1.0120301,1.0150375,0.99849623,1.0062732,1.0249653,1.0485437,1.0554785,1.0624132,1.0249653,1.0097086,1.0226074,1.0377947,1.0433657,1.0380259,0.0068650935,0.015569303,0.019655226,0.018999392,0.036780152,-0.0033287029,-0.0049510365,-0.0028834238,-0.0016439903,0.00061224436,0.5877561,0.92696923,0.75323224,0.5802576,0.084512785,-0.0030512947,-0.0003277963,-0.010402183,-0.019527812,-0.056087077,1.0239838,1.0521272,1.0654907,1.0792601,1.1579772,0.99849623,0.99849623,0.99849623,0.99849623,0.9470957,1.0147017,1.0407767,1.0571429,1.0599167,1.0624132,1.0055479,1.009154,1.0171983,1.0260749,1.009154,0.2,0.1,0.05,0.033333335,0.175,0.05899918,0.028038852,0.0224459,0.018619085,0.25087208,0.2,0.3,0.35,0.06666667,0.3,1.0,1.0,1.0,1.0,0.1,-0.8,-0.7,-0.65,-0.93333334,0.2,-0.5471801,-0.22161758,0.21101807,0.3968919,0.3740817,-0.284887,-0.08279568,-0.119252674,0.07255777,0.52235234,0.2,0.1,0.3,0.33333334,0.36666667,0.8,0.8,0.55,0.53333336,0.53333336,-0.6,-0.7,-0.25,-0.2,-0.16666667,0.17857091,0.111110784,0.27272707,0.36363629,0.48308268,0.8214291,0.8888892,0.7272729,0.6363637,0.5169173,-0.64285815,-0.77777845,-0.45454586,-0.27272743,-0.033834614,0.71512204,0.7336984,0.8057974,0.97282046,1.3928726,0.18184508,0.17869695,0.19874334,0.37643293,0.9126765,0.51193506,0.8036223,1.0553858,1.078134,2.0717554,0.5473216,0.65269977,0.4546614,0.48482382,0.48900265,0.45267835,0.34730023,0.54533863,0.5151762,0.51099735,0.09464328,0.30539957,-0.09067723,-0.030352352,-0.021994738
238,SZ301236,-0.033605546218584366,0.08333333333333333,,,,,,2026-08-24,-0.017426282,0.024396744,-0.7142872,0.0029490513,0.12087889,0.004021411,0.16483392,-0.016353922,-0.6703322,1.0177354,1.0207367,0.99590725,1.0077344,1.0652096,1.1173537,0.9724433,1.1232926,0.9003445,1.0279844,1.055066,1.055446,1.0508295,1.0814468,0.034733504,0.039325617,0.063084714,0.058307238,0.06358346,-0.018018764,-0.011906687,0.0014658929,0.0005751068,-0.0017153547,0.6728105,0.84031516,0.018898364,0.0075396956,0.22198279,0.008053184,-0.0014858448,-0.06937202,-0.05916854,-0.030843792,1.1074347,1.1450827,1.1884869,1.1884869,1.2758775,0.99590725,0.99590725,0.93254143,0.92524,0.92524,1.0332106,1.0895356,1.1142179,1.0959734,1.138235,1.0115929,1.0168666,1.0089322,1.0089322,1.0245398,0.2,0.1,0.2,0.2,0.1,0.036697086,0.027435705,0.26356608,0.283992,0.21321172,0.2,0.1,0.35,0.56666666,0.11666667,1.0,1.0,0.1,0.33333334,0.6666667,-0.8,-0.9,0.25,0.23333333,-0.55,0.8491972,0.6651336,0.7670563,0.68075305,0.79376185,0.5910852,0.54182,0.839084,0.65076625,0.607833,0.4,0.3,0.35,0.43333334,0.5,0.6,0.7,0.65,0.56666666,0.5,-0.2,-0.4,-0.3,-0.13333334,0.0,0.21846192,0.15309007,0.526044,0.42929152,0.5239099,0.78153807,0.84690994,0.473956,0.57070845,0.47609004,-0.56307614,-0.6938199,0.05208801,-0.14141694,0.04781989,1.9003603,1.9108073,2.236763,2.3005004,3.0325813,1.2710519,0.85638744,1.1577938,0.9813177,1.4393119,1.2781545,1.375175,1.8573345,1.5835018,1.3467674,0.43781245,0.40001085,0.49172068,0.45416158,0.49118066,0.56218755,0.5999892,0.5082793,0.5458384,0.50881934,-0.124375105,-0.1999783,-0.01655866,-0.09167685,-0.017638693
239,SH600026,-0.03437101970905374,0.3333333333333333,,,,SH600026,中远海能,2026-08-24,-0.02197237,0.038323894,-0.5733334,0.014307613,0.373334,0.002043913,0.053332597,-0.03423607,-0.8933348,1.022466,1.0370951,0.99791014,1.0147918,0.9247109,0.9225598,0.83275074,0.7819306,0.99166435,0.9753159,0.9274536,0.90821457,0.8695438,0.8935242,0.034596168,0.05832662,0.05108538,0.07172274,0.08615426,0.018526483,0.018496338,0.006520672,0.0073497454,-0.00061581575,0.7169188,0.9218269,0.5702424,0.81382793,0.015582887,-0.01236891,-0.010687131,0.02983906,0.023884917,0.124642335,1.0370951,1.0370951,1.0370951,1.0370951,1.1624092,0.92202276,0.8510505,0.8050698,0.7345671,0.7345671,1.0045711,0.9655822,0.9435332,0.9264856,0.95654744,0.9532132,0.87399834,0.87399834,0.8110245,0.82269424,0.8,0.9,0.95,0.96666664,0.8833333,0.677637,0.800612,0.84012496,0.87738305,0.6203992,1.0,1.0,1.0,1.0,0.28333333,0.2,0.1,0.05,0.13333334,0.56666666,0.8,0.9,0.95,0.8666667,-0.28333333,0.69095075,0.5940933,0.48805597,0.059981205,0.3723586,0.36074507,-0.18452966,0.05330246,0.0967141,-0.19670469,0.6,0.6,0.6,0.6,0.46666667,0.4,0.4,0.4,0.4,0.51666665,0.2,0.2,0.2,0.2,-0.05,0.80836964,0.6425742,0.68871355,0.66110444,0.5023076,0.19163035,0.3574258,0.31128648,0.33889553,0.4976924,0.61673933,0.2851484,0.37742704,0.32220894,0.004615194,0.99267876,0.8120757,0.7513117,0.7871731,0.9222737,0.29842484,0.34533137,0.27524477,0.23667152,0.3765485,1.2862047,1.2025214,1.251119,1.0281161,1.0944359,0.6238716,0.5869031,0.52280307,0.51871485,0.50620925,0.37612838,0.4130969,0.4771969,0.48128513,0.49379078,0.24774325,0.17380618,0.045606177,0.037429735,0.012418471
240,SZ000776,-0.03487058870059351,0.08333333333333333,,,,,,2026-08-24,0.008304846,0.024914537,0.33333334,0.016609691,0.6666667,0.0,0.0,-0.008304846,-0.33333334,0.99176353,1.0164729,0.99176353,1.0018923,1.0276738,1.01358,1.036042,1.0048448,0.8936358,0.9979887,1.0089848,1.0075938,1.0237491,1.0185019,0.015077915,0.016771829,0.014316564,0.028931033,0.0670968,-0.0036335639,-0.0036186602,-0.00025018607,-0.0022648666,0.0010024296,0.14518543,0.42672318,0.010688497,0.4749623,0.06807757,0.009278413,0.0072991364,-0.0052170414,0.009091485,-0.048073504,1.0286138,1.0508708,1.0508708,1.1022626,1.2030654,0.97871214,0.97871214,0.97871214,0.97691435,0.8737509,1.0044631,1.0253248,1.0227997,1.0464509,1.0754312,0.987022,0.994524,0.9947883,1.002349,0.98432064,0.8,0.4,0.3,0.2,0.3,0.42659605,0.29501456,0.29501456,0.1841719,0.38336942,0.2,0.3,0.65,0.06666667,0.36666667,0.6,0.8,0.9,0.033333335,0.11666667,-0.4,-0.5,-0.25,0.033333335,0.25,-0.27112854,0.42725003,0.22372197,0.6855657,0.5379963,-0.49157265,-0.2580564,-0.08964126,0.20127651,0.45269307,0.4,0.5,0.5,0.53333336,0.53333336,0.6,0.5,0.5,0.46666667,0.46666667,-0.2,0.0,0.0,0.06666667,0.06666667,0.2715147,0.4448419,0.43416458,0.49561054,0.53937286,0.7284853,0.5551581,0.5658354,0.50438946,0.46062717,-0.45697057,-0.11031619,-0.13167085,-0.008778948,0.078745686,0.9386413,1.1345035,1.181511,1.4174397,1.8651905,0.23538259,0.27033532,0.24893789,0.48548523,0.974758,1.3505878,0.9780082,0.8066181,1.0565097,1.311299,0.45089906,0.53064644,0.49656022,0.48015568,0.4870368,0.54910094,0.46935356,0.5034398,0.51984435,0.5129632,-0.09820188,0.061292868,-0.006879542,-0.03968867,-0.025926396
241,SH600660,-0.0355459763315722,0.08333333333333333,,,,SH600660,福耀玻璃,2026-08-24,-0.0021198073,0.018724604,-0.11320973,0.009538958,0.50943446,0.0070658377,0.3773558,-0.0045929276,-0.24528837,1.0021243,1.0116836,0.99291915,1.002297,0.9853066,1.0017697,0.9785805,0.90281516,0.93220013,1.0094887,0.99690217,1.0067534,0.99173915,0.95203,0.014001241,0.017312532,0.024849812,0.034045156,0.05125666,-0.00084978726,0.0038355356,-0.0017038122,0.0018266847,0.0020073124,0.009209317,0.44992718,0.16453762,0.22310959,0.46776652,-0.007789101,-0.014162097,0.00943272,-0.01822606,-0.01124569,1.0359364,1.0359364,1.0621359,1.0621359,1.0621359,0.97185403,0.96123296,0.96123296,0.8847587,0.84138775,1.0238271,1.008533,1.0238271,1.0109048,0.9973099,0.99883175,0.9844923,0.9871483,0.97231317,0.89746875,0.4,0.7,0.5,0.6666667,0.8333333,0.43921587,0.5189462,0.3842009,0.6496959,0.71852106,0.8,0.9,0.15,0.43333334,0.71666664,0.4,0.4,0.7,0.033333335,0.3,0.4,0.5,-0.55,0.4,0.41666666,0.8816643,0.7146866,0.7277771,0.32779318,0.04155671,0.86889213,0.8497712,0.64329594,0.6079222,0.56133723,0.4,0.3,0.35,0.43333334,0.41666666,0.6,0.7,0.65,0.56666666,0.5833333,-0.2,-0.4,-0.3,-0.13333334,-0.16666667,0.6136995,0.49322724,0.5345902,0.61019427,0.5398377,0.3863005,0.50677276,0.4654098,0.3898057,0.4601623,0.22739902,-0.01354553,0.0691804,0.22038858,0.079675384,1.9257541,1.6280199,1.8719317,1.9126633,1.9409233,1.5065391,1.08618,0.92483616,0.8218079,0.81715196,1.666145,1.5120435,1.3432665,1.260238,1.3854382,0.48004717,0.46692702,0.47283766,0.4803584,0.4830068,0.51995283,0.533073,0.5271624,0.5196416,0.5169932,-0.03990564,-0.066145964,-0.05432469,-0.0392832,-0.033986412
242,SZ000100,-0.03651424364717625,0.25,,,,,,2026-08-24,-0.025742607,0.037623767,-0.6842113,0.0019801934,0.05263145,0.009900967,0.26315725,-0.017821833,-0.4736855,1.0264229,1.0284553,0.9898374,1.004845,1.0550556,0.9899417,1.0365273,0.977766,0.8533616,1.0272102,1.0337745,1.0065644,1.0158991,1.0171167,0.02359639,0.020038623,0.033218894,0.032762222,0.06940084,-0.0134462835,-0.0025538602,0.003798804,-5.0994844e-05,0.0008448906,0.8118081,0.14889152,0.45771113,0.00018776194,0.04520342,-0.00031762308,-0.022282135,-0.042652972,-0.015159655,-0.042040933,1.0732446,1.0853736,1.0853736,1.0873477,1.272503,0.9898374,0.9818529,0.94536686,0.94536686,0.84912175,1.034198,1.0516676,1.0365273,1.045315,1.0550556,1.0177872,1.0210694,0.97787195,0.9895182,0.9672843,0.2,0.1,0.5,0.33333334,0.41666666,0.12184309,0.17529944,0.390218,0.3847922,0.35636497,0.2,0.3,0.65,0.2,0.36666667,1.0,0.1,0.25,0.5,0.033333335,-0.8,0.2,0.4,-0.3,0.33333334,0.4759459,0.19660114,-0.06619465,0.2543913,0.29126176,-0.15872027,0.22071944,0.15152326,0.32598215,0.493449,0.2,0.5,0.55,0.53333336,0.51666665,0.6,0.4,0.4,0.43333334,0.45,-0.4,0.1,0.15,0.1,0.06666667,0.13380298,0.5331011,0.43915334,0.5197368,0.54200786,0.86619705,0.46689892,0.5608466,0.48026317,0.45799214,-0.73239404,0.066202186,-0.1216933,0.03947368,0.08401572,1.0491034,1.2586641,1.2878618,1.4746621,2.515305,0.26616886,0.43550816,0.35577914,0.51161873,1.4141246,1.1003414,0.8755059,0.9670592,1.4605483,1.3248917,0.5015392,0.48749146,0.48801598,0.43477502,0.47967097,0.49846086,0.5125086,0.51198405,0.56522495,0.52032906,0.0030782926,-0.025017094,-0.023968043,-0.13044995,-0.040658083
243,SZ002230,-0.03652646070252395,0.08333333333333333,,,,,,2026-08-24,-0.007141034,0.015812267,-0.45161358,0.0020402647,0.1290305,0.0066309683,0.41935593,-0.002550331,-0.16128813,1.0071924,1.0092473,0.99332136,0.9988474,1.0773207,1.1171373,1.0205474,1.0762868,1.2275631,1.0224987,1.053632,1.0702777,1.0630685,1.0775704,0.022412434,0.036973644,0.043359056,0.03892341,0.055177588,-0.013176302,-0.011868841,-0.002374045,4.2834432e-05,-0.0013426236,0.8640703,0.9445905,0.10492679,9.385686e-05,0.18058552,0.0038538259,-0.0002221794,-0.047724217,-0.0636896,-0.037963044,1.0688338,1.1212379,1.1643987,1.1643987,1.2780608,0.99332136,0.99332136,0.99332136,0.99023664,0.99023664,1.0316954,1.0810655,1.1171373,1.1000301,1.1171373,1.0053389,1.0196226,1.0238824,1.0238824,1.0339361,0.2,0.1,0.05,0.06666667,0.033333335,0.08844445,0.052211106,0.03903883,0.056059003,0.033921234,0.2,0.1,0.35,0.56666666,0.016666668,1.0,1.0,1.0,0.33333334,0.6666667,-0.8,-0.9,-0.65,0.23333333,-0.65,0.71329844,0.08757512,0.5969408,0.5871415,0.4532636,-0.42650554,-0.45376593,0.50073445,0.33877364,0.19901277,0.2,0.2,0.4,0.4,0.46666667,0.8,0.8,0.6,0.6,0.53333336,-0.6,-0.6,-0.2,-0.2,-0.06666667,0.028217545,0.04945804,0.46220347,0.4153031,0.40443072,0.97178245,0.950542,0.5377965,0.5846969,0.5955693,-0.9435649,-0.90108395,-0.075593054,-0.16939376,-0.1911386,1.3809882,1.319523,1.6996737,1.6461953,1.799595,0.3823044,0.27443343,0.7393127,0.62205815,0.56938034,0.86162376,0.91886455,1.646673,1.4014473,1.014998,0.4714749,0.44092706,0.4983325,0.46558154,0.46674025,0.5285251,0.559073,0.5016675,0.53441846,0.53325975,-0.057050213,-0.11814589,-0.003335002,-0.06883692,-0.066519514
244,SH603799,-0.03767118214052681,0.25,,,,SH603799,华友钴业,2026-08-24,-0.0098522175,0.04581278,-0.21505393,0.028817708,0.6290321,0.007142853,0.155914,-0.031527072,-0.68817204,1.0099503,1.0390548,0.99278605,1.015275,1.0711325,1.1460241,0.9968193,0.98139757,1.3631808,1.0027952,1.0351903,1.0316048,1.0140852,1.1132225,0.024946075,0.039410133,0.04629289,0.050881855,0.12660459,-0.005715658,-0.011159107,0.0010619807,0.0027048418,-0.005620504,0.13124055,0.7349444,0.01841928,0.2190078,0.60110646,0.0086361505,0.015025634,-0.04169362,-0.053305335,0.05258238,1.0681591,1.1244131,1.1733873,1.1733873,1.3806081,0.9714252,0.9714252,0.95549023,0.8850516,0.8850516,1.0160964,1.0727326,1.0727326,1.0499469,1.2490988,0.9828241,0.99676144,0.9910361,0.98243856,0.9926361,0.6,0.3,0.35,0.5,0.26666668,0.2953961,0.18677822,0.20426975,0.3986616,0.2319582,0.2,0.1,0.5,0.6666667,0.26666668,0.8,0.9,0.1,0.16666667,0.5833333,-0.6,-0.8,0.4,0.5,-0.31666666,0.23361358,0.48797974,0.78304136,0.57979363,0.14340185,0.046976324,0.09480532,0.50230515,0.53043383,0.38252774,0.2,0.3,0.4,0.43333334,0.4,0.8,0.7,0.6,0.56666666,0.6,-0.6,-0.4,-0.2,-0.13333334,-0.2,0.23222043,0.21010332,0.5031303,0.510411,0.40583768,0.7677796,0.78989667,0.49686968,0.48958895,0.59416234,-0.5355592,-0.57979333,0.0062606353,0.020822084,-0.18832463,1.1473569,1.274643,1.40865,1.3826276,1.3302547,0.22241795,0.36360183,0.6444166,0.571271,0.45781228,0.9088464,1.0482947,1.2210338,1.0937535,1.0458382,0.48006368,0.22019354,0.5082059,0.49439362,0.50066125,0.5199363,0.77980644,0.4917941,0.50560635,0.49933878,-0.039872628,-0.55961293,0.0164118,-0.011212753,0.0013224741
245,SZ300628,-0.03807118304254995,0.25,,,,,,2026-08-24,0.0129682915,0.037223846,0.34838668,0.02113357,0.5677428,0.0031219819,0.083870485,-0.005043298,-0.13548568,0.98719776,1.020863,0.9841157,0.9992804,0.9511565,0.949022,0.9013756,0.7975336,0.857038,0.977567,0.9575349,0.9431794,0.9218628,0.87430924,0.02885639,0.029367063,0.026633402,0.041249536,0.06566143,0.014676785,0.008492842,0.0036818995,0.004131746,0.0024565728,0.6467224,0.7666489,0.668896,0.7775544,0.4269121,-0.006920569,0.00424728,0.021842517,0.018226933,0.053221848,1.020863,1.020863,1.020863,1.020863,1.020863,0.94143385,0.92034227,0.8759991,0.78236234,0.76196843,1.0010413,0.9914623,0.9496386,0.9450378,0.93504095,0.94821566,0.9356101,0.92593396,0.89373904,0.80161273,0.8,0.9,0.95,0.96666664,0.98333335,0.7373382,0.79245067,0.855982,0.9125243,0.919415,1.0,1.0,1.0,1.0,1.0,0.4,0.3,0.1,0.033333335,0.28333333,0.6,0.7,0.9,0.96666664,0.71666664,0.59715044,0.74057007,0.30827618,0.2675857,0.57271487,0.41601893,0.48038203,0.48965585,0.77106094,0.6027246,0.4,0.5,0.55,0.53333336,0.5,0.6,0.5,0.45,0.46666667,0.5,-0.2,0.0,0.1,0.06666667,0.0,0.75753236,0.6725799,0.7051639,0.706107,0.56607753,0.24246761,0.32742012,0.2948361,0.293893,0.43392247,0.5150648,0.34515977,0.41032776,0.412214,0.13215503,1.0406086,0.8356451,0.90659547,0.9252493,0.8371004,0.38273028,0.33819914,0.26016173,0.26474518,0.26662403,1.5864044,1.7849576,1.6296309,1.6146691,1.492427,0.6138221,0.5332894,0.52039576,0.5403303,0.5119436,0.38617793,0.4667106,0.47960427,0.45966968,0.48805642,0.22764418,0.06657879,0.040791478,0.080660634,0.023887154
246,SZ300122,-0.03830038175427027,0.25,,,,,,2026-08-24,-0.06758723,0.08575575,-0.7881364,0.01598831,0.18644011,0.0021802105,0.025423491,-0.08139533,-0.949153,1.0724864,1.0896336,0.99766177,1.0318176,1.00468,1.040482,0.972622,0.92745996,1.0592021,1.025038,1.0242658,1.0199426,1.0064428,0.97991693,0.07843308,0.053007677,0.040409032,0.04072964,0.048008133,0.019737931,0.0017018219,0.0016375622,0.0023229278,0.0012189564,0.15832324,0.009448484,0.05747867,0.2520879,0.19662853,-0.06451387,-0.031924006,-0.035499495,-0.040125243,-0.015876133,1.1285831,1.1285831,1.1285831,1.1285831,1.1285831,0.93756354,0.93756354,0.93756354,0.91425806,0.8627784,1.0923599,1.0478296,1.0392652,1.0304668,1.019305,0.96623373,0.9945244,0.99499243,0.972622,0.9425529,0.6,0.3,0.3,0.43333334,0.6666667,0.326859,0.326859,0.326859,0.4000556,0.51624966,0.6,0.8,0.9,0.93333334,0.96666664,0.4,0.7,0.85,0.033333335,0.33333334,0.2,0.1,0.05,0.9,0.6333333,0.78903717,0.6588779,0.6333969,0.53557175,0.33832926,0.8102271,0.7448793,0.71208924,0.65247643,0.61954975,0.2,0.2,0.4,0.5,0.45,0.8,0.8,0.6,0.5,0.5,-0.6,-0.6,-0.2,0.0,-0.05,0.4938499,0.45244637,0.5235697,0.54211956,0.4806427,0.5061501,0.54755366,0.47643027,0.45788044,0.5193573,-0.012300215,-0.09510727,0.047139447,0.08423914,-0.038714595,0.94101036,0.7083721,0.5664354,0.55321765,0.48506463,0.5773109,0.46177945,0.3581492,0.30454278,0.23728119,1.0111684,1.5984354,1.9897372,1.8606513,1.8239774,0.6235421,0.5782735,0.5857762,0.55101156,0.5386981,0.37645796,0.4217265,0.4142238,0.4489884,0.46130192,0.24708411,0.15654698,0.17155243,0.102023154,0.07739618
247,SZ301269,-0.03851401301379871,0.25,,,,,,2026-08-24,-0.040685493,0.053826705,-0.75586075,0.0007358742,0.013671173,0.012405337,0.23046808,-0.029016031,-0.5390639,1.042411,1.0431781,0.98706853,1.0072489,1.086876,1.0206017,1.0106823,1.3132766,1.2532157,1.0516678,1.0596905,1.0253161,1.0485212,1.1123139,0.042025156,0.031324554,0.047967397,0.07300307,0.104548104,-0.024940062,-0.005456796,0.0055635315,-0.0024498312,-0.0025096054,0.88047373,0.27817434,0.47084382,0.08727539,0.17574315,-0.0017876521,-0.035134874,-0.078169696,-0.012998661,-0.03828046,1.1320966,1.1320966,1.1320966,1.335923,1.4023774,0.98706853,0.98706853,0.93348956,0.93348956,0.93348956,1.0734468,1.0796381,1.065206,1.0796381,1.2066275,1.0297362,1.0420536,0.9833007,0.99727494,1.0258338,0.2,0.1,0.35,0.23333333,0.11666667,0.089165226,0.089165226,0.3348846,0.16527069,0.14184724,0.2,0.6,0.8,0.033333335,0.5,1.0,1.0,0.15,0.43333334,0.71666664,-0.8,-0.4,0.65,-0.4,-0.21666667,0.7899516,0.63986623,0.21293312,0.64927715,0.84393704,0.07383758,0.49147487,0.418028,0.296956,0.4937167,0.4,0.6,0.6,0.46666667,0.45,0.6,0.4,0.4,0.53333336,0.55,-0.2,0.2,0.2,-0.06666667,-0.1,0.21956357,0.4629847,0.4891208,0.33437064,0.44559464,0.78043646,0.53701526,0.5108792,0.6656293,0.5544054,-0.56087285,-0.074030556,-0.021758407,-0.3312587,-0.10881073,1.2165126,1.3257327,1.3495685,1.63501,2.5251725,0.33800918,0.38399285,0.30559686,0.63139683,1.2161741,0.6394554,0.8580116,0.81200665,0.953181,1.283646,0.27814966,0.49602363,0.49448583,0.320326,0.4231647,0.72185034,0.5039764,0.5055142,0.679674,0.57683533,-0.44370064,-0.007952777,-0.0110283615,-0.35934803,-0.15367064
248,SH600048,-0.03881346189819534,0.16666666666666666,,,,SH600048,保利发展,2026-08-24,-0.023166055,0.038610023,-0.6000011,0.0038609742,0.09999927,0.011582992,0.29999962,-0.015444037,-0.40000072,1.0237155,1.027668,0.9881423,1.002619,1.0315938,1.0592477,0.990113,0.9229111,1.1329913,1.0264496,1.0384998,1.0360318,1.0188076,0.99952674,0.015458404,0.01988544,0.01937165,0.032937437,0.05280973,-0.007894733,-0.005469954,8.216439e-05,0.0025313753,0.00046737533,0.6520571,0.6935989,0.00062965427,0.45775715,0.023889305,-0.010660142,-0.013885068,-0.036812384,-0.05551256,-0.013314296,1.0691612,1.0908477,1.0908477,1.0908477,1.1467549,0.9881423,0.9881423,0.9821526,0.9150117,0.8912431,1.0359352,1.0501487,1.0478145,1.0442165,1.0418674,1.0205175,1.0304044,1.0240707,0.990113,0.9362771,0.2,0.1,0.1,0.33333334,0.48333332,0.14635716,0.11545332,0.16419698,0.48333818,0.42564338,0.6,0.2,0.6,0.73333335,0.016666668,1.0,1.0,0.05,0.033333335,0.45,-0.4,-0.8,0.55,0.7,-0.43333334,-0.20020452,0.28467727,0.31544837,0.16179535,0.15185435,0.34453565,0.6207986,0.52135915,0.44131935,0.38626745,0.4,0.3,0.5,0.53333336,0.43333334,0.6,0.7,0.5,0.46666667,0.56666666,-0.2,-0.4,0.0,0.06666667,-0.13333334,0.16744938,0.27293453,0.5179875,0.57770115,0.43118697,0.83255064,0.72706544,0.4820125,0.42229882,0.568813,-0.66510123,-0.45413092,0.035974998,0.15540236,-0.13762604,0.9227941,0.9373302,0.9774393,0.98740417,0.9425166,0.3443805,0.3295768,0.28162032,0.27106246,0.24686633,1.0859746,0.94167596,0.962189,0.91574764,0.9005455,0.6119141,0.50220895,0.5281586,0.5106446,0.47314122,0.38808593,0.49779102,0.47184142,0.48935542,0.5268588,0.22382817,0.004417948,0.05631717,0.021289185,-0.053717557
249,SZ000625,-0.0389541336266526,0.0,,,,,,2026-08-24,-0.0028288718,0.009901051,-0.2857143,0.0042433077,0.42857143,0.0028288718,0.2857143,-0.0042433077,-0.42857143,1.002837,1.0070922,0.9971631,1.0006329,1.0170557,1.0525135,1.0298026,0.9608618,1.1045781,1.005386,1.0178726,1.0456059,1.03576,1.0347037,0.0069706533,0.017347794,0.037016463,0.03509658,0.04719075,-0.00183123,-0.0050535914,-0.005178184,-2.7259615e-05,-0.00067638984,0.17253564,0.77789897,0.6849095,4.675323e-05,0.06265853,-0.0017235378,0.004868614,0.0035868052,-0.035364777,-0.01475029,1.0184026,1.05106,1.1219941,1.1219941,1.1966283,0.99572694,0.99572694,0.99572694,0.9553121,0.928852,1.011885,1.0335009,1.0740575,1.0553502,1.0699462,0.99971277,1.002298,1.0124596,1.010754,0.99964094,0.4,0.2,0.1,0.13333334,0.23333333,0.18844399,0.077224724,0.033841565,0.2681027,0.26569927,0.2,0.1,0.25,0.5,0.033333335,0.4,0.7,0.85,0.033333335,0.33333334,-0.2,-0.6,-0.6,0.46666667,-0.3,0.2108935,0.5769471,0.85156363,0.5957314,0.38690236,-0.17921816,-0.27178937,0.26913494,0.30774495,0.4316957,0.2,0.3,0.4,0.5,0.41666666,0.8,0.7,0.6,0.5,0.56666666,-0.6,-0.4,-0.2,0.0,-0.15,0.32342,0.2467534,0.44560942,0.5460498,0.44702134,0.67658,0.7532466,0.5543906,0.45395023,0.55297863,-0.35316002,-0.5064932,-0.10878118,0.09209956,-0.10595732,1.4162241,1.6672617,2.8004158,2.9578001,3.2479892,0.3603385,0.43004087,1.6304116,1.4712924,1.4349083,0.69977355,0.6844943,1.4893674,1.2436213,1.293368,0.39769405,0.29679915,0.47005805,0.45938528,0.4620754,0.60230595,0.7032009,0.529942,0.5406147,0.5379246,-0.20461187,-0.4064017,-0.05988392,-0.08122946,-0.07584917
250,SZ001979,-0.03932101569278489,0.25,,,,,,2026-08-24,-0.028187944,0.046979863,-0.60000056,0.005369091,0.11428494,0.013422827,0.28571448,-0.020134207,-0.42857102,1.0290055,1.0345304,0.9861878,1.0028286,1.0417911,0.9940299,0.9462687,0.8666667,1.2089553,1.0310447,1.0349253,1.0009453,0.980398,0.9959702,0.019917905,0.020512696,0.039129548,0.04802577,0.095028065,-0.007263678,-0.0010312122,0.0050686416,0.0045399256,-0.0018940308,0.33248025,0.023166588,0.58727497,0.69254905,0.12116304,-0.01651742,-0.03028493,-0.04909738,-0.04622694,0.05990375,1.0850981,1.0850981,1.0850981,1.0850981,1.25878,0.9861878,0.9861878,0.9253876,0.8525839,0.8525839,1.04199,1.0511444,1.0433831,1.0332339,1.0531343,1.0238806,1.0238806,0.9641791,0.94547266,0.9130348,0.2,0.2,0.6,0.7,0.6333333,0.13964337,0.13964337,0.4671727,0.63400906,0.36291865,0.6,0.8,0.9,0.93333334,0.033333335,1.0,1.0,0.35,0.033333335,0.51666665,-0.4,-0.2,0.55,0.9,-0.48333332,0.3884963,0.43371493,-0.111583196,0.081124745,-0.14826304,0.7147392,0.6501328,0.47906125,0.43559465,0.2338682,0.4,0.5,0.6,0.6,0.43333334,0.6,0.5,0.4,0.36666667,0.51666665,-0.2,0.0,0.2,0.23333333,-0.083333336,0.26136374,0.51898724,0.5833333,0.6167247,0.41025642,0.73863626,0.4810128,0.41666672,0.38327527,0.5897436,-0.47727248,0.037974417,0.1666666,0.23344944,-0.17948718,1.0424546,1.0752708,1.1791071,1.1367654,1.0467012,0.18972225,0.39367098,0.37018132,0.34609148,0.3178166,0.5660454,1.4383856,1.077338,1.00077,0.98698884,0.702459,0.427035,0.52873755,0.5000388,0.48536968,0.297541,0.572965,0.47126245,0.49996123,0.5146303,0.404918,-0.14593,0.057475086,7.757038e-05,-0.02926066
251,SH688111,-0.03956325280867013,0.08333333333333333,,,,SH688111,金山办公,2026-08-24,-0.029695543,0.045749445,-0.64909077,0.0023290562,0.05090895,0.013724845,0.30000028,-0.018299753,-0.39999947,1.0306044,1.0330046,0.9858551,1.0061594,1.0948862,1.1255772,1.0321186,0.9710303,1.0163741,1.0468553,1.0756109,1.101778,1.0715342,1.0094963,0.040366903,0.04148584,0.054418862,0.06523792,0.08862094,-0.024523463,-0.012514342,-0.0040808516,0.0029715148,0.0030490938,0.9226834,0.83411837,0.1968207,0.16078937,0.36105108,0.0021916237,-0.019296322,-0.06300995,-0.114621066,-0.09944455,1.1123058,1.1568029,1.2399943,1.2399943,1.2399943,0.9858551,0.9858551,0.9858551,0.9244472,0.8522947,1.0691074,1.1100177,1.1469728,1.1281887,1.095751,1.0246872,1.0347552,1.0492316,1.0215635,0.91739017,0.2,0.1,0.05,0.13333334,0.48333332,0.11186088,0.08274388,0.055658035,0.23943432,0.38097882,0.2,0.1,0.2,0.46666667,0.73333335,1.0,1.0,1.0,0.033333335,0.31666666,-0.8,-0.9,-0.8,0.43333334,0.41666666,0.7482881,0.65989864,0.78929013,0.59243894,0.6657096,-0.2785451,-0.3482424,0.4340163,0.48813814,0.51994836,0.2,0.2,0.45,0.46666667,0.45,0.8,0.8,0.55,0.53333336,0.55,-0.6,-0.6,-0.1,-0.06666667,-0.1,0.110881686,0.12918442,0.46030927,0.5180742,0.49511278,0.8891183,0.8708156,0.53969073,0.48192582,0.5048872,-0.7782366,-0.74163115,-0.079381466,0.036148395,-0.009774431,1.3380804,1.497885,2.0938957,2.0285242,1.7675663,0.41229436,0.36890328,0.9476549,0.8251644,0.73337764,0.8347922,0.9693678,1.552636,1.2706305,1.1156929,0.22184196,0.3808549,0.46997818,0.47772947,0.4876993,0.778158,0.6191451,0.53002185,0.5222705,0.51230067,-0.5563161,-0.23829018,-0.060043648,-0.044541053,-0.024601392
252,SZ000725,-0.03988458594599194,0.16666666666666666,,,,,,2026-08-24,-0.04006676,0.05175291,-0.77419335,0.0,0.0,0.011686152,0.22580665,-0.028380606,-0.5483867,1.0417391,1.0417391,0.98782605,1.0084321,1.0574785,1.0241346,1.0381073,1.1876786,0.88059694,1.0479517,1.0385519,1.015751,1.0335556,1.1205885,0.046803374,0.034809034,0.044898633,0.05646336,0.16316025,-0.02518259,0.00026944652,0.0047553005,-0.0014761108,-0.0023763527,0.7237465,0.00054925325,0.39260674,0.05296709,0.064698316,0.002413476,-0.039764408,-0.06092635,-0.012151982,-0.050486103,1.126858,1.126858,1.126858,1.2467884,1.6519635,0.98782605,0.98782605,0.9198697,0.9198697,0.88078743,1.0610987,1.0475706,1.0438234,1.0555731,1.2452207,1.0208321,1.0173388,0.97732615,0.99860275,1.0065417,0.2,0.1,0.35,0.23333333,0.18333334,0.08756204,0.08756204,0.3871246,0.24510767,0.1545854,0.2,0.6,0.8,0.033333335,0.38333333,1.0,1.0,0.15,0.43333334,0.033333335,-0.8,-0.4,0.65,-0.4,0.35,0.79037356,0.794054,0.3716539,0.5410038,0.62997925,0.567192,0.5734231,0.44491893,0.39870498,0.30128324,0.4,0.5,0.5,0.5,0.56666666,0.6,0.5,0.5,0.5,0.43333334,-0.2,0.0,0.0,0.0,0.13333334,0.37377962,0.4600841,0.47035575,0.41583595,0.5207552,0.6262204,0.53991586,0.52964425,0.5841641,0.47924486,-0.25244078,-0.07983176,-0.059288498,-0.16832814,0.0415103,1.4095303,1.2219502,1.2690643,1.4147428,1.9958405,0.59602565,0.48248586,0.37255317,0.44270074,0.78056633,0.88564974,1.1863862,0.9460218,0.9472067,0.8019902,0.37972423,0.46805373,0.49000934,0.43226272,0.46633777,0.6202758,0.5319463,0.5099907,0.5677373,0.53366226,-0.24055155,-0.06389254,-0.019981334,-0.13547453,-0.067324474
253,SZ000596,-0.03998205746167956,0.16666666666666666,,,,,,2026-08-24,0.0049889465,0.027716255,0.18000074,0.019844813,0.71599907,0.0028824967,0.10400022,-0.01197337,-0.4319981,0.9950358,1.0197463,0.99216765,1.0084252,1.0484307,1.0653068,0.9680227,0.8384797,0.9877444,1.0215529,1.0500677,1.0337169,1.0159435,0.94926655,0.025564749,0.039551742,0.036032215,0.053239234,0.08552397,-0.015056054,-0.010396126,0.0014295971,0.0032029669,0.0030369689,0.8671202,0.6333201,0.055095162,0.28050655,0.38459605,0.008559182,-0.003285045,-0.047298126,-0.062386546,-0.038857106,1.0765508,1.1508971,1.1508971,1.1508971,1.1508971,0.99216765,0.99216765,0.96084684,0.8321073,0.79845023,1.0331999,1.0944948,1.0629176,1.0596833,1.0270017,1.0,1.0156195,1.0,0.98787963,0.8480363,0.3,0.15,0.225,0.35,0.65833336,0.09281899,0.04934413,0.20601483,0.52665645,0.5718586,0.2,0.3,0.65,0.76666665,0.8833333,1.0,1.0,0.05,0.033333335,0.48333332,-0.8,-0.7,0.6,0.73333335,0.4,0.7583766,0.8356914,0.33348995,0.2697202,0.6503299,-0.08833652,0.25548074,0.3319379,0.47717288,0.46190333,0.2,0.3,0.5,0.56666666,0.46666667,0.6,0.6,0.45,0.4,0.51666665,-0.4,-0.3,0.05,0.16666667,-0.05,0.18225507,0.34849674,0.53788644,0.59906006,0.50490427,0.8177449,0.65150326,0.46211356,0.40093994,0.4950957,-0.6354899,-0.3030065,0.07577287,0.1981201,0.009808592,1.0008302,1.5468551,1.7845862,1.997732,1.4331634,0.2468797,0.7067977,0.64756435,0.819652,0.8269263,0.9048328,1.056334,0.9401883,1.0623454,1.352816,0.13847071,0.36912867,0.4858076,0.5021998,0.4902886,0.8615293,0.63087136,0.5141924,0.49780014,0.5097114,-0.7230586,-0.26174265,-0.028384808,0.0043996894,-0.019422807
254,SZ300274,-0.040263784671645264,0.3333333333333333,,,,,,2026-08-24,-0.038793072,0.06387925,-0.6072875,0.010603453,0.16599213,0.014482725,0.22672033,-0.0349138,-0.54655933,1.0403587,1.05139,0.9849328,1.0180025,1.0654752,1.019826,1.0422417,0.9686072,1.5963273,1.0134549,1.0369972,1.0021812,0.9933556,1.1511225,0.02629989,0.03132438,0.04881185,0.050287694,0.19428101,-0.010305568,-0.008747202,0.004825544,0.0029842479,-0.009284259,0.38386273,0.71480036,0.34206614,0.27292794,0.69652,0.007156278,0.0023652075,-0.04802382,-0.036627166,0.122763164,1.0887055,1.096053,1.096053,1.096053,1.6769494,0.98395014,0.98395014,0.90322816,0.8947989,0.8947989,1.0230718,1.0606631,1.054997,1.0482731,1.3641095,0.99883336,0.9999818,0.9552287,0.94607884,0.97114223,0.6,0.3,0.5,0.56666666,0.3,0.15321246,0.14317061,0.5018639,0.52272767,0.13450238,0.2,0.1,0.55,0.7,0.016666668,0.8,0.9,0.1,0.16666667,0.5833333,-0.6,-0.8,0.45,0.53333336,-0.56666666,0.28139374,0.6466218,0.18884785,0.013226276,0.31277397,-0.14221588,0.2455262,0.27955115,0.26022503,0.109584555,0.2,0.4,0.4,0.5,0.41666666,0.8,0.6,0.6,0.5,0.5833333,-0.6,-0.2,-0.2,0.0,-0.16666667,0.18751113,0.45519513,0.45458102,0.52096456,0.3622226,0.81248885,0.5448049,0.545419,0.47903547,0.6377774,-0.62497777,-0.08960975,-0.09083795,0.041929096,-0.27555478,0.9298594,1.1675057,1.2844518,1.402045,1.5653272,0.26552328,0.42844275,0.4764617,0.4839193,0.5449957,1.2664859,1.2310845,1.2598304,1.148106,1.4774361,0.50755584,0.42583737,0.50126475,0.46804687,0.4792383,0.49244416,0.57416266,0.49873522,0.5319531,0.52076167,0.015111674,-0.1483253,0.0025295392,-0.063906245,-0.041523375
255,SH600600,-0.04034005545127872,0.0,,,,SH600600,青岛啤酒,2026-08-24,-0.0009847899,0.007878665,-0.12499452,0.004530258,0.57500327,0.0023636166,0.3000022,-0.0031514312,-0.39999563,1.0009857,1.0055205,0.99763405,1.0020413,1.0273862,1.0618724,1.046455,1.0126787,1.1538695,1.0093721,1.0262197,1.0546607,1.0518646,1.054277,0.00793446,0.019966213,0.036815107,0.03125821,0.0514778,-0.004675925,-0.0064798486,-0.00576047,-0.0012257815,-0.0010756189,0.86824095,0.9654943,0.8569031,0.11917897,0.1331609,-2.0270401e-05,0.0029396499,6.3781095e-05,-0.034090757,-0.022546178,1.0284028,1.0614915,1.1385853,1.1385853,1.163034,0.99763405,0.99763405,0.99763405,0.99763405,0.95245725,1.0149508,1.047449,1.081489,1.067167,1.1105589,1.0015417,1.0106095,1.0172025,1.0254996,1.0071406,0.2,0.1,0.05,0.033333335,0.13333334,0.07689454,0.03705048,0.016785558,0.016785558,0.22577398,0.2,0.1,0.15,0.43333334,0.033333335,1.0,1.0,1.0,1.0,0.33333334,-0.8,-0.9,-0.85,-0.56666666,-0.3,0.45423302,0.44924706,0.8879338,0.71458983,0.38721034,-0.80650026,-0.27275997,0.42939928,0.49142843,0.4543923,0.2,0.2,0.4,0.5,0.46666667,0.8,0.8,0.6,0.5,0.53333336,-0.6,-0.6,-0.2,0.0,-0.06666667,0.04698077,0.048817925,0.40513676,0.48200405,0.39938992,0.95301926,0.95118207,0.59486324,0.51799595,0.6006101,-0.90603846,-0.90236413,-0.18972647,-0.035991907,-0.20122015,1.186311,1.2504525,1.8594927,1.9241972,1.9375014,0.19865364,0.16444024,0.88367134,0.8363778,0.7007782,0.84720796,0.60857135,1.3048954,1.2485468,1.1180408,0.2695632,0.3244695,0.48034507,0.4865308,0.46263698,0.7304368,0.6755305,0.5196549,0.5134692,0.53736305,-0.4608736,-0.35106096,-0.039309837,-0.026938394,-0.07472607
256,SH600346,-0.041348734636473025,0.4166666666666667,,,,SH600346,恒力石化,2026-08-24,-0.002127647,0.044680834,-0.047618784,0.028723398,0.64285725,0.013829787,0.30952394,-0.017021257,-0.38095212,1.0021322,1.0309168,0.9861407,1.0017866,0.93073237,0.9776409,0.8710016,0.79958934,0.90134615,0.9945791,0.96329,0.93868816,0.9055579,0.9165138,0.02092257,0.037917316,0.04253191,0.061125092,0.056855865,0.008578598,0.009526335,0.0060998825,0.006501193,0.00021044961,0.4202838,0.57861274,0.7199149,0.8766956,0.004178742,-0.011736261,-0.00615851,0.0033629804,0.00017484321,0.07727791,1.0474674,1.0474674,1.0474674,1.0474674,1.0474674,0.9264631,0.9029909,0.851826,0.78679174,0.78679174,1.0054483,1.0044992,0.98211277,0.9556651,0.9689893,0.9914762,0.9275291,0.90098107,0.8470363,0.8706822,0.4,0.7,0.85,0.9,0.93333334,0.60772145,0.6714527,0.7573756,0.8179064,0.8179064,0.6,0.8,0.9,0.93333334,0.96666664,0.2,0.4,0.05,0.13333334,0.56666666,0.4,0.4,0.85,0.8,0.4,0.42478162,0.6671543,0.57401896,-0.1652738,0.18619747,0.91463023,0.50244486,0.48749334,0.3559482,0.44123942,0.6,0.4,0.6,0.6,0.53333336,0.4,0.6,0.4,0.4,0.46666667,0.2,-0.2,0.2,0.2,0.06666667,0.9165751,0.5676421,0.7002976,0.6898997,0.5356014,0.0834249,0.4323579,0.2997024,0.31010035,0.46439865,0.8331502,0.13528417,0.4005952,0.37979934,0.07120272,1.2767019,1.0383091,0.9850612,1.1069502,1.2981867,0.4596866,0.42121127,0.32018194,0.35941616,0.45069325,1.5447086,1.4120079,1.1478486,1.0286361,1.1744066,0.55892503,0.50606537,0.49971932,0.4639303,0.48814502,0.44107497,0.4939346,0.5002807,0.5360697,0.511855,0.11785008,0.012130785,-0.00056138186,-0.07213936,-0.02370996
257,SZ300015,-0.04185658968268337,0.16666666666666666,,,,,,2026-08-24,0.0024038332,0.008413506,0.28571126,0.0012019166,0.14285563,0.004807756,0.5714331,0.0060096723,0.7142888,0.9976019,1.001199,0.9928057,0.9967341,1.040774,1.0875247,1.0335733,0.9782358,1.0813862,1.0131917,1.033217,1.051081,1.0489156,1.0241266,0.01446693,0.024470193,0.028219694,0.0267128,0.037639007,-0.0067164814,-0.0077540865,-0.0035374346,-0.0007496832,0.00092946435,0.5388537,0.92044514,0.5499716,0.061040547,0.18598972,0.00024125031,0.0016764756,-0.017475368,-0.038045272,-0.051545795,1.0419673,1.0875304,1.1127045,1.1127045,1.1127045,0.9928057,0.9928057,0.9928057,0.9746783,0.9272428,1.02782,1.0530045,1.0748155,1.0688317,1.0637876,0.9997588,1.0086409,1.0285436,1.0285436,0.9839208,0.4,0.2,0.1,0.1,0.31666666,0.14633983,0.07594952,0.06000306,0.18345603,0.39230296,0.2,0.1,0.5,0.6666667,0.8333333,1.0,1.0,1.0,0.033333335,0.33333334,-0.8,-0.9,-0.5,0.6333333,0.5,0.24984495,0.5622299,0.62656814,0.46937782,0.20301996,-0.015152228,-0.021457616,0.36743277,0.44685194,0.47024632,0.4,0.2,0.3,0.4,0.38333333,0.6,0.8,0.6,0.53333336,0.56666666,-0.2,-0.6,-0.3,-0.13333334,-0.18333334,0.24243802,0.1524163,0.4363612,0.5211979,0.46099827,0.757562,0.8475837,0.5636388,0.47880208,0.53900176,-0.51512396,-0.6951674,-0.1272776,0.042395845,-0.07800348,1.4364824,1.6111547,1.9156823,2.1917942,2.1985292,0.30681142,0.37772012,0.609018,0.83310276,0.7373032,0.74710196,0.7949602,1.0137963,1.1732635,1.247597,0.3284342,0.23859696,0.47718793,0.46685335,0.47232294,0.6715658,0.761403,0.52281207,0.5331467,0.52767706,-0.3431316,-0.5228061,-0.04562416,-0.06629333,-0.055354144
258,SH603501,-0.042257069735493646,0.16666666666666666,,,,SH603501,豪威集团,2026-08-24,-0.038797572,0.041943442,-0.9249973,0.00023307574,0.0055569056,0.0029127945,0.06944577,-0.03611785,-0.8611085,1.0403636,1.040606,0.99696964,1.0108323,1.1168603,1.0805174,1.155315,1.2423443,1.1503872,1.0466913,1.0785375,1.0824534,1.1360642,1.1382641,0.034876842,0.041985348,0.031419646,0.08904073,0.08070802,-0.020802531,-0.012567597,-0.0023809515,-0.008583846,-0.0006674971,0.889402,0.82133514,0.20098634,0.72025794,0.020862445,-0.0050862147,-0.021983271,-0.05983429,-0.011598387,-0.118572906,1.1170168,1.1502587,1.160603,1.3790905,1.3790905,0.99696964,0.99696964,0.99696964,0.99696964,0.99696964,1.0621612,1.1108764,1.1097852,1.2282294,1.2241992,1.0322422,1.0419219,1.0635339,1.0720873,1.0722809,0.2,0.1,0.05,0.033333335,0.016666668,0.025243124,0.019768963,0.01851924,0.007930383,0.007930383,0.2,0.1,0.05,0.1,0.55,1.0,1.0,1.0,1.0,1.0,-0.8,-0.9,-0.95,-0.9,-0.45,0.09051474,0.34229398,0.29170054,0.79238886,0.77674145,-0.83855844,0.24114966,0.1552396,0.21651922,0.451251,0.0,0.3,0.3,0.33333334,0.43333334,1.0,0.7,0.7,0.6666667,0.56666666,-1.0,-0.4,-0.4,-0.33333334,-0.13333334,0.0,0.32637572,0.297731,0.33087698,0.4557598,1.0,0.6736243,0.702269,0.66912305,0.54424024,-1.0,-0.34724852,-0.404538,-0.33824605,-0.08848043,0.8878353,1.0062121,1.0710713,1.3695383,1.4923862,0.25632364,0.44719517,0.35409114,0.65410554,0.6857684,0.90874445,1.1162398,1.1460475,1.1834806,1.1994439,0.568212,0.51488245,0.49709615,0.4629785,0.48072404,0.43178806,0.48511755,0.5029039,0.5370215,0.51927596,0.1364239,0.029764896,-0.0058077266,-0.07404299,-0.03855194
259,SH601872,-0.04302544199637784,0.25,,,,SH601872,招商轮船,2026-08-24,-0.038461562,0.05212551,-0.7378645,0.008603208,0.16504793,0.0050607407,0.09708761,-0.04200403,-0.8058248,1.0400001,1.0489473,0.99473685,1.0164636,0.941684,0.95685804,0.83695334,0.78072006,0.82177925,0.9876822,0.9442725,0.92399585,0.8802638,0.8730041,0.0354546,0.05444998,0.05148671,0.078649364,0.09239089,0.016899733,0.01701694,0.006761549,0.008134994,0.0018458632,0.568008,0.8953212,0.60362905,0.8291359,0.12174205,-0.021481704,-0.020848766,0.011769455,0.0017787823,0.07254297,1.0579014,1.0579014,1.0579014,1.0579014,1.1483288,0.93170565,0.86496663,0.8073894,0.7269585,0.7207306,1.0082119,0.9833383,0.9598334,0.9476941,0.9464445,0.9666766,0.8970545,0.8802142,0.8218982,0.79018146,0.8,0.9,0.95,0.96666664,0.9166667,0.5411779,0.6998913,0.76886785,0.8250411,0.6531117,0.8,0.9,0.95,0.96666664,0.3,0.2,0.1,0.05,0.13333334,0.11666667,0.6,0.8,0.9,0.8333333,0.18333334,0.78588694,0.51192236,0.37039718,0.09747725,0.28272516,0.6169962,-0.10931203,-0.016378786,0.036062773,-0.14089066,0.6,0.6,0.7,0.7,0.55,0.4,0.4,0.3,0.3,0.45,0.2,0.2,0.4,0.4,0.1,0.6877395,0.5658493,0.6640719,0.6537339,0.54851776,0.31226048,0.4341507,0.33592808,0.3462661,0.45148224,0.37547904,0.13169861,0.32814384,0.3074678,0.0970355,1.030012,0.8665214,0.7955769,0.79811585,0.93458045,0.3300429,0.34804899,0.2777837,0.23373571,0.36502144,1.0189632,1.0910158,1.2827682,1.1903327,1.0616364,0.62353486,0.575732,0.54358697,0.5176183,0.5061487,0.3764651,0.424268,0.45641303,0.4823817,0.49385133,0.24706976,0.15146397,0.08717395,0.035236586,0.012297344
260,SZ300450,-0.04323710660164451,0.3333333333333333,,,,,,2026-08-24,-0.010526293,0.050877206,-0.20689605,0.02777778,0.5459769,0.012573134,0.24712704,-0.02573094,-0.5057459,1.0106382,1.0387115,0.9872931,1.0108676,1.0455087,1.0357538,0.9902451,1.0041319,1.4909692,1.003777,1.0192641,1.0142852,0.9978403,1.1261883,0.022139326,0.02306426,0.02266502,0.03496417,0.1582697,-0.0071209506,-0.005430927,0.0009328505,0.002373279,-0.00760944,0.2586349,0.5082535,0.0592898,0.35706964,0.70503336,0.010464911,0.0051750187,-0.023147255,-0.032252807,0.098290265,1.0579109,1.0602869,1.0602869,1.0602869,1.5517093,0.9754634,0.9754634,0.9400103,0.90129393,0.90129393,1.0099196,1.0421917,1.0365235,1.0313236,1.2917786,0.9894187,0.9981086,0.98989296,0.974464,0.99048364,0.6,0.3,0.3,0.5,0.25,0.29760295,0.28926685,0.49876457,0.6208204,0.15175849,0.2,0.2,0.6,0.73333335,0.016666668,0.8,0.9,0.1,0.16666667,0.5833333,-0.6,-0.7,0.5,0.56666666,-0.56666666,-0.06969714,0.22717017,-0.14631811,-0.5096677,0.6464303,-0.23062941,-0.058101222,0.25423118,0.18881795,0.41295564,0.2,0.4,0.55,0.53333336,0.41666666,0.8,0.6,0.45,0.46666667,0.5833333,-0.6,-0.2,0.1,0.06666667,-0.16666667,0.21480715,0.3752726,0.51881677,0.4963207,0.36408737,0.78519285,0.6247274,0.48118326,0.5036793,0.63591266,-0.5703857,-0.24945481,0.03763348,-0.007358597,-0.27182528,0.8667038,0.894612,1.0571121,1.1603893,1.506235,0.12919833,0.111043476,0.21606876,0.2984546,0.6384209,1.3736918,1.0957962,0.88695186,0.9731785,1.9864467,0.57899344,0.5153457,0.4072117,0.46465233,0.46419564,0.42100656,0.4846543,0.59278834,0.5353477,0.5358044,0.15798686,0.030691387,-0.18557663,-0.07069534,-0.071608745
261,SH601012,-0.04342529461537839,0.08333333333333333,,,,SH601012,隆基绿能,2026-08-24,-0.02016126,0.032258093,-0.6249985,0.010483917,0.32500112,0.0016129162,0.05000036,-0.029032262,-0.89999926,1.0205761,1.0312757,0.9983539,1.0094998,1.0559496,1.0650033,1.0403037,0.9571929,1.1431909,1.0250083,1.0401535,1.0527056,1.0356823,1.0474494,0.020347826,0.02343809,0.022830045,0.035679564,0.044588793,-0.011602961,-0.006405003,-0.0025888218,0.001839856,-0.00091529835,0.8129084,0.6845508,0.45004806,0.20607738,0.1285209,-0.0018024078,-0.011331008,-0.02811187,-0.062360197,-0.020448059,1.0650145,1.0847758,1.1004064,1.1004064,1.1703593,0.9983539,0.9983539,0.9983539,0.9390907,0.9390907,1.0310831,1.0561165,1.0696262,1.0654956,1.0823014,1.0171229,1.0220377,1.037842,0.99753004,1.0141355,0.2,0.1,0.05,0.23333333,0.18333334,0.024693817,0.0190473,0.016129976,0.37757835,0.2633704,0.2,0.2,0.25,0.5,0.13333334,1.0,1.0,1.0,0.06666667,0.53333336,-0.8,-0.8,-0.75,0.43333334,-0.4,0.38149497,0.660656,0.7008968,0.22276494,0.44571343,-0.60921025,0.20564057,0.36395746,0.5062969,0.38619196,0.4,0.4,0.5,0.53333336,0.43333334,0.6,0.6,0.5,0.46666667,0.56666666,-0.2,-0.2,0.0,0.06666667,-0.13333334,0.027484065,0.2910408,0.4264616,0.5453101,0.4390798,0.97251594,0.70895916,0.57353836,0.45468992,0.5609202,-0.9450319,-0.41791838,-0.14707677,0.090620145,-0.121840395,1.1275179,1.3843224,1.6490296,1.7690526,2.0959232,0.30724913,0.47888884,0.5408358,0.6522169,0.7404341,1.3887428,1.0748277,0.90728843,1.2512944,1.2689512,0.39262205,0.45855236,0.47763425,0.4791257,0.4752509,0.60737795,0.54144764,0.52236575,0.5208743,0.5247491,-0.21475591,-0.082895294,-0.044731487,-0.041748613,-0.049498204
262,SH601360,-0.04395628883177867,0.0,,,,SH601360,三六零,2026-08-24,-0.019450868,0.028604135,-0.680002,0.0022883168,0.079999514,0.0068649505,0.23999853,-0.014874235,-0.52000296,1.0198367,1.0221704,0.9929989,1.0026785,1.0920981,1.121526,1.0103543,1.0386921,1.1667576,1.0296458,1.0687739,1.0813625,1.0641235,1.0669483,0.024819901,0.04558284,0.049645662,0.049240403,0.055623025,-0.014550419,-0.0146577535,-0.0018471259,0.0016306335,-0.0006746805,0.85919327,0.9478585,0.048450522,0.08499065,0.04487319,-0.000544963,-0.0028139816,-0.06381474,-0.08776774,-0.047045194,1.0873315,1.151953,1.1752255,1.1752255,1.2379396,0.9929989,0.9929989,0.9929989,0.96485335,0.9636866,1.0381472,1.1076839,1.1255586,1.1184741,1.1177112,1.0178747,1.0258311,1.0264851,1.0223434,1.0161308,0.2,0.1,0.05,0.06666667,0.1,0.07421745,0.044044983,0.038419902,0.16706894,0.13240841,0.2,0.1,0.35,0.56666666,0.016666668,1.0,1.0,1.0,0.33333334,0.45,-0.8,-0.9,-0.65,0.23333333,-0.43333334,0.7774095,0.45156717,0.5637778,0.48254365,0.23330264,-0.3363317,-0.21500906,0.37942693,0.35897166,0.23861872,0.0,0.2,0.5,0.53333336,0.48333332,1.0,0.8,0.5,0.46666667,0.51666665,-1.0,-0.6,0.0,0.06666667,-0.033333335,0.0,0.106006876,0.48397976,0.4662226,0.43365133,1.0,0.89399314,0.51602024,0.5337774,0.5663487,-1.0,-0.7879862,-0.03204047,-0.0675548,-0.13269736,1.2263577,1.2784747,1.6168668,1.6005903,1.4152738,0.35851282,0.27777746,0.6265066,0.53625184,0.49196386,0.8691685,0.7946077,1.4181838,1.1286678,0.9826768,0.36943054,0.47331083,0.48728833,0.46930626,0.48740664,0.63056946,0.5266892,0.5127117,0.5306937,0.5125934,-0.26113892,-0.053378336,-0.025423374,-0.06138746,-0.025186729
263,SH601888,-0.04403623423858174,0.0,,,,SH601888,中国中免,2026-08-24,-0.00553965,0.012989481,-0.426472,0.0026742795,0.20588039,0.004775551,0.3676476,-0.0034383782,-0.26470482,1.0055705,1.0082597,0.99519783,1.0005399,1.0378582,1.0803154,1.0457419,0.9692863,1.1343516,1.0150447,1.0340396,1.062347,1.05405,1.0534942,0.013801682,0.024006875,0.03605518,0.034762893,0.041188106,-0.008130079,-0.0077587897,-0.005550709,-0.00038700565,-0.00060726044,0.867492,0.9574766,0.82952523,0.009605157,0.06629889,0.0012154166,0.0008749915,-0.009615294,-0.04843838,-0.035580087,1.0428597,1.078761,1.1429038,1.1429038,1.1472791,0.99519783,0.99519783,0.99519783,0.9645167,0.9576281,1.0230271,1.0577646,1.0936356,1.0808902,1.089513,1.0035477,1.0135008,1.0319947,1.0215487,1.0160959,0.2,0.1,0.05,0.06666667,0.1,0.100754686,0.057467382,0.032511566,0.19891188,0.22342043,0.2,0.1,0.15,0.43333334,0.083333336,1.0,1.0,1.0,0.033333335,0.46666667,-0.8,-0.9,-0.85,0.4,-0.38333333,0.322654,0.7465231,0.8578958,0.5629068,0.55085933,-0.8655497,-0.68323404,0.23051323,0.57624096,0.5583507,0.2,0.2,0.35,0.43333334,0.43333334,0.8,0.8,0.65,0.56666666,0.56666666,-0.6,-0.6,-0.3,-0.13333334,-0.13333334,0.09203581,0.074041545,0.39861673,0.5317919,0.43745223,0.90796417,0.92595845,0.60138327,0.46820807,0.56254774,-0.8159284,-0.8519169,-0.20276654,0.06358386,-0.12509552,1.206277,1.4184709,2.0233073,2.2542317,2.5998027,0.20701157,0.2769978,0.80315715,0.90544707,0.9500832,0.94665,0.8329352,1.1876261,1.4515663,1.0445067,0.321708,0.275068,0.43993345,0.46923432,0.41259235,0.678292,0.724932,0.5600666,0.5307657,0.58740765,-0.35658398,-0.44986397,-0.12013313,-0.061531384,-0.1748153
264,SH601136,-0.04639883327904119,0.0,,,,SH601136,首创证券,2026-08-24,-0.0043605217,0.010174464,-0.42857504,0.0050871894,0.4999958,0.00072675355,0.07142917,-0.008720958,-0.8571417,1.0043796,1.009489,0.9992701,1.0032789,1.0403969,1.0673281,1.0191354,1.0155917,1.0574061,1.0068038,1.028207,1.0479448,1.0411528,1.0377156,0.008197856,0.024275903,0.030687306,0.027652776,0.026831528,-0.0042523034,-0.007714279,-0.00343648,-9.2394024e-05,0.00023636354,0.6726482,0.9256597,0.4389127,0.0008651911,0.02366846,0.0017009146,0.006507307,-0.015298171,-0.039813146,-0.04468831,1.0424532,1.0729457,1.1028912,1.1028912,1.1028912,0.9948274,0.9948274,0.9948274,0.9797411,0.9616669,1.0103472,1.0517364,1.0688874,1.0673281,1.0649185,1.0017009,1.0032601,1.0134656,1.0144578,1.0134656,0.2,0.1,0.05,0.033333335,0.075,0.10860936,0.06621497,0.04786615,0.16450574,0.2714344,0.2,0.3,0.25,0.5,0.75,0.8,0.9,0.95,0.06666667,0.16666667,-0.6,-0.6,-0.7,0.43333334,0.5833333,0.46951157,0.23788117,0.6706461,0.46009728,0.38804883,-0.69005525,-0.2995793,0.46574667,0.40452778,0.47172365,0.2,0.3,0.4,0.46666667,0.45,0.8,0.7,0.6,0.53333336,0.55,-0.6,-0.4,-0.2,-0.06666667,-0.1,0.086955525,0.13178237,0.45484942,0.47727275,0.4680347,0.91304445,0.86821765,0.5451506,0.52272725,0.53196526,-0.82608896,-0.73643523,-0.09030117,-0.045454476,-0.06393055,1.1553748,1.2566481,1.6271479,1.7345431,1.9783607,0.3064823,0.41522345,0.65173745,0.6522158,0.81846255,0.97678477,0.83992237,1.2665759,1.1087338,1.4101232,0.45178348,0.45454985,0.48018578,0.4764996,0.47334626,0.5482165,0.54545015,0.5198142,0.5235004,0.52665377,-0.096433066,-0.09090032,-0.039628424,-0.047000807,-0.053307477
265,SH603369,-0.046512853619771706,0.16666666666666666,,,,SH603369,今世缘,2026-08-24,0.002164464,0.021284264,0.10169315,0.015873035,0.74576384,0.003246765,0.15254298,-0.010461805,-0.49152774,0.9978402,1.0158387,0.9946005,1.0049229,1.0665798,1.0219169,0.9301031,0.878332,1.0463215,1.0322948,1.0491648,1.0243691,0.995435,0.9485488,0.033459857,0.03778445,0.039270356,0.054397654,0.06915756,-0.020270115,-0.006503612,0.0029024114,0.0048267506,0.002508924,0.9174961,0.27157792,0.19118607,0.61017036,0.4014168,0.008245459,-0.01989856,-0.051942077,-0.065422885,-0.022562029,1.115568,1.115568,1.115568,1.115568,1.115568,0.9946005,0.9946005,0.92547345,0.8639107,0.8250346,1.0493543,1.081578,1.0675039,1.0352092,1.0180074,1.0031276,1.0050468,0.99239427,0.95538443,0.878332,0.2,0.1,0.35,0.56666666,0.73333335,0.044636287,0.044636287,0.39204997,0.5407723,0.60222125,0.2,0.6,0.8,0.8666667,0.93333334,1.0,1.0,0.05,0.033333335,0.33333334,-0.8,-0.4,0.75,0.8333333,0.6,0.91180223,0.88215196,0.6591475,0.53901154,0.4686126,0.64591575,0.8712866,0.77785385,0.7219932,0.621543,0.2,0.2,0.4,0.46666667,0.43333334,0.8,0.8,0.6,0.53333336,0.56666666,-0.6,-0.6,-0.2,-0.06666667,-0.13333334,0.16387554,0.45707652,0.57537043,0.5865498,0.48222888,0.8361245,0.5429235,0.42462954,0.4134502,0.5177711,-0.67224896,-0.085846975,0.15074089,0.17309959,-0.035542257,1.6265706,1.8991951,1.6990614,1.5916868,1.4463387,0.97787154,1.0087749,0.77340364,0.72409075,0.5821901,0.8422231,1.7920077,1.6626697,1.5128828,1.3818511,0.34065324,0.46080694,0.5130414,0.4951969,0.46546546,0.65934676,0.53919303,0.48695862,0.50480306,0.5345346,-0.31869352,-0.078386106,0.026082754,-0.009606163,-0.069069095
266,SZ000807,-0.04834524266851127,0.16666666666666666,,,,,,2026-08-24,0.00038048218,0.019025944,0.019998072,0.0034246948,0.1800013,0.015220767,0.8000006,0.012176555,0.63999736,0.99961966,1.0034233,0.9844047,0.99461246,1.0159931,1.0593522,0.9745126,0.8771324,1.0682372,0.9886677,1.0009139,1.004506,0.99456406,0.971248,0.018762358,0.025673138,0.025404798,0.02780219,0.07425323,-0.0024370295,-0.0051910225,-0.0003589513,0.0012960744,7.601799e-05,0.042178072,0.3747653,0.006987272,0.16842383,0.00031966998,0.016206317,0.022445722,-0.0010959409,-0.013357106,0.026509512,1.0209323,1.1026882,1.1026882,1.1026882,1.1571002,0.9550987,0.9550987,0.9486465,0.8710736,0.8071708,1.0021324,1.0199431,1.0225122,1.0168258,1.0223091,0.9796913,0.9846974,0.9846974,0.9716186,0.89401907,0.8,0.6,0.5,0.6333333,0.6333333,0.6820424,0.30423108,0.33337405,0.55664206,0.55105174,0.2,0.1,0.55,0.7,0.05,0.6,0.8,0.05,0.033333335,0.46666667,-0.4,-0.7,0.5,0.6666667,-0.41666666,-0.8777224,0.29387414,0.36095473,-0.028589912,-0.08205853,-0.6817372,-0.40959018,-0.09214646,0.3234157,0.2504123,0.4,0.5,0.6,0.6,0.5,0.6,0.5,0.4,0.4,0.5,-0.2,0.0,0.2,0.2,0.0,0.41527694,0.36276114,0.5329916,0.58370227,0.47913045,0.58472306,0.63723886,0.46700844,0.41629776,0.52086955,-0.1694461,-0.27447772,0.06598314,0.16740449,-0.041739132,1.0383497,1.3710223,1.4232218,1.6117362,1.5257027,0.26031274,0.5446434,0.42742974,0.5705865,0.48361012,0.61570626,1.1142083,0.97767985,1.1693724,1.0092859,0.4318044,0.43382558,0.4998247,0.47707555,0.4970377,0.56819564,0.56617445,0.5001753,0.5229244,0.5029623,-0.13639122,-0.13234885,-0.00035059376,-0.045848906,-0.0059245843
267,SH600845,-0.04891834964686339,0.0,,,,SH600845,宝信软件,2026-08-24,-0.0075231944,0.017939819,-0.41935733,0.0063657532,0.35483932,0.004050871,0.22580333,-0.009838077,-0.5483933,1.0075803,1.0139942,0.9959184,1.0019792,1.0547986,1.0682349,1.0350019,1.174332,1.1749341,1.0234475,1.0471773,1.0597422,1.0653657,1.072166,0.019351937,0.029690739,0.035455722,0.034931175,0.055323243,-0.011313515,-0.009219563,-0.0021168387,-0.0016874776,-0.0007658539,0.8544491,0.88387334,0.124758705,0.18086365,0.058448907,-0.00082047057,-0.005689254,-0.03963225,-0.040897302,-0.04957331,1.0612296,1.1516095,1.156273,1.1638335,1.2174999,0.9959184,0.9959184,0.9959184,0.9959184,0.9323429,1.0353482,1.0693866,1.0884005,1.0934137,1.1085811,1.0093338,1.0210011,1.0232142,1.0293865,1.0297328,0.2,0.1,0.05,0.033333335,0.083333336,0.06249432,0.026215872,0.025453443,0.024307383,0.23726276,0.2,0.2,0.35,0.033333335,0.033333335,1.0,1.0,1.0,1.0,0.33333334,-0.8,-0.8,-0.65,-0.96666664,-0.3,0.872572,0.88748896,0.77702254,0.6809322,0.38083896,0.023513041,0.69613445,0.42016506,0.23033349,0.059062257,0.2,0.2,0.4,0.43333334,0.5,0.8,0.8,0.6,0.56666666,0.5,-0.6,-0.6,-0.2,-0.13333334,0.0,0.11481455,0.2445758,0.44843647,0.35360307,0.43100992,0.8851854,0.7554242,0.55156356,0.64639693,0.56899005,-0.7703709,-0.5108484,-0.10312709,-0.29279384,-0.13798015,1.5392693,2.2251413,2.3478534,2.297023,2.3298187,0.53618866,1.1467962,0.9689607,0.8731633,0.9661889,0.79898757,1.004585,1.1380875,1.1899872,1.2169951,0.27317452,0.44482252,0.49411866,0.4432824,0.48438248,0.7268255,0.5551775,0.50588137,0.5567176,0.5156175,-0.45365092,-0.11035497,-0.011762708,-0.11343519,-0.031235024
268,SZ002493,-0.0489294188638626,0.25,,,,,,2026-08-24,-0.004376322,0.035010926,-0.124998756,0.012399754,0.35416812,0.018234849,0.52083313,0.001458774,0.04166625,1.0043956,1.0168498,0.981685,0.9961555,0.9355543,0.9904749,0.8622804,0.79778826,0.81758195,0.98491776,0.96249884,0.94040745,0.9096738,0.8726419,0.025395872,0.03081314,0.0424589,0.058322106,0.05920956,0.013994983,0.007593922,0.005730769,0.0060539343,0.002571213,0.75920403,0.5567647,0.63761187,0.83504665,0.57516474,-0.012907721,0.0033285213,0.0051502166,0.0025441432,0.05150728,1.0241857,1.0241857,1.0241857,1.0241857,1.0241857,0.906952,0.906952,0.8417705,0.7787554,0.7692387,1.001617,0.99297464,0.9840442,0.96396244,0.92396617,0.9745191,0.9345228,0.90402377,0.8531735,0.82036984,0.8,0.9,0.95,0.96666664,0.98333335,0.7936971,0.7936971,0.86741436,0.9014562,0.9051347,0.6,0.8,0.9,0.93333334,0.96666664,0.2,0.6,0.05,0.033333335,0.16666667,0.4,0.2,0.85,0.9,0.8,-0.086495794,0.42403924,0.40565303,-0.14886527,-0.12718897,0.7271429,0.4674918,0.59459114,0.51148456,0.36231673,0.8,0.6,0.6,0.6333333,0.51666665,0.2,0.4,0.4,0.36666667,0.48333332,0.6,0.2,0.2,0.26666668,0.033333335,0.8997117,0.52888143,0.687928,0.6724794,0.5667506,0.1002883,0.4711186,0.31207195,0.3275206,0.43324944,0.7994234,0.05776281,0.3758561,0.34495878,0.13350113,1.2784059,1.103049,1.1439838,1.2488687,1.3364583,0.3801,0.32687458,0.31900722,0.33594167,0.3537861,1.2258788,1.0949677,1.0945704,0.9909599,0.8868976,0.46749422,0.4582477,0.5085193,0.47031114,0.50146663,0.5325058,0.5417523,0.4914807,0.52968884,0.49853334,-0.06501158,-0.08350461,0.017038584,-0.059377708,0.0029332992
269,SH600809,-0.04928611744566877,0.16666666666666666,,,,SH600809,山西汾酒,2026-08-24,0.004632811,0.025823593,0.17940228,0.015271108,0.5913626,0.005919674,0.22923511,-0.004718622,-0.18272524,0.99538857,1.0152007,0.9894962,1.005862,1.0157083,1.0512339,1.000194,0.8904659,1.0427737,1.0110468,1.0281938,1.0385836,1.0172945,0.97298276,0.013786765,0.026093,0.0281511,0.042645022,0.06457451,-0.008188709,-0.0064328187,-0.0027184284,0.002350726,0.0018623073,0.88195425,0.55714214,0.32637215,0.23548813,0.25367656,0.0053306636,0.0007538917,-0.012758526,-0.05138006,-0.027920805,1.040307,1.0984617,1.1053624,1.1053624,1.1053624,0.9894962,0.9894962,0.989139,0.8795727,0.8423477,1.0208694,1.0466183,1.0552143,1.0459008,1.0295404,0.99905944,1.0095608,1.0181713,0.99289006,0.8961869,0.4,0.2,0.1,0.33333334,0.6166667,0.20672387,0.09639583,0.09344919,0.5333604,0.5994048,0.4,0.3,0.15,0.43333334,0.71666664,1.0,1.0,0.05,0.06666667,0.48333332,-0.6,-0.7,0.1,0.36666667,0.23333333,0.34110177,0.70793056,0.7538423,0.151379,-0.11045645,-0.39477742,0.22015385,0.43385854,0.60407454,0.4837969,0.4,0.4,0.45,0.5,0.45,0.6,0.6,0.55,0.5,0.55,-0.2,-0.2,-0.1,0.0,-0.1,0.34923255,0.3631597,0.49976096,0.5834087,0.48090306,0.65076745,0.63684034,0.5002391,0.4165913,0.5190969,-0.3015349,-0.27368063,-0.0004781109,0.16681741,-0.038193874,0.8661075,1.2534678,1.6912646,1.864733,1.8664132,0.15002395,0.5511615,0.730886,0.7633701,0.6716083,0.45910785,1.0306535,1.1354244,1.1821414,1.1694207,0.21869616,0.41190416,0.473107,0.4871939,0.4698984,0.7813038,0.58809584,0.526893,0.5128061,0.5301016,-0.5626077,-0.1761917,-0.053785995,-0.025612175,-0.060203217
270,SZ300059,-0.04971588964262767,0.0,,,,,,2026-08-24,0.0031812896,0.023329768,0.13636181,0.013255565,0.56818247,0.006892914,0.29545575,-0.0031813616,-0.1363649,0.9968288,1.0132135,0.98995775,1.0017464,1.0348799,1.0586625,1.038579,1.048624,1.0126854,0.99989283,1.0205587,1.0386077,1.0432498,1.0392504,0.010122307,0.023542983,0.026080843,0.024043353,0.04755275,-0.0023253271,-0.00710803,-0.0033273366,-0.0016180351,0.00065422844,0.13193169,0.83557785,0.56966335,0.3509842,0.05773078,0.0047578076,0.0114274435,-0.0069980333,-0.019788371,-0.058550127,1.030655,1.0676531,1.0845661,1.0845661,1.1606715,0.9846715,0.9846715,0.9846715,0.9846715,0.9101425,1.003277,1.0459824,1.0578207,1.0619433,1.0719831,0.9929143,0.99830735,1.0131075,1.0262113,0.99947065,0.8,0.4,0.2,0.13333334,0.25,0.3333474,0.18472184,0.1534467,0.1534467,0.35867128,0.2,0.3,0.2,0.46666667,0.36666667,0.8,0.9,0.95,0.96666664,0.15,-0.6,-0.6,-0.75,-0.5,0.21666667,0.21854533,0.29667893,0.60239285,0.5656051,0.4867975,-0.4218793,-0.2713258,0.4135595,0.20544668,0.58241856,0.6,0.4,0.5,0.5,0.45,0.4,0.6,0.5,0.5,0.53333336,0.2,-0.2,0.0,0.0,-0.083333336,0.18273619,0.17544095,0.3994549,0.43409622,0.4943712,0.8172638,0.82455903,0.6005451,0.5659038,0.5056288,-0.6345276,-0.64911807,-0.20109025,-0.13180755,-0.011257602,1.0070485,1.075076,1.2376679,1.4151036,1.9613311,0.19324172,0.2261996,0.33124936,0.44529057,1.1582451,1.1153238,1.0681605,0.9734057,0.9795117,2.134481,0.53870517,0.48792857,0.49560502,0.46196726,0.4851585,0.46129486,0.51207143,0.50439495,0.5380327,0.5148415,0.07741029,-0.024142845,-0.008789937,-0.076065466,-0.029682968
271,SH600426,-0.05035043756730814,0.08333333333333333,,,,SH600426,华鲁恒升,2026-08-24,-0.030902905,0.051665828,-0.59813046,0.009174304,0.17757006,0.011588617,0.22429946,-0.028488593,-0.5514011,1.0318884,1.0413553,0.9880418,1.0036241,1.0423417,1.0787085,1.0582845,0.9108066,1.1165403,1.0333735,1.0389032,1.0512338,1.0361772,1.0169438,0.019332716,0.016944475,0.020868858,0.03917805,0.05696239,-0.010608418,-0.0035294332,-0.0023738025,0.0018647508,0.00036945107,0.75275826,0.39770868,0.45285568,0.17557296,0.012830312,-0.012156699,-0.023020778,-0.02868262,-0.06321604,-0.027842645,1.0976497,1.0976497,1.1145822,1.1145822,1.1601584,0.9880418,0.9880418,0.9880418,0.90281683,0.88205975,1.0451224,1.046731,1.0709352,1.0660518,1.0660518,1.0278984,1.0332758,1.0405492,1.0154257,0.957032,0.2,0.1,0.05,0.16666667,0.36666667,0.10909942,0.10909942,0.09450079,0.4589192,0.4240951,0.6,0.8,0.15,0.43333334,0.033333335,1.0,1.0,1.0,0.033333335,0.36666667,-0.4,-0.2,-0.85,0.4,-0.33333334,-0.33399802,0.1753766,0.39806816,-0.18510453,-0.2482129,-0.3000275,-0.08251919,0.23754048,0.2843755,0.33119285,0.2,0.3,0.35,0.5,0.43333334,0.8,0.7,0.65,0.46666667,0.55,-0.6,-0.4,-0.3,0.033333335,-0.11666667,0.110053,0.25465634,0.4093144,0.58234763,0.45287707,0.889947,0.7453437,0.5906856,0.41765237,0.54712296,-0.779894,-0.4906873,-0.1813712,0.16469525,-0.09424587,0.9101784,0.9193632,0.9674137,1.080543,1.1448319,0.23696037,0.2828106,0.24779266,0.2819233,0.32371503,1.3259099,0.9102422,0.80726224,0.98697543,0.97601676,0.63080555,0.43768153,0.4935569,0.49703434,0.508108,0.36919445,0.56231844,0.5064431,0.5029656,0.491892,0.2616111,-0.12463695,-0.012886219,-0.0059313076,0.01621601
272,SZ002028,-0.052107577176789224,0.16666666666666666,,,,,,2026-08-24,-0.0045453915,0.041761346,-0.10884207,0.015284063,0.36598587,0.021931892,0.52517205,0.0021024384,0.05034412,1.0045662,1.01992,0.977968,0.9971111,1.0453771,0.9441792,0.9606164,0.91038805,1.1489602,1.00338,0.9845901,0.948486,0.93231845,0.97278845,0.024382398,0.039739497,0.048610207,0.050512318,0.08118824,-0.005017246,0.007927112,0.006633422,0.004341667,-0.0023871467,0.10585661,0.36475125,0.651761,0.5725588,0.26367673,0.006654592,-0.020262122,-0.011503453,0.004727354,0.09763239,1.0763713,1.0763713,1.0763713,1.0763713,1.249332,0.96518344,0.9114167,0.85274136,0.82928264,0.82928264,1.0150707,1.0150707,0.99283105,0.96369874,1.0414248,0.9880367,0.9496468,0.9125019,0.88933986,0.9057431,0.6,0.7,0.85,0.9,0.71666664,0.3131329,0.5370162,0.6584925,0.69091547,0.4064222,0.2,0.6,0.8,0.8666667,0.016666668,0.4,0.1,0.3,0.13333334,0.56666666,-0.2,0.5,0.5,0.73333335,-0.55,0.2851009,0.67665255,0.20046291,-0.067703664,0.2497555,-0.14307912,0.54729956,0.321428,0.40648863,0.24981959,0.4,0.5,0.55,0.53333336,0.48333332,0.6,0.5,0.45,0.46666667,0.51666665,-0.2,0.0,0.1,0.06666667,-0.033333335,0.2943659,0.61057836,0.5418176,0.56119376,0.46107197,0.70563406,0.38942164,0.4581824,0.43880624,0.53892803,-0.41126817,0.2211567,0.08363523,0.122387536,-0.077856034,1.2466445,1.1337752,1.1547015,1.2834531,1.4019936,0.38621876,0.36085847,0.29761016,0.33220538,0.421448,1.3703916,1.4558103,1.2299664,1.0180404,0.96318865,0.29704008,0.44503132,0.45541385,0.43054086,0.4908792,0.7029599,0.5549687,0.5445861,0.56945914,0.50912076,-0.40591985,-0.109937385,-0.089172274,-0.13891827,-0.01824158
273,SZ300803,-0.0533652724289102,0.0,,,,,,2026-08-24,-0.017505214,0.034888,-0.5017546,0.009303462,0.26666653,0.008079324,0.23157889,-0.018729351,-0.5368422,1.0178171,1.0272863,0.9917767,1.0053309,1.0569253,1.0457114,0.94102037,0.9756035,1.1444103,1.0061291,1.0280945,1.0245036,1.0143241,1.0644454,0.02061464,0.027323058,0.034105632,0.03778758,0.088003755,-0.0036466508,-0.0070899064,0.0010373256,0.001474979,-0.0024456873,0.078230634,0.6172113,0.032377698,0.118079714,0.23555878,0.001164188,0.0038100379,-0.034358144,-0.035711262,0.00770244,1.0523144,1.0852977,1.0852977,1.0852977,1.3431187,0.9763438,0.9763438,0.9034586,0.9034586,0.9034586,1.0230612,1.0502996,1.049204,1.0469269,1.133847,0.98815274,0.9976545,0.99885297,0.99019,0.9992981,0.6,0.3,0.25,0.33333334,0.21666667,0.31138617,0.2171211,0.5309165,0.5309165,0.21958189,0.2,0.3,0.65,0.76666665,0.26666668,0.8,0.9,0.1,0.4,0.7,-0.6,-0.6,0.55,0.36666667,-0.43333334,0.66272664,0.4385649,0.20990746,0.07625867,0.7037934,0.574045,0.34079796,0.72405195,0.3927207,0.5816466,0.4,0.5,0.45,0.5,0.41666666,0.6,0.5,0.55,0.5,0.5833333,-0.2,0.0,-0.1,0.0,-0.16666667,0.2666665,0.36237094,0.58157706,0.5200394,0.46194106,0.73333347,0.63762903,0.41842297,0.47996062,0.53805894,-0.466667,-0.27525812,0.16315407,0.040078737,-0.076117866,1.2032261,1.2858869,1.5603684,1.6841484,2.1047094,0.26779187,0.31402487,0.5627206,0.5627318,1.0178308,0.73510516,0.89678293,1.6700199,1.403593,1.4216802,0.459221,0.47350365,0.48057,0.48174477,0.48711392,0.540779,0.52649635,0.51943004,0.51825523,0.51288605,-0.08155801,-0.052992724,-0.03886005,-0.036510456,-0.025772152
274,SZ300251,-0.054795449180424206,0.0,,,,,,2026-08-24,-0.018248111,0.021897826,-0.83332974,0.001824858,0.08333512,0.001824858,0.08333512,-0.018248111,-0.83332974,1.0185874,1.0204461,0.9981412,1.0050461,1.0539231,1.1171213,1.0548371,1.0966759,1.184957,1.0171078,1.0526133,1.0745498,1.0882732,1.0868317,0.015028703,0.045068804,0.04456863,0.055287343,0.05118557,-0.0067869374,-0.014060104,-0.004063466,-0.0034954634,-0.00043140337,0.50985265,0.89214706,0.29093954,0.3097846,0.021665655,-0.003533946,0.010657269,-0.035946846,-0.037588954,-0.07410532,1.0502001,1.1412914,1.1617308,1.289964,1.289964,0.9981412,0.9981412,0.9981412,0.9981412,0.9851415,1.0243517,1.0910839,1.117866,1.127141,1.127141,1.0066887,1.0150768,1.0360707,1.0459346,1.0481552,0.2,0.1,0.05,0.033333335,0.016666668,0.035705272,0.012984802,0.011362442,0.0063695414,0.0487448,0.2,0.1,0.3,0.1,0.55,1.0,1.0,1.0,1.0,0.33333334,-0.8,-0.9,-0.7,-0.9,0.21666667,0.13754232,0.82898426,0.846299,0.88006896,0.59984,-0.8962083,-0.49010766,0.43573746,0.5789839,0.47361553,0.4,0.4,0.4,0.43333334,0.46666667,0.6,0.6,0.55,0.53333336,0.51666665,-0.2,-0.2,-0.15,-0.1,-0.05,0.15474716,0.13363,0.4249305,0.44334236,0.44499478,0.8452529,0.86637,0.5750695,0.5566577,0.5550052,-0.6905057,-0.73274,-0.15013896,-0.11331529,-0.11001044,1.2014794,1.8283058,2.1735048,2.8653347,2.7785134,0.36992592,0.8799067,0.8705585,1.7842224,1.5542284,0.9510378,1.2426759,1.3014989,1.7274976,1.5267425,0.38509482,0.2996993,0.47383466,0.43683237,0.48997226,0.6149052,0.7003007,0.5261653,0.56316763,0.5100277,-0.22981036,-0.40060136,-0.052330658,-0.12633526,-0.020055456
275,SZ300896,-0.05481653164533473,0.16666666666666666,,,,,,2026-08-24,-0.009750847,0.03076923,-0.31690255,0.016684728,0.5422537,0.0043336553,0.1408438,-0.02210192,-0.7183124,1.0098468,1.0266958,0.99562365,1.0067997,1.0884924,1.1551372,1.1428863,0.9508739,1.1460716,1.0341964,1.0764415,1.116116,1.1080801,1.0571239,0.029856982,0.05087249,0.055295564,0.059879705,0.07561453,-0.01536262,-0.016180344,-0.008246328,-0.00075418624,0.0018333311,0.6618793,0.9273015,0.7784104,0.012294182,0.17929626,-0.003471112,-0.003629997,-0.03777596,-0.09714446,-0.11120718,1.0884058,1.1841455,1.2372031,1.2372031,1.2372031,0.99562365,0.99562365,0.99562365,0.9326154,0.9120179,1.0632882,1.1311744,1.1553986,1.1523277,1.1416857,1.0083959,1.0274829,1.0654688,1.0654688,0.9851683,0.2,0.1,0.05,0.06666667,0.28333333,0.04716776,0.023213916,0.018115483,0.22123212,0.27056,0.2,0.2,0.15,0.43333334,0.71666664,1.0,1.0,1.0,0.06666667,0.33333334,-0.8,-0.8,-0.85,0.36666667,0.38333333,0.42244095,0.6576872,0.81364506,0.5391779,0.6103431,0.32708177,0.43039763,0.58245397,0.65064025,0.57096106,0.2,0.2,0.4,0.46666667,0.4,0.8,0.8,0.6,0.53333336,0.6,-0.6,-0.6,-0.2,-0.06666667,-0.2,0.20533058,0.15407059,0.32628348,0.5278125,0.44949025,0.79466945,0.84592944,0.6737165,0.47218755,0.55050975,-0.58933884,-0.6918588,-0.34743303,0.055624925,-0.10101953,1.4990205,1.6625022,2.0456054,2.437331,1.8439226,0.36195973,0.35145673,0.61040336,0.9068078,0.8995517,0.6614899,0.74501187,0.7828476,1.1603824,1.3616194,0.33559862,0.31482288,0.37971088,0.49279007,0.4789081,0.6644014,0.6851771,0.62028915,0.50720996,0.52109194,-0.32880276,-0.3703542,-0.24057825,-0.014419858,-0.04218383
276,SZ000002,-0.055554520666034696,0.0,,,,,,2026-08-24,-0.009740276,0.019480478,-0.5000019,0.006493493,0.33333334,0.003246709,0.16666475,-0.0129870605,-0.6666705,1.0098361,1.0163934,0.9967213,1.0030317,1.022952,1.065572,1.0262179,0.993432,1.16393,1.012454,1.0317972,1.052455,1.0442572,1.0313064,0.011212751,0.028665831,0.032124095,0.030206708,0.037067045,-0.0029484036,-0.007887756,-0.004121867,-0.00010712436,0.0002130809,0.172858,0.69404775,0.57622784,0.0009747009,0.010078895,-0.0065571824,0.0036977157,-0.013297161,-0.042703893,-0.03759228,1.049174,1.1016259,1.1147405,1.1147405,1.1508203,0.9967213,0.9967213,0.9967213,0.9803279,0.9442632,1.0190076,1.0563912,1.0786828,1.070166,1.065572,1.00524,1.0091772,1.0216384,1.016384,1.003266,0.2,0.1,0.05,0.05,0.175,0.06250674,0.031253595,0.0277806,0.14635596,0.2698373,0.6,0.2,0.15,0.43333334,0.033333335,1.0,1.0,1.0,0.033333335,0.3,-0.4,-0.8,-0.85,0.4,-0.26666668,0.85991913,0.654195,0.59650743,0.5048168,0.47194877,0.85697734,0.729058,0.5307363,0.44857973,0.52791464,0.2,0.2,0.45,0.5,0.43333334,0.8,0.8,0.55,0.5,0.56666666,-0.6,-0.6,-0.1,0.0,-0.13333334,0.33333334,0.31481862,0.4592014,0.50618243,0.42332166,0.6666667,0.6851814,0.5407986,0.49381754,0.57667834,-0.33333334,-0.37036273,-0.08159718,0.012364922,-0.15335666,1.3897878,1.679132,1.8707365,1.8940489,2.0163066,0.36125037,0.64682513,0.66949916,0.62983507,0.6748662,0.75967234,0.9402946,1.0660197,0.94687104,0.88232124,0.4398353,0.44131634,0.49248332,0.46547046,0.41727707,0.5601647,0.55868363,0.5075167,0.5345295,0.58272296,-0.120329395,-0.11736732,-0.0150333885,-0.06905907,-0.16544588
277,SH605499,-0.0557851109621784,0.16666666666666666,,,,SH605499,东鹏饮料,2026-08-24,0.0074104704,0.020482887,0.36178836,0.008409637,0.41056895,0.004662779,0.22764267,0.0036636123,0.17886211,0.992644,1.0083477,0.98801553,0.9978283,1.0204643,1.0813162,1.0610772,0.9967546,1.177282,1.0073563,1.0215957,1.0500811,1.0502832,1.0523882,0.010812737,0.020220825,0.052932903,0.045732494,0.065768056,-0.0048501226,-0.005982478,-0.006934207,-0.0019181609,-0.0011490935,0.5030071,0.8023722,0.60063434,0.1363396,0.093106635,0.0023439422,0.005325488,0.01579383,-0.022469886,-0.018489989,1.0280687,1.0737851,1.2058531,1.2058531,1.2802713,0.9839669,0.9839669,0.9839669,0.9680915,0.8992333,1.0150461,1.0418121,1.0884742,1.0810457,1.0920622,0.9984133,1.0104214,1.0129818,1.0142168,1.0041649,0.4,0.2,0.15,0.13333334,0.18333334,0.36354795,0.1785064,0.07225829,0.13420373,0.26445317,0.4,0.1,0.15,0.43333334,0.033333335,0.8,0.9,0.95,0.033333335,0.33333334,-0.4,-0.8,-0.8,0.4,-0.3,0.547658,0.763315,0.6394909,0.50306284,0.18090141,-0.3866532,-0.0025761689,0.6290484,0.6353019,0.54018116,0.6,0.5,0.45,0.46666667,0.43333334,0.4,0.5,0.55,0.5,0.55,0.2,0.0,-0.1,-0.033333335,-0.11666667,0.27070734,0.20903207,0.4410716,0.5020947,0.4442839,0.7292927,0.79096794,0.55892843,0.49790528,0.5557161,-0.45858532,-0.5819358,-0.117856815,0.00418942,-0.1114322,1.3939241,1.6680969,2.4112046,2.1623964,1.9878122,0.2739879,0.44347417,0.9641793,0.9114324,0.7565711,1.0730984,1.0361645,1.0193546,1.0397117,1.0738337,0.35864326,0.12326501,0.5006504,0.4826879,0.48220778,0.64135677,0.876735,0.4993496,0.5173121,0.5177922,-0.28271347,-0.75347,0.0013007964,-0.034624193,-0.035584442
278,SZ300866,-0.056237841104999506,0.08333333333333333,,,,,,2026-08-24,-0.018201953,0.041677237,-0.43673608,0.012162896,0.29183546,0.011312389,0.27142847,-0.01905246,-0.45714307,1.0185394,1.0309278,0.9884779,1.0041347,1.0239991,1.039134,1.0328027,0.93342984,1.089122,1.0061505,1.0208514,1.0278883,1.0184153,0.9871583,0.01219682,0.025647374,0.024861662,0.030665139,0.049251758,0.0016280821,-0.0057448656,-0.0022110268,0.00086825265,0.0012496301,0.04454504,0.45992327,0.27681896,0.062130384,0.1963448,-0.009406654,0.005000465,-0.006883571,-0.031005008,-0.0240224,1.0369011,1.1045281,1.1045281,1.1045281,1.1318513,0.9884779,0.9884779,0.9880454,0.90961415,0.86632264,1.0112518,1.0309455,1.0490835,1.0410758,1.026013,0.9990955,1.001013,1.0024723,0.99503136,0.9340569,0.4,0.2,0.15,0.26666668,0.51666665,0.23794585,0.09928565,0.10263003,0.46372205,0.5034386,0.8,0.3,0.65,0.76666665,0.016666668,1.0,1.0,0.45,0.06666667,0.38333333,-0.2,-0.7,0.2,0.7,-0.36666667,0.3290729,0.51426345,0.50502425,0.114112146,-0.19743326,0.5464495,0.15634981,0.1755255,0.35843042,0.14831394,0.4,0.5,0.45,0.5,0.43333334,0.6,0.5,0.55,0.5,0.56666666,-0.2,0.0,-0.1,0.0,-0.13333334,0.360839,0.41068003,0.45914686,0.5470668,0.4705296,0.639161,0.58931994,0.54085314,0.4529332,0.5294704,-0.27832195,-0.17863995,-0.0817063,0.09413364,-0.058940817,1.0727867,1.2435884,1.6323767,1.8290763,2.0404108,0.23118456,0.25482443,0.5633408,0.6516545,0.64564073,0.5456036,0.6828162,0.6832608,0.94871867,0.911353,0.40455207,0.37984937,0.44944128,0.45417565,0.47351176,0.5954479,0.6201506,0.55055875,0.54582435,0.52648824,-0.19089586,-0.24030127,-0.101117454,-0.09164871,-0.05297646
279,SH600196,-0.05633730567653199,0.16666666666666666,,,,SH600196,复星医药,2026-08-24,-0.034322098,0.03771186,-0.9101142,0.0012711695,0.03370742,0.002118591,0.056178376,-0.033474676,-0.8876433,1.035542,1.0368583,0.99780613,1.010778,1.05352,1.058351,0.9982539,1.0259014,1.0026193,1.0429964,1.0534414,1.0355825,1.0327755,1.0009915,0.032811888,0.024914114,0.02847093,0.028260736,0.043156683,-0.011184187,-0.004882739,0.002604302,0.0008871322,0.001964987,0.29046002,0.35208505,0.2928515,0.076368004,0.63229984,-0.020628067,-0.031469103,-0.060323395,-0.04563898,-0.058958586,1.1215496,1.1215496,1.1215496,1.1215496,1.1215496,0.99780613,0.99780613,0.9881618,0.9749979,0.89913696,1.0615058,1.0684556,1.0626583,1.0626583,1.0373913,1.0270307,1.036233,1.00876,1.0086901,0.9564914,0.2,0.1,0.15,0.16666667,0.5,0.017729336,0.017729336,0.08875012,0.17060281,0.45349517,0.6,0.8,0.9,0.93333334,0.96666664,1.0,1.0,0.05,0.33333334,0.33333334,-0.4,-0.2,0.85,0.6,0.6333333,0.52140415,0.34206542,0.7269314,0.65166324,0.6031692,0.92210126,0.84010506,0.83208936,0.5575067,0.59254605,0.4,0.4,0.5,0.5,0.48333332,0.6,0.6,0.5,0.5,0.5,-0.2,-0.2,0.0,0.0,-0.016666668,0.3342944,0.35456252,0.50275576,0.47654685,0.49877083,0.66570556,0.6454375,0.49724424,0.5234532,0.50122917,-0.33141115,-0.29087496,0.005511514,-0.0469063,-0.0024583496,1.3327881,1.158224,0.9200507,0.9584336,0.86389863,0.77736086,0.5704333,0.5249389,0.4757117,0.40944764,1.0459442,1.4586335,1.6579077,1.3791562,1.3662683,0.5207707,0.4573069,0.536553,0.49599707,0.50899684,0.4792293,0.54269314,0.46344694,0.5040029,0.4910032,0.041541416,-0.08538622,0.07310611,-0.008005854,0.017993657
280,SZ000858,-0.05678919531384774,0.0,,,,,,2026-08-24,0.00393255,0.012078674,0.32557797,0.0036516453,0.3023217,0.0044944785,0.37210032,0.004775383,0.3953566,0.99608284,1.0036373,0.991606,0.99936837,1.0149692,1.0658911,1.0338577,0.9843434,1.1474985,1.0050638,1.0225371,1.0448093,1.0411958,1.037924,0.00745345,0.021979503,0.03099135,0.027840024,0.040252835,-0.0040010517,-0.0068702986,-0.0043802815,-0.0007082967,-0.0006008017,0.7203999,0.8956264,0.6991835,0.050164092,0.06794683,0.0029383248,0.008379183,-0.0031966364,-0.030925456,-0.020200457,1.0181876,1.0654715,1.1029655,1.1029655,1.1352031,0.991606,0.991606,0.991606,0.9733925,0.9532534,1.0098473,1.049579,1.0678223,1.0581666,1.0757173,0.9991884,1.0045893,1.0136818,1.0150802,0.99941045,0.4,0.2,0.1,0.1,0.21666667,0.31578225,0.11363912,0.07537766,0.20534784,0.25692055,0.4,0.1,0.15,0.43333334,0.033333335,1.0,1.0,1.0,0.06666667,0.46666667,-0.6,-0.9,-0.85,0.36666667,-0.43333334,-0.27993038,0.7370022,0.7769954,0.5749549,-0.0044354415,-0.6541537,-0.30905092,0.37623072,0.5231359,0.5439023,0.6,0.4,0.5,0.56666666,0.43333334,0.4,0.6,0.5,0.43333334,0.55,0.2,-0.2,0.0,0.13333334,-0.11666667,0.24149834,0.12439785,0.4281427,0.5193492,0.4056082,0.75850165,0.8756021,0.57185733,0.48065078,0.59439176,-0.5170033,-0.7512043,-0.14371464,0.03869843,-0.18878356,0.94074196,1.2545644,1.6225898,1.7785285,1.6569251,0.13258335,0.34676197,0.60397506,0.68242043,0.5829198,0.8979411,0.94680756,1.4687833,1.4068404,1.3210875,0.30904308,0.27389702,0.50254124,0.48322812,0.464491,0.69095695,0.72610295,0.49745873,0.51677185,0.535509,-0.38191384,-0.45220593,0.005082536,-0.03354375,-0.07101798
281,SZ002532,-0.058049263273959,0.16666666666666666,,,,,,2026-08-24,-0.0054815765,0.02427563,-0.22580571,0.004698494,0.19354776,0.014095561,0.5806465,0.00391549,0.16129304,1.0055118,1.0102361,0.98582673,0.9969608,1.04282,1.0728298,0.9696318,0.8572964,1.1489742,1.0001254,1.022915,1.0216876,1.0017259,0.97919166,0.016373811,0.035705343,0.030443694,0.040527284,0.08593153,-0.0051151114,-0.009053718,2.2631739e-05,0.0027608294,2.6013375e-05,0.24397798,0.5893849,1.9342348e-05,0.35965475,2.7950407e-05,0.0101048425,0.017826784,-0.021902679,-0.041757923,0.020040972,1.051282,1.1397384,1.1397384,1.1397384,1.2182039,0.96611446,0.96611446,0.9480968,0.8473272,0.7926322,1.008134,1.0466541,1.04282,1.0321777,1.0339693,0.99333507,0.99951625,0.9996238,0.968091,0.8941324,0.6,0.3,0.25,0.46666667,0.55,0.39786905,0.19516635,0.27083462,0.5221168,0.48726875,0.2,0.2,0.6,0.73333335,0.05,0.6,0.8,0.05,0.033333335,0.46666667,-0.4,-0.6,0.55,0.7,-0.41666666,-0.12116139,0.62943554,0.42051366,-0.22582072,-0.1807929,-0.4203695,-0.08487235,0.019614527,0.4804269,0.18820858,0.4,0.4,0.6,0.6,0.56666666,0.6,0.6,0.4,0.4,0.43333334,-0.2,-0.2,0.2,0.2,0.13333334,0.26242593,0.35841173,0.5374917,0.59033686,0.45384917,0.7375741,0.6415883,0.4625083,0.40966314,0.54615086,-0.47514814,-0.2831765,0.07498341,0.18067369,-0.092301674,1.1988305,1.5342765,1.5441544,1.8210108,1.7375057,0.18058823,0.5133966,0.3836276,0.67212236,0.59758997,0.6008962,1.211749,1.195062,1.2834681,1.1568424,0.29262826,0.43900684,0.4821893,0.47394067,0.497953,0.7073717,0.5609932,0.5178107,0.5260593,0.502047,-0.41474348,-0.12198636,-0.035621423,-0.052118663,-0.0040939855
282,SH600415,-0.05824591118250497,0.25,,,,SH600415,小商品城,2026-08-24,-0.008863777,0.041901674,-0.21153753,0.027397249,0.65384614,0.0056406492,0.13461632,-0.030620376,-0.73076737,1.0089431,1.0365853,0.9943089,1.020221,0.96910095,0.98779273,0.90243083,0.8113816,0.9955706,1.0027603,0.9808901,0.9945475,0.95953363,0.9130703,0.017675431,0.027514102,0.029854234,0.061762076,0.07396931,0.0038216207,0.0067851916,-0.0015439215,0.0046030297,0.0022932703,0.11686786,0.55747443,0.09360663,0.4304726,0.29316163,-0.01040357,-0.011423447,0.020119796,-0.026277578,0.019278213,1.0365853,1.0365853,1.0568978,1.0568978,1.0568978,0.9650406,0.9227611,0.8934914,0.7894224,0.7691052,1.0162574,1.002927,1.022749,1.0094327,0.9890932,0.99528366,0.95771587,0.96763754,0.8999929,0.8445448,0.5,0.75,0.575,0.71666664,0.84166664,0.4886369,0.67858064,0.6518023,0.78727865,0.8022961,1.0,1.0,0.15,0.43333334,0.71666664,0.2,0.4,0.05,0.033333335,0.33333334,0.8,0.6,0.1,0.4,0.38333333,0.3707251,0.21743499,0.38201666,0.14403588,0.43776622,0.90568376,0.6944387,0.7582507,0.71093416,0.5692286,0.4,0.4,0.4,0.46666667,0.43333334,0.6,0.6,0.55,0.5,0.53333336,-0.2,-0.2,-0.15,-0.033333335,-0.1,0.62503606,0.5311569,0.62099576,0.6312377,0.5017493,0.3749639,0.4688431,0.3790042,0.3687623,0.49825075,0.25007218,0.06231378,0.24199156,0.26247537,0.0034985172,1.2788082,1.2712762,1.4458262,1.5001496,1.270088,0.3403227,0.27991036,0.5920165,0.57095295,0.4935318,0.7877667,0.7878019,1.4541965,1.1634213,1.2081734,0.31968945,0.509822,0.50515366,0.5129718,0.49214286,0.68031055,0.490178,0.49484637,0.48702818,0.50785714,-0.36062112,0.019643996,0.010307255,0.025943665,-0.015714273
283,SH601600,-0.05847599146884898,0.16666666666666666,,,,SH601600,中国铝业,2026-08-24,0.0,0.019999998,0.0,0.0052631684,0.26315844,0.014736829,0.73684156,0.009473661,0.47368312,1.0,1.0052632,0.98526317,0.9958757,1.0037986,1.0408357,0.97151,0.83950615,1.1823362,0.9868946,0.99306744,0.9953466,0.97872746,0.98005694,0.013620366,0.020446915,0.020206425,0.037078243,0.091761544,0.0018993318,-0.0026302962,7.2832256e-05,0.0026172379,-0.0014087482,0.04861431,0.15169285,0.0004547122,0.38614446,0.071886145,0.009306754,0.018768903,0.003961471,-0.016677387,0.061501104,1.017472,1.0771668,1.0771668,1.0771668,1.2555357,0.9588256,0.9564712,0.942677,0.8417935,0.8085341,0.9954416,1.0064577,1.0125356,1.005318,1.0377967,0.98005694,0.9737892,0.9804368,0.96182334,0.8830009,1.0,0.7,0.7,0.76666665,0.65,0.7020792,0.36064965,0.4262257,0.6721515,0.4283338,0.6,0.1,0.55,0.7,0.05,0.8,0.4,0.05,0.033333335,0.46666667,-0.2,-0.3,0.5,0.6666667,-0.41666666,-0.53701395,0.36004278,0.28044885,-0.32539645,0.1298886,-0.529947,-0.23826583,-0.1585379,0.56753564,0.25701842,0.4,0.5,0.6,0.56666666,0.45,0.6,0.5,0.4,0.43333334,0.53333336,-0.2,0.0,0.2,0.13333334,-0.083333336,0.47435927,0.39810425,0.5441177,0.6233577,0.44153473,0.5256407,0.60189575,0.4558823,0.3766423,0.5584653,-0.051281434,-0.20379153,0.08823537,0.24671543,-0.11693056,1.0209047,1.3112061,1.3838602,1.7355739,1.8380356,0.17541757,0.5205544,0.39282262,0.72593504,0.6512874,0.65928143,1.1075443,1.061602,1.5177844,1.2630249,0.4503442,0.43553787,0.4703613,0.48978975,0.4749635,0.5496558,0.5644621,0.5296387,0.5102102,0.5250365,-0.099311605,-0.12892424,-0.059277393,-0.02042049,-0.050072998
284,SZ002241,-0.05853962246337156,0.0,,,,,,2026-08-24,-0.036915462,0.059475057,-0.62068814,0.017227283,0.2896556,0.0053323116,0.08965627,-0.048810434,-0.8206875,1.0383304,1.056218,0.9944633,1.0255027,0.94165456,0.97231156,0.9740078,0.9293034,1.1426653,0.9655829,0.9571085,0.9732701,0.9711754,0.97910374,0.031034589,0.024544137,0.025335113,0.023942491,0.05126101,0.014568679,0.003373741,-0.0019918806,-0.00022576631,-0.0012290003,0.5509198,0.1731966,0.21634607,0.0068909847,0.17531918,0.005279714,0.027709652,0.04565275,0.03209825,0.057151742,1.056218,1.056218,1.056218,1.056218,1.19165,0.9246049,0.9233301,0.9233301,0.89011985,0.86115414,0.9972718,0.9727427,0.996929,0.99284375,1.0086017,0.93747747,0.93747747,0.9419938,0.9465031,0.94114214,1.0,1.0,0.9,0.93333334,0.76666665,0.57285386,0.57695144,0.57695144,0.66153723,0.42011368,1.0,1.0,1.0,1.0,0.016666668,0.2,0.4,0.7,0.033333335,0.46666667,0.8,0.6,0.3,0.96666664,-0.45,0.97343457,0.8541629,0.7459168,0.58664715,0.57318014,0.9389306,0.83653307,0.7943854,0.663982,0.5000922,0.8,0.5,0.45,0.53333336,0.48333332,0.2,0.5,0.55,0.46666667,0.51666665,0.6,0.0,-0.1,0.06666667,-0.033333335,0.7890408,0.5915624,0.54467607,0.58168983,0.4418618,0.2109592,0.40843764,0.45532393,0.41831017,0.5581382,0.5780816,0.18312472,0.089352116,0.16337967,-0.116276376,0.5731041,0.43136606,0.4540647,0.4924277,0.55234736,0.36334386,0.28593934,0.21902221,0.20162313,0.23279169,1.5987235,1.9004922,1.5815221,1.4183939,1.279869,0.85011756,0.71507424,0.60964537,0.5417723,0.48512578,0.14988242,0.28492576,0.39035463,0.45822766,0.5148742,0.7002351,0.43014848,0.21929073,0.08354467,-0.029748447
285,SH600436,-0.058816744681617544,0.08333333333333333,,,,SH600436,片仔癀,2026-08-24,0.00617892,0.026341459,0.23457016,0.0043089017,0.1635787,0.015853638,0.60185117,0.017723655,0.6728426,0.99385905,1.0042825,0.97810274,0.9911566,1.0518708,1.1293665,1.0725724,1.0031533,1.0257537,1.0238688,1.0535636,1.0802556,1.0846826,1.006423,0.021649042,0.038540103,0.039381262,0.04470961,0.089823484,-0.010667229,-0.012225785,-0.005213316,-0.0020533307,0.0033092245,0.60696805,0.9224424,0.613362,0.16346234,0.41397342,-0.002534336,0.0014524959,-0.03072914,-0.054909248,-0.1040451,1.0601164,1.1557854,1.1557854,1.2141931,1.2141931,0.97810274,0.97810274,0.97810274,0.96176666,0.84658045,1.0418437,1.0822877,1.1120082,1.1191213,1.1017325,1.0021944,1.0234303,1.0461551,1.0408285,0.9128194,0.2,0.1,0.05,0.033333335,0.48333332,0.26699507,0.123237975,0.123237975,0.15146331,0.4173403,0.6,0.1,0.55,0.13333334,0.56666666,1.0,1.0,1.0,0.033333335,0.33333334,-0.4,-0.9,-0.45,0.1,0.23333333,-0.23248845,0.5618207,0.7072449,0.55524206,0.65161794,0.26665762,0.22013932,0.26848364,0.50911313,0.6202259,0.2,0.1,0.35,0.43333334,0.45,0.8,0.9,0.65,0.56666666,0.55,-0.6,-0.8,-0.3,-0.13333334,-0.1,0.21135037,0.11347718,0.37183788,0.497727,0.48977807,0.7886496,0.8865228,0.6281621,0.50227296,0.51022196,-0.5772993,-0.77304566,-0.25632423,-0.004545979,-0.020443862,1.0800275,1.2248777,1.468969,2.1375194,1.6272095,0.27475828,0.32323235,0.37637544,1.2674028,1.0965538,1.1259518,0.9100349,0.8072166,1.5033625,1.6283002,0.4450009,0.31994513,0.42629758,0.41896242,0.47266832,0.5549991,0.68005484,0.5737024,0.5810376,0.52733165,-0.10999823,-0.36010975,-0.14740483,-0.16207515,-0.054663338
286,SH600276,-0.05944371918368987,0.08333333333333333,,,,SH600276,恒瑞医药,2026-08-24,-0.016407268,0.03386626,-0.4844724,0.011358841,0.33540288,0.006100151,0.18012473,-0.021665959,-0.63975054,1.016681,1.0282292,0.9937981,1.0065368,1.1306659,1.1586831,1.1462781,1.1922593,1.0733546,1.0651416,1.1069504,1.1274487,1.1432421,1.1102437,0.056943446,0.059848517,0.047644805,0.047385525,0.070192225,-0.034516774,-0.018393027,-0.0053768125,-0.003883503,0.0021076533,0.9185714,0.865787,0.44574523,0.52054423,0.27499205,0.0038919542,-0.024181759,-0.07636891,-0.0869313,-0.17241949,1.1340905,1.1933292,1.1950389,1.2403758,1.2403758,0.9937981,0.9937981,0.9937981,0.9937981,0.9679217,1.1212157,1.152267,1.1594526,1.1743809,1.1727537,1.0167671,1.0510703,1.1188633,1.1260039,1.0328478,0.2,0.1,0.05,0.033333335,0.06666667,0.04420701,0.031082416,0.030818338,0.025151948,0.11773847,0.2,0.1,0.5,0.06666667,0.53333336,1.0,1.0,1.0,1.0,0.11666667,-0.8,-0.9,-0.5,-0.93333334,0.41666666,-0.47792163,-0.3492037,-0.3061186,0.008604676,0.35527134,-0.6254689,-0.54333544,-0.1927728,0.04306177,0.3938974,0.2,0.3,0.4,0.4,0.41666666,0.8,0.7,0.6,0.6,0.56666666,-0.6,-0.4,-0.2,-0.2,-0.15,0.043331653,0.13193944,0.31331697,0.35869017,0.47217178,0.9566684,0.8680605,0.68668306,0.64130986,0.5278282,-0.9133367,-0.7361211,-0.3733661,-0.28261968,-0.05565645,1.3390298,1.1897463,1.0598087,1.1059246,1.1241467,0.8617551,0.6176295,0.5028971,0.48125434,0.44251773,1.3560432,1.5535733,1.5601434,1.3201392,1.2961657,0.5282726,0.46325484,0.525271,0.49585974,0.48780242,0.47172737,0.5367452,0.47472903,0.50414026,0.5121976,0.056545276,-0.07349034,0.050541945,-0.008280519,-0.024395173
287,SZ002001,-0.05958189841009161,0.16666666666666666,,,,,,2026-08-24,-0.054257985,0.06575637,-0.82513654,0.006467825,0.09836043,0.005030562,0.07650304,-0.055695247,-0.8469939,1.0573708,1.0642097,0.9946808,1.0129136,1.0881447,1.1804719,1.1344941,1.0687652,1.1158816,1.0678558,1.0887139,1.1190324,1.1230599,1.1257255,0.04315423,0.04779455,0.04720767,0.043335345,0.040128954,-0.025379136,-0.01221523,-0.0055715204,-0.0018996703,-0.0005922186,0.86466306,0.5987671,0.48751768,0.14892708,0.06642755,-0.017097592,-0.03374537,-0.06610294,-0.0955146,-0.10825501,1.1223341,1.1937629,1.1952895,1.2158014,1.2458172,0.9946808,0.9946808,0.9946808,0.9946808,0.9946808,1.102886,1.1167117,1.1580498,1.1580498,1.1580498,1.0455936,1.0642852,1.0736309,1.0908772,1.0903459,0.2,0.1,0.05,0.033333335,0.016666668,0.041668884,0.026718479,0.026515147,0.024055526,0.021180399,0.4,0.2,0.5,0.26666668,0.083333336,1.0,1.0,1.0,1.0,1.0,-0.6,-0.8,-0.5,-0.73333335,-0.9166667,-0.67694694,-0.57598543,-0.6057786,-0.38266388,-0.17235218,-0.6587944,-0.6080156,-0.46271554,-0.28263047,-0.094455585,0.4,0.4,0.5,0.56666666,0.51666665,0.6,0.6,0.5,0.43333334,0.48333332,-0.2,-0.2,0.0,0.13333334,0.033333335,0.15057665,0.18033125,0.35656226,0.4525454,0.46190315,0.84942335,0.81966877,0.64343774,0.5474546,0.53809685,-0.6988467,-0.63933754,-0.28687552,-0.09490921,-0.07619366,0.7443331,0.727676,0.61745405,0.5938629,0.60241985,0.228562,0.33883384,0.2648133,0.2333114,0.20802817,1.0338198,1.4518765,1.5937734,1.4493498,1.2986156,0.64340633,0.5526554,0.57057106,0.54732597,0.5224908,0.35659367,0.4473446,0.42942896,0.45267406,0.4775092,0.28681266,0.1053108,0.1411421,0.09465189,0.04498162
288,SZ300413,-0.06028984187956249,0.25,,,,,,2026-08-24,-0.035862066,0.04551723,-0.78787893,0.0034482596,0.075757235,0.006206903,0.13636382,-0.033103425,-0.7272724,1.037196,1.0407726,0.9935622,1.0092607,1.1029412,1.1573927,1.0858506,1.0536566,1.2261525,1.0620826,1.0941573,1.1227543,1.1107446,1.1046104,0.036388837,0.043547396,0.046512716,0.043943338,0.05283449,-0.015302079,-0.013005255,-0.005267644,5.4732896e-05,-0.0004167382,0.4420837,0.8175697,0.44890815,0.00012022991,0.018975424,-0.031478506,-0.035633743,-0.072711766,-0.1115382,-0.092316724,1.0999146,1.1757364,1.215973,1.215973,1.2727071,0.9935622,0.9935622,0.9935622,0.9935622,0.9935622,1.0848967,1.1274245,1.15938,1.1469793,1.1458664,1.0489666,1.072337,1.0891892,1.0821145,1.0533386,0.2,0.1,0.05,0.033333335,0.016666668,0.06053256,0.035338573,0.028945426,0.028945426,0.023062482,0.2,0.3,0.3,0.53333336,0.016666668,1.0,1.0,1.0,1.0,1.0,-0.8,-0.7,-0.7,-0.46666667,-0.98333335,-0.8079375,-0.4323775,0.308505,0.24463809,0.064366475,-0.6985872,-0.6751182,-0.29294473,-0.10421737,0.046087645,0.2,0.1,0.35,0.36666667,0.38333333,0.8,0.8,0.6,0.56666666,0.5833333,-0.6,-0.7,-0.25,-0.2,-0.2,0.18181777,0.136029,0.39024386,0.4587156,0.41139832,0.81818223,0.863971,0.6097562,0.5412844,0.5886017,-0.63636446,-0.727942,-0.2195123,-0.082568824,-0.17720337,0.5307551,0.5118539,0.6114692,0.63390404,0.59622467,0.27232268,0.20689534,0.22040628,0.20512977,0.16761863,1.3323238,1.5690913,1.2364458,1.0279813,0.95666116,0.7721001,0.6370656,0.5559526,0.5332453,0.5247947,0.2278999,0.3629344,0.44404736,0.46675467,0.4752053,0.5442002,0.27413118,0.11190527,0.06649068,0.049589373
289,SZ002920,-0.06326543543776084,0.3333333333333333,,,,,,2026-08-24,-0.013781288,0.04681088,-0.29440352,0.02756265,0.5888086,0.005466943,0.116787866,-0.035876997,-0.76642424,1.0139738,1.0419216,0.99445665,1.011997,1.0541242,1.0716605,0.9573501,0.95594287,1.1752543,0.9965577,1.0378112,1.0453941,1.0164249,1.0153099,0.020948034,0.04921999,0.045887046,0.056710303,0.06377724,-0.0037453892,-0.014520391,-0.0015753021,0.0033934414,-0.0002776506,0.079918504,0.79778355,0.0412492,0.2774971,0.0057805027,0.010933084,0.027530551,-0.030428657,-0.06562981,-0.007119259,1.0657438,1.1312989,1.1312989,1.1312989,1.1970553,0.96352047,0.96352047,0.94470876,0.91819614,0.88848495,1.0057805,1.0886556,1.0802555,1.0735224,1.0777657,0.9780472,0.994068,0.9967309,0.9620913,0.9575232,0.8,0.4,0.3,0.53333336,0.5,0.35686144,0.21742688,0.29632452,0.38387036,0.36139262,0.2,0.4,0.7,0.8,0.016666668,0.8,0.9,0.05,0.033333335,0.33333334,-0.6,-0.5,0.65,0.76666665,-0.31666666,0.30415544,0.4930844,0.44511685,0.49785724,0.27500153,0.00996147,0.08242649,0.3345577,0.36268374,0.2812598,0.6,0.6,0.65,0.6333333,0.46666667,0.4,0.4,0.35,0.36666667,0.53333336,0.2,0.2,0.3,0.26666668,-0.06666667,0.22587736,0.34575948,0.54800195,0.53170276,0.43494338,0.77412266,0.65424055,0.45199803,0.46829724,0.5650566,-0.54824525,-0.30848104,0.096003935,0.06340549,-0.13011326,1.1541191,1.5343943,1.727162,1.5921242,1.7047282,0.19062524,0.65755284,0.679168,0.61828196,0.53931904,1.1114029,1.2557334,1.0327532,0.9379115,1.0051979,0.06617681,0.48407736,0.50796384,0.4666508,0.4551549,0.93382317,0.5159226,0.49203616,0.5333492,0.5448451,-0.8676464,-0.031845257,0.015927656,-0.06669838,-0.08969024
290,SH603392,-0.06502674388591698,0.25,,,,SH603392,万泰生物,2026-08-24,-0.069867544,0.09602647,-0.72758627,0.023178808,0.24137937,0.0029801216,0.031034376,-0.09006623,-0.93793124,1.0751157,1.1000355,0.996796,1.0402565,1.0540774,1.0843804,1.037694,1.0056664,1.2339245,1.0416605,1.060951,1.0671409,1.0560975,1.054375,0.048151143,0.03982668,0.03227147,0.031879257,0.0691183,0.0041389614,-0.006439858,-0.0014777317,0.001050961,-0.00081744755,0.018471815,0.23967117,0.07338744,0.08422839,0.042661246,-0.049938414,-0.031971592,-0.05310244,-0.07133647,-0.030260328,1.158841,1.158841,1.158841,1.158841,1.2994186,0.996796,0.996796,0.996796,0.9793393,0.9106547,1.0906135,1.093964,1.0912786,1.0891106,1.0912786,0.99943334,1.020202,1.0395417,1.0297856,1.0074402,0.4,0.2,0.1,0.06666667,0.16666667,0.019772138,0.019772138,0.019772138,0.11510025,0.22981888,0.8,0.9,0.95,0.96666664,0.016666668,1.0,1.0,1.0,0.06666667,0.33333334,-0.2,-0.1,-0.05,0.9,-0.31666666,0.34130096,0.18458024,0.11161004,0.18410645,-0.23048083,0.40521163,0.40369758,0.41066095,0.41798824,0.3536655,0.2,0.3,0.4,0.46666667,0.43333334,0.8,0.7,0.6,0.53333336,0.56666666,-0.6,-0.4,-0.2,-0.06666667,-0.13333334,0.39329126,0.37272388,0.46293607,0.49605763,0.41900542,0.60670877,0.6272761,0.53706396,0.5039424,0.5809946,-0.21341747,-0.25455222,-0.074127875,-0.007884743,-0.16198917,0.7382378,0.61836916,0.50861675,0.48892093,0.45554715,0.46707508,0.34933925,0.27511418,0.23949842,0.20193939,0.99720806,1.294907,1.4259962,1.3269885,1.1876454,0.68522996,0.6183293,0.599229,0.57350206,0.5365504,0.31477004,0.38167074,0.40077102,0.42649794,0.4634496,0.3704599,0.23665853,0.19845799,0.1470041,0.07310081
291,SH600438,-0.06645103988582014,0.16666666666666666,,,,SH600438,通威股份,2026-08-24,-0.011419192,0.04567699,-0.24999876,0.023654195,0.51785797,0.010603605,0.23214324,-0.024469782,-0.53571355,1.0115511,1.0354785,0.9892739,1.0072918,1.0651962,1.0487344,0.9216605,0.8811894,1.2186869,1.0222915,1.0468866,1.0295595,0.9861604,1.0168412,0.020188844,0.03315493,0.04826932,0.07529275,0.086771935,-0.009824959,-0.009193633,0.0033809878,0.0070347027,-0.0018322768,0.5920775,0.7048383,0.17171684,0.6765297,0.13599515,-0.0026416772,-0.0055152136,-0.061678857,-0.088163614,0.037210938,1.071787,1.1262866,1.1262866,1.1262866,1.2277197,0.9892739,0.9892739,0.90843534,0.85151464,0.85151464,1.0313488,1.0638949,1.0609148,1.0594053,1.0868372,1.0119201,1.0162014,0.9929078,0.91023487,0.92296183,0.2,0.1,0.25,0.5,0.43333334,0.12999249,0.07828532,0.42030802,0.5403947,0.39469272,0.2,0.2,0.6,0.73333335,0.016666668,1.0,1.0,0.05,0.16666667,0.5833333,-0.8,-0.8,0.55,0.56666666,-0.56666666,0.46144885,0.86883956,0.62841505,0.5960748,0.24383818,0.24144574,0.58599615,0.7812557,0.7148807,0.6116687,0.4,0.5,0.5,0.53333336,0.41666666,0.6,0.5,0.5,0.43333334,0.56666666,-0.2,0.0,0.0,0.1,-0.15,0.1233085,0.38763887,0.5790027,0.58935213,0.42106253,0.8766915,0.61236113,0.42099732,0.41064787,0.5789375,-0.753383,-0.22472225,0.15800534,0.17870429,-0.15787496,1.0470918,1.5403231,1.7981147,1.6139691,1.5292474,0.20296225,0.7359254,0.8139079,0.72614634,0.58288455,0.8994299,1.3041636,1.4308093,1.487596,1.3091211,0.29442766,0.3874527,0.4987473,0.48386043,0.49533325,0.70557237,0.6125473,0.5012527,0.51613957,0.50466675,-0.4111447,-0.2250946,-0.0025054098,-0.032279145,-0.009333483
292,SZ002304,-0.0664637841157895,0.0,,,,,,2026-08-24,0.00592485,0.013910346,0.42593113,0.00489432,0.35184747,0.0030911765,0.2222214,0.0041217064,0.2963051,0.99411005,1.0048655,0.9910371,0.99888355,1.0197448,1.0645617,1.0166658,0.975661,1.119691,1.0036557,1.0260104,1.044487,1.0369548,1.0295204,0.008479959,0.027431956,0.0315457,0.03008693,0.038520407,-0.0035677548,-0.008323293,-0.0037696136,-2.4312229e-05,-0.0002060091,0.44252974,0.8438947,0.49978286,5.0605235e-05,0.008723503,0.003479824,0.011444428,-0.008675678,-0.036602266,-0.023443067,1.0299921,1.0789027,1.1070516,1.1070516,1.1303142,0.9910371,0.9910371,0.9910371,0.96545947,0.94973856,1.0104686,1.0549043,1.0673671,1.0645617,1.0645617,0.9982894,0.9998534,1.0141635,1.0141635,0.99037194,0.6,0.3,0.15,0.13333334,0.28333333,0.23008351,0.102007076,0.0772569,0.24394377,0.27833998,0.2,0.3,0.25,0.5,0.033333335,1.0,1.0,1.0,0.06666667,0.33333334,-0.8,-0.7,-0.75,0.43333334,-0.3,0.49061117,0.8585197,0.7958475,0.57084376,0.25712326,0.09238516,0.3012943,0.53976893,0.57091564,0.49765375,0.4,0.3,0.4,0.43333334,0.43333334,0.6,0.7,0.6,0.56666666,0.56666666,-0.2,-0.4,-0.2,-0.13333334,-0.13333334,0.30614316,0.23632789,0.4697964,0.5271065,0.43212688,0.69385684,0.7636721,0.5302036,0.47289348,0.5678731,-0.38771364,-0.5273442,-0.060407195,0.054213062,-0.13574626,0.99812865,1.3309348,1.7807934,1.9181238,1.7904329,0.06834566,0.38918823,0.7758862,0.8063269,0.6209195,0.52058065,0.7158213,1.5507094,1.2816677,1.1297784,0.1367564,0.3068456,0.4968622,0.48742732,0.4574741,0.8632436,0.6931544,0.50313777,0.5125727,0.5425259,-0.72648716,-0.3863088,-0.0062755696,-0.025145357,-0.08505177
293,SZ300033,-0.06736591849119009,0.08333333333333333,,,,,,2026-08-24,-0.024398966,0.043981295,-0.5547578,0.010623996,0.24155715,0.008958332,0.20368506,-0.02606463,-0.5926299,1.0250092,1.0358988,0.9908176,1.0060062,1.0889649,1.100545,1.0084447,0.9984791,1.0509428,1.0280287,1.0530335,1.0624764,1.0499079,1.05077,0.025993178,0.032490797,0.037066597,0.037857953,0.06264327,-0.01441091,-0.0095320465,-0.0011400828,0.001355567,0.00070187077,0.7684295,0.7889745,0.033111237,0.09936409,0.038288232,0.0007931015,-0.010139208,-0.051645666,-0.06956368,-0.07147527,1.0864282,1.1162362,1.1336321,1.1336321,1.2418817,0.9908176,0.9908176,0.9463853,0.9463853,0.8780927,1.0371937,1.0815722,1.0912809,1.0851167,1.1053349,1.0129199,1.0232029,1.0281774,1.0146087,0.99969584,0.2,0.1,0.1,0.13333334,0.21666667,0.096039355,0.073213845,0.2863317,0.2863317,0.33510444,0.2,0.1,0.35,0.56666666,0.36666667,1.0,1.0,0.1,0.4,0.15,-0.8,-0.9,0.25,0.16666667,0.21666667,0.26612234,0.5078224,0.46438268,0.1981072,0.46331763,-0.36788976,0.09997489,0.67281616,0.3932434,0.5859517,0.2,0.2,0.4,0.46666667,0.41666666,0.8,0.8,0.6,0.53333336,0.5833333,-0.6,-0.6,-0.2,-0.06666667,-0.16666667,0.08270628,0.20626917,0.48900867,0.50115156,0.48501524,0.9172937,0.7937308,0.51099133,0.49884847,0.5149848,-0.83458745,-0.58746165,-0.021982662,0.002303084,-0.029969519,0.91297287,0.9830496,1.1222252,1.2000245,1.528975,0.124170035,0.14971767,0.32866624,0.35902143,0.6645327,0.6480953,0.66000664,1.0234846,0.8770439,1.5772785,0.4205936,0.5285196,0.5178746,0.47999233,0.48583385,0.5794064,0.47148043,0.4821254,0.52000767,0.5141662,-0.15881279,0.05703912,0.035749193,-0.040015325,-0.028332317
294,SZ002074,-0.0691966505750393,0.0,,,,,,2026-08-24,0.0070422734,0.021868046,0.32203487,0.013713763,0.62711424,0.00111201,0.050850905,-0.0055594794,-0.25422844,0.99300694,1.0136179,0.99190277,1.0022764,1.0098994,1.0356538,1.0080482,0.90342045,1.2081287,0.9841609,0.99781084,1.015014,1.0082226,1.027572,0.014025449,0.01866671,0.025003148,0.03153953,0.060863104,0.0035734484,-0.0042573023,-0.0031271516,0.00032470695,-0.001898495,0.16228616,0.47680935,0.5474904,0.008214372,0.29676357,0.008692189,0.021347046,0.01469392,-0.012930861,0.028433565,1.0136179,1.0415456,1.0662062,1.0706843,1.227525,0.9631606,0.9631606,0.9631606,0.889505,0.889505,0.99439836,1.0118953,1.0369415,1.0369415,1.0720161,0.9712836,0.98533595,0.9947363,0.988507,0.9845633,1.0,0.6,0.35,0.43333334,0.38333333,0.73011094,0.46997976,0.35750574,0.6098653,0.32688883,1.0,0.2,0.15,0.2,0.016666668,0.4,0.7,0.85,0.033333335,0.51666665,0.6,-0.5,-0.7,0.16666667,-0.5,0.588451,0.54661894,0.806192,0.37173566,0.27110717,0.35143486,0.23483942,0.6436683,0.62922406,0.43976685,0.6,0.5,0.5,0.6,0.45,0.4,0.5,0.5,0.4,0.55,0.2,0.0,0.0,0.2,-0.1,0.4350583,0.36648616,0.48576322,0.5919965,0.41317484,0.5649417,0.6335138,0.51423675,0.4080035,0.58682513,-0.1298834,-0.26702768,-0.028473541,0.18399297,-0.17365031,0.7699101,0.8252833,0.9895641,1.174689,1.1622356,0.16765656,0.14048082,0.29243013,0.46176788,0.3722857,0.5280378,0.6228334,1.126282,1.2813846,1.0521183,0.60355115,0.47794947,0.50005984,0.5042306,0.49114484,0.39644885,0.5220505,0.49994016,0.49576935,0.50885516,0.20710228,-0.04410104,0.00011968129,0.008461288,-0.017710323
295,SZ000963,-0.07357289604505923,0.0,,,,,,2026-08-24,-0.023381386,0.030575613,-0.7647071,0.0035971126,0.11764646,0.0035971126,0.11764646,-0.023381386,-0.7647071,1.0239412,1.0276244,0.9963168,1.0077688,1.0843564,1.0913638,1.0626388,1.0740324,1.0466715,1.0505444,1.0705101,1.0659794,1.084237,1.0677959,0.03769841,0.032999676,0.02792244,0.041291904,0.040611405,-0.014659409,-0.008059576,-0.00052176596,-0.0028860988,0.00071456237,0.37803057,0.54678494,0.012221171,0.37861195,0.094424374,-0.021225514,-0.034242004,-0.06102258,-0.04238852,-0.088875435,1.12966,1.12966,1.12966,1.197054,1.197054,0.9963168,0.9963168,0.9963168,0.9963168,0.94401264,1.0731499,1.0953436,1.0892884,1.1108028,1.0953436,1.0280082,1.0467999,1.0465003,1.0518014,1.035588,0.2,0.1,0.05,0.033333335,0.05,0.027622195,0.027622195,0.027622195,0.018348522,0.22125766,0.6,0.8,0.9,0.1,0.55,1.0,1.0,1.0,1.0,0.33333334,-0.4,-0.2,-0.1,-0.9,0.21666667,0.40559945,0.31209755,0.2808844,0.30402005,0.5014194,0.8761311,0.790905,0.66891503,0.44643754,0.4376723,0.2,0.4,0.45,0.46666667,0.45,0.8,0.6,0.55,0.53333336,0.55,-0.6,-0.2,-0.1,-0.06666667,-0.1,0.2767554,0.29734227,0.41696212,0.44757578,0.4827238,0.7232446,0.7026577,0.5830379,0.55242425,0.51727617,-0.44648924,-0.40531546,-0.16607578,-0.10484845,-0.03455239,1.4225997,1.3366789,1.1342931,1.1326346,0.93405926,0.7834148,0.53963226,0.51484066,0.45179993,0.42974785,0.9374528,1.3709017,1.4138293,1.178609,1.2795348,0.48675826,0.42884502,0.5232007,0.5149895,0.5067761,0.51324177,0.57115495,0.4767993,0.48501053,0.49322394,-0.026483506,-0.14230995,0.04640139,0.029978957,0.013552135
296,SH601238,-0.07894953060822428,0.16666666666666666,,,,SH601238,广汽集团,2026-08-24,0.001956942,0.043052845,0.04545442,0.035225075,0.81818235,0.005870826,0.13636325,-0.027397307,-0.63636464,0.9980469,1.0351562,0.9921875,1.0046839,1.0032432,1.04,1.0032432,0.9545946,1.1848649,1.0056217,1.008973,1.0292432,1.0188829,1.0497478,0.029551318,0.02238329,0.030860884,0.030618072,0.067270845,0.0028108067,-0.0015397243,-0.003479782,0.00046946952,-0.0025504085,0.022617688,0.043376,0.44499525,0.018220523,0.43839493,-0.01124325,-0.0020442337,0.0038146619,-0.025690218,0.02548927,1.0698826,1.0698826,1.0895202,1.0895202,1.2255526,0.9764256,0.9764256,0.9764256,0.9408995,0.9408995,1.0112432,1.0233513,1.0544865,1.0451891,1.1178379,0.9922162,0.9974054,0.99956757,0.9956757,0.99783784,0.8,0.5,0.25,0.35,0.25,0.25224885,0.25224885,0.20844881,0.39766008,0.20762298,0.6,0.8,0.25,0.5,0.033333335,0.4,0.7,0.85,0.033333335,0.51666665,0.2,0.1,-0.6,0.46666667,-0.48333332,0.7283317,0.4874642,0.4394997,0.356896,-0.34366438,0.8328923,0.7234963,0.64688575,0.5816908,0.26385972,0.4,0.4,0.5,0.56666666,0.45,0.6,0.6,0.5,0.43333334,0.55,-0.2,-0.2,0.0,0.13333334,-0.1,0.4900663,0.4162896,0.4959569,0.5381818,0.4165854,0.5099337,0.58371043,0.5040431,0.46181822,0.5834146,-0.019867435,-0.1674208,-0.008086205,0.07636356,-0.16682924,1.1931324,0.9076512,0.9073568,0.88261896,0.87453043,0.6906246,0.55754876,0.4132805,0.3480377,0.32066193,1.3044176,1.6514566,1.6418024,1.5133265,1.4202538,0.5948058,0.5308722,0.53798807,0.45560735,0.50177324,0.40519425,0.46912774,0.46201193,0.54439265,0.49822673,0.18961152,0.061744507,0.07597614,-0.08878529,0.003546529
297,SH600188,-0.08073921202990582,0.08333333333333333,,,,SH600188,兖矿能源,2026-08-24,0.015821313,0.0535133,0.295652,0.024197303,0.45217362,0.013494683,0.25217438,0.0051186937,0.09565274,0.9844251,1.0238204,0.9711406,1.0016822,1.0118898,0.9977153,0.9148132,0.81130224,0.98419356,0.9969693,1.002238,0.96353334,0.9498826,0.941329,0.019507926,0.016513105,0.051924154,0.054736033,0.10334762,-0.0071944813,-0.002424018,0.0065387986,0.004075733,-0.00080526347,0.34002963,0.19752663,0.555041,0.42970112,0.018517181,0.017419701,0.0086700125,-0.025651937,-0.008980772,0.08242627,1.0499054,1.0499054,1.0499054,1.0609481,1.2550552,0.9692913,0.9647414,0.8465254,0.8221362,0.78059757,1.0054086,1.013186,1.0118898,1.001893,1.013186,0.98028624,0.984063,0.91433764,0.9002378,0.84460294,0.8,0.5,0.75,0.78333336,0.725,0.38093424,0.41400784,0.7546197,0.7447862,0.46242794,0.4,0.7,0.85,0.26666668,0.06666667,0.8,0.4,0.3,0.033333335,0.36666667,-0.4,0.3,0.55,0.23333333,-0.3,0.6946347,0.44944054,0.19546635,0.046480034,0.3711003,0.66191673,0.36618125,0.49825144,0.5376217,0.46675235,0.6,0.5,0.6,0.6,0.45,0.4,0.5,0.4,0.4,0.55,0.2,0.0,0.2,0.2,-0.1,0.43028972,0.506982,0.611199,0.6153451,0.5045698,0.5697103,0.49301797,0.38880098,0.38465485,0.49543014,-0.1394206,0.013964072,0.22239804,0.2306903,0.009139688,0.8913166,0.989027,1.0317193,1.1600726,1.2476497,0.2192362,0.24164703,0.2762677,0.3337041,0.38153058,0.6284031,0.7385382,1.5579458,1.219709,1.1767443,0.6058327,0.49310938,0.4779015,0.5059569,0.49913457,0.39416733,0.50689065,0.52209854,0.4940431,0.50086546,0.21166535,-0.013781278,-0.044197027,0.011913805,-0.0017308878
298,SH600547,-0.08537263305844559,0.3333333333333333,,,,SH600547,山东黄金,2026-08-24,-0.03439154,0.05925927,-0.58035713,0.008994711,0.15178572,0.015873019,0.26785713,-0.027513232,-0.4642857,1.0356164,1.0449315,0.98356164,1.0104343,0.8223321,0.85975367,0.7223357,0.6545876,0.78296447,0.9418128,0.880732,0.8302606,0.78660023,0.7483864,0.076082245,0.08283877,0.082792096,0.09376492,0.0859563,0.04519236,0.023464018,0.012121057,0.009688017,0.002479823,0.8820709,0.7354429,0.75019,0.82735264,0.25385505,-0.032197554,0.013679922,0.05458937,0.072923504,0.17845885,1.0449315,1.0449315,1.0449315,1.0449315,1.0449315,0.8113967,0.7758857,0.7037624,0.63464016,0.61156225,1.0030121,0.97369856,0.86592776,0.83849734,0.80708545,0.87975055,0.81795895,0.75637287,0.70829535,0.67171985,0.8,0.9,0.95,0.96666664,0.98333335,0.80760247,0.8329968,0.86830133,0.89048874,0.89632046,1.0,1.0,1.0,1.0,1.0,0.4,0.4,0.05,0.033333335,0.35,0.6,0.6,0.95,0.96666664,0.65,0.71570563,0.7785781,0.8046379,0.6532636,0.42609155,0.17095426,0.19827613,0.32667553,0.34697285,0.25413507,0.8,0.6,0.7,0.7,0.56666666,0.2,0.4,0.3,0.3,0.43333334,0.6,0.2,0.4,0.4,0.13333334,0.9275202,0.7064076,0.7578921,0.72350574,0.5794626,0.07247979,0.2935924,0.2421079,0.27649423,0.4205374,0.85504043,0.4128152,0.5157842,0.4470115,0.15892518,0.8157881,0.627836,0.52402264,0.497169,0.43313816,0.28062457,0.29019782,0.24344261,0.21554857,0.19214584,0.7804967,0.9363121,1.0595719,1.0094807,1.1158656,0.8498712,0.6460275,0.6345689,0.5900972,0.5516249,0.15012878,0.35397246,0.36543107,0.40990278,0.4483751,0.69974244,0.29205507,0.26913783,0.18019441,0.10324978
299,SZ000975,-0.1093522818601789,0.4166666666666667,,,,,,2026-08-24,0.014211476,0.07868279,0.18061735,0.035355266,0.44933927,0.029116046,0.3700434,0.007972255,0.10132147,0.98598766,1.0348599,0.9572796,0.9877582,0.92002076,0.9275331,0.7669334,0.6671349,0.7676052,0.95358825,0.922589,0.87055516,0.81519675,0.751817,0.035791554,0.042903576,0.074066825,0.10439858,0.1060992,0.021736998,0.012529315,0.011635057,0.011371912,0.0040032375,0.92210007,0.7817702,0.8636893,0.9195589,0.43420854,0.0029377686,0.021029066,0.018911794,0.019910509,0.13008748,1.0348599,1.0348599,1.0348599,1.0348599,1.0348599,0.8978151,0.8431245,0.73684496,0.6203,0.5673229,0.9814084,0.9581689,0.9228914,0.9167471,0.8660172,0.9205705,0.8859219,0.7895315,0.73594946,0.6606914,1.0,1.0,1.0,1.0,1.0,0.7456316,0.8181876,0.8830265,0.91591114,0.92543936,1.0,1.0,1.0,1.0,1.0,0.4,0.4,0.05,0.13333334,0.36666667,0.6,0.6,0.95,0.8666667,0.6333333,0.74825895,0.42139345,0.1284833,0.06444483,0.077216215,0.2745846,-0.26844603,0.21119387,0.3265197,0.18504423,0.8,0.7,0.7,0.6666667,0.55,0.2,0.3,0.3,0.33333334,0.45,0.6,0.4,0.4,0.33333334,0.1,0.93664545,0.64807194,0.73517805,0.7199531,0.58382535,0.063354544,0.35192806,0.26482195,0.28004685,0.41617465,0.8732909,0.2961439,0.47035608,0.4399063,0.16765067,0.8236505,0.7653491,0.8005463,0.8377044,0.7822875,0.2441544,0.23146331,0.21946158,0.253836,0.26377895,0.919993,0.7191379,0.7382392,0.86613196,0.9523499,0.70510757,0.541259,0.51160467,0.52089506,0.51649576,0.29489246,0.458741,0.48839536,0.47910494,0.48350427,0.41021508,0.08251798,0.023209289,0.041790128,0.032991476
