,datetime,instrument,score,exp_name,rid,weight,real_label,error,abs_error
0,2026-09-11,SH600000,0.0057035713093351054,EXP_CatBoostModel_Alpha158_csi300_custom_step0_s_20260911_19,f67fee38316f454da27095ea15763341,0.076,,,
1,2026-09-11,SZ300832,0.024708040058612823,EXP_LinearModel_Alpha158_csi300_custom_step0_s_20260911_16,c155ab4eb0f542b6b439d1b82a186d83,0.087,,,
2,2026-09-11,SZ300866,0.0223767701536417,EXP_LinearModel_Alpha158_csi300_custom_step0_s_20260911_16,c155ab4eb0f542b6b439d1b82a186d83,0.087,,,
3,2026-09-11,SZ300896,-0.01569391041994095,EXP_LinearModel_Alpha158_csi300_custom_step0_s_20260911_16,c155ab4eb0f542b6b439d1b82a186d83,0.087,,,
4,2026-09-11,SZ300999,0.008596714586019516,EXP_LinearModel_Alpha158_csi300_custom_step0_s_20260911_16,c155ab4eb0f542b6b439d1b82a186d83,0.087,,,
5,2026-09-11,SZ301165,0.11005048453807831,EXP_LinearModel_Alpha158_csi300_custom_step0_s_20260911_16,c155ab4eb0f542b6b439d1b82a186d83,0.087,,,
6,2026-09-11,SZ301236,-0.008160589262843132,EXP_LinearModel_Alpha158_csi300_custom_step0_s_20260911_16,c155ab4eb0f542b6b439d1b82a186d83,0.087,,,
7,2026-09-11,SZ301269,-0.05325518175959587,EXP_LinearModel_Alpha158_csi300_custom_step0_s_20260911_16,c155ab4eb0f542b6b439d1b82a186d83,0.087,,,
8,2026-09-11,SZ301308,-0.16708211600780487,EXP_LinearModel_Alpha158_csi300_custom_step0_s_20260911_16,c155ab4eb0f542b6b439d1b82a186d83,0.087,,,
9,2026-09-11,SZ302132,-0.021327171474695206,EXP_LinearModel_Alpha158_csi300_custom_step0_s_20260911_16,c155ab4eb0f542b6b439d1b82a186d83,0.087,,,
10,2026-09-11,SH600000,-0.020766593515872955,EXP_LinearModel_Alpha158_csi300_custom_step0_s_20260911_16,f63f502ac8a54fc5b92a00210a924da0,0.012,,,
11,2026-09-11,SH600009,0.0072101992554962635,EXP_LinearModel_Alpha158_csi300_custom_step0_s_20260911_16,f63f502ac8a54fc5b92a00210a924da0,0.012,,,
12,2026-09-11,SH600010,-0.081231489777565,EXP_LinearModel_Alpha158_csi300_custom_step0_s_20260911_16,f63f502ac8a54fc5b92a00210a924da0,0.012,,,
13,2026-09-11,SH600011,0.03811890631914139,EXP_LinearModel_Alpha158_csi300_custom_step0_s_20260911_16,f63f502ac8a54fc5b92a00210a924da0,0.012,,,
14,2026-09-11,SH600015,-0.043126754462718964,EXP_LinearModel_Alpha158_csi300_custom_step0_s_20260911_16,f63f502ac8a54fc5b92a00210a924da0,0.012,,,
15,2026-09-11,SH600016,0.07033739984035492,EXP_LinearModel_Alpha158_csi300_custom_step0_s_20260911_16,f63f502ac8a54fc5b92a00210a924da0,0.012,,,
16,2026-09-11,SH600018,0.044804058969020844,EXP_LinearModel_Alpha158_csi300_custom_step0_s_20260911_16,f63f502ac8a54fc5b92a00210a924da0,0.012,,,
17,2026-09-11,SH600019,0.04995132237672806,EXP_LinearModel_Alpha158_csi300_custom_step0_s_20260911_16,f63f502ac8a54fc5b92a00210a924da0,0.012,,,
18,2026-09-11,SH600066,-0.04839767515659332,EXP_LinearModel_Alpha158_csi300_custom_step0_s_20260911_16,f63f502ac8a54fc5b92a00210a924da0,0.012,,,
19,2026-09-11,SH600061,-0.0046067750081419945,EXP_LinearModel_Alpha158_csi300_custom_step0_s_20260911_16,f63f502ac8a54fc5b92a00210a924da0,0.012,,,
20,2026-09-11,SH600050,-0.04869351536035538,EXP_LinearModel_Alpha158_csi300_custom_step0_s_20260911_16,f63f502ac8a54fc5b92a00210a924da0,0.012,,,
21,2026-09-11,SH600048,-0.05599535256624222,EXP_LinearModel_Alpha158_csi300_custom_step0_s_20260911_16,f63f502ac8a54fc5b92a00210a924da0,0.012,,,
22,2026-09-11,SH600039,-0.04572262242436409,EXP_LinearModel_Alpha158_csi300_custom_step0_s_20260911_16,f63f502ac8a54fc5b92a00210a924da0,0.012,,,
23,2026-09-11,SH600036,0.00366982095874846,EXP_LinearModel_Alpha158_csi300_custom_step0_s_20260911_16,f63f502ac8a54fc5b92a00210a924da0,0.012,,,
24,2026-09-11,SZ300803,-0.11472071707248688,EXP_LinearModel_Alpha158_csi300_custom_step0_s_20260911_16,c155ab4eb0f542b6b439d1b82a186d83,0.087,,,
25,2026-09-11,SH600031,0.009615578688681126,EXP_LinearModel_Alpha158_csi300_custom_step0_s_20260911_16,f63f502ac8a54fc5b92a00210a924da0,0.012,,,
26,2026-09-11,SH600029,-0.05377772077918053,EXP_LinearModel_Alpha158_csi300_custom_step0_s_20260911_16,f63f502ac8a54fc5b92a00210a924da0,0.012,,,
27,2026-09-11,SH600028,0.044702671468257904,EXP_LinearModel_Alpha158_csi300_custom_step0_s_20260911_16,f63f502ac8a54fc5b92a00210a924da0,0.012,,,
28,2026-09-11,SH600027,0.09415905177593231,EXP_LinearModel_Alpha158_csi300_custom_step0_s_20260911_16,f63f502ac8a54fc5b92a00210a924da0,0.012,,,
29,2026-09-11,SH600026,-0.0658530667424202,EXP_LinearModel_Alpha158_csi300_custom_step0_s_20260911_16,f63f502ac8a54fc5b92a00210a924da0,0.012,,,
30,2026-09-11,SH600025,-0.0021493781823664904,EXP_LinearModel_Alpha158_csi300_custom_step0_s_20260911_16,f63f502ac8a54fc5b92a00210a924da0,0.012,,,
31,2026-09-11,SH600023,0.00932227075099945,EXP_LinearModel_Alpha158_csi300_custom_step0_s_20260911_16,f63f502ac8a54fc5b92a00210a924da0,0.012,,,
32,2026-09-11,SH600030,-0.07663118839263916,EXP_LinearModel_Alpha158_csi300_custom_step0_s_20260911_16,f63f502ac8a54fc5b92a00210a924da0,0.012,,,
33,2026-09-11,SH600085,-0.028812289237976074,EXP_LinearModel_Alpha158_csi300_custom_step0_s_20260911_16,f63f502ac8a54fc5b92a00210a924da0,0.012,,,
34,2026-09-11,SZ300760,0.045181628316640854,EXP_LinearModel_Alpha158_csi300_custom_step0_s_20260911_16,c155ab4eb0f542b6b439d1b82a186d83,0.087,,,
35,2026-09-11,SZ300661,-0.07300752401351929,EXP_LinearModel_Alpha158_csi300_custom_step0_s_20260911_16,c155ab4eb0f542b6b439d1b82a186d83,0.087,,,
36,2026-09-11,SZ002625,-0.07489301264286041,EXP_LinearModel_Alpha158_csi300_custom_step0_s_20260911_16,c155ab4eb0f542b6b439d1b82a186d83,0.087,,,
37,2026-09-11,SZ002648,0.004326235502958298,EXP_LinearModel_Alpha158_csi300_custom_step0_s_20260911_16,c155ab4eb0f542b6b439d1b82a186d83,0.087,,,
38,2026-09-11,SZ002709,-0.09022374451160431,EXP_LinearModel_Alpha158_csi300_custom_step0_s_20260911_16,c155ab4eb0f542b6b439d1b82a186d83,0.087,,,
39,2026-09-11,SZ002714,0.049058154225349426,EXP_LinearModel_Alpha158_csi300_custom_step0_s_20260911_16,c155ab4eb0f542b6b439d1b82a186d83,0.087,,,
40,2026-09-11,SZ002736,-0.02476532571017742,EXP_LinearModel_Alpha158_csi300_custom_step0_s_20260911_16,c155ab4eb0f542b6b439d1b82a186d83,0.087,,,
41,2026-09-11,SZ002837,-0.09933257102966309,EXP_LinearModel_Alpha158_csi300_custom_step0_s_20260911_16,c155ab4eb0f542b6b439d1b82a186d83,0.087,,,
42,2026-09-11,SZ002916,-0.1443956196308136,EXP_LinearModel_Alpha158_csi300_custom_step0_s_20260911_16,c155ab4eb0f542b6b439d1b82a186d83,0.087,,,
43,2026-09-11,SZ002920,-0.03507726639509201,EXP_LinearModel_Alpha158_csi300_custom_step0_s_20260911_16,c155ab4eb0f542b6b439d1b82a186d83,0.087,,,
44,2026-09-11,SZ002938,-0.12709835171699524,EXP_LinearModel_Alpha158_csi300_custom_step0_s_20260911_16,c155ab4eb0f542b6b439d1b82a186d83,0.087,,,
45,2026-09-11,SZ003816,0.06560379266738892,EXP_LinearModel_Alpha158_csi300_custom_step0_s_20260911_16,c155ab4eb0f542b6b439d1b82a186d83,0.087,,,
46,2026-09-11,SZ300014,-0.09380567073822021,EXP_LinearModel_Alpha158_csi300_custom_step0_s_20260911_16,c155ab4eb0f542b6b439d1b82a186d83,0.087,,,
47,2026-09-11,SZ300015,-0.024923227727413177,EXP_LinearModel_Alpha158_csi300_custom_step0_s_20260911_16,c155ab4eb0f542b6b439d1b82a186d83,0.087,,,
48,2026-09-11,SZ300033,-0.033169664442539215,EXP_LinearModel_Alpha158_csi300_custom_step0_s_20260911_16,c155ab4eb0f542b6b439d1b82a186d83,0.087,,,
49,2026-09-11,SZ300059,-0.03504953533411026,EXP_LinearModel_Alpha158_csi300_custom_step0_s_20260911_16,c155ab4eb0f542b6b439d1b82a186d83,0.087,,,
50,2026-09-11,SZ300122,-0.033669669181108475,EXP_LinearModel_Alpha158_csi300_custom_step0_s_20260911_16,c155ab4eb0f542b6b439d1b82a186d83,0.087,,,
51,2026-09-11,SZ300124,-0.054665688425302505,EXP_LinearModel_Alpha158_csi300_custom_step0_s_20260911_16,c155ab4eb0f542b6b439d1b82a186d83,0.087,,,
52,2026-09-11,SZ300251,-0.031577691435813904,EXP_LinearModel_Alpha158_csi300_custom_step0_s_20260911_16,c155ab4eb0f542b6b439d1b82a186d83,0.087,,,
53,2026-09-11,SZ300628,-0.034605953842401505,EXP_LinearModel_Alpha158_csi300_custom_step0_s_20260911_16,c155ab4eb0f542b6b439d1b82a186d83,0.087,,,
54,2026-09-11,SZ300502,-0.08382613956928253,EXP_LinearModel_Alpha158_csi300_custom_step0_s_20260911_16,c155ab4eb0f542b6b439d1b82a186d83,0.087,,,
55,2026-09-11,SZ300498,0.0195597093552351,EXP_LinearModel_Alpha158_csi300_custom_step0_s_20260911_16,c155ab4eb0f542b6b439d1b82a186d83,0.087,,,
56,2026-09-11,SZ300476,-0.11415901780128479,EXP_LinearModel_Alpha158_csi300_custom_step0_s_20260911_16,c155ab4eb0f542b6b439d1b82a186d83,0.087,,,
57,2026-09-11,SZ300450,-0.16739921271800995,EXP_LinearModel_Alpha158_csi300_custom_step0_s_20260911_16,c155ab4eb0f542b6b439d1b82a186d83,0.087,,,
58,2026-09-11,SZ300442,-0.05208452045917511,EXP_LinearModel_Alpha158_csi300_custom_step0_s_20260911_16,c155ab4eb0f542b6b439d1b82a186d83,0.087,,,
59,2026-09-11,SZ300750,0.011086519807577133,EXP_LinearModel_Alpha158_csi300_custom_step0_s_20260911_16,c155ab4eb0f542b6b439d1b82a186d83,0.087,,,
60,2026-09-11,SZ300433,-0.16392989456653595,EXP_LinearModel_Alpha158_csi300_custom_step0_s_20260911_16,c155ab4eb0f542b6b439d1b82a186d83,0.087,,,
61,2026-09-11,SZ300413,0.08129676431417465,EXP_LinearModel_Alpha158_csi300_custom_step0_s_20260911_16,c155ab4eb0f542b6b439d1b82a186d83,0.087,,,
62,2026-09-11,SZ300408,-0.11414700746536255,EXP_LinearModel_Alpha158_csi300_custom_step0_s_20260911_16,c155ab4eb0f542b6b439d1b82a186d83,0.087,,,
63,2026-09-11,SZ300394,-0.11614765971899033,EXP_LinearModel_Alpha158_csi300_custom_step0_s_20260911_16,c155ab4eb0f542b6b439d1b82a186d83,0.087,,,
64,2026-09-11,SZ300316,-0.08526783436536789,EXP_LinearModel_Alpha158_csi300_custom_step0_s_20260911_16,c155ab4eb0f542b6b439d1b82a186d83,0.087,,,
65,2026-09-11,SZ300308,-0.11703787744045258,EXP_LinearModel_Alpha158_csi300_custom_step0_s_20260911_16,c155ab4eb0f542b6b439d1b82a186d83,0.087,,,
66,2026-09-11,SZ300274,0.1122831255197525,EXP_LinearModel_Alpha158_csi300_custom_step0_s_20260911_16,c155ab4eb0f542b6b439d1b82a186d83,0.087,,,
67,2026-09-11,SZ300418,-0.042330361902713776,EXP_LinearModel_Alpha158_csi300_custom_step0_s_20260911_16,c155ab4eb0f542b6b439d1b82a186d83,0.087,,,
68,2026-09-11,SZ002602,0.0192997008562088,EXP_LinearModel_Alpha158_csi300_custom_step0_s_20260911_16,c155ab4eb0f542b6b439d1b82a186d83,0.087,,,
69,2026-09-11,SH600089,-0.0009295919444411993,EXP_LinearModel_Alpha158_csi300_custom_step0_s_20260911_16,f63f502ac8a54fc5b92a00210a924da0,0.012,,,
70,2026-09-11,SH600111,-0.05645762383937836,EXP_LinearModel_Alpha158_csi300_custom_step0_s_20260911_16,f63f502ac8a54fc5b92a00210a924da0,0.012,,,
71,2026-09-11,SH600674,0.05862490087747574,EXP_LinearModel_Alpha158_csi300_custom_step0_s_20260911_16,f63f502ac8a54fc5b92a00210a924da0,0.012,,,
72,2026-09-11,SH600690,0.0052544730715453625,EXP_LinearModel_Alpha158_csi300_custom_step0_s_20260911_16,f63f502ac8a54fc5b92a00210a924da0,0.012,,,
73,2026-09-11,SH600741,-0.02094302698969841,EXP_LinearModel_Alpha158_csi300_custom_step0_s_20260911_16,f63f502ac8a54fc5b92a00210a924da0,0.012,,,
74,2026-09-11,SH600760,0.03284428268671036,EXP_LinearModel_Alpha158_csi300_custom_step0_s_20260911_16,f63f502ac8a54fc5b92a00210a924da0,0.012,,,
75,2026-09-11,SH600795,0.006260440684854984,EXP_LinearModel_Alpha158_csi300_custom_step0_s_20260911_16,f63f502ac8a54fc5b92a00210a924da0,0.012,,,
76,2026-09-11,SH600803,0.057529084384441376,EXP_LinearModel_Alpha158_csi300_custom_step0_s_20260911_16,f63f502ac8a54fc5b92a00210a924da0,0.012,,,
77,2026-09-11,SH600809,-0.045069724321365356,EXP_LinearModel_Alpha158_csi300_custom_step0_s_20260911_16,f63f502ac8a54fc5b92a00210a924da0,0.012,,,
78,2026-09-11,SH600845,-0.049591030925512314,EXP_LinearModel_Alpha158_csi300_custom_step0_s_20260911_16,f63f502ac8a54fc5b92a00210a924da0,0.012,,,
79,2026-09-11,SH600875,-0.06742958724498749,EXP_LinearModel_Alpha158_csi300_custom_step0_s_20260911_16,f63f502ac8a54fc5b92a00210a924da0,0.012,,,
80,2026-09-11,SH600886,0.0792316123843193,EXP_LinearModel_Alpha158_csi300_custom_step0_s_20260911_16,f63f502ac8a54fc5b92a00210a924da0,0.012,,,
81,2026-09-11,SH600887,0.03565400838851929,EXP_LinearModel_Alpha158_csi300_custom_step0_s_20260911_16,f63f502ac8a54fc5b92a00210a924da0,0.012,,,
82,2026-09-11,SH600893,-0.07675487548112869,EXP_LinearModel_Alpha158_csi300_custom_step0_s_20260911_16,f63f502ac8a54fc5b92a00210a924da0,0.012,,,
83,2026-09-11,SH600900,0.02018817327916622,EXP_LinearModel_Alpha158_csi300_custom_step0_s_20260911_16,f63f502ac8a54fc5b92a00210a924da0,0.012,,,
84,2026-09-11,SH600905,0.009208820760250092,EXP_LinearModel_Alpha158_csi300_custom_step0_s_20260911_16,f63f502ac8a54fc5b92a00210a924da0,0.012,,,
85,2026-09-11,SH600918,-0.04776400700211525,EXP_LinearModel_Alpha158_csi300_custom_step0_s_20260911_16,f63f502ac8a54fc5b92a00210a924da0,0.012,,,
86,2026-09-11,SH600919,0.03903447836637497,EXP_LinearModel_Alpha158_csi300_custom_step0_s_20260911_16,f63f502ac8a54fc5b92a00210a924da0,0.012,,,
87,2026-09-11,SH600926,0.04442300647497177,EXP_LinearModel_Alpha158_csi300_custom_step0_s_20260911_16,f63f502ac8a54fc5b92a00210a924da0,0.012,,,
88,2026-09-11,SH601066,-0.04628105089068413,EXP_LinearModel_Alpha158_csi300_custom_step0_s_20260911_16,f63f502ac8a54fc5b92a00210a924da0,0.012,,,
89,2026-09-11,SH601059,-0.07476583123207092,EXP_LinearModel_Alpha158_csi300_custom_step0_s_20260911_16,f63f502ac8a54fc5b92a00210a924da0,0.012,,,
90,2026-09-11,SH601058,0.014043083414435387,EXP_LinearModel_Alpha158_csi300_custom_step0_s_20260911_16,f63f502ac8a54fc5b92a00210a924da0,0.012,,,
91,2026-09-11,SH601021,-0.009908263571560383,EXP_LinearModel_Alpha158_csi300_custom_step0_s_20260911_16,f63f502ac8a54fc5b92a00210a924da0,0.012,,,
92,2026-09-11,SH601018,0.08444982022047043,EXP_LinearModel_Alpha158_csi300_custom_step0_s_20260911_16,f63f502ac8a54fc5b92a00210a924da0,0.012,,,
93,2026-09-11,SH601012,-0.020805727690458298,EXP_LinearModel_Alpha158_csi300_custom_step0_s_20260911_16,f63f502ac8a54fc5b92a00210a924da0,0.012,,,
94,2026-09-11,SH600660,0.007336444687098265,EXP_LinearModel_Alpha158_csi300_custom_step0_s_20260911_16,f63f502ac8a54fc5b92a00210a924da0,0.012,,,
95,2026-09-11,SH601009,0.049450770020484924,EXP_LinearModel_Alpha158_csi300_custom_step0_s_20260911_16,f63f502ac8a54fc5b92a00210a924da0,0.012,,,
96,2026-09-11,SH600999,-0.06134151294827461,EXP_LinearModel_Alpha158_csi300_custom_step0_s_20260911_16,f63f502ac8a54fc5b92a00210a924da0,0.012,,,
97,2026-09-11,SH600989,0.029685840010643005,EXP_LinearModel_Alpha158_csi300_custom_step0_s_20260911_16,f63f502ac8a54fc5b92a00210a924da0,0.012,,,
98,2026-09-11,SH600958,-0.04081392288208008,EXP_LinearModel_Alpha158_csi300_custom_step0_s_20260911_16,f63f502ac8a54fc5b92a00210a924da0,0.012,,,
99,2026-09-11,SH600941,0.010443562641739845,EXP_LinearModel_Alpha158_csi300_custom_step0_s_20260911_16,f63f502ac8a54fc5b92a00210a924da0,0.012,,,
100,2026-09-11,SH600938,0.05063400790095329,EXP_LinearModel_Alpha158_csi300_custom_step0_s_20260911_16,f63f502ac8a54fc5b92a00210a924da0,0.012,,,
101,2026-09-11,SH600930,0.012462996877729893,EXP_LinearModel_Alpha158_csi300_custom_step0_s_20260911_16,f63f502ac8a54fc5b92a00210a924da0,0.012,,,
102,2026-09-11,SH601006,0.07596277445554733,EXP_LinearModel_Alpha158_csi300_custom_step0_s_20260911_16,f63f502ac8a54fc5b92a00210a924da0,0.012,,,
103,2026-09-11,SH600104,0.0790872573852539,EXP_LinearModel_Alpha158_csi300_custom_step0_s_20260911_16,f63f502ac8a54fc5b92a00210a924da0,0.012,,,
104,2026-09-11,SH600600,-0.07036371529102325,EXP_LinearModel_Alpha158_csi300_custom_step0_s_20260911_16,f63f502ac8a54fc5b92a00210a924da0,0.012,,,
105,2026-09-11,SH600585,-0.01692313700914383,EXP_LinearModel_Alpha158_csi300_custom_step0_s_20260911_16,f63f502ac8a54fc5b92a00210a924da0,0.012,,,
106,2026-09-11,SH600115,-0.014180218800902367,EXP_LinearModel_Alpha158_csi300_custom_step0_s_20260911_16,f63f502ac8a54fc5b92a00210a924da0,0.012,,,
107,2026-09-11,SH600118,-0.04858635738492012,EXP_LinearModel_Alpha158_csi300_custom_step0_s_20260911_16,f63f502ac8a54fc5b92a00210a924da0,0.012,,,
108,2026-09-11,SH600150,0.03290931135416031,EXP_LinearModel_Alpha158_csi300_custom_step0_s_20260911_16,f63f502ac8a54fc5b92a00210a924da0,0.012,,,
109,2026-09-11,SH600160,-0.04568862169981003,EXP_LinearModel_Alpha158_csi300_custom_step0_s_20260911_16,f63f502ac8a54fc5b92a00210a924da0,0.012,,,
110,2026-09-11,SH600176,-0.15576638281345367,EXP_LinearModel_Alpha158_csi300_custom_step0_s_20260911_16,f63f502ac8a54fc5b92a00210a924da0,0.012,,,
111,2026-09-11,SH600183,-0.07863926887512207,EXP_LinearModel_Alpha158_csi300_custom_step0_s_20260911_16,f63f502ac8a54fc5b92a00210a924da0,0.012,,,
112,2026-09-11,SH600188,0.00430030794814229,EXP_LinearModel_Alpha158_csi300_custom_step0_s_20260911_16,f63f502ac8a54fc5b92a00210a924da0,0.012,,,
113,2026-09-11,SH600196,-0.06117943674325943,EXP_LinearModel_Alpha158_csi300_custom_step0_s_20260911_16,f63f502ac8a54fc5b92a00210a924da0,0.012,,,
114,2026-09-11,SH600219,-0.012226487509906292,EXP_LinearModel_Alpha158_csi300_custom_step0_s_20260911_16,f63f502ac8a54fc5b92a00210a924da0,0.012,,,
115,2026-09-11,SH600221,0.04395943135023117,EXP_LinearModel_Alpha158_csi300_custom_step0_s_20260911_16,f63f502ac8a54fc5b92a00210a924da0,0.012,,,
116,2026-09-11,SH600233,-0.013128409162163734,EXP_LinearModel_Alpha158_csi300_custom_step0_s_20260911_16,f63f502ac8a54fc5b92a00210a924da0,0.012,,,
117,2026-09-11,SH600276,0.0256289504468441,EXP_LinearModel_Alpha158_csi300_custom_step0_s_20260911_16,f63f502ac8a54fc5b92a00210a924da0,0.012,,,
118,2026-09-11,SH600309,0.04943116754293442,EXP_LinearModel_Alpha158_csi300_custom_step0_s_20260911_16,f63f502ac8a54fc5b92a00210a924da0,0.012,,,
119,2026-09-11,SH600346,0.015176411718130112,EXP_LinearModel_Alpha158_csi300_custom_step0_s_20260911_16,f63f502ac8a54fc5b92a00210a924da0,0.012,,,
120,2026-09-11,SH600362,0.0156062301248312,EXP_LinearModel_Alpha158_csi300_custom_step0_s_20260911_16,f63f502ac8a54fc5b92a00210a924da0,0.012,,,
121,2026-09-11,SH600372,0.0007148061413317919,EXP_LinearModel_Alpha158_csi300_custom_step0_s_20260911_16,f63f502ac8a54fc5b92a00210a924da0,0.012,,,
122,2026-09-11,SH600406,-0.04110277071595192,EXP_LinearModel_Alpha158_csi300_custom_step0_s_20260911_16,f63f502ac8a54fc5b92a00210a924da0,0.012,,,
123,2026-09-11,SH600584,0.011795464903116226,EXP_LinearModel_Alpha158_csi300_custom_step0_s_20260911_16,f63f502ac8a54fc5b92a00210a924da0,0.012,,,
124,2026-09-11,SH600570,-0.08023057878017426,EXP_LinearModel_Alpha158_csi300_custom_step0_s_20260911_16,f63f502ac8a54fc5b92a00210a924da0,0.012,,,
125,2026-09-11,SH600549,-0.1440659761428833,EXP_LinearModel_Alpha158_csi300_custom_step0_s_20260911_16,f63f502ac8a54fc5b92a00210a924da0,0.012,,,
126,2026-09-11,SH600547,0.028297804296016693,EXP_LinearModel_Alpha158_csi300_custom_step0_s_20260911_16,f63f502ac8a54fc5b92a00210a924da0,0.012,,,
127,2026-09-11,SH600522,-0.17469631135463715,EXP_LinearModel_Alpha158_csi300_custom_step0_s_20260911_16,f63f502ac8a54fc5b92a00210a924da0,0.012,,,
128,2026-09-11,SH600519,-0.04636630788445473,EXP_LinearModel_Alpha158_csi300_custom_step0_s_20260911_16,f63f502ac8a54fc5b92a00210a924da0,0.012,,,
129,2026-09-11,SH600588,3.828725311905146e-06,EXP_LinearModel_Alpha158_csi300_custom_step0_s_20260911_16,f63f502ac8a54fc5b92a00210a924da0,0.012,,,
130,2026-09-11,SH600515,0.016921699047088623,EXP_LinearModel_Alpha158_csi300_custom_step0_s_20260911_16,f63f502ac8a54fc5b92a00210a924da0,0.012,,,
131,2026-09-11,SH600482,-0.06217242032289505,EXP_LinearModel_Alpha158_csi300_custom_step0_s_20260911_16,f63f502ac8a54fc5b92a00210a924da0,0.012,,,
132,2026-09-11,SH600460,-0.10670378059148788,EXP_LinearModel_Alpha158_csi300_custom_step0_s_20260911_16,f63f502ac8a54fc5b92a00210a924da0,0.012,,,
133,2026-09-11,SH600438,0.007360327988862991,EXP_LinearModel_Alpha158_csi300_custom_step0_s_20260911_16,f63f502ac8a54fc5b92a00210a924da0,0.012,,,
134,2026-09-11,SH600436,0.025609178468585014,EXP_LinearModel_Alpha158_csi300_custom_step0_s_20260911_16,f63f502ac8a54fc5b92a00210a924da0,0.012,,,
135,2026-09-11,SH600426,0.016339687630534172,EXP_LinearModel_Alpha158_csi300_custom_step0_s_20260911_16,f63f502ac8a54fc5b92a00210a924da0,0.012,,,
136,2026-09-11,SH600415,0.006946443580091,EXP_LinearModel_Alpha158_csi300_custom_step0_s_20260911_16,f63f502ac8a54fc5b92a00210a924da0,0.012,,,
137,2026-09-11,SH600489,0.009519093669950962,EXP_LinearModel_Alpha158_csi300_custom_step0_s_20260911_16,f63f502ac8a54fc5b92a00210a924da0,0.012,,,
138,2026-09-11,SZ002600,-0.05561453849077225,EXP_LinearModel_Alpha158_csi300_custom_step0_s_20260911_16,c155ab4eb0f542b6b439d1b82a186d83,0.087,,,
139,2026-09-11,SZ002594,-0.028418106958270073,EXP_LinearModel_Alpha158_csi300_custom_step0_s_20260911_16,c155ab4eb0f542b6b439d1b82a186d83,0.087,,,
140,2026-09-11,SZ002558,-0.0007628824096173048,EXP_LinearModel_Alpha158_csi300_custom_step0_s_20260911_16,c155ab4eb0f542b6b439d1b82a186d83,0.087,,,
141,2026-09-11,SH601939,0.05275188386440277,EXP_LinearModel_Alpha158_csi300_custom_step0_s_20260911_16,c155ab4eb0f542b6b439d1b82a186d83,0.087,,,
142,2026-09-11,SH601985,0.00823283288627863,EXP_LinearModel_Alpha158_csi300_custom_step0_s_20260911_16,c155ab4eb0f542b6b439d1b82a186d83,0.087,,,
143,2026-09-11,SH601988,0.04122782126069069,EXP_LinearModel_Alpha158_csi300_custom_step0_s_20260911_16,c155ab4eb0f542b6b439d1b82a186d83,0.087,,,
144,2026-09-11,SH601995,-0.03768249973654747,EXP_LinearModel_Alpha158_csi300_custom_step0_s_20260911_16,c155ab4eb0f542b6b439d1b82a186d83,0.087,,,
145,2026-09-11,SH601998,0.06287620216608047,EXP_LinearModel_Alpha158_csi300_custom_step0_s_20260911_16,c155ab4eb0f542b6b439d1b82a186d83,0.087,,,
146,2026-09-11,SH603019,0.01183081604540348,EXP_LinearModel_Alpha158_csi300_custom_step0_s_20260911_16,c155ab4eb0f542b6b439d1b82a186d83,0.087,,,
147,2026-09-11,SH603259,-0.029460106045007706,EXP_LinearModel_Alpha158_csi300_custom_step0_s_20260911_16,c155ab4eb0f542b6b439d1b82a186d83,0.087,,,
148,2026-09-11,SH603260,-0.06554903835058212,EXP_LinearModel_Alpha158_csi300_custom_step0_s_20260911_16,c155ab4eb0f542b6b439d1b82a186d83,0.087,,,
149,2026-09-11,SH603288,-0.004699258599430323,EXP_LinearModel_Alpha158_csi300_custom_step0_s_20260911_16,c155ab4eb0f542b6b439d1b82a186d83,0.087,,,
150,2026-09-11,SH603296,-0.03928539901971817,EXP_LinearModel_Alpha158_csi300_custom_step0_s_20260911_16,c155ab4eb0f542b6b439d1b82a186d83,0.087,,,
151,2026-09-11,SH603369,-0.012432198971509933,EXP_LinearModel_Alpha158_csi300_custom_step0_s_20260911_16,c155ab4eb0f542b6b439d1b82a186d83,0.087,,,
152,2026-09-11,SH603392,-0.028943726792931557,EXP_LinearModel_Alpha158_csi300_custom_step0_s_20260911_16,c155ab4eb0f542b6b439d1b82a186d83,0.087,,,
153,2026-09-11,SH603501,0.02216499298810959,EXP_LinearModel_Alpha158_csi300_custom_step0_s_20260911_16,c155ab4eb0f542b6b439d1b82a186d83,0.087,,,
154,2026-09-11,SH603799,-0.10763459652662277,EXP_LinearModel_Alpha158_csi300_custom_step0_s_20260911_16,c155ab4eb0f542b6b439d1b82a186d83,0.087,,,
155,2026-09-11,SH603893,-0.011041270568966866,EXP_LinearModel_Alpha158_csi300_custom_step0_s_20260911_16,c155ab4eb0f542b6b439d1b82a186d83,0.087,,,
156,2026-09-11,SH603986,-0.18692727386951447,EXP_LinearModel_Alpha158_csi300_custom_step0_s_20260911_16,c155ab4eb0f542b6b439d1b82a186d83,0.087,,,
157,2026-09-11,SH603993,-0.007569728419184685,EXP_LinearModel_Alpha158_csi300_custom_step0_s_20260911_16,c155ab4eb0f542b6b439d1b82a186d83,0.087,,,
158,2026-09-11,SH688223,-0.009361070580780506,EXP_LinearModel_Alpha158_csi300_custom_step0_s_20260911_16,c155ab4eb0f542b6b439d1b82a186d83,0.087,,,
159,2026-09-11,SH688183,-0.09709988534450531,EXP_LinearModel_Alpha158_csi300_custom_step0_s_20260911_16,c155ab4eb0f542b6b439d1b82a186d83,0.087,,,
160,2026-09-11,SH688126,-0.07531088590621948,EXP_LinearModel_Alpha158_csi300_custom_step0_s_20260911_16,c155ab4eb0f542b6b439d1b82a186d83,0.087,,,
161,2026-09-11,SH688111,-0.043016884475946426,EXP_LinearModel_Alpha158_csi300_custom_step0_s_20260911_16,c155ab4eb0f542b6b439d1b82a186d83,0.087,,,
162,2026-09-11,SH688082,-0.04144135117530823,EXP_LinearModel_Alpha158_csi300_custom_step0_s_20260911_16,c155ab4eb0f542b6b439d1b82a186d83,0.087,,,
163,2026-09-11,SH688072,0.0043492987751960754,EXP_LinearModel_Alpha158_csi300_custom_step0_s_20260911_16,c155ab4eb0f542b6b439d1b82a186d83,0.087,,,
164,2026-09-11,SH601919,-0.026413628831505775,EXP_LinearModel_Alpha158_csi300_custom_step0_s_20260911_16,c155ab4eb0f542b6b439d1b82a186d83,0.087,,,
165,2026-09-11,SH688047,-0.0752851590514183,EXP_LinearModel_Alpha158_csi300_custom_step0_s_20260911_16,c155ab4eb0f542b6b439d1b82a186d83,0.087,,,
166,2026-09-11,SH688036,-0.0417167991399765,EXP_LinearModel_Alpha158_csi300_custom_step0_s_20260911_16,c155ab4eb0f542b6b439d1b82a186d83,0.087,,,
167,2026-09-11,SH688012,-0.026091136038303375,EXP_LinearModel_Alpha158_csi300_custom_step0_s_20260911_16,c155ab4eb0f542b6b439d1b82a186d83,0.087,,,
168,2026-09-11,SH688009,-0.027182292193174362,EXP_LinearModel_Alpha158_csi300_custom_step0_s_20260911_16,c155ab4eb0f542b6b439d1b82a186d83,0.087,,,
169,2026-09-11,SH688008,-0.040161386132240295,EXP_LinearModel_Alpha158_csi300_custom_step0_s_20260911_16,c155ab4eb0f542b6b439d1b82a186d83,0.087,,,
170,2026-09-11,SH605499,-0.07037798315286636,EXP_LinearModel_Alpha158_csi300_custom_step0_s_20260911_16,c155ab4eb0f542b6b439d1b82a186d83,0.087,,,
171,2026-09-11,SH605117,-0.005585973616689444,EXP_LinearModel_Alpha158_csi300_custom_step0_s_20260911_16,c155ab4eb0f542b6b439d1b82a186d83,0.087,,,
172,2026-09-11,SH688041,0.01935545727610588,EXP_LinearModel_Alpha158_csi300_custom_step0_s_20260911_16,c155ab4eb0f542b6b439d1b82a186d83,0.087,,,
173,2026-09-11,SH688256,-0.079986073076725,EXP_LinearModel_Alpha158_csi300_custom_step0_s_20260911_16,c155ab4eb0f542b6b439d1b82a186d83,0.087,,,
174,2026-09-11,SH601916,0.0837550014257431,EXP_LinearModel_Alpha158_csi300_custom_step0_s_20260911_16,c155ab4eb0f542b6b439d1b82a186d83,0.087,,,
175,2026-09-11,SH601899,-0.02968977950513363,EXP_LinearModel_Alpha158_csi300_custom_step0_s_20260911_16,c155ab4eb0f542b6b439d1b82a186d83,0.087,,,
176,2026-09-11,SH601398,0.03191370889544487,EXP_LinearModel_Alpha158_csi300_custom_step0_s_20260911_16,c155ab4eb0f542b6b439d1b82a186d83,0.087,,,
177,2026-09-11,SH601456,-0.0807175412774086,EXP_LinearModel_Alpha158_csi300_custom_step0_s_20260911_16,c155ab4eb0f542b6b439d1b82a186d83,0.087,,,
178,2026-09-11,SH601600,-0.050732094794511795,EXP_LinearModel_Alpha158_csi300_custom_step0_s_20260911_16,c155ab4eb0f542b6b439d1b82a186d83,0.087,,,
179,2026-09-11,SH601601,0.01219447422772646,EXP_LinearModel_Alpha158_csi300_custom_step0_s_20260911_16,c155ab4eb0f542b6b439d1b82a186d83,0.087,,,
180,2026-09-11,SH601607,-0.011528603732585907,EXP_LinearModel_Alpha158_csi300_custom_step0_s_20260911_16,c155ab4eb0f542b6b439d1b82a186d83,0.087,,,
181,2026-09-11,SH601618,0.013419635593891144,EXP_LinearModel_Alpha158_csi300_custom_step0_s_20260911_16,c155ab4eb0f542b6b439d1b82a186d83,0.087,,,
182,2026-09-11,SH601628,-0.025485875084996223,EXP_LinearModel_Alpha158_csi300_custom_step0_s_20260911_16,c155ab4eb0f542b6b439d1b82a186d83,0.087,,,
183,2026-09-11,SH601633,-0.08364969491958618,EXP_LinearModel_Alpha158_csi300_custom_step0_s_20260911_16,c155ab4eb0f542b6b439d1b82a186d83,0.087,,,
184,2026-09-11,SH601658,0.08566772192716599,EXP_LinearModel_Alpha158_csi300_custom_step0_s_20260911_16,c155ab4eb0f542b6b439d1b82a186d83,0.087,,,
185,2026-09-11,SH601668,0.04466668516397476,EXP_LinearModel_Alpha158_csi300_custom_step0_s_20260911_16,c155ab4eb0f542b6b439d1b82a186d83,0.087,,,
186,2026-09-11,SH601669,-0.01922258734703064,EXP_LinearModel_Alpha158_csi300_custom_step0_s_20260911_16,c155ab4eb0f542b6b439d1b82a186d83,0.087,,,
187,2026-09-11,SH601688,0.01461909618228674,EXP_LinearModel_Alpha158_csi300_custom_step0_s_20260911_16,c155ab4eb0f542b6b439d1b82a186d83,0.087,,,
188,2026-09-11,SH601689,-0.07018063217401505,EXP_LinearModel_Alpha158_csi300_custom_step0_s_20260911_16,c155ab4eb0f542b6b439d1b82a186d83,0.087,,,
189,2026-09-11,SH601698,-0.02206922136247158,EXP_LinearModel_Alpha158_csi300_custom_step0_s_20260911_16,c155ab4eb0f542b6b439d1b82a186d83,0.087,,,
190,2026-09-11,SH601727,0.014462342485785484,EXP_LinearModel_Alpha158_csi300_custom_step0_s_20260911_16,c155ab4eb0f542b6b439d1b82a186d83,0.087,,,
191,2026-09-11,SH601728,-0.01918034814298153,EXP_LinearModel_Alpha158_csi300_custom_step0_s_20260911_16,c155ab4eb0f542b6b439d1b82a186d83,0.087,,,
192,2026-09-11,SH601766,-0.02269715443253517,EXP_LinearModel_Alpha158_csi300_custom_step0_s_20260911_16,c155ab4eb0f542b6b439d1b82a186d83,0.087,,,
193,2026-09-11,SH601898,-0.01610112376511097,EXP_LinearModel_Alpha158_csi300_custom_step0_s_20260911_16,c155ab4eb0f542b6b439d1b82a186d83,0.087,,,
194,2026-09-11,SH601888,-0.04935400187969208,EXP_LinearModel_Alpha158_csi300_custom_step0_s_20260911_16,c155ab4eb0f542b6b439d1b82a186d83,0.087,,,
195,2026-09-11,SH601881,-0.02568911761045456,EXP_LinearModel_Alpha158_csi300_custom_step0_s_20260911_16,c155ab4eb0f542b6b439d1b82a186d83,0.087,,,
196,2026-09-11,SH601878,-0.017318012192845345,EXP_LinearModel_Alpha158_csi300_custom_step0_s_20260911_16,c155ab4eb0f542b6b439d1b82a186d83,0.087,,,
197,2026-09-11,SH601877,-0.041324447840452194,EXP_LinearModel_Alpha158_csi300_custom_step0_s_20260911_16,c155ab4eb0f542b6b439d1b82a186d83,0.087,,,
198,2026-09-11,SH601872,-0.1152101457118988,EXP_LinearModel_Alpha158_csi300_custom_step0_s_20260911_16,c155ab4eb0f542b6b439d1b82a186d83,0.087,,,
199,2026-09-11,SH601901,0.04089081659913063,EXP_LinearModel_Alpha158_csi300_custom_step0_s_20260911_16,c155ab4eb0f542b6b439d1b82a186d83,0.087,,,
200,2026-09-11,SH601868,0.03128894791007042,EXP_LinearModel_Alpha158_csi300_custom_step0_s_20260911_16,c155ab4eb0f542b6b439d1b82a186d83,0.087,,,
201,2026-09-11,SH601838,0.035209838300943375,EXP_LinearModel_Alpha158_csi300_custom_step0_s_20260911_16,c155ab4eb0f542b6b439d1b82a186d83,0.087,,,
202,2026-09-11,SH601825,0.05841929093003273,EXP_LinearModel_Alpha158_csi300_custom_step0_s_20260911_16,c155ab4eb0f542b6b439d1b82a186d83,0.087,,,
203,2026-09-11,SH601818,0.015817873179912567,EXP_LinearModel_Alpha158_csi300_custom_step0_s_20260911_16,c155ab4eb0f542b6b439d1b82a186d83,0.087,,,
204,2026-09-11,SH601816,-0.03086933307349682,EXP_LinearModel_Alpha158_csi300_custom_step0_s_20260911_16,c155ab4eb0f542b6b439d1b82a186d83,0.087,,,
205,2026-09-11,SH601800,-0.004601681604981422,EXP_LinearModel_Alpha158_csi300_custom_step0_s_20260911_16,c155ab4eb0f542b6b439d1b82a186d83,0.087,,,
206,2026-09-11,SH601788,-0.06524720042943954,EXP_LinearModel_Alpha158_csi300_custom_step0_s_20260911_16,c155ab4eb0f542b6b439d1b82a186d83,0.087,,,
207,2026-09-11,SH601857,0.01674017868936062,EXP_LinearModel_Alpha158_csi300_custom_step0_s_20260911_16,c155ab4eb0f542b6b439d1b82a186d83,0.087,,,
208,2026-09-11,SH688271,-0.062445998191833496,EXP_LinearModel_Alpha158_csi300_custom_step0_s_20260911_16,c155ab4eb0f542b6b439d1b82a186d83,0.087,,,
209,2026-09-11,SH688303,0.005843264050781727,EXP_LinearModel_Alpha158_csi300_custom_step0_s_20260911_16,c155ab4eb0f542b6b439d1b82a186d83,0.087,,,
210,2026-09-11,SH688396,-0.059715934097766876,EXP_LinearModel_Alpha158_csi300_custom_step0_s_20260911_16,c155ab4eb0f542b6b439d1b82a186d83,0.087,,,
211,2026-09-11,SZ000999,0.008208480663597584,EXP_LinearModel_Alpha158_csi300_custom_step0_s_20260911_16,c155ab4eb0f542b6b439d1b82a186d83,0.087,,,
212,2026-09-11,SZ001280,-0.07153960317373276,EXP_LinearModel_Alpha158_csi300_custom_step0_s_20260911_16,c155ab4eb0f542b6b439d1b82a186d83,0.087,,,
213,2026-09-11,SZ001391,0.019205201417207718,EXP_LinearModel_Alpha158_csi300_custom_step0_s_20260911_16,c155ab4eb0f542b6b439d1b82a186d83,0.087,,,
214,2026-09-11,SZ001965,0.06132831424474716,EXP_LinearModel_Alpha158_csi300_custom_step0_s_20260911_16,c155ab4eb0f542b6b439d1b82a186d83,0.087,,,
215,2026-09-11,SZ001979,0.035769954323768616,EXP_LinearModel_Alpha158_csi300_custom_step0_s_20260911_16,c155ab4eb0f542b6b439d1b82a186d83,0.087,,,
216,2026-09-11,SZ002001,0.03097568452358246,EXP_LinearModel_Alpha158_csi300_custom_step0_s_20260911_16,c155ab4eb0f542b6b439d1b82a186d83,0.087,,,
217,2026-09-11,SZ002027,-0.01571703515946865,EXP_LinearModel_Alpha158_csi300_custom_step0_s_20260911_16,c155ab4eb0f542b6b439d1b82a186d83,0.087,,,
218,2026-09-11,SZ002028,0.06118689849972725,EXP_LinearModel_Alpha158_csi300_custom_step0_s_20260911_16,c155ab4eb0f542b6b439d1b82a186d83,0.087,,,
219,2026-09-11,SZ002049,-0.05955120176076889,EXP_LinearModel_Alpha158_csi300_custom_step0_s_20260911_16,c155ab4eb0f542b6b439d1b82a186d83,0.087,,,
220,2026-09-11,SZ002050,-0.012904774397611618,EXP_LinearModel_Alpha158_csi300_custom_step0_s_20260911_16,c155ab4eb0f542b6b439d1b82a186d83,0.087,,,
221,2026-09-11,SZ002074,-0.08220280706882477,EXP_LinearModel_Alpha158_csi300_custom_step0_s_20260911_16,c155ab4eb0f542b6b439d1b82a186d83,0.087,,,
222,2026-09-11,SZ002142,0.027903923764824867,EXP_LinearModel_Alpha158_csi300_custom_step0_s_20260911_16,c155ab4eb0f542b6b439d1b82a186d83,0.087,,,
223,2026-09-11,SZ002179,0.01326952688395977,EXP_LinearModel_Alpha158_csi300_custom_step0_s_20260911_16,c155ab4eb0f542b6b439d1b82a186d83,0.087,,,
224,2026-09-11,SZ002202,0.04129268601536751,EXP_LinearModel_Alpha158_csi300_custom_step0_s_20260911_16,c155ab4eb0f542b6b439d1b82a186d83,0.087,,,
225,2026-09-11,SZ002230,-0.06365329027175903,EXP_LinearModel_Alpha158_csi300_custom_step0_s_20260911_16,c155ab4eb0f542b6b439d1b82a186d83,0.087,,,
226,2026-09-11,SZ002236,-0.06860390305519104,EXP_LinearModel_Alpha158_csi300_custom_step0_s_20260911_16,c155ab4eb0f542b6b439d1b82a186d83,0.087,,,
227,2026-09-11,SZ002241,-0.09814801067113876,EXP_LinearModel_Alpha158_csi300_custom_step0_s_20260911_16,c155ab4eb0f542b6b439d1b82a186d83,0.087,,,
228,2026-09-11,SZ002532,-0.06412102282047272,EXP_LinearModel_Alpha158_csi300_custom_step0_s_20260911_16,c155ab4eb0f542b6b439d1b82a186d83,0.087,,,
229,2026-09-11,SZ002493,-0.04195514693856239,EXP_LinearModel_Alpha158_csi300_custom_step0_s_20260911_16,c155ab4eb0f542b6b439d1b82a186d83,0.087,,,
230,2026-09-11,SZ002475,-0.06953239440917969,EXP_LinearModel_Alpha158_csi300_custom_step0_s_20260911_16,c155ab4eb0f542b6b439d1b82a186d83,0.087,,,
231,2026-09-11,SZ002466,-0.1331247091293335,EXP_LinearModel_Alpha158_csi300_custom_step0_s_20260911_16,c155ab4eb0f542b6b439d1b82a186d83,0.087,,,
232,2026-09-11,SZ002463,-0.1213601753115654,EXP_LinearModel_Alpha158_csi300_custom_step0_s_20260911_16,c155ab4eb0f542b6b439d1b82a186d83,0.087,,,
233,2026-09-11,SZ002460,-0.12912854552268982,EXP_LinearModel_Alpha158_csi300_custom_step0_s_20260911_16,c155ab4eb0f542b6b439d1b82a186d83,0.087,,,
234,2026-09-11,SZ000988,-0.21891632676124573,EXP_LinearModel_Alpha158_csi300_custom_step0_s_20260911_16,c155ab4eb0f542b6b439d1b82a186d83,0.087,,,
235,2026-09-11,SZ002422,0.08435360342264175,EXP_LinearModel_Alpha158_csi300_custom_step0_s_20260911_16,c155ab4eb0f542b6b439d1b82a186d83,0.087,,,
236,2026-09-11,SZ002384,-0.11554354429244995,EXP_LinearModel_Alpha158_csi300_custom_step0_s_20260911_16,c155ab4eb0f542b6b439d1b82a186d83,0.087,,,
237,2026-09-11,SZ002371,0.008761460892856121,EXP_LinearModel_Alpha158_csi300_custom_step0_s_20260911_16,c155ab4eb0f542b6b439d1b82a186d83,0.087,,,
238,2026-09-11,SZ002353,0.06608866155147552,EXP_LinearModel_Alpha158_csi300_custom_step0_s_20260911_16,c155ab4eb0f542b6b439d1b82a186d83,0.087,,,
239,2026-09-11,SZ002352,-0.004019894637167454,EXP_LinearModel_Alpha158_csi300_custom_step0_s_20260911_16,c155ab4eb0f542b6b439d1b82a186d83,0.087,,,
240,2026-09-11,SZ002311,-0.022475622594356537,EXP_LinearModel_Alpha158_csi300_custom_step0_s_20260911_16,c155ab4eb0f542b6b439d1b82a186d83,0.087,,,
241,2026-09-11,SZ002304,-0.04152155667543411,EXP_LinearModel_Alpha158_csi300_custom_step0_s_20260911_16,c155ab4eb0f542b6b439d1b82a186d83,0.087,,,
242,2026-09-11,SZ002415,-0.00509253516793251,EXP_LinearModel_Alpha158_csi300_custom_step0_s_20260911_16,c155ab4eb0f542b6b439d1b82a186d83,0.087,,,
243,2026-09-11,SZ000977,0.0029256066773086786,EXP_LinearModel_Alpha158_csi300_custom_step0_s_20260911_16,c155ab4eb0f542b6b439d1b82a186d83,0.087,,,
244,2026-09-11,SZ000975,-0.06776753813028336,EXP_LinearModel_Alpha158_csi300_custom_step0_s_20260911_16,c155ab4eb0f542b6b439d1b82a186d83,0.087,,,
245,2026-09-11,SZ000963,-0.015255063772201538,EXP_LinearModel_Alpha158_csi300_custom_step0_s_20260911_16,c155ab4eb0f542b6b439d1b82a186d83,0.087,,,
246,2026-09-11,SZ000408,-0.009830617345869541,EXP_LinearModel_Alpha158_csi300_custom_step0_s_20260911_16,c155ab4eb0f542b6b439d1b82a186d83,0.087,,,
247,2026-09-11,SZ000338,-0.011169692501425743,EXP_LinearModel_Alpha158_csi300_custom_step0_s_20260911_16,c155ab4eb0f542b6b439d1b82a186d83,0.087,,,
248,2026-09-11,SZ000333,-0.013889376074075699,EXP_LinearModel_Alpha158_csi300_custom_step0_s_20260911_16,c155ab4eb0f542b6b439d1b82a186d83,0.087,,,
249,2026-09-11,SZ000301,-0.005147813819348812,EXP_LinearModel_Alpha158_csi300_custom_step0_s_20260911_16,c155ab4eb0f542b6b439d1b82a186d83,0.087,,,
250,2026-09-11,SZ000166,-0.0037673860788345337,EXP_LinearModel_Alpha158_csi300_custom_step0_s_20260911_16,c155ab4eb0f542b6b439d1b82a186d83,0.087,,,
251,2026-09-11,SZ000157,0.007587753236293793,EXP_LinearModel_Alpha158_csi300_custom_step0_s_20260911_16,c155ab4eb0f542b6b439d1b82a186d83,0.087,,,
252,2026-09-11,SZ000425,-0.07061531394720078,EXP_LinearModel_Alpha158_csi300_custom_step0_s_20260911_16,c155ab4eb0f542b6b439d1b82a186d83,0.087,,,
253,2026-09-11,SZ000100,-0.06881260126829147,EXP_LinearModel_Alpha158_csi300_custom_step0_s_20260911_16,c155ab4eb0f542b6b439d1b82a186d83,0.087,,,
254,2026-09-11,SZ000002,-0.04597536101937294,EXP_LinearModel_Alpha158_csi300_custom_step0_s_20260911_16,c155ab4eb0f542b6b439d1b82a186d83,0.087,,,
255,2026-09-11,SZ000001,0.05306004732847214,EXP_LinearModel_Alpha158_csi300_custom_step0_s_20260911_16,c155ab4eb0f542b6b439d1b82a186d83,0.087,,,
256,2026-09-11,SH688981,-0.05385373532772064,EXP_LinearModel_Alpha158_csi300_custom_step0_s_20260911_16,c155ab4eb0f542b6b439d1b82a186d83,0.087,,,
257,2026-09-11,SH688521,-0.12871912121772766,EXP_LinearModel_Alpha158_csi300_custom_step0_s_20260911_16,c155ab4eb0f542b6b439d1b82a186d83,0.087,,,
258,2026-09-11,SH688506,0.11825190484523773,EXP_LinearModel_Alpha158_csi300_custom_step0_s_20260911_16,c155ab4eb0f542b6b439d1b82a186d83,0.087,,,
259,2026-09-11,SH688472,0.05564695969223976,EXP_LinearModel_Alpha158_csi300_custom_step0_s_20260911_16,c155ab4eb0f542b6b439d1b82a186d83,0.087,,,
260,2026-09-11,SZ000063,-0.06351820379495621,EXP_LinearModel_Alpha158_csi300_custom_step0_s_20260911_16,c155ab4eb0f542b6b439d1b82a186d83,0.087,,,
261,2026-09-11,SH601077,0.03571312874555588,EXP_LinearModel_Alpha158_csi300_custom_step0_s_20260911_16,f63f502ac8a54fc5b92a00210a924da0,0.012,,,
262,2026-09-11,SZ000538,0.019430840387940407,EXP_LinearModel_Alpha158_csi300_custom_step0_s_20260911_16,c155ab4eb0f542b6b439d1b82a186d83,0.087,,,
263,2026-09-11,SZ000596,0.02701430767774582,EXP_LinearModel_Alpha158_csi300_custom_step0_s_20260911_16,c155ab4eb0f542b6b439d1b82a186d83,0.087,,,
264,2026-09-11,SZ000938,0.030709339305758476,EXP_LinearModel_Alpha158_csi300_custom_step0_s_20260911_16,c155ab4eb0f542b6b439d1b82a186d83,0.087,,,
265,2026-09-11,SZ000895,0.011123614385724068,EXP_LinearModel_Alpha158_csi300_custom_step0_s_20260911_16,c155ab4eb0f542b6b439d1b82a186d83,0.087,,,
266,2026-09-11,SZ000858,-0.05814250186085701,EXP_LinearModel_Alpha158_csi300_custom_step0_s_20260911_16,c155ab4eb0f542b6b439d1b82a186d83,0.087,,,
267,2026-09-11,SZ000807,-0.0672229528427124,EXP_LinearModel_Alpha158_csi300_custom_step0_s_20260911_16,c155ab4eb0f542b6b439d1b82a186d83,0.087,,,
268,2026-09-11,SZ000792,-0.07363691180944443,EXP_LinearModel_Alpha158_csi300_custom_step0_s_20260911_16,c155ab4eb0f542b6b439d1b82a186d83,0.087,,,
269,2026-09-11,SZ000776,-0.00553747545927763,EXP_LinearModel_Alpha158_csi300_custom_step0_s_20260911_16,c155ab4eb0f542b6b439d1b82a186d83,0.087,,,
270,2026-09-11,SZ000568,-0.00985333789139986,EXP_LinearModel_Alpha158_csi300_custom_step0_s_20260911_16,c155ab4eb0f542b6b439d1b82a186d83,0.087,,,
271,2026-09-11,SZ000768,0.019739659503102303,EXP_LinearModel_Alpha158_csi300_custom_step0_s_20260911_16,c155ab4eb0f542b6b439d1b82a186d83,0.087,,,
272,2026-09-11,SZ000708,0.002248174510896206,EXP_LinearModel_Alpha158_csi300_custom_step0_s_20260911_16,c155ab4eb0f542b6b439d1b82a186d83,0.087,,,
273,2026-09-11,SZ000657,-0.1862761676311493,EXP_LinearModel_Alpha158_csi300_custom_step0_s_20260911_16,c155ab4eb0f542b6b439d1b82a186d83,0.087,,,
274,2026-09-11,SZ000651,0.012009141966700554,EXP_LinearModel_Alpha158_csi300_custom_step0_s_20260911_16,c155ab4eb0f542b6b439d1b82a186d83,0.087,,,
275,2026-09-11,SZ000630,-0.08192512392997742,EXP_LinearModel_Alpha158_csi300_custom_step0_s_20260911_16,c155ab4eb0f542b6b439d1b82a186d83,0.087,,,
276,2026-09-11,SZ000625,-0.024388715624809265,EXP_LinearModel_Alpha158_csi300_custom_step0_s_20260911_16,c155ab4eb0f542b6b439d1b82a186d83,0.087,,,
277,2026-09-11,SZ000617,-0.03258718177676201,EXP_LinearModel_Alpha158_csi300_custom_step0_s_20260911_16,c155ab4eb0f542b6b439d1b82a186d83,0.087,,,
278,2026-09-11,SZ000725,-0.08452580869197845,EXP_LinearModel_Alpha158_csi300_custom_step0_s_20260911_16,c155ab4eb0f542b6b439d1b82a186d83,0.087,,,
279,2026-09-11,SH601390,-0.0014011403545737267,EXP_LinearModel_Alpha158_csi300_custom_step0_s_20260911_16,c155ab4eb0f542b6b439d1b82a186d83,0.087,,,
280,2026-09-11,SH601088,0.03052467480301857,EXP_LinearModel_Alpha158_csi300_custom_step0_s_20260911_16,f63f502ac8a54fc5b92a00210a924da0,0.012,,,
281,2026-09-11,SH601111,-0.002750994637608528,EXP_LinearModel_Alpha158_csi300_custom_step0_s_20260911_16,f63f502ac8a54fc5b92a00210a924da0,0.012,,,
282,2026-09-11,SZ300251,-0.05784326791763306,EXP_LinearModel_Alpha158_csi300_custom_step0_s_20260911_16,f63f502ac8a54fc5b92a00210a924da0,0.012,,,
283,2026-09-11,SZ300274,0.032313887029886246,EXP_LinearModel_Alpha158_csi300_custom_step0_s_20260911_16,f63f502ac8a54fc5b92a00210a924da0,0.012,,,
284,2026-09-11,SZ300308,-0.07066581398248672,EXP_LinearModel_Alpha158_csi300_custom_step0_s_20260911_16,f63f502ac8a54fc5b92a00210a924da0,0.012,,,
285,2026-09-11,SZ300316,-0.08085709810256958,EXP_LinearModel_Alpha158_csi300_custom_step0_s_20260911_16,f63f502ac8a54fc5b92a00210a924da0,0.012,,,
286,2026-09-11,SZ300394,-0.0768493264913559,EXP_LinearModel_Alpha158_csi300_custom_step0_s_20260911_16,f63f502ac8a54fc5b92a00210a924da0,0.012,,,
287,2026-09-11,SZ300408,-0.04333106428384781,EXP_LinearModel_Alpha158_csi300_custom_step0_s_20260911_16,f63f502ac8a54fc5b92a00210a924da0,0.012,,,
288,2026-09-11,SZ300413,-0.06219585984945297,EXP_LinearModel_Alpha158_csi300_custom_step0_s_20260911_16,f63f502ac8a54fc5b92a00210a924da0,0.012,,,
289,2026-09-11,SZ300418,-0.08224470168352127,EXP_LinearModel_Alpha158_csi300_custom_step0_s_20260911_16,f63f502ac8a54fc5b92a00210a924da0,0.012,,,
290,2026-09-11,SZ300433,-0.11076854914426804,EXP_LinearModel_Alpha158_csi300_custom_step0_s_20260911_16,f63f502ac8a54fc5b92a00210a924da0,0.012,,,
291,2026-09-11,SZ300442,-0.05789731815457344,EXP_LinearModel_Alpha158_csi300_custom_step0_s_20260911_16,f63f502ac8a54fc5b92a00210a924da0,0.012,,,
292,2026-09-11,SZ300450,-0.1333010494709015,EXP_LinearModel_Alpha158_csi300_custom_step0_s_20260911_16,f63f502ac8a54fc5b92a00210a924da0,0.012,,,
293,2026-09-11,SZ300476,-0.03930789604783058,EXP_LinearModel_Alpha158_csi300_custom_step0_s_20260911_16,f63f502ac8a54fc5b92a00210a924da0,0.012,,,
294,2026-09-11,SZ300498,-0.01943056285381317,EXP_LinearModel_Alpha158_csi300_custom_step0_s_20260911_16,f63f502ac8a54fc5b92a00210a924da0,0.012,,,
295,2026-09-11,SZ300502,-0.034728843718767166,EXP_LinearModel_Alpha158_csi300_custom_step0_s_20260911_16,f63f502ac8a54fc5b92a00210a924da0,0.012,,,
296,2026-09-11,SZ300628,-0.018278710544109344,EXP_LinearModel_Alpha158_csi300_custom_step0_s_20260911_16,f63f502ac8a54fc5b92a00210a924da0,0.012,,,
297,2026-09-11,SZ300661,-0.0780395045876503,EXP_LinearModel_Alpha158_csi300_custom_step0_s_20260911_16,f63f502ac8a54fc5b92a00210a924da0,0.012,,,
298,2026-09-11,SZ300750,0.031895946711301804,EXP_LinearModel_Alpha158_csi300_custom_step0_s_20260911_16,f63f502ac8a54fc5b92a00210a924da0,0.012,,,
299,2026-09-11,SH600010,-0.0810261145234108,EXP_LinearModel_Alpha158_csi300_custom_step0_s_20260911_16,0653c690490f4dd1993de036c3536ece,0.016,,,
300,2026-09-11,SH600009,-0.011454381980001926,EXP_LinearModel_Alpha158_csi300_custom_step0_s_20260911_16,0653c690490f4dd1993de036c3536ece,0.016,,,
301,2026-09-11,SH600000,-0.043313127011060715,EXP_LinearModel_Alpha158_csi300_custom_step0_s_20260911_16,0653c690490f4dd1993de036c3536ece,0.016,,,
302,2026-09-11,SZ302132,-0.02699933759868145,EXP_LinearModel_Alpha158_csi300_custom_step0_s_20260911_16,f63f502ac8a54fc5b92a00210a924da0,0.012,,,
303,2026-09-11,SZ301308,-0.20541150867938995,EXP_LinearModel_Alpha158_csi300_custom_step0_s_20260911_16,f63f502ac8a54fc5b92a00210a924da0,0.012,,,
304,2026-09-11,SZ301269,-0.06103186681866646,EXP_LinearModel_Alpha158_csi300_custom_step0_s_20260911_16,f63f502ac8a54fc5b92a00210a924da0,0.012,,,
305,2026-09-11,SZ300124,-0.026221899315714836,EXP_LinearModel_Alpha158_csi300_custom_step0_s_20260911_16,f63f502ac8a54fc5b92a00210a924da0,0.012,,,
306,2026-09-11,SZ301236,-0.007500276435166597,EXP_LinearModel_Alpha158_csi300_custom_step0_s_20260911_16,f63f502ac8a54fc5b92a00210a924da0,0.012,,,
307,2026-09-11,SZ300999,0.022117992863059044,EXP_LinearModel_Alpha158_csi300_custom_step0_s_20260911_16,f63f502ac8a54fc5b92a00210a924da0,0.012,,,
308,2026-09-11,SZ300896,-0.04449695348739624,EXP_LinearModel_Alpha158_csi300_custom_step0_s_20260911_16,f63f502ac8a54fc5b92a00210a924da0,0.012,,,
309,2026-09-11,SZ300866,0.043517086654901505,EXP_LinearModel_Alpha158_csi300_custom_step0_s_20260911_16,f63f502ac8a54fc5b92a00210a924da0,0.012,,,
310,2026-09-11,SZ300832,0.03622400015592575,EXP_LinearModel_Alpha158_csi300_custom_step0_s_20260911_16,f63f502ac8a54fc5b92a00210a924da0,0.012,,,
311,2026-09-11,SZ300803,-0.06775644421577454,EXP_LinearModel_Alpha158_csi300_custom_step0_s_20260911_16,f63f502ac8a54fc5b92a00210a924da0,0.012,,,
312,2026-09-11,SZ300760,0.02396015077829361,EXP_LinearModel_Alpha158_csi300_custom_step0_s_20260911_16,f63f502ac8a54fc5b92a00210a924da0,0.012,,,
313,2026-09-11,SZ301165,0.01472568605095148,EXP_LinearModel_Alpha158_csi300_custom_step0_s_20260911_16,f63f502ac8a54fc5b92a00210a924da0,0.012,,,
314,2026-09-11,SH600011,0.0026134131476283073,EXP_LinearModel_Alpha158_csi300_custom_step0_s_20260911_16,0653c690490f4dd1993de036c3536ece,0.016,,,
315,2026-09-11,SZ300122,-0.03758177161216736,EXP_LinearModel_Alpha158_csi300_custom_step0_s_20260911_16,f63f502ac8a54fc5b92a00210a924da0,0.012,,,
316,2026-09-11,SZ300033,-0.04383404925465584,EXP_LinearModel_Alpha158_csi300_custom_step0_s_20260911_16,f63f502ac8a54fc5b92a00210a924da0,0.012,,,
317,2026-09-11,SZ002241,-0.05293668061494827,EXP_LinearModel_Alpha158_csi300_custom_step0_s_20260911_16,f63f502ac8a54fc5b92a00210a924da0,0.012,,,
318,2026-09-11,SZ002304,-0.050014857202768326,EXP_LinearModel_Alpha158_csi300_custom_step0_s_20260911_16,f63f502ac8a54fc5b92a00210a924da0,0.012,,,
319,2026-09-11,SZ002311,-0.035315800458192825,EXP_LinearModel_Alpha158_csi300_custom_step0_s_20260911_16,f63f502ac8a54fc5b92a00210a924da0,0.012,,,
320,2026-09-11,SZ002352,-0.014320538379251957,EXP_LinearModel_Alpha158_csi300_custom_step0_s_20260911_16,f63f502ac8a54fc5b92a00210a924da0,0.012,,,
321,2026-09-11,SZ002353,0.04946887865662575,EXP_LinearModel_Alpha158_csi300_custom_step0_s_20260911_16,f63f502ac8a54fc5b92a00210a924da0,0.012,,,
322,2026-09-11,SZ002371,0.0060022370889782906,EXP_LinearModel_Alpha158_csi300_custom_step0_s_20260911_16,f63f502ac8a54fc5b92a00210a924da0,0.012,,,
323,2026-09-11,SZ002384,-0.09042003005743027,EXP_LinearModel_Alpha158_csi300_custom_step0_s_20260911_16,f63f502ac8a54fc5b92a00210a924da0,0.012,,,
324,2026-09-11,SZ002415,0.011268353089690208,EXP_LinearModel_Alpha158_csi300_custom_step0_s_20260911_16,f63f502ac8a54fc5b92a00210a924da0,0.012,,,
325,2026-09-11,SZ002422,0.014044135808944702,EXP_LinearModel_Alpha158_csi300_custom_step0_s_20260911_16,f63f502ac8a54fc5b92a00210a924da0,0.012,,,
326,2026-09-11,SZ002460,-0.09305033832788467,EXP_LinearModel_Alpha158_csi300_custom_step0_s_20260911_16,f63f502ac8a54fc5b92a00210a924da0,0.012,,,
327,2026-09-11,SZ002463,-0.08324576914310455,EXP_LinearModel_Alpha158_csi300_custom_step0_s_20260911_16,f63f502ac8a54fc5b92a00210a924da0,0.012,,,
328,2026-09-11,SZ002466,-0.10482106357812881,EXP_LinearModel_Alpha158_csi300_custom_step0_s_20260911_16,f63f502ac8a54fc5b92a00210a924da0,0.012,,,
329,2026-09-11,SZ002475,-0.04401976242661476,EXP_LinearModel_Alpha158_csi300_custom_step0_s_20260911_16,f63f502ac8a54fc5b92a00210a924da0,0.012,,,
330,2026-09-11,SZ002493,0.028273852542042732,EXP_LinearModel_Alpha158_csi300_custom_step0_s_20260911_16,f63f502ac8a54fc5b92a00210a924da0,0.012,,,
331,2026-09-11,SZ002532,-0.010584603063762188,EXP_LinearModel_Alpha158_csi300_custom_step0_s_20260911_16,f63f502ac8a54fc5b92a00210a924da0,0.012,,,
332,2026-09-11,SZ002558,-0.012887273915112019,EXP_LinearModel_Alpha158_csi300_custom_step0_s_20260911_16,f63f502ac8a54fc5b92a00210a924da0,0.012,,,
333,2026-09-11,SZ002594,-0.024758579209446907,EXP_LinearModel_Alpha158_csi300_custom_step0_s_20260911_16,f63f502ac8a54fc5b92a00210a924da0,0.012,,,
334,2026-09-11,SZ300015,-0.027161603793501854,EXP_LinearModel_Alpha158_csi300_custom_step0_s_20260911_16,f63f502ac8a54fc5b92a00210a924da0,0.012,,,
335,2026-09-11,SZ300014,-0.10280027985572815,EXP_LinearModel_Alpha158_csi300_custom_step0_s_20260911_16,f63f502ac8a54fc5b92a00210a924da0,0.012,,,
336,2026-09-11,SZ003816,0.06014029681682587,EXP_LinearModel_Alpha158_csi300_custom_step0_s_20260911_16,f63f502ac8a54fc5b92a00210a924da0,0.012,,,
337,2026-09-11,SZ002938,-0.027209339663386345,EXP_LinearModel_Alpha158_csi300_custom_step0_s_20260911_16,f63f502ac8a54fc5b92a00210a924da0,0.012,,,
338,2026-09-11,SZ002920,-0.047338563948869705,EXP_LinearModel_Alpha158_csi300_custom_step0_s_20260911_16,f63f502ac8a54fc5b92a00210a924da0,0.012,,,
339,2026-09-11,SZ002916,-0.12377709150314331,EXP_LinearModel_Alpha158_csi300_custom_step0_s_20260911_16,f63f502ac8a54fc5b92a00210a924da0,0.012,,,
340,2026-09-11,SZ300059,-0.0753914937376976,EXP_LinearModel_Alpha158_csi300_custom_step0_s_20260911_16,f63f502ac8a54fc5b92a00210a924da0,0.012,,,
341,2026-09-11,SZ002837,-0.08034644275903702,EXP_LinearModel_Alpha158_csi300_custom_step0_s_20260911_16,f63f502ac8a54fc5b92a00210a924da0,0.012,,,
342,2026-09-11,SZ002714,0.03389744088053703,EXP_LinearModel_Alpha158_csi300_custom_step0_s_20260911_16,f63f502ac8a54fc5b92a00210a924da0,0.012,,,
343,2026-09-11,SZ002709,-0.09860340505838394,EXP_LinearModel_Alpha158_csi300_custom_step0_s_20260911_16,f63f502ac8a54fc5b92a00210a924da0,0.012,,,
344,2026-09-11,SZ002648,0.03533349558711052,EXP_LinearModel_Alpha158_csi300_custom_step0_s_20260911_16,f63f502ac8a54fc5b92a00210a924da0,0.012,,,
345,2026-09-11,SZ002625,-0.05371584743261337,EXP_LinearModel_Alpha158_csi300_custom_step0_s_20260911_16,f63f502ac8a54fc5b92a00210a924da0,0.012,,,
346,2026-09-11,SZ002602,-0.008739241398870945,EXP_LinearModel_Alpha158_csi300_custom_step0_s_20260911_16,f63f502ac8a54fc5b92a00210a924da0,0.012,,,
347,2026-09-11,SZ002600,-0.025633856654167175,EXP_LinearModel_Alpha158_csi300_custom_step0_s_20260911_16,f63f502ac8a54fc5b92a00210a924da0,0.012,,,
348,2026-09-11,SZ002736,-0.04888224974274635,EXP_LinearModel_Alpha158_csi300_custom_step0_s_20260911_16,f63f502ac8a54fc5b92a00210a924da0,0.012,,,
349,2026-09-11,SZ002236,-0.08492022752761841,EXP_LinearModel_Alpha158_csi300_custom_step0_s_20260911_16,f63f502ac8a54fc5b92a00210a924da0,0.012,,,
350,2026-09-11,SH600015,-0.10531425476074219,EXP_LinearModel_Alpha158_csi300_custom_step0_s_20260911_16,0653c690490f4dd1993de036c3536ece,0.016,,,
351,2026-09-11,SH600018,0.05811009183526039,EXP_LinearModel_Alpha158_csi300_custom_step0_s_20260911_16,0653c690490f4dd1993de036c3536ece,0.016,,,
352,2026-09-11,SH600406,-0.07102347910404205,EXP_LinearModel_Alpha158_csi300_custom_step0_s_20260911_16,0653c690490f4dd1993de036c3536ece,0.016,,,
353,2026-09-11,SH600415,0.02579266019165516,EXP_LinearModel_Alpha158_csi300_custom_step0_s_20260911_16,0653c690490f4dd1993de036c3536ece,0.016,,,
354,2026-09-11,SH600426,0.05727607384324074,EXP_LinearModel_Alpha158_csi300_custom_step0_s_20260911_16,0653c690490f4dd1993de036c3536ece,0.016,,,
355,2026-09-11,SH600436,0.03191246837377548,EXP_LinearModel_Alpha158_csi300_custom_step0_s_20260911_16,0653c690490f4dd1993de036c3536ece,0.016,,,
356,2026-09-11,SH600438,0.05641810595989227,EXP_LinearModel_Alpha158_csi300_custom_step0_s_20260911_16,0653c690490f4dd1993de036c3536ece,0.016,,,
357,2026-09-11,SH600460,0.1711571365594864,EXP_LinearModel_Alpha158_csi300_custom_step0_s_20260911_16,0653c690490f4dd1993de036c3536ece,0.016,,,
358,2026-09-11,SH600482,-0.022317618131637573,EXP_LinearModel_Alpha158_csi300_custom_step0_s_20260911_16,0653c690490f4dd1993de036c3536ece,0.016,,,
359,2026-09-11,SH600489,-0.0019692133646458387,EXP_LinearModel_Alpha158_csi300_custom_step0_s_20260911_16,0653c690490f4dd1993de036c3536ece,0.016,,,
360,2026-09-11,SH600515,0.015286343172192574,EXP_LinearModel_Alpha158_csi300_custom_step0_s_20260911_16,0653c690490f4dd1993de036c3536ece,0.016,,,
361,2026-09-11,SH600519,-0.12106280028820038,EXP_LinearModel_Alpha158_csi300_custom_step0_s_20260911_16,0653c690490f4dd1993de036c3536ece,0.016,,,
362,2026-09-11,SH600522,0.15187110006809235,EXP_LinearModel_Alpha158_csi300_custom_step0_s_20260911_16,0653c690490f4dd1993de036c3536ece,0.016,,,
363,2026-09-11,SH600547,0.06553616374731064,EXP_LinearModel_Alpha158_csi300_custom_step0_s_20260911_16,0653c690490f4dd1993de036c3536ece,0.016,,,
364,2026-09-11,SH600549,0.13707076013088226,EXP_LinearModel_Alpha158_csi300_custom_step0_s_20260911_16,0653c690490f4dd1993de036c3536ece,0.016,,,
365,2026-09-11,SH600570,-0.05368312448263168,EXP_LinearModel_Alpha158_csi300_custom_step0_s_20260911_16,0653c690490f4dd1993de036c3536ece,0.016,,,
366,2026-09-11,SH600584,0.16112050414085388,EXP_LinearModel_Alpha158_csi300_custom_step0_s_20260911_16,0653c690490f4dd1993de036c3536ece,0.016,,,
367,2026-09-11,SH600585,-0.039237506687641144,EXP_LinearModel_Alpha158_csi300_custom_step0_s_20260911_16,0653c690490f4dd1993de036c3536ece,0.016,,,
368,2026-09-11,SH600588,0.020226631313562393,EXP_LinearModel_Alpha158_csi300_custom_step0_s_20260911_16,0653c690490f4dd1993de036c3536ece,0.016,,,
369,2026-09-11,SH600893,-0.017695819959044456,EXP_LinearModel_Alpha158_csi300_custom_step0_s_20260911_16,0653c690490f4dd1993de036c3536ece,0.016,,,
370,2026-09-11,SH600887,0.008477959781885147,EXP_LinearModel_Alpha158_csi300_custom_step0_s_20260911_16,0653c690490f4dd1993de036c3536ece,0.016,,,
371,2026-09-11,SH600886,0.03470979630947113,EXP_LinearModel_Alpha158_csi300_custom_step0_s_20260911_16,0653c690490f4dd1993de036c3536ece,0.016,,,
372,2026-09-11,SH600875,-0.015109667554497719,EXP_LinearModel_Alpha158_csi300_custom_step0_s_20260911_16,0653c690490f4dd1993de036c3536ece,0.016,,,
373,2026-09-11,SH600845,-0.04599696770310402,EXP_LinearModel_Alpha158_csi300_custom_step0_s_20260911_16,0653c690490f4dd1993de036c3536ece,0.016,,,
374,2026-09-11,SH600809,-0.0340251587331295,EXP_LinearModel_Alpha158_csi300_custom_step0_s_20260911_16,0653c690490f4dd1993de036c3536ece,0.016,,,
375,2026-09-11,SH600372,-0.01847255602478981,EXP_LinearModel_Alpha158_csi300_custom_step0_s_20260911_16,0653c690490f4dd1993de036c3536ece,0.016,,,
376,2026-09-11,SH600803,0.06161291524767876,EXP_LinearModel_Alpha158_csi300_custom_step0_s_20260911_16,0653c690490f4dd1993de036c3536ece,0.016,,,
377,2026-09-11,SH600760,0.06203373149037361,EXP_LinearModel_Alpha158_csi300_custom_step0_s_20260911_16,0653c690490f4dd1993de036c3536ece,0.016,,,
378,2026-09-11,SH600741,-0.031576093286275864,EXP_LinearModel_Alpha158_csi300_custom_step0_s_20260911_16,0653c690490f4dd1993de036c3536ece,0.016,,,
379,2026-09-11,SH600690,-0.04819783568382263,EXP_LinearModel_Alpha158_csi300_custom_step0_s_20260911_16,0653c690490f4dd1993de036c3536ece,0.016,,,
380,2026-09-11,SH600674,0.005096130538731813,EXP_LinearModel_Alpha158_csi300_custom_step0_s_20260911_16,0653c690490f4dd1993de036c3536ece,0.016,,,
381,2026-09-11,SH600660,-0.02223932556807995,EXP_LinearModel_Alpha158_csi300_custom_step0_s_20260911_16,0653c690490f4dd1993de036c3536ece,0.016,,,
382,2026-09-11,SH600600,-0.08898577839136124,EXP_LinearModel_Alpha158_csi300_custom_step0_s_20260911_16,0653c690490f4dd1993de036c3536ece,0.016,,,
383,2026-09-11,SH600795,-0.005302151199430227,EXP_LinearModel_Alpha158_csi300_custom_step0_s_20260911_16,0653c690490f4dd1993de036c3536ece,0.016,,,
384,2026-09-11,SH600016,0.026799248531460762,EXP_LinearModel_Alpha158_csi300_custom_step0_s_20260911_16,0653c690490f4dd1993de036c3536ece,0.016,,,
385,2026-09-11,SH600362,0.08109775185585022,EXP_LinearModel_Alpha158_csi300_custom_step0_s_20260911_16,0653c690490f4dd1993de036c3536ece,0.016,,,
386,2026-09-11,SH600309,0.07004621624946594,EXP_LinearModel_Alpha158_csi300_custom_step0_s_20260911_16,0653c690490f4dd1993de036c3536ece,0.016,,,
387,2026-09-11,SH600019,0.0039019258692860603,EXP_LinearModel_Alpha158_csi300_custom_step0_s_20260911_16,0653c690490f4dd1993de036c3536ece,0.016,,,
388,2026-09-11,SH600023,-0.009096934460103512,EXP_LinearModel_Alpha158_csi300_custom_step0_s_20260911_16,0653c690490f4dd1993de036c3536ece,0.016,,,
389,2026-09-11,SH600025,-0.07158295810222626,EXP_LinearModel_Alpha158_csi300_custom_step0_s_20260911_16,0653c690490f4dd1993de036c3536ece,0.016,,,
390,2026-09-11,SH600026,-0.01885872706770897,EXP_LinearModel_Alpha158_csi300_custom_step0_s_20260911_16,0653c690490f4dd1993de036c3536ece,0.016,,,
391,2026-09-11,SH600027,0.06585440039634705,EXP_LinearModel_Alpha158_csi300_custom_step0_s_20260911_16,0653c690490f4dd1993de036c3536ece,0.016,,,
392,2026-09-11,SH600028,0.033872541040182114,EXP_LinearModel_Alpha158_csi300_custom_step0_s_20260911_16,0653c690490f4dd1993de036c3536ece,0.016,,,
393,2026-09-11,SH600029,-0.10822774469852448,EXP_LinearModel_Alpha158_csi300_custom_step0_s_20260911_16,0653c690490f4dd1993de036c3536ece,0.016,,,
394,2026-09-11,SH600030,-0.08534855395555496,EXP_LinearModel_Alpha158_csi300_custom_step0_s_20260911_16,0653c690490f4dd1993de036c3536ece,0.016,,,
395,2026-09-11,SH600031,0.020107422024011612,EXP_LinearModel_Alpha158_csi300_custom_step0_s_20260911_16,0653c690490f4dd1993de036c3536ece,0.016,,,
396,2026-09-11,SH600036,0.02305077761411667,EXP_LinearModel_Alpha158_csi300_custom_step0_s_20260911_16,0653c690490f4dd1993de036c3536ece,0.016,,,
397,2026-09-11,SH600039,-0.04511776566505432,EXP_LinearModel_Alpha158_csi300_custom_step0_s_20260911_16,0653c690490f4dd1993de036c3536ece,0.016,,,
398,2026-09-11,SH600048,-0.025579337030649185,EXP_LinearModel_Alpha158_csi300_custom_step0_s_20260911_16,0653c690490f4dd1993de036c3536ece,0.016,,,
399,2026-09-11,SH600050,-0.07815325260162354,EXP_LinearModel_Alpha158_csi300_custom_step0_s_20260911_16,0653c690490f4dd1993de036c3536ece,0.016,,,
400,2026-09-11,SH600061,-0.01630276069045067,EXP_LinearModel_Alpha158_csi300_custom_step0_s_20260911_16,0653c690490f4dd1993de036c3536ece,0.016,,,
401,2026-09-11,SH600066,-0.03177298605442047,EXP_LinearModel_Alpha158_csi300_custom_step0_s_20260911_16,0653c690490f4dd1993de036c3536ece,0.016,,,
402,2026-09-11,SH600085,-0.04667041823267937,EXP_LinearModel_Alpha158_csi300_custom_step0_s_20260911_16,0653c690490f4dd1993de036c3536ece,0.016,,,
403,2026-09-11,SH600089,0.006988108158111572,EXP_LinearModel_Alpha158_csi300_custom_step0_s_20260911_16,0653c690490f4dd1993de036c3536ece,0.016,,,
404,2026-09-11,SH600276,0.09170303493738174,EXP_LinearModel_Alpha158_csi300_custom_step0_s_20260911_16,0653c690490f4dd1993de036c3536ece,0.016,,,
405,2026-09-11,SH600233,-0.05581856146454811,EXP_LinearModel_Alpha158_csi300_custom_step0_s_20260911_16,0653c690490f4dd1993de036c3536ece,0.016,,,
406,2026-09-11,SH600221,-0.033697646111249924,EXP_LinearModel_Alpha158_csi300_custom_step0_s_20260911_16,0653c690490f4dd1993de036c3536ece,0.016,,,
407,2026-09-11,SH600219,-0.02126149833202362,EXP_LinearModel_Alpha158_csi300_custom_step0_s_20260911_16,0653c690490f4dd1993de036c3536ece,0.016,,,
408,2026-09-11,SH600196,-0.03130803629755974,EXP_LinearModel_Alpha158_csi300_custom_step0_s_20260911_16,0653c690490f4dd1993de036c3536ece,0.016,,,
409,2026-09-11,SH600188,0.005446330644190311,EXP_LinearModel_Alpha158_csi300_custom_step0_s_20260911_16,0653c690490f4dd1993de036c3536ece,0.016,,,
410,2026-09-11,SH600346,0.15833525359630585,EXP_LinearModel_Alpha158_csi300_custom_step0_s_20260911_16,0653c690490f4dd1993de036c3536ece,0.016,,,
411,2026-09-11,SH600183,0.0339079387485981,EXP_LinearModel_Alpha158_csi300_custom_step0_s_20260911_16,0653c690490f4dd1993de036c3536ece,0.016,,,
412,2026-09-11,SH600160,0.09020745009183884,EXP_LinearModel_Alpha158_csi300_custom_step0_s_20260911_16,0653c690490f4dd1993de036c3536ece,0.016,,,
413,2026-09-11,SH600150,0.026587020605802536,EXP_LinearModel_Alpha158_csi300_custom_step0_s_20260911_16,0653c690490f4dd1993de036c3536ece,0.016,,,
414,2026-09-11,SH600118,0.11616948246955872,EXP_LinearModel_Alpha158_csi300_custom_step0_s_20260911_16,0653c690490f4dd1993de036c3536ece,0.016,,,
415,2026-09-11,SH600115,-0.03007388673722744,EXP_LinearModel_Alpha158_csi300_custom_step0_s_20260911_16,0653c690490f4dd1993de036c3536ece,0.016,,,
416,2026-09-11,SH600111,0.01484179962426424,EXP_LinearModel_Alpha158_csi300_custom_step0_s_20260911_16,0653c690490f4dd1993de036c3536ece,0.016,,,
417,2026-09-11,SH600104,0.059807874262332916,EXP_LinearModel_Alpha158_csi300_custom_step0_s_20260911_16,0653c690490f4dd1993de036c3536ece,0.016,,,
418,2026-09-11,SH600176,0.07814542949199677,EXP_LinearModel_Alpha158_csi300_custom_step0_s_20260911_16,0653c690490f4dd1993de036c3536ece,0.016,,,
419,2026-09-11,SZ002230,-0.022500943392515182,EXP_LinearModel_Alpha158_csi300_custom_step0_s_20260911_16,f63f502ac8a54fc5b92a00210a924da0,0.012,,,
420,2026-09-11,SZ002202,0.0019935667514801025,EXP_LinearModel_Alpha158_csi300_custom_step0_s_20260911_16,f63f502ac8a54fc5b92a00210a924da0,0.012,,,
421,2026-09-11,SZ002179,0.020854897797107697,EXP_LinearModel_Alpha158_csi300_custom_step0_s_20260911_16,f63f502ac8a54fc5b92a00210a924da0,0.012,,,
422,2026-09-11,SH601766,0.009259182959794998,EXP_LinearModel_Alpha158_csi300_custom_step0_s_20260911_16,f63f502ac8a54fc5b92a00210a924da0,0.012,,,
423,2026-09-11,SH601788,-0.07010205090045929,EXP_LinearModel_Alpha158_csi300_custom_step0_s_20260911_16,f63f502ac8a54fc5b92a00210a924da0,0.012,,,
424,2026-09-11,SH601800,-0.007642981596291065,EXP_LinearModel_Alpha158_csi300_custom_step0_s_20260911_16,f63f502ac8a54fc5b92a00210a924da0,0.012,,,
425,2026-09-11,SH601816,-0.02421800047159195,EXP_LinearModel_Alpha158_csi300_custom_step0_s_20260911_16,f63f502ac8a54fc5b92a00210a924da0,0.012,,,
426,2026-09-11,SH601818,0.0017775245942175388,EXP_LinearModel_Alpha158_csi300_custom_step0_s_20260911_16,f63f502ac8a54fc5b92a00210a924da0,0.012,,,
427,2026-09-11,SH601825,0.06438509374856949,EXP_LinearModel_Alpha158_csi300_custom_step0_s_20260911_16,f63f502ac8a54fc5b92a00210a924da0,0.012,,,
428,2026-09-11,SH601838,0.020454412326216698,EXP_LinearModel_Alpha158_csi300_custom_step0_s_20260911_16,f63f502ac8a54fc5b92a00210a924da0,0.012,,,
429,2026-09-11,SH601857,0.04385476931929588,EXP_LinearModel_Alpha158_csi300_custom_step0_s_20260911_16,f63f502ac8a54fc5b92a00210a924da0,0.012,,,
430,2026-09-11,SH601868,0.032989609986543655,EXP_LinearModel_Alpha158_csi300_custom_step0_s_20260911_16,f63f502ac8a54fc5b92a00210a924da0,0.012,,,
431,2026-09-11,SH601872,-0.11042118817567825,EXP_LinearModel_Alpha158_csi300_custom_step0_s_20260911_16,f63f502ac8a54fc5b92a00210a924da0,0.012,,,
432,2026-09-11,SH601877,-0.04165400564670563,EXP_LinearModel_Alpha158_csi300_custom_step0_s_20260911_16,f63f502ac8a54fc5b92a00210a924da0,0.012,,,
433,2026-09-11,SH601878,-0.06615085899829865,EXP_LinearModel_Alpha158_csi300_custom_step0_s_20260911_16,f63f502ac8a54fc5b92a00210a924da0,0.012,,,
434,2026-09-11,SH601881,-0.05908896028995514,EXP_LinearModel_Alpha158_csi300_custom_step0_s_20260911_16,f63f502ac8a54fc5b92a00210a924da0,0.012,,,
435,2026-09-11,SH601888,-0.061019062995910645,EXP_LinearModel_Alpha158_csi300_custom_step0_s_20260911_16,f63f502ac8a54fc5b92a00210a924da0,0.012,,,
436,2026-09-11,SH601898,0.03949323296546936,EXP_LinearModel_Alpha158_csi300_custom_step0_s_20260911_16,f63f502ac8a54fc5b92a00210a924da0,0.012,,,
437,2026-09-11,SH601899,0.007794606499373913,EXP_LinearModel_Alpha158_csi300_custom_step0_s_20260911_16,f63f502ac8a54fc5b92a00210a924da0,0.012,,,
438,2026-09-11,SH601901,-0.004357944708317518,EXP_LinearModel_Alpha158_csi300_custom_step0_s_20260911_16,f63f502ac8a54fc5b92a00210a924da0,0.012,,,
439,2026-09-11,SH603392,-0.06517750769853592,EXP_LinearModel_Alpha158_csi300_custom_step0_s_20260911_16,f63f502ac8a54fc5b92a00210a924da0,0.012,,,
440,2026-09-11,SH603369,-0.013012371957302094,EXP_LinearModel_Alpha158_csi300_custom_step0_s_20260911_16,f63f502ac8a54fc5b92a00210a924da0,0.012,,,
441,2026-09-11,SH603296,-0.020287932828068733,EXP_LinearModel_Alpha158_csi300_custom_step0_s_20260911_16,f63f502ac8a54fc5b92a00210a924da0,0.012,,,
442,2026-09-11,SH603288,-0.004620544612407684,EXP_LinearModel_Alpha158_csi300_custom_step0_s_20260911_16,f63f502ac8a54fc5b92a00210a924da0,0.012,,,
443,2026-09-11,SH603260,-0.08790236711502075,EXP_LinearModel_Alpha158_csi300_custom_step0_s_20260911_16,f63f502ac8a54fc5b92a00210a924da0,0.012,,,
444,2026-09-11,SH603259,-0.06624313443899155,EXP_LinearModel_Alpha158_csi300_custom_step0_s_20260911_16,f63f502ac8a54fc5b92a00210a924da0,0.012,,,
445,2026-09-11,SH601728,0.02224021963775158,EXP_LinearModel_Alpha158_csi300_custom_step0_s_20260911_16,f63f502ac8a54fc5b92a00210a924da0,0.012,,,
446,2026-09-11,SH603019,0.0034386422485113144,EXP_LinearModel_Alpha158_csi300_custom_step0_s_20260911_16,f63f502ac8a54fc5b92a00210a924da0,0.012,,,
447,2026-09-11,SH601995,-0.05934060737490654,EXP_LinearModel_Alpha158_csi300_custom_step0_s_20260911_16,f63f502ac8a54fc5b92a00210a924da0,0.012,,,
448,2026-09-11,SH601988,0.05666736885905266,EXP_LinearModel_Alpha158_csi300_custom_step0_s_20260911_16,f63f502ac8a54fc5b92a00210a924da0,0.012,,,
449,2026-09-11,SH601985,-0.006501267198473215,EXP_LinearModel_Alpha158_csi300_custom_step0_s_20260911_16,f63f502ac8a54fc5b92a00210a924da0,0.012,,,
450,2026-09-11,SH601939,0.07382626831531525,EXP_LinearModel_Alpha158_csi300_custom_step0_s_20260911_16,f63f502ac8a54fc5b92a00210a924da0,0.012,,,
451,2026-09-11,SH601919,-0.010351024568080902,EXP_LinearModel_Alpha158_csi300_custom_step0_s_20260911_16,f63f502ac8a54fc5b92a00210a924da0,0.012,,,
452,2026-09-11,SH601916,0.08017608523368835,EXP_LinearModel_Alpha158_csi300_custom_step0_s_20260911_16,f63f502ac8a54fc5b92a00210a924da0,0.012,,,
453,2026-09-11,SH601998,0.0790962502360344,EXP_LinearModel_Alpha158_csi300_custom_step0_s_20260911_16,f63f502ac8a54fc5b92a00210a924da0,0.012,,,
454,2026-09-11,SH603501,-0.017043333500623703,EXP_LinearModel_Alpha158_csi300_custom_step0_s_20260911_16,f63f502ac8a54fc5b92a00210a924da0,0.012,,,
455,2026-09-11,SH601727,0.024556685239076614,EXP_LinearModel_Alpha158_csi300_custom_step0_s_20260911_16,f63f502ac8a54fc5b92a00210a924da0,0.012,,,
456,2026-09-11,SH601689,-0.04806769639253616,EXP_LinearModel_Alpha158_csi300_custom_step0_s_20260911_16,f63f502ac8a54fc5b92a00210a924da0,0.012,,,
457,2026-09-11,SH601117,-0.04010198265314102,EXP_LinearModel_Alpha158_csi300_custom_step0_s_20260911_16,f63f502ac8a54fc5b92a00210a924da0,0.012,,,
458,2026-09-11,SH601127,-0.0007211763877421618,EXP_LinearModel_Alpha158_csi300_custom_step0_s_20260911_16,f63f502ac8a54fc5b92a00210a924da0,0.012,,,
459,2026-09-11,SH601136,-0.04030108451843262,EXP_LinearModel_Alpha158_csi300_custom_step0_s_20260911_16,f63f502ac8a54fc5b92a00210a924da0,0.012,,,
460,2026-09-11,SH601138,0.00925479270517826,EXP_LinearModel_Alpha158_csi300_custom_step0_s_20260911_16,f63f502ac8a54fc5b92a00210a924da0,0.012,,,
461,2026-09-11,SH601166,-0.03587412089109421,EXP_LinearModel_Alpha158_csi300_custom_step0_s_20260911_16,f63f502ac8a54fc5b92a00210a924da0,0.012,,,
462,2026-09-11,SH601169,0.014069211669266224,EXP_LinearModel_Alpha158_csi300_custom_step0_s_20260911_16,f63f502ac8a54fc5b92a00210a924da0,0.012,,,
463,2026-09-11,SH601186,0.024436986073851585,EXP_LinearModel_Alpha158_csi300_custom_step0_s_20260911_16,f63f502ac8a54fc5b92a00210a924da0,0.012,,,
464,2026-09-11,SH601211,-0.042534034699201584,EXP_LinearModel_Alpha158_csi300_custom_step0_s_20260911_16,f63f502ac8a54fc5b92a00210a924da0,0.012,,,
465,2026-09-11,SH601225,0.051643773913383484,EXP_LinearModel_Alpha158_csi300_custom_step0_s_20260911_16,f63f502ac8a54fc5b92a00210a924da0,0.012,,,
466,2026-09-11,SH601229,0.06641798466444016,EXP_LinearModel_Alpha158_csi300_custom_step0_s_20260911_16,f63f502ac8a54fc5b92a00210a924da0,0.012,,,
467,2026-09-11,SH601238,-0.050052084028720856,EXP_LinearModel_Alpha158_csi300_custom_step0_s_20260911_16,f63f502ac8a54fc5b92a00210a924da0,0.012,,,
468,2026-09-11,SH601288,0.08597717434167862,EXP_LinearModel_Alpha158_csi300_custom_step0_s_20260911_16,f63f502ac8a54fc5b92a00210a924da0,0.012,,,
469,2026-09-11,SH601318,0.02962450124323368,EXP_LinearModel_Alpha158_csi300_custom_step0_s_20260911_16,f63f502ac8a54fc5b92a00210a924da0,0.012,,,
470,2026-09-11,SH601319,0.020779825747013092,EXP_LinearModel_Alpha158_csi300_custom_step0_s_20260911_16,f63f502ac8a54fc5b92a00210a924da0,0.012,,,
471,2026-09-11,SH601328,0.03955327719449997,EXP_LinearModel_Alpha158_csi300_custom_step0_s_20260911_16,f63f502ac8a54fc5b92a00210a924da0,0.012,,,
472,2026-09-11,SH601336,-0.05604729801416397,EXP_LinearModel_Alpha158_csi300_custom_step0_s_20260911_16,f63f502ac8a54fc5b92a00210a924da0,0.012,,,
473,2026-09-11,SH601360,-0.05224361643195152,EXP_LinearModel_Alpha158_csi300_custom_step0_s_20260911_16,f63f502ac8a54fc5b92a00210a924da0,0.012,,,
474,2026-09-11,SH601688,0.0026227273046970367,EXP_LinearModel_Alpha158_csi300_custom_step0_s_20260911_16,f63f502ac8a54fc5b92a00210a924da0,0.012,,,
475,2026-09-11,SH601669,-0.025057051330804825,EXP_LinearModel_Alpha158_csi300_custom_step0_s_20260911_16,f63f502ac8a54fc5b92a00210a924da0,0.012,,,
476,2026-09-11,SH601668,0.022618860006332397,EXP_LinearModel_Alpha158_csi300_custom_step0_s_20260911_16,f63f502ac8a54fc5b92a00210a924da0,0.012,,,
477,2026-09-11,SH601658,0.04251778870820999,EXP_LinearModel_Alpha158_csi300_custom_step0_s_20260911_16,f63f502ac8a54fc5b92a00210a924da0,0.012,,,
478,2026-09-11,SH601633,-0.06389138102531433,EXP_LinearModel_Alpha158_csi300_custom_step0_s_20260911_16,f63f502ac8a54fc5b92a00210a924da0,0.012,,,
479,2026-09-11,SH601628,-0.021436065435409546,EXP_LinearModel_Alpha158_csi300_custom_step0_s_20260911_16,f63f502ac8a54fc5b92a00210a924da0,0.012,,,
480,2026-09-11,SH601698,-0.0032774016726762056,EXP_LinearModel_Alpha158_csi300_custom_step0_s_20260911_16,f63f502ac8a54fc5b92a00210a924da0,0.012,,,
481,2026-09-11,SH601618,0.02094951644539833,EXP_LinearModel_Alpha158_csi300_custom_step0_s_20260911_16,f63f502ac8a54fc5b92a00210a924da0,0.012,,,
482,2026-09-11,SH601601,0.0237080417573452,EXP_LinearModel_Alpha158_csi300_custom_step0_s_20260911_16,f63f502ac8a54fc5b92a00210a924da0,0.012,,,
483,2026-09-11,SH601600,-0.007087445352226496,EXP_LinearModel_Alpha158_csi300_custom_step0_s_20260911_16,f63f502ac8a54fc5b92a00210a924da0,0.012,,,
484,2026-09-11,SH601456,-0.1254023164510727,EXP_LinearModel_Alpha158_csi300_custom_step0_s_20260911_16,f63f502ac8a54fc5b92a00210a924da0,0.012,,,
485,2026-09-11,SH601398,0.060014668852090836,EXP_LinearModel_Alpha158_csi300_custom_step0_s_20260911_16,f63f502ac8a54fc5b92a00210a924da0,0.012,,,
486,2026-09-11,SH601390,0.020983457565307617,EXP_LinearModel_Alpha158_csi300_custom_step0_s_20260911_16,f63f502ac8a54fc5b92a00210a924da0,0.012,,,
487,2026-09-11,SH601377,-0.015334970317780972,EXP_LinearModel_Alpha158_csi300_custom_step0_s_20260911_16,f63f502ac8a54fc5b92a00210a924da0,0.012,,,
488,2026-09-11,SH601607,0.01339933555573225,EXP_LinearModel_Alpha158_csi300_custom_step0_s_20260911_16,f63f502ac8a54fc5b92a00210a924da0,0.012,,,
489,2026-09-11,SH603799,-0.08098354190587997,EXP_LinearModel_Alpha158_csi300_custom_step0_s_20260911_16,f63f502ac8a54fc5b92a00210a924da0,0.012,,,
490,2026-09-11,SH603893,-0.028646599501371384,EXP_LinearModel_Alpha158_csi300_custom_step0_s_20260911_16,f63f502ac8a54fc5b92a00210a924da0,0.012,,,
491,2026-09-11,SH603986,-0.21690088510513306,EXP_LinearModel_Alpha158_csi300_custom_step0_s_20260911_16,f63f502ac8a54fc5b92a00210a924da0,0.012,,,
492,2026-09-11,SZ000596,0.0051832958124578,EXP_LinearModel_Alpha158_csi300_custom_step0_s_20260911_16,f63f502ac8a54fc5b92a00210a924da0,0.012,,,
493,2026-09-11,SZ000617,-0.01754169724881649,EXP_LinearModel_Alpha158_csi300_custom_step0_s_20260911_16,f63f502ac8a54fc5b92a00210a924da0,0.012,,,
494,2026-09-11,SZ000625,-0.028932567685842514,EXP_LinearModel_Alpha158_csi300_custom_step0_s_20260911_16,f63f502ac8a54fc5b92a00210a924da0,0.012,,,
495,2026-09-11,SZ000630,-0.016254913061857224,EXP_LinearModel_Alpha158_csi300_custom_step0_s_20260911_16,f63f502ac8a54fc5b92a00210a924da0,0.012,,,
496,2026-09-11,SZ000651,0.010722961276769638,EXP_LinearModel_Alpha158_csi300_custom_step0_s_20260911_16,f63f502ac8a54fc5b92a00210a924da0,0.012,,,
497,2026-09-11,SZ000657,-0.12844978272914886,EXP_LinearModel_Alpha158_csi300_custom_step0_s_20260911_16,f63f502ac8a54fc5b92a00210a924da0,0.012,,,
498,2026-09-11,SZ000708,0.004220915958285332,EXP_LinearModel_Alpha158_csi300_custom_step0_s_20260911_16,f63f502ac8a54fc5b92a00210a924da0,0.012,,,
499,2026-09-11,SZ000725,-0.12508907914161682,EXP_LinearModel_Alpha158_csi300_custom_step0_s_20260911_16,f63f502ac8a54fc5b92a00210a924da0,0.012,,,
500,2026-09-11,SZ000768,0.047298382967710495,EXP_LinearModel_Alpha158_csi300_custom_step0_s_20260911_16,f63f502ac8a54fc5b92a00210a924da0,0.012,,,
501,2026-09-11,SZ000776,-0.020190980285406113,EXP_LinearModel_Alpha158_csi300_custom_step0_s_20260911_16,f63f502ac8a54fc5b92a00210a924da0,0.012,,,
502,2026-09-11,SZ000792,-0.0722360759973526,EXP_LinearModel_Alpha158_csi300_custom_step0_s_20260911_16,f63f502ac8a54fc5b92a00210a924da0,0.012,,,
503,2026-09-11,SZ000807,-0.00878504291176796,EXP_LinearModel_Alpha158_csi300_custom_step0_s_20260911_16,f63f502ac8a54fc5b92a00210a924da0,0.012,,,
504,2026-09-11,SZ000858,-0.07317176461219788,EXP_LinearModel_Alpha158_csi300_custom_step0_s_20260911_16,f63f502ac8a54fc5b92a00210a924da0,0.012,,,
505,2026-09-11,SZ000895,-0.02529747597873211,EXP_LinearModel_Alpha158_csi300_custom_step0_s_20260911_16,f63f502ac8a54fc5b92a00210a924da0,0.012,,,
506,2026-09-11,SZ000938,-0.020908061414957047,EXP_LinearModel_Alpha158_csi300_custom_step0_s_20260911_16,f63f502ac8a54fc5b92a00210a924da0,0.012,,,
507,2026-09-11,SZ000963,-0.08509350568056107,EXP_LinearModel_Alpha158_csi300_custom_step0_s_20260911_16,f63f502ac8a54fc5b92a00210a924da0,0.012,,,
508,2026-09-11,SZ000975,-0.07341929525136948,EXP_LinearModel_Alpha158_csi300_custom_step0_s_20260911_16,f63f502ac8a54fc5b92a00210a924da0,0.012,,,
509,2026-09-11,SZ002142,0.0354856513440609,EXP_LinearModel_Alpha158_csi300_custom_step0_s_20260911_16,f63f502ac8a54fc5b92a00210a924da0,0.012,,,
510,2026-09-11,SZ002074,-0.10891886055469513,EXP_LinearModel_Alpha158_csi300_custom_step0_s_20260911_16,f63f502ac8a54fc5b92a00210a924da0,0.012,,,
511,2026-09-11,SZ002050,-0.026363734155893326,EXP_LinearModel_Alpha158_csi300_custom_step0_s_20260911_16,f63f502ac8a54fc5b92a00210a924da0,0.012,,,
512,2026-09-11,SZ002049,-0.1021527349948883,EXP_LinearModel_Alpha158_csi300_custom_step0_s_20260911_16,f63f502ac8a54fc5b92a00210a924da0,0.012,,,
513,2026-09-11,SZ002028,0.0059084054082632065,EXP_LinearModel_Alpha158_csi300_custom_step0_s_20260911_16,f63f502ac8a54fc5b92a00210a924da0,0.012,,,
514,2026-09-11,SZ002027,-0.014832044020295143,EXP_LinearModel_Alpha158_csi300_custom_step0_s_20260911_16,f63f502ac8a54fc5b92a00210a924da0,0.012,,,
515,2026-09-11,SZ000568,-0.019859619438648224,EXP_LinearModel_Alpha158_csi300_custom_step0_s_20260911_16,f63f502ac8a54fc5b92a00210a924da0,0.012,,,
516,2026-09-11,SZ002001,0.03314293548464775,EXP_LinearModel_Alpha158_csi300_custom_step0_s_20260911_16,f63f502ac8a54fc5b92a00210a924da0,0.012,,,
517,2026-09-11,SZ001965,0.06291909515857697,EXP_LinearModel_Alpha158_csi300_custom_step0_s_20260911_16,f63f502ac8a54fc5b92a00210a924da0,0.012,,,
518,2026-09-11,SZ001391,0.00962093099951744,EXP_LinearModel_Alpha158_csi300_custom_step0_s_20260911_16,f63f502ac8a54fc5b92a00210a924da0,0.012,,,
519,2026-09-11,SZ001280,-0.03765794634819031,EXP_LinearModel_Alpha158_csi300_custom_step0_s_20260911_16,f63f502ac8a54fc5b92a00210a924da0,0.012,,,
520,2026-09-11,SZ000999,-0.008684882894158363,EXP_LinearModel_Alpha158_csi300_custom_step0_s_20260911_16,f63f502ac8a54fc5b92a00210a924da0,0.012,,,
521,2026-09-11,SZ000988,-0.2058747559785843,EXP_LinearModel_Alpha158_csi300_custom_step0_s_20260911_16,f63f502ac8a54fc5b92a00210a924da0,0.012,,,
522,2026-09-11,SZ000977,-0.01589367911219597,EXP_LinearModel_Alpha158_csi300_custom_step0_s_20260911_16,f63f502ac8a54fc5b92a00210a924da0,0.012,,,
523,2026-09-11,SZ001979,0.01406673714518547,EXP_LinearModel_Alpha158_csi300_custom_step0_s_20260911_16,f63f502ac8a54fc5b92a00210a924da0,0.012,,,
524,2026-09-11,SZ000538,0.05448618903756142,EXP_LinearModel_Alpha158_csi300_custom_step0_s_20260911_16,f63f502ac8a54fc5b92a00210a924da0,0.012,,,
525,2026-09-11,SZ000425,-0.06775446981191635,EXP_LinearModel_Alpha158_csi300_custom_step0_s_20260911_16,f63f502ac8a54fc5b92a00210a924da0,0.012,,,
526,2026-09-11,SZ000408,0.04043610021471977,EXP_LinearModel_Alpha158_csi300_custom_step0_s_20260911_16,f63f502ac8a54fc5b92a00210a924da0,0.012,,,
527,2026-09-11,SH688183,-0.05782615765929222,EXP_LinearModel_Alpha158_csi300_custom_step0_s_20260911_16,f63f502ac8a54fc5b92a00210a924da0,0.012,,,
528,2026-09-11,SH688126,-0.12203916162252426,EXP_LinearModel_Alpha158_csi300_custom_step0_s_20260911_16,f63f502ac8a54fc5b92a00210a924da0,0.012,,,
529,2026-09-11,SH688111,-0.012615688145160675,EXP_LinearModel_Alpha158_csi300_custom_step0_s_20260911_16,f63f502ac8a54fc5b92a00210a924da0,0.012,,,
530,2026-09-11,SH688082,-0.05671701207756996,EXP_LinearModel_Alpha158_csi300_custom_step0_s_20260911_16,f63f502ac8a54fc5b92a00210a924da0,0.012,,,
531,2026-09-11,SH688072,-0.007776794955134392,EXP_LinearModel_Alpha158_csi300_custom_step0_s_20260911_16,f63f502ac8a54fc5b92a00210a924da0,0.012,,,
532,2026-09-11,SH688047,-0.09980493038892746,EXP_LinearModel_Alpha158_csi300_custom_step0_s_20260911_16,f63f502ac8a54fc5b92a00210a924da0,0.012,,,
533,2026-09-11,SH688223,-0.0029098133090883493,EXP_LinearModel_Alpha158_csi300_custom_step0_s_20260911_16,f63f502ac8a54fc5b92a00210a924da0,0.012,,,
534,2026-09-11,SH688041,0.003214760683476925,EXP_LinearModel_Alpha158_csi300_custom_step0_s_20260911_16,f63f502ac8a54fc5b92a00210a924da0,0.012,,,
535,2026-09-11,SH688012,-0.034068651497364044,EXP_LinearModel_Alpha158_csi300_custom_step0_s_20260911_16,f63f502ac8a54fc5b92a00210a924da0,0.012,,,
536,2026-09-11,SH688009,-0.047428298741579056,EXP_LinearModel_Alpha158_csi300_custom_step0_s_20260911_16,f63f502ac8a54fc5b92a00210a924da0,0.012,,,
537,2026-09-11,SH688008,-0.004790470004081726,EXP_LinearModel_Alpha158_csi300_custom_step0_s_20260911_16,f63f502ac8a54fc5b92a00210a924da0,0.012,,,
538,2026-09-11,SH605499,-0.05157285928726196,EXP_LinearModel_Alpha158_csi300_custom_step0_s_20260911_16,f63f502ac8a54fc5b92a00210a924da0,0.012,,,
539,2026-09-11,SH605117,0.032500822097063065,EXP_LinearModel_Alpha158_csi300_custom_step0_s_20260911_16,f63f502ac8a54fc5b92a00210a924da0,0.012,,,
540,2026-09-11,SH603993,0.034457527101039886,EXP_LinearModel_Alpha158_csi300_custom_step0_s_20260911_16,f63f502ac8a54fc5b92a00210a924da0,0.012,,,
541,2026-09-11,SH688036,-0.017334921285510063,EXP_LinearModel_Alpha158_csi300_custom_step0_s_20260911_16,f63f502ac8a54fc5b92a00210a924da0,0.012,,,
542,2026-09-11,SH601100,-0.0010906234383583069,EXP_LinearModel_Alpha158_csi300_custom_step0_s_20260911_16,f63f502ac8a54fc5b92a00210a924da0,0.012,,,
543,2026-09-11,SH688256,-0.07998081296682358,EXP_LinearModel_Alpha158_csi300_custom_step0_s_20260911_16,f63f502ac8a54fc5b92a00210a924da0,0.012,,,
544,2026-09-11,SH688303,0.027711959555745125,EXP_LinearModel_Alpha158_csi300_custom_step0_s_20260911_16,f63f502ac8a54fc5b92a00210a924da0,0.012,,,
545,2026-09-11,SZ000338,-0.002481047995388508,EXP_LinearModel_Alpha158_csi300_custom_step0_s_20260911_16,f63f502ac8a54fc5b92a00210a924da0,0.012,,,
546,2026-09-11,SZ000333,0.0332619808614254,EXP_LinearModel_Alpha158_csi300_custom_step0_s_20260911_16,f63f502ac8a54fc5b92a00210a924da0,0.012,,,
547,2026-09-11,SZ000301,0.011408643797039986,EXP_LinearModel_Alpha158_csi300_custom_step0_s_20260911_16,f63f502ac8a54fc5b92a00210a924da0,0.012,,,
548,2026-09-11,SZ000166,-0.01718965917825699,EXP_LinearModel_Alpha158_csi300_custom_step0_s_20260911_16,f63f502ac8a54fc5b92a00210a924da0,0.012,,,
549,2026-09-11,SZ000157,-0.016861112788319588,EXP_LinearModel_Alpha158_csi300_custom_step0_s_20260911_16,f63f502ac8a54fc5b92a00210a924da0,0.012,,,
550,2026-09-11,SZ000100,-0.05943793058395386,EXP_LinearModel_Alpha158_csi300_custom_step0_s_20260911_16,f63f502ac8a54fc5b92a00210a924da0,0.012,,,
551,2026-09-11,SH688271,-0.07580550014972687,EXP_LinearModel_Alpha158_csi300_custom_step0_s_20260911_16,f63f502ac8a54fc5b92a00210a924da0,0.012,,,
552,2026-09-11,SZ000063,-0.06766846030950546,EXP_LinearModel_Alpha158_csi300_custom_step0_s_20260911_16,f63f502ac8a54fc5b92a00210a924da0,0.012,,,
553,2026-09-11,SZ000001,0.0513724610209465,EXP_LinearModel_Alpha158_csi300_custom_step0_s_20260911_16,f63f502ac8a54fc5b92a00210a924da0,0.012,,,
554,2026-09-11,SH688981,-0.07433564960956573,EXP_LinearModel_Alpha158_csi300_custom_step0_s_20260911_16,f63f502ac8a54fc5b92a00210a924da0,0.012,,,
555,2026-09-11,SH688521,-0.13160531222820282,EXP_LinearModel_Alpha158_csi300_custom_step0_s_20260911_16,f63f502ac8a54fc5b92a00210a924da0,0.012,,,
556,2026-09-11,SH688506,0.057722702622413635,EXP_LinearModel_Alpha158_csi300_custom_step0_s_20260911_16,f63f502ac8a54fc5b92a00210a924da0,0.012,,,
557,2026-09-11,SH688472,0.04483326897025108,EXP_LinearModel_Alpha158_csi300_custom_step0_s_20260911_16,f63f502ac8a54fc5b92a00210a924da0,0.012,,,
558,2026-09-11,SH688396,-0.0868004709482193,EXP_LinearModel_Alpha158_csi300_custom_step0_s_20260911_16,f63f502ac8a54fc5b92a00210a924da0,0.012,,,
559,2026-09-11,SZ000002,-0.053168706595897675,EXP_LinearModel_Alpha158_csi300_custom_step0_s_20260911_16,f63f502ac8a54fc5b92a00210a924da0,0.012,,,
560,2026-09-11,SH601377,0.014808116480708122,EXP_LinearModel_Alpha158_csi300_custom_step0_s_20260911_16,c155ab4eb0f542b6b439d1b82a186d83,0.087,,,
561,2026-09-11,SH601360,-0.036098577082157135,EXP_LinearModel_Alpha158_csi300_custom_step0_s_20260911_16,c155ab4eb0f542b6b439d1b82a186d83,0.087,,,
562,2026-09-11,SH601336,-0.07485820353031158,EXP_LinearModel_Alpha158_csi300_custom_step0_s_20260911_16,c155ab4eb0f542b6b439d1b82a186d83,0.087,,,
563,2026-09-11,SH600150,0.029079431667923927,EXP_LinearModel_Alpha158_csi300_custom_step0_s_20260911_16,2ef653517254420e82d12e3c293d0d0f,0.085,,,
564,2026-09-11,SH600160,0.006388559937477112,EXP_LinearModel_Alpha158_csi300_custom_step0_s_20260911_16,2ef653517254420e82d12e3c293d0d0f,0.085,,,
565,2026-09-11,SH600176,-0.06174418330192566,EXP_LinearModel_Alpha158_csi300_custom_step0_s_20260911_16,2ef653517254420e82d12e3c293d0d0f,0.085,,,
566,2026-09-11,SH600183,-0.1244528591632843,EXP_LinearModel_Alpha158_csi300_custom_step0_s_20260911_16,2ef653517254420e82d12e3c293d0d0f,0.085,,,
567,2026-09-11,SH600188,-0.05756215751171112,EXP_LinearModel_Alpha158_csi300_custom_step0_s_20260911_16,2ef653517254420e82d12e3c293d0d0f,0.085,,,
568,2026-09-11,SH600196,-0.01912580244243145,EXP_LinearModel_Alpha158_csi300_custom_step0_s_20260911_16,2ef653517254420e82d12e3c293d0d0f,0.085,,,
569,2026-09-11,SH600219,-0.029740260913968086,EXP_LinearModel_Alpha158_csi300_custom_step0_s_20260911_16,2ef653517254420e82d12e3c293d0d0f,0.085,,,
570,2026-09-11,SH600221,0.06809276342391968,EXP_LinearModel_Alpha158_csi300_custom_step0_s_20260911_16,2ef653517254420e82d12e3c293d0d0f,0.085,,,
571,2026-09-11,SH600233,-0.0033413998316973448,EXP_LinearModel_Alpha158_csi300_custom_step0_s_20260911_16,2ef653517254420e82d12e3c293d0d0f,0.085,,,
572,2026-09-11,SH600276,0.05928131565451622,EXP_LinearModel_Alpha158_csi300_custom_step0_s_20260911_16,2ef653517254420e82d12e3c293d0d0f,0.085,,,
573,2026-09-11,SH600309,-0.0029865852557122707,EXP_LinearModel_Alpha158_csi300_custom_step0_s_20260911_16,2ef653517254420e82d12e3c293d0d0f,0.085,,,
574,2026-09-11,SH600346,-0.02280532568693161,EXP_LinearModel_Alpha158_csi300_custom_step0_s_20260911_16,2ef653517254420e82d12e3c293d0d0f,0.085,,,
575,2026-09-11,SH600362,-0.04990708827972412,EXP_LinearModel_Alpha158_csi300_custom_step0_s_20260911_16,2ef653517254420e82d12e3c293d0d0f,0.085,,,
576,2026-09-11,SH600372,-0.004274414386600256,EXP_LinearModel_Alpha158_csi300_custom_step0_s_20260911_16,2ef653517254420e82d12e3c293d0d0f,0.085,,,
577,2026-09-11,SH600406,-0.021009869873523712,EXP_LinearModel_Alpha158_csi300_custom_step0_s_20260911_16,2ef653517254420e82d12e3c293d0d0f,0.085,,,
578,2026-09-11,SH600415,0.00897381640970707,EXP_LinearModel_Alpha158_csi300_custom_step0_s_20260911_16,2ef653517254420e82d12e3c293d0d0f,0.085,,,
579,2026-09-11,SH600426,-0.020166855305433273,EXP_LinearModel_Alpha158_csi300_custom_step0_s_20260911_16,2ef653517254420e82d12e3c293d0d0f,0.085,,,
580,2026-09-11,SH600588,-0.00043385266326367855,EXP_LinearModel_Alpha158_csi300_custom_step0_s_20260911_16,2ef653517254420e82d12e3c293d0d0f,0.085,,,
581,2026-09-11,SH600585,-0.007109175436198711,EXP_LinearModel_Alpha158_csi300_custom_step0_s_20260911_16,2ef653517254420e82d12e3c293d0d0f,0.085,,,
582,2026-09-11,SH600584,0.0498056523501873,EXP_LinearModel_Alpha158_csi300_custom_step0_s_20260911_16,2ef653517254420e82d12e3c293d0d0f,0.085,,,
583,2026-09-11,SH600570,-0.05249013006687164,EXP_LinearModel_Alpha158_csi300_custom_step0_s_20260911_16,2ef653517254420e82d12e3c293d0d0f,0.085,,,
584,2026-09-11,SH600549,-0.10621927678585052,EXP_LinearModel_Alpha158_csi300_custom_step0_s_20260911_16,2ef653517254420e82d12e3c293d0d0f,0.085,,,
585,2026-09-11,SH600547,-0.03274930641055107,EXP_LinearModel_Alpha158_csi300_custom_step0_s_20260911_16,2ef653517254420e82d12e3c293d0d0f,0.085,,,
586,2026-09-11,SH600118,0.0029400824569165707,EXP_LinearModel_Alpha158_csi300_custom_step0_s_20260911_16,2ef653517254420e82d12e3c293d0d0f,0.085,,,
587,2026-09-11,SH600522,-0.06268598884344101,EXP_LinearModel_Alpha158_csi300_custom_step0_s_20260911_16,2ef653517254420e82d12e3c293d0d0f,0.085,,,
588,2026-09-11,SH600515,0.011426876299083233,EXP_LinearModel_Alpha158_csi300_custom_step0_s_20260911_16,2ef653517254420e82d12e3c293d0d0f,0.085,,,
589,2026-09-11,SH600489,-0.055947743356227875,EXP_LinearModel_Alpha158_csi300_custom_step0_s_20260911_16,2ef653517254420e82d12e3c293d0d0f,0.085,,,
590,2026-09-11,SH600482,-0.06788365542888641,EXP_LinearModel_Alpha158_csi300_custom_step0_s_20260911_16,2ef653517254420e82d12e3c293d0d0f,0.085,,,
591,2026-09-11,SH600460,-0.01611972600221634,EXP_LinearModel_Alpha158_csi300_custom_step0_s_20260911_16,2ef653517254420e82d12e3c293d0d0f,0.085,,,
592,2026-09-11,SH600438,-0.05285442993044853,EXP_LinearModel_Alpha158_csi300_custom_step0_s_20260911_16,2ef653517254420e82d12e3c293d0d0f,0.085,,,
593,2026-09-11,SH600436,-0.006692023482173681,EXP_LinearModel_Alpha158_csi300_custom_step0_s_20260911_16,2ef653517254420e82d12e3c293d0d0f,0.085,,,
594,2026-09-11,SH600519,0.01561097800731659,EXP_LinearModel_Alpha158_csi300_custom_step0_s_20260911_16,2ef653517254420e82d12e3c293d0d0f,0.085,,,
595,2026-09-11,SH600600,-0.04634357616305351,EXP_LinearModel_Alpha158_csi300_custom_step0_s_20260911_16,2ef653517254420e82d12e3c293d0d0f,0.085,,,
596,2026-09-11,SH600115,0.03616868704557419,EXP_LinearModel_Alpha158_csi300_custom_step0_s_20260911_16,2ef653517254420e82d12e3c293d0d0f,0.085,,,
597,2026-09-11,SH600104,0.03422359377145767,EXP_LinearModel_Alpha158_csi300_custom_step0_s_20260911_16,2ef653517254420e82d12e3c293d0d0f,0.085,,,
598,2026-09-11,SZ300896,-0.1270037236817649,EXP_DEnsembleModel_Alpha158_csi300_custom_step0_s_20260911_16,ddbd9d9d28da40678dc72052e40c0d00,0.033,,,
599,2026-09-11,SZ300999,0.005658510801701205,EXP_DEnsembleModel_Alpha158_csi300_custom_step0_s_20260911_16,ddbd9d9d28da40678dc72052e40c0d00,0.033,,,
600,2026-09-11,SZ301165,0.04810086363000191,EXP_DEnsembleModel_Alpha158_csi300_custom_step0_s_20260911_16,ddbd9d9d28da40678dc72052e40c0d00,0.033,,,
601,2026-09-11,SZ301236,-0.13950988607971962,EXP_DEnsembleModel_Alpha158_csi300_custom_step0_s_20260911_16,ddbd9d9d28da40678dc72052e40c0d00,0.033,,,
602,2026-09-11,SZ301269,-0.11024869141462172,EXP_DEnsembleModel_Alpha158_csi300_custom_step0_s_20260911_16,ddbd9d9d28da40678dc72052e40c0d00,0.033,,,
603,2026-09-11,SZ301308,-0.002696360051863679,EXP_DEnsembleModel_Alpha158_csi300_custom_step0_s_20260911_16,ddbd9d9d28da40678dc72052e40c0d00,0.033,,,
604,2026-09-11,SZ302132,-0.09842351628951147,EXP_DEnsembleModel_Alpha158_csi300_custom_step0_s_20260911_16,ddbd9d9d28da40678dc72052e40c0d00,0.033,,,
605,2026-09-11,SH600000,0.001315462402999401,EXP_LinearModel_Alpha158_csi300_custom_step0_s_20260911_16,2ef653517254420e82d12e3c293d0d0f,0.085,,,
606,2026-09-11,SH600009,-0.003196660429239273,EXP_LinearModel_Alpha158_csi300_custom_step0_s_20260911_16,2ef653517254420e82d12e3c293d0d0f,0.085,,,
607,2026-09-11,SH600010,-0.041547320783138275,EXP_LinearModel_Alpha158_csi300_custom_step0_s_20260911_16,2ef653517254420e82d12e3c293d0d0f,0.085,,,
608,2026-09-11,SH600011,-0.0021621622145175934,EXP_LinearModel_Alpha158_csi300_custom_step0_s_20260911_16,2ef653517254420e82d12e3c293d0d0f,0.085,,,
609,2026-09-11,SH600015,-0.0003999148029834032,EXP_LinearModel_Alpha158_csi300_custom_step0_s_20260911_16,2ef653517254420e82d12e3c293d0d0f,0.085,,,
610,2026-09-11,SH600016,0.09699038416147232,EXP_LinearModel_Alpha158_csi300_custom_step0_s_20260911_16,2ef653517254420e82d12e3c293d0d0f,0.085,,,
611,2026-09-11,SH600018,0.074539914727211,EXP_LinearModel_Alpha158_csi300_custom_step0_s_20260911_16,2ef653517254420e82d12e3c293d0d0f,0.085,,,
612,2026-09-11,SH600019,0.038591980934143066,EXP_LinearModel_Alpha158_csi300_custom_step0_s_20260911_16,2ef653517254420e82d12e3c293d0d0f,0.085,,,
613,2026-09-11,SH600023,0.008013124577701092,EXP_LinearModel_Alpha158_csi300_custom_step0_s_20260911_16,2ef653517254420e82d12e3c293d0d0f,0.085,,,
614,2026-09-11,SH600025,0.03005198761820793,EXP_LinearModel_Alpha158_csi300_custom_step0_s_20260911_16,2ef653517254420e82d12e3c293d0d0f,0.085,,,
615,2026-09-11,SH600089,-0.014617507345974445,EXP_LinearModel_Alpha158_csi300_custom_step0_s_20260911_16,2ef653517254420e82d12e3c293d0d0f,0.085,,,
616,2026-09-11,SH600085,-0.005084894597530365,EXP_LinearModel_Alpha158_csi300_custom_step0_s_20260911_16,2ef653517254420e82d12e3c293d0d0f,0.085,,,
617,2026-09-11,SH600066,-0.026826519519090652,EXP_LinearModel_Alpha158_csi300_custom_step0_s_20260911_16,2ef653517254420e82d12e3c293d0d0f,0.085,,,
618,2026-09-11,SH600061,0.019240770488977432,EXP_LinearModel_Alpha158_csi300_custom_step0_s_20260911_16,2ef653517254420e82d12e3c293d0d0f,0.085,,,
619,2026-09-11,SH600050,0.004304018337279558,EXP_LinearModel_Alpha158_csi300_custom_step0_s_20260911_16,2ef653517254420e82d12e3c293d0d0f,0.085,,,
620,2026-09-11,SH600048,0.003453244920819998,EXP_LinearModel_Alpha158_csi300_custom_step0_s_20260911_16,2ef653517254420e82d12e3c293d0d0f,0.085,,,
621,2026-09-11,SH600111,-0.03347291797399521,EXP_LinearModel_Alpha158_csi300_custom_step0_s_20260911_16,2ef653517254420e82d12e3c293d0d0f,0.085,,,
622,2026-09-11,SH600039,-0.004530101548880339,EXP_LinearModel_Alpha158_csi300_custom_step0_s_20260911_16,2ef653517254420e82d12e3c293d0d0f,0.085,,,
623,2026-09-11,SH600031,-0.006617352366447449,EXP_LinearModel_Alpha158_csi300_custom_step0_s_20260911_16,2ef653517254420e82d12e3c293d0d0f,0.085,,,
624,2026-09-11,SH600030,0.006504371762275696,EXP_LinearModel_Alpha158_csi300_custom_step0_s_20260911_16,2ef653517254420e82d12e3c293d0d0f,0.085,,,
625,2026-09-11,SH600029,-0.005574267823249102,EXP_LinearModel_Alpha158_csi300_custom_step0_s_20260911_16,2ef653517254420e82d12e3c293d0d0f,0.085,,,
626,2026-09-11,SH600028,0.03617001697421074,EXP_LinearModel_Alpha158_csi300_custom_step0_s_20260911_16,2ef653517254420e82d12e3c293d0d0f,0.085,,,
627,2026-09-11,SH600027,0.06915375590324402,EXP_LinearModel_Alpha158_csi300_custom_step0_s_20260911_16,2ef653517254420e82d12e3c293d0d0f,0.085,,,
628,2026-09-11,SH600026,-0.08224558085203171,EXP_LinearModel_Alpha158_csi300_custom_step0_s_20260911_16,2ef653517254420e82d12e3c293d0d0f,0.085,,,
629,2026-09-11,SH600036,0.03240678459405899,EXP_LinearModel_Alpha158_csi300_custom_step0_s_20260911_16,2ef653517254420e82d12e3c293d0d0f,0.085,,,
630,2026-09-11,SZ300866,-0.03164688329801434,EXP_DEnsembleModel_Alpha158_csi300_custom_step0_s_20260911_16,ddbd9d9d28da40678dc72052e40c0d00,0.033,,,
631,2026-09-11,SH600660,-0.02642308920621872,EXP_LinearModel_Alpha158_csi300_custom_step0_s_20260911_16,2ef653517254420e82d12e3c293d0d0f,0.085,,,
632,2026-09-11,SH600690,0.008920785039663315,EXP_LinearModel_Alpha158_csi300_custom_step0_s_20260911_16,2ef653517254420e82d12e3c293d0d0f,0.085,,,
633,2026-09-11,SH601136,-0.014519261196255684,EXP_LinearModel_Alpha158_csi300_custom_step0_s_20260911_16,2ef653517254420e82d12e3c293d0d0f,0.085,,,
634,2026-09-11,SH601138,-0.05657573044300079,EXP_LinearModel_Alpha158_csi300_custom_step0_s_20260911_16,2ef653517254420e82d12e3c293d0d0f,0.085,,,
635,2026-09-11,SH601166,0.03618086129426956,EXP_LinearModel_Alpha158_csi300_custom_step0_s_20260911_16,2ef653517254420e82d12e3c293d0d0f,0.085,,,
636,2026-09-11,SH601169,0.09805721044540405,EXP_LinearModel_Alpha158_csi300_custom_step0_s_20260911_16,2ef653517254420e82d12e3c293d0d0f,0.085,,,
637,2026-09-11,SH601186,0.020975224673748016,EXP_LinearModel_Alpha158_csi300_custom_step0_s_20260911_16,2ef653517254420e82d12e3c293d0d0f,0.085,,,
638,2026-09-11,SH601211,-0.0020548244938254356,EXP_LinearModel_Alpha158_csi300_custom_step0_s_20260911_16,2ef653517254420e82d12e3c293d0d0f,0.085,,,
639,2026-09-11,SH601225,-0.024173667654395103,EXP_LinearModel_Alpha158_csi300_custom_step0_s_20260911_16,2ef653517254420e82d12e3c293d0d0f,0.085,,,
640,2026-09-11,SH601229,0.07516005635261536,EXP_LinearModel_Alpha158_csi300_custom_step0_s_20260911_16,2ef653517254420e82d12e3c293d0d0f,0.085,,,
641,2026-09-11,SH601238,-0.02629780024290085,EXP_LinearModel_Alpha158_csi300_custom_step0_s_20260911_16,2ef653517254420e82d12e3c293d0d0f,0.085,,,
642,2026-09-11,SH601288,0.04048708826303482,EXP_LinearModel_Alpha158_csi300_custom_step0_s_20260911_16,2ef653517254420e82d12e3c293d0d0f,0.085,,,
643,2026-09-11,SH601318,0.014656110666692257,EXP_LinearModel_Alpha158_csi300_custom_step0_s_20260911_16,2ef653517254420e82d12e3c293d0d0f,0.085,,,
644,2026-09-11,SH601319,0.06833944469690323,EXP_LinearModel_Alpha158_csi300_custom_step0_s_20260911_16,2ef653517254420e82d12e3c293d0d0f,0.085,,,
645,2026-09-11,SH601328,0.016480961814522743,EXP_LinearModel_Alpha158_csi300_custom_step0_s_20260911_16,2ef653517254420e82d12e3c293d0d0f,0.085,,,
646,2026-09-11,SH601336,-0.03707820177078247,EXP_LinearModel_Alpha158_csi300_custom_step0_s_20260911_16,2ef653517254420e82d12e3c293d0d0f,0.085,,,
647,2026-09-11,SH601360,-0.05999826639890671,EXP_LinearModel_Alpha158_csi300_custom_step0_s_20260911_16,2ef653517254420e82d12e3c293d0d0f,0.085,,,
648,2026-09-11,SH601377,0.0312783420085907,EXP_LinearModel_Alpha158_csi300_custom_step0_s_20260911_16,2ef653517254420e82d12e3c293d0d0f,0.085,,,
649,2026-09-11,SH601390,-0.00816213060170412,EXP_LinearModel_Alpha158_csi300_custom_step0_s_20260911_16,2ef653517254420e82d12e3c293d0d0f,0.085,,,
650,2026-09-11,SH601698,-0.001121989917010069,EXP_LinearModel_Alpha158_csi300_custom_step0_s_20260911_16,2ef653517254420e82d12e3c293d0d0f,0.085,,,
651,2026-09-11,SH601689,-0.019466854631900787,EXP_LinearModel_Alpha158_csi300_custom_step0_s_20260911_16,2ef653517254420e82d12e3c293d0d0f,0.085,,,
652,2026-09-11,SH601688,0.02383001521229744,EXP_LinearModel_Alpha158_csi300_custom_step0_s_20260911_16,2ef653517254420e82d12e3c293d0d0f,0.085,,,
653,2026-09-11,SH601669,-0.0068891821429133415,EXP_LinearModel_Alpha158_csi300_custom_step0_s_20260911_16,2ef653517254420e82d12e3c293d0d0f,0.085,,,
654,2026-09-11,SH601668,0.04877129942178726,EXP_LinearModel_Alpha158_csi300_custom_step0_s_20260911_16,2ef653517254420e82d12e3c293d0d0f,0.085,,,
655,2026-09-11,SH601658,0.10291619598865509,EXP_LinearModel_Alpha158_csi300_custom_step0_s_20260911_16,2ef653517254420e82d12e3c293d0d0f,0.085,,,
656,2026-09-11,SH601127,-0.013504169881343842,EXP_LinearModel_Alpha158_csi300_custom_step0_s_20260911_16,2ef653517254420e82d12e3c293d0d0f,0.085,,,
657,2026-09-11,SH601633,-0.06830520927906036,EXP_LinearModel_Alpha158_csi300_custom_step0_s_20260911_16,2ef653517254420e82d12e3c293d0d0f,0.085,,,
658,2026-09-11,SH601618,-0.006174858659505844,EXP_LinearModel_Alpha158_csi300_custom_step0_s_20260911_16,2ef653517254420e82d12e3c293d0d0f,0.085,,,
659,2026-09-11,SH601607,0.014185448177158833,EXP_LinearModel_Alpha158_csi300_custom_step0_s_20260911_16,2ef653517254420e82d12e3c293d0d0f,0.085,,,
660,2026-09-11,SH601601,0.0044387103989720345,EXP_LinearModel_Alpha158_csi300_custom_step0_s_20260911_16,2ef653517254420e82d12e3c293d0d0f,0.085,,,
661,2026-09-11,SH601600,-0.042355362325906754,EXP_LinearModel_Alpha158_csi300_custom_step0_s_20260911_16,2ef653517254420e82d12e3c293d0d0f,0.085,,,
662,2026-09-11,SH601456,-0.04778652265667915,EXP_LinearModel_Alpha158_csi300_custom_step0_s_20260911_16,2ef653517254420e82d12e3c293d0d0f,0.085,,,
663,2026-09-11,SH601398,0.026591841131448746,EXP_LinearModel_Alpha158_csi300_custom_step0_s_20260911_16,2ef653517254420e82d12e3c293d0d0f,0.085,,,
664,2026-09-11,SH601628,-0.016342462971806526,EXP_LinearModel_Alpha158_csi300_custom_step0_s_20260911_16,2ef653517254420e82d12e3c293d0d0f,0.085,,,
665,2026-09-11,SH600674,0.03765473514795303,EXP_LinearModel_Alpha158_csi300_custom_step0_s_20260911_16,2ef653517254420e82d12e3c293d0d0f,0.085,,,
666,2026-09-11,SH601117,-0.020498331636190414,EXP_LinearModel_Alpha158_csi300_custom_step0_s_20260911_16,2ef653517254420e82d12e3c293d0d0f,0.085,,,
667,2026-09-11,SH601100,0.012703469023108482,EXP_LinearModel_Alpha158_csi300_custom_step0_s_20260911_16,2ef653517254420e82d12e3c293d0d0f,0.085,,,
668,2026-09-11,SH600741,0.007344032637774944,EXP_LinearModel_Alpha158_csi300_custom_step0_s_20260911_16,2ef653517254420e82d12e3c293d0d0f,0.085,,,
669,2026-09-11,SH600760,-0.0139772929251194,EXP_LinearModel_Alpha158_csi300_custom_step0_s_20260911_16,2ef653517254420e82d12e3c293d0d0f,0.085,,,
670,2026-09-11,SH600795,-0.019859246909618378,EXP_LinearModel_Alpha158_csi300_custom_step0_s_20260911_16,2ef653517254420e82d12e3c293d0d0f,0.085,,,
671,2026-09-11,SH600803,0.008427852764725685,EXP_LinearModel_Alpha158_csi300_custom_step0_s_20260911_16,2ef653517254420e82d12e3c293d0d0f,0.085,,,
672,2026-09-11,SH600809,-0.04157113656401634,EXP_LinearModel_Alpha158_csi300_custom_step0_s_20260911_16,2ef653517254420e82d12e3c293d0d0f,0.085,,,
673,2026-09-11,SH600845,-0.029418833553791046,EXP_LinearModel_Alpha158_csi300_custom_step0_s_20260911_16,2ef653517254420e82d12e3c293d0d0f,0.085,,,
674,2026-09-11,SH600875,-0.08758438378572464,EXP_LinearModel_Alpha158_csi300_custom_step0_s_20260911_16,2ef653517254420e82d12e3c293d0d0f,0.085,,,
675,2026-09-11,SH600886,0.07386519014835358,EXP_LinearModel_Alpha158_csi300_custom_step0_s_20260911_16,2ef653517254420e82d12e3c293d0d0f,0.085,,,
676,2026-09-11,SH600887,0.06520750373601913,EXP_LinearModel_Alpha158_csi300_custom_step0_s_20260911_16,2ef653517254420e82d12e3c293d0d0f,0.085,,,
677,2026-09-11,SH600893,-0.06992325186729431,EXP_LinearModel_Alpha158_csi300_custom_step0_s_20260911_16,2ef653517254420e82d12e3c293d0d0f,0.085,,,
678,2026-09-11,SH600900,0.03740426152944565,EXP_LinearModel_Alpha158_csi300_custom_step0_s_20260911_16,2ef653517254420e82d12e3c293d0d0f,0.085,,,
679,2026-09-11,SH600905,0.02905275672674179,EXP_LinearModel_Alpha158_csi300_custom_step0_s_20260911_16,2ef653517254420e82d12e3c293d0d0f,0.085,,,
680,2026-09-11,SH600918,-0.014758596196770668,EXP_LinearModel_Alpha158_csi300_custom_step0_s_20260911_16,2ef653517254420e82d12e3c293d0d0f,0.085,,,
681,2026-09-11,SH600919,0.005643495358526707,EXP_LinearModel_Alpha158_csi300_custom_step0_s_20260911_16,2ef653517254420e82d12e3c293d0d0f,0.085,,,
682,2026-09-11,SH600926,0.02776891365647316,EXP_LinearModel_Alpha158_csi300_custom_step0_s_20260911_16,2ef653517254420e82d12e3c293d0d0f,0.085,,,
683,2026-09-11,SH600930,0.005300271324813366,EXP_LinearModel_Alpha158_csi300_custom_step0_s_20260911_16,2ef653517254420e82d12e3c293d0d0f,0.085,,,
684,2026-09-11,SH600938,-0.024915024638175964,EXP_LinearModel_Alpha158_csi300_custom_step0_s_20260911_16,2ef653517254420e82d12e3c293d0d0f,0.085,,,
685,2026-09-11,SH601088,-0.027427276596426964,EXP_LinearModel_Alpha158_csi300_custom_step0_s_20260911_16,2ef653517254420e82d12e3c293d0d0f,0.085,,,
686,2026-09-11,SH601077,0.06331945955753326,EXP_LinearModel_Alpha158_csi300_custom_step0_s_20260911_16,2ef653517254420e82d12e3c293d0d0f,0.085,,,
687,2026-09-11,SH601066,0.0413142591714859,EXP_LinearModel_Alpha158_csi300_custom_step0_s_20260911_16,2ef653517254420e82d12e3c293d0d0f,0.085,,,
688,2026-09-11,SH601059,-0.018832549452781677,EXP_LinearModel_Alpha158_csi300_custom_step0_s_20260911_16,2ef653517254420e82d12e3c293d0d0f,0.085,,,
689,2026-09-11,SH601058,0.014188311994075775,EXP_LinearModel_Alpha158_csi300_custom_step0_s_20260911_16,2ef653517254420e82d12e3c293d0d0f,0.085,,,
690,2026-09-11,SH601021,-0.004735874943435192,EXP_LinearModel_Alpha158_csi300_custom_step0_s_20260911_16,2ef653517254420e82d12e3c293d0d0f,0.085,,,
691,2026-09-11,SH601111,0.03528879955410957,EXP_LinearModel_Alpha158_csi300_custom_step0_s_20260911_16,2ef653517254420e82d12e3c293d0d0f,0.085,,,
692,2026-09-11,SH601018,0.055059850215911865,EXP_LinearModel_Alpha158_csi300_custom_step0_s_20260911_16,2ef653517254420e82d12e3c293d0d0f,0.085,,,
693,2026-09-11,SH601009,0.006314584985375404,EXP_LinearModel_Alpha158_csi300_custom_step0_s_20260911_16,2ef653517254420e82d12e3c293d0d0f,0.085,,,
694,2026-09-11,SH601006,0.06567535549402237,EXP_LinearModel_Alpha158_csi300_custom_step0_s_20260911_16,2ef653517254420e82d12e3c293d0d0f,0.085,,,
695,2026-09-11,SH600999,0.020588651299476624,EXP_LinearModel_Alpha158_csi300_custom_step0_s_20260911_16,2ef653517254420e82d12e3c293d0d0f,0.085,,,
696,2026-09-11,SH600989,-0.027270393446087837,EXP_LinearModel_Alpha158_csi300_custom_step0_s_20260911_16,2ef653517254420e82d12e3c293d0d0f,0.085,,,
697,2026-09-11,SH600958,-0.010470446199178696,EXP_LinearModel_Alpha158_csi300_custom_step0_s_20260911_16,2ef653517254420e82d12e3c293d0d0f,0.085,,,
698,2026-09-11,SH600941,-0.022382602095603943,EXP_LinearModel_Alpha158_csi300_custom_step0_s_20260911_16,2ef653517254420e82d12e3c293d0d0f,0.085,,,
699,2026-09-11,SH601012,-0.03508947417140007,EXP_LinearModel_Alpha158_csi300_custom_step0_s_20260911_16,2ef653517254420e82d12e3c293d0d0f,0.085,,,
700,2026-09-11,SZ300832,0.011215712643147734,EXP_DEnsembleModel_Alpha158_csi300_custom_step0_s_20260911_16,ddbd9d9d28da40678dc72052e40c0d00,0.033,,,
701,2026-09-11,SZ300803,-0.14775261010695076,EXP_DEnsembleModel_Alpha158_csi300_custom_step0_s_20260911_16,ddbd9d9d28da40678dc72052e40c0d00,0.033,,,
702,2026-09-11,SZ300760,0.014056511927285116,EXP_DEnsembleModel_Alpha158_csi300_custom_step0_s_20260911_16,ddbd9d9d28da40678dc72052e40c0d00,0.033,,,
703,2026-09-11,SH688521,0.11311695585683244,EXP_DEnsembleModel_Alpha158_csi300_custom_step0_s_20260911_16,ddbd9d9d28da40678dc72052e40c0d00,0.033,,,
704,2026-09-11,SH688981,-0.0433421548662198,EXP_DEnsembleModel_Alpha158_csi300_custom_step0_s_20260911_16,ddbd9d9d28da40678dc72052e40c0d00,0.033,,,
705,2026-09-11,SZ000001,0.05607855885641123,EXP_DEnsembleModel_Alpha158_csi300_custom_step0_s_20260911_16,ddbd9d9d28da40678dc72052e40c0d00,0.033,,,
706,2026-09-11,SZ000002,-0.08305010844478063,EXP_DEnsembleModel_Alpha158_csi300_custom_step0_s_20260911_16,ddbd9d9d28da40678dc72052e40c0d00,0.033,,,
707,2026-09-11,SZ000063,-0.11548433560979976,EXP_DEnsembleModel_Alpha158_csi300_custom_step0_s_20260911_16,ddbd9d9d28da40678dc72052e40c0d00,0.033,,,
708,2026-09-11,SZ000100,-0.07728644654499571,EXP_DEnsembleModel_Alpha158_csi300_custom_step0_s_20260911_16,ddbd9d9d28da40678dc72052e40c0d00,0.033,,,
709,2026-09-11,SZ000157,-0.03384385586178503,EXP_DEnsembleModel_Alpha158_csi300_custom_step0_s_20260911_16,ddbd9d9d28da40678dc72052e40c0d00,0.033,,,
710,2026-09-11,SZ000166,0.010575565562306348,EXP_DEnsembleModel_Alpha158_csi300_custom_step0_s_20260911_16,ddbd9d9d28da40678dc72052e40c0d00,0.033,,,
711,2026-09-11,SZ000301,-0.03352495001288847,EXP_DEnsembleModel_Alpha158_csi300_custom_step0_s_20260911_16,ddbd9d9d28da40678dc72052e40c0d00,0.033,,,
712,2026-09-11,SZ000333,0.07777631096308665,EXP_DEnsembleModel_Alpha158_csi300_custom_step0_s_20260911_16,ddbd9d9d28da40678dc72052e40c0d00,0.033,,,
713,2026-09-11,SZ000338,-0.022685202138028195,EXP_DEnsembleModel_Alpha158_csi300_custom_step0_s_20260911_16,ddbd9d9d28da40678dc72052e40c0d00,0.033,,,
714,2026-09-11,SZ000408,-0.034984866064477566,EXP_DEnsembleModel_Alpha158_csi300_custom_step0_s_20260911_16,ddbd9d9d28da40678dc72052e40c0d00,0.033,,,
715,2026-09-11,SZ000425,-0.0425007164595497,EXP_DEnsembleModel_Alpha158_csi300_custom_step0_s_20260911_16,ddbd9d9d28da40678dc72052e40c0d00,0.033,,,
716,2026-09-11,SZ000538,0.13340282794127178,EXP_DEnsembleModel_Alpha158_csi300_custom_step0_s_20260911_16,ddbd9d9d28da40678dc72052e40c0d00,0.033,,,
717,2026-09-11,SZ000568,-0.08842028803060793,EXP_DEnsembleModel_Alpha158_csi300_custom_step0_s_20260911_16,ddbd9d9d28da40678dc72052e40c0d00,0.033,,,
718,2026-09-11,SZ000596,-0.05734051830035745,EXP_DEnsembleModel_Alpha158_csi300_custom_step0_s_20260911_16,ddbd9d9d28da40678dc72052e40c0d00,0.033,,,
719,2026-09-11,SZ000617,-0.049812482587704286,EXP_DEnsembleModel_Alpha158_csi300_custom_step0_s_20260911_16,ddbd9d9d28da40678dc72052e40c0d00,0.033,,,
720,2026-09-11,SZ000963,-0.09444000752621966,EXP_DEnsembleModel_Alpha158_csi300_custom_step0_s_20260911_16,ddbd9d9d28da40678dc72052e40c0d00,0.033,,,
721,2026-09-11,SZ000938,-0.03632478591278864,EXP_DEnsembleModel_Alpha158_csi300_custom_step0_s_20260911_16,ddbd9d9d28da40678dc72052e40c0d00,0.033,,,
722,2026-09-11,SZ000895,-0.019657947217031436,EXP_DEnsembleModel_Alpha158_csi300_custom_step0_s_20260911_16,ddbd9d9d28da40678dc72052e40c0d00,0.033,,,
723,2026-09-11,SZ000858,-0.0008175698517548501,EXP_DEnsembleModel_Alpha158_csi300_custom_step0_s_20260911_16,ddbd9d9d28da40678dc72052e40c0d00,0.033,,,
724,2026-09-11,SZ000807,-0.07875266102366539,EXP_DEnsembleModel_Alpha158_csi300_custom_step0_s_20260911_16,ddbd9d9d28da40678dc72052e40c0d00,0.033,,,
725,2026-09-11,SZ000792,-0.038079560238841605,EXP_DEnsembleModel_Alpha158_csi300_custom_step0_s_20260911_16,ddbd9d9d28da40678dc72052e40c0d00,0.033,,,
726,2026-09-11,SH688506,0.12367457369093181,EXP_DEnsembleModel_Alpha158_csi300_custom_step0_s_20260911_16,ddbd9d9d28da40678dc72052e40c0d00,0.033,,,
727,2026-09-11,SZ000776,-0.10418112755363065,EXP_DEnsembleModel_Alpha158_csi300_custom_step0_s_20260911_16,ddbd9d9d28da40678dc72052e40c0d00,0.033,,,
728,2026-09-11,SZ000725,-0.05180718662919776,EXP_DEnsembleModel_Alpha158_csi300_custom_step0_s_20260911_16,ddbd9d9d28da40678dc72052e40c0d00,0.033,,,
729,2026-09-11,SZ000708,0.07093752662255226,EXP_DEnsembleModel_Alpha158_csi300_custom_step0_s_20260911_16,ddbd9d9d28da40678dc72052e40c0d00,0.033,,,
730,2026-09-11,SZ000657,0.07298354655473839,EXP_DEnsembleModel_Alpha158_csi300_custom_step0_s_20260911_16,ddbd9d9d28da40678dc72052e40c0d00,0.033,,,
731,2026-09-11,SZ000651,0.07864035296808726,EXP_DEnsembleModel_Alpha158_csi300_custom_step0_s_20260911_16,ddbd9d9d28da40678dc72052e40c0d00,0.033,,,
732,2026-09-11,SZ000630,-0.0792449827275562,EXP_DEnsembleModel_Alpha158_csi300_custom_step0_s_20260911_16,ddbd9d9d28da40678dc72052e40c0d00,0.033,,,
733,2026-09-11,SZ000625,0.038534779987968,EXP_DEnsembleModel_Alpha158_csi300_custom_step0_s_20260911_16,ddbd9d9d28da40678dc72052e40c0d00,0.033,,,
734,2026-09-11,SZ000768,0.0013136454489996064,EXP_DEnsembleModel_Alpha158_csi300_custom_step0_s_20260911_16,ddbd9d9d28da40678dc72052e40c0d00,0.033,,,
735,2026-09-11,SZ000975,0.03876754673943608,EXP_DEnsembleModel_Alpha158_csi300_custom_step0_s_20260911_16,ddbd9d9d28da40678dc72052e40c0d00,0.033,,,
736,2026-09-11,SH688472,0.1145178003747834,EXP_DEnsembleModel_Alpha158_csi300_custom_step0_s_20260911_16,ddbd9d9d28da40678dc72052e40c0d00,0.033,,,
737,2026-09-11,SH688303,-0.05008126765801356,EXP_DEnsembleModel_Alpha158_csi300_custom_step0_s_20260911_16,ddbd9d9d28da40678dc72052e40c0d00,0.033,,,
738,2026-09-11,SH601988,0.09229380669544489,EXP_DEnsembleModel_Alpha158_csi300_custom_step0_s_20260911_16,ddbd9d9d28da40678dc72052e40c0d00,0.033,,,
739,2026-09-11,SH601995,-0.040320545919308254,EXP_DEnsembleModel_Alpha158_csi300_custom_step0_s_20260911_16,ddbd9d9d28da40678dc72052e40c0d00,0.033,,,
740,2026-09-11,SH601998,0.06929913655883148,EXP_DEnsembleModel_Alpha158_csi300_custom_step0_s_20260911_16,ddbd9d9d28da40678dc72052e40c0d00,0.033,,,
741,2026-09-11,SH603019,-0.10414333862729601,EXP_DEnsembleModel_Alpha158_csi300_custom_step0_s_20260911_16,ddbd9d9d28da40678dc72052e40c0d00,0.033,,,
742,2026-09-11,SH603259,-0.0400983346283884,EXP_DEnsembleModel_Alpha158_csi300_custom_step0_s_20260911_16,ddbd9d9d28da40678dc72052e40c0d00,0.033,,,
743,2026-09-11,SH603260,-0.04927272674764084,EXP_DEnsembleModel_Alpha158_csi300_custom_step0_s_20260911_16,ddbd9d9d28da40678dc72052e40c0d00,0.033,,,
744,2026-09-11,SH603288,0.015038319091284103,EXP_DEnsembleModel_Alpha158_csi300_custom_step0_s_20260911_16,ddbd9d9d28da40678dc72052e40c0d00,0.033,,,
745,2026-09-11,SH603296,-0.07243949350830602,EXP_DEnsembleModel_Alpha158_csi300_custom_step0_s_20260911_16,ddbd9d9d28da40678dc72052e40c0d00,0.033,,,
746,2026-09-11,SH603369,-0.08733182354953639,EXP_DEnsembleModel_Alpha158_csi300_custom_step0_s_20260911_16,ddbd9d9d28da40678dc72052e40c0d00,0.033,,,
747,2026-09-11,SH603392,-0.09974511615366613,EXP_DEnsembleModel_Alpha158_csi300_custom_step0_s_20260911_16,ddbd9d9d28da40678dc72052e40c0d00,0.033,,,
748,2026-09-11,SH603501,-0.03976435701852658,EXP_DEnsembleModel_Alpha158_csi300_custom_step0_s_20260911_16,ddbd9d9d28da40678dc72052e40c0d00,0.033,,,
749,2026-09-11,SH603799,-0.07916007613863554,EXP_DEnsembleModel_Alpha158_csi300_custom_step0_s_20260911_16,ddbd9d9d28da40678dc72052e40c0d00,0.033,,,
750,2026-09-11,SH603893,-0.10093261443596449,EXP_DEnsembleModel_Alpha158_csi300_custom_step0_s_20260911_16,ddbd9d9d28da40678dc72052e40c0d00,0.033,,,
751,2026-09-11,SH603986,-0.04276265652037916,EXP_DEnsembleModel_Alpha158_csi300_custom_step0_s_20260911_16,ddbd9d9d28da40678dc72052e40c0d00,0.033,,,
752,2026-09-11,SH603993,-0.10425941943589188,EXP_DEnsembleModel_Alpha158_csi300_custom_step0_s_20260911_16,ddbd9d9d28da40678dc72052e40c0d00,0.033,,,
753,2026-09-11,SH605117,-0.16780546192868348,EXP_DEnsembleModel_Alpha158_csi300_custom_step0_s_20260911_16,ddbd9d9d28da40678dc72052e40c0d00,0.033,,,
754,2026-09-11,SH605499,-0.0827507309464129,EXP_DEnsembleModel_Alpha158_csi300_custom_step0_s_20260911_16,ddbd9d9d28da40678dc72052e40c0d00,0.033,,,
755,2026-09-11,SH688271,-0.0507815767063849,EXP_DEnsembleModel_Alpha158_csi300_custom_step0_s_20260911_16,ddbd9d9d28da40678dc72052e40c0d00,0.033,,,
756,2026-09-11,SH688256,-0.12099176365250634,EXP_DEnsembleModel_Alpha158_csi300_custom_step0_s_20260911_16,ddbd9d9d28da40678dc72052e40c0d00,0.033,,,
757,2026-09-11,SH688223,0.00726701919482097,EXP_DEnsembleModel_Alpha158_csi300_custom_step0_s_20260911_16,ddbd9d9d28da40678dc72052e40c0d00,0.033,,,
758,2026-09-11,SH688183,-0.04635966825974297,EXP_DEnsembleModel_Alpha158_csi300_custom_step0_s_20260911_16,ddbd9d9d28da40678dc72052e40c0d00,0.033,,,
759,2026-09-11,SH688126,-0.020339950774981866,EXP_DEnsembleModel_Alpha158_csi300_custom_step0_s_20260911_16,ddbd9d9d28da40678dc72052e40c0d00,0.033,,,
760,2026-09-11,SH688111,-0.12311905449029124,EXP_DEnsembleModel_Alpha158_csi300_custom_step0_s_20260911_16,ddbd9d9d28da40678dc72052e40c0d00,0.033,,,
761,2026-09-11,SH688396,-0.07731036677202777,EXP_DEnsembleModel_Alpha158_csi300_custom_step0_s_20260911_16,ddbd9d9d28da40678dc72052e40c0d00,0.033,,,
762,2026-09-11,SH688082,0.019963697526779792,EXP_DEnsembleModel_Alpha158_csi300_custom_step0_s_20260911_16,ddbd9d9d28da40678dc72052e40c0d00,0.033,,,
763,2026-09-11,SH688047,-0.1363632710839628,EXP_DEnsembleModel_Alpha158_csi300_custom_step0_s_20260911_16,ddbd9d9d28da40678dc72052e40c0d00,0.033,,,
764,2026-09-11,SH688041,0.09183117444061295,EXP_DEnsembleModel_Alpha158_csi300_custom_step0_s_20260911_16,ddbd9d9d28da40678dc72052e40c0d00,0.033,,,
765,2026-09-11,SH688036,-0.1324751538617636,EXP_DEnsembleModel_Alpha158_csi300_custom_step0_s_20260911_16,ddbd9d9d28da40678dc72052e40c0d00,0.033,,,
766,2026-09-11,SH688012,-0.10634313386042041,EXP_DEnsembleModel_Alpha158_csi300_custom_step0_s_20260911_16,ddbd9d9d28da40678dc72052e40c0d00,0.033,,,
767,2026-09-11,SH688009,0.02984892282205927,EXP_DEnsembleModel_Alpha158_csi300_custom_step0_s_20260911_16,ddbd9d9d28da40678dc72052e40c0d00,0.033,,,
768,2026-09-11,SH688008,0.034136638074782344,EXP_DEnsembleModel_Alpha158_csi300_custom_step0_s_20260911_16,ddbd9d9d28da40678dc72052e40c0d00,0.033,,,
769,2026-09-11,SH688072,0.013937582693913507,EXP_DEnsembleModel_Alpha158_csi300_custom_step0_s_20260911_16,ddbd9d9d28da40678dc72052e40c0d00,0.033,,,
770,2026-09-11,SZ000977,-0.08641366498346904,EXP_DEnsembleModel_Alpha158_csi300_custom_step0_s_20260911_16,ddbd9d9d28da40678dc72052e40c0d00,0.033,,,
771,2026-09-11,SZ000988,-0.05803841287970058,EXP_DEnsembleModel_Alpha158_csi300_custom_step0_s_20260911_16,ddbd9d9d28da40678dc72052e40c0d00,0.033,,,
772,2026-09-11,SZ000999,0.06245402039159655,EXP_DEnsembleModel_Alpha158_csi300_custom_step0_s_20260911_16,ddbd9d9d28da40678dc72052e40c0d00,0.033,,,
773,2026-09-11,SZ002709,-0.0033007697104007598,EXP_DEnsembleModel_Alpha158_csi300_custom_step0_s_20260911_16,ddbd9d9d28da40678dc72052e40c0d00,0.033,,,
774,2026-09-11,SZ002714,0.006837043888049429,EXP_DEnsembleModel_Alpha158_csi300_custom_step0_s_20260911_16,ddbd9d9d28da40678dc72052e40c0d00,0.033,,,
775,2026-09-11,SZ002736,-0.0032969402240745505,EXP_DEnsembleModel_Alpha158_csi300_custom_step0_s_20260911_16,ddbd9d9d28da40678dc72052e40c0d00,0.033,,,
776,2026-09-11,SZ002837,0.12994945168413655,EXP_DEnsembleModel_Alpha158_csi300_custom_step0_s_20260911_16,ddbd9d9d28da40678dc72052e40c0d00,0.033,,,
777,2026-09-11,SZ002916,-0.08922396851545644,EXP_DEnsembleModel_Alpha158_csi300_custom_step0_s_20260911_16,ddbd9d9d28da40678dc72052e40c0d00,0.033,,,
778,2026-09-11,SZ002920,-0.15106543630258304,EXP_DEnsembleModel_Alpha158_csi300_custom_step0_s_20260911_16,ddbd9d9d28da40678dc72052e40c0d00,0.033,,,
779,2026-09-11,SZ002938,-0.04119653552375175,EXP_DEnsembleModel_Alpha158_csi300_custom_step0_s_20260911_16,ddbd9d9d28da40678dc72052e40c0d00,0.033,,,
780,2026-09-11,SZ003816,0.10001112489418089,EXP_DEnsembleModel_Alpha158_csi300_custom_step0_s_20260911_16,ddbd9d9d28da40678dc72052e40c0d00,0.033,,,
781,2026-09-11,SZ300014,-0.006974373971482106,EXP_DEnsembleModel_Alpha158_csi300_custom_step0_s_20260911_16,ddbd9d9d28da40678dc72052e40c0d00,0.033,,,
782,2026-09-11,SZ300015,-0.030926191780584592,EXP_DEnsembleModel_Alpha158_csi300_custom_step0_s_20260911_16,ddbd9d9d28da40678dc72052e40c0d00,0.033,,,
783,2026-09-11,SZ300033,-0.19114544439464876,EXP_DEnsembleModel_Alpha158_csi300_custom_step0_s_20260911_16,ddbd9d9d28da40678dc72052e40c0d00,0.033,,,
784,2026-09-11,SZ300059,-0.09705715935990342,EXP_DEnsembleModel_Alpha158_csi300_custom_step0_s_20260911_16,ddbd9d9d28da40678dc72052e40c0d00,0.033,,,
785,2026-09-11,SZ300122,-0.07876305944715066,EXP_DEnsembleModel_Alpha158_csi300_custom_step0_s_20260911_16,ddbd9d9d28da40678dc72052e40c0d00,0.033,,,
786,2026-09-11,SZ300124,-0.12793516711877076,EXP_DEnsembleModel_Alpha158_csi300_custom_step0_s_20260911_16,ddbd9d9d28da40678dc72052e40c0d00,0.033,,,
787,2026-09-11,SZ300251,-0.09056796177171794,EXP_DEnsembleModel_Alpha158_csi300_custom_step0_s_20260911_16,ddbd9d9d28da40678dc72052e40c0d00,0.033,,,
788,2026-09-11,SZ300274,0.1427711844095715,EXP_DEnsembleModel_Alpha158_csi300_custom_step0_s_20260911_16,ddbd9d9d28da40678dc72052e40c0d00,0.033,,,
789,2026-09-11,SZ300308,-0.011974366151581097,EXP_DEnsembleModel_Alpha158_csi300_custom_step0_s_20260911_16,ddbd9d9d28da40678dc72052e40c0d00,0.033,,,
790,2026-09-11,SZ300750,0.0987625149957192,EXP_DEnsembleModel_Alpha158_csi300_custom_step0_s_20260911_16,ddbd9d9d28da40678dc72052e40c0d00,0.033,,,
791,2026-09-11,SZ300661,-0.14542556871604376,EXP_DEnsembleModel_Alpha158_csi300_custom_step0_s_20260911_16,ddbd9d9d28da40678dc72052e40c0d00,0.033,,,
792,2026-09-11,SZ300628,0.028951969497453,EXP_DEnsembleModel_Alpha158_csi300_custom_step0_s_20260911_16,ddbd9d9d28da40678dc72052e40c0d00,0.033,,,
793,2026-09-11,SZ300502,-0.1288204085273073,EXP_DEnsembleModel_Alpha158_csi300_custom_step0_s_20260911_16,ddbd9d9d28da40678dc72052e40c0d00,0.033,,,
794,2026-09-11,SZ300498,0.047876034325814304,EXP_DEnsembleModel_Alpha158_csi300_custom_step0_s_20260911_16,ddbd9d9d28da40678dc72052e40c0d00,0.033,,,
795,2026-09-11,SZ300476,0.18648223381918969,EXP_DEnsembleModel_Alpha158_csi300_custom_step0_s_20260911_16,ddbd9d9d28da40678dc72052e40c0d00,0.033,,,
796,2026-09-11,SZ002648,-0.01555031110995784,EXP_DEnsembleModel_Alpha158_csi300_custom_step0_s_20260911_16,ddbd9d9d28da40678dc72052e40c0d00,0.033,,,
797,2026-09-11,SZ300450,-0.05677950438508611,EXP_DEnsembleModel_Alpha158_csi300_custom_step0_s_20260911_16,ddbd9d9d28da40678dc72052e40c0d00,0.033,,,
798,2026-09-11,SZ300433,-0.05322584980411147,EXP_DEnsembleModel_Alpha158_csi300_custom_step0_s_20260911_16,ddbd9d9d28da40678dc72052e40c0d00,0.033,,,
799,2026-09-11,SZ300418,-0.13099891649096984,EXP_DEnsembleModel_Alpha158_csi300_custom_step0_s_20260911_16,ddbd9d9d28da40678dc72052e40c0d00,0.033,,,
800,2026-09-11,SZ300413,0.345485045945365,EXP_DEnsembleModel_Alpha158_csi300_custom_step0_s_20260911_16,ddbd9d9d28da40678dc72052e40c0d00,0.033,,,
801,2026-09-11,SZ300408,0.10117048362120024,EXP_DEnsembleModel_Alpha158_csi300_custom_step0_s_20260911_16,ddbd9d9d28da40678dc72052e40c0d00,0.033,,,
802,2026-09-11,SZ300394,-0.01650686595787834,EXP_DEnsembleModel_Alpha158_csi300_custom_step0_s_20260911_16,ddbd9d9d28da40678dc72052e40c0d00,0.033,,,
803,2026-09-11,SZ300316,-0.08911068196089669,EXP_DEnsembleModel_Alpha158_csi300_custom_step0_s_20260911_16,ddbd9d9d28da40678dc72052e40c0d00,0.033,,,
804,2026-09-11,SZ300442,-0.12922179088914232,EXP_DEnsembleModel_Alpha158_csi300_custom_step0_s_20260911_16,ddbd9d9d28da40678dc72052e40c0d00,0.033,,,
805,2026-09-11,SZ002625,-0.02921250593051432,EXP_DEnsembleModel_Alpha158_csi300_custom_step0_s_20260911_16,ddbd9d9d28da40678dc72052e40c0d00,0.033,,,
806,2026-09-11,SZ002602,-0.002345306448507619,EXP_DEnsembleModel_Alpha158_csi300_custom_step0_s_20260911_16,ddbd9d9d28da40678dc72052e40c0d00,0.033,,,
807,2026-09-11,SZ002600,-0.11099757324735623,EXP_DEnsembleModel_Alpha158_csi300_custom_step0_s_20260911_16,ddbd9d9d28da40678dc72052e40c0d00,0.033,,,
808,2026-09-11,SZ002230,-0.025146931339323456,EXP_DEnsembleModel_Alpha158_csi300_custom_step0_s_20260911_16,ddbd9d9d28da40678dc72052e40c0d00,0.033,,,
809,2026-09-11,SZ002202,0.007555865576809563,EXP_DEnsembleModel_Alpha158_csi300_custom_step0_s_20260911_16,ddbd9d9d28da40678dc72052e40c0d00,0.033,,,
810,2026-09-11,SZ002179,-0.025689928389836008,EXP_DEnsembleModel_Alpha158_csi300_custom_step0_s_20260911_16,ddbd9d9d28da40678dc72052e40c0d00,0.033,,,
811,2026-09-11,SZ002142,-0.005886588143627461,EXP_DEnsembleModel_Alpha158_csi300_custom_step0_s_20260911_16,ddbd9d9d28da40678dc72052e40c0d00,0.033,,,
812,2026-09-11,SZ002074,-0.11536414225440667,EXP_DEnsembleModel_Alpha158_csi300_custom_step0_s_20260911_16,ddbd9d9d28da40678dc72052e40c0d00,0.033,,,
813,2026-09-11,SZ002050,-0.08727363898219032,EXP_DEnsembleModel_Alpha158_csi300_custom_step0_s_20260911_16,ddbd9d9d28da40678dc72052e40c0d00,0.033,,,
814,2026-09-11,SZ002236,-0.019634678437196403,EXP_DEnsembleModel_Alpha158_csi300_custom_step0_s_20260911_16,ddbd9d9d28da40678dc72052e40c0d00,0.033,,,
815,2026-09-11,SZ002049,-0.08515648351411155,EXP_DEnsembleModel_Alpha158_csi300_custom_step0_s_20260911_16,ddbd9d9d28da40678dc72052e40c0d00,0.033,,,
816,2026-09-11,SZ002027,0.012842619523415543,EXP_DEnsembleModel_Alpha158_csi300_custom_step0_s_20260911_16,ddbd9d9d28da40678dc72052e40c0d00,0.033,,,
817,2026-09-11,SZ002001,0.033558192087192226,EXP_DEnsembleModel_Alpha158_csi300_custom_step0_s_20260911_16,ddbd9d9d28da40678dc72052e40c0d00,0.033,,,
818,2026-09-11,SZ001979,0.0470631379019401,EXP_DEnsembleModel_Alpha158_csi300_custom_step0_s_20260911_16,ddbd9d9d28da40678dc72052e40c0d00,0.033,,,
819,2026-09-11,SZ001965,0.0661301782247657,EXP_DEnsembleModel_Alpha158_csi300_custom_step0_s_20260911_16,ddbd9d9d28da40678dc72052e40c0d00,0.033,,,
820,2026-09-11,SZ001391,-0.02860828291230038,EXP_DEnsembleModel_Alpha158_csi300_custom_step0_s_20260911_16,ddbd9d9d28da40678dc72052e40c0d00,0.033,,,
821,2026-09-11,SZ001280,-0.150389126554853,EXP_DEnsembleModel_Alpha158_csi300_custom_step0_s_20260911_16,ddbd9d9d28da40678dc72052e40c0d00,0.033,,,
822,2026-09-11,SZ002028,0.0889601338009622,EXP_DEnsembleModel_Alpha158_csi300_custom_step0_s_20260911_16,ddbd9d9d28da40678dc72052e40c0d00,0.033,,,
823,2026-09-11,SH601727,0.001636238768696785,EXP_LinearModel_Alpha158_csi300_custom_step0_s_20260911_16,2ef653517254420e82d12e3c293d0d0f,0.085,,,
824,2026-09-11,SZ002241,-0.1231235064170156,EXP_DEnsembleModel_Alpha158_csi300_custom_step0_s_20260911_16,ddbd9d9d28da40678dc72052e40c0d00,0.033,,,
825,2026-09-11,SZ002311,0.039466102134713264,EXP_DEnsembleModel_Alpha158_csi300_custom_step0_s_20260911_16,ddbd9d9d28da40678dc72052e40c0d00,0.033,,,
826,2026-09-11,SZ002594,0.030344122580923366,EXP_DEnsembleModel_Alpha158_csi300_custom_step0_s_20260911_16,ddbd9d9d28da40678dc72052e40c0d00,0.033,,,
827,2026-09-11,SZ002558,-0.08975878254693641,EXP_DEnsembleModel_Alpha158_csi300_custom_step0_s_20260911_16,ddbd9d9d28da40678dc72052e40c0d00,0.033,,,
828,2026-09-11,SZ002532,-0.10476665482698659,EXP_DEnsembleModel_Alpha158_csi300_custom_step0_s_20260911_16,ddbd9d9d28da40678dc72052e40c0d00,0.033,,,
829,2026-09-11,SZ002493,-0.053005860138909955,EXP_DEnsembleModel_Alpha158_csi300_custom_step0_s_20260911_16,ddbd9d9d28da40678dc72052e40c0d00,0.033,,,
830,2026-09-11,SZ002475,-0.13052749138960215,EXP_DEnsembleModel_Alpha158_csi300_custom_step0_s_20260911_16,ddbd9d9d28da40678dc72052e40c0d00,0.033,,,
831,2026-09-11,SZ002466,-0.05338414610624658,EXP_DEnsembleModel_Alpha158_csi300_custom_step0_s_20260911_16,ddbd9d9d28da40678dc72052e40c0d00,0.033,,,
832,2026-09-11,SZ002304,-0.03468620583266954,EXP_DEnsembleModel_Alpha158_csi300_custom_step0_s_20260911_16,ddbd9d9d28da40678dc72052e40c0d00,0.033,,,
833,2026-09-11,SZ002463,-0.06585040238299443,EXP_DEnsembleModel_Alpha158_csi300_custom_step0_s_20260911_16,ddbd9d9d28da40678dc72052e40c0d00,0.033,,,
834,2026-09-11,SZ002422,0.0631654700712641,EXP_DEnsembleModel_Alpha158_csi300_custom_step0_s_20260911_16,ddbd9d9d28da40678dc72052e40c0d00,0.033,,,
835,2026-09-11,SZ002415,0.03170807342673336,EXP_DEnsembleModel_Alpha158_csi300_custom_step0_s_20260911_16,ddbd9d9d28da40678dc72052e40c0d00,0.033,,,
836,2026-09-11,SZ002384,-0.033097143150999424,EXP_DEnsembleModel_Alpha158_csi300_custom_step0_s_20260911_16,ddbd9d9d28da40678dc72052e40c0d00,0.033,,,
837,2026-09-11,SZ002371,-0.06373532819466873,EXP_DEnsembleModel_Alpha158_csi300_custom_step0_s_20260911_16,ddbd9d9d28da40678dc72052e40c0d00,0.033,,,
838,2026-09-11,SZ002353,0.2257461557933624,EXP_DEnsembleModel_Alpha158_csi300_custom_step0_s_20260911_16,ddbd9d9d28da40678dc72052e40c0d00,0.033,,,
839,2026-09-11,SZ002352,0.0007104555105652426,EXP_DEnsembleModel_Alpha158_csi300_custom_step0_s_20260911_16,ddbd9d9d28da40678dc72052e40c0d00,0.033,,,
840,2026-09-11,SZ002460,-0.01954666018646469,EXP_DEnsembleModel_Alpha158_csi300_custom_step0_s_20260911_16,ddbd9d9d28da40678dc72052e40c0d00,0.033,,,
841,2026-09-11,SH601728,-0.024788951501250267,EXP_LinearModel_Alpha158_csi300_custom_step0_s_20260911_16,2ef653517254420e82d12e3c293d0d0f,0.085,,,
842,2026-09-11,SH601766,-0.017452232539653778,EXP_LinearModel_Alpha158_csi300_custom_step0_s_20260911_16,2ef653517254420e82d12e3c293d0d0f,0.085,,,
843,2026-09-11,SH601788,-0.04681685194373131,EXP_LinearModel_Alpha158_csi300_custom_step0_s_20260911_16,2ef653517254420e82d12e3c293d0d0f,0.085,,,
844,2026-09-11,SH600025,0.008855008520185947,EXP_LinearModel_Alpha158_csi300_custom_step0_s_20260911_16,c155ab4eb0f542b6b439d1b82a186d83,0.087,,,
845,2026-09-11,SH600026,-0.07438543438911438,EXP_LinearModel_Alpha158_csi300_custom_step0_s_20260911_16,c155ab4eb0f542b6b439d1b82a186d83,0.087,,,
846,2026-09-11,SH600027,0.07874824106693268,EXP_LinearModel_Alpha158_csi300_custom_step0_s_20260911_16,c155ab4eb0f542b6b439d1b82a186d83,0.087,,,
847,2026-09-11,SH600028,0.06112855300307274,EXP_LinearModel_Alpha158_csi300_custom_step0_s_20260911_16,c155ab4eb0f542b6b439d1b82a186d83,0.087,,,
848,2026-09-11,SH600029,-0.02443106099963188,EXP_LinearModel_Alpha158_csi300_custom_step0_s_20260911_16,c155ab4eb0f542b6b439d1b82a186d83,0.087,,,
849,2026-09-11,SH600030,-0.016141626983880997,EXP_LinearModel_Alpha158_csi300_custom_step0_s_20260911_16,c155ab4eb0f542b6b439d1b82a186d83,0.087,,,
850,2026-09-11,SH600031,0.008307384327054024,EXP_LinearModel_Alpha158_csi300_custom_step0_s_20260911_16,c155ab4eb0f542b6b439d1b82a186d83,0.087,,,
851,2026-09-11,SH600036,0.013952577486634254,EXP_LinearModel_Alpha158_csi300_custom_step0_s_20260911_16,c155ab4eb0f542b6b439d1b82a186d83,0.087,,,
852,2026-09-11,SH600039,-0.010064652189612389,EXP_LinearModel_Alpha158_csi300_custom_step0_s_20260911_16,c155ab4eb0f542b6b439d1b82a186d83,0.087,,,
853,2026-09-11,SH600048,-0.014512166380882263,EXP_LinearModel_Alpha158_csi300_custom_step0_s_20260911_16,c155ab4eb0f542b6b439d1b82a186d83,0.087,,,
854,2026-09-11,SH600050,-0.05370583385229111,EXP_LinearModel_Alpha158_csi300_custom_step0_s_20260911_16,c155ab4eb0f542b6b439d1b82a186d83,0.087,,,
855,2026-09-11,SH600061,0.007329549174755812,EXP_LinearModel_Alpha158_csi300_custom_step0_s_20260911_16,c155ab4eb0f542b6b439d1b82a186d83,0.087,,,
856,2026-09-11,SH600066,-0.0453806035220623,EXP_LinearModel_Alpha158_csi300_custom_step0_s_20260911_16,c155ab4eb0f542b6b439d1b82a186d83,0.087,,,
857,2026-09-11,SH600085,-0.0031922662165015936,EXP_LinearModel_Alpha158_csi300_custom_step0_s_20260911_16,c155ab4eb0f542b6b439d1b82a186d83,0.087,,,
858,2026-09-11,SH600089,-0.0080916378647089,EXP_LinearModel_Alpha158_csi300_custom_step0_s_20260911_16,c155ab4eb0f542b6b439d1b82a186d83,0.087,,,
859,2026-09-11,SH600104,0.027788130566477776,EXP_LinearModel_Alpha158_csi300_custom_step0_s_20260911_16,c155ab4eb0f542b6b439d1b82a186d83,0.087,,,
860,2026-09-11,SH600111,-0.06247114762663841,EXP_LinearModel_Alpha158_csi300_custom_step0_s_20260911_16,c155ab4eb0f542b6b439d1b82a186d83,0.087,,,
861,2026-09-11,SH600346,-0.03304886072874069,EXP_LinearModel_Alpha158_csi300_custom_step0_s_20260911_16,c155ab4eb0f542b6b439d1b82a186d83,0.087,,,
862,2026-09-11,SH600309,0.019554831087589264,EXP_LinearModel_Alpha158_csi300_custom_step0_s_20260911_16,c155ab4eb0f542b6b439d1b82a186d83,0.087,,,
863,2026-09-11,SH600276,0.05472833290696144,EXP_LinearModel_Alpha158_csi300_custom_step0_s_20260911_16,c155ab4eb0f542b6b439d1b82a186d83,0.087,,,
864,2026-09-11,SH600233,-0.010150352492928505,EXP_LinearModel_Alpha158_csi300_custom_step0_s_20260911_16,c155ab4eb0f542b6b439d1b82a186d83,0.087,,,
865,2026-09-11,SH600221,0.07389684021472931,EXP_LinearModel_Alpha158_csi300_custom_step0_s_20260911_16,c155ab4eb0f542b6b439d1b82a186d83,0.087,,,
866,2026-09-11,SH600219,-0.010231067426502705,EXP_LinearModel_Alpha158_csi300_custom_step0_s_20260911_16,c155ab4eb0f542b6b439d1b82a186d83,0.087,,,
867,2026-09-11,SH600023,0.0023113125935196877,EXP_LinearModel_Alpha158_csi300_custom_step0_s_20260911_16,c155ab4eb0f542b6b439d1b82a186d83,0.087,,,
868,2026-09-11,SH600196,0.008972205221652985,EXP_LinearModel_Alpha158_csi300_custom_step0_s_20260911_16,c155ab4eb0f542b6b439d1b82a186d83,0.087,,,
869,2026-09-11,SH600183,-0.14060215651988983,EXP_LinearModel_Alpha158_csi300_custom_step0_s_20260911_16,c155ab4eb0f542b6b439d1b82a186d83,0.087,,,
870,2026-09-11,SH600176,-0.1350795328617096,EXP_LinearModel_Alpha158_csi300_custom_step0_s_20260911_16,c155ab4eb0f542b6b439d1b82a186d83,0.087,,,
871,2026-09-11,SH600160,-0.04506339877843857,EXP_LinearModel_Alpha158_csi300_custom_step0_s_20260911_16,c155ab4eb0f542b6b439d1b82a186d83,0.087,,,
872,2026-09-11,SH600150,0.03973517566919327,EXP_LinearModel_Alpha158_csi300_custom_step0_s_20260911_16,c155ab4eb0f542b6b439d1b82a186d83,0.087,,,
873,2026-09-11,SH600118,-0.007297318894416094,EXP_LinearModel_Alpha158_csi300_custom_step0_s_20260911_16,c155ab4eb0f542b6b439d1b82a186d83,0.087,,,
874,2026-09-11,SH600115,-0.0017179292626678944,EXP_LinearModel_Alpha158_csi300_custom_step0_s_20260911_16,c155ab4eb0f542b6b439d1b82a186d83,0.087,,,
875,2026-09-11,SH600188,-0.04009502753615379,EXP_LinearModel_Alpha158_csi300_custom_step0_s_20260911_16,c155ab4eb0f542b6b439d1b82a186d83,0.087,,,
876,2026-09-11,SH600362,-0.086337611079216,EXP_LinearModel_Alpha158_csi300_custom_step0_s_20260911_16,c155ab4eb0f542b6b439d1b82a186d83,0.087,,,
877,2026-09-11,SH600019,0.038506750017404556,EXP_LinearModel_Alpha158_csi300_custom_step0_s_20260911_16,c155ab4eb0f542b6b439d1b82a186d83,0.087,,,
878,2026-09-11,SH600016,0.0797278881072998,EXP_LinearModel_Alpha158_csi300_custom_step0_s_20260911_16,c155ab4eb0f542b6b439d1b82a186d83,0.087,,,
879,2026-09-11,SZ300308,-0.0685238316655159,EXP_LinearModel_Alpha158_csi300_custom_step0_s_20260911_16,2ef653517254420e82d12e3c293d0d0f,0.085,,,
880,2026-09-11,SZ300316,-0.029056666418910027,EXP_LinearModel_Alpha158_csi300_custom_step0_s_20260911_16,2ef653517254420e82d12e3c293d0d0f,0.085,,,
881,2026-09-11,SZ300394,-0.11896979063749313,EXP_LinearModel_Alpha158_csi300_custom_step0_s_20260911_16,2ef653517254420e82d12e3c293d0d0f,0.085,,,
882,2026-09-11,SZ300408,-0.11006705462932587,EXP_LinearModel_Alpha158_csi300_custom_step0_s_20260911_16,2ef653517254420e82d12e3c293d0d0f,0.085,,,
883,2026-09-11,SZ300413,0.033063553273677826,EXP_LinearModel_Alpha158_csi300_custom_step0_s_20260911_16,2ef653517254420e82d12e3c293d0d0f,0.085,,,
884,2026-09-11,SZ300418,-0.003509356640279293,EXP_LinearModel_Alpha158_csi300_custom_step0_s_20260911_16,2ef653517254420e82d12e3c293d0d0f,0.085,,,
885,2026-09-11,SZ300433,-0.08754326403141022,EXP_LinearModel_Alpha158_csi300_custom_step0_s_20260911_16,2ef653517254420e82d12e3c293d0d0f,0.085,,,
886,2026-09-11,SZ300442,-0.008461123332381248,EXP_LinearModel_Alpha158_csi300_custom_step0_s_20260911_16,2ef653517254420e82d12e3c293d0d0f,0.085,,,
887,2026-09-11,SZ300450,-0.1008940041065216,EXP_LinearModel_Alpha158_csi300_custom_step0_s_20260911_16,2ef653517254420e82d12e3c293d0d0f,0.085,,,
888,2026-09-11,SZ300476,-0.0573895238339901,EXP_LinearModel_Alpha158_csi300_custom_step0_s_20260911_16,2ef653517254420e82d12e3c293d0d0f,0.085,,,
889,2026-09-11,SZ300498,0.025525016710162163,EXP_LinearModel_Alpha158_csi300_custom_step0_s_20260911_16,2ef653517254420e82d12e3c293d0d0f,0.085,,,
890,2026-09-11,SZ300502,-0.03796200454235077,EXP_LinearModel_Alpha158_csi300_custom_step0_s_20260911_16,2ef653517254420e82d12e3c293d0d0f,0.085,,,
891,2026-09-11,SZ300628,-0.03768688067793846,EXP_LinearModel_Alpha158_csi300_custom_step0_s_20260911_16,2ef653517254420e82d12e3c293d0d0f,0.085,,,
892,2026-09-11,SZ300661,-0.04897921532392502,EXP_LinearModel_Alpha158_csi300_custom_step0_s_20260911_16,2ef653517254420e82d12e3c293d0d0f,0.085,,,
893,2026-09-11,SZ300750,-0.002858842723071575,EXP_LinearModel_Alpha158_csi300_custom_step0_s_20260911_16,2ef653517254420e82d12e3c293d0d0f,0.085,,,
894,2026-09-11,SZ300760,0.011755678802728653,EXP_LinearModel_Alpha158_csi300_custom_step0_s_20260911_16,2ef653517254420e82d12e3c293d0d0f,0.085,,,
895,2026-09-11,SZ300803,-0.07287533581256866,EXP_LinearModel_Alpha158_csi300_custom_step0_s_20260911_16,2ef653517254420e82d12e3c293d0d0f,0.085,,,
896,2026-09-11,SH600015,-0.009551705792546272,EXP_LinearModel_Alpha158_csi300_custom_step0_s_20260911_16,c155ab4eb0f542b6b439d1b82a186d83,0.087,,,
897,2026-09-11,SH600011,0.0084703853353858,EXP_LinearModel_Alpha158_csi300_custom_step0_s_20260911_16,c155ab4eb0f542b6b439d1b82a186d83,0.087,,,
898,2026-09-11,SH600010,-0.060648173093795776,EXP_LinearModel_Alpha158_csi300_custom_step0_s_20260911_16,c155ab4eb0f542b6b439d1b82a186d83,0.087,,,
899,2026-09-11,SH600009,-0.019283831119537354,EXP_LinearModel_Alpha158_csi300_custom_step0_s_20260911_16,c155ab4eb0f542b6b439d1b82a186d83,0.087,,,
900,2026-09-11,SH600000,-0.017227156087756157,EXP_LinearModel_Alpha158_csi300_custom_step0_s_20260911_16,c155ab4eb0f542b6b439d1b82a186d83,0.087,,,
901,2026-09-11,SZ302132,-0.035994596779346466,EXP_LinearModel_Alpha158_csi300_custom_step0_s_20260911_16,2ef653517254420e82d12e3c293d0d0f,0.085,,,
902,2026-09-11,SH600018,0.07232917845249176,EXP_LinearModel_Alpha158_csi300_custom_step0_s_20260911_16,c155ab4eb0f542b6b439d1b82a186d83,0.087,,,
903,2026-09-11,SZ301308,-0.023106340318918228,EXP_LinearModel_Alpha158_csi300_custom_step0_s_20260911_16,2ef653517254420e82d12e3c293d0d0f,0.085,,,
904,2026-09-11,SZ301236,-0.014531001448631287,EXP_LinearModel_Alpha158_csi300_custom_step0_s_20260911_16,2ef653517254420e82d12e3c293d0d0f,0.085,,,
905,2026-09-11,SZ301165,-0.01495019719004631,EXP_LinearModel_Alpha158_csi300_custom_step0_s_20260911_16,2ef653517254420e82d12e3c293d0d0f,0.085,,,
906,2026-09-11,SZ300999,-0.0008797193877398968,EXP_LinearModel_Alpha158_csi300_custom_step0_s_20260911_16,2ef653517254420e82d12e3c293d0d0f,0.085,,,
907,2026-09-11,SZ300896,-0.01857517659664154,EXP_LinearModel_Alpha158_csi300_custom_step0_s_20260911_16,2ef653517254420e82d12e3c293d0d0f,0.085,,,
908,2026-09-11,SZ300866,0.01649148017168045,EXP_LinearModel_Alpha158_csi300_custom_step0_s_20260911_16,2ef653517254420e82d12e3c293d0d0f,0.085,,,
909,2026-09-11,SZ300832,-0.005313541274517775,EXP_LinearModel_Alpha158_csi300_custom_step0_s_20260911_16,2ef653517254420e82d12e3c293d0d0f,0.085,,,
910,2026-09-11,SZ301269,-0.029419219121336937,EXP_LinearModel_Alpha158_csi300_custom_step0_s_20260911_16,2ef653517254420e82d12e3c293d0d0f,0.085,,,
911,2026-09-11,SH600372,0.000112924724817276,EXP_LinearModel_Alpha158_csi300_custom_step0_s_20260911_16,c155ab4eb0f542b6b439d1b82a186d83,0.087,,,
912,2026-09-11,SH600406,-0.03040638566017151,EXP_LinearModel_Alpha158_csi300_custom_step0_s_20260911_16,c155ab4eb0f542b6b439d1b82a186d83,0.087,,,
913,2026-09-11,SH600415,-0.001926638651639223,EXP_LinearModel_Alpha158_csi300_custom_step0_s_20260911_16,c155ab4eb0f542b6b439d1b82a186d83,0.087,,,
914,2026-09-11,SH600941,-0.03501075133681297,EXP_LinearModel_Alpha158_csi300_custom_step0_s_20260911_16,c155ab4eb0f542b6b439d1b82a186d83,0.087,,,
915,2026-09-11,SH600958,-0.032500311732292175,EXP_LinearModel_Alpha158_csi300_custom_step0_s_20260911_16,c155ab4eb0f542b6b439d1b82a186d83,0.087,,,
916,2026-09-11,SH600989,-0.0026230053044855595,EXP_LinearModel_Alpha158_csi300_custom_step0_s_20260911_16,c155ab4eb0f542b6b439d1b82a186d83,0.087,,,
917,2026-09-11,SH600999,-0.010877497494220734,EXP_LinearModel_Alpha158_csi300_custom_step0_s_20260911_16,c155ab4eb0f542b6b439d1b82a186d83,0.087,,,
918,2026-09-11,SH601006,0.0703047588467598,EXP_LinearModel_Alpha158_csi300_custom_step0_s_20260911_16,c155ab4eb0f542b6b439d1b82a186d83,0.087,,,
919,2026-09-11,SH601009,0.023057693615555763,EXP_LinearModel_Alpha158_csi300_custom_step0_s_20260911_16,c155ab4eb0f542b6b439d1b82a186d83,0.087,,,
920,2026-09-11,SH601012,-0.01068396121263504,EXP_LinearModel_Alpha158_csi300_custom_step0_s_20260911_16,c155ab4eb0f542b6b439d1b82a186d83,0.087,,,
921,2026-09-11,SH601018,0.07418486475944519,EXP_LinearModel_Alpha158_csi300_custom_step0_s_20260911_16,c155ab4eb0f542b6b439d1b82a186d83,0.087,,,
922,2026-09-11,SH601021,-0.0025977473706007004,EXP_LinearModel_Alpha158_csi300_custom_step0_s_20260911_16,c155ab4eb0f542b6b439d1b82a186d83,0.087,,,
923,2026-09-11,SH601058,0.013478787615895271,EXP_LinearModel_Alpha158_csi300_custom_step0_s_20260911_16,c155ab4eb0f542b6b439d1b82a186d83,0.087,,,
924,2026-09-11,SH601059,-0.04859449341893196,EXP_LinearModel_Alpha158_csi300_custom_step0_s_20260911_16,c155ab4eb0f542b6b439d1b82a186d83,0.087,,,
925,2026-09-11,SH601066,0.0017688269726932049,EXP_LinearModel_Alpha158_csi300_custom_step0_s_20260911_16,c155ab4eb0f542b6b439d1b82a186d83,0.087,,,
926,2026-09-11,SH601077,0.05507411062717438,EXP_LinearModel_Alpha158_csi300_custom_step0_s_20260911_16,c155ab4eb0f542b6b439d1b82a186d83,0.087,,,
927,2026-09-11,SH601088,-0.006923983339220285,EXP_LinearModel_Alpha158_csi300_custom_step0_s_20260911_16,c155ab4eb0f542b6b439d1b82a186d83,0.087,,,
928,2026-09-11,SH601100,-0.014666154980659485,EXP_LinearModel_Alpha158_csi300_custom_step0_s_20260911_16,c155ab4eb0f542b6b439d1b82a186d83,0.087,,,
929,2026-09-11,SH601111,-0.0038964857812970877,EXP_LinearModel_Alpha158_csi300_custom_step0_s_20260911_16,c155ab4eb0f542b6b439d1b82a186d83,0.087,,,
930,2026-09-11,SH601117,-0.026001693680882454,EXP_LinearModel_Alpha158_csi300_custom_step0_s_20260911_16,c155ab4eb0f542b6b439d1b82a186d83,0.087,,,
931,2026-09-11,SH601328,0.022311188280582428,EXP_LinearModel_Alpha158_csi300_custom_step0_s_20260911_16,c155ab4eb0f542b6b439d1b82a186d83,0.087,,,
932,2026-09-11,SH601319,0.039433520287275314,EXP_LinearModel_Alpha158_csi300_custom_step0_s_20260911_16,c155ab4eb0f542b6b439d1b82a186d83,0.087,,,
933,2026-09-11,SH601318,0.014075797982513905,EXP_LinearModel_Alpha158_csi300_custom_step0_s_20260911_16,c155ab4eb0f542b6b439d1b82a186d83,0.087,,,
934,2026-09-11,SH601288,0.04484325647354126,EXP_LinearModel_Alpha158_csi300_custom_step0_s_20260911_16,c155ab4eb0f542b6b439d1b82a186d83,0.087,,,
935,2026-09-11,SH601238,-0.03814733028411865,EXP_LinearModel_Alpha158_csi300_custom_step0_s_20260911_16,c155ab4eb0f542b6b439d1b82a186d83,0.087,,,
936,2026-09-11,SH601229,0.07578030228614807,EXP_LinearModel_Alpha158_csi300_custom_step0_s_20260911_16,c155ab4eb0f542b6b439d1b82a186d83,0.087,,,
937,2026-09-11,SH600938,0.0020863180980086327,EXP_LinearModel_Alpha158_csi300_custom_step0_s_20260911_16,c155ab4eb0f542b6b439d1b82a186d83,0.087,,,
938,2026-09-11,SH601225,0.004989441949874163,EXP_LinearModel_Alpha158_csi300_custom_step0_s_20260911_16,c155ab4eb0f542b6b439d1b82a186d83,0.087,,,
939,2026-09-11,SH601186,0.01641305722296238,EXP_LinearModel_Alpha158_csi300_custom_step0_s_20260911_16,c155ab4eb0f542b6b439d1b82a186d83,0.087,,,
940,2026-09-11,SH601169,0.06545595079660416,EXP_LinearModel_Alpha158_csi300_custom_step0_s_20260911_16,c155ab4eb0f542b6b439d1b82a186d83,0.087,,,
941,2026-09-11,SH601166,-0.0283607579767704,EXP_LinearModel_Alpha158_csi300_custom_step0_s_20260911_16,c155ab4eb0f542b6b439d1b82a186d83,0.087,,,
942,2026-09-11,SH601138,-0.0650046169757843,EXP_LinearModel_Alpha158_csi300_custom_step0_s_20260911_16,c155ab4eb0f542b6b439d1b82a186d83,0.087,,,
943,2026-09-11,SH601136,-0.048826321959495544,EXP_LinearModel_Alpha158_csi300_custom_step0_s_20260911_16,c155ab4eb0f542b6b439d1b82a186d83,0.087,,,
944,2026-09-11,SH601127,-0.04189341515302658,EXP_LinearModel_Alpha158_csi300_custom_step0_s_20260911_16,c155ab4eb0f542b6b439d1b82a186d83,0.087,,,
945,2026-09-11,SH601211,-0.015982020646333694,EXP_LinearModel_Alpha158_csi300_custom_step0_s_20260911_16,c155ab4eb0f542b6b439d1b82a186d83,0.087,,,
946,2026-09-11,SH600930,-0.016207991167902946,EXP_LinearModel_Alpha158_csi300_custom_step0_s_20260911_16,c155ab4eb0f542b6b439d1b82a186d83,0.087,,,
947,2026-09-11,SH600926,0.032531872391700745,EXP_LinearModel_Alpha158_csi300_custom_step0_s_20260911_16,c155ab4eb0f542b6b439d1b82a186d83,0.087,,,
948,2026-09-11,SH600919,0.007428803015500307,EXP_LinearModel_Alpha158_csi300_custom_step0_s_20260911_16,c155ab4eb0f542b6b439d1b82a186d83,0.087,,,
949,2026-09-11,SH600585,-0.01799926906824112,EXP_LinearModel_Alpha158_csi300_custom_step0_s_20260911_16,c155ab4eb0f542b6b439d1b82a186d83,0.087,,,
950,2026-09-11,SH600584,0.0475950613617897,EXP_LinearModel_Alpha158_csi300_custom_step0_s_20260911_16,c155ab4eb0f542b6b439d1b82a186d83,0.087,,,
951,2026-09-11,SH600570,-0.08685151487588882,EXP_LinearModel_Alpha158_csi300_custom_step0_s_20260911_16,c155ab4eb0f542b6b439d1b82a186d83,0.087,,,
952,2026-09-11,SH600549,-0.2078719139099121,EXP_LinearModel_Alpha158_csi300_custom_step0_s_20260911_16,c155ab4eb0f542b6b439d1b82a186d83,0.087,,,
953,2026-09-11,SH600547,-0.018609384074807167,EXP_LinearModel_Alpha158_csi300_custom_step0_s_20260911_16,c155ab4eb0f542b6b439d1b82a186d83,0.087,,,
954,2026-09-11,SH600522,-0.21459141373634338,EXP_LinearModel_Alpha158_csi300_custom_step0_s_20260911_16,c155ab4eb0f542b6b439d1b82a186d83,0.087,,,
955,2026-09-11,SH600588,0.003765094093978405,EXP_LinearModel_Alpha158_csi300_custom_step0_s_20260911_16,c155ab4eb0f542b6b439d1b82a186d83,0.087,,,
956,2026-09-11,SH600519,-0.04112626239657402,EXP_LinearModel_Alpha158_csi300_custom_step0_s_20260911_16,c155ab4eb0f542b6b439d1b82a186d83,0.087,,,
957,2026-09-11,SH600489,-0.026714181527495384,EXP_LinearModel_Alpha158_csi300_custom_step0_s_20260911_16,c155ab4eb0f542b6b439d1b82a186d83,0.087,,,
958,2026-09-11,SH600482,-0.07620809227228165,EXP_LinearModel_Alpha158_csi300_custom_step0_s_20260911_16,c155ab4eb0f542b6b439d1b82a186d83,0.087,,,
959,2026-09-11,SH600460,-0.09933555126190186,EXP_LinearModel_Alpha158_csi300_custom_step0_s_20260911_16,c155ab4eb0f542b6b439d1b82a186d83,0.087,,,
960,2026-09-11,SH600438,-0.021327422931790352,EXP_LinearModel_Alpha158_csi300_custom_step0_s_20260911_16,c155ab4eb0f542b6b439d1b82a186d83,0.087,,,
961,2026-09-11,SH600436,0.002191745676100254,EXP_LinearModel_Alpha158_csi300_custom_step0_s_20260911_16,c155ab4eb0f542b6b439d1b82a186d83,0.087,,,
962,2026-09-11,SH600426,-0.026391644030809402,EXP_LinearModel_Alpha158_csi300_custom_step0_s_20260911_16,c155ab4eb0f542b6b439d1b82a186d83,0.087,,,
963,2026-09-11,SH600515,0.023778170347213745,EXP_LinearModel_Alpha158_csi300_custom_step0_s_20260911_16,c155ab4eb0f542b6b439d1b82a186d83,0.087,,,
964,2026-09-11,SZ300274,0.1298413872718811,EXP_LinearModel_Alpha158_csi300_custom_step0_s_20260911_16,2ef653517254420e82d12e3c293d0d0f,0.085,,,
965,2026-09-11,SH600600,-0.06308753788471222,EXP_LinearModel_Alpha158_csi300_custom_step0_s_20260911_16,c155ab4eb0f542b6b439d1b82a186d83,0.087,,,
966,2026-09-11,SH600674,0.03089945949614048,EXP_LinearModel_Alpha158_csi300_custom_step0_s_20260911_16,c155ab4eb0f542b6b439d1b82a186d83,0.087,,,
967,2026-09-11,SH600918,-0.0500381737947464,EXP_LinearModel_Alpha158_csi300_custom_step0_s_20260911_16,c155ab4eb0f542b6b439d1b82a186d83,0.087,,,
968,2026-09-11,SH600905,0.04462115094065666,EXP_LinearModel_Alpha158_csi300_custom_step0_s_20260911_16,c155ab4eb0f542b6b439d1b82a186d83,0.087,,,
969,2026-09-11,SH600900,0.013535458594560623,EXP_LinearModel_Alpha158_csi300_custom_step0_s_20260911_16,c155ab4eb0f542b6b439d1b82a186d83,0.087,,,
970,2026-09-11,SH600893,-0.045454807579517365,EXP_LinearModel_Alpha158_csi300_custom_step0_s_20260911_16,c155ab4eb0f542b6b439d1b82a186d83,0.087,,,
971,2026-09-11,SH600887,0.03860434144735336,EXP_LinearModel_Alpha158_csi300_custom_step0_s_20260911_16,c155ab4eb0f542b6b439d1b82a186d83,0.087,,,
972,2026-09-11,SH600886,0.0679791048169136,EXP_LinearModel_Alpha158_csi300_custom_step0_s_20260911_16,c155ab4eb0f542b6b439d1b82a186d83,0.087,,,
973,2026-09-11,SH600660,-0.02718036063015461,EXP_LinearModel_Alpha158_csi300_custom_step0_s_20260911_16,c155ab4eb0f542b6b439d1b82a186d83,0.087,,,
974,2026-09-11,SH600875,-0.0957912802696228,EXP_LinearModel_Alpha158_csi300_custom_step0_s_20260911_16,c155ab4eb0f542b6b439d1b82a186d83,0.087,,,
975,2026-09-11,SH600809,-0.0418655201792717,EXP_LinearModel_Alpha158_csi300_custom_step0_s_20260911_16,c155ab4eb0f542b6b439d1b82a186d83,0.087,,,
976,2026-09-11,SH600803,0.021164096891880035,EXP_LinearModel_Alpha158_csi300_custom_step0_s_20260911_16,c155ab4eb0f542b6b439d1b82a186d83,0.087,,,
977,2026-09-11,SH600795,-0.01307835802435875,EXP_LinearModel_Alpha158_csi300_custom_step0_s_20260911_16,c155ab4eb0f542b6b439d1b82a186d83,0.087,,,
978,2026-09-11,SH600760,0.017833847552537918,EXP_LinearModel_Alpha158_csi300_custom_step0_s_20260911_16,c155ab4eb0f542b6b439d1b82a186d83,0.087,,,
979,2026-09-11,SH600741,-0.026771625503897667,EXP_LinearModel_Alpha158_csi300_custom_step0_s_20260911_16,c155ab4eb0f542b6b439d1b82a186d83,0.087,,,
980,2026-09-11,SH600690,-0.03267808258533478,EXP_LinearModel_Alpha158_csi300_custom_step0_s_20260911_16,c155ab4eb0f542b6b439d1b82a186d83,0.087,,,
981,2026-09-11,SH600845,-0.05669107660651207,EXP_LinearModel_Alpha158_csi300_custom_step0_s_20260911_16,c155ab4eb0f542b6b439d1b82a186d83,0.087,,,
982,2026-09-11,SH600900,-0.07365406304597855,EXP_LinearModel_Alpha158_csi300_custom_step0_s_20260911_16,0653c690490f4dd1993de036c3536ece,0.016,,,
983,2026-09-11,SZ300251,-0.02651332877576351,EXP_LinearModel_Alpha158_csi300_custom_step0_s_20260911_16,2ef653517254420e82d12e3c293d0d0f,0.085,,,
984,2026-09-11,SZ300122,-0.016829272732138634,EXP_LinearModel_Alpha158_csi300_custom_step0_s_20260911_16,2ef653517254420e82d12e3c293d0d0f,0.085,,,
985,2026-09-11,SH605499,-0.03781251981854439,EXP_LinearModel_Alpha158_csi300_custom_step0_s_20260911_16,2ef653517254420e82d12e3c293d0d0f,0.085,,,
986,2026-09-11,SH688008,-0.0018496233969926834,EXP_LinearModel_Alpha158_csi300_custom_step0_s_20260911_16,2ef653517254420e82d12e3c293d0d0f,0.085,,,
987,2026-09-11,SH688009,0.010754466988146305,EXP_LinearModel_Alpha158_csi300_custom_step0_s_20260911_16,2ef653517254420e82d12e3c293d0d0f,0.085,,,
988,2026-09-11,SH688012,-0.03043106198310852,EXP_LinearModel_Alpha158_csi300_custom_step0_s_20260911_16,2ef653517254420e82d12e3c293d0d0f,0.085,,,
989,2026-09-11,SH688036,0.009683091193437576,EXP_LinearModel_Alpha158_csi300_custom_step0_s_20260911_16,2ef653517254420e82d12e3c293d0d0f,0.085,,,
990,2026-09-11,SH688041,0.05674724653363228,EXP_LinearModel_Alpha158_csi300_custom_step0_s_20260911_16,2ef653517254420e82d12e3c293d0d0f,0.085,,,
991,2026-09-11,SH688047,0.0005942704156041145,EXP_LinearModel_Alpha158_csi300_custom_step0_s_20260911_16,2ef653517254420e82d12e3c293d0d0f,0.085,,,
992,2026-09-11,SH688072,0.000822901725769043,EXP_LinearModel_Alpha158_csi300_custom_step0_s_20260911_16,2ef653517254420e82d12e3c293d0d0f,0.085,,,
993,2026-09-11,SH688082,-0.010476037859916687,EXP_LinearModel_Alpha158_csi300_custom_step0_s_20260911_16,2ef653517254420e82d12e3c293d0d0f,0.085,,,
994,2026-09-11,SH688111,-0.049575965851545334,EXP_LinearModel_Alpha158_csi300_custom_step0_s_20260911_16,2ef653517254420e82d12e3c293d0d0f,0.085,,,
995,2026-09-11,SH688126,-0.0033810529857873917,EXP_LinearModel_Alpha158_csi300_custom_step0_s_20260911_16,2ef653517254420e82d12e3c293d0d0f,0.085,,,
996,2026-09-11,SH688183,-0.11274058371782303,EXP_LinearModel_Alpha158_csi300_custom_step0_s_20260911_16,2ef653517254420e82d12e3c293d0d0f,0.085,,,
997,2026-09-11,SH688223,-0.010939618572592735,EXP_LinearModel_Alpha158_csi300_custom_step0_s_20260911_16,2ef653517254420e82d12e3c293d0d0f,0.085,,,
998,2026-09-11,SH688256,-0.0056772856041789055,EXP_LinearModel_Alpha158_csi300_custom_step0_s_20260911_16,2ef653517254420e82d12e3c293d0d0f,0.085,,,
999,2026-09-11,SH688271,-0.04043278098106384,EXP_LinearModel_Alpha158_csi300_custom_step0_s_20260911_16,2ef653517254420e82d12e3c293d0d0f,0.085,,,
1000,2026-09-11,SH688303,-0.017590800300240517,EXP_LinearModel_Alpha158_csi300_custom_step0_s_20260911_16,2ef653517254420e82d12e3c293d0d0f,0.085,,,
1001,2026-09-11,SH688396,0.006987464614212513,EXP_LinearModel_Alpha158_csi300_custom_step0_s_20260911_16,2ef653517254420e82d12e3c293d0d0f,0.085,,,
1002,2026-09-11,SZ000408,-0.010174847207963467,EXP_LinearModel_Alpha158_csi300_custom_step0_s_20260911_16,2ef653517254420e82d12e3c293d0d0f,0.085,,,
1003,2026-09-11,SZ000338,-0.043458279222249985,EXP_LinearModel_Alpha158_csi300_custom_step0_s_20260911_16,2ef653517254420e82d12e3c293d0d0f,0.085,,,
1004,2026-09-11,SZ000333,0.005009574815630913,EXP_LinearModel_Alpha158_csi300_custom_step0_s_20260911_16,2ef653517254420e82d12e3c293d0d0f,0.085,,,
1005,2026-09-11,SZ000301,-0.0254187174141407,EXP_LinearModel_Alpha158_csi300_custom_step0_s_20260911_16,2ef653517254420e82d12e3c293d0d0f,0.085,,,
1006,2026-09-11,SZ000166,0.013227066956460476,EXP_LinearModel_Alpha158_csi300_custom_step0_s_20260911_16,2ef653517254420e82d12e3c293d0d0f,0.085,,,
1007,2026-09-11,SZ000157,-0.006362297106534243,EXP_LinearModel_Alpha158_csi300_custom_step0_s_20260911_16,2ef653517254420e82d12e3c293d0d0f,0.085,,,
1008,2026-09-11,SH605117,-0.035748302936553955,EXP_LinearModel_Alpha158_csi300_custom_step0_s_20260911_16,2ef653517254420e82d12e3c293d0d0f,0.085,,,
1009,2026-09-11,SZ000100,-0.042525969445705414,EXP_LinearModel_Alpha158_csi300_custom_step0_s_20260911_16,2ef653517254420e82d12e3c293d0d0f,0.085,,,
1010,2026-09-11,SZ000002,-0.0410895012319088,EXP_LinearModel_Alpha158_csi300_custom_step0_s_20260911_16,2ef653517254420e82d12e3c293d0d0f,0.085,,,
1011,2026-09-11,SZ000001,0.027578601613640785,EXP_LinearModel_Alpha158_csi300_custom_step0_s_20260911_16,2ef653517254420e82d12e3c293d0d0f,0.085,,,
1012,2026-09-11,SH688981,-0.017681367695331573,EXP_LinearModel_Alpha158_csi300_custom_step0_s_20260911_16,2ef653517254420e82d12e3c293d0d0f,0.085,,,
1013,2026-09-11,SH688521,0.010358478873968124,EXP_LinearModel_Alpha158_csi300_custom_step0_s_20260911_16,2ef653517254420e82d12e3c293d0d0f,0.085,,,
1014,2026-09-11,SH688506,0.0807003453373909,EXP_LinearModel_Alpha158_csi300_custom_step0_s_20260911_16,2ef653517254420e82d12e3c293d0d0f,0.085,,,
1015,2026-09-11,SH688472,0.03676008805632591,EXP_LinearModel_Alpha158_csi300_custom_step0_s_20260911_16,2ef653517254420e82d12e3c293d0d0f,0.085,,,
1016,2026-09-11,SZ000063,-0.03749930486083031,EXP_LinearModel_Alpha158_csi300_custom_step0_s_20260911_16,2ef653517254420e82d12e3c293d0d0f,0.085,,,
1017,2026-09-11,SZ000425,-0.06363652646541595,EXP_LinearModel_Alpha158_csi300_custom_step0_s_20260911_16,2ef653517254420e82d12e3c293d0d0f,0.085,,,
1018,2026-09-11,SH603993,0.013143633492290974,EXP_LinearModel_Alpha158_csi300_custom_step0_s_20260911_16,2ef653517254420e82d12e3c293d0d0f,0.085,,,
1019,2026-09-11,SH603893,-0.02259916625916958,EXP_LinearModel_Alpha158_csi300_custom_step0_s_20260911_16,2ef653517254420e82d12e3c293d0d0f,0.085,,,
1020,2026-09-11,SH601800,0.006666673347353935,EXP_LinearModel_Alpha158_csi300_custom_step0_s_20260911_16,2ef653517254420e82d12e3c293d0d0f,0.085,,,
1021,2026-09-11,SH601816,-0.015548286028206348,EXP_LinearModel_Alpha158_csi300_custom_step0_s_20260911_16,2ef653517254420e82d12e3c293d0d0f,0.085,,,
1022,2026-09-11,SH601818,0.04146222025156021,EXP_LinearModel_Alpha158_csi300_custom_step0_s_20260911_16,2ef653517254420e82d12e3c293d0d0f,0.085,,,
1023,2026-09-11,SH601825,0.04658026248216629,EXP_LinearModel_Alpha158_csi300_custom_step0_s_20260911_16,2ef653517254420e82d12e3c293d0d0f,0.085,,,
1024,2026-09-11,SH601838,0.02221992239356041,EXP_LinearModel_Alpha158_csi300_custom_step0_s_20260911_16,2ef653517254420e82d12e3c293d0d0f,0.085,,,
1025,2026-09-11,SH601857,-0.00683983787894249,EXP_LinearModel_Alpha158_csi300_custom_step0_s_20260911_16,2ef653517254420e82d12e3c293d0d0f,0.085,,,
1026,2026-09-11,SH601868,0.010667170397937298,EXP_LinearModel_Alpha158_csi300_custom_step0_s_20260911_16,2ef653517254420e82d12e3c293d0d0f,0.085,,,
1027,2026-09-11,SH601872,-0.08030000329017639,EXP_LinearModel_Alpha158_csi300_custom_step0_s_20260911_16,2ef653517254420e82d12e3c293d0d0f,0.085,,,
1028,2026-09-11,SH601877,0.0012327637523412704,EXP_LinearModel_Alpha158_csi300_custom_step0_s_20260911_16,2ef653517254420e82d12e3c293d0d0f,0.085,,,
1029,2026-09-11,SH601878,-0.006667520385235548,EXP_LinearModel_Alpha158_csi300_custom_step0_s_20260911_16,2ef653517254420e82d12e3c293d0d0f,0.085,,,
1030,2026-09-11,SH601881,0.0003789006732404232,EXP_LinearModel_Alpha158_csi300_custom_step0_s_20260911_16,2ef653517254420e82d12e3c293d0d0f,0.085,,,
1031,2026-09-11,SH601888,-0.03656025975942612,EXP_LinearModel_Alpha158_csi300_custom_step0_s_20260911_16,2ef653517254420e82d12e3c293d0d0f,0.085,,,
1032,2026-09-11,SH601898,-0.043857745826244354,EXP_LinearModel_Alpha158_csi300_custom_step0_s_20260911_16,2ef653517254420e82d12e3c293d0d0f,0.085,,,
1033,2026-09-11,SH601899,-0.032355695962905884,EXP_LinearModel_Alpha158_csi300_custom_step0_s_20260911_16,2ef653517254420e82d12e3c293d0d0f,0.085,,,
1034,2026-09-11,SH601901,0.05742581933736801,EXP_LinearModel_Alpha158_csi300_custom_step0_s_20260911_16,2ef653517254420e82d12e3c293d0d0f,0.085,,,
1035,2026-09-11,SH601916,0.09659373760223389,EXP_LinearModel_Alpha158_csi300_custom_step0_s_20260911_16,2ef653517254420e82d12e3c293d0d0f,0.085,,,
1036,2026-09-11,SH601919,-0.029215142130851746,EXP_LinearModel_Alpha158_csi300_custom_step0_s_20260911_16,2ef653517254420e82d12e3c293d0d0f,0.085,,,
1037,2026-09-11,SH603799,-0.07408586144447327,EXP_LinearModel_Alpha158_csi300_custom_step0_s_20260911_16,2ef653517254420e82d12e3c293d0d0f,0.085,,,
1038,2026-09-11,SH603501,0.03154171258211136,EXP_LinearModel_Alpha158_csi300_custom_step0_s_20260911_16,2ef653517254420e82d12e3c293d0d0f,0.085,,,
1039,2026-09-11,SH603392,-0.030088109895586967,EXP_LinearModel_Alpha158_csi300_custom_step0_s_20260911_16,2ef653517254420e82d12e3c293d0d0f,0.085,,,
1040,2026-09-11,SH603369,-0.0353446789085865,EXP_LinearModel_Alpha158_csi300_custom_step0_s_20260911_16,2ef653517254420e82d12e3c293d0d0f,0.085,,,
1041,2026-09-11,SH603296,-0.041087791323661804,EXP_LinearModel_Alpha158_csi300_custom_step0_s_20260911_16,2ef653517254420e82d12e3c293d0d0f,0.085,,,
1042,2026-09-11,SH603288,0.024359559640288353,EXP_LinearModel_Alpha158_csi300_custom_step0_s_20260911_16,2ef653517254420e82d12e3c293d0d0f,0.085,,,
1043,2026-09-11,SH603986,-0.00902417954057455,EXP_LinearModel_Alpha158_csi300_custom_step0_s_20260911_16,2ef653517254420e82d12e3c293d0d0f,0.085,,,
1044,2026-09-11,SH603260,-0.0029207775369286537,EXP_LinearModel_Alpha158_csi300_custom_step0_s_20260911_16,2ef653517254420e82d12e3c293d0d0f,0.085,,,
1045,2026-09-11,SH603019,0.019914479926228523,EXP_LinearModel_Alpha158_csi300_custom_step0_s_20260911_16,2ef653517254420e82d12e3c293d0d0f,0.085,,,
1046,2026-09-11,SH601998,0.02978658303618431,EXP_LinearModel_Alpha158_csi300_custom_step0_s_20260911_16,2ef653517254420e82d12e3c293d0d0f,0.085,,,
1047,2026-09-11,SH601995,-0.02212771400809288,EXP_LinearModel_Alpha158_csi300_custom_step0_s_20260911_16,2ef653517254420e82d12e3c293d0d0f,0.085,,,
1048,2026-09-11,SH601988,0.021113669499754906,EXP_LinearModel_Alpha158_csi300_custom_step0_s_20260911_16,2ef653517254420e82d12e3c293d0d0f,0.085,,,
1049,2026-09-11,SH601985,0.022404002025723457,EXP_LinearModel_Alpha158_csi300_custom_step0_s_20260911_16,2ef653517254420e82d12e3c293d0d0f,0.085,,,
1050,2026-09-11,SH601939,0.04535157233476639,EXP_LinearModel_Alpha158_csi300_custom_step0_s_20260911_16,2ef653517254420e82d12e3c293d0d0f,0.085,,,
1051,2026-09-11,SH603259,-0.06781475991010666,EXP_LinearModel_Alpha158_csi300_custom_step0_s_20260911_16,2ef653517254420e82d12e3c293d0d0f,0.085,,,
1052,2026-09-11,SZ000538,0.03152135759592056,EXP_LinearModel_Alpha158_csi300_custom_step0_s_20260911_16,2ef653517254420e82d12e3c293d0d0f,0.085,,,
1053,2026-09-11,SZ000568,-0.01944003812968731,EXP_LinearModel_Alpha158_csi300_custom_step0_s_20260911_16,2ef653517254420e82d12e3c293d0d0f,0.085,,,
1054,2026-09-11,SZ000596,0.0011647893115878105,EXP_LinearModel_Alpha158_csi300_custom_step0_s_20260911_16,2ef653517254420e82d12e3c293d0d0f,0.085,,,
1055,2026-09-11,SZ002311,0.0014493651688098907,EXP_LinearModel_Alpha158_csi300_custom_step0_s_20260911_16,2ef653517254420e82d12e3c293d0d0f,0.085,,,
1056,2026-09-11,SZ002352,0.0008203822653740644,EXP_LinearModel_Alpha158_csi300_custom_step0_s_20260911_16,2ef653517254420e82d12e3c293d0d0f,0.085,,,
1057,2026-09-11,SZ002353,0.06218686327338219,EXP_LinearModel_Alpha158_csi300_custom_step0_s_20260911_16,2ef653517254420e82d12e3c293d0d0f,0.085,,,
1058,2026-09-11,SZ002371,0.011878931894898415,EXP_LinearModel_Alpha158_csi300_custom_step0_s_20260911_16,2ef653517254420e82d12e3c293d0d0f,0.085,,,
1059,2026-09-11,SZ002384,-0.07492037862539291,EXP_LinearModel_Alpha158_csi300_custom_step0_s_20260911_16,2ef653517254420e82d12e3c293d0d0f,0.085,,,
1060,2026-09-11,SZ002415,0.005093343555927277,EXP_LinearModel_Alpha158_csi300_custom_step0_s_20260911_16,2ef653517254420e82d12e3c293d0d0f,0.085,,,
1061,2026-09-11,SZ002422,0.03827068582177162,EXP_LinearModel_Alpha158_csi300_custom_step0_s_20260911_16,2ef653517254420e82d12e3c293d0d0f,0.085,,,
1062,2026-09-11,SZ002460,-0.09251299500465393,EXP_LinearModel_Alpha158_csi300_custom_step0_s_20260911_16,2ef653517254420e82d12e3c293d0d0f,0.085,,,
1063,2026-09-11,SZ002463,-0.10159080475568771,EXP_LinearModel_Alpha158_csi300_custom_step0_s_20260911_16,2ef653517254420e82d12e3c293d0d0f,0.085,,,
1064,2026-09-11,SZ002466,-0.09063095599412918,EXP_LinearModel_Alpha158_csi300_custom_step0_s_20260911_16,2ef653517254420e82d12e3c293d0d0f,0.085,,,
1065,2026-09-11,SZ002475,-0.02183876931667328,EXP_LinearModel_Alpha158_csi300_custom_step0_s_20260911_16,2ef653517254420e82d12e3c293d0d0f,0.085,,,
1066,2026-09-11,SZ002493,-0.060370758175849915,EXP_LinearModel_Alpha158_csi300_custom_step0_s_20260911_16,2ef653517254420e82d12e3c293d0d0f,0.085,,,
1067,2026-09-11,SZ002532,-0.08671251684427261,EXP_LinearModel_Alpha158_csi300_custom_step0_s_20260911_16,2ef653517254420e82d12e3c293d0d0f,0.085,,,
1068,2026-09-11,SZ002558,0.010030724108219147,EXP_LinearModel_Alpha158_csi300_custom_step0_s_20260911_16,2ef653517254420e82d12e3c293d0d0f,0.085,,,
1069,2026-09-11,SZ002594,-0.028745437040925026,EXP_LinearModel_Alpha158_csi300_custom_step0_s_20260911_16,2ef653517254420e82d12e3c293d0d0f,0.085,,,
1070,2026-09-11,SZ002600,-0.017413033172488213,EXP_LinearModel_Alpha158_csi300_custom_step0_s_20260911_16,2ef653517254420e82d12e3c293d0d0f,0.085,,,
1071,2026-09-11,SZ002602,0.02783738449215889,EXP_LinearModel_Alpha158_csi300_custom_step0_s_20260911_16,2ef653517254420e82d12e3c293d0d0f,0.085,,,
1072,2026-09-11,SZ300059,-0.023723965510725975,EXP_LinearModel_Alpha158_csi300_custom_step0_s_20260911_16,2ef653517254420e82d12e3c293d0d0f,0.085,,,
1073,2026-09-11,SZ300033,-0.02969280071556568,EXP_LinearModel_Alpha158_csi300_custom_step0_s_20260911_16,2ef653517254420e82d12e3c293d0d0f,0.085,,,
1074,2026-09-11,SZ300015,-0.01904652826488018,EXP_LinearModel_Alpha158_csi300_custom_step0_s_20260911_16,2ef653517254420e82d12e3c293d0d0f,0.085,,,
1075,2026-09-11,SZ300014,-0.054149605333805084,EXP_LinearModel_Alpha158_csi300_custom_step0_s_20260911_16,2ef653517254420e82d12e3c293d0d0f,0.085,,,
1076,2026-09-11,SZ003816,0.04411500319838524,EXP_LinearModel_Alpha158_csi300_custom_step0_s_20260911_16,2ef653517254420e82d12e3c293d0d0f,0.085,,,
1077,2026-09-11,SZ002938,-0.09753558784723282,EXP_LinearModel_Alpha158_csi300_custom_step0_s_20260911_16,2ef653517254420e82d12e3c293d0d0f,0.085,,,
1078,2026-09-11,SZ002304,-0.040645912289619446,EXP_LinearModel_Alpha158_csi300_custom_step0_s_20260911_16,2ef653517254420e82d12e3c293d0d0f,0.085,,,
1079,2026-09-11,SZ002920,-0.01817261427640915,EXP_LinearModel_Alpha158_csi300_custom_step0_s_20260911_16,2ef653517254420e82d12e3c293d0d0f,0.085,,,
1080,2026-09-11,SZ002837,-0.0609239861369133,EXP_LinearModel_Alpha158_csi300_custom_step0_s_20260911_16,2ef653517254420e82d12e3c293d0d0f,0.085,,,
1081,2026-09-11,SZ002736,-0.013206282630562782,EXP_LinearModel_Alpha158_csi300_custom_step0_s_20260911_16,2ef653517254420e82d12e3c293d0d0f,0.085,,,
1082,2026-09-11,SZ002714,0.010290131904184818,EXP_LinearModel_Alpha158_csi300_custom_step0_s_20260911_16,2ef653517254420e82d12e3c293d0d0f,0.085,,,
1083,2026-09-11,SZ002709,-0.023329276591539383,EXP_LinearModel_Alpha158_csi300_custom_step0_s_20260911_16,2ef653517254420e82d12e3c293d0d0f,0.085,,,
1084,2026-09-11,SZ002648,-0.020537449046969414,EXP_LinearModel_Alpha158_csi300_custom_step0_s_20260911_16,2ef653517254420e82d12e3c293d0d0f,0.085,,,
1085,2026-09-11,SZ002625,-0.04625363275408745,EXP_LinearModel_Alpha158_csi300_custom_step0_s_20260911_16,2ef653517254420e82d12e3c293d0d0f,0.085,,,
1086,2026-09-11,SZ002916,-0.12750181555747986,EXP_LinearModel_Alpha158_csi300_custom_step0_s_20260911_16,2ef653517254420e82d12e3c293d0d0f,0.085,,,
1087,2026-09-11,SZ002241,-0.06475473195314407,EXP_LinearModel_Alpha158_csi300_custom_step0_s_20260911_16,2ef653517254420e82d12e3c293d0d0f,0.085,,,
1088,2026-09-11,SZ002236,-0.045868631452322006,EXP_LinearModel_Alpha158_csi300_custom_step0_s_20260911_16,2ef653517254420e82d12e3c293d0d0f,0.085,,,
1089,2026-09-11,SZ002230,-0.06282592564821243,EXP_LinearModel_Alpha158_csi300_custom_step0_s_20260911_16,2ef653517254420e82d12e3c293d0d0f,0.085,,,
1090,2026-09-11,SZ000938,-0.019905857741832733,EXP_LinearModel_Alpha158_csi300_custom_step0_s_20260911_16,2ef653517254420e82d12e3c293d0d0f,0.085,,,
1091,2026-09-11,SZ000895,0.018171118572354317,EXP_LinearModel_Alpha158_csi300_custom_step0_s_20260911_16,2ef653517254420e82d12e3c293d0d0f,0.085,,,
1092,2026-09-11,SZ000858,-0.05395790562033653,EXP_LinearModel_Alpha158_csi300_custom_step0_s_20260911_16,2ef653517254420e82d12e3c293d0d0f,0.085,,,
1093,2026-09-11,SZ000807,-0.07891764491796494,EXP_LinearModel_Alpha158_csi300_custom_step0_s_20260911_16,2ef653517254420e82d12e3c293d0d0f,0.085,,,
1094,2026-09-11,SZ000792,-0.05772986635565758,EXP_LinearModel_Alpha158_csi300_custom_step0_s_20260911_16,2ef653517254420e82d12e3c293d0d0f,0.085,,,
1095,2026-09-11,SZ000776,0.004476741421967745,EXP_LinearModel_Alpha158_csi300_custom_step0_s_20260911_16,2ef653517254420e82d12e3c293d0d0f,0.085,,,
1096,2026-09-11,SZ000963,-0.018270105123519897,EXP_LinearModel_Alpha158_csi300_custom_step0_s_20260911_16,2ef653517254420e82d12e3c293d0d0f,0.085,,,
1097,2026-09-11,SZ000768,0.009986789897084236,EXP_LinearModel_Alpha158_csi300_custom_step0_s_20260911_16,2ef653517254420e82d12e3c293d0d0f,0.085,,,
1098,2026-09-11,SZ000708,0.020970052108168602,EXP_LinearModel_Alpha158_csi300_custom_step0_s_20260911_16,2ef653517254420e82d12e3c293d0d0f,0.085,,,
1099,2026-09-11,SZ000657,-0.09014394134283066,EXP_LinearModel_Alpha158_csi300_custom_step0_s_20260911_16,2ef653517254420e82d12e3c293d0d0f,0.085,,,
1100,2026-09-11,SZ000651,0.04253705218434334,EXP_LinearModel_Alpha158_csi300_custom_step0_s_20260911_16,2ef653517254420e82d12e3c293d0d0f,0.085,,,
1101,2026-09-11,SZ000630,-0.05333445593714714,EXP_LinearModel_Alpha158_csi300_custom_step0_s_20260911_16,2ef653517254420e82d12e3c293d0d0f,0.085,,,
1102,2026-09-11,SZ000625,-0.009794066660106182,EXP_LinearModel_Alpha158_csi300_custom_step0_s_20260911_16,2ef653517254420e82d12e3c293d0d0f,0.085,,,
1103,2026-09-11,SZ000617,-0.0021113110706210136,EXP_LinearModel_Alpha158_csi300_custom_step0_s_20260911_16,2ef653517254420e82d12e3c293d0d0f,0.085,,,
1104,2026-09-11,SZ000725,-0.03913705796003342,EXP_LinearModel_Alpha158_csi300_custom_step0_s_20260911_16,2ef653517254420e82d12e3c293d0d0f,0.085,,,
1105,2026-09-11,SZ300124,-0.017228366807103157,EXP_LinearModel_Alpha158_csi300_custom_step0_s_20260911_16,2ef653517254420e82d12e3c293d0d0f,0.085,,,
1106,2026-09-11,SZ000975,-0.09964638203382492,EXP_LinearModel_Alpha158_csi300_custom_step0_s_20260911_16,2ef653517254420e82d12e3c293d0d0f,0.085,,,
1107,2026-09-11,SZ000988,-0.08911040425300598,EXP_LinearModel_Alpha158_csi300_custom_step0_s_20260911_16,2ef653517254420e82d12e3c293d0d0f,0.085,,,
1108,2026-09-11,SZ002202,0.0034443833865225315,EXP_LinearModel_Alpha158_csi300_custom_step0_s_20260911_16,2ef653517254420e82d12e3c293d0d0f,0.085,,,
1109,2026-09-11,SZ002179,0.029833724722266197,EXP_LinearModel_Alpha158_csi300_custom_step0_s_20260911_16,2ef653517254420e82d12e3c293d0d0f,0.085,,,
1110,2026-09-11,SZ002142,0.026365205645561218,EXP_LinearModel_Alpha158_csi300_custom_step0_s_20260911_16,2ef653517254420e82d12e3c293d0d0f,0.085,,,
1111,2026-09-11,SZ002074,-0.07281135767698288,EXP_LinearModel_Alpha158_csi300_custom_step0_s_20260911_16,2ef653517254420e82d12e3c293d0d0f,0.085,,,
1112,2026-09-11,SZ002050,-0.003648144192993641,EXP_LinearModel_Alpha158_csi300_custom_step0_s_20260911_16,2ef653517254420e82d12e3c293d0d0f,0.085,,,
1113,2026-09-11,SZ002049,-0.003185744397342205,EXP_LinearModel_Alpha158_csi300_custom_step0_s_20260911_16,2ef653517254420e82d12e3c293d0d0f,0.085,,,
1114,2026-09-11,SZ000977,0.0022362670861184597,EXP_LinearModel_Alpha158_csi300_custom_step0_s_20260911_16,2ef653517254420e82d12e3c293d0d0f,0.085,,,
1115,2026-09-11,SZ002028,0.023846618831157684,EXP_LinearModel_Alpha158_csi300_custom_step0_s_20260911_16,2ef653517254420e82d12e3c293d0d0f,0.085,,,
1116,2026-09-11,SZ002001,0.01789836212992668,EXP_LinearModel_Alpha158_csi300_custom_step0_s_20260911_16,2ef653517254420e82d12e3c293d0d0f,0.085,,,
1117,2026-09-11,SZ001979,0.005341145675629377,EXP_LinearModel_Alpha158_csi300_custom_step0_s_20260911_16,2ef653517254420e82d12e3c293d0d0f,0.085,,,
1118,2026-09-11,SZ001965,0.055852148681879044,EXP_LinearModel_Alpha158_csi300_custom_step0_s_20260911_16,2ef653517254420e82d12e3c293d0d0f,0.085,,,
1119,2026-09-11,SZ001391,0.013119768351316452,EXP_LinearModel_Alpha158_csi300_custom_step0_s_20260911_16,2ef653517254420e82d12e3c293d0d0f,0.085,,,
1120,2026-09-11,SZ001280,-0.05753759294748306,EXP_LinearModel_Alpha158_csi300_custom_step0_s_20260911_16,2ef653517254420e82d12e3c293d0d0f,0.085,,,
1121,2026-09-11,SZ000999,0.017180833965539932,EXP_LinearModel_Alpha158_csi300_custom_step0_s_20260911_16,2ef653517254420e82d12e3c293d0d0f,0.085,,,
1122,2026-09-11,SZ002027,0.013240903615951538,EXP_LinearModel_Alpha158_csi300_custom_step0_s_20260911_16,2ef653517254420e82d12e3c293d0d0f,0.085,,,
1123,2026-09-11,SH601985,0.04524118922203007,EXP_DEnsembleModel_Alpha158_csi300_custom_step0_s_20260911_16,ddbd9d9d28da40678dc72052e40c0d00,0.033,,,
1124,2026-09-11,SH600905,-0.09518451988697052,EXP_LinearModel_Alpha158_csi300_custom_step0_s_20260911_16,0653c690490f4dd1993de036c3536ece,0.016,,,
1125,2026-09-11,SH600919,0.03146606683731079,EXP_LinearModel_Alpha158_csi300_custom_step0_s_20260911_16,0653c690490f4dd1993de036c3536ece,0.016,,,
1126,2026-09-11,SZ000938,-0.030616197735071182,EXP_XGBModel_Alpha158_csi300_custom_step0_s_20260911_16,ffbba2b2109f49339f7a22883b0801ef,0.095,,,
1127,2026-09-11,SZ000963,-0.012249539606273174,EXP_XGBModel_Alpha158_csi300_custom_step0_s_20260911_16,ffbba2b2109f49339f7a22883b0801ef,0.095,,,
1128,2026-09-11,SZ000975,-0.011312765069305897,EXP_XGBModel_Alpha158_csi300_custom_step0_s_20260911_16,ffbba2b2109f49339f7a22883b0801ef,0.095,,,
1129,2026-09-11,SZ000977,-0.06879772245883942,EXP_XGBModel_Alpha158_csi300_custom_step0_s_20260911_16,ffbba2b2109f49339f7a22883b0801ef,0.095,,,
1130,2026-09-11,SZ000988,-0.043324705213308334,EXP_XGBModel_Alpha158_csi300_custom_step0_s_20260911_16,ffbba2b2109f49339f7a22883b0801ef,0.095,,,
1131,2026-09-11,SZ000999,0.024057060480117798,EXP_XGBModel_Alpha158_csi300_custom_step0_s_20260911_16,ffbba2b2109f49339f7a22883b0801ef,0.095,,,
1132,2026-09-11,SZ001280,-0.0693339854478836,EXP_XGBModel_Alpha158_csi300_custom_step0_s_20260911_16,ffbba2b2109f49339f7a22883b0801ef,0.095,,,
1133,2026-09-11,SZ001391,0.007314794696867466,EXP_XGBModel_Alpha158_csi300_custom_step0_s_20260911_16,ffbba2b2109f49339f7a22883b0801ef,0.095,,,
1134,2026-09-11,SZ001965,0.037990752607584,EXP_XGBModel_Alpha158_csi300_custom_step0_s_20260911_16,ffbba2b2109f49339f7a22883b0801ef,0.095,,,
1135,2026-09-11,SZ001979,-0.018955526873469353,EXP_XGBModel_Alpha158_csi300_custom_step0_s_20260911_16,ffbba2b2109f49339f7a22883b0801ef,0.095,,,
1136,2026-09-11,SZ002001,-0.0006326595321297646,EXP_XGBModel_Alpha158_csi300_custom_step0_s_20260911_16,ffbba2b2109f49339f7a22883b0801ef,0.095,,,
1137,2026-09-11,SZ002027,0.026755576953291893,EXP_XGBModel_Alpha158_csi300_custom_step0_s_20260911_16,ffbba2b2109f49339f7a22883b0801ef,0.095,,,
1138,2026-09-11,SZ002028,0.08141319453716278,EXP_XGBModel_Alpha158_csi300_custom_step0_s_20260911_16,ffbba2b2109f49339f7a22883b0801ef,0.095,,,
1139,2026-09-11,SZ002049,-0.0136799905449152,EXP_XGBModel_Alpha158_csi300_custom_step0_s_20260911_16,ffbba2b2109f49339f7a22883b0801ef,0.095,,,
1140,2026-09-11,SZ002050,0.0014818307245150208,EXP_XGBModel_Alpha158_csi300_custom_step0_s_20260911_16,ffbba2b2109f49339f7a22883b0801ef,0.095,,,
1141,2026-09-11,SZ002074,-0.04949204996228218,EXP_XGBModel_Alpha158_csi300_custom_step0_s_20260911_16,ffbba2b2109f49339f7a22883b0801ef,0.095,,,
1142,2026-09-11,SZ002142,0.05294530466198921,EXP_XGBModel_Alpha158_csi300_custom_step0_s_20260911_16,ffbba2b2109f49339f7a22883b0801ef,0.095,,,
1143,2026-09-11,SZ002460,-0.03169358894228935,EXP_XGBModel_Alpha158_csi300_custom_step0_s_20260911_16,ffbba2b2109f49339f7a22883b0801ef,0.095,,,
1144,2026-09-11,SZ002422,-0.005076062399893999,EXP_XGBModel_Alpha158_csi300_custom_step0_s_20260911_16,ffbba2b2109f49339f7a22883b0801ef,0.095,,,
1145,2026-09-11,SZ002415,0.003923891112208366,EXP_XGBModel_Alpha158_csi300_custom_step0_s_20260911_16,ffbba2b2109f49339f7a22883b0801ef,0.095,,,
1146,2026-09-11,SZ002384,0.0434274859726429,EXP_XGBModel_Alpha158_csi300_custom_step0_s_20260911_16,ffbba2b2109f49339f7a22883b0801ef,0.095,,,
1147,2026-09-11,SZ002371,-0.01961619034409523,EXP_XGBModel_Alpha158_csi300_custom_step0_s_20260911_16,ffbba2b2109f49339f7a22883b0801ef,0.095,,,
1148,2026-09-11,SZ002353,0.0408196859061718,EXP_XGBModel_Alpha158_csi300_custom_step0_s_20260911_16,ffbba2b2109f49339f7a22883b0801ef,0.095,,,
1149,2026-09-11,SZ000895,0.06226605549454689,EXP_XGBModel_Alpha158_csi300_custom_step0_s_20260911_16,ffbba2b2109f49339f7a22883b0801ef,0.095,,,
1150,2026-09-11,SZ002352,0.033169250935316086,EXP_XGBModel_Alpha158_csi300_custom_step0_s_20260911_16,ffbba2b2109f49339f7a22883b0801ef,0.095,,,
1151,2026-09-11,SZ002304,0.007362021133303642,EXP_XGBModel_Alpha158_csi300_custom_step0_s_20260911_16,ffbba2b2109f49339f7a22883b0801ef,0.095,,,
1152,2026-09-11,SZ002241,-0.04493899270892143,EXP_XGBModel_Alpha158_csi300_custom_step0_s_20260911_16,ffbba2b2109f49339f7a22883b0801ef,0.095,,,
1153,2026-09-11,SZ002236,0.025866659358143806,EXP_XGBModel_Alpha158_csi300_custom_step0_s_20260911_16,ffbba2b2109f49339f7a22883b0801ef,0.095,,,
1154,2026-09-11,SZ002230,-0.0354677252471447,EXP_XGBModel_Alpha158_csi300_custom_step0_s_20260911_16,ffbba2b2109f49339f7a22883b0801ef,0.095,,,
1155,2026-09-11,SZ002202,0.0051606702618300915,EXP_XGBModel_Alpha158_csi300_custom_step0_s_20260911_16,ffbba2b2109f49339f7a22883b0801ef,0.095,,,
1156,2026-09-11,SZ002179,-0.03452180325984955,EXP_XGBModel_Alpha158_csi300_custom_step0_s_20260911_16,ffbba2b2109f49339f7a22883b0801ef,0.095,,,
1157,2026-09-11,SZ002311,0.0002193005639128387,EXP_XGBModel_Alpha158_csi300_custom_step0_s_20260911_16,ffbba2b2109f49339f7a22883b0801ef,0.095,,,
1158,2026-09-11,SZ002463,-0.05040016397833824,EXP_XGBModel_Alpha158_csi300_custom_step0_s_20260911_16,ffbba2b2109f49339f7a22883b0801ef,0.095,,,
1159,2026-09-11,SZ000858,0.0029205884784460068,EXP_XGBModel_Alpha158_csi300_custom_step0_s_20260911_16,ffbba2b2109f49339f7a22883b0801ef,0.095,,,
1160,2026-09-11,SZ000792,-0.03938247635960579,EXP_XGBModel_Alpha158_csi300_custom_step0_s_20260911_16,ffbba2b2109f49339f7a22883b0801ef,0.095,,,
1161,2026-09-11,SH688256,-0.011860397644340992,EXP_XGBModel_Alpha158_csi300_custom_step0_s_20260911_16,ffbba2b2109f49339f7a22883b0801ef,0.095,,,
1162,2026-09-11,SH688271,-0.03200075030326843,EXP_XGBModel_Alpha158_csi300_custom_step0_s_20260911_16,ffbba2b2109f49339f7a22883b0801ef,0.095,,,
1163,2026-09-11,SH688303,-0.023703735321760178,EXP_XGBModel_Alpha158_csi300_custom_step0_s_20260911_16,ffbba2b2109f49339f7a22883b0801ef,0.095,,,
1164,2026-09-11,SH688396,-0.05994594842195511,EXP_XGBModel_Alpha158_csi300_custom_step0_s_20260911_16,ffbba2b2109f49339f7a22883b0801ef,0.095,,,
1165,2026-09-11,SH688472,0.045867614448070526,EXP_XGBModel_Alpha158_csi300_custom_step0_s_20260911_16,ffbba2b2109f49339f7a22883b0801ef,0.095,,,
1166,2026-09-11,SH688506,0.01670597307384014,EXP_XGBModel_Alpha158_csi300_custom_step0_s_20260911_16,ffbba2b2109f49339f7a22883b0801ef,0.095,,,
1167,2026-09-11,SH688521,0.04485097900032997,EXP_XGBModel_Alpha158_csi300_custom_step0_s_20260911_16,ffbba2b2109f49339f7a22883b0801ef,0.095,,,
1168,2026-09-11,SH688981,0.0017668433720245957,EXP_XGBModel_Alpha158_csi300_custom_step0_s_20260911_16,ffbba2b2109f49339f7a22883b0801ef,0.095,,,
1169,2026-09-11,SZ000001,0.030594108626246452,EXP_XGBModel_Alpha158_csi300_custom_step0_s_20260911_16,ffbba2b2109f49339f7a22883b0801ef,0.095,,,
1170,2026-09-11,SZ000002,-0.03077361360192299,EXP_XGBModel_Alpha158_csi300_custom_step0_s_20260911_16,ffbba2b2109f49339f7a22883b0801ef,0.095,,,
1171,2026-09-11,SZ000063,-0.040830258280038834,EXP_XGBModel_Alpha158_csi300_custom_step0_s_20260911_16,ffbba2b2109f49339f7a22883b0801ef,0.095,,,
1172,2026-09-11,SZ000100,-0.016116837039589882,EXP_XGBModel_Alpha158_csi300_custom_step0_s_20260911_16,ffbba2b2109f49339f7a22883b0801ef,0.095,,,
1173,2026-09-11,SZ000157,0.01768563687801361,EXP_XGBModel_Alpha158_csi300_custom_step0_s_20260911_16,ffbba2b2109f49339f7a22883b0801ef,0.095,,,
1174,2026-09-11,SZ000166,0.017601000145077705,EXP_XGBModel_Alpha158_csi300_custom_step0_s_20260911_16,ffbba2b2109f49339f7a22883b0801ef,0.095,,,
1175,2026-09-11,SZ000301,0.019773779436945915,EXP_XGBModel_Alpha158_csi300_custom_step0_s_20260911_16,ffbba2b2109f49339f7a22883b0801ef,0.095,,,
1176,2026-09-11,SZ000333,0.043299026787281036,EXP_XGBModel_Alpha158_csi300_custom_step0_s_20260911_16,ffbba2b2109f49339f7a22883b0801ef,0.095,,,
1177,2026-09-11,SZ000338,-0.019514480605721474,EXP_XGBModel_Alpha158_csi300_custom_step0_s_20260911_16,ffbba2b2109f49339f7a22883b0801ef,0.095,,,
1178,2026-09-11,SZ000776,-0.0394485704600811,EXP_XGBModel_Alpha158_csi300_custom_step0_s_20260911_16,ffbba2b2109f49339f7a22883b0801ef,0.095,,,
1179,2026-09-11,SZ000768,0.0012102648615837097,EXP_XGBModel_Alpha158_csi300_custom_step0_s_20260911_16,ffbba2b2109f49339f7a22883b0801ef,0.095,,,
1180,2026-09-11,SZ000725,-0.02871006354689598,EXP_XGBModel_Alpha158_csi300_custom_step0_s_20260911_16,ffbba2b2109f49339f7a22883b0801ef,0.095,,,
1181,2026-09-11,SZ000708,0.03607562184333801,EXP_XGBModel_Alpha158_csi300_custom_step0_s_20260911_16,ffbba2b2109f49339f7a22883b0801ef,0.095,,,
1182,2026-09-11,SZ000657,0.005452399607747793,EXP_XGBModel_Alpha158_csi300_custom_step0_s_20260911_16,ffbba2b2109f49339f7a22883b0801ef,0.095,,,
1183,2026-09-11,SZ000651,0.03964931517839432,EXP_XGBModel_Alpha158_csi300_custom_step0_s_20260911_16,ffbba2b2109f49339f7a22883b0801ef,0.095,,,
1184,2026-09-11,SZ000807,-0.0161383468657732,EXP_XGBModel_Alpha158_csi300_custom_step0_s_20260911_16,ffbba2b2109f49339f7a22883b0801ef,0.095,,,
1185,2026-09-11,SZ000630,-0.04494919627904892,EXP_XGBModel_Alpha158_csi300_custom_step0_s_20260911_16,ffbba2b2109f49339f7a22883b0801ef,0.095,,,
1186,2026-09-11,SZ000617,-0.0358634814620018,EXP_XGBModel_Alpha158_csi300_custom_step0_s_20260911_16,ffbba2b2109f49339f7a22883b0801ef,0.095,,,
1187,2026-09-11,SZ000596,-0.017038047313690186,EXP_XGBModel_Alpha158_csi300_custom_step0_s_20260911_16,ffbba2b2109f49339f7a22883b0801ef,0.095,,,
1188,2026-09-11,SZ000568,0.006178394425660372,EXP_XGBModel_Alpha158_csi300_custom_step0_s_20260911_16,ffbba2b2109f49339f7a22883b0801ef,0.095,,,
1189,2026-09-11,SZ000538,0.03486642241477966,EXP_XGBModel_Alpha158_csi300_custom_step0_s_20260911_16,ffbba2b2109f49339f7a22883b0801ef,0.095,,,
1190,2026-09-11,SZ000425,-0.026992926374077797,EXP_XGBModel_Alpha158_csi300_custom_step0_s_20260911_16,ffbba2b2109f49339f7a22883b0801ef,0.095,,,
1191,2026-09-11,SZ000408,-0.03601105511188507,EXP_XGBModel_Alpha158_csi300_custom_step0_s_20260911_16,ffbba2b2109f49339f7a22883b0801ef,0.095,,,
1192,2026-09-11,SZ000625,0.017773237079381943,EXP_XGBModel_Alpha158_csi300_custom_step0_s_20260911_16,ffbba2b2109f49339f7a22883b0801ef,0.095,,,
1193,2026-09-11,SH688223,0.008414553478360176,EXP_XGBModel_Alpha158_csi300_custom_step0_s_20260911_16,ffbba2b2109f49339f7a22883b0801ef,0.095,,,
1194,2026-09-11,SZ002466,-0.03629464656114578,EXP_XGBModel_Alpha158_csi300_custom_step0_s_20260911_16,ffbba2b2109f49339f7a22883b0801ef,0.095,,,
1195,2026-09-11,SZ002493,-0.09315397590398788,EXP_XGBModel_Alpha158_csi300_custom_step0_s_20260911_16,ffbba2b2109f49339f7a22883b0801ef,0.095,,,
1196,2026-09-11,SZ300628,0.015886133536696434,EXP_XGBModel_Alpha158_csi300_custom_step0_s_20260911_16,ffbba2b2109f49339f7a22883b0801ef,0.095,,,
1197,2026-09-11,SZ300661,-0.04539347440004349,EXP_XGBModel_Alpha158_csi300_custom_step0_s_20260911_16,ffbba2b2109f49339f7a22883b0801ef,0.095,,,
1198,2026-09-11,SZ300750,-0.0002735801681410521,EXP_XGBModel_Alpha158_csi300_custom_step0_s_20260911_16,ffbba2b2109f49339f7a22883b0801ef,0.095,,,
1199,2026-09-11,SZ300760,0.039499495178461075,EXP_XGBModel_Alpha158_csi300_custom_step0_s_20260911_16,ffbba2b2109f49339f7a22883b0801ef,0.095,,,
1200,2026-09-11,SZ300803,-0.09548409283161163,EXP_XGBModel_Alpha158_csi300_custom_step0_s_20260911_16,ffbba2b2109f49339f7a22883b0801ef,0.095,,,
1201,2026-09-11,SZ300832,-0.006481313146650791,EXP_XGBModel_Alpha158_csi300_custom_step0_s_20260911_16,ffbba2b2109f49339f7a22883b0801ef,0.095,,,
1202,2026-09-11,SZ300866,0.026373133063316345,EXP_XGBModel_Alpha158_csi300_custom_step0_s_20260911_16,ffbba2b2109f49339f7a22883b0801ef,0.095,,,
1203,2026-09-11,SZ300896,-0.057375986129045486,EXP_XGBModel_Alpha158_csi300_custom_step0_s_20260911_16,ffbba2b2109f49339f7a22883b0801ef,0.095,,,
1204,2026-09-11,SZ300999,0.0015321709215641022,EXP_XGBModel_Alpha158_csi300_custom_step0_s_20260911_16,ffbba2b2109f49339f7a22883b0801ef,0.095,,,
1205,2026-09-11,SZ301165,0.13510553538799286,EXP_XGBModel_Alpha158_csi300_custom_step0_s_20260911_16,ffbba2b2109f49339f7a22883b0801ef,0.095,,,
1206,2026-09-11,SZ301236,-0.04461507126688957,EXP_XGBModel_Alpha158_csi300_custom_step0_s_20260911_16,ffbba2b2109f49339f7a22883b0801ef,0.095,,,
1207,2026-09-11,SZ301269,-0.01591762900352478,EXP_XGBModel_Alpha158_csi300_custom_step0_s_20260911_16,ffbba2b2109f49339f7a22883b0801ef,0.095,,,
1208,2026-09-11,SZ301308,-0.051710471510887146,EXP_XGBModel_Alpha158_csi300_custom_step0_s_20260911_16,ffbba2b2109f49339f7a22883b0801ef,0.095,,,
1209,2026-09-11,SZ302132,-0.02662941813468933,EXP_XGBModel_Alpha158_csi300_custom_step0_s_20260911_16,ffbba2b2109f49339f7a22883b0801ef,0.095,,,
1210,2026-09-11,SH600000,0.03310687467455864,EXP_XGBModel_Alpha158_csi300_custom_step0_s_20260911_16,798d0a1909cb4658bfea592e4137ef05,0.032,,,
1211,2026-09-11,SH600009,0.03540126979351044,EXP_XGBModel_Alpha158_csi300_custom_step0_s_20260911_16,798d0a1909cb4658bfea592e4137ef05,0.032,,,
1212,2026-09-11,SH600010,-0.00791846588253975,EXP_XGBModel_Alpha158_csi300_custom_step0_s_20260911_16,798d0a1909cb4658bfea592e4137ef05,0.032,,,
1213,2026-09-11,SH600036,0.04676823690533638,EXP_XGBModel_Alpha158_csi300_custom_step0_s_20260911_16,798d0a1909cb4658bfea592e4137ef05,0.032,,,
1214,2026-09-11,SH600031,0.017202205955982208,EXP_XGBModel_Alpha158_csi300_custom_step0_s_20260911_16,798d0a1909cb4658bfea592e4137ef05,0.032,,,
1215,2026-09-11,SH600030,-0.007964249700307846,EXP_XGBModel_Alpha158_csi300_custom_step0_s_20260911_16,798d0a1909cb4658bfea592e4137ef05,0.032,,,
1216,2026-09-11,SH600029,0.0036807204596698284,EXP_XGBModel_Alpha158_csi300_custom_step0_s_20260911_16,798d0a1909cb4658bfea592e4137ef05,0.032,,,
1217,2026-09-11,SH600028,0.03428029268980026,EXP_XGBModel_Alpha158_csi300_custom_step0_s_20260911_16,798d0a1909cb4658bfea592e4137ef05,0.032,,,
1218,2026-09-11,SH600027,0.004210100043565035,EXP_XGBModel_Alpha158_csi300_custom_step0_s_20260911_16,798d0a1909cb4658bfea592e4137ef05,0.032,,,
1219,2026-09-11,SZ300502,-0.01875469647347927,EXP_XGBModel_Alpha158_csi300_custom_step0_s_20260911_16,ffbba2b2109f49339f7a22883b0801ef,0.095,,,
1220,2026-09-11,SH600026,-0.03123313933610916,EXP_XGBModel_Alpha158_csi300_custom_step0_s_20260911_16,798d0a1909cb4658bfea592e4137ef05,0.032,,,
1221,2026-09-11,SH600023,0.04906277358531952,EXP_XGBModel_Alpha158_csi300_custom_step0_s_20260911_16,798d0a1909cb4658bfea592e4137ef05,0.032,,,
1222,2026-09-11,SH600019,0.04611083120107651,EXP_XGBModel_Alpha158_csi300_custom_step0_s_20260911_16,798d0a1909cb4658bfea592e4137ef05,0.032,,,
1223,2026-09-11,SH600018,0.043512143194675446,EXP_XGBModel_Alpha158_csi300_custom_step0_s_20260911_16,798d0a1909cb4658bfea592e4137ef05,0.032,,,
1224,2026-09-11,SH600016,0.06575619429349899,EXP_XGBModel_Alpha158_csi300_custom_step0_s_20260911_16,798d0a1909cb4658bfea592e4137ef05,0.032,,,
1225,2026-09-11,SH600015,0.01569555699825287,EXP_XGBModel_Alpha158_csi300_custom_step0_s_20260911_16,798d0a1909cb4658bfea592e4137ef05,0.032,,,
1226,2026-09-11,SH600011,0.026443377137184143,EXP_XGBModel_Alpha158_csi300_custom_step0_s_20260911_16,798d0a1909cb4658bfea592e4137ef05,0.032,,,
1227,2026-09-11,SH600025,0.04718467593193054,EXP_XGBModel_Alpha158_csi300_custom_step0_s_20260911_16,798d0a1909cb4658bfea592e4137ef05,0.032,,,
1228,2026-09-11,SZ002475,-0.05608288571238518,EXP_XGBModel_Alpha158_csi300_custom_step0_s_20260911_16,ffbba2b2109f49339f7a22883b0801ef,0.095,,,
1229,2026-09-11,SZ300498,0.013260635547339916,EXP_XGBModel_Alpha158_csi300_custom_step0_s_20260911_16,ffbba2b2109f49339f7a22883b0801ef,0.095,,,
1230,2026-09-11,SZ300450,-0.029263587668538094,EXP_XGBModel_Alpha158_csi300_custom_step0_s_20260911_16,ffbba2b2109f49339f7a22883b0801ef,0.095,,,
1231,2026-09-11,SZ002532,-0.04103795439004898,EXP_XGBModel_Alpha158_csi300_custom_step0_s_20260911_16,ffbba2b2109f49339f7a22883b0801ef,0.095,,,
1232,2026-09-11,SZ002558,-0.06538865715265274,EXP_XGBModel_Alpha158_csi300_custom_step0_s_20260911_16,ffbba2b2109f49339f7a22883b0801ef,0.095,,,
1233,2026-09-11,SZ002594,-0.003152149962261319,EXP_XGBModel_Alpha158_csi300_custom_step0_s_20260911_16,ffbba2b2109f49339f7a22883b0801ef,0.095,,,
1234,2026-09-11,SZ002600,-0.044709011912345886,EXP_XGBModel_Alpha158_csi300_custom_step0_s_20260911_16,ffbba2b2109f49339f7a22883b0801ef,0.095,,,
1235,2026-09-11,SZ002602,0.0013890373520553112,EXP_XGBModel_Alpha158_csi300_custom_step0_s_20260911_16,ffbba2b2109f49339f7a22883b0801ef,0.095,,,
1236,2026-09-11,SZ002625,-0.0429120734333992,EXP_XGBModel_Alpha158_csi300_custom_step0_s_20260911_16,ffbba2b2109f49339f7a22883b0801ef,0.095,,,
1237,2026-09-11,SZ002648,-0.012271578423678875,EXP_XGBModel_Alpha158_csi300_custom_step0_s_20260911_16,ffbba2b2109f49339f7a22883b0801ef,0.095,,,
1238,2026-09-11,SZ002709,-0.024572473019361496,EXP_XGBModel_Alpha158_csi300_custom_step0_s_20260911_16,ffbba2b2109f49339f7a22883b0801ef,0.095,,,
1239,2026-09-11,SZ002714,0.00017266691429540515,EXP_XGBModel_Alpha158_csi300_custom_step0_s_20260911_16,ffbba2b2109f49339f7a22883b0801ef,0.095,,,
1240,2026-09-11,SZ002736,0.0010276506654918194,EXP_XGBModel_Alpha158_csi300_custom_step0_s_20260911_16,ffbba2b2109f49339f7a22883b0801ef,0.095,,,
1241,2026-09-11,SZ002837,-0.03684111312031746,EXP_XGBModel_Alpha158_csi300_custom_step0_s_20260911_16,ffbba2b2109f49339f7a22883b0801ef,0.095,,,
1242,2026-09-11,SZ002916,0.015279095619916916,EXP_XGBModel_Alpha158_csi300_custom_step0_s_20260911_16,ffbba2b2109f49339f7a22883b0801ef,0.095,,,
1243,2026-09-11,SZ002920,-0.05713658034801483,EXP_XGBModel_Alpha158_csi300_custom_step0_s_20260911_16,ffbba2b2109f49339f7a22883b0801ef,0.095,,,
1244,2026-09-11,SZ002938,-0.05999002978205681,EXP_XGBModel_Alpha158_csi300_custom_step0_s_20260911_16,ffbba2b2109f49339f7a22883b0801ef,0.095,,,
1245,2026-09-11,SZ003816,0.01593002676963806,EXP_XGBModel_Alpha158_csi300_custom_step0_s_20260911_16,ffbba2b2109f49339f7a22883b0801ef,0.095,,,
1246,2026-09-11,SZ300014,-0.01890413835644722,EXP_XGBModel_Alpha158_csi300_custom_step0_s_20260911_16,ffbba2b2109f49339f7a22883b0801ef,0.095,,,
1247,2026-09-11,SZ300015,0.010774068534374237,EXP_XGBModel_Alpha158_csi300_custom_step0_s_20260911_16,ffbba2b2109f49339f7a22883b0801ef,0.095,,,
1248,2026-09-11,SZ300442,-0.03279908001422882,EXP_XGBModel_Alpha158_csi300_custom_step0_s_20260911_16,ffbba2b2109f49339f7a22883b0801ef,0.095,,,
1249,2026-09-11,SZ300433,-0.022200580686330795,EXP_XGBModel_Alpha158_csi300_custom_step0_s_20260911_16,ffbba2b2109f49339f7a22883b0801ef,0.095,,,
1250,2026-09-11,SZ300418,-0.053338441997766495,EXP_XGBModel_Alpha158_csi300_custom_step0_s_20260911_16,ffbba2b2109f49339f7a22883b0801ef,0.095,,,
1251,2026-09-11,SZ300413,0.1862381249666214,EXP_XGBModel_Alpha158_csi300_custom_step0_s_20260911_16,ffbba2b2109f49339f7a22883b0801ef,0.095,,,
1252,2026-09-11,SZ300408,0.11171609163284302,EXP_XGBModel_Alpha158_csi300_custom_step0_s_20260911_16,ffbba2b2109f49339f7a22883b0801ef,0.095,,,
1253,2026-09-11,SZ300394,-0.16756348311901093,EXP_XGBModel_Alpha158_csi300_custom_step0_s_20260911_16,ffbba2b2109f49339f7a22883b0801ef,0.095,,,
1254,2026-09-11,SZ300476,0.048953279852867126,EXP_XGBModel_Alpha158_csi300_custom_step0_s_20260911_16,ffbba2b2109f49339f7a22883b0801ef,0.095,,,
1255,2026-09-11,SZ300316,-0.07288067042827606,EXP_XGBModel_Alpha158_csi300_custom_step0_s_20260911_16,ffbba2b2109f49339f7a22883b0801ef,0.095,,,
1256,2026-09-11,SZ300274,0.11004365980625153,EXP_XGBModel_Alpha158_csi300_custom_step0_s_20260911_16,ffbba2b2109f49339f7a22883b0801ef,0.095,,,
1257,2026-09-11,SZ300251,-0.02304394356906414,EXP_XGBModel_Alpha158_csi300_custom_step0_s_20260911_16,ffbba2b2109f49339f7a22883b0801ef,0.095,,,
1258,2026-09-11,SZ300124,-0.04631631076335907,EXP_XGBModel_Alpha158_csi300_custom_step0_s_20260911_16,ffbba2b2109f49339f7a22883b0801ef,0.095,,,
1259,2026-09-11,SZ300122,-0.003809417365118861,EXP_XGBModel_Alpha158_csi300_custom_step0_s_20260911_16,ffbba2b2109f49339f7a22883b0801ef,0.095,,,
1260,2026-09-11,SZ300059,-0.023626523092389107,EXP_XGBModel_Alpha158_csi300_custom_step0_s_20260911_16,ffbba2b2109f49339f7a22883b0801ef,0.095,,,
1261,2026-09-11,SZ300033,-0.06119760125875473,EXP_XGBModel_Alpha158_csi300_custom_step0_s_20260911_16,ffbba2b2109f49339f7a22883b0801ef,0.095,,,
1262,2026-09-11,SZ300308,-0.03252708539366722,EXP_XGBModel_Alpha158_csi300_custom_step0_s_20260911_16,ffbba2b2109f49339f7a22883b0801ef,0.095,,,
1263,2026-09-11,SH688183,-0.055399589240550995,EXP_XGBModel_Alpha158_csi300_custom_step0_s_20260911_16,ffbba2b2109f49339f7a22883b0801ef,0.095,,,
1264,2026-09-11,SH688126,-0.03827182576060295,EXP_XGBModel_Alpha158_csi300_custom_step0_s_20260911_16,ffbba2b2109f49339f7a22883b0801ef,0.095,,,
1265,2026-09-11,SH688111,-0.060594551265239716,EXP_XGBModel_Alpha158_csi300_custom_step0_s_20260911_16,ffbba2b2109f49339f7a22883b0801ef,0.095,,,
1266,2026-09-11,SH600918,0.005505731329321861,EXP_XGBModel_Alpha158_csi300_custom_step0_s_20260911_16,ffbba2b2109f49339f7a22883b0801ef,0.095,,,
1267,2026-09-11,SH600919,0.048854440450668335,EXP_XGBModel_Alpha158_csi300_custom_step0_s_20260911_16,ffbba2b2109f49339f7a22883b0801ef,0.095,,,
1268,2026-09-11,SH600926,0.06915589421987534,EXP_XGBModel_Alpha158_csi300_custom_step0_s_20260911_16,ffbba2b2109f49339f7a22883b0801ef,0.095,,,
1269,2026-09-11,SH600930,0.00038567703450098634,EXP_XGBModel_Alpha158_csi300_custom_step0_s_20260911_16,ffbba2b2109f49339f7a22883b0801ef,0.095,,,
1270,2026-09-11,SH600938,0.035867974162101746,EXP_XGBModel_Alpha158_csi300_custom_step0_s_20260911_16,ffbba2b2109f49339f7a22883b0801ef,0.095,,,
1271,2026-09-11,SH600941,0.03615161031484604,EXP_XGBModel_Alpha158_csi300_custom_step0_s_20260911_16,ffbba2b2109f49339f7a22883b0801ef,0.095,,,
1272,2026-09-11,SH600958,0.006416856311261654,EXP_XGBModel_Alpha158_csi300_custom_step0_s_20260911_16,ffbba2b2109f49339f7a22883b0801ef,0.095,,,
1273,2026-09-11,SH600989,-0.019296113401651382,EXP_XGBModel_Alpha158_csi300_custom_step0_s_20260911_16,ffbba2b2109f49339f7a22883b0801ef,0.095,,,
1274,2026-09-11,SH600999,-0.04574941098690033,EXP_XGBModel_Alpha158_csi300_custom_step0_s_20260911_16,ffbba2b2109f49339f7a22883b0801ef,0.095,,,
1275,2026-09-11,SH601006,0.04505506902933121,EXP_XGBModel_Alpha158_csi300_custom_step0_s_20260911_16,ffbba2b2109f49339f7a22883b0801ef,0.095,,,
1276,2026-09-11,SH601009,0.0472395159304142,EXP_XGBModel_Alpha158_csi300_custom_step0_s_20260911_16,ffbba2b2109f49339f7a22883b0801ef,0.095,,,
1277,2026-09-11,SH601012,-0.01964603364467621,EXP_XGBModel_Alpha158_csi300_custom_step0_s_20260911_16,ffbba2b2109f49339f7a22883b0801ef,0.095,,,
1278,2026-09-11,SH601018,0.06442026048898697,EXP_XGBModel_Alpha158_csi300_custom_step0_s_20260911_16,ffbba2b2109f49339f7a22883b0801ef,0.095,,,
1279,2026-09-11,SH601021,0.01687225140631199,EXP_XGBModel_Alpha158_csi300_custom_step0_s_20260911_16,ffbba2b2109f49339f7a22883b0801ef,0.095,,,
1280,2026-09-11,SH601058,-0.016053298488259315,EXP_XGBModel_Alpha158_csi300_custom_step0_s_20260911_16,ffbba2b2109f49339f7a22883b0801ef,0.095,,,
1281,2026-09-11,SH601059,-0.01968139037489891,EXP_XGBModel_Alpha158_csi300_custom_step0_s_20260911_16,ffbba2b2109f49339f7a22883b0801ef,0.095,,,
1282,2026-09-11,SH601066,-0.04113144800066948,EXP_XGBModel_Alpha158_csi300_custom_step0_s_20260911_16,ffbba2b2109f49339f7a22883b0801ef,0.095,,,
1283,2026-09-11,SH601229,0.06619823724031448,EXP_XGBModel_Alpha158_csi300_custom_step0_s_20260911_16,ffbba2b2109f49339f7a22883b0801ef,0.095,,,
1284,2026-09-11,SH601225,-0.008992661722004414,EXP_XGBModel_Alpha158_csi300_custom_step0_s_20260911_16,ffbba2b2109f49339f7a22883b0801ef,0.095,,,
1285,2026-09-11,SH601211,0.010708531364798546,EXP_XGBModel_Alpha158_csi300_custom_step0_s_20260911_16,ffbba2b2109f49339f7a22883b0801ef,0.095,,,
1286,2026-09-11,SH601186,0.02905960939824581,EXP_XGBModel_Alpha158_csi300_custom_step0_s_20260911_16,ffbba2b2109f49339f7a22883b0801ef,0.095,,,
1287,2026-09-11,SH601169,0.06584411859512329,EXP_XGBModel_Alpha158_csi300_custom_step0_s_20260911_16,ffbba2b2109f49339f7a22883b0801ef,0.095,,,
1288,2026-09-11,SH601166,0.04040366783738136,EXP_XGBModel_Alpha158_csi300_custom_step0_s_20260911_16,ffbba2b2109f49339f7a22883b0801ef,0.095,,,
1289,2026-09-11,SH600905,0.022677205502986908,EXP_XGBModel_Alpha158_csi300_custom_step0_s_20260911_16,ffbba2b2109f49339f7a22883b0801ef,0.095,,,
1290,2026-09-11,SH601138,-0.04014952853322029,EXP_XGBModel_Alpha158_csi300_custom_step0_s_20260911_16,ffbba2b2109f49339f7a22883b0801ef,0.095,,,
1291,2026-09-11,SH601127,-0.01321670413017273,EXP_XGBModel_Alpha158_csi300_custom_step0_s_20260911_16,ffbba2b2109f49339f7a22883b0801ef,0.095,,,
1292,2026-09-11,SH601117,0.03523017093539238,EXP_XGBModel_Alpha158_csi300_custom_step0_s_20260911_16,ffbba2b2109f49339f7a22883b0801ef,0.095,,,
1293,2026-09-11,SH601111,0.004443358164280653,EXP_XGBModel_Alpha158_csi300_custom_step0_s_20260911_16,ffbba2b2109f49339f7a22883b0801ef,0.095,,,
1294,2026-09-11,SH601100,0.005310304928570986,EXP_XGBModel_Alpha158_csi300_custom_step0_s_20260911_16,ffbba2b2109f49339f7a22883b0801ef,0.095,,,
1295,2026-09-11,SH601088,-0.006877885200083256,EXP_XGBModel_Alpha158_csi300_custom_step0_s_20260911_16,ffbba2b2109f49339f7a22883b0801ef,0.095,,,
1296,2026-09-11,SH601077,0.03701268881559372,EXP_XGBModel_Alpha158_csi300_custom_step0_s_20260911_16,ffbba2b2109f49339f7a22883b0801ef,0.095,,,
1297,2026-09-11,SH601136,-0.04518219083547592,EXP_XGBModel_Alpha158_csi300_custom_step0_s_20260911_16,ffbba2b2109f49339f7a22883b0801ef,0.095,,,
1298,2026-09-11,SH601238,0.018533213064074516,EXP_XGBModel_Alpha158_csi300_custom_step0_s_20260911_16,ffbba2b2109f49339f7a22883b0801ef,0.095,,,
1299,2026-09-11,SH600900,0.05200407654047012,EXP_XGBModel_Alpha158_csi300_custom_step0_s_20260911_16,ffbba2b2109f49339f7a22883b0801ef,0.095,,,
1300,2026-09-11,SH600887,0.0558331236243248,EXP_XGBModel_Alpha158_csi300_custom_step0_s_20260911_16,ffbba2b2109f49339f7a22883b0801ef,0.095,,,
1301,2026-09-11,SH600362,-0.08072546124458313,EXP_XGBModel_Alpha158_csi300_custom_step0_s_20260911_16,ffbba2b2109f49339f7a22883b0801ef,0.095,,,
1302,2026-09-11,SH600372,-0.006128620821982622,EXP_XGBModel_Alpha158_csi300_custom_step0_s_20260911_16,ffbba2b2109f49339f7a22883b0801ef,0.095,,,
1303,2026-09-11,SH600406,0.02947203628718853,EXP_XGBModel_Alpha158_csi300_custom_step0_s_20260911_16,ffbba2b2109f49339f7a22883b0801ef,0.095,,,
1304,2026-09-11,SH600415,-0.10085541009902954,EXP_XGBModel_Alpha158_csi300_custom_step0_s_20260911_16,ffbba2b2109f49339f7a22883b0801ef,0.095,,,
1305,2026-09-11,SH600426,-0.05634640157222748,EXP_XGBModel_Alpha158_csi300_custom_step0_s_20260911_16,ffbba2b2109f49339f7a22883b0801ef,0.095,,,
1306,2026-09-11,SH600436,-0.00038363912608474493,EXP_XGBModel_Alpha158_csi300_custom_step0_s_20260911_16,ffbba2b2109f49339f7a22883b0801ef,0.095,,,
1307,2026-09-11,SH600438,-0.04644514620304108,EXP_XGBModel_Alpha158_csi300_custom_step0_s_20260911_16,ffbba2b2109f49339f7a22883b0801ef,0.095,,,
1308,2026-09-11,SH600460,-0.06777144223451614,EXP_XGBModel_Alpha158_csi300_custom_step0_s_20260911_16,ffbba2b2109f49339f7a22883b0801ef,0.095,,,
1309,2026-09-11,SH600482,-0.027084993198513985,EXP_XGBModel_Alpha158_csi300_custom_step0_s_20260911_16,ffbba2b2109f49339f7a22883b0801ef,0.095,,,
1310,2026-09-11,SH600489,-0.007523227483034134,EXP_XGBModel_Alpha158_csi300_custom_step0_s_20260911_16,ffbba2b2109f49339f7a22883b0801ef,0.095,,,
1311,2026-09-11,SH600515,0.0005619734292849898,EXP_XGBModel_Alpha158_csi300_custom_step0_s_20260911_16,ffbba2b2109f49339f7a22883b0801ef,0.095,,,
1312,2026-09-11,SH600519,0.029327530413866043,EXP_XGBModel_Alpha158_csi300_custom_step0_s_20260911_16,ffbba2b2109f49339f7a22883b0801ef,0.095,,,
1313,2026-09-11,SH600522,0.09022077918052673,EXP_XGBModel_Alpha158_csi300_custom_step0_s_20260911_16,ffbba2b2109f49339f7a22883b0801ef,0.095,,,
1314,2026-09-11,SH600547,-0.03335760906338692,EXP_XGBModel_Alpha158_csi300_custom_step0_s_20260911_16,ffbba2b2109f49339f7a22883b0801ef,0.095,,,
1315,2026-09-11,SH600549,-0.05848006159067154,EXP_XGBModel_Alpha158_csi300_custom_step0_s_20260911_16,ffbba2b2109f49339f7a22883b0801ef,0.095,,,
1316,2026-09-11,SH600570,-0.039928700774908066,EXP_XGBModel_Alpha158_csi300_custom_step0_s_20260911_16,ffbba2b2109f49339f7a22883b0801ef,0.095,,,
1317,2026-09-11,SH600584,0.13754624128341675,EXP_XGBModel_Alpha158_csi300_custom_step0_s_20260911_16,ffbba2b2109f49339f7a22883b0801ef,0.095,,,
1318,2026-09-11,SH600886,0.07079684734344482,EXP_XGBModel_Alpha158_csi300_custom_step0_s_20260911_16,ffbba2b2109f49339f7a22883b0801ef,0.095,,,
1319,2026-09-11,SH600875,-0.061905957758426666,EXP_XGBModel_Alpha158_csi300_custom_step0_s_20260911_16,ffbba2b2109f49339f7a22883b0801ef,0.095,,,
1320,2026-09-11,SH600845,-0.03576056286692619,EXP_XGBModel_Alpha158_csi300_custom_step0_s_20260911_16,ffbba2b2109f49339f7a22883b0801ef,0.095,,,
1321,2026-09-11,SH600809,-0.012052340433001518,EXP_XGBModel_Alpha158_csi300_custom_step0_s_20260911_16,ffbba2b2109f49339f7a22883b0801ef,0.095,,,
1322,2026-09-11,SH600803,0.022084079682826996,EXP_XGBModel_Alpha158_csi300_custom_step0_s_20260911_16,ffbba2b2109f49339f7a22883b0801ef,0.095,,,
1323,2026-09-11,SH600795,0.017326679080724716,EXP_XGBModel_Alpha158_csi300_custom_step0_s_20260911_16,ffbba2b2109f49339f7a22883b0801ef,0.095,,,
1324,2026-09-11,SH600893,-0.03708595409989357,EXP_XGBModel_Alpha158_csi300_custom_step0_s_20260911_16,ffbba2b2109f49339f7a22883b0801ef,0.095,,,
1325,2026-09-11,SH600760,0.009962872602045536,EXP_XGBModel_Alpha158_csi300_custom_step0_s_20260911_16,ffbba2b2109f49339f7a22883b0801ef,0.095,,,
1326,2026-09-11,SH600690,0.02505842037498951,EXP_XGBModel_Alpha158_csi300_custom_step0_s_20260911_16,ffbba2b2109f49339f7a22883b0801ef,0.095,,,
1327,2026-09-11,SH600674,0.05801725015044212,EXP_XGBModel_Alpha158_csi300_custom_step0_s_20260911_16,ffbba2b2109f49339f7a22883b0801ef,0.095,,,
1328,2026-09-11,SH600660,-0.023978907614946365,EXP_XGBModel_Alpha158_csi300_custom_step0_s_20260911_16,ffbba2b2109f49339f7a22883b0801ef,0.095,,,
1329,2026-09-11,SH600600,0.007609620690345764,EXP_XGBModel_Alpha158_csi300_custom_step0_s_20260911_16,ffbba2b2109f49339f7a22883b0801ef,0.095,,,
1330,2026-09-11,SH600588,0.014595338143408298,EXP_XGBModel_Alpha158_csi300_custom_step0_s_20260911_16,ffbba2b2109f49339f7a22883b0801ef,0.095,,,
1331,2026-09-11,SH600585,0.03172696754336357,EXP_XGBModel_Alpha158_csi300_custom_step0_s_20260911_16,ffbba2b2109f49339f7a22883b0801ef,0.095,,,
1332,2026-09-11,SH600741,0.02690041996538639,EXP_XGBModel_Alpha158_csi300_custom_step0_s_20260911_16,ffbba2b2109f49339f7a22883b0801ef,0.095,,,
1333,2026-09-11,SH601288,0.03421255573630333,EXP_XGBModel_Alpha158_csi300_custom_step0_s_20260911_16,ffbba2b2109f49339f7a22883b0801ef,0.095,,,
1334,2026-09-11,SH601318,0.025072865188121796,EXP_XGBModel_Alpha158_csi300_custom_step0_s_20260911_16,ffbba2b2109f49339f7a22883b0801ef,0.095,,,
1335,2026-09-11,SH601319,-0.011073220521211624,EXP_XGBModel_Alpha158_csi300_custom_step0_s_20260911_16,ffbba2b2109f49339f7a22883b0801ef,0.095,,,
1336,2026-09-11,SH601899,-0.02030365914106369,EXP_XGBModel_Alpha158_csi300_custom_step0_s_20260911_16,ffbba2b2109f49339f7a22883b0801ef,0.095,,,
1337,2026-09-11,SH601901,0.013223337940871716,EXP_XGBModel_Alpha158_csi300_custom_step0_s_20260911_16,ffbba2b2109f49339f7a22883b0801ef,0.095,,,
1338,2026-09-11,SH601916,0.06106528267264366,EXP_XGBModel_Alpha158_csi300_custom_step0_s_20260911_16,ffbba2b2109f49339f7a22883b0801ef,0.095,,,
1339,2026-09-11,SH601919,-0.025709938257932663,EXP_XGBModel_Alpha158_csi300_custom_step0_s_20260911_16,ffbba2b2109f49339f7a22883b0801ef,0.095,,,
1340,2026-09-11,SH601939,0.037462618201971054,EXP_XGBModel_Alpha158_csi300_custom_step0_s_20260911_16,ffbba2b2109f49339f7a22883b0801ef,0.095,,,
1341,2026-09-11,SH601985,0.061630379408597946,EXP_XGBModel_Alpha158_csi300_custom_step0_s_20260911_16,ffbba2b2109f49339f7a22883b0801ef,0.095,,,
1342,2026-09-11,SH601988,0.015627842396497726,EXP_XGBModel_Alpha158_csi300_custom_step0_s_20260911_16,ffbba2b2109f49339f7a22883b0801ef,0.095,,,
1343,2026-09-11,SH601995,-0.013915805146098137,EXP_XGBModel_Alpha158_csi300_custom_step0_s_20260911_16,ffbba2b2109f49339f7a22883b0801ef,0.095,,,
1344,2026-09-11,SH601998,0.008793466724455357,EXP_XGBModel_Alpha158_csi300_custom_step0_s_20260911_16,ffbba2b2109f49339f7a22883b0801ef,0.095,,,
1345,2026-09-11,SH603019,-0.029373575001955032,EXP_XGBModel_Alpha158_csi300_custom_step0_s_20260911_16,ffbba2b2109f49339f7a22883b0801ef,0.095,,,
1346,2026-09-11,SH603259,0.011465099640190601,EXP_XGBModel_Alpha158_csi300_custom_step0_s_20260911_16,ffbba2b2109f49339f7a22883b0801ef,0.095,,,
1347,2026-09-11,SH603260,-0.020162759348750114,EXP_XGBModel_Alpha158_csi300_custom_step0_s_20260911_16,ffbba2b2109f49339f7a22883b0801ef,0.095,,,
1348,2026-09-11,SH603288,0.0034866556525230408,EXP_XGBModel_Alpha158_csi300_custom_step0_s_20260911_16,ffbba2b2109f49339f7a22883b0801ef,0.095,,,
1349,2026-09-11,SH603296,-0.04139752686023712,EXP_XGBModel_Alpha158_csi300_custom_step0_s_20260911_16,ffbba2b2109f49339f7a22883b0801ef,0.095,,,
1350,2026-09-11,SH603369,-0.026844101026654243,EXP_XGBModel_Alpha158_csi300_custom_step0_s_20260911_16,ffbba2b2109f49339f7a22883b0801ef,0.095,,,
1351,2026-09-11,SH603392,-0.026877056807279587,EXP_XGBModel_Alpha158_csi300_custom_step0_s_20260911_16,ffbba2b2109f49339f7a22883b0801ef,0.095,,,
1352,2026-09-11,SH603501,-0.0026357900351285934,EXP_XGBModel_Alpha158_csi300_custom_step0_s_20260911_16,ffbba2b2109f49339f7a22883b0801ef,0.095,,,
1353,2026-09-11,SH688082,-0.010871308855712414,EXP_XGBModel_Alpha158_csi300_custom_step0_s_20260911_16,ffbba2b2109f49339f7a22883b0801ef,0.095,,,
1354,2026-09-11,SH688072,-0.027299966663122177,EXP_XGBModel_Alpha158_csi300_custom_step0_s_20260911_16,ffbba2b2109f49339f7a22883b0801ef,0.095,,,
1355,2026-09-11,SH688047,-0.041417717933654785,EXP_XGBModel_Alpha158_csi300_custom_step0_s_20260911_16,ffbba2b2109f49339f7a22883b0801ef,0.095,,,
1356,2026-09-11,SH688041,0.02782115340232849,EXP_XGBModel_Alpha158_csi300_custom_step0_s_20260911_16,ffbba2b2109f49339f7a22883b0801ef,0.095,,,
1357,2026-09-11,SH688036,-0.04010282829403877,EXP_XGBModel_Alpha158_csi300_custom_step0_s_20260911_16,ffbba2b2109f49339f7a22883b0801ef,0.095,,,
1358,2026-09-11,SH688012,-0.08342079818248749,EXP_XGBModel_Alpha158_csi300_custom_step0_s_20260911_16,ffbba2b2109f49339f7a22883b0801ef,0.095,,,
1359,2026-09-11,SH601898,-0.01998993381857872,EXP_XGBModel_Alpha158_csi300_custom_step0_s_20260911_16,ffbba2b2109f49339f7a22883b0801ef,0.095,,,
1360,2026-09-11,SH688009,0.018328078091144562,EXP_XGBModel_Alpha158_csi300_custom_step0_s_20260911_16,ffbba2b2109f49339f7a22883b0801ef,0.095,,,
1361,2026-09-11,SH605499,-0.055782899260520935,EXP_XGBModel_Alpha158_csi300_custom_step0_s_20260911_16,ffbba2b2109f49339f7a22883b0801ef,0.095,,,
1362,2026-09-11,SH605117,-0.0533507876098156,EXP_XGBModel_Alpha158_csi300_custom_step0_s_20260911_16,ffbba2b2109f49339f7a22883b0801ef,0.095,,,
1363,2026-09-11,SH603993,-0.058686528354883194,EXP_XGBModel_Alpha158_csi300_custom_step0_s_20260911_16,ffbba2b2109f49339f7a22883b0801ef,0.095,,,
1364,2026-09-11,SH603986,-0.015079347416758537,EXP_XGBModel_Alpha158_csi300_custom_step0_s_20260911_16,ffbba2b2109f49339f7a22883b0801ef,0.095,,,
1365,2026-09-11,SH603893,-0.033786140382289886,EXP_XGBModel_Alpha158_csi300_custom_step0_s_20260911_16,ffbba2b2109f49339f7a22883b0801ef,0.095,,,
1366,2026-09-11,SH603799,-0.028150951489806175,EXP_XGBModel_Alpha158_csi300_custom_step0_s_20260911_16,ffbba2b2109f49339f7a22883b0801ef,0.095,,,
1367,2026-09-11,SH688008,-0.024746837094426155,EXP_XGBModel_Alpha158_csi300_custom_step0_s_20260911_16,ffbba2b2109f49339f7a22883b0801ef,0.095,,,
1368,2026-09-11,SH601888,-0.03651542589068413,EXP_XGBModel_Alpha158_csi300_custom_step0_s_20260911_16,ffbba2b2109f49339f7a22883b0801ef,0.095,,,
1369,2026-09-11,SH601881,-0.009018969722092152,EXP_XGBModel_Alpha158_csi300_custom_step0_s_20260911_16,ffbba2b2109f49339f7a22883b0801ef,0.095,,,
1370,2026-09-11,SH601878,-0.004989610053598881,EXP_XGBModel_Alpha158_csi300_custom_step0_s_20260911_16,ffbba2b2109f49339f7a22883b0801ef,0.095,,,
1371,2026-09-11,SH601658,0.038945507258176804,EXP_XGBModel_Alpha158_csi300_custom_step0_s_20260911_16,ffbba2b2109f49339f7a22883b0801ef,0.095,,,
1372,2026-09-11,SH601633,-0.0016972318990156054,EXP_XGBModel_Alpha158_csi300_custom_step0_s_20260911_16,ffbba2b2109f49339f7a22883b0801ef,0.095,,,
1373,2026-09-11,SH601628,0.005914065986871719,EXP_XGBModel_Alpha158_csi300_custom_step0_s_20260911_16,ffbba2b2109f49339f7a22883b0801ef,0.095,,,
1374,2026-09-11,SH601618,0.018893448635935783,EXP_XGBModel_Alpha158_csi300_custom_step0_s_20260911_16,ffbba2b2109f49339f7a22883b0801ef,0.095,,,
1375,2026-09-11,SH601607,0.03703605756163597,EXP_XGBModel_Alpha158_csi300_custom_step0_s_20260911_16,ffbba2b2109f49339f7a22883b0801ef,0.095,,,
1376,2026-09-11,SH601601,-0.006138034630566835,EXP_XGBModel_Alpha158_csi300_custom_step0_s_20260911_16,ffbba2b2109f49339f7a22883b0801ef,0.095,,,
1377,2026-09-11,SH601668,0.03041607327759266,EXP_XGBModel_Alpha158_csi300_custom_step0_s_20260911_16,ffbba2b2109f49339f7a22883b0801ef,0.095,,,
1378,2026-09-11,SH601600,-0.018244553357362747,EXP_XGBModel_Alpha158_csi300_custom_step0_s_20260911_16,ffbba2b2109f49339f7a22883b0801ef,0.095,,,
1379,2026-09-11,SH601398,0.03314277157187462,EXP_XGBModel_Alpha158_csi300_custom_step0_s_20260911_16,ffbba2b2109f49339f7a22883b0801ef,0.095,,,
1380,2026-09-11,SH601390,0.03485250473022461,EXP_XGBModel_Alpha158_csi300_custom_step0_s_20260911_16,ffbba2b2109f49339f7a22883b0801ef,0.095,,,
1381,2026-09-11,SH601377,0.020834898576140404,EXP_XGBModel_Alpha158_csi300_custom_step0_s_20260911_16,ffbba2b2109f49339f7a22883b0801ef,0.095,,,
1382,2026-09-11,SH601360,-0.027376696467399597,EXP_XGBModel_Alpha158_csi300_custom_step0_s_20260911_16,ffbba2b2109f49339f7a22883b0801ef,0.095,,,
1383,2026-09-11,SH601336,-0.025543488562107086,EXP_XGBModel_Alpha158_csi300_custom_step0_s_20260911_16,ffbba2b2109f49339f7a22883b0801ef,0.095,,,
1384,2026-09-11,SH601328,0.054390162229537964,EXP_XGBModel_Alpha158_csi300_custom_step0_s_20260911_16,ffbba2b2109f49339f7a22883b0801ef,0.095,,,
1385,2026-09-11,SH601456,0.012254409492015839,EXP_XGBModel_Alpha158_csi300_custom_step0_s_20260911_16,ffbba2b2109f49339f7a22883b0801ef,0.095,,,
1386,2026-09-11,SH600039,-0.011720778420567513,EXP_XGBModel_Alpha158_csi300_custom_step0_s_20260911_16,798d0a1909cb4658bfea592e4137ef05,0.032,,,
1387,2026-09-11,SH601669,0.025798475369811058,EXP_XGBModel_Alpha158_csi300_custom_step0_s_20260911_16,ffbba2b2109f49339f7a22883b0801ef,0.095,,,
1388,2026-09-11,SH601689,-0.01166575774550438,EXP_XGBModel_Alpha158_csi300_custom_step0_s_20260911_16,ffbba2b2109f49339f7a22883b0801ef,0.095,,,
1389,2026-09-11,SH601877,-0.0044585284776985645,EXP_XGBModel_Alpha158_csi300_custom_step0_s_20260911_16,ffbba2b2109f49339f7a22883b0801ef,0.095,,,
1390,2026-09-11,SH601872,-0.13882775604724884,EXP_XGBModel_Alpha158_csi300_custom_step0_s_20260911_16,ffbba2b2109f49339f7a22883b0801ef,0.095,,,
1391,2026-09-11,SH601868,0.048462770879268646,EXP_XGBModel_Alpha158_csi300_custom_step0_s_20260911_16,ffbba2b2109f49339f7a22883b0801ef,0.095,,,
1392,2026-09-11,SH601857,0.04291004687547684,EXP_XGBModel_Alpha158_csi300_custom_step0_s_20260911_16,ffbba2b2109f49339f7a22883b0801ef,0.095,,,
1393,2026-09-11,SH601838,0.016985703259706497,EXP_XGBModel_Alpha158_csi300_custom_step0_s_20260911_16,ffbba2b2109f49339f7a22883b0801ef,0.095,,,
1394,2026-09-11,SH601825,0.030087372288107872,EXP_XGBModel_Alpha158_csi300_custom_step0_s_20260911_16,ffbba2b2109f49339f7a22883b0801ef,0.095,,,
1395,2026-09-11,SH601688,-0.005237103905528784,EXP_XGBModel_Alpha158_csi300_custom_step0_s_20260911_16,ffbba2b2109f49339f7a22883b0801ef,0.095,,,
1396,2026-09-11,SH601818,0.04086030274629593,EXP_XGBModel_Alpha158_csi300_custom_step0_s_20260911_16,ffbba2b2109f49339f7a22883b0801ef,0.095,,,
1397,2026-09-11,SH601800,0.03538515418767929,EXP_XGBModel_Alpha158_csi300_custom_step0_s_20260911_16,ffbba2b2109f49339f7a22883b0801ef,0.095,,,
1398,2026-09-11,SH601788,0.0055422233417630196,EXP_XGBModel_Alpha158_csi300_custom_step0_s_20260911_16,ffbba2b2109f49339f7a22883b0801ef,0.095,,,
1399,2026-09-11,SH601766,0.007075807079672813,EXP_XGBModel_Alpha158_csi300_custom_step0_s_20260911_16,ffbba2b2109f49339f7a22883b0801ef,0.095,,,
1400,2026-09-11,SH601728,0.03188233822584152,EXP_XGBModel_Alpha158_csi300_custom_step0_s_20260911_16,ffbba2b2109f49339f7a22883b0801ef,0.095,,,
1401,2026-09-11,SH601727,0.029184585437178612,EXP_XGBModel_Alpha158_csi300_custom_step0_s_20260911_16,ffbba2b2109f49339f7a22883b0801ef,0.095,,,
1402,2026-09-11,SH601698,0.0043815732933580875,EXP_XGBModel_Alpha158_csi300_custom_step0_s_20260911_16,ffbba2b2109f49339f7a22883b0801ef,0.095,,,
1403,2026-09-11,SH601816,0.02829015627503395,EXP_XGBModel_Alpha158_csi300_custom_step0_s_20260911_16,ffbba2b2109f49339f7a22883b0801ef,0.095,,,
1404,2026-09-11,SH600346,-0.10558883100748062,EXP_XGBModel_Alpha158_csi300_custom_step0_s_20260911_16,ffbba2b2109f49339f7a22883b0801ef,0.095,,,
1405,2026-09-11,SH600048,-0.01523660495877266,EXP_XGBModel_Alpha158_csi300_custom_step0_s_20260911_16,798d0a1909cb4658bfea592e4137ef05,0.032,,,
1406,2026-09-11,SH600061,0.007733106147497892,EXP_XGBModel_Alpha158_csi300_custom_step0_s_20260911_16,798d0a1909cb4658bfea592e4137ef05,0.032,,,
1407,2026-09-11,SZ000338,-0.01772589609026909,EXP_XGBModel_Alpha158_csi300_custom_step0_s_20260911_16,798d0a1909cb4658bfea592e4137ef05,0.032,,,
1408,2026-09-11,SZ000408,-0.009565936401486397,EXP_XGBModel_Alpha158_csi300_custom_step0_s_20260911_16,798d0a1909cb4658bfea592e4137ef05,0.032,,,
1409,2026-09-11,SZ000425,-0.024692676961421967,EXP_XGBModel_Alpha158_csi300_custom_step0_s_20260911_16,798d0a1909cb4658bfea592e4137ef05,0.032,,,
1410,2026-09-11,SZ000538,0.04520399495959282,EXP_XGBModel_Alpha158_csi300_custom_step0_s_20260911_16,798d0a1909cb4658bfea592e4137ef05,0.032,,,
1411,2026-09-11,SZ000568,-0.042274344712495804,EXP_XGBModel_Alpha158_csi300_custom_step0_s_20260911_16,798d0a1909cb4658bfea592e4137ef05,0.032,,,
1412,2026-09-11,SZ000596,-0.032419417053461075,EXP_XGBModel_Alpha158_csi300_custom_step0_s_20260911_16,798d0a1909cb4658bfea592e4137ef05,0.032,,,
1413,2026-09-11,SZ000617,-0.06494443863630295,EXP_XGBModel_Alpha158_csi300_custom_step0_s_20260911_16,798d0a1909cb4658bfea592e4137ef05,0.032,,,
1414,2026-09-11,SZ000625,0.014033052138984203,EXP_XGBModel_Alpha158_csi300_custom_step0_s_20260911_16,798d0a1909cb4658bfea592e4137ef05,0.032,,,
1415,2026-09-11,SZ000630,-0.06490081548690796,EXP_XGBModel_Alpha158_csi300_custom_step0_s_20260911_16,798d0a1909cb4658bfea592e4137ef05,0.032,,,
1416,2026-09-11,SZ000651,0.03129151463508606,EXP_XGBModel_Alpha158_csi300_custom_step0_s_20260911_16,798d0a1909cb4658bfea592e4137ef05,0.032,,,
1417,2026-09-11,SZ000657,-0.13664895296096802,EXP_XGBModel_Alpha158_csi300_custom_step0_s_20260911_16,798d0a1909cb4658bfea592e4137ef05,0.032,,,
1418,2026-09-11,SZ000708,0.017709270119667053,EXP_XGBModel_Alpha158_csi300_custom_step0_s_20260911_16,798d0a1909cb4658bfea592e4137ef05,0.032,,,
1419,2026-09-11,SZ000725,0.010984623804688454,EXP_XGBModel_Alpha158_csi300_custom_step0_s_20260911_16,798d0a1909cb4658bfea592e4137ef05,0.032,,,
1420,2026-09-11,SZ000768,-0.00443962961435318,EXP_XGBModel_Alpha158_csi300_custom_step0_s_20260911_16,798d0a1909cb4658bfea592e4137ef05,0.032,,,
1421,2026-09-11,SZ000776,-0.04316068813204765,EXP_XGBModel_Alpha158_csi300_custom_step0_s_20260911_16,798d0a1909cb4658bfea592e4137ef05,0.032,,,
1422,2026-09-11,SZ000792,-0.041579753160476685,EXP_XGBModel_Alpha158_csi300_custom_step0_s_20260911_16,798d0a1909cb4658bfea592e4137ef05,0.032,,,
1423,2026-09-11,SZ000807,-0.09009058773517609,EXP_XGBModel_Alpha158_csi300_custom_step0_s_20260911_16,798d0a1909cb4658bfea592e4137ef05,0.032,,,
1424,2026-09-11,SZ002027,0.002634181408211589,EXP_XGBModel_Alpha158_csi300_custom_step0_s_20260911_16,798d0a1909cb4658bfea592e4137ef05,0.032,,,
1425,2026-09-11,SZ002001,0.008349697105586529,EXP_XGBModel_Alpha158_csi300_custom_step0_s_20260911_16,798d0a1909cb4658bfea592e4137ef05,0.032,,,
1426,2026-09-11,SZ001979,-0.0022651245817542076,EXP_XGBModel_Alpha158_csi300_custom_step0_s_20260911_16,798d0a1909cb4658bfea592e4137ef05,0.032,,,
1427,2026-09-11,SZ001965,0.023387080058455467,EXP_XGBModel_Alpha158_csi300_custom_step0_s_20260911_16,798d0a1909cb4658bfea592e4137ef05,0.032,,,
1428,2026-09-11,SZ001391,-0.02106257528066635,EXP_XGBModel_Alpha158_csi300_custom_step0_s_20260911_16,798d0a1909cb4658bfea592e4137ef05,0.032,,,
1429,2026-09-11,SZ001280,-0.16439633071422577,EXP_XGBModel_Alpha158_csi300_custom_step0_s_20260911_16,798d0a1909cb4658bfea592e4137ef05,0.032,,,
1430,2026-09-11,SZ000333,0.0499284453690052,EXP_XGBModel_Alpha158_csi300_custom_step0_s_20260911_16,798d0a1909cb4658bfea592e4137ef05,0.032,,,
1431,2026-09-11,SZ000999,0.02541714906692505,EXP_XGBModel_Alpha158_csi300_custom_step0_s_20260911_16,798d0a1909cb4658bfea592e4137ef05,0.032,,,
1432,2026-09-11,SZ000977,-0.03002215549349785,EXP_XGBModel_Alpha158_csi300_custom_step0_s_20260911_16,798d0a1909cb4658bfea592e4137ef05,0.032,,,
1433,2026-09-11,SZ000975,-0.020933520048856735,EXP_XGBModel_Alpha158_csi300_custom_step0_s_20260911_16,798d0a1909cb4658bfea592e4137ef05,0.032,,,
1434,2026-09-11,SZ000963,-0.04342849552631378,EXP_XGBModel_Alpha158_csi300_custom_step0_s_20260911_16,798d0a1909cb4658bfea592e4137ef05,0.032,,,
1435,2026-09-11,SZ000938,0.009811677038669586,EXP_XGBModel_Alpha158_csi300_custom_step0_s_20260911_16,798d0a1909cb4658bfea592e4137ef05,0.032,,,
1436,2026-09-11,SZ000895,-0.000998299801722169,EXP_XGBModel_Alpha158_csi300_custom_step0_s_20260911_16,798d0a1909cb4658bfea592e4137ef05,0.032,,,
1437,2026-09-11,SZ000858,0.0036936234682798386,EXP_XGBModel_Alpha158_csi300_custom_step0_s_20260911_16,798d0a1909cb4658bfea592e4137ef05,0.032,,,
1438,2026-09-11,SZ000988,-0.03916333243250847,EXP_XGBModel_Alpha158_csi300_custom_step0_s_20260911_16,798d0a1909cb4658bfea592e4137ef05,0.032,,,
1439,2026-09-11,SZ002028,0.2702048122882843,EXP_XGBModel_Alpha158_csi300_custom_step0_s_20260911_16,798d0a1909cb4658bfea592e4137ef05,0.032,,,
1440,2026-09-11,SZ000301,-0.043654587119817734,EXP_XGBModel_Alpha158_csi300_custom_step0_s_20260911_16,798d0a1909cb4658bfea592e4137ef05,0.032,,,
1441,2026-09-11,SZ000157,-0.00877999234944582,EXP_XGBModel_Alpha158_csi300_custom_step0_s_20260911_16,798d0a1909cb4658bfea592e4137ef05,0.032,,,
1442,2026-09-11,SH603501,-0.026757581159472466,EXP_XGBModel_Alpha158_csi300_custom_step0_s_20260911_16,798d0a1909cb4658bfea592e4137ef05,0.032,,,
1443,2026-09-11,SH603799,-0.06186564639210701,EXP_XGBModel_Alpha158_csi300_custom_step0_s_20260911_16,798d0a1909cb4658bfea592e4137ef05,0.032,,,
1444,2026-09-11,SH603893,-0.043748002499341965,EXP_XGBModel_Alpha158_csi300_custom_step0_s_20260911_16,798d0a1909cb4658bfea592e4137ef05,0.032,,,
1445,2026-09-11,SH603986,-0.045382533222436905,EXP_XGBModel_Alpha158_csi300_custom_step0_s_20260911_16,798d0a1909cb4658bfea592e4137ef05,0.032,,,
1446,2026-09-11,SH603993,0.005802713800221682,EXP_XGBModel_Alpha158_csi300_custom_step0_s_20260911_16,798d0a1909cb4658bfea592e4137ef05,0.032,,,
1447,2026-09-11,SH605117,-0.05318322032690048,EXP_XGBModel_Alpha158_csi300_custom_step0_s_20260911_16,798d0a1909cb4658bfea592e4137ef05,0.032,,,
1448,2026-09-11,SH605499,-0.04082399979233742,EXP_XGBModel_Alpha158_csi300_custom_step0_s_20260911_16,798d0a1909cb4658bfea592e4137ef05,0.032,,,
1449,2026-09-11,SH688008,-0.02555910125374794,EXP_XGBModel_Alpha158_csi300_custom_step0_s_20260911_16,798d0a1909cb4658bfea592e4137ef05,0.032,,,
1450,2026-09-11,SH688009,0.02520928345620632,EXP_XGBModel_Alpha158_csi300_custom_step0_s_20260911_16,798d0a1909cb4658bfea592e4137ef05,0.032,,,
1451,2026-09-11,SH688012,-0.07598923146724701,EXP_XGBModel_Alpha158_csi300_custom_step0_s_20260911_16,798d0a1909cb4658bfea592e4137ef05,0.032,,,
1452,2026-09-11,SH688036,-0.07177664339542389,EXP_XGBModel_Alpha158_csi300_custom_step0_s_20260911_16,798d0a1909cb4658bfea592e4137ef05,0.032,,,
1453,2026-09-11,SH688041,0.042094629257917404,EXP_XGBModel_Alpha158_csi300_custom_step0_s_20260911_16,798d0a1909cb4658bfea592e4137ef05,0.032,,,
1454,2026-09-11,SH688047,-0.049464140087366104,EXP_XGBModel_Alpha158_csi300_custom_step0_s_20260911_16,798d0a1909cb4658bfea592e4137ef05,0.032,,,
1455,2026-09-11,SH688072,-0.018710380420088768,EXP_XGBModel_Alpha158_csi300_custom_step0_s_20260911_16,798d0a1909cb4658bfea592e4137ef05,0.032,,,
1456,2026-09-11,SH688082,-0.07979090511798859,EXP_XGBModel_Alpha158_csi300_custom_step0_s_20260911_16,798d0a1909cb4658bfea592e4137ef05,0.032,,,
1457,2026-09-11,SH688111,-0.04734119772911072,EXP_XGBModel_Alpha158_csi300_custom_step0_s_20260911_16,798d0a1909cb4658bfea592e4137ef05,0.032,,,
1458,2026-09-11,SH688126,0.07839903235435486,EXP_XGBModel_Alpha158_csi300_custom_step0_s_20260911_16,798d0a1909cb4658bfea592e4137ef05,0.032,,,
1459,2026-09-11,SZ000100,-0.01774250529706478,EXP_XGBModel_Alpha158_csi300_custom_step0_s_20260911_16,798d0a1909cb4658bfea592e4137ef05,0.032,,,
1460,2026-09-11,SZ000063,-0.029415177181363106,EXP_XGBModel_Alpha158_csi300_custom_step0_s_20260911_16,798d0a1909cb4658bfea592e4137ef05,0.032,,,
1461,2026-09-11,SZ000002,-0.031107310205698013,EXP_XGBModel_Alpha158_csi300_custom_step0_s_20260911_16,798d0a1909cb4658bfea592e4137ef05,0.032,,,
1462,2026-09-11,SZ000001,0.03445407748222351,EXP_XGBModel_Alpha158_csi300_custom_step0_s_20260911_16,798d0a1909cb4658bfea592e4137ef05,0.032,,,
1463,2026-09-11,SH688981,-0.022673416882753372,EXP_XGBModel_Alpha158_csi300_custom_step0_s_20260911_16,798d0a1909cb4658bfea592e4137ef05,0.032,,,
1464,2026-09-11,SH688521,0.03115541860461235,EXP_XGBModel_Alpha158_csi300_custom_step0_s_20260911_16,798d0a1909cb4658bfea592e4137ef05,0.032,,,
1465,2026-09-11,SZ000166,0.020160019397735596,EXP_XGBModel_Alpha158_csi300_custom_step0_s_20260911_16,798d0a1909cb4658bfea592e4137ef05,0.032,,,
1466,2026-09-11,SH688506,0.013226421549916267,EXP_XGBModel_Alpha158_csi300_custom_step0_s_20260911_16,798d0a1909cb4658bfea592e4137ef05,0.032,,,
1467,2026-09-11,SH688396,0.07524003088474274,EXP_XGBModel_Alpha158_csi300_custom_step0_s_20260911_16,798d0a1909cb4658bfea592e4137ef05,0.032,,,
1468,2026-09-11,SH688303,-0.06278154999017715,EXP_XGBModel_Alpha158_csi300_custom_step0_s_20260911_16,798d0a1909cb4658bfea592e4137ef05,0.032,,,
1469,2026-09-11,SH688271,-0.03209018334746361,EXP_XGBModel_Alpha158_csi300_custom_step0_s_20260911_16,798d0a1909cb4658bfea592e4137ef05,0.032,,,
1470,2026-09-11,SH688256,-0.05365803465247154,EXP_XGBModel_Alpha158_csi300_custom_step0_s_20260911_16,798d0a1909cb4658bfea592e4137ef05,0.032,,,
1471,2026-09-11,SH688223,-0.0037966622039675713,EXP_XGBModel_Alpha158_csi300_custom_step0_s_20260911_16,798d0a1909cb4658bfea592e4137ef05,0.032,,,
1472,2026-09-11,SH688183,-0.0511058084666729,EXP_XGBModel_Alpha158_csi300_custom_step0_s_20260911_16,798d0a1909cb4658bfea592e4137ef05,0.032,,,
1473,2026-09-11,SH688472,0.001420200103893876,EXP_XGBModel_Alpha158_csi300_custom_step0_s_20260911_16,798d0a1909cb4658bfea592e4137ef05,0.032,,,
1474,2026-09-11,SH603392,-0.04333178699016571,EXP_XGBModel_Alpha158_csi300_custom_step0_s_20260911_16,798d0a1909cb4658bfea592e4137ef05,0.032,,,
1475,2026-09-11,SZ002049,-0.04427466541528702,EXP_XGBModel_Alpha158_csi300_custom_step0_s_20260911_16,798d0a1909cb4658bfea592e4137ef05,0.032,,,
1476,2026-09-11,SZ002074,-0.046338681131601334,EXP_XGBModel_Alpha158_csi300_custom_step0_s_20260911_16,798d0a1909cb4658bfea592e4137ef05,0.032,,,
1477,2026-09-11,SZ300015,-0.0004746527411043644,EXP_XGBModel_Alpha158_csi300_custom_step0_s_20260911_16,798d0a1909cb4658bfea592e4137ef05,0.032,,,
1478,2026-09-11,SZ300033,-0.09299861639738083,EXP_XGBModel_Alpha158_csi300_custom_step0_s_20260911_16,798d0a1909cb4658bfea592e4137ef05,0.032,,,
1479,2026-09-11,SZ300059,-0.08388198167085648,EXP_XGBModel_Alpha158_csi300_custom_step0_s_20260911_16,798d0a1909cb4658bfea592e4137ef05,0.032,,,
1480,2026-09-11,SZ300122,-0.052756134420633316,EXP_XGBModel_Alpha158_csi300_custom_step0_s_20260911_16,798d0a1909cb4658bfea592e4137ef05,0.032,,,
1481,2026-09-11,SZ300124,-0.07690402120351791,EXP_XGBModel_Alpha158_csi300_custom_step0_s_20260911_16,798d0a1909cb4658bfea592e4137ef05,0.032,,,
1482,2026-09-11,SZ300251,-0.0448482483625412,EXP_XGBModel_Alpha158_csi300_custom_step0_s_20260911_16,798d0a1909cb4658bfea592e4137ef05,0.032,,,
1483,2026-09-11,SZ300274,0.01883474737405777,EXP_XGBModel_Alpha158_csi300_custom_step0_s_20260911_16,798d0a1909cb4658bfea592e4137ef05,0.032,,,
1484,2026-09-11,SZ300308,-0.0019335742108523846,EXP_XGBModel_Alpha158_csi300_custom_step0_s_20260911_16,798d0a1909cb4658bfea592e4137ef05,0.032,,,
1485,2026-09-11,SZ300316,-0.13454924523830414,EXP_XGBModel_Alpha158_csi300_custom_step0_s_20260911_16,798d0a1909cb4658bfea592e4137ef05,0.032,,,
1486,2026-09-11,SZ300394,0.15998713672161102,EXP_XGBModel_Alpha158_csi300_custom_step0_s_20260911_16,798d0a1909cb4658bfea592e4137ef05,0.032,,,
1487,2026-09-11,SZ300408,-0.13249225914478302,EXP_XGBModel_Alpha158_csi300_custom_step0_s_20260911_16,798d0a1909cb4658bfea592e4137ef05,0.032,,,
1488,2026-09-11,SZ300413,0.40077313780784607,EXP_XGBModel_Alpha158_csi300_custom_step0_s_20260911_16,798d0a1909cb4658bfea592e4137ef05,0.032,,,
1489,2026-09-11,SZ300418,-0.03541676700115204,EXP_XGBModel_Alpha158_csi300_custom_step0_s_20260911_16,798d0a1909cb4658bfea592e4137ef05,0.032,,,
1490,2026-09-11,SZ300433,-0.059634461998939514,EXP_XGBModel_Alpha158_csi300_custom_step0_s_20260911_16,798d0a1909cb4658bfea592e4137ef05,0.032,,,
1491,2026-09-11,SZ300442,-0.03667525574564934,EXP_XGBModel_Alpha158_csi300_custom_step0_s_20260911_16,798d0a1909cb4658bfea592e4137ef05,0.032,,,
1492,2026-09-11,SZ300450,-0.11870117485523224,EXP_XGBModel_Alpha158_csi300_custom_step0_s_20260911_16,798d0a1909cb4658bfea592e4137ef05,0.032,,,
1493,2026-09-11,SZ300476,-0.028930090367794037,EXP_XGBModel_Alpha158_csi300_custom_step0_s_20260911_16,798d0a1909cb4658bfea592e4137ef05,0.032,,,
1494,2026-09-11,SZ301269,-0.05199804529547691,EXP_XGBModel_Alpha158_csi300_custom_step0_s_20260911_16,798d0a1909cb4658bfea592e4137ef05,0.032,,,
1495,2026-09-11,SZ301236,-0.03464987874031067,EXP_XGBModel_Alpha158_csi300_custom_step0_s_20260911_16,798d0a1909cb4658bfea592e4137ef05,0.032,,,
1496,2026-09-11,SZ301165,0.027300572022795677,EXP_XGBModel_Alpha158_csi300_custom_step0_s_20260911_16,798d0a1909cb4658bfea592e4137ef05,0.032,,,
1497,2026-09-11,SZ300999,-0.025215230882167816,EXP_XGBModel_Alpha158_csi300_custom_step0_s_20260911_16,798d0a1909cb4658bfea592e4137ef05,0.032,,,
1498,2026-09-11,SZ300896,-0.060869019478559494,EXP_XGBModel_Alpha158_csi300_custom_step0_s_20260911_16,798d0a1909cb4658bfea592e4137ef05,0.032,,,
1499,2026-09-11,SZ300866,-0.0043210540898144245,EXP_XGBModel_Alpha158_csi300_custom_step0_s_20260911_16,798d0a1909cb4658bfea592e4137ef05,0.032,,,
1500,2026-09-11,SZ300014,-0.026034045964479446,EXP_XGBModel_Alpha158_csi300_custom_step0_s_20260911_16,798d0a1909cb4658bfea592e4137ef05,0.032,,,
1501,2026-09-11,SZ300832,-0.027318714186549187,EXP_XGBModel_Alpha158_csi300_custom_step0_s_20260911_16,798d0a1909cb4658bfea592e4137ef05,0.032,,,
1502,2026-09-11,SZ300760,0.0033065183088183403,EXP_XGBModel_Alpha158_csi300_custom_step0_s_20260911_16,798d0a1909cb4658bfea592e4137ef05,0.032,,,
1503,2026-09-11,SZ300750,-0.01975090615451336,EXP_XGBModel_Alpha158_csi300_custom_step0_s_20260911_16,798d0a1909cb4658bfea592e4137ef05,0.032,,,
1504,2026-09-11,SZ300661,-0.06304030120372772,EXP_XGBModel_Alpha158_csi300_custom_step0_s_20260911_16,798d0a1909cb4658bfea592e4137ef05,0.032,,,
1505,2026-09-11,SZ300628,-0.005779740400612354,EXP_XGBModel_Alpha158_csi300_custom_step0_s_20260911_16,798d0a1909cb4658bfea592e4137ef05,0.032,,,
1506,2026-09-11,SZ300502,-0.03470269963145256,EXP_XGBModel_Alpha158_csi300_custom_step0_s_20260911_16,798d0a1909cb4658bfea592e4137ef05,0.032,,,
1507,2026-09-11,SZ300498,-0.006390159018337727,EXP_XGBModel_Alpha158_csi300_custom_step0_s_20260911_16,798d0a1909cb4658bfea592e4137ef05,0.032,,,
1508,2026-09-11,SZ300803,-0.08050422370433807,EXP_XGBModel_Alpha158_csi300_custom_step0_s_20260911_16,798d0a1909cb4658bfea592e4137ef05,0.032,,,
1509,2026-09-11,SZ002050,-0.028876613825559616,EXP_XGBModel_Alpha158_csi300_custom_step0_s_20260911_16,798d0a1909cb4658bfea592e4137ef05,0.032,,,
1510,2026-09-11,SZ003816,0.044334255158901215,EXP_XGBModel_Alpha158_csi300_custom_step0_s_20260911_16,798d0a1909cb4658bfea592e4137ef05,0.032,,,
1511,2026-09-11,SZ002920,-0.0375443696975708,EXP_XGBModel_Alpha158_csi300_custom_step0_s_20260911_16,798d0a1909cb4658bfea592e4137ef05,0.032,,,
1512,2026-09-11,SZ002142,0.02098756656050682,EXP_XGBModel_Alpha158_csi300_custom_step0_s_20260911_16,798d0a1909cb4658bfea592e4137ef05,0.032,,,
1513,2026-09-11,SZ002179,-0.017673682421445847,EXP_XGBModel_Alpha158_csi300_custom_step0_s_20260911_16,798d0a1909cb4658bfea592e4137ef05,0.032,,,
1514,2026-09-11,SZ002202,0.0030364259146153927,EXP_XGBModel_Alpha158_csi300_custom_step0_s_20260911_16,798d0a1909cb4658bfea592e4137ef05,0.032,,,
1515,2026-09-11,SZ002230,-0.006273333448916674,EXP_XGBModel_Alpha158_csi300_custom_step0_s_20260911_16,798d0a1909cb4658bfea592e4137ef05,0.032,,,
1516,2026-09-11,SZ002236,0.007109459955245256,EXP_XGBModel_Alpha158_csi300_custom_step0_s_20260911_16,798d0a1909cb4658bfea592e4137ef05,0.032,,,
1517,2026-09-11,SZ002241,-0.06360156089067459,EXP_XGBModel_Alpha158_csi300_custom_step0_s_20260911_16,798d0a1909cb4658bfea592e4137ef05,0.032,,,
1518,2026-09-11,SZ002304,-0.01197734847664833,EXP_XGBModel_Alpha158_csi300_custom_step0_s_20260911_16,798d0a1909cb4658bfea592e4137ef05,0.032,,,
1519,2026-09-11,SZ002311,-0.016735916957259178,EXP_XGBModel_Alpha158_csi300_custom_step0_s_20260911_16,798d0a1909cb4658bfea592e4137ef05,0.032,,,
1520,2026-09-11,SZ002352,0.012559132650494576,EXP_XGBModel_Alpha158_csi300_custom_step0_s_20260911_16,798d0a1909cb4658bfea592e4137ef05,0.032,,,
1521,2026-09-11,SZ002353,0.058195751160383224,EXP_XGBModel_Alpha158_csi300_custom_step0_s_20260911_16,798d0a1909cb4658bfea592e4137ef05,0.032,,,
1522,2026-09-11,SZ002371,-0.04142919182777405,EXP_XGBModel_Alpha158_csi300_custom_step0_s_20260911_16,798d0a1909cb4658bfea592e4137ef05,0.032,,,
1523,2026-09-11,SZ002384,-0.02905658259987831,EXP_XGBModel_Alpha158_csi300_custom_step0_s_20260911_16,798d0a1909cb4658bfea592e4137ef05,0.032,,,
1524,2026-09-11,SZ002415,0.005910980515182018,EXP_XGBModel_Alpha158_csi300_custom_step0_s_20260911_16,798d0a1909cb4658bfea592e4137ef05,0.032,,,
1525,2026-09-11,SZ002422,-0.024755990132689476,EXP_XGBModel_Alpha158_csi300_custom_step0_s_20260911_16,798d0a1909cb4658bfea592e4137ef05,0.032,,,
1526,2026-09-11,SZ002460,-0.052381061017513275,EXP_XGBModel_Alpha158_csi300_custom_step0_s_20260911_16,798d0a1909cb4658bfea592e4137ef05,0.032,,,
1527,2026-09-11,SZ002463,-0.03494850546121597,EXP_XGBModel_Alpha158_csi300_custom_step0_s_20260911_16,798d0a1909cb4658bfea592e4137ef05,0.032,,,
1528,2026-09-11,SZ002466,-0.014268375001847744,EXP_XGBModel_Alpha158_csi300_custom_step0_s_20260911_16,798d0a1909cb4658bfea592e4137ef05,0.032,,,
1529,2026-09-11,SZ002916,-0.04566524922847748,EXP_XGBModel_Alpha158_csi300_custom_step0_s_20260911_16,798d0a1909cb4658bfea592e4137ef05,0.032,,,
1530,2026-09-11,SZ002837,0.09370899200439453,EXP_XGBModel_Alpha158_csi300_custom_step0_s_20260911_16,798d0a1909cb4658bfea592e4137ef05,0.032,,,
1531,2026-09-11,SZ002736,0.01207734365016222,EXP_XGBModel_Alpha158_csi300_custom_step0_s_20260911_16,798d0a1909cb4658bfea592e4137ef05,0.032,,,
1532,2026-09-11,SZ002714,-0.020112419500947,EXP_XGBModel_Alpha158_csi300_custom_step0_s_20260911_16,798d0a1909cb4658bfea592e4137ef05,0.032,,,
1533,2026-09-11,SZ002709,0.02110961079597473,EXP_XGBModel_Alpha158_csi300_custom_step0_s_20260911_16,798d0a1909cb4658bfea592e4137ef05,0.032,,,
1534,2026-09-11,SZ002648,-0.01611896976828575,EXP_XGBModel_Alpha158_csi300_custom_step0_s_20260911_16,798d0a1909cb4658bfea592e4137ef05,0.032,,,
1535,2026-09-11,SZ002938,-0.06483092904090881,EXP_XGBModel_Alpha158_csi300_custom_step0_s_20260911_16,798d0a1909cb4658bfea592e4137ef05,0.032,,,
1536,2026-09-11,SZ002625,-0.06936370581388474,EXP_XGBModel_Alpha158_csi300_custom_step0_s_20260911_16,798d0a1909cb4658bfea592e4137ef05,0.032,,,
1537,2026-09-11,SZ002600,-0.08640748262405396,EXP_XGBModel_Alpha158_csi300_custom_step0_s_20260911_16,798d0a1909cb4658bfea592e4137ef05,0.032,,,
1538,2026-09-11,SZ002594,-0.008028477430343628,EXP_XGBModel_Alpha158_csi300_custom_step0_s_20260911_16,798d0a1909cb4658bfea592e4137ef05,0.032,,,
1539,2026-09-11,SZ002558,-0.03542938828468323,EXP_XGBModel_Alpha158_csi300_custom_step0_s_20260911_16,798d0a1909cb4658bfea592e4137ef05,0.032,,,
1540,2026-09-11,SZ002532,-0.057302091270685196,EXP_XGBModel_Alpha158_csi300_custom_step0_s_20260911_16,798d0a1909cb4658bfea592e4137ef05,0.032,,,
1541,2026-09-11,SZ002493,0.045482974499464035,EXP_XGBModel_Alpha158_csi300_custom_step0_s_20260911_16,798d0a1909cb4658bfea592e4137ef05,0.032,,,
1542,2026-09-11,SZ002475,-0.052010707557201385,EXP_XGBModel_Alpha158_csi300_custom_step0_s_20260911_16,798d0a1909cb4658bfea592e4137ef05,0.032,,,
1543,2026-09-11,SZ002602,-0.013164874166250229,EXP_XGBModel_Alpha158_csi300_custom_step0_s_20260911_16,798d0a1909cb4658bfea592e4137ef05,0.032,,,
1544,2026-09-11,SH603369,-0.0551319345831871,EXP_XGBModel_Alpha158_csi300_custom_step0_s_20260911_16,798d0a1909cb4658bfea592e4137ef05,0.032,,,
1545,2026-09-11,SH603296,-0.0462740957736969,EXP_XGBModel_Alpha158_csi300_custom_step0_s_20260911_16,798d0a1909cb4658bfea592e4137ef05,0.032,,,
1546,2026-09-11,SH603288,0.009250398725271225,EXP_XGBModel_Alpha158_csi300_custom_step0_s_20260911_16,798d0a1909cb4658bfea592e4137ef05,0.032,,,
1547,2026-09-11,SH600584,-0.04441311955451965,EXP_XGBModel_Alpha158_csi300_custom_step0_s_20260911_16,798d0a1909cb4658bfea592e4137ef05,0.032,,,
1548,2026-09-11,SH600585,0.019947033375501633,EXP_XGBModel_Alpha158_csi300_custom_step0_s_20260911_16,798d0a1909cb4658bfea592e4137ef05,0.032,,,
1549,2026-09-11,SH600588,-0.002486740006133914,EXP_XGBModel_Alpha158_csi300_custom_step0_s_20260911_16,798d0a1909cb4658bfea592e4137ef05,0.032,,,
1550,2026-09-11,SH600600,0.008013633079826832,EXP_XGBModel_Alpha158_csi300_custom_step0_s_20260911_16,798d0a1909cb4658bfea592e4137ef05,0.032,,,
1551,2026-09-11,SH600660,-0.04862534627318382,EXP_XGBModel_Alpha158_csi300_custom_step0_s_20260911_16,798d0a1909cb4658bfea592e4137ef05,0.032,,,
1552,2026-09-11,SH600674,0.06257925927639008,EXP_XGBModel_Alpha158_csi300_custom_step0_s_20260911_16,798d0a1909cb4658bfea592e4137ef05,0.032,,,
1553,2026-09-11,SH600690,0.018045485019683838,EXP_XGBModel_Alpha158_csi300_custom_step0_s_20260911_16,798d0a1909cb4658bfea592e4137ef05,0.032,,,
1554,2026-09-11,SH600741,0.009700738824903965,EXP_XGBModel_Alpha158_csi300_custom_step0_s_20260911_16,798d0a1909cb4658bfea592e4137ef05,0.032,,,
1555,2026-09-11,SH600760,0.019735930487513542,EXP_XGBModel_Alpha158_csi300_custom_step0_s_20260911_16,798d0a1909cb4658bfea592e4137ef05,0.032,,,
1556,2026-09-11,SH600795,0.020851008594036102,EXP_XGBModel_Alpha158_csi300_custom_step0_s_20260911_16,798d0a1909cb4658bfea592e4137ef05,0.032,,,
1557,2026-09-11,SH600803,0.03848216310143471,EXP_XGBModel_Alpha158_csi300_custom_step0_s_20260911_16,798d0a1909cb4658bfea592e4137ef05,0.032,,,
1558,2026-09-11,SH600809,-0.06145105138421059,EXP_XGBModel_Alpha158_csi300_custom_step0_s_20260911_16,798d0a1909cb4658bfea592e4137ef05,0.032,,,
1559,2026-09-11,SH600845,-0.027668628841638565,EXP_XGBModel_Alpha158_csi300_custom_step0_s_20260911_16,798d0a1909cb4658bfea592e4137ef05,0.032,,,
1560,2026-09-11,SH600875,-0.034295786172151566,EXP_XGBModel_Alpha158_csi300_custom_step0_s_20260911_16,798d0a1909cb4658bfea592e4137ef05,0.032,,,
1561,2026-09-11,SH600886,0.03608795255422592,EXP_XGBModel_Alpha158_csi300_custom_step0_s_20260911_16,798d0a1909cb4658bfea592e4137ef05,0.032,,,
1562,2026-09-11,SH600887,0.02973320707678795,EXP_XGBModel_Alpha158_csi300_custom_step0_s_20260911_16,798d0a1909cb4658bfea592e4137ef05,0.032,,,
1563,2026-09-11,SH600893,-0.008326055482029915,EXP_XGBModel_Alpha158_csi300_custom_step0_s_20260911_16,798d0a1909cb4658bfea592e4137ef05,0.032,,,
1564,2026-09-11,SH601012,-0.05233089625835419,EXP_XGBModel_Alpha158_csi300_custom_step0_s_20260911_16,798d0a1909cb4658bfea592e4137ef05,0.032,,,
1565,2026-09-11,SH601009,0.021244648844003677,EXP_XGBModel_Alpha158_csi300_custom_step0_s_20260911_16,798d0a1909cb4658bfea592e4137ef05,0.032,,,
1566,2026-09-11,SH601006,0.0399828664958477,EXP_XGBModel_Alpha158_csi300_custom_step0_s_20260911_16,798d0a1909cb4658bfea592e4137ef05,0.032,,,
1567,2026-09-11,SH600999,-0.0598391592502594,EXP_XGBModel_Alpha158_csi300_custom_step0_s_20260911_16,798d0a1909cb4658bfea592e4137ef05,0.032,,,
1568,2026-09-11,SH600989,-0.06299609690904617,EXP_XGBModel_Alpha158_csi300_custom_step0_s_20260911_16,798d0a1909cb4658bfea592e4137ef05,0.032,,,
1569,2026-09-11,SH600958,0.005013108253479004,EXP_XGBModel_Alpha158_csi300_custom_step0_s_20260911_16,798d0a1909cb4658bfea592e4137ef05,0.032,,,
1570,2026-09-11,SH600570,-0.05143853276968002,EXP_XGBModel_Alpha158_csi300_custom_step0_s_20260911_16,798d0a1909cb4658bfea592e4137ef05,0.032,,,
1571,2026-09-11,SH600941,0.029943367466330528,EXP_XGBModel_Alpha158_csi300_custom_step0_s_20260911_16,798d0a1909cb4658bfea592e4137ef05,0.032,,,
1572,2026-09-11,SH600930,0.010027664713561535,EXP_XGBModel_Alpha158_csi300_custom_step0_s_20260911_16,798d0a1909cb4658bfea592e4137ef05,0.032,,,
1573,2026-09-11,SH600926,0.06580401957035065,EXP_XGBModel_Alpha158_csi300_custom_step0_s_20260911_16,798d0a1909cb4658bfea592e4137ef05,0.032,,,
1574,2026-09-11,SH600919,0.06471718102693558,EXP_XGBModel_Alpha158_csi300_custom_step0_s_20260911_16,798d0a1909cb4658bfea592e4137ef05,0.032,,,
1575,2026-09-11,SH600918,-0.005003380123525858,EXP_XGBModel_Alpha158_csi300_custom_step0_s_20260911_16,798d0a1909cb4658bfea592e4137ef05,0.032,,,
1576,2026-09-11,SH600905,0.0056745745241642,EXP_XGBModel_Alpha158_csi300_custom_step0_s_20260911_16,798d0a1909cb4658bfea592e4137ef05,0.032,,,
1577,2026-09-11,SH600900,0.0660729929804802,EXP_XGBModel_Alpha158_csi300_custom_step0_s_20260911_16,798d0a1909cb4658bfea592e4137ef05,0.032,,,
1578,2026-09-11,SH600938,0.03380974382162094,EXP_XGBModel_Alpha158_csi300_custom_step0_s_20260911_16,798d0a1909cb4658bfea592e4137ef05,0.032,,,
1579,2026-09-11,SH601018,0.07602345198392868,EXP_XGBModel_Alpha158_csi300_custom_step0_s_20260911_16,798d0a1909cb4658bfea592e4137ef05,0.032,,,
1580,2026-09-11,SH600549,-0.06914430856704712,EXP_XGBModel_Alpha158_csi300_custom_step0_s_20260911_16,798d0a1909cb4658bfea592e4137ef05,0.032,,,
1581,2026-09-11,SH600522,-0.1763845682144165,EXP_XGBModel_Alpha158_csi300_custom_step0_s_20260911_16,798d0a1909cb4658bfea592e4137ef05,0.032,,,
1582,2026-09-11,SH600066,-0.019690001383423805,EXP_XGBModel_Alpha158_csi300_custom_step0_s_20260911_16,798d0a1909cb4658bfea592e4137ef05,0.032,,,
1583,2026-09-11,SH600085,0.006371768657118082,EXP_XGBModel_Alpha158_csi300_custom_step0_s_20260911_16,798d0a1909cb4658bfea592e4137ef05,0.032,,,
1584,2026-09-11,SH600089,-0.006692890077829361,EXP_XGBModel_Alpha158_csi300_custom_step0_s_20260911_16,798d0a1909cb4658bfea592e4137ef05,0.032,,,
1585,2026-09-11,SH600104,-0.048028986901044846,EXP_XGBModel_Alpha158_csi300_custom_step0_s_20260911_16,798d0a1909cb4658bfea592e4137ef05,0.032,,,
1586,2026-09-11,SH600111,-0.0290987566113472,EXP_XGBModel_Alpha158_csi300_custom_step0_s_20260911_16,798d0a1909cb4658bfea592e4137ef05,0.032,,,
1587,2026-09-11,SH600115,0.011330906301736832,EXP_XGBModel_Alpha158_csi300_custom_step0_s_20260911_16,798d0a1909cb4658bfea592e4137ef05,0.032,,,
1588,2026-09-11,SH600118,0.014569245278835297,EXP_XGBModel_Alpha158_csi300_custom_step0_s_20260911_16,798d0a1909cb4658bfea592e4137ef05,0.032,,,
1589,2026-09-11,SH600150,0.011002360843122005,EXP_XGBModel_Alpha158_csi300_custom_step0_s_20260911_16,798d0a1909cb4658bfea592e4137ef05,0.032,,,
1590,2026-09-11,SH600160,-0.057832762598991394,EXP_XGBModel_Alpha158_csi300_custom_step0_s_20260911_16,798d0a1909cb4658bfea592e4137ef05,0.032,,,
1591,2026-09-11,SH600176,-0.1318759173154831,EXP_XGBModel_Alpha158_csi300_custom_step0_s_20260911_16,798d0a1909cb4658bfea592e4137ef05,0.032,,,
1592,2026-09-11,SH600183,-0.05012866109609604,EXP_XGBModel_Alpha158_csi300_custom_step0_s_20260911_16,798d0a1909cb4658bfea592e4137ef05,0.032,,,
1593,2026-09-11,SH600188,-0.05032926797866821,EXP_XGBModel_Alpha158_csi300_custom_step0_s_20260911_16,798d0a1909cb4658bfea592e4137ef05,0.032,,,
1594,2026-09-11,SH600196,-0.09069730341434479,EXP_XGBModel_Alpha158_csi300_custom_step0_s_20260911_16,798d0a1909cb4658bfea592e4137ef05,0.032,,,
1595,2026-09-11,SH600219,-0.03096405416727066,EXP_XGBModel_Alpha158_csi300_custom_step0_s_20260911_16,798d0a1909cb4658bfea592e4137ef05,0.032,,,
1596,2026-09-11,SH600221,0.007891065441071987,EXP_XGBModel_Alpha158_csi300_custom_step0_s_20260911_16,798d0a1909cb4658bfea592e4137ef05,0.032,,,
1597,2026-09-11,SH600233,-0.04048963263630867,EXP_XGBModel_Alpha158_csi300_custom_step0_s_20260911_16,798d0a1909cb4658bfea592e4137ef05,0.032,,,
1598,2026-09-11,SH600276,-0.03314683586359024,EXP_XGBModel_Alpha158_csi300_custom_step0_s_20260911_16,798d0a1909cb4658bfea592e4137ef05,0.032,,,
1599,2026-09-11,SH600519,0.027042344212532043,EXP_XGBModel_Alpha158_csi300_custom_step0_s_20260911_16,798d0a1909cb4658bfea592e4137ef05,0.032,,,
1600,2026-09-11,SH600515,0.008427269756793976,EXP_XGBModel_Alpha158_csi300_custom_step0_s_20260911_16,798d0a1909cb4658bfea592e4137ef05,0.032,,,
1601,2026-09-11,SH600489,0.08988582342863083,EXP_XGBModel_Alpha158_csi300_custom_step0_s_20260911_16,798d0a1909cb4658bfea592e4137ef05,0.032,,,
1602,2026-09-11,SH600482,-0.029763977974653244,EXP_XGBModel_Alpha158_csi300_custom_step0_s_20260911_16,798d0a1909cb4658bfea592e4137ef05,0.032,,,
1603,2026-09-11,SH600460,-0.07271625846624374,EXP_XGBModel_Alpha158_csi300_custom_step0_s_20260911_16,798d0a1909cb4658bfea592e4137ef05,0.032,,,
1604,2026-09-11,SH600438,-0.09436363726854324,EXP_XGBModel_Alpha158_csi300_custom_step0_s_20260911_16,798d0a1909cb4658bfea592e4137ef05,0.032,,,
1605,2026-09-11,SH600547,-0.06254976242780685,EXP_XGBModel_Alpha158_csi300_custom_step0_s_20260911_16,798d0a1909cb4658bfea592e4137ef05,0.032,,,
1606,2026-09-11,SH600436,0.00252080662176013,EXP_XGBModel_Alpha158_csi300_custom_step0_s_20260911_16,798d0a1909cb4658bfea592e4137ef05,0.032,,,
1607,2026-09-11,SH600415,-0.04464460164308548,EXP_XGBModel_Alpha158_csi300_custom_step0_s_20260911_16,798d0a1909cb4658bfea592e4137ef05,0.032,,,
1608,2026-09-11,SH600406,0.0003909066435880959,EXP_XGBModel_Alpha158_csi300_custom_step0_s_20260911_16,798d0a1909cb4658bfea592e4137ef05,0.032,,,
1609,2026-09-11,SH600372,0.00096176378428936,EXP_XGBModel_Alpha158_csi300_custom_step0_s_20260911_16,798d0a1909cb4658bfea592e4137ef05,0.032,,,
1610,2026-09-11,SH600362,0.010532422922551632,EXP_XGBModel_Alpha158_csi300_custom_step0_s_20260911_16,798d0a1909cb4658bfea592e4137ef05,0.032,,,
1611,2026-09-11,SH600346,-0.0458269901573658,EXP_XGBModel_Alpha158_csi300_custom_step0_s_20260911_16,798d0a1909cb4658bfea592e4137ef05,0.032,,,
1612,2026-09-11,SH600309,0.02006189152598381,EXP_XGBModel_Alpha158_csi300_custom_step0_s_20260911_16,798d0a1909cb4658bfea592e4137ef05,0.032,,,
1613,2026-09-11,SH600426,-0.046938225626945496,EXP_XGBModel_Alpha158_csi300_custom_step0_s_20260911_16,798d0a1909cb4658bfea592e4137ef05,0.032,,,
1614,2026-09-11,SH601021,0.004689154680818319,EXP_XGBModel_Alpha158_csi300_custom_step0_s_20260911_16,798d0a1909cb4658bfea592e4137ef05,0.032,,,
1615,2026-09-11,SH601058,-0.0050423224456608295,EXP_XGBModel_Alpha158_csi300_custom_step0_s_20260911_16,798d0a1909cb4658bfea592e4137ef05,0.032,,,
1616,2026-09-11,SH601059,-0.04504740238189697,EXP_XGBModel_Alpha158_csi300_custom_step0_s_20260911_16,798d0a1909cb4658bfea592e4137ef05,0.032,,,
1617,2026-09-11,SH601689,-0.05135049298405647,EXP_XGBModel_Alpha158_csi300_custom_step0_s_20260911_16,798d0a1909cb4658bfea592e4137ef05,0.032,,,
1618,2026-09-11,SH601698,0.003194087650626898,EXP_XGBModel_Alpha158_csi300_custom_step0_s_20260911_16,798d0a1909cb4658bfea592e4137ef05,0.032,,,
1619,2026-09-11,SH601727,0.01391365472227335,EXP_XGBModel_Alpha158_csi300_custom_step0_s_20260911_16,798d0a1909cb4658bfea592e4137ef05,0.032,,,
1620,2026-09-11,SH601728,0.05758083611726761,EXP_XGBModel_Alpha158_csi300_custom_step0_s_20260911_16,798d0a1909cb4658bfea592e4137ef05,0.032,,,
1621,2026-09-11,SH601766,0.028126874938607216,EXP_XGBModel_Alpha158_csi300_custom_step0_s_20260911_16,798d0a1909cb4658bfea592e4137ef05,0.032,,,
1622,2026-09-11,SH601788,-0.03348901495337486,EXP_XGBModel_Alpha158_csi300_custom_step0_s_20260911_16,798d0a1909cb4658bfea592e4137ef05,0.032,,,
1623,2026-09-11,SH601800,0.03416904807090759,EXP_XGBModel_Alpha158_csi300_custom_step0_s_20260911_16,798d0a1909cb4658bfea592e4137ef05,0.032,,,
1624,2026-09-11,SH601816,0.014378286898136139,EXP_XGBModel_Alpha158_csi300_custom_step0_s_20260911_16,798d0a1909cb4658bfea592e4137ef05,0.032,,,
1625,2026-09-11,SH601818,0.03002046048641205,EXP_XGBModel_Alpha158_csi300_custom_step0_s_20260911_16,798d0a1909cb4658bfea592e4137ef05,0.032,,,
1626,2026-09-11,SH601825,0.038418278098106384,EXP_XGBModel_Alpha158_csi300_custom_step0_s_20260911_16,798d0a1909cb4658bfea592e4137ef05,0.032,,,
1627,2026-09-11,SH601838,0.006847239565104246,EXP_XGBModel_Alpha158_csi300_custom_step0_s_20260911_16,798d0a1909cb4658bfea592e4137ef05,0.032,,,
1628,2026-09-11,SH601857,0.04042328521609306,EXP_XGBModel_Alpha158_csi300_custom_step0_s_20260911_16,798d0a1909cb4658bfea592e4137ef05,0.032,,,
1629,2026-09-11,SH601868,0.006636590696871281,EXP_XGBModel_Alpha158_csi300_custom_step0_s_20260911_16,798d0a1909cb4658bfea592e4137ef05,0.032,,,
1630,2026-09-11,SH601872,-0.10035625845193863,EXP_XGBModel_Alpha158_csi300_custom_step0_s_20260911_16,798d0a1909cb4658bfea592e4137ef05,0.032,,,
1631,2026-09-11,SH601877,-0.02043260633945465,EXP_XGBModel_Alpha158_csi300_custom_step0_s_20260911_16,798d0a1909cb4658bfea592e4137ef05,0.032,,,
1632,2026-09-11,SH601878,-0.010755120776593685,EXP_XGBModel_Alpha158_csi300_custom_step0_s_20260911_16,798d0a1909cb4658bfea592e4137ef05,0.032,,,
1633,2026-09-11,SH601881,-0.04168109595775604,EXP_XGBModel_Alpha158_csi300_custom_step0_s_20260911_16,798d0a1909cb4658bfea592e4137ef05,0.032,,,
1634,2026-09-11,SH603260,-0.07366938889026642,EXP_XGBModel_Alpha158_csi300_custom_step0_s_20260911_16,798d0a1909cb4658bfea592e4137ef05,0.032,,,
1635,2026-09-11,SH603259,-0.037024468183517456,EXP_XGBModel_Alpha158_csi300_custom_step0_s_20260911_16,798d0a1909cb4658bfea592e4137ef05,0.032,,,
1636,2026-09-11,SH603019,-0.03350477293133736,EXP_XGBModel_Alpha158_csi300_custom_step0_s_20260911_16,798d0a1909cb4658bfea592e4137ef05,0.032,,,
1637,2026-09-11,SH601998,-0.09802298992872238,EXP_XGBModel_Alpha158_csi300_custom_step0_s_20260911_16,798d0a1909cb4658bfea592e4137ef05,0.032,,,
1638,2026-09-11,SH601995,-0.0326988659799099,EXP_XGBModel_Alpha158_csi300_custom_step0_s_20260911_16,798d0a1909cb4658bfea592e4137ef05,0.032,,,
1639,2026-09-11,SH601988,0.04141560569405556,EXP_XGBModel_Alpha158_csi300_custom_step0_s_20260911_16,798d0a1909cb4658bfea592e4137ef05,0.032,,,
1640,2026-09-11,SH601688,0.008249162696301937,EXP_XGBModel_Alpha158_csi300_custom_step0_s_20260911_16,798d0a1909cb4658bfea592e4137ef05,0.032,,,
1641,2026-09-11,SH601985,0.052477430552244186,EXP_XGBModel_Alpha158_csi300_custom_step0_s_20260911_16,798d0a1909cb4658bfea592e4137ef05,0.032,,,
1642,2026-09-11,SH601919,-0.001463655149564147,EXP_XGBModel_Alpha158_csi300_custom_step0_s_20260911_16,798d0a1909cb4658bfea592e4137ef05,0.032,,,
1643,2026-09-11,SH601916,0.05914182960987091,EXP_XGBModel_Alpha158_csi300_custom_step0_s_20260911_16,798d0a1909cb4658bfea592e4137ef05,0.032,,,
1644,2026-09-11,SH601901,0.005809888243675232,EXP_XGBModel_Alpha158_csi300_custom_step0_s_20260911_16,798d0a1909cb4658bfea592e4137ef05,0.032,,,
1645,2026-09-11,SH601899,-0.01440828200429678,EXP_XGBModel_Alpha158_csi300_custom_step0_s_20260911_16,798d0a1909cb4658bfea592e4137ef05,0.032,,,
1646,2026-09-11,SH601898,-0.014296320267021656,EXP_XGBModel_Alpha158_csi300_custom_step0_s_20260911_16,798d0a1909cb4658bfea592e4137ef05,0.032,,,
1647,2026-09-11,SH601888,-0.0300323273986578,EXP_XGBModel_Alpha158_csi300_custom_step0_s_20260911_16,798d0a1909cb4658bfea592e4137ef05,0.032,,,
1648,2026-09-11,SH601939,0.0477784089744091,EXP_XGBModel_Alpha158_csi300_custom_step0_s_20260911_16,798d0a1909cb4658bfea592e4137ef05,0.032,,,
1649,2026-09-11,SH601669,0.017329320311546326,EXP_XGBModel_Alpha158_csi300_custom_step0_s_20260911_16,798d0a1909cb4658bfea592e4137ef05,0.032,,,
1650,2026-09-11,SH601668,0.02577190473675728,EXP_XGBModel_Alpha158_csi300_custom_step0_s_20260911_16,798d0a1909cb4658bfea592e4137ef05,0.032,,,
1651,2026-09-11,SH601658,-0.0066161383874714375,EXP_XGBModel_Alpha158_csi300_custom_step0_s_20260911_16,798d0a1909cb4658bfea592e4137ef05,0.032,,,
1652,2026-09-11,SH601225,0.015511282719671726,EXP_XGBModel_Alpha158_csi300_custom_step0_s_20260911_16,798d0a1909cb4658bfea592e4137ef05,0.032,,,
1653,2026-09-11,SH601211,0.0026771670673042536,EXP_XGBModel_Alpha158_csi300_custom_step0_s_20260911_16,798d0a1909cb4658bfea592e4137ef05,0.032,,,
1654,2026-09-11,SH601186,0.026511387899518013,EXP_XGBModel_Alpha158_csi300_custom_step0_s_20260911_16,798d0a1909cb4658bfea592e4137ef05,0.032,,,
1655,2026-09-11,SH601169,-0.006863501388579607,EXP_XGBModel_Alpha158_csi300_custom_step0_s_20260911_16,798d0a1909cb4658bfea592e4137ef05,0.032,,,
1656,2026-09-11,SH601166,0.039133474230766296,EXP_XGBModel_Alpha158_csi300_custom_step0_s_20260911_16,798d0a1909cb4658bfea592e4137ef05,0.032,,,
1657,2026-09-11,SH601138,-0.02942342683672905,EXP_XGBModel_Alpha158_csi300_custom_step0_s_20260911_16,798d0a1909cb4658bfea592e4137ef05,0.032,,,
1658,2026-09-11,SH601229,0.05900362506508827,EXP_XGBModel_Alpha158_csi300_custom_step0_s_20260911_16,798d0a1909cb4658bfea592e4137ef05,0.032,,,
1659,2026-09-11,SH601136,-0.04570600762963295,EXP_XGBModel_Alpha158_csi300_custom_step0_s_20260911_16,798d0a1909cb4658bfea592e4137ef05,0.032,,,
1660,2026-09-11,SH601117,0.0040115960873663425,EXP_XGBModel_Alpha158_csi300_custom_step0_s_20260911_16,798d0a1909cb4658bfea592e4137ef05,0.032,,,
1661,2026-09-11,SH601111,-0.0037975655868649483,EXP_XGBModel_Alpha158_csi300_custom_step0_s_20260911_16,798d0a1909cb4658bfea592e4137ef05,0.032,,,
1662,2026-09-11,SH601100,-0.0028858287259936333,EXP_XGBModel_Alpha158_csi300_custom_step0_s_20260911_16,798d0a1909cb4658bfea592e4137ef05,0.032,,,
1663,2026-09-11,SH601088,0.01609037257730961,EXP_XGBModel_Alpha158_csi300_custom_step0_s_20260911_16,798d0a1909cb4658bfea592e4137ef05,0.032,,,
1664,2026-09-11,SH601077,0.018632402643561363,EXP_XGBModel_Alpha158_csi300_custom_step0_s_20260911_16,798d0a1909cb4658bfea592e4137ef05,0.032,,,
1665,2026-09-11,SH601066,-0.044596459716558456,EXP_XGBModel_Alpha158_csi300_custom_step0_s_20260911_16,798d0a1909cb4658bfea592e4137ef05,0.032,,,
1666,2026-09-11,SH601127,0.013363341800868511,EXP_XGBModel_Alpha158_csi300_custom_step0_s_20260911_16,798d0a1909cb4658bfea592e4137ef05,0.032,,,
1667,2026-09-11,SH600050,0.021892322227358818,EXP_XGBModel_Alpha158_csi300_custom_step0_s_20260911_16,798d0a1909cb4658bfea592e4137ef05,0.032,,,
1668,2026-09-11,SH601238,0.015498295426368713,EXP_XGBModel_Alpha158_csi300_custom_step0_s_20260911_16,798d0a1909cb4658bfea592e4137ef05,0.032,,,
1669,2026-09-11,SH601318,0.0037588051054626703,EXP_XGBModel_Alpha158_csi300_custom_step0_s_20260911_16,798d0a1909cb4658bfea592e4137ef05,0.032,,,
1670,2026-09-11,SH601633,-0.007875941693782806,EXP_XGBModel_Alpha158_csi300_custom_step0_s_20260911_16,798d0a1909cb4658bfea592e4137ef05,0.032,,,
1671,2026-09-11,SH601628,0.006598371546715498,EXP_XGBModel_Alpha158_csi300_custom_step0_s_20260911_16,798d0a1909cb4658bfea592e4137ef05,0.032,,,
1672,2026-09-11,SH601618,0.014915619045495987,EXP_XGBModel_Alpha158_csi300_custom_step0_s_20260911_16,798d0a1909cb4658bfea592e4137ef05,0.032,,,
1673,2026-09-11,SH601607,0.0400644950568676,EXP_XGBModel_Alpha158_csi300_custom_step0_s_20260911_16,798d0a1909cb4658bfea592e4137ef05,0.032,,,
1674,2026-09-11,SH601601,-0.01002882607281208,EXP_XGBModel_Alpha158_csi300_custom_step0_s_20260911_16,798d0a1909cb4658bfea592e4137ef05,0.032,,,
1675,2026-09-11,SH601600,-0.08244191110134125,EXP_XGBModel_Alpha158_csi300_custom_step0_s_20260911_16,798d0a1909cb4658bfea592e4137ef05,0.032,,,
1676,2026-09-11,SH601288,0.05692863091826439,EXP_XGBModel_Alpha158_csi300_custom_step0_s_20260911_16,798d0a1909cb4658bfea592e4137ef05,0.032,,,
1677,2026-09-11,SH601456,0.004962777253240347,EXP_XGBModel_Alpha158_csi300_custom_step0_s_20260911_16,798d0a1909cb4658bfea592e4137ef05,0.032,,,
1678,2026-09-11,SH601390,0.03692388907074928,EXP_XGBModel_Alpha158_csi300_custom_step0_s_20260911_16,798d0a1909cb4658bfea592e4137ef05,0.032,,,
1679,2026-09-11,SH601377,0.015651922672986984,EXP_XGBModel_Alpha158_csi300_custom_step0_s_20260911_16,798d0a1909cb4658bfea592e4137ef05,0.032,,,
1680,2026-09-11,SH601360,-0.03400353342294693,EXP_XGBModel_Alpha158_csi300_custom_step0_s_20260911_16,798d0a1909cb4658bfea592e4137ef05,0.032,,,
1681,2026-09-11,SH601336,-0.04686227813363075,EXP_XGBModel_Alpha158_csi300_custom_step0_s_20260911_16,798d0a1909cb4658bfea592e4137ef05,0.032,,,
1682,2026-09-11,SH601328,0.06626927852630615,EXP_XGBModel_Alpha158_csi300_custom_step0_s_20260911_16,798d0a1909cb4658bfea592e4137ef05,0.032,,,
1683,2026-09-11,SH601319,-0.009856987744569778,EXP_XGBModel_Alpha158_csi300_custom_step0_s_20260911_16,798d0a1909cb4658bfea592e4137ef05,0.032,,,
1684,2026-09-11,SH601398,0.05817483365535736,EXP_XGBModel_Alpha158_csi300_custom_step0_s_20260911_16,798d0a1909cb4658bfea592e4137ef05,0.032,,,
1685,2026-09-11,SH600309,0.01707194745540619,EXP_XGBModel_Alpha158_csi300_custom_step0_s_20260911_16,ffbba2b2109f49339f7a22883b0801ef,0.095,,,
1686,2026-09-11,SH600276,0.06422735005617142,EXP_XGBModel_Alpha158_csi300_custom_step0_s_20260911_16,ffbba2b2109f49339f7a22883b0801ef,0.095,,,
1687,2026-09-11,SH600233,-0.03771494701504707,EXP_XGBModel_Alpha158_csi300_custom_step0_s_20260911_16,ffbba2b2109f49339f7a22883b0801ef,0.095,,,
1688,2026-09-11,SZ002594,-0.057720597833395004,EXP_LinearModel_Alpha158_csi300_custom_step0_s_20260911_16,0653c690490f4dd1993de036c3536ece,0.016,,,
1689,2026-09-11,SZ002600,0.09424363076686859,EXP_LinearModel_Alpha158_csi300_custom_step0_s_20260911_16,0653c690490f4dd1993de036c3536ece,0.016,,,
1690,2026-09-11,SZ002602,0.004529120866209269,EXP_LinearModel_Alpha158_csi300_custom_step0_s_20260911_16,0653c690490f4dd1993de036c3536ece,0.016,,,
1691,2026-09-11,SZ002625,-0.02241746336221695,EXP_LinearModel_Alpha158_csi300_custom_step0_s_20260911_16,0653c690490f4dd1993de036c3536ece,0.016,,,
1692,2026-09-11,SZ002648,0.01877208612859249,EXP_LinearModel_Alpha158_csi300_custom_step0_s_20260911_16,0653c690490f4dd1993de036c3536ece,0.016,,,
1693,2026-09-11,SZ002709,0.08721739053726196,EXP_LinearModel_Alpha158_csi300_custom_step0_s_20260911_16,0653c690490f4dd1993de036c3536ece,0.016,,,
1694,2026-09-11,SZ002714,0.03319469466805458,EXP_LinearModel_Alpha158_csi300_custom_step0_s_20260911_16,0653c690490f4dd1993de036c3536ece,0.016,,,
1695,2026-09-11,SZ002736,-0.026399848982691765,EXP_LinearModel_Alpha158_csi300_custom_step0_s_20260911_16,0653c690490f4dd1993de036c3536ece,0.016,,,
1696,2026-09-11,SZ002837,0.05497739836573601,EXP_LinearModel_Alpha158_csi300_custom_step0_s_20260911_16,0653c690490f4dd1993de036c3536ece,0.016,,,
1697,2026-09-11,SZ002916,-0.00669510941952467,EXP_LinearModel_Alpha158_csi300_custom_step0_s_20260911_16,0653c690490f4dd1993de036c3536ece,0.016,,,
1698,2026-09-11,SZ002920,-0.030408257618546486,EXP_LinearModel_Alpha158_csi300_custom_step0_s_20260911_16,0653c690490f4dd1993de036c3536ece,0.016,,,
1699,2026-09-11,SZ002938,0.039120934903621674,EXP_LinearModel_Alpha158_csi300_custom_step0_s_20260911_16,0653c690490f4dd1993de036c3536ece,0.016,,,
1700,2026-09-11,SZ003816,0.06430933624505997,EXP_LinearModel_Alpha158_csi300_custom_step0_s_20260911_16,0653c690490f4dd1993de036c3536ece,0.016,,,
1701,2026-09-11,SZ300014,-0.06040000170469284,EXP_LinearModel_Alpha158_csi300_custom_step0_s_20260911_16,0653c690490f4dd1993de036c3536ece,0.016,,,
1702,2026-09-11,SZ300015,-0.034943222999572754,EXP_LinearModel_Alpha158_csi300_custom_step0_s_20260911_16,0653c690490f4dd1993de036c3536ece,0.016,,,
1703,2026-09-11,SZ300033,0.03044513612985611,EXP_LinearModel_Alpha158_csi300_custom_step0_s_20260911_16,0653c690490f4dd1993de036c3536ece,0.016,,,
1704,2026-09-11,SZ300059,-0.06898459047079086,EXP_LinearModel_Alpha158_csi300_custom_step0_s_20260911_16,0653c690490f4dd1993de036c3536ece,0.016,,,
1705,2026-09-11,SZ300476,0.17212098836898804,EXP_LinearModel_Alpha158_csi300_custom_step0_s_20260911_16,0653c690490f4dd1993de036c3536ece,0.016,,,
1706,2026-09-11,SZ300450,-0.007826123386621475,EXP_LinearModel_Alpha158_csi300_custom_step0_s_20260911_16,0653c690490f4dd1993de036c3536ece,0.016,,,
1707,2026-09-11,SZ300442,0.0595623180270195,EXP_LinearModel_Alpha158_csi300_custom_step0_s_20260911_16,0653c690490f4dd1993de036c3536ece,0.016,,,
1708,2026-09-11,SZ300433,0.1968763768672943,EXP_LinearModel_Alpha158_csi300_custom_step0_s_20260911_16,0653c690490f4dd1993de036c3536ece,0.016,,,
1709,2026-09-11,SZ300418,-0.0567626915872097,EXP_LinearModel_Alpha158_csi300_custom_step0_s_20260911_16,0653c690490f4dd1993de036c3536ece,0.016,,,
1710,2026-09-11,SZ300413,-0.046438686549663544,EXP_LinearModel_Alpha158_csi300_custom_step0_s_20260911_16,0653c690490f4dd1993de036c3536ece,0.016,,,
1711,2026-09-11,SZ002558,0.009314488619565964,EXP_LinearModel_Alpha158_csi300_custom_step0_s_20260911_16,0653c690490f4dd1993de036c3536ece,0.016,,,
1712,2026-09-11,SZ300408,0.11314240843057632,EXP_LinearModel_Alpha158_csi300_custom_step0_s_20260911_16,0653c690490f4dd1993de036c3536ece,0.016,,,
1713,2026-09-11,SZ300316,0.0018540499731898308,EXP_LinearModel_Alpha158_csi300_custom_step0_s_20260911_16,0653c690490f4dd1993de036c3536ece,0.016,,,
1714,2026-09-11,SZ300308,0.0344427153468132,EXP_LinearModel_Alpha158_csi300_custom_step0_s_20260911_16,0653c690490f4dd1993de036c3536ece,0.016,,,
1715,2026-09-11,SZ300274,0.2390258014202118,EXP_LinearModel_Alpha158_csi300_custom_step0_s_20260911_16,0653c690490f4dd1993de036c3536ece,0.016,,,
1716,2026-09-11,SZ300251,-0.01245855912566185,EXP_LinearModel_Alpha158_csi300_custom_step0_s_20260911_16,0653c690490f4dd1993de036c3536ece,0.016,,,
1717,2026-09-11,SZ300124,0.08743126690387726,EXP_LinearModel_Alpha158_csi300_custom_step0_s_20260911_16,0653c690490f4dd1993de036c3536ece,0.016,,,
1718,2026-09-11,SZ300122,0.00247718277387321,EXP_LinearModel_Alpha158_csi300_custom_step0_s_20260911_16,0653c690490f4dd1993de036c3536ece,0.016,,,
1719,2026-09-11,SZ300394,0.041424013674259186,EXP_LinearModel_Alpha158_csi300_custom_step0_s_20260911_16,0653c690490f4dd1993de036c3536ece,0.016,,,
1720,2026-09-11,SZ300498,-0.007561788894236088,EXP_LinearModel_Alpha158_csi300_custom_step0_s_20260911_16,0653c690490f4dd1993de036c3536ece,0.016,,,
1721,2026-09-11,SZ002532,-0.030110148712992668,EXP_LinearModel_Alpha158_csi300_custom_step0_s_20260911_16,0653c690490f4dd1993de036c3536ece,0.016,,,
1722,2026-09-11,SZ002475,0.06463552266359329,EXP_LinearModel_Alpha158_csi300_custom_step0_s_20260911_16,0653c690490f4dd1993de036c3536ece,0.016,,,
1723,2026-09-11,SZ000975,-0.11853282898664474,EXP_LinearModel_Alpha158_csi300_custom_step0_s_20260911_16,0653c690490f4dd1993de036c3536ece,0.016,,,
1724,2026-09-11,SZ000977,-0.024401912465691566,EXP_LinearModel_Alpha158_csi300_custom_step0_s_20260911_16,0653c690490f4dd1993de036c3536ece,0.016,,,
1725,2026-09-11,SZ000988,0.07146826386451721,EXP_LinearModel_Alpha158_csi300_custom_step0_s_20260911_16,0653c690490f4dd1993de036c3536ece,0.016,,,
1726,2026-09-11,SZ000999,-0.05184032768011093,EXP_LinearModel_Alpha158_csi300_custom_step0_s_20260911_16,0653c690490f4dd1993de036c3536ece,0.016,,,
1727,2026-09-11,SZ001280,0.004306633956730366,EXP_LinearModel_Alpha158_csi300_custom_step0_s_20260911_16,0653c690490f4dd1993de036c3536ece,0.016,,,
1728,2026-09-11,SZ001391,-0.02866131253540516,EXP_LinearModel_Alpha158_csi300_custom_step0_s_20260911_16,0653c690490f4dd1993de036c3536ece,0.016,,,
1729,2026-09-11,SZ001965,0.06291459500789642,EXP_LinearModel_Alpha158_csi300_custom_step0_s_20260911_16,0653c690490f4dd1993de036c3536ece,0.016,,,
1730,2026-09-11,SZ001979,0.06092201918363571,EXP_LinearModel_Alpha158_csi300_custom_step0_s_20260911_16,0653c690490f4dd1993de036c3536ece,0.016,,,
1731,2026-09-11,SZ002001,0.016230909153819084,EXP_LinearModel_Alpha158_csi300_custom_step0_s_20260911_16,0653c690490f4dd1993de036c3536ece,0.016,,,
1732,2026-09-11,SZ002027,-0.0511593371629715,EXP_LinearModel_Alpha158_csi300_custom_step0_s_20260911_16,0653c690490f4dd1993de036c3536ece,0.016,,,
1733,2026-09-11,SZ002028,0.15831759572029114,EXP_LinearModel_Alpha158_csi300_custom_step0_s_20260911_16,0653c690490f4dd1993de036c3536ece,0.016,,,
1734,2026-09-11,SZ002049,0.056484486907720566,EXP_LinearModel_Alpha158_csi300_custom_step0_s_20260911_16,0653c690490f4dd1993de036c3536ece,0.016,,,
1735,2026-09-11,SZ002050,0.05477297678589821,EXP_LinearModel_Alpha158_csi300_custom_step0_s_20260911_16,0653c690490f4dd1993de036c3536ece,0.016,,,
1736,2026-09-11,SZ002074,-0.08499089628458023,EXP_LinearModel_Alpha158_csi300_custom_step0_s_20260911_16,0653c690490f4dd1993de036c3536ece,0.016,,,
1737,2026-09-11,SZ002142,0.05274410545825958,EXP_LinearModel_Alpha158_csi300_custom_step0_s_20260911_16,0653c690490f4dd1993de036c3536ece,0.016,,,
1738,2026-09-11,SZ002179,0.08706581592559814,EXP_LinearModel_Alpha158_csi300_custom_step0_s_20260911_16,0653c690490f4dd1993de036c3536ece,0.016,,,
1739,2026-09-11,SZ002202,-0.02548026479780674,EXP_LinearModel_Alpha158_csi300_custom_step0_s_20260911_16,0653c690490f4dd1993de036c3536ece,0.016,,,
1740,2026-09-11,SZ002466,0.04877882078289986,EXP_LinearModel_Alpha158_csi300_custom_step0_s_20260911_16,0653c690490f4dd1993de036c3536ece,0.016,,,
1741,2026-09-11,SZ002463,0.011710879392921925,EXP_LinearModel_Alpha158_csi300_custom_step0_s_20260911_16,0653c690490f4dd1993de036c3536ece,0.016,,,
1742,2026-09-11,SZ002460,0.028639281168580055,EXP_LinearModel_Alpha158_csi300_custom_step0_s_20260911_16,0653c690490f4dd1993de036c3536ece,0.016,,,
1743,2026-09-11,SZ002422,0.011954549700021744,EXP_LinearModel_Alpha158_csi300_custom_step0_s_20260911_16,0653c690490f4dd1993de036c3536ece,0.016,,,
1744,2026-09-11,SZ002415,-0.1310962736606598,EXP_LinearModel_Alpha158_csi300_custom_step0_s_20260911_16,0653c690490f4dd1993de036c3536ece,0.016,,,
1745,2026-09-11,SZ002384,-0.0070824576541781425,EXP_LinearModel_Alpha158_csi300_custom_step0_s_20260911_16,0653c690490f4dd1993de036c3536ece,0.016,,,
1746,2026-09-11,SZ002493,0.08796759694814682,EXP_LinearModel_Alpha158_csi300_custom_step0_s_20260911_16,0653c690490f4dd1993de036c3536ece,0.016,,,
1747,2026-09-11,SZ002371,0.0843585804104805,EXP_LinearModel_Alpha158_csi300_custom_step0_s_20260911_16,0653c690490f4dd1993de036c3536ece,0.016,,,
1748,2026-09-11,SZ002352,-0.07005203515291214,EXP_LinearModel_Alpha158_csi300_custom_step0_s_20260911_16,0653c690490f4dd1993de036c3536ece,0.016,,,
1749,2026-09-11,SZ002311,-0.10129654407501221,EXP_LinearModel_Alpha158_csi300_custom_step0_s_20260911_16,0653c690490f4dd1993de036c3536ece,0.016,,,
1750,2026-09-11,SZ002304,-0.04546614736318588,EXP_LinearModel_Alpha158_csi300_custom_step0_s_20260911_16,0653c690490f4dd1993de036c3536ece,0.016,,,
1751,2026-09-11,SZ002241,-0.0025801435112953186,EXP_LinearModel_Alpha158_csi300_custom_step0_s_20260911_16,0653c690490f4dd1993de036c3536ece,0.016,,,
1752,2026-09-11,SZ002236,-0.12412416189908981,EXP_LinearModel_Alpha158_csi300_custom_step0_s_20260911_16,0653c690490f4dd1993de036c3536ece,0.016,,,
1753,2026-09-11,SZ002230,-0.04191736504435539,EXP_LinearModel_Alpha158_csi300_custom_step0_s_20260911_16,0653c690490f4dd1993de036c3536ece,0.016,,,
1754,2026-09-11,SZ002353,0.18050917983055115,EXP_LinearModel_Alpha158_csi300_custom_step0_s_20260911_16,0653c690490f4dd1993de036c3536ece,0.016,,,
1755,2026-09-11,SZ000963,-0.07277610898017883,EXP_LinearModel_Alpha158_csi300_custom_step0_s_20260911_16,0653c690490f4dd1993de036c3536ece,0.016,,,
1756,2026-09-11,SZ300502,0.1066150814294815,EXP_LinearModel_Alpha158_csi300_custom_step0_s_20260911_16,0653c690490f4dd1993de036c3536ece,0.016,,,
1757,2026-09-11,SZ300661,0.07101073116064072,EXP_LinearModel_Alpha158_csi300_custom_step0_s_20260911_16,0653c690490f4dd1993de036c3536ece,0.016,,,
1758,2026-09-11,SH600089,0.010432492941617966,EXP_LinearModel_Alpha158_csi300_custom_step0_s_20260911_16,73ae71cb0ed14ea3ae74206b81f6a52e,0.072,,,
1759,2026-09-11,SH600104,0.016068339347839355,EXP_LinearModel_Alpha158_csi300_custom_step0_s_20260911_16,73ae71cb0ed14ea3ae74206b81f6a52e,0.072,,,
1760,2026-09-11,SH600111,-0.13880755007266998,EXP_LinearModel_Alpha158_csi300_custom_step0_s_20260911_16,73ae71cb0ed14ea3ae74206b81f6a52e,0.072,,,
1761,2026-09-11,SH600115,-0.05114676430821419,EXP_LinearModel_Alpha158_csi300_custom_step0_s_20260911_16,73ae71cb0ed14ea3ae74206b81f6a52e,0.072,,,
1762,2026-09-11,SH600118,-0.011620787903666496,EXP_LinearModel_Alpha158_csi300_custom_step0_s_20260911_16,73ae71cb0ed14ea3ae74206b81f6a52e,0.072,,,
1763,2026-09-11,SH600150,0.03530346229672432,EXP_LinearModel_Alpha158_csi300_custom_step0_s_20260911_16,73ae71cb0ed14ea3ae74206b81f6a52e,0.072,,,
1764,2026-09-11,SH600160,0.0676245391368866,EXP_LinearModel_Alpha158_csi300_custom_step0_s_20260911_16,73ae71cb0ed14ea3ae74206b81f6a52e,0.072,,,
1765,2026-09-11,SH600176,0.13284875452518463,EXP_LinearModel_Alpha158_csi300_custom_step0_s_20260911_16,73ae71cb0ed14ea3ae74206b81f6a52e,0.072,,,
1766,2026-09-11,SH600183,-0.00414504949003458,EXP_LinearModel_Alpha158_csi300_custom_step0_s_20260911_16,73ae71cb0ed14ea3ae74206b81f6a52e,0.072,,,
1767,2026-09-11,SH600188,0.07684347033500671,EXP_LinearModel_Alpha158_csi300_custom_step0_s_20260911_16,73ae71cb0ed14ea3ae74206b81f6a52e,0.072,,,
1768,2026-09-11,SH600196,-0.062567800283432,EXP_LinearModel_Alpha158_csi300_custom_step0_s_20260911_16,73ae71cb0ed14ea3ae74206b81f6a52e,0.072,,,
1769,2026-09-11,SH600219,-0.12228290736675262,EXP_LinearModel_Alpha158_csi300_custom_step0_s_20260911_16,73ae71cb0ed14ea3ae74206b81f6a52e,0.072,,,
1770,2026-09-11,SH600221,-0.03874439746141434,EXP_LinearModel_Alpha158_csi300_custom_step0_s_20260911_16,73ae71cb0ed14ea3ae74206b81f6a52e,0.072,,,
1771,2026-09-11,SH600233,-0.0848541334271431,EXP_LinearModel_Alpha158_csi300_custom_step0_s_20260911_16,73ae71cb0ed14ea3ae74206b81f6a52e,0.072,,,
1772,2026-09-11,SH600276,0.012916332110762596,EXP_LinearModel_Alpha158_csi300_custom_step0_s_20260911_16,73ae71cb0ed14ea3ae74206b81f6a52e,0.072,,,
1773,2026-09-11,SH600309,0.08717266470193863,EXP_LinearModel_Alpha158_csi300_custom_step0_s_20260911_16,73ae71cb0ed14ea3ae74206b81f6a52e,0.072,,,
1774,2026-09-11,SH600346,0.18425853550434113,EXP_LinearModel_Alpha158_csi300_custom_step0_s_20260911_16,73ae71cb0ed14ea3ae74206b81f6a52e,0.072,,,
1775,2026-09-11,SH600547,0.05054538697004318,EXP_LinearModel_Alpha158_csi300_custom_step0_s_20260911_16,73ae71cb0ed14ea3ae74206b81f6a52e,0.072,,,
1776,2026-09-11,SH600522,-0.047787703573703766,EXP_LinearModel_Alpha158_csi300_custom_step0_s_20260911_16,73ae71cb0ed14ea3ae74206b81f6a52e,0.072,,,
1777,2026-09-11,SH600519,-0.09543171525001526,EXP_LinearModel_Alpha158_csi300_custom_step0_s_20260911_16,73ae71cb0ed14ea3ae74206b81f6a52e,0.072,,,
1778,2026-09-11,SH600515,-0.007781746797263622,EXP_LinearModel_Alpha158_csi300_custom_step0_s_20260911_16,73ae71cb0ed14ea3ae74206b81f6a52e,0.072,,,
1779,2026-09-11,SH600489,0.039754051715135574,EXP_LinearModel_Alpha158_csi300_custom_step0_s_20260911_16,73ae71cb0ed14ea3ae74206b81f6a52e,0.072,,,
1780,2026-09-11,SH600482,0.05862607806921005,EXP_LinearModel_Alpha158_csi300_custom_step0_s_20260911_16,73ae71cb0ed14ea3ae74206b81f6a52e,0.072,,,
1781,2026-09-11,SH600085,-0.10149157047271729,EXP_LinearModel_Alpha158_csi300_custom_step0_s_20260911_16,73ae71cb0ed14ea3ae74206b81f6a52e,0.072,,,
1782,2026-09-11,SH600460,0.1680116057395935,EXP_LinearModel_Alpha158_csi300_custom_step0_s_20260911_16,73ae71cb0ed14ea3ae74206b81f6a52e,0.072,,,
1783,2026-09-11,SH600436,-0.037027738988399506,EXP_LinearModel_Alpha158_csi300_custom_step0_s_20260911_16,73ae71cb0ed14ea3ae74206b81f6a52e,0.072,,,
1784,2026-09-11,SH600426,0.13216479122638702,EXP_LinearModel_Alpha158_csi300_custom_step0_s_20260911_16,73ae71cb0ed14ea3ae74206b81f6a52e,0.072,,,
1785,2026-09-11,SH600415,-0.049700427800416946,EXP_LinearModel_Alpha158_csi300_custom_step0_s_20260911_16,73ae71cb0ed14ea3ae74206b81f6a52e,0.072,,,
1786,2026-09-11,SH600406,-0.05287740379571915,EXP_LinearModel_Alpha158_csi300_custom_step0_s_20260911_16,73ae71cb0ed14ea3ae74206b81f6a52e,0.072,,,
1787,2026-09-11,SH600372,0.05959394574165344,EXP_LinearModel_Alpha158_csi300_custom_step0_s_20260911_16,73ae71cb0ed14ea3ae74206b81f6a52e,0.072,,,
1788,2026-09-11,SH600362,-0.044567424803972244,EXP_LinearModel_Alpha158_csi300_custom_step0_s_20260911_16,73ae71cb0ed14ea3ae74206b81f6a52e,0.072,,,
1789,2026-09-11,SH600438,0.0005235709249973297,EXP_LinearModel_Alpha158_csi300_custom_step0_s_20260911_16,73ae71cb0ed14ea3ae74206b81f6a52e,0.072,,,
1790,2026-09-11,SZ300628,-0.05899981036782265,EXP_LinearModel_Alpha158_csi300_custom_step0_s_20260911_16,0653c690490f4dd1993de036c3536ece,0.016,,,
1791,2026-09-11,SH600066,-0.10976041853427887,EXP_LinearModel_Alpha158_csi300_custom_step0_s_20260911_16,73ae71cb0ed14ea3ae74206b81f6a52e,0.072,,,
1792,2026-09-11,SH600050,-0.09509239345788956,EXP_LinearModel_Alpha158_csi300_custom_step0_s_20260911_16,73ae71cb0ed14ea3ae74206b81f6a52e,0.072,,,
1793,2026-09-11,SZ300750,0.06263896822929382,EXP_LinearModel_Alpha158_csi300_custom_step0_s_20260911_16,0653c690490f4dd1993de036c3536ece,0.016,,,
1794,2026-09-11,SZ300760,0.04952303692698479,EXP_LinearModel_Alpha158_csi300_custom_step0_s_20260911_16,0653c690490f4dd1993de036c3536ece,0.016,,,
1795,2026-09-11,SZ300803,0.10325447469949722,EXP_LinearModel_Alpha158_csi300_custom_step0_s_20260911_16,0653c690490f4dd1993de036c3536ece,0.016,,,
1796,2026-09-11,SZ300832,0.0321640744805336,EXP_LinearModel_Alpha158_csi300_custom_step0_s_20260911_16,0653c690490f4dd1993de036c3536ece,0.016,,,
1797,2026-09-11,SZ300866,0.026202242821455002,EXP_LinearModel_Alpha158_csi300_custom_step0_s_20260911_16,0653c690490f4dd1993de036c3536ece,0.016,,,
1798,2026-09-11,SZ300896,0.01265739742666483,EXP_LinearModel_Alpha158_csi300_custom_step0_s_20260911_16,0653c690490f4dd1993de036c3536ece,0.016,,,
1799,2026-09-11,SZ300999,0.035951197147369385,EXP_LinearModel_Alpha158_csi300_custom_step0_s_20260911_16,0653c690490f4dd1993de036c3536ece,0.016,,,
1800,2026-09-11,SZ301165,-0.02053164131939411,EXP_LinearModel_Alpha158_csi300_custom_step0_s_20260911_16,0653c690490f4dd1993de036c3536ece,0.016,,,
1801,2026-09-11,SZ301236,0.03713351860642433,EXP_LinearModel_Alpha158_csi300_custom_step0_s_20260911_16,0653c690490f4dd1993de036c3536ece,0.016,,,
1802,2026-09-11,SZ301269,0.044900789856910706,EXP_LinearModel_Alpha158_csi300_custom_step0_s_20260911_16,0653c690490f4dd1993de036c3536ece,0.016,,,
1803,2026-09-11,SZ301308,0.3013942539691925,EXP_LinearModel_Alpha158_csi300_custom_step0_s_20260911_16,0653c690490f4dd1993de036c3536ece,0.016,,,
1804,2026-09-11,SZ302132,-0.015573391690850258,EXP_LinearModel_Alpha158_csi300_custom_step0_s_20260911_16,0653c690490f4dd1993de036c3536ece,0.016,,,
1805,2026-09-11,SH600000,-0.15471062064170837,EXP_LinearModel_Alpha158_csi300_custom_step0_s_20260911_16,73ae71cb0ed14ea3ae74206b81f6a52e,0.072,,,
1806,2026-09-11,SH600009,-0.030178338289260864,EXP_LinearModel_Alpha158_csi300_custom_step0_s_20260911_16,73ae71cb0ed14ea3ae74206b81f6a52e,0.072,,,
1807,2026-09-11,SH600010,-0.11522985994815826,EXP_LinearModel_Alpha158_csi300_custom_step0_s_20260911_16,73ae71cb0ed14ea3ae74206b81f6a52e,0.072,,,
1808,2026-09-11,SH600011,-0.03647682070732117,EXP_LinearModel_Alpha158_csi300_custom_step0_s_20260911_16,73ae71cb0ed14ea3ae74206b81f6a52e,0.072,,,
1809,2026-09-11,SH600015,-0.09504636377096176,EXP_LinearModel_Alpha158_csi300_custom_step0_s_20260911_16,73ae71cb0ed14ea3ae74206b81f6a52e,0.072,,,
1810,2026-09-11,SH600048,-0.07169762998819351,EXP_LinearModel_Alpha158_csi300_custom_step0_s_20260911_16,73ae71cb0ed14ea3ae74206b81f6a52e,0.072,,,
1811,2026-09-11,SH600039,-0.08870829641819,EXP_LinearModel_Alpha158_csi300_custom_step0_s_20260911_16,73ae71cb0ed14ea3ae74206b81f6a52e,0.072,,,
1812,2026-09-11,SH600036,-0.01655203104019165,EXP_LinearModel_Alpha158_csi300_custom_step0_s_20260911_16,73ae71cb0ed14ea3ae74206b81f6a52e,0.072,,,
1813,2026-09-11,SH600031,-0.09642228484153748,EXP_LinearModel_Alpha158_csi300_custom_step0_s_20260911_16,73ae71cb0ed14ea3ae74206b81f6a52e,0.072,,,
1814,2026-09-11,SH600030,-0.08484554290771484,EXP_LinearModel_Alpha158_csi300_custom_step0_s_20260911_16,73ae71cb0ed14ea3ae74206b81f6a52e,0.072,,,
1815,2026-09-11,SH600029,-0.04788766801357269,EXP_LinearModel_Alpha158_csi300_custom_step0_s_20260911_16,73ae71cb0ed14ea3ae74206b81f6a52e,0.072,,,
1816,2026-09-11,SH600061,-0.018126726150512695,EXP_LinearModel_Alpha158_csi300_custom_step0_s_20260911_16,73ae71cb0ed14ea3ae74206b81f6a52e,0.072,,,
1817,2026-09-11,SH600028,0.10587803274393082,EXP_LinearModel_Alpha158_csi300_custom_step0_s_20260911_16,73ae71cb0ed14ea3ae74206b81f6a52e,0.072,,,
1818,2026-09-11,SH600026,0.16721144318580627,EXP_LinearModel_Alpha158_csi300_custom_step0_s_20260911_16,73ae71cb0ed14ea3ae74206b81f6a52e,0.072,,,
1819,2026-09-11,SH600025,-0.08539655059576035,EXP_LinearModel_Alpha158_csi300_custom_step0_s_20260911_16,73ae71cb0ed14ea3ae74206b81f6a52e,0.072,,,
1820,2026-09-11,SH600023,-0.022823438048362732,EXP_LinearModel_Alpha158_csi300_custom_step0_s_20260911_16,73ae71cb0ed14ea3ae74206b81f6a52e,0.072,,,
1821,2026-09-11,SH600019,-0.032446928322315216,EXP_LinearModel_Alpha158_csi300_custom_step0_s_20260911_16,73ae71cb0ed14ea3ae74206b81f6a52e,0.072,,,
1822,2026-09-11,SH600018,-0.007105529308319092,EXP_LinearModel_Alpha158_csi300_custom_step0_s_20260911_16,73ae71cb0ed14ea3ae74206b81f6a52e,0.072,,,
1823,2026-09-11,SH600016,0.07755746692419052,EXP_LinearModel_Alpha158_csi300_custom_step0_s_20260911_16,73ae71cb0ed14ea3ae74206b81f6a52e,0.072,,,
1824,2026-09-11,SH600027,0.09062080830335617,EXP_LinearModel_Alpha158_csi300_custom_step0_s_20260911_16,73ae71cb0ed14ea3ae74206b81f6a52e,0.072,,,
1825,2026-09-11,SZ000938,-0.05799182876944542,EXP_LinearModel_Alpha158_csi300_custom_step0_s_20260911_16,0653c690490f4dd1993de036c3536ece,0.016,,,
1826,2026-09-11,SZ000895,-0.0880342498421669,EXP_LinearModel_Alpha158_csi300_custom_step0_s_20260911_16,0653c690490f4dd1993de036c3536ece,0.016,,,
1827,2026-09-11,SZ000858,-0.08972454071044922,EXP_LinearModel_Alpha158_csi300_custom_step0_s_20260911_16,0653c690490f4dd1993de036c3536ece,0.016,,,
1828,2026-09-11,SH601360,-0.007092109881341457,EXP_LinearModel_Alpha158_csi300_custom_step0_s_20260911_16,0653c690490f4dd1993de036c3536ece,0.016,,,
1829,2026-09-11,SH601377,-0.03964496776461601,EXP_LinearModel_Alpha158_csi300_custom_step0_s_20260911_16,0653c690490f4dd1993de036c3536ece,0.016,,,
1830,2026-09-11,SH601390,-0.0070616318844258785,EXP_LinearModel_Alpha158_csi300_custom_step0_s_20260911_16,0653c690490f4dd1993de036c3536ece,0.016,,,
1831,2026-09-11,SH601398,0.004420517012476921,EXP_LinearModel_Alpha158_csi300_custom_step0_s_20260911_16,0653c690490f4dd1993de036c3536ece,0.016,,,
1832,2026-09-11,SH601456,-0.12926892936229706,EXP_LinearModel_Alpha158_csi300_custom_step0_s_20260911_16,0653c690490f4dd1993de036c3536ece,0.016,,,
1833,2026-09-11,SH601600,-0.012966742739081383,EXP_LinearModel_Alpha158_csi300_custom_step0_s_20260911_16,0653c690490f4dd1993de036c3536ece,0.016,,,
1834,2026-09-11,SH601601,0.024203434586524963,EXP_LinearModel_Alpha158_csi300_custom_step0_s_20260911_16,0653c690490f4dd1993de036c3536ece,0.016,,,
1835,2026-09-11,SH601607,-0.021288815885782242,EXP_LinearModel_Alpha158_csi300_custom_step0_s_20260911_16,0653c690490f4dd1993de036c3536ece,0.016,,,
1836,2026-09-11,SH601618,-0.017605019733309746,EXP_LinearModel_Alpha158_csi300_custom_step0_s_20260911_16,0653c690490f4dd1993de036c3536ece,0.016,,,
1837,2026-09-11,SH601628,-0.02790224179625511,EXP_LinearModel_Alpha158_csi300_custom_step0_s_20260911_16,0653c690490f4dd1993de036c3536ece,0.016,,,
1838,2026-09-11,SH601633,-0.09762228280305862,EXP_LinearModel_Alpha158_csi300_custom_step0_s_20260911_16,0653c690490f4dd1993de036c3536ece,0.016,,,
1839,2026-09-11,SH601658,0.005784577690064907,EXP_LinearModel_Alpha158_csi300_custom_step0_s_20260911_16,0653c690490f4dd1993de036c3536ece,0.016,,,
1840,2026-09-11,SH601668,-0.0032449171412736177,EXP_LinearModel_Alpha158_csi300_custom_step0_s_20260911_16,0653c690490f4dd1993de036c3536ece,0.016,,,
1841,2026-09-11,SH601669,-0.06747043132781982,EXP_LinearModel_Alpha158_csi300_custom_step0_s_20260911_16,0653c690490f4dd1993de036c3536ece,0.016,,,
1842,2026-09-11,SH601688,0.02560616284608841,EXP_LinearModel_Alpha158_csi300_custom_step0_s_20260911_16,0653c690490f4dd1993de036c3536ece,0.016,,,
1843,2026-09-11,SH601689,0.10420180857181549,EXP_LinearModel_Alpha158_csi300_custom_step0_s_20260911_16,0653c690490f4dd1993de036c3536ece,0.016,,,
1844,2026-09-11,SH601698,0.054387252777814865,EXP_LinearModel_Alpha158_csi300_custom_step0_s_20260911_16,0653c690490f4dd1993de036c3536ece,0.016,,,
1845,2026-09-11,SH601878,-0.10412698984146118,EXP_LinearModel_Alpha158_csi300_custom_step0_s_20260911_16,0653c690490f4dd1993de036c3536ece,0.016,,,
1846,2026-09-11,SH601877,-0.036157600581645966,EXP_LinearModel_Alpha158_csi300_custom_step0_s_20260911_16,0653c690490f4dd1993de036c3536ece,0.016,,,
1847,2026-09-11,SH601872,-0.06253333389759064,EXP_LinearModel_Alpha158_csi300_custom_step0_s_20260911_16,0653c690490f4dd1993de036c3536ece,0.016,,,
1848,2026-09-11,SH601868,-0.03625129908323288,EXP_LinearModel_Alpha158_csi300_custom_step0_s_20260911_16,0653c690490f4dd1993de036c3536ece,0.016,,,
1849,2026-09-11,SH601857,-0.015799904242157936,EXP_LinearModel_Alpha158_csi300_custom_step0_s_20260911_16,0653c690490f4dd1993de036c3536ece,0.016,,,
1850,2026-09-11,SH601838,0.035966068506240845,EXP_LinearModel_Alpha158_csi300_custom_step0_s_20260911_16,0653c690490f4dd1993de036c3536ece,0.016,,,
1851,2026-09-11,SH601336,-0.046552032232284546,EXP_LinearModel_Alpha158_csi300_custom_step0_s_20260911_16,0653c690490f4dd1993de036c3536ece,0.016,,,
1852,2026-09-11,SH601825,0.033256009221076965,EXP_LinearModel_Alpha158_csi300_custom_step0_s_20260911_16,0653c690490f4dd1993de036c3536ece,0.016,,,
1853,2026-09-11,SH601816,-0.08063036948442459,EXP_LinearModel_Alpha158_csi300_custom_step0_s_20260911_16,0653c690490f4dd1993de036c3536ece,0.016,,,
1854,2026-09-11,SH601800,0.011986799538135529,EXP_LinearModel_Alpha158_csi300_custom_step0_s_20260911_16,0653c690490f4dd1993de036c3536ece,0.016,,,
1855,2026-09-11,SH601788,-0.061704061925411224,EXP_LinearModel_Alpha158_csi300_custom_step0_s_20260911_16,0653c690490f4dd1993de036c3536ece,0.016,,,
1856,2026-09-11,SH601766,-0.014135748147964478,EXP_LinearModel_Alpha158_csi300_custom_step0_s_20260911_16,0653c690490f4dd1993de036c3536ece,0.016,,,
1857,2026-09-11,SH601728,-0.03664036840200424,EXP_LinearModel_Alpha158_csi300_custom_step0_s_20260911_16,0653c690490f4dd1993de036c3536ece,0.016,,,
1858,2026-09-11,SH601727,0.03612309694290161,EXP_LinearModel_Alpha158_csi300_custom_step0_s_20260911_16,0653c690490f4dd1993de036c3536ece,0.016,,,
1859,2026-09-11,SH601818,-0.06514304131269455,EXP_LinearModel_Alpha158_csi300_custom_step0_s_20260911_16,0653c690490f4dd1993de036c3536ece,0.016,,,
1860,2026-09-11,SH601881,-0.0765509307384491,EXP_LinearModel_Alpha158_csi300_custom_step0_s_20260911_16,0653c690490f4dd1993de036c3536ece,0.016,,,
1861,2026-09-11,SH601328,0.03326072916388512,EXP_LinearModel_Alpha158_csi300_custom_step0_s_20260911_16,0653c690490f4dd1993de036c3536ece,0.016,,,
1862,2026-09-11,SH601318,-0.0001515224575996399,EXP_LinearModel_Alpha158_csi300_custom_step0_s_20260911_16,0653c690490f4dd1993de036c3536ece,0.016,,,
1863,2026-09-11,SH600926,0.04449264332652092,EXP_LinearModel_Alpha158_csi300_custom_step0_s_20260911_16,0653c690490f4dd1993de036c3536ece,0.016,,,
1864,2026-09-11,SH600930,0.0255070012062788,EXP_LinearModel_Alpha158_csi300_custom_step0_s_20260911_16,0653c690490f4dd1993de036c3536ece,0.016,,,
1865,2026-09-11,SH600938,-0.02266298606991768,EXP_LinearModel_Alpha158_csi300_custom_step0_s_20260911_16,0653c690490f4dd1993de036c3536ece,0.016,,,
1866,2026-09-11,SH600941,-0.003364603966474533,EXP_LinearModel_Alpha158_csi300_custom_step0_s_20260911_16,0653c690490f4dd1993de036c3536ece,0.016,,,
1867,2026-09-11,SH600958,-0.03099704720079899,EXP_LinearModel_Alpha158_csi300_custom_step0_s_20260911_16,0653c690490f4dd1993de036c3536ece,0.016,,,
1868,2026-09-11,SH600989,-0.014649941585958004,EXP_LinearModel_Alpha158_csi300_custom_step0_s_20260911_16,0653c690490f4dd1993de036c3536ece,0.016,,,
1869,2026-09-11,SH600999,0.015069620683789253,EXP_LinearModel_Alpha158_csi300_custom_step0_s_20260911_16,0653c690490f4dd1993de036c3536ece,0.016,,,
1870,2026-09-11,SH601006,0.04256138950586319,EXP_LinearModel_Alpha158_csi300_custom_step0_s_20260911_16,0653c690490f4dd1993de036c3536ece,0.016,,,
1871,2026-09-11,SH601009,0.06065208092331886,EXP_LinearModel_Alpha158_csi300_custom_step0_s_20260911_16,0653c690490f4dd1993de036c3536ece,0.016,,,
1872,2026-09-11,SH601012,-0.020267587155103683,EXP_LinearModel_Alpha158_csi300_custom_step0_s_20260911_16,0653c690490f4dd1993de036c3536ece,0.016,,,
1873,2026-09-11,SH601018,0.05062001198530197,EXP_LinearModel_Alpha158_csi300_custom_step0_s_20260911_16,0653c690490f4dd1993de036c3536ece,0.016,,,
1874,2026-09-11,SH601021,-0.055242449045181274,EXP_LinearModel_Alpha158_csi300_custom_step0_s_20260911_16,0653c690490f4dd1993de036c3536ece,0.016,,,
1875,2026-09-11,SH601058,-0.006926516070961952,EXP_LinearModel_Alpha158_csi300_custom_step0_s_20260911_16,0653c690490f4dd1993de036c3536ece,0.016,,,
1876,2026-09-11,SH601059,-0.050374921411275864,EXP_LinearModel_Alpha158_csi300_custom_step0_s_20260911_16,0653c690490f4dd1993de036c3536ece,0.016,,,
1877,2026-09-11,SH601066,-0.03258626163005829,EXP_LinearModel_Alpha158_csi300_custom_step0_s_20260911_16,0653c690490f4dd1993de036c3536ece,0.016,,,
1878,2026-09-11,SH601077,0.03038661926984787,EXP_LinearModel_Alpha158_csi300_custom_step0_s_20260911_16,0653c690490f4dd1993de036c3536ece,0.016,,,
1879,2026-09-11,SH601088,0.002355898730456829,EXP_LinearModel_Alpha158_csi300_custom_step0_s_20260911_16,0653c690490f4dd1993de036c3536ece,0.016,,,
1880,2026-09-11,SH601288,0.02410540170967579,EXP_LinearModel_Alpha158_csi300_custom_step0_s_20260911_16,0653c690490f4dd1993de036c3536ece,0.016,,,
1881,2026-09-11,SH601238,-0.023735783994197845,EXP_LinearModel_Alpha158_csi300_custom_step0_s_20260911_16,0653c690490f4dd1993de036c3536ece,0.016,,,
1882,2026-09-11,SH601229,-0.04395907372236252,EXP_LinearModel_Alpha158_csi300_custom_step0_s_20260911_16,0653c690490f4dd1993de036c3536ece,0.016,,,
1883,2026-09-11,SH601225,0.032791946083307266,EXP_LinearModel_Alpha158_csi300_custom_step0_s_20260911_16,0653c690490f4dd1993de036c3536ece,0.016,,,
1884,2026-09-11,SH601211,-0.03684527426958084,EXP_LinearModel_Alpha158_csi300_custom_step0_s_20260911_16,0653c690490f4dd1993de036c3536ece,0.016,,,
1885,2026-09-11,SH601186,0.004941897001117468,EXP_LinearModel_Alpha158_csi300_custom_step0_s_20260911_16,0653c690490f4dd1993de036c3536ece,0.016,,,
1886,2026-09-11,SH601319,0.028283894062042236,EXP_LinearModel_Alpha158_csi300_custom_step0_s_20260911_16,0653c690490f4dd1993de036c3536ece,0.016,,,
1887,2026-09-11,SH601169,0.009962178766727448,EXP_LinearModel_Alpha158_csi300_custom_step0_s_20260911_16,0653c690490f4dd1993de036c3536ece,0.016,,,
1888,2026-09-11,SH601138,0.05841291695833206,EXP_LinearModel_Alpha158_csi300_custom_step0_s_20260911_16,0653c690490f4dd1993de036c3536ece,0.016,,,
1889,2026-09-11,SH601136,-0.0068886918015778065,EXP_LinearModel_Alpha158_csi300_custom_step0_s_20260911_16,0653c690490f4dd1993de036c3536ece,0.016,,,
1890,2026-09-11,SH601127,0.10023926198482513,EXP_LinearModel_Alpha158_csi300_custom_step0_s_20260911_16,0653c690490f4dd1993de036c3536ece,0.016,,,
1891,2026-09-11,SH601117,-0.08555431663990021,EXP_LinearModel_Alpha158_csi300_custom_step0_s_20260911_16,0653c690490f4dd1993de036c3536ece,0.016,,,
1892,2026-09-11,SH601111,-0.021714579313993454,EXP_LinearModel_Alpha158_csi300_custom_step0_s_20260911_16,0653c690490f4dd1993de036c3536ece,0.016,,,
1893,2026-09-11,SH601100,-0.017876742407679558,EXP_LinearModel_Alpha158_csi300_custom_step0_s_20260911_16,0653c690490f4dd1993de036c3536ece,0.016,,,
1894,2026-09-11,SH601166,-0.04511813819408417,EXP_LinearModel_Alpha158_csi300_custom_step0_s_20260911_16,0653c690490f4dd1993de036c3536ece,0.016,,,
1895,2026-09-11,SH601888,-0.038659438490867615,EXP_LinearModel_Alpha158_csi300_custom_step0_s_20260911_16,0653c690490f4dd1993de036c3536ece,0.016,,,
1896,2026-09-11,SH601898,0.01217805314809084,EXP_LinearModel_Alpha158_csi300_custom_step0_s_20260911_16,0653c690490f4dd1993de036c3536ece,0.016,,,
1897,2026-09-11,SH601899,-0.032391585409641266,EXP_LinearModel_Alpha158_csi300_custom_step0_s_20260911_16,0653c690490f4dd1993de036c3536ece,0.016,,,
1898,2026-09-11,SH688303,0.021197613328695297,EXP_LinearModel_Alpha158_csi300_custom_step0_s_20260911_16,0653c690490f4dd1993de036c3536ece,0.016,,,
1899,2026-09-11,SH688396,0.14585627615451813,EXP_LinearModel_Alpha158_csi300_custom_step0_s_20260911_16,0653c690490f4dd1993de036c3536ece,0.016,,,
1900,2026-09-11,SH688472,0.09499280899763107,EXP_LinearModel_Alpha158_csi300_custom_step0_s_20260911_16,0653c690490f4dd1993de036c3536ece,0.016,,,
1901,2026-09-11,SH688506,0.14816591143608093,EXP_LinearModel_Alpha158_csi300_custom_step0_s_20260911_16,0653c690490f4dd1993de036c3536ece,0.016,,,
1902,2026-09-11,SH688521,0.185217022895813,EXP_LinearModel_Alpha158_csi300_custom_step0_s_20260911_16,0653c690490f4dd1993de036c3536ece,0.016,,,
1903,2026-09-11,SH688981,0.028934849426150322,EXP_LinearModel_Alpha158_csi300_custom_step0_s_20260911_16,0653c690490f4dd1993de036c3536ece,0.016,,,
1904,2026-09-11,SZ000001,0.033806659281253815,EXP_LinearModel_Alpha158_csi300_custom_step0_s_20260911_16,0653c690490f4dd1993de036c3536ece,0.016,,,
1905,2026-09-11,SZ000002,0.008734576404094696,EXP_LinearModel_Alpha158_csi300_custom_step0_s_20260911_16,0653c690490f4dd1993de036c3536ece,0.016,,,
1906,2026-09-11,SZ000063,-0.03191015496850014,EXP_LinearModel_Alpha158_csi300_custom_step0_s_20260911_16,0653c690490f4dd1993de036c3536ece,0.016,,,
1907,2026-09-11,SZ000100,-0.05648541823029518,EXP_LinearModel_Alpha158_csi300_custom_step0_s_20260911_16,0653c690490f4dd1993de036c3536ece,0.016,,,
1908,2026-09-11,SZ000157,-0.08089838176965714,EXP_LinearModel_Alpha158_csi300_custom_step0_s_20260911_16,0653c690490f4dd1993de036c3536ece,0.016,,,
1909,2026-09-11,SZ000166,-0.013788942247629166,EXP_LinearModel_Alpha158_csi300_custom_step0_s_20260911_16,0653c690490f4dd1993de036c3536ece,0.016,,,
1910,2026-09-11,SZ000301,0.016924917697906494,EXP_LinearModel_Alpha158_csi300_custom_step0_s_20260911_16,0653c690490f4dd1993de036c3536ece,0.016,,,
1911,2026-09-11,SZ000333,0.040191251784563065,EXP_LinearModel_Alpha158_csi300_custom_step0_s_20260911_16,0653c690490f4dd1993de036c3536ece,0.016,,,
1912,2026-09-11,SZ000338,0.0925983265042305,EXP_LinearModel_Alpha158_csi300_custom_step0_s_20260911_16,0653c690490f4dd1993de036c3536ece,0.016,,,
1913,2026-09-11,SZ000408,-0.009616251103579998,EXP_LinearModel_Alpha158_csi300_custom_step0_s_20260911_16,0653c690490f4dd1993de036c3536ece,0.016,,,
1914,2026-09-11,SZ000425,-0.04059697687625885,EXP_LinearModel_Alpha158_csi300_custom_step0_s_20260911_16,0653c690490f4dd1993de036c3536ece,0.016,,,
1915,2026-09-11,SZ000807,-0.007641059812158346,EXP_LinearModel_Alpha158_csi300_custom_step0_s_20260911_16,0653c690490f4dd1993de036c3536ece,0.016,,,
1916,2026-09-11,SZ000792,-0.03855537250638008,EXP_LinearModel_Alpha158_csi300_custom_step0_s_20260911_16,0653c690490f4dd1993de036c3536ece,0.016,,,
1917,2026-09-11,SZ000776,0.014513760805130005,EXP_LinearModel_Alpha158_csi300_custom_step0_s_20260911_16,0653c690490f4dd1993de036c3536ece,0.016,,,
1918,2026-09-11,SZ000768,0.045241836458444595,EXP_LinearModel_Alpha158_csi300_custom_step0_s_20260911_16,0653c690490f4dd1993de036c3536ece,0.016,,,
1919,2026-09-11,SZ000725,0.05960603803396225,EXP_LinearModel_Alpha158_csi300_custom_step0_s_20260911_16,0653c690490f4dd1993de036c3536ece,0.016,,,
1920,2026-09-11,SZ000708,-0.06087949499487877,EXP_LinearModel_Alpha158_csi300_custom_step0_s_20260911_16,0653c690490f4dd1993de036c3536ece,0.016,,,
1921,2026-09-11,SH688271,-0.062050528824329376,EXP_LinearModel_Alpha158_csi300_custom_step0_s_20260911_16,0653c690490f4dd1993de036c3536ece,0.016,,,
1922,2026-09-11,SZ000657,0.1439182013273239,EXP_LinearModel_Alpha158_csi300_custom_step0_s_20260911_16,0653c690490f4dd1993de036c3536ece,0.016,,,
1923,2026-09-11,SZ000630,0.04416874423623085,EXP_LinearModel_Alpha158_csi300_custom_step0_s_20260911_16,0653c690490f4dd1993de036c3536ece,0.016,,,
1924,2026-09-11,SZ000625,-0.028620384633541107,EXP_LinearModel_Alpha158_csi300_custom_step0_s_20260911_16,0653c690490f4dd1993de036c3536ece,0.016,,,
1925,2026-09-11,SZ000617,0.03257843852043152,EXP_LinearModel_Alpha158_csi300_custom_step0_s_20260911_16,0653c690490f4dd1993de036c3536ece,0.016,,,
1926,2026-09-11,SZ000596,0.018500367179512978,EXP_LinearModel_Alpha158_csi300_custom_step0_s_20260911_16,0653c690490f4dd1993de036c3536ece,0.016,,,
1927,2026-09-11,SZ000568,-0.017329301685094833,EXP_LinearModel_Alpha158_csi300_custom_step0_s_20260911_16,0653c690490f4dd1993de036c3536ece,0.016,,,
1928,2026-09-11,SZ000538,0.021824859082698822,EXP_LinearModel_Alpha158_csi300_custom_step0_s_20260911_16,0653c690490f4dd1993de036c3536ece,0.016,,,
1929,2026-09-11,SZ000651,-0.00423484668135643,EXP_LinearModel_Alpha158_csi300_custom_step0_s_20260911_16,0653c690490f4dd1993de036c3536ece,0.016,,,
1930,2026-09-11,SH688256,0.03991904854774475,EXP_LinearModel_Alpha158_csi300_custom_step0_s_20260911_16,0653c690490f4dd1993de036c3536ece,0.016,,,
1931,2026-09-11,SH688223,-0.007459341548383236,EXP_LinearModel_Alpha158_csi300_custom_step0_s_20260911_16,0653c690490f4dd1993de036c3536ece,0.016,,,
1932,2026-09-11,SH688183,0.015351487323641777,EXP_LinearModel_Alpha158_csi300_custom_step0_s_20260911_16,0653c690490f4dd1993de036c3536ece,0.016,,,
1933,2026-09-11,SH603369,0.04965917393565178,EXP_LinearModel_Alpha158_csi300_custom_step0_s_20260911_16,0653c690490f4dd1993de036c3536ece,0.016,,,
1934,2026-09-11,SH603296,0.0013230368494987488,EXP_LinearModel_Alpha158_csi300_custom_step0_s_20260911_16,0653c690490f4dd1993de036c3536ece,0.016,,,
1935,2026-09-11,SH603288,-0.010923226363956928,EXP_LinearModel_Alpha158_csi300_custom_step0_s_20260911_16,0653c690490f4dd1993de036c3536ece,0.016,,,
1936,2026-09-11,SH603260,0.09078454971313477,EXP_LinearModel_Alpha158_csi300_custom_step0_s_20260911_16,0653c690490f4dd1993de036c3536ece,0.016,,,
1937,2026-09-11,SH603259,-0.08204855769872665,EXP_LinearModel_Alpha158_csi300_custom_step0_s_20260911_16,0653c690490f4dd1993de036c3536ece,0.016,,,
1938,2026-09-11,SH603019,0.013371934182941914,EXP_LinearModel_Alpha158_csi300_custom_step0_s_20260911_16,0653c690490f4dd1993de036c3536ece,0.016,,,
1939,2026-09-11,SH603392,0.010426439344882965,EXP_LinearModel_Alpha158_csi300_custom_step0_s_20260911_16,0653c690490f4dd1993de036c3536ece,0.016,,,
1940,2026-09-11,SH601998,0.08624108880758286,EXP_LinearModel_Alpha158_csi300_custom_step0_s_20260911_16,0653c690490f4dd1993de036c3536ece,0.016,,,
1941,2026-09-11,SH601988,-0.0020425410475581884,EXP_LinearModel_Alpha158_csi300_custom_step0_s_20260911_16,0653c690490f4dd1993de036c3536ece,0.016,,,
1942,2026-09-11,SH601985,-0.024921253323554993,EXP_LinearModel_Alpha158_csi300_custom_step0_s_20260911_16,0653c690490f4dd1993de036c3536ece,0.016,,,
1943,2026-09-11,SH601939,0.015515447594225407,EXP_LinearModel_Alpha158_csi300_custom_step0_s_20260911_16,0653c690490f4dd1993de036c3536ece,0.016,,,
1944,2026-09-11,SH601919,-0.00522133894264698,EXP_LinearModel_Alpha158_csi300_custom_step0_s_20260911_16,0653c690490f4dd1993de036c3536ece,0.016,,,
1945,2026-09-11,SH601916,0.003674555802717805,EXP_LinearModel_Alpha158_csi300_custom_step0_s_20260911_16,0653c690490f4dd1993de036c3536ece,0.016,,,
1946,2026-09-11,SH601901,-0.0028266413137316704,EXP_LinearModel_Alpha158_csi300_custom_step0_s_20260911_16,0653c690490f4dd1993de036c3536ece,0.016,,,
1947,2026-09-11,SH601995,-0.05058959499001503,EXP_LinearModel_Alpha158_csi300_custom_step0_s_20260911_16,0653c690490f4dd1993de036c3536ece,0.016,,,
1948,2026-09-11,SH600549,-0.053008586168289185,EXP_LinearModel_Alpha158_csi300_custom_step0_s_20260911_16,73ae71cb0ed14ea3ae74206b81f6a52e,0.072,,,
1949,2026-09-11,SH603501,0.06610873341560364,EXP_LinearModel_Alpha158_csi300_custom_step0_s_20260911_16,0653c690490f4dd1993de036c3536ece,0.016,,,
1950,2026-09-11,SH603893,-0.043274540454149246,EXP_LinearModel_Alpha158_csi300_custom_step0_s_20260911_16,0653c690490f4dd1993de036c3536ece,0.016,,,
1951,2026-09-11,SH688126,0.11825209110975266,EXP_LinearModel_Alpha158_csi300_custom_step0_s_20260911_16,0653c690490f4dd1993de036c3536ece,0.016,,,
1952,2026-09-11,SH688111,0.007375387474894524,EXP_LinearModel_Alpha158_csi300_custom_step0_s_20260911_16,0653c690490f4dd1993de036c3536ece,0.016,,,
1953,2026-09-11,SH688082,0.14647339284420013,EXP_LinearModel_Alpha158_csi300_custom_step0_s_20260911_16,0653c690490f4dd1993de036c3536ece,0.016,,,
1954,2026-09-11,SH688072,0.07843449711799622,EXP_LinearModel_Alpha158_csi300_custom_step0_s_20260911_16,0653c690490f4dd1993de036c3536ece,0.016,,,
1955,2026-09-11,SH688047,0.12929122149944305,EXP_LinearModel_Alpha158_csi300_custom_step0_s_20260911_16,0653c690490f4dd1993de036c3536ece,0.016,,,
1956,2026-09-11,SH688041,0.18512699007987976,EXP_LinearModel_Alpha158_csi300_custom_step0_s_20260911_16,0653c690490f4dd1993de036c3536ece,0.016,,,
1957,2026-09-11,SH603799,0.05266103148460388,EXP_LinearModel_Alpha158_csi300_custom_step0_s_20260911_16,0653c690490f4dd1993de036c3536ece,0.016,,,
1958,2026-09-11,SH688036,-0.020208265632390976,EXP_LinearModel_Alpha158_csi300_custom_step0_s_20260911_16,0653c690490f4dd1993de036c3536ece,0.016,,,
1959,2026-09-11,SH688009,-0.10325149446725845,EXP_LinearModel_Alpha158_csi300_custom_step0_s_20260911_16,0653c690490f4dd1993de036c3536ece,0.016,,,
1960,2026-09-11,SH688008,0.2592736780643463,EXP_LinearModel_Alpha158_csi300_custom_step0_s_20260911_16,0653c690490f4dd1993de036c3536ece,0.016,,,
1961,2026-09-11,SH605499,0.03912510350346565,EXP_LinearModel_Alpha158_csi300_custom_step0_s_20260911_16,0653c690490f4dd1993de036c3536ece,0.016,,,
1962,2026-09-11,SH605117,0.15486711263656616,EXP_LinearModel_Alpha158_csi300_custom_step0_s_20260911_16,0653c690490f4dd1993de036c3536ece,0.016,,,
1963,2026-09-11,SH603993,0.003737214021384716,EXP_LinearModel_Alpha158_csi300_custom_step0_s_20260911_16,0653c690490f4dd1993de036c3536ece,0.016,,,
1964,2026-09-11,SH603986,0.2184751033782959,EXP_LinearModel_Alpha158_csi300_custom_step0_s_20260911_16,0653c690490f4dd1993de036c3536ece,0.016,,,
1965,2026-09-11,SH688012,0.07330533862113953,EXP_LinearModel_Alpha158_csi300_custom_step0_s_20260911_16,0653c690490f4dd1993de036c3536ece,0.016,,,
1966,2026-09-11,SH600570,-0.015894031152129173,EXP_LinearModel_Alpha158_csi300_custom_step0_s_20260911_16,73ae71cb0ed14ea3ae74206b81f6a52e,0.072,,,
1967,2026-09-11,SH600584,0.18203891813755035,EXP_LinearModel_Alpha158_csi300_custom_step0_s_20260911_16,73ae71cb0ed14ea3ae74206b81f6a52e,0.072,,,
1968,2026-09-11,SH600585,-0.016313452273607254,EXP_LinearModel_Alpha158_csi300_custom_step0_s_20260911_16,73ae71cb0ed14ea3ae74206b81f6a52e,0.072,,,
1969,2026-09-11,SZ002202,-0.07655005156993866,EXP_LinearModel_Alpha158_csi300_custom_step0_s_20260911_16,73ae71cb0ed14ea3ae74206b81f6a52e,0.072,,,
1970,2026-09-11,SZ002230,0.022646211087703705,EXP_LinearModel_Alpha158_csi300_custom_step0_s_20260911_16,73ae71cb0ed14ea3ae74206b81f6a52e,0.072,,,
1971,2026-09-11,SZ002236,-0.1676715463399887,EXP_LinearModel_Alpha158_csi300_custom_step0_s_20260911_16,73ae71cb0ed14ea3ae74206b81f6a52e,0.072,,,
1972,2026-09-11,SZ002241,-0.10811291635036469,EXP_LinearModel_Alpha158_csi300_custom_step0_s_20260911_16,73ae71cb0ed14ea3ae74206b81f6a52e,0.072,,,
1973,2026-09-11,SZ002304,-0.0978311225771904,EXP_LinearModel_Alpha158_csi300_custom_step0_s_20260911_16,73ae71cb0ed14ea3ae74206b81f6a52e,0.072,,,
1974,2026-09-11,SZ002311,-0.05898468941450119,EXP_LinearModel_Alpha158_csi300_custom_step0_s_20260911_16,73ae71cb0ed14ea3ae74206b81f6a52e,0.072,,,
1975,2026-09-11,SZ002352,-0.029866166412830353,EXP_LinearModel_Alpha158_csi300_custom_step0_s_20260911_16,73ae71cb0ed14ea3ae74206b81f6a52e,0.072,,,
1976,2026-09-11,SZ002353,-0.034769997000694275,EXP_LinearModel_Alpha158_csi300_custom_step0_s_20260911_16,73ae71cb0ed14ea3ae74206b81f6a52e,0.072,,,
1977,2026-09-11,SZ002371,0.06665974110364914,EXP_LinearModel_Alpha158_csi300_custom_step0_s_20260911_16,73ae71cb0ed14ea3ae74206b81f6a52e,0.072,,,
1978,2026-09-11,SZ002384,-0.08420196175575256,EXP_LinearModel_Alpha158_csi300_custom_step0_s_20260911_16,73ae71cb0ed14ea3ae74206b81f6a52e,0.072,,,
1979,2026-09-11,SZ002415,-0.09605562686920166,EXP_LinearModel_Alpha158_csi300_custom_step0_s_20260911_16,73ae71cb0ed14ea3ae74206b81f6a52e,0.072,,,
1980,2026-09-11,SZ002422,0.04553892835974693,EXP_LinearModel_Alpha158_csi300_custom_step0_s_20260911_16,73ae71cb0ed14ea3ae74206b81f6a52e,0.072,,,
1981,2026-09-11,SZ002460,0.0077576711773872375,EXP_LinearModel_Alpha158_csi300_custom_step0_s_20260911_16,73ae71cb0ed14ea3ae74206b81f6a52e,0.072,,,
1982,2026-09-11,SZ002463,-0.0799923911690712,EXP_LinearModel_Alpha158_csi300_custom_step0_s_20260911_16,73ae71cb0ed14ea3ae74206b81f6a52e,0.072,,,
1983,2026-09-11,SZ002466,-0.03044867515563965,EXP_LinearModel_Alpha158_csi300_custom_step0_s_20260911_16,73ae71cb0ed14ea3ae74206b81f6a52e,0.072,,,
1984,2026-09-11,SZ002475,-0.05270053818821907,EXP_LinearModel_Alpha158_csi300_custom_step0_s_20260911_16,73ae71cb0ed14ea3ae74206b81f6a52e,0.072,,,
1985,2026-09-11,SZ002493,0.17824141681194305,EXP_LinearModel_Alpha158_csi300_custom_step0_s_20260911_16,73ae71cb0ed14ea3ae74206b81f6a52e,0.072,,,
1986,2026-09-11,SZ002938,-0.22308897972106934,EXP_LinearModel_Alpha158_csi300_custom_step0_s_20260911_16,73ae71cb0ed14ea3ae74206b81f6a52e,0.072,,,
1987,2026-09-11,SZ002920,-0.08951600641012192,EXP_LinearModel_Alpha158_csi300_custom_step0_s_20260911_16,73ae71cb0ed14ea3ae74206b81f6a52e,0.072,,,
1988,2026-09-11,SZ002916,-0.023743577301502228,EXP_LinearModel_Alpha158_csi300_custom_step0_s_20260911_16,73ae71cb0ed14ea3ae74206b81f6a52e,0.072,,,
1989,2026-09-11,SZ002837,0.05662604421377182,EXP_LinearModel_Alpha158_csi300_custom_step0_s_20260911_16,73ae71cb0ed14ea3ae74206b81f6a52e,0.072,,,
1990,2026-09-11,SZ002736,-0.07770220935344696,EXP_LinearModel_Alpha158_csi300_custom_step0_s_20260911_16,73ae71cb0ed14ea3ae74206b81f6a52e,0.072,,,
1991,2026-09-11,SZ002714,-0.059433817863464355,EXP_LinearModel_Alpha158_csi300_custom_step0_s_20260911_16,73ae71cb0ed14ea3ae74206b81f6a52e,0.072,,,
1992,2026-09-11,SZ002179,-0.05687059462070465,EXP_LinearModel_Alpha158_csi300_custom_step0_s_20260911_16,73ae71cb0ed14ea3ae74206b81f6a52e,0.072,,,
1993,2026-09-11,SZ002709,0.024829812347888947,EXP_LinearModel_Alpha158_csi300_custom_step0_s_20260911_16,73ae71cb0ed14ea3ae74206b81f6a52e,0.072,,,
1994,2026-09-11,SZ002625,-0.10619860887527466,EXP_LinearModel_Alpha158_csi300_custom_step0_s_20260911_16,73ae71cb0ed14ea3ae74206b81f6a52e,0.072,,,
1995,2026-09-11,SZ002602,-0.09437839686870575,EXP_LinearModel_Alpha158_csi300_custom_step0_s_20260911_16,73ae71cb0ed14ea3ae74206b81f6a52e,0.072,,,
1996,2026-09-11,SZ002600,0.0029139444231987,EXP_LinearModel_Alpha158_csi300_custom_step0_s_20260911_16,73ae71cb0ed14ea3ae74206b81f6a52e,0.072,,,
1997,2026-09-11,SZ002594,-0.033516015857458115,EXP_LinearModel_Alpha158_csi300_custom_step0_s_20260911_16,73ae71cb0ed14ea3ae74206b81f6a52e,0.072,,,
1998,2026-09-11,SZ002558,-0.02314128540456295,EXP_LinearModel_Alpha158_csi300_custom_step0_s_20260911_16,73ae71cb0ed14ea3ae74206b81f6a52e,0.072,,,
1999,2026-09-11,SZ002532,-0.09212139248847961,EXP_LinearModel_Alpha158_csi300_custom_step0_s_20260911_16,73ae71cb0ed14ea3ae74206b81f6a52e,0.072,,,
2000,2026-09-11,SZ002648,0.09296099096536636,EXP_LinearModel_Alpha158_csi300_custom_step0_s_20260911_16,73ae71cb0ed14ea3ae74206b81f6a52e,0.072,,,
2001,2026-09-11,SZ003816,0.051192644983530045,EXP_LinearModel_Alpha158_csi300_custom_step0_s_20260911_16,73ae71cb0ed14ea3ae74206b81f6a52e,0.072,,,
2002,2026-09-11,SZ002142,0.12766903638839722,EXP_LinearModel_Alpha158_csi300_custom_step0_s_20260911_16,73ae71cb0ed14ea3ae74206b81f6a52e,0.072,,,
2003,2026-09-11,SZ002050,-0.05332210287451744,EXP_LinearModel_Alpha158_csi300_custom_step0_s_20260911_16,73ae71cb0ed14ea3ae74206b81f6a52e,0.072,,,
2004,2026-09-11,SZ000425,-0.1693708449602127,EXP_LinearModel_Alpha158_csi300_custom_step0_s_20260911_16,73ae71cb0ed14ea3ae74206b81f6a52e,0.072,,,
2005,2026-09-11,SZ000538,0.03224984556436539,EXP_LinearModel_Alpha158_csi300_custom_step0_s_20260911_16,73ae71cb0ed14ea3ae74206b81f6a52e,0.072,,,
2006,2026-09-11,SZ000568,-0.10229019075632095,EXP_LinearModel_Alpha158_csi300_custom_step0_s_20260911_16,73ae71cb0ed14ea3ae74206b81f6a52e,0.072,,,
2007,2026-09-11,SZ000596,-0.09586784243583679,EXP_LinearModel_Alpha158_csi300_custom_step0_s_20260911_16,73ae71cb0ed14ea3ae74206b81f6a52e,0.072,,,
2008,2026-09-11,SZ000617,-0.046234168112277985,EXP_LinearModel_Alpha158_csi300_custom_step0_s_20260911_16,73ae71cb0ed14ea3ae74206b81f6a52e,0.072,,,
2009,2026-09-11,SZ000625,-0.02877371944487095,EXP_LinearModel_Alpha158_csi300_custom_step0_s_20260911_16,73ae71cb0ed14ea3ae74206b81f6a52e,0.072,,,
2010,2026-09-11,SZ000630,-0.07942524552345276,EXP_LinearModel_Alpha158_csi300_custom_step0_s_20260911_16,73ae71cb0ed14ea3ae74206b81f6a52e,0.072,,,
2011,2026-09-11,SZ000651,0.033218108117580414,EXP_LinearModel_Alpha158_csi300_custom_step0_s_20260911_16,73ae71cb0ed14ea3ae74206b81f6a52e,0.072,,,
2012,2026-09-11,SZ000657,0.07241367548704147,EXP_LinearModel_Alpha158_csi300_custom_step0_s_20260911_16,73ae71cb0ed14ea3ae74206b81f6a52e,0.072,,,
2013,2026-09-11,SZ000708,-0.052382148802280426,EXP_LinearModel_Alpha158_csi300_custom_step0_s_20260911_16,73ae71cb0ed14ea3ae74206b81f6a52e,0.072,,,
2014,2026-09-11,SZ000725,-0.05068351328372955,EXP_LinearModel_Alpha158_csi300_custom_step0_s_20260911_16,73ae71cb0ed14ea3ae74206b81f6a52e,0.072,,,
2015,2026-09-11,SZ000768,0.04314979165792465,EXP_LinearModel_Alpha158_csi300_custom_step0_s_20260911_16,73ae71cb0ed14ea3ae74206b81f6a52e,0.072,,,
2016,2026-09-11,SZ000776,0.006949221715331078,EXP_LinearModel_Alpha158_csi300_custom_step0_s_20260911_16,73ae71cb0ed14ea3ae74206b81f6a52e,0.072,,,
2017,2026-09-11,SZ000792,-0.04583733156323433,EXP_LinearModel_Alpha158_csi300_custom_step0_s_20260911_16,73ae71cb0ed14ea3ae74206b81f6a52e,0.072,,,
2018,2026-09-11,SZ000807,-0.03136001154780388,EXP_LinearModel_Alpha158_csi300_custom_step0_s_20260911_16,73ae71cb0ed14ea3ae74206b81f6a52e,0.072,,,
2019,2026-09-11,SZ000858,-0.12138918042182922,EXP_LinearModel_Alpha158_csi300_custom_step0_s_20260911_16,73ae71cb0ed14ea3ae74206b81f6a52e,0.072,,,
2020,2026-09-11,SZ000895,-0.11909665167331696,EXP_LinearModel_Alpha158_csi300_custom_step0_s_20260911_16,73ae71cb0ed14ea3ae74206b81f6a52e,0.072,,,
2021,2026-09-11,SZ002049,-0.0371495857834816,EXP_LinearModel_Alpha158_csi300_custom_step0_s_20260911_16,73ae71cb0ed14ea3ae74206b81f6a52e,0.072,,,
2022,2026-09-11,SZ002028,-0.09119568765163422,EXP_LinearModel_Alpha158_csi300_custom_step0_s_20260911_16,73ae71cb0ed14ea3ae74206b81f6a52e,0.072,,,
2023,2026-09-11,SZ002027,-0.08568768203258514,EXP_LinearModel_Alpha158_csi300_custom_step0_s_20260911_16,73ae71cb0ed14ea3ae74206b81f6a52e,0.072,,,
2024,2026-09-11,SZ002001,0.07006020098924637,EXP_LinearModel_Alpha158_csi300_custom_step0_s_20260911_16,73ae71cb0ed14ea3ae74206b81f6a52e,0.072,,,
2025,2026-09-11,SZ001979,-0.012185569852590561,EXP_LinearModel_Alpha158_csi300_custom_step0_s_20260911_16,73ae71cb0ed14ea3ae74206b81f6a52e,0.072,,,
2026,2026-09-11,SZ001965,-0.02043922431766987,EXP_LinearModel_Alpha158_csi300_custom_step0_s_20260911_16,73ae71cb0ed14ea3ae74206b81f6a52e,0.072,,,
2027,2026-09-11,SZ002074,-0.11938846856355667,EXP_LinearModel_Alpha158_csi300_custom_step0_s_20260911_16,73ae71cb0ed14ea3ae74206b81f6a52e,0.072,,,
2028,2026-09-11,SZ001391,-0.05017288401722908,EXP_LinearModel_Alpha158_csi300_custom_step0_s_20260911_16,73ae71cb0ed14ea3ae74206b81f6a52e,0.072,,,
2029,2026-09-11,SZ000999,-0.044847168028354645,EXP_LinearModel_Alpha158_csi300_custom_step0_s_20260911_16,73ae71cb0ed14ea3ae74206b81f6a52e,0.072,,,
2030,2026-09-11,SZ000988,-0.12171956151723862,EXP_LinearModel_Alpha158_csi300_custom_step0_s_20260911_16,73ae71cb0ed14ea3ae74206b81f6a52e,0.072,,,
2031,2026-09-11,SZ000977,0.0154216717928648,EXP_LinearModel_Alpha158_csi300_custom_step0_s_20260911_16,73ae71cb0ed14ea3ae74206b81f6a52e,0.072,,,
2032,2026-09-11,SZ000975,0.0573776476085186,EXP_LinearModel_Alpha158_csi300_custom_step0_s_20260911_16,73ae71cb0ed14ea3ae74206b81f6a52e,0.072,,,
2033,2026-09-11,SZ000963,-0.05147264152765274,EXP_LinearModel_Alpha158_csi300_custom_step0_s_20260911_16,73ae71cb0ed14ea3ae74206b81f6a52e,0.072,,,
2034,2026-09-11,SZ000938,-0.13302446901798248,EXP_LinearModel_Alpha158_csi300_custom_step0_s_20260911_16,73ae71cb0ed14ea3ae74206b81f6a52e,0.072,,,
2035,2026-09-11,SZ001280,-0.07933598756790161,EXP_LinearModel_Alpha158_csi300_custom_step0_s_20260911_16,73ae71cb0ed14ea3ae74206b81f6a52e,0.072,,,
2036,2026-09-11,SZ300014,-0.05639234930276871,EXP_LinearModel_Alpha158_csi300_custom_step0_s_20260911_16,73ae71cb0ed14ea3ae74206b81f6a52e,0.072,,,
2037,2026-09-11,SZ300015,-0.04107741266489029,EXP_LinearModel_Alpha158_csi300_custom_step0_s_20260911_16,73ae71cb0ed14ea3ae74206b81f6a52e,0.072,,,
2038,2026-09-11,SZ300033,-0.023983953520655632,EXP_LinearModel_Alpha158_csi300_custom_step0_s_20260911_16,73ae71cb0ed14ea3ae74206b81f6a52e,0.072,,,
2039,2026-09-11,SH600016,0.052100058645009995,EXP_XGBModel_Alpha158_csi300_custom_step0_s_20260911_16,ffbba2b2109f49339f7a22883b0801ef,0.095,,,
2040,2026-09-11,SH600018,0.037980299443006516,EXP_XGBModel_Alpha158_csi300_custom_step0_s_20260911_16,ffbba2b2109f49339f7a22883b0801ef,0.095,,,
2041,2026-09-11,SH600019,0.03516298905014992,EXP_XGBModel_Alpha158_csi300_custom_step0_s_20260911_16,ffbba2b2109f49339f7a22883b0801ef,0.095,,,
2042,2026-09-11,SH600023,0.05633855611085892,EXP_XGBModel_Alpha158_csi300_custom_step0_s_20260911_16,ffbba2b2109f49339f7a22883b0801ef,0.095,,,
2043,2026-09-11,SH600025,0.022633375599980354,EXP_XGBModel_Alpha158_csi300_custom_step0_s_20260911_16,ffbba2b2109f49339f7a22883b0801ef,0.095,,,
2044,2026-09-11,SH600026,-0.11877179890871048,EXP_XGBModel_Alpha158_csi300_custom_step0_s_20260911_16,ffbba2b2109f49339f7a22883b0801ef,0.095,,,
2045,2026-09-11,SH600027,0.0011668185470625758,EXP_XGBModel_Alpha158_csi300_custom_step0_s_20260911_16,ffbba2b2109f49339f7a22883b0801ef,0.095,,,
2046,2026-09-11,SH600028,0.021222950890660286,EXP_XGBModel_Alpha158_csi300_custom_step0_s_20260911_16,ffbba2b2109f49339f7a22883b0801ef,0.095,,,
2047,2026-09-11,SH600029,0.0199603084474802,EXP_XGBModel_Alpha158_csi300_custom_step0_s_20260911_16,ffbba2b2109f49339f7a22883b0801ef,0.095,,,
2048,2026-09-11,SH600030,0.008959528990089893,EXP_XGBModel_Alpha158_csi300_custom_step0_s_20260911_16,ffbba2b2109f49339f7a22883b0801ef,0.095,,,
2049,2026-09-11,SH600031,0.02040852978825569,EXP_XGBModel_Alpha158_csi300_custom_step0_s_20260911_16,ffbba2b2109f49339f7a22883b0801ef,0.095,,,
2050,2026-09-11,SH600036,0.03406599536538124,EXP_XGBModel_Alpha158_csi300_custom_step0_s_20260911_16,ffbba2b2109f49339f7a22883b0801ef,0.095,,,
2051,2026-09-11,SH600039,0.003447330789640546,EXP_XGBModel_Alpha158_csi300_custom_step0_s_20260911_16,ffbba2b2109f49339f7a22883b0801ef,0.095,,,
2052,2026-09-11,SH600048,-0.019428903236985207,EXP_XGBModel_Alpha158_csi300_custom_step0_s_20260911_16,ffbba2b2109f49339f7a22883b0801ef,0.095,,,
2053,2026-09-11,SH600050,0.017183037474751472,EXP_XGBModel_Alpha158_csi300_custom_step0_s_20260911_16,ffbba2b2109f49339f7a22883b0801ef,0.095,,,
2054,2026-09-11,SH600061,0.011407272890210152,EXP_XGBModel_Alpha158_csi300_custom_step0_s_20260911_16,ffbba2b2109f49339f7a22883b0801ef,0.095,,,
2055,2026-09-11,SH600066,-0.013201765716075897,EXP_XGBModel_Alpha158_csi300_custom_step0_s_20260911_16,ffbba2b2109f49339f7a22883b0801ef,0.095,,,
2056,2026-09-11,SH600221,0.032233402132987976,EXP_XGBModel_Alpha158_csi300_custom_step0_s_20260911_16,ffbba2b2109f49339f7a22883b0801ef,0.095,,,
2057,2026-09-11,SH600219,0.010981496423482895,EXP_XGBModel_Alpha158_csi300_custom_step0_s_20260911_16,ffbba2b2109f49339f7a22883b0801ef,0.095,,,
2058,2026-09-11,SH600196,-0.010206196457147598,EXP_XGBModel_Alpha158_csi300_custom_step0_s_20260911_16,ffbba2b2109f49339f7a22883b0801ef,0.095,,,
2059,2026-09-11,SH600188,-0.04867038503289223,EXP_XGBModel_Alpha158_csi300_custom_step0_s_20260911_16,ffbba2b2109f49339f7a22883b0801ef,0.095,,,
2060,2026-09-11,SH600183,-0.0013550351141020656,EXP_XGBModel_Alpha158_csi300_custom_step0_s_20260911_16,ffbba2b2109f49339f7a22883b0801ef,0.095,,,
2061,2026-09-11,SH600176,-0.06659835577011108,EXP_XGBModel_Alpha158_csi300_custom_step0_s_20260911_16,ffbba2b2109f49339f7a22883b0801ef,0.095,,,
2062,2026-09-11,SH600015,0.04050139710307121,EXP_XGBModel_Alpha158_csi300_custom_step0_s_20260911_16,ffbba2b2109f49339f7a22883b0801ef,0.095,,,
2063,2026-09-11,SH600160,0.09189702570438385,EXP_XGBModel_Alpha158_csi300_custom_step0_s_20260911_16,ffbba2b2109f49339f7a22883b0801ef,0.095,,,
2064,2026-09-11,SH600118,0.03859778121113777,EXP_XGBModel_Alpha158_csi300_custom_step0_s_20260911_16,ffbba2b2109f49339f7a22883b0801ef,0.095,,,
2065,2026-09-11,SH600115,-0.007408443372696638,EXP_XGBModel_Alpha158_csi300_custom_step0_s_20260911_16,ffbba2b2109f49339f7a22883b0801ef,0.095,,,
2066,2026-09-11,SH600111,-0.026245374232530594,EXP_XGBModel_Alpha158_csi300_custom_step0_s_20260911_16,ffbba2b2109f49339f7a22883b0801ef,0.095,,,
2067,2026-09-11,SH600104,0.19004806876182556,EXP_XGBModel_Alpha158_csi300_custom_step0_s_20260911_16,ffbba2b2109f49339f7a22883b0801ef,0.095,,,
2068,2026-09-11,SH600089,-0.007881934754550457,EXP_XGBModel_Alpha158_csi300_custom_step0_s_20260911_16,ffbba2b2109f49339f7a22883b0801ef,0.095,,,
2069,2026-09-11,SH600085,0.026434335857629776,EXP_XGBModel_Alpha158_csi300_custom_step0_s_20260911_16,ffbba2b2109f49339f7a22883b0801ef,0.095,,,
2070,2026-09-11,SH600150,0.014837387017905712,EXP_XGBModel_Alpha158_csi300_custom_step0_s_20260911_16,ffbba2b2109f49339f7a22883b0801ef,0.095,,,
2071,2026-09-11,SH600011,0.008613173849880695,EXP_XGBModel_Alpha158_csi300_custom_step0_s_20260911_16,ffbba2b2109f49339f7a22883b0801ef,0.095,,,
2072,2026-09-11,SH600010,0.007898414507508278,EXP_XGBModel_Alpha158_csi300_custom_step0_s_20260911_16,ffbba2b2109f49339f7a22883b0801ef,0.095,,,
2073,2026-09-11,SH600009,0.03776539862155914,EXP_XGBModel_Alpha158_csi300_custom_step0_s_20260911_16,ffbba2b2109f49339f7a22883b0801ef,0.095,,,
2074,2026-09-11,SZ300450,-0.11684934049844742,EXP_LinearModel_Alpha158_csi300_custom_step0_s_20260911_16,73ae71cb0ed14ea3ae74206b81f6a52e,0.072,,,
2075,2026-09-11,SZ300442,-0.1079205870628357,EXP_LinearModel_Alpha158_csi300_custom_step0_s_20260911_16,73ae71cb0ed14ea3ae74206b81f6a52e,0.072,,,
2076,2026-09-11,SZ300433,-0.01697675883769989,EXP_LinearModel_Alpha158_csi300_custom_step0_s_20260911_16,73ae71cb0ed14ea3ae74206b81f6a52e,0.072,,,
2077,2026-09-11,SZ300418,-0.15058168768882751,EXP_LinearModel_Alpha158_csi300_custom_step0_s_20260911_16,73ae71cb0ed14ea3ae74206b81f6a52e,0.072,,,
2078,2026-09-11,SZ300413,-0.3497277498245239,EXP_LinearModel_Alpha158_csi300_custom_step0_s_20260911_16,73ae71cb0ed14ea3ae74206b81f6a52e,0.072,,,
2079,2026-09-11,SZ300408,-0.206166610121727,EXP_LinearModel_Alpha158_csi300_custom_step0_s_20260911_16,73ae71cb0ed14ea3ae74206b81f6a52e,0.072,,,
2080,2026-09-11,SZ300476,-0.01240287534892559,EXP_LinearModel_Alpha158_csi300_custom_step0_s_20260911_16,73ae71cb0ed14ea3ae74206b81f6a52e,0.072,,,
2081,2026-09-11,SZ300394,-0.035554952919483185,EXP_LinearModel_Alpha158_csi300_custom_step0_s_20260911_16,73ae71cb0ed14ea3ae74206b81f6a52e,0.072,,,
2082,2026-09-11,SZ300308,-0.05707039684057236,EXP_LinearModel_Alpha158_csi300_custom_step0_s_20260911_16,73ae71cb0ed14ea3ae74206b81f6a52e,0.072,,,
2083,2026-09-11,SZ300274,-0.0629381537437439,EXP_LinearModel_Alpha158_csi300_custom_step0_s_20260911_16,73ae71cb0ed14ea3ae74206b81f6a52e,0.072,,,
2084,2026-09-11,SZ300251,-0.25503361225128174,EXP_LinearModel_Alpha158_csi300_custom_step0_s_20260911_16,73ae71cb0ed14ea3ae74206b81f6a52e,0.072,,,
2085,2026-09-11,SZ300124,-0.1108170747756958,EXP_LinearModel_Alpha158_csi300_custom_step0_s_20260911_16,73ae71cb0ed14ea3ae74206b81f6a52e,0.072,,,
2086,2026-09-11,SZ300122,-0.15909874439239502,EXP_LinearModel_Alpha158_csi300_custom_step0_s_20260911_16,73ae71cb0ed14ea3ae74206b81f6a52e,0.072,,,
2087,2026-09-11,SZ300059,-0.031997665762901306,EXP_LinearModel_Alpha158_csi300_custom_step0_s_20260911_16,73ae71cb0ed14ea3ae74206b81f6a52e,0.072,,,
2088,2026-09-11,SZ300316,-0.07198844850063324,EXP_LinearModel_Alpha158_csi300_custom_step0_s_20260911_16,73ae71cb0ed14ea3ae74206b81f6a52e,0.072,,,
2089,2026-09-11,SZ000408,-0.04174209386110306,EXP_LinearModel_Alpha158_csi300_custom_step0_s_20260911_16,73ae71cb0ed14ea3ae74206b81f6a52e,0.072,,,
2090,2026-09-11,SZ300498,-0.0680767074227333,EXP_LinearModel_Alpha158_csi300_custom_step0_s_20260911_16,73ae71cb0ed14ea3ae74206b81f6a52e,0.072,,,
2091,2026-09-11,SZ300628,-0.07386268675327301,EXP_LinearModel_Alpha158_csi300_custom_step0_s_20260911_16,73ae71cb0ed14ea3ae74206b81f6a52e,0.072,,,
2092,2026-09-11,SH600000,0.030433787032961845,EXP_XGBModel_Alpha158_csi300_custom_step0_s_20260911_16,ffbba2b2109f49339f7a22883b0801ef,0.095,,,
2093,2026-09-11,SZ302132,0.04647381231188774,EXP_LinearModel_Alpha158_csi300_custom_step0_s_20260911_16,73ae71cb0ed14ea3ae74206b81f6a52e,0.072,,,
2094,2026-09-11,SZ301308,0.14977212250232697,EXP_LinearModel_Alpha158_csi300_custom_step0_s_20260911_16,73ae71cb0ed14ea3ae74206b81f6a52e,0.072,,,
2095,2026-09-11,SZ301269,-0.10080995410680771,EXP_LinearModel_Alpha158_csi300_custom_step0_s_20260911_16,73ae71cb0ed14ea3ae74206b81f6a52e,0.072,,,
2096,2026-09-11,SZ301236,-0.06702465564012527,EXP_LinearModel_Alpha158_csi300_custom_step0_s_20260911_16,73ae71cb0ed14ea3ae74206b81f6a52e,0.072,,,
2097,2026-09-11,SZ301165,-0.19586814939975739,EXP_LinearModel_Alpha158_csi300_custom_step0_s_20260911_16,73ae71cb0ed14ea3ae74206b81f6a52e,0.072,,,
2098,2026-09-11,SZ300502,-0.02642155811190605,EXP_LinearModel_Alpha158_csi300_custom_step0_s_20260911_16,73ae71cb0ed14ea3ae74206b81f6a52e,0.072,,,
2099,2026-09-11,SZ300999,-0.0825483649969101,EXP_LinearModel_Alpha158_csi300_custom_step0_s_20260911_16,73ae71cb0ed14ea3ae74206b81f6a52e,0.072,,,
2100,2026-09-11,SZ300866,0.06736268103122711,EXP_LinearModel_Alpha158_csi300_custom_step0_s_20260911_16,73ae71cb0ed14ea3ae74206b81f6a52e,0.072,,,
2101,2026-09-11,SZ300832,-0.13966472446918488,EXP_LinearModel_Alpha158_csi300_custom_step0_s_20260911_16,73ae71cb0ed14ea3ae74206b81f6a52e,0.072,,,
2102,2026-09-11,SZ300803,0.005298942793160677,EXP_LinearModel_Alpha158_csi300_custom_step0_s_20260911_16,73ae71cb0ed14ea3ae74206b81f6a52e,0.072,,,
2103,2026-09-11,SZ300760,0.049607206135988235,EXP_LinearModel_Alpha158_csi300_custom_step0_s_20260911_16,73ae71cb0ed14ea3ae74206b81f6a52e,0.072,,,
2104,2026-09-11,SZ300750,0.007141553796827793,EXP_LinearModel_Alpha158_csi300_custom_step0_s_20260911_16,73ae71cb0ed14ea3ae74206b81f6a52e,0.072,,,
2105,2026-09-11,SZ300661,-0.10253003984689713,EXP_LinearModel_Alpha158_csi300_custom_step0_s_20260911_16,73ae71cb0ed14ea3ae74206b81f6a52e,0.072,,,
2106,2026-09-11,SZ300896,-0.06697401404380798,EXP_LinearModel_Alpha158_csi300_custom_step0_s_20260911_16,73ae71cb0ed14ea3ae74206b81f6a52e,0.072,,,
2107,2026-09-11,SH600918,-0.041228171437978745,EXP_LinearModel_Alpha158_csi300_custom_step0_s_20260911_16,0653c690490f4dd1993de036c3536ece,0.016,,,
2108,2026-09-11,SZ000338,-0.04651309922337532,EXP_LinearModel_Alpha158_csi300_custom_step0_s_20260911_16,73ae71cb0ed14ea3ae74206b81f6a52e,0.072,,,
2109,2026-09-11,SZ000301,0.11461874097585678,EXP_LinearModel_Alpha158_csi300_custom_step0_s_20260911_16,73ae71cb0ed14ea3ae74206b81f6a52e,0.072,,,
2110,2026-09-11,SH601088,0.035949304699897766,EXP_LinearModel_Alpha158_csi300_custom_step0_s_20260911_16,73ae71cb0ed14ea3ae74206b81f6a52e,0.072,,,
2111,2026-09-11,SH601100,-0.11447864770889282,EXP_LinearModel_Alpha158_csi300_custom_step0_s_20260911_16,73ae71cb0ed14ea3ae74206b81f6a52e,0.072,,,
2112,2026-09-11,SH601111,-0.03785709664225578,EXP_LinearModel_Alpha158_csi300_custom_step0_s_20260911_16,73ae71cb0ed14ea3ae74206b81f6a52e,0.072,,,
2113,2026-09-11,SH601117,-0.04874998331069946,EXP_LinearModel_Alpha158_csi300_custom_step0_s_20260911_16,73ae71cb0ed14ea3ae74206b81f6a52e,0.072,,,
2114,2026-09-11,SH601127,-0.026016931980848312,EXP_LinearModel_Alpha158_csi300_custom_step0_s_20260911_16,73ae71cb0ed14ea3ae74206b81f6a52e,0.072,,,
2115,2026-09-11,SH601136,-0.17847947776317596,EXP_LinearModel_Alpha158_csi300_custom_step0_s_20260911_16,73ae71cb0ed14ea3ae74206b81f6a52e,0.072,,,
2116,2026-09-11,SH601138,-0.11066503822803497,EXP_LinearModel_Alpha158_csi300_custom_step0_s_20260911_16,73ae71cb0ed14ea3ae74206b81f6a52e,0.072,,,
2117,2026-09-11,SH601166,-0.13456694781780243,EXP_LinearModel_Alpha158_csi300_custom_step0_s_20260911_16,73ae71cb0ed14ea3ae74206b81f6a52e,0.072,,,
2118,2026-09-11,SH601169,0.004901694133877754,EXP_LinearModel_Alpha158_csi300_custom_step0_s_20260911_16,73ae71cb0ed14ea3ae74206b81f6a52e,0.072,,,
2119,2026-09-11,SH601186,0.028502561151981354,EXP_LinearModel_Alpha158_csi300_custom_step0_s_20260911_16,73ae71cb0ed14ea3ae74206b81f6a52e,0.072,,,
2120,2026-09-11,SH601211,-0.06528380513191223,EXP_LinearModel_Alpha158_csi300_custom_step0_s_20260911_16,73ae71cb0ed14ea3ae74206b81f6a52e,0.072,,,
2121,2026-09-11,SH601225,0.011954177170991898,EXP_LinearModel_Alpha158_csi300_custom_step0_s_20260911_16,73ae71cb0ed14ea3ae74206b81f6a52e,0.072,,,
2122,2026-09-11,SH601229,0.014810090884566307,EXP_LinearModel_Alpha158_csi300_custom_step0_s_20260911_16,73ae71cb0ed14ea3ae74206b81f6a52e,0.072,,,
2123,2026-09-11,SH601238,-0.09533100575208664,EXP_LinearModel_Alpha158_csi300_custom_step0_s_20260911_16,73ae71cb0ed14ea3ae74206b81f6a52e,0.072,,,
2124,2026-09-11,SH601288,0.010326867923140526,EXP_LinearModel_Alpha158_csi300_custom_step0_s_20260911_16,73ae71cb0ed14ea3ae74206b81f6a52e,0.072,,,
2125,2026-09-11,SH601318,0.07304537296295166,EXP_LinearModel_Alpha158_csi300_custom_step0_s_20260911_16,73ae71cb0ed14ea3ae74206b81f6a52e,0.072,,,
2126,2026-09-11,SH601319,0.004592394456267357,EXP_LinearModel_Alpha158_csi300_custom_step0_s_20260911_16,73ae71cb0ed14ea3ae74206b81f6a52e,0.072,,,
2127,2026-09-11,SH601658,-0.026830505579710007,EXP_LinearModel_Alpha158_csi300_custom_step0_s_20260911_16,73ae71cb0ed14ea3ae74206b81f6a52e,0.072,,,
2128,2026-09-11,SH601633,-0.15272098779678345,EXP_LinearModel_Alpha158_csi300_custom_step0_s_20260911_16,73ae71cb0ed14ea3ae74206b81f6a52e,0.072,,,
2129,2026-09-11,SH601628,0.029650919139385223,EXP_LinearModel_Alpha158_csi300_custom_step0_s_20260911_16,73ae71cb0ed14ea3ae74206b81f6a52e,0.072,,,
2130,2026-09-11,SH601618,-0.041175276041030884,EXP_LinearModel_Alpha158_csi300_custom_step0_s_20260911_16,73ae71cb0ed14ea3ae74206b81f6a52e,0.072,,,
2131,2026-09-11,SH601607,-0.08245154470205307,EXP_LinearModel_Alpha158_csi300_custom_step0_s_20260911_16,73ae71cb0ed14ea3ae74206b81f6a52e,0.072,,,
2132,2026-09-11,SH601601,0.009076915681362152,EXP_LinearModel_Alpha158_csi300_custom_step0_s_20260911_16,73ae71cb0ed14ea3ae74206b81f6a52e,0.072,,,
2133,2026-09-11,SH601077,0.08960850536823273,EXP_LinearModel_Alpha158_csi300_custom_step0_s_20260911_16,73ae71cb0ed14ea3ae74206b81f6a52e,0.072,,,
2134,2026-09-11,SH601600,0.013112355023622513,EXP_LinearModel_Alpha158_csi300_custom_step0_s_20260911_16,73ae71cb0ed14ea3ae74206b81f6a52e,0.072,,,
2135,2026-09-11,SH601398,0.06337335705757141,EXP_LinearModel_Alpha158_csi300_custom_step0_s_20260911_16,73ae71cb0ed14ea3ae74206b81f6a52e,0.072,,,
2136,2026-09-11,SH601390,0.03233754262328148,EXP_LinearModel_Alpha158_csi300_custom_step0_s_20260911_16,73ae71cb0ed14ea3ae74206b81f6a52e,0.072,,,
2137,2026-09-11,SH601377,-0.042262837290763855,EXP_LinearModel_Alpha158_csi300_custom_step0_s_20260911_16,73ae71cb0ed14ea3ae74206b81f6a52e,0.072,,,
2138,2026-09-11,SH601360,-0.15490728616714478,EXP_LinearModel_Alpha158_csi300_custom_step0_s_20260911_16,73ae71cb0ed14ea3ae74206b81f6a52e,0.072,,,
2139,2026-09-11,SH601336,0.030147604644298553,EXP_LinearModel_Alpha158_csi300_custom_step0_s_20260911_16,73ae71cb0ed14ea3ae74206b81f6a52e,0.072,,,
2140,2026-09-11,SH601328,0.06476086378097534,EXP_LinearModel_Alpha158_csi300_custom_step0_s_20260911_16,73ae71cb0ed14ea3ae74206b81f6a52e,0.072,,,
2141,2026-09-11,SH601456,-0.11992335319519043,EXP_LinearModel_Alpha158_csi300_custom_step0_s_20260911_16,73ae71cb0ed14ea3ae74206b81f6a52e,0.072,,,
2142,2026-09-11,SH601668,-0.05872887372970581,EXP_LinearModel_Alpha158_csi300_custom_step0_s_20260911_16,73ae71cb0ed14ea3ae74206b81f6a52e,0.072,,,
2143,2026-09-11,SH601066,-0.06873220205307007,EXP_LinearModel_Alpha158_csi300_custom_step0_s_20260911_16,73ae71cb0ed14ea3ae74206b81f6a52e,0.072,,,
2144,2026-09-11,SH601058,0.05380019545555115,EXP_LinearModel_Alpha158_csi300_custom_step0_s_20260911_16,73ae71cb0ed14ea3ae74206b81f6a52e,0.072,,,
2145,2026-09-11,SH600588,-0.04030395671725273,EXP_LinearModel_Alpha158_csi300_custom_step0_s_20260911_16,73ae71cb0ed14ea3ae74206b81f6a52e,0.072,,,
2146,2026-09-11,SH600600,-0.09483515471220016,EXP_LinearModel_Alpha158_csi300_custom_step0_s_20260911_16,73ae71cb0ed14ea3ae74206b81f6a52e,0.072,,,
2147,2026-09-11,SH600660,-0.03391733765602112,EXP_LinearModel_Alpha158_csi300_custom_step0_s_20260911_16,73ae71cb0ed14ea3ae74206b81f6a52e,0.072,,,
2148,2026-09-11,SH600674,-0.0011878106743097305,EXP_LinearModel_Alpha158_csi300_custom_step0_s_20260911_16,73ae71cb0ed14ea3ae74206b81f6a52e,0.072,,,
2149,2026-09-11,SH600690,-0.040417660027742386,EXP_LinearModel_Alpha158_csi300_custom_step0_s_20260911_16,73ae71cb0ed14ea3ae74206b81f6a52e,0.072,,,
2150,2026-09-11,SH600741,-0.0047420840710401535,EXP_LinearModel_Alpha158_csi300_custom_step0_s_20260911_16,73ae71cb0ed14ea3ae74206b81f6a52e,0.072,,,
2151,2026-09-11,SH600760,0.0684737041592598,EXP_LinearModel_Alpha158_csi300_custom_step0_s_20260911_16,73ae71cb0ed14ea3ae74206b81f6a52e,0.072,,,
2152,2026-09-11,SH600795,-0.004014216363430023,EXP_LinearModel_Alpha158_csi300_custom_step0_s_20260911_16,73ae71cb0ed14ea3ae74206b81f6a52e,0.072,,,
2153,2026-09-11,SH600803,0.08535441011190414,EXP_LinearModel_Alpha158_csi300_custom_step0_s_20260911_16,73ae71cb0ed14ea3ae74206b81f6a52e,0.072,,,
2154,2026-09-11,SH600809,-0.06843531876802444,EXP_LinearModel_Alpha158_csi300_custom_step0_s_20260911_16,73ae71cb0ed14ea3ae74206b81f6a52e,0.072,,,
2155,2026-09-11,SH600845,-0.042539022862911224,EXP_LinearModel_Alpha158_csi300_custom_step0_s_20260911_16,73ae71cb0ed14ea3ae74206b81f6a52e,0.072,,,
2156,2026-09-11,SH600875,-0.14814168214797974,EXP_LinearModel_Alpha158_csi300_custom_step0_s_20260911_16,73ae71cb0ed14ea3ae74206b81f6a52e,0.072,,,
2157,2026-09-11,SH600886,0.0344548225402832,EXP_LinearModel_Alpha158_csi300_custom_step0_s_20260911_16,73ae71cb0ed14ea3ae74206b81f6a52e,0.072,,,
2158,2026-09-11,SH600887,-0.006085970439016819,EXP_LinearModel_Alpha158_csi300_custom_step0_s_20260911_16,73ae71cb0ed14ea3ae74206b81f6a52e,0.072,,,
2159,2026-09-11,SH600893,0.09190371632575989,EXP_LinearModel_Alpha158_csi300_custom_step0_s_20260911_16,73ae71cb0ed14ea3ae74206b81f6a52e,0.072,,,
2160,2026-09-11,SH600900,0.019180946052074432,EXP_LinearModel_Alpha158_csi300_custom_step0_s_20260911_16,73ae71cb0ed14ea3ae74206b81f6a52e,0.072,,,
2161,2026-09-11,SH600905,-0.05646921694278717,EXP_LinearModel_Alpha158_csi300_custom_step0_s_20260911_16,73ae71cb0ed14ea3ae74206b81f6a52e,0.072,,,
2162,2026-09-11,SH601021,-0.0355212539434433,EXP_LinearModel_Alpha158_csi300_custom_step0_s_20260911_16,73ae71cb0ed14ea3ae74206b81f6a52e,0.072,,,
2163,2026-09-11,SH601018,0.05120246857404709,EXP_LinearModel_Alpha158_csi300_custom_step0_s_20260911_16,73ae71cb0ed14ea3ae74206b81f6a52e,0.072,,,
2164,2026-09-11,SH601012,-0.009943122044205666,EXP_LinearModel_Alpha158_csi300_custom_step0_s_20260911_16,73ae71cb0ed14ea3ae74206b81f6a52e,0.072,,,
2165,2026-09-11,SH601009,0.1031312644481659,EXP_LinearModel_Alpha158_csi300_custom_step0_s_20260911_16,73ae71cb0ed14ea3ae74206b81f6a52e,0.072,,,
2166,2026-09-11,SH601006,-0.06820341944694519,EXP_LinearModel_Alpha158_csi300_custom_step0_s_20260911_16,73ae71cb0ed14ea3ae74206b81f6a52e,0.072,,,
2167,2026-09-11,SH600999,0.0016841590404510498,EXP_LinearModel_Alpha158_csi300_custom_step0_s_20260911_16,73ae71cb0ed14ea3ae74206b81f6a52e,0.072,,,
2168,2026-09-11,SH601059,-0.06301795691251755,EXP_LinearModel_Alpha158_csi300_custom_step0_s_20260911_16,73ae71cb0ed14ea3ae74206b81f6a52e,0.072,,,
2169,2026-09-11,SH600989,0.13537439703941345,EXP_LinearModel_Alpha158_csi300_custom_step0_s_20260911_16,73ae71cb0ed14ea3ae74206b81f6a52e,0.072,,,
2170,2026-09-11,SH600941,0.00010578706860542297,EXP_LinearModel_Alpha158_csi300_custom_step0_s_20260911_16,73ae71cb0ed14ea3ae74206b81f6a52e,0.072,,,
2171,2026-09-11,SH600938,0.0809287577867508,EXP_LinearModel_Alpha158_csi300_custom_step0_s_20260911_16,73ae71cb0ed14ea3ae74206b81f6a52e,0.072,,,
2172,2026-09-11,SH600930,0.08337242901325226,EXP_LinearModel_Alpha158_csi300_custom_step0_s_20260911_16,73ae71cb0ed14ea3ae74206b81f6a52e,0.072,,,
2173,2026-09-11,SH600926,0.08779488503932953,EXP_LinearModel_Alpha158_csi300_custom_step0_s_20260911_16,73ae71cb0ed14ea3ae74206b81f6a52e,0.072,,,
2174,2026-09-11,SH600919,0.08938772231340408,EXP_LinearModel_Alpha158_csi300_custom_step0_s_20260911_16,73ae71cb0ed14ea3ae74206b81f6a52e,0.072,,,
2175,2026-09-11,SH600918,0.005834721960127354,EXP_LinearModel_Alpha158_csi300_custom_step0_s_20260911_16,73ae71cb0ed14ea3ae74206b81f6a52e,0.072,,,
2176,2026-09-11,SH600958,-0.004499522969126701,EXP_LinearModel_Alpha158_csi300_custom_step0_s_20260911_16,73ae71cb0ed14ea3ae74206b81f6a52e,0.072,,,
2177,2026-09-11,SH601669,0.0066949352622032166,EXP_LinearModel_Alpha158_csi300_custom_step0_s_20260911_16,73ae71cb0ed14ea3ae74206b81f6a52e,0.072,,,
2178,2026-09-11,SH601688,0.0331592857837677,EXP_LinearModel_Alpha158_csi300_custom_step0_s_20260911_16,73ae71cb0ed14ea3ae74206b81f6a52e,0.072,,,
2179,2026-09-11,SH601689,-0.10249191522598267,EXP_LinearModel_Alpha158_csi300_custom_step0_s_20260911_16,73ae71cb0ed14ea3ae74206b81f6a52e,0.072,,,
2180,2026-09-11,SH603893,-0.2277153581380844,EXP_LinearModel_Alpha158_csi300_custom_step0_s_20260911_16,73ae71cb0ed14ea3ae74206b81f6a52e,0.072,,,
2181,2026-09-11,SH603986,0.1683194637298584,EXP_LinearModel_Alpha158_csi300_custom_step0_s_20260911_16,73ae71cb0ed14ea3ae74206b81f6a52e,0.072,,,
2182,2026-09-11,SH603993,-0.11785118281841278,EXP_LinearModel_Alpha158_csi300_custom_step0_s_20260911_16,73ae71cb0ed14ea3ae74206b81f6a52e,0.072,,,
2183,2026-09-11,SH605117,0.0971456840634346,EXP_LinearModel_Alpha158_csi300_custom_step0_s_20260911_16,73ae71cb0ed14ea3ae74206b81f6a52e,0.072,,,
2184,2026-09-11,SH605499,-0.04025706276297569,EXP_LinearModel_Alpha158_csi300_custom_step0_s_20260911_16,73ae71cb0ed14ea3ae74206b81f6a52e,0.072,,,
2185,2026-09-11,SH688008,0.0626382827758789,EXP_LinearModel_Alpha158_csi300_custom_step0_s_20260911_16,73ae71cb0ed14ea3ae74206b81f6a52e,0.072,,,
2186,2026-09-11,SH688009,-0.11143854260444641,EXP_LinearModel_Alpha158_csi300_custom_step0_s_20260911_16,73ae71cb0ed14ea3ae74206b81f6a52e,0.072,,,
2187,2026-09-11,SH688012,0.08287135511636734,EXP_LinearModel_Alpha158_csi300_custom_step0_s_20260911_16,73ae71cb0ed14ea3ae74206b81f6a52e,0.072,,,
2188,2026-09-11,SH688036,0.06698666512966156,EXP_LinearModel_Alpha158_csi300_custom_step0_s_20260911_16,73ae71cb0ed14ea3ae74206b81f6a52e,0.072,,,
2189,2026-09-11,SH688041,0.046542778611183167,EXP_LinearModel_Alpha158_csi300_custom_step0_s_20260911_16,73ae71cb0ed14ea3ae74206b81f6a52e,0.072,,,
2190,2026-09-11,SH688047,-0.05275464802980423,EXP_LinearModel_Alpha158_csi300_custom_step0_s_20260911_16,73ae71cb0ed14ea3ae74206b81f6a52e,0.072,,,
2191,2026-09-11,SH688072,-0.00031372904777526855,EXP_LinearModel_Alpha158_csi300_custom_step0_s_20260911_16,73ae71cb0ed14ea3ae74206b81f6a52e,0.072,,,
2192,2026-09-11,SH688082,0.09174302965402603,EXP_LinearModel_Alpha158_csi300_custom_step0_s_20260911_16,73ae71cb0ed14ea3ae74206b81f6a52e,0.072,,,
2193,2026-09-11,SH688111,-0.06035282462835312,EXP_LinearModel_Alpha158_csi300_custom_step0_s_20260911_16,73ae71cb0ed14ea3ae74206b81f6a52e,0.072,,,
2194,2026-09-11,SH688126,0.05773797631263733,EXP_LinearModel_Alpha158_csi300_custom_step0_s_20260911_16,73ae71cb0ed14ea3ae74206b81f6a52e,0.072,,,
2195,2026-09-11,SH688183,-0.022710304707288742,EXP_LinearModel_Alpha158_csi300_custom_step0_s_20260911_16,73ae71cb0ed14ea3ae74206b81f6a52e,0.072,,,
2196,2026-09-11,SH688223,-0.0546993650496006,EXP_LinearModel_Alpha158_csi300_custom_step0_s_20260911_16,73ae71cb0ed14ea3ae74206b81f6a52e,0.072,,,
2197,2026-09-11,SZ000166,0.031534478068351746,EXP_LinearModel_Alpha158_csi300_custom_step0_s_20260911_16,73ae71cb0ed14ea3ae74206b81f6a52e,0.072,,,
2198,2026-09-11,SZ000157,-0.0328400544822216,EXP_LinearModel_Alpha158_csi300_custom_step0_s_20260911_16,73ae71cb0ed14ea3ae74206b81f6a52e,0.072,,,
2199,2026-09-11,SZ000100,-0.10278157889842987,EXP_LinearModel_Alpha158_csi300_custom_step0_s_20260911_16,73ae71cb0ed14ea3ae74206b81f6a52e,0.072,,,
2200,2026-09-11,SZ000063,-0.10455916076898575,EXP_LinearModel_Alpha158_csi300_custom_step0_s_20260911_16,73ae71cb0ed14ea3ae74206b81f6a52e,0.072,,,
2201,2026-09-11,SZ000002,-0.1114620566368103,EXP_LinearModel_Alpha158_csi300_custom_step0_s_20260911_16,73ae71cb0ed14ea3ae74206b81f6a52e,0.072,,,
2202,2026-09-11,SZ000001,0.016428962349891663,EXP_LinearModel_Alpha158_csi300_custom_step0_s_20260911_16,73ae71cb0ed14ea3ae74206b81f6a52e,0.072,,,
2203,2026-09-11,SH603799,-0.09386702626943588,EXP_LinearModel_Alpha158_csi300_custom_step0_s_20260911_16,73ae71cb0ed14ea3ae74206b81f6a52e,0.072,,,
2204,2026-09-11,SH688981,-0.0838809534907341,EXP_LinearModel_Alpha158_csi300_custom_step0_s_20260911_16,73ae71cb0ed14ea3ae74206b81f6a52e,0.072,,,
2205,2026-09-11,SH688506,0.14399443566799164,EXP_LinearModel_Alpha158_csi300_custom_step0_s_20260911_16,73ae71cb0ed14ea3ae74206b81f6a52e,0.072,,,
2206,2026-09-11,SH688472,0.002957157790660858,EXP_LinearModel_Alpha158_csi300_custom_step0_s_20260911_16,73ae71cb0ed14ea3ae74206b81f6a52e,0.072,,,
2207,2026-09-11,SH688396,0.09084407240152359,EXP_LinearModel_Alpha158_csi300_custom_step0_s_20260911_16,73ae71cb0ed14ea3ae74206b81f6a52e,0.072,,,
2208,2026-09-11,SH688303,-0.08055631816387177,EXP_LinearModel_Alpha158_csi300_custom_step0_s_20260911_16,73ae71cb0ed14ea3ae74206b81f6a52e,0.072,,,
2209,2026-09-11,SH688271,-0.058459632098674774,EXP_LinearModel_Alpha158_csi300_custom_step0_s_20260911_16,73ae71cb0ed14ea3ae74206b81f6a52e,0.072,,,
2210,2026-09-11,SH688256,-0.033542584627866745,EXP_LinearModel_Alpha158_csi300_custom_step0_s_20260911_16,73ae71cb0ed14ea3ae74206b81f6a52e,0.072,,,
2211,2026-09-11,SH688521,0.1705355942249298,EXP_LinearModel_Alpha158_csi300_custom_step0_s_20260911_16,73ae71cb0ed14ea3ae74206b81f6a52e,0.072,,,
2212,2026-09-11,SH603501,-0.00947167631238699,EXP_LinearModel_Alpha158_csi300_custom_step0_s_20260911_16,73ae71cb0ed14ea3ae74206b81f6a52e,0.072,,,
2213,2026-09-11,SH603392,-0.0008448297157883644,EXP_LinearModel_Alpha158_csi300_custom_step0_s_20260911_16,73ae71cb0ed14ea3ae74206b81f6a52e,0.072,,,
2214,2026-09-11,SH603369,-0.05860577151179314,EXP_LinearModel_Alpha158_csi300_custom_step0_s_20260911_16,73ae71cb0ed14ea3ae74206b81f6a52e,0.072,,,
2215,2026-09-11,SH601877,-0.1355573832988739,EXP_LinearModel_Alpha158_csi300_custom_step0_s_20260911_16,73ae71cb0ed14ea3ae74206b81f6a52e,0.072,,,
2216,2026-09-11,SH601872,0.12428021430969238,EXP_LinearModel_Alpha158_csi300_custom_step0_s_20260911_16,73ae71cb0ed14ea3ae74206b81f6a52e,0.072,,,
2217,2026-09-11,SH601868,-0.03297720104455948,EXP_LinearModel_Alpha158_csi300_custom_step0_s_20260911_16,73ae71cb0ed14ea3ae74206b81f6a52e,0.072,,,
2218,2026-09-11,SH601857,0.051554691046476364,EXP_LinearModel_Alpha158_csi300_custom_step0_s_20260911_16,73ae71cb0ed14ea3ae74206b81f6a52e,0.072,,,
2219,2026-09-11,SH601838,0.03871705383062363,EXP_LinearModel_Alpha158_csi300_custom_step0_s_20260911_16,73ae71cb0ed14ea3ae74206b81f6a52e,0.072,,,
2220,2026-09-11,SH601825,0.02343713492155075,EXP_LinearModel_Alpha158_csi300_custom_step0_s_20260911_16,73ae71cb0ed14ea3ae74206b81f6a52e,0.072,,,
2221,2026-09-11,SH601878,-0.11378126591444016,EXP_LinearModel_Alpha158_csi300_custom_step0_s_20260911_16,73ae71cb0ed14ea3ae74206b81f6a52e,0.072,,,
2222,2026-09-11,SH601818,-0.05958198755979538,EXP_LinearModel_Alpha158_csi300_custom_step0_s_20260911_16,73ae71cb0ed14ea3ae74206b81f6a52e,0.072,,,
2223,2026-09-11,SH601800,-0.0059130266308784485,EXP_LinearModel_Alpha158_csi300_custom_step0_s_20260911_16,73ae71cb0ed14ea3ae74206b81f6a52e,0.072,,,
2224,2026-09-11,SH601788,-0.032003410160541534,EXP_LinearModel_Alpha158_csi300_custom_step0_s_20260911_16,73ae71cb0ed14ea3ae74206b81f6a52e,0.072,,,
2225,2026-09-11,SH601766,-0.008506561629474163,EXP_LinearModel_Alpha158_csi300_custom_step0_s_20260911_16,73ae71cb0ed14ea3ae74206b81f6a52e,0.072,,,
2226,2026-09-11,SH601728,-0.07484479248523712,EXP_LinearModel_Alpha158_csi300_custom_step0_s_20260911_16,73ae71cb0ed14ea3ae74206b81f6a52e,0.072,,,
2227,2026-09-11,SH601727,-0.03962530940771103,EXP_LinearModel_Alpha158_csi300_custom_step0_s_20260911_16,73ae71cb0ed14ea3ae74206b81f6a52e,0.072,,,
2228,2026-09-11,SH601698,-0.03151440992951393,EXP_LinearModel_Alpha158_csi300_custom_step0_s_20260911_16,73ae71cb0ed14ea3ae74206b81f6a52e,0.072,,,
2229,2026-09-11,SH601816,0.019407089799642563,EXP_LinearModel_Alpha158_csi300_custom_step0_s_20260911_16,73ae71cb0ed14ea3ae74206b81f6a52e,0.072,,,
2230,2026-09-11,SZ000333,0.06637422740459442,EXP_LinearModel_Alpha158_csi300_custom_step0_s_20260911_16,73ae71cb0ed14ea3ae74206b81f6a52e,0.072,,,
2231,2026-09-11,SH601881,-0.07295878231525421,EXP_LinearModel_Alpha158_csi300_custom_step0_s_20260911_16,73ae71cb0ed14ea3ae74206b81f6a52e,0.072,,,
2232,2026-09-11,SH601898,0.030096376314759254,EXP_LinearModel_Alpha158_csi300_custom_step0_s_20260911_16,73ae71cb0ed14ea3ae74206b81f6a52e,0.072,,,
2233,2026-09-11,SH603296,-0.077686607837677,EXP_LinearModel_Alpha158_csi300_custom_step0_s_20260911_16,73ae71cb0ed14ea3ae74206b81f6a52e,0.072,,,
2234,2026-09-11,SH603288,-0.07942584902048111,EXP_LinearModel_Alpha158_csi300_custom_step0_s_20260911_16,73ae71cb0ed14ea3ae74206b81f6a52e,0.072,,,
2235,2026-09-11,SH603260,-0.05834689736366272,EXP_LinearModel_Alpha158_csi300_custom_step0_s_20260911_16,73ae71cb0ed14ea3ae74206b81f6a52e,0.072,,,
2236,2026-09-11,SH603259,0.019594760611653328,EXP_LinearModel_Alpha158_csi300_custom_step0_s_20260911_16,73ae71cb0ed14ea3ae74206b81f6a52e,0.072,,,
2237,2026-09-11,SH603019,-0.058658987283706665,EXP_LinearModel_Alpha158_csi300_custom_step0_s_20260911_16,73ae71cb0ed14ea3ae74206b81f6a52e,0.072,,,
2238,2026-09-11,SH601998,0.11210889369249344,EXP_LinearModel_Alpha158_csi300_custom_step0_s_20260911_16,73ae71cb0ed14ea3ae74206b81f6a52e,0.072,,,
2239,2026-09-11,SH601888,-0.07500908523797989,EXP_LinearModel_Alpha158_csi300_custom_step0_s_20260911_16,73ae71cb0ed14ea3ae74206b81f6a52e,0.072,,,
2240,2026-09-11,SH601995,-0.07176287472248077,EXP_LinearModel_Alpha158_csi300_custom_step0_s_20260911_16,73ae71cb0ed14ea3ae74206b81f6a52e,0.072,,,
2241,2026-09-11,SH601985,-0.01453080028295517,EXP_LinearModel_Alpha158_csi300_custom_step0_s_20260911_16,73ae71cb0ed14ea3ae74206b81f6a52e,0.072,,,
2242,2026-09-11,SH601939,0.08768826723098755,EXP_LinearModel_Alpha158_csi300_custom_step0_s_20260911_16,73ae71cb0ed14ea3ae74206b81f6a52e,0.072,,,
2243,2026-09-11,SH601919,0.07460051774978638,EXP_LinearModel_Alpha158_csi300_custom_step0_s_20260911_16,73ae71cb0ed14ea3ae74206b81f6a52e,0.072,,,
2244,2026-09-11,SH601916,-0.02992337942123413,EXP_LinearModel_Alpha158_csi300_custom_step0_s_20260911_16,73ae71cb0ed14ea3ae74206b81f6a52e,0.072,,,
2245,2026-09-11,SH601901,-0.10131247341632843,EXP_LinearModel_Alpha158_csi300_custom_step0_s_20260911_16,73ae71cb0ed14ea3ae74206b81f6a52e,0.072,,,
2246,2026-09-11,SH601899,0.01768273487687111,EXP_LinearModel_Alpha158_csi300_custom_step0_s_20260911_16,73ae71cb0ed14ea3ae74206b81f6a52e,0.072,,,
2247,2026-09-11,SH601988,0.05699486657977104,EXP_LinearModel_Alpha158_csi300_custom_step0_s_20260911_16,73ae71cb0ed14ea3ae74206b81f6a52e,0.072,,,
2248,2026-09-11,SH601939,0.1005162155634271,EXP_DEnsembleModel_Alpha158_csi300_custom_step0_s_20260911_16,ddbd9d9d28da40678dc72052e40c0d00,0.033,,,
2249,2026-09-11,SH601919,0.0220139934199004,EXP_DEnsembleModel_Alpha158_csi300_custom_step0_s_20260911_16,ddbd9d9d28da40678dc72052e40c0d00,0.033,,,
2250,2026-09-11,SH601916,0.10266240670039047,EXP_DEnsembleModel_Alpha158_csi300_custom_step0_s_20260911_16,ddbd9d9d28da40678dc72052e40c0d00,0.033,,,
2251,2026-09-11,SH601872,-0.004454865090177402,EXP_LGBModel_Alpha158_csi300_custom_step0_s_20260911_19,cf8f1900d2e2421e922cafeda5a691a7,0.082,,,
2252,2026-09-11,SH601877,-1.3362553222845903e-10,EXP_LGBModel_Alpha158_csi300_custom_step0_s_20260911_19,cf8f1900d2e2421e922cafeda5a691a7,0.082,,,
2253,2026-09-11,SH601878,-1.3362553222845903e-10,EXP_LGBModel_Alpha158_csi300_custom_step0_s_20260911_19,cf8f1900d2e2421e922cafeda5a691a7,0.082,,,
2254,2026-09-11,SH601881,-1.3362553222845903e-10,EXP_LGBModel_Alpha158_csi300_custom_step0_s_20260911_19,cf8f1900d2e2421e922cafeda5a691a7,0.082,,,
2255,2026-09-11,SH601888,-0.002174385178794302,EXP_LGBModel_Alpha158_csi300_custom_step0_s_20260911_19,cf8f1900d2e2421e922cafeda5a691a7,0.082,,,
2256,2026-09-11,SH601898,-0.002174385178794302,EXP_LGBModel_Alpha158_csi300_custom_step0_s_20260911_19,cf8f1900d2e2421e922cafeda5a691a7,0.082,,,
2257,2026-09-11,SH601899,-1.3362553222845903e-10,EXP_LGBModel_Alpha158_csi300_custom_step0_s_20260911_19,cf8f1900d2e2421e922cafeda5a691a7,0.082,,,
2258,2026-09-11,SH601901,-1.3362553222845903e-10,EXP_LGBModel_Alpha158_csi300_custom_step0_s_20260911_19,cf8f1900d2e2421e922cafeda5a691a7,0.082,,,
2259,2026-09-11,SH601916,0.00280688511642894,EXP_LGBModel_Alpha158_csi300_custom_step0_s_20260911_19,cf8f1900d2e2421e922cafeda5a691a7,0.082,,,
2260,2026-09-11,SH601919,0.0017062454633032615,EXP_LGBModel_Alpha158_csi300_custom_step0_s_20260911_19,cf8f1900d2e2421e922cafeda5a691a7,0.082,,,
2261,2026-09-11,SH601939,8.418461931733437e-05,EXP_LGBModel_Alpha158_csi300_custom_step0_s_20260911_19,cf8f1900d2e2421e922cafeda5a691a7,0.082,,,
2262,2026-09-11,SH601985,0.00280688511642894,EXP_LGBModel_Alpha158_csi300_custom_step0_s_20260911_19,cf8f1900d2e2421e922cafeda5a691a7,0.082,,,
2263,2026-09-11,SH601988,-1.3362553222845903e-10,EXP_LGBModel_Alpha158_csi300_custom_step0_s_20260911_19,cf8f1900d2e2421e922cafeda5a691a7,0.082,,,
2264,2026-09-11,SH601995,0.001046795122478656,EXP_LGBModel_Alpha158_csi300_custom_step0_s_20260911_19,cf8f1900d2e2421e922cafeda5a691a7,0.082,,,
2265,2026-09-11,SH601998,8.418461931733437e-05,EXP_LGBModel_Alpha158_csi300_custom_step0_s_20260911_19,cf8f1900d2e2421e922cafeda5a691a7,0.082,,,
2266,2026-09-11,SH603019,-0.002174385178794302,EXP_LGBModel_Alpha158_csi300_custom_step0_s_20260911_19,cf8f1900d2e2421e922cafeda5a691a7,0.082,,,
2267,2026-09-11,SH603259,-1.3362553222845903e-10,EXP_LGBModel_Alpha158_csi300_custom_step0_s_20260911_19,cf8f1900d2e2421e922cafeda5a691a7,0.082,,,
2268,2026-09-11,SH688009,-1.3362553222845903e-10,EXP_LGBModel_Alpha158_csi300_custom_step0_s_20260911_19,cf8f1900d2e2421e922cafeda5a691a7,0.082,,,
2269,2026-09-11,SH688008,-1.3362553222845903e-10,EXP_LGBModel_Alpha158_csi300_custom_step0_s_20260911_19,cf8f1900d2e2421e922cafeda5a691a7,0.082,,,
2270,2026-09-11,SH605499,-0.002174385178794302,EXP_LGBModel_Alpha158_csi300_custom_step0_s_20260911_19,cf8f1900d2e2421e922cafeda5a691a7,0.082,,,
2271,2026-09-11,SH605117,-0.002174385178794302,EXP_LGBModel_Alpha158_csi300_custom_step0_s_20260911_19,cf8f1900d2e2421e922cafeda5a691a7,0.082,,,
2272,2026-09-11,SH603993,-0.002174385178794302,EXP_LGBModel_Alpha158_csi300_custom_step0_s_20260911_19,cf8f1900d2e2421e922cafeda5a691a7,0.082,,,
2273,2026-09-11,SH603986,-1.3362553222845903e-10,EXP_LGBModel_Alpha158_csi300_custom_step0_s_20260911_19,cf8f1900d2e2421e922cafeda5a691a7,0.082,,,
2274,2026-09-11,SH601868,0.00280688511642894,EXP_LGBModel_Alpha158_csi300_custom_step0_s_20260911_19,cf8f1900d2e2421e922cafeda5a691a7,0.082,,,
2275,2026-09-11,SH603893,-0.002174385178794302,EXP_LGBModel_Alpha158_csi300_custom_step0_s_20260911_19,cf8f1900d2e2421e922cafeda5a691a7,0.082,,,
2276,2026-09-11,SH603501,0.001046795122478656,EXP_LGBModel_Alpha158_csi300_custom_step0_s_20260911_19,cf8f1900d2e2421e922cafeda5a691a7,0.082,,,
2277,2026-09-11,SH603392,-0.002174385178794302,EXP_LGBModel_Alpha158_csi300_custom_step0_s_20260911_19,cf8f1900d2e2421e922cafeda5a691a7,0.082,,,
2278,2026-09-11,SH603369,-0.002174385178794302,EXP_LGBModel_Alpha158_csi300_custom_step0_s_20260911_19,cf8f1900d2e2421e922cafeda5a691a7,0.082,,,
2279,2026-09-11,SH603296,-1.3362553222845903e-10,EXP_LGBModel_Alpha158_csi300_custom_step0_s_20260911_19,cf8f1900d2e2421e922cafeda5a691a7,0.082,,,
2280,2026-09-11,SH603288,-1.3362553222845903e-10,EXP_LGBModel_Alpha158_csi300_custom_step0_s_20260911_19,cf8f1900d2e2421e922cafeda5a691a7,0.082,,,
2281,2026-09-11,SH603260,-1.3362553222845903e-10,EXP_LGBModel_Alpha158_csi300_custom_step0_s_20260911_19,cf8f1900d2e2421e922cafeda5a691a7,0.082,,,
2282,2026-09-11,SH603799,0.001046795122478656,EXP_LGBModel_Alpha158_csi300_custom_step0_s_20260911_19,cf8f1900d2e2421e922cafeda5a691a7,0.082,,,
2283,2026-09-11,SH688012,-1.3362553222845903e-10,EXP_LGBModel_Alpha158_csi300_custom_step0_s_20260911_19,cf8f1900d2e2421e922cafeda5a691a7,0.082,,,
2284,2026-09-11,SH601857,8.418461931733437e-05,EXP_LGBModel_Alpha158_csi300_custom_step0_s_20260911_19,cf8f1900d2e2421e922cafeda5a691a7,0.082,,,
2285,2026-09-11,SH601825,0.0015814716992925768,EXP_LGBModel_Alpha158_csi300_custom_step0_s_20260911_19,cf8f1900d2e2421e922cafeda5a691a7,0.082,,,
2286,2026-09-11,SH601229,0.00280688511642894,EXP_LGBModel_Alpha158_csi300_custom_step0_s_20260911_19,cf8f1900d2e2421e922cafeda5a691a7,0.082,,,
2287,2026-09-11,SH601238,0.0015814716992925768,EXP_LGBModel_Alpha158_csi300_custom_step0_s_20260911_19,cf8f1900d2e2421e922cafeda5a691a7,0.082,,,
2288,2026-09-11,SH601288,-1.3362553222845903e-10,EXP_LGBModel_Alpha158_csi300_custom_step0_s_20260911_19,cf8f1900d2e2421e922cafeda5a691a7,0.082,,,
2289,2026-09-11,SH601318,0.0015814716992925768,EXP_LGBModel_Alpha158_csi300_custom_step0_s_20260911_19,cf8f1900d2e2421e922cafeda5a691a7,0.082,,,
2290,2026-09-11,SH601319,-1.3362553222845903e-10,EXP_LGBModel_Alpha158_csi300_custom_step0_s_20260911_19,cf8f1900d2e2421e922cafeda5a691a7,0.082,,,
2291,2026-09-11,SH601328,-1.3362553222845903e-10,EXP_LGBModel_Alpha158_csi300_custom_step0_s_20260911_19,cf8f1900d2e2421e922cafeda5a691a7,0.082,,,
2292,2026-09-11,SH601336,-1.3362553222845903e-10,EXP_LGBModel_Alpha158_csi300_custom_step0_s_20260911_19,cf8f1900d2e2421e922cafeda5a691a7,0.082,,,
2293,2026-09-11,SH601360,-0.002174385178794302,EXP_LGBModel_Alpha158_csi300_custom_step0_s_20260911_19,cf8f1900d2e2421e922cafeda5a691a7,0.082,,,
2294,2026-09-11,SH601377,-1.3362553222845903e-10,EXP_LGBModel_Alpha158_csi300_custom_step0_s_20260911_19,cf8f1900d2e2421e922cafeda5a691a7,0.082,,,
2295,2026-09-11,SH601390,0.00280688511642894,EXP_LGBModel_Alpha158_csi300_custom_step0_s_20260911_19,cf8f1900d2e2421e922cafeda5a691a7,0.082,,,
2296,2026-09-11,SH601398,8.418461931733437e-05,EXP_LGBModel_Alpha158_csi300_custom_step0_s_20260911_19,cf8f1900d2e2421e922cafeda5a691a7,0.082,,,
2297,2026-09-11,SH601456,-1.3362553222845903e-10,EXP_LGBModel_Alpha158_csi300_custom_step0_s_20260911_19,cf8f1900d2e2421e922cafeda5a691a7,0.082,,,
2298,2026-09-11,SH601600,-0.0009147527514292577,EXP_LGBModel_Alpha158_csi300_custom_step0_s_20260911_19,cf8f1900d2e2421e922cafeda5a691a7,0.082,,,
2299,2026-09-11,SH601601,-1.3362553222845903e-10,EXP_LGBModel_Alpha158_csi300_custom_step0_s_20260911_19,cf8f1900d2e2421e922cafeda5a691a7,0.082,,,
2300,2026-09-11,SH601607,0.00280688511642894,EXP_LGBModel_Alpha158_csi300_custom_step0_s_20260911_19,cf8f1900d2e2421e922cafeda5a691a7,0.082,,,
2301,2026-09-11,SH601618,0.00280688511642894,EXP_LGBModel_Alpha158_csi300_custom_step0_s_20260911_19,cf8f1900d2e2421e922cafeda5a691a7,0.082,,,
2302,2026-09-11,SH601628,-1.3362553222845903e-10,EXP_LGBModel_Alpha158_csi300_custom_step0_s_20260911_19,cf8f1900d2e2421e922cafeda5a691a7,0.082,,,
2303,2026-09-11,SH601818,0.00280688511642894,EXP_LGBModel_Alpha158_csi300_custom_step0_s_20260911_19,cf8f1900d2e2421e922cafeda5a691a7,0.082,,,
2304,2026-09-11,SH601816,0.00280688511642894,EXP_LGBModel_Alpha158_csi300_custom_step0_s_20260911_19,cf8f1900d2e2421e922cafeda5a691a7,0.082,,,
2305,2026-09-11,SH601800,0.00280688511642894,EXP_LGBModel_Alpha158_csi300_custom_step0_s_20260911_19,cf8f1900d2e2421e922cafeda5a691a7,0.082,,,
2306,2026-09-11,SH601788,-1.3362553222845903e-10,EXP_LGBModel_Alpha158_csi300_custom_step0_s_20260911_19,cf8f1900d2e2421e922cafeda5a691a7,0.082,,,
2307,2026-09-11,SH601766,-1.3362553222845903e-10,EXP_LGBModel_Alpha158_csi300_custom_step0_s_20260911_19,cf8f1900d2e2421e922cafeda5a691a7,0.082,,,
2308,2026-09-11,SH601728,-1.3362553222845903e-10,EXP_LGBModel_Alpha158_csi300_custom_step0_s_20260911_19,cf8f1900d2e2421e922cafeda5a691a7,0.082,,,
2309,2026-09-11,SH601838,0.0017062454633032615,EXP_LGBModel_Alpha158_csi300_custom_step0_s_20260911_19,cf8f1900d2e2421e922cafeda5a691a7,0.082,,,
2310,2026-09-11,SH601727,0.0015814716992925768,EXP_LGBModel_Alpha158_csi300_custom_step0_s_20260911_19,cf8f1900d2e2421e922cafeda5a691a7,0.082,,,
2311,2026-09-11,SH601689,0.001046795122478656,EXP_LGBModel_Alpha158_csi300_custom_step0_s_20260911_19,cf8f1900d2e2421e922cafeda5a691a7,0.082,,,
2312,2026-09-11,SH601688,-1.3362553222845903e-10,EXP_LGBModel_Alpha158_csi300_custom_step0_s_20260911_19,cf8f1900d2e2421e922cafeda5a691a7,0.082,,,
2313,2026-09-11,SH601669,0.00280688511642894,EXP_LGBModel_Alpha158_csi300_custom_step0_s_20260911_19,cf8f1900d2e2421e922cafeda5a691a7,0.082,,,
2314,2026-09-11,SH601668,0.0015814716992925768,EXP_LGBModel_Alpha158_csi300_custom_step0_s_20260911_19,cf8f1900d2e2421e922cafeda5a691a7,0.082,,,
2315,2026-09-11,SH601658,8.418461931733437e-05,EXP_LGBModel_Alpha158_csi300_custom_step0_s_20260911_19,cf8f1900d2e2421e922cafeda5a691a7,0.082,,,
2316,2026-09-11,SH601633,-1.3362553222845903e-10,EXP_LGBModel_Alpha158_csi300_custom_step0_s_20260911_19,cf8f1900d2e2421e922cafeda5a691a7,0.082,,,
2317,2026-09-11,SH601698,0.0015814716992925768,EXP_LGBModel_Alpha158_csi300_custom_step0_s_20260911_19,cf8f1900d2e2421e922cafeda5a691a7,0.082,,,
2318,2026-09-11,SH601225,-0.0009147527514292577,EXP_LGBModel_Alpha158_csi300_custom_step0_s_20260911_19,cf8f1900d2e2421e922cafeda5a691a7,0.082,,,
2319,2026-09-11,SH688036,-0.002174385178794302,EXP_LGBModel_Alpha158_csi300_custom_step0_s_20260911_19,cf8f1900d2e2421e922cafeda5a691a7,0.082,,,
2320,2026-09-11,SH688047,-1.3362553222845903e-10,EXP_LGBModel_Alpha158_csi300_custom_step0_s_20260911_19,cf8f1900d2e2421e922cafeda5a691a7,0.082,,,
2321,2026-09-11,SZ000768,-0.0009147527514292577,EXP_LGBModel_Alpha158_csi300_custom_step0_s_20260911_19,cf8f1900d2e2421e922cafeda5a691a7,0.082,,,
2322,2026-09-11,SZ000776,-0.002174385178794302,EXP_LGBModel_Alpha158_csi300_custom_step0_s_20260911_19,cf8f1900d2e2421e922cafeda5a691a7,0.082,,,
2323,2026-09-11,SZ000792,0.001046795122478656,EXP_LGBModel_Alpha158_csi300_custom_step0_s_20260911_19,cf8f1900d2e2421e922cafeda5a691a7,0.082,,,
2324,2026-09-11,SZ000807,0.0017062454633032615,EXP_LGBModel_Alpha158_csi300_custom_step0_s_20260911_19,cf8f1900d2e2421e922cafeda5a691a7,0.082,,,
2325,2026-09-11,SZ000858,-1.3362553222845903e-10,EXP_LGBModel_Alpha158_csi300_custom_step0_s_20260911_19,cf8f1900d2e2421e922cafeda5a691a7,0.082,,,
2326,2026-09-11,SZ000895,-1.3362553222845903e-10,EXP_LGBModel_Alpha158_csi300_custom_step0_s_20260911_19,cf8f1900d2e2421e922cafeda5a691a7,0.082,,,
2327,2026-09-11,SZ000938,0.0002649477093800557,EXP_LGBModel_Alpha158_csi300_custom_step0_s_20260911_19,cf8f1900d2e2421e922cafeda5a691a7,0.082,,,
2328,2026-09-11,SZ000963,-1.3362553222845903e-10,EXP_LGBModel_Alpha158_csi300_custom_step0_s_20260911_19,cf8f1900d2e2421e922cafeda5a691a7,0.082,,,
2329,2026-09-11,SZ000975,-1.3362553222845903e-10,EXP_LGBModel_Alpha158_csi300_custom_step0_s_20260911_19,cf8f1900d2e2421e922cafeda5a691a7,0.082,,,
2330,2026-09-11,SZ000977,-0.002174385178794302,EXP_LGBModel_Alpha158_csi300_custom_step0_s_20260911_19,cf8f1900d2e2421e922cafeda5a691a7,0.082,,,
2331,2026-09-11,SZ000988,-1.3362553222845903e-10,EXP_LGBModel_Alpha158_csi300_custom_step0_s_20260911_19,cf8f1900d2e2421e922cafeda5a691a7,0.082,,,
2332,2026-09-11,SZ000999,-1.3362553222845903e-10,EXP_LGBModel_Alpha158_csi300_custom_step0_s_20260911_19,cf8f1900d2e2421e922cafeda5a691a7,0.082,,,
2333,2026-09-11,SZ001280,-0.002174385178794302,EXP_LGBModel_Alpha158_csi300_custom_step0_s_20260911_19,cf8f1900d2e2421e922cafeda5a691a7,0.082,,,
2334,2026-09-11,SZ001391,-1.3362553222845903e-10,EXP_LGBModel_Alpha158_csi300_custom_step0_s_20260911_19,cf8f1900d2e2421e922cafeda5a691a7,0.082,,,
2335,2026-09-11,SZ001965,8.418461931733437e-05,EXP_LGBModel_Alpha158_csi300_custom_step0_s_20260911_19,cf8f1900d2e2421e922cafeda5a691a7,0.082,,,
2336,2026-09-11,SZ001979,0.001046795122478656,EXP_LGBModel_Alpha158_csi300_custom_step0_s_20260911_19,cf8f1900d2e2421e922cafeda5a691a7,0.082,,,
2337,2026-09-11,SZ002001,0.0015814716992925768,EXP_LGBModel_Alpha158_csi300_custom_step0_s_20260911_19,cf8f1900d2e2421e922cafeda5a691a7,0.082,,,
2338,2026-09-11,SZ002352,-1.3362553222845903e-10,EXP_LGBModel_Alpha158_csi300_custom_step0_s_20260911_19,cf8f1900d2e2421e922cafeda5a691a7,0.082,,,
2339,2026-09-11,SZ002311,0.001046795122478656,EXP_LGBModel_Alpha158_csi300_custom_step0_s_20260911_19,cf8f1900d2e2421e922cafeda5a691a7,0.082,,,
2340,2026-09-11,SZ002304,-1.3362553222845903e-10,EXP_LGBModel_Alpha158_csi300_custom_step0_s_20260911_19,cf8f1900d2e2421e922cafeda5a691a7,0.082,,,
2341,2026-09-11,SZ002241,-0.002174385178794302,EXP_LGBModel_Alpha158_csi300_custom_step0_s_20260911_19,cf8f1900d2e2421e922cafeda5a691a7,0.082,,,
2342,2026-09-11,SZ002236,-1.3362553222845903e-10,EXP_LGBModel_Alpha158_csi300_custom_step0_s_20260911_19,cf8f1900d2e2421e922cafeda5a691a7,0.082,,,
2343,2026-09-11,SZ002230,-1.3362553222845903e-10,EXP_LGBModel_Alpha158_csi300_custom_step0_s_20260911_19,cf8f1900d2e2421e922cafeda5a691a7,0.082,,,
2344,2026-09-11,SZ000725,0.0002649477093800557,EXP_LGBModel_Alpha158_csi300_custom_step0_s_20260911_19,cf8f1900d2e2421e922cafeda5a691a7,0.082,,,
2345,2026-09-11,SZ002202,-1.3362553222845903e-10,EXP_LGBModel_Alpha158_csi300_custom_step0_s_20260911_19,cf8f1900d2e2421e922cafeda5a691a7,0.082,,,
2346,2026-09-11,SZ002142,-1.3362553222845903e-10,EXP_LGBModel_Alpha158_csi300_custom_step0_s_20260911_19,cf8f1900d2e2421e922cafeda5a691a7,0.082,,,
2347,2026-09-11,SZ002074,-0.002174385178794302,EXP_LGBModel_Alpha158_csi300_custom_step0_s_20260911_19,cf8f1900d2e2421e922cafeda5a691a7,0.082,,,
2348,2026-09-11,SZ002050,-1.3362553222845903e-10,EXP_LGBModel_Alpha158_csi300_custom_step0_s_20260911_19,cf8f1900d2e2421e922cafeda5a691a7,0.082,,,
2349,2026-09-11,SZ002049,-1.3362553222845903e-10,EXP_LGBModel_Alpha158_csi300_custom_step0_s_20260911_19,cf8f1900d2e2421e922cafeda5a691a7,0.082,,,
2350,2026-09-11,SZ002028,0.001046795122478656,EXP_LGBModel_Alpha158_csi300_custom_step0_s_20260911_19,cf8f1900d2e2421e922cafeda5a691a7,0.082,,,
2351,2026-09-11,SZ002027,0.0015814716992925768,EXP_LGBModel_Alpha158_csi300_custom_step0_s_20260911_19,cf8f1900d2e2421e922cafeda5a691a7,0.082,,,
2352,2026-09-11,SZ002179,-1.3362553222845903e-10,EXP_LGBModel_Alpha158_csi300_custom_step0_s_20260911_19,cf8f1900d2e2421e922cafeda5a691a7,0.082,,,
2353,2026-09-11,SH688041,0.003474471522299649,EXP_LGBModel_Alpha158_csi300_custom_step0_s_20260911_19,cf8f1900d2e2421e922cafeda5a691a7,0.082,,,
2354,2026-09-11,SZ000708,-1.3362553222845903e-10,EXP_LGBModel_Alpha158_csi300_custom_step0_s_20260911_19,cf8f1900d2e2421e922cafeda5a691a7,0.082,,,
2355,2026-09-11,SZ000651,0.00280688511642894,EXP_LGBModel_Alpha158_csi300_custom_step0_s_20260911_19,cf8f1900d2e2421e922cafeda5a691a7,0.082,,,
2356,2026-09-11,SH688072,0.001046795122478656,EXP_LGBModel_Alpha158_csi300_custom_step0_s_20260911_19,cf8f1900d2e2421e922cafeda5a691a7,0.082,,,
2357,2026-09-11,SH688082,-1.3362553222845903e-10,EXP_LGBModel_Alpha158_csi300_custom_step0_s_20260911_19,cf8f1900d2e2421e922cafeda5a691a7,0.082,,,
2358,2026-09-11,SH688111,-0.002174385178794302,EXP_LGBModel_Alpha158_csi300_custom_step0_s_20260911_19,cf8f1900d2e2421e922cafeda5a691a7,0.082,,,
2359,2026-09-11,SH688126,-1.3362553222845903e-10,EXP_LGBModel_Alpha158_csi300_custom_step0_s_20260911_19,cf8f1900d2e2421e922cafeda5a691a7,0.082,,,
2360,2026-09-11,SH688183,-1.3362553222845903e-10,EXP_LGBModel_Alpha158_csi300_custom_step0_s_20260911_19,cf8f1900d2e2421e922cafeda5a691a7,0.082,,,
2361,2026-09-11,SH688223,-1.3362553222845903e-10,EXP_LGBModel_Alpha158_csi300_custom_step0_s_20260911_19,cf8f1900d2e2421e922cafeda5a691a7,0.082,,,
2362,2026-09-11,SH688256,0.001046795122478656,EXP_LGBModel_Alpha158_csi300_custom_step0_s_20260911_19,cf8f1900d2e2421e922cafeda5a691a7,0.082,,,
2363,2026-09-11,SH688271,-0.002174385178794302,EXP_LGBModel_Alpha158_csi300_custom_step0_s_20260911_19,cf8f1900d2e2421e922cafeda5a691a7,0.082,,,
2364,2026-09-11,SH688303,-1.3362553222845903e-10,EXP_LGBModel_Alpha158_csi300_custom_step0_s_20260911_19,cf8f1900d2e2421e922cafeda5a691a7,0.082,,,
2365,2026-09-11,SH688396,-1.3362553222845903e-10,EXP_LGBModel_Alpha158_csi300_custom_step0_s_20260911_19,cf8f1900d2e2421e922cafeda5a691a7,0.082,,,
2366,2026-09-11,SH688472,-1.3362553222845903e-10,EXP_LGBModel_Alpha158_csi300_custom_step0_s_20260911_19,cf8f1900d2e2421e922cafeda5a691a7,0.082,,,
2367,2026-09-11,SH688506,-1.3362553222845903e-10,EXP_LGBModel_Alpha158_csi300_custom_step0_s_20260911_19,cf8f1900d2e2421e922cafeda5a691a7,0.082,,,
2368,2026-09-11,SH688521,-1.3362553222845903e-10,EXP_LGBModel_Alpha158_csi300_custom_step0_s_20260911_19,cf8f1900d2e2421e922cafeda5a691a7,0.082,,,
2369,2026-09-11,SH688981,0.001046795122478656,EXP_LGBModel_Alpha158_csi300_custom_step0_s_20260911_19,cf8f1900d2e2421e922cafeda5a691a7,0.082,,,
2370,2026-09-11,SZ000001,0.0015814716992925768,EXP_LGBModel_Alpha158_csi300_custom_step0_s_20260911_19,cf8f1900d2e2421e922cafeda5a691a7,0.082,,,
2371,2026-09-11,SZ000002,-0.002174385178794302,EXP_LGBModel_Alpha158_csi300_custom_step0_s_20260911_19,cf8f1900d2e2421e922cafeda5a691a7,0.082,,,
2372,2026-09-11,SZ000063,-0.002174385178794302,EXP_LGBModel_Alpha158_csi300_custom_step0_s_20260911_19,cf8f1900d2e2421e922cafeda5a691a7,0.082,,,
2373,2026-09-11,SZ000630,-0.002174385178794302,EXP_LGBModel_Alpha158_csi300_custom_step0_s_20260911_19,cf8f1900d2e2421e922cafeda5a691a7,0.082,,,
2374,2026-09-11,SZ000625,0.0015814716992925768,EXP_LGBModel_Alpha158_csi300_custom_step0_s_20260911_19,cf8f1900d2e2421e922cafeda5a691a7,0.082,,,
2375,2026-09-11,SZ000617,-0.002174385178794302,EXP_LGBModel_Alpha158_csi300_custom_step0_s_20260911_19,cf8f1900d2e2421e922cafeda5a691a7,0.082,,,
2376,2026-09-11,SZ000596,-0.002174385178794302,EXP_LGBModel_Alpha158_csi300_custom_step0_s_20260911_19,cf8f1900d2e2421e922cafeda5a691a7,0.082,,,
2377,2026-09-11,SZ000568,-0.0009513524456758871,EXP_LGBModel_Alpha158_csi300_custom_step0_s_20260911_19,cf8f1900d2e2421e922cafeda5a691a7,0.082,,,
2378,2026-09-11,SZ000538,0.00280688511642894,EXP_LGBModel_Alpha158_csi300_custom_step0_s_20260911_19,cf8f1900d2e2421e922cafeda5a691a7,0.082,,,
2379,2026-09-11,SZ000657,-1.3362553222845903e-10,EXP_LGBModel_Alpha158_csi300_custom_step0_s_20260911_19,cf8f1900d2e2421e922cafeda5a691a7,0.082,,,
2380,2026-09-11,SZ000425,-0.002174385178794302,EXP_LGBModel_Alpha158_csi300_custom_step0_s_20260911_19,cf8f1900d2e2421e922cafeda5a691a7,0.082,,,
2381,2026-09-11,SZ000338,-1.3362553222845903e-10,EXP_LGBModel_Alpha158_csi300_custom_step0_s_20260911_19,cf8f1900d2e2421e922cafeda5a691a7,0.082,,,
2382,2026-09-11,SZ000333,0.00280688511642894,EXP_LGBModel_Alpha158_csi300_custom_step0_s_20260911_19,cf8f1900d2e2421e922cafeda5a691a7,0.082,,,
2383,2026-09-11,SZ000301,-0.002174385178794302,EXP_LGBModel_Alpha158_csi300_custom_step0_s_20260911_19,cf8f1900d2e2421e922cafeda5a691a7,0.082,,,
2384,2026-09-11,SZ000166,-1.3362553222845903e-10,EXP_LGBModel_Alpha158_csi300_custom_step0_s_20260911_19,cf8f1900d2e2421e922cafeda5a691a7,0.082,,,
2385,2026-09-11,SZ000157,-1.3362553222845903e-10,EXP_LGBModel_Alpha158_csi300_custom_step0_s_20260911_19,cf8f1900d2e2421e922cafeda5a691a7,0.082,,,
2386,2026-09-11,SZ000100,-0.002174385178794302,EXP_LGBModel_Alpha158_csi300_custom_step0_s_20260911_19,cf8f1900d2e2421e922cafeda5a691a7,0.082,,,
2387,2026-09-11,SZ000408,0.001046795122478656,EXP_LGBModel_Alpha158_csi300_custom_step0_s_20260911_19,cf8f1900d2e2421e922cafeda5a691a7,0.082,,,
2388,2026-09-11,SH601211,-1.3362553222845903e-10,EXP_LGBModel_Alpha158_csi300_custom_step0_s_20260911_19,cf8f1900d2e2421e922cafeda5a691a7,0.082,,,
2389,2026-09-11,SH601186,0.00280688511642894,EXP_LGBModel_Alpha158_csi300_custom_step0_s_20260911_19,cf8f1900d2e2421e922cafeda5a691a7,0.082,,,
2390,2026-09-11,SH601169,-1.3362553222845903e-10,EXP_LGBModel_Alpha158_csi300_custom_step0_s_20260911_19,cf8f1900d2e2421e922cafeda5a691a7,0.082,,,
2391,2026-09-11,SZ302132,-0.0017590475226912177,EXP_CatBoostModel_Alpha158_csi300_custom_step0_s_20260911_19,d636588c4e974b04af3c84057f94df20,0.043,,,
2392,2026-09-11,SH600000,0.00280688511642894,EXP_LGBModel_Alpha158_csi300_custom_step0_s_20260911_19,cf8f1900d2e2421e922cafeda5a691a7,0.082,,,
2393,2026-09-11,SH600009,0.00280688511642894,EXP_LGBModel_Alpha158_csi300_custom_step0_s_20260911_19,cf8f1900d2e2421e922cafeda5a691a7,0.082,,,
2394,2026-09-11,SH600010,-1.3362553222845903e-10,EXP_LGBModel_Alpha158_csi300_custom_step0_s_20260911_19,cf8f1900d2e2421e922cafeda5a691a7,0.082,,,
2395,2026-09-11,SH600011,0.0015814716992925768,EXP_LGBModel_Alpha158_csi300_custom_step0_s_20260911_19,cf8f1900d2e2421e922cafeda5a691a7,0.082,,,
2396,2026-09-11,SH600015,0.0015814716992925768,EXP_LGBModel_Alpha158_csi300_custom_step0_s_20260911_19,cf8f1900d2e2421e922cafeda5a691a7,0.082,,,
2397,2026-09-11,SH600016,-1.3362553222845903e-10,EXP_LGBModel_Alpha158_csi300_custom_step0_s_20260911_19,cf8f1900d2e2421e922cafeda5a691a7,0.082,,,
2398,2026-09-11,SH600018,-1.3362553222845903e-10,EXP_LGBModel_Alpha158_csi300_custom_step0_s_20260911_19,cf8f1900d2e2421e922cafeda5a691a7,0.082,,,
2399,2026-09-11,SH600019,0.00280688511642894,EXP_LGBModel_Alpha158_csi300_custom_step0_s_20260911_19,cf8f1900d2e2421e922cafeda5a691a7,0.082,,,
2400,2026-09-11,SH600023,-1.3362553222845903e-10,EXP_LGBModel_Alpha158_csi300_custom_step0_s_20260911_19,cf8f1900d2e2421e922cafeda5a691a7,0.082,,,
2401,2026-09-11,SH600025,0.00280688511642894,EXP_LGBModel_Alpha158_csi300_custom_step0_s_20260911_19,cf8f1900d2e2421e922cafeda5a691a7,0.082,,,
2402,2026-09-11,SH600026,-0.004454865090177402,EXP_LGBModel_Alpha158_csi300_custom_step0_s_20260911_19,cf8f1900d2e2421e922cafeda5a691a7,0.082,,,
2403,2026-09-11,SH600027,0.00038337689850504814,EXP_LGBModel_Alpha158_csi300_custom_step0_s_20260911_19,cf8f1900d2e2421e922cafeda5a691a7,0.082,,,
2404,2026-09-11,SH600028,8.418461931733437e-05,EXP_LGBModel_Alpha158_csi300_custom_step0_s_20260911_19,cf8f1900d2e2421e922cafeda5a691a7,0.082,,,
2405,2026-09-11,SH600029,-1.3362553222845903e-10,EXP_LGBModel_Alpha158_csi300_custom_step0_s_20260911_19,cf8f1900d2e2421e922cafeda5a691a7,0.082,,,
2406,2026-09-11,SH600030,-1.3362553222845903e-10,EXP_LGBModel_Alpha158_csi300_custom_step0_s_20260911_19,cf8f1900d2e2421e922cafeda5a691a7,0.082,,,
2407,2026-09-11,SH600031,0.0015814716992925768,EXP_LGBModel_Alpha158_csi300_custom_step0_s_20260911_19,cf8f1900d2e2421e922cafeda5a691a7,0.082,,,
2408,2026-09-11,SH600160,0.001046795122478656,EXP_LGBModel_Alpha158_csi300_custom_step0_s_20260911_19,cf8f1900d2e2421e922cafeda5a691a7,0.082,,,
2409,2026-09-11,SH600150,-0.0009147527514292577,EXP_LGBModel_Alpha158_csi300_custom_step0_s_20260911_19,cf8f1900d2e2421e922cafeda5a691a7,0.082,,,
2410,2026-09-11,SH600118,-1.3362553222845903e-10,EXP_LGBModel_Alpha158_csi300_custom_step0_s_20260911_19,cf8f1900d2e2421e922cafeda5a691a7,0.082,,,
2411,2026-09-11,SH600115,-1.3362553222845903e-10,EXP_LGBModel_Alpha158_csi300_custom_step0_s_20260911_19,cf8f1900d2e2421e922cafeda5a691a7,0.082,,,
2412,2026-09-11,SH600111,0.001046795122478656,EXP_LGBModel_Alpha158_csi300_custom_step0_s_20260911_19,cf8f1900d2e2421e922cafeda5a691a7,0.082,,,
2413,2026-09-11,SH600104,0.00038337689850504814,EXP_LGBModel_Alpha158_csi300_custom_step0_s_20260911_19,cf8f1900d2e2421e922cafeda5a691a7,0.082,,,
2414,2026-09-11,SZ301308,-0.005994026253305073,EXP_CatBoostModel_Alpha158_csi300_custom_step0_s_20260911_19,d636588c4e974b04af3c84057f94df20,0.043,,,
2415,2026-09-11,SH600089,-1.3362553222845903e-10,EXP_LGBModel_Alpha158_csi300_custom_step0_s_20260911_19,cf8f1900d2e2421e922cafeda5a691a7,0.082,,,
2416,2026-09-11,SH600066,-0.002174385178794302,EXP_LGBModel_Alpha158_csi300_custom_step0_s_20260911_19,cf8f1900d2e2421e922cafeda5a691a7,0.082,,,
2417,2026-09-11,SH600061,-1.3362553222845903e-10,EXP_LGBModel_Alpha158_csi300_custom_step0_s_20260911_19,cf8f1900d2e2421e922cafeda5a691a7,0.082,,,
2418,2026-09-11,SH600050,0.00280688511642894,EXP_LGBModel_Alpha158_csi300_custom_step0_s_20260911_19,cf8f1900d2e2421e922cafeda5a691a7,0.082,,,
2419,2026-09-11,SH600048,0.0017062454633032615,EXP_LGBModel_Alpha158_csi300_custom_step0_s_20260911_19,cf8f1900d2e2421e922cafeda5a691a7,0.082,,,
2420,2026-09-11,SH600039,0.0017062454633032615,EXP_LGBModel_Alpha158_csi300_custom_step0_s_20260911_19,cf8f1900d2e2421e922cafeda5a691a7,0.082,,,
2421,2026-09-11,SH600036,0.0015814716992925768,EXP_LGBModel_Alpha158_csi300_custom_step0_s_20260911_19,cf8f1900d2e2421e922cafeda5a691a7,0.082,,,
2422,2026-09-11,SH600085,-1.3362553222845903e-10,EXP_LGBModel_Alpha158_csi300_custom_step0_s_20260911_19,cf8f1900d2e2421e922cafeda5a691a7,0.082,,,
2423,2026-09-11,SH600176,-1.3362553222845903e-10,EXP_LGBModel_Alpha158_csi300_custom_step0_s_20260911_19,cf8f1900d2e2421e922cafeda5a691a7,0.082,,,
2424,2026-09-11,SZ301269,-0.009455370986737995,EXP_CatBoostModel_Alpha158_csi300_custom_step0_s_20260911_19,d636588c4e974b04af3c84057f94df20,0.043,,,
2425,2026-09-11,SZ301165,0.0033123286935101237,EXP_CatBoostModel_Alpha158_csi300_custom_step0_s_20260911_19,d636588c4e974b04af3c84057f94df20,0.043,,,
2426,2026-09-11,SZ002938,-0.003150059749488821,EXP_CatBoostModel_Alpha158_csi300_custom_step0_s_20260911_19,d636588c4e974b04af3c84057f94df20,0.043,,,
2427,2026-09-11,SZ003816,0.0027163155275361406,EXP_CatBoostModel_Alpha158_csi300_custom_step0_s_20260911_19,d636588c4e974b04af3c84057f94df20,0.043,,,
2428,2026-09-11,SZ300014,-0.005461480748111935,EXP_CatBoostModel_Alpha158_csi300_custom_step0_s_20260911_19,d636588c4e974b04af3c84057f94df20,0.043,,,
2429,2026-09-11,SZ300015,-0.0021880180372156935,EXP_CatBoostModel_Alpha158_csi300_custom_step0_s_20260911_19,d636588c4e974b04af3c84057f94df20,0.043,,,
2430,2026-09-11,SZ300033,-0.0002177462364423234,EXP_CatBoostModel_Alpha158_csi300_custom_step0_s_20260911_19,d636588c4e974b04af3c84057f94df20,0.043,,,
2431,2026-09-11,SZ300059,-0.006391622594087975,EXP_CatBoostModel_Alpha158_csi300_custom_step0_s_20260911_19,d636588c4e974b04af3c84057f94df20,0.043,,,
2432,2026-09-11,SZ300122,-0.0061334462624066674,EXP_CatBoostModel_Alpha158_csi300_custom_step0_s_20260911_19,d636588c4e974b04af3c84057f94df20,0.043,,,
2433,2026-09-11,SZ300124,-0.010332781668821062,EXP_CatBoostModel_Alpha158_csi300_custom_step0_s_20260911_19,d636588c4e974b04af3c84057f94df20,0.043,,,
2434,2026-09-11,SZ300251,-0.0035350190438393644,EXP_CatBoostModel_Alpha158_csi300_custom_step0_s_20260911_19,d636588c4e974b04af3c84057f94df20,0.043,,,
2435,2026-09-11,SZ300274,0.008258962070622808,EXP_CatBoostModel_Alpha158_csi300_custom_step0_s_20260911_19,d636588c4e974b04af3c84057f94df20,0.043,,,
2436,2026-09-11,SZ300308,-0.0019828595999887024,EXP_CatBoostModel_Alpha158_csi300_custom_step0_s_20260911_19,d636588c4e974b04af3c84057f94df20,0.043,,,
2437,2026-09-11,SZ300316,-0.005994026253305073,EXP_CatBoostModel_Alpha158_csi300_custom_step0_s_20260911_19,d636588c4e974b04af3c84057f94df20,0.043,,,
2438,2026-09-11,SZ300394,0.0032773103100228315,EXP_CatBoostModel_Alpha158_csi300_custom_step0_s_20260911_19,d636588c4e974b04af3c84057f94df20,0.043,,,
2439,2026-09-11,SZ300408,-0.002316574804934801,EXP_CatBoostModel_Alpha158_csi300_custom_step0_s_20260911_19,d636588c4e974b04af3c84057f94df20,0.043,,,
2440,2026-09-11,SZ300413,0.060276767692682406,EXP_CatBoostModel_Alpha158_csi300_custom_step0_s_20260911_19,d636588c4e974b04af3c84057f94df20,0.043,,,
2441,2026-09-11,SZ300418,-0.005317702205466717,EXP_CatBoostModel_Alpha158_csi300_custom_step0_s_20260911_19,d636588c4e974b04af3c84057f94df20,0.043,,,
2442,2026-09-11,SZ300433,-0.005966171023018557,EXP_CatBoostModel_Alpha158_csi300_custom_step0_s_20260911_19,d636588c4e974b04af3c84057f94df20,0.043,,,
2443,2026-09-11,SZ300999,-0.004893227067608359,EXP_CatBoostModel_Alpha158_csi300_custom_step0_s_20260911_19,d636588c4e974b04af3c84057f94df20,0.043,,,
2444,2026-09-11,SZ300896,-0.005877771125386335,EXP_CatBoostModel_Alpha158_csi300_custom_step0_s_20260911_19,d636588c4e974b04af3c84057f94df20,0.043,,,
2445,2026-09-11,SZ300866,-0.005276235377820988,EXP_CatBoostModel_Alpha158_csi300_custom_step0_s_20260911_19,d636588c4e974b04af3c84057f94df20,0.043,,,
2446,2026-09-11,SZ300832,-0.0061334462624066674,EXP_CatBoostModel_Alpha158_csi300_custom_step0_s_20260911_19,d636588c4e974b04af3c84057f94df20,0.043,,,
2447,2026-09-11,SZ300803,-0.00898086121737645,EXP_CatBoostModel_Alpha158_csi300_custom_step0_s_20260911_19,d636588c4e974b04af3c84057f94df20,0.043,,,
2448,2026-09-11,SZ300760,0.004277590588790808,EXP_CatBoostModel_Alpha158_csi300_custom_step0_s_20260911_19,d636588c4e974b04af3c84057f94df20,0.043,,,
2449,2026-09-11,SZ301236,-0.004370969465451406,EXP_CatBoostModel_Alpha158_csi300_custom_step0_s_20260911_19,d636588c4e974b04af3c84057f94df20,0.043,,,
2450,2026-09-11,SZ300750,-0.004528359605455838,EXP_CatBoostModel_Alpha158_csi300_custom_step0_s_20260911_19,d636588c4e974b04af3c84057f94df20,0.043,,,
2451,2026-09-11,SZ300628,-0.003089283443007369,EXP_CatBoostModel_Alpha158_csi300_custom_step0_s_20260911_19,d636588c4e974b04af3c84057f94df20,0.043,,,
2452,2026-09-11,SZ300502,-0.0029801149284916957,EXP_CatBoostModel_Alpha158_csi300_custom_step0_s_20260911_19,d636588c4e974b04af3c84057f94df20,0.043,,,
2453,2026-09-11,SZ300498,0.0003850133289296971,EXP_CatBoostModel_Alpha158_csi300_custom_step0_s_20260911_19,d636588c4e974b04af3c84057f94df20,0.043,,,
2454,2026-09-11,SZ300476,0.008332920135776344,EXP_CatBoostModel_Alpha158_csi300_custom_step0_s_20260911_19,d636588c4e974b04af3c84057f94df20,0.043,,,
2455,2026-09-11,SZ300450,-0.004556214835742353,EXP_CatBoostModel_Alpha158_csi300_custom_step0_s_20260911_19,d636588c4e974b04af3c84057f94df20,0.043,,,
2456,2026-09-11,SZ300442,-0.005994026253305073,EXP_CatBoostModel_Alpha158_csi300_custom_step0_s_20260911_19,d636588c4e974b04af3c84057f94df20,0.043,,,
2457,2026-09-11,SZ300661,-0.002260062283760274,EXP_CatBoostModel_Alpha158_csi300_custom_step0_s_20260911_19,d636588c4e974b04af3c84057f94df20,0.043,,,
2458,2026-09-11,SH600183,-1.3362553222845903e-10,EXP_LGBModel_Alpha158_csi300_custom_step0_s_20260911_19,cf8f1900d2e2421e922cafeda5a691a7,0.082,,,
2459,2026-09-11,SH600188,-0.002174385178794302,EXP_LGBModel_Alpha158_csi300_custom_step0_s_20260911_19,cf8f1900d2e2421e922cafeda5a691a7,0.082,,,
2460,2026-09-11,SH600196,-1.3362553222845903e-10,EXP_LGBModel_Alpha158_csi300_custom_step0_s_20260911_19,cf8f1900d2e2421e922cafeda5a691a7,0.082,,,
2461,2026-09-11,SH600886,0.00280688511642894,EXP_LGBModel_Alpha158_csi300_custom_step0_s_20260911_19,cf8f1900d2e2421e922cafeda5a691a7,0.082,,,
2462,2026-09-11,SH600887,0.00280688511642894,EXP_LGBModel_Alpha158_csi300_custom_step0_s_20260911_19,cf8f1900d2e2421e922cafeda5a691a7,0.082,,,
2463,2026-09-11,SH600893,-0.004454865090177402,EXP_LGBModel_Alpha158_csi300_custom_step0_s_20260911_19,cf8f1900d2e2421e922cafeda5a691a7,0.082,,,
2464,2026-09-11,SH600900,0.00280688511642894,EXP_LGBModel_Alpha158_csi300_custom_step0_s_20260911_19,cf8f1900d2e2421e922cafeda5a691a7,0.082,,,
2465,2026-09-11,SH600905,0.00280688511642894,EXP_LGBModel_Alpha158_csi300_custom_step0_s_20260911_19,cf8f1900d2e2421e922cafeda5a691a7,0.082,,,
2466,2026-09-11,SH600918,-1.3362553222845903e-10,EXP_LGBModel_Alpha158_csi300_custom_step0_s_20260911_19,cf8f1900d2e2421e922cafeda5a691a7,0.082,,,
2467,2026-09-11,SH600919,8.418461931733437e-05,EXP_LGBModel_Alpha158_csi300_custom_step0_s_20260911_19,cf8f1900d2e2421e922cafeda5a691a7,0.082,,,
2468,2026-09-11,SH600926,8.418461931733437e-05,EXP_LGBModel_Alpha158_csi300_custom_step0_s_20260911_19,cf8f1900d2e2421e922cafeda5a691a7,0.082,,,
2469,2026-09-11,SH600930,0.0015814716992925768,EXP_LGBModel_Alpha158_csi300_custom_step0_s_20260911_19,cf8f1900d2e2421e922cafeda5a691a7,0.082,,,
2470,2026-09-11,SH600938,-1.3362553222845903e-10,EXP_LGBModel_Alpha158_csi300_custom_step0_s_20260911_19,cf8f1900d2e2421e922cafeda5a691a7,0.082,,,
2471,2026-09-11,SH600941,0.00280688511642894,EXP_LGBModel_Alpha158_csi300_custom_step0_s_20260911_19,cf8f1900d2e2421e922cafeda5a691a7,0.082,,,
2472,2026-09-11,SH600958,-1.3362553222845903e-10,EXP_LGBModel_Alpha158_csi300_custom_step0_s_20260911_19,cf8f1900d2e2421e922cafeda5a691a7,0.082,,,
2473,2026-09-11,SH600989,-1.3362553222845903e-10,EXP_LGBModel_Alpha158_csi300_custom_step0_s_20260911_19,cf8f1900d2e2421e922cafeda5a691a7,0.082,,,
2474,2026-09-11,SH600999,-1.3362553222845903e-10,EXP_LGBModel_Alpha158_csi300_custom_step0_s_20260911_19,cf8f1900d2e2421e922cafeda5a691a7,0.082,,,
2475,2026-09-11,SH601006,0.00280688511642894,EXP_LGBModel_Alpha158_csi300_custom_step0_s_20260911_19,cf8f1900d2e2421e922cafeda5a691a7,0.082,,,
2476,2026-09-11,SH601009,8.418461931733437e-05,EXP_LGBModel_Alpha158_csi300_custom_step0_s_20260911_19,cf8f1900d2e2421e922cafeda5a691a7,0.082,,,
2477,2026-09-11,SH601012,-0.0009513524456758871,EXP_LGBModel_Alpha158_csi300_custom_step0_s_20260911_19,cf8f1900d2e2421e922cafeda5a691a7,0.082,,,
2478,2026-09-11,SH601166,0.00280688511642894,EXP_LGBModel_Alpha158_csi300_custom_step0_s_20260911_19,cf8f1900d2e2421e922cafeda5a691a7,0.082,,,
2479,2026-09-11,SH601138,-0.002174385178794302,EXP_LGBModel_Alpha158_csi300_custom_step0_s_20260911_19,cf8f1900d2e2421e922cafeda5a691a7,0.082,,,
2480,2026-09-11,SH601136,-0.002174385178794302,EXP_LGBModel_Alpha158_csi300_custom_step0_s_20260911_19,cf8f1900d2e2421e922cafeda5a691a7,0.082,,,
2481,2026-09-11,SH601127,0.001046795122478656,EXP_LGBModel_Alpha158_csi300_custom_step0_s_20260911_19,cf8f1900d2e2421e922cafeda5a691a7,0.082,,,
2482,2026-09-11,SH601117,-1.3362553222845903e-10,EXP_LGBModel_Alpha158_csi300_custom_step0_s_20260911_19,cf8f1900d2e2421e922cafeda5a691a7,0.082,,,
2483,2026-09-11,SH601111,-1.3362553222845903e-10,EXP_LGBModel_Alpha158_csi300_custom_step0_s_20260911_19,cf8f1900d2e2421e922cafeda5a691a7,0.082,,,
2484,2026-09-11,SH600875,-0.002174385178794302,EXP_LGBModel_Alpha158_csi300_custom_step0_s_20260911_19,cf8f1900d2e2421e922cafeda5a691a7,0.082,,,
2485,2026-09-11,SH601100,0.0015814716992925768,EXP_LGBModel_Alpha158_csi300_custom_step0_s_20260911_19,cf8f1900d2e2421e922cafeda5a691a7,0.082,,,
2486,2026-09-11,SH601077,0.0015814716992925768,EXP_LGBModel_Alpha158_csi300_custom_step0_s_20260911_19,cf8f1900d2e2421e922cafeda5a691a7,0.082,,,
2487,2026-09-11,SH601066,-0.002174385178794302,EXP_LGBModel_Alpha158_csi300_custom_step0_s_20260911_19,cf8f1900d2e2421e922cafeda5a691a7,0.082,,,
2488,2026-09-11,SH601059,-1.3362553222845903e-10,EXP_LGBModel_Alpha158_csi300_custom_step0_s_20260911_19,cf8f1900d2e2421e922cafeda5a691a7,0.082,,,
2489,2026-09-11,SH601058,0.001046795122478656,EXP_LGBModel_Alpha158_csi300_custom_step0_s_20260911_19,cf8f1900d2e2421e922cafeda5a691a7,0.082,,,
2490,2026-09-11,SH601021,-1.3362553222845903e-10,EXP_LGBModel_Alpha158_csi300_custom_step0_s_20260911_19,cf8f1900d2e2421e922cafeda5a691a7,0.082,,,
2491,2026-09-11,SH601018,0.00280688511642894,EXP_LGBModel_Alpha158_csi300_custom_step0_s_20260911_19,cf8f1900d2e2421e922cafeda5a691a7,0.082,,,
2492,2026-09-11,SH601088,8.418461931733437e-05,EXP_LGBModel_Alpha158_csi300_custom_step0_s_20260911_19,cf8f1900d2e2421e922cafeda5a691a7,0.082,,,
2493,2026-09-11,SH600845,-0.002053363680837327,EXP_LGBModel_Alpha158_csi300_custom_step0_s_20260911_19,cf8f1900d2e2421e922cafeda5a691a7,0.082,,,
2494,2026-09-11,SH600809,-0.002174385178794302,EXP_LGBModel_Alpha158_csi300_custom_step0_s_20260911_19,cf8f1900d2e2421e922cafeda5a691a7,0.082,,,
2495,2026-09-11,SH600803,0.0015814716992925768,EXP_LGBModel_Alpha158_csi300_custom_step0_s_20260911_19,cf8f1900d2e2421e922cafeda5a691a7,0.082,,,
2496,2026-09-11,SH600460,0.001046795122478656,EXP_LGBModel_Alpha158_csi300_custom_step0_s_20260911_19,cf8f1900d2e2421e922cafeda5a691a7,0.082,,,
2497,2026-09-11,SH600438,-0.0009513524456758871,EXP_LGBModel_Alpha158_csi300_custom_step0_s_20260911_19,cf8f1900d2e2421e922cafeda5a691a7,0.082,,,
2498,2026-09-11,SH600436,-1.3362553222845903e-10,EXP_LGBModel_Alpha158_csi300_custom_step0_s_20260911_19,cf8f1900d2e2421e922cafeda5a691a7,0.082,,,
2499,2026-09-11,SH600426,-0.002174385178794302,EXP_LGBModel_Alpha158_csi300_custom_step0_s_20260911_19,cf8f1900d2e2421e922cafeda5a691a7,0.082,,,
2500,2026-09-11,SH600415,-0.002174385178794302,EXP_LGBModel_Alpha158_csi300_custom_step0_s_20260911_19,cf8f1900d2e2421e922cafeda5a691a7,0.082,,,
2501,2026-09-11,SH600406,-1.3362553222845903e-10,EXP_LGBModel_Alpha158_csi300_custom_step0_s_20260911_19,cf8f1900d2e2421e922cafeda5a691a7,0.082,,,
2502,2026-09-11,SH600482,-0.004454865090177402,EXP_LGBModel_Alpha158_csi300_custom_step0_s_20260911_19,cf8f1900d2e2421e922cafeda5a691a7,0.082,,,
2503,2026-09-11,SH600372,0.00038337689850504814,EXP_LGBModel_Alpha158_csi300_custom_step0_s_20260911_19,cf8f1900d2e2421e922cafeda5a691a7,0.082,,,
2504,2026-09-11,SH600346,-0.002174385178794302,EXP_LGBModel_Alpha158_csi300_custom_step0_s_20260911_19,cf8f1900d2e2421e922cafeda5a691a7,0.082,,,
2505,2026-09-11,SH600309,0.0015814716992925768,EXP_LGBModel_Alpha158_csi300_custom_step0_s_20260911_19,cf8f1900d2e2421e922cafeda5a691a7,0.082,,,
2506,2026-09-11,SH600276,0.003474471522299649,EXP_LGBModel_Alpha158_csi300_custom_step0_s_20260911_19,cf8f1900d2e2421e922cafeda5a691a7,0.082,,,
2507,2026-09-11,SH600233,-0.0009147527514292577,EXP_LGBModel_Alpha158_csi300_custom_step0_s_20260911_19,cf8f1900d2e2421e922cafeda5a691a7,0.082,,,
2508,2026-09-11,SH600221,-1.3362553222845903e-10,EXP_LGBModel_Alpha158_csi300_custom_step0_s_20260911_19,cf8f1900d2e2421e922cafeda5a691a7,0.082,,,
2509,2026-09-11,SH600219,0.0015814716992925768,EXP_LGBModel_Alpha158_csi300_custom_step0_s_20260911_19,cf8f1900d2e2421e922cafeda5a691a7,0.082,,,
2510,2026-09-11,SH600362,-0.002174385178794302,EXP_LGBModel_Alpha158_csi300_custom_step0_s_20260911_19,cf8f1900d2e2421e922cafeda5a691a7,0.082,,,
2511,2026-09-11,SZ002353,0.001046795122478656,EXP_LGBModel_Alpha158_csi300_custom_step0_s_20260911_19,cf8f1900d2e2421e922cafeda5a691a7,0.082,,,
2512,2026-09-11,SH600489,-1.3362553222845903e-10,EXP_LGBModel_Alpha158_csi300_custom_step0_s_20260911_19,cf8f1900d2e2421e922cafeda5a691a7,0.082,,,
2513,2026-09-11,SH600519,-1.3362553222845903e-10,EXP_LGBModel_Alpha158_csi300_custom_step0_s_20260911_19,cf8f1900d2e2421e922cafeda5a691a7,0.082,,,
2514,2026-09-11,SH600795,-1.3362553222845903e-10,EXP_LGBModel_Alpha158_csi300_custom_step0_s_20260911_19,cf8f1900d2e2421e922cafeda5a691a7,0.082,,,
2515,2026-09-11,SH600760,-1.3362553222845903e-10,EXP_LGBModel_Alpha158_csi300_custom_step0_s_20260911_19,cf8f1900d2e2421e922cafeda5a691a7,0.082,,,
2516,2026-09-11,SH600741,-1.3362553222845903e-10,EXP_LGBModel_Alpha158_csi300_custom_step0_s_20260911_19,cf8f1900d2e2421e922cafeda5a691a7,0.082,,,
2517,2026-09-11,SH600690,-1.3362553222845903e-10,EXP_LGBModel_Alpha158_csi300_custom_step0_s_20260911_19,cf8f1900d2e2421e922cafeda5a691a7,0.082,,,
2518,2026-09-11,SH600674,0.00280688511642894,EXP_LGBModel_Alpha158_csi300_custom_step0_s_20260911_19,cf8f1900d2e2421e922cafeda5a691a7,0.082,,,
2519,2026-09-11,SH600660,-1.3362553222845903e-10,EXP_LGBModel_Alpha158_csi300_custom_step0_s_20260911_19,cf8f1900d2e2421e922cafeda5a691a7,0.082,,,
2520,2026-09-11,SH600515,0.0015814716992925768,EXP_LGBModel_Alpha158_csi300_custom_step0_s_20260911_19,cf8f1900d2e2421e922cafeda5a691a7,0.082,,,
2521,2026-09-11,SH600600,-1.3362553222845903e-10,EXP_LGBModel_Alpha158_csi300_custom_step0_s_20260911_19,cf8f1900d2e2421e922cafeda5a691a7,0.082,,,
2522,2026-09-11,SH600585,-1.3362553222845903e-10,EXP_LGBModel_Alpha158_csi300_custom_step0_s_20260911_19,cf8f1900d2e2421e922cafeda5a691a7,0.082,,,
2523,2026-09-11,SH600584,0.001046795122478656,EXP_LGBModel_Alpha158_csi300_custom_step0_s_20260911_19,cf8f1900d2e2421e922cafeda5a691a7,0.082,,,
2524,2026-09-11,SH600570,-0.002174385178794302,EXP_LGBModel_Alpha158_csi300_custom_step0_s_20260911_19,cf8f1900d2e2421e922cafeda5a691a7,0.082,,,
2525,2026-09-11,SH600549,-1.3362553222845903e-10,EXP_LGBModel_Alpha158_csi300_custom_step0_s_20260911_19,cf8f1900d2e2421e922cafeda5a691a7,0.082,,,
2526,2026-09-11,SH600547,-1.3362553222845903e-10,EXP_LGBModel_Alpha158_csi300_custom_step0_s_20260911_19,cf8f1900d2e2421e922cafeda5a691a7,0.082,,,
2527,2026-09-11,SH600522,-0.004454865090177402,EXP_LGBModel_Alpha158_csi300_custom_step0_s_20260911_19,cf8f1900d2e2421e922cafeda5a691a7,0.082,,,
2528,2026-09-11,SH600588,0.003474471522299649,EXP_LGBModel_Alpha158_csi300_custom_step0_s_20260911_19,cf8f1900d2e2421e922cafeda5a691a7,0.082,,,
2529,2026-09-11,SZ002920,-0.004370969465451406,EXP_CatBoostModel_Alpha158_csi300_custom_step0_s_20260911_19,d636588c4e974b04af3c84057f94df20,0.043,,,
2530,2026-09-11,SZ002371,0.001046795122478656,EXP_LGBModel_Alpha158_csi300_custom_step0_s_20260911_19,cf8f1900d2e2421e922cafeda5a691a7,0.082,,,
2531,2026-09-11,SZ002415,0.001046795122478656,EXP_LGBModel_Alpha158_csi300_custom_step0_s_20260911_19,cf8f1900d2e2421e922cafeda5a691a7,0.082,,,
2532,2026-09-11,SH601628,0.005317248201217072,EXP_LGBModel_Alpha158_csi300_custom_step0_s_20260911_19,0ac93ca12eae4c0ba9d4286f0cb97af7,0.129,,,
2533,2026-09-11,SH601633,-1.4135654980394333e-10,EXP_LGBModel_Alpha158_csi300_custom_step0_s_20260911_19,0ac93ca12eae4c0ba9d4286f0cb97af7,0.129,,,
2534,2026-09-11,SH601658,0.011246337899768501,EXP_LGBModel_Alpha158_csi300_custom_step0_s_20260911_19,0ac93ca12eae4c0ba9d4286f0cb97af7,0.129,,,
2535,2026-09-11,SH601668,0.008062347601747333,EXP_LGBModel_Alpha158_csi300_custom_step0_s_20260911_19,0ac93ca12eae4c0ba9d4286f0cb97af7,0.129,,,
2536,2026-09-11,SH601669,0.004684523062338892,EXP_LGBModel_Alpha158_csi300_custom_step0_s_20260911_19,0ac93ca12eae4c0ba9d4286f0cb97af7,0.129,,,
2537,2026-09-11,SH601688,0.004303552732197931,EXP_LGBModel_Alpha158_csi300_custom_step0_s_20260911_19,0ac93ca12eae4c0ba9d4286f0cb97af7,0.129,,,
2538,2026-09-11,SH601689,-0.00901534512300098,EXP_LGBModel_Alpha158_csi300_custom_step0_s_20260911_19,0ac93ca12eae4c0ba9d4286f0cb97af7,0.129,,,
2539,2026-09-11,SH601698,-1.4135654980394333e-10,EXP_LGBModel_Alpha158_csi300_custom_step0_s_20260911_19,0ac93ca12eae4c0ba9d4286f0cb97af7,0.129,,,
2540,2026-09-11,SH601727,0.008062347601747333,EXP_LGBModel_Alpha158_csi300_custom_step0_s_20260911_19,0ac93ca12eae4c0ba9d4286f0cb97af7,0.129,,,
2541,2026-09-11,SH601728,0.01134769270368239,EXP_LGBModel_Alpha158_csi300_custom_step0_s_20260911_19,0ac93ca12eae4c0ba9d4286f0cb97af7,0.129,,,
2542,2026-09-11,SH601766,0.0026522271557197896,EXP_LGBModel_Alpha158_csi300_custom_step0_s_20260911_19,0ac93ca12eae4c0ba9d4286f0cb97af7,0.129,,,
2543,2026-09-11,SH601788,-1.4135654980394333e-10,EXP_LGBModel_Alpha158_csi300_custom_step0_s_20260911_19,0ac93ca12eae4c0ba9d4286f0cb97af7,0.129,,,
2544,2026-09-11,SH601800,0.008062347601747333,EXP_LGBModel_Alpha158_csi300_custom_step0_s_20260911_19,0ac93ca12eae4c0ba9d4286f0cb97af7,0.129,,,
2545,2026-09-11,SH601816,0.008062347601747333,EXP_LGBModel_Alpha158_csi300_custom_step0_s_20260911_19,0ac93ca12eae4c0ba9d4286f0cb97af7,0.129,,,
2546,2026-09-11,SH601818,0.008062347601747333,EXP_LGBModel_Alpha158_csi300_custom_step0_s_20260911_19,0ac93ca12eae4c0ba9d4286f0cb97af7,0.129,,,
2547,2026-09-11,SH601825,0.005360639163277059,EXP_LGBModel_Alpha158_csi300_custom_step0_s_20260911_19,0ac93ca12eae4c0ba9d4286f0cb97af7,0.129,,,
2548,2026-09-11,SH601838,-1.4135654980394333e-10,EXP_LGBModel_Alpha158_csi300_custom_step0_s_20260911_19,0ac93ca12eae4c0ba9d4286f0cb97af7,0.129,,,
2549,2026-09-11,SH601985,0.01134769270368239,EXP_LGBModel_Alpha158_csi300_custom_step0_s_20260911_19,0ac93ca12eae4c0ba9d4286f0cb97af7,0.129,,,
2550,2026-09-11,SH601939,0.00869546540660605,EXP_LGBModel_Alpha158_csi300_custom_step0_s_20260911_19,0ac93ca12eae4c0ba9d4286f0cb97af7,0.129,,,
2551,2026-09-11,SH601919,-1.4135654980394333e-10,EXP_LGBModel_Alpha158_csi300_custom_step0_s_20260911_19,0ac93ca12eae4c0ba9d4286f0cb97af7,0.129,,,
2552,2026-09-11,SH601916,0.00621386935642137,EXP_LGBModel_Alpha158_csi300_custom_step0_s_20260911_19,0ac93ca12eae4c0ba9d4286f0cb97af7,0.129,,,
2553,2026-09-11,SH601901,0.00648352016627092,EXP_LGBModel_Alpha158_csi300_custom_step0_s_20260911_19,0ac93ca12eae4c0ba9d4286f0cb97af7,0.129,,,
2554,2026-09-11,SH601899,-0.006189744123270658,EXP_LGBModel_Alpha158_csi300_custom_step0_s_20260911_19,0ac93ca12eae4c0ba9d4286f0cb97af7,0.129,,,
2555,2026-09-11,SH601618,0.004243848339617147,EXP_LGBModel_Alpha158_csi300_custom_step0_s_20260911_19,0ac93ca12eae4c0ba9d4286f0cb97af7,0.129,,,
2556,2026-09-11,SH601898,-0.00901534512300098,EXP_LGBModel_Alpha158_csi300_custom_step0_s_20260911_19,0ac93ca12eae4c0ba9d4286f0cb97af7,0.129,,,
2557,2026-09-11,SH601881,-1.4135654980394333e-10,EXP_LGBModel_Alpha158_csi300_custom_step0_s_20260911_19,0ac93ca12eae4c0ba9d4286f0cb97af7,0.129,,,
2558,2026-09-11,SH601878,-0.0015730502521616237,EXP_LGBModel_Alpha158_csi300_custom_step0_s_20260911_19,0ac93ca12eae4c0ba9d4286f0cb97af7,0.129,,,
2559,2026-09-11,SH601877,0.004303552732197931,EXP_LGBModel_Alpha158_csi300_custom_step0_s_20260911_19,0ac93ca12eae4c0ba9d4286f0cb97af7,0.129,,,
2560,2026-09-11,SH601872,-0.006835377688927989,EXP_LGBModel_Alpha158_csi300_custom_step0_s_20260911_19,0ac93ca12eae4c0ba9d4286f0cb97af7,0.129,,,
2561,2026-09-11,SH601868,-1.4135654980394333e-10,EXP_LGBModel_Alpha158_csi300_custom_step0_s_20260911_19,0ac93ca12eae4c0ba9d4286f0cb97af7,0.129,,,
2562,2026-09-11,SH601857,0.01134769270368239,EXP_LGBModel_Alpha158_csi300_custom_step0_s_20260911_19,0ac93ca12eae4c0ba9d4286f0cb97af7,0.129,,,
2563,2026-09-11,SH601888,-0.006835377688927989,EXP_LGBModel_Alpha158_csi300_custom_step0_s_20260911_19,0ac93ca12eae4c0ba9d4286f0cb97af7,0.129,,,
2564,2026-09-11,SH601988,0.00869546540660605,EXP_LGBModel_Alpha158_csi300_custom_step0_s_20260911_19,0ac93ca12eae4c0ba9d4286f0cb97af7,0.129,,,
2565,2026-09-11,SH601607,0.00913574746334726,EXP_LGBModel_Alpha158_csi300_custom_step0_s_20260911_19,0ac93ca12eae4c0ba9d4286f0cb97af7,0.129,,,
2566,2026-09-11,SH601600,-0.005440672422770269,EXP_LGBModel_Alpha158_csi300_custom_step0_s_20260911_19,0ac93ca12eae4c0ba9d4286f0cb97af7,0.129,,,
2567,2026-09-11,SH601012,-2.8096365512489656e-05,EXP_LGBModel_Alpha158_csi300_custom_step0_s_20260911_19,0ac93ca12eae4c0ba9d4286f0cb97af7,0.129,,,
2568,2026-09-11,SH601018,0.01134769270368239,EXP_LGBModel_Alpha158_csi300_custom_step0_s_20260911_19,0ac93ca12eae4c0ba9d4286f0cb97af7,0.129,,,
2569,2026-09-11,SH601021,0.0015788272941198648,EXP_LGBModel_Alpha158_csi300_custom_step0_s_20260911_19,0ac93ca12eae4c0ba9d4286f0cb97af7,0.129,,,
2570,2026-09-11,SH601058,-0.003916150927325346,EXP_LGBModel_Alpha158_csi300_custom_step0_s_20260911_19,0ac93ca12eae4c0ba9d4286f0cb97af7,0.129,,,
2571,2026-09-11,SH601059,-0.006628645997382546,EXP_LGBModel_Alpha158_csi300_custom_step0_s_20260911_19,0ac93ca12eae4c0ba9d4286f0cb97af7,0.129,,,
2572,2026-09-11,SH601066,-0.00901534512300098,EXP_LGBModel_Alpha158_csi300_custom_step0_s_20260911_19,0ac93ca12eae4c0ba9d4286f0cb97af7,0.129,,,
2573,2026-09-11,SH601077,0.005317248201217072,EXP_LGBModel_Alpha158_csi300_custom_step0_s_20260911_19,0ac93ca12eae4c0ba9d4286f0cb97af7,0.129,,,
2574,2026-09-11,SH601088,-0.00014791166533863285,EXP_LGBModel_Alpha158_csi300_custom_step0_s_20260911_19,0ac93ca12eae4c0ba9d4286f0cb97af7,0.129,,,
2575,2026-09-11,SH601100,-0.0003809704714975112,EXP_LGBModel_Alpha158_csi300_custom_step0_s_20260911_19,0ac93ca12eae4c0ba9d4286f0cb97af7,0.129,,,
2576,2026-09-11,SH601111,0.0002259468517704043,EXP_LGBModel_Alpha158_csi300_custom_step0_s_20260911_19,0ac93ca12eae4c0ba9d4286f0cb97af7,0.129,,,
2577,2026-09-11,SH601117,0.003377824398051893,EXP_LGBModel_Alpha158_csi300_custom_step0_s_20260911_19,0ac93ca12eae4c0ba9d4286f0cb97af7,0.129,,,
2578,2026-09-11,SH601127,-0.005373386807547956,EXP_LGBModel_Alpha158_csi300_custom_step0_s_20260911_19,0ac93ca12eae4c0ba9d4286f0cb97af7,0.129,,,
2579,2026-09-11,SH601136,-0.00901534512300098,EXP_LGBModel_Alpha158_csi300_custom_step0_s_20260911_19,0ac93ca12eae4c0ba9d4286f0cb97af7,0.129,,,
2580,2026-09-11,SH601138,-0.00901534512300098,EXP_LGBModel_Alpha158_csi300_custom_step0_s_20260911_19,0ac93ca12eae4c0ba9d4286f0cb97af7,0.129,,,
2581,2026-09-11,SH601166,0.0073367503594152315,EXP_LGBModel_Alpha158_csi300_custom_step0_s_20260911_19,0ac93ca12eae4c0ba9d4286f0cb97af7,0.129,,,
2582,2026-09-11,SH601169,0.0026956181177797767,EXP_LGBModel_Alpha158_csi300_custom_step0_s_20260911_19,0ac93ca12eae4c0ba9d4286f0cb97af7,0.129,,,
2583,2026-09-11,SH601186,0.00913574746334726,EXP_LGBModel_Alpha158_csi300_custom_step0_s_20260911_19,0ac93ca12eae4c0ba9d4286f0cb97af7,0.129,,,
2584,2026-09-11,SH601456,-1.4135654980394333e-10,EXP_LGBModel_Alpha158_csi300_custom_step0_s_20260911_19,0ac93ca12eae4c0ba9d4286f0cb97af7,0.129,,,
2585,2026-09-11,SH601398,0.011246337899768501,EXP_LGBModel_Alpha158_csi300_custom_step0_s_20260911_19,0ac93ca12eae4c0ba9d4286f0cb97af7,0.129,,,
2586,2026-09-11,SH601390,0.00648352016627092,EXP_LGBModel_Alpha158_csi300_custom_step0_s_20260911_19,0ac93ca12eae4c0ba9d4286f0cb97af7,0.129,,,
2587,2026-09-11,SH601377,0.00648352016627092,EXP_LGBModel_Alpha158_csi300_custom_step0_s_20260911_19,0ac93ca12eae4c0ba9d4286f0cb97af7,0.129,,,
2588,2026-09-11,SH601360,-0.00901534512300098,EXP_LGBModel_Alpha158_csi300_custom_step0_s_20260911_19,0ac93ca12eae4c0ba9d4286f0cb97af7,0.129,,,
2589,2026-09-11,SH601336,-0.00901534512300098,EXP_LGBModel_Alpha158_csi300_custom_step0_s_20260911_19,0ac93ca12eae4c0ba9d4286f0cb97af7,0.129,,,
2590,2026-09-11,SH601601,0.008815026159461545,EXP_LGBModel_Alpha158_csi300_custom_step0_s_20260911_19,0ac93ca12eae4c0ba9d4286f0cb97af7,0.129,,,
2591,2026-09-11,SH601328,0.011246337899768501,EXP_LGBModel_Alpha158_csi300_custom_step0_s_20260911_19,0ac93ca12eae4c0ba9d4286f0cb97af7,0.129,,,
2592,2026-09-11,SH601318,0.003916489105379549,EXP_LGBModel_Alpha158_csi300_custom_step0_s_20260911_19,0ac93ca12eae4c0ba9d4286f0cb97af7,0.129,,,
2593,2026-09-11,SH601288,0.01134769270368239,EXP_LGBModel_Alpha158_csi300_custom_step0_s_20260911_19,0ac93ca12eae4c0ba9d4286f0cb97af7,0.129,,,
2594,2026-09-11,SH601238,0.008062347601747333,EXP_LGBModel_Alpha158_csi300_custom_step0_s_20260911_19,0ac93ca12eae4c0ba9d4286f0cb97af7,0.129,,,
2595,2026-09-11,SH601229,0.01134769270368239,EXP_LGBModel_Alpha158_csi300_custom_step0_s_20260911_19,0ac93ca12eae4c0ba9d4286f0cb97af7,0.129,,,
2596,2026-09-11,SH601225,-1.4135654980394333e-10,EXP_LGBModel_Alpha158_csi300_custom_step0_s_20260911_19,0ac93ca12eae4c0ba9d4286f0cb97af7,0.129,,,
2597,2026-09-11,SH601211,0.0002259468517704043,EXP_LGBModel_Alpha158_csi300_custom_step0_s_20260911_19,0ac93ca12eae4c0ba9d4286f0cb97af7,0.129,,,
2598,2026-09-11,SH601319,0.0018684204565363532,EXP_LGBModel_Alpha158_csi300_custom_step0_s_20260911_19,0ac93ca12eae4c0ba9d4286f0cb97af7,0.129,,,
2599,2026-09-11,SH601009,0.008815026159461545,EXP_LGBModel_Alpha158_csi300_custom_step0_s_20260911_19,0ac93ca12eae4c0ba9d4286f0cb97af7,0.129,,,
2600,2026-09-11,SH601995,-0.002266084467855021,EXP_LGBModel_Alpha158_csi300_custom_step0_s_20260911_19,0ac93ca12eae4c0ba9d4286f0cb97af7,0.129,,,
2601,2026-09-11,SH603019,-0.006835377688927989,EXP_LGBModel_Alpha158_csi300_custom_step0_s_20260911_19,0ac93ca12eae4c0ba9d4286f0cb97af7,0.129,,,
2602,2026-09-11,SZ000063,-0.006749260796502508,EXP_LGBModel_Alpha158_csi300_custom_step0_s_20260911_19,0ac93ca12eae4c0ba9d4286f0cb97af7,0.129,,,
2603,2026-09-11,SZ000100,-0.006835377688927989,EXP_LGBModel_Alpha158_csi300_custom_step0_s_20260911_19,0ac93ca12eae4c0ba9d4286f0cb97af7,0.129,,,
2604,2026-09-11,SZ000157,0.002550872351805901,EXP_LGBModel_Alpha158_csi300_custom_step0_s_20260911_19,0ac93ca12eae4c0ba9d4286f0cb97af7,0.129,,,
2605,2026-09-11,SZ000166,0.00648352016627092,EXP_LGBModel_Alpha158_csi300_custom_step0_s_20260911_19,0ac93ca12eae4c0ba9d4286f0cb97af7,0.129,,,
2606,2026-09-11,SZ000301,-0.006835377688927989,EXP_LGBModel_Alpha158_csi300_custom_step0_s_20260911_19,0ac93ca12eae4c0ba9d4286f0cb97af7,0.129,,,
2607,2026-09-11,SZ000333,0.0026522271557197896,EXP_LGBModel_Alpha158_csi300_custom_step0_s_20260911_19,0ac93ca12eae4c0ba9d4286f0cb97af7,0.129,,,
2608,2026-09-11,SZ000338,-0.006749260796502508,EXP_LGBModel_Alpha158_csi300_custom_step0_s_20260911_19,0ac93ca12eae4c0ba9d4286f0cb97af7,0.129,,,
2609,2026-09-11,SZ000408,-0.006628645997382546,EXP_LGBModel_Alpha158_csi300_custom_step0_s_20260911_19,0ac93ca12eae4c0ba9d4286f0cb97af7,0.129,,,
2610,2026-09-11,SZ000425,-0.006835377688927989,EXP_LGBModel_Alpha158_csi300_custom_step0_s_20260911_19,0ac93ca12eae4c0ba9d4286f0cb97af7,0.129,,,
2611,2026-09-11,SZ000538,0.00913574746334726,EXP_LGBModel_Alpha158_csi300_custom_step0_s_20260911_19,0ac93ca12eae4c0ba9d4286f0cb97af7,0.129,,,
2612,2026-09-11,SZ000568,-1.6044123872232083e-05,EXP_LGBModel_Alpha158_csi300_custom_step0_s_20260911_19,0ac93ca12eae4c0ba9d4286f0cb97af7,0.129,,,
2613,2026-09-11,SZ000596,-0.00901534512300098,EXP_LGBModel_Alpha158_csi300_custom_step0_s_20260911_19,0ac93ca12eae4c0ba9d4286f0cb97af7,0.129,,,
2614,2026-09-11,SZ000617,-0.00901534512300098,EXP_LGBModel_Alpha158_csi300_custom_step0_s_20260911_19,0ac93ca12eae4c0ba9d4286f0cb97af7,0.129,,,
2615,2026-09-11,SZ000625,0.008062347601747333,EXP_LGBModel_Alpha158_csi300_custom_step0_s_20260911_19,0ac93ca12eae4c0ba9d4286f0cb97af7,0.129,,,
2616,2026-09-11,SZ000630,-0.00901534512300098,EXP_LGBModel_Alpha158_csi300_custom_step0_s_20260911_19,0ac93ca12eae4c0ba9d4286f0cb97af7,0.129,,,
2617,2026-09-11,SZ000651,0.009553111250035828,EXP_LGBModel_Alpha158_csi300_custom_step0_s_20260911_19,0ac93ca12eae4c0ba9d4286f0cb97af7,0.129,,,
2618,2026-09-11,SZ000657,0.009776884279251715,EXP_LGBModel_Alpha158_csi300_custom_step0_s_20260911_19,0ac93ca12eae4c0ba9d4286f0cb97af7,0.129,,,
2619,2026-09-11,SZ000999,0.008062347601747333,EXP_LGBModel_Alpha158_csi300_custom_step0_s_20260911_19,0ac93ca12eae4c0ba9d4286f0cb97af7,0.129,,,
2620,2026-09-11,SZ000988,-0.006825160038642157,EXP_LGBModel_Alpha158_csi300_custom_step0_s_20260911_19,0ac93ca12eae4c0ba9d4286f0cb97af7,0.129,,,
2621,2026-09-11,SZ000977,-0.00901534512300098,EXP_LGBModel_Alpha158_csi300_custom_step0_s_20260911_19,0ac93ca12eae4c0ba9d4286f0cb97af7,0.129,,,
2622,2026-09-11,SZ000975,-0.002179967575429539,EXP_LGBModel_Alpha158_csi300_custom_step0_s_20260911_19,0ac93ca12eae4c0ba9d4286f0cb97af7,0.129,,,
2623,2026-09-11,SZ000963,-1.4135654980394333e-10,EXP_LGBModel_Alpha158_csi300_custom_step0_s_20260911_19,0ac93ca12eae4c0ba9d4286f0cb97af7,0.129,,,
2624,2026-09-11,SZ000938,-0.006936553954257135,EXP_LGBModel_Alpha158_csi300_custom_step0_s_20260911_19,0ac93ca12eae4c0ba9d4286f0cb97af7,0.129,,,
2625,2026-09-11,SZ000002,-0.008408427799733064,EXP_LGBModel_Alpha158_csi300_custom_step0_s_20260911_19,0ac93ca12eae4c0ba9d4286f0cb97af7,0.129,,,
2626,2026-09-11,SZ000895,0.006628123928185687,EXP_LGBModel_Alpha158_csi300_custom_step0_s_20260911_19,0ac93ca12eae4c0ba9d4286f0cb97af7,0.129,,,
2627,2026-09-11,SZ000807,0.004084186232226105,EXP_LGBModel_Alpha158_csi300_custom_step0_s_20260911_19,0ac93ca12eae4c0ba9d4286f0cb97af7,0.129,,,
2628,2026-09-11,SZ000792,-0.001565986489032172,EXP_LGBModel_Alpha158_csi300_custom_step0_s_20260911_19,0ac93ca12eae4c0ba9d4286f0cb97af7,0.129,,,
2629,2026-09-11,SZ000776,-0.00901534512300098,EXP_LGBModel_Alpha158_csi300_custom_step0_s_20260911_19,0ac93ca12eae4c0ba9d4286f0cb97af7,0.129,,,
2630,2026-09-11,SZ000768,-0.0026125574273929792,EXP_LGBModel_Alpha158_csi300_custom_step0_s_20260911_19,0ac93ca12eae4c0ba9d4286f0cb97af7,0.129,,,
2631,2026-09-11,SZ000725,-0.002379108278070696,EXP_LGBModel_Alpha158_csi300_custom_step0_s_20260911_19,0ac93ca12eae4c0ba9d4286f0cb97af7,0.129,,,
2632,2026-09-11,SZ000708,0.0049104700554658464,EXP_LGBModel_Alpha158_csi300_custom_step0_s_20260911_19,0ac93ca12eae4c0ba9d4286f0cb97af7,0.129,,,
2633,2026-09-11,SZ000858,0.003377824398051893,EXP_LGBModel_Alpha158_csi300_custom_step0_s_20260911_19,0ac93ca12eae4c0ba9d4286f0cb97af7,0.129,,,
2634,2026-09-11,SH601998,0.005246490610942227,EXP_LGBModel_Alpha158_csi300_custom_step0_s_20260911_19,0ac93ca12eae4c0ba9d4286f0cb97af7,0.129,,,
2635,2026-09-11,SZ000001,0.011246337899768501,EXP_LGBModel_Alpha158_csi300_custom_step0_s_20260911_19,0ac93ca12eae4c0ba9d4286f0cb97af7,0.129,,,
2636,2026-09-11,SH688521,-0.006825160038642157,EXP_LGBModel_Alpha158_csi300_custom_step0_s_20260911_19,0ac93ca12eae4c0ba9d4286f0cb97af7,0.129,,,
2637,2026-09-11,SH603259,0.002278254331091208,EXP_LGBModel_Alpha158_csi300_custom_step0_s_20260911_19,0ac93ca12eae4c0ba9d4286f0cb97af7,0.129,,,
2638,2026-09-11,SH603260,-0.002294180692010961,EXP_LGBModel_Alpha158_csi300_custom_step0_s_20260911_19,0ac93ca12eae4c0ba9d4286f0cb97af7,0.129,,,
2639,2026-09-11,SH603288,0.00648352016627092,EXP_LGBModel_Alpha158_csi300_custom_step0_s_20260911_19,0ac93ca12eae4c0ba9d4286f0cb97af7,0.129,,,
2640,2026-09-11,SH603296,-0.00901534512300098,EXP_LGBModel_Alpha158_csi300_custom_step0_s_20260911_19,0ac93ca12eae4c0ba9d4286f0cb97af7,0.129,,,
2641,2026-09-11,SH603369,-0.006885881683754659,EXP_LGBModel_Alpha158_csi300_custom_step0_s_20260911_19,0ac93ca12eae4c0ba9d4286f0cb97af7,0.129,,,
2642,2026-09-11,SH603392,-0.00901534512300098,EXP_LGBModel_Alpha158_csi300_custom_step0_s_20260911_19,0ac93ca12eae4c0ba9d4286f0cb97af7,0.129,,,
2643,2026-09-11,SH603501,-0.001285412744720276,EXP_LGBModel_Alpha158_csi300_custom_step0_s_20260911_19,0ac93ca12eae4c0ba9d4286f0cb97af7,0.129,,,
2644,2026-09-11,SH603799,0.002371514781135431,EXP_LGBModel_Alpha158_csi300_custom_step0_s_20260911_19,0ac93ca12eae4c0ba9d4286f0cb97af7,0.129,,,
2645,2026-09-11,SH603893,-0.00901534512300098,EXP_LGBModel_Alpha158_csi300_custom_step0_s_20260911_19,0ac93ca12eae4c0ba9d4286f0cb97af7,0.129,,,
2646,2026-09-11,SH603986,-0.002928817809008793,EXP_LGBModel_Alpha158_csi300_custom_step0_s_20260911_19,0ac93ca12eae4c0ba9d4286f0cb97af7,0.129,,,
2647,2026-09-11,SH603993,-0.00901534512300098,EXP_LGBModel_Alpha158_csi300_custom_step0_s_20260911_19,0ac93ca12eae4c0ba9d4286f0cb97af7,0.129,,,
2648,2026-09-11,SH605117,-0.008471908995079444,EXP_LGBModel_Alpha158_csi300_custom_step0_s_20260911_19,0ac93ca12eae4c0ba9d4286f0cb97af7,0.129,,,
2649,2026-09-11,SH605499,-0.00901534512300098,EXP_LGBModel_Alpha158_csi300_custom_step0_s_20260911_19,0ac93ca12eae4c0ba9d4286f0cb97af7,0.129,,,
2650,2026-09-11,SH688008,-0.006825160038642157,EXP_LGBModel_Alpha158_csi300_custom_step0_s_20260911_19,0ac93ca12eae4c0ba9d4286f0cb97af7,0.129,,,
2651,2026-09-11,SH688009,0.00648352016627092,EXP_LGBModel_Alpha158_csi300_custom_step0_s_20260911_19,0ac93ca12eae4c0ba9d4286f0cb97af7,0.129,,,
2652,2026-09-11,SH688012,-0.006686691910951028,EXP_LGBModel_Alpha158_csi300_custom_step0_s_20260911_19,0ac93ca12eae4c0ba9d4286f0cb97af7,0.129,,,
2653,2026-09-11,SH688036,-0.00901534512300098,EXP_LGBModel_Alpha158_csi300_custom_step0_s_20260911_19,0ac93ca12eae4c0ba9d4286f0cb97af7,0.129,,,
2654,2026-09-11,SH688506,0.005346906263415943,EXP_LGBModel_Alpha158_csi300_custom_step0_s_20260911_19,0ac93ca12eae4c0ba9d4286f0cb97af7,0.129,,,
2655,2026-09-11,SH688472,0.00868530746279889,EXP_LGBModel_Alpha158_csi300_custom_step0_s_20260911_19,0ac93ca12eae4c0ba9d4286f0cb97af7,0.129,,,
2656,2026-09-11,SH688396,-0.004496506826592205,EXP_LGBModel_Alpha158_csi300_custom_step0_s_20260911_19,0ac93ca12eae4c0ba9d4286f0cb97af7,0.129,,,
2657,2026-09-11,SH688303,-0.003021596096616083,EXP_LGBModel_Alpha158_csi300_custom_step0_s_20260911_19,0ac93ca12eae4c0ba9d4286f0cb97af7,0.129,,,
2658,2026-09-11,SH688271,-0.006835377688927989,EXP_LGBModel_Alpha158_csi300_custom_step0_s_20260911_19,0ac93ca12eae4c0ba9d4286f0cb97af7,0.129,,,
2659,2026-09-11,SH688256,-0.003745953923105162,EXP_LGBModel_Alpha158_csi300_custom_step0_s_20260911_19,0ac93ca12eae4c0ba9d4286f0cb97af7,0.129,,,
2660,2026-09-11,SH688981,-0.003745953923105162,EXP_LGBModel_Alpha158_csi300_custom_step0_s_20260911_19,0ac93ca12eae4c0ba9d4286f0cb97af7,0.129,,,
2661,2026-09-11,SH688223,0.0010708027595966894,EXP_LGBModel_Alpha158_csi300_custom_step0_s_20260911_19,0ac93ca12eae4c0ba9d4286f0cb97af7,0.129,,,
2662,2026-09-11,SH688126,-0.004496506826592205,EXP_LGBModel_Alpha158_csi300_custom_step0_s_20260911_19,0ac93ca12eae4c0ba9d4286f0cb97af7,0.129,,,
2663,2026-09-11,SH688111,-0.00901534512300098,EXP_LGBModel_Alpha158_csi300_custom_step0_s_20260911_19,0ac93ca12eae4c0ba9d4286f0cb97af7,0.129,,,
2664,2026-09-11,SH688082,-0.004496506826592205,EXP_LGBModel_Alpha158_csi300_custom_step0_s_20260911_19,0ac93ca12eae4c0ba9d4286f0cb97af7,0.129,,,
2665,2026-09-11,SH688072,-0.006686691910951028,EXP_LGBModel_Alpha158_csi300_custom_step0_s_20260911_19,0ac93ca12eae4c0ba9d4286f0cb97af7,0.129,,,
2666,2026-09-11,SH688047,-0.006825160038642157,EXP_LGBModel_Alpha158_csi300_custom_step0_s_20260911_19,0ac93ca12eae4c0ba9d4286f0cb97af7,0.129,,,
2667,2026-09-11,SH688041,0.009776884279251715,EXP_LGBModel_Alpha158_csi300_custom_step0_s_20260911_19,0ac93ca12eae4c0ba9d4286f0cb97af7,0.129,,,
2668,2026-09-11,SH688183,-0.00901534512300098,EXP_LGBModel_Alpha158_csi300_custom_step0_s_20260911_19,0ac93ca12eae4c0ba9d4286f0cb97af7,0.129,,,
2669,2026-09-11,SH601006,0.0035182510972850438,EXP_LGBModel_Alpha158_csi300_custom_step0_s_20260911_19,0ac93ca12eae4c0ba9d4286f0cb97af7,0.129,,,
2670,2026-09-11,SH600999,-0.006749260796502508,EXP_LGBModel_Alpha158_csi300_custom_step0_s_20260911_19,0ac93ca12eae4c0ba9d4286f0cb97af7,0.129,,,
2671,2026-09-11,SH600989,0.006264153666299094,EXP_LGBModel_Alpha158_csi300_custom_step0_s_20260911_19,0ac93ca12eae4c0ba9d4286f0cb97af7,0.129,,,
2672,2026-09-11,SZ300433,0.0002649477093800557,EXP_LGBModel_Alpha158_csi300_custom_step0_s_20260911_19,cf8f1900d2e2421e922cafeda5a691a7,0.082,,,
2673,2026-09-11,SZ300442,-1.3362553222845903e-10,EXP_LGBModel_Alpha158_csi300_custom_step0_s_20260911_19,cf8f1900d2e2421e922cafeda5a691a7,0.082,,,
2674,2026-09-11,SZ300450,0.0002649477093800557,EXP_LGBModel_Alpha158_csi300_custom_step0_s_20260911_19,cf8f1900d2e2421e922cafeda5a691a7,0.082,,,
2675,2026-09-11,SZ300476,-0.004454865090177402,EXP_LGBModel_Alpha158_csi300_custom_step0_s_20260911_19,cf8f1900d2e2421e922cafeda5a691a7,0.082,,,
2676,2026-09-11,SZ300498,-1.3362553222845903e-10,EXP_LGBModel_Alpha158_csi300_custom_step0_s_20260911_19,cf8f1900d2e2421e922cafeda5a691a7,0.082,,,
2677,2026-09-11,SZ300502,-1.3362553222845903e-10,EXP_LGBModel_Alpha158_csi300_custom_step0_s_20260911_19,cf8f1900d2e2421e922cafeda5a691a7,0.082,,,
2678,2026-09-11,SZ300628,-0.0009147527514292577,EXP_LGBModel_Alpha158_csi300_custom_step0_s_20260911_19,cf8f1900d2e2421e922cafeda5a691a7,0.082,,,
2679,2026-09-11,SZ300661,-1.3362553222845903e-10,EXP_LGBModel_Alpha158_csi300_custom_step0_s_20260911_19,cf8f1900d2e2421e922cafeda5a691a7,0.082,,,
2680,2026-09-11,SZ300750,0.001046795122478656,EXP_LGBModel_Alpha158_csi300_custom_step0_s_20260911_19,cf8f1900d2e2421e922cafeda5a691a7,0.082,,,
2681,2026-09-11,SZ300760,-1.3362553222845903e-10,EXP_LGBModel_Alpha158_csi300_custom_step0_s_20260911_19,cf8f1900d2e2421e922cafeda5a691a7,0.082,,,
2682,2026-09-11,SZ300803,-0.002174385178794302,EXP_LGBModel_Alpha158_csi300_custom_step0_s_20260911_19,cf8f1900d2e2421e922cafeda5a691a7,0.082,,,
2683,2026-09-11,SZ300832,-0.002174385178794302,EXP_LGBModel_Alpha158_csi300_custom_step0_s_20260911_19,cf8f1900d2e2421e922cafeda5a691a7,0.082,,,
2684,2026-09-11,SZ300866,-0.0009147527514292577,EXP_LGBModel_Alpha158_csi300_custom_step0_s_20260911_19,cf8f1900d2e2421e922cafeda5a691a7,0.082,,,
2685,2026-09-11,SZ300896,-0.002174385178794302,EXP_LGBModel_Alpha158_csi300_custom_step0_s_20260911_19,cf8f1900d2e2421e922cafeda5a691a7,0.082,,,
2686,2026-09-11,SZ300999,0.0017062454633032615,EXP_LGBModel_Alpha158_csi300_custom_step0_s_20260911_19,cf8f1900d2e2421e922cafeda5a691a7,0.082,,,
2687,2026-09-11,SZ301165,0.0002649477093800557,EXP_LGBModel_Alpha158_csi300_custom_step0_s_20260911_19,cf8f1900d2e2421e922cafeda5a691a7,0.082,,,
2688,2026-09-11,SZ301236,-0.002174385178794302,EXP_LGBModel_Alpha158_csi300_custom_step0_s_20260911_19,cf8f1900d2e2421e922cafeda5a691a7,0.082,,,
2689,2026-09-11,SH600026,-1.4135654980394333e-10,EXP_LGBModel_Alpha158_csi300_custom_step0_s_20260911_19,0ac93ca12eae4c0ba9d4286f0cb97af7,0.129,,,
2690,2026-09-11,SH600025,0.0026522271557197896,EXP_LGBModel_Alpha158_csi300_custom_step0_s_20260911_19,0ac93ca12eae4c0ba9d4286f0cb97af7,0.129,,,
2691,2026-09-11,SH600023,0.01134769270368239,EXP_LGBModel_Alpha158_csi300_custom_step0_s_20260911_19,0ac93ca12eae4c0ba9d4286f0cb97af7,0.129,,,
2692,2026-09-11,SH600019,0.004243848339617147,EXP_LGBModel_Alpha158_csi300_custom_step0_s_20260911_19,0ac93ca12eae4c0ba9d4286f0cb97af7,0.129,,,
2693,2026-09-11,SH600018,0.011246337899768501,EXP_LGBModel_Alpha158_csi300_custom_step0_s_20260911_19,0ac93ca12eae4c0ba9d4286f0cb97af7,0.129,,,
2694,2026-09-11,SH600016,0.00869546540660605,EXP_LGBModel_Alpha158_csi300_custom_step0_s_20260911_19,0ac93ca12eae4c0ba9d4286f0cb97af7,0.129,,,
2695,2026-09-11,SZ300418,-0.002174385178794302,EXP_LGBModel_Alpha158_csi300_custom_step0_s_20260911_19,cf8f1900d2e2421e922cafeda5a691a7,0.082,,,
2696,2026-09-11,SH600015,0.00648352016627092,EXP_LGBModel_Alpha158_csi300_custom_step0_s_20260911_19,0ac93ca12eae4c0ba9d4286f0cb97af7,0.129,,,
2697,2026-09-11,SH600010,0.003377824398051893,EXP_LGBModel_Alpha158_csi300_custom_step0_s_20260911_19,0ac93ca12eae4c0ba9d4286f0cb97af7,0.129,,,
2698,2026-09-11,SH600009,0.008062347601747333,EXP_LGBModel_Alpha158_csi300_custom_step0_s_20260911_19,0ac93ca12eae4c0ba9d4286f0cb97af7,0.129,,,
2699,2026-09-11,SH600000,0.0035182510972850438,EXP_LGBModel_Alpha158_csi300_custom_step0_s_20260911_19,0ac93ca12eae4c0ba9d4286f0cb97af7,0.129,,,
2700,2026-09-11,SZ302132,0.0017062454633032615,EXP_LGBModel_Alpha158_csi300_custom_step0_s_20260911_19,cf8f1900d2e2421e922cafeda5a691a7,0.082,,,
2701,2026-09-11,SZ301308,-1.3362553222845903e-10,EXP_LGBModel_Alpha158_csi300_custom_step0_s_20260911_19,cf8f1900d2e2421e922cafeda5a691a7,0.082,,,
2702,2026-09-11,SZ301269,0.0002649477093800557,EXP_LGBModel_Alpha158_csi300_custom_step0_s_20260911_19,cf8f1900d2e2421e922cafeda5a691a7,0.082,,,
2703,2026-09-11,SH600011,0.0019264619183076946,EXP_LGBModel_Alpha158_csi300_custom_step0_s_20260911_19,0ac93ca12eae4c0ba9d4286f0cb97af7,0.129,,,
2704,2026-09-11,SH600027,0.0018684204565363532,EXP_LGBModel_Alpha158_csi300_custom_step0_s_20260911_19,0ac93ca12eae4c0ba9d4286f0cb97af7,0.129,,,
2705,2026-09-11,SZ300413,0.0002649477093800557,EXP_LGBModel_Alpha158_csi300_custom_step0_s_20260911_19,cf8f1900d2e2421e922cafeda5a691a7,0.082,,,
2706,2026-09-11,SZ300394,-0.004454865090177402,EXP_LGBModel_Alpha158_csi300_custom_step0_s_20260911_19,cf8f1900d2e2421e922cafeda5a691a7,0.082,,,
2707,2026-09-11,SZ002422,-1.3362553222845903e-10,EXP_LGBModel_Alpha158_csi300_custom_step0_s_20260911_19,cf8f1900d2e2421e922cafeda5a691a7,0.082,,,
2708,2026-09-11,SZ002460,0.0002649477093800557,EXP_LGBModel_Alpha158_csi300_custom_step0_s_20260911_19,cf8f1900d2e2421e922cafeda5a691a7,0.082,,,
2709,2026-09-11,SZ002463,-0.004454865090177402,EXP_LGBModel_Alpha158_csi300_custom_step0_s_20260911_19,cf8f1900d2e2421e922cafeda5a691a7,0.082,,,
2710,2026-09-11,SZ002466,0.0002649477093800557,EXP_LGBModel_Alpha158_csi300_custom_step0_s_20260911_19,cf8f1900d2e2421e922cafeda5a691a7,0.082,,,
2711,2026-09-11,SZ002475,-0.002174385178794302,EXP_LGBModel_Alpha158_csi300_custom_step0_s_20260911_19,cf8f1900d2e2421e922cafeda5a691a7,0.082,,,
2712,2026-09-11,SZ002493,-0.002174385178794302,EXP_LGBModel_Alpha158_csi300_custom_step0_s_20260911_19,cf8f1900d2e2421e922cafeda5a691a7,0.082,,,
2713,2026-09-11,SZ002532,-0.002174385178794302,EXP_LGBModel_Alpha158_csi300_custom_step0_s_20260911_19,cf8f1900d2e2421e922cafeda5a691a7,0.082,,,
2714,2026-09-11,SZ002558,-0.002174385178794302,EXP_LGBModel_Alpha158_csi300_custom_step0_s_20260911_19,cf8f1900d2e2421e922cafeda5a691a7,0.082,,,
2715,2026-09-11,SZ002594,-1.3362553222845903e-10,EXP_LGBModel_Alpha158_csi300_custom_step0_s_20260911_19,cf8f1900d2e2421e922cafeda5a691a7,0.082,,,
2716,2026-09-11,SZ002600,-1.3362553222845903e-10,EXP_LGBModel_Alpha158_csi300_custom_step0_s_20260911_19,cf8f1900d2e2421e922cafeda5a691a7,0.082,,,
2717,2026-09-11,SZ002602,-0.0009147527514292577,EXP_LGBModel_Alpha158_csi300_custom_step0_s_20260911_19,cf8f1900d2e2421e922cafeda5a691a7,0.082,,,
2718,2026-09-11,SZ002625,-1.3362553222845903e-10,EXP_LGBModel_Alpha158_csi300_custom_step0_s_20260911_19,cf8f1900d2e2421e922cafeda5a691a7,0.082,,,
2719,2026-09-11,SZ002648,0.0017062454633032615,EXP_LGBModel_Alpha158_csi300_custom_step0_s_20260911_19,cf8f1900d2e2421e922cafeda5a691a7,0.082,,,
2720,2026-09-11,SZ002709,0.001046795122478656,EXP_LGBModel_Alpha158_csi300_custom_step0_s_20260911_19,cf8f1900d2e2421e922cafeda5a691a7,0.082,,,
2721,2026-09-11,SZ002714,-0.0009147527514292577,EXP_LGBModel_Alpha158_csi300_custom_step0_s_20260911_19,cf8f1900d2e2421e922cafeda5a691a7,0.082,,,
2722,2026-09-11,SZ002736,-1.3362553222845903e-10,EXP_LGBModel_Alpha158_csi300_custom_step0_s_20260911_19,cf8f1900d2e2421e922cafeda5a691a7,0.082,,,
2723,2026-09-11,SZ002837,-1.3362553222845903e-10,EXP_LGBModel_Alpha158_csi300_custom_step0_s_20260911_19,cf8f1900d2e2421e922cafeda5a691a7,0.082,,,
2724,2026-09-11,SZ300316,-1.3362553222845903e-10,EXP_LGBModel_Alpha158_csi300_custom_step0_s_20260911_19,cf8f1900d2e2421e922cafeda5a691a7,0.082,,,
2725,2026-09-11,SZ300308,0.0002649477093800557,EXP_LGBModel_Alpha158_csi300_custom_step0_s_20260911_19,cf8f1900d2e2421e922cafeda5a691a7,0.082,,,
2726,2026-09-11,SZ300274,0.003474471522299649,EXP_LGBModel_Alpha158_csi300_custom_step0_s_20260911_19,cf8f1900d2e2421e922cafeda5a691a7,0.082,,,
2727,2026-09-11,SZ300251,-0.002174385178794302,EXP_LGBModel_Alpha158_csi300_custom_step0_s_20260911_19,cf8f1900d2e2421e922cafeda5a691a7,0.082,,,
2728,2026-09-11,SZ300124,-0.002174385178794302,EXP_LGBModel_Alpha158_csi300_custom_step0_s_20260911_19,cf8f1900d2e2421e922cafeda5a691a7,0.082,,,
2729,2026-09-11,SZ300122,-0.002174385178794302,EXP_LGBModel_Alpha158_csi300_custom_step0_s_20260911_19,cf8f1900d2e2421e922cafeda5a691a7,0.082,,,
2730,2026-09-11,SZ300408,0.0002649477093800557,EXP_LGBModel_Alpha158_csi300_custom_step0_s_20260911_19,cf8f1900d2e2421e922cafeda5a691a7,0.082,,,
2731,2026-09-11,SZ300059,-1.3362553222845903e-10,EXP_LGBModel_Alpha158_csi300_custom_step0_s_20260911_19,cf8f1900d2e2421e922cafeda5a691a7,0.082,,,
2732,2026-09-11,SZ300015,-1.3362553222845903e-10,EXP_LGBModel_Alpha158_csi300_custom_step0_s_20260911_19,cf8f1900d2e2421e922cafeda5a691a7,0.082,,,
2733,2026-09-11,SZ300014,0.001046795122478656,EXP_LGBModel_Alpha158_csi300_custom_step0_s_20260911_19,cf8f1900d2e2421e922cafeda5a691a7,0.082,,,
2734,2026-09-11,SZ003816,0.0015814716992925768,EXP_LGBModel_Alpha158_csi300_custom_step0_s_20260911_19,cf8f1900d2e2421e922cafeda5a691a7,0.082,,,
2735,2026-09-11,SZ002938,-0.002174385178794302,EXP_LGBModel_Alpha158_csi300_custom_step0_s_20260911_19,cf8f1900d2e2421e922cafeda5a691a7,0.082,,,
2736,2026-09-11,SZ002920,-0.002174385178794302,EXP_LGBModel_Alpha158_csi300_custom_step0_s_20260911_19,cf8f1900d2e2421e922cafeda5a691a7,0.082,,,
2737,2026-09-11,SZ002916,-0.004454865090177402,EXP_LGBModel_Alpha158_csi300_custom_step0_s_20260911_19,cf8f1900d2e2421e922cafeda5a691a7,0.082,,,
2738,2026-09-11,SZ300033,-0.002174385178794302,EXP_LGBModel_Alpha158_csi300_custom_step0_s_20260911_19,cf8f1900d2e2421e922cafeda5a691a7,0.082,,,
2739,2026-09-11,SH600028,0.011246337899768501,EXP_LGBModel_Alpha158_csi300_custom_step0_s_20260911_19,0ac93ca12eae4c0ba9d4286f0cb97af7,0.129,,,
2740,2026-09-11,SH600029,-1.4135654980394333e-10,EXP_LGBModel_Alpha158_csi300_custom_step0_s_20260911_19,0ac93ca12eae4c0ba9d4286f0cb97af7,0.129,,,
2741,2026-09-11,SH600030,0.0017989969625754783,EXP_LGBModel_Alpha158_csi300_custom_step0_s_20260911_19,0ac93ca12eae4c0ba9d4286f0cb97af7,0.129,,,
2742,2026-09-11,SH600519,0.0038570817665676224,EXP_LGBModel_Alpha158_csi300_custom_step0_s_20260911_19,0ac93ca12eae4c0ba9d4286f0cb97af7,0.129,,,
2743,2026-09-11,SH600522,-0.006825160038642157,EXP_LGBModel_Alpha158_csi300_custom_step0_s_20260911_19,0ac93ca12eae4c0ba9d4286f0cb97af7,0.129,,,
2744,2026-09-11,SH600547,0.00868530746279889,EXP_LGBModel_Alpha158_csi300_custom_step0_s_20260911_19,0ac93ca12eae4c0ba9d4286f0cb97af7,0.129,,,
2745,2026-09-11,SH600549,-0.004496506826592205,EXP_LGBModel_Alpha158_csi300_custom_step0_s_20260911_19,0ac93ca12eae4c0ba9d4286f0cb97af7,0.129,,,
2746,2026-09-11,SH600570,-0.00901534512300098,EXP_LGBModel_Alpha158_csi300_custom_step0_s_20260911_19,0ac93ca12eae4c0ba9d4286f0cb97af7,0.129,,,
2747,2026-09-11,SH600584,-0.004496506826592205,EXP_LGBModel_Alpha158_csi300_custom_step0_s_20260911_19,0ac93ca12eae4c0ba9d4286f0cb97af7,0.129,,,
2748,2026-09-11,SH600585,0.00648352016627092,EXP_LGBModel_Alpha158_csi300_custom_step0_s_20260911_19,0ac93ca12eae4c0ba9d4286f0cb97af7,0.129,,,
2749,2026-09-11,SH600588,-0.0029390354592946266,EXP_LGBModel_Alpha158_csi300_custom_step0_s_20260911_19,0ac93ca12eae4c0ba9d4286f0cb97af7,0.129,,,
2750,2026-09-11,SH600600,0.008062347601747333,EXP_LGBModel_Alpha158_csi300_custom_step0_s_20260911_19,0ac93ca12eae4c0ba9d4286f0cb97af7,0.129,,,
2751,2026-09-11,SH600660,-0.006749260796502508,EXP_LGBModel_Alpha158_csi300_custom_step0_s_20260911_19,0ac93ca12eae4c0ba9d4286f0cb97af7,0.129,,,
2752,2026-09-11,SH600674,0.01134769270368239,EXP_LGBModel_Alpha158_csi300_custom_step0_s_20260911_19,0ac93ca12eae4c0ba9d4286f0cb97af7,0.129,,,
2753,2026-09-11,SH600690,0.008062347601747333,EXP_LGBModel_Alpha158_csi300_custom_step0_s_20260911_19,0ac93ca12eae4c0ba9d4286f0cb97af7,0.129,,,
2754,2026-09-11,SH600741,0.00648352016627092,EXP_LGBModel_Alpha158_csi300_custom_step0_s_20260911_19,0ac93ca12eae4c0ba9d4286f0cb97af7,0.129,,,
2755,2026-09-11,SH600760,0.00869546540660605,EXP_LGBModel_Alpha158_csi300_custom_step0_s_20260911_19,0ac93ca12eae4c0ba9d4286f0cb97af7,0.129,,,
2756,2026-09-11,SH600795,0.01134769270368239,EXP_LGBModel_Alpha158_csi300_custom_step0_s_20260911_19,0ac93ca12eae4c0ba9d4286f0cb97af7,0.129,,,
2757,2026-09-11,SH600803,0.006765360015839167,EXP_LGBModel_Alpha158_csi300_custom_step0_s_20260911_19,0ac93ca12eae4c0ba9d4286f0cb97af7,0.129,,,
2758,2026-09-11,SH600809,-0.004569293362429519,EXP_LGBModel_Alpha158_csi300_custom_step0_s_20260911_19,0ac93ca12eae4c0ba9d4286f0cb97af7,0.129,,,
2759,2026-09-11,SH600958,0.004684523062338892,EXP_LGBModel_Alpha158_csi300_custom_step0_s_20260911_19,0ac93ca12eae4c0ba9d4286f0cb97af7,0.129,,,
2760,2026-09-11,SH600941,0.0026522271557197896,EXP_LGBModel_Alpha158_csi300_custom_step0_s_20260911_19,0ac93ca12eae4c0ba9d4286f0cb97af7,0.129,,,
2761,2026-09-11,SH600938,0.0026650209041407325,EXP_LGBModel_Alpha158_csi300_custom_step0_s_20260911_19,0ac93ca12eae4c0ba9d4286f0cb97af7,0.129,,,
2762,2026-09-11,SH600930,0.0015788272941198648,EXP_LGBModel_Alpha158_csi300_custom_step0_s_20260911_19,0ac93ca12eae4c0ba9d4286f0cb97af7,0.129,,,
2763,2026-09-11,SH600926,0.01134769270368239,EXP_LGBModel_Alpha158_csi300_custom_step0_s_20260911_19,0ac93ca12eae4c0ba9d4286f0cb97af7,0.129,,,
2764,2026-09-11,SH600919,0.01134769270368239,EXP_LGBModel_Alpha158_csi300_custom_step0_s_20260911_19,0ac93ca12eae4c0ba9d4286f0cb97af7,0.129,,,
2765,2026-09-11,SH600515,-0.002369683356324218,EXP_LGBModel_Alpha158_csi300_custom_step0_s_20260911_19,0ac93ca12eae4c0ba9d4286f0cb97af7,0.129,,,
2766,2026-09-11,SH600918,0.0049104700554658464,EXP_LGBModel_Alpha158_csi300_custom_step0_s_20260911_19,0ac93ca12eae4c0ba9d4286f0cb97af7,0.129,,,
2767,2026-09-11,SH600900,0.01134769270368239,EXP_LGBModel_Alpha158_csi300_custom_step0_s_20260911_19,0ac93ca12eae4c0ba9d4286f0cb97af7,0.129,,,
2768,2026-09-11,SH600893,-0.010931734435011938,EXP_LGBModel_Alpha158_csi300_custom_step0_s_20260911_19,0ac93ca12eae4c0ba9d4286f0cb97af7,0.129,,,
2769,2026-09-11,SH600887,0.00869546540660605,EXP_LGBModel_Alpha158_csi300_custom_step0_s_20260911_19,0ac93ca12eae4c0ba9d4286f0cb97af7,0.129,,,
2770,2026-09-11,SH600886,0.01134769270368239,EXP_LGBModel_Alpha158_csi300_custom_step0_s_20260911_19,0ac93ca12eae4c0ba9d4286f0cb97af7,0.129,,,
2771,2026-09-11,SH600875,-0.00901534512300098,EXP_LGBModel_Alpha158_csi300_custom_step0_s_20260911_19,0ac93ca12eae4c0ba9d4286f0cb97af7,0.129,,,
2772,2026-09-11,SH600845,0.0008332184790860607,EXP_LGBModel_Alpha158_csi300_custom_step0_s_20260911_19,0ac93ca12eae4c0ba9d4286f0cb97af7,0.129,,,
2773,2026-09-11,SH600905,0.0015788272941198648,EXP_LGBModel_Alpha158_csi300_custom_step0_s_20260911_19,0ac93ca12eae4c0ba9d4286f0cb97af7,0.129,,,
2774,2026-09-11,SH600489,-0.006749260796502508,EXP_LGBModel_Alpha158_csi300_custom_step0_s_20260911_19,0ac93ca12eae4c0ba9d4286f0cb97af7,0.129,,,
2775,2026-09-11,SH600482,-0.011181596478318043,EXP_LGBModel_Alpha158_csi300_custom_step0_s_20260911_19,0ac93ca12eae4c0ba9d4286f0cb97af7,0.129,,,
2776,2026-09-11,SH600460,-0.004496506826592205,EXP_LGBModel_Alpha158_csi300_custom_step0_s_20260911_19,0ac93ca12eae4c0ba9d4286f0cb97af7,0.129,,,
2777,2026-09-11,SH600150,-0.0022888531854550497,EXP_LGBModel_Alpha158_csi300_custom_step0_s_20260911_19,0ac93ca12eae4c0ba9d4286f0cb97af7,0.129,,,
2778,2026-09-11,SH600118,-0.0007281943443353386,EXP_LGBModel_Alpha158_csi300_custom_step0_s_20260911_19,0ac93ca12eae4c0ba9d4286f0cb97af7,0.129,,,
2779,2026-09-11,SH600115,0.0002259468517704043,EXP_LGBModel_Alpha158_csi300_custom_step0_s_20260911_19,0ac93ca12eae4c0ba9d4286f0cb97af7,0.129,,,
2780,2026-09-11,SH600111,-0.002294180692010961,EXP_LGBModel_Alpha158_csi300_custom_step0_s_20260911_19,0ac93ca12eae4c0ba9d4286f0cb97af7,0.129,,,
2781,2026-09-11,SH600104,0.0010893878498576103,EXP_LGBModel_Alpha158_csi300_custom_step0_s_20260911_19,0ac93ca12eae4c0ba9d4286f0cb97af7,0.129,,,
2782,2026-09-11,SH600089,-0.002179967575429539,EXP_LGBModel_Alpha158_csi300_custom_step0_s_20260911_19,0ac93ca12eae4c0ba9d4286f0cb97af7,0.129,,,
2783,2026-09-11,SH600160,-0.004559075712143685,EXP_LGBModel_Alpha158_csi300_custom_step0_s_20260911_19,0ac93ca12eae4c0ba9d4286f0cb97af7,0.129,,,
2784,2026-09-11,SH600085,0.008062347601747333,EXP_LGBModel_Alpha158_csi300_custom_step0_s_20260911_19,0ac93ca12eae4c0ba9d4286f0cb97af7,0.129,,,
2785,2026-09-11,SH600061,0.00648352016627092,EXP_LGBModel_Alpha158_csi300_custom_step0_s_20260911_19,0ac93ca12eae4c0ba9d4286f0cb97af7,0.129,,,
2786,2026-09-11,SH600050,0.00648352016627092,EXP_LGBModel_Alpha158_csi300_custom_step0_s_20260911_19,0ac93ca12eae4c0ba9d4286f0cb97af7,0.129,,,
2787,2026-09-11,SH600048,-0.007274279563039878,EXP_LGBModel_Alpha158_csi300_custom_step0_s_20260911_19,0ac93ca12eae4c0ba9d4286f0cb97af7,0.129,,,
2788,2026-09-11,SH600039,0.008815026159461545,EXP_LGBModel_Alpha158_csi300_custom_step0_s_20260911_19,0ac93ca12eae4c0ba9d4286f0cb97af7,0.129,,,
2789,2026-09-11,SH600036,0.011246337899768501,EXP_LGBModel_Alpha158_csi300_custom_step0_s_20260911_19,0ac93ca12eae4c0ba9d4286f0cb97af7,0.129,,,
2790,2026-09-11,SH600031,0.0010950590056249157,EXP_LGBModel_Alpha158_csi300_custom_step0_s_20260911_19,0ac93ca12eae4c0ba9d4286f0cb97af7,0.129,,,
2791,2026-09-11,SH600066,-0.007274279563039878,EXP_LGBModel_Alpha158_csi300_custom_step0_s_20260911_19,0ac93ca12eae4c0ba9d4286f0cb97af7,0.129,,,
2792,2026-09-11,SZ002384,-1.3362553222845903e-10,EXP_LGBModel_Alpha158_csi300_custom_step0_s_20260911_19,cf8f1900d2e2421e922cafeda5a691a7,0.082,,,
2793,2026-09-11,SH600176,-1.4135654980394333e-10,EXP_LGBModel_Alpha158_csi300_custom_step0_s_20260911_19,0ac93ca12eae4c0ba9d4286f0cb97af7,0.129,,,
2794,2026-09-11,SH600188,-0.00901534512300098,EXP_LGBModel_Alpha158_csi300_custom_step0_s_20260911_19,0ac93ca12eae4c0ba9d4286f0cb97af7,0.129,,,
2795,2026-09-11,SH600438,-0.0036672296622734155,EXP_LGBModel_Alpha158_csi300_custom_step0_s_20260911_19,0ac93ca12eae4c0ba9d4286f0cb97af7,0.129,,,
2796,2026-09-11,SH600436,0.0021471460442563537,EXP_LGBModel_Alpha158_csi300_custom_step0_s_20260911_19,0ac93ca12eae4c0ba9d4286f0cb97af7,0.129,,,
2797,2026-09-11,SH600426,-0.00901534512300098,EXP_LGBModel_Alpha158_csi300_custom_step0_s_20260911_19,0ac93ca12eae4c0ba9d4286f0cb97af7,0.129,,,
2798,2026-09-11,SH600415,-0.00901534512300098,EXP_LGBModel_Alpha158_csi300_custom_step0_s_20260911_19,0ac93ca12eae4c0ba9d4286f0cb97af7,0.129,,,
2799,2026-09-11,SH600406,0.008062347601747333,EXP_LGBModel_Alpha158_csi300_custom_step0_s_20260911_19,0ac93ca12eae4c0ba9d4286f0cb97af7,0.129,,,
2800,2026-09-11,SH600372,-0.0006824520366260974,EXP_LGBModel_Alpha158_csi300_custom_step0_s_20260911_19,0ac93ca12eae4c0ba9d4286f0cb97af7,0.129,,,
2801,2026-09-11,SH600183,-0.006835377688927989,EXP_LGBModel_Alpha158_csi300_custom_step0_s_20260911_19,0ac93ca12eae4c0ba9d4286f0cb97af7,0.129,,,
2802,2026-09-11,SH600362,-0.00901534512300098,EXP_LGBModel_Alpha158_csi300_custom_step0_s_20260911_19,0ac93ca12eae4c0ba9d4286f0cb97af7,0.129,,,
2803,2026-09-11,SH600309,0.0022261190300288435,EXP_LGBModel_Alpha158_csi300_custom_step0_s_20260911_19,0ac93ca12eae4c0ba9d4286f0cb97af7,0.129,,,
2804,2026-09-11,SH600276,0.009776884279251715,EXP_LGBModel_Alpha158_csi300_custom_step0_s_20260911_19,0ac93ca12eae4c0ba9d4286f0cb97af7,0.129,,,
2805,2026-09-11,SH600233,-0.00901534512300098,EXP_LGBModel_Alpha158_csi300_custom_step0_s_20260911_19,0ac93ca12eae4c0ba9d4286f0cb97af7,0.129,,,
2806,2026-09-11,SH600221,0.0015788272941198648,EXP_LGBModel_Alpha158_csi300_custom_step0_s_20260911_19,0ac93ca12eae4c0ba9d4286f0cb97af7,0.129,,,
2807,2026-09-11,SH600219,0.0026650209041407325,EXP_LGBModel_Alpha158_csi300_custom_step0_s_20260911_19,0ac93ca12eae4c0ba9d4286f0cb97af7,0.129,,,
2808,2026-09-11,SH600196,-1.6044123872232083e-05,EXP_LGBModel_Alpha158_csi300_custom_step0_s_20260911_19,0ac93ca12eae4c0ba9d4286f0cb97af7,0.129,,,
2809,2026-09-11,SH600346,-0.006835377688927989,EXP_LGBModel_Alpha158_csi300_custom_step0_s_20260911_19,0ac93ca12eae4c0ba9d4286f0cb97af7,0.129,,,
2810,2026-09-11,SZ002916,-0.001165409931909414,EXP_CatBoostModel_Alpha158_csi300_custom_step0_s_20260911_19,d636588c4e974b04af3c84057f94df20,0.043,,,
2811,2026-09-11,SZ002837,0.003318777137668561,EXP_CatBoostModel_Alpha158_csi300_custom_step0_s_20260911_19,d636588c4e974b04af3c84057f94df20,0.043,,,
2812,2026-09-11,SZ002736,0.005442616828645255,EXP_CatBoostModel_Alpha158_csi300_custom_step0_s_20260911_19,d636588c4e974b04af3c84057f94df20,0.043,,,
2813,2026-09-11,SH688111,-0.0021514071672282292,EXP_CatBoostModel_Alpha158_csi300_custom_step0_s_20260911_19,f67fee38316f454da27095ea15763341,0.076,,,
2814,2026-09-11,SH688126,-0.005206023479292234,EXP_CatBoostModel_Alpha158_csi300_custom_step0_s_20260911_19,f67fee38316f454da27095ea15763341,0.076,,,
2815,2026-09-11,SH688183,-0.005206023479292234,EXP_CatBoostModel_Alpha158_csi300_custom_step0_s_20260911_19,f67fee38316f454da27095ea15763341,0.076,,,
2816,2026-09-11,SH688223,-0.004323282670328248,EXP_CatBoostModel_Alpha158_csi300_custom_step0_s_20260911_19,f67fee38316f454da27095ea15763341,0.076,,,
2817,2026-09-11,SH688256,-0.005206023479292234,EXP_CatBoostModel_Alpha158_csi300_custom_step0_s_20260911_19,f67fee38316f454da27095ea15763341,0.076,,,
2818,2026-09-11,SH688271,-0.0023173820464772272,EXP_CatBoostModel_Alpha158_csi300_custom_step0_s_20260911_19,f67fee38316f454da27095ea15763341,0.076,,,
2819,2026-09-11,SH688303,-0.004542811894214676,EXP_CatBoostModel_Alpha158_csi300_custom_step0_s_20260911_19,f67fee38316f454da27095ea15763341,0.076,,,
2820,2026-09-11,SH688396,-0.004915758882208822,EXP_CatBoostModel_Alpha158_csi300_custom_step0_s_20260911_19,f67fee38316f454da27095ea15763341,0.076,,,
2821,2026-09-11,SH688472,0.006699816087562363,EXP_CatBoostModel_Alpha158_csi300_custom_step0_s_20260911_19,f67fee38316f454da27095ea15763341,0.076,,,
2822,2026-09-11,SH688506,0.006968746220363175,EXP_CatBoostModel_Alpha158_csi300_custom_step0_s_20260911_19,f67fee38316f454da27095ea15763341,0.076,,,
2823,2026-09-11,SH688521,-0.00562811364817906,EXP_CatBoostModel_Alpha158_csi300_custom_step0_s_20260911_19,f67fee38316f454da27095ea15763341,0.076,,,
2824,2026-09-11,SH688981,-0.005206023479292234,EXP_CatBoostModel_Alpha158_csi300_custom_step0_s_20260911_19,f67fee38316f454da27095ea15763341,0.076,,,
2825,2026-09-11,SZ000001,0.005444460180935275,EXP_CatBoostModel_Alpha158_csi300_custom_step0_s_20260911_19,f67fee38316f454da27095ea15763341,0.076,,,
2826,2026-09-11,SZ000002,-2.606632943426019e-07,EXP_CatBoostModel_Alpha158_csi300_custom_step0_s_20260911_19,f67fee38316f454da27095ea15763341,0.076,,,
2827,2026-09-11,SZ000063,-0.005206023479292234,EXP_CatBoostModel_Alpha158_csi300_custom_step0_s_20260911_19,f67fee38316f454da27095ea15763341,0.076,,,
2828,2026-09-11,SZ000100,-0.005206023479292234,EXP_CatBoostModel_Alpha158_csi300_custom_step0_s_20260911_19,f67fee38316f454da27095ea15763341,0.076,,,
2829,2026-09-11,SZ000157,0.0018930582700293088,EXP_CatBoostModel_Alpha158_csi300_custom_step0_s_20260911_19,f67fee38316f454da27095ea15763341,0.076,,,
2830,2026-09-11,SZ000657,-0.005206023479292234,EXP_CatBoostModel_Alpha158_csi300_custom_step0_s_20260911_19,f67fee38316f454da27095ea15763341,0.076,,,
2831,2026-09-11,SZ000651,0.005098763346862458,EXP_CatBoostModel_Alpha158_csi300_custom_step0_s_20260911_19,f67fee38316f454da27095ea15763341,0.076,,,
2832,2026-09-11,SZ000630,-0.004542811894214676,EXP_CatBoostModel_Alpha158_csi300_custom_step0_s_20260911_19,f67fee38316f454da27095ea15763341,0.076,,,
2833,2026-09-11,SZ000625,0.003550423162862702,EXP_CatBoostModel_Alpha158_csi300_custom_step0_s_20260911_19,f67fee38316f454da27095ea15763341,0.076,,,
2834,2026-09-11,SZ000617,-0.006704122565961477,EXP_CatBoostModel_Alpha158_csi300_custom_step0_s_20260911_19,f67fee38316f454da27095ea15763341,0.076,,,
2835,2026-09-11,SZ000596,-0.0021514071672282292,EXP_CatBoostModel_Alpha158_csi300_custom_step0_s_20260911_19,f67fee38316f454da27095ea15763341,0.076,,,
2836,2026-09-11,SH688082,-0.004915758882208822,EXP_CatBoostModel_Alpha158_csi300_custom_step0_s_20260911_19,f67fee38316f454da27095ea15763341,0.076,,,
2837,2026-09-11,SZ000568,-0.00603648769113589,EXP_CatBoostModel_Alpha158_csi300_custom_step0_s_20260911_19,f67fee38316f454da27095ea15763341,0.076,,,
2838,2026-09-11,SZ000425,-0.0035898631100659147,EXP_CatBoostModel_Alpha158_csi300_custom_step0_s_20260911_19,f67fee38316f454da27095ea15763341,0.076,,,
2839,2026-09-11,SZ000408,-0.0013661326996427248,EXP_CatBoostModel_Alpha158_csi300_custom_step0_s_20260911_19,f67fee38316f454da27095ea15763341,0.076,,,
2840,2026-09-11,SZ000338,-0.005058820433873405,EXP_CatBoostModel_Alpha158_csi300_custom_step0_s_20260911_19,f67fee38316f454da27095ea15763341,0.076,,,
2841,2026-09-11,SZ000333,0.008349424505034316,EXP_CatBoostModel_Alpha158_csi300_custom_step0_s_20260911_19,f67fee38316f454da27095ea15763341,0.076,,,
2842,2026-09-11,SZ000301,-0.0016610973342540258,EXP_CatBoostModel_Alpha158_csi300_custom_step0_s_20260911_19,f67fee38316f454da27095ea15763341,0.076,,,
2843,2026-09-11,SZ000166,0.005098763346862458,EXP_CatBoostModel_Alpha158_csi300_custom_step0_s_20260911_19,f67fee38316f454da27095ea15763341,0.076,,,
2844,2026-09-11,SZ000538,0.005098763346862458,EXP_CatBoostModel_Alpha158_csi300_custom_step0_s_20260911_19,f67fee38316f454da27095ea15763341,0.076,,,
2845,2026-09-11,SZ000708,0.007009574363205661,EXP_CatBoostModel_Alpha158_csi300_custom_step0_s_20260911_19,f67fee38316f454da27095ea15763341,0.076,,,
2846,2026-09-11,SH688072,-0.005206023479292234,EXP_CatBoostModel_Alpha158_csi300_custom_step0_s_20260911_19,f67fee38316f454da27095ea15763341,0.076,,,
2847,2026-09-11,SH688041,-0.005599077293119044,EXP_CatBoostModel_Alpha158_csi300_custom_step0_s_20260911_19,f67fee38316f454da27095ea15763341,0.076,,,
2848,2026-09-11,SH601878,0.0025558381612870804,EXP_CatBoostModel_Alpha158_csi300_custom_step0_s_20260911_19,f67fee38316f454da27095ea15763341,0.076,,,
2849,2026-09-11,SH601881,0.004580481470111935,EXP_CatBoostModel_Alpha158_csi300_custom_step0_s_20260911_19,f67fee38316f454da27095ea15763341,0.076,,,
2850,2026-09-11,SH601888,-0.0049370933464914215,EXP_CatBoostModel_Alpha158_csi300_custom_step0_s_20260911_19,f67fee38316f454da27095ea15763341,0.076,,,
2851,2026-09-11,SH601898,-0.0015607794886399748,EXP_CatBoostModel_Alpha158_csi300_custom_step0_s_20260911_19,f67fee38316f454da27095ea15763341,0.076,,,
2852,2026-09-11,SH601899,-2.606632943426019e-07,EXP_CatBoostModel_Alpha158_csi300_custom_step0_s_20260911_19,f67fee38316f454da27095ea15763341,0.076,,,
2853,2026-09-11,SH601901,0.0038956883031157344,EXP_CatBoostModel_Alpha158_csi300_custom_step0_s_20260911_19,f67fee38316f454da27095ea15763341,0.076,,,
2854,2026-09-11,SH601916,0.0057035713093351054,EXP_CatBoostModel_Alpha158_csi300_custom_step0_s_20260911_19,f67fee38316f454da27095ea15763341,0.076,,,
2855,2026-09-11,SH601919,-0.0023173820464772272,EXP_CatBoostModel_Alpha158_csi300_custom_step0_s_20260911_19,f67fee38316f454da27095ea15763341,0.076,,,
2856,2026-09-11,SH601939,0.004451985385235464,EXP_CatBoostModel_Alpha158_csi300_custom_step0_s_20260911_19,f67fee38316f454da27095ea15763341,0.076,,,
2857,2026-09-11,SH601985,0.006459511198739971,EXP_CatBoostModel_Alpha158_csi300_custom_step0_s_20260911_19,f67fee38316f454da27095ea15763341,0.076,,,
2858,2026-09-11,SH601988,0.003622370973048191,EXP_CatBoostModel_Alpha158_csi300_custom_step0_s_20260911_19,f67fee38316f454da27095ea15763341,0.076,,,
2859,2026-09-11,SH601995,-0.004449420921454982,EXP_CatBoostModel_Alpha158_csi300_custom_step0_s_20260911_19,f67fee38316f454da27095ea15763341,0.076,,,
2860,2026-09-11,SH601998,0.008466193166247058,EXP_CatBoostModel_Alpha158_csi300_custom_step0_s_20260911_19,f67fee38316f454da27095ea15763341,0.076,,,
2861,2026-09-11,SH603019,-0.004915758882208822,EXP_CatBoostModel_Alpha158_csi300_custom_step0_s_20260911_19,f67fee38316f454da27095ea15763341,0.076,,,
2862,2026-09-11,SH603259,0.0038911933420264725,EXP_CatBoostModel_Alpha158_csi300_custom_step0_s_20260911_19,f67fee38316f454da27095ea15763341,0.076,,,
2863,2026-09-11,SH603260,-0.005206023479292234,EXP_CatBoostModel_Alpha158_csi300_custom_step0_s_20260911_19,f67fee38316f454da27095ea15763341,0.076,,,
2864,2026-09-11,SH603288,0.0020767953965849534,EXP_CatBoostModel_Alpha158_csi300_custom_step0_s_20260911_19,f67fee38316f454da27095ea15763341,0.076,,,
2865,2026-09-11,SH688036,-0.002793284288023187,EXP_CatBoostModel_Alpha158_csi300_custom_step0_s_20260911_19,f67fee38316f454da27095ea15763341,0.076,,,
2866,2026-09-11,SH688012,-0.004915758882208822,EXP_CatBoostModel_Alpha158_csi300_custom_step0_s_20260911_19,f67fee38316f454da27095ea15763341,0.076,,,
2867,2026-09-11,SH688009,0.003684167382296429,EXP_CatBoostModel_Alpha158_csi300_custom_step0_s_20260911_19,f67fee38316f454da27095ea15763341,0.076,,,
2868,2026-09-11,SH688008,-0.005206023479292234,EXP_CatBoostModel_Alpha158_csi300_custom_step0_s_20260911_19,f67fee38316f454da27095ea15763341,0.076,,,
2869,2026-09-11,SH605499,-0.0049370933464914215,EXP_CatBoostModel_Alpha158_csi300_custom_step0_s_20260911_19,f67fee38316f454da27095ea15763341,0.076,,,
2870,2026-09-11,SH605117,-0.002462234851792196,EXP_CatBoostModel_Alpha158_csi300_custom_step0_s_20260911_19,f67fee38316f454da27095ea15763341,0.076,,,
2871,2026-09-11,SH688047,-0.005206023479292234,EXP_CatBoostModel_Alpha158_csi300_custom_step0_s_20260911_19,f67fee38316f454da27095ea15763341,0.076,,,
2872,2026-09-11,SH603993,-0.004542811894214676,EXP_CatBoostModel_Alpha158_csi300_custom_step0_s_20260911_19,f67fee38316f454da27095ea15763341,0.076,,,
2873,2026-09-11,SH603893,-0.002814618752305787,EXP_CatBoostModel_Alpha158_csi300_custom_step0_s_20260911_19,f67fee38316f454da27095ea15763341,0.076,,,
2874,2026-09-11,SH603799,-0.004449420921454982,EXP_CatBoostModel_Alpha158_csi300_custom_step0_s_20260911_19,f67fee38316f454da27095ea15763341,0.076,,,
2875,2026-09-11,SH603501,-0.004449420921454982,EXP_CatBoostModel_Alpha158_csi300_custom_step0_s_20260911_19,f67fee38316f454da27095ea15763341,0.076,,,
2876,2026-09-11,SH603392,-0.003517279203576611,EXP_CatBoostModel_Alpha158_csi300_custom_step0_s_20260911_19,f67fee38316f454da27095ea15763341,0.076,,,
2877,2026-09-11,SH603369,-0.0021514071672282292,EXP_CatBoostModel_Alpha158_csi300_custom_step0_s_20260911_19,f67fee38316f454da27095ea15763341,0.076,,,
2878,2026-09-11,SH603296,-0.0029266515249883568,EXP_CatBoostModel_Alpha158_csi300_custom_step0_s_20260911_19,f67fee38316f454da27095ea15763341,0.076,,,
2879,2026-09-11,SH603986,-0.005206023479292234,EXP_CatBoostModel_Alpha158_csi300_custom_step0_s_20260911_19,f67fee38316f454da27095ea15763341,0.076,,,
2880,2026-09-11,SH601877,0.0025183930690820967,EXP_CatBoostModel_Alpha158_csi300_custom_step0_s_20260911_19,f67fee38316f454da27095ea15763341,0.076,,,
2881,2026-09-11,SZ000725,-0.005206023479292234,EXP_CatBoostModel_Alpha158_csi300_custom_step0_s_20260911_19,f67fee38316f454da27095ea15763341,0.076,,,
2882,2026-09-11,SZ000776,-0.0030835488851065997,EXP_CatBoostModel_Alpha158_csi300_custom_step0_s_20260911_19,f67fee38316f454da27095ea15763341,0.076,,,
2883,2026-09-11,SZ002463,-0.002900241260277953,EXP_CatBoostModel_Alpha158_csi300_custom_step0_s_20260911_19,f67fee38316f454da27095ea15763341,0.076,,,
2884,2026-09-11,SZ002466,-0.005206023479292234,EXP_CatBoostModel_Alpha158_csi300_custom_step0_s_20260911_19,f67fee38316f454da27095ea15763341,0.076,,,
2885,2026-09-11,SZ002475,-0.00562811364817906,EXP_CatBoostModel_Alpha158_csi300_custom_step0_s_20260911_19,f67fee38316f454da27095ea15763341,0.076,,,
2886,2026-09-11,SZ002493,-2.606632943426019e-07,EXP_CatBoostModel_Alpha158_csi300_custom_step0_s_20260911_19,f67fee38316f454da27095ea15763341,0.076,,,
2887,2026-09-11,SZ002532,-0.0015607794886399748,EXP_CatBoostModel_Alpha158_csi300_custom_step0_s_20260911_19,f67fee38316f454da27095ea15763341,0.076,,,
2888,2026-09-11,SZ002558,-0.006270392247491466,EXP_CatBoostModel_Alpha158_csi300_custom_step0_s_20260911_19,f67fee38316f454da27095ea15763341,0.076,,,
2889,2026-09-11,SZ002594,-0.003517279203576611,EXP_CatBoostModel_Alpha158_csi300_custom_step0_s_20260911_19,f67fee38316f454da27095ea15763341,0.076,,,
2890,2026-09-11,SZ002600,-0.005849618367820523,EXP_CatBoostModel_Alpha158_csi300_custom_step0_s_20260911_19,f67fee38316f454da27095ea15763341,0.076,,,
2891,2026-09-11,SZ002602,-0.0016610973342540258,EXP_CatBoostModel_Alpha158_csi300_custom_step0_s_20260911_19,f67fee38316f454da27095ea15763341,0.076,,,
2892,2026-09-11,SZ002625,-0.005206023479292234,EXP_CatBoostModel_Alpha158_csi300_custom_step0_s_20260911_19,f67fee38316f454da27095ea15763341,0.076,,,
2893,2026-09-11,SZ002648,-0.0015607794886399748,EXP_CatBoostModel_Alpha158_csi300_custom_step0_s_20260911_19,f67fee38316f454da27095ea15763341,0.076,,,
2894,2026-09-11,SZ002709,-0.005206023479292234,EXP_CatBoostModel_Alpha158_csi300_custom_step0_s_20260911_19,f67fee38316f454da27095ea15763341,0.076,,,
2895,2026-09-11,SZ002714,-0.0030297368124474647,EXP_CatBoostModel_Alpha158_csi300_custom_step0_s_20260911_19,f67fee38316f454da27095ea15763341,0.076,,,
2896,2026-09-11,SZ002736,0.005603958919401169,EXP_CatBoostModel_Alpha158_csi300_custom_step0_s_20260911_19,f67fee38316f454da27095ea15763341,0.076,,,
2897,2026-09-11,SZ002837,-0.004449420921454982,EXP_CatBoostModel_Alpha158_csi300_custom_step0_s_20260911_19,f67fee38316f454da27095ea15763341,0.076,,,
2898,2026-09-11,SZ002916,-0.002900241260277953,EXP_CatBoostModel_Alpha158_csi300_custom_step0_s_20260911_19,f67fee38316f454da27095ea15763341,0.076,,,
2899,2026-09-11,SZ002920,-0.003517279203576611,EXP_CatBoostModel_Alpha158_csi300_custom_step0_s_20260911_19,f67fee38316f454da27095ea15763341,0.076,,,
2900,2026-09-11,SZ300408,-0.001431283936470463,EXP_CatBoostModel_Alpha158_csi300_custom_step0_s_20260911_19,f67fee38316f454da27095ea15763341,0.076,,,
2901,2026-09-11,SZ300394,-0.02206970479294438,EXP_CatBoostModel_Alpha158_csi300_custom_step0_s_20260911_19,f67fee38316f454da27095ea15763341,0.076,,,
2902,2026-09-11,SZ300316,-0.004915758882208822,EXP_CatBoostModel_Alpha158_csi300_custom_step0_s_20260911_19,f67fee38316f454da27095ea15763341,0.076,,,
2903,2026-09-11,SZ300308,-0.001431283936470463,EXP_CatBoostModel_Alpha158_csi300_custom_step0_s_20260911_19,f67fee38316f454da27095ea15763341,0.076,,,
2904,2026-09-11,SZ300274,0.013032463726797484,EXP_CatBoostModel_Alpha158_csi300_custom_step0_s_20260911_19,f67fee38316f454da27095ea15763341,0.076,,,
2905,2026-09-11,SZ300251,-0.002814618752305787,EXP_CatBoostModel_Alpha158_csi300_custom_step0_s_20260911_19,f67fee38316f454da27095ea15763341,0.076,,,
2906,2026-09-11,SZ002460,-0.005206023479292234,EXP_CatBoostModel_Alpha158_csi300_custom_step0_s_20260911_19,f67fee38316f454da27095ea15763341,0.076,,,
2907,2026-09-11,SZ300124,-0.0069686294090142605,EXP_CatBoostModel_Alpha158_csi300_custom_step0_s_20260911_19,f67fee38316f454da27095ea15763341,0.076,,,
2908,2026-09-11,SZ300059,-0.001805820467190025,EXP_CatBoostModel_Alpha158_csi300_custom_step0_s_20260911_19,f67fee38316f454da27095ea15763341,0.076,,,
2909,2026-09-11,SZ300033,-0.007636264283839848,EXP_CatBoostModel_Alpha158_csi300_custom_step0_s_20260911_19,f67fee38316f454da27095ea15763341,0.076,,,
2910,2026-09-11,SZ300015,0.003227981756948915,EXP_CatBoostModel_Alpha158_csi300_custom_step0_s_20260911_19,f67fee38316f454da27095ea15763341,0.076,,,
2911,2026-09-11,SZ300014,-0.004538388604466647,EXP_CatBoostModel_Alpha158_csi300_custom_step0_s_20260911_19,f67fee38316f454da27095ea15763341,0.076,,,
2912,2026-09-11,SZ003816,0.004451985385235464,EXP_CatBoostModel_Alpha158_csi300_custom_step0_s_20260911_19,f67fee38316f454da27095ea15763341,0.076,,,
2913,2026-09-11,SZ002938,-0.004915758882208822,EXP_CatBoostModel_Alpha158_csi300_custom_step0_s_20260911_19,f67fee38316f454da27095ea15763341,0.076,,,
2914,2026-09-11,SZ300122,-0.0021514071672282292,EXP_CatBoostModel_Alpha158_csi300_custom_step0_s_20260911_19,f67fee38316f454da27095ea15763341,0.076,,,
2915,2026-09-11,SZ000768,-0.0015607794886399748,EXP_CatBoostModel_Alpha158_csi300_custom_step0_s_20260911_19,f67fee38316f454da27095ea15763341,0.076,,,
2916,2026-09-11,SZ002422,-0.0030835488851065997,EXP_CatBoostModel_Alpha158_csi300_custom_step0_s_20260911_19,f67fee38316f454da27095ea15763341,0.076,,,
2917,2026-09-11,SZ002384,-0.004159156324371569,EXP_CatBoostModel_Alpha158_csi300_custom_step0_s_20260911_19,f67fee38316f454da27095ea15763341,0.076,,,
2918,2026-09-11,SZ000792,-0.005206023479292234,EXP_CatBoostModel_Alpha158_csi300_custom_step0_s_20260911_19,f67fee38316f454da27095ea15763341,0.076,,,
2919,2026-09-11,SZ000807,-0.0015607794886399748,EXP_CatBoostModel_Alpha158_csi300_custom_step0_s_20260911_19,f67fee38316f454da27095ea15763341,0.076,,,
2920,2026-09-11,SZ000858,0.003392407150323855,EXP_CatBoostModel_Alpha158_csi300_custom_step0_s_20260911_19,f67fee38316f454da27095ea15763341,0.076,,,
2921,2026-09-11,SZ000895,0.0025562698551068663,EXP_CatBoostModel_Alpha158_csi300_custom_step0_s_20260911_19,f67fee38316f454da27095ea15763341,0.076,,,
2922,2026-09-11,SZ000938,-0.0021514071672282292,EXP_CatBoostModel_Alpha158_csi300_custom_step0_s_20260911_19,f67fee38316f454da27095ea15763341,0.076,,,
2923,2026-09-11,SZ000963,0.0010634438578420355,EXP_CatBoostModel_Alpha158_csi300_custom_step0_s_20260911_19,f67fee38316f454da27095ea15763341,0.076,,,
2924,2026-09-11,SZ000975,-0.000193136094185147,EXP_CatBoostModel_Alpha158_csi300_custom_step0_s_20260911_19,f67fee38316f454da27095ea15763341,0.076,,,
2925,2026-09-11,SZ000977,-0.0015607794886399748,EXP_CatBoostModel_Alpha158_csi300_custom_step0_s_20260911_19,f67fee38316f454da27095ea15763341,0.076,,,
2926,2026-09-11,SZ000988,-0.004159156324371569,EXP_CatBoostModel_Alpha158_csi300_custom_step0_s_20260911_19,f67fee38316f454da27095ea15763341,0.076,,,
2927,2026-09-11,SZ000999,0.005603958919401169,EXP_CatBoostModel_Alpha158_csi300_custom_step0_s_20260911_19,f67fee38316f454da27095ea15763341,0.076,,,
2928,2026-09-11,SZ001280,-0.0037862093363774238,EXP_CatBoostModel_Alpha158_csi300_custom_step0_s_20260911_19,f67fee38316f454da27095ea15763341,0.076,,,
2929,2026-09-11,SZ001391,0.005603958919401169,EXP_CatBoostModel_Alpha158_csi300_custom_step0_s_20260911_19,f67fee38316f454da27095ea15763341,0.076,,,
2930,2026-09-11,SZ001965,0.0020510742825681555,EXP_CatBoostModel_Alpha158_csi300_custom_step0_s_20260911_19,f67fee38316f454da27095ea15763341,0.076,,,
2931,2026-09-11,SZ001979,-0.0029266515249883568,EXP_CatBoostModel_Alpha158_csi300_custom_step0_s_20260911_19,f67fee38316f454da27095ea15763341,0.076,,,
2932,2026-09-11,SZ002001,0.0016872897094378511,EXP_CatBoostModel_Alpha158_csi300_custom_step0_s_20260911_19,f67fee38316f454da27095ea15763341,0.076,,,
2933,2026-09-11,SZ002027,0.004055618735401413,EXP_CatBoostModel_Alpha158_csi300_custom_step0_s_20260911_19,f67fee38316f454da27095ea15763341,0.076,,,
2934,2026-09-11,SZ002028,0.008631632736107198,EXP_CatBoostModel_Alpha158_csi300_custom_step0_s_20260911_19,f67fee38316f454da27095ea15763341,0.076,,,
2935,2026-09-11,SZ002371,-0.005206023479292234,EXP_CatBoostModel_Alpha158_csi300_custom_step0_s_20260911_19,f67fee38316f454da27095ea15763341,0.076,,,
2936,2026-09-11,SZ002353,0.011278013925793829,EXP_CatBoostModel_Alpha158_csi300_custom_step0_s_20260911_19,f67fee38316f454da27095ea15763341,0.076,,,
2937,2026-09-11,SZ002352,0.0038911933420264725,EXP_CatBoostModel_Alpha158_csi300_custom_step0_s_20260911_19,f67fee38316f454da27095ea15763341,0.076,,,
2938,2026-09-11,SZ002311,-0.002814618752305787,EXP_CatBoostModel_Alpha158_csi300_custom_step0_s_20260911_19,f67fee38316f454da27095ea15763341,0.076,,,
2939,2026-09-11,SZ002304,0.004055618735401413,EXP_CatBoostModel_Alpha158_csi300_custom_step0_s_20260911_19,f67fee38316f454da27095ea15763341,0.076,,,
2940,2026-09-11,SZ002241,-0.003517279203576611,EXP_CatBoostModel_Alpha158_csi300_custom_step0_s_20260911_19,f67fee38316f454da27095ea15763341,0.076,,,
2941,2026-09-11,SZ002415,-0.0021514071672282292,EXP_CatBoostModel_Alpha158_csi300_custom_step0_s_20260911_19,f67fee38316f454da27095ea15763341,0.076,,,
2942,2026-09-11,SZ002236,0.003684167382296429,EXP_CatBoostModel_Alpha158_csi300_custom_step0_s_20260911_19,f67fee38316f454da27095ea15763341,0.076,,,
2943,2026-09-11,SZ002202,-0.002462234851792196,EXP_CatBoostModel_Alpha158_csi300_custom_step0_s_20260911_19,f67fee38316f454da27095ea15763341,0.076,,,
2944,2026-09-11,SZ002179,0.003898841478515165,EXP_CatBoostModel_Alpha158_csi300_custom_step0_s_20260911_19,f67fee38316f454da27095ea15763341,0.076,,,
2945,2026-09-11,SZ002142,-0.00041215825270223656,EXP_CatBoostModel_Alpha158_csi300_custom_step0_s_20260911_19,f67fee38316f454da27095ea15763341,0.076,,,
2946,2026-09-11,SZ002074,-0.005206023479292234,EXP_CatBoostModel_Alpha158_csi300_custom_step0_s_20260911_19,f67fee38316f454da27095ea15763341,0.076,,,
2947,2026-09-11,SZ002050,0.0005805471979352388,EXP_CatBoostModel_Alpha158_csi300_custom_step0_s_20260911_19,f67fee38316f454da27095ea15763341,0.076,,,
2948,2026-09-11,SZ002049,-0.004538388604466647,EXP_CatBoostModel_Alpha158_csi300_custom_step0_s_20260911_19,f67fee38316f454da27095ea15763341,0.076,,,
2949,2026-09-11,SZ002230,0.0014135838115073955,EXP_CatBoostModel_Alpha158_csi300_custom_step0_s_20260911_19,f67fee38316f454da27095ea15763341,0.076,,,
2950,2026-09-11,SH601872,-0.002130072702945629,EXP_CatBoostModel_Alpha158_csi300_custom_step0_s_20260911_19,f67fee38316f454da27095ea15763341,0.076,,,
2951,2026-09-11,SH601868,0.005098763346862458,EXP_CatBoostModel_Alpha158_csi300_custom_step0_s_20260911_19,f67fee38316f454da27095ea15763341,0.076,,,
2952,2026-09-11,SH601857,0.008349424505034316,EXP_CatBoostModel_Alpha158_csi300_custom_step0_s_20260911_19,f67fee38316f454da27095ea15763341,0.076,,,
2953,2026-09-11,SH600233,-0.0015607794886399748,EXP_CatBoostModel_Alpha158_csi300_custom_step0_s_20260911_19,f67fee38316f454da27095ea15763341,0.076,,,
2954,2026-09-11,SH600276,0.006699816087562363,EXP_CatBoostModel_Alpha158_csi300_custom_step0_s_20260911_19,f67fee38316f454da27095ea15763341,0.076,,,
2955,2026-09-11,SH600309,0.0032749956269193495,EXP_CatBoostModel_Alpha158_csi300_custom_step0_s_20260911_19,f67fee38316f454da27095ea15763341,0.076,,,
2956,2026-09-11,SH600346,-0.0016610973342540258,EXP_CatBoostModel_Alpha158_csi300_custom_step0_s_20260911_19,f67fee38316f454da27095ea15763341,0.076,,,
2957,2026-09-11,SH600362,-0.0037862093363774238,EXP_CatBoostModel_Alpha158_csi300_custom_step0_s_20260911_19,f67fee38316f454da27095ea15763341,0.076,,,
2958,2026-09-11,SH600372,-2.606632943426019e-07,EXP_CatBoostModel_Alpha158_csi300_custom_step0_s_20260911_19,f67fee38316f454da27095ea15763341,0.076,,,
2959,2026-09-11,SH600406,0.002135827198296673,EXP_CatBoostModel_Alpha158_csi300_custom_step0_s_20260911_19,f67fee38316f454da27095ea15763341,0.076,,,
2960,2026-09-11,SH600415,-0.002908009725065482,EXP_CatBoostModel_Alpha158_csi300_custom_step0_s_20260911_19,f67fee38316f454da27095ea15763341,0.076,,,
2961,2026-09-11,SH600426,0.0007914769628681608,EXP_CatBoostModel_Alpha158_csi300_custom_step0_s_20260911_19,f67fee38316f454da27095ea15763341,0.076,,,
2962,2026-09-11,SH600436,0.0038911933420264725,EXP_CatBoostModel_Alpha158_csi300_custom_step0_s_20260911_19,f67fee38316f454da27095ea15763341,0.076,,,
2963,2026-09-11,SH600438,-0.003517279203576611,EXP_CatBoostModel_Alpha158_csi300_custom_step0_s_20260911_19,f67fee38316f454da27095ea15763341,0.076,,,
2964,2026-09-11,SH600460,-0.004915758882208822,EXP_CatBoostModel_Alpha158_csi300_custom_step0_s_20260911_19,f67fee38316f454da27095ea15763341,0.076,,,
2965,2026-09-11,SH600482,-0.0035990300267531193,EXP_CatBoostModel_Alpha158_csi300_custom_step0_s_20260911_19,f67fee38316f454da27095ea15763341,0.076,,,
2966,2026-09-11,SH600489,-0.0016610973342540258,EXP_CatBoostModel_Alpha158_csi300_custom_step0_s_20260911_19,f67fee38316f454da27095ea15763341,0.076,,,
2967,2026-09-11,SH600515,0.0012774677546222321,EXP_CatBoostModel_Alpha158_csi300_custom_step0_s_20260911_19,f67fee38316f454da27095ea15763341,0.076,,,
2968,2026-09-11,SH600519,0.005603958919401169,EXP_CatBoostModel_Alpha158_csi300_custom_step0_s_20260911_19,f67fee38316f454da27095ea15763341,0.076,,,
2969,2026-09-11,SH600522,-0.002462234851792196,EXP_CatBoostModel_Alpha158_csi300_custom_step0_s_20260911_19,f67fee38316f454da27095ea15763341,0.076,,,
2970,2026-09-11,SH600803,0.003622370973048191,EXP_CatBoostModel_Alpha158_csi300_custom_step0_s_20260911_19,f67fee38316f454da27095ea15763341,0.076,,,
2971,2026-09-11,SH600795,0.006049268143407923,EXP_CatBoostModel_Alpha158_csi300_custom_step0_s_20260911_19,f67fee38316f454da27095ea15763341,0.076,,,
2972,2026-09-11,SH600760,0.002510973829522775,EXP_CatBoostModel_Alpha158_csi300_custom_step0_s_20260911_19,f67fee38316f454da27095ea15763341,0.076,,,
2973,2026-09-11,SH600741,0.005098763346862458,EXP_CatBoostModel_Alpha158_csi300_custom_step0_s_20260911_19,f67fee38316f454da27095ea15763341,0.076,,,
2974,2026-09-11,SH600690,0.0025183930690820967,EXP_CatBoostModel_Alpha158_csi300_custom_step0_s_20260911_19,f67fee38316f454da27095ea15763341,0.076,,,
2975,2026-09-11,SH600674,0.007548617023702469,EXP_CatBoostModel_Alpha158_csi300_custom_step0_s_20260911_19,f67fee38316f454da27095ea15763341,0.076,,,
2976,2026-09-11,SH600221,0.005098763346862458,EXP_CatBoostModel_Alpha158_csi300_custom_step0_s_20260911_19,f67fee38316f454da27095ea15763341,0.076,,,
2977,2026-09-11,SH600660,0.009776383691369003,EXP_CatBoostModel_Alpha158_csi300_custom_step0_s_20260911_19,f67fee38316f454da27095ea15763341,0.076,,,
2978,2026-09-11,SH600588,0.006968746220363175,EXP_CatBoostModel_Alpha158_csi300_custom_step0_s_20260911_19,f67fee38316f454da27095ea15763341,0.076,,,
2979,2026-09-11,SH600585,0.005603958919401169,EXP_CatBoostModel_Alpha158_csi300_custom_step0_s_20260911_19,f67fee38316f454da27095ea15763341,0.076,,,
2980,2026-09-11,SH600584,-0.004915758882208822,EXP_CatBoostModel_Alpha158_csi300_custom_step0_s_20260911_19,f67fee38316f454da27095ea15763341,0.076,,,
2981,2026-09-11,SH600570,-0.0031185744615518365,EXP_CatBoostModel_Alpha158_csi300_custom_step0_s_20260911_19,f67fee38316f454da27095ea15763341,0.076,,,
2982,2026-09-11,SH600549,-0.005206023479292234,EXP_CatBoostModel_Alpha158_csi300_custom_step0_s_20260911_19,f67fee38316f454da27095ea15763341,0.076,,,
2983,2026-09-11,SH600547,-0.0021514071672282292,EXP_CatBoostModel_Alpha158_csi300_custom_step0_s_20260911_19,f67fee38316f454da27095ea15763341,0.076,,,
2984,2026-09-11,SH600600,0.003392407150323855,EXP_CatBoostModel_Alpha158_csi300_custom_step0_s_20260911_19,f67fee38316f454da27095ea15763341,0.076,,,
2985,2026-09-11,SH600809,-0.002908009725065482,EXP_CatBoostModel_Alpha158_csi300_custom_step0_s_20260911_19,f67fee38316f454da27095ea15763341,0.076,,,
2986,2026-09-11,SH600219,0.001265289113276356,EXP_CatBoostModel_Alpha158_csi300_custom_step0_s_20260911_19,f67fee38316f454da27095ea15763341,0.076,,,
2987,2026-09-11,SH600188,-0.0015607794886399748,EXP_CatBoostModel_Alpha158_csi300_custom_step0_s_20260911_19,f67fee38316f454da27095ea15763341,0.076,,,
2988,2026-09-11,SH600009,0.00605171809074232,EXP_CatBoostModel_Alpha158_csi300_custom_step0_s_20260911_19,f67fee38316f454da27095ea15763341,0.076,,,
2989,2026-09-11,SH600010,0.0005986015319773564,EXP_CatBoostModel_Alpha158_csi300_custom_step0_s_20260911_19,f67fee38316f454da27095ea15763341,0.076,,,
2990,2026-09-11,SH600011,0.0021385310004941194,EXP_CatBoostModel_Alpha158_csi300_custom_step0_s_20260911_19,f67fee38316f454da27095ea15763341,0.076,,,
2991,2026-09-11,SH600015,0.0025562698551068663,EXP_CatBoostModel_Alpha158_csi300_custom_step0_s_20260911_19,f67fee38316f454da27095ea15763341,0.076,,,
2992,2026-09-11,SH600016,0.004587047976881146,EXP_CatBoostModel_Alpha158_csi300_custom_step0_s_20260911_19,f67fee38316f454da27095ea15763341,0.076,,,
2993,2026-09-11,SH600018,0.002174414614260745,EXP_CatBoostModel_Alpha158_csi300_custom_step0_s_20260911_19,f67fee38316f454da27095ea15763341,0.076,,,
2994,2026-09-11,SH600019,0.005098763346862458,EXP_CatBoostModel_Alpha158_csi300_custom_step0_s_20260911_19,f67fee38316f454da27095ea15763341,0.076,,,
2995,2026-09-11,SH600023,6.856782854201317e-05,EXP_CatBoostModel_Alpha158_csi300_custom_step0_s_20260911_19,f67fee38316f454da27095ea15763341,0.076,,,
2996,2026-09-11,SH600025,0.0057035713093351054,EXP_CatBoostModel_Alpha158_csi300_custom_step0_s_20260911_19,f67fee38316f454da27095ea15763341,0.076,,,
2997,2026-09-11,SH600026,-0.0035990300267531193,EXP_CatBoostModel_Alpha158_csi300_custom_step0_s_20260911_19,f67fee38316f454da27095ea15763341,0.076,,,
2998,2026-09-11,SH600027,-0.0030297368124474647,EXP_CatBoostModel_Alpha158_csi300_custom_step0_s_20260911_19,f67fee38316f454da27095ea15763341,0.076,,,
2999,2026-09-11,SH600028,0.008173021282724407,EXP_CatBoostModel_Alpha158_csi300_custom_step0_s_20260911_19,f67fee38316f454da27095ea15763341,0.076,,,
3000,2026-09-11,SH600029,0.0025558381612870804,EXP_CatBoostModel_Alpha158_csi300_custom_step0_s_20260911_19,f67fee38316f454da27095ea15763341,0.076,,,
3001,2026-09-11,SH600030,0.0025558381612870804,EXP_CatBoostModel_Alpha158_csi300_custom_step0_s_20260911_19,f67fee38316f454da27095ea15763341,0.076,,,
3002,2026-09-11,SH600031,0.000387096169019879,EXP_CatBoostModel_Alpha158_csi300_custom_step0_s_20260911_19,f67fee38316f454da27095ea15763341,0.076,,,
3003,2026-09-11,SH600036,0.004451985385235464,EXP_CatBoostModel_Alpha158_csi300_custom_step0_s_20260911_19,f67fee38316f454da27095ea15763341,0.076,,,
3004,2026-09-11,SH600039,-0.0015607794886399748,EXP_CatBoostModel_Alpha158_csi300_custom_step0_s_20260911_19,f67fee38316f454da27095ea15763341,0.076,,,
3005,2026-09-11,SH600183,-0.0031282054090498363,EXP_CatBoostModel_Alpha158_csi300_custom_step0_s_20260911_19,f67fee38316f454da27095ea15763341,0.076,,,
3006,2026-09-11,SH600176,-0.001431283936470463,EXP_CatBoostModel_Alpha158_csi300_custom_step0_s_20260911_19,f67fee38316f454da27095ea15763341,0.076,,,
3007,2026-09-11,SH600160,-0.005206023479292234,EXP_CatBoostModel_Alpha158_csi300_custom_step0_s_20260911_19,f67fee38316f454da27095ea15763341,0.076,,,
3008,2026-09-11,SH600150,-2.606632943426019e-07,EXP_CatBoostModel_Alpha158_csi300_custom_step0_s_20260911_19,f67fee38316f454da27095ea15763341,0.076,,,
3009,2026-09-11,SH600118,-0.00013180756803499866,EXP_CatBoostModel_Alpha158_csi300_custom_step0_s_20260911_19,f67fee38316f454da27095ea15763341,0.076,,,
3010,2026-09-11,SH600115,0.0008749449471856317,EXP_CatBoostModel_Alpha158_csi300_custom_step0_s_20260911_19,f67fee38316f454da27095ea15763341,0.076,,,
3011,2026-09-11,SH600196,-0.0008736787493116545,EXP_CatBoostModel_Alpha158_csi300_custom_step0_s_20260911_19,f67fee38316f454da27095ea15763341,0.076,,,
3012,2026-09-11,SH600111,-0.005206023479292234,EXP_CatBoostModel_Alpha158_csi300_custom_step0_s_20260911_19,f67fee38316f454da27095ea15763341,0.076,,,
3013,2026-09-11,SH600089,0.0016414697394294565,EXP_CatBoostModel_Alpha158_csi300_custom_step0_s_20260911_19,f67fee38316f454da27095ea15763341,0.076,,,
3014,2026-09-11,SH600085,0.004055618735401413,EXP_CatBoostModel_Alpha158_csi300_custom_step0_s_20260911_19,f67fee38316f454da27095ea15763341,0.076,,,
3015,2026-09-11,SH600066,-0.002908009725065482,EXP_CatBoostModel_Alpha158_csi300_custom_step0_s_20260911_19,f67fee38316f454da27095ea15763341,0.076,,,
3016,2026-09-11,SH600061,0.008592832199920516,EXP_CatBoostModel_Alpha158_csi300_custom_step0_s_20260911_19,f67fee38316f454da27095ea15763341,0.076,,,
3017,2026-09-11,SH600050,0.0031789718097577175,EXP_CatBoostModel_Alpha158_csi300_custom_step0_s_20260911_19,f67fee38316f454da27095ea15763341,0.076,,,
3018,2026-09-11,SH600048,-0.0015607794886399748,EXP_CatBoostModel_Alpha158_csi300_custom_step0_s_20260911_19,f67fee38316f454da27095ea15763341,0.076,,,
3019,2026-09-11,SH600104,0.004542232580684771,EXP_CatBoostModel_Alpha158_csi300_custom_step0_s_20260911_19,f67fee38316f454da27095ea15763341,0.076,,,
3020,2026-09-11,SH600845,-0.0008563476792627049,EXP_CatBoostModel_Alpha158_csi300_custom_step0_s_20260911_19,f67fee38316f454da27095ea15763341,0.076,,,
3021,2026-09-11,SH600875,-0.004915758882208822,EXP_CatBoostModel_Alpha158_csi300_custom_step0_s_20260911_19,f67fee38316f454da27095ea15763341,0.076,,,
3022,2026-09-11,SH600886,-0.00010405582059719776,EXP_CatBoostModel_Alpha158_csi300_custom_step0_s_20260911_19,f67fee38316f454da27095ea15763341,0.076,,,
3023,2026-09-11,SH601288,0.003622370973048191,EXP_CatBoostModel_Alpha158_csi300_custom_step0_s_20260911_19,f67fee38316f454da27095ea15763341,0.076,,,
3024,2026-09-11,SH601318,-0.00175200839453089,EXP_CatBoostModel_Alpha158_csi300_custom_step0_s_20260911_19,f67fee38316f454da27095ea15763341,0.076,,,
3025,2026-09-11,SH601319,-0.0015607794886399748,EXP_CatBoostModel_Alpha158_csi300_custom_step0_s_20260911_19,f67fee38316f454da27095ea15763341,0.076,,,
3026,2026-09-11,SH601328,0.011305596266145928,EXP_CatBoostModel_Alpha158_csi300_custom_step0_s_20260911_19,f67fee38316f454da27095ea15763341,0.076,,,
3027,2026-09-11,SH601336,-0.00238314699035496,EXP_CatBoostModel_Alpha158_csi300_custom_step0_s_20260911_19,f67fee38316f454da27095ea15763341,0.076,,,
3028,2026-09-11,SH601360,-0.0029266515249883568,EXP_CatBoostModel_Alpha158_csi300_custom_step0_s_20260911_19,f67fee38316f454da27095ea15763341,0.076,,,
3029,2026-09-11,SH601377,0.002050642588748369,EXP_CatBoostModel_Alpha158_csi300_custom_step0_s_20260911_19,f67fee38316f454da27095ea15763341,0.076,,,
3030,2026-09-11,SH601390,0.005098763346862458,EXP_CatBoostModel_Alpha158_csi300_custom_step0_s_20260911_19,f67fee38316f454da27095ea15763341,0.076,,,
3031,2026-09-11,SH601398,0.004451985385235464,EXP_CatBoostModel_Alpha158_csi300_custom_step0_s_20260911_19,f67fee38316f454da27095ea15763341,0.076,,,
3032,2026-09-11,SH601456,0.005098763346862458,EXP_CatBoostModel_Alpha158_csi300_custom_step0_s_20260911_19,f67fee38316f454da27095ea15763341,0.076,,,
3033,2026-09-11,SH601600,-0.0013596695410657258,EXP_CatBoostModel_Alpha158_csi300_custom_step0_s_20260911_19,f67fee38316f454da27095ea15763341,0.076,,,
3034,2026-09-11,SH601601,-0.0030297368124474647,EXP_CatBoostModel_Alpha158_csi300_custom_step0_s_20260911_19,f67fee38316f454da27095ea15763341,0.076,,,
3035,2026-09-11,SH601607,0.006943809061229822,EXP_CatBoostModel_Alpha158_csi300_custom_step0_s_20260911_19,f67fee38316f454da27095ea15763341,0.076,,,
3036,2026-09-11,SH601618,0.0027698000543806382,EXP_CatBoostModel_Alpha158_csi300_custom_step0_s_20260911_19,f67fee38316f454da27095ea15763341,0.076,,,
3037,2026-09-11,SH601628,0.004104610039106622,EXP_CatBoostModel_Alpha158_csi300_custom_step0_s_20260911_19,f67fee38316f454da27095ea15763341,0.076,,,
3038,2026-09-11,SH601633,-0.0025624230250272774,EXP_CatBoostModel_Alpha158_csi300_custom_step0_s_20260911_19,f67fee38316f454da27095ea15763341,0.076,,,
3039,2026-09-11,SH601658,0.0038961199969355202,EXP_CatBoostModel_Alpha158_csi300_custom_step0_s_20260911_19,f67fee38316f454da27095ea15763341,0.076,,,
3040,2026-09-11,SH601838,-0.0015607794886399748,EXP_CatBoostModel_Alpha158_csi300_custom_step0_s_20260911_19,f67fee38316f454da27095ea15763341,0.076,,,
3041,2026-09-11,SH601825,0.005395468877230067,EXP_CatBoostModel_Alpha158_csi300_custom_step0_s_20260911_19,f67fee38316f454da27095ea15763341,0.076,,,
3042,2026-09-11,SH601818,0.005098763346862458,EXP_CatBoostModel_Alpha158_csi300_custom_step0_s_20260911_19,f67fee38316f454da27095ea15763341,0.076,,,
3043,2026-09-11,SH601816,0.003684167382296429,EXP_CatBoostModel_Alpha158_csi300_custom_step0_s_20260911_19,f67fee38316f454da27095ea15763341,0.076,,,
3044,2026-09-11,SH601800,0.005098763346862458,EXP_CatBoostModel_Alpha158_csi300_custom_step0_s_20260911_19,f67fee38316f454da27095ea15763341,0.076,,,
3045,2026-09-11,SH601788,0.0004057313018872889,EXP_CatBoostModel_Alpha158_csi300_custom_step0_s_20260911_19,f67fee38316f454da27095ea15763341,0.076,,,
3046,2026-09-11,SH601238,0.00601175202739882,EXP_CatBoostModel_Alpha158_csi300_custom_step0_s_20260911_19,f67fee38316f454da27095ea15763341,0.076,,,
3047,2026-09-11,SH601766,0.006801084321034559,EXP_CatBoostModel_Alpha158_csi300_custom_step0_s_20260911_19,f67fee38316f454da27095ea15763341,0.076,,,
3048,2026-09-11,SH601727,0.006943809061229822,EXP_CatBoostModel_Alpha158_csi300_custom_step0_s_20260911_19,f67fee38316f454da27095ea15763341,0.076,,,
3049,2026-09-11,SH601698,-0.0011038783916308282,EXP_CatBoostModel_Alpha158_csi300_custom_step0_s_20260911_19,f67fee38316f454da27095ea15763341,0.076,,,
3050,2026-09-11,SH601689,-0.005206023479292234,EXP_CatBoostModel_Alpha158_csi300_custom_step0_s_20260911_19,f67fee38316f454da27095ea15763341,0.076,,,
3051,2026-09-11,SH601688,0.0025558381612870804,EXP_CatBoostModel_Alpha158_csi300_custom_step0_s_20260911_19,f67fee38316f454da27095ea15763341,0.076,,,
3052,2026-09-11,SH601669,0.005098763346862458,EXP_CatBoostModel_Alpha158_csi300_custom_step0_s_20260911_19,f67fee38316f454da27095ea15763341,0.076,,,
3053,2026-09-11,SH601668,0.005098763346862458,EXP_CatBoostModel_Alpha158_csi300_custom_step0_s_20260911_19,f67fee38316f454da27095ea15763341,0.076,,,
3054,2026-09-11,SH601728,0.009013978651626717,EXP_CatBoostModel_Alpha158_csi300_custom_step0_s_20260911_19,f67fee38316f454da27095ea15763341,0.076,,,
3055,2026-09-11,SH601229,0.007608363207822224,EXP_CatBoostModel_Alpha158_csi300_custom_step0_s_20260911_19,f67fee38316f454da27095ea15763341,0.076,,,
3056,2026-09-11,SH601225,-2.606632943426019e-07,EXP_CatBoostModel_Alpha158_csi300_custom_step0_s_20260911_19,f67fee38316f454da27095ea15763341,0.076,,,
3057,2026-09-11,SH601211,0.005603958919401169,EXP_CatBoostModel_Alpha158_csi300_custom_step0_s_20260911_19,f67fee38316f454da27095ea15763341,0.076,,,
3058,2026-09-11,SH601006,0.0057035713093351054,EXP_CatBoostModel_Alpha158_csi300_custom_step0_s_20260911_19,f67fee38316f454da27095ea15763341,0.076,,,
3059,2026-09-11,SH600999,-0.00299447171021492,EXP_CatBoostModel_Alpha158_csi300_custom_step0_s_20260911_19,f67fee38316f454da27095ea15763341,0.076,,,
3060,2026-09-11,SH600989,-0.0008917059314647554,EXP_CatBoostModel_Alpha158_csi300_custom_step0_s_20260911_19,f67fee38316f454da27095ea15763341,0.076,,,
3061,2026-09-11,SH600958,0.005603958919401169,EXP_CatBoostModel_Alpha158_csi300_custom_step0_s_20260911_19,f67fee38316f454da27095ea15763341,0.076,,,
3062,2026-09-11,SH600941,0.005022638876745654,EXP_CatBoostModel_Alpha158_csi300_custom_step0_s_20260911_19,f67fee38316f454da27095ea15763341,0.076,,,
3063,2026-09-11,SH600938,-0.0008917059314647554,EXP_CatBoostModel_Alpha158_csi300_custom_step0_s_20260911_19,f67fee38316f454da27095ea15763341,0.076,,,
3064,2026-09-11,SH601009,0.0010567990711052534,EXP_CatBoostModel_Alpha158_csi300_custom_step0_s_20260911_19,f67fee38316f454da27095ea15763341,0.076,,,
3065,2026-09-11,SH600930,0.00459225403353689,EXP_CatBoostModel_Alpha158_csi300_custom_step0_s_20260911_19,f67fee38316f454da27095ea15763341,0.076,,,
3066,2026-09-11,SH600919,0.010619341312719462,EXP_CatBoostModel_Alpha158_csi300_custom_step0_s_20260911_19,f67fee38316f454da27095ea15763341,0.076,,,
3067,2026-09-11,SH600918,0.0032749956269193495,EXP_CatBoostModel_Alpha158_csi300_custom_step0_s_20260911_19,f67fee38316f454da27095ea15763341,0.076,,,
3068,2026-09-11,SH600905,0.005098763346862458,EXP_CatBoostModel_Alpha158_csi300_custom_step0_s_20260911_19,f67fee38316f454da27095ea15763341,0.076,,,
3069,2026-09-11,SH600900,0.0056546287351624015,EXP_CatBoostModel_Alpha158_csi300_custom_step0_s_20260911_19,f67fee38316f454da27095ea15763341,0.076,,,
3070,2026-09-11,SH600893,-2.606632943426019e-07,EXP_CatBoostModel_Alpha158_csi300_custom_step0_s_20260911_19,f67fee38316f454da27095ea15763341,0.076,,,
3071,2026-09-11,SH600887,0.0045523692104477735,EXP_CatBoostModel_Alpha158_csi300_custom_step0_s_20260911_19,f67fee38316f454da27095ea15763341,0.076,,,
3072,2026-09-11,SH600926,0.005227352250019195,EXP_CatBoostModel_Alpha158_csi300_custom_step0_s_20260911_19,f67fee38316f454da27095ea15763341,0.076,,,
3073,2026-09-11,SZ300413,0.02350061085628895,EXP_CatBoostModel_Alpha158_csi300_custom_step0_s_20260911_19,f67fee38316f454da27095ea15763341,0.076,,,
3074,2026-09-11,SH601012,-0.004449420921454982,EXP_CatBoostModel_Alpha158_csi300_custom_step0_s_20260911_19,f67fee38316f454da27095ea15763341,0.076,,,
3075,2026-09-11,SH601021,0.003392407150323855,EXP_CatBoostModel_Alpha158_csi300_custom_step0_s_20260911_19,f67fee38316f454da27095ea15763341,0.076,,,
3076,2026-09-11,SH601186,0.005098763346862458,EXP_CatBoostModel_Alpha158_csi300_custom_step0_s_20260911_19,f67fee38316f454da27095ea15763341,0.076,,,
3077,2026-09-11,SH601169,0.003066505584748247,EXP_CatBoostModel_Alpha158_csi300_custom_step0_s_20260911_19,f67fee38316f454da27095ea15763341,0.076,,,
3078,2026-09-11,SH601166,0.005763317493454859,EXP_CatBoostModel_Alpha158_csi300_custom_step0_s_20260911_19,f67fee38316f454da27095ea15763341,0.076,,,
3079,2026-09-11,SH601138,-0.00562811364817906,EXP_CatBoostModel_Alpha158_csi300_custom_step0_s_20260911_19,f67fee38316f454da27095ea15763341,0.076,,,
3080,2026-09-11,SH601136,-0.0021514071672282292,EXP_CatBoostModel_Alpha158_csi300_custom_step0_s_20260911_19,f67fee38316f454da27095ea15763341,0.076,,,
3081,2026-09-11,SH601127,-0.005206023479292234,EXP_CatBoostModel_Alpha158_csi300_custom_step0_s_20260911_19,f67fee38316f454da27095ea15763341,0.076,,,
3082,2026-09-11,SH601018,0.004467107121520182,EXP_CatBoostModel_Alpha158_csi300_custom_step0_s_20260911_19,f67fee38316f454da27095ea15763341,0.076,,,
3083,2026-09-11,SH601117,0.005603958919401169,EXP_CatBoostModel_Alpha158_csi300_custom_step0_s_20260911_19,f67fee38316f454da27095ea15763341,0.076,,,
3084,2026-09-11,SH601100,0.0018930582700293088,EXP_CatBoostModel_Alpha158_csi300_custom_step0_s_20260911_19,f67fee38316f454da27095ea15763341,0.076,,,
3085,2026-09-11,SH601088,-0.0023173820464772272,EXP_CatBoostModel_Alpha158_csi300_custom_step0_s_20260911_19,f67fee38316f454da27095ea15763341,0.076,,,
3086,2026-09-11,SH601077,0.004055618735401413,EXP_CatBoostModel_Alpha158_csi300_custom_step0_s_20260911_19,f67fee38316f454da27095ea15763341,0.076,,,
3087,2026-09-11,SH601066,-0.0040179491595041545,EXP_CatBoostModel_Alpha158_csi300_custom_step0_s_20260911_19,f67fee38316f454da27095ea15763341,0.076,,,
3088,2026-09-11,SH601059,0.0015480795207054134,EXP_CatBoostModel_Alpha158_csi300_custom_step0_s_20260911_19,f67fee38316f454da27095ea15763341,0.076,,,
3089,2026-09-11,SH601058,-0.0021514071672282292,EXP_CatBoostModel_Alpha158_csi300_custom_step0_s_20260911_19,f67fee38316f454da27095ea15763341,0.076,,,
3090,2026-09-11,SH601111,0.005098763346862458,EXP_CatBoostModel_Alpha158_csi300_custom_step0_s_20260911_19,f67fee38316f454da27095ea15763341,0.076,,,
3091,2026-09-11,SZ300418,-0.0031769398578662946,EXP_CatBoostModel_Alpha158_csi300_custom_step0_s_20260911_19,f67fee38316f454da27095ea15763341,0.076,,,
3092,2026-09-11,SZ300433,-0.005206023479292234,EXP_CatBoostModel_Alpha158_csi300_custom_step0_s_20260911_19,f67fee38316f454da27095ea15763341,0.076,,,
3093,2026-09-11,SZ300442,-0.005206023479292234,EXP_CatBoostModel_Alpha158_csi300_custom_step0_s_20260911_19,f67fee38316f454da27095ea15763341,0.076,,,
3094,2026-09-11,SH603288,-0.0008507029064614054,EXP_CatBoostModel_Alpha158_csi300_custom_step0_s_20260911_19,d636588c4e974b04af3c84057f94df20,0.043,,,
3095,2026-09-11,SH603296,-0.002974624875534417,EXP_CatBoostModel_Alpha158_csi300_custom_step0_s_20260911_19,d636588c4e974b04af3c84057f94df20,0.043,,,
3096,2026-09-11,SH603369,-0.005317702205466717,EXP_CatBoostModel_Alpha158_csi300_custom_step0_s_20260911_19,d636588c4e974b04af3c84057f94df20,0.043,,,
3097,2026-09-11,SH603392,-0.00901605648910998,EXP_CatBoostModel_Alpha158_csi300_custom_step0_s_20260911_19,d636588c4e974b04af3c84057f94df20,0.043,,,
3098,2026-09-11,SH603501,-0.0038798907879039985,EXP_CatBoostModel_Alpha158_csi300_custom_step0_s_20260911_19,d636588c4e974b04af3c84057f94df20,0.043,,,
3099,2026-09-11,SH603799,-0.0051394442267536445,EXP_CatBoostModel_Alpha158_csi300_custom_step0_s_20260911_19,d636588c4e974b04af3c84057f94df20,0.043,,,
3100,2026-09-11,SH603893,-0.005276235377820988,EXP_CatBoostModel_Alpha158_csi300_custom_step0_s_20260911_19,d636588c4e974b04af3c84057f94df20,0.043,,,
3101,2026-09-11,SH603986,-0.0038798907879039985,EXP_CatBoostModel_Alpha158_csi300_custom_step0_s_20260911_19,d636588c4e974b04af3c84057f94df20,0.043,,,
3102,2026-09-11,SH603993,-0.004433696756070774,EXP_CatBoostModel_Alpha158_csi300_custom_step0_s_20260911_19,d636588c4e974b04af3c84057f94df20,0.043,,,
3103,2026-09-11,SH605117,-0.002974624875534417,EXP_CatBoostModel_Alpha158_csi300_custom_step0_s_20260911_19,d636588c4e974b04af3c84057f94df20,0.043,,,
3104,2026-09-11,SH605499,-0.005317702205466717,EXP_CatBoostModel_Alpha158_csi300_custom_step0_s_20260911_19,d636588c4e974b04af3c84057f94df20,0.043,,,
3105,2026-09-11,SH688008,-0.004412436293097136,EXP_CatBoostModel_Alpha158_csi300_custom_step0_s_20260911_19,d636588c4e974b04af3c84057f94df20,0.043,,,
3106,2026-09-11,SH688009,0.005537743799142582,EXP_CatBoostModel_Alpha158_csi300_custom_step0_s_20260911_19,d636588c4e974b04af3c84057f94df20,0.043,,,
3107,2026-09-11,SH688012,-0.004412436293097136,EXP_CatBoostModel_Alpha158_csi300_custom_step0_s_20260911_19,d636588c4e974b04af3c84057f94df20,0.043,,,
3108,2026-09-11,SH688036,-0.004370969465451406,EXP_CatBoostModel_Alpha158_csi300_custom_step0_s_20260911_19,d636588c4e974b04af3c84057f94df20,0.043,,,
3109,2026-09-11,SH688041,0.0007244138890316935,EXP_CatBoostModel_Alpha158_csi300_custom_step0_s_20260911_19,d636588c4e974b04af3c84057f94df20,0.043,,,
3110,2026-09-11,SH688047,-0.006871436935388138,EXP_CatBoostModel_Alpha158_csi300_custom_step0_s_20260911_19,d636588c4e974b04af3c84057f94df20,0.043,,,
3111,2026-09-11,SH688981,-0.004556214835742353,EXP_CatBoostModel_Alpha158_csi300_custom_step0_s_20260911_19,d636588c4e974b04af3c84057f94df20,0.043,,,
3112,2026-09-11,SH688521,0.0043733078864502785,EXP_CatBoostModel_Alpha158_csi300_custom_step0_s_20260911_19,d636588c4e974b04af3c84057f94df20,0.043,,,
3113,2026-09-11,SH688506,0.004365429438265716,EXP_CatBoostModel_Alpha158_csi300_custom_step0_s_20260911_19,d636588c4e974b04af3c84057f94df20,0.043,,,
3114,2026-09-11,SH688472,-0.0033980144485805347,EXP_CatBoostModel_Alpha158_csi300_custom_step0_s_20260911_19,d636588c4e974b04af3c84057f94df20,0.043,,,
3115,2026-09-11,SH688396,-0.004412436293097136,EXP_CatBoostModel_Alpha158_csi300_custom_step0_s_20260911_19,d636588c4e974b04af3c84057f94df20,0.043,,,
3116,2026-09-11,SH688303,-0.004202216666456237,EXP_CatBoostModel_Alpha158_csi300_custom_step0_s_20260911_19,d636588c4e974b04af3c84057f94df20,0.043,,,
3117,2026-09-11,SH603260,-0.0051394442267536445,EXP_CatBoostModel_Alpha158_csi300_custom_step0_s_20260911_19,d636588c4e974b04af3c84057f94df20,0.043,,,
3118,2026-09-11,SH688271,-0.003576485871485094,EXP_CatBoostModel_Alpha158_csi300_custom_step0_s_20260911_19,d636588c4e974b04af3c84057f94df20,0.043,,,
3119,2026-09-11,SH688223,-0.00036592035030638356,EXP_CatBoostModel_Alpha158_csi300_custom_step0_s_20260911_19,d636588c4e974b04af3c84057f94df20,0.043,,,
3120,2026-09-11,SH688183,-0.004603139613692573,EXP_CatBoostModel_Alpha158_csi300_custom_step0_s_20260911_19,d636588c4e974b04af3c84057f94df20,0.043,,,
3121,2026-09-11,SH688126,-0.005994026253305073,EXP_CatBoostModel_Alpha158_csi300_custom_step0_s_20260911_19,d636588c4e974b04af3c84057f94df20,0.043,,,
3122,2026-09-11,SH688111,-0.005966171023018557,EXP_CatBoostModel_Alpha158_csi300_custom_step0_s_20260911_19,d636588c4e974b04af3c84057f94df20,0.043,,,
3123,2026-09-11,SH688082,-0.004412436293097136,EXP_CatBoostModel_Alpha158_csi300_custom_step0_s_20260911_19,d636588c4e974b04af3c84057f94df20,0.043,,,
3124,2026-09-11,SH688072,-0.0029331580478886873,EXP_CatBoostModel_Alpha158_csi300_custom_step0_s_20260911_19,d636588c4e974b04af3c84057f94df20,0.043,,,
3125,2026-09-11,SH688256,-0.004556214835742353,EXP_CatBoostModel_Alpha158_csi300_custom_step0_s_20260911_19,d636588c4e974b04af3c84057f94df20,0.043,,,
3126,2026-09-11,SZ000001,0.0064256637959073555,EXP_CatBoostModel_Alpha158_csi300_custom_step0_s_20260911_19,d636588c4e974b04af3c84057f94df20,0.043,,,
3127,2026-09-11,SH603259,-0.002025584736737574,EXP_CatBoostModel_Alpha158_csi300_custom_step0_s_20260911_19,d636588c4e974b04af3c84057f94df20,0.043,,,
3128,2026-09-11,SH601998,0.001472116822861352,EXP_CatBoostModel_Alpha158_csi300_custom_step0_s_20260911_19,d636588c4e974b04af3c84057f94df20,0.043,,,
3129,2026-09-11,SH601658,0.005151312388514239,EXP_CatBoostModel_Alpha158_csi300_custom_step0_s_20260911_19,d636588c4e974b04af3c84057f94df20,0.043,,,
3130,2026-09-11,SH601668,0.0032602061658842107,EXP_CatBoostModel_Alpha158_csi300_custom_step0_s_20260911_19,d636588c4e974b04af3c84057f94df20,0.043,,,
3131,2026-09-11,SH601669,0.0032602061658842107,EXP_CatBoostModel_Alpha158_csi300_custom_step0_s_20260911_19,d636588c4e974b04af3c84057f94df20,0.043,,,
3132,2026-09-11,SH601688,0.002132791321681952,EXP_CatBoostModel_Alpha158_csi300_custom_step0_s_20260911_19,d636588c4e974b04af3c84057f94df20,0.043,,,
3133,2026-09-11,SH601689,-0.0038798907879039985,EXP_CatBoostModel_Alpha158_csi300_custom_step0_s_20260911_19,d636588c4e974b04af3c84057f94df20,0.043,,,
3134,2026-09-11,SH601698,-0.0016290451640907791,EXP_CatBoostModel_Alpha158_csi300_custom_step0_s_20260911_19,d636588c4e974b04af3c84057f94df20,0.043,,,
3135,2026-09-11,SH601727,0.003726062612929626,EXP_CatBoostModel_Alpha158_csi300_custom_step0_s_20260911_19,d636588c4e974b04af3c84057f94df20,0.043,,,
3136,2026-09-11,SH601728,0.0067823744689875475,EXP_CatBoostModel_Alpha158_csi300_custom_step0_s_20260911_19,d636588c4e974b04af3c84057f94df20,0.043,,,
3137,2026-09-11,SH601766,0.009906627557470585,EXP_CatBoostModel_Alpha158_csi300_custom_step0_s_20260911_19,d636588c4e974b04af3c84057f94df20,0.043,,,
3138,2026-09-11,SH601788,-0.004328080381554113,EXP_CatBoostModel_Alpha158_csi300_custom_step0_s_20260911_19,d636588c4e974b04af3c84057f94df20,0.043,,,
3139,2026-09-11,SH601800,0.006127099915438668,EXP_CatBoostModel_Alpha158_csi300_custom_step0_s_20260911_19,d636588c4e974b04af3c84057f94df20,0.043,,,
3140,2026-09-11,SH601816,0.0065263892886197866,EXP_CatBoostModel_Alpha158_csi300_custom_step0_s_20260911_19,d636588c4e974b04af3c84057f94df20,0.043,,,
3141,2026-09-11,SH601818,0.005893282121559677,EXP_CatBoostModel_Alpha158_csi300_custom_step0_s_20260911_19,d636588c4e974b04af3c84057f94df20,0.043,,,
3142,2026-09-11,SH601825,0.008485434828445973,EXP_CatBoostModel_Alpha158_csi300_custom_step0_s_20260911_19,d636588c4e974b04af3c84057f94df20,0.043,,,
3143,2026-09-11,SH601838,0.001472116822861352,EXP_CatBoostModel_Alpha158_csi300_custom_step0_s_20260911_19,d636588c4e974b04af3c84057f94df20,0.043,,,
3144,2026-09-11,SH601857,0.005487514917770313,EXP_CatBoostModel_Alpha158_csi300_custom_step0_s_20260911_19,d636588c4e974b04af3c84057f94df20,0.043,,,
3145,2026-09-11,SH601868,0.004504404870558999,EXP_CatBoostModel_Alpha158_csi300_custom_step0_s_20260911_19,d636588c4e974b04af3c84057f94df20,0.043,,,
3146,2026-09-11,SH601995,-0.004556214835742353,EXP_CatBoostModel_Alpha158_csi300_custom_step0_s_20260911_19,d636588c4e974b04af3c84057f94df20,0.043,,,
3147,2026-09-11,SH601988,0.005151312388514239,EXP_CatBoostModel_Alpha158_csi300_custom_step0_s_20260911_19,d636588c4e974b04af3c84057f94df20,0.043,,,
3148,2026-09-11,SH601985,0.005442616828645255,EXP_CatBoostModel_Alpha158_csi300_custom_step0_s_20260911_19,d636588c4e974b04af3c84057f94df20,0.043,,,
3149,2026-09-11,SH601939,0.009091055229606756,EXP_CatBoostModel_Alpha158_csi300_custom_step0_s_20260911_19,d636588c4e974b04af3c84057f94df20,0.043,,,
3150,2026-09-11,SH601919,-0.005630522904301053,EXP_CatBoostModel_Alpha158_csi300_custom_step0_s_20260911_19,d636588c4e974b04af3c84057f94df20,0.043,,,
3151,2026-09-11,SH601916,0.010450539898295226,EXP_CatBoostModel_Alpha158_csi300_custom_step0_s_20260911_19,d636588c4e974b04af3c84057f94df20,0.043,,,
3152,2026-09-11,SH603019,-0.004556214835742353,EXP_CatBoostModel_Alpha158_csi300_custom_step0_s_20260911_19,d636588c4e974b04af3c84057f94df20,0.043,,,
3153,2026-09-11,SH601901,0.005329569830338716,EXP_CatBoostModel_Alpha158_csi300_custom_step0_s_20260911_19,d636588c4e974b04af3c84057f94df20,0.043,,,
3154,2026-09-11,SH601898,-0.006529200616532462,EXP_CatBoostModel_Alpha158_csi300_custom_step0_s_20260911_19,d636588c4e974b04af3c84057f94df20,0.043,,,
3155,2026-09-11,SH601888,-0.005317702205466717,EXP_CatBoostModel_Alpha158_csi300_custom_step0_s_20260911_19,d636588c4e974b04af3c84057f94df20,0.043,,,
3156,2026-09-11,SH601881,-0.000371137227957971,EXP_CatBoostModel_Alpha158_csi300_custom_step0_s_20260911_19,d636588c4e974b04af3c84057f94df20,0.043,,,
3157,2026-09-11,SH601878,0.0032602061658842107,EXP_CatBoostModel_Alpha158_csi300_custom_step0_s_20260911_19,d636588c4e974b04af3c84057f94df20,0.043,,,
3158,2026-09-11,SH601877,-0.003576485871485094,EXP_CatBoostModel_Alpha158_csi300_custom_step0_s_20260911_19,d636588c4e974b04af3c84057f94df20,0.043,,,
3159,2026-09-11,SH601872,-0.01246557380175867,EXP_CatBoostModel_Alpha158_csi300_custom_step0_s_20260911_19,d636588c4e974b04af3c84057f94df20,0.043,,,
3160,2026-09-11,SH601899,-0.00036592035030638356,EXP_CatBoostModel_Alpha158_csi300_custom_step0_s_20260911_19,d636588c4e974b04af3c84057f94df20,0.043,,,
3161,2026-09-11,SZ000002,-0.007434466528902043,EXP_CatBoostModel_Alpha158_csi300_custom_step0_s_20260911_19,d636588c4e974b04af3c84057f94df20,0.043,,,
3162,2026-09-11,SZ000063,-0.005783806626664174,EXP_CatBoostModel_Alpha158_csi300_custom_step0_s_20260911_19,d636588c4e974b04af3c84057f94df20,0.043,,,
3163,2026-09-11,SZ000100,-0.004556214835742353,EXP_CatBoostModel_Alpha158_csi300_custom_step0_s_20260911_19,d636588c4e974b04af3c84057f94df20,0.043,,,
3164,2026-09-11,SZ002049,-0.005461480748111935,EXP_CatBoostModel_Alpha158_csi300_custom_step0_s_20260911_19,d636588c4e974b04af3c84057f94df20,0.043,,,
3165,2026-09-11,SZ002050,-0.005640028084018956,EXP_CatBoostModel_Alpha158_csi300_custom_step0_s_20260911_19,d636588c4e974b04af3c84057f94df20,0.043,,,
3166,2026-09-11,SZ002074,-0.007221618044226892,EXP_CatBoostModel_Alpha158_csi300_custom_step0_s_20260911_19,d636588c4e974b04af3c84057f94df20,0.043,,,
3167,2026-09-11,SZ002142,0.001472116822861352,EXP_CatBoostModel_Alpha158_csi300_custom_step0_s_20260911_19,d636588c4e974b04af3c84057f94df20,0.043,,,
3168,2026-09-11,SZ002179,0.002106636275920528,EXP_CatBoostModel_Alpha158_csi300_custom_step0_s_20260911_19,d636588c4e974b04af3c84057f94df20,0.043,,,
3169,2026-09-11,SZ002202,0.0003497183128548417,EXP_CatBoostModel_Alpha158_csi300_custom_step0_s_20260911_19,d636588c4e974b04af3c84057f94df20,0.043,,,
3170,2026-09-11,SZ002230,0.0004976525562535093,EXP_CatBoostModel_Alpha158_csi300_custom_step0_s_20260911_19,d636588c4e974b04af3c84057f94df20,0.043,,,
3171,2026-09-11,SZ002236,0.0032602061658842107,EXP_CatBoostModel_Alpha158_csi300_custom_step0_s_20260911_19,d636588c4e974b04af3c84057f94df20,0.043,,,
3172,2026-09-11,SZ002241,-0.006871436935388138,EXP_CatBoostModel_Alpha158_csi300_custom_step0_s_20260911_19,d636588c4e974b04af3c84057f94df20,0.043,,,
3173,2026-09-11,SZ002304,0.0004360337309949421,EXP_CatBoostModel_Alpha158_csi300_custom_step0_s_20260911_19,d636588c4e974b04af3c84057f94df20,0.043,,,
3174,2026-09-11,SZ002311,-0.0034932269678083065,EXP_CatBoostModel_Alpha158_csi300_custom_step0_s_20260911_19,d636588c4e974b04af3c84057f94df20,0.043,,,
3175,2026-09-11,SZ002352,-0.0021880180372156935,EXP_CatBoostModel_Alpha158_csi300_custom_step0_s_20260911_19,d636588c4e974b04af3c84057f94df20,0.043,,,
3176,2026-09-11,SZ002353,0.001400737936870049,EXP_CatBoostModel_Alpha158_csi300_custom_step0_s_20260911_19,d636588c4e974b04af3c84057f94df20,0.043,,,
3177,2026-09-11,SZ002371,-0.0029331580478886873,EXP_CatBoostModel_Alpha158_csi300_custom_step0_s_20260911_19,d636588c4e974b04af3c84057f94df20,0.043,,,
3178,2026-09-11,SZ002384,-0.0030277561931855777,EXP_CatBoostModel_Alpha158_csi300_custom_step0_s_20260911_19,d636588c4e974b04af3c84057f94df20,0.043,,,
3179,2026-09-11,SZ002415,-0.002048650635117419,EXP_CatBoostModel_Alpha158_csi300_custom_step0_s_20260911_19,d636588c4e974b04af3c84057f94df20,0.043,,,
3180,2026-09-11,SZ002422,-0.003838423960258269,EXP_CatBoostModel_Alpha158_csi300_custom_step0_s_20260911_19,d636588c4e974b04af3c84057f94df20,0.043,,,
3181,2026-09-11,SZ002714,-0.002022938448674026,EXP_CatBoostModel_Alpha158_csi300_custom_step0_s_20260911_19,d636588c4e974b04af3c84057f94df20,0.043,,,
3182,2026-09-11,SZ002709,-0.005461480748111935,EXP_CatBoostModel_Alpha158_csi300_custom_step0_s_20260911_19,d636588c4e974b04af3c84057f94df20,0.043,,,
3183,2026-09-11,SZ002648,-0.0031105439059810063,EXP_CatBoostModel_Alpha158_csi300_custom_step0_s_20260911_19,d636588c4e974b04af3c84057f94df20,0.043,,,
3184,2026-09-11,SZ002625,-0.004202216666456237,EXP_CatBoostModel_Alpha158_csi300_custom_step0_s_20260911_19,d636588c4e974b04af3c84057f94df20,0.043,,,
3185,2026-09-11,SZ002602,-0.004372668205014333,EXP_CatBoostModel_Alpha158_csi300_custom_step0_s_20260911_19,d636588c4e974b04af3c84057f94df20,0.043,,,
3186,2026-09-11,SZ002600,0.004703111310624222,EXP_CatBoostModel_Alpha158_csi300_custom_step0_s_20260911_19,d636588c4e974b04af3c84057f94df20,0.043,,,
3187,2026-09-11,SZ002028,0.008258962070622808,EXP_CatBoostModel_Alpha158_csi300_custom_step0_s_20260911_19,d636588c4e974b04af3c84057f94df20,0.043,,,
3188,2026-09-11,SZ002594,-0.003255483926440927,EXP_CatBoostModel_Alpha158_csi300_custom_step0_s_20260911_19,d636588c4e974b04af3c84057f94df20,0.043,,,
3189,2026-09-11,SZ002532,-0.006535788816670634,EXP_CatBoostModel_Alpha158_csi300_custom_step0_s_20260911_19,d636588c4e974b04af3c84057f94df20,0.043,,,
3190,2026-09-11,SZ002493,-0.007392999701256313,EXP_CatBoostModel_Alpha158_csi300_custom_step0_s_20260911_19,d636588c4e974b04af3c84057f94df20,0.043,,,
3191,2026-09-11,SZ002475,-0.002779444708607472,EXP_CatBoostModel_Alpha158_csi300_custom_step0_s_20260911_19,d636588c4e974b04af3c84057f94df20,0.043,,,
3192,2026-09-11,SZ002466,-0.0081588456045243,EXP_CatBoostModel_Alpha158_csi300_custom_step0_s_20260911_19,d636588c4e974b04af3c84057f94df20,0.043,,,
3193,2026-09-11,SZ002463,-0.001165409931909414,EXP_CatBoostModel_Alpha158_csi300_custom_step0_s_20260911_19,d636588c4e974b04af3c84057f94df20,0.043,,,
3194,2026-09-11,SZ002460,-0.0081588456045243,EXP_CatBoostModel_Alpha158_csi300_custom_step0_s_20260911_19,d636588c4e974b04af3c84057f94df20,0.043,,,
3195,2026-09-11,SZ002558,-0.00873758011125391,EXP_CatBoostModel_Alpha158_csi300_custom_step0_s_20260911_19,d636588c4e974b04af3c84057f94df20,0.043,,,
3196,2026-09-11,SZ002027,0.003380359570138908,EXP_CatBoostModel_Alpha158_csi300_custom_step0_s_20260911_19,d636588c4e974b04af3c84057f94df20,0.043,,,
3197,2026-09-11,SZ002001,0.0008805843695088568,EXP_CatBoostModel_Alpha158_csi300_custom_step0_s_20260911_19,d636588c4e974b04af3c84057f94df20,0.043,,,
3198,2026-09-11,SZ001979,-0.0029539165474869998,EXP_CatBoostModel_Alpha158_csi300_custom_step0_s_20260911_19,d636588c4e974b04af3c84057f94df20,0.043,,,
3199,2026-09-11,SZ000651,0.009451824521230228,EXP_CatBoostModel_Alpha158_csi300_custom_step0_s_20260911_19,d636588c4e974b04af3c84057f94df20,0.043,,,
3200,2026-09-11,SZ000630,-0.007434466528902043,EXP_CatBoostModel_Alpha158_csi300_custom_step0_s_20260911_19,d636588c4e974b04af3c84057f94df20,0.043,,,
3201,2026-09-11,SZ000625,0.0024502323602354856,EXP_CatBoostModel_Alpha158_csi300_custom_step0_s_20260911_19,d636588c4e974b04af3c84057f94df20,0.043,,,
3202,2026-09-11,SZ000617,-0.0097966052743164,EXP_CatBoostModel_Alpha158_csi300_custom_step0_s_20260911_19,d636588c4e974b04af3c84057f94df20,0.043,,,
3203,2026-09-11,SZ000596,-0.005276235377820988,EXP_CatBoostModel_Alpha158_csi300_custom_step0_s_20260911_19,d636588c4e974b04af3c84057f94df20,0.043,,,
3204,2026-09-11,SZ000568,-0.006670832463101084,EXP_CatBoostModel_Alpha158_csi300_custom_step0_s_20260911_19,d636588c4e974b04af3c84057f94df20,0.043,,,
3205,2026-09-11,SZ000657,-0.0009176070201614545,EXP_CatBoostModel_Alpha158_csi300_custom_step0_s_20260911_19,d636588c4e974b04af3c84057f94df20,0.043,,,
3206,2026-09-11,SZ000538,0.006781942503817371,EXP_CatBoostModel_Alpha158_csi300_custom_step0_s_20260911_19,d636588c4e974b04af3c84057f94df20,0.043,,,
3207,2026-09-11,SZ000408,-0.005097977399107915,EXP_CatBoostModel_Alpha158_csi300_custom_step0_s_20260911_19,d636588c4e974b04af3c84057f94df20,0.043,,,
3208,2026-09-11,SZ000338,-0.0051394442267536445,EXP_CatBoostModel_Alpha158_csi300_custom_step0_s_20260911_19,d636588c4e974b04af3c84057f94df20,0.043,,,
3209,2026-09-11,SZ000333,0.00968564231510922,EXP_CatBoostModel_Alpha158_csi300_custom_step0_s_20260911_19,d636588c4e974b04af3c84057f94df20,0.043,,,
3210,2026-09-11,SZ000301,-0.00893939438973072,EXP_CatBoostModel_Alpha158_csi300_custom_step0_s_20260911_19,d636588c4e974b04af3c84057f94df20,0.043,,,
3211,2026-09-11,SZ000166,0.005474248376664606,EXP_CatBoostModel_Alpha158_csi300_custom_step0_s_20260911_19,d636588c4e974b04af3c84057f94df20,0.043,,,
3212,2026-09-11,SZ000157,-0.0029142451189952674,EXP_CatBoostModel_Alpha158_csi300_custom_step0_s_20260911_19,d636588c4e974b04af3c84057f94df20,0.043,,,
3213,2026-09-11,SZ000425,-0.006577255644316363,EXP_CatBoostModel_Alpha158_csi300_custom_step0_s_20260911_19,d636588c4e974b04af3c84057f94df20,0.043,,,
3214,2026-09-11,SH601633,-0.005755951396377659,EXP_CatBoostModel_Alpha158_csi300_custom_step0_s_20260911_19,d636588c4e974b04af3c84057f94df20,0.043,,,
3215,2026-09-11,SZ000708,0.0014277797661569323,EXP_CatBoostModel_Alpha158_csi300_custom_step0_s_20260911_19,d636588c4e974b04af3c84057f94df20,0.043,,,
3216,2026-09-11,SZ000768,0.00021506850793257166,EXP_CatBoostModel_Alpha158_csi300_custom_step0_s_20260911_19,d636588c4e974b04af3c84057f94df20,0.043,,,
3217,2026-09-11,SZ001965,0.001241722250140051,EXP_CatBoostModel_Alpha158_csi300_custom_step0_s_20260911_19,d636588c4e974b04af3c84057f94df20,0.043,,,
3218,2026-09-11,SZ001391,0.00047750055864067176,EXP_CatBoostModel_Alpha158_csi300_custom_step0_s_20260911_19,d636588c4e974b04af3c84057f94df20,0.043,,,
3219,2026-09-11,SZ001280,-0.007434466528902043,EXP_CatBoostModel_Alpha158_csi300_custom_step0_s_20260911_19,d636588c4e974b04af3c84057f94df20,0.043,,,
3220,2026-09-11,SZ000999,0.003380359570138908,EXP_CatBoostModel_Alpha158_csi300_custom_step0_s_20260911_19,d636588c4e974b04af3c84057f94df20,0.043,,,
3221,2026-09-11,SZ000988,-0.01160177471703482,EXP_CatBoostModel_Alpha158_csi300_custom_step0_s_20260911_19,d636588c4e974b04af3c84057f94df20,0.043,,,
3222,2026-09-11,SZ000977,-0.004370969465451406,EXP_CatBoostModel_Alpha158_csi300_custom_step0_s_20260911_19,d636588c4e974b04af3c84057f94df20,0.043,,,
3223,2026-09-11,SZ000725,-0.006899292165674654,EXP_CatBoostModel_Alpha158_csi300_custom_step0_s_20260911_19,d636588c4e974b04af3c84057f94df20,0.043,,,
3224,2026-09-11,SZ000975,-0.00036592035030638356,EXP_CatBoostModel_Alpha158_csi300_custom_step0_s_20260911_19,d636588c4e974b04af3c84057f94df20,0.043,,,
3225,2026-09-11,SZ000938,-0.004370969465451406,EXP_CatBoostModel_Alpha158_csi300_custom_step0_s_20260911_19,d636588c4e974b04af3c84057f94df20,0.043,,,
3226,2026-09-11,SZ000895,-0.002067051564383304,EXP_CatBoostModel_Alpha158_csi300_custom_step0_s_20260911_19,d636588c4e974b04af3c84057f94df20,0.043,,,
3227,2026-09-11,SZ000858,0.00473822266443799,EXP_CatBoostModel_Alpha158_csi300_custom_step0_s_20260911_19,d636588c4e974b04af3c84057f94df20,0.043,,,
3228,2026-09-11,SZ000807,-0.005254102794226596,EXP_CatBoostModel_Alpha158_csi300_custom_step0_s_20260911_19,d636588c4e974b04af3c84057f94df20,0.043,,,
3229,2026-09-11,SZ000792,-0.006721034186961581,EXP_CatBoostModel_Alpha158_csi300_custom_step0_s_20260911_19,d636588c4e974b04af3c84057f94df20,0.043,,,
3230,2026-09-11,SZ000776,-0.005170572186054418,EXP_CatBoostModel_Alpha158_csi300_custom_step0_s_20260911_19,d636588c4e974b04af3c84057f94df20,0.043,,,
3231,2026-09-11,SZ000963,-0.005640028084018956,EXP_CatBoostModel_Alpha158_csi300_custom_step0_s_20260911_19,d636588c4e974b04af3c84057f94df20,0.043,,,
3232,2026-09-11,SZ001280,-0.006835377688927989,EXP_LGBModel_Alpha158_csi300_custom_step0_s_20260911_19,0ac93ca12eae4c0ba9d4286f0cb97af7,0.129,,,
3233,2026-09-11,SH601628,-0.0006419953119675063,EXP_CatBoostModel_Alpha158_csi300_custom_step0_s_20260911_19,d636588c4e974b04af3c84057f94df20,0.043,,,
3234,2026-09-11,SH601607,0.006027546773389334,EXP_CatBoostModel_Alpha158_csi300_custom_step0_s_20260911_19,d636588c4e974b04af3c84057f94df20,0.043,,,
3235,2026-09-11,SH600039,-0.002294799849041057,EXP_CatBoostModel_Alpha158_csi300_custom_step0_s_20260911_19,d636588c4e974b04af3c84057f94df20,0.043,,,
3236,2026-09-11,SH600048,-0.007434466528902043,EXP_CatBoostModel_Alpha158_csi300_custom_step0_s_20260911_19,d636588c4e974b04af3c84057f94df20,0.043,,,
3237,2026-09-11,SH600050,0.0031461800332859206,EXP_CatBoostModel_Alpha158_csi300_custom_step0_s_20260911_19,d636588c4e974b04af3c84057f94df20,0.043,,,
3238,2026-09-11,SH600061,0.005474248376664606,EXP_CatBoostModel_Alpha158_csi300_custom_step0_s_20260911_19,d636588c4e974b04af3c84057f94df20,0.043,,,
3239,2026-09-11,SH600066,-0.010248432324452742,EXP_CatBoostModel_Alpha158_csi300_custom_step0_s_20260911_19,d636588c4e974b04af3c84057f94df20,0.043,,,
3240,2026-09-11,SH600085,0.00473822266443799,EXP_CatBoostModel_Alpha158_csi300_custom_step0_s_20260911_19,d636588c4e974b04af3c84057f94df20,0.043,,,
3241,2026-09-11,SH600089,-0.002955711946640997,EXP_CatBoostModel_Alpha158_csi300_custom_step0_s_20260911_19,d636588c4e974b04af3c84057f94df20,0.043,,,
3242,2026-09-11,SH600104,0.002639224578192261,EXP_CatBoostModel_Alpha158_csi300_custom_step0_s_20260911_19,d636588c4e974b04af3c84057f94df20,0.043,,,
3243,2026-09-11,SH600111,-0.005461480748111935,EXP_CatBoostModel_Alpha158_csi300_custom_step0_s_20260911_19,d636588c4e974b04af3c84057f94df20,0.043,,,
3244,2026-09-11,SH600115,0.0024916991878812154,EXP_CatBoostModel_Alpha158_csi300_custom_step0_s_20260911_19,d636588c4e974b04af3c84057f94df20,0.043,,,
3245,2026-09-11,SH600118,-0.0011367990269824184,EXP_CatBoostModel_Alpha158_csi300_custom_step0_s_20260911_19,d636588c4e974b04af3c84057f94df20,0.043,,,
3246,2026-09-11,SH600150,-0.0017590475226912177,EXP_CatBoostModel_Alpha158_csi300_custom_step0_s_20260911_19,d636588c4e974b04af3c84057f94df20,0.043,,,
3247,2026-09-11,SH600160,-0.009732455727445468,EXP_CatBoostModel_Alpha158_csi300_custom_step0_s_20260911_19,d636588c4e974b04af3c84057f94df20,0.043,,,
3248,2026-09-11,SH600176,0.00010140682827673603,EXP_CatBoostModel_Alpha158_csi300_custom_step0_s_20260911_19,d636588c4e974b04af3c84057f94df20,0.043,,,
3249,2026-09-11,SH600183,-0.01823165003800073,EXP_CatBoostModel_Alpha158_csi300_custom_step0_s_20260911_19,d636588c4e974b04af3c84057f94df20,0.043,,,
3250,2026-09-11,SH600188,-0.005671989731946782,EXP_CatBoostModel_Alpha158_csi300_custom_step0_s_20260911_19,d636588c4e974b04af3c84057f94df20,0.043,,,
3251,2026-09-11,SH600196,-0.005598561256373227,EXP_CatBoostModel_Alpha158_csi300_custom_step0_s_20260911_19,d636588c4e974b04af3c84057f94df20,0.043,,,
3252,2026-09-11,SH600460,-0.002974624875534417,EXP_CatBoostModel_Alpha158_csi300_custom_step0_s_20260911_19,d636588c4e974b04af3c84057f94df20,0.043,,,
3253,2026-09-11,SH600438,-0.0051394442267536445,EXP_CatBoostModel_Alpha158_csi300_custom_step0_s_20260911_19,d636588c4e974b04af3c84057f94df20,0.043,,,
3254,2026-09-11,SH600436,-0.002067051564383304,EXP_CatBoostModel_Alpha158_csi300_custom_step0_s_20260911_19,d636588c4e974b04af3c84057f94df20,0.043,,,
3255,2026-09-11,SH600426,-0.0073288501543853826,EXP_CatBoostModel_Alpha158_csi300_custom_step0_s_20260911_19,d636588c4e974b04af3c84057f94df20,0.043,,,
3256,2026-09-11,SH600415,-0.005317702205466717,EXP_CatBoostModel_Alpha158_csi300_custom_step0_s_20260911_19,d636588c4e974b04af3c84057f94df20,0.043,,,
3257,2026-09-11,SH600406,-0.0010839374039544273,EXP_CatBoostModel_Alpha158_csi300_custom_step0_s_20260911_19,d636588c4e974b04af3c84057f94df20,0.043,,,
3258,2026-09-11,SH600036,0.003907113683839451,EXP_CatBoostModel_Alpha158_csi300_custom_step0_s_20260911_19,d636588c4e974b04af3c84057f94df20,0.043,,,
3259,2026-09-11,SH600372,0.0003850133289296971,EXP_CatBoostModel_Alpha158_csi300_custom_step0_s_20260911_19,d636588c4e974b04af3c84057f94df20,0.043,,,
3260,2026-09-11,SH600346,-0.0097966052743164,EXP_CatBoostModel_Alpha158_csi300_custom_step0_s_20260911_19,d636588c4e974b04af3c84057f94df20,0.043,,,
3261,2026-09-11,SH600309,-0.003031675279024701,EXP_CatBoostModel_Alpha158_csi300_custom_step0_s_20260911_19,d636588c4e974b04af3c84057f94df20,0.043,,,
3262,2026-09-11,SH600276,-0.001816424488372598,EXP_CatBoostModel_Alpha158_csi300_custom_step0_s_20260911_19,d636588c4e974b04af3c84057f94df20,0.043,,,
3263,2026-09-11,SH600233,-0.001446640708051427,EXP_CatBoostModel_Alpha158_csi300_custom_step0_s_20260911_19,d636588c4e974b04af3c84057f94df20,0.043,,,
3264,2026-09-11,SH600221,0.006235692146529261,EXP_CatBoostModel_Alpha158_csi300_custom_step0_s_20260911_19,d636588c4e974b04af3c84057f94df20,0.043,,,
3265,2026-09-11,SH600219,-0.003031675279024701,EXP_CatBoostModel_Alpha158_csi300_custom_step0_s_20260911_19,d636588c4e974b04af3c84057f94df20,0.043,,,
3266,2026-09-11,SH600362,-0.006600981584348022,EXP_CatBoostModel_Alpha158_csi300_custom_step0_s_20260911_19,d636588c4e974b04af3c84057f94df20,0.043,,,
3267,2026-09-11,SH600482,0.00021506850793257166,EXP_CatBoostModel_Alpha158_csi300_custom_step0_s_20260911_19,d636588c4e974b04af3c84057f94df20,0.043,,,
3268,2026-09-11,SH600031,0.006301407265332071,EXP_CatBoostModel_Alpha158_csi300_custom_step0_s_20260911_19,d636588c4e974b04af3c84057f94df20,0.043,,,
3269,2026-09-11,SH600029,0.004504404870558999,EXP_CatBoostModel_Alpha158_csi300_custom_step0_s_20260911_19,d636588c4e974b04af3c84057f94df20,0.043,,,
3270,2026-09-11,SZ300450,-0.004538388604466647,EXP_CatBoostModel_Alpha158_csi300_custom_step0_s_20260911_19,f67fee38316f454da27095ea15763341,0.076,,,
3271,2026-09-11,SZ300476,-0.004915758882208822,EXP_CatBoostModel_Alpha158_csi300_custom_step0_s_20260911_19,f67fee38316f454da27095ea15763341,0.076,,,
3272,2026-09-11,SZ300498,-0.0015607794886399748,EXP_CatBoostModel_Alpha158_csi300_custom_step0_s_20260911_19,f67fee38316f454da27095ea15763341,0.076,,,
3273,2026-09-11,SZ300502,-0.0031282054090498363,EXP_CatBoostModel_Alpha158_csi300_custom_step0_s_20260911_19,f67fee38316f454da27095ea15763341,0.076,,,
3274,2026-09-11,SZ300628,-0.0016610973342540258,EXP_CatBoostModel_Alpha158_csi300_custom_step0_s_20260911_19,f67fee38316f454da27095ea15763341,0.076,,,
3275,2026-09-11,SZ300661,-0.004159156324371569,EXP_CatBoostModel_Alpha158_csi300_custom_step0_s_20260911_19,f67fee38316f454da27095ea15763341,0.076,,,
3276,2026-09-11,SZ300750,-0.004449420921454982,EXP_CatBoostModel_Alpha158_csi300_custom_step0_s_20260911_19,f67fee38316f454da27095ea15763341,0.076,,,
3277,2026-09-11,SZ300760,0.0038911933420264725,EXP_CatBoostModel_Alpha158_csi300_custom_step0_s_20260911_19,f67fee38316f454da27095ea15763341,0.076,,,
3278,2026-09-11,SZ300803,-0.004449420921454982,EXP_CatBoostModel_Alpha158_csi300_custom_step0_s_20260911_19,f67fee38316f454da27095ea15763341,0.076,,,
3279,2026-09-11,SZ300832,-0.0021514071672282292,EXP_CatBoostModel_Alpha158_csi300_custom_step0_s_20260911_19,f67fee38316f454da27095ea15763341,0.076,,,
3280,2026-09-11,SZ300866,-0.0030297368124474647,EXP_CatBoostModel_Alpha158_csi300_custom_step0_s_20260911_19,f67fee38316f454da27095ea15763341,0.076,,,
3281,2026-09-11,SZ300896,-0.003517279203576611,EXP_CatBoostModel_Alpha158_csi300_custom_step0_s_20260911_19,f67fee38316f454da27095ea15763341,0.076,,,
3282,2026-09-11,SZ300999,-0.0015607794886399748,EXP_CatBoostModel_Alpha158_csi300_custom_step0_s_20260911_19,f67fee38316f454da27095ea15763341,0.076,,,
3283,2026-09-11,SZ301165,0.00778633000739163,EXP_CatBoostModel_Alpha158_csi300_custom_step0_s_20260911_19,f67fee38316f454da27095ea15763341,0.076,,,
3284,2026-09-11,SZ301236,-0.004449420921454982,EXP_CatBoostModel_Alpha158_csi300_custom_step0_s_20260911_19,f67fee38316f454da27095ea15763341,0.076,,,
3285,2026-09-11,SZ301269,-0.005206023479292234,EXP_CatBoostModel_Alpha158_csi300_custom_step0_s_20260911_19,f67fee38316f454da27095ea15763341,0.076,,,
3286,2026-09-11,SZ301308,-0.005206023479292234,EXP_CatBoostModel_Alpha158_csi300_custom_step0_s_20260911_19,f67fee38316f454da27095ea15763341,0.076,,,
3287,2026-09-11,SH600028,0.001472116822861352,EXP_CatBoostModel_Alpha158_csi300_custom_step0_s_20260911_19,d636588c4e974b04af3c84057f94df20,0.043,,,
3288,2026-09-11,SH600027,0.0009785224147122076,EXP_CatBoostModel_Alpha158_csi300_custom_step0_s_20260911_19,d636588c4e974b04af3c84057f94df20,0.043,,,
3289,2026-09-11,SH600026,-0.011183887779314634,EXP_CatBoostModel_Alpha158_csi300_custom_step0_s_20260911_19,d636588c4e974b04af3c84057f94df20,0.043,,,
3290,2026-09-11,SH600025,0.007496789338968768,EXP_CatBoostModel_Alpha158_csi300_custom_step0_s_20260911_19,d636588c4e974b04af3c84057f94df20,0.043,,,
3291,2026-09-11,SH600023,0.004863713383293302,EXP_CatBoostModel_Alpha158_csi300_custom_step0_s_20260911_19,d636588c4e974b04af3c84057f94df20,0.043,,,
3292,2026-09-11,SH600019,0.007770587993294575,EXP_CatBoostModel_Alpha158_csi300_custom_step0_s_20260911_19,d636588c4e974b04af3c84057f94df20,0.043,,,
3293,2026-09-11,SH600030,0.0003902925617374258,EXP_CatBoostModel_Alpha158_csi300_custom_step0_s_20260911_19,d636588c4e974b04af3c84057f94df20,0.043,,,
3294,2026-09-11,SH600018,0.0027163155275361406,EXP_CatBoostModel_Alpha158_csi300_custom_step0_s_20260911_19,d636588c4e974b04af3c84057f94df20,0.043,,,
3295,2026-09-11,SH600015,-0.0029142451189952674,EXP_CatBoostModel_Alpha158_csi300_custom_step0_s_20260911_19,d636588c4e974b04af3c84057f94df20,0.043,,,
3296,2026-09-11,SH600011,-0.0007065722673383094,EXP_CatBoostModel_Alpha158_csi300_custom_step0_s_20260911_19,d636588c4e974b04af3c84057f94df20,0.043,,,
3297,2026-09-11,SH600010,-0.0021386744539223755,EXP_CatBoostModel_Alpha158_csi300_custom_step0_s_20260911_19,d636588c4e974b04af3c84057f94df20,0.043,,,
3298,2026-09-11,SH600009,0.0038391096112361635,EXP_CatBoostModel_Alpha158_csi300_custom_step0_s_20260911_19,d636588c4e974b04af3c84057f94df20,0.043,,,
3299,2026-09-11,SH600000,0.008485434828445973,EXP_CatBoostModel_Alpha158_csi300_custom_step0_s_20260911_19,d636588c4e974b04af3c84057f94df20,0.043,,,
3300,2026-09-11,SZ302132,-0.0015607794886399748,EXP_CatBoostModel_Alpha158_csi300_custom_step0_s_20260911_19,f67fee38316f454da27095ea15763341,0.076,,,
3301,2026-09-11,SH600016,0.003907113683839451,EXP_CatBoostModel_Alpha158_csi300_custom_step0_s_20260911_19,d636588c4e974b04af3c84057f94df20,0.043,,,
3302,2026-09-11,SH600489,-0.004160749838810508,EXP_CatBoostModel_Alpha158_csi300_custom_step0_s_20260911_19,d636588c4e974b04af3c84057f94df20,0.043,,,
3303,2026-09-11,SH600515,0.0018680778603831147,EXP_CatBoostModel_Alpha158_csi300_custom_step0_s_20260911_19,d636588c4e974b04af3c84057f94df20,0.043,,,
3304,2026-09-11,SH600519,0.00615981412288203,EXP_CatBoostModel_Alpha158_csi300_custom_step0_s_20260911_19,d636588c4e974b04af3c84057f94df20,0.043,,,
3305,2026-09-11,SH601021,0.0024502323602354856,EXP_CatBoostModel_Alpha158_csi300_custom_step0_s_20260911_19,d636588c4e974b04af3c84057f94df20,0.043,,,
3306,2026-09-11,SH601058,-0.007501582972168001,EXP_CatBoostModel_Alpha158_csi300_custom_step0_s_20260911_19,d636588c4e974b04af3c84057f94df20,0.043,,,
3307,2026-09-11,SH601059,-0.009530641448968659,EXP_CatBoostModel_Alpha158_csi300_custom_step0_s_20260911_19,d636588c4e974b04af3c84057f94df20,0.043,,,
3308,2026-09-11,SH601066,-0.007459361085594272,EXP_CatBoostModel_Alpha158_csi300_custom_step0_s_20260911_19,d636588c4e974b04af3c84057f94df20,0.043,,,
3309,2026-09-11,SH601077,0.004440584298611789,EXP_CatBoostModel_Alpha158_csi300_custom_step0_s_20260911_19,d636588c4e974b04af3c84057f94df20,0.043,,,
3310,2026-09-11,SH601088,0.004243316213095524,EXP_CatBoostModel_Alpha158_csi300_custom_step0_s_20260911_19,d636588c4e974b04af3c84057f94df20,0.043,,,
3311,2026-09-11,SH601100,-0.0008921697341071351,EXP_CatBoostModel_Alpha158_csi300_custom_step0_s_20260911_19,d636588c4e974b04af3c84057f94df20,0.043,,,
3312,2026-09-11,SH601111,0.0024502323602354856,EXP_CatBoostModel_Alpha158_csi300_custom_step0_s_20260911_19,d636588c4e974b04af3c84057f94df20,0.043,,,
3313,2026-09-11,SH601117,0.004222986463851477,EXP_CatBoostModel_Alpha158_csi300_custom_step0_s_20260911_19,d636588c4e974b04af3c84057f94df20,0.043,,,
3314,2026-09-11,SH601127,-0.0038798907879039985,EXP_CatBoostModel_Alpha158_csi300_custom_step0_s_20260911_19,d636588c4e974b04af3c84057f94df20,0.043,,,
3315,2026-09-11,SH601136,-0.00983807210196213,EXP_CatBoostModel_Alpha158_csi300_custom_step0_s_20260911_19,d636588c4e974b04af3c84057f94df20,0.043,,,
3316,2026-09-11,SH601138,-0.0038915552779094286,EXP_CatBoostModel_Alpha158_csi300_custom_step0_s_20260911_19,d636588c4e974b04af3c84057f94df20,0.043,,,
3317,2026-09-11,SH601166,0.0065263892886197866,EXP_CatBoostModel_Alpha158_csi300_custom_step0_s_20260911_19,d636588c4e974b04af3c84057f94df20,0.043,,,
3318,2026-09-11,SH601169,0.003907113683839451,EXP_CatBoostModel_Alpha158_csi300_custom_step0_s_20260911_19,d636588c4e974b04af3c84057f94df20,0.043,,,
3319,2026-09-11,SH601186,0.005537743799142582,EXP_CatBoostModel_Alpha158_csi300_custom_step0_s_20260911_19,d636588c4e974b04af3c84057f94df20,0.043,,,
3320,2026-09-11,SH601211,0.002481863908254837,EXP_CatBoostModel_Alpha158_csi300_custom_step0_s_20260911_19,d636588c4e974b04af3c84057f94df20,0.043,,,
3321,2026-09-11,SH601225,-0.003089283443007369,EXP_CatBoostModel_Alpha158_csi300_custom_step0_s_20260911_19,d636588c4e974b04af3c84057f94df20,0.043,,,
3322,2026-09-11,SH601601,-0.002253333021395327,EXP_CatBoostModel_Alpha158_csi300_custom_step0_s_20260911_19,d636588c4e974b04af3c84057f94df20,0.043,,,
3323,2026-09-11,SH601600,-0.005170572186054418,EXP_CatBoostModel_Alpha158_csi300_custom_step0_s_20260911_19,d636588c4e974b04af3c84057f94df20,0.043,,,
3324,2026-09-11,SH601456,0.002481863908254837,EXP_CatBoostModel_Alpha158_csi300_custom_step0_s_20260911_19,d636588c4e974b04af3c84057f94df20,0.043,,,
3325,2026-09-11,SH601398,0.009091055229606756,EXP_CatBoostModel_Alpha158_csi300_custom_step0_s_20260911_19,d636588c4e974b04af3c84057f94df20,0.043,,,
3326,2026-09-11,SH601390,0.005537743799142582,EXP_CatBoostModel_Alpha158_csi300_custom_step0_s_20260911_19,d636588c4e974b04af3c84057f94df20,0.043,,,
3327,2026-09-11,SH601377,0.006718447081339394,EXP_CatBoostModel_Alpha158_csi300_custom_step0_s_20260911_19,d636588c4e974b04af3c84057f94df20,0.043,,,
3328,2026-09-11,SH601018,0.007241236123771184,EXP_CatBoostModel_Alpha158_csi300_custom_step0_s_20260911_19,d636588c4e974b04af3c84057f94df20,0.043,,,
3329,2026-09-11,SH601360,-0.004370969465451406,EXP_CatBoostModel_Alpha158_csi300_custom_step0_s_20260911_19,d636588c4e974b04af3c84057f94df20,0.043,,,
3330,2026-09-11,SH601328,0.007529780168352087,EXP_CatBoostModel_Alpha158_csi300_custom_step0_s_20260911_19,d636588c4e974b04af3c84057f94df20,0.043,,,
3331,2026-09-11,SH601319,0.0016292120336044856,EXP_CatBoostModel_Alpha158_csi300_custom_step0_s_20260911_19,d636588c4e974b04af3c84057f94df20,0.043,,,
3332,2026-09-11,SH601318,-0.00411318354464187,EXP_CatBoostModel_Alpha158_csi300_custom_step0_s_20260911_19,d636588c4e974b04af3c84057f94df20,0.043,,,
3333,2026-09-11,SH601288,0.011150826262145372,EXP_CatBoostModel_Alpha158_csi300_custom_step0_s_20260911_19,d636588c4e974b04af3c84057f94df20,0.043,,,
3334,2026-09-11,SH601238,0.0004976525562535093,EXP_CatBoostModel_Alpha158_csi300_custom_step0_s_20260911_19,d636588c4e974b04af3c84057f94df20,0.043,,,
3335,2026-09-11,SH601229,0.009842688044360198,EXP_CatBoostModel_Alpha158_csi300_custom_step0_s_20260911_19,d636588c4e974b04af3c84057f94df20,0.043,,,
3336,2026-09-11,SH601336,-0.003576485871485094,EXP_CatBoostModel_Alpha158_csi300_custom_step0_s_20260911_19,d636588c4e974b04af3c84057f94df20,0.043,,,
3337,2026-09-11,SH601012,-0.006391622594087975,EXP_CatBoostModel_Alpha158_csi300_custom_step0_s_20260911_19,d636588c4e974b04af3c84057f94df20,0.043,,,
3338,2026-09-11,SH601009,0.0008323477512305521,EXP_CatBoostModel_Alpha158_csi300_custom_step0_s_20260911_19,d636588c4e974b04af3c84057f94df20,0.043,,,
3339,2026-09-11,SH601006,0.009461894408818021,EXP_CatBoostModel_Alpha158_csi300_custom_step0_s_20260911_19,d636588c4e974b04af3c84057f94df20,0.043,,,
3340,2026-09-11,SH600795,0.009091055229606756,EXP_CatBoostModel_Alpha158_csi300_custom_step0_s_20260911_19,d636588c4e974b04af3c84057f94df20,0.043,,,
3341,2026-09-11,SH600760,0.001472116822861352,EXP_CatBoostModel_Alpha158_csi300_custom_step0_s_20260911_19,d636588c4e974b04af3c84057f94df20,0.043,,,
3342,2026-09-11,SH600741,0.0032602061658842107,EXP_CatBoostModel_Alpha158_csi300_custom_step0_s_20260911_19,d636588c4e974b04af3c84057f94df20,0.043,,,
3343,2026-09-11,SH600690,-0.0002350288165024397,EXP_CatBoostModel_Alpha158_csi300_custom_step0_s_20260911_19,d636588c4e974b04af3c84057f94df20,0.043,,,
3344,2026-09-11,SH600674,0.008207625816555441,EXP_CatBoostModel_Alpha158_csi300_custom_step0_s_20260911_19,d636588c4e974b04af3c84057f94df20,0.043,,,
3345,2026-09-11,SH600660,-0.004972505213016755,EXP_CatBoostModel_Alpha158_csi300_custom_step0_s_20260911_19,d636588c4e974b04af3c84057f94df20,0.043,,,
3346,2026-09-11,SH600803,-0.001478388648645076,EXP_CatBoostModel_Alpha158_csi300_custom_step0_s_20260911_19,d636588c4e974b04af3c84057f94df20,0.043,,,
3347,2026-09-11,SH600600,0.00473822266443799,EXP_CatBoostModel_Alpha158_csi300_custom_step0_s_20260911_19,d636588c4e974b04af3c84057f94df20,0.043,,,
3348,2026-09-11,SH600585,0.003647522960897041,EXP_CatBoostModel_Alpha158_csi300_custom_step0_s_20260911_19,d636588c4e974b04af3c84057f94df20,0.043,,,
3349,2026-09-11,SH600584,-0.002974624875534417,EXP_CatBoostModel_Alpha158_csi300_custom_step0_s_20260911_19,d636588c4e974b04af3c84057f94df20,0.043,,,
3350,2026-09-11,SH600570,-0.007459361085594272,EXP_CatBoostModel_Alpha158_csi300_custom_step0_s_20260911_19,d636588c4e974b04af3c84057f94df20,0.043,,,
3351,2026-09-11,SH600549,-0.004412436293097136,EXP_CatBoostModel_Alpha158_csi300_custom_step0_s_20260911_19,d636588c4e974b04af3c84057f94df20,0.043,,,
3352,2026-09-11,SH600547,0.015310125388724075,EXP_CatBoostModel_Alpha158_csi300_custom_step0_s_20260911_19,d636588c4e974b04af3c84057f94df20,0.043,,,
3353,2026-09-11,SH600522,-0.0030277561931855777,EXP_CatBoostModel_Alpha158_csi300_custom_step0_s_20260911_19,d636588c4e974b04af3c84057f94df20,0.043,,,
3354,2026-09-11,SH600588,-0.000699029308818129,EXP_CatBoostModel_Alpha158_csi300_custom_step0_s_20260911_19,d636588c4e974b04af3c84057f94df20,0.043,,,
3355,2026-09-11,SH601618,0.0026348847876443452,EXP_CatBoostModel_Alpha158_csi300_custom_step0_s_20260911_19,d636588c4e974b04af3c84057f94df20,0.043,,,
3356,2026-09-11,SH600809,-0.005877771125386335,EXP_CatBoostModel_Alpha158_csi300_custom_step0_s_20260911_19,d636588c4e974b04af3c84057f94df20,0.043,,,
3357,2026-09-11,SH600875,-0.006577255644316363,EXP_CatBoostModel_Alpha158_csi300_custom_step0_s_20260911_19,d636588c4e974b04af3c84057f94df20,0.043,,,
3358,2026-09-11,SH600999,-0.006535788816670634,EXP_CatBoostModel_Alpha158_csi300_custom_step0_s_20260911_19,d636588c4e974b04af3c84057f94df20,0.043,,,
3359,2026-09-11,SH600989,-0.002675372127079151,EXP_CatBoostModel_Alpha158_csi300_custom_step0_s_20260911_19,d636588c4e974b04af3c84057f94df20,0.043,,,
3360,2026-09-11,SH600958,0.002382310766205503,EXP_CatBoostModel_Alpha158_csi300_custom_step0_s_20260911_19,d636588c4e974b04af3c84057f94df20,0.043,,,
3361,2026-09-11,SH600941,0.007241236123771184,EXP_CatBoostModel_Alpha158_csi300_custom_step0_s_20260911_19,d636588c4e974b04af3c84057f94df20,0.043,,,
3362,2026-09-11,SH600938,-0.001931948364717321,EXP_CatBoostModel_Alpha158_csi300_custom_step0_s_20260911_19,d636588c4e974b04af3c84057f94df20,0.043,,,
3363,2026-09-11,SH600930,0.0024502323602354856,EXP_CatBoostModel_Alpha158_csi300_custom_step0_s_20260911_19,d636588c4e974b04af3c84057f94df20,0.043,,,
3364,2026-09-11,SH600845,-0.0005698133329717239,EXP_CatBoostModel_Alpha158_csi300_custom_step0_s_20260911_19,d636588c4e974b04af3c84057f94df20,0.043,,,
3365,2026-09-11,SH600926,0.005910355635237818,EXP_CatBoostModel_Alpha158_csi300_custom_step0_s_20260911_19,d636588c4e974b04af3c84057f94df20,0.043,,,
3366,2026-09-11,SH600918,-0.0010507728734423893,EXP_CatBoostModel_Alpha158_csi300_custom_step0_s_20260911_19,d636588c4e974b04af3c84057f94df20,0.043,,,
3367,2026-09-11,SH600905,0.004504404870558999,EXP_CatBoostModel_Alpha158_csi300_custom_step0_s_20260911_19,d636588c4e974b04af3c84057f94df20,0.043,,,
3368,2026-09-11,SH600900,0.010216722104416235,EXP_CatBoostModel_Alpha158_csi300_custom_step0_s_20260911_19,d636588c4e974b04af3c84057f94df20,0.043,,,
3369,2026-09-11,SH600893,-0.0017590475226912177,EXP_CatBoostModel_Alpha158_csi300_custom_step0_s_20260911_19,d636588c4e974b04af3c84057f94df20,0.043,,,
3370,2026-09-11,SH600887,0.0064256637959073555,EXP_CatBoostModel_Alpha158_csi300_custom_step0_s_20260911_19,d636588c4e974b04af3c84057f94df20,0.043,,,
3371,2026-09-11,SH600886,0.00843802038927674,EXP_CatBoostModel_Alpha158_csi300_custom_step0_s_20260911_19,d636588c4e974b04af3c84057f94df20,0.043,,,
3372,2026-09-11,SH600919,0.008207625816555441,EXP_CatBoostModel_Alpha158_csi300_custom_step0_s_20260911_19,d636588c4e974b04af3c84057f94df20,0.043,,,
3373,2026-09-11,SZ001391,-0.0015730502521616237,EXP_LGBModel_Alpha158_csi300_custom_step0_s_20260911_19,0ac93ca12eae4c0ba9d4286f0cb97af7,0.129,,,
3374,2026-09-11,SZ001965,0.008256563532494161,EXP_LGBModel_Alpha158_csi300_custom_step0_s_20260911_19,0ac93ca12eae4c0ba9d4286f0cb97af7,0.129,,,
3375,2026-09-11,SZ001979,0.0016302577617783426,EXP_LGBModel_Alpha158_csi300_custom_step0_s_20260911_19,0ac93ca12eae4c0ba9d4286f0cb97af7,0.129,,,
3376,2026-09-11,SH600795,0.0033703768524812627,EXP_DEnsembleModel_Alpha158_csi300_custom_step0_s_20260911_16,77d33397b6994173926dc730901018c3,0.101,,,
3377,2026-09-11,SH600803,0.05835006300270133,EXP_DEnsembleModel_Alpha158_csi300_custom_step0_s_20260911_16,77d33397b6994173926dc730901018c3,0.101,,,
3378,2026-09-11,SH600809,-0.0659843480872573,EXP_DEnsembleModel_Alpha158_csi300_custom_step0_s_20260911_16,77d33397b6994173926dc730901018c3,0.101,,,
3379,2026-09-11,SH600845,-0.06104118296365122,EXP_DEnsembleModel_Alpha158_csi300_custom_step0_s_20260911_16,77d33397b6994173926dc730901018c3,0.101,,,
3380,2026-09-11,SH600875,-0.10109685475500103,EXP_DEnsembleModel_Alpha158_csi300_custom_step0_s_20260911_16,77d33397b6994173926dc730901018c3,0.101,,,
3381,2026-09-11,SH600886,0.07264557090715422,EXP_DEnsembleModel_Alpha158_csi300_custom_step0_s_20260911_16,77d33397b6994173926dc730901018c3,0.101,,,
3382,2026-09-11,SH600887,0.14170856574892898,EXP_DEnsembleModel_Alpha158_csi300_custom_step0_s_20260911_16,77d33397b6994173926dc730901018c3,0.101,,,
3383,2026-09-11,SH600893,-0.04882904560902213,EXP_DEnsembleModel_Alpha158_csi300_custom_step0_s_20260911_16,77d33397b6994173926dc730901018c3,0.101,,,
3384,2026-09-11,SH600900,0.11492548127337625,EXP_DEnsembleModel_Alpha158_csi300_custom_step0_s_20260911_16,77d33397b6994173926dc730901018c3,0.101,,,
3385,2026-09-11,SH600905,0.07833482714151636,EXP_DEnsembleModel_Alpha158_csi300_custom_step0_s_20260911_16,77d33397b6994173926dc730901018c3,0.101,,,
3386,2026-09-11,SH600918,0.004308458760181449,EXP_DEnsembleModel_Alpha158_csi300_custom_step0_s_20260911_16,77d33397b6994173926dc730901018c3,0.101,,,
3387,2026-09-11,SH600919,0.049856644921123836,EXP_DEnsembleModel_Alpha158_csi300_custom_step0_s_20260911_16,77d33397b6994173926dc730901018c3,0.101,,,
3388,2026-09-11,SH600926,0.1133951528897766,EXP_DEnsembleModel_Alpha158_csi300_custom_step0_s_20260911_16,77d33397b6994173926dc730901018c3,0.101,,,
3389,2026-09-11,SH600930,0.014755743926368836,EXP_DEnsembleModel_Alpha158_csi300_custom_step0_s_20260911_16,77d33397b6994173926dc730901018c3,0.101,,,
3390,2026-09-11,SH600938,0.03475696046002627,EXP_DEnsembleModel_Alpha158_csi300_custom_step0_s_20260911_16,77d33397b6994173926dc730901018c3,0.101,,,
3391,2026-09-11,SH600941,0.05347995812963813,EXP_DEnsembleModel_Alpha158_csi300_custom_step0_s_20260911_16,77d33397b6994173926dc730901018c3,0.101,,,
3392,2026-09-11,SH600958,0.019139907283549598,EXP_DEnsembleModel_Alpha158_csi300_custom_step0_s_20260911_16,77d33397b6994173926dc730901018c3,0.101,,,
3393,2026-09-11,SH601111,0.056522477611246284,EXP_DEnsembleModel_Alpha158_csi300_custom_step0_s_20260911_16,77d33397b6994173926dc730901018c3,0.101,,,
3394,2026-09-11,SH601100,0.0447082217195743,EXP_DEnsembleModel_Alpha158_csi300_custom_step0_s_20260911_16,77d33397b6994173926dc730901018c3,0.101,,,
3395,2026-09-11,SH601088,-0.051848937786729825,EXP_DEnsembleModel_Alpha158_csi300_custom_step0_s_20260911_16,77d33397b6994173926dc730901018c3,0.101,,,
3396,2026-09-11,SH601077,0.11294108572499478,EXP_DEnsembleModel_Alpha158_csi300_custom_step0_s_20260911_16,77d33397b6994173926dc730901018c3,0.101,,,
3397,2026-09-11,SH601066,-0.009640075806858918,EXP_DEnsembleModel_Alpha158_csi300_custom_step0_s_20260911_16,77d33397b6994173926dc730901018c3,0.101,,,
3398,2026-09-11,SH601059,-0.04156885440148188,EXP_DEnsembleModel_Alpha158_csi300_custom_step0_s_20260911_16,77d33397b6994173926dc730901018c3,0.101,,,
3399,2026-09-11,SH600760,0.03929959318128825,EXP_DEnsembleModel_Alpha158_csi300_custom_step0_s_20260911_16,77d33397b6994173926dc730901018c3,0.101,,,
3400,2026-09-11,SH601058,-0.04119891689935853,EXP_DEnsembleModel_Alpha158_csi300_custom_step0_s_20260911_16,77d33397b6994173926dc730901018c3,0.101,,,
3401,2026-09-11,SH601018,0.12222836110133019,EXP_DEnsembleModel_Alpha158_csi300_custom_step0_s_20260911_16,77d33397b6994173926dc730901018c3,0.101,,,
3402,2026-09-11,SH601012,-0.032224771233633084,EXP_DEnsembleModel_Alpha158_csi300_custom_step0_s_20260911_16,77d33397b6994173926dc730901018c3,0.101,,,
3403,2026-09-11,SH601009,0.09657496687785184,EXP_DEnsembleModel_Alpha158_csi300_custom_step0_s_20260911_16,77d33397b6994173926dc730901018c3,0.101,,,
3404,2026-09-11,SH601006,0.11464209952326644,EXP_DEnsembleModel_Alpha158_csi300_custom_step0_s_20260911_16,77d33397b6994173926dc730901018c3,0.101,,,
3405,2026-09-11,SH600999,-0.07366220645233625,EXP_DEnsembleModel_Alpha158_csi300_custom_step0_s_20260911_16,77d33397b6994173926dc730901018c3,0.101,,,
3406,2026-09-11,SH600989,0.05728577093289272,EXP_DEnsembleModel_Alpha158_csi300_custom_step0_s_20260911_16,77d33397b6994173926dc730901018c3,0.101,,,
3407,2026-09-11,SH601021,0.0489263849860905,EXP_DEnsembleModel_Alpha158_csi300_custom_step0_s_20260911_16,77d33397b6994173926dc730901018c3,0.101,,,
3408,2026-09-11,SH601117,0.06675378187158297,EXP_DEnsembleModel_Alpha158_csi300_custom_step0_s_20260911_16,77d33397b6994173926dc730901018c3,0.101,,,
3409,2026-09-11,SH600741,0.06807510651567568,EXP_DEnsembleModel_Alpha158_csi300_custom_step0_s_20260911_16,77d33397b6994173926dc730901018c3,0.101,,,
3410,2026-09-11,SH600674,0.07838489462710996,EXP_DEnsembleModel_Alpha158_csi300_custom_step0_s_20260911_16,77d33397b6994173926dc730901018c3,0.101,,,
3411,2026-09-11,SH600176,-0.06463146593108213,EXP_DEnsembleModel_Alpha158_csi300_custom_step0_s_20260911_16,77d33397b6994173926dc730901018c3,0.101,,,
3412,2026-09-11,SH600183,-0.06858069294459651,EXP_DEnsembleModel_Alpha158_csi300_custom_step0_s_20260911_16,77d33397b6994173926dc730901018c3,0.101,,,
3413,2026-09-11,SH600188,-0.09073395130128555,EXP_DEnsembleModel_Alpha158_csi300_custom_step0_s_20260911_16,77d33397b6994173926dc730901018c3,0.101,,,
3414,2026-09-11,SH600196,-0.036446163639637465,EXP_DEnsembleModel_Alpha158_csi300_custom_step0_s_20260911_16,77d33397b6994173926dc730901018c3,0.101,,,
3415,2026-09-11,SH600219,0.03061643261466913,EXP_DEnsembleModel_Alpha158_csi300_custom_step0_s_20260911_16,77d33397b6994173926dc730901018c3,0.101,,,
3416,2026-09-11,SH600221,0.08060075772971047,EXP_DEnsembleModel_Alpha158_csi300_custom_step0_s_20260911_16,77d33397b6994173926dc730901018c3,0.101,,,
3417,2026-09-11,SH600233,-0.11406899295391582,EXP_DEnsembleModel_Alpha158_csi300_custom_step0_s_20260911_16,77d33397b6994173926dc730901018c3,0.101,,,
3418,2026-09-11,SH600276,0.17582957002315222,EXP_DEnsembleModel_Alpha158_csi300_custom_step0_s_20260911_16,77d33397b6994173926dc730901018c3,0.101,,,
3419,2026-09-11,SH600309,0.029816117850150568,EXP_DEnsembleModel_Alpha158_csi300_custom_step0_s_20260911_16,77d33397b6994173926dc730901018c3,0.101,,,
3420,2026-09-11,SH600346,-0.1798587148636367,EXP_DEnsembleModel_Alpha158_csi300_custom_step0_s_20260911_16,77d33397b6994173926dc730901018c3,0.101,,,
3421,2026-09-11,SH600362,-0.13505792752911233,EXP_DEnsembleModel_Alpha158_csi300_custom_step0_s_20260911_16,77d33397b6994173926dc730901018c3,0.101,,,
3422,2026-09-11,SH600372,0.046941503901636886,EXP_DEnsembleModel_Alpha158_csi300_custom_step0_s_20260911_16,77d33397b6994173926dc730901018c3,0.101,,,
3423,2026-09-11,SH600406,0.03705991357937743,EXP_DEnsembleModel_Alpha158_csi300_custom_step0_s_20260911_16,77d33397b6994173926dc730901018c3,0.101,,,
3424,2026-09-11,SH600415,-0.12306538465890049,EXP_DEnsembleModel_Alpha158_csi300_custom_step0_s_20260911_16,77d33397b6994173926dc730901018c3,0.101,,,
3425,2026-09-11,SH600426,-0.13788692035680541,EXP_DEnsembleModel_Alpha158_csi300_custom_step0_s_20260911_16,77d33397b6994173926dc730901018c3,0.101,,,
3426,2026-09-11,SH600436,-0.011415830699627864,EXP_DEnsembleModel_Alpha158_csi300_custom_step0_s_20260911_16,77d33397b6994173926dc730901018c3,0.101,,,
3427,2026-09-11,SH600438,-0.13227524221143397,EXP_DEnsembleModel_Alpha158_csi300_custom_step0_s_20260911_16,77d33397b6994173926dc730901018c3,0.101,,,
3428,2026-09-11,SH600660,-0.016387693471167124,EXP_DEnsembleModel_Alpha158_csi300_custom_step0_s_20260911_16,77d33397b6994173926dc730901018c3,0.101,,,
3429,2026-09-11,SH600600,0.020960350096967163,EXP_DEnsembleModel_Alpha158_csi300_custom_step0_s_20260911_16,77d33397b6994173926dc730901018c3,0.101,,,
3430,2026-09-11,SH600588,0.08412253398029865,EXP_DEnsembleModel_Alpha158_csi300_custom_step0_s_20260911_16,77d33397b6994173926dc730901018c3,0.101,,,
3431,2026-09-11,SH600585,0.045381145874569505,EXP_DEnsembleModel_Alpha158_csi300_custom_step0_s_20260911_16,77d33397b6994173926dc730901018c3,0.101,,,
3432,2026-09-11,SH600584,0.04185732046281258,EXP_DEnsembleModel_Alpha158_csi300_custom_step0_s_20260911_16,77d33397b6994173926dc730901018c3,0.101,,,
3433,2026-09-11,SH600570,-0.11934418890759926,EXP_DEnsembleModel_Alpha158_csi300_custom_step0_s_20260911_16,77d33397b6994173926dc730901018c3,0.101,,,
3434,2026-09-11,SH600690,0.01900293504639714,EXP_DEnsembleModel_Alpha158_csi300_custom_step0_s_20260911_16,77d33397b6994173926dc730901018c3,0.101,,,
3435,2026-09-11,SH600549,-0.049850452502637095,EXP_DEnsembleModel_Alpha158_csi300_custom_step0_s_20260911_16,77d33397b6994173926dc730901018c3,0.101,,,
3436,2026-09-11,SH600522,-0.10256588858420086,EXP_DEnsembleModel_Alpha158_csi300_custom_step0_s_20260911_16,77d33397b6994173926dc730901018c3,0.101,,,
3437,2026-09-11,SH600519,0.08072235220165953,EXP_DEnsembleModel_Alpha158_csi300_custom_step0_s_20260911_16,77d33397b6994173926dc730901018c3,0.101,,,
3438,2026-09-11,SH600515,-0.007253629411277837,EXP_DEnsembleModel_Alpha158_csi300_custom_step0_s_20260911_16,77d33397b6994173926dc730901018c3,0.101,,,
3439,2026-09-11,SH600489,0.04671024807329582,EXP_DEnsembleModel_Alpha158_csi300_custom_step0_s_20260911_16,77d33397b6994173926dc730901018c3,0.101,,,
3440,2026-09-11,SH600482,-0.09541621186382293,EXP_DEnsembleModel_Alpha158_csi300_custom_step0_s_20260911_16,77d33397b6994173926dc730901018c3,0.101,,,
3441,2026-09-11,SH600460,-0.043790824335010116,EXP_DEnsembleModel_Alpha158_csi300_custom_step0_s_20260911_16,77d33397b6994173926dc730901018c3,0.101,,,
3442,2026-09-11,SH600547,0.06486287725142875,EXP_DEnsembleModel_Alpha158_csi300_custom_step0_s_20260911_16,77d33397b6994173926dc730901018c3,0.101,,,
3443,2026-09-11,SH600160,-0.015751466113163345,EXP_DEnsembleModel_Alpha158_csi300_custom_step0_s_20260911_16,77d33397b6994173926dc730901018c3,0.101,,,
3444,2026-09-11,SH601127,0.05912054716752593,EXP_DEnsembleModel_Alpha158_csi300_custom_step0_s_20260911_16,77d33397b6994173926dc730901018c3,0.101,,,
3445,2026-09-11,SH601138,-0.11588297934224599,EXP_DEnsembleModel_Alpha158_csi300_custom_step0_s_20260911_16,77d33397b6994173926dc730901018c3,0.101,,,
3446,2026-09-11,SH601818,0.1061605737948481,EXP_DEnsembleModel_Alpha158_csi300_custom_step0_s_20260911_16,77d33397b6994173926dc730901018c3,0.101,,,
3447,2026-09-11,SH601825,0.09682851176774183,EXP_DEnsembleModel_Alpha158_csi300_custom_step0_s_20260911_16,77d33397b6994173926dc730901018c3,0.101,,,
3448,2026-09-11,SH601838,0.017561450541118344,EXP_DEnsembleModel_Alpha158_csi300_custom_step0_s_20260911_16,77d33397b6994173926dc730901018c3,0.101,,,
3449,2026-09-11,SH601857,0.10981259386188792,EXP_DEnsembleModel_Alpha158_csi300_custom_step0_s_20260911_16,77d33397b6994173926dc730901018c3,0.101,,,
3450,2026-09-11,SH601868,0.07352324232398956,EXP_DEnsembleModel_Alpha158_csi300_custom_step0_s_20260911_16,77d33397b6994173926dc730901018c3,0.101,,,
3451,2026-09-11,SH601872,-0.11541125158171049,EXP_DEnsembleModel_Alpha158_csi300_custom_step0_s_20260911_16,77d33397b6994173926dc730901018c3,0.101,,,
3452,2026-09-11,SH601877,0.010267118605869402,EXP_DEnsembleModel_Alpha158_csi300_custom_step0_s_20260911_16,77d33397b6994173926dc730901018c3,0.101,,,
3453,2026-09-11,SH601878,-0.01209271245584973,EXP_DEnsembleModel_Alpha158_csi300_custom_step0_s_20260911_16,77d33397b6994173926dc730901018c3,0.101,,,
3454,2026-09-11,SH601881,0.001962959445807228,EXP_DEnsembleModel_Alpha158_csi300_custom_step0_s_20260911_16,77d33397b6994173926dc730901018c3,0.101,,,
3455,2026-09-11,SH601888,-0.0912349461349524,EXP_DEnsembleModel_Alpha158_csi300_custom_step0_s_20260911_16,77d33397b6994173926dc730901018c3,0.101,,,
3456,2026-09-11,SH601898,-0.052204872390153936,EXP_DEnsembleModel_Alpha158_csi300_custom_step0_s_20260911_16,77d33397b6994173926dc730901018c3,0.101,,,
3457,2026-09-11,SH601899,-0.009807013747693445,EXP_DEnsembleModel_Alpha158_csi300_custom_step0_s_20260911_16,77d33397b6994173926dc730901018c3,0.101,,,
3458,2026-09-11,SH601901,0.03965681412229769,EXP_DEnsembleModel_Alpha158_csi300_custom_step0_s_20260911_16,77d33397b6994173926dc730901018c3,0.101,,,
3459,2026-09-11,SH601916,0.10976354141369517,EXP_DEnsembleModel_Alpha158_csi300_custom_step0_s_20260911_16,77d33397b6994173926dc730901018c3,0.101,,,
3460,2026-09-11,SH601919,-0.02829041598123071,EXP_DEnsembleModel_Alpha158_csi300_custom_step0_s_20260911_16,77d33397b6994173926dc730901018c3,0.101,,,
3461,2026-09-11,SH601939,0.055965875097195215,EXP_DEnsembleModel_Alpha158_csi300_custom_step0_s_20260911_16,77d33397b6994173926dc730901018c3,0.101,,,
3462,2026-09-11,SH601985,0.09528105342973178,EXP_DEnsembleModel_Alpha158_csi300_custom_step0_s_20260911_16,77d33397b6994173926dc730901018c3,0.101,,,
3463,2026-09-11,SH603986,-0.036505196300259314,EXP_DEnsembleModel_Alpha158_csi300_custom_step0_s_20260911_16,77d33397b6994173926dc730901018c3,0.101,,,
3464,2026-09-11,SH603893,-0.14228422059123438,EXP_DEnsembleModel_Alpha158_csi300_custom_step0_s_20260911_16,77d33397b6994173926dc730901018c3,0.101,,,
3465,2026-09-11,SH603799,-0.038644839772364166,EXP_DEnsembleModel_Alpha158_csi300_custom_step0_s_20260911_16,77d33397b6994173926dc730901018c3,0.101,,,
3466,2026-09-11,SH603501,0.08108667885578023,EXP_DEnsembleModel_Alpha158_csi300_custom_step0_s_20260911_16,77d33397b6994173926dc730901018c3,0.101,,,
3467,2026-09-11,SH603392,-0.06981371289573875,EXP_DEnsembleModel_Alpha158_csi300_custom_step0_s_20260911_16,77d33397b6994173926dc730901018c3,0.101,,,
3468,2026-09-11,SH603369,0.00022087545830514185,EXP_DEnsembleModel_Alpha158_csi300_custom_step0_s_20260911_16,77d33397b6994173926dc730901018c3,0.101,,,
3469,2026-09-11,SH601816,0.048581117765019166,EXP_DEnsembleModel_Alpha158_csi300_custom_step0_s_20260911_16,77d33397b6994173926dc730901018c3,0.101,,,
3470,2026-09-11,SH603296,-0.10901874200804494,EXP_DEnsembleModel_Alpha158_csi300_custom_step0_s_20260911_16,77d33397b6994173926dc730901018c3,0.101,,,
3471,2026-09-11,SH603260,-0.03165157397405662,EXP_DEnsembleModel_Alpha158_csi300_custom_step0_s_20260911_16,77d33397b6994173926dc730901018c3,0.101,,,
3472,2026-09-11,SH603259,0.06016325615481658,EXP_DEnsembleModel_Alpha158_csi300_custom_step0_s_20260911_16,77d33397b6994173926dc730901018c3,0.101,,,
3473,2026-09-11,SH603019,-0.10681320716654567,EXP_DEnsembleModel_Alpha158_csi300_custom_step0_s_20260911_16,77d33397b6994173926dc730901018c3,0.101,,,
3474,2026-09-11,SH601998,0.05171740851714566,EXP_DEnsembleModel_Alpha158_csi300_custom_step0_s_20260911_16,77d33397b6994173926dc730901018c3,0.101,,,
3475,2026-09-11,SH601995,-0.039498011080001026,EXP_DEnsembleModel_Alpha158_csi300_custom_step0_s_20260911_16,77d33397b6994173926dc730901018c3,0.101,,,
3476,2026-09-11,SH601988,-0.008704647976973139,EXP_DEnsembleModel_Alpha158_csi300_custom_step0_s_20260911_16,77d33397b6994173926dc730901018c3,0.101,,,
3477,2026-09-11,SH603288,0.0134768677065407,EXP_DEnsembleModel_Alpha158_csi300_custom_step0_s_20260911_16,77d33397b6994173926dc730901018c3,0.101,,,
3478,2026-09-11,SH601136,-0.07237774247642986,EXP_DEnsembleModel_Alpha158_csi300_custom_step0_s_20260911_16,77d33397b6994173926dc730901018c3,0.101,,,
3479,2026-09-11,SH601800,0.0707611013153869,EXP_DEnsembleModel_Alpha158_csi300_custom_step0_s_20260911_16,77d33397b6994173926dc730901018c3,0.101,,,
3480,2026-09-11,SH601766,0.05459683830684152,EXP_DEnsembleModel_Alpha158_csi300_custom_step0_s_20260911_16,77d33397b6994173926dc730901018c3,0.101,,,
3481,2026-09-11,SH601166,0.08509227125926436,EXP_DEnsembleModel_Alpha158_csi300_custom_step0_s_20260911_16,77d33397b6994173926dc730901018c3,0.101,,,
3482,2026-09-11,SH601169,0.019351117154688065,EXP_DEnsembleModel_Alpha158_csi300_custom_step0_s_20260911_16,77d33397b6994173926dc730901018c3,0.101,,,
3483,2026-09-11,SH601186,0.05693315390001054,EXP_DEnsembleModel_Alpha158_csi300_custom_step0_s_20260911_16,77d33397b6994173926dc730901018c3,0.101,,,
3484,2026-09-11,SH601211,0.017841919320152784,EXP_DEnsembleModel_Alpha158_csi300_custom_step0_s_20260911_16,77d33397b6994173926dc730901018c3,0.101,,,
3485,2026-09-11,SH601225,-0.012674809992942375,EXP_DEnsembleModel_Alpha158_csi300_custom_step0_s_20260911_16,77d33397b6994173926dc730901018c3,0.101,,,
3486,2026-09-11,SH601229,0.14284518437958876,EXP_DEnsembleModel_Alpha158_csi300_custom_step0_s_20260911_16,77d33397b6994173926dc730901018c3,0.101,,,
3487,2026-09-11,SH601238,0.04920823878052008,EXP_DEnsembleModel_Alpha158_csi300_custom_step0_s_20260911_16,77d33397b6994173926dc730901018c3,0.101,,,
3488,2026-09-11,SH601288,0.0701989728979495,EXP_DEnsembleModel_Alpha158_csi300_custom_step0_s_20260911_16,77d33397b6994173926dc730901018c3,0.101,,,
3489,2026-09-11,SH601318,0.0395852673180279,EXP_DEnsembleModel_Alpha158_csi300_custom_step0_s_20260911_16,77d33397b6994173926dc730901018c3,0.101,,,
3490,2026-09-11,SH601319,0.024567833566240687,EXP_DEnsembleModel_Alpha158_csi300_custom_step0_s_20260911_16,77d33397b6994173926dc730901018c3,0.101,,,
3491,2026-09-11,SH601328,0.03190879101860656,EXP_DEnsembleModel_Alpha158_csi300_custom_step0_s_20260911_16,77d33397b6994173926dc730901018c3,0.101,,,
3492,2026-09-11,SH601336,-0.07542968441644167,EXP_DEnsembleModel_Alpha158_csi300_custom_step0_s_20260911_16,77d33397b6994173926dc730901018c3,0.101,,,
3493,2026-09-11,SH601360,-0.0781688453658048,EXP_DEnsembleModel_Alpha158_csi300_custom_step0_s_20260911_16,77d33397b6994173926dc730901018c3,0.101,,,
3494,2026-09-11,SH601377,0.053919644126541634,EXP_DEnsembleModel_Alpha158_csi300_custom_step0_s_20260911_16,77d33397b6994173926dc730901018c3,0.101,,,
3495,2026-09-11,SH601390,0.06595297507067945,EXP_DEnsembleModel_Alpha158_csi300_custom_step0_s_20260911_16,77d33397b6994173926dc730901018c3,0.101,,,
3496,2026-09-11,SH601398,0.046652415717576244,EXP_DEnsembleModel_Alpha158_csi300_custom_step0_s_20260911_16,77d33397b6994173926dc730901018c3,0.101,,,
3497,2026-09-11,SH601456,0.02605716047047536,EXP_DEnsembleModel_Alpha158_csi300_custom_step0_s_20260911_16,77d33397b6994173926dc730901018c3,0.101,,,
3498,2026-09-11,SH601728,0.07208724984734285,EXP_DEnsembleModel_Alpha158_csi300_custom_step0_s_20260911_16,77d33397b6994173926dc730901018c3,0.101,,,
3499,2026-09-11,SH601727,0.054653675209405964,EXP_DEnsembleModel_Alpha158_csi300_custom_step0_s_20260911_16,77d33397b6994173926dc730901018c3,0.101,,,
3500,2026-09-11,SH601698,0.01931411120825207,EXP_DEnsembleModel_Alpha158_csi300_custom_step0_s_20260911_16,77d33397b6994173926dc730901018c3,0.101,,,
3501,2026-09-11,SH601689,0.019815229588438413,EXP_DEnsembleModel_Alpha158_csi300_custom_step0_s_20260911_16,77d33397b6994173926dc730901018c3,0.101,,,
3502,2026-09-11,SH601688,0.018446002189593077,EXP_DEnsembleModel_Alpha158_csi300_custom_step0_s_20260911_16,77d33397b6994173926dc730901018c3,0.101,,,
3503,2026-09-11,SH601669,0.07296637058467252,EXP_DEnsembleModel_Alpha158_csi300_custom_step0_s_20260911_16,77d33397b6994173926dc730901018c3,0.101,,,
3504,2026-09-11,SH601788,-0.0174103572594572,EXP_DEnsembleModel_Alpha158_csi300_custom_step0_s_20260911_16,77d33397b6994173926dc730901018c3,0.101,,,
3505,2026-09-11,SH601668,0.09688493976394272,EXP_DEnsembleModel_Alpha158_csi300_custom_step0_s_20260911_16,77d33397b6994173926dc730901018c3,0.101,,,
3506,2026-09-11,SH601633,-0.001913338044423947,EXP_DEnsembleModel_Alpha158_csi300_custom_step0_s_20260911_16,77d33397b6994173926dc730901018c3,0.101,,,
3507,2026-09-11,SH601628,0.039751097686416444,EXP_DEnsembleModel_Alpha158_csi300_custom_step0_s_20260911_16,77d33397b6994173926dc730901018c3,0.101,,,
3508,2026-09-11,SH601618,0.032827093676257545,EXP_DEnsembleModel_Alpha158_csi300_custom_step0_s_20260911_16,77d33397b6994173926dc730901018c3,0.101,,,
3509,2026-09-11,SH601607,0.11427862576889229,EXP_DEnsembleModel_Alpha158_csi300_custom_step0_s_20260911_16,77d33397b6994173926dc730901018c3,0.101,,,
3510,2026-09-11,SH601601,-0.024491667918940394,EXP_DEnsembleModel_Alpha158_csi300_custom_step0_s_20260911_16,77d33397b6994173926dc730901018c3,0.101,,,
3511,2026-09-11,SH601600,-0.06465096260011483,EXP_DEnsembleModel_Alpha158_csi300_custom_step0_s_20260911_16,77d33397b6994173926dc730901018c3,0.101,,,
3512,2026-09-11,SH601658,0.002827759154235241,EXP_DEnsembleModel_Alpha158_csi300_custom_step0_s_20260911_16,77d33397b6994173926dc730901018c3,0.101,,,
3513,2026-09-11,SH600150,0.10962445254365843,EXP_DEnsembleModel_Alpha158_csi300_custom_step0_s_20260911_16,77d33397b6994173926dc730901018c3,0.101,,,
3514,2026-09-11,SH600118,0.07636031761110242,EXP_DEnsembleModel_Alpha158_csi300_custom_step0_s_20260911_16,77d33397b6994173926dc730901018c3,0.101,,,
3515,2026-09-11,SH600115,0.03471112633278049,EXP_DEnsembleModel_Alpha158_csi300_custom_step0_s_20260911_16,77d33397b6994173926dc730901018c3,0.101,,,
3516,2026-09-11,SZ001965,0.05067524470475835,EXP_DEnsembleModel_Alpha158_csi300_custom_step0_s_20260911_16,6c9cafb99e3645ccb7f124e1db9b22d7,0.094,,,
3517,2026-09-11,SZ001979,0.07115330345889713,EXP_DEnsembleModel_Alpha158_csi300_custom_step0_s_20260911_16,6c9cafb99e3645ccb7f124e1db9b22d7,0.094,,,
3518,2026-09-11,SZ002001,-0.022108639347146564,EXP_DEnsembleModel_Alpha158_csi300_custom_step0_s_20260911_16,6c9cafb99e3645ccb7f124e1db9b22d7,0.094,,,
3519,2026-09-11,SZ002027,0.11329457540158307,EXP_DEnsembleModel_Alpha158_csi300_custom_step0_s_20260911_16,6c9cafb99e3645ccb7f124e1db9b22d7,0.094,,,
3520,2026-09-11,SZ002028,0.003632540748685195,EXP_DEnsembleModel_Alpha158_csi300_custom_step0_s_20260911_16,6c9cafb99e3645ccb7f124e1db9b22d7,0.094,,,
3521,2026-09-11,SZ002049,-0.0010787271040446397,EXP_DEnsembleModel_Alpha158_csi300_custom_step0_s_20260911_16,6c9cafb99e3645ccb7f124e1db9b22d7,0.094,,,
3522,2026-09-11,SZ002050,-0.036839490860008636,EXP_DEnsembleModel_Alpha158_csi300_custom_step0_s_20260911_16,6c9cafb99e3645ccb7f124e1db9b22d7,0.094,,,
3523,2026-09-11,SZ002074,-0.06748208680082796,EXP_DEnsembleModel_Alpha158_csi300_custom_step0_s_20260911_16,6c9cafb99e3645ccb7f124e1db9b22d7,0.094,,,
3524,2026-09-11,SZ002142,0.02238074416231138,EXP_DEnsembleModel_Alpha158_csi300_custom_step0_s_20260911_16,6c9cafb99e3645ccb7f124e1db9b22d7,0.094,,,
3525,2026-09-11,SZ002179,-0.014307954395630249,EXP_DEnsembleModel_Alpha158_csi300_custom_step0_s_20260911_16,6c9cafb99e3645ccb7f124e1db9b22d7,0.094,,,
3526,2026-09-11,SZ002202,-0.015110844438033798,EXP_DEnsembleModel_Alpha158_csi300_custom_step0_s_20260911_16,6c9cafb99e3645ccb7f124e1db9b22d7,0.094,,,
3527,2026-09-11,SZ002230,-0.05513238815719302,EXP_DEnsembleModel_Alpha158_csi300_custom_step0_s_20260911_16,6c9cafb99e3645ccb7f124e1db9b22d7,0.094,,,
3528,2026-09-11,SZ002236,0.010485848371456727,EXP_DEnsembleModel_Alpha158_csi300_custom_step0_s_20260911_16,6c9cafb99e3645ccb7f124e1db9b22d7,0.094,,,
3529,2026-09-11,SZ002241,-0.10257121913612938,EXP_DEnsembleModel_Alpha158_csi300_custom_step0_s_20260911_16,6c9cafb99e3645ccb7f124e1db9b22d7,0.094,,,
3530,2026-09-11,SZ002304,-0.01349709443373586,EXP_DEnsembleModel_Alpha158_csi300_custom_step0_s_20260911_16,6c9cafb99e3645ccb7f124e1db9b22d7,0.094,,,
3531,2026-09-11,SZ002311,0.046936501890923674,EXP_DEnsembleModel_Alpha158_csi300_custom_step0_s_20260911_16,6c9cafb99e3645ccb7f124e1db9b22d7,0.094,,,
3532,2026-09-11,SZ002352,0.07909952901695232,EXP_DEnsembleModel_Alpha158_csi300_custom_step0_s_20260911_16,6c9cafb99e3645ccb7f124e1db9b22d7,0.094,,,
3533,2026-09-11,SZ002600,-0.0058461076804012845,EXP_DEnsembleModel_Alpha158_csi300_custom_step0_s_20260911_16,6c9cafb99e3645ccb7f124e1db9b22d7,0.094,,,
3534,2026-09-11,SZ002594,0.009663998797953785,EXP_DEnsembleModel_Alpha158_csi300_custom_step0_s_20260911_16,6c9cafb99e3645ccb7f124e1db9b22d7,0.094,,,
3535,2026-09-11,SZ002558,-0.09147598072155032,EXP_DEnsembleModel_Alpha158_csi300_custom_step0_s_20260911_16,6c9cafb99e3645ccb7f124e1db9b22d7,0.094,,,
3536,2026-09-11,SZ002532,-0.13459691232658452,EXP_DEnsembleModel_Alpha158_csi300_custom_step0_s_20260911_16,6c9cafb99e3645ccb7f124e1db9b22d7,0.094,,,
3537,2026-09-11,SZ002493,-0.0436667069119193,EXP_DEnsembleModel_Alpha158_csi300_custom_step0_s_20260911_16,6c9cafb99e3645ccb7f124e1db9b22d7,0.094,,,
3538,2026-09-11,SZ002475,-0.0715478566203157,EXP_DEnsembleModel_Alpha158_csi300_custom_step0_s_20260911_16,6c9cafb99e3645ccb7f124e1db9b22d7,0.094,,,
3539,2026-09-11,SZ001391,-0.029090536082104084,EXP_DEnsembleModel_Alpha158_csi300_custom_step0_s_20260911_16,6c9cafb99e3645ccb7f124e1db9b22d7,0.094,,,
3540,2026-09-11,SZ002466,0.05194482952531638,EXP_DEnsembleModel_Alpha158_csi300_custom_step0_s_20260911_16,6c9cafb99e3645ccb7f124e1db9b22d7,0.094,,,
3541,2026-09-11,SZ002460,-0.020306271500236648,EXP_DEnsembleModel_Alpha158_csi300_custom_step0_s_20260911_16,6c9cafb99e3645ccb7f124e1db9b22d7,0.094,,,
3542,2026-09-11,SZ002422,0.059629739582184794,EXP_DEnsembleModel_Alpha158_csi300_custom_step0_s_20260911_16,6c9cafb99e3645ccb7f124e1db9b22d7,0.094,,,
3543,2026-09-11,SZ002415,0.03811691806665187,EXP_DEnsembleModel_Alpha158_csi300_custom_step0_s_20260911_16,6c9cafb99e3645ccb7f124e1db9b22d7,0.094,,,
3544,2026-09-11,SZ002384,-0.07021627156985133,EXP_DEnsembleModel_Alpha158_csi300_custom_step0_s_20260911_16,6c9cafb99e3645ccb7f124e1db9b22d7,0.094,,,
3545,2026-09-11,SZ002371,-0.04546209718870471,EXP_DEnsembleModel_Alpha158_csi300_custom_step0_s_20260911_16,6c9cafb99e3645ccb7f124e1db9b22d7,0.094,,,
3546,2026-09-11,SZ002353,0.05544529079866466,EXP_DEnsembleModel_Alpha158_csi300_custom_step0_s_20260911_16,6c9cafb99e3645ccb7f124e1db9b22d7,0.094,,,
3547,2026-09-11,SZ002463,-0.2134430719599126,EXP_DEnsembleModel_Alpha158_csi300_custom_step0_s_20260911_16,6c9cafb99e3645ccb7f124e1db9b22d7,0.094,,,
3548,2026-09-11,SZ002602,0.0478772308004973,EXP_DEnsembleModel_Alpha158_csi300_custom_step0_s_20260911_16,6c9cafb99e3645ccb7f124e1db9b22d7,0.094,,,
3549,2026-09-11,SZ001280,-0.12452164277366502,EXP_DEnsembleModel_Alpha158_csi300_custom_step0_s_20260911_16,6c9cafb99e3645ccb7f124e1db9b22d7,0.094,,,
3550,2026-09-11,SZ000988,-0.08475829938797268,EXP_DEnsembleModel_Alpha158_csi300_custom_step0_s_20260911_16,6c9cafb99e3645ccb7f124e1db9b22d7,0.094,,,
3551,2026-09-11,SZ000001,0.06811509538982956,EXP_DEnsembleModel_Alpha158_csi300_custom_step0_s_20260911_16,6c9cafb99e3645ccb7f124e1db9b22d7,0.094,,,
3552,2026-09-11,SZ000002,-0.06163175835560221,EXP_DEnsembleModel_Alpha158_csi300_custom_step0_s_20260911_16,6c9cafb99e3645ccb7f124e1db9b22d7,0.094,,,
3553,2026-09-11,SZ000063,-0.06144934092045979,EXP_DEnsembleModel_Alpha158_csi300_custom_step0_s_20260911_16,6c9cafb99e3645ccb7f124e1db9b22d7,0.094,,,
3554,2026-09-11,SZ000100,-0.07092826301520815,EXP_DEnsembleModel_Alpha158_csi300_custom_step0_s_20260911_16,6c9cafb99e3645ccb7f124e1db9b22d7,0.094,,,
3555,2026-09-11,SZ000157,0.06205444398029454,EXP_DEnsembleModel_Alpha158_csi300_custom_step0_s_20260911_16,6c9cafb99e3645ccb7f124e1db9b22d7,0.094,,,
3556,2026-09-11,SZ000166,0.03522798558355778,EXP_DEnsembleModel_Alpha158_csi300_custom_step0_s_20260911_16,6c9cafb99e3645ccb7f124e1db9b22d7,0.094,,,
3557,2026-09-11,SZ000301,0.003809303959980061,EXP_DEnsembleModel_Alpha158_csi300_custom_step0_s_20260911_16,6c9cafb99e3645ccb7f124e1db9b22d7,0.094,,,
3558,2026-09-11,SZ000333,0.07743570073630013,EXP_DEnsembleModel_Alpha158_csi300_custom_step0_s_20260911_16,6c9cafb99e3645ccb7f124e1db9b22d7,0.094,,,
3559,2026-09-11,SZ000338,-0.015373959503916986,EXP_DEnsembleModel_Alpha158_csi300_custom_step0_s_20260911_16,6c9cafb99e3645ccb7f124e1db9b22d7,0.094,,,
3560,2026-09-11,SZ000408,0.014465086025891636,EXP_DEnsembleModel_Alpha158_csi300_custom_step0_s_20260911_16,6c9cafb99e3645ccb7f124e1db9b22d7,0.094,,,
3561,2026-09-11,SZ000425,0.03170130734838773,EXP_DEnsembleModel_Alpha158_csi300_custom_step0_s_20260911_16,6c9cafb99e3645ccb7f124e1db9b22d7,0.094,,,
3562,2026-09-11,SZ000538,0.09902257371634433,EXP_DEnsembleModel_Alpha158_csi300_custom_step0_s_20260911_16,6c9cafb99e3645ccb7f124e1db9b22d7,0.094,,,
3563,2026-09-11,SZ000568,0.00363544556846679,EXP_DEnsembleModel_Alpha158_csi300_custom_step0_s_20260911_16,6c9cafb99e3645ccb7f124e1db9b22d7,0.094,,,
3564,2026-09-11,SZ000596,0.0033307527264159562,EXP_DEnsembleModel_Alpha158_csi300_custom_step0_s_20260911_16,6c9cafb99e3645ccb7f124e1db9b22d7,0.094,,,
3565,2026-09-11,SZ000617,-0.025827664673856134,EXP_DEnsembleModel_Alpha158_csi300_custom_step0_s_20260911_16,6c9cafb99e3645ccb7f124e1db9b22d7,0.094,,,
3566,2026-09-11,SZ000625,0.02700412005699641,EXP_DEnsembleModel_Alpha158_csi300_custom_step0_s_20260911_16,6c9cafb99e3645ccb7f124e1db9b22d7,0.094,,,
3567,2026-09-11,SZ000630,-0.05072522585132871,EXP_DEnsembleModel_Alpha158_csi300_custom_step0_s_20260911_16,6c9cafb99e3645ccb7f124e1db9b22d7,0.094,,,
3568,2026-09-11,SZ000977,0.02306831495378688,EXP_DEnsembleModel_Alpha158_csi300_custom_step0_s_20260911_16,6c9cafb99e3645ccb7f124e1db9b22d7,0.094,,,
3569,2026-09-11,SZ000975,0.07663562885948118,EXP_DEnsembleModel_Alpha158_csi300_custom_step0_s_20260911_16,6c9cafb99e3645ccb7f124e1db9b22d7,0.094,,,
3570,2026-09-11,SZ000963,-0.001552753372767985,EXP_DEnsembleModel_Alpha158_csi300_custom_step0_s_20260911_16,6c9cafb99e3645ccb7f124e1db9b22d7,0.094,,,
3571,2026-09-11,SZ000938,0.028066175360353524,EXP_DEnsembleModel_Alpha158_csi300_custom_step0_s_20260911_16,6c9cafb99e3645ccb7f124e1db9b22d7,0.094,,,
3572,2026-09-11,SZ000895,0.11756394268292583,EXP_DEnsembleModel_Alpha158_csi300_custom_step0_s_20260911_16,6c9cafb99e3645ccb7f124e1db9b22d7,0.094,,,
3573,2026-09-11,SZ000858,0.009954031662248553,EXP_DEnsembleModel_Alpha158_csi300_custom_step0_s_20260911_16,6c9cafb99e3645ccb7f124e1db9b22d7,0.094,,,
3574,2026-09-11,SZ000999,0.050317064664198184,EXP_DEnsembleModel_Alpha158_csi300_custom_step0_s_20260911_16,6c9cafb99e3645ccb7f124e1db9b22d7,0.094,,,
3575,2026-09-11,SZ000807,-0.09299245862691288,EXP_DEnsembleModel_Alpha158_csi300_custom_step0_s_20260911_16,6c9cafb99e3645ccb7f124e1db9b22d7,0.094,,,
3576,2026-09-11,SZ000776,-0.04048536859151698,EXP_DEnsembleModel_Alpha158_csi300_custom_step0_s_20260911_16,6c9cafb99e3645ccb7f124e1db9b22d7,0.094,,,
3577,2026-09-11,SZ000768,0.01423907240160541,EXP_DEnsembleModel_Alpha158_csi300_custom_step0_s_20260911_16,6c9cafb99e3645ccb7f124e1db9b22d7,0.094,,,
3578,2026-09-11,SZ000725,-0.030749491008490958,EXP_DEnsembleModel_Alpha158_csi300_custom_step0_s_20260911_16,6c9cafb99e3645ccb7f124e1db9b22d7,0.094,,,
3579,2026-09-11,SZ000708,0.06223446758413093,EXP_DEnsembleModel_Alpha158_csi300_custom_step0_s_20260911_16,6c9cafb99e3645ccb7f124e1db9b22d7,0.094,,,
3580,2026-09-11,SZ000657,-0.020173509013357238,EXP_DEnsembleModel_Alpha158_csi300_custom_step0_s_20260911_16,6c9cafb99e3645ccb7f124e1db9b22d7,0.094,,,
3581,2026-09-11,SZ000651,0.09523919169945318,EXP_DEnsembleModel_Alpha158_csi300_custom_step0_s_20260911_16,6c9cafb99e3645ccb7f124e1db9b22d7,0.094,,,
3582,2026-09-11,SZ000792,-0.03389458702217792,EXP_DEnsembleModel_Alpha158_csi300_custom_step0_s_20260911_16,6c9cafb99e3645ccb7f124e1db9b22d7,0.094,,,
3583,2026-09-11,SZ002625,-0.037748222741954,EXP_DEnsembleModel_Alpha158_csi300_custom_step0_s_20260911_16,6c9cafb99e3645ccb7f124e1db9b22d7,0.094,,,
3584,2026-09-11,SZ002648,-0.078702435320751,EXP_DEnsembleModel_Alpha158_csi300_custom_step0_s_20260911_16,6c9cafb99e3645ccb7f124e1db9b22d7,0.094,,,
3585,2026-09-11,SZ002709,-0.03569231156256975,EXP_DEnsembleModel_Alpha158_csi300_custom_step0_s_20260911_16,6c9cafb99e3645ccb7f124e1db9b22d7,0.094,,,
3586,2026-09-11,SZ301165,0.07117879716830815,EXP_DEnsembleModel_Alpha158_csi300_custom_step0_s_20260911_16,6c9cafb99e3645ccb7f124e1db9b22d7,0.094,,,
3587,2026-09-11,SZ301236,-0.10075185353334071,EXP_DEnsembleModel_Alpha158_csi300_custom_step0_s_20260911_16,6c9cafb99e3645ccb7f124e1db9b22d7,0.094,,,
3588,2026-09-11,SZ301269,-0.0949889168061488,EXP_DEnsembleModel_Alpha158_csi300_custom_step0_s_20260911_16,6c9cafb99e3645ccb7f124e1db9b22d7,0.094,,,
3589,2026-09-11,SZ301308,0.017125401297459025,EXP_DEnsembleModel_Alpha158_csi300_custom_step0_s_20260911_16,6c9cafb99e3645ccb7f124e1db9b22d7,0.094,,,
3590,2026-09-11,SZ302132,-0.028274383834147168,EXP_DEnsembleModel_Alpha158_csi300_custom_step0_s_20260911_16,6c9cafb99e3645ccb7f124e1db9b22d7,0.094,,,
3591,2026-09-11,SH600000,0.036978792891395766,EXP_DEnsembleModel_Alpha158_csi300_custom_step0_s_20260911_16,77d33397b6994173926dc730901018c3,0.101,,,
3592,2026-09-11,SH600009,0.07187768365487744,EXP_DEnsembleModel_Alpha158_csi300_custom_step0_s_20260911_16,77d33397b6994173926dc730901018c3,0.101,,,
3593,2026-09-11,SH600010,0.006351494553776537,EXP_DEnsembleModel_Alpha158_csi300_custom_step0_s_20260911_16,77d33397b6994173926dc730901018c3,0.101,,,
3594,2026-09-11,SH600011,0.00929245068383845,EXP_DEnsembleModel_Alpha158_csi300_custom_step0_s_20260911_16,77d33397b6994173926dc730901018c3,0.101,,,
3595,2026-09-11,SH600015,0.09618979949102968,EXP_DEnsembleModel_Alpha158_csi300_custom_step0_s_20260911_16,77d33397b6994173926dc730901018c3,0.101,,,
3596,2026-09-11,SH600016,0.13620892564892312,EXP_DEnsembleModel_Alpha158_csi300_custom_step0_s_20260911_16,77d33397b6994173926dc730901018c3,0.101,,,
3597,2026-09-11,SH600018,0.05915758816899152,EXP_DEnsembleModel_Alpha158_csi300_custom_step0_s_20260911_16,77d33397b6994173926dc730901018c3,0.101,,,
3598,2026-09-11,SH600019,0.07311457583312624,EXP_DEnsembleModel_Alpha158_csi300_custom_step0_s_20260911_16,77d33397b6994173926dc730901018c3,0.101,,,
3599,2026-09-11,SH600023,0.06862096906574869,EXP_DEnsembleModel_Alpha158_csi300_custom_step0_s_20260911_16,77d33397b6994173926dc730901018c3,0.101,,,
3600,2026-09-11,SH600025,0.10764456052695427,EXP_DEnsembleModel_Alpha158_csi300_custom_step0_s_20260911_16,77d33397b6994173926dc730901018c3,0.101,,,
3601,2026-09-11,SH600026,-0.09654374547278523,EXP_DEnsembleModel_Alpha158_csi300_custom_step0_s_20260911_16,77d33397b6994173926dc730901018c3,0.101,,,
3602,2026-09-11,SH600027,0.016575675472388553,EXP_DEnsembleModel_Alpha158_csi300_custom_step0_s_20260911_16,77d33397b6994173926dc730901018c3,0.101,,,
3603,2026-09-11,SH600111,-0.029040823864854463,EXP_DEnsembleModel_Alpha158_csi300_custom_step0_s_20260911_16,77d33397b6994173926dc730901018c3,0.101,,,
3604,2026-09-11,SH600104,0.08851185734455304,EXP_DEnsembleModel_Alpha158_csi300_custom_step0_s_20260911_16,77d33397b6994173926dc730901018c3,0.101,,,
3605,2026-09-11,SH600089,0.028732938624350748,EXP_DEnsembleModel_Alpha158_csi300_custom_step0_s_20260911_16,77d33397b6994173926dc730901018c3,0.101,,,
3606,2026-09-11,SH600085,0.09317960569119668,EXP_DEnsembleModel_Alpha158_csi300_custom_step0_s_20260911_16,77d33397b6994173926dc730901018c3,0.101,,,
3607,2026-09-11,SH600066,-0.04913174759264003,EXP_DEnsembleModel_Alpha158_csi300_custom_step0_s_20260911_16,77d33397b6994173926dc730901018c3,0.101,,,
3608,2026-09-11,SH600061,0.0006669558995726536,EXP_DEnsembleModel_Alpha158_csi300_custom_step0_s_20260911_16,77d33397b6994173926dc730901018c3,0.101,,,
3609,2026-09-11,SZ300999,-0.027942005064364256,EXP_DEnsembleModel_Alpha158_csi300_custom_step0_s_20260911_16,6c9cafb99e3645ccb7f124e1db9b22d7,0.094,,,
3610,2026-09-11,SH600050,0.06452253838880592,EXP_DEnsembleModel_Alpha158_csi300_custom_step0_s_20260911_16,77d33397b6994173926dc730901018c3,0.101,,,
3611,2026-09-11,SH600039,0.07387779025811586,EXP_DEnsembleModel_Alpha158_csi300_custom_step0_s_20260911_16,77d33397b6994173926dc730901018c3,0.101,,,
3612,2026-09-11,SH600036,0.05453396847953409,EXP_DEnsembleModel_Alpha158_csi300_custom_step0_s_20260911_16,77d33397b6994173926dc730901018c3,0.101,,,
3613,2026-09-11,SH600031,0.03214684031412419,EXP_DEnsembleModel_Alpha158_csi300_custom_step0_s_20260911_16,77d33397b6994173926dc730901018c3,0.101,,,
3614,2026-09-11,SH600030,0.04286782368199663,EXP_DEnsembleModel_Alpha158_csi300_custom_step0_s_20260911_16,77d33397b6994173926dc730901018c3,0.101,,,
3615,2026-09-11,SH600029,0.0466714691006474,EXP_DEnsembleModel_Alpha158_csi300_custom_step0_s_20260911_16,77d33397b6994173926dc730901018c3,0.101,,,
3616,2026-09-11,SH600028,0.010845899112206103,EXP_DEnsembleModel_Alpha158_csi300_custom_step0_s_20260911_16,77d33397b6994173926dc730901018c3,0.101,,,
3617,2026-09-11,SH600048,-0.014395660568395526,EXP_DEnsembleModel_Alpha158_csi300_custom_step0_s_20260911_16,77d33397b6994173926dc730901018c3,0.101,,,
3618,2026-09-11,SZ300896,-0.13007316780429726,EXP_DEnsembleModel_Alpha158_csi300_custom_step0_s_20260911_16,6c9cafb99e3645ccb7f124e1db9b22d7,0.094,,,
3619,2026-09-11,SZ300866,0.012175269082387133,EXP_DEnsembleModel_Alpha158_csi300_custom_step0_s_20260911_16,6c9cafb99e3645ccb7f124e1db9b22d7,0.094,,,
3620,2026-09-11,SZ300832,0.08153890398072267,EXP_DEnsembleModel_Alpha158_csi300_custom_step0_s_20260911_16,6c9cafb99e3645ccb7f124e1db9b22d7,0.094,,,
3621,2026-09-11,SZ300251,-0.03942276372503817,EXP_DEnsembleModel_Alpha158_csi300_custom_step0_s_20260911_16,6c9cafb99e3645ccb7f124e1db9b22d7,0.094,,,
3622,2026-09-11,SZ300124,-0.0707494529477874,EXP_DEnsembleModel_Alpha158_csi300_custom_step0_s_20260911_16,6c9cafb99e3645ccb7f124e1db9b22d7,0.094,,,
3623,2026-09-11,SZ300122,0.014926927125177965,EXP_DEnsembleModel_Alpha158_csi300_custom_step0_s_20260911_16,6c9cafb99e3645ccb7f124e1db9b22d7,0.094,,,
3624,2026-09-11,SZ300059,-0.041073678896140976,EXP_DEnsembleModel_Alpha158_csi300_custom_step0_s_20260911_16,6c9cafb99e3645ccb7f124e1db9b22d7,0.094,,,
3625,2026-09-11,SZ300033,-0.13020200753186262,EXP_DEnsembleModel_Alpha158_csi300_custom_step0_s_20260911_16,6c9cafb99e3645ccb7f124e1db9b22d7,0.094,,,
3626,2026-09-11,SZ300015,0.022100928057101902,EXP_DEnsembleModel_Alpha158_csi300_custom_step0_s_20260911_16,6c9cafb99e3645ccb7f124e1db9b22d7,0.094,,,
3627,2026-09-11,SZ300274,0.1293991411940669,EXP_DEnsembleModel_Alpha158_csi300_custom_step0_s_20260911_16,6c9cafb99e3645ccb7f124e1db9b22d7,0.094,,,
3628,2026-09-11,SZ300014,0.06224967033875594,EXP_DEnsembleModel_Alpha158_csi300_custom_step0_s_20260911_16,6c9cafb99e3645ccb7f124e1db9b22d7,0.094,,,
3629,2026-09-11,SZ002938,-0.20456136972118083,EXP_DEnsembleModel_Alpha158_csi300_custom_step0_s_20260911_16,6c9cafb99e3645ccb7f124e1db9b22d7,0.094,,,
3630,2026-09-11,SZ002920,-0.11064298601291578,EXP_DEnsembleModel_Alpha158_csi300_custom_step0_s_20260911_16,6c9cafb99e3645ccb7f124e1db9b22d7,0.094,,,
3631,2026-09-11,SZ002916,-0.2145129874215769,EXP_DEnsembleModel_Alpha158_csi300_custom_step0_s_20260911_16,6c9cafb99e3645ccb7f124e1db9b22d7,0.094,,,
3632,2026-09-11,SZ002837,0.017253396596321424,EXP_DEnsembleModel_Alpha158_csi300_custom_step0_s_20260911_16,6c9cafb99e3645ccb7f124e1db9b22d7,0.094,,,
3633,2026-09-11,SZ002736,0.03735502535566125,EXP_DEnsembleModel_Alpha158_csi300_custom_step0_s_20260911_16,6c9cafb99e3645ccb7f124e1db9b22d7,0.094,,,
3634,2026-09-11,SZ002714,0.02112788629851991,EXP_DEnsembleModel_Alpha158_csi300_custom_step0_s_20260911_16,6c9cafb99e3645ccb7f124e1db9b22d7,0.094,,,
3635,2026-09-11,SZ003816,0.04252167543788298,EXP_DEnsembleModel_Alpha158_csi300_custom_step0_s_20260911_16,6c9cafb99e3645ccb7f124e1db9b22d7,0.094,,,
3636,2026-09-11,SH603993,-0.0777475506446719,EXP_DEnsembleModel_Alpha158_csi300_custom_step0_s_20260911_16,77d33397b6994173926dc730901018c3,0.101,,,
3637,2026-09-11,SZ300308,-0.04021445523237377,EXP_DEnsembleModel_Alpha158_csi300_custom_step0_s_20260911_16,6c9cafb99e3645ccb7f124e1db9b22d7,0.094,,,
3638,2026-09-11,SZ300394,-0.14424064357679645,EXP_DEnsembleModel_Alpha158_csi300_custom_step0_s_20260911_16,6c9cafb99e3645ccb7f124e1db9b22d7,0.094,,,
3639,2026-09-11,SZ300803,-0.1342497051485597,EXP_DEnsembleModel_Alpha158_csi300_custom_step0_s_20260911_16,6c9cafb99e3645ccb7f124e1db9b22d7,0.094,,,
3640,2026-09-11,SZ300760,0.12063436505541862,EXP_DEnsembleModel_Alpha158_csi300_custom_step0_s_20260911_16,6c9cafb99e3645ccb7f124e1db9b22d7,0.094,,,
3641,2026-09-11,SZ300750,0.012831634437156928,EXP_DEnsembleModel_Alpha158_csi300_custom_step0_s_20260911_16,6c9cafb99e3645ccb7f124e1db9b22d7,0.094,,,
3642,2026-09-11,SZ300661,-0.11762156184540583,EXP_DEnsembleModel_Alpha158_csi300_custom_step0_s_20260911_16,6c9cafb99e3645ccb7f124e1db9b22d7,0.094,,,
3643,2026-09-11,SZ300628,0.051907295052892426,EXP_DEnsembleModel_Alpha158_csi300_custom_step0_s_20260911_16,6c9cafb99e3645ccb7f124e1db9b22d7,0.094,,,
3644,2026-09-11,SZ300502,-0.03669797099262548,EXP_DEnsembleModel_Alpha158_csi300_custom_step0_s_20260911_16,6c9cafb99e3645ccb7f124e1db9b22d7,0.094,,,
3645,2026-09-11,SZ300316,-0.045833532863371274,EXP_DEnsembleModel_Alpha158_csi300_custom_step0_s_20260911_16,6c9cafb99e3645ccb7f124e1db9b22d7,0.094,,,
3646,2026-09-11,SZ300498,0.06944423484977753,EXP_DEnsembleModel_Alpha158_csi300_custom_step0_s_20260911_16,6c9cafb99e3645ccb7f124e1db9b22d7,0.094,,,
3647,2026-09-11,SZ300450,-0.03216025313575204,EXP_DEnsembleModel_Alpha158_csi300_custom_step0_s_20260911_16,6c9cafb99e3645ccb7f124e1db9b22d7,0.094,,,
3648,2026-09-11,SZ300442,-0.03315884876500402,EXP_DEnsembleModel_Alpha158_csi300_custom_step0_s_20260911_16,6c9cafb99e3645ccb7f124e1db9b22d7,0.094,,,
3649,2026-09-11,SZ300433,-0.05700926090656197,EXP_DEnsembleModel_Alpha158_csi300_custom_step0_s_20260911_16,6c9cafb99e3645ccb7f124e1db9b22d7,0.094,,,
3650,2026-09-11,SZ300418,-0.06522000957145013,EXP_DEnsembleModel_Alpha158_csi300_custom_step0_s_20260911_16,6c9cafb99e3645ccb7f124e1db9b22d7,0.094,,,
3651,2026-09-11,SZ300413,0.20414183241813175,EXP_DEnsembleModel_Alpha158_csi300_custom_step0_s_20260911_16,6c9cafb99e3645ccb7f124e1db9b22d7,0.094,,,
3652,2026-09-11,SZ300408,-0.025471521631411878,EXP_DEnsembleModel_Alpha158_csi300_custom_step0_s_20260911_16,6c9cafb99e3645ccb7f124e1db9b22d7,0.094,,,
3653,2026-09-11,SZ300476,0.001314906955919895,EXP_DEnsembleModel_Alpha158_csi300_custom_step0_s_20260911_16,6c9cafb99e3645ccb7f124e1db9b22d7,0.094,,,
3654,2026-09-11,SH605117,-0.15127550936369022,EXP_DEnsembleModel_Alpha158_csi300_custom_step0_s_20260911_16,77d33397b6994173926dc730901018c3,0.101,,,
3655,2026-09-11,SH605499,-0.14421357154425762,EXP_DEnsembleModel_Alpha158_csi300_custom_step0_s_20260911_16,77d33397b6994173926dc730901018c3,0.101,,,
3656,2026-09-11,SH688008,-0.007986049771708128,EXP_DEnsembleModel_Alpha158_csi300_custom_step0_s_20260911_16,77d33397b6994173926dc730901018c3,0.101,,,
3657,2026-09-11,SH600438,-0.15180416430318558,EXP_DEnsembleModel_Alpha158_csi300_custom_step0_s_20260911_16,ddbd9d9d28da40678dc72052e40c0d00,0.033,,,
3658,2026-09-11,SH600460,-0.03498320527399094,EXP_DEnsembleModel_Alpha158_csi300_custom_step0_s_20260911_16,ddbd9d9d28da40678dc72052e40c0d00,0.033,,,
3659,2026-09-11,SH600482,-0.026693824178694328,EXP_DEnsembleModel_Alpha158_csi300_custom_step0_s_20260911_16,ddbd9d9d28da40678dc72052e40c0d00,0.033,,,
3660,2026-09-11,SH600489,0.0795323079023387,EXP_DEnsembleModel_Alpha158_csi300_custom_step0_s_20260911_16,ddbd9d9d28da40678dc72052e40c0d00,0.033,,,
3661,2026-09-11,SH600515,-0.023768361107273796,EXP_DEnsembleModel_Alpha158_csi300_custom_step0_s_20260911_16,ddbd9d9d28da40678dc72052e40c0d00,0.033,,,
3662,2026-09-11,SH600519,0.03957753311230509,EXP_DEnsembleModel_Alpha158_csi300_custom_step0_s_20260911_16,ddbd9d9d28da40678dc72052e40c0d00,0.033,,,
3663,2026-09-11,SH600522,-0.021274751796137168,EXP_DEnsembleModel_Alpha158_csi300_custom_step0_s_20260911_16,ddbd9d9d28da40678dc72052e40c0d00,0.033,,,
3664,2026-09-11,SH600547,0.08075779086779944,EXP_DEnsembleModel_Alpha158_csi300_custom_step0_s_20260911_16,ddbd9d9d28da40678dc72052e40c0d00,0.033,,,
3665,2026-09-11,SH600549,-0.030537287785914535,EXP_DEnsembleModel_Alpha158_csi300_custom_step0_s_20260911_16,ddbd9d9d28da40678dc72052e40c0d00,0.033,,,
3666,2026-09-11,SH600570,-0.15276887800382596,EXP_DEnsembleModel_Alpha158_csi300_custom_step0_s_20260911_16,ddbd9d9d28da40678dc72052e40c0d00,0.033,,,
3667,2026-09-11,SH600584,0.10262219243342728,EXP_DEnsembleModel_Alpha158_csi300_custom_step0_s_20260911_16,ddbd9d9d28da40678dc72052e40c0d00,0.033,,,
3668,2026-09-11,SH600585,-0.012608078894019843,EXP_DEnsembleModel_Alpha158_csi300_custom_step0_s_20260911_16,ddbd9d9d28da40678dc72052e40c0d00,0.033,,,
3669,2026-09-11,SH600588,0.03508376921756844,EXP_DEnsembleModel_Alpha158_csi300_custom_step0_s_20260911_16,ddbd9d9d28da40678dc72052e40c0d00,0.033,,,
3670,2026-09-11,SH600600,0.010007579664612442,EXP_DEnsembleModel_Alpha158_csi300_custom_step0_s_20260911_16,ddbd9d9d28da40678dc72052e40c0d00,0.033,,,
3671,2026-09-11,SH600660,-0.05735393249696471,EXP_DEnsembleModel_Alpha158_csi300_custom_step0_s_20260911_16,ddbd9d9d28da40678dc72052e40c0d00,0.033,,,
3672,2026-09-11,SH600674,0.09463518599402065,EXP_DEnsembleModel_Alpha158_csi300_custom_step0_s_20260911_16,ddbd9d9d28da40678dc72052e40c0d00,0.033,,,
3673,2026-09-11,SH600690,0.034487980657538234,EXP_DEnsembleModel_Alpha158_csi300_custom_step0_s_20260911_16,ddbd9d9d28da40678dc72052e40c0d00,0.033,,,
3674,2026-09-11,SH600919,0.09103294319773939,EXP_DEnsembleModel_Alpha158_csi300_custom_step0_s_20260911_16,ddbd9d9d28da40678dc72052e40c0d00,0.033,,,
3675,2026-09-11,SH600918,-0.06430610151547637,EXP_DEnsembleModel_Alpha158_csi300_custom_step0_s_20260911_16,ddbd9d9d28da40678dc72052e40c0d00,0.033,,,
3676,2026-09-11,SH600905,0.019334918131508703,EXP_DEnsembleModel_Alpha158_csi300_custom_step0_s_20260911_16,ddbd9d9d28da40678dc72052e40c0d00,0.033,,,
3677,2026-09-11,SH600900,0.13388861236733618,EXP_DEnsembleModel_Alpha158_csi300_custom_step0_s_20260911_16,ddbd9d9d28da40678dc72052e40c0d00,0.033,,,
3678,2026-09-11,SH600893,-0.06917539058241988,EXP_DEnsembleModel_Alpha158_csi300_custom_step0_s_20260911_16,ddbd9d9d28da40678dc72052e40c0d00,0.033,,,
3679,2026-09-11,SH600887,0.11154969852130965,EXP_DEnsembleModel_Alpha158_csi300_custom_step0_s_20260911_16,ddbd9d9d28da40678dc72052e40c0d00,0.033,,,
3680,2026-09-11,SH600436,-0.007388345546759465,EXP_DEnsembleModel_Alpha158_csi300_custom_step0_s_20260911_16,ddbd9d9d28da40678dc72052e40c0d00,0.033,,,
3681,2026-09-11,SH600886,0.06653754065550095,EXP_DEnsembleModel_Alpha158_csi300_custom_step0_s_20260911_16,ddbd9d9d28da40678dc72052e40c0d00,0.033,,,
3682,2026-09-11,SH600845,-0.059718093877726156,EXP_DEnsembleModel_Alpha158_csi300_custom_step0_s_20260911_16,ddbd9d9d28da40678dc72052e40c0d00,0.033,,,
3683,2026-09-11,SH600809,-0.11714412271131956,EXP_DEnsembleModel_Alpha158_csi300_custom_step0_s_20260911_16,ddbd9d9d28da40678dc72052e40c0d00,0.033,,,
3684,2026-09-11,SH600803,0.11517185052760628,EXP_DEnsembleModel_Alpha158_csi300_custom_step0_s_20260911_16,ddbd9d9d28da40678dc72052e40c0d00,0.033,,,
3685,2026-09-11,SH600795,0.016716934580238103,EXP_DEnsembleModel_Alpha158_csi300_custom_step0_s_20260911_16,ddbd9d9d28da40678dc72052e40c0d00,0.033,,,
3686,2026-09-11,SH600760,0.05832937814994616,EXP_DEnsembleModel_Alpha158_csi300_custom_step0_s_20260911_16,ddbd9d9d28da40678dc72052e40c0d00,0.033,,,
3687,2026-09-11,SH600741,0.006945696247494487,EXP_DEnsembleModel_Alpha158_csi300_custom_step0_s_20260911_16,ddbd9d9d28da40678dc72052e40c0d00,0.033,,,
3688,2026-09-11,SH600875,-0.07614498483100847,EXP_DEnsembleModel_Alpha158_csi300_custom_step0_s_20260911_16,ddbd9d9d28da40678dc72052e40c0d00,0.033,,,
3689,2026-09-11,SH600926,0.09549568999819813,EXP_DEnsembleModel_Alpha158_csi300_custom_step0_s_20260911_16,ddbd9d9d28da40678dc72052e40c0d00,0.033,,,
3690,2026-09-11,SH600426,-0.10400380342144029,EXP_DEnsembleModel_Alpha158_csi300_custom_step0_s_20260911_16,ddbd9d9d28da40678dc72052e40c0d00,0.033,,,
3691,2026-09-11,SH600406,-0.02712876495226674,EXP_DEnsembleModel_Alpha158_csi300_custom_step0_s_20260911_16,ddbd9d9d28da40678dc72052e40c0d00,0.033,,,
3692,2026-09-11,SH600027,0.02090468645650954,EXP_DEnsembleModel_Alpha158_csi300_custom_step0_s_20260911_16,ddbd9d9d28da40678dc72052e40c0d00,0.033,,,
3693,2026-09-11,SH600028,0.05779702575143666,EXP_DEnsembleModel_Alpha158_csi300_custom_step0_s_20260911_16,ddbd9d9d28da40678dc72052e40c0d00,0.033,,,
3694,2026-09-11,SH600029,0.021050843956387625,EXP_DEnsembleModel_Alpha158_csi300_custom_step0_s_20260911_16,ddbd9d9d28da40678dc72052e40c0d00,0.033,,,
3695,2026-09-11,SH600030,-0.02202908422562666,EXP_DEnsembleModel_Alpha158_csi300_custom_step0_s_20260911_16,ddbd9d9d28da40678dc72052e40c0d00,0.033,,,
3696,2026-09-11,SH600031,0.03023828879207306,EXP_DEnsembleModel_Alpha158_csi300_custom_step0_s_20260911_16,ddbd9d9d28da40678dc72052e40c0d00,0.033,,,
3697,2026-09-11,SH600036,0.05432368328932192,EXP_DEnsembleModel_Alpha158_csi300_custom_step0_s_20260911_16,ddbd9d9d28da40678dc72052e40c0d00,0.033,,,
3698,2026-09-11,SH600039,0.014346502236385169,EXP_DEnsembleModel_Alpha158_csi300_custom_step0_s_20260911_16,ddbd9d9d28da40678dc72052e40c0d00,0.033,,,
3699,2026-09-11,SH600048,-0.05876466271719686,EXP_DEnsembleModel_Alpha158_csi300_custom_step0_s_20260911_16,ddbd9d9d28da40678dc72052e40c0d00,0.033,,,
3700,2026-09-11,SH600050,0.0580146611715819,EXP_DEnsembleModel_Alpha158_csi300_custom_step0_s_20260911_16,ddbd9d9d28da40678dc72052e40c0d00,0.033,,,
3701,2026-09-11,SH600061,0.016572478862941286,EXP_DEnsembleModel_Alpha158_csi300_custom_step0_s_20260911_16,ddbd9d9d28da40678dc72052e40c0d00,0.033,,,
3702,2026-09-11,SH600066,-0.07240929500052848,EXP_DEnsembleModel_Alpha158_csi300_custom_step0_s_20260911_16,ddbd9d9d28da40678dc72052e40c0d00,0.033,,,
3703,2026-09-11,SH600085,-0.004752681353335745,EXP_DEnsembleModel_Alpha158_csi300_custom_step0_s_20260911_16,ddbd9d9d28da40678dc72052e40c0d00,0.033,,,
3704,2026-09-11,SH600089,-0.022255303542081804,EXP_DEnsembleModel_Alpha158_csi300_custom_step0_s_20260911_16,ddbd9d9d28da40678dc72052e40c0d00,0.033,,,
3705,2026-09-11,SH600104,0.12389332329312132,EXP_DEnsembleModel_Alpha158_csi300_custom_step0_s_20260911_16,ddbd9d9d28da40678dc72052e40c0d00,0.033,,,
3706,2026-09-11,SH600111,-0.0781192828501585,EXP_DEnsembleModel_Alpha158_csi300_custom_step0_s_20260911_16,ddbd9d9d28da40678dc72052e40c0d00,0.033,,,
3707,2026-09-11,SH600115,-0.017059100009883404,EXP_DEnsembleModel_Alpha158_csi300_custom_step0_s_20260911_16,ddbd9d9d28da40678dc72052e40c0d00,0.033,,,
3708,2026-09-11,SH600118,0.0837382807491411,EXP_DEnsembleModel_Alpha158_csi300_custom_step0_s_20260911_16,ddbd9d9d28da40678dc72052e40c0d00,0.033,,,
3709,2026-09-11,SH600372,0.006117266057539249,EXP_DEnsembleModel_Alpha158_csi300_custom_step0_s_20260911_16,ddbd9d9d28da40678dc72052e40c0d00,0.033,,,
3710,2026-09-11,SH600362,-0.049751931096812314,EXP_DEnsembleModel_Alpha158_csi300_custom_step0_s_20260911_16,ddbd9d9d28da40678dc72052e40c0d00,0.033,,,
3711,2026-09-11,SH600346,-0.12624954066322777,EXP_DEnsembleModel_Alpha158_csi300_custom_step0_s_20260911_16,ddbd9d9d28da40678dc72052e40c0d00,0.033,,,
3712,2026-09-11,SH600309,0.058641460240898155,EXP_DEnsembleModel_Alpha158_csi300_custom_step0_s_20260911_16,ddbd9d9d28da40678dc72052e40c0d00,0.033,,,
3713,2026-09-11,SH600276,0.11435282655647364,EXP_DEnsembleModel_Alpha158_csi300_custom_step0_s_20260911_16,ddbd9d9d28da40678dc72052e40c0d00,0.033,,,
3714,2026-09-11,SH600233,-0.17089395510331312,EXP_DEnsembleModel_Alpha158_csi300_custom_step0_s_20260911_16,ddbd9d9d28da40678dc72052e40c0d00,0.033,,,
3715,2026-09-11,SH600415,-0.08908807145035331,EXP_DEnsembleModel_Alpha158_csi300_custom_step0_s_20260911_16,ddbd9d9d28da40678dc72052e40c0d00,0.033,,,
3716,2026-09-11,SH600221,0.0257235210209876,EXP_DEnsembleModel_Alpha158_csi300_custom_step0_s_20260911_16,ddbd9d9d28da40678dc72052e40c0d00,0.033,,,
3717,2026-09-11,SH600196,-0.15336372015116678,EXP_DEnsembleModel_Alpha158_csi300_custom_step0_s_20260911_16,ddbd9d9d28da40678dc72052e40c0d00,0.033,,,
3718,2026-09-11,SH600188,-0.01564903784344749,EXP_DEnsembleModel_Alpha158_csi300_custom_step0_s_20260911_16,ddbd9d9d28da40678dc72052e40c0d00,0.033,,,
3719,2026-09-11,SH600183,-0.009010827736191824,EXP_DEnsembleModel_Alpha158_csi300_custom_step0_s_20260911_16,ddbd9d9d28da40678dc72052e40c0d00,0.033,,,
3720,2026-09-11,SH600176,0.016340947085515183,EXP_DEnsembleModel_Alpha158_csi300_custom_step0_s_20260911_16,ddbd9d9d28da40678dc72052e40c0d00,0.033,,,
3721,2026-09-11,SH600160,-0.08246713399710891,EXP_DEnsembleModel_Alpha158_csi300_custom_step0_s_20260911_16,ddbd9d9d28da40678dc72052e40c0d00,0.033,,,
3722,2026-09-11,SH600150,0.07144910758086741,EXP_DEnsembleModel_Alpha158_csi300_custom_step0_s_20260911_16,ddbd9d9d28da40678dc72052e40c0d00,0.033,,,
3723,2026-09-11,SH600219,-0.0013671250736290738,EXP_DEnsembleModel_Alpha158_csi300_custom_step0_s_20260911_16,ddbd9d9d28da40678dc72052e40c0d00,0.033,,,
3724,2026-09-11,SH600930,0.02629342048173858,EXP_DEnsembleModel_Alpha158_csi300_custom_step0_s_20260911_16,ddbd9d9d28da40678dc72052e40c0d00,0.033,,,
3725,2026-09-11,SH600938,0.09781382060272903,EXP_DEnsembleModel_Alpha158_csi300_custom_step0_s_20260911_16,ddbd9d9d28da40678dc72052e40c0d00,0.033,,,
3726,2026-09-11,SH600941,0.10226694758207676,EXP_DEnsembleModel_Alpha158_csi300_custom_step0_s_20260911_16,ddbd9d9d28da40678dc72052e40c0d00,0.033,,,
3727,2026-09-11,SH601600,-0.05471605736027127,EXP_DEnsembleModel_Alpha158_csi300_custom_step0_s_20260911_16,ddbd9d9d28da40678dc72052e40c0d00,0.033,,,
3728,2026-09-11,SH601601,-0.03327778071814618,EXP_DEnsembleModel_Alpha158_csi300_custom_step0_s_20260911_16,ddbd9d9d28da40678dc72052e40c0d00,0.033,,,
3729,2026-09-11,SH601607,0.09683811235683236,EXP_DEnsembleModel_Alpha158_csi300_custom_step0_s_20260911_16,ddbd9d9d28da40678dc72052e40c0d00,0.033,,,
3730,2026-09-11,SH601618,0.02108972392000098,EXP_DEnsembleModel_Alpha158_csi300_custom_step0_s_20260911_16,ddbd9d9d28da40678dc72052e40c0d00,0.033,,,
3731,2026-09-11,SH601628,0.03417088124722514,EXP_DEnsembleModel_Alpha158_csi300_custom_step0_s_20260911_16,ddbd9d9d28da40678dc72052e40c0d00,0.033,,,
3732,2026-09-11,SH601633,-0.008693380221484175,EXP_DEnsembleModel_Alpha158_csi300_custom_step0_s_20260911_16,ddbd9d9d28da40678dc72052e40c0d00,0.033,,,
3733,2026-09-11,SH601658,0.037013190372248046,EXP_DEnsembleModel_Alpha158_csi300_custom_step0_s_20260911_16,ddbd9d9d28da40678dc72052e40c0d00,0.033,,,
3734,2026-09-11,SH601668,0.03893340256033393,EXP_DEnsembleModel_Alpha158_csi300_custom_step0_s_20260911_16,ddbd9d9d28da40678dc72052e40c0d00,0.033,,,
3735,2026-09-11,SH601669,0.03372455516289793,EXP_DEnsembleModel_Alpha158_csi300_custom_step0_s_20260911_16,ddbd9d9d28da40678dc72052e40c0d00,0.033,,,
3736,2026-09-11,SH601688,0.02022446495884311,EXP_DEnsembleModel_Alpha158_csi300_custom_step0_s_20260911_16,ddbd9d9d28da40678dc72052e40c0d00,0.033,,,
3737,2026-09-11,SH601689,-0.12989290806283402,EXP_DEnsembleModel_Alpha158_csi300_custom_step0_s_20260911_16,ddbd9d9d28da40678dc72052e40c0d00,0.033,,,
3738,2026-09-11,SH601698,0.03888961432561121,EXP_DEnsembleModel_Alpha158_csi300_custom_step0_s_20260911_16,ddbd9d9d28da40678dc72052e40c0d00,0.033,,,
3739,2026-09-11,SH601727,0.02810916851245813,EXP_DEnsembleModel_Alpha158_csi300_custom_step0_s_20260911_16,ddbd9d9d28da40678dc72052e40c0d00,0.033,,,
3740,2026-09-11,SH601728,0.13814250208598514,EXP_DEnsembleModel_Alpha158_csi300_custom_step0_s_20260911_16,ddbd9d9d28da40678dc72052e40c0d00,0.033,,,
3741,2026-09-11,SH601766,0.07518333453744123,EXP_DEnsembleModel_Alpha158_csi300_custom_step0_s_20260911_16,ddbd9d9d28da40678dc72052e40c0d00,0.033,,,
3742,2026-09-11,SH601788,-0.05995229438034536,EXP_DEnsembleModel_Alpha158_csi300_custom_step0_s_20260911_16,ddbd9d9d28da40678dc72052e40c0d00,0.033,,,
3743,2026-09-11,SH601800,0.0688790294907735,EXP_DEnsembleModel_Alpha158_csi300_custom_step0_s_20260911_16,ddbd9d9d28da40678dc72052e40c0d00,0.033,,,
3744,2026-09-11,SH601901,0.009705906732071242,EXP_DEnsembleModel_Alpha158_csi300_custom_step0_s_20260911_16,ddbd9d9d28da40678dc72052e40c0d00,0.033,,,
3745,2026-09-11,SH601899,0.008239822069747424,EXP_DEnsembleModel_Alpha158_csi300_custom_step0_s_20260911_16,ddbd9d9d28da40678dc72052e40c0d00,0.033,,,
3746,2026-09-11,SH601898,-0.012887316250721714,EXP_DEnsembleModel_Alpha158_csi300_custom_step0_s_20260911_16,ddbd9d9d28da40678dc72052e40c0d00,0.033,,,
3747,2026-09-11,SH601888,-0.036508735077495164,EXP_DEnsembleModel_Alpha158_csi300_custom_step0_s_20260911_16,ddbd9d9d28da40678dc72052e40c0d00,0.033,,,
3748,2026-09-11,SH601881,-0.0461745509371741,EXP_DEnsembleModel_Alpha158_csi300_custom_step0_s_20260911_16,ddbd9d9d28da40678dc72052e40c0d00,0.033,,,
3749,2026-09-11,SH601878,-0.05043070101876349,EXP_DEnsembleModel_Alpha158_csi300_custom_step0_s_20260911_16,ddbd9d9d28da40678dc72052e40c0d00,0.033,,,
3750,2026-09-11,SH601456,-0.020766036064043272,EXP_DEnsembleModel_Alpha158_csi300_custom_step0_s_20260911_16,ddbd9d9d28da40678dc72052e40c0d00,0.033,,,
3751,2026-09-11,SH601877,-0.05732154410725628,EXP_DEnsembleModel_Alpha158_csi300_custom_step0_s_20260911_16,ddbd9d9d28da40678dc72052e40c0d00,0.033,,,
3752,2026-09-11,SH601868,0.038493948423739884,EXP_DEnsembleModel_Alpha158_csi300_custom_step0_s_20260911_16,ddbd9d9d28da40678dc72052e40c0d00,0.033,,,
3753,2026-09-11,SH601857,0.14603979898634012,EXP_DEnsembleModel_Alpha158_csi300_custom_step0_s_20260911_16,ddbd9d9d28da40678dc72052e40c0d00,0.033,,,
3754,2026-09-11,SH601838,-0.029542670636793424,EXP_DEnsembleModel_Alpha158_csi300_custom_step0_s_20260911_16,ddbd9d9d28da40678dc72052e40c0d00,0.033,,,
3755,2026-09-11,SH601825,0.1014311278335547,EXP_DEnsembleModel_Alpha158_csi300_custom_step0_s_20260911_16,ddbd9d9d28da40678dc72052e40c0d00,0.033,,,
3756,2026-09-11,SH601818,0.031282175359406764,EXP_DEnsembleModel_Alpha158_csi300_custom_step0_s_20260911_16,ddbd9d9d28da40678dc72052e40c0d00,0.033,,,
3757,2026-09-11,SH601816,0.056429903390949665,EXP_DEnsembleModel_Alpha158_csi300_custom_step0_s_20260911_16,ddbd9d9d28da40678dc72052e40c0d00,0.033,,,
3758,2026-09-11,SH601872,-0.11515410490165977,EXP_DEnsembleModel_Alpha158_csi300_custom_step0_s_20260911_16,ddbd9d9d28da40678dc72052e40c0d00,0.033,,,
3759,2026-09-11,SH601398,0.07084788515211321,EXP_DEnsembleModel_Alpha158_csi300_custom_step0_s_20260911_16,ddbd9d9d28da40678dc72052e40c0d00,0.033,,,
3760,2026-09-11,SH601390,0.08538211345380131,EXP_DEnsembleModel_Alpha158_csi300_custom_step0_s_20260911_16,ddbd9d9d28da40678dc72052e40c0d00,0.033,,,
3761,2026-09-11,SH601377,0.007805893063285609,EXP_DEnsembleModel_Alpha158_csi300_custom_step0_s_20260911_16,ddbd9d9d28da40678dc72052e40c0d00,0.033,,,
3762,2026-09-11,SH601100,0.039598526159937315,EXP_DEnsembleModel_Alpha158_csi300_custom_step0_s_20260911_16,ddbd9d9d28da40678dc72052e40c0d00,0.033,,,
3763,2026-09-11,SH601088,0.03874904475538479,EXP_DEnsembleModel_Alpha158_csi300_custom_step0_s_20260911_16,ddbd9d9d28da40678dc72052e40c0d00,0.033,,,
3764,2026-09-11,SH601077,0.0153668472753237,EXP_DEnsembleModel_Alpha158_csi300_custom_step0_s_20260911_16,ddbd9d9d28da40678dc72052e40c0d00,0.033,,,
3765,2026-09-11,SH601066,-0.08194131720223052,EXP_DEnsembleModel_Alpha158_csi300_custom_step0_s_20260911_16,ddbd9d9d28da40678dc72052e40c0d00,0.033,,,
3766,2026-09-11,SH601059,-0.09266551840704662,EXP_DEnsembleModel_Alpha158_csi300_custom_step0_s_20260911_16,ddbd9d9d28da40678dc72052e40c0d00,0.033,,,
3767,2026-09-11,SH601058,0.0012167170297816097,EXP_DEnsembleModel_Alpha158_csi300_custom_step0_s_20260911_16,ddbd9d9d28da40678dc72052e40c0d00,0.033,,,
3768,2026-09-11,SH601111,0.02199044756855673,EXP_DEnsembleModel_Alpha158_csi300_custom_step0_s_20260911_16,ddbd9d9d28da40678dc72052e40c0d00,0.033,,,
3769,2026-09-11,SH601021,0.003216290953310556,EXP_DEnsembleModel_Alpha158_csi300_custom_step0_s_20260911_16,ddbd9d9d28da40678dc72052e40c0d00,0.033,,,
3770,2026-09-11,SH601012,-0.13295649147516517,EXP_DEnsembleModel_Alpha158_csi300_custom_step0_s_20260911_16,ddbd9d9d28da40678dc72052e40c0d00,0.033,,,
3771,2026-09-11,SH601009,0.04352480816511906,EXP_DEnsembleModel_Alpha158_csi300_custom_step0_s_20260911_16,ddbd9d9d28da40678dc72052e40c0d00,0.033,,,
3772,2026-09-11,SH601006,0.10969371432685608,EXP_DEnsembleModel_Alpha158_csi300_custom_step0_s_20260911_16,ddbd9d9d28da40678dc72052e40c0d00,0.033,,,
3773,2026-09-11,SH600999,-0.12717030271224422,EXP_DEnsembleModel_Alpha158_csi300_custom_step0_s_20260911_16,ddbd9d9d28da40678dc72052e40c0d00,0.033,,,
3774,2026-09-11,SH600989,0.09519388820207143,EXP_DEnsembleModel_Alpha158_csi300_custom_step0_s_20260911_16,ddbd9d9d28da40678dc72052e40c0d00,0.033,,,
3775,2026-09-11,SH600958,-0.009240405623943829,EXP_DEnsembleModel_Alpha158_csi300_custom_step0_s_20260911_16,ddbd9d9d28da40678dc72052e40c0d00,0.033,,,
3776,2026-09-11,SH601018,0.12339565338385121,EXP_DEnsembleModel_Alpha158_csi300_custom_step0_s_20260911_16,ddbd9d9d28da40678dc72052e40c0d00,0.033,,,
3777,2026-09-11,SH600026,-0.1649099318128241,EXP_DEnsembleModel_Alpha158_csi300_custom_step0_s_20260911_16,ddbd9d9d28da40678dc72052e40c0d00,0.033,,,
3778,2026-09-11,SH601117,0.024911978996556176,EXP_DEnsembleModel_Alpha158_csi300_custom_step0_s_20260911_16,ddbd9d9d28da40678dc72052e40c0d00,0.033,,,
3779,2026-09-11,SH601136,-0.10570469319489495,EXP_DEnsembleModel_Alpha158_csi300_custom_step0_s_20260911_16,ddbd9d9d28da40678dc72052e40c0d00,0.033,,,
3780,2026-09-11,SH601360,-0.09522288231989869,EXP_DEnsembleModel_Alpha158_csi300_custom_step0_s_20260911_16,ddbd9d9d28da40678dc72052e40c0d00,0.033,,,
3781,2026-09-11,SH601336,-0.09334795454157016,EXP_DEnsembleModel_Alpha158_csi300_custom_step0_s_20260911_16,ddbd9d9d28da40678dc72052e40c0d00,0.033,,,
3782,2026-09-11,SH601328,0.10008213123002949,EXP_DEnsembleModel_Alpha158_csi300_custom_step0_s_20260911_16,ddbd9d9d28da40678dc72052e40c0d00,0.033,,,
3783,2026-09-11,SH601319,0.02802131389451914,EXP_DEnsembleModel_Alpha158_csi300_custom_step0_s_20260911_16,ddbd9d9d28da40678dc72052e40c0d00,0.033,,,
3784,2026-09-11,SH601318,0.04052922125536105,EXP_DEnsembleModel_Alpha158_csi300_custom_step0_s_20260911_16,ddbd9d9d28da40678dc72052e40c0d00,0.033,,,
3785,2026-09-11,SH601288,0.14048197462107334,EXP_DEnsembleModel_Alpha158_csi300_custom_step0_s_20260911_16,ddbd9d9d28da40678dc72052e40c0d00,0.033,,,
3786,2026-09-11,SH601127,0.002073120959749154,EXP_DEnsembleModel_Alpha158_csi300_custom_step0_s_20260911_16,ddbd9d9d28da40678dc72052e40c0d00,0.033,,,
3787,2026-09-11,SH601238,0.03224139589555523,EXP_DEnsembleModel_Alpha158_csi300_custom_step0_s_20260911_16,ddbd9d9d28da40678dc72052e40c0d00,0.033,,,
3788,2026-09-11,SH601225,0.013843779521912907,EXP_DEnsembleModel_Alpha158_csi300_custom_step0_s_20260911_16,ddbd9d9d28da40678dc72052e40c0d00,0.033,,,
3789,2026-09-11,SH601211,-0.03649564523371942,EXP_DEnsembleModel_Alpha158_csi300_custom_step0_s_20260911_16,ddbd9d9d28da40678dc72052e40c0d00,0.033,,,
3790,2026-09-11,SH601186,0.05577164729004557,EXP_DEnsembleModel_Alpha158_csi300_custom_step0_s_20260911_16,ddbd9d9d28da40678dc72052e40c0d00,0.033,,,
3791,2026-09-11,SH601169,0.029897709645212885,EXP_DEnsembleModel_Alpha158_csi300_custom_step0_s_20260911_16,ddbd9d9d28da40678dc72052e40c0d00,0.033,,,
3792,2026-09-11,SH601166,0.05460663616400606,EXP_DEnsembleModel_Alpha158_csi300_custom_step0_s_20260911_16,ddbd9d9d28da40678dc72052e40c0d00,0.033,,,
3793,2026-09-11,SH601138,-0.08086798419238049,EXP_DEnsembleModel_Alpha158_csi300_custom_step0_s_20260911_16,ddbd9d9d28da40678dc72052e40c0d00,0.033,,,
3794,2026-09-11,SH601229,0.12196267052901683,EXP_DEnsembleModel_Alpha158_csi300_custom_step0_s_20260911_16,ddbd9d9d28da40678dc72052e40c0d00,0.033,,,
3795,2026-09-11,SH688981,-0.029324240303247234,EXP_DEnsembleModel_Alpha158_csi300_custom_step0_s_20260911_16,6c9cafb99e3645ccb7f124e1db9b22d7,0.094,,,
3796,2026-09-11,SH600025,0.08184676299193233,EXP_DEnsembleModel_Alpha158_csi300_custom_step0_s_20260911_16,ddbd9d9d28da40678dc72052e40c0d00,0.033,,,
3797,2026-09-11,SH600019,0.10679419652580059,EXP_DEnsembleModel_Alpha158_csi300_custom_step0_s_20260911_16,ddbd9d9d28da40678dc72052e40c0d00,0.033,,,
3798,2026-09-11,SZ000630,-0.09005197503432845,EXP_DEnsembleModel_Alpha158_csi300_custom_step0_s_20260911_16,77d33397b6994173926dc730901018c3,0.101,,,
3799,2026-09-11,SZ000651,0.09167840231816378,EXP_DEnsembleModel_Alpha158_csi300_custom_step0_s_20260911_16,77d33397b6994173926dc730901018c3,0.101,,,
3800,2026-09-11,SZ000657,0.048166161233697755,EXP_DEnsembleModel_Alpha158_csi300_custom_step0_s_20260911_16,77d33397b6994173926dc730901018c3,0.101,,,
3801,2026-09-11,SZ000708,0.09123193552984497,EXP_DEnsembleModel_Alpha158_csi300_custom_step0_s_20260911_16,77d33397b6994173926dc730901018c3,0.101,,,
3802,2026-09-11,SZ000725,-0.010387532895232877,EXP_DEnsembleModel_Alpha158_csi300_custom_step0_s_20260911_16,77d33397b6994173926dc730901018c3,0.101,,,
3803,2026-09-11,SZ000768,-0.046892573075059,EXP_DEnsembleModel_Alpha158_csi300_custom_step0_s_20260911_16,77d33397b6994173926dc730901018c3,0.101,,,
3804,2026-09-11,SZ000776,-0.06822559788955053,EXP_DEnsembleModel_Alpha158_csi300_custom_step0_s_20260911_16,77d33397b6994173926dc730901018c3,0.101,,,
3805,2026-09-11,SZ000792,-0.04278821617633609,EXP_DEnsembleModel_Alpha158_csi300_custom_step0_s_20260911_16,77d33397b6994173926dc730901018c3,0.101,,,
3806,2026-09-11,SZ000807,-0.0958905731168482,EXP_DEnsembleModel_Alpha158_csi300_custom_step0_s_20260911_16,77d33397b6994173926dc730901018c3,0.101,,,
3807,2026-09-11,SZ000858,-0.0022257426292231833,EXP_DEnsembleModel_Alpha158_csi300_custom_step0_s_20260911_16,77d33397b6994173926dc730901018c3,0.101,,,
3808,2026-09-11,SZ000895,0.09350368051365386,EXP_DEnsembleModel_Alpha158_csi300_custom_step0_s_20260911_16,77d33397b6994173926dc730901018c3,0.101,,,
3809,2026-09-11,SZ000938,0.0017906116738104227,EXP_DEnsembleModel_Alpha158_csi300_custom_step0_s_20260911_16,77d33397b6994173926dc730901018c3,0.101,,,
3810,2026-09-11,SZ000963,0.012270489005606393,EXP_DEnsembleModel_Alpha158_csi300_custom_step0_s_20260911_16,77d33397b6994173926dc730901018c3,0.101,,,
3811,2026-09-11,SZ000975,0.09564837401471314,EXP_DEnsembleModel_Alpha158_csi300_custom_step0_s_20260911_16,77d33397b6994173926dc730901018c3,0.101,,,
3812,2026-09-11,SZ000977,0.0032424482769455535,EXP_DEnsembleModel_Alpha158_csi300_custom_step0_s_20260911_16,77d33397b6994173926dc730901018c3,0.101,,,
3813,2026-09-11,SZ000988,-0.13890129582154181,EXP_DEnsembleModel_Alpha158_csi300_custom_step0_s_20260911_16,77d33397b6994173926dc730901018c3,0.101,,,
3814,2026-09-11,SZ000999,0.06443931125045067,EXP_DEnsembleModel_Alpha158_csi300_custom_step0_s_20260911_16,77d33397b6994173926dc730901018c3,0.101,,,
3815,2026-09-11,SZ002230,-0.03817527743836097,EXP_DEnsembleModel_Alpha158_csi300_custom_step0_s_20260911_16,77d33397b6994173926dc730901018c3,0.101,,,
3816,2026-09-11,SZ002202,0.0384749805949197,EXP_DEnsembleModel_Alpha158_csi300_custom_step0_s_20260911_16,77d33397b6994173926dc730901018c3,0.101,,,
3817,2026-09-11,SZ002179,-0.021097140584283892,EXP_DEnsembleModel_Alpha158_csi300_custom_step0_s_20260911_16,77d33397b6994173926dc730901018c3,0.101,,,
3818,2026-09-11,SZ002142,0.016548382065421044,EXP_DEnsembleModel_Alpha158_csi300_custom_step0_s_20260911_16,77d33397b6994173926dc730901018c3,0.101,,,
3819,2026-09-11,SZ002074,-0.1045009013224983,EXP_DEnsembleModel_Alpha158_csi300_custom_step0_s_20260911_16,77d33397b6994173926dc730901018c3,0.101,,,
3820,2026-09-11,SZ002050,-0.027049721233420695,EXP_DEnsembleModel_Alpha158_csi300_custom_step0_s_20260911_16,77d33397b6994173926dc730901018c3,0.101,,,
3821,2026-09-11,SZ000625,0.020807891180670206,EXP_DEnsembleModel_Alpha158_csi300_custom_step0_s_20260911_16,77d33397b6994173926dc730901018c3,0.101,,,
3822,2026-09-11,SZ002049,0.006963495246758393,EXP_DEnsembleModel_Alpha158_csi300_custom_step0_s_20260911_16,77d33397b6994173926dc730901018c3,0.101,,,
3823,2026-09-11,SZ002027,0.06980199395925629,EXP_DEnsembleModel_Alpha158_csi300_custom_step0_s_20260911_16,77d33397b6994173926dc730901018c3,0.101,,,
3824,2026-09-11,SZ002001,0.04615450681547959,EXP_DEnsembleModel_Alpha158_csi300_custom_step0_s_20260911_16,77d33397b6994173926dc730901018c3,0.101,,,
3825,2026-09-11,SZ001979,0.058357353369372124,EXP_DEnsembleModel_Alpha158_csi300_custom_step0_s_20260911_16,77d33397b6994173926dc730901018c3,0.101,,,
3826,2026-09-11,SZ001965,0.05840906035423469,EXP_DEnsembleModel_Alpha158_csi300_custom_step0_s_20260911_16,77d33397b6994173926dc730901018c3,0.101,,,
3827,2026-09-11,SZ001391,7.88677591900221e-05,EXP_DEnsembleModel_Alpha158_csi300_custom_step0_s_20260911_16,77d33397b6994173926dc730901018c3,0.101,,,
3828,2026-09-11,SZ001280,-0.15044594072429926,EXP_DEnsembleModel_Alpha158_csi300_custom_step0_s_20260911_16,77d33397b6994173926dc730901018c3,0.101,,,
3829,2026-09-11,SZ002028,0.12032812908227901,EXP_DEnsembleModel_Alpha158_csi300_custom_step0_s_20260911_16,77d33397b6994173926dc730901018c3,0.101,,,
3830,2026-09-11,SZ002236,0.014178965411100844,EXP_DEnsembleModel_Alpha158_csi300_custom_step0_s_20260911_16,77d33397b6994173926dc730901018c3,0.101,,,
3831,2026-09-11,SZ000617,-0.09012660456071915,EXP_DEnsembleModel_Alpha158_csi300_custom_step0_s_20260911_16,77d33397b6994173926dc730901018c3,0.101,,,
3832,2026-09-11,SZ000568,-0.036036551151330705,EXP_DEnsembleModel_Alpha158_csi300_custom_step0_s_20260911_16,77d33397b6994173926dc730901018c3,0.101,,,
3833,2026-09-11,SH688009,0.07810081168975778,EXP_DEnsembleModel_Alpha158_csi300_custom_step0_s_20260911_16,77d33397b6994173926dc730901018c3,0.101,,,
3834,2026-09-11,SH688012,-0.15136592024124507,EXP_DEnsembleModel_Alpha158_csi300_custom_step0_s_20260911_16,77d33397b6994173926dc730901018c3,0.101,,,
3835,2026-09-11,SH688036,-0.09856397453191458,EXP_DEnsembleModel_Alpha158_csi300_custom_step0_s_20260911_16,77d33397b6994173926dc730901018c3,0.101,,,
3836,2026-09-11,SH688041,0.06271491949398018,EXP_DEnsembleModel_Alpha158_csi300_custom_step0_s_20260911_16,77d33397b6994173926dc730901018c3,0.101,,,
3837,2026-09-11,SH688047,-0.03930779149331465,EXP_DEnsembleModel_Alpha158_csi300_custom_step0_s_20260911_16,77d33397b6994173926dc730901018c3,0.101,,,
3838,2026-09-11,SH688072,-0.03785721216777996,EXP_DEnsembleModel_Alpha158_csi300_custom_step0_s_20260911_16,77d33397b6994173926dc730901018c3,0.101,,,
3839,2026-09-11,SH688082,-0.018769714325171872,EXP_DEnsembleModel_Alpha158_csi300_custom_step0_s_20260911_16,77d33397b6994173926dc730901018c3,0.101,,,
3840,2026-09-11,SH688111,-0.1329184675070274,EXP_DEnsembleModel_Alpha158_csi300_custom_step0_s_20260911_16,77d33397b6994173926dc730901018c3,0.101,,,
3841,2026-09-11,SH688126,0.0026044814103571806,EXP_DEnsembleModel_Alpha158_csi300_custom_step0_s_20260911_16,77d33397b6994173926dc730901018c3,0.101,,,
3842,2026-09-11,SH688183,-0.009647839759680471,EXP_DEnsembleModel_Alpha158_csi300_custom_step0_s_20260911_16,77d33397b6994173926dc730901018c3,0.101,,,
3843,2026-09-11,SH688223,0.060862839231440834,EXP_DEnsembleModel_Alpha158_csi300_custom_step0_s_20260911_16,77d33397b6994173926dc730901018c3,0.101,,,
3844,2026-09-11,SH688256,-0.066531344279219,EXP_DEnsembleModel_Alpha158_csi300_custom_step0_s_20260911_16,77d33397b6994173926dc730901018c3,0.101,,,
3845,2026-09-11,SH688271,-0.07660053372335045,EXP_DEnsembleModel_Alpha158_csi300_custom_step0_s_20260911_16,77d33397b6994173926dc730901018c3,0.101,,,
3846,2026-09-11,SH688303,0.03148235653388917,EXP_DEnsembleModel_Alpha158_csi300_custom_step0_s_20260911_16,77d33397b6994173926dc730901018c3,0.101,,,
3847,2026-09-11,SH688396,-0.0625664202681757,EXP_DEnsembleModel_Alpha158_csi300_custom_step0_s_20260911_16,77d33397b6994173926dc730901018c3,0.101,,,
3848,2026-09-11,SH688472,0.17836171728065908,EXP_DEnsembleModel_Alpha158_csi300_custom_step0_s_20260911_16,77d33397b6994173926dc730901018c3,0.101,,,
3849,2026-09-11,SH688506,0.10522002833408671,EXP_DEnsembleModel_Alpha158_csi300_custom_step0_s_20260911_16,77d33397b6994173926dc730901018c3,0.101,,,
3850,2026-09-11,SZ000538,0.11542166640580218,EXP_DEnsembleModel_Alpha158_csi300_custom_step0_s_20260911_16,77d33397b6994173926dc730901018c3,0.101,,,
3851,2026-09-11,SZ000425,-0.0513162680367754,EXP_DEnsembleModel_Alpha158_csi300_custom_step0_s_20260911_16,77d33397b6994173926dc730901018c3,0.101,,,
3852,2026-09-11,SZ000408,-0.051103293573623,EXP_DEnsembleModel_Alpha158_csi300_custom_step0_s_20260911_16,77d33397b6994173926dc730901018c3,0.101,,,
3853,2026-09-11,SZ000338,-0.005906436241316254,EXP_DEnsembleModel_Alpha158_csi300_custom_step0_s_20260911_16,77d33397b6994173926dc730901018c3,0.101,,,
3854,2026-09-11,SZ000333,0.044607536685078324,EXP_DEnsembleModel_Alpha158_csi300_custom_step0_s_20260911_16,77d33397b6994173926dc730901018c3,0.101,,,
3855,2026-09-11,SZ000301,-0.01780631310978438,EXP_DEnsembleModel_Alpha158_csi300_custom_step0_s_20260911_16,77d33397b6994173926dc730901018c3,0.101,,,
3856,2026-09-11,SZ000596,-0.03621529393577011,EXP_DEnsembleModel_Alpha158_csi300_custom_step0_s_20260911_16,77d33397b6994173926dc730901018c3,0.101,,,
3857,2026-09-11,SZ000166,0.029927150725776144,EXP_DEnsembleModel_Alpha158_csi300_custom_step0_s_20260911_16,77d33397b6994173926dc730901018c3,0.101,,,
3858,2026-09-11,SZ000100,-0.06299889576854939,EXP_DEnsembleModel_Alpha158_csi300_custom_step0_s_20260911_16,77d33397b6994173926dc730901018c3,0.101,,,
3859,2026-09-11,SZ000063,-0.07194361689318957,EXP_DEnsembleModel_Alpha158_csi300_custom_step0_s_20260911_16,77d33397b6994173926dc730901018c3,0.101,,,
3860,2026-09-11,SZ000002,-0.07821958586550605,EXP_DEnsembleModel_Alpha158_csi300_custom_step0_s_20260911_16,77d33397b6994173926dc730901018c3,0.101,,,
3861,2026-09-11,SZ000001,0.038281819791200974,EXP_DEnsembleModel_Alpha158_csi300_custom_step0_s_20260911_16,77d33397b6994173926dc730901018c3,0.101,,,
3862,2026-09-11,SH688981,-0.06283620961271834,EXP_DEnsembleModel_Alpha158_csi300_custom_step0_s_20260911_16,77d33397b6994173926dc730901018c3,0.101,,,
3863,2026-09-11,SH688521,0.033096816542989925,EXP_DEnsembleModel_Alpha158_csi300_custom_step0_s_20260911_16,77d33397b6994173926dc730901018c3,0.101,,,
3864,2026-09-11,SZ000157,0.08045895443908249,EXP_DEnsembleModel_Alpha158_csi300_custom_step0_s_20260911_16,77d33397b6994173926dc730901018c3,0.101,,,
3865,2026-09-11,SZ002241,-0.13538598804518007,EXP_DEnsembleModel_Alpha158_csi300_custom_step0_s_20260911_16,77d33397b6994173926dc730901018c3,0.101,,,
3866,2026-09-11,SZ002304,-0.004541449307333246,EXP_DEnsembleModel_Alpha158_csi300_custom_step0_s_20260911_16,77d33397b6994173926dc730901018c3,0.101,,,
3867,2026-09-11,SZ002311,0.05914907429965053,EXP_DEnsembleModel_Alpha158_csi300_custom_step0_s_20260911_16,77d33397b6994173926dc730901018c3,0.101,,,
3868,2026-09-11,SZ300394,-0.09284441899695631,EXP_DEnsembleModel_Alpha158_csi300_custom_step0_s_20260911_16,77d33397b6994173926dc730901018c3,0.101,,,
3869,2026-09-11,SZ300408,-0.031767091051609485,EXP_DEnsembleModel_Alpha158_csi300_custom_step0_s_20260911_16,77d33397b6994173926dc730901018c3,0.101,,,
3870,2026-09-11,SZ300413,0.29688382466861263,EXP_DEnsembleModel_Alpha158_csi300_custom_step0_s_20260911_16,77d33397b6994173926dc730901018c3,0.101,,,
3871,2026-09-11,SZ300418,-0.12667094326855852,EXP_DEnsembleModel_Alpha158_csi300_custom_step0_s_20260911_16,77d33397b6994173926dc730901018c3,0.101,,,
3872,2026-09-11,SZ300433,-0.1164318606082701,EXP_DEnsembleModel_Alpha158_csi300_custom_step0_s_20260911_16,77d33397b6994173926dc730901018c3,0.101,,,
3873,2026-09-11,SZ300442,-0.09339835730223925,EXP_DEnsembleModel_Alpha158_csi300_custom_step0_s_20260911_16,77d33397b6994173926dc730901018c3,0.101,,,
3874,2026-09-11,SZ300450,-0.03848906644162745,EXP_DEnsembleModel_Alpha158_csi300_custom_step0_s_20260911_16,77d33397b6994173926dc730901018c3,0.101,,,
3875,2026-09-11,SZ300476,0.07482785398223663,EXP_DEnsembleModel_Alpha158_csi300_custom_step0_s_20260911_16,77d33397b6994173926dc730901018c3,0.101,,,
3876,2026-09-11,SZ300498,0.051331539823487586,EXP_DEnsembleModel_Alpha158_csi300_custom_step0_s_20260911_16,77d33397b6994173926dc730901018c3,0.101,,,
3877,2026-09-11,SZ300502,-0.07300730104088024,EXP_DEnsembleModel_Alpha158_csi300_custom_step0_s_20260911_16,77d33397b6994173926dc730901018c3,0.101,,,
3878,2026-09-11,SZ300628,0.007559553239836629,EXP_DEnsembleModel_Alpha158_csi300_custom_step0_s_20260911_16,77d33397b6994173926dc730901018c3,0.101,,,
3879,2026-09-11,SZ300661,-0.14869354762306072,EXP_DEnsembleModel_Alpha158_csi300_custom_step0_s_20260911_16,77d33397b6994173926dc730901018c3,0.101,,,
3880,2026-09-11,SZ300750,0.10328518573318338,EXP_DEnsembleModel_Alpha158_csi300_custom_step0_s_20260911_16,77d33397b6994173926dc730901018c3,0.101,,,
3881,2026-09-11,SZ300760,0.07306696694183662,EXP_DEnsembleModel_Alpha158_csi300_custom_step0_s_20260911_16,77d33397b6994173926dc730901018c3,0.101,,,
3882,2026-09-11,SZ300803,-0.1878953444944975,EXP_DEnsembleModel_Alpha158_csi300_custom_step0_s_20260911_16,77d33397b6994173926dc730901018c3,0.101,,,
3883,2026-09-11,SZ300832,0.051330173352119625,EXP_DEnsembleModel_Alpha158_csi300_custom_step0_s_20260911_16,77d33397b6994173926dc730901018c3,0.101,,,
3884,2026-09-11,SZ300866,-0.007289908221190692,EXP_DEnsembleModel_Alpha158_csi300_custom_step0_s_20260911_16,77d33397b6994173926dc730901018c3,0.101,,,
3885,2026-09-11,SH600018,0.05176785965466176,EXP_DEnsembleModel_Alpha158_csi300_custom_step0_s_20260911_16,ddbd9d9d28da40678dc72052e40c0d00,0.033,,,
3886,2026-09-11,SH600016,0.13572321718635194,EXP_DEnsembleModel_Alpha158_csi300_custom_step0_s_20260911_16,ddbd9d9d28da40678dc72052e40c0d00,0.033,,,
3887,2026-09-11,SH600015,0.03335781768074584,EXP_DEnsembleModel_Alpha158_csi300_custom_step0_s_20260911_16,ddbd9d9d28da40678dc72052e40c0d00,0.033,,,
3888,2026-09-11,SH600011,0.022406677124150412,EXP_DEnsembleModel_Alpha158_csi300_custom_step0_s_20260911_16,ddbd9d9d28da40678dc72052e40c0d00,0.033,,,
3889,2026-09-11,SH600010,-0.04765570074513556,EXP_DEnsembleModel_Alpha158_csi300_custom_step0_s_20260911_16,ddbd9d9d28da40678dc72052e40c0d00,0.033,,,
3890,2026-09-11,SH600009,0.07681147443773889,EXP_DEnsembleModel_Alpha158_csi300_custom_step0_s_20260911_16,ddbd9d9d28da40678dc72052e40c0d00,0.033,,,
3891,2026-09-11,SZ300316,-0.08559105666334858,EXP_DEnsembleModel_Alpha158_csi300_custom_step0_s_20260911_16,77d33397b6994173926dc730901018c3,0.101,,,
3892,2026-09-11,SH600000,0.05588598481040259,EXP_DEnsembleModel_Alpha158_csi300_custom_step0_s_20260911_16,ddbd9d9d28da40678dc72052e40c0d00,0.033,,,
3893,2026-09-11,SZ301308,-0.014577010659965443,EXP_DEnsembleModel_Alpha158_csi300_custom_step0_s_20260911_16,77d33397b6994173926dc730901018c3,0.101,,,
3894,2026-09-11,SZ301269,-0.09451005459065757,EXP_DEnsembleModel_Alpha158_csi300_custom_step0_s_20260911_16,77d33397b6994173926dc730901018c3,0.101,,,
3895,2026-09-11,SZ301236,-0.1134944627467175,EXP_DEnsembleModel_Alpha158_csi300_custom_step0_s_20260911_16,77d33397b6994173926dc730901018c3,0.101,,,
3896,2026-09-11,SZ301165,0.1449702815682886,EXP_DEnsembleModel_Alpha158_csi300_custom_step0_s_20260911_16,77d33397b6994173926dc730901018c3,0.101,,,
3897,2026-09-11,SZ300999,0.006643919416975983,EXP_DEnsembleModel_Alpha158_csi300_custom_step0_s_20260911_16,77d33397b6994173926dc730901018c3,0.101,,,
3898,2026-09-11,SZ300896,-0.1377801803649686,EXP_DEnsembleModel_Alpha158_csi300_custom_step0_s_20260911_16,77d33397b6994173926dc730901018c3,0.101,,,
3899,2026-09-11,SZ302132,-0.052128885059448744,EXP_DEnsembleModel_Alpha158_csi300_custom_step0_s_20260911_16,77d33397b6994173926dc730901018c3,0.101,,,
3900,2026-09-11,SZ300308,-0.02213385678315796,EXP_DEnsembleModel_Alpha158_csi300_custom_step0_s_20260911_16,77d33397b6994173926dc730901018c3,0.101,,,
3901,2026-09-11,SZ300274,0.1651815300646116,EXP_DEnsembleModel_Alpha158_csi300_custom_step0_s_20260911_16,77d33397b6994173926dc730901018c3,0.101,,,
3902,2026-09-11,SZ300251,-0.047657400073861295,EXP_DEnsembleModel_Alpha158_csi300_custom_step0_s_20260911_16,77d33397b6994173926dc730901018c3,0.101,,,
3903,2026-09-11,SZ002594,0.018701697443082196,EXP_DEnsembleModel_Alpha158_csi300_custom_step0_s_20260911_16,77d33397b6994173926dc730901018c3,0.101,,,
3904,2026-09-11,SZ002558,-0.10261248500483501,EXP_DEnsembleModel_Alpha158_csi300_custom_step0_s_20260911_16,77d33397b6994173926dc730901018c3,0.101,,,
3905,2026-09-11,SZ002532,-0.11802315045197988,EXP_DEnsembleModel_Alpha158_csi300_custom_step0_s_20260911_16,77d33397b6994173926dc730901018c3,0.101,,,
3906,2026-09-11,SZ002493,-0.0610201690489259,EXP_DEnsembleModel_Alpha158_csi300_custom_step0_s_20260911_16,77d33397b6994173926dc730901018c3,0.101,,,
3907,2026-09-11,SZ002475,-0.13635476310311576,EXP_DEnsembleModel_Alpha158_csi300_custom_step0_s_20260911_16,77d33397b6994173926dc730901018c3,0.101,,,
3908,2026-09-11,SZ002466,-0.07420801773682242,EXP_DEnsembleModel_Alpha158_csi300_custom_step0_s_20260911_16,77d33397b6994173926dc730901018c3,0.101,,,
3909,2026-09-11,SZ002600,-0.11089224315843724,EXP_DEnsembleModel_Alpha158_csi300_custom_step0_s_20260911_16,77d33397b6994173926dc730901018c3,0.101,,,
3910,2026-09-11,SZ002463,-0.1744251564394429,EXP_DEnsembleModel_Alpha158_csi300_custom_step0_s_20260911_16,77d33397b6994173926dc730901018c3,0.101,,,
3911,2026-09-11,SZ002422,0.08088437315343194,EXP_DEnsembleModel_Alpha158_csi300_custom_step0_s_20260911_16,77d33397b6994173926dc730901018c3,0.101,,,
3912,2026-09-11,SZ002415,0.01859415689267711,EXP_DEnsembleModel_Alpha158_csi300_custom_step0_s_20260911_16,77d33397b6994173926dc730901018c3,0.101,,,
3913,2026-09-11,SZ002384,-0.08323703315508728,EXP_DEnsembleModel_Alpha158_csi300_custom_step0_s_20260911_16,77d33397b6994173926dc730901018c3,0.101,,,
3914,2026-09-11,SZ002371,-0.03767530264428383,EXP_DEnsembleModel_Alpha158_csi300_custom_step0_s_20260911_16,77d33397b6994173926dc730901018c3,0.101,,,
3915,2026-09-11,SZ002353,0.14201050783638455,EXP_DEnsembleModel_Alpha158_csi300_custom_step0_s_20260911_16,77d33397b6994173926dc730901018c3,0.101,,,
3916,2026-09-11,SZ002352,0.08109709357843088,EXP_DEnsembleModel_Alpha158_csi300_custom_step0_s_20260911_16,77d33397b6994173926dc730901018c3,0.101,,,
3917,2026-09-11,SZ002460,-0.062378058517075424,EXP_DEnsembleModel_Alpha158_csi300_custom_step0_s_20260911_16,77d33397b6994173926dc730901018c3,0.101,,,
3918,2026-09-11,SH600023,0.08057767354704912,EXP_DEnsembleModel_Alpha158_csi300_custom_step0_s_20260911_16,ddbd9d9d28da40678dc72052e40c0d00,0.033,,,
3919,2026-09-11,SZ002602,0.02955060479934875,EXP_DEnsembleModel_Alpha158_csi300_custom_step0_s_20260911_16,77d33397b6994173926dc730901018c3,0.101,,,
3920,2026-09-11,SZ002648,-0.011431797640017094,EXP_DEnsembleModel_Alpha158_csi300_custom_step0_s_20260911_16,77d33397b6994173926dc730901018c3,0.101,,,
3921,2026-09-11,SZ300124,-0.115680454761469,EXP_DEnsembleModel_Alpha158_csi300_custom_step0_s_20260911_16,77d33397b6994173926dc730901018c3,0.101,,,
3922,2026-09-11,SZ300122,-0.055169574615242425,EXP_DEnsembleModel_Alpha158_csi300_custom_step0_s_20260911_16,77d33397b6994173926dc730901018c3,0.101,,,
3923,2026-09-11,SZ300059,-0.016971084045470933,EXP_DEnsembleModel_Alpha158_csi300_custom_step0_s_20260911_16,77d33397b6994173926dc730901018c3,0.101,,,
3924,2026-09-11,SZ300033,-0.18840362119326076,EXP_DEnsembleModel_Alpha158_csi300_custom_step0_s_20260911_16,77d33397b6994173926dc730901018c3,0.101,,,
3925,2026-09-11,SZ300015,0.01955051781822733,EXP_DEnsembleModel_Alpha158_csi300_custom_step0_s_20260911_16,77d33397b6994173926dc730901018c3,0.101,,,
3926,2026-09-11,SZ300014,0.04339481423693754,EXP_DEnsembleModel_Alpha158_csi300_custom_step0_s_20260911_16,77d33397b6994173926dc730901018c3,0.101,,,
3927,2026-09-11,SZ002625,-0.03765335047861227,EXP_DEnsembleModel_Alpha158_csi300_custom_step0_s_20260911_16,77d33397b6994173926dc730901018c3,0.101,,,
3928,2026-09-11,SZ003816,0.05011266789311609,EXP_DEnsembleModel_Alpha158_csi300_custom_step0_s_20260911_16,77d33397b6994173926dc730901018c3,0.101,,,
3929,2026-09-11,SZ002920,-0.09901519910956273,EXP_DEnsembleModel_Alpha158_csi300_custom_step0_s_20260911_16,77d33397b6994173926dc730901018c3,0.101,,,
3930,2026-09-11,SZ002916,-0.1728220900341456,EXP_DEnsembleModel_Alpha158_csi300_custom_step0_s_20260911_16,77d33397b6994173926dc730901018c3,0.101,,,
3931,2026-09-11,SZ002837,0.10754575594545739,EXP_DEnsembleModel_Alpha158_csi300_custom_step0_s_20260911_16,77d33397b6994173926dc730901018c3,0.101,,,
3932,2026-09-11,SZ002736,0.027740653601337033,EXP_DEnsembleModel_Alpha158_csi300_custom_step0_s_20260911_16,77d33397b6994173926dc730901018c3,0.101,,,
3933,2026-09-11,SZ002714,0.033760125290162195,EXP_DEnsembleModel_Alpha158_csi300_custom_step0_s_20260911_16,77d33397b6994173926dc730901018c3,0.101,,,
3934,2026-09-11,SZ002709,0.06904013381879108,EXP_DEnsembleModel_Alpha158_csi300_custom_step0_s_20260911_16,77d33397b6994173926dc730901018c3,0.101,,,
3935,2026-09-11,SZ002938,-0.1417817140742541,EXP_DEnsembleModel_Alpha158_csi300_custom_step0_s_20260911_16,77d33397b6994173926dc730901018c3,0.101,,,
3936,2026-09-11,SZ301308,-0.18224641680717468,EXP_XGBModel_Alpha158_csi300_custom_step0_s_20260911_16,798d0a1909cb4658bfea592e4137ef05,0.032,,,
3937,2026-09-11,SH688521,0.08278877479988189,EXP_DEnsembleModel_Alpha158_csi300_custom_step0_s_20260911_16,6c9cafb99e3645ccb7f124e1db9b22d7,0.094,,,
3938,2026-09-11,SH688472,0.0732785090431887,EXP_DEnsembleModel_Alpha158_csi300_custom_step0_s_20260911_16,6c9cafb99e3645ccb7f124e1db9b22d7,0.094,,,
3939,2026-09-11,SH601186,0.0040367740388478,EXP_LGBModel_Alpha158_csi300_custom_step0_s_20260911_19,ab8d18db70cf4250a9a68e153ff4c493,0.043,,,
3940,2026-09-11,SH601211,-0.004146519085852755,EXP_LGBModel_Alpha158_csi300_custom_step0_s_20260911_19,ab8d18db70cf4250a9a68e153ff4c493,0.043,,,
3941,2026-09-11,SH601225,-0.0009616703720250288,EXP_LGBModel_Alpha158_csi300_custom_step0_s_20260911_19,ab8d18db70cf4250a9a68e153ff4c493,0.043,,,
3942,2026-09-11,SH601229,0.019987447151256353,EXP_LGBModel_Alpha158_csi300_custom_step0_s_20260911_19,ab8d18db70cf4250a9a68e153ff4c493,0.043,,,
3943,2026-09-11,SH601238,-0.0015004230988967069,EXP_LGBModel_Alpha158_csi300_custom_step0_s_20260911_19,ab8d18db70cf4250a9a68e153ff4c493,0.043,,,
3944,2026-09-11,SH601288,0.019987447151256353,EXP_LGBModel_Alpha158_csi300_custom_step0_s_20260911_19,ab8d18db70cf4250a9a68e153ff4c493,0.043,,,
3945,2026-09-11,SH601318,0.0038583555118435293,EXP_LGBModel_Alpha158_csi300_custom_step0_s_20260911_19,ab8d18db70cf4250a9a68e153ff4c493,0.043,,,
3946,2026-09-11,SH601319,-0.004734961257159513,EXP_LGBModel_Alpha158_csi300_custom_step0_s_20260911_19,ab8d18db70cf4250a9a68e153ff4c493,0.043,,,
3947,2026-09-11,SH601328,0.016158649682811766,EXP_LGBModel_Alpha158_csi300_custom_step0_s_20260911_19,ab8d18db70cf4250a9a68e153ff4c493,0.043,,,
3948,2026-09-11,SH601336,-0.019641424808705753,EXP_LGBModel_Alpha158_csi300_custom_step0_s_20260911_19,ab8d18db70cf4250a9a68e153ff4c493,0.043,,,
3949,2026-09-11,SH601360,-0.005988626375353088,EXP_LGBModel_Alpha158_csi300_custom_step0_s_20260911_19,ab8d18db70cf4250a9a68e153ff4c493,0.043,,,
3950,2026-09-11,SH601377,0.002203769024626202,EXP_LGBModel_Alpha158_csi300_custom_step0_s_20260911_19,ab8d18db70cf4250a9a68e153ff4c493,0.043,,,
3951,2026-09-11,SH601390,0.0040367740388478,EXP_LGBModel_Alpha158_csi300_custom_step0_s_20260911_19,ab8d18db70cf4250a9a68e153ff4c493,0.043,,,
3952,2026-09-11,SH601398,0.016158649682811766,EXP_LGBModel_Alpha158_csi300_custom_step0_s_20260911_19,ab8d18db70cf4250a9a68e153ff4c493,0.043,,,
3953,2026-09-11,SH601456,-0.0002554346233737455,EXP_LGBModel_Alpha158_csi300_custom_step0_s_20260911_19,ab8d18db70cf4250a9a68e153ff4c493,0.043,,,
3954,2026-09-11,SH601600,-0.002526867658653831,EXP_LGBModel_Alpha158_csi300_custom_step0_s_20260911_19,ab8d18db70cf4250a9a68e153ff4c493,0.043,,,
3955,2026-09-11,SH601601,-0.008482254477941525,EXP_LGBModel_Alpha158_csi300_custom_step0_s_20260911_19,ab8d18db70cf4250a9a68e153ff4c493,0.043,,,
3956,2026-09-11,SH601788,-0.008182513968554291,EXP_LGBModel_Alpha158_csi300_custom_step0_s_20260911_19,ab8d18db70cf4250a9a68e153ff4c493,0.043,,,
3957,2026-09-11,SH601766,0.01788294629922044,EXP_LGBModel_Alpha158_csi300_custom_step0_s_20260911_19,ab8d18db70cf4250a9a68e153ff4c493,0.043,,,
3958,2026-09-11,SH601728,0.01788294629922044,EXP_LGBModel_Alpha158_csi300_custom_step0_s_20260911_19,ab8d18db70cf4250a9a68e153ff4c493,0.043,,,
3959,2026-09-11,SH601727,-0.0026067082967627065,EXP_LGBModel_Alpha158_csi300_custom_step0_s_20260911_19,ab8d18db70cf4250a9a68e153ff4c493,0.043,,,
3960,2026-09-11,SH601698,-0.005784908994176714,EXP_LGBModel_Alpha158_csi300_custom_step0_s_20260911_19,ab8d18db70cf4250a9a68e153ff4c493,0.043,,,
3961,2026-09-11,SH601689,-0.013784981617050131,EXP_LGBModel_Alpha158_csi300_custom_step0_s_20260911_19,ab8d18db70cf4250a9a68e153ff4c493,0.043,,,
3962,2026-09-11,SH601169,0.001704019825019428,EXP_LGBModel_Alpha158_csi300_custom_step0_s_20260911_19,ab8d18db70cf4250a9a68e153ff4c493,0.043,,,
3963,2026-09-11,SH601688,0.007666782442426837,EXP_LGBModel_Alpha158_csi300_custom_step0_s_20260911_19,ab8d18db70cf4250a9a68e153ff4c493,0.043,,,
3964,2026-09-11,SH601668,0.003936045259109536,EXP_LGBModel_Alpha158_csi300_custom_step0_s_20260911_19,ab8d18db70cf4250a9a68e153ff4c493,0.043,,,
3965,2026-09-11,SH601658,0.006366614835655333,EXP_LGBModel_Alpha158_csi300_custom_step0_s_20260911_19,ab8d18db70cf4250a9a68e153ff4c493,0.043,,,
3966,2026-09-11,SH601633,-0.003666130984267457,EXP_LGBModel_Alpha158_csi300_custom_step0_s_20260911_19,ab8d18db70cf4250a9a68e153ff4c493,0.043,,,
3967,2026-09-11,SH601628,0.014550978793250109,EXP_LGBModel_Alpha158_csi300_custom_step0_s_20260911_19,ab8d18db70cf4250a9a68e153ff4c493,0.043,,,
3968,2026-09-11,SH601618,0.004191480187012978,EXP_LGBModel_Alpha158_csi300_custom_step0_s_20260911_19,ab8d18db70cf4250a9a68e153ff4c493,0.043,,,
3969,2026-09-11,SH601607,0.011935051244873937,EXP_LGBModel_Alpha158_csi300_custom_step0_s_20260911_19,ab8d18db70cf4250a9a68e153ff4c493,0.043,,,
3970,2026-09-11,SH601669,-0.0009357330359508424,EXP_LGBModel_Alpha158_csi300_custom_step0_s_20260911_19,ab8d18db70cf4250a9a68e153ff4c493,0.043,,,
3971,2026-09-11,SH601800,0.006976279451625987,EXP_LGBModel_Alpha158_csi300_custom_step0_s_20260911_19,ab8d18db70cf4250a9a68e153ff4c493,0.043,,,
3972,2026-09-11,SH601166,0.011638874462261892,EXP_LGBModel_Alpha158_csi300_custom_step0_s_20260911_19,ab8d18db70cf4250a9a68e153ff4c493,0.043,,,
3973,2026-09-11,SH601136,-0.0210590208487115,EXP_LGBModel_Alpha158_csi300_custom_step0_s_20260911_19,ab8d18db70cf4250a9a68e153ff4c493,0.043,,,
3974,2026-09-11,SH600809,-0.015554018861000421,EXP_LGBModel_Alpha158_csi300_custom_step0_s_20260911_19,ab8d18db70cf4250a9a68e153ff4c493,0.043,,,
3975,2026-09-11,SH600845,-0.0012084979408587277,EXP_LGBModel_Alpha158_csi300_custom_step0_s_20260911_19,ab8d18db70cf4250a9a68e153ff4c493,0.043,,,
3976,2026-09-11,SH600875,-0.013283931130094299,EXP_LGBModel_Alpha158_csi300_custom_step0_s_20260911_19,ab8d18db70cf4250a9a68e153ff4c493,0.043,,,
3977,2026-09-11,SH600886,0.016318348163318116,EXP_LGBModel_Alpha158_csi300_custom_step0_s_20260911_19,ab8d18db70cf4250a9a68e153ff4c493,0.043,,,
3978,2026-09-11,SH600887,0.009179670814261945,EXP_LGBModel_Alpha158_csi300_custom_step0_s_20260911_19,ab8d18db70cf4250a9a68e153ff4c493,0.043,,,
3979,2026-09-11,SH600893,-0.009709355041635009,EXP_LGBModel_Alpha158_csi300_custom_step0_s_20260911_19,ab8d18db70cf4250a9a68e153ff4c493,0.043,,,
3980,2026-09-11,SH600900,0.015127565868608446,EXP_LGBModel_Alpha158_csi300_custom_step0_s_20260911_19,ab8d18db70cf4250a9a68e153ff4c493,0.043,,,
3981,2026-09-11,SH600905,-0.00387523844872903,EXP_LGBModel_Alpha158_csi300_custom_step0_s_20260911_19,ab8d18db70cf4250a9a68e153ff4c493,0.043,,,
3982,2026-09-11,SH600918,-0.005979739300764943,EXP_LGBModel_Alpha158_csi300_custom_step0_s_20260911_19,ab8d18db70cf4250a9a68e153ff4c493,0.043,,,
3983,2026-09-11,SH600919,0.019987447151256353,EXP_LGBModel_Alpha158_csi300_custom_step0_s_20260911_19,ab8d18db70cf4250a9a68e153ff4c493,0.043,,,
3984,2026-09-11,SH600926,0.019987447151256353,EXP_LGBModel_Alpha158_csi300_custom_step0_s_20260911_19,ab8d18db70cf4250a9a68e153ff4c493,0.043,,,
3985,2026-09-11,SH600930,3.0452969662881977e-10,EXP_LGBModel_Alpha158_csi300_custom_step0_s_20260911_19,ab8d18db70cf4250a9a68e153ff4c493,0.043,,,
3986,2026-09-11,SH600938,3.0452969662881977e-10,EXP_LGBModel_Alpha158_csi300_custom_step0_s_20260911_19,ab8d18db70cf4250a9a68e153ff4c493,0.043,,,
3987,2026-09-11,SH600941,0.015423742651220491,EXP_LGBModel_Alpha158_csi300_custom_step0_s_20260911_19,ab8d18db70cf4250a9a68e153ff4c493,0.043,,,
3988,2026-09-11,SH600958,3.0452969662881977e-10,EXP_LGBModel_Alpha158_csi300_custom_step0_s_20260911_19,ab8d18db70cf4250a9a68e153ff4c493,0.043,,,
3989,2026-09-11,SH600989,0.003159042259966616,EXP_LGBModel_Alpha158_csi300_custom_step0_s_20260911_19,ab8d18db70cf4250a9a68e153ff4c493,0.043,,,
3990,2026-09-11,SH600999,-0.014654900810724854,EXP_LGBModel_Alpha158_csi300_custom_step0_s_20260911_19,ab8d18db70cf4250a9a68e153ff4c493,0.043,,,
3991,2026-09-11,SH601127,0.007107015670836873,EXP_LGBModel_Alpha158_csi300_custom_step0_s_20260911_19,ab8d18db70cf4250a9a68e153ff4c493,0.043,,,
3992,2026-09-11,SH601117,0.0008974871789613457,EXP_LGBModel_Alpha158_csi300_custom_step0_s_20260911_19,ab8d18db70cf4250a9a68e153ff4c493,0.043,,,
3993,2026-09-11,SH601111,-0.00046571721459225633,EXP_LGBModel_Alpha158_csi300_custom_step0_s_20260911_19,ab8d18db70cf4250a9a68e153ff4c493,0.043,,,
3994,2026-09-11,SH601100,0.001776952042678136,EXP_LGBModel_Alpha158_csi300_custom_step0_s_20260911_19,ab8d18db70cf4250a9a68e153ff4c493,0.043,,,
3995,2026-09-11,SH601088,0.014146361737939754,EXP_LGBModel_Alpha158_csi300_custom_step0_s_20260911_19,ab8d18db70cf4250a9a68e153ff4c493,0.043,,,
3996,2026-09-11,SH601077,0.005270935130582823,EXP_LGBModel_Alpha158_csi300_custom_step0_s_20260911_19,ab8d18db70cf4250a9a68e153ff4c493,0.043,,,
3997,2026-09-11,SH601138,-0.019641424808705753,EXP_LGBModel_Alpha158_csi300_custom_step0_s_20260911_19,ab8d18db70cf4250a9a68e153ff4c493,0.043,,,
3998,2026-09-11,SH601066,-0.01596230494377558,EXP_LGBModel_Alpha158_csi300_custom_step0_s_20260911_19,ab8d18db70cf4250a9a68e153ff4c493,0.043,,,
3999,2026-09-11,SH601058,-0.0038832726869492467,EXP_LGBModel_Alpha158_csi300_custom_step0_s_20260911_19,ab8d18db70cf4250a9a68e153ff4c493,0.043,,,
4000,2026-09-11,SH601021,0.0027292231260893727,EXP_LGBModel_Alpha158_csi300_custom_step0_s_20260911_19,ab8d18db70cf4250a9a68e153ff4c493,0.043,,,
4001,2026-09-11,SH601018,0.019987447151256353,EXP_LGBModel_Alpha158_csi300_custom_step0_s_20260911_19,ab8d18db70cf4250a9a68e153ff4c493,0.043,,,
4002,2026-09-11,SH601012,-0.008741769131702772,EXP_LGBModel_Alpha158_csi300_custom_step0_s_20260911_19,ab8d18db70cf4250a9a68e153ff4c493,0.043,,,
4003,2026-09-11,SH601009,0.001782782853381461,EXP_LGBModel_Alpha158_csi300_custom_step0_s_20260911_19,ab8d18db70cf4250a9a68e153ff4c493,0.043,,,
4004,2026-09-11,SH601006,0.015127565868608446,EXP_LGBModel_Alpha158_csi300_custom_step0_s_20260911_19,ab8d18db70cf4250a9a68e153ff4c493,0.043,,,
4005,2026-09-11,SH601059,-0.004017584314606071,EXP_LGBModel_Alpha158_csi300_custom_step0_s_20260911_19,ab8d18db70cf4250a9a68e153ff4c493,0.043,,,
4006,2026-09-11,SH600803,0.010565457424429298,EXP_LGBModel_Alpha158_csi300_custom_step0_s_20260911_19,ab8d18db70cf4250a9a68e153ff4c493,0.043,,,
4007,2026-09-11,SH601816,0.006976279451625987,EXP_LGBModel_Alpha158_csi300_custom_step0_s_20260911_19,ab8d18db70cf4250a9a68e153ff4c493,0.043,,,
4008,2026-09-11,SH601825,0.015115668856195974,EXP_LGBModel_Alpha158_csi300_custom_step0_s_20260911_19,ab8d18db70cf4250a9a68e153ff4c493,0.043,,,
4009,2026-09-11,SH688036,-0.015387499069280936,EXP_LGBModel_Alpha158_csi300_custom_step0_s_20260911_19,ab8d18db70cf4250a9a68e153ff4c493,0.043,,,
4010,2026-09-11,SH688041,0.027228404276015056,EXP_LGBModel_Alpha158_csi300_custom_step0_s_20260911_19,ab8d18db70cf4250a9a68e153ff4c493,0.043,,,
4011,2026-09-11,SH688047,-0.013784981617050131,EXP_LGBModel_Alpha158_csi300_custom_step0_s_20260911_19,ab8d18db70cf4250a9a68e153ff4c493,0.043,,,
4012,2026-09-11,SH688072,-0.005644367466412249,EXP_LGBModel_Alpha158_csi300_custom_step0_s_20260911_19,ab8d18db70cf4250a9a68e153ff4c493,0.043,,,
4013,2026-09-11,SH688082,-0.005245119364741113,EXP_LGBModel_Alpha158_csi300_custom_step0_s_20260911_19,ab8d18db70cf4250a9a68e153ff4c493,0.043,,,
4014,2026-09-11,SH688111,-0.015114703656479675,EXP_LGBModel_Alpha158_csi300_custom_step0_s_20260911_19,ab8d18db70cf4250a9a68e153ff4c493,0.043,,,
4015,2026-09-11,SH688126,-0.004449964968339219,EXP_LGBModel_Alpha158_csi300_custom_step0_s_20260911_19,ab8d18db70cf4250a9a68e153ff4c493,0.043,,,
4016,2026-09-11,SH688183,-0.00695720090548342,EXP_LGBModel_Alpha158_csi300_custom_step0_s_20260911_19,ab8d18db70cf4250a9a68e153ff4c493,0.043,,,
4017,2026-09-11,SH688223,-0.005784908994176714,EXP_LGBModel_Alpha158_csi300_custom_step0_s_20260911_19,ab8d18db70cf4250a9a68e153ff4c493,0.043,,,
4018,2026-09-11,SH688256,-0.006338326576248674,EXP_LGBModel_Alpha158_csi300_custom_step0_s_20260911_19,ab8d18db70cf4250a9a68e153ff4c493,0.043,,,
4019,2026-09-11,SH688271,-0.012811946031682226,EXP_LGBModel_Alpha158_csi300_custom_step0_s_20260911_19,ab8d18db70cf4250a9a68e153ff4c493,0.043,,,
4020,2026-09-11,SH688303,-0.002719553827644357,EXP_LGBModel_Alpha158_csi300_custom_step0_s_20260911_19,ab8d18db70cf4250a9a68e153ff4c493,0.043,,,
4021,2026-09-11,SH688396,-0.009050411484761264,EXP_LGBModel_Alpha158_csi300_custom_step0_s_20260911_19,ab8d18db70cf4250a9a68e153ff4c493,0.043,,,
4022,2026-09-11,SH688472,0.005009182770922261,EXP_LGBModel_Alpha158_csi300_custom_step0_s_20260911_19,ab8d18db70cf4250a9a68e153ff4c493,0.043,,,
4023,2026-09-11,SH688506,0.02581477367379819,EXP_LGBModel_Alpha158_csi300_custom_step0_s_20260911_19,ab8d18db70cf4250a9a68e153ff4c493,0.043,,,
4024,2026-09-11,SH688521,0.013683906258245839,EXP_LGBModel_Alpha158_csi300_custom_step0_s_20260911_19,ab8d18db70cf4250a9a68e153ff4c493,0.043,,,
4025,2026-09-11,SH688981,-0.010990495233038581,EXP_LGBModel_Alpha158_csi300_custom_step0_s_20260911_19,ab8d18db70cf4250a9a68e153ff4c493,0.043,,,
4026,2026-09-11,SZ000596,-0.012893770644212241,EXP_LGBModel_Alpha158_csi300_custom_step0_s_20260911_19,ab8d18db70cf4250a9a68e153ff4c493,0.043,,,
4027,2026-09-11,SZ000568,-0.009198145647056642,EXP_LGBModel_Alpha158_csi300_custom_step0_s_20260911_19,ab8d18db70cf4250a9a68e153ff4c493,0.043,,,
4028,2026-09-11,SZ000538,0.012672191018403473,EXP_LGBModel_Alpha158_csi300_custom_step0_s_20260911_19,ab8d18db70cf4250a9a68e153ff4c493,0.043,,,
4029,2026-09-11,SZ000425,-0.009882882615581366,EXP_LGBModel_Alpha158_csi300_custom_step0_s_20260911_19,ab8d18db70cf4250a9a68e153ff4c493,0.043,,,
4030,2026-09-11,SZ000408,-0.0032675447089057187,EXP_LGBModel_Alpha158_csi300_custom_step0_s_20260911_19,ab8d18db70cf4250a9a68e153ff4c493,0.043,,,
4031,2026-09-11,SZ000338,-0.018316948019393306,EXP_LGBModel_Alpha158_csi300_custom_step0_s_20260911_19,ab8d18db70cf4250a9a68e153ff4c493,0.043,,,
4032,2026-09-11,SH688012,-0.008098375790839916,EXP_LGBModel_Alpha158_csi300_custom_step0_s_20260911_19,ab8d18db70cf4250a9a68e153ff4c493,0.043,,,
4033,2026-09-11,SZ000333,0.019987447151256353,EXP_LGBModel_Alpha158_csi300_custom_step0_s_20260911_19,ab8d18db70cf4250a9a68e153ff4c493,0.043,,,
4034,2026-09-11,SZ000166,0.006511661239298073,EXP_LGBModel_Alpha158_csi300_custom_step0_s_20260911_19,ab8d18db70cf4250a9a68e153ff4c493,0.043,,,
4035,2026-09-11,SZ000157,-6.0604316785516795e-05,EXP_LGBModel_Alpha158_csi300_custom_step0_s_20260911_19,ab8d18db70cf4250a9a68e153ff4c493,0.043,,,
4036,2026-09-11,SZ000100,-0.011153736147920416,EXP_LGBModel_Alpha158_csi300_custom_step0_s_20260911_19,ab8d18db70cf4250a9a68e153ff4c493,0.043,,,
4037,2026-09-11,SZ000063,-0.013420751289118323,EXP_LGBModel_Alpha158_csi300_custom_step0_s_20260911_19,ab8d18db70cf4250a9a68e153ff4c493,0.043,,,
4038,2026-09-11,SZ000002,-0.005801668121663672,EXP_LGBModel_Alpha158_csi300_custom_step0_s_20260911_19,ab8d18db70cf4250a9a68e153ff4c493,0.043,,,
4039,2026-09-11,SZ000001,0.01723206672064436,EXP_LGBModel_Alpha158_csi300_custom_step0_s_20260911_19,ab8d18db70cf4250a9a68e153ff4c493,0.043,,,
4040,2026-09-11,SZ000301,-0.015507205890366204,EXP_LGBModel_Alpha158_csi300_custom_step0_s_20260911_19,ab8d18db70cf4250a9a68e153ff4c493,0.043,,,
4041,2026-09-11,SH601818,0.0012519747742347903,EXP_LGBModel_Alpha158_csi300_custom_step0_s_20260911_19,ab8d18db70cf4250a9a68e153ff4c493,0.043,,,
4042,2026-09-11,SH688009,-0.0004803014602485431,EXP_LGBModel_Alpha158_csi300_custom_step0_s_20260911_19,ab8d18db70cf4250a9a68e153ff4c493,0.043,,,
4043,2026-09-11,SH605499,-0.01924403217121475,EXP_LGBModel_Alpha158_csi300_custom_step0_s_20260911_19,ab8d18db70cf4250a9a68e153ff4c493,0.043,,,
4044,2026-09-11,SH601838,-0.003378191789034389,EXP_LGBModel_Alpha158_csi300_custom_step0_s_20260911_19,ab8d18db70cf4250a9a68e153ff4c493,0.043,,,
4045,2026-09-11,SH601857,0.01723206672064436,EXP_LGBModel_Alpha158_csi300_custom_step0_s_20260911_19,ab8d18db70cf4250a9a68e153ff4c493,0.043,,,
4046,2026-09-11,SH601868,-0.0020420182338168422,EXP_LGBModel_Alpha158_csi300_custom_step0_s_20260911_19,ab8d18db70cf4250a9a68e153ff4c493,0.043,,,
4047,2026-09-11,SH601872,0.00039185223297075146,EXP_LGBModel_Alpha158_csi300_custom_step0_s_20260911_19,ab8d18db70cf4250a9a68e153ff4c493,0.043,,,
4048,2026-09-11,SH601877,-0.004178096149458223,EXP_LGBModel_Alpha158_csi300_custom_step0_s_20260911_19,ab8d18db70cf4250a9a68e153ff4c493,0.043,,,
4049,2026-09-11,SH601878,-0.005724304372861501,EXP_LGBModel_Alpha158_csi300_custom_step0_s_20260911_19,ab8d18db70cf4250a9a68e153ff4c493,0.043,,,
4050,2026-09-11,SH601881,-0.005979739300764943,EXP_LGBModel_Alpha158_csi300_custom_step0_s_20260911_19,ab8d18db70cf4250a9a68e153ff4c493,0.043,,,
4051,2026-09-11,SH601888,-0.012811946031682226,EXP_LGBModel_Alpha158_csi300_custom_step0_s_20260911_19,ab8d18db70cf4250a9a68e153ff4c493,0.043,,,
4052,2026-09-11,SH601898,-0.014924037195173526,EXP_LGBModel_Alpha158_csi300_custom_step0_s_20260911_19,ab8d18db70cf4250a9a68e153ff4c493,0.043,,,
4053,2026-09-11,SH601899,-0.0014305907062201538,EXP_LGBModel_Alpha158_csi300_custom_step0_s_20260911_19,ab8d18db70cf4250a9a68e153ff4c493,0.043,,,
4054,2026-09-11,SH601901,0.0015777855915384425,EXP_LGBModel_Alpha158_csi300_custom_step0_s_20260911_19,ab8d18db70cf4250a9a68e153ff4c493,0.043,,,
4055,2026-09-11,SH601916,0.015127565868608446,EXP_LGBModel_Alpha158_csi300_custom_step0_s_20260911_19,ab8d18db70cf4250a9a68e153ff4c493,0.043,,,
4056,2026-09-11,SH601919,-0.0072493381171988384,EXP_LGBModel_Alpha158_csi300_custom_step0_s_20260911_19,ab8d18db70cf4250a9a68e153ff4c493,0.043,,,
4057,2026-09-11,SH601939,0.01723206672064436,EXP_LGBModel_Alpha158_csi300_custom_step0_s_20260911_19,ab8d18db70cf4250a9a68e153ff4c493,0.043,,,
4058,2026-09-11,SH601985,0.011638874462261892,EXP_LGBModel_Alpha158_csi300_custom_step0_s_20260911_19,ab8d18db70cf4250a9a68e153ff4c493,0.043,,,
4059,2026-09-11,SH601988,0.01266995827646521,EXP_LGBModel_Alpha158_csi300_custom_step0_s_20260911_19,ab8d18db70cf4250a9a68e153ff4c493,0.043,,,
4060,2026-09-11,SH601995,-0.016022909565090792,EXP_LGBModel_Alpha158_csi300_custom_step0_s_20260911_19,ab8d18db70cf4250a9a68e153ff4c493,0.043,,,
4061,2026-09-11,SH605117,-0.014817982743153496,EXP_LGBModel_Alpha158_csi300_custom_step0_s_20260911_19,ab8d18db70cf4250a9a68e153ff4c493,0.043,,,
4062,2026-09-11,SH603993,-0.00225100505727913,EXP_LGBModel_Alpha158_csi300_custom_step0_s_20260911_19,ab8d18db70cf4250a9a68e153ff4c493,0.043,,,
4063,2026-09-11,SH603986,-0.007447894032530462,EXP_LGBModel_Alpha158_csi300_custom_step0_s_20260911_19,ab8d18db70cf4250a9a68e153ff4c493,0.043,,,
4064,2026-09-11,SH603893,-0.015507205890366204,EXP_LGBModel_Alpha158_csi300_custom_step0_s_20260911_19,ab8d18db70cf4250a9a68e153ff4c493,0.043,,,
4065,2026-09-11,SH603799,-0.010990495233038581,EXP_LGBModel_Alpha158_csi300_custom_step0_s_20260911_19,ab8d18db70cf4250a9a68e153ff4c493,0.043,,,
4066,2026-09-11,SH603501,-0.010825458008975566,EXP_LGBModel_Alpha158_csi300_custom_step0_s_20260911_19,ab8d18db70cf4250a9a68e153ff4c493,0.043,,,
4067,2026-09-11,SH688008,-0.01396990302927519,EXP_LGBModel_Alpha158_csi300_custom_step0_s_20260911_19,ab8d18db70cf4250a9a68e153ff4c493,0.043,,,
4068,2026-09-11,SH603392,-0.0189257532768294,EXP_LGBModel_Alpha158_csi300_custom_step0_s_20260911_19,ab8d18db70cf4250a9a68e153ff4c493,0.043,,,
4069,2026-09-11,SH603296,-0.017368752909022046,EXP_LGBModel_Alpha158_csi300_custom_step0_s_20260911_19,ab8d18db70cf4250a9a68e153ff4c493,0.043,,,
4070,2026-09-11,SH603288,0.0012680533932929309,EXP_LGBModel_Alpha158_csi300_custom_step0_s_20260911_19,ab8d18db70cf4250a9a68e153ff4c493,0.043,,,
4071,2026-09-11,SH603260,-0.008865490072536206,EXP_LGBModel_Alpha158_csi300_custom_step0_s_20260911_19,ab8d18db70cf4250a9a68e153ff4c493,0.043,,,
4072,2026-09-11,SH603259,-0.0012084979408587277,EXP_LGBModel_Alpha158_csi300_custom_step0_s_20260911_19,ab8d18db70cf4250a9a68e153ff4c493,0.043,,,
4073,2026-09-11,SH603019,-0.00930018999105093,EXP_LGBModel_Alpha158_csi300_custom_step0_s_20260911_19,ab8d18db70cf4250a9a68e153ff4c493,0.043,,,
4074,2026-09-11,SH601998,0.006976279451625987,EXP_LGBModel_Alpha158_csi300_custom_step0_s_20260911_19,ab8d18db70cf4250a9a68e153ff4c493,0.043,,,
4075,2026-09-11,SH603369,-0.0074649431741455104,EXP_LGBModel_Alpha158_csi300_custom_step0_s_20260911_19,ab8d18db70cf4250a9a68e153ff4c493,0.043,,,
4076,2026-09-11,SH600795,0.0126683622206085,EXP_LGBModel_Alpha158_csi300_custom_step0_s_20260911_19,ab8d18db70cf4250a9a68e153ff4c493,0.043,,,
4077,2026-09-11,SH600760,0.0070751699622260324,EXP_LGBModel_Alpha158_csi300_custom_step0_s_20260911_19,ab8d18db70cf4250a9a68e153ff4c493,0.043,,,
4078,2026-09-11,SH600741,-0.0006802981080474002,EXP_LGBModel_Alpha158_csi300_custom_step0_s_20260911_19,ab8d18db70cf4250a9a68e153ff4c493,0.043,,,
4079,2026-09-11,SZ002837,0.014032213867571381,EXP_LGBModel_Alpha158_csi300_custom_step0_s_20260911_19,0ac93ca12eae4c0ba9d4286f0cb97af7,0.129,,,
4080,2026-09-11,SZ002916,-0.002179967575429539,EXP_LGBModel_Alpha158_csi300_custom_step0_s_20260911_19,0ac93ca12eae4c0ba9d4286f0cb97af7,0.129,,,
4081,2026-09-11,SZ002920,-0.00901534512300098,EXP_LGBModel_Alpha158_csi300_custom_step0_s_20260911_19,0ac93ca12eae4c0ba9d4286f0cb97af7,0.129,,,
4082,2026-09-11,SZ002938,-0.002179967575429539,EXP_LGBModel_Alpha158_csi300_custom_step0_s_20260911_19,0ac93ca12eae4c0ba9d4286f0cb97af7,0.129,,,
4083,2026-09-11,SZ003816,0.0007655127270128944,EXP_LGBModel_Alpha158_csi300_custom_step0_s_20260911_19,0ac93ca12eae4c0ba9d4286f0cb97af7,0.129,,,
4084,2026-09-11,SZ300014,0.0023303557406011916,EXP_LGBModel_Alpha158_csi300_custom_step0_s_20260911_19,0ac93ca12eae4c0ba9d4286f0cb97af7,0.129,,,
4085,2026-09-11,SZ300015,0.00565607887049965,EXP_LGBModel_Alpha158_csi300_custom_step0_s_20260911_19,0ac93ca12eae4c0ba9d4286f0cb97af7,0.129,,,
4086,2026-09-11,SZ300033,-0.00901534512300098,EXP_LGBModel_Alpha158_csi300_custom_step0_s_20260911_19,0ac93ca12eae4c0ba9d4286f0cb97af7,0.129,,,
4087,2026-09-11,SZ300059,-1.4135654980394333e-10,EXP_LGBModel_Alpha158_csi300_custom_step0_s_20260911_19,0ac93ca12eae4c0ba9d4286f0cb97af7,0.129,,,
4088,2026-09-11,SZ300122,-0.00901534512300098,EXP_LGBModel_Alpha158_csi300_custom_step0_s_20260911_19,0ac93ca12eae4c0ba9d4286f0cb97af7,0.129,,,
4089,2026-09-11,SZ300124,-0.007274279563039878,EXP_LGBModel_Alpha158_csi300_custom_step0_s_20260911_19,0ac93ca12eae4c0ba9d4286f0cb97af7,0.129,,,
4090,2026-09-11,SZ300251,-0.00901534512300098,EXP_LGBModel_Alpha158_csi300_custom_step0_s_20260911_19,0ac93ca12eae4c0ba9d4286f0cb97af7,0.129,,,
4091,2026-09-11,SZ300274,0.014787841034733636,EXP_LGBModel_Alpha158_csi300_custom_step0_s_20260911_19,0ac93ca12eae4c0ba9d4286f0cb97af7,0.129,,,
4092,2026-09-11,SZ300308,0.00016711226224359508,EXP_LGBModel_Alpha158_csi300_custom_step0_s_20260911_19,0ac93ca12eae4c0ba9d4286f0cb97af7,0.129,,,
4093,2026-09-11,SZ300316,-0.0025664014358253223,EXP_LGBModel_Alpha158_csi300_custom_step0_s_20260911_19,0ac93ca12eae4c0ba9d4286f0cb97af7,0.129,,,
4094,2026-09-11,SZ300394,-1.4135654980394333e-10,EXP_LGBModel_Alpha158_csi300_custom_step0_s_20260911_19,0ac93ca12eae4c0ba9d4286f0cb97af7,0.129,,,
4095,2026-09-11,SZ300408,-1.4135654980394333e-10,EXP_LGBModel_Alpha158_csi300_custom_step0_s_20260911_19,0ac93ca12eae4c0ba9d4286f0cb97af7,0.129,,,
4096,2026-09-11,SZ300832,-0.006835377688927989,EXP_LGBModel_Alpha158_csi300_custom_step0_s_20260911_19,0ac93ca12eae4c0ba9d4286f0cb97af7,0.129,,,
4097,2026-09-11,SZ300803,-0.00901534512300098,EXP_LGBModel_Alpha158_csi300_custom_step0_s_20260911_19,0ac93ca12eae4c0ba9d4286f0cb97af7,0.129,,,
4098,2026-09-11,SZ300760,0.005601337656976746,EXP_LGBModel_Alpha158_csi300_custom_step0_s_20260911_19,0ac93ca12eae4c0ba9d4286f0cb97af7,0.129,,,
4099,2026-09-11,SZ300750,0.0016302577617783426,EXP_LGBModel_Alpha158_csi300_custom_step0_s_20260911_19,0ac93ca12eae4c0ba9d4286f0cb97af7,0.129,,,
4100,2026-09-11,SZ300661,-0.00901534512300098,EXP_LGBModel_Alpha158_csi300_custom_step0_s_20260911_19,0ac93ca12eae4c0ba9d4286f0cb97af7,0.129,,,
4101,2026-09-11,SZ300628,-0.006201490223186633,EXP_LGBModel_Alpha158_csi300_custom_step0_s_20260911_19,0ac93ca12eae4c0ba9d4286f0cb97af7,0.129,,,
4102,2026-09-11,SZ002736,0.004684523062338892,EXP_LGBModel_Alpha158_csi300_custom_step0_s_20260911_19,0ac93ca12eae4c0ba9d4286f0cb97af7,0.129,,,
4103,2026-09-11,SZ300502,0.00016711226224359508,EXP_LGBModel_Alpha158_csi300_custom_step0_s_20260911_19,0ac93ca12eae4c0ba9d4286f0cb97af7,0.129,,,
4104,2026-09-11,SZ300476,0.014032213867571381,EXP_LGBModel_Alpha158_csi300_custom_step0_s_20260911_19,0ac93ca12eae4c0ba9d4286f0cb97af7,0.129,,,
4105,2026-09-11,SZ300450,-0.002379108278070696,EXP_LGBModel_Alpha158_csi300_custom_step0_s_20260911_19,0ac93ca12eae4c0ba9d4286f0cb97af7,0.129,,,
4106,2026-09-11,SZ300442,-0.006825160038642157,EXP_LGBModel_Alpha158_csi300_custom_step0_s_20260911_19,0ac93ca12eae4c0ba9d4286f0cb97af7,0.129,,,
4107,2026-09-11,SZ300433,-0.002928817809008793,EXP_LGBModel_Alpha158_csi300_custom_step0_s_20260911_19,0ac93ca12eae4c0ba9d4286f0cb97af7,0.129,,,
4108,2026-09-11,SZ300418,-0.00901534512300098,EXP_LGBModel_Alpha158_csi300_custom_step0_s_20260911_19,0ac93ca12eae4c0ba9d4286f0cb97af7,0.129,,,
4109,2026-09-11,SZ300413,0.013696264218280806,EXP_LGBModel_Alpha158_csi300_custom_step0_s_20260911_19,0ac93ca12eae4c0ba9d4286f0cb97af7,0.129,,,
4110,2026-09-11,SZ300498,0.008815026159461545,EXP_LGBModel_Alpha158_csi300_custom_step0_s_20260911_19,0ac93ca12eae4c0ba9d4286f0cb97af7,0.129,,,
4111,2026-09-11,SZ300866,-0.00428450519576554,EXP_LGBModel_Alpha158_csi300_custom_step0_s_20260911_19,0ac93ca12eae4c0ba9d4286f0cb97af7,0.129,,,
4112,2026-09-11,SZ002714,-0.005190810379464161,EXP_LGBModel_Alpha158_csi300_custom_step0_s_20260911_19,0ac93ca12eae4c0ba9d4286f0cb97af7,0.129,,,
4113,2026-09-11,SZ002648,0.004084186232226105,EXP_LGBModel_Alpha158_csi300_custom_step0_s_20260911_19,0ac93ca12eae4c0ba9d4286f0cb97af7,0.129,,,
4114,2026-09-11,SZ002001,-1.4135654980394333e-10,EXP_LGBModel_Alpha158_csi300_custom_step0_s_20260911_19,0ac93ca12eae4c0ba9d4286f0cb97af7,0.129,,,
4115,2026-09-11,SZ002027,0.008062347601747333,EXP_LGBModel_Alpha158_csi300_custom_step0_s_20260911_19,0ac93ca12eae4c0ba9d4286f0cb97af7,0.129,,,
4116,2026-09-11,SZ002028,0.014787841034733636,EXP_LGBModel_Alpha158_csi300_custom_step0_s_20260911_19,0ac93ca12eae4c0ba9d4286f0cb97af7,0.129,,,
4117,2026-09-11,SZ002049,-0.004559075712143685,EXP_LGBModel_Alpha158_csi300_custom_step0_s_20260911_19,0ac93ca12eae4c0ba9d4286f0cb97af7,0.129,,,
4118,2026-09-11,SZ002050,-0.002179967575429539,EXP_LGBModel_Alpha158_csi300_custom_step0_s_20260911_19,0ac93ca12eae4c0ba9d4286f0cb97af7,0.129,,,
4119,2026-09-11,SZ002074,-0.00901534512300098,EXP_LGBModel_Alpha158_csi300_custom_step0_s_20260911_19,0ac93ca12eae4c0ba9d4286f0cb97af7,0.129,,,
4120,2026-09-11,SZ002142,0.008679421424090367,EXP_LGBModel_Alpha158_csi300_custom_step0_s_20260911_19,0ac93ca12eae4c0ba9d4286f0cb97af7,0.129,,,
4121,2026-09-11,SZ002179,-0.009152651591785037,EXP_LGBModel_Alpha158_csi300_custom_step0_s_20260911_19,0ac93ca12eae4c0ba9d4286f0cb97af7,0.129,,,
4122,2026-09-11,SZ002202,-0.0023672607331841657,EXP_LGBModel_Alpha158_csi300_custom_step0_s_20260911_19,0ac93ca12eae4c0ba9d4286f0cb97af7,0.129,,,
4123,2026-09-11,SZ002230,0.0002259468517704043,EXP_LGBModel_Alpha158_csi300_custom_step0_s_20260911_19,0ac93ca12eae4c0ba9d4286f0cb97af7,0.129,,,
4124,2026-09-11,SZ002236,0.0015788272941198648,EXP_LGBModel_Alpha158_csi300_custom_step0_s_20260911_19,0ac93ca12eae4c0ba9d4286f0cb97af7,0.129,,,
4125,2026-09-11,SZ002241,-0.00901534512300098,EXP_LGBModel_Alpha158_csi300_custom_step0_s_20260911_19,0ac93ca12eae4c0ba9d4286f0cb97af7,0.129,,,
4126,2026-09-11,SZ002304,0.008062347601747333,EXP_LGBModel_Alpha158_csi300_custom_step0_s_20260911_19,0ac93ca12eae4c0ba9d4286f0cb97af7,0.129,,,
4127,2026-09-11,SZ002311,-0.002179967575429539,EXP_LGBModel_Alpha158_csi300_custom_step0_s_20260911_19,0ac93ca12eae4c0ba9d4286f0cb97af7,0.129,,,
4128,2026-09-11,SZ002352,0.00424436383862338,EXP_LGBModel_Alpha158_csi300_custom_step0_s_20260911_19,0ac93ca12eae4c0ba9d4286f0cb97af7,0.129,,,
4129,2026-09-11,SZ002353,0.009776884279251715,EXP_LGBModel_Alpha158_csi300_custom_step0_s_20260911_19,0ac93ca12eae4c0ba9d4286f0cb97af7,0.129,,,
4130,2026-09-11,SZ002371,-0.006041058345293696,EXP_LGBModel_Alpha158_csi300_custom_step0_s_20260911_19,0ac93ca12eae4c0ba9d4286f0cb97af7,0.129,,,
4131,2026-09-11,SZ002625,-0.00901534512300098,EXP_LGBModel_Alpha158_csi300_custom_step0_s_20260911_19,0ac93ca12eae4c0ba9d4286f0cb97af7,0.129,,,
4132,2026-09-11,SZ002602,-0.011181596478318043,EXP_LGBModel_Alpha158_csi300_custom_step0_s_20260911_19,0ac93ca12eae4c0ba9d4286f0cb97af7,0.129,,,
4133,2026-09-11,SZ002600,-0.009152651591785037,EXP_LGBModel_Alpha158_csi300_custom_step0_s_20260911_19,0ac93ca12eae4c0ba9d4286f0cb97af7,0.129,,,
4134,2026-09-11,SZ002594,0.00016711226224359508,EXP_LGBModel_Alpha158_csi300_custom_step0_s_20260911_19,0ac93ca12eae4c0ba9d4286f0cb97af7,0.129,,,
4135,2026-09-11,SZ002558,-0.00901534512300098,EXP_LGBModel_Alpha158_csi300_custom_step0_s_20260911_19,0ac93ca12eae4c0ba9d4286f0cb97af7,0.129,,,
4136,2026-09-11,SZ002532,-0.00901534512300098,EXP_LGBModel_Alpha158_csi300_custom_step0_s_20260911_19,0ac93ca12eae4c0ba9d4286f0cb97af7,0.129,,,
4137,2026-09-11,SZ002709,0.0023303557406011916,EXP_LGBModel_Alpha158_csi300_custom_step0_s_20260911_19,0ac93ca12eae4c0ba9d4286f0cb97af7,0.129,,,
4138,2026-09-11,SZ002493,-0.006749260796502508,EXP_LGBModel_Alpha158_csi300_custom_step0_s_20260911_19,0ac93ca12eae4c0ba9d4286f0cb97af7,0.129,,,
4139,2026-09-11,SZ002466,-0.006825160038642157,EXP_LGBModel_Alpha158_csi300_custom_step0_s_20260911_19,0ac93ca12eae4c0ba9d4286f0cb97af7,0.129,,,
4140,2026-09-11,SZ002463,-0.002179967575429539,EXP_LGBModel_Alpha158_csi300_custom_step0_s_20260911_19,0ac93ca12eae4c0ba9d4286f0cb97af7,0.129,,,
4141,2026-09-11,SZ002460,-0.005119002893367616,EXP_LGBModel_Alpha158_csi300_custom_step0_s_20260911_19,0ac93ca12eae4c0ba9d4286f0cb97af7,0.129,,,
4142,2026-09-11,SZ002422,0.0023303557406011916,EXP_LGBModel_Alpha158_csi300_custom_step0_s_20260911_19,0ac93ca12eae4c0ba9d4286f0cb97af7,0.129,,,
4143,2026-09-11,SZ002415,0.00016711226224359508,EXP_LGBModel_Alpha158_csi300_custom_step0_s_20260911_19,0ac93ca12eae4c0ba9d4286f0cb97af7,0.129,,,
4144,2026-09-11,SZ002384,-0.006825160038642157,EXP_LGBModel_Alpha158_csi300_custom_step0_s_20260911_19,0ac93ca12eae4c0ba9d4286f0cb97af7,0.129,,,
4145,2026-09-11,SZ002475,-0.00901534512300098,EXP_LGBModel_Alpha158_csi300_custom_step0_s_20260911_19,0ac93ca12eae4c0ba9d4286f0cb97af7,0.129,,,
4146,2026-09-11,SZ300896,-0.00901534512300098,EXP_LGBModel_Alpha158_csi300_custom_step0_s_20260911_19,0ac93ca12eae4c0ba9d4286f0cb97af7,0.129,,,
4147,2026-09-11,SZ300999,0.006248109683783412,EXP_LGBModel_Alpha158_csi300_custom_step0_s_20260911_19,0ac93ca12eae4c0ba9d4286f0cb97af7,0.129,,,
4148,2026-09-11,SZ301165,0.009776884279251715,EXP_LGBModel_Alpha158_csi300_custom_step0_s_20260911_19,0ac93ca12eae4c0ba9d4286f0cb97af7,0.129,,,
4149,2026-09-11,SH600188,-0.008671980670953509,EXP_LGBModel_Alpha158_csi300_custom_step0_s_20260911_19,ab8d18db70cf4250a9a68e153ff4c493,0.043,,,
4150,2026-09-11,SH600196,-0.003738103438263344,EXP_LGBModel_Alpha158_csi300_custom_step0_s_20260911_19,ab8d18db70cf4250a9a68e153ff4c493,0.043,,,
4151,2026-09-11,SH600219,-0.006546827952300724,EXP_LGBModel_Alpha158_csi300_custom_step0_s_20260911_19,ab8d18db70cf4250a9a68e153ff4c493,0.043,,,
4152,2026-09-11,SH600221,-0.0020420182338168422,EXP_LGBModel_Alpha158_csi300_custom_step0_s_20260911_19,ab8d18db70cf4250a9a68e153ff4c493,0.043,,,
4153,2026-09-11,SH600233,-0.009277225230057341,EXP_LGBModel_Alpha158_csi300_custom_step0_s_20260911_19,ab8d18db70cf4250a9a68e153ff4c493,0.043,,,
4154,2026-09-11,SH600276,0.006494940856633604,EXP_LGBModel_Alpha158_csi300_custom_step0_s_20260911_19,ab8d18db70cf4250a9a68e153ff4c493,0.043,,,
4155,2026-09-11,SH600309,0.014936857330461002,EXP_LGBModel_Alpha158_csi300_custom_step0_s_20260911_19,ab8d18db70cf4250a9a68e153ff4c493,0.043,,,
4156,2026-09-11,SH600346,-0.01070533505701642,EXP_LGBModel_Alpha158_csi300_custom_step0_s_20260911_19,ab8d18db70cf4250a9a68e153ff4c493,0.043,,,
4157,2026-09-11,SH600362,-0.0010489700296608825,EXP_LGBModel_Alpha158_csi300_custom_step0_s_20260911_19,ab8d18db70cf4250a9a68e153ff4c493,0.043,,,
4158,2026-09-11,SH600372,-0.005606356582626967,EXP_LGBModel_Alpha158_csi300_custom_step0_s_20260911_19,ab8d18db70cf4250a9a68e153ff4c493,0.043,,,
4159,2026-09-11,SH600406,0.0031499482680143595,EXP_LGBModel_Alpha158_csi300_custom_step0_s_20260911_19,ab8d18db70cf4250a9a68e153ff4c493,0.043,,,
4160,2026-09-11,SH600415,-0.009216012863142328,EXP_LGBModel_Alpha158_csi300_custom_step0_s_20260911_19,ab8d18db70cf4250a9a68e153ff4c493,0.043,,,
4161,2026-09-11,SH600426,-0.007205631378904641,EXP_LGBModel_Alpha158_csi300_custom_step0_s_20260911_19,ab8d18db70cf4250a9a68e153ff4c493,0.043,,,
4162,2026-09-11,SH600436,0.005695911871307182,EXP_LGBModel_Alpha158_csi300_custom_step0_s_20260911_19,ab8d18db70cf4250a9a68e153ff4c493,0.043,,,
4163,2026-09-11,SH600438,-0.015028356602262337,EXP_LGBModel_Alpha158_csi300_custom_step0_s_20260911_19,ab8d18db70cf4250a9a68e153ff4c493,0.043,,,
4164,2026-09-11,SH600460,-0.002283879077057423,EXP_LGBModel_Alpha158_csi300_custom_step0_s_20260911_19,ab8d18db70cf4250a9a68e153ff4c493,0.043,,,
4165,2026-09-11,SH600482,-0.011284076699764042,EXP_LGBModel_Alpha158_csi300_custom_step0_s_20260911_19,ab8d18db70cf4250a9a68e153ff4c493,0.043,,,
4166,2026-09-11,SH600690,0.005695911871307182,EXP_LGBModel_Alpha158_csi300_custom_step0_s_20260911_19,ab8d18db70cf4250a9a68e153ff4c493,0.043,,,
4167,2026-09-11,SH600674,0.019987447151256353,EXP_LGBModel_Alpha158_csi300_custom_step0_s_20260911_19,ab8d18db70cf4250a9a68e153ff4c493,0.043,,,
4168,2026-09-11,SH600660,-0.010780342168902488,EXP_LGBModel_Alpha158_csi300_custom_step0_s_20260911_19,ab8d18db70cf4250a9a68e153ff4c493,0.043,,,
4169,2026-09-11,SH600600,0.007008303475328192,EXP_LGBModel_Alpha158_csi300_custom_step0_s_20260911_19,ab8d18db70cf4250a9a68e153ff4c493,0.043,,,
4170,2026-09-11,SH600588,0.000757274935197897,EXP_LGBModel_Alpha158_csi300_custom_step0_s_20260911_19,ab8d18db70cf4250a9a68e153ff4c493,0.043,,,
4171,2026-09-11,SH600585,-0.005979739300764943,EXP_LGBModel_Alpha158_csi300_custom_step0_s_20260911_19,ab8d18db70cf4250a9a68e153ff4c493,0.043,,,
4172,2026-09-11,SH600183,0.00156524125476658,EXP_LGBModel_Alpha158_csi300_custom_step0_s_20260911_19,ab8d18db70cf4250a9a68e153ff4c493,0.043,,,
4173,2026-09-11,SH600584,0.002589207941144087,EXP_LGBModel_Alpha158_csi300_custom_step0_s_20260911_19,ab8d18db70cf4250a9a68e153ff4c493,0.043,,,
4174,2026-09-11,SH600549,-0.009167352581871447,EXP_LGBModel_Alpha158_csi300_custom_step0_s_20260911_19,ab8d18db70cf4250a9a68e153ff4c493,0.043,,,
4175,2026-09-11,SH600547,0.03208099120173401,EXP_LGBModel_Alpha158_csi300_custom_step0_s_20260911_19,ab8d18db70cf4250a9a68e153ff4c493,0.043,,,
4176,2026-09-11,SH600522,-0.0016275174120588382,EXP_LGBModel_Alpha158_csi300_custom_step0_s_20260911_19,ab8d18db70cf4250a9a68e153ff4c493,0.043,,,
4177,2026-09-11,SH600519,-0.003619803520825588,EXP_LGBModel_Alpha158_csi300_custom_step0_s_20260911_19,ab8d18db70cf4250a9a68e153ff4c493,0.043,,,
4178,2026-09-11,SH600515,-0.002005298005069603,EXP_LGBModel_Alpha158_csi300_custom_step0_s_20260911_19,ab8d18db70cf4250a9a68e153ff4c493,0.043,,,
4179,2026-09-11,SH600489,-0.002588304427785631,EXP_LGBModel_Alpha158_csi300_custom_step0_s_20260911_19,ab8d18db70cf4250a9a68e153ff4c493,0.043,,,
4180,2026-09-11,SH600570,-0.0189257532768294,EXP_LGBModel_Alpha158_csi300_custom_step0_s_20260911_19,ab8d18db70cf4250a9a68e153ff4c493,0.043,,,
4181,2026-09-11,SH600176,-0.0040081142468661795,EXP_LGBModel_Alpha158_csi300_custom_step0_s_20260911_19,ab8d18db70cf4250a9a68e153ff4c493,0.043,,,
4182,2026-09-11,SH600160,-0.011629280768016845,EXP_LGBModel_Alpha158_csi300_custom_step0_s_20260911_19,ab8d18db70cf4250a9a68e153ff4c493,0.043,,,
4183,2026-09-11,SH600150,-0.00894706380477212,EXP_LGBModel_Alpha158_csi300_custom_step0_s_20260911_19,ab8d18db70cf4250a9a68e153ff4c493,0.043,,,
4184,2026-09-11,SH600025,0.01723206672064436,EXP_LGBModel_Alpha158_csi300_custom_step0_s_20260911_19,ab8d18db70cf4250a9a68e153ff4c493,0.043,,,
4185,2026-09-11,SH600023,0.01723206672064436,EXP_LGBModel_Alpha158_csi300_custom_step0_s_20260911_19,ab8d18db70cf4250a9a68e153ff4c493,0.043,,,
4186,2026-09-11,SH600019,0.012783228928158552,EXP_LGBModel_Alpha158_csi300_custom_step0_s_20260911_19,ab8d18db70cf4250a9a68e153ff4c493,0.043,,,
4187,2026-09-11,SH600018,0.006366614835655333,EXP_LGBModel_Alpha158_csi300_custom_step0_s_20260911_19,ab8d18db70cf4250a9a68e153ff4c493,0.043,,,
4188,2026-09-11,SH600016,0.01266995827646521,EXP_LGBModel_Alpha158_csi300_custom_step0_s_20260911_19,ab8d18db70cf4250a9a68e153ff4c493,0.043,,,
4189,2026-09-11,SH600015,0.0012680533932929309,EXP_LGBModel_Alpha158_csi300_custom_step0_s_20260911_19,ab8d18db70cf4250a9a68e153ff4c493,0.043,,,
4190,2026-09-11,SH600026,-0.011200041856544314,EXP_LGBModel_Alpha158_csi300_custom_step0_s_20260911_19,ab8d18db70cf4250a9a68e153ff4c493,0.043,,,
4191,2026-09-11,SH600011,0.0003308922230595131,EXP_LGBModel_Alpha158_csi300_custom_step0_s_20260911_19,ab8d18db70cf4250a9a68e153ff4c493,0.043,,,
4192,2026-09-11,SH600009,0.009112804327364105,EXP_LGBModel_Alpha158_csi300_custom_step0_s_20260911_19,ab8d18db70cf4250a9a68e153ff4c493,0.043,,,
4193,2026-09-11,SH600000,0.0126683622206085,EXP_LGBModel_Alpha158_csi300_custom_step0_s_20260911_19,ab8d18db70cf4250a9a68e153ff4c493,0.043,,,
4194,2026-09-11,SZ302132,0.006264153666299094,EXP_LGBModel_Alpha158_csi300_custom_step0_s_20260911_19,0ac93ca12eae4c0ba9d4286f0cb97af7,0.129,,,
4195,2026-09-11,SZ301308,-0.0025664014358253223,EXP_LGBModel_Alpha158_csi300_custom_step0_s_20260911_19,0ac93ca12eae4c0ba9d4286f0cb97af7,0.129,,,
4196,2026-09-11,SZ301269,-0.00901534512300098,EXP_LGBModel_Alpha158_csi300_custom_step0_s_20260911_19,0ac93ca12eae4c0ba9d4286f0cb97af7,0.129,,,
4197,2026-09-11,SZ301236,-0.00901534512300098,EXP_LGBModel_Alpha158_csi300_custom_step0_s_20260911_19,0ac93ca12eae4c0ba9d4286f0cb97af7,0.129,,,
4198,2026-09-11,SH600010,-0.003040233887986755,EXP_LGBModel_Alpha158_csi300_custom_step0_s_20260911_19,ab8d18db70cf4250a9a68e153ff4c493,0.043,,,
4199,2026-09-11,SZ000617,-0.012815084472503246,EXP_LGBModel_Alpha158_csi300_custom_step0_s_20260911_19,ab8d18db70cf4250a9a68e153ff4c493,0.043,,,
4200,2026-09-11,SH600027,-0.00782629934689919,EXP_LGBModel_Alpha158_csi300_custom_step0_s_20260911_19,ab8d18db70cf4250a9a68e153ff4c493,0.043,,,
4201,2026-09-11,SH600029,-0.0017865833059133999,EXP_LGBModel_Alpha158_csi300_custom_step0_s_20260911_19,ab8d18db70cf4250a9a68e153ff4c493,0.043,,,
4202,2026-09-11,SH600118,-0.005275403796081502,EXP_LGBModel_Alpha158_csi300_custom_step0_s_20260911_19,ab8d18db70cf4250a9a68e153ff4c493,0.043,,,
4203,2026-09-11,SH600115,-0.0017865833059133999,EXP_LGBModel_Alpha158_csi300_custom_step0_s_20260911_19,ab8d18db70cf4250a9a68e153ff4c493,0.043,,,
4204,2026-09-11,SH600111,-0.010563859010926175,EXP_LGBModel_Alpha158_csi300_custom_step0_s_20260911_19,ab8d18db70cf4250a9a68e153ff4c493,0.043,,,
4205,2026-09-11,SH600104,0.01398378961429047,EXP_LGBModel_Alpha158_csi300_custom_step0_s_20260911_19,ab8d18db70cf4250a9a68e153ff4c493,0.043,,,
4206,2026-09-11,SH600089,-0.0012084979408587277,EXP_LGBModel_Alpha158_csi300_custom_step0_s_20260911_19,ab8d18db70cf4250a9a68e153ff4c493,0.043,,,
4207,2026-09-11,SH600085,0.0031499482680143595,EXP_LGBModel_Alpha158_csi300_custom_step0_s_20260911_19,ab8d18db70cf4250a9a68e153ff4c493,0.043,,,
4208,2026-09-11,SH600028,0.00953437361022598,EXP_LGBModel_Alpha158_csi300_custom_step0_s_20260911_19,ab8d18db70cf4250a9a68e153ff4c493,0.043,,,
4209,2026-09-11,SH600066,-0.015532468342455613,EXP_LGBModel_Alpha158_csi300_custom_step0_s_20260911_19,ab8d18db70cf4250a9a68e153ff4c493,0.043,,,
4210,2026-09-11,SH600050,-0.00387523844872903,EXP_LGBModel_Alpha158_csi300_custom_step0_s_20260911_19,ab8d18db70cf4250a9a68e153ff4c493,0.043,,,
4211,2026-09-11,SH600048,-0.006585811053502878,EXP_LGBModel_Alpha158_csi300_custom_step0_s_20260911_19,ab8d18db70cf4250a9a68e153ff4c493,0.043,,,
4212,2026-09-11,SH600039,-0.007503557823637541,EXP_LGBModel_Alpha158_csi300_custom_step0_s_20260911_19,ab8d18db70cf4250a9a68e153ff4c493,0.043,,,
4213,2026-09-11,SH600036,0.014772863072644412,EXP_LGBModel_Alpha158_csi300_custom_step0_s_20260911_19,ab8d18db70cf4250a9a68e153ff4c493,0.043,,,
4214,2026-09-11,SH600031,0.004662595315165602,EXP_LGBModel_Alpha158_csi300_custom_step0_s_20260911_19,ab8d18db70cf4250a9a68e153ff4c493,0.043,,,
4215,2026-09-11,SH600030,0.0018375566639933494,EXP_LGBModel_Alpha158_csi300_custom_step0_s_20260911_19,ab8d18db70cf4250a9a68e153ff4c493,0.043,,,
4216,2026-09-11,SH600061,3.0452969662881977e-10,EXP_LGBModel_Alpha158_csi300_custom_step0_s_20260911_19,ab8d18db70cf4250a9a68e153ff4c493,0.043,,,
4217,2026-09-11,SZ000625,0.006522979272016596,EXP_LGBModel_Alpha158_csi300_custom_step0_s_20260911_19,ab8d18db70cf4250a9a68e153ff4c493,0.043,,,
4218,2026-09-11,SZ000630,-0.004474279817551036,EXP_LGBModel_Alpha158_csi300_custom_step0_s_20260911_19,ab8d18db70cf4250a9a68e153ff4c493,0.043,,,
4219,2026-09-11,SZ000651,0.014772863072644412,EXP_LGBModel_Alpha158_csi300_custom_step0_s_20260911_19,ab8d18db70cf4250a9a68e153ff4c493,0.043,,,
4220,2026-09-11,SH600999,-0.04319954054608131,EXP_DEnsembleModel_Alpha158_csi300_custom_step0_s_20260911_16,6c9cafb99e3645ccb7f124e1db9b22d7,0.094,,,
4221,2026-09-11,SH601006,0.07606085685569926,EXP_DEnsembleModel_Alpha158_csi300_custom_step0_s_20260911_16,6c9cafb99e3645ccb7f124e1db9b22d7,0.094,,,
4222,2026-09-11,SH601009,0.07809198173874513,EXP_DEnsembleModel_Alpha158_csi300_custom_step0_s_20260911_16,6c9cafb99e3645ccb7f124e1db9b22d7,0.094,,,
4223,2026-09-11,SH601012,-0.1034707970533841,EXP_DEnsembleModel_Alpha158_csi300_custom_step0_s_20260911_16,6c9cafb99e3645ccb7f124e1db9b22d7,0.094,,,
4224,2026-09-11,SH601018,0.10028211552130821,EXP_DEnsembleModel_Alpha158_csi300_custom_step0_s_20260911_16,6c9cafb99e3645ccb7f124e1db9b22d7,0.094,,,
4225,2026-09-11,SH601021,0.04776958769540791,EXP_DEnsembleModel_Alpha158_csi300_custom_step0_s_20260911_16,6c9cafb99e3645ccb7f124e1db9b22d7,0.094,,,
4226,2026-09-11,SH601058,0.053474823963844134,EXP_DEnsembleModel_Alpha158_csi300_custom_step0_s_20260911_16,6c9cafb99e3645ccb7f124e1db9b22d7,0.094,,,
4227,2026-09-11,SH601059,-0.0976506581718241,EXP_DEnsembleModel_Alpha158_csi300_custom_step0_s_20260911_16,6c9cafb99e3645ccb7f124e1db9b22d7,0.094,,,
4228,2026-09-11,SH601066,-0.021620337726159334,EXP_DEnsembleModel_Alpha158_csi300_custom_step0_s_20260911_16,6c9cafb99e3645ccb7f124e1db9b22d7,0.094,,,
4229,2026-09-11,SH601077,0.11396448150513595,EXP_DEnsembleModel_Alpha158_csi300_custom_step0_s_20260911_16,6c9cafb99e3645ccb7f124e1db9b22d7,0.094,,,
4230,2026-09-11,SH601088,-0.06951189777331558,EXP_DEnsembleModel_Alpha158_csi300_custom_step0_s_20260911_16,6c9cafb99e3645ccb7f124e1db9b22d7,0.094,,,
4231,2026-09-11,SH601100,0.0639449188127813,EXP_DEnsembleModel_Alpha158_csi300_custom_step0_s_20260911_16,6c9cafb99e3645ccb7f124e1db9b22d7,0.094,,,
4232,2026-09-11,SH601111,0.027145424877351217,EXP_DEnsembleModel_Alpha158_csi300_custom_step0_s_20260911_16,6c9cafb99e3645ccb7f124e1db9b22d7,0.094,,,
4233,2026-09-11,SH601117,0.10322456905348477,EXP_DEnsembleModel_Alpha158_csi300_custom_step0_s_20260911_16,6c9cafb99e3645ccb7f124e1db9b22d7,0.094,,,
4234,2026-09-11,SH601127,0.02197267376276876,EXP_DEnsembleModel_Alpha158_csi300_custom_step0_s_20260911_16,6c9cafb99e3645ccb7f124e1db9b22d7,0.094,,,
4235,2026-09-11,SH601136,-0.06504488276468194,EXP_DEnsembleModel_Alpha158_csi300_custom_step0_s_20260911_16,6c9cafb99e3645ccb7f124e1db9b22d7,0.094,,,
4236,2026-09-11,SH601138,-0.10416453780677641,EXP_DEnsembleModel_Alpha158_csi300_custom_step0_s_20260911_16,6c9cafb99e3645ccb7f124e1db9b22d7,0.094,,,
4237,2026-09-11,SH601377,0.07689898846040696,EXP_DEnsembleModel_Alpha158_csi300_custom_step0_s_20260911_16,6c9cafb99e3645ccb7f124e1db9b22d7,0.094,,,
4238,2026-09-11,SH601360,-0.044368943784767544,EXP_DEnsembleModel_Alpha158_csi300_custom_step0_s_20260911_16,6c9cafb99e3645ccb7f124e1db9b22d7,0.094,,,
4239,2026-09-11,SH601336,-0.03682420123477094,EXP_DEnsembleModel_Alpha158_csi300_custom_step0_s_20260911_16,6c9cafb99e3645ccb7f124e1db9b22d7,0.094,,,
4240,2026-09-11,SH601328,0.051314746475575164,EXP_DEnsembleModel_Alpha158_csi300_custom_step0_s_20260911_16,6c9cafb99e3645ccb7f124e1db9b22d7,0.094,,,
4241,2026-09-11,SH601319,0.07448118684840332,EXP_DEnsembleModel_Alpha158_csi300_custom_step0_s_20260911_16,6c9cafb99e3645ccb7f124e1db9b22d7,0.094,,,
4242,2026-09-11,SH601318,0.03647473800346208,EXP_DEnsembleModel_Alpha158_csi300_custom_step0_s_20260911_16,6c9cafb99e3645ccb7f124e1db9b22d7,0.094,,,
4243,2026-09-11,SH600989,0.03410844847340099,EXP_DEnsembleModel_Alpha158_csi300_custom_step0_s_20260911_16,6c9cafb99e3645ccb7f124e1db9b22d7,0.094,,,
4244,2026-09-11,SH601288,0.03390404812255454,EXP_DEnsembleModel_Alpha158_csi300_custom_step0_s_20260911_16,6c9cafb99e3645ccb7f124e1db9b22d7,0.094,,,
4245,2026-09-11,SH601229,0.14716753261838872,EXP_DEnsembleModel_Alpha158_csi300_custom_step0_s_20260911_16,6c9cafb99e3645ccb7f124e1db9b22d7,0.094,,,
4246,2026-09-11,SH601225,-0.07743228152253924,EXP_DEnsembleModel_Alpha158_csi300_custom_step0_s_20260911_16,6c9cafb99e3645ccb7f124e1db9b22d7,0.094,,,
4247,2026-09-11,SH601211,0.019120839344771556,EXP_DEnsembleModel_Alpha158_csi300_custom_step0_s_20260911_16,6c9cafb99e3645ccb7f124e1db9b22d7,0.094,,,
4248,2026-09-11,SH601186,0.046001447550451914,EXP_DEnsembleModel_Alpha158_csi300_custom_step0_s_20260911_16,6c9cafb99e3645ccb7f124e1db9b22d7,0.094,,,
4249,2026-09-11,SH601169,0.07844688800231844,EXP_DEnsembleModel_Alpha158_csi300_custom_step0_s_20260911_16,6c9cafb99e3645ccb7f124e1db9b22d7,0.094,,,
4250,2026-09-11,SH601166,0.0899353226879258,EXP_DEnsembleModel_Alpha158_csi300_custom_step0_s_20260911_16,6c9cafb99e3645ccb7f124e1db9b22d7,0.094,,,
4251,2026-09-11,SH601238,0.04773623645741176,EXP_DEnsembleModel_Alpha158_csi300_custom_step0_s_20260911_16,6c9cafb99e3645ccb7f124e1db9b22d7,0.094,,,
4252,2026-09-11,SH601390,0.07624816160940293,EXP_DEnsembleModel_Alpha158_csi300_custom_step0_s_20260911_16,6c9cafb99e3645ccb7f124e1db9b22d7,0.094,,,
4253,2026-09-11,SH600958,0.05278421939707115,EXP_DEnsembleModel_Alpha158_csi300_custom_step0_s_20260911_16,6c9cafb99e3645ccb7f124e1db9b22d7,0.094,,,
4254,2026-09-11,SH600938,0.035979237151731056,EXP_DEnsembleModel_Alpha158_csi300_custom_step0_s_20260911_16,6c9cafb99e3645ccb7f124e1db9b22d7,0.094,,,
4255,2026-09-11,SH600482,-0.029989481352274597,EXP_DEnsembleModel_Alpha158_csi300_custom_step0_s_20260911_16,6c9cafb99e3645ccb7f124e1db9b22d7,0.094,,,
4256,2026-09-11,SH600489,0.08526081427076923,EXP_DEnsembleModel_Alpha158_csi300_custom_step0_s_20260911_16,6c9cafb99e3645ccb7f124e1db9b22d7,0.094,,,
4257,2026-09-11,SH600515,0.015659335146864472,EXP_DEnsembleModel_Alpha158_csi300_custom_step0_s_20260911_16,6c9cafb99e3645ccb7f124e1db9b22d7,0.094,,,
4258,2026-09-11,SH600519,0.10098792671360775,EXP_DEnsembleModel_Alpha158_csi300_custom_step0_s_20260911_16,6c9cafb99e3645ccb7f124e1db9b22d7,0.094,,,
4259,2026-09-11,SH600522,-0.10660313592238527,EXP_DEnsembleModel_Alpha158_csi300_custom_step0_s_20260911_16,6c9cafb99e3645ccb7f124e1db9b22d7,0.094,,,
4260,2026-09-11,SH600547,-0.03424042384581029,EXP_DEnsembleModel_Alpha158_csi300_custom_step0_s_20260911_16,6c9cafb99e3645ccb7f124e1db9b22d7,0.094,,,
4261,2026-09-11,SH600549,-0.016417924189050342,EXP_DEnsembleModel_Alpha158_csi300_custom_step0_s_20260911_16,6c9cafb99e3645ccb7f124e1db9b22d7,0.094,,,
4262,2026-09-11,SH600570,-0.14145213578108146,EXP_DEnsembleModel_Alpha158_csi300_custom_step0_s_20260911_16,6c9cafb99e3645ccb7f124e1db9b22d7,0.094,,,
4263,2026-09-11,SH600584,0.04115026594873773,EXP_DEnsembleModel_Alpha158_csi300_custom_step0_s_20260911_16,6c9cafb99e3645ccb7f124e1db9b22d7,0.094,,,
4264,2026-09-11,SH600585,0.08486106605036124,EXP_DEnsembleModel_Alpha158_csi300_custom_step0_s_20260911_16,6c9cafb99e3645ccb7f124e1db9b22d7,0.094,,,
4265,2026-09-11,SH600588,0.04409482476082437,EXP_DEnsembleModel_Alpha158_csi300_custom_step0_s_20260911_16,6c9cafb99e3645ccb7f124e1db9b22d7,0.094,,,
4266,2026-09-11,SH600600,0.03708878755259589,EXP_DEnsembleModel_Alpha158_csi300_custom_step0_s_20260911_16,6c9cafb99e3645ccb7f124e1db9b22d7,0.094,,,
4267,2026-09-11,SH600660,0.022859255250082772,EXP_DEnsembleModel_Alpha158_csi300_custom_step0_s_20260911_16,6c9cafb99e3645ccb7f124e1db9b22d7,0.094,,,
4268,2026-09-11,SH600674,0.10768527293536466,EXP_DEnsembleModel_Alpha158_csi300_custom_step0_s_20260911_16,6c9cafb99e3645ccb7f124e1db9b22d7,0.094,,,
4269,2026-09-11,SH600690,0.04672455674019829,EXP_DEnsembleModel_Alpha158_csi300_custom_step0_s_20260911_16,6c9cafb99e3645ccb7f124e1db9b22d7,0.094,,,
4270,2026-09-11,SH600741,0.07997490519840421,EXP_DEnsembleModel_Alpha158_csi300_custom_step0_s_20260911_16,6c9cafb99e3645ccb7f124e1db9b22d7,0.094,,,
4271,2026-09-11,SH600760,0.05027987935220434,EXP_DEnsembleModel_Alpha158_csi300_custom_step0_s_20260911_16,6c9cafb99e3645ccb7f124e1db9b22d7,0.094,,,
4272,2026-09-11,SH600930,-0.013519509743955514,EXP_DEnsembleModel_Alpha158_csi300_custom_step0_s_20260911_16,6c9cafb99e3645ccb7f124e1db9b22d7,0.094,,,
4273,2026-09-11,SH600926,0.10451791495055103,EXP_DEnsembleModel_Alpha158_csi300_custom_step0_s_20260911_16,6c9cafb99e3645ccb7f124e1db9b22d7,0.094,,,
4274,2026-09-11,SH600919,0.07561723777585279,EXP_DEnsembleModel_Alpha158_csi300_custom_step0_s_20260911_16,6c9cafb99e3645ccb7f124e1db9b22d7,0.094,,,
4275,2026-09-11,SH600918,0.026331929348791052,EXP_DEnsembleModel_Alpha158_csi300_custom_step0_s_20260911_16,6c9cafb99e3645ccb7f124e1db9b22d7,0.094,,,
4276,2026-09-11,SH600905,0.07211469643217779,EXP_DEnsembleModel_Alpha158_csi300_custom_step0_s_20260911_16,6c9cafb99e3645ccb7f124e1db9b22d7,0.094,,,
4277,2026-09-11,SH600900,0.15513632245500822,EXP_DEnsembleModel_Alpha158_csi300_custom_step0_s_20260911_16,6c9cafb99e3645ccb7f124e1db9b22d7,0.094,,,
4278,2026-09-11,SH600941,0.06788744910999765,EXP_DEnsembleModel_Alpha158_csi300_custom_step0_s_20260911_16,6c9cafb99e3645ccb7f124e1db9b22d7,0.094,,,
4279,2026-09-11,SH600893,-0.11916942965842219,EXP_DEnsembleModel_Alpha158_csi300_custom_step0_s_20260911_16,6c9cafb99e3645ccb7f124e1db9b22d7,0.094,,,
4280,2026-09-11,SH600886,0.11914422801884182,EXP_DEnsembleModel_Alpha158_csi300_custom_step0_s_20260911_16,6c9cafb99e3645ccb7f124e1db9b22d7,0.094,,,
4281,2026-09-11,SH600875,-0.10373486152492989,EXP_DEnsembleModel_Alpha158_csi300_custom_step0_s_20260911_16,6c9cafb99e3645ccb7f124e1db9b22d7,0.094,,,
4282,2026-09-11,SH600845,-0.07376269538198409,EXP_DEnsembleModel_Alpha158_csi300_custom_step0_s_20260911_16,6c9cafb99e3645ccb7f124e1db9b22d7,0.094,,,
4283,2026-09-11,SH600809,-0.06686937974547011,EXP_DEnsembleModel_Alpha158_csi300_custom_step0_s_20260911_16,6c9cafb99e3645ccb7f124e1db9b22d7,0.094,,,
4284,2026-09-11,SH600803,0.05494893437528283,EXP_DEnsembleModel_Alpha158_csi300_custom_step0_s_20260911_16,6c9cafb99e3645ccb7f124e1db9b22d7,0.094,,,
4285,2026-09-11,SH600795,-0.04883096455872055,EXP_DEnsembleModel_Alpha158_csi300_custom_step0_s_20260911_16,6c9cafb99e3645ccb7f124e1db9b22d7,0.094,,,
4286,2026-09-11,SH600887,0.10000532496354432,EXP_DEnsembleModel_Alpha158_csi300_custom_step0_s_20260911_16,6c9cafb99e3645ccb7f124e1db9b22d7,0.094,,,
4287,2026-09-11,SH601398,0.041300586095777414,EXP_DEnsembleModel_Alpha158_csi300_custom_step0_s_20260911_16,6c9cafb99e3645ccb7f124e1db9b22d7,0.094,,,
4288,2026-09-11,SH601456,0.05855976885273605,EXP_DEnsembleModel_Alpha158_csi300_custom_step0_s_20260911_16,6c9cafb99e3645ccb7f124e1db9b22d7,0.094,,,
4289,2026-09-11,SH601600,-0.05005998946905416,EXP_DEnsembleModel_Alpha158_csi300_custom_step0_s_20260911_16,6c9cafb99e3645ccb7f124e1db9b22d7,0.094,,,
4290,2026-09-11,SH601998,0.049330093097341654,EXP_DEnsembleModel_Alpha158_csi300_custom_step0_s_20260911_16,6c9cafb99e3645ccb7f124e1db9b22d7,0.094,,,
4291,2026-09-11,SH603019,-0.0661835534551802,EXP_DEnsembleModel_Alpha158_csi300_custom_step0_s_20260911_16,6c9cafb99e3645ccb7f124e1db9b22d7,0.094,,,
4292,2026-09-11,SH603259,0.0451377466932033,EXP_DEnsembleModel_Alpha158_csi300_custom_step0_s_20260911_16,6c9cafb99e3645ccb7f124e1db9b22d7,0.094,,,
4293,2026-09-11,SH603260,-0.046329461096563614,EXP_DEnsembleModel_Alpha158_csi300_custom_step0_s_20260911_16,6c9cafb99e3645ccb7f124e1db9b22d7,0.094,,,
4294,2026-09-11,SH603288,-0.011795282763250403,EXP_DEnsembleModel_Alpha158_csi300_custom_step0_s_20260911_16,6c9cafb99e3645ccb7f124e1db9b22d7,0.094,,,
4295,2026-09-11,SH603296,-0.10732045459419252,EXP_DEnsembleModel_Alpha158_csi300_custom_step0_s_20260911_16,6c9cafb99e3645ccb7f124e1db9b22d7,0.094,,,
4296,2026-09-11,SH603369,0.022956477211952146,EXP_DEnsembleModel_Alpha158_csi300_custom_step0_s_20260911_16,6c9cafb99e3645ccb7f124e1db9b22d7,0.094,,,
4297,2026-09-11,SH603392,-0.08699948471987934,EXP_DEnsembleModel_Alpha158_csi300_custom_step0_s_20260911_16,6c9cafb99e3645ccb7f124e1db9b22d7,0.094,,,
4298,2026-09-11,SH603501,0.008793536382717454,EXP_DEnsembleModel_Alpha158_csi300_custom_step0_s_20260911_16,6c9cafb99e3645ccb7f124e1db9b22d7,0.094,,,
4299,2026-09-11,SH603799,-0.024156825867913168,EXP_DEnsembleModel_Alpha158_csi300_custom_step0_s_20260911_16,6c9cafb99e3645ccb7f124e1db9b22d7,0.094,,,
4300,2026-09-11,SH603893,-0.12043653388273191,EXP_DEnsembleModel_Alpha158_csi300_custom_step0_s_20260911_16,6c9cafb99e3645ccb7f124e1db9b22d7,0.094,,,
4301,2026-09-11,SH603986,0.006782658376494401,EXP_DEnsembleModel_Alpha158_csi300_custom_step0_s_20260911_16,6c9cafb99e3645ccb7f124e1db9b22d7,0.094,,,
4302,2026-09-11,SH603993,-0.0702255895885199,EXP_DEnsembleModel_Alpha158_csi300_custom_step0_s_20260911_16,6c9cafb99e3645ccb7f124e1db9b22d7,0.094,,,
4303,2026-09-11,SH605117,-0.1323020072277962,EXP_DEnsembleModel_Alpha158_csi300_custom_step0_s_20260911_16,6c9cafb99e3645ccb7f124e1db9b22d7,0.094,,,
4304,2026-09-11,SH605499,-0.06567150723510885,EXP_DEnsembleModel_Alpha158_csi300_custom_step0_s_20260911_16,6c9cafb99e3645ccb7f124e1db9b22d7,0.094,,,
4305,2026-09-11,SH688008,0.009564431707926388,EXP_DEnsembleModel_Alpha158_csi300_custom_step0_s_20260911_16,6c9cafb99e3645ccb7f124e1db9b22d7,0.094,,,
4306,2026-09-11,SH688009,0.07989876439396047,EXP_DEnsembleModel_Alpha158_csi300_custom_step0_s_20260911_16,6c9cafb99e3645ccb7f124e1db9b22d7,0.094,,,
4307,2026-09-11,SH688396,-0.035423012870605695,EXP_DEnsembleModel_Alpha158_csi300_custom_step0_s_20260911_16,6c9cafb99e3645ccb7f124e1db9b22d7,0.094,,,
4308,2026-09-11,SH688303,-0.026786981964591138,EXP_DEnsembleModel_Alpha158_csi300_custom_step0_s_20260911_16,6c9cafb99e3645ccb7f124e1db9b22d7,0.094,,,
4309,2026-09-11,SH688271,-0.07564607184765795,EXP_DEnsembleModel_Alpha158_csi300_custom_step0_s_20260911_16,6c9cafb99e3645ccb7f124e1db9b22d7,0.094,,,
4310,2026-09-11,SH688256,0.017040048927410685,EXP_DEnsembleModel_Alpha158_csi300_custom_step0_s_20260911_16,6c9cafb99e3645ccb7f124e1db9b22d7,0.094,,,
4311,2026-09-11,SH688223,-0.020916164477175238,EXP_DEnsembleModel_Alpha158_csi300_custom_step0_s_20260911_16,6c9cafb99e3645ccb7f124e1db9b22d7,0.094,,,
4312,2026-09-11,SH688183,-0.1187628648942186,EXP_DEnsembleModel_Alpha158_csi300_custom_step0_s_20260911_16,6c9cafb99e3645ccb7f124e1db9b22d7,0.094,,,
4313,2026-09-11,SH601995,0.007725354381034095,EXP_DEnsembleModel_Alpha158_csi300_custom_step0_s_20260911_16,6c9cafb99e3645ccb7f124e1db9b22d7,0.094,,,
4314,2026-09-11,SH688126,-0.007483011124551424,EXP_DEnsembleModel_Alpha158_csi300_custom_step0_s_20260911_16,6c9cafb99e3645ccb7f124e1db9b22d7,0.094,,,
4315,2026-09-11,SH688082,0.037101124919891246,EXP_DEnsembleModel_Alpha158_csi300_custom_step0_s_20260911_16,6c9cafb99e3645ccb7f124e1db9b22d7,0.094,,,
4316,2026-09-11,SH688072,-0.06166707630647621,EXP_DEnsembleModel_Alpha158_csi300_custom_step0_s_20260911_16,6c9cafb99e3645ccb7f124e1db9b22d7,0.094,,,
4317,2026-09-11,SH688047,-0.02364621048724879,EXP_DEnsembleModel_Alpha158_csi300_custom_step0_s_20260911_16,6c9cafb99e3645ccb7f124e1db9b22d7,0.094,,,
4318,2026-09-11,SH688041,0.05708817821142978,EXP_DEnsembleModel_Alpha158_csi300_custom_step0_s_20260911_16,6c9cafb99e3645ccb7f124e1db9b22d7,0.094,,,
4319,2026-09-11,SH688036,-0.0583318654600153,EXP_DEnsembleModel_Alpha158_csi300_custom_step0_s_20260911_16,6c9cafb99e3645ccb7f124e1db9b22d7,0.094,,,
4320,2026-09-11,SH688012,-0.11346898862359454,EXP_DEnsembleModel_Alpha158_csi300_custom_step0_s_20260911_16,6c9cafb99e3645ccb7f124e1db9b22d7,0.094,,,
4321,2026-09-11,SH688111,-0.08361995635657575,EXP_DEnsembleModel_Alpha158_csi300_custom_step0_s_20260911_16,6c9cafb99e3645ccb7f124e1db9b22d7,0.094,,,
4322,2026-09-11,SH601988,0.0024183555042366855,EXP_DEnsembleModel_Alpha158_csi300_custom_step0_s_20260911_16,6c9cafb99e3645ccb7f124e1db9b22d7,0.094,,,
4323,2026-09-11,SH601985,0.11041167118226825,EXP_DEnsembleModel_Alpha158_csi300_custom_step0_s_20260911_16,6c9cafb99e3645ccb7f124e1db9b22d7,0.094,,,
4324,2026-09-11,SH601939,0.046306318276509384,EXP_DEnsembleModel_Alpha158_csi300_custom_step0_s_20260911_16,6c9cafb99e3645ccb7f124e1db9b22d7,0.094,,,
4325,2026-09-11,SH601766,0.058843785782929627,EXP_DEnsembleModel_Alpha158_csi300_custom_step0_s_20260911_16,6c9cafb99e3645ccb7f124e1db9b22d7,0.094,,,
4326,2026-09-11,SH601728,0.033116504347058866,EXP_DEnsembleModel_Alpha158_csi300_custom_step0_s_20260911_16,6c9cafb99e3645ccb7f124e1db9b22d7,0.094,,,
4327,2026-09-11,SH601727,0.09809919759839236,EXP_DEnsembleModel_Alpha158_csi300_custom_step0_s_20260911_16,6c9cafb99e3645ccb7f124e1db9b22d7,0.094,,,
4328,2026-09-11,SH601698,-0.002025487174674557,EXP_DEnsembleModel_Alpha158_csi300_custom_step0_s_20260911_16,6c9cafb99e3645ccb7f124e1db9b22d7,0.094,,,
4329,2026-09-11,SH601689,0.050246279773625196,EXP_DEnsembleModel_Alpha158_csi300_custom_step0_s_20260911_16,6c9cafb99e3645ccb7f124e1db9b22d7,0.094,,,
4330,2026-09-11,SH601688,0.07296656870031494,EXP_DEnsembleModel_Alpha158_csi300_custom_step0_s_20260911_16,6c9cafb99e3645ccb7f124e1db9b22d7,0.094,,,
4331,2026-09-11,SH601788,-0.03356002530511281,EXP_DEnsembleModel_Alpha158_csi300_custom_step0_s_20260911_16,6c9cafb99e3645ccb7f124e1db9b22d7,0.094,,,
4332,2026-09-11,SH601669,0.08321871127657199,EXP_DEnsembleModel_Alpha158_csi300_custom_step0_s_20260911_16,6c9cafb99e3645ccb7f124e1db9b22d7,0.094,,,
4333,2026-09-11,SH601658,0.06123710789162299,EXP_DEnsembleModel_Alpha158_csi300_custom_step0_s_20260911_16,6c9cafb99e3645ccb7f124e1db9b22d7,0.094,,,
4334,2026-09-11,SH601633,-0.017472789142508976,EXP_DEnsembleModel_Alpha158_csi300_custom_step0_s_20260911_16,6c9cafb99e3645ccb7f124e1db9b22d7,0.094,,,
4335,2026-09-11,SH601628,-0.011767038652120138,EXP_DEnsembleModel_Alpha158_csi300_custom_step0_s_20260911_16,6c9cafb99e3645ccb7f124e1db9b22d7,0.094,,,
4336,2026-09-11,SH601618,-0.0010253263370562334,EXP_DEnsembleModel_Alpha158_csi300_custom_step0_s_20260911_16,6c9cafb99e3645ccb7f124e1db9b22d7,0.094,,,
4337,2026-09-11,SH601607,0.10769219868517269,EXP_DEnsembleModel_Alpha158_csi300_custom_step0_s_20260911_16,6c9cafb99e3645ccb7f124e1db9b22d7,0.094,,,
4338,2026-09-11,SH601601,0.06146516823028656,EXP_DEnsembleModel_Alpha158_csi300_custom_step0_s_20260911_16,6c9cafb99e3645ccb7f124e1db9b22d7,0.094,,,
4339,2026-09-11,SH601668,0.08454389347434212,EXP_DEnsembleModel_Alpha158_csi300_custom_step0_s_20260911_16,6c9cafb99e3645ccb7f124e1db9b22d7,0.094,,,
4340,2026-09-11,SH600460,0.02886929497753416,EXP_DEnsembleModel_Alpha158_csi300_custom_step0_s_20260911_16,6c9cafb99e3645ccb7f124e1db9b22d7,0.094,,,
4341,2026-09-11,SH601800,0.08301778610723486,EXP_DEnsembleModel_Alpha158_csi300_custom_step0_s_20260911_16,6c9cafb99e3645ccb7f124e1db9b22d7,0.094,,,
4342,2026-09-11,SH601818,0.09998657611541524,EXP_DEnsembleModel_Alpha158_csi300_custom_step0_s_20260911_16,6c9cafb99e3645ccb7f124e1db9b22d7,0.094,,,
4343,2026-09-11,SH601919,0.017538686570243336,EXP_DEnsembleModel_Alpha158_csi300_custom_step0_s_20260911_16,6c9cafb99e3645ccb7f124e1db9b22d7,0.094,,,
4344,2026-09-11,SH601916,0.12325599867774295,EXP_DEnsembleModel_Alpha158_csi300_custom_step0_s_20260911_16,6c9cafb99e3645ccb7f124e1db9b22d7,0.094,,,
4345,2026-09-11,SH601901,0.06294100388728409,EXP_DEnsembleModel_Alpha158_csi300_custom_step0_s_20260911_16,6c9cafb99e3645ccb7f124e1db9b22d7,0.094,,,
4346,2026-09-11,SH601899,0.024085509160936235,EXP_DEnsembleModel_Alpha158_csi300_custom_step0_s_20260911_16,6c9cafb99e3645ccb7f124e1db9b22d7,0.094,,,
4347,2026-09-11,SH601898,-0.13084661767546776,EXP_DEnsembleModel_Alpha158_csi300_custom_step0_s_20260911_16,6c9cafb99e3645ccb7f124e1db9b22d7,0.094,,,
4348,2026-09-11,SH601888,-0.08057571334574865,EXP_DEnsembleModel_Alpha158_csi300_custom_step0_s_20260911_16,6c9cafb99e3645ccb7f124e1db9b22d7,0.094,,,
4349,2026-09-11,SH601816,0.07405224654089049,EXP_DEnsembleModel_Alpha158_csi300_custom_step0_s_20260911_16,6c9cafb99e3645ccb7f124e1db9b22d7,0.094,,,
4350,2026-09-11,SH601881,0.01617633711534695,EXP_DEnsembleModel_Alpha158_csi300_custom_step0_s_20260911_16,6c9cafb99e3645ccb7f124e1db9b22d7,0.094,,,
4351,2026-09-11,SH601877,0.030766199937873603,EXP_DEnsembleModel_Alpha158_csi300_custom_step0_s_20260911_16,6c9cafb99e3645ccb7f124e1db9b22d7,0.094,,,
4352,2026-09-11,SH601872,-0.14509889801043535,EXP_DEnsembleModel_Alpha158_csi300_custom_step0_s_20260911_16,6c9cafb99e3645ccb7f124e1db9b22d7,0.094,,,
4353,2026-09-11,SH601868,0.08997965556806267,EXP_DEnsembleModel_Alpha158_csi300_custom_step0_s_20260911_16,6c9cafb99e3645ccb7f124e1db9b22d7,0.094,,,
4354,2026-09-11,SH601857,0.11126985780861086,EXP_DEnsembleModel_Alpha158_csi300_custom_step0_s_20260911_16,6c9cafb99e3645ccb7f124e1db9b22d7,0.094,,,
4355,2026-09-11,SH601838,0.05110621996970427,EXP_DEnsembleModel_Alpha158_csi300_custom_step0_s_20260911_16,6c9cafb99e3645ccb7f124e1db9b22d7,0.094,,,
4356,2026-09-11,SH601825,0.0925348479122617,EXP_DEnsembleModel_Alpha158_csi300_custom_step0_s_20260911_16,6c9cafb99e3645ccb7f124e1db9b22d7,0.094,,,
4357,2026-09-11,SH601878,0.02149457743408944,EXP_DEnsembleModel_Alpha158_csi300_custom_step0_s_20260911_16,6c9cafb99e3645ccb7f124e1db9b22d7,0.094,,,
4358,2026-09-11,SH688506,0.01721051407867745,EXP_DEnsembleModel_Alpha158_csi300_custom_step0_s_20260911_16,6c9cafb99e3645ccb7f124e1db9b22d7,0.094,,,
4359,2026-09-11,SH600438,-0.1201087103101852,EXP_DEnsembleModel_Alpha158_csi300_custom_step0_s_20260911_16,6c9cafb99e3645ccb7f124e1db9b22d7,0.094,,,
4360,2026-09-11,SH600426,-0.11479149865979965,EXP_DEnsembleModel_Alpha158_csi300_custom_step0_s_20260911_16,6c9cafb99e3645ccb7f124e1db9b22d7,0.094,,,
4361,2026-09-11,SZ002371,-0.007246884918643051,EXP_LGBModel_Alpha158_csi300_custom_step0_s_20260911_19,ab8d18db70cf4250a9a68e153ff4c493,0.043,,,
4362,2026-09-11,SZ002384,-0.015507205890366204,EXP_LGBModel_Alpha158_csi300_custom_step0_s_20260911_19,ab8d18db70cf4250a9a68e153ff4c493,0.043,,,
4363,2026-09-11,SZ002415,0.0004830669102527099,EXP_LGBModel_Alpha158_csi300_custom_step0_s_20260911_19,ab8d18db70cf4250a9a68e153ff4c493,0.043,,,
4364,2026-09-11,SZ002422,-0.003821071485997976,EXP_LGBModel_Alpha158_csi300_custom_step0_s_20260911_19,ab8d18db70cf4250a9a68e153ff4c493,0.043,,,
4365,2026-09-11,SZ002460,-0.007731692195778389,EXP_LGBModel_Alpha158_csi300_custom_step0_s_20260911_19,ab8d18db70cf4250a9a68e153ff4c493,0.043,,,
4366,2026-09-11,SZ002463,-0.006626354389268471,EXP_LGBModel_Alpha158_csi300_custom_step0_s_20260911_19,ab8d18db70cf4250a9a68e153ff4c493,0.043,,,
4367,2026-09-11,SZ002466,-0.0056219427802915636,EXP_LGBModel_Alpha158_csi300_custom_step0_s_20260911_19,ab8d18db70cf4250a9a68e153ff4c493,0.043,,,
4368,2026-09-11,SZ002475,-0.017194112717377634,EXP_LGBModel_Alpha158_csi300_custom_step0_s_20260911_19,ab8d18db70cf4250a9a68e153ff4c493,0.043,,,
4369,2026-09-11,SZ002493,-0.0043427932821006885,EXP_LGBModel_Alpha158_csi300_custom_step0_s_20260911_19,ab8d18db70cf4250a9a68e153ff4c493,0.043,,,
4370,2026-09-11,SZ002532,-0.009277225230057341,EXP_LGBModel_Alpha158_csi300_custom_step0_s_20260911_19,ab8d18db70cf4250a9a68e153ff4c493,0.043,,,
4371,2026-09-11,SZ002558,-0.008457745447532696,EXP_LGBModel_Alpha158_csi300_custom_step0_s_20260911_19,ab8d18db70cf4250a9a68e153ff4c493,0.043,,,
4372,2026-09-11,SZ002594,-0.0037500413092124638,EXP_LGBModel_Alpha158_csi300_custom_step0_s_20260911_19,ab8d18db70cf4250a9a68e153ff4c493,0.043,,,
4373,2026-09-11,SZ002600,-0.008257580219329201,EXP_LGBModel_Alpha158_csi300_custom_step0_s_20260911_19,ab8d18db70cf4250a9a68e153ff4c493,0.043,,,
4374,2026-09-11,SZ002602,-0.008111784315692875,EXP_LGBModel_Alpha158_csi300_custom_step0_s_20260911_19,ab8d18db70cf4250a9a68e153ff4c493,0.043,,,
4375,2026-09-11,SZ002625,-0.005644367466412249,EXP_LGBModel_Alpha158_csi300_custom_step0_s_20260911_19,ab8d18db70cf4250a9a68e153ff4c493,0.043,,,
4376,2026-09-11,SZ002648,-0.004342599017633845,EXP_LGBModel_Alpha158_csi300_custom_step0_s_20260911_19,ab8d18db70cf4250a9a68e153ff4c493,0.043,,,
4377,2026-09-11,SZ002709,-0.004449964968339219,EXP_LGBModel_Alpha158_csi300_custom_step0_s_20260911_19,ab8d18db70cf4250a9a68e153ff4c493,0.043,,,
4378,2026-09-11,SZ300251,-0.020426697434880133,EXP_LGBModel_Alpha158_csi300_custom_step0_s_20260911_19,ab8d18db70cf4250a9a68e153ff4c493,0.043,,,
4379,2026-09-11,SZ300124,-0.01924403217121475,EXP_LGBModel_Alpha158_csi300_custom_step0_s_20260911_19,ab8d18db70cf4250a9a68e153ff4c493,0.043,,,
4380,2026-09-11,SZ300122,-0.008475199206390366,EXP_LGBModel_Alpha158_csi300_custom_step0_s_20260911_19,ab8d18db70cf4250a9a68e153ff4c493,0.043,,,
4381,2026-09-11,SZ300059,-0.004672051779776585,EXP_LGBModel_Alpha158_csi300_custom_step0_s_20260911_19,ab8d18db70cf4250a9a68e153ff4c493,0.043,,,
4382,2026-09-11,SZ300033,-0.0160724968507306,EXP_LGBModel_Alpha158_csi300_custom_step0_s_20260911_19,ab8d18db70cf4250a9a68e153ff4c493,0.043,,,
4383,2026-09-11,SZ300015,0.0031499482680143595,EXP_LGBModel_Alpha158_csi300_custom_step0_s_20260911_19,ab8d18db70cf4250a9a68e153ff4c493,0.043,,,
4384,2026-09-11,SZ002353,0.037090173668126565,EXP_LGBModel_Alpha158_csi300_custom_step0_s_20260911_19,ab8d18db70cf4250a9a68e153ff4c493,0.043,,,
4385,2026-09-11,SZ300014,-0.005566597959125274,EXP_LGBModel_Alpha158_csi300_custom_step0_s_20260911_19,ab8d18db70cf4250a9a68e153ff4c493,0.043,,,
4386,2026-09-11,SZ002938,-0.014089609850360459,EXP_LGBModel_Alpha158_csi300_custom_step0_s_20260911_19,ab8d18db70cf4250a9a68e153ff4c493,0.043,,,
4387,2026-09-11,SZ002920,-0.0172244530719665,EXP_LGBModel_Alpha158_csi300_custom_step0_s_20260911_19,ab8d18db70cf4250a9a68e153ff4c493,0.043,,,
4388,2026-09-11,SZ002916,-0.010816995461581836,EXP_LGBModel_Alpha158_csi300_custom_step0_s_20260911_19,ab8d18db70cf4250a9a68e153ff4c493,0.043,,,
4389,2026-09-11,SZ002837,0.029017305872436526,EXP_LGBModel_Alpha158_csi300_custom_step0_s_20260911_19,ab8d18db70cf4250a9a68e153ff4c493,0.043,,,
4390,2026-09-11,SZ002736,3.0452969662881977e-10,EXP_LGBModel_Alpha158_csi300_custom_step0_s_20260911_19,ab8d18db70cf4250a9a68e153ff4c493,0.043,,,
4391,2026-09-11,SZ002714,-0.007002737115706021,EXP_LGBModel_Alpha158_csi300_custom_step0_s_20260911_19,ab8d18db70cf4250a9a68e153ff4c493,0.043,,,
4392,2026-09-11,SZ003816,0.011638874462261892,EXP_LGBModel_Alpha158_csi300_custom_step0_s_20260911_19,ab8d18db70cf4250a9a68e153ff4c493,0.043,,,
4393,2026-09-11,SZ300274,0.04250230557780304,EXP_LGBModel_Alpha158_csi300_custom_step0_s_20260911_19,ab8d18db70cf4250a9a68e153ff4c493,0.043,,,
4394,2026-09-11,SZ002352,-0.0002717573957971174,EXP_LGBModel_Alpha158_csi300_custom_step0_s_20260911_19,ab8d18db70cf4250a9a68e153ff4c493,0.043,,,
4395,2026-09-11,SZ002304,0.0031499482680143595,EXP_LGBModel_Alpha158_csi300_custom_step0_s_20260911_19,ab8d18db70cf4250a9a68e153ff4c493,0.043,,,
4396,2026-09-11,SZ000657,0.02400812340604396,EXP_LGBModel_Alpha158_csi300_custom_step0_s_20260911_19,ab8d18db70cf4250a9a68e153ff4c493,0.043,,,
4397,2026-09-11,SZ000708,0.0009982159586996101,EXP_LGBModel_Alpha158_csi300_custom_step0_s_20260911_19,ab8d18db70cf4250a9a68e153ff4c493,0.043,,,
4398,2026-09-11,SZ000725,-0.010584948621877192,EXP_LGBModel_Alpha158_csi300_custom_step0_s_20260911_19,ab8d18db70cf4250a9a68e153ff4c493,0.043,,,
4399,2026-09-11,SZ000768,-0.007796361766376511,EXP_LGBModel_Alpha158_csi300_custom_step0_s_20260911_19,ab8d18db70cf4250a9a68e153ff4c493,0.043,,,
4400,2026-09-11,SZ000776,-0.013482548888618499,EXP_LGBModel_Alpha158_csi300_custom_step0_s_20260911_19,ab8d18db70cf4250a9a68e153ff4c493,0.043,,,
4401,2026-09-11,SZ000792,-0.011582206949260786,EXP_LGBModel_Alpha158_csi300_custom_step0_s_20260911_19,ab8d18db70cf4250a9a68e153ff4c493,0.043,,,
4402,2026-09-11,SZ000807,-0.006717215564635904,EXP_LGBModel_Alpha158_csi300_custom_step0_s_20260911_19,ab8d18db70cf4250a9a68e153ff4c493,0.043,,,
4403,2026-09-11,SZ000858,0.007008303475328192,EXP_LGBModel_Alpha158_csi300_custom_step0_s_20260911_19,ab8d18db70cf4250a9a68e153ff4c493,0.043,,,
4404,2026-09-11,SZ000895,-0.003619803520825588,EXP_LGBModel_Alpha158_csi300_custom_step0_s_20260911_19,ab8d18db70cf4250a9a68e153ff4c493,0.043,,,
4405,2026-09-11,SZ000938,-0.013373938318484106,EXP_LGBModel_Alpha158_csi300_custom_step0_s_20260911_19,ab8d18db70cf4250a9a68e153ff4c493,0.043,,,
4406,2026-09-11,SZ000963,-0.0018641308829037294,EXP_LGBModel_Alpha158_csi300_custom_step0_s_20260911_19,ab8d18db70cf4250a9a68e153ff4c493,0.043,,,
4407,2026-09-11,SZ000975,3.0452969662881977e-10,EXP_LGBModel_Alpha158_csi300_custom_step0_s_20260911_19,ab8d18db70cf4250a9a68e153ff4c493,0.043,,,
4408,2026-09-11,SZ000977,-0.0172244530719665,EXP_LGBModel_Alpha158_csi300_custom_step0_s_20260911_19,ab8d18db70cf4250a9a68e153ff4c493,0.043,,,
4409,2026-09-11,SZ000988,-0.015507205890366204,EXP_LGBModel_Alpha158_csi300_custom_step0_s_20260911_19,ab8d18db70cf4250a9a68e153ff4c493,0.043,,,
4410,2026-09-11,SZ000999,0.010119844843766674,EXP_LGBModel_Alpha158_csi300_custom_step0_s_20260911_19,ab8d18db70cf4250a9a68e153ff4c493,0.043,,,
4411,2026-09-11,SZ001280,-0.005079946634166115,EXP_LGBModel_Alpha158_csi300_custom_step0_s_20260911_19,ab8d18db70cf4250a9a68e153ff4c493,0.043,,,
4412,2026-09-11,SZ001391,0.0021045011565656094,EXP_LGBModel_Alpha158_csi300_custom_step0_s_20260911_19,ab8d18db70cf4250a9a68e153ff4c493,0.043,,,
4413,2026-09-11,SZ002241,-0.015504440166391117,EXP_LGBModel_Alpha158_csi300_custom_step0_s_20260911_19,ab8d18db70cf4250a9a68e153ff4c493,0.043,,,
4414,2026-09-11,SZ002236,3.0452969662881977e-10,EXP_LGBModel_Alpha158_csi300_custom_step0_s_20260911_19,ab8d18db70cf4250a9a68e153ff4c493,0.043,,,
4415,2026-09-11,SZ002230,0.004689759057104408,EXP_LGBModel_Alpha158_csi300_custom_step0_s_20260911_19,ab8d18db70cf4250a9a68e153ff4c493,0.043,,,
4416,2026-09-11,SZ002202,-0.0045697423987713925,EXP_LGBModel_Alpha158_csi300_custom_step0_s_20260911_19,ab8d18db70cf4250a9a68e153ff4c493,0.043,,,
4417,2026-09-11,SZ002179,-0.002741737209762337,EXP_LGBModel_Alpha158_csi300_custom_step0_s_20260911_19,ab8d18db70cf4250a9a68e153ff4c493,0.043,,,
4418,2026-09-11,SZ002142,0.0017537111561367717,EXP_LGBModel_Alpha158_csi300_custom_step0_s_20260911_19,ab8d18db70cf4250a9a68e153ff4c493,0.043,,,
4419,2026-09-11,SZ002311,-0.0021412917073971357,EXP_LGBModel_Alpha158_csi300_custom_step0_s_20260911_19,ab8d18db70cf4250a9a68e153ff4c493,0.043,,,
4420,2026-09-11,SZ002074,-0.011233587700286572,EXP_LGBModel_Alpha158_csi300_custom_step0_s_20260911_19,ab8d18db70cf4250a9a68e153ff4c493,0.043,,,
4421,2026-09-11,SZ002049,-0.010378321694380601,EXP_LGBModel_Alpha158_csi300_custom_step0_s_20260911_19,ab8d18db70cf4250a9a68e153ff4c493,0.043,,,
4422,2026-09-11,SZ002028,0.02686714943136153,EXP_LGBModel_Alpha158_csi300_custom_step0_s_20260911_19,ab8d18db70cf4250a9a68e153ff4c493,0.043,,,
4423,2026-09-11,SZ002027,0.007008303475328192,EXP_LGBModel_Alpha158_csi300_custom_step0_s_20260911_19,ab8d18db70cf4250a9a68e153ff4c493,0.043,,,
4424,2026-09-11,SZ002001,0.000896002911177185,EXP_LGBModel_Alpha158_csi300_custom_step0_s_20260911_19,ab8d18db70cf4250a9a68e153ff4c493,0.043,,,
4425,2026-09-11,SZ001979,-0.0035882573194840443,EXP_LGBModel_Alpha158_csi300_custom_step0_s_20260911_19,ab8d18db70cf4250a9a68e153ff4c493,0.043,,,
4426,2026-09-11,SZ001965,0.014772863072644412,EXP_LGBModel_Alpha158_csi300_custom_step0_s_20260911_19,ab8d18db70cf4250a9a68e153ff4c493,0.043,,,
4427,2026-09-11,SZ002050,0.0002403699691321834,EXP_LGBModel_Alpha158_csi300_custom_step0_s_20260911_19,ab8d18db70cf4250a9a68e153ff4c493,0.043,,,
4428,2026-09-11,SZ300308,-0.013194106511032302,EXP_LGBModel_Alpha158_csi300_custom_step0_s_20260911_19,ab8d18db70cf4250a9a68e153ff4c493,0.043,,,
4429,2026-09-11,SZ300316,-0.0033809881773076865,EXP_LGBModel_Alpha158_csi300_custom_step0_s_20260911_19,ab8d18db70cf4250a9a68e153ff4c493,0.043,,,
4430,2026-09-11,SZ300394,0.014101220185077331,EXP_LGBModel_Alpha158_csi300_custom_step0_s_20260911_19,ab8d18db70cf4250a9a68e153ff4c493,0.043,,,
4431,2026-09-11,SH600029,0.03768364027345847,EXP_DEnsembleModel_Alpha158_csi300_custom_step0_s_20260911_16,6c9cafb99e3645ccb7f124e1db9b22d7,0.094,,,
4432,2026-09-11,SH600030,0.040311090023896455,EXP_DEnsembleModel_Alpha158_csi300_custom_step0_s_20260911_16,6c9cafb99e3645ccb7f124e1db9b22d7,0.094,,,
4433,2026-09-11,SH600031,0.03560540593848398,EXP_DEnsembleModel_Alpha158_csi300_custom_step0_s_20260911_16,6c9cafb99e3645ccb7f124e1db9b22d7,0.094,,,
4434,2026-09-11,SH600036,0.06878206860047997,EXP_DEnsembleModel_Alpha158_csi300_custom_step0_s_20260911_16,6c9cafb99e3645ccb7f124e1db9b22d7,0.094,,,
4435,2026-09-11,SH600039,0.0687787119738412,EXP_DEnsembleModel_Alpha158_csi300_custom_step0_s_20260911_16,6c9cafb99e3645ccb7f124e1db9b22d7,0.094,,,
4436,2026-09-11,SH600048,0.00798412976456259,EXP_DEnsembleModel_Alpha158_csi300_custom_step0_s_20260911_16,6c9cafb99e3645ccb7f124e1db9b22d7,0.094,,,
4437,2026-09-11,SH600050,0.07620195449038046,EXP_DEnsembleModel_Alpha158_csi300_custom_step0_s_20260911_16,6c9cafb99e3645ccb7f124e1db9b22d7,0.094,,,
4438,2026-09-11,SH600061,0.03789374567452352,EXP_DEnsembleModel_Alpha158_csi300_custom_step0_s_20260911_16,6c9cafb99e3645ccb7f124e1db9b22d7,0.094,,,
4439,2026-09-11,SH600066,-0.050703026068360954,EXP_DEnsembleModel_Alpha158_csi300_custom_step0_s_20260911_16,6c9cafb99e3645ccb7f124e1db9b22d7,0.094,,,
4440,2026-09-11,SH600085,0.08201106463675778,EXP_DEnsembleModel_Alpha158_csi300_custom_step0_s_20260911_16,6c9cafb99e3645ccb7f124e1db9b22d7,0.094,,,
4441,2026-09-11,SH600089,-0.01781825296983692,EXP_DEnsembleModel_Alpha158_csi300_custom_step0_s_20260911_16,6c9cafb99e3645ccb7f124e1db9b22d7,0.094,,,
4442,2026-09-11,SH600104,0.22016123192051915,EXP_DEnsembleModel_Alpha158_csi300_custom_step0_s_20260911_16,6c9cafb99e3645ccb7f124e1db9b22d7,0.094,,,
4443,2026-09-11,SH600111,-0.038707361213157467,EXP_DEnsembleModel_Alpha158_csi300_custom_step0_s_20260911_16,6c9cafb99e3645ccb7f124e1db9b22d7,0.094,,,
4444,2026-09-11,SH600115,0.03408059448121758,EXP_DEnsembleModel_Alpha158_csi300_custom_step0_s_20260911_16,6c9cafb99e3645ccb7f124e1db9b22d7,0.094,,,
4445,2026-09-11,SH600118,-0.030975074517982565,EXP_DEnsembleModel_Alpha158_csi300_custom_step0_s_20260911_16,6c9cafb99e3645ccb7f124e1db9b22d7,0.094,,,
4446,2026-09-11,SH600150,0.03868267603760339,EXP_DEnsembleModel_Alpha158_csi300_custom_step0_s_20260911_16,6c9cafb99e3645ccb7f124e1db9b22d7,0.094,,,
4447,2026-09-11,SH600160,-0.07053070641958299,EXP_DEnsembleModel_Alpha158_csi300_custom_step0_s_20260911_16,6c9cafb99e3645ccb7f124e1db9b22d7,0.094,,,
4448,2026-09-11,SH600415,-0.10209904197618193,EXP_DEnsembleModel_Alpha158_csi300_custom_step0_s_20260911_16,6c9cafb99e3645ccb7f124e1db9b22d7,0.094,,,
4449,2026-09-11,SH600406,0.06590501157842532,EXP_DEnsembleModel_Alpha158_csi300_custom_step0_s_20260911_16,6c9cafb99e3645ccb7f124e1db9b22d7,0.094,,,
4450,2026-09-11,SH600372,0.059787158513557995,EXP_DEnsembleModel_Alpha158_csi300_custom_step0_s_20260911_16,6c9cafb99e3645ccb7f124e1db9b22d7,0.094,,,
4451,2026-09-11,SH600362,-0.07715457022510717,EXP_DEnsembleModel_Alpha158_csi300_custom_step0_s_20260911_16,6c9cafb99e3645ccb7f124e1db9b22d7,0.094,,,
4452,2026-09-11,SH600346,-0.10646624866542535,EXP_DEnsembleModel_Alpha158_csi300_custom_step0_s_20260911_16,6c9cafb99e3645ccb7f124e1db9b22d7,0.094,,,
4453,2026-09-11,SH600309,0.038353050743280194,EXP_DEnsembleModel_Alpha158_csi300_custom_step0_s_20260911_16,6c9cafb99e3645ccb7f124e1db9b22d7,0.094,,,
4454,2026-09-11,SH600028,0.03579711892823303,EXP_DEnsembleModel_Alpha158_csi300_custom_step0_s_20260911_16,6c9cafb99e3645ccb7f124e1db9b22d7,0.094,,,
4455,2026-09-11,SH600276,0.1372168878134689,EXP_DEnsembleModel_Alpha158_csi300_custom_step0_s_20260911_16,6c9cafb99e3645ccb7f124e1db9b22d7,0.094,,,
4456,2026-09-11,SH600221,0.0642656975617959,EXP_DEnsembleModel_Alpha158_csi300_custom_step0_s_20260911_16,6c9cafb99e3645ccb7f124e1db9b22d7,0.094,,,
4457,2026-09-11,SH600219,0.01242731830345539,EXP_DEnsembleModel_Alpha158_csi300_custom_step0_s_20260911_16,6c9cafb99e3645ccb7f124e1db9b22d7,0.094,,,
4458,2026-09-11,SH600196,-0.012758044431489254,EXP_DEnsembleModel_Alpha158_csi300_custom_step0_s_20260911_16,6c9cafb99e3645ccb7f124e1db9b22d7,0.094,,,
4459,2026-09-11,SH600188,-0.1242417710875856,EXP_DEnsembleModel_Alpha158_csi300_custom_step0_s_20260911_16,6c9cafb99e3645ccb7f124e1db9b22d7,0.094,,,
4460,2026-09-11,SH600183,-0.18501321555149947,EXP_DEnsembleModel_Alpha158_csi300_custom_step0_s_20260911_16,6c9cafb99e3645ccb7f124e1db9b22d7,0.094,,,
4461,2026-09-11,SH600176,-0.09440705439531277,EXP_DEnsembleModel_Alpha158_csi300_custom_step0_s_20260911_16,6c9cafb99e3645ccb7f124e1db9b22d7,0.094,,,
4462,2026-09-11,SH600233,-0.0806121071549881,EXP_DEnsembleModel_Alpha158_csi300_custom_step0_s_20260911_16,6c9cafb99e3645ccb7f124e1db9b22d7,0.094,,,
4463,2026-09-11,SH600027,0.006185458921384721,EXP_DEnsembleModel_Alpha158_csi300_custom_step0_s_20260911_16,6c9cafb99e3645ccb7f124e1db9b22d7,0.094,,,
4464,2026-09-11,SH600026,-0.1029901419360597,EXP_DEnsembleModel_Alpha158_csi300_custom_step0_s_20260911_16,6c9cafb99e3645ccb7f124e1db9b22d7,0.094,,,
4465,2026-09-11,SH600025,0.07060944912877846,EXP_DEnsembleModel_Alpha158_csi300_custom_step0_s_20260911_16,6c9cafb99e3645ccb7f124e1db9b22d7,0.094,,,
4466,2026-09-11,SZ300803,-0.0189257532768294,EXP_LGBModel_Alpha158_csi300_custom_step0_s_20260911_19,ab8d18db70cf4250a9a68e153ff4c493,0.043,,,
4467,2026-09-11,SZ300760,0.004662595315165602,EXP_LGBModel_Alpha158_csi300_custom_step0_s_20260911_19,ab8d18db70cf4250a9a68e153ff4c493,0.043,,,
4468,2026-09-11,SZ300750,-0.004147486554683464,EXP_LGBModel_Alpha158_csi300_custom_step0_s_20260911_19,ab8d18db70cf4250a9a68e153ff4c493,0.043,,,
4469,2026-09-11,SZ300661,-0.014166508546108417,EXP_LGBModel_Alpha158_csi300_custom_step0_s_20260911_19,ab8d18db70cf4250a9a68e153ff4c493,0.043,,,
4470,2026-09-11,SZ300628,0.00010100677743736985,EXP_LGBModel_Alpha158_csi300_custom_step0_s_20260911_19,ab8d18db70cf4250a9a68e153ff4c493,0.043,,,
4471,2026-09-11,SZ300502,-0.00886108233527357,EXP_LGBModel_Alpha158_csi300_custom_step0_s_20260911_19,ab8d18db70cf4250a9a68e153ff4c493,0.043,,,
4472,2026-09-11,SZ300832,-0.009908380564227982,EXP_LGBModel_Alpha158_csi300_custom_step0_s_20260911_19,ab8d18db70cf4250a9a68e153ff4c493,0.043,,,
4473,2026-09-11,SZ300498,0.0003299735889004201,EXP_LGBModel_Alpha158_csi300_custom_step0_s_20260911_19,ab8d18db70cf4250a9a68e153ff4c493,0.043,,,
4474,2026-09-11,SZ300450,-0.00730322139443802,EXP_LGBModel_Alpha158_csi300_custom_step0_s_20260911_19,ab8d18db70cf4250a9a68e153ff4c493,0.043,,,
4475,2026-09-11,SZ300442,-0.012252655847674893,EXP_LGBModel_Alpha158_csi300_custom_step0_s_20260911_19,ab8d18db70cf4250a9a68e153ff4c493,0.043,,,
4476,2026-09-11,SZ300433,-0.007146181752581239,EXP_LGBModel_Alpha158_csi300_custom_step0_s_20260911_19,ab8d18db70cf4250a9a68e153ff4c493,0.043,,,
4477,2026-09-11,SZ300418,-0.020426697434880133,EXP_LGBModel_Alpha158_csi300_custom_step0_s_20260911_19,ab8d18db70cf4250a9a68e153ff4c493,0.043,,,
4478,2026-09-11,SZ300413,0.034429437782113,EXP_LGBModel_Alpha158_csi300_custom_step0_s_20260911_19,ab8d18db70cf4250a9a68e153ff4c493,0.043,,,
4479,2026-09-11,SZ300408,4.6437679562593565e-05,EXP_LGBModel_Alpha158_csi300_custom_step0_s_20260911_19,ab8d18db70cf4250a9a68e153ff4c493,0.043,,,
4480,2026-09-11,SZ300476,0.03171973635708048,EXP_LGBModel_Alpha158_csi300_custom_step0_s_20260911_19,ab8d18db70cf4250a9a68e153ff4c493,0.043,,,
4481,2026-09-11,SH600436,0.014940274589065782,EXP_DEnsembleModel_Alpha158_csi300_custom_step0_s_20260911_16,6c9cafb99e3645ccb7f124e1db9b22d7,0.094,,,
4482,2026-09-11,SZ300866,-0.01159763655176184,EXP_LGBModel_Alpha158_csi300_custom_step0_s_20260911_19,ab8d18db70cf4250a9a68e153ff4c493,0.043,,,
4483,2026-09-11,SZ300999,-0.0057601950576395885,EXP_LGBModel_Alpha158_csi300_custom_step0_s_20260911_19,ab8d18db70cf4250a9a68e153ff4c493,0.043,,,
4484,2026-09-11,SH600023,0.0681566688796041,EXP_DEnsembleModel_Alpha158_csi300_custom_step0_s_20260911_16,6c9cafb99e3645ccb7f124e1db9b22d7,0.094,,,
4485,2026-09-11,SH600019,0.10732349696567058,EXP_DEnsembleModel_Alpha158_csi300_custom_step0_s_20260911_16,6c9cafb99e3645ccb7f124e1db9b22d7,0.094,,,
4486,2026-09-11,SH600018,0.06528987720380948,EXP_DEnsembleModel_Alpha158_csi300_custom_step0_s_20260911_16,6c9cafb99e3645ccb7f124e1db9b22d7,0.094,,,
4487,2026-09-11,SH600016,0.1525242637770899,EXP_DEnsembleModel_Alpha158_csi300_custom_step0_s_20260911_16,6c9cafb99e3645ccb7f124e1db9b22d7,0.094,,,
4488,2026-09-11,SH600015,0.08692731109316355,EXP_DEnsembleModel_Alpha158_csi300_custom_step0_s_20260911_16,6c9cafb99e3645ccb7f124e1db9b22d7,0.094,,,
4489,2026-09-11,SH600011,-0.043871926686359794,EXP_DEnsembleModel_Alpha158_csi300_custom_step0_s_20260911_16,6c9cafb99e3645ccb7f124e1db9b22d7,0.094,,,
4490,2026-09-11,SZ300896,-0.0189257532768294,EXP_LGBModel_Alpha158_csi300_custom_step0_s_20260911_19,ab8d18db70cf4250a9a68e153ff4c493,0.043,,,
4491,2026-09-11,SH600010,0.0010629220113231052,EXP_DEnsembleModel_Alpha158_csi300_custom_step0_s_20260911_16,6c9cafb99e3645ccb7f124e1db9b22d7,0.094,,,
4492,2026-09-11,SH600000,0.057831646166660575,EXP_DEnsembleModel_Alpha158_csi300_custom_step0_s_20260911_16,6c9cafb99e3645ccb7f124e1db9b22d7,0.094,,,
4493,2026-09-11,SZ302132,-0.012382636781797421,EXP_LGBModel_Alpha158_csi300_custom_step0_s_20260911_19,ab8d18db70cf4250a9a68e153ff4c493,0.043,,,
4494,2026-09-11,SZ301308,-0.008865490072536206,EXP_LGBModel_Alpha158_csi300_custom_step0_s_20260911_19,ab8d18db70cf4250a9a68e153ff4c493,0.043,,,
4495,2026-09-11,SZ301269,-0.0189257532768294,EXP_LGBModel_Alpha158_csi300_custom_step0_s_20260911_19,ab8d18db70cf4250a9a68e153ff4c493,0.043,,,
4496,2026-09-11,SZ301236,-0.012304961527452574,EXP_LGBModel_Alpha158_csi300_custom_step0_s_20260911_19,ab8d18db70cf4250a9a68e153ff4c493,0.043,,,
4497,2026-09-11,SZ301165,0.009861769696641213,EXP_LGBModel_Alpha158_csi300_custom_step0_s_20260911_19,ab8d18db70cf4250a9a68e153ff4c493,0.043,,,
4498,2026-09-11,SH600009,0.07581632820752478,EXP_DEnsembleModel_Alpha158_csi300_custom_step0_s_20260911_16,6c9cafb99e3645ccb7f124e1db9b22d7,0.094,,,
4499,2026-09-11,SZ302132,-0.03196942061185837,EXP_XGBModel_Alpha158_csi300_custom_step0_s_20260911_16,798d0a1909cb4658bfea592e4137ef05,0.032,,,
